"gene","rank_metric"
"IGLV3-19",253.821115651725
"DDX3Y",247.351023991332
"IGLV3-25",207.027336154713
"IGHV3-15",198.137674434338
"IGHV4-59",138.218219018531
"SERPINA1",137.32812001919
"RPS4Y1",133.30148804845
"USP9Y",128.537917994603
"IGHV3-64",121.801443303844
"IGLV2-11",119.679525428459
"IGLV3-10",115.461164893082
"IGLC2",114.615438283197
"IGHV3-20",114.226529734028
"ANKRD55",113.951895634999
"IGHA1",109.77351764779
"IGKV2-30",102.923135007015
"SMIM43",102.806672648159
"EIF1AY",100.396250604481
"HLA-U",100.053771321976
"IGHV3-43",95.4532899213251
"UTY",91.2787298681813
"RAB20",85.6363729243173
"IL1R2",85.611985175596
"PPL",84.6569862921766
"IGLV8-61",84.4616071017215
"FLVCR2",84.3719565776523
"MIEF2",84.3620622021944
"ZNF343",82.8747950103138
"DMTN",80.4966780136477
"HLA-B",80.3132757574893
"CFL1",79.8710228021221
"STOML1",79.6955006518992
"FNDC4",79.5233712890693
"TTTY14",78.3911830275924
"DTWD2",76.777732084046
"KDM5D",75.4271772448071
"CRMP1",75.0233557347518
"IGKJ1",74.9400063683859
"DLL1",72.9633668554934
"HLA-DOA",71.761082437449
"IDO1",71.1457666703874
"ZKSCAN4",70.7886872696816
"ELAC1",70.1952380623257
"TRBV15",70.1162988037182
"HUS1B",69.8098606224242
"FNDC10",69.6199677583834
"RBM47",69.61584981833
"ZFY",68.6265231423089
"ZNF180",68.6255102452076
"SNX33",67.6915599154357
"RHPN1",67.2644643604902
"TRPV1",67.0049667265458
"FCGR2A",66.9203303769152
"MFSD3",66.6507747249056
"SSPN",66.6327990447999
"SIPA1L2",66.2809039407478
"IGHD3-3",66.0666205968977
"CD177",65.8254226338102
"FBXW8",65.5329934278131
"TRBV24-1",65.5116213424372
"CDO1",65.3917966510608
"TRAV26-2",65.3034135258816
"TSSK6",63.7021650144928
"PDE1B",63.3510628877107
"C19orf44",62.9458375748418
"ZBTB22",62.9451658111227
"ATG4A",62.8496707038729
"RB1-DT",62.8237203519779
"GALR2",62.8201156847957
"PROK2",62.6549494979471
"ASB15",62.1892798740769
"TSSK4",61.4704282572983
"C17orf107",60.6015514470766
"TRAV38-1",59.8073725552047
"ADGRG3",59.7734508614621
"FOXP1-IT1",59.5940497622135
"REEP2",59.2378139267967
"TMEM199",59.0857109888856
"VSIG4",58.4670478285263
"H2BC18",58.0939778624802
"ACER1",57.8492984932914
"OR4F3",57.8452869920968
"USP13",57.6401116010013
"ZNF785",56.7985486982748
"TXNDC5",56.5519061912251
"LRRC61",56.4555237996561
"WIZ",56.1660645886959
"LARGE2",55.8358129180577
"NBR2",55.7645670520308
"PARP3",55.6851476353551
"SPIN2B",55.3982012854229
"VPREB3",55.151309289194
"ST7",55.1425643835323
"BRD7P3",55.1110185146317
"FBP1",54.9594800737159
"ZNF595",54.9192783809147
"FCER2",54.8725888759714
"SENCR",54.8210757185476
"ZNF174",54.8107082565778
"ARSD-AS1",54.609137565584
"KCNK1",54.5632197797848
"MID2",54.2940337274852
"C1QC",54.2792128628231
"CERS6",54.276574699251
"ITGA11",54.1974804243718
"KLHL3",53.8685837019715
"TM6SF1",53.7499290029992
"ACTRT3",53.4178465964874
"COL23A1",53.3282729322735
"ZNF782",53.2639344813219
"GAPDHP2",53.0399699205321
"F11R",52.7371781606885
"ZNF565",52.1686692718562
"SIGLEC14",51.9082304317243
"FGF9",51.7142988797552
"SMIM35",51.5675230232408
"CEACAM6",51.3763051634314
"SUGT1-DT",51.1752578808749
"TNFAIP2",51.0769325023634
"BFSP2",51.0631711206799
"ASCL1",51.0425506073068
"GPR4",50.8724678966271
"TRAV41",50.8146275996083
"CEP83-DT",50.6167026763921
"GPR31",50.5816061120485
"SLC22A14",50.5512438010233
"ADCY9",50.4976596612079
"HHAT",50.291766336636
"PLA2G4A",50.28466329342
"ILDR1",50.2111577343364
"SLFNL1",49.9556478510785
"CCL13",49.6803886948112
"ARL5C",49.5698316001615
"NAA40",49.2365797745166
"WNT5B",49.0654833283631
"LINC01560",48.9834905225293
"SLC30A4",48.8129413988073
"PGF",48.7366363007849
"IGHA2",48.5451382494133
"TMPRSS9",48.5399490680893
"LRG1",48.251716400351
"CDK14",48.2244665735086
"ATP6V0A4",48.0938107103944
"CYP2U1",48.0893987316467
"FAM215B",48.0476194552927
"C16orf96",48.0450884215399
"LRRC23",47.9913335153344
"NCCRP1",47.7517387841203
"FAM20A",47.6690667424726
"CGN",47.6287551741558
"OVOL1",47.6032975130691
"LINC00355",47.335127049602
"METTL24",47.2851742767962
"SEMA4A",47.2511766889048
"CTXND1",47.1390537718672
"IGHJ6",46.9727144719743
"MAPK11",46.6352308151849
"IL1RN",46.5935790784902
"HLA-A",46.5856565170863
"EFNA5",46.2825031209949
"RPL23AP34",46.2633486972219
"RPL9P29",46.144567179253
"MTCYBP14",46.1388294950809
"LINC01962",45.9458697858646
"CTU1",45.9222696345957
"MAGIX",45.918193782168
"TPSAB1",45.6976356817701
"CD300C",45.2806433646961
"MEGF8",45.2183907850049
"ODCP",45.1757641921391
"ST6GALNAC6",45.1279246460063
"MC1R",45.101560916924
"CTPS2",44.9752506043798
"IGLV2-8",44.8617012060844
"CR2",44.7016971094597
"CADM1-AS1",44.6131643841781
"NUAK2",44.5219686025727
"ANKEF1",44.5065305009891
"HROB",44.4850195508342
"RN7SKP282",44.4003645260178
"OR2W6P",44.3764329770353
"DHX58",44.3744750330221
"BTNL9",44.3553044121141
"FAM234B",44.3026070842174
"CICP14",44.2388525929787
"TKTL2",44.1594245365239
"LINC02035",44.0669604173299
"FDPSP4",43.994400143082
"MFSD2A",43.9442040164431
"ALDH3A1",43.9145347737011
"KIR3DL2",43.89461133718
"JUND",43.8405140577202
"TRH",43.758365114644
"ACTL10",43.750131537782
"CD86",43.6413459824252
"C2orf15",43.477957663937
"SCAMP1-AS1",43.4721367035321
"FOSL1P1",43.4697497329499
"TEX9",43.4463622778069
"CRACDL",43.420506436401
"ZBTB7B",43.3897090719937
"ZCCHC18",43.1474131256474
"NPTN-IT1",43.1445786835545
"MFSD12-AS1",42.9779839598189
"PLEKHM3",42.9020238622998
"RN7SL16P",42.8833378520162
"UBE2SP2",42.7854482776443
"TIGD2",42.7640248004576
"CD180",42.7315385837873
"ADAP1",42.7259172753669
"PLEKHA3P1",42.5327894911763
"INSR",42.4391805678354
"MCM3AP",42.4295865604019
"ABHD4",42.4249171957232
"GIHCG",42.3680909331567
"COBLL1",42.3159445927247
"DENND2C",42.1431116717818
"GPR180",41.9445873659248
"JADE3",41.9096159525977
"ITPK1P1",41.8788957511315
"PRKAR1B-AS1",41.8484444405668
"FAM89A",41.8326724819005
"DDIAS",41.813980591975
"SIGLEC10",41.7974635531372
"CNKSR1",41.7128241204767
"ASB13",41.5889450872894
"MATCAP1",41.5547438390465
"LDLRAD3",41.5256647012733
"PDK4",41.4701108292937
"PDLIM4",41.4644664261982
"RPL4P1",41.4215072389086
"ADCY4",41.3942927665482
"PHF24",41.315677753054
"TNFRSF11B",41.3132593201929
"OR4F2P",41.3112170597172
"ADAMDEC1",41.2190575799292
"CA3-AS1",41.1079909799847
"CLIC2",40.9500780708756
"PRPF19-DT",40.7468681992328
"FZD6",40.7190631866908
"ROBO3",40.7182201252723
"CHRNA5",40.6916605242548
"CCDC87",40.6406573973793
"ETFBKMT",40.5420109461896
"H4C12",40.4773757853689
"KDF1",40.4350528571948
"MACC1",40.4185480103415
"HSD3B7",40.3736509842091
"CH25H",40.286321114305
"ZNF283",40.281804255981
"POC1A",40.1584640485404
"STARD9",40.1132437819071
"DNAH1",40.0787087388909
"TIGD3",40.0063679175394
"BCAR3",39.9089941829669
"ARMCX1",39.7331945981439
"TRBV10-2",39.712950148924
"TMEM108",39.5182838403675
"CETP",39.5116326831896
"PRSS16",39.4368483100069
"GPR160P1",39.4162820844961
"PABPC1L",39.3877208463273
"FAM111B",39.3366975618197
"MEOX1",39.1188923005821
"JUNB",39.079921627631
"ATOSB",39.0746700803127
"HECTD2",39.0646425231632
"DIRAS2",39.0420377925805
"CEBPB-AS1",39.0291971930278
"RUNDC3B",39.0255032694083
"TBC1D10B",38.8905055700685
"PJVK",38.6621876754894
"UGT8",38.6599626685277
"BRDT",38.5676315326429
"ZNF768",38.5305336594342
"KMT5C",38.4695070857676
"KPTN",38.3966800486236
"RPL21P118",38.3560827095906
"INTS9",38.3275838644853
"SEMA4C",38.3225165738315
"SLC2A9-AS1",38.2883391812126
"CD36",38.2863612569002
"UTP3",38.2681468766054
"TDRKH",38.2346678819641
"LMLN-AS1",38.1853823767565
"PON3",38.1395982359794
"SDS",38.1358188090408
"OPRL1",38.1306026003937
"DGCR11",37.9747283137923
"NECTIN2",37.9620028974619
"NCR3LG1",37.9472658942402
"MAPK12",37.8683446931493
"TRIM61",37.8606543366542
"SMAD1",37.7921899086771
"SHF",37.7820672299938
"RRAGD",37.6557353576902
"HNRNPA3P11",37.6095525336295
"GPR75",37.4782352639384
"SLC25A6P3",37.471725525197
"RPS2P53",37.453554879073
"PGBD4",37.4039673099518
"HOMER2P1",37.3403014047081
"S100A9",37.3007768644438
"MISP3",37.166576416673
"CEBPB",37.091880074104
"HMX3",36.9877215864244
"RN7SL442P",36.9539365280806
"RXFP4",36.907722401213
"EN2",36.8917260802018
"RPS3AP27",36.8527540372334
"EGR3",36.8271847581536
"SLC26A6",36.8011160155468
"RPL21P95",36.7701146708303
"HTRA4",36.7354529070886
"GPR37L1",36.7088759673504
"PCYT2",36.6297675200816
"FTCDNL1",36.6242368125614
"CCDC13-AS2",36.6167549672419
"CLEC17A",36.5797455433385
"LINC01507",36.3296647989368
"POMT1",36.2266842957304
"RABGAP1L-DT",36.2014155076754
"RBSN",36.169209574257
"ZNF670",36.1368516387069
"ZFP36",36.1095727361655
"CCNJP2",36.0097056638853
"PUS1",35.9608181687441
"LINC00930",35.9592522995219
"ABCC6",35.9491284313606
"PIP5K1C",35.9444996633457
"ZNF8",35.892916193689
"ZFP62",35.8667672484188
"SLC28A3",35.791359520165
"TGFA",35.7902971496755
"ZNF626",35.7010465572054
"IQCC",35.688099555647
"TRGV1",35.6677175840775
"FAM83F",35.6151815110356
"ACTG2",35.6120024208695
"DOK7",35.5908348849628
"RABGGTBP1",35.5781445395609
"TINAGL1",35.5762348181583
"DSG2",35.5479925641659
"CDC20-DT",35.4112965593795
"ARL11",35.376800757701
"EOLA1-DT",35.3300264692876
"RAD54L",35.2984600803009
"ECI1-AS1",35.289175572409
"NBEAL2",35.2526239896292
"RNA5SP151",35.2469763309817
"DUX4L50",35.2446425625427
"INTS15",35.2401021244895
"NSA2P6",35.1797077871705
"RAB40C",35.1389286545581
"TRPM2",35.1197035358932
"GAPT",35.1016209202129
"NUP50-DT",35.0429793338014
"TRBV6-8",34.9834536255455
"KLHL6-AS1",34.9555656742725
"RPL13AP6",34.8387386445823
"RPL29P14",34.7775779486492
"SPATA6L",34.7164635649507
"NAPSA",34.682483147789
"AMER3",34.6369679917725
"MYLK4",34.6313422710146
"IDO2",34.5827788651576
"LCDR",34.5537206366694
"BAIAP2L1",34.5297361120163
"CCDC146",34.4766558187949
"ANKRD53",34.4498864798922
"MYO1B",34.4454165314726
"C18orf15",34.381636082329
"NME9",34.3184691266119
"PICK1",34.237009428105
"FMO3",34.2151753699363
"SCUBE3",34.1893122479605
"SULT1B1",34.1877150716674
"KCNJ14",34.1001690326196
"EGLN2",34.0224964931887
"FAM241B",33.9935358495593
"ANKS3",33.8444306085784
"TMEM254-AS1",33.8337519849826
"ZFY-AS1",33.8187591179165
"SWINGN",33.7912766198801
"ENPP2",33.7350912555738
"ZNF839P1",33.6876214513635
"CERNA1",33.6654950273294
"CA10",33.6453296891856
"GALNT5",33.6412457366682
"CCR1",33.6242610543261
"DOCK8-AS1",33.4625986883908
"RHOD",33.4364631127868
"DECR2",33.3684396738172
"RPS23P1",33.3319443503845
"EFR3B",33.3229021038473
"LINC02312",33.3120046771947
"VMAC",33.1002479008048
"ZNF404",33.0383627594491
"DLX4",32.9887871760495
"SRMP3",32.9721552695949
"PTAFR",32.9643658289631
"KLHL11",32.9551640141865
"RPL21P27",32.9317900281477
"AGKP1",32.8191526926347
"LINC02315",32.8158725050846
"IL1R1-AS1",32.7990584479504
"APLP1",32.7739138460763
"RN7SL672P",32.6631378866378
"ZNF77",32.6579545222484
"PALS1",32.6516344727664
"PIR",32.6330299572854
"ISM2",32.5768811962523
"ANKHD1-DT",32.5441453231866
"MDH1B",32.5246909093742
"SV2A",32.4535625826356
"GAPDH-DT",32.4126629624662
"RAB38",32.3978782716603
"ALOX15",32.3738175985351
"SERBP1P3",32.31901581453
"SNHG9",32.313489128705
"ANXA9",32.2705814280191
"TAPT1-AS1",32.2470304922529
"TBX2",32.2416168498671
"CCDC61",32.2411494233995
"GPA33",32.2196233617294
"C13orf46",32.1474147180369
"C14orf93",32.1372866287048
"LRRC2-AS1",32.094720115181
"ZNF566-AS1",32.080107378186
"GALNT12",32.0711057393983
"MYCL-AS1",32.0710077279517
"RCC1L",32.0608524338469
"CTRC",31.9304148462637
"DPY19L3-DT",31.904341508182
"POGLUT3",31.8255512242475
"TLR10",31.8234440364542
"LINC00960",31.7649092979404
"EFCAB6-DT",31.6799827987024
"UNC93B1",31.6603094595988
"LRRC34",31.6134539598693
"ECE1-AS1",31.5667648249363
"RABL2A",31.5497862746332
"SP2",31.5191926145899
"HCFC1-AS1",31.5162931811663
"TRNP1",31.3869616099606
"STMN3",31.3690539399702
"MAP10",31.3618155794422
"RGMB",31.3546774175196
"WFS1",31.3544011267392
"IL12B",31.2692985077932
"MIR5190",31.268459163553
"C2CD4A",31.263369712457
"TRBV1",31.2163687956928
"IGHV3-64D",31.2077516793151
"MRPS18AP1",31.1804675330048
"BSPRY",31.1198616051343
"USP35",31.1146515089542
"C1QB",31.1008718871739
"FBXO41",31.0586622630913
"KCNH4",31.0171643815753
"KLF16",30.9951972175248
"NDNF",30.9889482701302
"GRB10",30.9668332542249
"SF3A3P2",30.9439527516184
"SYNM-AS1",30.8789428921957
"SHC4",30.8609525643848
"TRBV6-5",30.8391017161491
"PUS1-AS1",30.8045493445669
"KRT81",30.7883303471204
"AGAP1",30.7332804641718
"ANKRD33B",30.6422582611821
"INTS13",30.6417291701321
"CFAP70",30.6358570333748
"C1GALT1P1",30.5769831765468
"PARD6BP1",30.5588713247089
"ADAD1P1",30.4843713880012
"PARD3",30.3946770525559
"NTRK1",30.3727551152667
"GRK6P1",30.3564374600869
"HOMER3",30.3527602485433
"RABGAP1L-AS1",30.3433284521488
"CNR2",30.3356872972075
"DGAT2",30.3308803108063
"ITPK1",30.3022317699652
"MARK4",30.2649732038065
"LINC02967",30.2609839907328
"SGPP2",30.2464560424379
"KIF4CP",30.1863774614912
"MAGEB2",30.1633536799395
"RPS20P33",30.1541113615768
"ZNF577",30.1381628962411
"ROR1",30.0600040641943
"HNF1A",30.0561747964781
"EPHA2",30.0213396182347
"FOXI1",30.0201041308569
"CBARP",30.0141944962795
"ENPP7P10",29.9100717958371
"RNU6-260P",29.8660526800045
"PHKA2-AS1",29.8184873611021
"POLD1",29.7986823020954
"LHX4",29.787582313377
"TRIT1",29.7458908550156
"DHTKD1",29.7417936752539
"WDCP",29.7300501762911
"NAGLU",29.6556551738226
"PARM1",29.6033277077166
"NOD2",29.6019078074988
"PHAF1",29.5836955669605
"MNDA",29.581233681294
"IL20RB",29.5492421943357
"FRMD6-AS2",29.4681966824261
"LINC00612",29.383247903977
"FAM171A1",29.3062523834417
"SMAD1-AS2",29.2656595206145
"TMEM171",29.2389951746059
"ROM1",29.236266466856
"RPL7L1P12",29.1833175975794
"CCNE2",29.152866482557
"EEF1B2P7",29.1383031860553
"PXYLP1",29.1287783795871
"TUBB4A",29.0973064616151
"DOCK6-AS1",29.0720085058909
"KYNU",29.05196895709
"MCF2L-AS1",29.0496303147578
"KIT",29.0288710628859
"ZBED3",29.0269906443292
"FAM209A",29.0069163455297
"SLCO4A1",28.9811025950011
"GJC1",28.9784258172716
"CCDC74A",28.8545456052197
"FCGR1A",28.833218085936
"IRAK3",28.8289733431509
"LINC02332",28.8066638332879
"IGLC3",28.7972877906461
"WNT1",28.7968580771637
"JAK2",28.7511607923613
"FAM20C",28.7398936500887
"ZNF691",28.7281826125069
"DCLRE1A",28.6669591344781
"FDPSP3",28.6247793281043
"GNGT2",28.6147426118345
"TRIM72",28.53778003929
"LZTS1-AS1",28.5268687281168
"FAM85B",28.5251111169257
"GINS3",28.4870414244804
"SMCR8",28.4557797968944
"KCNG1",28.451513124468
"MINPP1",28.324263612872
"DZANK1",28.265259901093
"LINC02080",28.2410383958971
"DOK3",28.1253009524448
"GAPDHP60",28.1097111506902
"CEP131",28.1077680496015
"SYP",28.1052990848577
"GPR135",28.099918724994
"TCEANC2",28.061860611877
"DTL",28.0303100988879
"CLYBL",28.0246308545171
"LINC03082",27.8552873733852
"LRFN1",27.8280439689192
"H3C13",27.8177303577973
"MIRLET7IHG",27.8151327007739
"GHRL",27.780672789943
"CYP26C1-DT",27.770487533815
"RAB1AP1",27.7536124077265
"SNTA1",27.7281025599076
"KRT8P3",27.7250614815472
"POU5F1P4",27.7162013078691
"LINC02605",27.6949330445122
"PAQR3",27.6914683788198
"AMN1",27.6849696494257
"ZSCAN2",27.6129988971805
"ZNF492",27.5908087752292
"MED20",27.5843377055343
"EMP2",27.5554794401951
"MARK2P9",27.5013433187351
"MEIS3",27.386426421217
"TBX19",27.3634718969294
"MRTFB",27.3510626296125
"H4C1",27.295978199882
"MYOCOS",27.27566062708
"SNORA74C-2",27.2629985008882
"FLT3",27.120434574382
"THBS4-AS1",27.0636176795142
"PAN3-AS1",27.0138627702774
"CSF2RB",26.9740313174634
"SKA3",26.9482393137242
"C2orf74-AS1",26.9426019881682
"TMEM220",26.9262294424825
"TGFBR1P1",26.9224603307457
"ASAP2",26.9169222978701
"DOK4",26.8493116051305
"CFAP298-TCP10L",26.8406029301848
"GNB4",26.8249126810827
"H2AC11",26.8168515071785
"RASD2",26.8118685655829
"CCNJ",26.7838473035547
"RNU4-39P",26.7367304596495
"RUNX3-AS1",26.7206363078816
"IGLJ2",26.712063127162
"ANKRD22",26.7044552791437
"ACSS2",26.6872973341517
"MUC20",26.6289353599652
"PLD4",26.6085366716175
"ZIK1",26.6056232666986
"LINC02470",26.5914716589167
"ARPC1AP4",26.5869173241634
"TNFSF13B",26.5829475895134
"ACSF2",26.5758746252624
"LINC02576",26.563527288015
"IGLJ3",26.5114999148852
"INPP5E",26.4980428703667
"TRAV8-4",26.450638806514
"GCNT1",26.277872654065
"IMPA2",26.2446568260325
"SCAT1",26.2173788296334
"PHKA2",26.1806680434403
"ADM5",26.1274865530139
"IGFL2",26.1000138946081
"TNFSF11",26.0641742027538
"ZNF415P1",26.0602246909379
"SDCBP2",26.0302773933412
"RDH16",25.9342013763778
"GOLGA6L9",25.9067789413893
"FHDC1",25.8845161075551
"NHS",25.8321540208379
"RRAD",25.8211274509261
"TNFRSF13B",25.8049662323069
"NUDT9",25.7747429774542
"TM4SF1",25.7633566561871
"LINC01936",25.7551556454374
"LRP12",25.7067725982673
"FAM78B",25.6540566425972
"ZNF571",25.6251129039488
"POU2AF1",25.4890064996494
"CTNS",25.4682075275542
"ANKRD17-DT",25.3894559541318
"SPICE1",25.3569238388312
"RN7SL165P",25.3361692544042
"BMP6",25.3107064862313
"FUT8-AS1",25.2731459788661
"THBS4",25.1859656188366
"PAFAH1B3",25.1510602250751
"RTL6",25.1317469638447
"RALGPS2",25.1310856282082
"CASP7",25.1116241048032
"MED18",25.1035668709974
"ARC",25.0500275209782
"POU3F1",25.0419683970169
"MMRN1",24.9605728515579
"C17orf58",24.9509310693002
"ZNF217-AS1",24.9097595809458
"RN7SL630P",24.9073119238084
"SNORA22B",24.8630253553087
"DRAXIN",24.8551587315834
"C2orf66",24.8477815567752
"TOLLIP-DT",24.843110407947
"HCK",24.8050464107331
"RN7SL285P",24.7596548087608
"LINC00484",24.7439797189508
"KLB",24.7318191780728
"TNRC6B-DT",24.7169513946406
"LINC00161",24.7162787122913
"CCT4P2",24.6930963275299
"SEMA7A",24.6668956238314
"EXD3",24.6616161565121
"DLG4",24.6486762179143
"SEPTIN7P1",24.6292690544356
"ZNF365",24.5800960390963
"HOOK2",24.5641456188154
"ZNF658",24.5572395402149
"AURKA",24.5464281464764
"EBF1",24.5082801759994
"DNAAF3-AS1",24.501983789056
"C2orf88",24.4996456064354
"ATP6V0D1-DT",24.4699053577652
"KCNC4",24.457574067186
"TMEM217",24.4229045352795
"LDB2",24.4165166126439
"RPL29P16",24.4053529111726
"ZSCAN29",24.372110571725
"CELA2B",24.3580253810139
"ENKD1",24.3296211267256
"KCNK15-AS1",24.2993234693018
"ZNF517",24.2524939460033
"NUP153-AS1",24.2496530199615
"DNAAF10",24.2432963346815
"IGHV1-24",24.2423130880385
"CCDC90B-AS1",24.189475011971
"KCNH3",24.182363271532
"ZNF879",24.099763421264
"GPR150",24.0988116017848
"FAAH",24.0285572765559
"ASIC2",23.9650088736348
"NPR2",23.9619844244108
"PRAG1",23.8926882829355
"PNOC",23.8164398041058
"RPS15AP16",23.7737833262847
"KRTAP29-1",23.7367789308439
"TEX12",23.7276498089262
"FBXO40",23.7152055127671
"SMG8",23.6604178513647
"PCDHB2",23.6499304920827
"FGF2",23.6446303541938
"PLXNA4",23.6137578859095
"CD200R1",23.593902739717
"SHISAL2A",23.5636864169622
"PPP1R3F",23.5436898457065
"RPL21P89",23.529401101902
"TINCR",23.5201276416737
"ABR-AS1",23.4903183711811
"ZNF620",23.4385985976878
"C8orf82",23.4070669383253
"FITM1",23.385809648642
"CCNJL",23.3690972343405
"SHB",23.3631549539613
"STX18-AS1",23.3341317958611
"JAKMIP2",23.3280426475299
"HLA-DPA2",23.3279269300207
"LYNX1",23.3208422319727
"TRIM32",23.2950101823005
"RN7SKP78",23.2822769549451
"SEPTIN7P10",23.2799039674245
"SCRN1",23.2660248474227
"UBE2D3P2",23.2657603623437
"EBI3",23.2646674583924
"AJUBA-DT",23.2636780756006
"LARS2",23.1869833715676
"MAFA",23.1761298584718
"RBM14-RBM4",23.1754319291963
"MCM10",23.1669786712697
"SNAI1",23.1452889438226
"C16orf86",23.1345929863478
"CTSV",23.1025625340345
"APBB3",23.0948299188231
"RN7SL556P",23.0726092911112
"PTGES3L",23.0356842069205
"LIN7B",23.0039037967717
"UEVLD",22.9713620520871
"SLC9A9-AS2",22.9637146206688
"SAP18P3",22.9558742449249
"BTG1-DT",22.9375782618023
"MAP1A",22.8725980771285
"HVCN1",22.8677872640684
"ALDH8A1",22.8086709211325
"BRICD5",22.7822259845023
"SLC4A10",22.7310278040446
"ANKLE1",22.7206934185118
"APOM",22.6883920154427
"HAAO",22.6806893381673
"MTHFD1L",22.6521682201962
"SEZ6",22.6387205677365
"ADAM29",22.6115616153842
"DERL3",22.5616955928013
"NMNAT3",22.543186240508
"BACH1-IT2",22.5402553115182
"NAV2",22.5283797962103
"RN7SL172P",22.5206259430137
"LOH12CR2",22.5133428781967
"RASGRF2",22.4836953443874
"LGALS2",22.462906356882
"AMT",22.4610750983163
"NOL3",22.433156959093
"TDRD15",22.4311445082843
"NLRP14",22.421011127451
"TNFRSF8",22.4123100719983
"CALM2P2",22.3894668386632
"CLEC4D",22.3511274319396
"SUV39H2",22.3009086720127
"SLC25A1P5",22.2982423995739
"PSRC1",22.2962792688456
"C3orf20",22.2653750197585
"DEPP1",22.2647397563906
"NIPAL2",22.2588047494595
"PTPDC1",22.2587203687186
"C6orf52",22.1986692269758
"CELSR3",22.1669146246321
"CHST15",22.1557416235527
"FAM222A",22.1439234668519
"SLC6A8",22.0977873615893
"RN7SL239P",22.0317696039849
"EEF1A1P50",22.012056094458
"SEPTIN10",21.9917100469173
"C17orf75",21.9642857650616
"SASS6",21.95814219505
"ARMCX2",21.9502035035038
"FAM171B",21.9345024670906
"TMEM201",21.9296164885908
"RN7SL681P",21.9279324660218
"IGHV3-11",21.9275234572848
"WDR88",21.9268186300483
"TYRP1",21.9170690314187
"RNF31",21.9025339497902
"FBXO25",21.8988819789542
"AGPAT1",21.8820976380134
"SOX8",21.8730249843564
"FIGNL2",21.8374469636006
"CYB5RL",21.8354517178428
"CLVS1",21.828697323276
"KCNJ9",21.8126108726998
"TUBB1",21.7854869779424
"MARCKSL1P2",21.7738157349089
"PRDM5",21.7124270624582
"PPP1R14BP4",21.7034489334138
"SAP30BP-AS1",21.6987090233618
"E2F1",21.6887000595611
"MAP3K19",21.6783030059264
"SOD1P1",21.6478176871081
"IGLV9-49",21.6378121353441
"ADCK5",21.6374711201311
"ACSM3",21.6209068259847
"THTPA",21.6134639831125
"RPL17P9",21.6114867492154
"N4BP2L2-IT2",21.5927302796277
"LINC00396",21.561966396501
"LINC02960",21.560772983995
"NAGS",21.5405913226863
"LTC4S",21.5273061685226
"CDPF1P1",21.5226739533938
"CFAP418-AS1",21.5184940502892
"MIR581",21.5125670510312
"CEMIP",21.4929171912699
"TAB1",21.4906307817193
"SORBS2-AS1",21.4732530347102
"CD74",21.4480722701049
"RPL30P13",21.3719905731385
"EEF1AKMT3",21.3594029232245
"LILRB4",21.3536421695991
"GPAM",21.3531144373253
"MSL3P3",21.3491512285916
"HJURP",21.338173282647
"CRABP2",21.3027492686491
"SMPD2",21.2731532144656
"LINC01023",21.2720696304385
"HYKK",21.2416966783583
"CLASP1-AS1",21.2220591593848
"RYR2",21.2179566036735
"MRPS9-AS2",21.2135781005076
"CIART",21.2098174277184
"SNX32",21.1554649822285
"TRIM3",21.1523639723444
"ANAPC2",21.1398086579261
"TEX54",21.1293687682902
"COLGALT2",21.125886162418
"HIGD1B",21.1135489743493
"RN7SL745P",21.1119289301526
"GAS2L1",21.1108596234638
"CABP4",21.0930496024705
"TMEM40",21.0695992401528
"RNU4-26P",21.0558499941908
"ZNF248",21.0504875725073
"RNU6-135P",21.0499032231847
"PLET1",20.9928901765779
"LGALS4",20.9898584705868
"EIF2B4",20.9853495294855
"BAIAP2",20.9803780472949
"FAM120B",20.9005613927752
"ZNF532",20.8190943356626
"FABP3",20.8050684317638
"TRARG1",20.7792318478957
"PIF1",20.7709857735305
"EIF2S3B",20.754894960172
"VWA5A",20.7243765006734
"TAS2R30",20.7148143366204
"IGHV5-78",20.7138279938186
"ZNF775",20.7074904582547
"RLN3",20.6977113830459
"UBALD1",20.691290680131
"ITGB5",20.6532876504445
"LINC02718",20.6514057570977
"B3GAT1",20.628750409121
"UQCC1",20.6132377763191
"GPR176",20.5896179630223
"ZNF502",20.5259561055022
"LINC02209",20.5171090290337
"PANO1",20.514624994133
"EIF4A1P11",20.4924645906869
"ZNF621",20.4830836098724
"CLDN11",20.4324204360773
"NUDT6",20.313894504093
"ZNF624",20.3065897409488
"STX19",20.3018487536601
"C8orf88",20.2813931989034
"PARP11-AS1",20.2704345661436
"EBLN2",20.264521220536
"CYP2D6",20.2514179599386
"PGAM1P6",20.2375985865326
"NFE2L3",20.2161212264855
"PDIA5",20.211542017421
"DLGAP1",20.1969529459563
"RTN4IP1",20.1936197389459
"BEGAIN",20.1867570987309
"HYI",20.1809044792584
"TRAM2-AS1",20.1787666185521
"VIPR1",20.1686774691497
"DVL1",20.1596428840294
"C21orf58",20.1482606658015
"UST-AS1",20.1371555117869
"TMEM178B",20.1260174621
"PLEKHG4",20.0979349378979
"OLAH",20.0766585403482
"SMPDL3A",20.054244141886
"MMP11",20.0226019687136
"ZNF248-AS1",20.0189569148159
"KRBA2",19.986395216162
"RPL21P94",19.9776600875087
"ACAN",19.9428642285256
"ZNF48",19.8870650350411
"IRS3P",19.8626166069674
"RN7SL225P",19.8544821348952
"LINC03107",19.7951469695213
"MLST8",19.7829447400006
"LARP4P",19.7709206445649
"SPMIP3P1",19.7705555596586
"IGHV1-18",19.7646637271677
"ZSCAN16",19.7616130031641
"POU2F1",19.7595135591937
"RN7SL648P",19.7547347353384
"TEC",19.7391839353439
"PKDCC",19.7361089009863
"IGLV7-43",19.6838272521821
"DHX34",19.6657290959544
"DEPDC7",19.664864907385
"CRB3",19.6636405690855
"FAM186B",19.6533078488634
"SAP30-DT",19.6351469063692
"PRICKLE1",19.604883001129
"ACTR3BP4",19.5921097456197
"STC1",19.578222695811
"SPIN4",19.5228842243288
"FAM83A",19.5090296640204
"ELMO3",19.4758326870587
"RHOV",19.4720197269381
"SNORD53",19.4681412949392
"RNU6-1228P",19.4631734711894
"PM20D1-AS1",19.4590008552015
"IQSEC3",19.4572226332561
"C19orf47",19.4112862586829
"KRT8P52",19.4072771280804
"RNU4ATAC18P",19.3633413183897
"ECEL1",19.3479984433673
"KBTBD11",19.3474989095925
"IGLV3-21",19.3232461422637
"LINC02357",19.3187239249565
"RSPH4A",19.3176987196615
"DNAAF8",19.296235345508
"CERS1",19.2866309029492
"TMTC2",19.2803280695956
"P2RX7",19.2546902170324
"SZT2-AS1",19.2335098977745
"GNA14",19.2282088427425
"SCMH1",19.220614789081
"MOB3B",19.2150017950465
"MFSD4BP1",19.2140690853419
"CYBB",19.1447245288864
"PROB1",19.1436942687527
"AGR2",19.118700443835
"RN7SL589P",19.1071847868242
"MIR5195",19.0934004311897
"CD79A",19.0901836968599
"TTLL13",19.086941639254
"ZNF555",19.0820106701174
"SRXN1",19.0539710989
"ACHE",19.0418914235323
"LINC01963",19.0378598974612
"CENATAC-DT",19.0039812645972
"TOMM20L-DT",18.970874993264
"ZNF304",18.9049608620854
"RN7SL756P",18.8983797861728
"RARA-AS1",18.8561168844428
"RPL36AP16",18.8376005502227
"PSD",18.8068547100668
"ITCH-AS1",18.7953342564885
"CD19",18.7819103608844
"DNAJA3",18.7812858439599
"ZNF225-AS1",18.780092394054
"RN7SL824P",18.7791787457965
"AMH",18.7736109975057
"CDC14B",18.7495483662474
"FRK",18.7453122198371
"BMP1",18.7328116949342
"ICOSLG",18.726246097105
"ZFTA",18.7199072316913
"NIPAL4",18.70397955269
"SAPCD2P3",18.6961467064939
"PCF11-AS1",18.6847334744233
"CCDC136",18.6779228596325
"SAPCD1",18.6727878152937
"ACTG1P3",18.6677792369487
"CCDC183",18.6391135607918
"BTBD16",18.6173718824173
"LINC02973",18.579592845385
"HM13-AS1",18.5388153580217
"LINC02132",18.5217950522905
"USP7-AS1",18.4901430348452
"PIGN",18.4805526286931
"CCDC28A-AS1",18.4779330787217
"UBOX5-AS1",18.4645931818853
"CCL22",18.4536139391158
"MSTO1",18.4523570105602
"LINC02478",18.4433816854733
"FCRL1",18.43853465928
"SHISA8",18.416660932834
"ACY1",18.4142644971194
"MIR8071-2",18.4022119525239
"TBC1D9",18.3971761694659
"SCRN3",18.3855208359147
"PIMREGP4",18.3780200216013
"LRP2BP",18.3742077807072
"ZNF845",18.3650110938989
"RNLS",18.2881751902493
"HOXA10",18.2871102717342
"HOXA10-AS",18.2864504977045
"ANKRD26P4",18.2776178096331
"ARHGAP27P1-BPTFP1-KPNA2P3",18.2510683666747
"STARD13",18.2391529183883
"RNU6-190P",18.2259921166043
"SLCO4A1-AS1",18.2019950759194
"IGHV1-69D",18.1416579161193
"PHF7",18.1370601399046
"CD40",18.1178946381741
"PRELID2",18.1087663650262
"ZSWIM5",18.1053925171753
"ZNF232",18.0860182643124
"CHERP",18.078831193879
"C21orf91-OT1",18.0775229333233
"LINC03013",18.0565513087194
"COL18A1",18.0137332411621
"MINK1",17.9831029123339
"RN7SL738P",17.9803009332057
"ZDHHC1",17.9528035606619
"ATP11B-DT",17.9465603975924
"SHTN1",17.9283610777683
"MIR1276",17.8978475188128
"TIGD5",17.8821163533729
"SNCA",17.8750604743979
"PAX5",17.8672570354334
"SNORD9",17.8489502078642
"REEP6",17.8401529435352
"RPS2P32",17.8385831321944
"PRMT6",17.8295896770286
"SRGAP1",17.7683988742636
"RNU6-80P",17.759312196212
"CCL23",17.7540717574483
"ZP3",17.7399401654016
"RNA5SP317",17.7238470143475
"EHBP1-AS1",17.7033224205386
"LINC01189",17.6891427002727
"ZNF485",17.671359122002
"RAB4B",17.6548329350716
"CCDC9",17.621071103221
"YWHAH-AS1",17.6036189019046
"FAM72B",17.6025692429754
"LIF",17.6014379722944
"RUSF1-DT",17.551874477789
"KLF1",17.5165488618963
"E2F4",17.504919693364
"GLIPR1L2",17.472405693006
"LIX1",17.462736066811
"RFXAP",17.4438569058503
"SLC38A2-AS1",17.4389477832629
"GAREM2",17.426025981908
"LONRF1",17.422436986031
"MOV10",17.4023426611626
"CPNE2-DT",17.3711067213638
"CDC6",17.370005929036
"LINC01842",17.3554197529362
"TCFL5",17.3441132713394
"ME1",17.3275517061944
"ZNF853",17.3223141383731
"LINC02265",17.321982459607
"STUB1-DT",17.3196586079828
"TRBVB",17.3189943535655
"ZNF764",17.2968617564605
"CEP70",17.2914483195315
"MARVELD2",17.2876587830406
"DOK6",17.284160319033
"RPL7P49",17.2649167582916
"ZMYM3",17.2424251749012
"SPATA2",17.2384058294237
"DLEU7",17.2050994266044
"MSMP",17.1968302329997
"CRYBB3",17.170518484531
"TJAP1",17.1616412737452
"ACBD6",17.1552706159502
"RPEP4",17.132258614759
"PPT2-EGFL8",17.129413453584
"RFNG",17.1176220156082
"WDR5B",17.1102566700546
"GALNT8",17.1000208251785
"CTDP1-DT",17.0913929183427
"TYRO3",17.0893882341578
"TPCN1",17.0867895902799
"NDRG4",17.0815865501963
"RPL21P110",17.0672977050789
"B4GALT4",17.0563859420996
"SPATA13-AS1",17.0474796912552
"LINC01252",17.0386969850914
"MIR6090",17.0297562585181
"PLXNA1",17.0026867174877
"CCDC120",16.9714348170942
"HOXB3",16.9352159413001
"TSSK3",16.8990198885838
"LCN2",16.8860459520261
"CCDC154",16.8627080761845
"CARNMT1-AS1",16.8328067104154
"KIF27",16.8321118103381
"ROPN1L-AS1",16.8308039772847
"TUBA4B",16.830461431356
"NPHP3-AS1",16.8286525051315
"SLC2A13",16.8260167142903
"RN7SKP292",16.8062688815471
"TMEM95",16.7920341015048
"PM20D2",16.7885400841591
"KIFBP",16.7866452207596
"MFSD12",16.7678736002883
"PPM1L-DT",16.7600684936704
"TMEM202-AS1",16.7531704837132
"MORC4",16.7490265542757
"ITPKB-AS1",16.747154023763
"JCHAIN",16.7459673144585
"TPK1",16.7456342575429
"FBXL18",16.7362439998728
"LINC00092",16.7313569672897
"SMG9",16.7206652419368
"TRMT61A-DT",16.6981881100675
"ALDH2",16.6874536422823
"LINC01011",16.6599666815015
"MIR1278",16.6581063075559
"RN7SKP56",16.6512526695286
"UVRAG-DT",16.6407767885654
"ALAS1",16.6079396436678
"HKDC1",16.6007928467493
"CDKL3",16.6003926706175
"PFDN1P1",16.590342590557
"FCSK",16.5674979793901
"CFAP97D2",16.555563086732
"TYR",16.5497632910509
"OOSP1P2",16.5465866377827
"MLANA",16.5235053819656
"LINC02288",16.5114168418863
"HMGB1P17",16.5093508859113
"MANSC4",16.5052438708993
"ZNF841",16.489600944568
"POLE2",16.4734900120135
"CHRNE",16.439527828825
"GATD1-DT",16.438378351665
"KCTD6",16.4170404436629
"OR4F7P",16.3975579790177
"IRF2BP1",16.394319711694
"PA2G4P4",16.3886593311026
"RNU5A-6P",16.3866891267538
"RPL35AP13",16.3768873386074
"COX6CP1",16.3669185108805
"VESTAR",16.3658347558003
"TMEM231",16.3579773037261
"SH3BP4",16.3457212024231
"FBXW9",16.2935900865884
"H2BC5",16.2919338349361
"GOLGA8H",16.2843081603712
"GNG12",16.2611353790053
"ZNF605",16.2502264416233
"DCBLD2",16.2271411088868
"ZNF528",16.2242604202601
"TUBB3",16.2103803406625
"HLX",16.1960418161304
"AMN",16.1756956019588
"SSC4D",16.1741734823759
"TACR2",16.1676358517439
"ZNF558",16.1624090148087
"CENPA",16.1328155767213
"SOCS3",16.091967483478
"MIR191",16.0829857174827
"ZNF358",16.0591417371984
"SOCS5P4",16.0489621958807
"RHEBL1",16.0342556709198
"CYP2U1-AS1",16.0155413589116
"AMY1B",16.0056863509184
"EFNA3",15.9727277816748
"PXDC1",15.9710524787817
"NT5DC4",15.9689345772984
"POLE",15.9527312694003
"SORT1",15.9512386421367
"ONECUT3",15.9501391790408
"OR3A1",15.9294518182646
"IGHV4-31",15.914748222422
"EXT1",15.8960417922963
"THAP7-AS1",15.8728093960194
"SIGLEC10-AS1",15.8642523423832
"TMEM273",15.8638943404275
"CITED4",15.8621543917952
"OXCT2P1",15.8538466234213
"MROCKI",15.8280130571888
"L3MBTL2-AS1",15.8279812269828
"PIGS",15.8229314513853
"KIF11",15.8189970866929
"CFAP44",15.8163254568069
"EREG",15.8038953119358
"SPTBN1-AS2",15.7999312383269
"KCNV2",15.7315640707016
"PLAGL2",15.689490070615
"RNU7-63P",15.6858638790854
"TSPAN4",15.6778049640258
"FCRL5",15.673013723583
"NUTM2B",15.6722050892434
"TYSND1",15.6715209209036
"DUS4L-BCAP29",15.6622355354535
"LINC01364",15.6517792249226
"GTPBP10",15.649335749406
"DCAF4",15.6484576560142
"ECI2-DT",15.6351901766294
"RAI1-AS1",15.6208135562469
"RPL35AP32",15.6182148663733
"ITIH1",15.605257457011
"KAT2A",15.5937052684743
"SMIM13",15.5697087944324
"FZD9",15.5593159727891
"TMSB4Y",15.5570271036877
"ATOSBP1",15.5408740343162
"MIR1972-1",15.5383942951371
"BTBD8",15.536379159461
"ANKHD1-EIF4EBP3",15.5352268999938
"ST6GALNAC3",15.5347782674243
"MFAP5",15.5292114076138
"RALGPS2-AS1",15.51657400619
"HIC1",15.4942782253965
"CRIPTOP6",15.4914053547124
"MIR599",15.486234920088
"RPL21P57",15.4710795725955
"DNMBP-AS1",15.4678124583158
"GARIN2",15.4586126858648
"HSPA12A",15.4459848970564
"LINC02384",15.440013758238
"GHRH",15.4361766086715
"CALCB",15.4258698580768
"HNRNPA3P9",15.4086709459558
"NIPAL1",15.3979047744775
"LINC00529",15.3958348794616
"RTL8B",15.3914726885068
"TNFRSF17",15.3740895680354
"CHPF2",15.3448052715234
"MIR4458HG",15.3413608195253
"HERPUD2-AS1",15.2956940622093
"RORA-AS2",15.2750922852592
"ZNF66",15.2596468523876
"GPC1",15.2590771416647
"ZNF420",15.2300084120892
"MTARC2",15.2167021863313
"LINC01446",15.210472651853
"FBXL22",15.2100355305603
"PRR5",15.2083040554332
"SLC9B2",15.2056892177728
"HES4",15.1985908649163
"NEK10",15.1976555391197
"PRKCE-AS1",15.1928186517534
"CCDC30",15.1784498846205
"RPL13AP8",15.1780747309905
"DCUN1D2",15.1774276308339
"MSLN",15.1769944131793
"RASA4B",15.1490868388907
"ZNF444",15.1488017562473
"SH3TC1",15.1305011811277
"IDH3B-DT",15.1255286012427
"IGBP1-AS1",15.1226105035608
"LEPR",15.1128114271159
"APOOL",15.1119544193839
"SLC7A4",15.0717383922828
"GCSH",15.0602939218776
"SLC8B1",15.034386836058
"TIMD4",15.0336069240251
"RFX1",15.0322977979862
"IBA57-DT",14.9869155742424
"PTPRJ-AS1",14.9603827861128
"PIGW",14.9584593400243
"PLA2G6",14.9486828987781
"PPARGC1B",14.923599896736
"CRADD",14.8938558428888
"RNF135",14.8870420103032
"ZSWIM8",14.8744791170221
"RNF175",14.8727800719023
"KIF3AP1",14.8372886784434
"ZNF818P",14.8283884765639
"CRIP2",14.8064963410449
"B4GALT7",14.7806251665909
"GPR55",14.7740458151368
"SMG1P5",14.7716180337624
"ANGPTL4",14.7613710871979
"VPS54",14.7606346660965
"BACH1-AS1",14.7357011421615
"FTH1P25",14.6989534492163
"GPR132",14.6905722217839
"CRYBG2",14.6848482437677
"CLCF1",14.6797863742217
"SEMA3F",14.6739314446267
"MACROD1",14.6732367586418
"SLC4A4",14.6640081813264
"IGHV3-49",14.6615834051116
"IGHVII-74-1",14.6590586679155
"MELTF",14.6501268783108
"MIX23P5",14.6303319388678
"GLTPD2",14.6177839307294
"RPL36P3",14.6059790276287
"SUSD1",14.6050753051754
"ZNF449",14.6039047343641
"HEXD-IT1",14.6029067051428
"SNORA74D",14.5993161393403
"ARF3",14.5851623556172
"MOCS3",14.5739470342872
"ZW10",14.5710224791225
"POP1",14.5706172866689
"MPND",14.557366684067
"LINC00852",14.5541643678588
"PSMD6-AS1",14.5045901404234
"HNRNPA1P68",14.4998547021763
"PEF1-AS1",14.4832626032954
"PWWP2B",14.4796274136523
"HMGB3P32",14.4633962039154
"PLEKHG2",14.4563842735137
"LINC00562",14.4200735076199
"ZNF711",14.3996338413129
"H2AC13",14.3875926596808
"OVGP1",14.3826783194597
"TRBV11-1",14.3682837072491
"PAX8",14.3521948912995
"ST6GALNAC4P1",14.3098228569712
"ATP6V0E1P1",14.3088920263835
"ACOT8",14.2855976858065
"FBXL19-AS1",14.2819951995713
"SHC1",14.2726316716431
"RN7SL850P",14.2643621908658
"GCAT",14.2551885744494
"SCN1B",14.2419165627634
"LTK",14.2412581325789
"CYSLTR2",14.2373740607876
"LINC02298",14.2219900917653
"ACVR1C",14.2215739270495
"DNMBP",14.2118375081735
"MLH3",14.2102181625628
"TWF2-DT",14.1907846794325
"ZSWIM3",14.1818203039051
"SOCS1",14.1816897018538
"PHB1P9",14.1799716511805
"MIR646HG",14.1771676805659
"MAFF",14.1722773864772
"GATA2",14.1711688358455
"TUBG1P",14.1543583132858
"RASSF4",14.1469934610069
"ALDH4A1",14.1419219437994
"RN7SL246P",14.1306474624334
"TMED6",14.1184131850713
"BCL2L15",14.1139031304549
"SAMD15",14.1094855129434
"MCUR1P1",14.1004118027618
"MT-CO1",14.088350752459
"ZSCAN5A",14.0835388808003
"F13A1",14.0187797073888
"ETV2",14.0140826536577
"ITGA3",14.008054096085
"BCAR3-AS1",14.0078423427312
"LINC02325",14.0037405202984
"NCF2",13.9949292689949
"VAT1L",13.9933306325849
"COILP1",13.9657265190915
"PODXL2",13.9592986539408
"SCRG1",13.958720465995
"OMG",13.9379371610251
"MIR8066",13.9338802161497
"DACT1",13.9337821142239
"MIR4258",13.9296394936034
"L1CAM-AS1",13.9239312548307
"FAM81B",13.9195941612079
"GPER1",13.9108239852429
"LINC01887",13.9099081879518
"CEBPA",13.9063976620206
"STK36",13.9053526170943
"CDH1",13.8996985228998
"MYO7B",13.8886630729155
"RNU6-1164P",13.8872650172362
"TPM3P6",13.8760194542947
"IGHJ3",13.8673678558155
"EHBP1L1",13.8560737264865
"RPL10P17",13.8511067838444
"IGSF9",13.8499981132893
"PCAT19",13.8464344584089
"SDHDP6",13.8425184088763
"EXO5-DT",13.8373720305452
"CNTF",13.827585519656
"CKMT2",13.8212479660912
"B3GNT9",13.7913188285929
"TRERNA1",13.7722965288098
"RPS3P2",13.7683694980283
"TRPC3",13.7603568161062
"ZFP37",13.7456263438245
"ACOXL",13.7412611791722
"MAPRE3-AS1",13.7293644516344
"UAP1-DT",13.7128706995683
"CFAP92",13.7033674851724
"SOX5",13.7026224103274
"H1-0",13.6999332892321
"RNF185-AS1",13.691196309726
"GNG11",13.6813677859327
"PRR4",13.6784178140499
"NEFH",13.6740346668051
"SEC14L2",13.6610234731822
"BMPR2",13.6567363651569
"CCDC181",13.6479783837363
"GNAT2",13.6401757129253
"ZC3H10",13.6375845658437
"TCEA3",13.6366808578101
"PPIAL4H",13.6269585451382
"AVEN",13.6225998655976
"ZFX-AS1",13.5967809322342
"DDX11-AS1",13.593067547803
"SYT9-AS1",13.5591783869175
"WWTR1-AS1",13.5580762755326
"SMAD1-AS1",13.546238959159
"RAB11FIP2",13.5364975417075
"PRKCIP1",13.5362506907622
"LINC01366",13.5326386518053
"ENPP4",13.5101901203756
"RNU4-14P",13.5039887690187
"GLIDR",13.4900910374405
"DNM3",13.4761337788872
"TICAM1",13.4727067760109
"NPAS2",13.4692536912784
"PHYHD1",13.4679324484883
"RN7SL334P",13.4600147496265
"FAM88C",13.4354614800255
"NRAV",13.414152142979
"KRR1P1",13.4135525253372
"NDUFB8P2",13.4119549537828
"LUCAT1",13.3832411445883
"KCNH7",13.3826595549113
"ARHGAP31",13.3767581381611
"NCOA5",13.3738281642254
"PAOX",13.3720319810955
"NDC80",13.3658043958046
"SH3RF1",13.356979869601
"CORO1B",13.3214724360994
"CTU2",13.2985351187138
"PCHILR",13.2899060806649
"LMOD2",13.2864024472023
"HERC2P10",13.2588626526059
"CC2D2A",13.254888294902
"CIMIP1",13.2483213643602
"PAXIP1",13.245187784985
"GHET1",13.2418007995168
"IRGM",13.232199030571
"SAPCD2",13.2177054746065
"RPL21P125",13.2164987158881
"STAC3",13.1930839648671
"GCN1",13.1873497976785
"NR3C2",13.1780904968311
"RPS29P5",13.1767342356567
"LINC01762",13.1761913747981
"GTF3C2",13.1692338748852
"YBX1P4",13.1532959691369
"LINC00278",13.1446659707967
"YRDCP2",13.1325393482821
"KATNIP",13.1217010821359
"ZNF419",13.1185234794619
"ALDH1B1",13.1110112521878
"RFC3",13.0790867037705
"MIB2",13.0530006904696
"PSMA1P1",13.0480734135328
"RNU6-136P",13.0469614429884
"KANK3",13.0428478856284
"ACP4",13.0379238225243
"LINC02289",13.032884079854
"PTCHD3P1",13.0308565847291
"UBE2M",13.0238252781727
"ATP23",13.0210623069993
"HOXA6",13.0180733599948
"ALKBH8",12.9907897540377
"SPR",12.9903798452886
"CCDC27",12.9887878232989
"FAM53B-AS1",12.9800303068314
"LINC01012",12.9782502766145
"PIK3R5-DT",12.9645974635732
"NLRP6",12.9454669810645
"ZNF540",12.9410228687857
"ATP2A2",12.9319082493136
"ITGAD",12.9254913066141
"COL10A1",12.9134210277345
"GINS4",12.8997212232407
"CDY4P",12.8969688772402
"SYVN1",12.8755420416048
"TFCP2",12.8633734008021
"RN7SKP83",12.8630199495319
"IFITM10",12.8623840403195
"SUFU",12.8515059438437
"ARHGEF34P",12.8496029893564
"TMEM117",12.8025833336442
"ZMYND15",12.7851962887688
"HSFX3",12.7653672926043
"SLC16A14",12.7512294308433
"KCNMB1",12.7468636491595
"NAB2",12.7459320484809
"MKLN1-AS",12.7428654786276
"BMP8A",12.7403026373988
"MIR1302-2HG",12.7389832469258
"SEBOX",12.7362850179295
"BCORP1",12.7354938640047
"PDCD6-DT",12.7316812695797
"KHSRP",12.7102724811185
"PEAK1",12.6985928754639
"LINC02865",12.6729710623102
"CERS6-AS1",12.6717088500814
"DPRXP3",12.6630305126164
"ATP5MFP4",12.6599567166622
"SNORA24B",12.6261551725003
"VSIG8",12.6177315017991
"TCTN1",12.6054064068616
"FAM174A",12.5912967359911
"MIR4748",12.5863118118335
"TSNARE1",12.5857584623128
"LRRC45",12.5667840941691
"MAP2K1",12.5548640682018
"CTNS-AS1",12.5446360795079
"C16orf74",12.5444978486972
"TCL1A",12.5347979276095
"FAM87B",12.5273935700881
"HMGB1P44",12.5234521298497
"LINC00205",12.5042299344444
"MCM3AP-AS1",12.4872031141417
"ZNF599",12.4823632981484
"F8A3",12.46534420729
"SCML2",12.4541343656511
"SNORD73B",12.4522386210015
"SRSF10P1",12.4456011511369
"SPATA17",12.4345266849551
"ITGAEP1",12.4337951935176
"MIR328",12.3996077147198
"SLC4A2",12.3662493443968
"MIR6126",12.3484336559479
"L3MBTL4",12.3145010660256
"PPP2R5B",12.3105549204413
"OSBPL7",12.3017348222352
"RAB3IP",12.2975653409515
"PDGFRL2P",12.2916020020989
"BRD7P4",12.2808562334932
"RAPGEFL1",12.2699958072197
"RPL7AP16",12.2635705728232
"CFAP410",12.2552595186569
"RC3H1-IT1",12.2522749391078
"FRG1-DT",12.2487919268583
"CLUH",12.2339570474868
"CRY2",12.2310959246354
"PMEL",12.1834130904054
"PIP5KL1",12.1828353580736
"TRAF3IP2",12.1678447181268
"CERS3",12.1437078182299
"LCA5",12.1285576400651
"B4GALT2",12.1192742737913
"HNRNPMP1",12.1098105638854
"S100A14",12.1073282631592
"KLHL29",12.1022869873668
"ELP1",12.0977955856482
"SRRM3",12.097320984611
"GPR157",12.0928969651514
"MRPL30",12.0888562936068
"SHQ1",12.0844332226893
"CA13",12.0790602321918
"PHC2",12.0745619284263
"ESM1",12.0726748188541
"ANKRD13B",12.0340393148744
"MIA2-AS1",12.0335443220909
"AP1S3",12.0323001635459
"ATP11A",12.0170479075764
"CYRIA",12.0168820854826
"IGKV1-39",12.0151294711421
"RPS3AP29",12.0089304968375
"COL6A6",12.0059507782865
"DNAAF3",11.9998440779038
"GATA6",11.99917380723
"ARG1",11.9975680823139
"SNORD4A",11.9912080558563
"MXRA7P1",11.9713001879867
"RPS18P1",11.9678471100447
"NOTCH1",11.9653723973812
"IGLV7-46",11.9651864520645
"BRME1",11.9610884854042
"NT5M",11.9502722363873
"SIDT2",11.9285730662298
"CEP83",11.9237647509193
"RFESD",11.8924742670277
"LAMP3",11.8778631360935
"PCNX3",11.8731271521464
"FAM177B",11.8654187236881
"LMTK2",11.8632776451267
"ABCF2",11.8590931385828
"SLC22A5",11.8319529185937
"MUC5B",11.830399727452
"RAB5C-AS1",11.8229899869326
"ITIH4",11.810565510656
"TRBV5-3",11.8027319098282
"PNPLA2",11.8023062045401
"RN7SKP130",11.7842088148255
"RN7SL141P",11.7810496989635
"CREB3L2",11.7774305348891
"PKHD1L1",11.7634255262561
"PHB1P5",11.7594644599441
"SYNE3-AS1",11.7586092607424
"SPDYE1",11.7542372246402
"MIR4280HG",11.7305771225195
"ZNF596",11.7065336471608
"ITPR3-AS1",11.7044959251912
"ASAH2B",11.7037314311785
"RHOQP1",11.7023400346257
"TIE1",11.6954745928298
"ASPN",11.6950654381013
"NAIF1",11.6879438859405
"HLA-C",11.6806342678553
"TBC1D22B",11.6439792134424
"GPRIN2",11.640709195608
"SH2D5",11.635293371311
"HACE1",11.6336763896888
"C2CD2L",11.6298980642873
"RPL21P74",11.6268389105004
"IER5L",11.6211737402217
"IGLV2-18",11.6192023760672
"MIR600HG",11.6186703003179
"MIR875",11.6176960022
"TRPC1",11.6173067991347
"P2RX1",11.6083241317226
"OSER1-DT",11.6019115881483
"FAM88B",11.5962459909547
"QNG1",11.5848390640776
"SCUBE3-AS1",11.5825289785487
"NAA80",11.5804802637117
"FKBP1B",11.5770523932762
"MYRFL",11.5747205172815
"NAALADL1",11.5740159222718
"INPP5A",11.5738620861862
"LINC00899",11.5670809060515
"RPL38P5",11.5597780122136
"SSH3",11.557756977492
"LINC00957",11.5554528189186
"CTHRC1P1",11.5502210522572
"ADAMTSL4-AS2",11.548730373277
"THUMPD3P1",11.5479237186073
"NCF1",11.5421190974874
"COQ8B",11.5378332928337
"SLC12A4",11.5199775673048
"RNU6-1267P",11.5153529524947
"CEBPD",11.5121593161049
"YEATS2-AS1",11.4911583949312
"CFD",11.4818742112254
"RN7SL15P",11.4729091253238
"TYMP",11.4685095981343
"ZSCAN2-AS1",11.4641219917022
"MED12L",11.4566612919974
"CISH",11.452729135836
"MIR374C",11.4398773082
"ZNF580",11.4381846808277
"UBE2E2",11.4316323394692
"SBF1",11.4155077540785
"MAPK8IP3-AS1",11.4031239084365
"LINC01275",11.4003523713958
"RN7SL566P",11.3941344364797
"RASL10A",11.3927882466509
"LCT",11.3910855098297
"MTFR2",11.3748006868104
"LINC02397",11.3625686601723
"MYREM",11.3577145788679
"ITGA10",11.3512676031931
"KRT8P33",11.348484237814
"DAPK1-IT1",11.3404918161734
"AIMP2",11.3212266264554
"CD93",11.3140156608098
"ACTL6B",11.3067400449607
"NPM1P26",11.3023249249815
"ALDH1A1",11.2939312362142
"CD22",11.292254055653
"GCNT2",11.2878572362485
"SLC25A34",11.2873332694333
"CELA1",11.2846283040438
"SEPTIN4-AS1",11.2778957066894
"DISP2",11.2759659781063
"CPEB2-DT",11.2754738358139
"RPL23AP58",11.2632997156236
"BCS1L",11.2621581677007
"LINC01849",11.2580036590098
"TAOK2",11.2236847620384
"YY2",11.221681727135
"SBK2",11.2184547962377
"CLEC12A",11.2069441640525
"RPL34P21",11.2005767801122
"MIR16-1",11.1943365100438
"MTND4P14",11.1860934850257
"DMWD",11.1774463822155
"ZDHHC8",11.1754226685345
"IGLV2-28",11.1734290157286
"SNAP47-AS1",11.1628297978527
"RNU6-150P",11.1620063401249
"IGHV4-28",11.1537890569234
"SKAP2",11.1444708567727
"MT-CO3",11.1404679966849
"ARRDC5",11.1391367708885
"SMTNL1",11.1372818473651
"CPEB1",11.1360606199611
"RN7SL559P",11.1290639151496
"TRIO",11.1199406550781
"LIMD1-AS1",11.1152131927931
"PKN3",11.1142844680702
"MFSD9",11.1035195116619
"OSGIN2",11.0931900473528
"TP73",11.0606935890649
"KICS2",11.0527091523447
"THBS3",11.0503472341205
"SMIM23",11.050236324252
"RNVU1-26",11.0481671936343
"RNA5SP395",11.0422954420803
"MAP7-AS1",11.0413217264326
"SOCS3-DT",11.0344985034895
"FSTL3",11.0318466725886
"CIB2",11.0211766910672
"SIMC1P1",11.0127806492214
"PML",10.9884193851026
"CCDC102B",10.9758777401729
"WFDC3",10.9739290760538
"MTCO1P11",10.9728563604811
"GCATP1",10.9689103134274
"LINC02656",10.9613378989649
"DIS3L2",10.9565664687186
"BCAT1",10.9533929658002
"MRPL37P1",10.9457651075144
"SLFNL1-AS1",10.9454906756181
"C5orf24",10.930782362808
"UTP14A",10.9281297247959
"C5orf52",10.9257656165409
"IGHV3-32",10.91424517758
"CUX1",10.9127159496841
"SORBS3",10.8860976560616
"DSCR9",10.8849200787498
"MYBL2",10.8704134800348
"IL17RE",10.8627230884041
"NPTX2",10.8609058344452
"GRIK1",10.8604787939566
"SDK2",10.8495419821027
"CRYZP1",10.8372112159737
"LGALS3BP",10.814693666168
"WARS2-IT1",10.8145818328257
"ZSWIM9",10.804135943454
"SYCP2",10.7952672543869
"LRRC14",10.7861485307873
"MIR6781",10.7672315610993
"CHRNA1",10.7643297697845
"NTAQ1",10.7573066993542
"ELMOD2",10.7572073703741
"MOB2",10.7206496574325
"TMEM86A",10.7200023496035
"SRGAP3-AS1",10.7125141780978
"APBB2",10.711274126949
"NENFP2",10.7077366756
"GALNT9",10.70424777891
"CCDC183-AS1",10.6989191819386
"RTKN",10.6920196470583
"STBD1",10.6871243254109
"TLR6",10.6869958370243
"RAD21-AS1",10.6852548380134
"EDRF1-DT",10.677623416197
"AARSD1",10.6773567851607
"MVB12B",10.6770877594763
"RPL31P19",10.6765500052873
"TUBB2B",10.6719922215007
"RPL28P2",10.6718707459169
"GLB1L",10.6688473406199
"SYNPO2L-AS1",10.653439433036
"CRYBA4",10.6529237856801
"VASN",10.6501633722874
"MTCYBP3",10.6412280818064
"RNU5E-10P",10.6358808383265
"TPRKBP2",10.6336081739685
"SH3BP5L",10.6299104366287
"NUDT11",10.629609549979
"ZNHIT2",10.6183951392
"DPPA3P6",10.596788486242
"RIPOR3",10.5951279516736
"LINC02366",10.5885818120546
"MICU1",10.5816104325879
"RPS17P13",10.5782251183266
"MRM2",10.5623869626961
"TMED10P1",10.5618855919444
"TEAD3",10.5578056941408
"DUSP8P5",10.5528844947209
"LINC02766",10.5495743234824
"SYNGAP1-AS1",10.5487798293469
"TMEM80",10.5475163836319
"ZNF507",10.5443067019807
"FCRLA",10.5438475228552
"HDGFL3",10.5433632589711
"ACTG1P10",10.5412623487121
"IFNLR1",10.5340225963059
"SEPHS1",10.5337461992423
"HNRNPA1P54",10.5288577317217
"LDLRAP1",10.5283879667348
"USP19",10.5226922129849
"RPL12P49",10.5183328867206
"CARD6",10.5125565396991
"TRDJ3",10.5091216933328
"MRPS21P9",10.5026414975017
"PPIL6",10.5022889813634
"CFAP251",10.4960671965145
"CHKB",10.4956761217182
"SLC30A4-AS1",10.4843419077923
"DNAI3",10.4660436289233
"BDH2",10.4629056307442
"BCL6",10.4482666065137
"TRAPPC12",10.4472159282738
"PARP2",10.4399214545086
"SLX1B",10.4313341629353
"LYL1",10.3979767221362
"PEAK3",10.3960944803946
"DLGAP3",10.3950216441438
"HOXD1",10.3901214933707
"SFMBT1",10.3863467160833
"LINC01967",10.3836126234209
"HCCS-DT",10.3538447846192
"CADM1",10.3227470067085
"TRAJ40",10.3201760650119
"CCNA2",10.3195747690615
"UGT3A2",10.3156590115515
"ADAM12",10.3068467399495
"PTCD2",10.3012153433303
"DUTP2",10.2901090746459
"BTNL3",10.2867620589367
"TMIGD2",10.2814281856953
"DDX49",10.2728131329617
"SETBP1-DT",10.2670441957433
"SNRPCP19",10.2636506414605
"IQCD",10.2539689812423
"SPHK2",10.2500621136455
"TTTY10",10.2426652930511
"SCAANT1",10.2328110735465
"RPL35AP23",10.2305341400852
"ATL1",10.2260145670781
"ASH1L-IT1",10.2157418707706
"BHLHE41",10.2010481523114
"MINCR",10.2003947309707
"FAM88D",10.1942766282279
"RNA5SP165",10.1847819087494
"C1QTNF6",10.1595988637195
"MPZL2",10.1562592579886
"RUBCNL",10.1504777573685
"ATP8B3",10.107704911661
"LINC01393",10.104933967679
"NAALAD2",10.1033614542059
"DBP",10.1006543024594
"MAP4K3",10.0852691612083
"RPS9P1",10.0815835818589
"RNU6-319P",10.0656184414007
"MAP3K4-AS1",10.0234579523673
"PRDX2P1",10.0157729926575
"DIP2A",10.0035311965102
"HAUS1P1",10.001439090638
"FAM90A1",9.99483836711084
"NPTXR",9.98891782936696
"MYO10",9.98798877945343
"NPL",9.97885903413064
"APPBP2",9.96514451248977
"PDLIM7",9.96302984048424
"CEACAM1",9.95482135892342
"SIGLEC10-AS2",9.93604780864321
"OLFM2",9.9350250427687
"ENOX1",9.92349173528744
"METTL1",9.91609579657691
"SIT1",9.91336889366331
"KLHL2",9.90702484963011
"IGLL5",9.89805008466097
"FHOD1",9.89031618497586
"MIR1296",9.88669985080207
"AMY2A",9.88602381975644
"COL9A3",9.8834738871701
"RBM12B",9.85765348250881
"SPP1",9.85746224216187
"EFCAB11",9.83398557167899
"CBX4",9.83346254424317
"PKMYT1AR",9.82734015110575
"ZNF737",9.81742755905934
"KCTD11",9.81661484043192
"WDR95P",9.81581023578601
"PCBP1-AS1",9.81536986817814
"GJD3-AS1",9.81284974839364
"SWSAP1",9.81040234646373
"TRABD2A",9.80847191138816
"SYN2",9.80214509304409
"GBE1",9.78633245018652
"ALDH3B1",9.7812362497582
"CMIP",9.76717353072065
"RN7SL43P",9.75905813654832
"UBE2O",9.7540781555811
"ADAM23",9.75259974690232
"PCED1CP",9.74614348023317
"GJB7",9.73795892066374
"VSIG10L",9.7378391740665
"C6orf132",9.73095282713843
"RNY1P6",9.71928846924116
"PPP1R1A",9.71347487280743
"ACTN1-DT",9.71220904728335
"ALDOC-AS1",9.71030995007435
"SNX21",9.69582591411251
"LINC00426",9.6903927271908
"ST7-AS1",9.68323417992833
"GNA15",9.67930033516884
"CENPB",9.67878489848695
"BACE2",9.67640109738967
"ZNF480",9.67544254980095
"RMND1",9.66843566273942
"UPB1",9.66823822530919
"FXNP2",9.6675753306646
"FAM66C",9.65892818530273
"RPUSD1",9.65641016809135
"NUP133-DT",9.6510330033111
"ZBTB39",9.63762763290993
"KCTD13",9.63177697200352
"ZNF436-AS1",9.62996096574846
"RGL4P1",9.62099250252322
"ADAMTSL4",9.62093435472583
"NOMO2",9.5880876093728
"IMMP2L",9.57791548759285
"IL17D",9.56922662968135
"DIP2C-AS1",9.56876644258703
"RAB11FIP1P1",9.56841132090467
"BANF1P3",9.56439091953336
"PVALB",9.55577557564226
"NEXN",9.55540657073475
"DNAH17",9.54995242119445
"PDE5A",9.52194382313601
"CPTP",9.51688679366542
"SLC9A1",9.50975247042435
"KCTD21",9.50830683276962
"HLX-AS1",9.49052929879611
"OR1R1P",9.4792431022943
"RN7SL370P",9.47280196066131
"TFE3",9.47264977793291
"ARHGAP20",9.46784094147807
"COL5A1",9.45791477694514
"PIK3R3",9.44986682301314
"METTL4",9.43995023768336
"LONRF3",9.43446024513718
"SNORD11B",9.4255377164758
"STK11IP",9.42221778454637
"PDHX",9.42111139460972
"SIRPA",9.41064001261687
"SMARCD3",9.40984226641173
"EDNRB",9.40631827393463
"BMP2",9.39874584605308
"GTF3C5",9.38812601018835
"ARAP3",9.36443781703857
"RNU2-25P",9.35575515642534
"RAB32",9.35531347508236
"BPIFB9P",9.35512102822187
"PRR11",9.35267835168375
"ZNF784",9.34942015124665
"FRMD5",9.34577064422654
"COX15",9.34511102322334
"RRS1-DT",9.34436979641884
"PCCA-DT",9.34306915986494
"MGLL",9.33986137839251
"TRBV25-1",9.33317080459679
"SVOPL",9.33035472521332
"RNU6-1158P",9.33034547711546
"ZC3HAV1L",9.32662424616624
"GOLGA8VP",9.31917296681125
"DNA2",9.31533139288126
"DROSHA",9.30779756003303
"LTBP3",9.30271861700835
"TMEM150C",9.29789781256054
"LINC00885",9.28265049145822
"SELENON",9.27806060672682
"SLCO5A1",9.27703874564759
"DNAJA4-DT",9.26278830664978
"AFAP1L2",9.25855100997593
"TCF4",9.25050914306979
"PLA2G2D",9.24631654073041
"C6orf163",9.23562186656208
"CABLES2",9.23547257665476
"ARL8A",9.21440234473133
"CASKP1",9.21438939691419
"SLC28A3-AS1",9.20557638914723
"COQ8A",9.18827835035833
"KCNC4-DT",9.18722591477354
"WNT11",9.18570350092767
"CILP2",9.1660919607249
"DNAJC10",9.16188479539947
"NCOR2",9.16009979216077
"UHRF1",9.15215194145721
"SETP17",9.14690849207534
"EFCAB2",9.14641002074483
"LRP2BP-AS1",9.14522525561668
"SLC39A3",9.13943686441925
"SCARNA1",9.13090379209738
"RNU7-45P",9.12870451584475
"ZSCAN30",9.12762699225487
"FAM185A",9.12674562155657
"AFAP1",9.12620810869507
"ZNF92",9.12108069899674
"EEF1A1P4",9.12081090115039
"OOEP",9.11848951123379
"ABHD14A-ACY1",9.11833659905396
"FOXN3-AS2",9.11792268587699
"TRAPPC14",9.11483286170411
"PSMA8",9.09219907427753
"MAP3K9",9.08151672130803
"ACVR2B",9.07867440658623
"DPYSL4",9.0516418256626
"STK32C",9.03844446500289
"CTSH",9.03669949617767
"CXCR4",9.03515694636861
"PRSS3P1",9.03484945540767
"CXCL9",9.02895943228547
"TDRD7",9.02611175161977
"ZNF264",8.99997544454996
"DVL2",8.99842588391303
"MTCO3P11",8.99345428181828
"MFSD1P1",8.98619413320931
"USP46",8.98228168380501
"ST20",8.98094232111368
"MTDHP3",8.97919574294784
"LINC02937",8.9782055914672
"ZNF345",8.97314555763969
"SMAP2",8.97312817105375
"MAPK6P3",8.9723983743554
"APLF",8.95737824914278
"GSR",8.95706766406621
"RFX3",8.94081842835451
"FABP5P2",8.93892848731646
"KMT2B",8.92118455750183
"PDE4C",8.91039840001437
"RGN",8.89681353637327
"TRIM73",8.89577426981132
"FOXP4",8.8882714281289
"MGAT4B",8.87412787216771
"SMUG1",8.86779015488559
"ZNF749",8.864248581009
"STXBP2",8.84736991780286
"ZNF652-AS1",8.84355487046332
"DBF4B",8.84284964957807
"KLF2",8.84203445731028
"KLF2-DT",8.83947623519133
"RPL7P11",8.83468629110191
"SLC12A3",8.83372263837121
"IGHJ5",8.82773335791252
"CASC11",8.82690182236643
"TGFB2",8.82688735032206
"CD7",8.82362293421076
"ZNF445",8.82308654417579
"MANEAL",8.81193193313742
"PAQR7",8.803963858946
"H2BC11",8.80061964886138
"RN7SL789P",8.78801051614878
"BCDIN3D",8.78452931229936
"IGHM",8.78099833811383
"SNX25P1",8.78051772755303
"PLCL1",8.76595961871485
"THAP7",8.76121700481329
"TBC1D16",8.76086586221619
"EML3",8.7583420804322
"HBS1L",8.74453959864245
"MIR5692A1",8.72829871111127
"MORF4L2-AS1",8.71685585200247
"IL1R1",8.70977921076146
"ZNF296",8.70787967574185
"BTK",8.68967457499297
"DUS4L",8.67949454410834
"RNU6-1321P",8.67883229741494
"SFXN5",8.67234791172897
"CIRBP-AS1",8.6628619668935
"H6PD",8.65950439191489
"RPL13AP12",8.65843625153813
"ZNF302",8.65516734486935
"SNORA59A",8.65376579067424
"ACTR1B",8.6525588405515
"SNHG4",8.64108615409012
"TADA2B",8.6402097862659
"DDX39B",8.63624205436907
"LDHAP2",8.63365616855815
"IP6K1",8.63260907300731
"KIR2DL3",8.62974337750206
"FBXL16",8.62745130696248
"NCK2",8.6099627164006
"SLC2A4RG",8.60979117528217
"AATK",8.60222703715704
"RN7SKP271",8.59879210840489
"SLC19A1",8.59731598339245
"GLIS2-AS1",8.59551867088448
"AP2A2",8.59485604020516
"SMAD5-AS1",8.59473523502005
"SLC26A3",8.59458618253962
"RHOXF1",8.59111263110457
"RNY1P10",8.58153541856903
"POF1B",8.58090958764308
"DTX3",8.5738050158119
"TP73-AS3",8.56279336961902
"MIR425",8.56125978080851
"RPS6P8",8.55282644100594
"TSPYL4",8.53865874996944
"RNU6-577P",8.5386058738724
"DCAF4L1",8.52137611283333
"RN7SL209P",8.51141506984125
"TCF3",8.50750687654322
"UTP15",8.50269540857322
"TRBV12-4",8.49853971931424
"TRAJ22",8.49572170868898
"TMEM150A",8.49431690569634
"BRD1",8.48651406942571
"TMEM176B",8.47862998560158
"FOXJ1",8.47337992277814
"NRARP",8.47259546765893
"RPL31P58",8.46788253079879
"RNU6-307P",8.45953437384858
"IFT70B",8.45953437384858
"NBPF20",8.45916756993429
"DRG1P1",8.44763057588296
"TEX48",8.44378442157092
"MRPL12",8.44284622922209
"GSN-AS1",8.43978724986161
"DYRK1B",8.43588390226231
"STX12",8.43221011819757
"AURKB",8.43008869859709
"COQ3",8.42427548126294
"HMGA1P3",8.42363406053947
"POM121B",8.42076181361247
"PDXP",8.41815392769117
"PKD1L3",8.39512389493689
"ZNF567",8.3900100260911
"CDC42P5",8.38763958794892
"COA1P1",8.36239707828118
"MROH6",8.35627984806102
"RPS26P15",8.34891744583593
"EIF5AP3",8.33478342562677
"COMMD9",8.32884896330637
"FAM88E",8.32482272740039
"LINC03060",8.32263044420505
"ZDHHC3",8.32206500242627
"YPEL4",8.31870392664945
"TSPAN33",8.31523152305898
"MT-RNR2",8.30910192716203
"LINC00544",8.30742032824354
"PSMD10P1",8.30188170322452
"LINC01678",8.30062130998222
"RPL21P86",8.3002719448586
"CAPN1-AS1",8.29908042210688
"EFCAB15P",8.29628235917014
"SLC12A9-AS1",8.28900381753632
"LINC02363",8.28896307826474
"SPRYD7",8.28895587617714
"ZDHHC16",8.27715433889399
"PNRC1",8.27487725251017
"PPARG",8.27125596328802
"RNF121",8.24710338641902
"PSMD6-AS2",8.24464069925076
"MAL-AS1",8.23491064445172
"GNAZ",8.22978996145218
"UBXN10",8.22651151060817
"LINC01870",8.22469104130309
"NOTUM",8.22355310363383
"RABGAP1L-IT1",8.22331864923397
"NPW",8.22201098167412
"WIPF3",8.21977123736798
"FAM168B",8.21779207375903
"LEMD1",8.21752501411155
"KDM1B",8.21671969537141
"RN7SKP185",8.21429444220709
"KLHL10",8.21222441986716
"VIPR2",8.21209602155125
"AKR7A2P1",8.2090998788611
"KRT8",8.20778233131637
"RNU2-24P",8.20533059194896
"ZNF862",8.19848293843412
"PLXNC1",8.19361602775742
"ZNF772",8.17976879130405
"THAP10",8.1782225203982
"ARL6",8.17629124804697
"WNT10B",8.17431910320442
"JAKMIP2-AS1",8.17208100780707
"CFAP418",8.15838428761454
"ACAP3",8.1519034312237
"LINC00691",8.1395456704442
"SEC24B-AS1",8.13761687268244
"GNMT",8.13276026868533
"PNMA8B",8.13103184290752
"KCNN4",8.11542975016665
"SNUPN",8.11457786045039
"LINC02373",8.11431502245846
"SMN2",8.1119530205722
"RALGAPA1P1",8.10599918258536
"OGFR-AS1",8.10543749616057
"DPH5-DT",8.08932010582437
"C2",8.08835852063951
"DNTT",8.08658208428864
"HOMER2",8.08231129274814
"TIPIN",8.08163231237557
"MAPK10",8.07826597578694
"FBXO38-DT",8.07159856987015
"FAM30A",8.05893931111287
"FBXL4",8.0541878181525
"EHD1",8.05281456584498
"ERICD",8.04354473527694
"MIR133A1HG",8.0404758862284
"NFYAP1",8.03787985810354
"CAMK2N2",8.02108340950823
"SLC1A3-AS1",8.01732613474093
"RNU2-11P",8.01697819054234
"IL19",8.01683032676559
"HDDC3",8.01274928953096
"ACKR4",8.00977324491495
"NPBWR2",8.0096161521634
"RCOR2",8.0067395308969
"PKIA-AS1",7.99772826099514
"NPM2",7.99422839885895
"NAPB",7.99309585731161
"MEGF6",7.98764447763793
"FAM83H",7.98440308945621
"WDR62",7.98356904834942
"EPHA1-AS1",7.97271072968165
"ZNF837",7.96687273177088
"EHBP1",7.96574938884523
"PIGPP4",7.95272813939726
"LINC02680",7.95227783771249
"RN7SL329P",7.95093024456886
"FIRRM",7.95071829357862
"PORCN-DT",7.94200891923701
"ALDOC",7.9379006081688
"ANAPC1P4",7.93527379326152
"AHCYL2",7.93447903765743
"ALX3",7.9311255735899
"RNU6-31P",7.92441382378129
"CASK-AS1",7.92087568370388
"ARMS2",7.91861668548083
"SNORA74C-1",7.90789565774122
"E2F8",7.90446428378819
"MAP2K7",7.89767483616209
"MAP3K6",7.89025374417337
"RCAN2",7.88713149681748
"MMP23B",7.8857467419623
"PPP1R9B",7.88188197025233
"PPIEL",7.88155389576132
"BCR",7.87829387479914
"ZNF709",7.87429956890545
"ZNF256",7.87171041581984
"DUSP8",7.86465354929004
"TMPRSS11CP",7.85370009788651
"RNU7-18P",7.84969126964699
"CORIN",7.84855776671872
"THY1",7.84110508269798
"NINL",7.82951976478372
"SLC46A1",7.82848602187362
"SPRY2",7.82609500888582
"CMTR1",7.81905615046955
"CHORDC1P1",7.81871339152592
"PLEKHM1",7.81840112977276
"TCN2",7.81812725194018
"TMC3-AS1",7.80756428724456
"ELMO1-AS1",7.80558325401387
"GUCA1B",7.80269331623787
"TIMM23B-AGAP6",7.79442417185072
"MIR4453HG",7.78103506898199
"CDYL2",7.78021846340716
"ZNF461",7.77983679670693
"HMGXB3",7.76592964697097
"SLC46A2-AS1",7.76507563821678
"VDAC2P3",7.76350217764978
"HECW2",7.76167777569898
"MFSD4A",7.75643437891844
"ETV1",7.7520755445401
"RPL18AP2",7.74587239515469
"RFX8",7.7441054233403
"NPIPB5",7.74229970351079
"ZNF251",7.74029643393087
"LINC03078",7.73820235487601
"NDFIP2-AS1",7.73262124479797
"QRSL1",7.72953772466985
"ATN1",7.72583145353747
"VWA5B2",7.72578640758307
"CPNE5",7.71936778817533
"KIRREL2",7.7178790854221
"DSG2-AS1",7.71138299997115
"CIP2A",7.71054468271693
"COL4A4",7.70156538634567
"TMEM244",7.69832057382915
"KRT18",7.69692694900641
"CABLES1",7.69559428114403
"ZCCHC24",7.69454451191099
"ACBD7",7.69117782168907
"WDR89",7.69079326762815
"SNORD6",7.6828290109806
"PRKCSH",7.68023411282689
"ACOT4",7.67973982108803
"C2CD4D",7.67221005967408
"GK4P",7.66777160986952
"RAD50",7.66677325040211
"ATAD3C",7.66394871383716
"NRBF2P6",7.66391769955918
"RNU6-807P",7.65246464853513
"SEPTIN7P6",7.64469046848143
"MEX3B",7.64320836304738
"LANCL3",7.63928148971393
"LINC00598",7.63436867374372
"MUC12-AS1",7.6160835272731
"ERCC4",7.61107438815932
"PARP16",7.60916992232562
"THBS1-AS1",7.60638911972084
"RPL21P5",7.60628523566016
"CBLN3",7.60560329924438
"TRAV22",7.60412799015999
"HMGN1P7",7.60285037827554
"SNORD53B",7.60221814246874
"PIWIL4",7.58151950219823
"MCRIP2",7.5692851959547
"RBM12B-AS1",7.5688778655282
"PRR13P5",7.56625362498418
"CTSD",7.56505815181225
"OSBP2",7.56409900690196
"C18orf21",7.56374205195845
"NCAPH",7.55258421698685
"SPATA1",7.54540871129705
"RPS3AP18",7.54503615914634
"INVS",7.54448839058221
"SLC27A4",7.53872612792978
"TECPR2",7.53824276143232
"CCDC106",7.53271492233969
"BCDIN3D-AS1",7.53051039145066
"COTL1",7.52992755667312
"COX6CP14",7.52656362605459
"CAPN1",7.51641239617397
"IGLV3-1",7.51099404442046
"STAC",7.50246924268605
"ETF1P2",7.49899727490683
"IL13RA1",7.49433582048746
"PHOSPHO2",7.49430207501167
"ZNF787",7.49069866973042
"ZFP41",7.48683319179047
"PTCH1",7.48411134010426
"ALG13-AS1",7.47785252073538
"GNA15-DT",7.47050530882267
"TNFRSF12A",7.46831630424873
"ZC3H12A",7.45916299682634
"RN7SL73P",7.45749516966905
"GBA2",7.45526628546707
"USP30-AS1",7.45054813121468
"B3GALT2",7.4391889364637
"EEF1A1P23",7.43134012632214
"MBD3",7.42917327234931
"TNFSF12",7.42524257049172
"ABCA6",7.42173271036201
"CD24",7.42066153638495
"SRGAP2B",7.41518061577867
"ACTN1",7.41315921284347
"TOP3B",7.40573497627246
"MT-TS1",7.40064304378293
"TRAJ53",7.39124979350137
"MTA3",7.38555328099827
"GATD3",7.38540644666211
"MT-CYB",7.37978690616362
"RWDD2A",7.37965983393418
"PHLDA2",7.37940436222759
"ZNF710",7.37915196637871
"RHBDL2",7.36529309320636
"MALT1-AS1",7.3620049516047
"CSF1",7.34719450770657
"LINC01806",7.33661716762863
"PLCG1",7.33114133770821
"IL26",7.32837013256092
"SLAMF8",7.32516408644255
"PAH",7.32466834237612
"MIR604",7.32430323336453
"MIIP",7.32367482420789
"SLC9A2",7.32210600123227
"MCM8-AS1",7.31690453292312
"ENOX2",7.31578158829915
"RBM27",7.30975139785083
"H2BP6",7.29479744722729
"TRPV4",7.28578537466414
"MPP7-DT",7.28501871587094
"MIR2276",7.28468148433757
"TAF5LP1",7.27949593311479
"MRPS17P1",7.27810857554332
"ADGRL1",7.27271086374975
"BACH1-IT1",7.26531979040989
"NEK6",7.24781989541288
"SLC10A7",7.24086146255783
"GSDME",7.23888461750245
"IGHV3-21",7.23442517853809
"NRBF2P5",7.23410549962626
"EGOT",7.23363851536844
"IGHV3OR15-7",7.2312102063751
"SPIB",7.21849358283127
"BLVRBP1",7.21754242129302
"ZNF160",7.2165332470557
"VAMP4",7.21586709368656
"LINC02878",7.21174254503227
"CSTPP1",7.20974908634494
"SPMIP6",7.18909350172784
"MIR4512",7.17751684075726
"INO80E",7.17650270234578
"KCNN3",7.16342180273912
"RNU4-68P",7.15917059330878
"AIRIM",7.15771500404444
"PLEKHA4",7.15744728964275
"LY6E",7.15221093970813
"C1QA",7.15168330841257
"PLEKHN1",7.14716152755117
"PDPK1",7.14375175174552
"NPB",7.11710553341299
"ITPR3",7.11706600252857
"RN7SL452P",7.10942983854984
"HNRNPCL1",7.10595113965834
"VPS18",7.10374246005927
"ZNF316",7.07374685641992
"SLC4A11",7.06964709122822
"NR1H3",7.06932351851121
"ARL6IP1P1",7.06514401629283
"ERMAP",7.04464000178112
"WARS1",7.03578615067953
"TESK1",7.03362024297722
"INAVA",7.02869237546882
"GLB1L3",7.02017305004636
"ZGRF1",7.01881036340763
"ZNF337",7.00996846408261
"IGLV2-14",6.99771739171262
"RGP1",6.99361296085569
"FBRSL1",6.98226522006481
"PISD",6.97906081891512
"PCSK4",6.9691336605429
"LSAMP",6.95284251557904
"SPACA6",6.9487307531821
"RPL21P134",6.94479353686188
"NUDT2",6.94374382712414
"PPRC1",6.93483584352866
"SUCLA2-AS1",6.93075222651698
"RNY3P14",6.92136248068728
"NAMPT-AS1",6.91871976796901
"SRC",6.91210935909975
"TAS2R5",6.90371634298524
"RING1",6.90319163263194
"PPFIBP1",6.90266061073551
"NME7",6.89983568638396
"RELL2",6.89807580145068
"ADGRB2",6.88932206302634
"RNU6-89P",6.88522852561905
"PPP1R9A",6.87928189512687
"VPS11-DT",6.87302729493681
"WNT3",6.86766936803268
"ENG",6.86718064884904
"CALCOCO1",6.86589310665513
"MAP3K7CL",6.85621496860414
"MYBBP1A",6.85439396040146
"LINC02166",6.82579200267313
"IGHV4-55",6.81535313139278
"PHF5AP5",6.81257804061642
"NCDN",6.80990412506682
"ZNF875",6.8096291013895
"ZNF300",6.80941175169792
"CDKN1A",6.80803886123661
"TMEM129",6.80770138602891
"MYO7A",6.80606688958876
"LINC00200",6.80451052469084
"RPL23AP70",6.80208710906421
"NPM1P33",6.79935614145533
"CCNB1",6.79886077625233
"RARA",6.79772347218596
"RIPK3",6.79172935962398
"IGHJ4",6.78554565279216
"CLIP2",6.78211982235558
"C1QTNF12",6.78140451657147
"HEATR9",6.78094259589313
"PMEPA1",6.77899016549232
"H4C9",6.77856520031071
"PCDH9",6.77817386952628
"PCMTD1-DT",6.77754717501703
"TTYH3",6.77692556892687
"ST3GAL3-AS1",6.77018040602245
"PPIAP53",6.76983385697787
"ARHGAP24",6.76359481883773
"PLB1",6.75999112358726
"FAR1-IT1",6.7548046932367
"RPL36AP30",6.75277587263183
"LINC01977",6.75209609724416
"FUT10",6.74887931740781
"FZD4",6.74489636588132
"HSPG2",6.7432537694896
"RNU7-84P",6.73020664139286
"RHOXF1-AS1",6.72810009549399
"PSD3",6.72014797856996
"C20orf204",6.70745265426736
"TPTE2P5",6.70429085642979
"MYO5B",6.70070068371223
"ATP6V0E1P2",6.69199872146462
"MYC",6.68805027719193
"RC3H1-DT",6.6816457470987
"ADARB2",6.67857096811476
"KLC2-AS2",6.67713099776418
"MYH7B",6.67161219412448
"KAZN",6.66632831370771
"PSMG4",6.66283218366571
"SCYL3",6.66246838796771
"LINC00519",6.66166917613854
"WBP1",6.65777457840807
"ACSL3-AS1",6.6567749294012
"H3C4",6.65670112992501
"FTSJ1",6.65608914999328
"CIMIP2A",6.65282484991361
"PGLS",6.64653018694009
"NSDHL",6.64342788425813
"FAM135A-AS1",6.62336024138982
"LY6G5B",6.62240487755269
"ZBTB3",6.61452777103172
"SLC37A1",6.60967258148599
"SNRPA1P1",6.60919505533382
"FAM174A-DT",6.60859446173598
"UBE2D3P3",6.60712393844369
"ALPK2",6.60580083847394
"ARRDC3-AS1",6.60413631737516
"CLCN5",6.60409974733935
"MCOLN1",6.60289688087201
"CTBS",6.59979922587309
"KRT18P52",6.59246275088262
"MBTPS1-DT",6.59144676088586
"U2AF2",6.57566718220521
"RNU6-881P",6.5707303758123
"MTCO1P12",6.57026763433028
"OR7E126P",6.56866467561298
"THA1P",6.55261179091686
"ANLN",6.5520339143269
"TEAD2",6.54855005199757
"RNVU1-8",6.54303618971296
"FAM216A",6.53991095376915
"PTRHD1",6.53922532143889
"CLCA4-AS1",6.53163193835804
"POLD4",6.52181806878792
"LINC01311",6.52139817077161
"YIF1B",6.51901361917105
"SPATA2L",6.51826795433592
"MIR1184-1",6.51338985309653
"PRMT3",6.50901216565089
"ZNF8-DT",6.49871193880672
"H4C4",6.49651434404332
"ZNF71",6.48919862355127
"PLA2G4E-AS1",6.48701472550629
"RPL21P14",6.48326855434205
"IGHV1-46",6.4791793998958
"ST7L",6.47809920603928
"MOSPD2",6.46895415766921
"RAI2",6.45882519792976
"SPACA9",6.45319505505283
"PDF",6.44834127332728
"NHERF2",6.44791509158685
"TRERF1",6.44238105528435
"CIMIP2B",6.43591734481239
"INTS6L-AS1",6.43018221242381
"HSPB9",6.42826593227489
"TPM3P1",6.42466727672444
"SCRIB",6.42372650757737
"ZNF35",6.42366443620843
"CDH3",6.42321674448112
"TADA2A",6.42288598758631
"POGK",6.42050189131186
"A2M-AS1",6.41609047052594
"MPZL1",6.40827726157738
"FOLR2",6.40215538915939
"ALS2",6.40168696320806
"ESRP2",6.40045698215215
"FOXC1",6.39346684267438
"SLC30A8",6.3923453157013
"CXCL16",6.39109677767567
"C12orf76",6.39095507159893
"MIR3665",6.38484529950248
"DGKZ",6.38399439519218
"MIR1265",6.37986336882281
"TAX1BP3",6.36314856183111
"RASSF8",6.36302312148921
"YPEL5P2",6.35954891679134
"TBC1D7",6.35659666155288
"SLC16A3",6.35347723323214
"BEND3P3",6.35301515401269
"TNNC2",6.35090245519553
"NPIPB3",6.35011619678528
"REM2",6.34872973282243
"RNVU1-27",6.34424085331392
"ERAP2",6.34276059630345
"GPHN",6.33937060903478
"HEATR3-AS1",6.33658283960954
"GNG10",6.33093624598457
"MYO1C",6.32341522884992
"C1QTNF3",6.32304216489371
"ZNF408",6.3220734460122
"TCP10L",6.32034542521231
"NAP1L3",6.31680734684544
"ADGRG5",6.31649989927643
"SERTAD3",6.31305064338517
"RNU1-136P",6.30715833647596
"AP1B1",6.29980189861981
"SF3B4",6.29935438355325
"RNU7-171P",6.29830296232432
"TNNC1",6.29581347531378
"OR7E100P",6.29179754012198
"SPATA17-AS1",6.29146473754623
"CC2D2B",6.29115954557111
"OR3A2",6.28508243478466
"TUBA3D",6.2843144181888
"DIP2B",6.28425364889964
"MTRR",6.28367420467151
"PRC1",6.26877898713802
"HNRNPA1P52",6.26737679578463
"FAM222B",6.26549034415568
"ZNF318",6.26069368859902
"IGSF10",6.25952087900709
"C20orf96",6.23776248546279
"FKBP1A",6.23433047485487
"KBTBD3",6.22706143486977
"IDUA",6.22522390835337
"FAM193B",6.22310859754642
"SMIM14-DT",6.2222254379572
"EFCAB13-DT",6.2179983343787
"RPL7L1P9",6.21351555723762
"MBOAT7",6.2121222303213
"GPATCH4",6.21163259493038
"PYDC1",6.20713906823083
"SLC26A1",6.18218751982655
"PIH1D2",6.18048222986644
"FBXO42",6.17783146317145
"UPK1A-AS1",6.17387770410155
"NIPSNAP3A",6.16892408455993
"SDAD1-AS1",6.16675686770556
"RFLNA",6.15817539619756
"RPL3P6",6.14532158591807
"RNU2-65P",6.14094829730197
"FRAT1",6.13031229213338
"EYA4",6.1255301746974
"LMF2",6.1128017112929
"MIR548H1",6.11075726178799
"CD40LG",6.10952160906957
"PRR34",6.10913476788321
"ADRA2B",6.10770352414737
"QSOX1",6.10676053451352
"INE2",6.0996099108033
"RPL21P44",6.09272531052326
"BSCL2",6.09160521848379
"XG",6.08942374405635
"CLEC14A",6.08928307213315
"RLN2",6.0889872477741
"MIR223HG",6.08622693685595
"ACSL6",6.07861268110397
"DBR1",6.07646406561392
"SPON1-AS1",6.0764389888786
"RNA5SP427",6.07611118970082
"RNF122",6.07363764108615
"TERF1P7",6.07033861335348
"F8A1",6.05962344030139
"HMHB1",6.05549186053249
"RNU6-722P",6.04501872793498
"CDKN1C",6.03382915484713
"LINC02560",6.03360660991226
"TAF9BP2",6.02857379824376
"RDH5",6.02829363576362
"VMA21",6.02635837022446
"ZNF592",6.02536810093665
"ADI1",6.02391909172127
"ACADSB",6.02245168560703
"FBRS",6.01960718311514
"GTF2E1",6.01513815688917
"RNY3P2",6.01116480312342
"ZNF880",6.00886078157168
"RAB11B",5.9938138628919
"MSL3B",5.98965141147133
"NAA60",5.98732348312924
"UCN",5.97987474823695
"CYP26C1",5.96640866028171
"NSUN4",5.95904350191482
"PPP1R37",5.95294654208459
"SLC25A10",5.94661779714449
"MFSD6",5.94334081561804
"VN1R84P",5.93881672935827
"TMEM176A",5.93870550331737
"RSPH10B",5.93695497453072
"SSBP3-AS1",5.93245680188808
"UQCC5",5.92903919905009
"SHBG",5.92821432162365
"ETV4",5.92587169556019
"MAPK13",5.9245274161228
"ATG2A",5.92374888707464
"CDK5RAP3",5.91711931094076
"AP2A1",5.91673447204103
"AOPEP",5.91247677381043
"RNU6-79P",5.9100419255299
"LIG4",5.90981428284615
"FIBCD1",5.90616898454388
"GALNT4",5.89391141471516
"FAM110A",5.89050161252584
"IGLV3-16",5.88995148865934
"MTMR4",5.88610014318245
"WARS2",5.88152987955495
"TMCO2",5.87950779642599
"MTCL2",5.87366122795729
"IL20RB-AS1",5.87309464318385
"THAP5P2",5.8667745083976
"WASHC5-AS1",5.8613494788862
"ARL2BPP10",5.85945289598309
"ASS1P1",5.85781371563632
"SGPP1",5.85244308687783
"MIR5687",5.85172251485482
"NUP35P2",5.85142422582629
"MIR5692C2",5.84749576616636
"ZFYVE28",5.84259088869081
"SESTD1",5.82958565583532
"NUDT8",5.8282245213092
"NCKAP5L",5.8278152322485
"TACC3",5.81935233115448
"POR",5.81462989317566
"KIF23-AS1",5.81355031835967
"IGHV3-36",5.81337322300988
"E4F1",5.81168858024388
"SLC35A4",5.80930482744143
"ZC3H3",5.79788256946442
"INSM1",5.79526828365437
"MAP2K4",5.79164748152802
"ZMPSTE24-DT",5.79133711403971
"GPR27",5.79092723768518
"RNU6-824P",5.79089856914326
"PARD6G-AS1",5.78163340619304
"DOP1B",5.77364807783141
"MAPK3",5.7717856507701
"SPATC1L",5.77045096177581
"SGK1",5.76972772808704
"GLIPR1-AS1",5.76334340636836
"DCT",5.76208704957355
"IGKV4-1",5.76126593258762
"WASIR2",5.75797574893361
"TAF6",5.75757412496833
"TMEM109",5.75397782310922
"GOT1-DT",5.75120968020669
"ORAI3",5.74975834654502
"PFKM",5.74791986725139
"CCDC194",5.74198933307324
"LINC02345",5.7334690837953
"TCERG1L",5.73231008263992
"HDC",5.7317859502498
"STEAP4",5.72154409661313
"MILR1",5.71522057126623
"LINC00892",5.71452167687649
"CASKIN2",5.7132345021222
"LINGO4",5.70792782221011
"LINC01550",5.69851921813826
"RNU6-181P",5.69712168486099
"FIZ1",5.69428196807553
"TVP23C",5.68417797012237
"RAB39B",5.68071115354381
"BMP2K",5.67754386069549
"BLTP3B-DT",5.67317828351645
"SMIM30",5.66884736674897
"PSME2P3",5.66850084154898
"SNORA11F",5.66531436910967
"KLF3P1",5.65930363663094
"LRRC19",5.65904947632181
"HSF5",5.65867873866902
"UBE2SP1",5.65846873448223
"GSTM1",5.65247217106607
"ACOX3",5.64195989120738
"LINC02348",5.63046548546201
"HCFC1R1",5.62359573890251
"STRN4",5.62236924085741
"CKM",5.61389037125852
"ADAT3",5.6088430015242
"GASK1A",5.60853068639836
"SPATA7",5.60428928714637
"RNA5SP128",5.59995332610827
"GTF3C2-AS2",5.59986490040342
"POU2F2",5.59896610253492
"RABL2B",5.59847225884014
"KIF26B",5.59362261263507
"TRGV7",5.58960297437498
"EIF2AK4",5.57173968860067
"BRAT1",5.57029229032164
"MIR762",5.56957366378703
"RNA5SP219",5.56771105010296
"SNX29",5.5668787348458
"KDM4B",5.56580006983103
"ARHGEF18",5.56309405573184
"CCDC180",5.5627786193625
"CYB5R3",5.55832480016495
"XKR6",5.55682068090466
"FBXO34-AS1",5.55677308487234
"EPN1",5.54904288761063
"CLU",5.53991274879683
"CALU",5.53264952869888
"PKN2",5.53082400231412
"APOC1",5.52942735975599
"CSNK1G2",5.52461235094157
"CD276",5.52221592038317
"PCDH12",5.51998363595629
"FBXO6",5.51872166550484
"AFAP1L1",5.50964577237373
"RINL",5.50578140169045
"GNG5",5.50561511232578
"AGAP4",5.5007311920669
"PROZ",5.49949227407165
"PDZD4",5.49920367617411
"A1BG",5.49593801265967
"CLMN",5.49247946996242
"ZNF428",5.49011369318017
"PIAS3",5.48540237874811
"ZNF446",5.48446454468081
"P4HA2",5.47754934416133
"FHOD3",5.47613064566447
"KCTD5",5.47576698235703
"TRGV4",5.46855828876124
"DYNC1I2P1",5.46687386011952
"UBE2S",5.46069234733133
"IGHD",5.4500568398821
"UBR2",5.44886914493171
"PLA2G12A",5.44791933304221
"MMD",5.44563909341936
"MAML2",5.43909922262083
"TUBGCP6",5.43881670259443
"LINC00689",5.43809334035221
"MED24",5.43639488842353
"CAMK2N1",5.43392310552073
"NOMO3",5.43353587490548
"LINC01679",5.43028066646767
"UGDH-AS1",5.42859969404547
"SETP11",5.42801155329527
"RPL21P136",5.42594911373671
"PIK3R5",5.42454355881919
"TRMT13",5.4233451588377
"SNX30",5.4228280231355
"CDK13-DT",5.42018209150324
"SERTAD3-AS1",5.41747167202343
"CASC2",5.41209200417359
"RPL15P19",5.41067327983826
"IKBKB",5.40866787592382
"MIR4422",5.40743575455048
"KLHDC3",5.4002523192641
"NPY",5.39823369207395
"H2BC12",5.39785088080093
"TMEM198",5.39467510933796
"ITGA6-AS1",5.39355917891147
"GAB2",5.38699395196422
"DDX28",5.38608821296577
"GPR174",5.38396283765093
"LINC01993",5.38326099592002
"PARAIL",5.38053708037514
"RPS23P6",5.37419760097574
"SH3D21",5.37113900222333
"PCAT7",5.37024588019077
"MATCAP2",5.36781248502145
"FOXK1",5.3671561491907
"RNU6-611P",5.36701424323252
"BACH2",5.36260823703301
"MIR642A",5.35914652827997
"BCAN",5.34945914965473
"DYRK4",5.34500556682278
"GALNT18",5.34499760885306
"GFOD2",5.34172070937558
"NBPF3",5.34052572837511
"FLICR",5.33043683979627
"ARMC7",5.32782200735637
"ZNF416",5.32416844119958
"ABLIM2",5.32064776177198
"RRS1",5.32018118409598
"USP30",5.30399785027963
"ARHGAP11B-DT",5.30361377243689
"EIF3KP1",5.30223630918386
"TMEM158",5.30005103079412
"PIERCE1",5.29992949678713
"REELD1",5.29730497202588
"TENM3",5.2929225341427
"METTL14",5.28900684524323
"IFFO1",5.28555907378993
"CMTM1",5.28480636420062
"HTRA1",5.28166991943356
"CACNG1",5.27697593678089
"DAZAP1",5.274025877032
"TTI1",5.27386371708813
"SYCE2",5.26992092336051
"PSEN2",5.26781726748608
"MIR210HG",5.2616054022809
"ADAMTS19-AS1",5.26117247387095
"CCDC175",5.26043822524189
"RPL7P42",5.26007879814934
"RNF185",5.25828156507811
"MIR4539",5.25720895002979
"BAHD1",5.25580515688094
"LMLN",5.25505188058674
"ZBTB9",5.25412898497473
"LINC02421",5.25396166741642
"SLC16A5",5.25112354177304
"SLC7A7",5.24949350761236
"HLA-DRB1",5.24624575655787
"SLK",5.24305653717549
"ST3GAL6",5.23017957820174
"KRT18P31",5.22775880449872
"ANKRD16",5.22727393404034
"TOMM20L",5.2214354171882
"TWF2",5.21909894766883
"ZNF598",5.20827712186255
"PRPF19",5.20353868105435
"KCNMB3",5.18900888399202
"TRIM17",5.18715369973961
"FBXO10",5.18524551284205
"QDPR",5.18323188249267
"ANKRD13C-DT",5.18186334695644
"C6orf136",5.18002683308756
"RIMKLBP2",5.17532518555981
"SLC31A1",5.17022028748236
"EVI5L",5.17000772868106
"LINC03015",5.16314729354652
"MIR3936HG",5.15975402410726
"RGS20",5.15849729265895
"MAPK8IP3",5.15670864471672
"VWA7",5.156162296054
"GRASLND",5.15590738529507
"UAP1L1",5.15574669147684
"SPINT2",5.15422314420816
"RNU7-170P",5.14961105907341
"ANXA8L1",5.14586621579767
"DPP7",5.14512373306654
"GBP7",5.1442571568031
"RPS14P4",5.14160265185971
"GIMAP5",5.14129446742255
"SNORA20",5.13012448804974
"PRRT1B",5.12934901664141
"ASB2",5.12719771591464
"ARHGEF35",5.12550501809918
"RASSF7",5.12487500181112
"ILRUN",5.12428383741259
"SMG6",5.12328379862919
"ABCG8",5.12109593473779
"ENGASE",5.11831038862117
"CD274",5.11428159162505
"GLIS2",5.11013096188079
"CYCSP34",5.10977939964566
"GALE",5.10561330540665
"DPPA2P1",5.10244940535309
"RGS16",5.10227230342764
"NUP188",5.09946558494705
"MTHFD1P1",5.097744905356
"MAP4K1-AS1",5.09744557778693
"LENG8",5.09262478937898
"LINC03047",5.0916231078003
"SOCS5",5.08951131561941
"ZBTB32",5.08520882193608
"LSR",5.08420593721203
"PPP1R3D",5.08290798870462
"IL9RP3",5.08017748348442
"P3H4",5.07574461468264
"HISLA",5.07572776432302
"DHX38",5.0745533820556
"VAV3",5.0744818374394
"SNORA72",5.07331814024888
"SCAMP5",5.07148140496492
"TNFRSF18",5.06893096550386
"TFPI2",5.06785351168233
"GRIN2D",5.06668316693553
"SLC5A5",5.06082696197979
"IL23R",5.05698736746792
"ZKSCAN8",5.05060478661636
"RBM42",5.04660423755316
"SYBU",5.04609635742324
"SARM1",5.04393168176778
"LINC02806",5.04153620345343
"CHCHD10",5.04070019948971
"EXOC3-AS1",5.03528310964274
"DNAI4",5.0331410554576
"ZDHHC14",5.03079976509635
"TUBB4B",5.02599726920084
"PAM16",5.0249841435072
"CD151",5.02053866206314
"TEX10",5.02029657353903
"PCBP3",5.01299640714395
"RN7SL76P",5.01292345527908
"LINC02964",5.00970368359445
"CCR6",5.00905116518864
"MTBP",5.00743734056157
"NICN2P",5.00500387206228
"RAP2C-AS1",5.00128606844025
"XKR9",4.99733654332957
"RPS6P25",4.98822881094593
"IGHV2-5",4.98780378963379
"BCL3",4.98116987394477
"ACSL5",4.9798882011825
"MUC5AC",4.97949553899416
"TMEM141",4.97690213919604
"LINC02676",4.97532351785977
"ZNF628",4.97487003038614
"SLC9A5",4.97446448158141
"CCDC17",4.97407240971183
"ZKSCAN2-DT",4.97361399202022
"TRIM7",4.97199784447981
"ZNF75D",4.96979852220647
"SAMD14",4.96350823561755
"FRMD8",4.95754521693374
"CDK6-AS1",4.9574927594924
"SIAE",4.95249946913493
"TGFB3-AS1",4.95117292407365
"BHLHE23",4.95061195860297
"OR7E128P",4.94956790510545
"SAP30",4.9487583139514
"NBL1",4.94789020943767
"IGSF22-AS1",4.94777125744547
"PTGR1",4.9447851542203
"ZNF793-AS1",4.9423820249253
"LURAP1L-AS1",4.94221284699888
"CLASRP",4.93952529263194
"MILIP",4.93282297530647
"MDGA1",4.92708534696277
"GNPDA2",4.92682072084613
"HARBI1",4.92450952001168
"TMEM132D",4.92293175950057
"PPARA",4.9218472991512
"BCL10-AS1",4.92156811317774
"PIM3",4.9107546342557
"KCNMB4",4.90679420637793
"RNA5SP198",4.9064930598012
"DYRK3-AS1",4.90580930503139
"MEPCE",4.90526261246838
"LRRCC1",4.90262465825949
"PCED1A",4.90164476307568
"TRADD",4.89887198147886
"TTC23-AS1",4.89481087895805
"LINC02028",4.89381051732349
"IL21-AS1",4.89363464438679
"DYNC1I2",4.89253225424633
"MIR3155A",4.89108226922443
"ZNF717",4.88637338448209
"PARK7P1",4.8784191539549
"EIF2B5-DT",4.87795059213514
"LINC02983",4.87625284303299
"SLC39A13",4.87489548922174
"H2AC6",4.87487115761807
"RNU6-199P",4.87353343172756
"OSBPL1A",4.86802888208981
"MCRS1",4.8652441410417
"KRBOX4",4.86351872841639
"KATNAL1",4.86293245391411
"ZNF273",4.86117892458474
"TRAIP",4.85935197370939
"YKT6",4.85812899660476
"TATDN2",4.85224733013406
"ENO2",4.85189066958251
"RAB3D",4.84960665271957
"FANCC",4.84812321000678
"EFNB2",4.84783356160169
"IRF5",4.84620372234911
"MEF2D",4.84563701512
"USP31",4.84562502514724
"NAIP",4.8443487305832
"SOX10",4.84262687267344
"DNAAF1",4.84165887559829
"ZUP1",4.8410539853802
"HM13-IT1",4.84012575756617
"SMIM14",4.8368678529429
"TRAJ8",4.83552142191273
"WDR18",4.8331295982045
"CFAP119",4.83183612928814
"SLITRK1",4.83162405166707
"NCMAP",4.83023474852455
"EEF1A2",4.82792760243464
"FOXF1",4.82193528352438
"RNF208",4.82086576683396
"PABPN1",4.81682248723975
"GJD3",4.81228644262658
"HNRNPA0",4.81030850942252
"AGBL5-IT1",4.80584601224144
"NECAB3",4.80516967648772
"LINC01972",4.8047080317663
"RAB31",4.80393011379617
"MLPH",4.80071482619619
"IGHV1-2",4.79743192710565
"MSANTD2-AS1",4.79205630732405
"SPATA20",4.79099242261372
"CPNE4",4.79006876835925
"RNU7-3P",4.78529653175718
"MAPK8IP1",4.78104423218685
"ARSD",4.78052696178082
"YWHAQP5",4.77965633853057
"UBC",4.77878854580037
"JMJD7-PLA2G4B",4.77531408950496
"KCTD1",4.76756366925207
"IGHV3-19",4.7674873105689
"IL32",4.76506766121385
"RCOR1",4.76469352929214
"BASP1",4.75541148433767
"FURIN",4.75299766978542
"OR2I1P",4.74776648473446
"SORD",4.74590888284939
"RNU6-522P",4.74573412535596
"CSNK1D",4.74425845314588
"FXYD2",4.74282507556652
"CTLA4",4.7410522520273
"LYSMD2",4.73978565685248
"RPL34P20",4.73971524785285
"PKD1-AS1",4.73909933401736
"YWHAZP10",4.7316589091051
"IGFBP6",4.73135261732954
"B9D1",4.72603251029949
"LINC02896",4.71815054118491
"ZBTB12BP",4.70858338919722
"RPS6KA4",4.70170417044058
"OR13E1P",4.6995430939614
"RPL18AP13",4.69868419024287
"NELFA",4.69442054042646
"TRBV27",4.68568970979938
"C2orf92",4.68176091019137
"MYL6B",4.6814958554957
"MED16",4.68149442229469
"WASF4P",4.67979155807113
"RPL35AP16",4.66729914278536
"MTND5P2",4.66633033686465
"DQX1",4.66435144212543
"PPP6R1",4.66007982695515
"RAB35",4.65334158516457
"GRK4",4.65214642984299
"MAP4K3-DT",4.65192146231679
"PHF5AP1",4.6515680475984
"XAB2",4.6451088381121
"GPAA1",4.64387394383625
"SNX18",4.64026630004143
"SCGB1A1",4.63992114436902
"PSMD14-DT",4.63853539327537
"ERAL1",4.63777892179512
"DEXI",4.63663945171632
"ZHX1-C8orf76",4.63529430723449
"ST3GAL5",4.63346133338225
"CUBN",4.63333207975063
"LRCH4",4.62859542341163
"PBLD",4.62858955797655
"RALB",4.62692654362105
"LRRC41",4.61653796692182
"MME",4.61438730268623
"ZNF713",4.61437511896299
"LINC02324",4.61403663361912
"C7orf25",4.61330028427263
"LRRC51",4.61327867367243
"STRADB",4.61055015420431
"OR11A1",4.60751333889366
"MFSD6L",4.60404421720112
"SPDYE10",4.60150349552074
"VAV3-AS1",4.6002211673014
"PPP1R12C",4.59542556516205
"ATG9A",4.59376973918082
"P2RX5",4.59157358745931
"SWT1",4.59028799691845
"AKT1",4.5875504633207
"DAP-DT",4.58680281387083
"KLC2-AS1",4.58506399859107
"ST7-AS2",4.58120075890394
"TOR4A",4.57965110796128
"SCAI",4.57711183575592
"IFT22",4.5765323296824
"SEC13P1",4.57567001758757
"HSALR1",4.57301666084665
"MYPOP",4.57200502401375
"DNHD1",4.56952996520022
"ACBD4",4.56869319582276
"PLP1",4.56808181421569
"PYCR3",4.56675477491958
"STK32B",4.56347863570821
"CHAF1B",4.56313589624715
"EFCAB8",4.56274848819631
"MFSD13A",4.56119539031144
"RNU6-854P",4.5610240404208
"SLC49A4",4.56077927699856
"ATL2",4.55366622519208
"NUCB1",4.54991590394894
"MUC20P1",4.54971537108236
"TRAJ50",4.54643971607032
"CD2AP-DT",4.54619540380519
"ZDHHC1P1",4.54598609029461
"GANAB",4.54220353895783
"SLC25A32",4.5408866553371
"SETD7",4.54054090694711
"ASPDH",4.53903947392799
"TMEM204",4.53658139483827
"PPIC-AS1",4.5341024413129
"SLC35A5",4.53320723646925
"PGLS-DT",4.52876254194238
"KHDRBS3",4.5258099428261
"YTHDF3",4.52433451911511
"APBA1",4.51998558156181
"TMEM65",4.51982854860083
"LINC02768",4.51574557146757
"FCHSD1",4.51380030595887
"FAM89B",4.51353520852922
"IRF7",4.51239452389134
"LINC03016",4.51173901503183
"TM4SF1-AS1",4.51089691404513
"MAPK9",4.51028933348409
"ROBO1",4.50705416886708
"MIER3",4.50658408350723
"ZCWPW1",4.50125156625691
"HSPE1P13",4.50051905871632
"RNU1-134P",4.49837317857051
"SPATA31G1",4.49743750944408
"ZNF225",4.49547037830318
"CCN3",4.48868372986268
"ABCA3",4.48800045501299
"CHEK2",4.48651381103243
"IER5",4.48562978417593
"TRIM7-AS1",4.4800177474412
"RNU6-484P",4.4769232499214
"IGHMBP2",4.47683724109674
"RBFOX2",4.47483054448998
"LRWD1",4.47285129142071
"RNU5A-3P",4.47080912691736
"MKI67P1",4.46571441638583
"PHACTR2-AS1",4.46220579073284
"ZNF552",4.46093271483938
"AGA",4.45827970360824
"CORO1A",4.45564718006297
"ZNF865",4.45264203493733
"ETS1",4.45167703008945
"LZIC",4.44461557085679
"UMAD1",4.44348307950755
"MID1IP1",4.44298791077289
"NPIPB11",4.436208358395
"SRRM5",4.4355330906447
"SPNS1",4.4351426255903
"GRIPAP1",4.43462810639793
"GPX1",4.4318662446722
"ABCB8",4.43152675846988
"C3",4.42785257842375
"KLF8",4.42565023019794
"MRPS18B",4.4243391079168
"FEM1C",4.42078305131735
"GNG13",4.41705271786615
"GNAI2",4.41623738162556
"MBLAC2",4.41185412961053
"PPIAP73",4.41089711950736
"LIPE-AS1",4.40966687307265
"NIBAN3",4.40872857714524
"CRYBB1",4.40846418760222
"TMEM14EP",4.40755915486345
"POMC",4.39891411223554
"DNAJC18",4.39717881724361
"CCDC102A",4.39683132385062
"RPL35P3",4.39542916838113
"APOA1-AS",4.3910538695046
"ARL14EPP1",4.39080163044241
"NHEJ1",4.38897801648838
"THBS3-AS1",4.38503899965529
"LINC00877",4.38440615170381
"DTNBP1",4.38085387664869
"ERF",4.37800534263462
"KLRC2",4.3779553552359
"SPINDOC",4.37721793033847
"SRD5A3",4.37074698981494
"GNAL",4.36791784167865
"SH3RF2",4.36790253611507
"TMEM64",4.36640979431749
"REC114",4.36369871016805
"AAAS",4.35416470335823
"ATP6V0D1",4.3467915135015
"RNA5SP351",4.34463992284843
"RN7SL767P",4.34449559766502
"EXOC2",4.34291270232022
"LINC01315",4.34110692936862
"ITPRIPL1",4.34090591039344
"DEPDC4",4.33882023084799
"JADE2",4.33729467332155
"MRPL45",4.33644253875742
"LINC01031",4.33486615582134
"LINC00996",4.32854827093763
"ANO10",4.3273692253731
"CDC42BPG",4.32438233741784
"RASA2-IT1",4.32131147563452
"TTC9B",4.32085196848641
"USP21",4.31872243136876
"CORO2A",4.31645117798088
"IL23A",4.31614108402709
"PIGA",4.31571783167202
"MED14OS",4.30891201595089
"FST",4.3058382056073
"ZDHHC21",4.30103810438267
"CHTF18",4.29514923002175
"TSPAN13",4.29255988681878
"ATP13A1",4.2886432562286
"EXOSC9",4.28704493547572
"BTG1",4.28333291231414
"UPF1",4.28210100763274
"ASCC1",4.28126249035679
"EXOSC5",4.28011576211772
"LINC00511",4.27986252057686
"MS4A1",4.27616804695571
"PRCD",4.27483844997134
"RBMS1P1",4.27443867460165
"STKLD1",4.27201505076703
"RNA5SP20",4.26879498669085
"ARMC2-AS1",4.26780131242604
"RNU6-422P",4.2674497213875
"AGBL2",4.26705162163331
"PACSIN2",4.26022758176839
"NAF1",4.2563381806737
"TMBIM4",4.25479979044975
"POLR3F",4.2526772497542
"ABHD17AP5",4.25185545301789
"STYXL1",4.24734926154153
"NABP2",4.24719046595997
"CUL9",4.24345109888207
"ID3",4.23961462041852
"SNORA58",4.23920846454347
"NTHL1",4.23220326516669
"JKAMP",4.23169088363394
"SYCE3",4.2309488313239
"COPS7A",4.23081442873392
"DPYD-AS1",4.22972488340261
"NUDT3",4.22342561443526
"DUX4L33",4.22063367495316
"DUSP5-DT",4.22000111283926
"ENO4",4.21748850430699
"GABRR2",4.21617165766657
"P4HA1",4.20932404060823
"ZDBF2",4.20408821401152
"SPAG8",4.20335267544362
"NUDT17",4.20102415153343
"ACTG1P14",4.19921174816698
"CYP51A1-AS1",4.19917716177105
"ATP6V1E2",4.19818976670041
"GLUL",4.19393466512108
"RASAL3",4.19181843066605
"RNF167",4.1901123184663
"COL5A2",4.18984415217734
"CST3",4.18913903602555
"WDR83OS",4.18754723307128
"VSIG1",4.18471765408675
"PELI2",4.18284614289066
"MARK2P8",4.1827384196041
"RPRML",4.18165241895973
"MAS1",4.17560580879265
"TMEM250",4.1752439402985
"NFKBIL1",4.17345063635665
"KLHDC7B-DT",4.16937876639613
"RBFOX3",4.16885676995324
"TSC2",4.16836020008622
"HMG20A",4.16077120390894
"HNRNPA3P2",4.15913270530282
"SC5D",4.15793594888813
"HRNR",4.15772507541487
"RNA5SP68",4.14987379014716
"FOXD3-AS1",4.14588708825396
"ZNF544",4.14426845360174
"XIAP-AS1",4.14277768984777
"TSPAN15",4.14277118577235
"GFPT2",4.13591663847268
"IGFBP4",4.1351603243834
"ZXDC",4.13439337239983
"PPTC7",4.13041394557216
"SPSB1",4.13034592487409
"C8orf33",4.12524815195991
"YBEY",4.11985804634548
"SMG1P6",4.11865906848992
"REXO1",4.11748471244427
"PXDN",4.11650908616742
"ERH",4.11540738978427
"ZNF282",4.11509984744412
"PPM1N",4.11372640394176
"ARHGAP22",4.11315721755172
"RPL21P123",4.11244578570316
"FBXO44",4.11095412832716
"ENTR1",4.10997490083553
"RNU6-918P",4.1058151064441
"CT45A11P",4.10467603239608
"MTRES1",4.10391405916435
"FLNB-AS1",4.10179876219243
"SOX18",4.10056252542951
"G6PD",4.09779026416594
"TBC1D15",4.09644696247894
"ACAD9-DT",4.0787578926133
"SLC12A8",4.07849811018631
"POLR1E",4.07643932274625
"GPX1P1",4.07423579468661
"IER5L-AS1",4.0720826833088
"HDHD5-AS1",4.06812095285249
"TMEM183BP",4.06585891648517
"PDE6B",4.06229921799623
"SF1-DT",4.06183208104526
"MVP-DT",4.0613451191528
"CAAP1",4.06060808299474
"ZC3H12B",4.04697122686905
"SLC52A2",4.04031032131822
"IER2",4.03446136364427
"APOBEC3D",4.03128790618916
"RNY1P16",4.03072024217245
"FKBP14-AS1",4.0266468787973
"FRMD4B",4.02301012937511
"PRDX3P1",4.02269812400948
"KRTAP16-1",4.02118006428358
"FNDC3B",4.02115816499177
"PEX1",4.02034467130367
"SH3GL1",4.02028955486837
"GPR83",4.01996850038645
"TAB3-AS1",4.01543034042778
"RARRES2P4",4.01246597165724
"ZNF519",4.01193079715344
"ZDHHC24",4.00957951972157
"ATXN7",4.00771723397309
"ITGAL-AS1",4.00746265852018
"C2orf42",4.00605766804248
"SNN",4.00586396371679
"LINC01214",4.00272555414011
"KIAA1217",4.00143481849392
"ESRRA",3.9982607734982
"WDR46",3.99655923027259
"EXOC7",3.99624055828631
"FALEC",3.9945888411349
"ZBED6",3.98870156010868
"LINC00304",3.98824861179676
"RAC2",3.98662324596247
"MRPL2",3.98657757278414
"ABLIM3",3.98597884845755
"LTBP2",3.98355875532675
"MNS1",3.98302498474856
"CCDC144A",3.98264607504192
"SQLE",3.97869607650498
"BBS1",3.97650223353751
"PPIAP19",3.97309966536307
"TENM4",3.97308055949554
"KIFAP3-AS1",3.97256646503735
"FOXA3",3.97058182807016
"ABHD17A",3.96683507673896
"CHKB-CPT1B",3.96677372214781
"RAB11FIP3",3.96642721818571
"ANTKMT",3.96311392623235
"DPH7",3.96303654743819
"VEGFB",3.95998001639857
"DCAF17",3.95828465043122
"TRBV5-1",3.95704374864063
"LINC00630",3.95490263167182
"DAB2IP",3.95169870894089
"SPDYE5",3.94883795333905
"ESAM",3.94855710280929
"MGAT3",3.94810841718706
"GAPVD1",3.94671459643996
"SPIN1",3.94429652420631
"DPP4-DT",3.94193156960763
"ABHD16A",3.93803116034369
"THAP6",3.93409282308236
"PSME3",3.92887615968104
"PAGR1",3.92753423866037
"ZCCHC8",3.92400922255373
"ETS2",3.92093586095341
"CLDN5",3.91949989296751
"KDM6B",3.91295034895466
"RPL21P48",3.91037482416415
"TRIM44",3.90602142955842
"SAMD1",3.90575612577519
"PDE7A-DT",3.9019978066374
"ZNF730",3.89917883566595
"MRAP-AS1",3.8972691232652
"RNU4ATAC",3.89686234048039
"AFAP1-AS1",3.8915588021757
"PIP4K2B",3.8885088185703
"TRBV7-5",3.88515559514799
"BCL6-AS1",3.88425470226237
"LINC02390",3.88282898821373
"THY1-AS1",3.88205759554771
"LINC00578",3.87955567249828
"SLC30A6",3.87861840354686
"CDK16",3.87738451401378
"RPL5P8",3.8747308571243
"RAP1GAP",3.87225592723286
"LINC02693",3.86933772942685
"RASGRP2",3.86897908172698
"SCMH1-DT",3.86870384564478
"ERICH6-AS1",3.86694105021162
"FLNA",3.86400445899593
"DOCK9-AS1",3.86321320681504
"SDF2L1",3.86315537176672
"ZMYM6",3.86067925495955
"CPEB3",3.85985369693958
"ADORA2A-AS1",3.85898942010338
"SAXO5",3.85732692331872
"APBA3",3.85482585534145
"RNF44",3.85351631942364
"FOXF2",3.85313096766632
"FAM110D",3.85080397562668
"BANP",3.84977011148964
"SMG6-IT1",3.84975264154073
"SLC30A1",3.84841858655236
"TMEM127",3.84611173187041
"RASL11A",3.84610361347743
"TRBV19",3.84398761611785
"PPP2R5D",3.84317503036045
"SPAG4",3.84269518407222
"JAKMIP1",3.8404975438858
"ST14",3.83738626820407
"BMP2K-DT",3.8315585556694
"TAF4",3.83070982735831
"BLNK",3.82721592184238
"AURKAIP1",3.8266610513014
"MITF",3.82502482948064
"CEP43",3.82357500372604
"CHODL",3.82199601640872
"LINC02531",3.82031741152634
"IL21",3.81899536426144
"DLL3",3.81611226222466
"MAP1LC3A",3.81318549966293
"RN7SL230P",3.809764267648
"ELAC2",3.80894275519198
"MIR7850",3.80505609606102
"HLA-F-AS1",3.80432941511553
"ARL4AP1",3.8020080222086
"EID2B",3.80061326131246
"FBXO8",3.79976994819584
"SPECC1L",3.79666918509871
"PAXIP1-AS2",3.79652632793745
"TRAV16",3.79279277101564
"MIR6750",3.78197603862407
"CNNM3-DT",3.78187060103661
"JAG2",3.78012241375966
"IFIT3",3.77891107850463
"RNU2-58P",3.77676738279654
"EPHA1",3.7757125168786
"SAMD4A-AS1",3.77387065693583
"CBR1",3.77367902153133
"CEACAM16-AS1",3.76481289257398
"FAM3A",3.76328763953733
"HYOU1",3.76170013276325
"RC3H1",3.76154526323681
"ZNF852",3.7608214416291
"SCAMP4",3.76051823540335
"EIF4EP1",3.76039107854095
"CIMAP1B",3.75826076090987
"SMAD3",3.75419181166309
"MIR4505",3.75065607865053
"CENPS",3.74948435704902
"IPO4",3.74810948528468
"ZNF254",3.74764936050029
"MMP25",3.74075202273002
"IMPDH1P10",3.7401910477138
"TMUB1",3.7369071255661
"SERPINC1",3.73575677333678
"PRRC2A",3.73456044066527
"TMOD1",3.73288378145305
"H2AX",3.72919611433827
"UFL1-AS1",3.72882176250414
"FHAD1",3.7276209805593
"TCEA2",3.72573066933322
"PRR19",3.72540694923849
"OXR1",3.72305288278348
"TM2D2",3.71884883204408
"SLC2A11",3.71867863069292
"RNU6-1099P",3.71618602098225
"CNOT3",3.71537918376934
"TUBBP2",3.71354110927354
"MUC12",3.71340449292269
"LRRC26",3.7106575648653
"TMPRSS3",3.70458257126808
"MIR103A1",3.70167714229259
"EVA1B",3.69674069042217
"LINC00654",3.69562541105037
"CLCN7",3.69305092514081
"AP1S1",3.69141012637145
"FASTK",3.68759193069059
"MYOF",3.68639065794051
"HLA-DMB",3.68550603110036
"TRBV6-6",3.68458555127409
"SPRED2",3.6814540109074
"OAS3",3.68051835187075
"FAM182B",3.68019759356405
"CSRNP1",3.67748553587752
"SIGLEC1",3.67307933600656
"DPY19L2",3.67145940182306
"TTC24",3.67042088915498
"PSMF1",3.66265574546901
"RNU5A-1",3.66154604391485
"NUGGC",3.65841340760574
"CASQ1",3.65173002315305
"CD83",3.65112708223182
"RNU6-808P",3.65038766757587
"HOXB-AS1",3.6454910045723
"UBTD2P1",3.64547764763712
"RRAS2",3.64176641021896
"CEP76",3.64073025804254
"CDK12",3.64060318634025
"CAPG",3.63739477894546
"CHPF",3.6331559050204
"DTX2",3.63060116373295
"IGHV3-74",3.62943225394838
"NMRAL1",3.62925738479756
"LEF1-AS1",3.6287922996848
"LMO2",3.62639017119709
"RPRD1B",3.62535108967786
"KIAA0513",3.62403575894218
"TOLLIP",3.62333513295569
"SUGT1P2",3.6223794371814
"TBC1D8",3.6211507937874
"SHKBP1",3.62052626750867
"TMEM190",3.61737054893987
"GLYCTK",3.61735449466761
"S1PR1-DT",3.61691871359381
"FCGRT",3.6152755222152
"ZNF32-AS1",3.61224414210726
"NUDT22",3.61158701031658
"NDRG2",3.61132714911772
"PRRG2",3.61121631670456
"MROH1",3.61103464598868
"LRFN4",3.6105471634409
"PTP4A3",3.60999626114392
"MSANTD2",3.59980190210611
"AQP3",3.5995023828927
"STARD10",3.59626218984861
"RNA5SP370",3.59446694250863
"TMEM229B",3.59420937622415
"NLGN4Y",3.59388362560165
"SLC25A1",3.59367663025129
"MIR6855",3.58806509574895
"UBR5-DT",3.58620996319111
"CCDC88B",3.5851892184841
"PLCB2",3.58326223051328
"BCKDHA",3.58320607738829
"LINC00310",3.58312129790371
"ASTN2",3.58297945301016
"GPAT2P2",3.58227519798748
"ABHD1",3.57997575387977
"PALS2",3.57944848589294
"WWOX-AS1",3.57790018706811
"GPD1L",3.57637713176776
"DPYD",3.57356994477887
"GPSM3",3.57165888028492
"FAM131B-AS2",3.56777651808334
"TRDV1",3.56176371621978
"APOA1",3.56080098303802
"CTBP1-DT",3.55706387208305
"ARL3",3.55487099116765
"PPP4R2P5",3.5548134710332
"ROCK2",3.55469826710304
"MRGBP",3.55417506296088
"DPH1",3.55245264104623
"HOMER1",3.55244753233338
"NEK9",3.55186518455723
"STARD6",3.55135490623265
"TRPM5",3.54795502401436
"TMEM72-AS1",3.54768290018224
"RPUSD3",3.54757960786277
"KRTAP5-1",3.54611226357582
"EGLN1",3.54528617345908
"RARRES2P2",3.54528609180117
"CDK20",3.54496039708143
"TMEM185A",3.54031179314102
"GDF7",3.53983398602426
"IGHV3-7",3.53914519073061
"IL18R1",3.53753806354927
"SLAMF1",3.53298210998388
"KRT85",3.52892545313674
"TIGD4",3.52849865810794
"ALMS1",3.52671498567161
"CCNYL7",3.52603183091352
"ZNF503",3.52394338042666
"CCR3",3.51954329765613
"RPS26P41",3.51773195859449
"RPS3AP3",3.51597394180013
"SDR39U1",3.51238625385158
"LINC02688",3.50713582010774
"FAAP100",3.50415592871623
"RPL7P21",3.50395846806356
"ORC1",3.49347055767972
"ACTG1",3.4923805652892
"B4GALT4-AS1",3.49072909796897
"TRIM66",3.48750573278363
"UVRAG",3.4791827943034
"MHENCR",3.47500264434093
"GRXCR2",3.47496377791977
"RTN4RL2",3.47204350478727
"AMDHD2",3.47169659487375
"ZNF554",3.47136618250594
"TRBJ2-6",3.46931798082171
"TPGS1",3.46798598460711
"S1PR4",3.467680422511
"NECTIN1",3.4674052722778
"PROSER3",3.4657464202739
"GPRIN1",3.4655263415918
"HLA-F",3.4579928870771
"ZBTB44-DT",3.45261159895863
"MEMO1",3.45238391315134
"PYCR2",3.45180824749535
"TGFB3",3.45130062302557
"C1orf115",3.44937546535879
"CCDC144CP",3.44672414782028
"ARHGAP11A-DT",3.44170308325389
"SELENBP1",3.44143545751334
"MROH8",3.43767148935052
"ZNF571-AS1",3.43514870273735
"CTBP1-AS",3.43494613235784
"USP6NL",3.43452300766436
"FAM174C",3.43411268237725
"HEXD",3.43110021551854
"KCNK7",3.42983564078722
"TMEM269",3.4295349369631
"SQOR",3.42864845331424
"SIRT2",3.4277875378395
"STAP1",3.42663026172745
"TRAJ24",3.42629119403741
"METRN",3.42611882452977
"PPAT",3.4254959094729
"NOS1",3.42323393628401
"HCG18",3.41960543557965
"SDF4",3.41769896671752
"CD53",3.41565559420757
"ACTB",3.41480506096712
"NFKBIE",3.41447563749531
"FAM72A",3.41382612890709
"MT-TD",3.41375683524138
"LY75",3.41048317168769
"MIR4646",3.40951484544812
"SNORD3B-1",3.40602567918104
"STK25",3.4054553837753
"ZYG11A",3.40348101834928
"HSD17B4",3.40342216337775
"TSPAN17",3.40316799340176
"PIGG",3.40125689569128
"ICAM3",3.39816496579444
"ZNF76",3.39789295360849
"AP5S1",3.39685343531256
"POLR3GP1",3.39447780221431
"RNU6-686P",3.39258886995545
"ELAPOR1",3.39232272250094
"RIMOC1",3.3923129347934
"CCL2",3.39142103372985
"TRIM8",3.39127660186105
"IGLV3-6",3.39105095372224
"TRAJ13",3.38990794159438
"AP5B1",3.3878379362627
"AP5M1",3.38632424589067
"VSIR",3.38575661204351
"TOR1B",3.38537671442396
"RUFY1-AS1",3.38441122483242
"ZBTB7A",3.38331216380919
"ABHD17AP1",3.38246580037924
"AFF3",3.38226406865896
"CRTC1",3.38173416927619
"TMEM185B",3.37601644491196
"MRPL35P2",3.37534231815481
"PDLIM7-AS1",3.37479686991184
"SRM",3.37477792690759
"GCA",3.37276120671117
"DMAC1",3.37176886813766
"PLSCR2",3.36915463986473
"SCX",3.3653124503572
"IQCE",3.36165353861922
"TMEM11-DT",3.36142969411861
"PRELID3BP5",3.35340035328186
"IL6R",3.35320312461818
"DPF1",3.35301043255192
"HLA-DQA1",3.35290166974439
"ZNF232-AS1",3.35157161487363
"KIF13B",3.35110423976687
"CDC34",3.35058854265754
"NLGN3",3.34799990570964
"SLC66A1",3.34642381742906
"SZT2",3.34227021195961
"LINC02323",3.34089753502503
"EEIG1",3.34022072494227
"ASAH2",3.3400543579503
"SNORA70D",3.33899467803983
"CDCA2",3.33897108165437
"ZNF317",3.33887304427712
"SH3PXD2A",3.33867520164344
"LINC00863",3.33840541976246
"GALT",3.3369145168791
"PROSER1",3.3356878315465
"SAMD12-AS1",3.33425013649893
"MIR7854",3.33414291961774
"PTTG1IP",3.33398125366587
"SANBR",3.33300540230494
"NEMP1",3.32983221638377
"MTCO3P12",3.32973045309458
"UST-AS2",3.32766295744968
"ZNF672",3.32632439511935
"ANKRD23",3.32431503235983
"ARHGEF1",3.3240219582047
"RARG",3.32265821997897
"TRIM31-AS1",3.32227408814379
"TBC1D19",3.31385936343937
"DNAJC3-DT",3.31201303743129
"NOXO1",3.3090242143723
"H3P13",3.30889227356614
"MDP1",3.30855722321117
"YDJC",3.30851725031203
"CAMK2B",3.30551503564064
"SOBP",3.30396649600393
"LINC00608",3.30198002515167
"ABCB10",3.30072369288686
"CTCF-DT",3.29582038510252
"IGHV3-71",3.29415086225749
"PLA2G7",3.29390986752382
"ABCA2",3.2899022445132
"SND1-IT1",3.2857344655651
"CSRNP2",3.28476336388601
"RPL39P26",3.28311721708755
"GPANK1",3.28211597993976
"MPDU1",3.28122519526716
"MZB1",3.28082125032561
"TANC2",3.27849529381878
"RFT1",3.27554415215132
"TRIM47",3.27089438508844
"DPP3",3.27047737493567
"ACAD9",3.26990559094027
"L1CAM",3.2674712674648
"BCAR4",3.2660844954736
"GMPR",3.26560392314016
"PRRG4",3.26234408046768
"GUCY2C",3.26168105173334
"PRKCQ",3.26072773670542
"CCDC142",3.25664801611157
"MROH5",3.2566253559393
"LRRC24",3.25557298956598
"TFEB",3.25547421163115
"FBXO5",3.25252983135398
"UBXN7-AS1",3.2484909931532
"MRRF",3.24808314385702
"ARMC12",3.24482666044604
"HPCAL1",3.24441441428414
"VTI1A",3.24374300738448
"ACBD3",3.24334903303917
"VNN2",3.24316959862872
"AK4",3.24268428234594
"FAXDC2",3.24126704774188
"MEF2C",3.239189614128
"ADAMTS4",3.23712706038044
"ZDHHC17",3.23434718113406
"TNFSF8",3.23274584940912
"TRAF4",3.23237112545871
"TRIM62",3.23099885286493
"WDR24",3.23061272813139
"GASAL1",3.22912628322652
"MAP3K11",3.22911497361103
"ARHGAP11B",3.22696030037336
"PTPRN2",3.22651190165594
"TMEM222",3.22455076075511
"NPPA",3.2237056748846
"MIR6719",3.22175703482599
"TAMALIN",3.22125859180559
"HCG14",3.22090323669185
"RNU7-40P",3.22066785089439
"MFSD14A",3.21934200513449
"GOLGA6B",3.21597632185678
"NCAPD2",3.2129949830491
"CHRNA3",3.21229618526638
"SCAT2",3.21163883425582
"NETO2",3.20980139433844
"SLAMF6",3.20912018741134
"HOXB2",3.20796970836128
"WDR41",3.20752056257278
"ZNF587",3.20679826886439
"PLEKHJ1",3.20589883242682
"HNRNPCL3",3.20580612180136
"PKM",3.20454199413155
"UBN1",3.20431034683567
"PTPN6",3.20414838895608
"MRPS36P4",3.19529748498182
"KCNMA1",3.19131576279001
"FKRP",3.18838128624021
"LINC01001",3.18758698269266
"PEA15",3.18697781639582
"ZBTB6",3.18169859372022
"TPRG1-AS2",3.179967681902
"TLCD3A",3.1791939043671
"NPC2",3.17888520385925
"MRPL57P3",3.17755528962147
"COMMD4",3.17642977573992
"CASC19",3.17495603768103
"FSCN1",3.17257991423859
"ADA2",3.17183118258602
"FLACC1",3.17143203484642
"VPS25",3.1683653584476
"MIR378H",3.1604349819219
"SNORA80A",3.15934894004778
"COQ4",3.15868364225712
"MRM1",3.15727902230988
"CTBP2P2",3.15651321053101
"GAPDHP62",3.15640974759336
"LGALS9",3.15519965007732
"TAS2R31",3.15469700993009
"WRNIP1",3.1516594623505
"KRT18P4",3.14972326469951
"EMSLR",3.14902688789651
"ELK3",3.14860741980756
"PLEKHO2",3.14837249434071
"LY6E-DT",3.14695942634266
"WARS2-AS1",3.14625244345497
"TRIM31",3.14430502931987
"MTURN",3.14370131236316
"ATP6V0CP4",3.14276446844954
"BMS1P4",3.14077317561644
"MXD4",3.13894840305959
"SUMO2P10",3.13265354735551
"ODAD2P1",3.13107921875326
"RN7SL192P",3.13107921875326
"MIR544B",3.13010367931963
"CYBA",3.12776993231119
"SNRPEP4",3.12604227931027
"PHF10",3.12546988189945
"ING1",3.12525740250139
"MIR548AC",3.1249244491021
"TMEM30A",3.12346488306967
"FOXD2-AS1",3.12308797788522
"USP34-DT",3.1210992281143
"CHRNA6",3.11931699779141
"GAB1",3.11916754059255
"C1orf159",3.11776123845418
"SH2B2",3.11753655657439
"TPD52",3.11648469804559
"CDK2AP1",3.11438059428125
"KMT2D",3.11172437312121
"CLIP1-AS1",3.11085661265912
"SLC24A1",3.11077080048962
"PYGO2-AS1",3.1095882705577
"FAM131A",3.10950349331494
"ZNF19",3.10733597798061
"WDR53",3.10676316585318
"RNU7-50P",3.10675092107159
"XPR1",3.10595937519227
"GAPDH",3.10531419763586
"DUSP19",3.10483850762101
"EFHD1",3.10454017455002
"NPM1P46",3.10058702982231
"MTOR",3.09978585187733
"KDSR",3.09630570525966
"VPS13A-AS1",3.09580365226307
"HMGN1P28",3.09555578420391
"PIK3R6",3.09434210978593
"SLC45A4",3.09299983960942
"BOP1",3.09196761164101
"HPS6",3.08892077997547
"KCNAB2",3.08530204273986
"TAP2",3.08514478815951
"MIR4746",3.0830676135592
"EIF4HP1",3.08214313475886
"TMEM236",3.08080331687439
"COL4A3",3.08078501985459
"ING4",3.0799178075843
"EXOSC10-AS1",3.07523671434021
"TP53I13",3.0748905145194
"CCNY-AS1",3.0734978789668
"RPL10P5",3.07328717119683
"VPS35L",3.07244881714913
"NXF1",3.07230275573558
"FAM184A",3.06967554809404
"BCL11A",3.06406864531282
"NIPA1",3.06406238479682
"MYCBP",3.06271545753697
"FMC1",3.06114912777352
"IQCN",3.06074096942914
"LRRC32",3.06012525547676
"EP400",3.05822179796229
"WFIKKN1",3.05721301138843
"CORO1A-AS1",3.05689722323579
"FBXO9",3.05677304011505
"SIN3B",3.05591518198098
"MEGF11",3.05492706414708
"GOPC",3.05447402952164
"EOMES",3.05364996248389
"MCAM",3.05294567252099
"NECAB1",3.05039189814002
"KHNYN",3.04963295523028
"MIR7848",3.04803651950115
"PFKFB3",3.04765991053329
"TM9SF1",3.04705586810503
"MIR642B",3.04656246130658
"RAB7A",3.04235957994853
"CACNB1",3.04160597923525
"MOXD1",3.04060175056285
"LINC00867",3.03991190763239
"TKFC",3.03793388779346
"MEMO1P1",3.03442676474663
"PYGL",3.03430441823948
"RPS2",3.0334840870444
"HDHD3",3.03030010937906
"RAB37",3.02904378133538
"PTMS",3.02862655419442
"WDR54",3.0267888977938
"RBBP6",3.02405262842703
"ZNF747-DT",3.02271354775119
"CAMKK1",3.02053461261746
"RNU6-395P",3.01725897185004
"BLK",3.01471199283843
"PDCD2",3.01187327693247
"BTRC",3.00907467662228
"NDUFAF5",3.00774730752385
"LINC01521",3.0076297229885
"SLC12A2-DT",3.00535828503691
"SLC35C2",3.00530989418929
"PKN1",3.00428319765483
"CTTN",3.00372681641931
"MIR142HG",3.00307627640936
"KDR",3.00233102056214
"SLC4A8",3.00126177992076
"FOXD4L5",3.00126148984759
"AOC2",2.99933134166211
"UBASH3B",2.99839443235885
"FHIT",2.99758053513598
"RNU6-583P",2.9923071463607
"CD2BP2-DT",2.99184379702499
"GPN3",2.99165017580124
"PPOX",2.9912872198531
"PRSS12",2.98881293082286
"ABI3",2.98550925969394
"GRAPL-AS1",2.98550125536059
"HRG-AS1",2.985339605903
"NUP50P2",2.98466808127063
"ATXN1-AS1",2.98301154450119
"CD27-AS1",2.98271475133288
"ACAA1",2.97708965787492
"SNORD101",2.9743061641888
"FOXD3",2.97101171008488
"ARID5A",2.97069655629257
"PPP1R35",2.96908495471575
"MPST",2.96814809159981
"RPL9P3",2.96601940285018
"ZDHHC4",2.96577475588023
"TMEM161A",2.96515710170323
"RNU6-91P",2.96282160318568
"ANAPC4",2.962542060441
"EVA1C",2.96067498127734
"TRAJ47",2.95942972698363
"TSTD2",2.95580417607177
"NEUROG2-AS1",2.95462769734416
"RABL3",2.95335814526685
"ZNF543",2.95307905432443
"RNF14",2.95072228163006
"MMAA",2.95002898009697
"LANCL2",2.94885324283681
"RNU6-88P",2.94854816555312
"ZNF674-AS1",2.94806118413952
"EML5",2.94732857380754
"ADO",2.94707944638153
"PIP4P1",2.94445779464135
"MAN1B1",2.94428040088272
"RPL9P2",2.94387440268996
"RGS6",2.94325968760463
"MICOS10-DT",2.94322188039748
"PET117",2.94283420526664
"HTR1DP1",2.94040890816277
"DRAM1",2.94028250932011
"C1QBPP2",2.9387260469425
"FPASL",2.93841423353177
"ATP6V1G2",2.93666534227884
"CTNNBIP1",2.93607920673142
"GABPAP",2.93318451597123
"TEKT4P2",2.93288537192342
"EXOSC4",2.93075792496761
"TRAV8-6",2.9300686540249
"PDCD11",2.92898278160355
"GOSR1",2.92726982653226
"ANKRD13D",2.92718471591945
"SLC5A2",2.9271135762596
"RNU6-606P",2.92613962320779
"CA8",2.9189145733483
"NAV1",2.91513990826381
"ZBTB16",2.91459928789276
"NUCB1-AS1",2.91360276470372
"FAXC",2.91209147331744
"RNU6-623P",2.91122866892986
"ATG14",2.90828773090771
"RSPH14",2.90827282247393
"CBFA2T3",2.90772934153587
"GSAP",2.90327620448041
"RPL32P1",2.90286022656642
"ASAP1-IT2",2.90221022728548
"ATF6",2.89974368383064
"RITA1",2.89801566388582
"NKRF",2.89686026930613
"SYNJ2",2.8962258074344
"TPSB2",2.89577443109851
"NOTCH2",2.8951024518081
"BCAT2",2.89456240086241
"PGAP2",2.89416252616851
"SOX15",2.89273936852714
"DCAF10",2.89044247815027
"RNASET2",2.89001532240061
"SHE",2.88992923541668
"CD81-AS1",2.88938379451534
"PARD3-DT",2.88764285781346
"ZC2HC1C",2.8869235569492
"TUBA1C",2.88628050939393
"FAM131B",2.88141824009803
"MASTL",2.88138090238339
"ATP6V1G1P4",2.88125008448747
"PARVB",2.88067685289648
"PP2D1",2.88058448195328
"NPIPB13",2.88020862993715
"HIGD1AP14",2.87622510508972
"ANO8",2.87287121957558
"PTOV1",2.87276025523376
"ANKAR",2.87115639633497
"CISD1",2.8675927521835
"PODXL",2.86642977552008
"PLXNB3-AS1",2.86505545346812
"RHOXF2",2.86340110661595
"PSENEN",2.86134227292921
"TEDC1",2.86090932103066
"ZBTB11-AS1",2.86028583322789
"RNU6-130P",2.85952855108494
"TRIM8-DT",2.85913903156136
"MGME1",2.85738587802872
"YAP1",2.85681062952264
"DOCK6",2.85263604740331
"AGPAT3",2.84976539942633
"CCDC22",2.84760739890951
"RPSAP56",2.84673401577091
"OGN",2.84314478151379
"MMP17",2.84202517771605
"SLC15A2",2.8417304875475
"TBXAS1",2.84167094434626
"MICAL1",2.83772248036658
"ACTR3C",2.83577178449959
"HIVEP1",2.83454276916849
"ETS2-AS1",2.83134459278233
"EFNB1",2.83122524916521
"PLCXD2-AS1",2.83071118313477
"TSPYL5",2.83070923156972
"AP4M1",2.83030163956959
"RAMP2-AS1",2.8298638702013
"SYTL1",2.82714601505937
"RWDD2B",2.82638448153802
"SAV1",2.8261355986545
"RPL22P3",2.82534698549768
"CROT",2.8240327520569
"FAHD2B",2.82144361468235
"GLMN",2.81992798046756
"EME1",2.81566701576899
"CRYGS",2.80716559929512
"POLR2A",2.80412550047272
"PRKAB1",2.80281359235945
"GNA13",2.80146390210347
"PGAP6",2.8005434163418
"HM13",2.80016315616741
"INTS11",2.7985138371144
"ZNF583",2.79765577551632
"BCORL1",2.79678651314379
"FKBP7",2.79624716687623
"RUNX1-AS1",2.79503475570515
"SLC6A14",2.79312098295119
"NADK",2.79183507332732
"FDFT1",2.79156847167394
"FAM151B",2.78971514658836
"NDRG1",2.78934473810939
"MIR4269",2.78753142356191
"TIMM23B",2.78591060956752
"ZNF585B",2.78533366497377
"PIGP",2.78468921982631
"LPAR2",2.78272923078169
"RPL7AP82",2.77963144221188
"RNU5B-1",2.7790783164421
"RN7SL735P",2.77712529539836
"RN7SL47P",2.77621215544174
"GIPC1",2.77606788747627
"SCIRT",2.77578235152963
"ZNF32",2.77504814173825
"PLK2",2.77387597063175
"HSFX4",2.77184373417119
"RNY4P7",2.77068718480982
"UBR3",2.76929462603003
"CALY",2.7692878706174
"RANGAP1",2.76795461580609
"ABL1",2.76617240862195
"TMCC2-AS1",2.76526502224491
"FOXD4L4",2.76526502224491
"VPS13C-DT",2.763583797358
"TFAP2A",2.76289839988419
"IKBKG",2.76237227609278
"TMEM259",2.75957050509107
"PMFBP1",2.75938793792238
"TXNRD2",2.7592930964858
"RWDD4P1",2.7579996186248
"TWNK",2.75712053630489
"IGLV1-40",2.75703692740188
"ZNF761",2.75342746540748
"CXCR5",2.75333243584869
"ADM2",2.75292237788313
"GABPA",2.75042079558638
"GSK3A",2.74958642495617
"HS1BP3",2.74544712250276
"SCAF4",2.74231250849768
"NMU",2.7412451366912
"MAPKBP1",2.73743808592235
"MUL1",2.73518305779297
"RNU6-628P",2.72963772801907
"DDIT4",2.72666854140585
"TRAF5",2.72511827582181
"SNORC",2.72353363762651
"TOMM70",2.71764100876413
"RUNX2",2.71652660254879
"PPP1R10",2.71527251847588
"TNFAIP6",2.71486556030286
"FBXO15",2.71363247485804
"ELOA-AS1",2.7117085093377
"RAB11B-AS1",2.70951801893297
"ARFGEF1-DT",2.70944812918944
"GOLGA5",2.7082126541801
"FAM153A",2.70737681508218
"SLC16A11",2.70681530942423
"TRBV6-4",2.7062299661398
"ZNF469",2.7030488278002
"RNU6-795P",2.70279752576734
"ITPKC",2.69885345369694
"AGGF1",2.69867196505988
"MRPS25",2.69861566181879
"OGFR",2.69845376567649
"LSM12P1",2.69790412634045
"WDR4",2.69675245719263
"ENOX1-AS1",2.69616161464573
"ZNF84",2.6949623075393
"FCGR2B",2.69168636296382
"RUVBL1",2.69063777588395
"TRIP6",2.69048736774134
"PRKAR2B",2.69009773583134
"CHST11",2.68922004864384
"LINC03076",2.68810016969999
"STK35",2.68689840418148
"ANKRD20A1",2.68459666508245
"RPS7P7",2.68342369161004
"RN7SL426P",2.68329285263312
"RNU6-877P",2.68163292498171
"MYADM-AS1",2.68105005868331
"LINC02561",2.67921612192348
"JMJD4",2.67656334754485
"GBP4",2.67351008611965
"ZNF257",2.67322167470515
"ELN-AS1",2.67059911373523
"MTCO2P11",2.669884734618
"POGLUT2P1",2.66643694261492
"ALG10",2.66545904930977
"SPDYE19P",2.66376873101676
"EIF5A",2.66281076515732
"NAPA",2.65898386756929
"UCHL1",2.65708279912799
"EEF1A1P32",2.65671387172967
"UBA1",2.65631229995636
"SIDT1",2.65585567658174
"BRI3BP",2.65573767769565
"TG",2.65256950961189
"DENND4B",2.65188617871197
"HABP4",2.65120503028541
"VOPP1",2.64931089905104
"TMEM135",2.64735019799716
"USP49",2.64574455986957
"SMYD4",2.64348906314837
"TIMM21",2.64340136485633
"IL18RAP",2.64243915297092
"GNPDA1",2.64145368890616
"BRPF1",2.64025603206631
"INTS14",2.63852963318656
"FXYD3",2.63523429451245
"PWP2",2.63324986729608
"RNF187",2.63265883049469
"IGSF6",2.63097936371795
"LINC02613",2.62986956729068
"PREX1",2.62436204848002
"TNFSF14",2.62334805039113
"EIF1AX-AS1",2.62218225589352
"CD82",2.62208771816367
"LINC01476",2.6189249256921
"REG1A",2.61577885459378
"LHPP",2.61569711151532
"TSPAN5",2.61565140516043
"LAMTOR1",2.61556197681384
"TDRD9",2.61425298718273
"CTF1",2.61064517733184
"TRAJ39",2.6099918852518
"NRTN",2.60814641358108
"VWA3B",2.60720359208681
"PTGES3P4",2.60325577962636
"KBTBD13",2.60182484603096
"MIR1273H",2.60182484603096
"CNPPD1",2.59915205257131
"MOSPD3",2.59882814390137
"NPIPB6",2.59830826349709
"BICD1",2.59828038238701
"IFT88",2.59816013844014
"TAF1C",2.59804658186206
"ARMC6",2.59791442998826
"LRP11",2.59780054205123
"IFITM5",2.59723013335165
"RPS15AP38",2.59501272218139
"ANAPC10",2.59456818016923
"TBC1D10A",2.59200191515657
"ERI3",2.59157022033362
"HDAC7",2.5910870320797
"LINC02954",2.59092513209513
"CHUK",2.59073062945184
"ACOXL-AS1",2.58956328048139
"EHHADH",2.5894556728777
"LINC00652",2.58938415987526
"TLE5",2.58907285748983
"ACADM",2.58848892806326
"F8",2.58844565505906
"BIK",2.58798711589568
"PLPP6",2.58787108668283
"PPP1R3B",2.58763537812669
"TAGLN2",2.5875214638141
"SDHA",2.58630181687296
"ALG14",2.58360305438772
"SNX10-AS1",2.58248482918067
"IGHV1-3",2.5824553839325
"DENRP1",2.58092131789165
"ZACN",2.57964593165764
"LINC02404",2.57727873638783
"DNM3OS",2.57698667166984
"UST",2.57693849851434
"ZNF295-AS1",2.57538662368295
"SNORD13P1",2.57514734900476
"NRIP2",2.57447615921923
"TREX2",2.57362325679744
"B3GALT4",2.57353991429951
"MAT2A",2.57291277767331
"DUSP2",2.57267352870289
"YWHAH",2.5705520609523
"PARD6A",2.56432547565505
"RPS2P29",2.5642511025868
"CTSZ",2.56117851161814
"DGAT1",2.56069891587587
"RBPMS-AS1",2.56013705453626
"PBX4",2.55987863650074
"SUMO1P3",2.55845585732623
"SNORA46",2.55710490155908
"TXNDC11",2.55701749406001
"SYT4",2.55569614842893
"LBH",2.55436740369659
"C5orf15",2.55235215389745
"KLRC4-KLRK1",2.55120318591402
"VPS39-DT",2.54752239753747
"SYNE3",2.54735123845014
"GET3",2.54449011017354
"AFMID",2.54334219046759
"SCARB1",2.54311905485213
"ATP6AP1-DT",2.54295769729826
"ATP1B3",2.54245068105813
"HSPBP1",2.54119299685739
"DNAAF5",2.54049076880066
"ZFYVE27",2.54042877477839
"HCFC2",2.54039192212408
"MMUT",2.53993509491215
"RASA4",2.53869524973462
"D2HGDH",2.53623679897735
"ACSM1",2.53521049466445
"ESAM-AS1",2.53520118717624
"BIRC6-AS1",2.53481863126706
"PHYHIPL",2.53450952443718
"SORBS1",2.53429830946395
"IGFL2-AS1",2.53355713763645
"ZNG1F",2.53142159705988
"TMEM38B",2.53124599192295
"RNU6-415P",2.52823644610098
"TMEM234",2.52809643789747
"ZNF17",2.52511733478804
"RPH3AL",2.5216050436948
"HMGA1",2.52075224480117
"CSE1L-DT",2.51843653653992
"EIF4A1P4",2.51785570260588
"OTUD3",2.51762627279189
"HAUS6P1",2.51761440746679
"ZNF213",2.51541727264482
"TRAF6",2.5149507578737
"ANXA11",2.51462272992736
"IDH2",2.51413687813272
"GSN",2.51296906285073
"UTP25",2.51275252639178
"RNU6-90P",2.51272693912168
"GALK1",2.51263799439617
"TUBB3P1",2.51175735806797
"MRPS12",2.50943128592521
"SEPTIN1",2.5082582659623
"NSUN6",2.50730995080185
"EFHD2",2.50708376257077
"SNX10",2.50691843057987
"IGHV4-39",2.50560418944768
"ZDHHC18",2.505506462446
"RPS2P1",2.50450323257176
"DIAPH2",2.50351646439375
"SLBP",2.50340104686461
"PUSL1",2.50152531756851
"SFR1",2.50105010519039
"ARL4D",2.50082444790449
"CSF1R",2.49894940390652
"NOL10",2.49894489781625
"PLA2G15",2.49670693120889
"PTGIR",2.49465017109972
"SYNM-AS2",2.49390027555375
"ADPRS",2.4925564859418
"ATAT1",2.491848128615
"GSTM4",2.49114275617152
"STK16",2.49007189526541
"RAB23",2.48972415502861
"ACADS",2.48905962981961
"POLR3G",2.48881067873881
"MAGED1",2.48863482709679
"YTHDF2P1",2.4882465698664
"IGKV1-33",2.48791194227588
"IGHV3-69-1",2.48696205896901
"SEC23A-AS1",2.48624056530075
"ZNF671",2.48612328414588
"RHOT2",2.48605116388322
"BRCA1",2.48536419991949
"RPS10P10",2.4845022832112
"CCDC91",2.48383730180951
"SUPT5H",2.48266916517998
"GRAMD1C",2.48228240084585
"MTIF2",2.4810222622991
"FCGBP",2.48090256437799
"TLDC2",2.47911311521181
"ZNF703",2.4782580132764
"MSC",2.4780673622804
"GTF3C2-AS1",2.47745648848033
"CLSPN",2.47366672847237
"SLC23A3",2.47252571831795
"TMEM203",2.47179047406351
"HMGN5",2.47023377251436
"BIRC6",2.46978403492061
"PIGU",2.46933155115746
"POFUT1",2.4661035789741
"SLC66A2",2.46582281273385
"NR1H2",2.46580363784909
"ARL17B",2.46441030294358
"MED8",2.46282847438413
"FGD2",2.46165896451309
"C10orf88",2.46146915205016
"PKD1",2.45933721800217
"TAF2",2.45884343291952
"SLC7A5",2.45882262626282
"PTOV1-AS2",2.45770067348602
"BICD2",2.4560212935355
"POMGNT1",2.45481575615081
"NMRK1",2.45447403298748
"NR1D1",2.45183551588593
"MTHFD2L",2.45138582056013
"ANKRD49",2.44797357848215
"GALNS",2.44714848514262
"THADA",2.44676864740267
"FAM118B",2.44613740490475
"ATP1A3",2.44596334388079
"DNM2",2.44523625834429
"CEP112",2.44393168824395
"RN7SL543P",2.44031182566449
"ZFYVE21",2.43755218156122
"FASTKD3",2.43681979421838
"CDK1",2.43598949836048
"NFYB",2.43529299914228
"RBM48P1",2.43492980716804
"EXOC1",2.43457232268358
"HK1",2.43367502552466
"DPH5",2.43290288541066
"PTPRG",2.43221562931283
"DPP9",2.42936051621833
"VPS11",2.42657106300887
"SLC49A3",2.42562780654105
"CDS1",2.42372297361046
"AFTPH-DT",2.42354344145002
"TNFRSF21",2.42339873509717
"TMCO1-AS1",2.4226594565129
"TAFA2",2.42242149788902
"ZNF701",2.42240900349942
"GNA12",2.42194073446319
"ABCD2",2.42069140679
"C9orf152",2.41772935668584
"NUTM2D",2.41692886102706
"ARHGAP4",2.41515878379276
"CDH24",2.41494421031049
"B3GALT6",2.41292341185008
"TRAFD1",2.41283630472236
"FAM219B",2.4119329119498
"TATDN1P1",2.41149240991201
"ACADVL",2.4111480164438
"HIGD2AP2",2.41014048615857
"FAM3C2P",2.40997787891816
"TMTC4",2.40859152308353
"PUS7L",2.40750873449784
"EGR4",2.40715967002541
"ZNF763",2.40649884778433
"UCKL1-AS1",2.40504066934728
"CHI3L2",2.40490828671847
"GPX7",2.40163622716288
"GRIP2",2.39970317089921
"ANKRD24",2.3982587217771
"RNU6-1301P",2.39804875417291
"FAM204CP",2.39798489717944
"PMAIP1",2.39771918395167
"FERMT3",2.39708555819014
"H2BC3",2.39320550862057
"GUSB",2.39308535345611
"POLR3H",2.3930103850681
"NMT2",2.39272373671725
"ZNF778-DT",2.39264462996138
"CCNP",2.39131283218944
"FUNDC2P4",2.39131283218944
"RPL13AP26",2.39088183292263
"TGIF1",2.38937036258709
"ADD3-AS1",2.38929555444447
"SIPA1L3",2.38817462337703
"MAZ",2.38654475539097
"RHOB",2.3863880774019
"RREB1",2.38573215409967
"SMOX",2.38569064140637
"PLBD2",2.38530074893724
"MED26",2.38513002173644
"SLC35A2",2.3845131258847
"AJM1",2.38347171707331
"SRGAP2C",2.37992913592241
"ATP8B1",2.3793527440531
"MON1B",2.37786576079098
"ACP5",2.37692581992964
"RNU1-67P",2.37048694294253
"RAD9A",2.36852468287531
"LINC01644",2.36790898812105
"ZMYND8",2.36696606193586
"EDEM3",2.36689056312535
"GIT1",2.36453806570186
"ULK3",2.363669228748
"LIMD2",2.36329827409029
"GPR171",2.36130960126159
"TMEM184B",2.360485243726
"KCNJ2",2.36020490360121
"ENEMAL",2.3600392105803
"RNU7-48P",2.35970265843479
"BCL9L",2.35965672250352
"LINC01163",2.35953898568874
"PLD6",2.35890386685666
"ST8SIA6",2.3577995760432
"MIP",2.35270380061415
"RPL21P1",2.35165969108349
"PLIN2",2.34976816294998
"SLAIN2",2.34974988525651
"CASP1P2",2.34938921742071
"HEXA",2.34922507762014
"ZAP70",2.34495232001146
"MIDN",2.34109510609375
"IL10",2.34020563360595
"NSF",2.33912972269154
"RAB6B",2.33793155059211
"CFP",2.33742678599405
"SIGLEC6",2.33737888879386
"CLNK",2.33498154293191
"PRMT5",2.33477161107429
"RPL36P2",2.33382372266114
"MAN1B1-DT",2.33090107372364
"RN7SKP64",2.33071847076915
"FASN",2.3300745030504
"FUT11",2.32977662636332
"CACNA2D4",2.32960839639603
"MIR193BHG",2.32909368490039
"MRPS7",2.32875833761661
"ALDOA",2.32824475142863
"GLI4",2.32655901711446
"OR4F28P",2.32649128945855
"ZNF436",2.3248343382092
"ADNP2",2.32362459109544
"FSCN3",2.32280665688329
"LINC00452",2.32020925212612
"LYSMD3",2.31983136179796
"NUBP2",2.31758816018766
"NDFIP2",2.31711741555563
"SECTM1",2.31698547660094
"HERC2",2.31602823381667
"GRAMD1B",2.31571901181853
"CFAP45",2.31489398424634
"NRBP1",2.31464570788072
"RNU6-759P",2.31309162320031
"TRIM28",2.31233284621376
"CCDC122",2.31144786639487
"LRRC43",2.31122528863403
"YPEL1",2.30813888420737
"DMAP1",2.30353823264133
"MAP2K6",2.30344075790399
"ZBED5",2.30234978991826
"SNRPCP3",2.29995225229821
"HNRNPA3P7",2.29994976731559
"MIR100HG",2.29488180524428
"TRIM11",2.29223604234865
"IGSF22",2.29210913001456
"ZNF674",2.28951769734573
"ALPK1",2.28847683505387
"NEDD1",2.28830280755556
"RPL7AP39",2.28829593361819
"SYNGR3",2.28791506301258
"MAF1",2.28647763290619
"CD99",2.2847840106768
"LYPD3",2.28385396086731
"CHPT1",2.28297512578196
"RNF41",2.28296319964975
"GYPC",2.27995799542318
"DKK3",2.27865644273436
"STIMATE",2.27823112376725
"RPAP3-DT",2.27792706158511
"UBE2V2P4",2.27774737971485
"TMSB4XP6",2.27772685137916
"EEF2",2.27730257123822
"SPATA9",2.27703646326602
"FASTKD5",2.27647730554908
"EPCIP",2.27575712489374
"SAP30L",2.27548005810916
"RN7SL832P",2.27545911622919
"RPS6KB2-AS1",2.27518103817601
"PRICKLE3",2.26860112857804
"SNHG5",2.2656678554527
"PLEKHF2",2.2651470668089
"MTX2",2.26512289043225
"EEF1AKMT1",2.26341557971583
"SLC25A4",2.26318686472696
"RPS16P5",2.26165474828207
"AP3D1",2.25853602220817
"SCAP",2.25562315033346
"RPLP1P13",2.25517638835441
"CASC23",2.25314659081613
"LRRC37A3",2.25311790341717
"FBXL6",2.25238917676846
"ERBIN-DT",2.25018808716759
"LINC01970",2.24995107563427
"IGHD3-9",2.24834605321025
"BMT2",2.24806314687852
"METTL25",2.24791078015212
"FKBP5",2.24747563654648
"SCML4",2.24579263652295
"ARRDC1",2.24571120322125
"COG6",2.24161915974007
"DERL1",2.23971975235749
"ABHD8",2.2380051135425
"PLPBP",2.23715772271307
"CD27",2.2359242529139
"LSM2",2.23576955122969
"C8orf44-SGK3",2.23154836038664
"UBAP1L",2.23094665766761
"PTPA",2.22831967133128
"RNU6-1190P",2.22801259011807
"EPB41L4A",2.22740966162717
"SRF",2.2263987637706
"POU5F2",2.22604392605775
"RFKP4",2.22270125698328
"SCARB2",2.22126204186516
"TSHZ1",2.22080230403878
"CEP170P1",2.21793954612893
"NLN",2.21635964454271
"CCDC65",2.21609902436476
"SELENOKP1",2.21318527554993
"EPS8L2",2.21240138806993
"ABRA",2.20899051044784
"IDI2",2.20791633086143
"ARHGAP11A",2.20718654252474
"CIAO2A",2.20711494232427
"CARNS1",2.20643640202538
"CCDC6",2.20612513997244
"B4GALT1-AS1",2.20583297951631
"ABHD17AP4",2.20535730533448
"LINC01303",2.19627018860843
"ZNF426",2.19623649315956
"ST3GAL1-DT",2.19499531885749
"DAPK3",2.194781762639
"TUBB2A",2.19477600599934
"SPAG5-AS1",2.1946095568647
"MMP16",2.19356393633869
"PCYOX1",2.19336661923589
"SLC2A1",2.19312871630867
"H2BC4",2.19183173438801
"IFT57",2.19144257194591
"SMG1P2",2.18968394266756
"DZIP3",2.18932356722286
"FBLN7",2.18926649316972
"KIAA2013",2.18883893324246
"H2AC15",2.18828171660284
"IL15",2.18821614789469
"MSX1",2.18586283794814
"TIFA",2.18545775970292
"PACS1",2.18490947575691
"C1orf122",2.1844449709178
"GOLM2",2.1835038997127
"FAM229A",2.18280323327083
"WIPI2",2.1813596162716
"CARMIL2",2.1803983812738
"PRR5L",2.17730383448356
"ZNF524",2.17691582587768
"RGS19",2.17664849359342
"THAP8",2.17601358443912
"BFSP1",2.17497604678479
"GRIN3B",2.17374242355738
"PDE2A",2.17254335238252
"MKS1",2.16871034995207
"NCOA4",2.16787759015953
"TRGV5",2.16692113181904
"IGKV3D-20",2.16550912741962
"RBM15B",2.164886808178
"ORAI1",2.16367280819371
"SUPV3L1",2.16335308379412
"POPDC2",2.16306075140648
"ZNF513",2.16296619803388
"JUP",2.1592756177783
"TMEM63A",2.15742043120673
"SKA1",2.15712384483482
"LPCAT4",2.15407109492884
"TRIB3",2.15307321806661
"UBE2V2P3",2.15303840065042
"KLHL12P1",2.15273814990671
"MREG",2.15120267847057
"KMT5AP3",2.14816469463665
"C17orf99",2.14641702890504
"FAM221B",2.146322210566
"EXOC4",2.14571911268957
"CMTM8",2.1447385178289
"ABHD6",2.14461169474977
"CELF2-AS1",2.14359841401791
"MIR3671",2.14226328253876
"RNVU1-18",2.1418786433896
"CLHC1",2.13978533222139
"ST3GAL1",2.13935593229577
"NFYC",2.13932175880284
"ADORA2A",2.13846136262667
"RPL36AP50",2.13709606550476
"EPAS1",2.13706115252286
"FOXO1",2.13660669106178
"RBM38-AS1",2.13579729117466
"LTBP4",2.13482560054221
"TMEM102",2.1329445867612
"MCAT",2.13209696576815
"FLCN",2.13145232502306
"PIM2",2.13108170053793
"ZNF69",2.12961966696034
"SNORD56B",2.12434021487278
"TBC1D31",2.12187481956166
"CTSF",2.12156685424815
"MIR503HG",2.12019752889204
"RNU6-97P",2.1189904777066
"KRT8P46",2.11873246311796
"H2BC26",2.11701044547205
"PDCD6IP-DT",2.11642556681598
"TANGO2",2.115642197431
"SNORA73B",2.11350439375257
"MATN4",2.1134013826507
"GRK2",2.11172873405513
"CPEB4",2.11168116218957
"NNT",2.11080909106932
"PPP6R2",2.11047539126041
"CCDC18",2.10997085541609
"OR10X1",2.10974918163476
"HNRNPAB",2.10919035009296
"CDKN2AIP",2.10915159699597
"VTI1BP4",2.10744883836953
"NAE1",2.10726382809199
"ZNF606",2.10704453891198
"VAPB",2.10695672072753
"NR4A1",2.10627191234065
"LINC02416",2.10604736451594
"PLCD4",2.10308289923785
"DIPK1A",2.10272742452307
"LINC02971",2.1010507047241
"DYNC2I2",2.1003066603632
"ASPSCR1",2.09736450712148
"PDK2",2.09594508336634
"WNT8B",2.09423143978538
"ZNF146",2.09318703341421
"SRD5A3-AS1",2.09213191116656
"VEGFA",2.09058564179981
"HNRNPKP2",2.09004938663245
"EMG1",2.08885659302339
"RN7SL698P",2.08724973378104
"RDX",2.08512781256506
"RNU6-32P",2.08410124787278
"CHN1",2.08390756370072
"IL22RA1",2.08305427500455
"TIPARP-AS1",2.08302971560127
"NPIPB2",2.08208238222978
"RCAN1",2.08134471240315
"HYLS1",2.08087129573679
"IRAK2",2.08086445730682
"OGFRP1",2.08031723152631
"POLM",2.07988771697327
"RFXANK",2.07780611594011
"LINC00216",2.07565190221231
"NT5C2",2.07480605753276
"ZCCHC3",2.07440683148256
"TOMM40",2.07040414620718
"ECH1",2.06862697043105
"CROCC",2.06699568503155
"SUGP1",2.06685401992631
"LYPLA1",2.0662853398593
"TBC1D20",2.06490378984808
"STING1",2.06288294987081
"PXN",2.06262632391562
"MTERF3",2.0618179375717
"ZAR1",2.05879683992319
"TMEM191C",2.05694497015315
"CC2D1A",2.05587426375019
"CHORDC1P4",2.05575423651141
"SHMT1",2.05535999469854
"HDX",2.05414345708707
"JCAD",2.05342646824004
"MAST4",2.05340613218563
"LCMT2",2.05113048529075
"TEAD1",2.04993231082653
"SRFBP1",2.04800350490786
"ZC2HC1A",2.04786517372967
"AGPAT2",2.04552511608281
"IVD",2.04474351264155
"UBA6",2.04459990801987
"RPL21P10",2.04441075799175
"LINC02580",2.04300786193439
"RBM22",2.0411687967252
"UPK1A",2.04103140889236
"AAR2",2.03757916856555
"CCDC92",2.0363191774373
"LAT",2.03330614031148
"CADM4",2.03308510192352
"SPDYE21",2.03271174292078
"IP6K2",2.03129339516958
"WDR37",2.03072943723714
"CASP12",2.02993550558587
"DAP",2.02441925926713
"TRBJ2-5",2.02342519250755
"WNT10A",2.02331353356317
"SIAH2-AS1",2.02283997716985
"OR8B4",2.02241486977577
"AP2S1",2.02226785701656
"PPM1M",2.02177921307663
"CRELD2",2.02065614725071
"LAMA5",2.02063621835554
"NAT1",2.02030759761139
"DUSP22",2.02010805076192
"CD33",2.01987146017211
"BAG6",2.01915827055623
"SNRNP70",2.01765267955028
"MRPL55",2.01752616330276
"LPP-AS2",2.01687668585622
"CD72",2.01653564866935
"SERTAD1",2.01632049012574
"SEH1L",2.01523576409999
"IFI35",2.01449829394806
"PUM1",2.01448572292421
"LMAN2L",2.01407010550803
"RPP38",2.0137429002724
"HAGHL",2.01317979532084
"ADISSP",2.01311983989267
"TSPAN5-DT",2.0128345887139
"DDX60",2.01115107473774
"VARS1",2.01033844337071
"ACKR1",2.01032253409405
"PSMD13",2.00896247100918
"CCDC137",2.00831629381287
"GDI1",2.00560448228603
"RNFT1P3",2.00525014182341
"SYNGAP1",2.00201715008134
"MTFP1",2.00187790131333
"ZNF646",2.00172591177712
"MED6",2.00041686645567
"TSACC",1.99985943677962
"GNG3",1.99970390113744
"ZNF382",1.99848544838342
"MED8-AS1",1.99817289636261
"PGM1",1.99647298438469
"MFSD5",1.99601498083854
"PSMG1",1.9943980127805
"SAFB2",1.99385628592423
"PPIAL4C",1.99300873421973
"SMG7-AS1",1.99184100410822
"PMVK",1.99074922173658
"AGAP3",1.99003880846353
"UNC5B-AS1",1.98704266481792
"KIF9-AS1",1.98540258515405
"LINC02245",1.98535558771384
"RN7SL32P",1.9837673464799
"CENPT",1.98109672142667
"WAPL-DT",1.98103768571588
"FBXL13",1.98081108425268
"ZNF350",1.97926744723903
"HOXA7",1.97883993999039
"G0S2",1.97870446946545
"KIAA0319L",1.97840469979246
"CPT2",1.97764204228628
"CELF2",1.97692516728622
"PUM3",1.97658452727491
"RN7SL846P",1.97494082597557
"BNAT1",1.97494082597557
"STX1B",1.97148584048429
"RNU6-100P",1.97145760411126
"EIF4BP3",1.97030194730675
"MAP3K7",1.96952064634595
"AAGAB",1.96756557221109
"UBE2D2",1.9663626725125
"CDC37",1.96589256983925
"SMYD5",1.96536975513766
"NTN5",1.96469944067695
"SIL1",1.96400345769625
"RAB11FIP1",1.96377818425844
"APOBEC3F",1.96141694380605
"TRBV12-5",1.9613238715959
"SIRT6",1.95779170309035
"EFL1",1.95758339656215
"SMIM5",1.95708877271283
"SPDYE7P",1.95519157470985
"HSF1",1.95311683534855
"SEC13",1.95310145722371
"ZNF616",1.95270285066065
"VPS9D1",1.9481501105928
"SIPA1L1-AS1",1.9471410295884
"LINC02958",1.94669793428073
"ZNF274",1.94586374356903
"GLTC1",1.94503445372091
"BAG2",1.94419011631526
"SLC25A29",1.94379163073802
"CCND3",1.94373150562836
"RPL10P7",1.94281524027478
"PSMC1",1.93902998242576
"NEAT1",1.93819065421099
"SNORA47",1.93755328033173
"FAM167A",1.93714957889045
"THEM6",1.93590069838598
"MIR3190",1.93547599914176
"SIRT7",1.93435366852717
"VCPIP1",1.93424707224418
"ITM2B",1.93401459204661
"THBS1",1.93237525533889
"CPNE2",1.93208362291668
"ST3GAL5-AS1",1.92878913908816
"GTPBP2",1.92870510132131
"LINC02999",1.92446005471229
"RPL7P50",1.92363033170836
"IGHV3-48",1.92280206690252
"STEEP1",1.92256120541766
"SGO2",1.920525440089
"GPN2",1.91955765817172
"NAPRT",1.91693320060651
"IGKV2-40",1.91587194120504
"MVP",1.91320131823119
"CYBC1",1.91109784468405
"RNU6-975P",1.90931202833816
"HSPB1",1.90763531513951
"GOLPH3-DT",1.90681038195442
"LTA",1.90511577730129
"LINC02076",1.90470953369315
"ZHX2",1.90318690430162
"C18orf54",1.90240101857202
"ERG28",1.90176324973236
"PER1",1.90123948940983
"GGT7",1.90105373895513
"TMEM147",1.90097246918495
"SCML1",1.90044949694798
"STARD7-AS1",1.90023868394195
"ZFP36L2",1.90021544809249
"CCR9",1.89986331479156
"IGKV3-11",1.89947807837138
"MIR219A1",1.89946118985965
"FSTL5",1.89887001506195
"KIF16B",1.89787702012937
"VPS26C",1.89652504346365
"LAPTM5",1.89621402746019
"MIR3161",1.89474955764947
"NDUFS8",1.89471597979454
"DYRK3",1.89322056817026
"BCAN-AS1",1.89312106776777
"CSPG4",1.8928264084776
"ECE1",1.8915957297456
"HLA-DRB5",1.89113723961331
"RN7SL180P",1.89033910548287
"CARNMT1",1.89018305893626
"MIR124-2HG",1.89017819210905
"LINC00659",1.89017819210905
"RPS26P47",1.8896666357914
"FLAD1",1.88932208570801
"RPS27P30",1.88870194679981
"SALL4P1",1.88553395624876
"RDH12",1.88478956259725
"IFT27",1.88383898955929
"TRAT1",1.88266812403141
"RBBP8",1.88196565019545
"GEMIN4",1.8813804255483
"ARPC1B",1.87964259825311
"PLCB4",1.87899282987601
"VDAC1P4",1.87885985337384
"DCTN6-DT",1.87646197791893
"PPAN",1.87416194867556
"CELF5",1.87299126556201
"NID1",1.87201509324815
"TPP1",1.87090846516375
"HAPLN3",1.87051673335499
"PANK1-AS1",1.87041395954556
"APEH",1.86968894334384
"STAR",1.8695208454754
"TMEM175",1.86943832785863
"RNY1P4",1.86845956188222
"RBM25-AS1",1.86827096755434
"ATAD3B",1.86561368938694
"PCCA-AS1",1.86383952197664
"FAM169A-AS1",1.86332200913725
"IL15RA",1.86194034954358
"DBN1",1.85944523091607
"CDKN1B",1.85869769907678
"DLGAP1-AS3",1.85845983205781
"INTS10",1.85825318147362
"PRSS1",1.85747261463284
"MDS2",1.85647781911361
"ZNF823",1.85564953575467
"CNKSR2",1.85477781179801
"TPGS2",1.85340470421641
"ASTL",1.85308446435167
"TRIM5",1.85293623127444
"RNY3P8",1.85283545229367
"NRCAM",1.85217014730157
"TUB",1.85121798928053
"TAP1",1.84967054190232
"RPL31P36",1.84898303853346
"COP1",1.84719811633917
"ARHGDIA",1.84626940070399
"PIM1",1.84611001279978
"RASD1",1.84527086483986
"ELOA",1.84468973123289
"PRDX5",1.84320500587601
"TET2",1.83945880504844
"BRI3",1.83890568931638
"SETD5",1.83777012705356
"PBX3",1.8369820798813
"KLHL21",1.83624140330945
"ENSA",1.83601750493302
"CD3E",1.83487246272152
"MT-ND5",1.83473294095731
"LIPT2-AS1",1.83282300496195
"ARHGAP30",1.83274794547179
"CBARP-DT",1.83232944320292
"PDE4A",1.83148120954886
"MRPS9-AS1",1.83068223550369
"PRMT9",1.83055507291146
"SNORA23",1.8302984820163
"KCNJ1",1.83023606589664
"HECTD3",1.82970974530035
"TIAM1",1.82925602348948
"PLCXD2",1.82474126424922
"MMGT1",1.8224942419261
"FAHD2A",1.82236384411822
"IL2RG",1.82211821711423
"TMEM69",1.82156459077325
"AP3S1",1.81933633564066
"TRDV3",1.81887127097771
"BCKDHB",1.81838885616345
"C2orf74",1.8176819509726
"TRAF2",1.81734516532566
"BAK1",1.81719919151534
"SLC38A2",1.81598510354806
"RPL39P38",1.81595997984465
"RN7SL502P",1.81559662447694
"AGAP6",1.81382445764945
"RBM38",1.81353002398853
"SGSM2",1.81314024577489
"ALKBH5",1.81300319796927
"VAT1",1.81281529322464
"PHB1P6",1.81252463863768
"CEBPA-DT",1.81074552842456
"CCT6B",1.8106557421263
"JAG1",1.81037954496014
"CDC40",1.8099910948242
"MUTYH",1.80920557593703
"RAB43",1.80652854747507
"IFIT1",1.80629887632191
"PELO-AS1",1.80541987170454
"ANKRD17",1.80501184329248
"PKP3",1.80490551254508
"WDFY1",1.80424014839262
"TRPM2-AS",1.80337830889731
"RUNDC1",1.80261414535448
"ERCC8-AS1",1.80003105266676
"B3GNT5",1.79924572325142
"ARL5A",1.79872184931817
"CPVL",1.79863885167511
"MAVS",1.79751726247252
"FAM182A",1.79734934059157
"ALOX12",1.79732758654772
"ABHD14B",1.79722271532569
"MRC1",1.79623200961871
"DIDO1",1.79298048996107
"COPA",1.79156047695
"IRF1",1.79008177558562
"USP6NL-AS1",1.78947594953638
"DHRS1",1.78910143423582
"BOK",1.789045447269
"CTDSP2",1.78798157276665
"VAC14-AS1",1.78754027164724
"TRAV8-2",1.78702966471119
"SFMBT2",1.786683966777
"FARSA",1.7855340999607
"MIR3074",1.78477311864251
"ZNF37A",1.78310800839243
"SKIC8",1.78187778954108
"RPL12P11",1.78178156223513
"TMEM87A",1.78162422904451
"R3HDM4",1.7809970679974
"KNL1",1.78096104803082
"UBL3",1.78094038294912
"ZNF594-DT",1.78081385419512
"NOXA1",1.78062821882711
"SELL",1.78003828179864
"GALK2",1.77950603340253
"ZNF140",1.77761824483622
"SYT11",1.77708585031336
"VAMP3",1.77671054401303
"RNA5SP195",1.77648396607469
"DUSP1",1.77616720525719
"NR2C2",1.77594614741936
"TBCCD1",1.77518630041193
"SHANK2-AS3",1.77488697961397
"DENND1C",1.77404825741125
"SESN2",1.77253767241682
"HSD11B1-AS1",1.77208388475168
"LINC00184",1.77198138427781
"MRPS11",1.77105936482086
"ITM2C",1.77080349041078
"PLIN5",1.77027671840597
"MSRB1",1.77006574803299
"KLHL42",1.77003827138389
"TNIP2",1.77003676829
"TRIM27",1.769032111184
"RN7SL68P",1.76862584319271
"CMTM3",1.76735231838608
"PFN1",1.76690421219271
"PLCB1",1.76624724965306
"PSMD3",1.76516936452252
"LCORL",1.76502017164124
"OGFRL1",1.76412024703442
"GNB2",1.76410738719662
"TMEM37",1.76239575779342
"CLPX",1.76215786238096
"SETD1B",1.76168372096482
"ATP5MC1P1",1.76164806001749
"DOK5",1.76137119620364
"MIR597",1.76126965275429
"SF3A1",1.76082425357648
"SNX8",1.75879938536971
"VILL",1.75851018316105
"TP53TG5",1.7582330155224
"RASSF8-AS1",1.75822782434686
"SLC22A18",1.75723854218886
"FHIP2B",1.7567898264646
"ZBTB38",1.75648278750872
"DDIT4L",1.75570160440669
"MTND6P18",1.75560165919877
"TMEFF2",1.75557029707664
"REPS1",1.75533326253698
"C19orf25",1.75531275959793
"SOWAHCP2",1.75190450033732
"GSPT1",1.75148341219452
"CTXN2",1.75045807769375
"CGRRF1",1.7500152281108
"ZNRD2-DT",1.74912752339452
"PRDM11",1.74909121570916
"FCF1P6",1.74887784324996
"AK2P2",1.74838454625611
"PIPOX",1.74792403152311
"COPG1",1.74773779456846
"KLHL32",1.7466139753083
"BICRA-AS2",1.7465774211661
"SPOCK2",1.74641364088668
"PTPN18",1.74580836506278
"TFDP2",1.74565158254576
"CDIPT",1.74442152470026
"CARD11",1.74268646302337
"BNIP3P11",1.74216750257616
"RNA5SP307",1.74191924395503
"SUDS3P1",1.74118130887365
"ETV7",1.74077213162914
"KNTC1",1.74048696550313
"TAGLN2P1",1.73850531633748
"RNPEPL1",1.73749426912023
"LINC02604",1.73625937454267
"TGFBRAP1",1.73615482636056
"HCLS1",1.73538346636118
"TSHZ3",1.73484036195614
"RAC1P2",1.73446380851993
"KLHL25",1.73378447580995
"IDH3G",1.73293597460608
"NR2C2AP",1.73291614452737
"MIR3155B",1.73283466332273
"ECSIT",1.73270113413741
"SCG3",1.7322652443809
"POMT2",1.73100893098139
"TCTA",1.73090664252153
"ENTREP3",1.73024176784683
"ATG13",1.73015714417676
"GINM1",1.72919041684334
"BCKDK",1.72882457299629
"SMIM29",1.72851886991368
"PGS1",1.72652108878719
"DELEC1",1.72551913801891
"RNPS1P1",1.72546793783656
"TOR1AIP1",1.72538444491705
"RNU7-133P",1.72530230582886
"DGCR2",1.72404535304165
"VPS33B-DT",1.72375184141702
"SYNGR1",1.72173687885618
"LINC02987",1.72152020230691
"ANKS1B",1.72132213643362
"MUS81",1.72101650752414
"ENO1",1.7198029512489
"PLAC9",1.71853819728869
"MYO6",1.71722414606975
"TFPT",1.71702874754866
"LINC02836",1.71663365565086
"TOMM34",1.71490739952268
"BISPR",1.71259251504332
"PRR7",1.71215505650306
"ATP5F1B",1.7112106599777
"MORN1",1.71114367571461
"MTMR1",1.71093111748928
"LRRK2",1.71065659858268
"GZMM",1.70998125920398
"ZNF683",1.70731891374328
"SLC29A1",1.70681750560614
"B3GALT9",1.70503511074756
"PDP1",1.70291463743247
"BPHL",1.70182362369804
"SHLD2",1.70179241118822
"MPV17L2",1.70150920258682
"DDX27",1.70054169112182
"LINC02981",1.69988074402533
"ZNF414",1.69939755095824
"CEMP1",1.69914141278196
"FLNB",1.69665850398043
"WDR27",1.695835641668
"TIMP3",1.69569683205821
"ITGB2-AS1",1.69385122388534
"MFNG",1.692040980046
"MLF2",1.69165386732168
"PYM1",1.69063693297603
"PALLD",1.68997297425894
"RELB",1.6877382474472
"ZNF814",1.68616458271951
"ZFTRAF1",1.68473911609905
"RAD17P2",1.68263885683638
"SKIL",1.68161528460507
"SLC3A2",1.68144083623634
"METAP1",1.68115460215457
"LITAF",1.67983413778612
"ADSS1",1.67925970228395
"MRPL35",1.67888915496659
"STK40",1.67702952170074
"DUX4L37",1.67637331116706
"GJC2",1.67603003788192
"SSU72-AS1",1.67491858321612
"TLN2",1.67489522592063
"MPP1",1.67463931799848
"SPMIP4",1.67191666123411
"DUS3L",1.67093939208978
"POLK",1.66977710282074
"UNKL",1.66965133238762
"PRKCH-AS1",1.66769713374292
"EMC8",1.66729242212008
"NARF-IT1",1.66621961586664
"GOLGA7B",1.66544492064696
"BORCS8",1.66487887027804
"CPPED1",1.66376987288717
"TNFSF13",1.66296777344581
"HAUS6",1.66195022335388
"ARAP1",1.66097160035056
"TXNDC9",1.66074258780852
"CHMP1A",1.65877962675709
"ORAI2",1.65726823235311
"SLC25A15",1.65672621477299
"MIR3939",1.65595763442815
"MTX3",1.65537553627376
"METTL21AP1",1.65397247298471
"TMED8",1.65361635799913
"ISG20L2",1.65305030011277
"RNU6-43P",1.65274606501985
"IFT140",1.65212261799671
"NUP43",1.65068654282649
"ADRM1",1.65065410413019
"LPL",1.65056112694727
"PNPLA6",1.65038246674235
"RNA5SP310",1.65030828308344
"LINC02840",1.64915893468176
"ARAF",1.64878925350874
"TSC22D4",1.64827241068076
"LONP1",1.6478376490889
"PUS3",1.64703495854018
"RNU7-181P",1.64671692013255
"C8G",1.6466278631613
"PPP1R14B-AS1",1.64523999141351
"LDB1",1.64405099849104
"CYB5D2",1.64322609044383
"SNAP29",1.64261194302369
"SFPQ",1.64162782984111
"RN7SL774P",1.64159236092672
"MKNK2",1.64075266618923
"ATP6AP1",1.63984249549807
"DRAM2",1.63943417495649
"MAPK14",1.63914720691165
"LINC02863",1.63911721008635
"MTHFR",1.63830741949404
"RAB6D",1.6357433754057
"SRPRA",1.63558675442517
"TRAJ52",1.63537223837137
"GLCCI1-DT",1.63490777237957
"POLR3B",1.63480460507492
"TRAPPC9",1.63464050201059
"ANKRD26",1.63343672469262
"RNU7-180P",1.63205474575694
"RNF125",1.63001417597964
"TRAPPC5",1.6289229266714
"GPR18",1.62863564758276
"EEF1DP7",1.62860073300349
"ABHD10",1.62593690540329
"RBISP1",1.6251427795582
"DTX2P1-UPK3BP1-PMS2P11",1.62481011162382
"SLC2A9",1.6246089020643
"ATF6B",1.62356754221081
"RGL1",1.62252279100795
"EIF3CL",1.62231397753655
"LINC01705",1.62026037020006
"RPL7L1",1.61984392805797
"ADRB1",1.61958978705327
"KLHL18",1.61746902576792
"DUS1L",1.61713660438831
"HIVEP3",1.61575574504587
"STK24",1.61415003187413
"GRK5",1.61340779187944
"LRRC8A",1.61083576847805
"GALC",1.61033998257015
"MYO1G",1.60981513473549
"NSMF",1.60895291170656
"TEX264",1.60851986934151
"SNX9-AS1",1.60685125488607
"ABHD14A",1.6062655970288
"DLEC1",1.60555532043522
"CXXC1",1.60486169680951
"CCNF",1.60461951027685
"GJB1",1.60409921292047
"MIR760",1.60376171929211
"ALG3",1.60296249381839
"FAAH2",1.59974925785845
"THAP11",1.59963686860655
"CENPX",1.59878753081922
"CHKA",1.59585687099882
"ITGB3BP",1.59384586487129
"KDM7A",1.59335954667914
"COG2",1.59140816681339
"TUBA3E",1.59112463075632
"VSX2",1.59075873502076
"TAS2R6P",1.58858350168845
"SLC31A2",1.58822390375883
"MAP4",1.58613649102071
"FAHD1",1.58592309415919
"ODAD1",1.58552981332586
"OAS2",1.58455314642845
"ATP11B",1.58428812003705
"AK4P1",1.58406771429507
"INO80-AS1",1.58406084196729
"AMMECR1L",1.58402005500489
"ORC6",1.58220973032661
"SPATA33",1.5819906979841
"AKAP11",1.57963208981199
"FOXM1",1.57944156969369
"CMTM7",1.57910625540696
"PLCG1-AS1",1.57774393777081
"IL17RA",1.57768542447155
"MCRIP1",1.57702897316044
"TRPV3",1.57436157627655
"KRT18P39",1.57430980096736
"LINC01545",1.57347156306124
"KCTD21-AS1",1.57291043365757
"RPL7P17",1.57272817443608
"IFI27",1.57101638725363
"SLC16A1-AS1",1.57100311321093
"FARS2",1.57097932101934
"NOTCH2NLR",1.57058458261068
"MFSD11",1.56972422993115
"LYPLA2",1.56957563016636
"BICDL1",1.56888333083509
"LINC01569",1.5674998234677
"BIN1",1.56714009517832
"GAPDHP49",1.56668725970099
"CRAT",1.56613897385786
"ATP10A",1.56569011464005
"NREP",1.56552136559556
"SLAIN1",1.56502303403213
"C1orf116",1.56316415847806
"STN1",1.56204559816752
"DENND1A",1.5612228682997
"COQ10A",1.56093443523469
"TIMM22",1.56081560324286
"NFRKB",1.56064580434482
"ZNF584-DT",1.55962109456156
"MIGA1",1.559356356313
"ECI2",1.55814474577857
"DDX19B",1.55692881566603
"CD2BP2",1.55672025558035
"PLPP1",1.55655214217168
"TRIM39",1.55618049055468
"SDHAF2",1.55469361754082
"IDI2-AS1",1.55446535055534
"POLR1C",1.55407496554259
"BMF",1.55344431513478
"TSPYL2",1.55326411467828
"RPS2P46",1.55187881844305
"CARD14",1.5518686188443
"HSPBAP1",1.55183296572068
"TECR",1.55141375898965
"UBE2F",1.55064914250783
"SLC36A1",1.55059689634196
"SNAI3",1.55036616479939
"CEACAM7",1.54982921451905
"MT-TE",1.54630941189749
"TUBB2BP1",1.54599698594769
"SLC1A5",1.54564426894079
"RNU6-1160P",1.54418376033639
"DGKQ",1.54391107405086
"RNU6-19P",1.54243455263247
"A1BG-AS1",1.54226292988453
"DNAJB5",1.54226075274093
"VN1R1",1.54088365320857
"UBAC2-AS1",1.5398726605971
"TMEM132E",1.53925429849504
"TNFRSF10B",1.53921827745459
"IGHJ1",1.53888150660178
"CDCA7L",1.53781172234986
"NINJ1",1.53734626733911
"RAB6C",1.5367927434486
"ARHGAP17",1.5358224681375
"RNF40",1.53517761576101
"CRTC2",1.53472307113867
"TRIM54",1.53424514679849
"MDFI",1.53347574686961
"ZMYND19",1.53324306018782
"TMEM44-AS2",1.53280197625229
"PRMT1",1.5317210664145
"SNAP25",1.53147238454907
"TMCC3",1.53124902024758
"PPP4C",1.53084748182593
"MADCAM1-AS1",1.5292147138785
"SHPRH",1.52815760753967
"STOX2",1.52461699202008
"RASAL1",1.52399841887843
"RPL29P33",1.5238269056936
"KIAA1755",1.52163066847505
"DDX59-AS1",1.52151959965157
"TK2",1.51964777186872
"PLA2G2C",1.51944491281256
"SCAMP2",1.51855020345454
"CFAP96",1.51799954610636
"OTUD4",1.51701534772757
"NT5C3B",1.51684510619206
"UBE2D1",1.5167053628216
"BTBD3",1.51595800804904
"SNX31",1.5155500369557
"CTNNA1",1.51376526670431
"SMPD4P1",1.51351094204792
"CREG1",1.51318915479968
"TMEM272",1.51294634733642
"UBE2V2P2",1.51234473141818
"NIPAL4-DT",1.51188277556759
"PINX1-DT",1.51165147895028
"GPATCH8",1.5110051393466
"TBC1D10C",1.51078393709648
"ZNF184",1.51053954470874
"RAB36",1.51050224763428
"APIP",1.50962279234698
"TMBIM1",1.50914363591859
"ALDH5A1",1.50901055290733
"TRO",1.50868626849552
"TRAV35",1.50832076254845
"CIROP",1.50722066617528
"CD163",1.50623499247445
"KRT18P37",1.5060707332347
"TSEN34",1.50591275014271
"SLC39A8",1.50558350761756
"GIRGL",1.50556407606149
"IGHV4-4",1.50541718464469
"ATG16L1",1.50482802608745
"CEBPE",1.50394468993528
"OSBPL9",1.50344267224538
"RND1",1.5033569875886
"H2AC21",1.50332545863034
"RALY",1.50284983586721
"ACBD5",1.50262296111406
"SLAMF7",1.50251648181631
"SERPINE2",1.50203669331206
"MIOS-DT",1.50198353332164
"TMEM121",1.49982018425304
"CPSF2",1.49940304539715
"MBD2",1.49925542008329
"SGSM3",1.49917984319582
"JARID2-AS1",1.49863106344996
"MON1A",1.49862294239117
"ATIC",1.49743723309228
"COG4",1.49688734911999
"ITPR1",1.4933043584639
"SCARA3",1.49329714320273
"S100A4",1.49178272708989
"PPP1R35-AS1",1.49161217109178
"STARD7",1.49114995891472
"NPIPB8",1.49035660353843
"MRPL24",1.48939910209764
"AIF1",1.48785407300115
"DAPK2",1.48783778019884
"DAG1",1.48771767685147
"PATL2",1.48766666044844
"P2RY14",1.48723161117469
"NGFR",1.48636608333443
"MRPL49",1.48625148110924
"TMEM178A",1.48623216328836
"SNORD38A",1.48592947604254
"RNA5SP355",1.48563183278567
"RAD21L1",1.48488928943127
"DOK1",1.48476134754104
"TMPO-AS1",1.48419676504441
"FOXO4",1.48403006007024
"SPDYE17",1.48400130689177
"LEKR1",1.48272611861461
"FAM133GP",1.48247125679072
"MED28-DT",1.48172584922184
"SLC43A3",1.48130425266338
"AGAP2-AS1",1.48009339555128
"PYDC2",1.47810359627418
"CCDC124",1.47778333519303
"NME6",1.47690531991123
"KCTD17",1.47667724584035
"NME3",1.47631957618424
"PKIG",1.47612558165015
"SWAP70",1.4757130837325
"SLC44A2",1.47536939246886
"SPIN3",1.47505042934755
"TLNRD1",1.47432908485842
"SRBD1",1.47367719821757
"NUP85",1.47362186101961
"MRPS33P2",1.47274144609895
"STYXL2",1.47230112625467
"LINC00920",1.47185151644622
"BHLHA15",1.47026310072307
"CRIP1",1.46979329261305
"CNN2",1.4683701599168
"AGBL3",1.46834190010054
"CCNI2",1.46784679928969
"RN7SL775P",1.46771395204146
"DTNB-AS1",1.46766821942452
"GUCY2C-AS1",1.46717287667935
"TCEAL9",1.46521473119919
"GMIP",1.46517163360296
"NEK7",1.46440558695494
"CLIP3",1.46197919461686
"IGLC6",1.4613806521136
"MTHFD2",1.4610013162582
"RAD23A",1.45975326002441
"RPL32P27",1.4595821586046
"MTMR2",1.45840457834778
"SETD9",1.45829104738591
"CSTF2T",1.45815640323419
"FAM117B",1.45800881059448
"LINC00958",1.45791335888015
"BAK1P1",1.45639411070656
"OTOP2",1.4561071517557
"HK2",1.45504972312721
"CCDC121",1.45388574073264
"SCYL2",1.4536872662045
"ST6GALNAC4",1.453158709221
"GAR1",1.45280265755192
"CCDC73",1.44997635184585
"NFATC1",1.44952202216822
"NGRN",1.44915365200901
"NPDC1",1.44819415248456
"PEF1",1.44769940287564
"ENO1-AS1",1.44740482971732
"YIPF2",1.44680465281208
"MTMR14",1.44568020750085
"SLFN14",1.44545396140513
"DCAF11",1.44534157748772
"RACGAP1",1.44514789409874
"HOXA1",1.4447568602956
"EPOR",1.44437793854519
"ERVK3-1",1.44409279279764
"KLHDC7B",1.44333557791645
"BICD1-AS1",1.44224271672217
"TMEM94",1.44180021198151
"PIK3CA",1.4409227951257
"RN7SKP38",1.44091385860365
"ASH1L",1.44089111406643
"LINC02520",1.44083572423496
"SVIL2P",1.44061993037363
"YWHAQ",1.43952659558087
"IL10RA",1.43941584376944
"NME1",1.43893977238235
"CAD",1.43855819742525
"HYAL3",1.43635409320155
"UBTF",1.43463845357483
"EFS",1.434618378523
"DBNL",1.43430717176013
"BTG2-DT",1.43330562001331
"HIBCH",1.43293172009156
"EEF1A1P30",1.43210878214725
"CTDSPL2-DT",1.43037280904491
"SHLD1",1.43027029803497
"TRMT61A",1.42922124929924
"CD99L2",1.42518361613033
"FAM3C",1.42484547130023
"ABTB1",1.42414758933559
"RPL26L1-AS1",1.42385762419018
"EXOC6B",1.42382981339653
"APH1A",1.42352945233046
"MTAP",1.42215554084097
"LST1",1.42137227290815
"AUH",1.42092493634335
"MRPS9",1.41961573084099
"DDX56",1.41950984504998
"ATRN",1.41873731288328
"RYR1",1.41850179510871
"CD6",1.4175376364456
"ZMYM4",1.416996377599
"BORCS7",1.41404784385465
"ZBTB8OSP2",1.41318701759815
"TMEM106B",1.41317449692894
"KLF13",1.41298814357851
"RIMS3",1.41287399953244
"TMPOP2",1.4122987053402
"HHEX",1.41198492365524
"CEP128",1.41174310191649
"WHAMMP1",1.41044660683284
"NAT9",1.41039080272439
"RASA3",1.40956992210783
"VEZF1",1.40934752153611
"COL27A1",1.4090268879056
"EXOC3",1.40890217047298
"CIC",1.40833200696321
"HMOX1",1.40746206339837
"GOLGA4-AS1",1.407320398872
"CSF3R",1.40711380172929
"RCN2",1.4062660805818
"ALDH1L1-AS1",1.40580491268199
"HCG19P",1.40580491268199
"PRRT1",1.40580491268199
"PPIC",1.4043187905733
"ALDH16A1",1.40339081352755
"PKD2L2-DT",1.40268407204907
"RN7SL402P",1.40254880284054
"EMILIN3",1.40208591596803
"PACRGL",1.40202359467387
"GPAT4-AS1",1.40155162414348
"RNF115",1.40087861259115
"EVI5",1.39856963071516
"POLG",1.39813320625978
"PI4KB",1.39673563835451
"DHRS13",1.3966824438394
"RNF139",1.396221279461
"PHKG2",1.39536121196696
"WDR11",1.39502420556011
"CDC25A",1.39454983989543
"GFM2",1.39420563425993
"RNU6-672P",1.39294386534781
"YARS2",1.39241908373631
"PFKFB4",1.39225666548598
"PAX8-AS1",1.39150223781816
"MTND1P23",1.39105965213328
"ALYREF",1.39069983344251
"CCDC51",1.39002210583997
"ZYX",1.38975872640156
"RNU1-2",1.38967690347302
"CBX3P3",1.38902783498851
"CAND1",1.38896520944616
"LINC03048",1.38870305178134
"DPY19L4",1.38845276182632
"TAMM41",1.38780513241581
"PRANCR",1.38754904036088
"ADTRP",1.38706228937448
"IGHV3-62",1.38696414323002
"DENND2A",1.38659619237579
"BNIP3P16",1.38481818144399
"TSFM",1.38457095767012
"RPUSD2",1.3832330826723
"MIR1277",1.38291008360043
"SEC22A",1.38203607750052
"NUDCD3",1.38167614124825
"NTN4",1.38094830526916
"TOX2",1.38028387846598
"EMC3-AS1",1.3798483196221
"FBXL15",1.37972452122112
"MAP4K1",1.37934725816251
"C17orf67",1.37877028054186
"ASCC2",1.3784408567376
"WNK3",1.37808769443352
"PDAP1",1.37803154515762
"EIF4G1",1.3770154566093
"LUC7L",1.37630940679881
"NBPF14",1.37527324399193
"SLC22A23",1.37469968738213
"TBC1D9B",1.37426644140035
"SUV39H1",1.37426060246837
"DLG5",1.37401048345511
"TACO1",1.37280148807348
"TRMT12",1.37263775066182
"MRPL20-AS1",1.37224688674413
"EIF4ENIF1",1.37197076858136
"HTR6",1.37141832268699
"ZER1",1.370703241191
"CCDC69",1.37048511559011
"MCMBP",1.3704024103614
"HCN3",1.37027501659349
"TXNDC15",1.36949714010945
"IRX3",1.36892285322233
"ZNF668",1.36733896201019
"MTERF1",1.3669567601162
"PRR3",1.36695075144405
"SP5",1.36655071901713
"LANCL1",1.36549025284614
"ZNF736",1.36541358109278
"ELAVL1",1.3639134754536
"ODC1",1.36294874451797
"HMCES",1.36163839572506
"BRCC3P1",1.36061296717267
"LCT-AS1",1.36015444018829
"RN7SL34P",1.35876648330042
"CBX7",1.35854122437045
"GNL3L",1.35759880327267
"GADD45A",1.35697705146957
"RASSF1-AS1",1.35603242213953
"NR2F6",1.35472214536468
"THAP9-AS1",1.35464564456
"SPSB2",1.35426741324637
"PGGHG",1.35361123233711
"BTG2",1.3534772050464
"NOMO1",1.3529741869167
"IFI27L1",1.35296579878118
"FAM167B",1.35253216935634
"TTC19",1.35244182350245
"LRRC1",1.35069802304736
"RPL15P16",1.35068203193046
"MAPK8",1.35043985751685
"STYK1",1.35031473950655
"H1-10-AS1",1.35021087375632
"MYO1D",1.35010031506935
"TRIM2",1.34995683378734
"RGS14",1.34857496584259
"TMEM54",1.34818490787485
"NELFB",1.34800495148927
"MBLAC1",1.347674703486
"MEX3D",1.34581954776187
"MYL6BP1",1.34508950383549
"PPM1J-DT",1.34353214194008
"TM9SF4",1.34259819632298
"TNNT3",1.33979654592625
"RPS12P7",1.33974823665552
"ST13P19",1.33860971078522
"VPS51",1.33860704158175
"NRIP1",1.33852325839763
"INTS12",1.33829410501695
"SHARPIN",1.33734646807861
"PEX19",1.33696138257541
"HCRTR1",1.33672322979822
"FZD5",1.33628318761914
"RNU6-789P",1.33609587256388
"AVPI1",1.33498284542084
"SMAGP",1.3348783581279
"TSSC4",1.33336698533626
"TRIM69",1.33166145810065
"SCO2",1.33044973228637
"AMZ1",1.32847071583595
"TP53TG3",1.32784225358379
"CD37",1.3277303548239
"PPP1R14A",1.32679536259442
"SLC25A11",1.32424841595069
"FPGS",1.32390699945941
"ACTR5",1.32365050549484
"SF3B2",1.32356818136347
"YJU2",1.32285386067826
"FAM210A",1.32184746780489
"BTBD6",1.32126222880368
"AFDN-DT",1.3212575836956
"DHCR7",1.32096779578537
"MEF2C-AS2",1.31942207644468
"FHL1",1.3193237650635
"HGH1",1.31734291452437
"PRMT7",1.31698960194378
"SPDYE6",1.31673967961684
"EEF1AKMT2",1.31602691890025
"TVP23C-CDRT4",1.31595176727652
"SYNE4",1.31536106805567
"UQCRC2",1.31374146457213
"TPD52L2",1.31373266137312
"LINC00862",1.3116701308834
"RN7SL308P",1.31125708562268
"LY86",1.31125664834043
"TTC13",1.31088630682402
"GHDC",1.31024331553444
"ZNF107",1.30965937847244
"HNMT",1.30920672020935
"GNLY",1.30767130919899
"TM9SF5P",1.30750069549518
"LINC02361",1.30744343108985
"EED",1.30672719274929
"LSM14B",1.30667040064163
"RNF217",1.30656913699891
"RALGDS",1.30656040071066
"PRR33",1.30587547977473
"MARCKS",1.30541106385102
"MLXIP",1.30443488502305
"TRPM1",1.30320558433115
"RNU6-662P",1.302185904486
"HLA-E",1.30204209067341
"SLC33A1",1.30166573692664
"FKBP2",1.29887397482371
"IQSEC3-AS1",1.29871294881036
"BAD",1.29848611279929
"CDK10",1.29768473215934
"MIR548L",1.29704774224409
"MLX",1.29654927811597
"KCTD5P1",1.29539095996615
"RNF126",1.29531225956192
"P3H3",1.29518820770497
"GLT8D1",1.29476364741212
"ATP5MKP1",1.29386262303484
"TOGARAM1",1.29374896505379
"UBE2D3",1.29334149342243
"TPM1-AS",1.29297878855521
"MINDY2-DT",1.29177085574917
"SBF2",1.28998312308307
"MARCHF8",1.28724539158071
"KXD1-AS1",1.28577913429717
"SMARCE1",1.28552127345905
"CANT1",1.28534718410929
"PAQR4",1.28359929614786
"ZBTB18",1.28326061222203
"NFKB1",1.28320884393639
"TRBD1",1.28213703959635
"SLX1B-SULT1A4",1.2814907016481
"NAA10",1.2804972879036
"ZNF786",1.28035047921696
"NCOA6",1.28016164736107
"OSBPL8",1.28005664181362
"LINC01063",1.27966437103088
"RNU6-748P",1.27696493715404
"PRUNE1",1.27642944056674
"NBN",1.27611574997784
"TXLNB",1.27456276948987
"CCNT1",1.27428720903305
"CAPRIN1",1.27304307521517
"TNFRSF4",1.27154914000258
"CXXC5",1.27132837645352
"TBX21",1.27125493792335
"LENG9",1.26684764912158
"TRIM74",1.26612266682601
"RN7SL268P",1.26611782614217
"YBX2",1.26569881058048
"DNLZ",1.26556883681708
"ATPSCKMT",1.26531700982019
"LRRC37A16P",1.26510917003197
"LYRM7",1.26400833355225
"LINC02011",1.26351204867628
"SOX5P1",1.26351204867628
"IGHV1OR15-3",1.2626117587765
"ZNF442",1.2616686992711
"KIR3DP1",1.26104018575777
"CTAGE8",1.26057172612937
"DRAP1",1.26051298515384
"EFHD2-AS1",1.26046524517554
"A2M",1.26029672825811
"PNKP",1.26017373920322
"RNU6-272P",1.25994917137128
"AKAP13",1.25960689740799
"MIR4428",1.25887901780745
"ZFHX2",1.25878247674828
"RNA5SP207",1.25827454025173
"ZNG1A",1.25739517290854
"PSMG3-AS1",1.25731700527584
"PDE4B",1.25711758100543
"GUF1",1.25584939447377
"HNRNPKP4",1.25572809560203
"PRMT5-AS1",1.25570129200257
"RNY4P10",1.2548765202644
"FAM215A",1.25426250696847
"ZFAND6",1.25421628950148
"TMEM186",1.25413417568984
"NDUFV1",1.25412923064089
"LINC01348",1.25328519567735
"UBE2H",1.25123676499734
"EIF2D",1.25114624329145
"PRKDC",1.24902242956318
"THOC1-DT",1.246674762905
"TOB2",1.24537339401562
"SRSF1",1.24533008892201
"LINC00472",1.24477381803993
"RNU1-100P",1.24374822525413
"MTND1P11",1.24280133328979
"CCT8",1.24218318094771
"RIN2",1.24206922145559
"LRRC4",1.24137423462294
"GAS7",1.23928645761354
"MCUR1",1.23894080902108
"POP5",1.23811360591112
"MAP1S",1.23640558882241
"TOM1",1.23618997033265
"LINGO3",1.2352685281478
"FLYWCH1",1.23334017706951
"CLIP4",1.23305165213664
"FBL",1.23224739410427
"ZNRF1",1.23213139302684
"TULP3",1.23202625962861
"NUP93",1.23163312482248
"CPA2",1.23104642999381
"ANXA5",1.23064800467312
"RNU6-944P",1.23053818344052
"GTPBP4",1.23051035646964
"JAZF1-AS1",1.23019122776545
"PCNT",1.22860527211817
"TUFT1",1.22810380700605
"NNAT",1.22748330972139
"NDUFS1",1.22590504184007
"TRMT2B-AS1",1.22583918132875
"LLGL2",1.2250693864361
"AKIP1",1.22421593177887
"TRAJ38",1.22420313624544
"SOSTDC1",1.22387857214178
"ARAP1-AS1",1.22385510652117
"UBQLN2",1.22324194945476
"NPIPB10P",1.22297583642402
"TRAJ34",1.22224319776008
"HEATR5A-DT",1.22172230532814
"DLG1-AS1",1.22002895070752
"KXD1",1.21986718963819
"SNED1-AS1",1.21828115557527
"ACKR3",1.218220566994
"DAPP1",1.21631272470161
"IFIT2",1.21592880783283
"CD4",1.21587160241614
"METTL21A",1.21572612514174
"GARS1",1.21561925923001
"PDZK1",1.21559773425539
"ADGRF3",1.21506612888587
"PARP1",1.21504579041184
"CAMK1D",1.21467595175086
"RNF103",1.21450314568289
"APLP2",1.21431240919547
"EID3",1.21414638176647
"CDC27",1.21382002678478
"COMMD10",1.21357230920989
"AP2M1",1.2131206767008
"DPP9-AS1",1.21279725671968
"TMCC2",1.21272624787616
"PITPNM1",1.21233041806194
"RN7SL619P",1.21106226702512
"POLR2E",1.21073865040848
"EIF5AP4",1.21069352653646
"KDM7A-DT",1.20982305158725
"YJU2B",1.20892269469379
"LZTS3",1.20860083168781
"USB1",1.20783333077035
"SNAPC4",1.20575119598033
"HSCB",1.20476478560381
"CLPTM1L",1.20391459834632
"DNM1L",1.20370639922456
"SSBL4P",1.20345945983161
"RPS10",1.20306082220614
"FCMR",1.20190988366729
"RELA",1.20009217059603
"ZNF142",1.19985563081642
"TMEM164",1.19964995827615
"DHX9-AS1",1.19963468596073
"ZNF639",1.19917259669247
"SLC10A3",1.19831371993105
"FARSA-AS1",1.19694674060829
"GNE",1.1967567153273
"APCDD1",1.19606305707283
"HYOU1-AS1",1.19564479606091
"CFAP161",1.19523852858084
"SRGAP2",1.19391868735745
"TFG",1.19381813355799
"HDAC9-AS1",1.19305463301516
"SNF8",1.1929880495521
"NDUFS7",1.19282992567598
"LINC00641",1.19248272396631
"LMAN2",1.19199512150394
"CCDC115",1.1907564926109
"UNC79",1.19048705653361
"SEPTIN9",1.19045763809726
"RPL34P19",1.18988360418192
"CRHBP",1.1894580433085
"MACC1-AS1",1.1893731236672
"TOR3A",1.18770052630259
"CACTIN-AS1",1.18630459020908
"VDAC1P1",1.18630226332753
"LINC01229",1.18621189514683
"BLMH",1.18424217404336
"HYAL2",1.18381869338172
"FAM83D",1.18349420598901
"UBR7",1.18312701371827
"ELP5",1.1831225157817
"CHTF8",1.18241625672696
"MTMR6",1.18230422730976
"RPL35P10",1.18147241054812
"IGKV1-6",1.18109668356381
"RNF5P1",1.18107125068238
"CA12",1.18106967211691
"KCNQ5",1.18090762541142
"RAB33A",1.18062563144526
"SMNDC1",1.18042821024605
"PRIM2",1.18040262647031
"INTS3",1.18036037999483
"LINC01394",1.17988038951259
"PTGES3P2",1.17986061170203
"RABGGTA",1.17918671998606
"SZRD1",1.17866822463022
"PMF1",1.17857649436807
"OLMALINC",1.17845062227669
"CTBP1",1.17787226338687
"CCNL2P1",1.17714072055564
"ELF2P1",1.17714072055564
"AANAT",1.17680699847651
"TRBV4-1",1.17516014186475
"GOLGA8A",1.17457462298946
"CYP2S1",1.1740542612683
"PDE6D",1.17348539977651
"HOXC8",1.17255348703082
"EIPR1-IT1",1.17166480064189
"RPUSD4",1.17166275608787
"SLC25A16",1.17083564653075
"LSMEM2",1.16965760505022
"IGHV3-53",1.16863024096871
"VASP",1.1683122803249
"FXYD7",1.16813985423982
"DAPK1",1.16776774972357
"THOP1",1.16759987022149
"TAF3",1.16667754274933
"ANKZF1",1.1661323936705
"MARS2",1.16593217753866
"SEC24C",1.16582781774969
"ISYNA1",1.16566039332234
"CELF1",1.16434502404463
"FBXO33",1.16345700311164
"NDUFAF8",1.16298744370215
"ELOCP2",1.16282705358118
"TMEM184B-AS1",1.16277263587289
"ZSCAN16-AS1",1.16275002581273
"B3GNT2",1.16247369246685
"TGFB1I1",1.16242230394978
"UQCRFS1-DT",1.16202810690197
"TNFRSF1B",1.16112537109667
"NONOP2",1.16025953769567
"PHACTR4",1.15911725958033
"UNC50",1.15895322334433
"TPPP3",1.15830211372054
"ARMCX5",1.15748786252667
"NR4A1AS",1.15729584709272
"IRS2",1.15705300348421
"MAP1LC3B",1.15665957102296
"HMGA1P4",1.15655617171803
"P4HB",1.1553909543765
"COX16",1.15522523092414
"DENND6B",1.15518988035904
"DCAF1",1.15483526969719
"RNU6-998P",1.15360432562328
"PLPPR5",1.15279538752017
"KHDC1L",1.15210324690638
"ARL2",1.15074757536385
"TANK",1.15061962268868
"PTPRF",1.15019559698591
"MED29",1.1493877354384
"CLTB",1.14842296926708
"MRPL37",1.14813780943289
"RRAS",1.14793575433475
"PRADX",1.14594989524602
"NEUROD2",1.14494330929423
"MIF4GD",1.14420008233432
"ATG4C",1.14380572139868
"C6orf89",1.14371268538248
"UBE2L3",1.14235218194934
"TBCB",1.1413771457694
"MOGS",1.14137613288958
"FHIP1B",1.14136699937152
"MRPL4",1.14075415277962
"USE1",1.14042936153006
"CUEDC2",1.14037246753204
"ACO2",1.14023856663019
"ZFAND5",1.13986059959532
"DUSP4",1.13973798370212
"RAP2A",1.13837650066779
"PRSS22",1.13809770826047
"CAPNS1",1.13807445908753
"PPP1R11",1.13753406522375
"MAP3K10",1.13727406399816
"MIR6775",1.13713514785392
"GDE1",1.13620897608523
"MPPE1",1.13491822816868
"SNORA9B",1.13455217911756
"OTULIN-DT",1.13445819514825
"USP11",1.13420320944481
"GRN",1.13403828205572
"SMIM11",1.13371683907137
"PSIP1P1",1.13234133588375
"LINC02084",1.13224941616044
"ATXN2L",1.13201106064568
"CHCHD5",1.13105599161859
"UBN2",1.13081839161975
"CDK4",1.1303043190448
"ISOC1",1.12996739609603
"RMDN1",1.12965796352202
"CROCCP2",1.12870582428699
"NPIPB12",1.12865884542361
"PTGES3L-AARSD1",1.12809794780154
"GLYCTK-AS1",1.12798312747102
"SRP72P2",1.127928424303
"IL4",1.12604552692027
"RPS3AP31",1.12476121924864
"ARRDC1-AS1",1.12397098023376
"RIOX1",1.12214179270808
"ZNF211",1.12082699064926
"CARS2",1.11843985644131
"SLC25A28",1.11662596154725
"ARF4",1.1162984812127
"RIPK2",1.11627393241005
"SRP14-DT",1.11617920937569
"LINC01301",1.11472439573761
"WDHD1",1.11450316903578
"SPINK1",1.11349889541901
"TGFBR2",1.11341955074079
"GPM6B",1.11308744814828
"SAMD9L",1.11297909618504
"LINC01088",1.11271354972202
"IRF2-DT",1.11229013510087
"LMO7DN",1.11220460675922
"SLC16A2",1.11122364625414
"MAP2K3",1.11073002296713
"TRABD",1.11057583210031
"PPM1K-DT",1.11041809737077
"POLR1H",1.11038209864387
"RN7SL20P",1.11008351176281
"SNAP47",1.10992913205288
"RILPL2",1.10967184852823
"SQSTM1",1.10930716989975
"SEC31A",1.10845292300188
"DNER",1.10809342971311
"S100A16",1.10789787353153
"PTBP1",1.10695433032556
"NAPA-AS1",1.10672136221906
"TAC4",1.10670991272923
"TNPO3",1.105658119415
"C1RL-AS1",1.10562977070052
"CYCSP24",1.10527377821567
"GOSR2",1.10485943758009
"DCAF5",1.10439600647039
"SOX5-AS1",1.10379173324577
"FLOT1",1.10160583395453
"EMSY-DT",1.10118535977776
"NGFR-AS1",1.10104091156084
"TMC6",1.10082614341007
"LRRC58",1.10050437909202
"KLF5",1.09979226810866
"THAP12",1.0992389575965
"MTHFS",1.0988124328892
"TARS2P1",1.09762532243958
"MIR4665",1.09708319259573
"COX10",1.09649710718972
"RHOG",1.09645335837924
"MGAT5",1.09516742246973
"TMEM50B",1.09459330925148
"LEF1",1.09438899264491
"PRKCI",1.09396640075515
"RPS15AP17",1.09377630801993
"FBXO21",1.09365521532161
"ZBTB20-AS4",1.09364195337682
"RBMX2P3",1.09362800703914
"PTPN23",1.09348275305309
"LINC00115",1.0933491523064
"PGAM4",1.09262948658159
"NFATC2IP",1.09242913671058
"DUT-AS1",1.09185987752042
"ATP7B",1.09159588852212
"PDSS2",1.09149505915139
"RPS6KA1",1.09104222013945
"ZNF384",1.09028188336002
"BCAS4",1.09020510591079
"RNF5",1.09017747667975
"FKBP8",1.08940190104887
"SCARNA18B",1.08871691801769
"RGS9",1.08813550940235
"ATP5MC2P3",1.08743411207612
"FBXW4",1.08670820061621
"MRS2",1.0865746987344
"AIFM1",1.0862860121173
"HIP1R",1.0861602472746
"CEP72",1.08559108310897
"USP25",1.08557659371895
"CYCSP52",1.08508655441858
"RNF213-AS1",1.08489299701411
"POLR2H",1.08482489442874
"ZNF439",1.08463174891304
"SPTLC3",1.08449482254889
"DNAJC9-AS1",1.08404445130774
"NCK1-DT",1.08346310848825
"PPP2R2B",1.08234520141207
"IGLV1-51",1.08213663586358
"INKA1",1.08209581624729
"NXT2",1.08197349446672
"H1-10",1.08152941934349
"RBKS",1.08102096360182
"PLEKHH3",1.08063805126061
"RN7SL280P",1.08016353331367
"EXPH5",1.08015497898177
"ADGRE1",1.07997679358503
"MVD",1.07971869825651
"JTB",1.07957953805864
"GCNA",1.07934793497338
"FKBP15",1.07869693698937
"PPFIBP2",1.07840356485813
"SPN",1.0778917027166
"TBL1XR1-AS1",1.07778583281027
"CAPN7",1.07761654782959
"CDH23",1.07670106105104
"SAMM50",1.07611537905713
"SLC50A1",1.07580929429435
"HSPH1",1.0753360203691
"NPIPA2",1.07518668139944
"NUP107",1.07495344014522
"RABAC1",1.07451214419466
"ATP2A3",1.0744904482413
"CLPP",1.07415151292852
"AP3M1",1.07408101955614
"MYRF",1.07407495982739
"OR10J8P",1.07313616126721
"SUPT20H",1.07221270147239
"MTRFR",1.07220135489579
"TAOK3",1.07215794150062
"TNFRSF11A",1.07141613476396
"MAP3K5",1.07139038168492
"OR10H5",1.06986313192029
"TRMT2A",1.06969588578462
"ZFP36L1",1.06923907802411
"MYD88",1.0688508625842
"MRPL10",1.06854152813378
"DCXR",1.06766204683144
"PCSK1N",1.06583373199386
"SMARCB1",1.06579175983636
"GDAP2",1.06563300522939
"GIGYF1",1.06509029018503
"PTGS1",1.06366418015953
"ZNF233",1.06280045464829
"RPL15P8",1.06195531873083
"TMEM131",1.06193260449097
"FOXP3",1.06182307636505
"TRMT112P8",1.06180388853721
"SCYL1",1.06171962531758
"ZNF165",1.06144240696443
"RPL21P72",1.06099677729539
"IKZF4",1.05998047199058
"TRPV2",1.05970126023264
"NSMAF",1.05960658200284
"HAO2",1.05945632308715
"GABPB1-AS1",1.0583613238393
"PTK2B",1.05823842128362
"MT-TI",1.05789880850732
"MYADM",1.05775434777864
"PRPF8",1.05757202560059
"ZFAND2B",1.05727853532823
"TNFAIP1",1.0569332085618
"GSTM2",1.05693193929343
"TRBV7-7",1.05667478438234
"NUMBL",1.05643250600802
"PSAT1",1.05640786041017
"RNU6-249P",1.05504695033153
"RNU2-27P",1.05442350256523
"TMEM147-AS1",1.05437327722691
"GAR1-DT",1.05345459614311
"TNFAIP3",1.0533627795569
"MAFG",1.0530630987144
"ARRB2",1.05272524114391
"GORASP2",1.05257813600091
"MAP2K2",1.05205133022011
"RRAS2P1",1.05177676786537
"CDCA4P1",1.05144023214345
"TMOD4",1.05117435141215
"TMEM87B",1.05076451787467
"PRCP",1.05040550237967
"IFT122",1.05033686199404
"DSTYK",1.05004224315837
"LAIR1",1.0491504760116
"ZCCHC14",1.04908972221204
"SMARCC1",1.04892366569689
"PSTPIP1",1.04775269454509
"CLDN20",1.04751276992698
"TRBV5-7",1.04744533115218
"PIGC",1.046908334465
"HSPA5-DT",1.04681161256218
"ARHGAP26",1.04676404251784
"ADGRG2",1.04659522343875
"PELATON",1.04656109420444
"KLHL13",1.04580420629497
"KCNA6",1.04532124121696
"NBPF19",1.04508422810963
"CUTALP",1.0444599331605
"IDI1",1.04410491923805
"CDKAL1",1.04346914541022
"RNVU1-15",1.04273489982785
"LSP1",1.03975259808681
"ANXA7",1.03936951619434
"ELMOD1",1.03925762767446
"CABP7",1.03904560009248
"ZBTB45",1.0388450607722
"PFDN4",1.03785806497313
"FBXO34",1.03708193904502
"RIN3",1.03645719037098
"GGT1",1.03604149433634
"INO80C",1.0358811032385
"SH2B1",1.03578119937866
"PTGR2",1.03566255967959
"RRM1",1.03524221099859
"RUNX3",1.03516429738638
"HSD17B8",1.03425519982477
"DKC1",1.03414857720525
"MAPKAPK5",1.03268648820478
"PTPN3",1.03261585750095
"RNF149",1.03113537858413
"LINC01800",1.03074027276129
"FOSL1",1.02978832050194
"TRBV7-6",1.02955153231823
"ADIRF-AS1",1.02925839335152
"HMG20B",1.02867407262206
"SURF1",1.02863211515066
"RCL1",1.02813369561192
"HLA-DPB1",1.02766569081554
"ILF2",1.02752208688642
"HGS",1.02725886553104
"NUP210",1.02720601202906
"REC8",1.02708046526712
"TRAV3",1.02706165719142
"SMS",1.02703915929776
"SLC22A18AS",1.02653007221406
"MIR7856",1.02529454160877
"SACS",1.02432376682314
"ATP8B1-AS1",1.02380192510771
"LACTB",1.0231722718649
"FUCA2",1.02270272886081
"SMANTIS",1.02268912023112
"CHCHD4",1.02142716751312
"HIBADH",1.02123870237898
"HPS1-AS1",1.021128870307
"SLC16A1",1.02064098171622
"NLRC3",1.02027550988556
"NARF",1.01981150977351
"MDH2",1.01976283000316
"SRP14P2",1.01954261212076
"SMTN",1.01917688177306
"NUTM2B-AS1",1.01851707249642
"SPNS2",1.01778220775874
"DNAJB1",1.01710486607929
"SRP19",1.01690840656344
"RUBCN",1.01688665123546
"RPL12P29",1.01650802042182
"ZNF589",1.01617763180424
"TCIRG1",1.01540719472143
"CAMTA2-AS1",1.01534060806762
"WDR91",1.01500638443737
"MIR1260B",1.01465647509971
"EAF2",1.01439169812674
"S100A13",1.01408563447637
"MAP4K2",1.01272346673225
"FIG4",1.01227227795078
"XPOT",1.01156995716591
"ALG1L9P",1.01135525665483
"IGKJ4",1.01063998759038
"APPL2",1.0089812094866
"FLOT2",1.00880403977422
"SNED1",1.00684030401355
"TM7SF3",1.00610736032943
"CD82-AS1",1.00586140007824
"GNB1L",1.00391558455458
"FBXW5",1.00388112952989
"MIR6842",1.00308640587919
"SLC25A6P1",1.00308640587919
"ANKRD9",1.00225369719091
"PYGB",1.00114518575209
"EPB41L3",1.00105810161028
"PHYKPL",1.00095452233509
"LILRB1",1.00084169879384
"CSPG5",1.00064409459489
"ID1",1.00036789877488
"PLAG1",1.00007534251393
"STPG1",0.999844308984497
"POLL",0.999008455135671
"CNN2P1",0.998775790720086
"PI4K2A",0.998774390804542
"POLR2J2",0.998591348407317
"CCS",0.997842628658201
"SIMC1",0.997750631407608
"CNNM2",0.997586626062225
"USP2-AS1",0.996859923033254
"EFCAB7",0.99683273610143
"P2RY11",0.996625527067701
"MIR616",0.996011123408006
"TRBV11-2",0.995985479705206
"CRTC3",0.995715972128785
"OR4D1",0.995354997156844
"LRRN2",0.995205766068515
"TRBV7-9",0.994823536974237
"RHOXF1P3",0.994557579064892
"TRAPPC12-AS1",0.993612919598982
"DDRGK1",0.992611895636047
"GPS2",0.99208799323444
"LINC01134",0.991779853916463
"RRAGC-DT",0.991526887905767
"SH2D2A",0.991339479971307
"ZNF276",0.991092931457994
"AUP1",0.990369861038675
"LGALS3",0.989420236270649
"MARCKSL1",0.989320265087442
"ACTA2-AS1",0.989283639244412
"LRRTM1",0.989062896350462
"IQCB1",0.988859822801132
"MIR6812",0.988409470029428
"EXTL1",0.988103377005329
"SLC25A38",0.987890130608082
"MBP",0.987791031075566
"LASP1",0.986959129214505
"FARP1",0.986958029107587
"RAB10",0.986104634174533
"CCDC28B",0.985789292679049
"SEC24D",0.98487488034039
"GTF2H5",0.984811656728135
"DOT1L",0.984264315855639
"MT-ND1",0.983965844276345
"OSTM1",0.983831462733184
"HNRNPA1P4",0.983699447646331
"SPTB",0.98279682748729
"YIPF3",0.982665847317597
"SLA",0.982492984530167
"SLC25A39",0.982013201751091
"UFSP1",0.981983698937856
"NDUFA4L2",0.981643916887861
"BIN2",0.981330605720071
"ZNF721",0.981260825379895
"KCNC3",0.981030734397598
"ATP6V0CP3",0.980967746411734
"TESC",0.979570660119905
"FAM120AOS",0.979238428756155
"C1orf167",0.979181437013042
"GABBR1",0.978819262572067
"WEE2-AS1",0.978458664517769
"RHOC",0.978297130051305
"C19orf73",0.977796566553376
"DDX1",0.976935293260916
"SLC25A21-AS1",0.976650506160444
"HCFC1",0.976388186884275
"LPP",0.97594513712662
"AKT1S1",0.974208614637957
"REL-DT",0.974113440761663
"DYNLT2",0.973931639999867
"PPDPF",0.973898230889772
"VRK1",0.973608108309844
"C11orf68",0.9733610148297
"MIR3677HG",0.973215012306978
"VPS33B",0.972083385586305
"TMEM52",0.97118065994229
"VAMP1-AS1",0.970882610923068
"CD247",0.970124634344933
"ALPK3",0.969978771884894
"TAB2-AS1",0.969426287373148
"ZNF777",0.969141357467523
"ASL",0.968345298627728
"SNHG14",0.968071792716417
"PIGZ",0.967541706720426
"OPTN",0.966105083221114
"RAB40AL",0.965893040460134
"MTR",0.965210688167841
"RNF11",0.964828937542351
"SNAPC2",0.964507760350405
"CDS2",0.963528486330762
"SLC9A3R1-AS1",0.963460089039375
"VN2R19P",0.962972057765266
"URB2",0.962826505015977
"DNAL4",0.961744128764784
"CSHL1",0.961572058605563
"MIR4648",0.960668797876407
"TCF7",0.960609187529071
"MFSD10",0.960473116416737
"GTF3A",0.960407451900464
"CPOX",0.960392363128632
"RAB26",0.959868040665227
"HMGA1P2",0.959536793478798
"LAMP1",0.959161735829978
"APPBP2-DT",0.959077377677484
"TIMMDC1",0.958988273893114
"IRF6",0.957995034064639
"L2HGDH",0.957148267414829
"RNASEL",0.955905136790855
"RPL9P32",0.955698327710066
"OR6J1",0.954480952233064
"SIAH1",0.954118780719563
"RAD54B",0.953682272486922
"RNY1P15",0.953583238717335
"PHACTR2",0.953519701025097
"CRISPLD1",0.95332799004385
"NOD1",0.953010536598761
"WASF2",0.951877894858517
"PLK3",0.951087957220831
"HDGFL2",0.950984615545692
"RAB1B",0.950824106685983
"WBP2",0.950335046152999
"TMEM39A",0.950252707055212
"CDHR2",0.949564417921117
"MTRF1L",0.949291299658743
"BAMBI",0.949034152248585
"PLEKHB2",0.947875246699044
"ZNF638",0.947391169398919
"RRAGB",0.94660455165804
"CSKMT",0.946137961015672
"MIR6736",0.946109071681574
"METTL26",0.946074648052099
"DRC3",0.945000223184056
"RPL8P1",0.944022283261663
"EIF2B5",0.944008221341629
"KCTD20",0.943952279267246
"ZNF664",0.943860773380516
"ZNF322",0.943822845772065
"COX6B2",0.943622470007412
"MARCHF3",0.9434448886019
"MCF2L",0.943151264288544
"METRNL",0.943020092073553
"ACTN4",0.942988114865685
"LRP10",0.942507771821225
"TMSB4XP2",0.942370602163856
"RNA5SP378",0.941779106614429
"SH3BGRL2",0.941473547209609
"ASCC3",0.941404796551036
"RAVER2",0.940907072989625
"RGS5",0.940136370470994
"INTS1",0.939229200445451
"CARD11-AS1",0.939120384560924
"ANKRD13C",0.93903418349317
"INTS5",0.938141262627335
"PLAU",0.937217976868672
"KIF3C",0.936204413553616
"PLEKHM2",0.936200853376134
"CCDC93",0.936189585658537
"STARD4",0.935604910194995
"ANO9",0.935321379315671
"HLF",0.934686377156143
"HIVEP2-DT",0.934631497351634
"UGT1A7",0.934342178804507
"DMGDH",0.933819643360268
"GOT2",0.932724336062918
"MGAT1",0.932264349955205
"MYO15A",0.932236470428806
"KCNS1",0.931322848476404
"IPCEF1",0.930660285118182
"KPNA2",0.930432654256927
"CLUAP1",0.930306065519142
"FAM72C",0.928909087417926
"COPDA1",0.928909087417926
"METTL25B",0.9285302790854
"TRBV30",0.927797484404258
"SCLY",0.927563337974496
"RRM1-AS1",0.926193586991012
"DNAAF4",0.926001511610238
"RN7SL614P",0.925810309350199
"OR5AU1",0.925748403632707
"WDPCP",0.925417710171034
"NUDT19-DT",0.924504119177861
"ZNF610",0.924418820638067
"DSP",0.924295781360478
"SLC16A13",0.924230661410047
"LINC01588",0.924152524551306
"AP1G2-AS1",0.924138548655513
"PARVG",0.923936580395509
"GAB3",0.923803011274667
"CPQ",0.923339825626851
"RAB5CP2",0.922557786952197
"LSM6P2",0.922415771529948
"LINC00665",0.92178137285357
"MIR3921",0.921579310585351
"KCND3",0.921560621682384
"RN7SL37P",0.921479052574516
"PANK2-AS1",0.921453144383011
"LINC03011",0.92101797803882
"MAF1P1",0.91997337687661
"RNF166",0.919086458816506
"C12orf43",0.918904444641436
"CABIN1",0.91852455146924
"MICU2",0.915963377304335
"BLOC1S1",0.91591922906392
"MTMR10",0.915685475384911
"TCF12",0.915493928047263
"NUDT14",0.914761102344852
"SPCS3-AS1",0.913316043329615
"MYDGF",0.913224049617113
"NUP153",0.913205994275158
"SLC30A9",0.913113213638382
"RBM39P1",0.912812425364795
"EPHB1",0.911433526866836
"FHL3",0.909524434852952
"PSMC1P5",0.907728359989762
"NCAPG2",0.90735094144816
"FAM76B",0.907062945579061
"BICRAL",0.906667594508155
"WDR12",0.905808743328631
"GPX3",0.905652995455927
"PKN2-AS1",0.905435416105369
"E2F7",0.905108783462841
"GKAP1",0.904334014855668
"ZC3H12C",0.904249423603307
"TRBV6-2",0.903711795250544
"PRRC2B",0.902248275344005
"CYTIP",0.901638534255885
"ARPC3P1",0.9013719903921
"RN7SL523P",0.900635663618216
"CLCN2",0.900392091227583
"TMEM138",0.900359309247065
"GPAT3",0.900043843739864
"SREBF2",0.899686992572679
"FAM135A",0.899384412547825
"ARL15",0.898992934333174
"ATP11C",0.898497195257365
"ATP6V0E2",0.897913659214211
"PDCD6IP",0.89777475313193
"ZDHHC2",0.897033137622253
"TRIM7-AS2",0.896722965440221
"MAST2",0.896605661630711
"DYNC2LI1",0.895840776296614
"BBLN",0.89578358084057
"VAV1",0.895061345085615
"NTPCR",0.894268544713785
"NUDT21",0.893922284067762
"GYG1",0.89378737063178
"CFAP73",0.893765810976978
"PSMC3",0.892883038500425
"PILRA",0.892066885582085
"DHCR24",0.891639760358178
"PLAAT5",0.89136246971912
"NOB1",0.890922633736345
"CLSTN1",0.890787105905127
"ARL2BP",0.890278192883932
"KCNE5",0.890238560244188
"CDK11A",0.88902737647122
"NIPSNAP3B",0.888210897677051
"CYRIB",0.888058205687702
"TIAM2",0.887802411078052
"PRSS35",0.887737923575545
"LEPROT",0.887734938826915
"SNRPN",0.887027790033667
"CCDC71L",0.886610471063172
"MIR5581",0.886538715434539
"CTDSP1",0.886191896182265
"THRIL",0.885961533119293
"ST8SIA4",0.885928953474676
"SNX13",0.884825053165808
"PRKCQ-AS1",0.884790304496005
"COA8",0.88349965659193
"CYB561D1",0.882529842877603
"DGCR6L",0.882493573820147
"PHTF1",0.882296198021708
"AXL",0.882239015974337
"GPT2",0.8818296116638
"BBS9",0.881245308201505
"PLCD1",0.880730206700548
"RNF138",0.880321400488659
"TMED2-DT",0.879903603927727
"SNX11",0.87963757483703
"PCK2",0.8791961522402
"MTATP8P1",0.877981912924936
"FBXL17",0.877805762313365
"SHOX2",0.877710308468703
"DDX55",0.877641183151412
"ITPRIP",0.876678406124261
"SRP54",0.876476995986866
"NCKAP1L",0.876355458791945
"PSAPL1",0.876299048019772
"MPC1-DT",0.876299048019772
"GFRA4",0.876299048019772
"RPL26P27",0.876189177626098
"RPL15P22",0.875291151316728
"MIR1184-3",0.875232299654729
"KRT86",0.875043383594876
"MTCL3",0.874922016409398
"KCNJ6",0.874907522378973
"FBXL14",0.874322793381005
"RPL21P113",0.873710712928172
"ICAM4",0.873186088683096
"RSL1D1-DT",0.872940136330157
"MTRF1",0.872325685350742
"MET",0.871226491647699
"OPA3",0.871183689890291
"LDOC1",0.871182019957375
"ACTR1A",0.870187835814353
"SGCE",0.869536600448279
"PARP10",0.869299520670174
"ARMC5",0.868220170853261
"CIRBP",0.866982569368831
"YWHAB",0.866951205543657
"B3GAT3",0.866921988633952
"GNAO1-DT",0.86683056802842
"TRAJ6",0.866821209545427
"OCIAD1",0.866746814710653
"TRAJ44",0.866568841692941
"ZEB1",0.866367923562526
"ABTB2",0.866078797932727
"GATB",0.865859581710221
"AURKAP1",0.86551332825483
"TUBA4A",0.865247041045838
"HCCS",0.865198279539194
"TMEM184C",0.864070480274986
"EWSR1",0.863990345256213
"FYCO1",0.863884552467214
"ABHD2",0.863510184182464
"SAMHD1",0.862961316359099
"SPATA45",0.862909710078768
"TMEM267",0.862843351298929
"PDCD1",0.862436126653265
"SERINC1",0.862261233118183
"JMJD8",0.861745747856117
"VPS37B",0.861734288561751
"HAUS4",0.861395247270754
"RPL18AP3",0.860755785499529
"PON2",0.860707827501061
"PTENP1-AS",0.859209837888605
"SMC6",0.859187110075787
"GCSAM",0.858847669456489
"CYP27B1",0.858646598560064
"FAM156A",0.858346125688204
"ZNF407-AS1",0.857679398760963
"RRP1",0.857588244261465
"LINC01535",0.857107619657768
"FUZ",0.85644774402535
"RN7SL233P",0.855981751343673
"RUFY1",0.855981613487567
"ALKBH3",0.855541969915834
"SVIP",0.85544777040237
"SRR",0.855378431140131
"MGST1",0.855150308387135
"CYP2C23P",0.854337404819781
"PGAM1",0.854209600656953
"RPL26P29",0.854051834885623
"MCL1",0.853811980217038
"PRG4",0.853178743698908
"NPIPA6",0.853140120646294
"GHRLOS",0.85311946742972
"GNB3",0.852176430350953
"SMG1-DT",0.85179328448315
"CPHXL2",0.851571527381657
"SLC25A42",0.851023435885508
"TRIOBP",0.850349907527675
"NUDCD2",0.84962928040003
"NMD3",0.849465901114335
"POLR3A",0.849445483948657
"MMP9",0.849409787566361
"CYB561",0.849080370220908
"TMEM185AP1",0.848877028956333
"ITGB7",0.848541063834065
"TESPA1",0.848115078618269
"FLVCR2-AS1",0.848040915850475
"FAM66D",0.847934007719289
"RAMP2",0.847768099166984
"STIL",0.847762859788926
"MIF4GD-DT",0.84736235341765
"SPON1",0.847320526972192
"TXN2",0.846895231897278
"ACAP1",0.846636949681726
"IFFO2",0.846624209355933
"PLSCR1",0.846595779010533
"APH1B",0.846469069718346
"APEX2",0.845820999728767
"PTPN20",0.845727028118484
"ZNF747",0.843781113421579
"ABI2",0.843700081013425
"TSPAN14-AS1",0.843162160004293
"ZNF322P1",0.843146380451269
"FKBP6",0.843096593687145
"CXCL13",0.842865241024657
"DGKA",0.842698693387333
"TTC16",0.842276878134567
"SH3GLB2",0.841895021896893
"H3-3A-DT",0.841575373945274
"PRAF2",0.840562184570193
"WNK4",0.840546630069607
"RNU4ATAC16P",0.840464878764478
"FAM222A-AS1",0.840187126450642
"RPL13AP15",0.840178019001181
"ANKRD35",0.839681474314384
"SHISA6",0.839033095396426
"TENT4A",0.838244914049438
"ANKRD44-IT1",0.838216181191364
"TMPRSS11A",0.838009853303447
"RAP1A",0.837926038869655
"RNA5SP479",0.837698749450321
"HAX1",0.837411867829643
"ZNF212",0.837241317193838
"ZBTB24-DT",0.836077962306323
"BPNT2",0.835798794980798
"C7orf50",0.833322197841848
"AP1G2",0.833291828273171
"C8orf44",0.833215236112165
"BMF-AS1",0.832735896149826
"CTNND1",0.832692159838573
"CFLAR",0.831876550327458
"NDUFA13",0.831356782322306
"TRBJ1-5",0.830530048840392
"NHSL1",0.829990766156357
"TTYH1",0.829770565637098
"RPS6KB2",0.828944415181528
"ANKRD37",0.828553192410879
"SYNGR2",0.828347292894313
"IGKV6-21",0.827469035865196
"PHYH",0.827174380034689
"RPL11P1",0.827127539971871
"C22orf23",0.826774602562248
"TMEM200B",0.826148251853857
"STIM2",0.825557111177987
"PEMT",0.825470582318113
"RAP1AP",0.825404061135599
"UBL7",0.824799487776974
"CCM2",0.824491826362055
"KBTBD4",0.824464080140063
"SLC40A1",0.824364060265388
"ITGA9",0.824353782417137
"CEP170B",0.823931883180292
"PHC1P1",0.82369385093627
"RXRA",0.823346904406459
"ZMAT5",0.820867846070625
"ZNF230",0.820464534152682
"CAVIN3",0.820321268607776
"CEP120",0.820249490232286
"ANO6",0.820066109517046
"WDR44",0.819990891511652
"EFTUD2",0.819723959254465
"EIF2AK1",0.819705749077987
"ARHGAP33",0.819558212848781
"GRHL3-AS1",0.818876428210014
"MTCO1P46",0.818876428210014
"HSPA8P18",0.818876428210014
"TRBJ2-1",0.818447326052503
"GABARAPL1",0.81830951609764
"RPL19P21",0.817955883110869
"PTPRA",0.817882611265739
"MIR3181",0.817851213370826
"HRAS",0.817523922556418
"SPC24",0.817078287451421
"PLP2",0.815653402980382
"MIR645",0.815644456840001
"LNROP",0.815327243323102
"MIR4466",0.8150801922449
"CCL28",0.815022242831586
"HCG25",0.81489871676722
"OR10AC1",0.814820896108909
"TUBAP11",0.814820896108909
"FAM13B-AS1",0.814733704466394
"E2F3-IT1",0.813891730800482
"MCM4",0.813553968387567
"KLF9",0.812975958510484
"AMPD2",0.812642113667586
"DNM1",0.812205634383867
"AKAP8",0.811833806803616
"XRCC6P5",0.81169488256303
"DNASE1L1",0.810398877845293
"PPP1R27",0.810360354394936
"TRIM52",0.810234854234942
"GOLGA7",0.810024913615302
"EHMT2-AS1",0.809657997677328
"PTCH2",0.809644315971809
"VPS13D",0.808122164624694
"PRCC",0.808038340036553
"DHX30",0.806969421011682
"MRPS26",0.806749835463119
"UBAP1",0.806453203840303
"IDH1-AS1",0.806427054653094
"RPL32P18",0.806277355937967
"TMEM260",0.806232409692012
"ACTR3-AS1",0.805870639601849
"PEX12",0.805671593425163
"RGS3",0.805310531316355
"LDLRAD2",0.805292537502507
"SPANXA2-OT1",0.805256296447134
"TRBV29-1",0.805248128353302
"MRPS2",0.80518316966662
"TAS2R43",0.803880791544171
"PITRM1-AS1",0.803706013753282
"ZNF235",0.803604558441578
"IGLV2-23",0.803177261925128
"CYP17A1",0.802987026136287
"BHLHE40-AS1",0.802489334059723
"UBQLN4",0.802438415682075
"WHRN",0.802192847850045
"G6PC3",0.8017638908523
"TMEM115",0.801204544490437
"BSG",0.801077350461579
"TMEM167B",0.800917920034407
"PNPLA8",0.80067562782715
"PNPO",0.800655236184248
"SLURP2",0.800334070388779
"LINC01443",0.800206102013291
"XBP1",0.800126393612624
"RAB9A",0.799706400139607
"FASTKD1",0.798644893787836
"AKIRIN2",0.798001197329555
"SLC35F2",0.797965905984392
"SFTPB",0.797702284266916
"SOHLH1",0.797672109986352
"HSPA8P7",0.797503165265159
"RSBN1",0.796114536296571
"PLAC4",0.795465846038977
"CAMTA2",0.794401959393047
"GMDS-DT",0.793710649188233
"RPP30",0.79322826968172
"FKBP11",0.793152393768022
"C11orf16",0.791963745497149
"MAD2L2",0.79174645131685
"SERPINI1",0.791510331557717
"RNF146",0.790193320402008
"HNRNPK",0.790008534840358
"AFF4",0.789940213872815
"HNRNPK-AS1",0.789795016767927
"LIAT1",0.789776958227989
"SHISA5",0.789750019101253
"PARP6",0.789418569765692
"FAM151A",0.788951229722633
"AVPR1B",0.788935910427821
"TMC7",0.788759668997182
"SPATS2",0.787452358641933
"SDC3",0.787297178070209
"NPIPB9",0.787262113264281
"NACAD",0.786761412625487
"H2AB1",0.785884514749892
"TCAP",0.785840787083809
"RTN2",0.785805330376785
"CD9",0.784800561122538
"FRAT2",0.784794820539915
"YTHDF3-DT",0.784383389236088
"PYCR1",0.784363709400345
"ELOF1",0.783688389240085
"STAB1",0.783645634723016
"DNAJC17",0.78328528173041
"MEIOB",0.78277958038401
"LTA4H",0.782691513991821
"ZNF341",0.78243349356957
"MIRLET7BHG",0.781921061103476
"SNX3",0.781817165879372
"SLC16A8",0.78124778053412
"PXMP2",0.780654055912428
"NME4",0.780385216876347
"HNRNPLL",0.780161353277943
"PGD",0.780019029994246
"OSBP",0.779411843371608
"DHX37",0.779063184379764
"RTN3",0.77902559364491
"JMY",0.778471407197972
"IL7",0.7784445750178
"HNRNPA3P12",0.778374334125187
"RNA5SP131",0.778004315108236
"GZMAP1",0.777832304934685
"GON4L",0.777674219085315
"CNOT10-AS1",0.777403858767568
"HLTF-AS1",0.777310963577922
"PPP2R1A",0.776314383078101
"WDR1",0.775909087922642
"AP5Z1",0.775691116819067
"SLC11A1",0.775046985277352
"ADORA2B",0.774710561763199
"ARPP21",0.773992203108304
"SDCBP2-AS1",0.773986806367249
"MIR628",0.773908701451695
"RPL6P2",0.773706309868974
"SRD5A1",0.773681513027459
"NT5C1B",0.773331890744259
"RPL7AP65",0.772733677329155
"MSL3",0.771904070881301
"ARFGAP3",0.771338726154783
"RBM22P12",0.771312928703473
"RAD17",0.771066121293243
"TMEM168",0.770770840348497
"UTS2B",0.770349308366389
"ENAH",0.770325610864019
"SERHL2",0.77019466568577
"FAM53B",0.769794638178447
"CCT3",0.769772989941537
"OTUB1",0.769771817952773
"CEP57L1",0.769366966742602
"ADCK2",0.768947265302422
"ZKSCAN2",0.767918284761276
"PLD3",0.767895428209653
"ZNF335",0.767629709671582
"ZNF470-DT",0.767153475538548
"PLEKHG7",0.766844491963168
"SRSF9",0.765643582675725
"ILRUNP1",0.765561152330315
"HACD3",0.765534290965059
"MBD5",0.764733235612731
"ZNF326",0.764437959906376
"CDKL4",0.764344919607158
"ENDOD1",0.764257346838293
"FAM50A",0.764203089746615
"ZDHHC11B",0.764140749778577
"RPL7AP6",0.763743103926554
"SMARCD2",0.763278050314156
"KLC2",0.763071371276092
"SERP2",0.762855966862234
"PIK3AP1",0.762693168917704
"CRTC3-AS1",0.76259944363513
"DLGAP1-AS1",0.76226941283701
"RELT",0.761694294003178
"DNAJC19P9",0.76149902318409
"SCARF2",0.761421808672418
"SIAH2",0.761266511605695
"ADH5P4",0.76017371970756
"MT1E",0.759565751480847
"IL18BP",0.758556891835436
"PPM1J",0.758288856424783
"CC2D1B",0.758204159534576
"SEMA4B",0.757436220679933
"EEF1A1-AS1",0.757430420094347
"MIR4754",0.757277848491769
"TMCC1",0.756972803057894
"DHFR2",0.756493744213474
"TTC39DP",0.756193574188108
"TOX",0.75610924820453
"DPF2",0.755992965829573
"GLB1",0.755834008793374
"PLCG2",0.755517275009267
"ZNF341-AS1",0.755285205730374
"GLDN",0.755051570117973
"SUN2",0.755005389398026
"SMIM15",0.754481375133019
"RPL10P9",0.754396184440958
"FRA10AC1",0.754374037641444
"NIP7",0.754138080052705
"FES",0.753797838584135
"CTSA",0.75362490303711
"YIPF4",0.753303373309227
"TRBV2",0.753175875937117
"LTB",0.753169179720636
"FCRL3",0.752965374674666
"RALY-AS1",0.750154935087686
"AAMP",0.750085846688868
"COG7",0.749884478077245
"VPS37C",0.749837997770482
"GSTZ1",0.749808409797098
"ATMIN",0.749805991677255
"ZNF28",0.749637841773785
"PSAP",0.749530473182969
"MIR4771-2",0.749365316563125
"PLEKHO1",0.749179049494125
"NOTCH2NLA",0.748122134191296
"LINC02457",0.748090284996686
"RASA4DP",0.747999871225947
"EOLA2",0.747870589527166
"HSD17B1-AS1",0.747785553219466
"CLIC5",0.747757878946542
"RCHY1",0.747423341152037
"FSD1",0.746478452939456
"DEDD2",0.746366565758276
"MAFB",0.746328878700672
"MAP7D1",0.746010247978489
"NEUROG1",0.74582675719815
"ASB10",0.74582675719815
"MYL7",0.74582675719815
"PWWP4",0.74582675719815
"AHCYP2",0.74582675719815
"LINC02691",0.74582675719815
"ABCB10P1",0.74582675719815
"HNRNPA1P71",0.74582675719815
"KRT40",0.74582675719815
"BNIP3P35",0.74582675719815
"TMEM221",0.74582675719815
"MIR4446",0.745366542406758
"GPR179",0.745084414773222
"WDR36",0.744701007884259
"SPIDR",0.744663591259073
"RN7SL199P",0.744488047383677
"NSUN5",0.744284877238021
"SCARF1",0.744091980961919
"PRH2",0.744066982088045
"SNAI3-AS1",0.743767648264859
"SLC25A53",0.743750697318294
"PFKP-DT",0.743154408496056
"OMA1",0.742801290906164
"PLPPR2",0.742362418219018
"NAGK",0.741676537704548
"RNF123",0.74116655410033
"STUB1",0.740914138282454
"KMT2E-AS1",0.74050055951673
"NAP1L4",0.740295185156416
"HPS4",0.739133353453923
"MAMDC2-AS1",0.738959946195276
"CD28",0.73888020360503
"FANCG",0.73876058865107
"GREM2",0.738500746902682
"CCDC86-AS1",0.737623895006105
"RNF144A",0.737485573091291
"ILF3",0.737041738330608
"CYFIP2",0.736716166410214
"PPM1F-AS1",0.736631608786449
"ERGIC1",0.736560717458871
"AGO4",0.736554871126163
"FRMD4A",0.736321329463664
"PDC-AS1",0.735924368839903
"CYTH1",0.735583995416626
"TGOLN2",0.735222437235625
"CD81",0.734724827259056
"ATAD1",0.734159418341456
"CTDNEP1P1",0.73372126359735
"PREP",0.733358068116917
"LUC7L2",0.733128631445223
"GPR12",0.732832132473025
"MRPL43",0.732214726599974
"SPEN-AS1",0.732002017499131
"CAMTA1-DT",0.7316528067566
"VANGL1",0.731528168206783
"WDR86",0.731498311826057
"NOC4L",0.731448913343732
"DYNLT4",0.730846152764462
"GGACT",0.730728027489621
"BDH1",0.730577974192649
"NR4A3",0.729580858996197
"ISCA1",0.729570471343416
"IL4R",0.728706763086842
"MYO1E",0.728525847882859
"RPS12P17",0.727641266824135
"CALCRL",0.727532450779544
"PARG",0.727327929367759
"GPI",0.727296304319667
"SGTA",0.727106871471849
"SULT1A3",0.725871747191281
"SARS1",0.725380935313906
"SGSM2-AS1",0.725222449185064
"CD63-AS1",0.72512537569502
"KLC1",0.725056454843915
"SNRPGP4",0.724964940470028
"LINC02734",0.724944306099506
"ZNF652",0.724712854469674
"PIGF",0.724504180783158
"EPHX2",0.724455092929854
"ARHGAP35",0.724269446438175
"SCNM1",0.724229899257638
"ADCY6",0.724217517491948
"CLXN",0.721611637354974
"MYH10",0.721546089025358
"ARF1",0.721445415725668
"DNAJC19P2",0.721260101056632
"ABCA7",0.721123410626076
"OR52N4",0.720901435032886
"INSIG1-DT",0.720817895653293
"ATF3",0.720664298049772
"OSBPL5",0.720492582618002
"RN7SL521P",0.720393821124701
"NUP205",0.720359902065822
"CROCCP4",0.719993922880269
"PDIA4",0.719955757896427
"SNAP23",0.719594515179415
"FABP5P7",0.719155640171526
"SIGIRR",0.718726810811157
"RPL7P7",0.718345882009317
"ARHGAP44",0.718134543790178
"DPH1-AS1",0.718107642883444
"ADA",0.718029862235118
"SMIM12",0.717671795402753
"MIR4422HG",0.717547297048042
"ZDHHC12",0.717334585473936
"YIF1A",0.716901341565081
"CYGB",0.716840726495649
"MIR625",0.716184158818565
"SUPT3H",0.715838784162934
"FAM193A",0.715352234570866
"BSDC1",0.71511787169607
"ZNF227",0.715077173284334
"FCHO2-DT",0.714750591808994
"LIPT2",0.714742155664276
"TPM4",0.71464390194976
"RPN2",0.714492394779547
"LINC02690",0.7137792201109
"LINC02082",0.713771197145824
"TRAJ9",0.713458398014938
"IMMP1L",0.713022429644841
"MBTPS1",0.71297199041904
"PLTP",0.712822702922684
"LINC02732",0.712809100223155
"EPC1-AS2",0.711906969612755
"FARP2",0.711581396817469
"CSRP1",0.711072294821038
"LINC01544",0.710954202172218
"KCNIP1-OT1",0.71088206685852
"TMEM11",0.709929485073162
"JUN",0.709824281744123
"SLC25A19",0.709772750847277
"GSEC",0.709465306813723
"STAU2",0.709348243617737
"IVNS1ABP",0.708632013680543
"RAB8A",0.708624961380736
"ZMPSTE24",0.708345736020963
"ADGRV1",0.708000900272671
"NQO1-DT",0.707697207112776
"MIR3648-1",0.707290183572946
"HDAC5",0.706906411793109
"STIP1",0.705166081433331
"PRDX6-AS1",0.705016070137682
"NPM1P14",0.704934481971597
"CSNKA2IP",0.704812833785709
"CRACR2A",0.704570126368919
"RNF6",0.703800503121578
"MRI1",0.703496990916823
"BTBD2",0.703372026773478
"SCAF1",0.703040204553298
"RNU6-613P",0.702723401153585
"PRKCH",0.702505189216152
"P2RY6",0.702366625310048
"OGDH",0.702339881457171
"MT-TS2",0.702224033719276
"CCAR2",0.702102868540994
"SRCIN1",0.701748981912726
"TRIM14",0.701234581134172
"FGF19",0.701072913982643
"TRAV34",0.701072913982643
"BMI1",0.70037253623781
"DNAJC24",0.699754466285555
"RNU6-5P",0.699731316880646
"CCDC7",0.699192514081169
"ZBP1",0.698374061700749
"WDR3",0.69797495384894
"VSTM2L",0.697856961552767
"TMEM160",0.697853633430735
"CAPZB",0.697449124037885
"ELL",0.69737459805817
"ERRFI1",0.696681920566917
"TCN1",0.696460167829592
"CARD19",0.694667195467103
"EIF3D",0.694291230888844
"MYLIP",0.69394537330766
"SYNCRIP",0.69366305130631
"DDX19A-DT",0.692877725091468
"KIF22",0.692849490439318
"CCNE1",0.692529414433471
"PPIHP1",0.692372167856302
"DNAJA2-DT",0.691036051144838
"SEPTIN11",0.690839205394135
"TOX-DT",0.690769191384747
"ACAP2-IT1",0.690282228009863
"AKAP1",0.690194065745596
"NQO2-AS1",0.690005483224554
"BUB3",0.689805190033422
"MPV17",0.689164245677427
"CLEC11A",0.68909867501504
"AMMECR1",0.688517258879058
"GRK6",0.686637291254697
"GTF2H2",0.686306461243607
"CTPS1",0.686180769743278
"RNF39",0.686098563111061
"CCHCR1",0.685949198382152
"ACIN1",0.685919432983069
"SEPTIN7-DT",0.685790178760884
"GTF2H1",0.685614444587733
"C5orf22",0.685549492867705
"RNF220",0.685493966644896
"HEMK1",0.685290325483699
"RNU6-1024P",0.684151161782324
"PPIAP64",0.684105907635575
"RPS15AP19",0.68409772186222
"NDUFV3",0.683701777614914
"NCAL1",0.683616037829905
"ZNF821",0.681557550469004
"LINC01282",0.681236962724471
"OLR1",0.680872245589518
"PIGFP2",0.680680923826109
"FTH1P16",0.680569215473489
"SLFN11",0.680450140693687
"PPIAL4A",0.680329361430374
"RNA5SP483",0.680328380526388
"HPRT1",0.679793047834763
"OSBPL11",0.679304743265395
"GATC",0.679043610628635
"ADCY2",0.677714411194854
"TMIGD3",0.677692910932475
"C1GALT1",0.677658684411861
"RBM14",0.677396626803169
"ZBTB43",0.677255277666626
"ZNF883",0.676708430449265
"STK10",0.676425641968698
"HECTD4",0.676326480104492
"TBL2",0.675516437552224
"TSC22D3",0.675318791141885
"PRORP",0.674688330062652
"CCDC97",0.674617111030009
"QKILA",0.674123089104098
"WWC3",0.673820889446853
"RNPS1",0.673625092431789
"GTF2A1",0.673615478280645
"ARHGAP26-IT1",0.673453048134102
"CATIP-AS1",0.672897735510367
"TMEM212",0.672736649090347
"NUDT16",0.67245351090511
"COPZ1",0.672278144211435
"TMEM63B",0.671524343970216
"XXYLT1",0.671178640675901
"NTMT1",0.670847396508299
"PEBP4",0.670065373618469
"WDR7",0.669397642001159
"CNIH4",0.668846298558649
"RPS26P11",0.668824370060242
"LINC02395",0.668747645318832
"CCDC50",0.668571484786241
"ARNT2-DT",0.668317642442826
"EPHX1",0.668055768337102
"ATP1B1",0.66710426489103
"CCDC28A",0.666264067885426
"MTPN",0.666237484892632
"RN7SKP110",0.665857121811918
"CHD7",0.66509407293484
"RPE",0.664935826481199
"ELK1P1",0.664806926019354
"TMEM220-AS1",0.664032078188632
"C9orf153",0.663908039470833
"ACD",0.663484868037281
"UROS",0.663464974881129
"SLC5A6",0.663308188301418
"RIOK3",0.663223866525235
"SNX12",0.663011561833692
"ZNF429",0.662611253364358
"TMEM165",0.662195105595833
"FOXRED1",0.662158801635904
"INTU",0.661905769182172
"PPM1F",0.661687907191622
"KIF2C",0.661534163578478
"LINC00921",0.660860492195377
"MALT1",0.660752505550259
"SLC23A2",0.660552040116756
"LINC01504",0.660523901563669
"PEX7",0.660456870253349
"ZDHHC9",0.660198432277327
"MTG2",0.659960232007746
"ZNF518A",0.659755609911746
"JSRP1",0.659734755501495
"PCBP1",0.659683815598183
"ECI1",0.659005916190986
"TPST2",0.658804783743321
"GLI1",0.658136084580617
"C5",0.658061668901445
"LINC01205",0.658039621279705
"BBS2",0.657815233862416
"TALDO1",0.657808771075822
"SLC16A4",0.65725740295636
"MUC3A",0.656660263986323
"ZNF143",0.656340613270022
"EEF2KMT",0.656115528964183
"POLDIP2",0.655571009857531
"TMEM120A",0.655517697529047
"NCF4",0.655214936681333
"GPR137",0.654746727629582
"RNU4-85P",0.654309585847349
"CCDC8",0.653900800575238
"IGDCC3",0.653399908235652
"LINC01284",0.653133941337138
"IGHV3OR16-7",0.652589920591885
"CAGE1",0.652500447984612
"EIF1B-AS1",0.652245336681999
"PRELID3A",0.652176487049931
"FGFRL1",0.652155493154067
"VWC2",0.65211935285554
"ARID3A",0.651500393523573
"RIMBP3",0.651069491866624
"SGK3",0.651004840463505
"ATF6-DT",0.650587411918236
"MANEA",0.649878460251385
"TSPOAP1",0.64983610834143
"PCMT1",0.649517185193214
"LAPTM4A",0.648883087356454
"MVB12A",0.648272213524786
"IGHV3-13",0.648262195424002
"TBC1D25",0.647837396363297
"GPR89A",0.647635370250296
"GAPDHP1",0.646954266898421
"IGLC7",0.646837032350255
"MT-TC",0.646777805810249
"PIEZO1",0.646396710417865
"TNK2",0.646337037309488
"TNFRSF10A",0.646016825845129
"PTCSC1",0.645787841461254
"LIPI",0.645257417108538
"TOGARAM2",0.644606743435603
"MIR3173",0.644508103161121
"MPV17L",0.644491478760404
"RFX7",0.644490773013708
"CMPK1P2",0.644004210842787
"BCL7A",0.643264092596871
"LAT2",0.643257426771307
"ANKRD50",0.64314020976797
"HNRNPA1P51",0.642546968314297
"TTBK1",0.642460386269636
"UBE2R2",0.642246968287836
"ELK1",0.642083027426377
"CFAP276",0.641968442383581
"POLR1A",0.641844189268059
"KIF1B",0.641807971356391
"TLR5",0.641484663006322
"RN7SL74P",0.641418715159331
"LINC00390",0.641288988967603
"TDP1",0.64107629486879
"USP5",0.640241397260203
"SDR42E1",0.640050832762363
"ZNF844",0.639954763219892
"RHPN1-AS1",0.639721942477362
"WDR75",0.639578471491648
"NET1",0.639026411217286
"SNX2P1",0.638342030079552
"C11orf98",0.637933491886668
"LAS1L",0.637789405664045
"ARMH1",0.63762125435215
"ACBD3-AS1",0.636854163673552
"IL27RA",0.636725000069947
"ZFP28",0.636649283981093
"ITGB8-AS1",0.636415874272917
"SIKE1",0.636066616819035
"MRPS34",0.635491943972092
"HPS1",0.634693198240937
"LINC01471",0.633695442613097
"SPG21",0.632948933422533
"AP4S1",0.632632696739899
"CYYR1",0.632603373090045
"KIF5A",0.632410931270471
"TUT7",0.632295541818073
"ULBP2",0.63212195477431
"ZNF551",0.631731337905293
"PDLIM1",0.631563597493192
"HPF1",0.631471678176297
"LINC01766",0.631223035445683
"TCF15",0.631158997172585
"TTC27",0.63113555017977
"SAE1",0.630319723469205
"SATB1",0.630019709572294
"SART1",0.62993638798903
"MIOS",0.629782799136815
"TSSK2",0.629501750617455
"ADGRG1",0.629457838864203
"BEND4",0.628155175018677
"CHMP4BP1",0.628030727251282
"LINC01792",0.627328127027189
"ACTG1P9",0.627027279229179
"MEN1",0.626648285651312
"TUSC3",0.626584061565697
"MAML1",0.626144306513157
"C14orf119",0.625685130546697
"NANOGP1",0.625453116422638
"MPI",0.625258790927065
"CINP",0.625255611319558
"CLSTN2",0.624512806813018
"LIMK1",0.623527652798196
"FRS3",0.623364488261784
"GABARAPL1-AS1",0.62335693960501
"AGT",0.621664849136705
"WDFY4",0.621059249585561
"SMAD5",0.62095645620864
"IGLV1-47",0.620919468047438
"RNFT1",0.620912600436135
"ALG2",0.620643992847678
"SH2D4A",0.620510386553206
"TOP1",0.620282640330983
"UXS1",0.619982072866481
"ADIPOR1",0.619703636304482
"SUZ12P1",0.619614121324506
"PIP4P2",0.619598102111814
"NOL8",0.619513625732081
"SDHC",0.619179523957263
"SNX5",0.619056378153851
"NHSL3",0.619041289982589
"SLC15A4",0.61903180131843
"TNFRSF10A-AS1",0.618974210468243
"LINC00668",0.618903568668948
"VDR",0.618004287985636
"BRD2",0.617528981889236
"ZNF154",0.616968108223932
"TLCD4-RWDD3",0.6169247496012
"CTAGE16P",0.616623920789005
"LYSMD1",0.616326614726611
"BMS1",0.616270394654083
"DCTD",0.61614119935951
"MATR3",0.616049743101361
"TRAV10",0.61492346565809
"FAM47E",0.61481358026211
"SCIMP",0.614468666831394
"HID1",0.614320564411637
"WIPF2",0.614010126189003
"TFEC",0.613819615931089
"AGAP14P",0.613789650413561
"NSD1",0.613518418192462
"GSKIP",0.613473801240982
"GFOD1-AS1",0.61309509739667
"NLE1",0.61261243103725
"GMPPA",0.612016777634721
"GNPTG",0.611878642620833
"NHERF1",0.611814641048706
"YTHDF2",0.611325933336016
"STAT1",0.611140283413991
"ECM1P2",0.610903564087068
"PXN-AS1",0.610775071421405
"KCNE1",0.610700290546519
"ELOCP28",0.610570945530076
"SH2D3C",0.610398080642028
"IDH3B",0.610274073044194
"ARFRP1",0.60994332484087
"KLHL5",0.609861506859395
"ACTA2",0.609105316833081
"MIR5188",0.608939661533565
"GCH1",0.608894781858663
"ELMOD3",0.608841119351816
"URM1",0.60865508526024
"ZNF75A",0.607506571496342
"GAPDHS",0.607493047212965
"PHLDA1-AS1",0.606437839726547
"SYT2",0.606331249170795
"UBIAD1",0.606279773350651
"CHMP3-AS1",0.60613488960731
"PANX1",0.60572931604541
"ALS2CL",0.604912639055927
"CD320",0.604796257516971
"TSEN15",0.604648586795417
"PRKCB",0.604301288645725
"RCCD1-AS1",0.604265379161624
"CD14",0.604088587030667
"ZMIZ2",0.603974997942313
"GJA6P",0.603787848654586
"KCNS3",0.603732889595184
"DDX59",0.602895441224994
"IL2RB",0.602666872677118
"IST1",0.602233114570115
"PROCA1",0.601974025106321
"HPS5",0.601794031587681
"RNF113A",0.601393366064329
"PNMA3",0.60128956457641
"MIS18BP1",0.601261308993317
"LCMT1",0.601192862999797
"NECTIN3-AS1",0.600774530891887
"AK2",0.600005957561403
"MKRN1",0.599164380014795
"C2orf81",0.599085459806336
"CARD8-AS1",0.599075014507966
"GBP1",0.599041331280083
"TFIP11",0.598662020737571
"LINC02181",0.598186435148361
"KLHL36",0.597711290872881
"MIR6817",0.597106963535003
"HSP90B1",0.596957571287215
"TUBGCP5",0.596460288193882
"NAAA",0.596192769772693
"MIR29B2CHG",0.596190582342899
"MIR4537",0.596144203956082
"PARP11",0.596090690593981
"AKAP8L",0.5960743968939
"HNRNPD",0.595809822223899
"PLLP",0.594837540076064
"PIH1D1",0.59357430620644
"RP9",0.593532927935875
"RNU6-757P",0.591726405104087
"IRF2",0.591666136564095
"C2orf49",0.591519582223483
"STAMBPL1",0.590617600033158
"LINC00941",0.590266890951977
"SPART-AS1",0.589860559707157
"MTM1",0.58902047839936
"CDKN2AIPNL",0.588469159969394
"CAHM",0.588455786845134
"MYCBP2-AS2",0.588003707607085
"MYO9A",0.58775717692357
"ZNF354B",0.587559273732394
"SAP18",0.587234200400198
"TDRD6-AS1",0.586839354111284
"MT-ND6",0.586768214904865
"ECT2L",0.586655421919312
"MRPL28",0.586460831637065
"UBR1",0.586065615968586
"MTLN",0.585783035284429
"LINC02681",0.585564441230147
"CCR7",0.584702020871017
"BNIP3P28",0.584535003909009
"RNF214",0.584407441837183
"RPA1",0.584205352508797
"TEX29",0.584127363225069
"TRAPPC10",0.583899047612748
"TXNL1",0.583491251808518
"MIS12",0.583285063714469
"PAF1",0.583211905969815
"TPRA1",0.583159241174502
"GLRX3",0.58314333447939
"TNNI1",0.583138068858553
"TEKT4P3",0.583138068858553
"SLC22A6",0.583138068858553
"TMEM126A",0.583039655514376
"LINC01727",0.582887089498328
"DAGLB",0.582771255287102
"MAPKAPK5P1",0.58273988157549
"TMEM18-DT",0.58162054243439
"KDM3B",0.581311069115917
"CEP250-AS1",0.58074139077921
"MTREX",0.580517220727014
"YPEL3",0.580470262274796
"CCN4",0.580308437655674
"CPEB1-AS1",0.579964690615693
"LINC02054",0.579887512802479
"RCSD1",0.579462869591316
"RPL39P",0.579442752265814
"WDR20",0.578970450163947
"DCAF15",0.578877770637951
"EIF2S2P1",0.57864357391227
"HS6ST1P1",0.578447083801627
"PSMD2",0.578246050147048
"ZNF91",0.577662515774778
"FKBP1C",0.577476369596364
"EIF4G2",0.576975498273956
"AQP1",0.576757287779356
"CYLD-AS1",0.57671658708592
"RNA5SP297",0.576479119509541
"PRODHLP",0.576369788098592
"RHOBTB2",0.576357969451928
"MAN1A1",0.57626380576254
"LINC02749",0.576233441537222
"TMEM128",0.576062195561047
"KDM2B",0.575399627345953
"PEX10",0.57538067474062
"PCNX4",0.575336922875274
"XPO4",0.575245612067381
"BST2",0.574551814507219
"LINC02440",0.574179906933053
"METTL18",0.573971291576745
"ASTE1",0.573775178695549
"STARD3",0.573473679957718
"SERPINB1",0.573208469456279
"PARTICL",0.573074692641309
"SLC25A12",0.572645280280795
"EIF4EBP1",0.572617969496456
"ELMO1",0.572292945441123
"WAC-AS1",0.571936542825465
"ERCC5",0.571901843299908
"ZRANB3",0.571778526821829
"HDGF",0.571767617174062
"NT5E",0.571167120254824
"RN7SKP127",0.571126038520645
"IRAK1",0.571119271217537
"PLEKHG6",0.570096223541457
"AQR",0.569821463855661
"DEGS1",0.569193062984459
"EHMT1",0.569041716629288
"AGFG1",0.567986223361442
"NCBP2L",0.567953689238313
"TGFB1",0.567734432114163
"BTN3A1",0.567523235690924
"AGA-DT",0.567367597770236
"RFPL2",0.567265100390819
"OAZ2",0.566553778933383
"BANF1",0.566461504114614
"AUTS2",0.566160133485318
"LINC00412",0.565879471305277
"KDELR1",0.565787299497633
"ARRB1",0.565706795882835
"L3HYPDH",0.565650395152828
"CAPN10-DT",0.565521159551323
"ADM",0.565143546976187
"MT-RNR1",0.564937072277921
"TRBC2",0.564898037672635
"TCP11L2",0.564658708230049
"FOXN1",0.564489895284915
"TEX52",0.564359739674757
"IFIH1",0.563993771818925
"RPL13AP24",0.563979161051232
"EMCN",0.563747196583098
"CDHR5",0.562910022377169
"ZNF497-AS1",0.562372664102902
"DDX43",0.562334306960708
"ZFP82",0.562161998577277
"SNX2",0.562085503389096
"RPIA",0.561938184122186
"TEFM",0.561108376340734
"KCNIP4",0.560971104097888
"PI4KA",0.560849754782313
"CPNE7",0.56072134805058
"RASL12",0.560490816272078
"LINC01589",0.560453121160244
"MATN1",0.558848852759538
"DNASE2",0.558718635419343
"GPT",0.55858877875897
"TMEM9B-AS1",0.558565494145272
"TRMT112P7",0.558314179592747
"ARSA",0.558046756200412
"MARK2",0.558033989438987
"SUSD3",0.558000102848004
"STAT6",0.557694163442697
"ZEB2-AS1",0.557546558339366
"TMEM151A",0.557445201592736
"TRDJ2",0.557056388092223
"SPRED1",0.556760903823881
"TBX1",0.556600559034241
"LINC03073",0.556107841311393
"RSAD2",0.555809901428409
"RPL22P24",0.555758166530168
"CYB5R1",0.555550773854232
"PFKFB2",0.555377428483255
"ABI1",0.554959312219616
"RPL10",0.55470920751369
"GGTA2P",0.554656041927064
"GPC5-AS2",0.554656041927064
"TBC1D3F",0.554656041927064
"ABHD13",0.554654630257313
"ATPAF1",0.554043311909859
"HNRNPUL1",0.554015160532442
"CCDC163",0.553632063633663
"SEC16A",0.553108860527884
"CACNA1C",0.552548838159354
"SLC4A7",0.552508047338324
"HLA-DMA",0.552258875426937
"VASH2",0.552006649916882
"TKT",0.551451887657082
"MT1X",0.55064596637761
"TFAP2E-AS1",0.550497699956329
"XRCC6P2",0.54935184181823
"CEP97",0.549238088916812
"PHLDB1",0.549128467347252
"AQP7",0.549092393426987
"HMMR-AS1",0.54887368246564
"TMEM43",0.548766339090717
"KIF24",0.548621529225865
"POLRMT",0.548489659032
"MRPL19",0.548462818169265
"RN7SL364P",0.54837921095978
"CCDC86",0.548263419700623
"SETP2",0.548055409950205
"BNIP3",0.547650142393861
"SFXN3",0.547504081112462
"CNTN2",0.547274657670691
"ALDH3B2",0.54717251166693
"MRPL42",0.547039836880341
"FXR2",0.546475060715641
"PKD1P5",0.546314708352013
"PLA2G4C",0.546074942642627
"ATP12A",0.546068840037149
"RYK",0.545951127043914
"EIF4G3",0.545901630387405
"COPE",0.545771606177735
"NDUFA5",0.545492009402633
"RNVU1-29",0.54523812102508
"YEATS2",0.545140611899844
"ASB6",0.545004097585215
"RAB12",0.54442833585975
"MLEC",0.544397519012119
"ACTA1",0.544277763658079
"IGHV3-42",0.544248871130969
"TRG-AS1",0.544184551425703
"H2BC15",0.543960327688777
"RORA",0.543770356558912
"RSRP1",0.543669709687718
"GADD45G",0.543266922274024
"CSTF3",0.543252092801467
"RNF26",0.543234758877756
"LINC00964",0.542189991761613
"TMC8",0.541858123218617
"ANKDD1A",0.541310929138537
"USP20",0.541193989724417
"MCTS2",0.540876186643139
"CNOT8",0.540852309194035
"CBLL1-AS1",0.540572313750593
"TUBB",0.540117227230074
"POM121",0.539985234534609
"PKD2L2",0.539938686240352
"MYOM2",0.539548534197627
"DNAJC13",0.539342347198426
"ASXL1",0.538918010701802
"SNORD70B",0.538800834506299
"DHX33-DT",0.538706079310239
"AGTRAP",0.538695655694351
"ACLY",0.5386852089326
"CCDC138",0.538571514785267
"BCOR",0.537968723238901
"LSG1",0.537607748391225
"MARCHF2",0.537227017693605
"LINC01882",0.536874003472812
"CCDC78",0.536482622307795
"EPOP",0.535624230951148
"IMP4",0.535526370937358
"H3P8",0.535359322324354
"ANKRD29",0.535137367692103
"HHLA1",0.535051482492104
"CSN2",0.534834402754979
"R3HDM2-DT",0.534834402754979
"MSLNL",0.534834402754979
"ARL17A",0.534660059040378
"TMED3",0.534536233050206
"BLM",0.534156831130118
"TMEM248",0.534125650232655
"SENP6",0.533998296806244
"BAZ2A",0.533820004944953
"COL5A1-AS1",0.533770285013181
"EID2",0.533669234466701
"PSMB8-AS1",0.533603914521622
"SAP130",0.533467229337346
"ANKIB1",0.533084068586255
"ILRUN-AS1",0.533067901833612
"ZNF584",0.532735617319703
"ZNF148",0.532713676687663
"DDX20P1",0.532627820367642
"ZMAT3",0.532548174167102
"CAP1",0.532465191811678
"RAD23B",0.531946807070913
"MYNN",0.531739260052557
"CNNM1",0.531506967659207
"PTGER4",0.531275548605817
"COPRS",0.529979923088664
"NOL9",0.529880620180597
"TMED9",0.529756166412231
"SNRPA",0.529566170484792
"NME8",0.529335680595957
"SNORD121B",0.528917092371483
"ACAD11",0.528755083109521
"RNU6-123P",0.528723917837619
"SEC24A",0.528694813002576
"PATJ",0.527990235033914
"GPR143",0.527612337454097
"LINC00881",0.527024657281373
"ALG8",0.527003439252828
"PSMD7-DT",0.52686644921169
"ZDHHC5",0.526690054130336
"DOCK1",0.526166923694263
"COL4A2-AS1",0.525743472302824
"MPEG1",0.525270620969737
"SUMO3",0.524240623622962
"UCHL5",0.524074562421525
"DDAH2",0.52382284959966
"SFT2D3",0.523500354143956
"UBE2L6",0.522991382104636
"QPRT",0.522659556121811
"TRAJ17",0.52221701973674
"KRT18P11",0.522096209923997
"RNU6-28P",0.521973712195036
"SELENOF",0.521749576483571
"OPA1",0.521493308734125
"SLC7A3",0.521382855897047
"FKBPL",0.521243241443724
"ETHE1",0.52007429225168
"MPIG6B",0.519984280514524
"H2BC9",0.519920644352025
"CXXC5-AS1",0.519778203993281
"VWA3A",0.519629211814924
"MYL10",0.519507754690852
"MED22",0.519437387337208
"PNO1",0.519375033574822
"EVL",0.519218616700294
"PRDM15",0.518855028518676
"TRAPPC1",0.518419053273981
"ZFAT",0.518101437888009
"LIMASI",0.518084759039789
"RPL13",0.518076069542759
"TMEM35A",0.516852596894533
"LIMK2",0.516243315404189
"FBXO30",0.516136976539203
"EPC2",0.515721755771323
"ETFB",0.515319769129124
"GFOD1",0.515188454616004
"CCDC47",0.515055320283308
"CCNG2",0.514998232898346
"BID",0.514896382273079
"GCLM",0.514253817073616
"CCT7",0.514226665961544
"PLXNB3",0.514077857857127
"LCP2",0.51401473304085
"TRIM60P14",0.513979451929471
"EIF6",0.513499046017908
"DDOST",0.512931185813348
"RNU6-866P",0.512603407127364
"SLC35G1",0.512388764923627
"SOCAR",0.512004694300785
"SRA1",0.511818068435814
"CRK",0.511733007452369
"RABGAP1",0.511283378167571
"PARP8",0.511166513761753
"VRK3",0.511123294125331
"MIR6861",0.510657835743404
"PERCC1",0.510609129316493
"UBALD2",0.510565093103308
"LINC02764",0.509502853691431
"PGBD5",0.509372637905158
"XXYLT1-AS2",0.50925615909041
"PHF12",0.509255521611801
"RGPD1",0.508171623704303
"PDE4DIP",0.507988799804493
"INPP4B",0.507628752876801
"VPS28",0.507456889035879
"RPS27P19",0.507060034123806
"JOSD2",0.505857700317792
"PRPSAP2",0.505485031840226
"IGHJ3P",0.50474549208836
"VPS13A",0.504483928393648
"NECAP2",0.50439966153251
"NEK5",0.504357836122076
"EIF4BP9",0.504187144754715
"PPA1",0.504025449161358
"FRMD3",0.503702806654804
"CALHM2",0.503372874657818
"RNU6-451P",0.503094331262611
"FAM98C",0.502813509894959
"GFI1B",0.502611269928526
"MYBPC3",0.502609369450135
"LGMN",0.502134571247727
"SMR3A",0.50204949529153
"LINC01242",0.501836190958284
"LINC00174",0.50175494203125
"CHMP2A",0.501442080383713
"MCF2L2",0.501335109097251
"WDR55",0.501308821472831
"GPR149",0.501168652789412
"LATS2",0.500788459802423
"RAB5C",0.500673889245957
"ATP13A2",0.4998567764502
"UFC1",0.499808667809594
"RPL12P41",0.499486424725053
"RAB5CP1",0.499425335186275
"CYB5R4",0.49919088566674
"LPXN",0.499012673107038
"TRAJ58",0.498974772541772
"ODF2L",0.498456856594651
"FOXI3",0.498380670349636
"RARS1P1",0.4981469381949
"SELENOP",0.497884674340602
"STIM1",0.497273695234476
"LINC02021",0.496903427344726
"RNH1",0.496555297138319
"HINFP",0.496446974280945
"IL16",0.496445208967496
"MIDEAS-AS1",0.496217472115359
"OR14A16",0.496151983412801
"SRP14P5",0.496071490922015
"UBE2A",0.495644762128381
"ARR3",0.494883003929541
"ZNF688",0.49437743196816
"RAP1B",0.494269620084023
"MOB4",0.494187366874914
"PHB1P15",0.494175324073882
"LINC02725",0.494100821309893
"KPNA2P2",0.493897035175894
"PIK3C3",0.493668002814792
"TRAF7",0.493489960848345
"CKAP2L",0.493134594539345
"HELB",0.493041910755524
"THRA",0.492957107709137
"FMNL1",0.492948580360696
"GPR108",0.492936891478704
"CMSS1",0.492846363641682
"PDGFA-DT",0.492412181196063
"FYN",0.492294050232371
"TBC1D4",0.491546941109576
"TMEM134",0.491472070588905
"WWC3-AS1",0.49117112750354
"MPDU1-AS1",0.491169769098676
"ENO3",0.490985128927669
"RPL7AP3",0.490602377456272
"SURF4",0.490518779735639
"POLH-AS1",0.490436534222354
"TIGD6",0.49041312043959
"CTDP1",0.490333799166963
"IPO9",0.490207372833865
"CREBL2",0.490142037625452
"MCPH1-DT",0.490129131852469
"SERF1B",0.490060223491779
"RNU6-396P",0.489910461181904
"ZNF133",0.489753857599214
"PIK3CB",0.489742292956317
"TAFAZZIN",0.489684512702575
"MIR590",0.489497260162924
"MAFG-AS1",0.489373023893549
"LINC00943",0.48929483699191
"ZNF346",0.489180097875165
"STIP1P3",0.488738657041166
"TMEM104",0.488664347702847
"CBX5",0.488155886571258
"DHX9",0.487468457993457
"PEX11G",0.486960637972072
"SYNM",0.486748748785953
"FYTTD1",0.486006137980192
"NDUFAF1",0.485722674375139
"EDARADD",0.485376300722069
"KDSR-DT",0.485134273357084
"TIGAR",0.485113874149487
"CIAPIN1",0.485047342109263
"FTH1P3",0.48447625812908
"TAS1R3",0.484456029227238
"KLF3",0.48412037591849
"ATG101",0.484106669254294
"CCDC201",0.483488227679339
"CD2AP",0.483390247526386
"ZNF101P1",0.483289287726787
"ERV3-1",0.483262205646024
"HERC6",0.482968019348892
"ATPAF2",0.482682492610169
"RPS3AP12",0.482603698592355
"HELZ-AS1",0.482581887689658
"THOC6",0.482528789181406
"GAS2",0.482476039348056
"LINC00539",0.482470553794178
"CLIC4",0.482271813135906
"STK39",0.482267725226225
"RNY3P12",0.482171185844059
"NELFCD",0.481942392509681
"MAP3K8",0.481622141601769
"CENPU",0.480969310198554
"GPR20",0.48091874964545
"FADS3",0.480847547450205
"CCDC85B",0.480340891954352
"CSRP3-AS1",0.479733526060199
"R3HCC1",0.479631444157913
"OCA2",0.479612307907766
"NDUFA11",0.47945460572228
"INPP5K",0.478931612594924
"DALRD3",0.47866747204581
"POLB",0.47856780462697
"PCTP",0.478385087136218
"ZNF33A",0.478021776064246
"PIGX",0.477750343504578
"UQCRHL",0.477703799058729
"UBA3",0.477638861561445
"MGAT4A",0.477245601065905
"PPID",0.477107299131472
"BTF3P3",0.476865618735355
"SNORA33",0.476607510186985
"RNU6-212P",0.476163838851927
"PPP1CA",0.475953631144735
"ARHGEF38",0.475431392685273
"IFI44",0.475373783573639
"RELCH",0.475253587122102
"DIS3",0.47448474838945
"LINC00410",0.474463147287523
"LINC01220",0.474456626267423
"CASP8",0.474081881486779
"PPIAP80",0.474000205844016
"BCL2L11",0.473682211466065
"MARCHF5",0.47340023037984
"CBFB",0.473043544004069
"ALG5",0.472545466923451
"DICER1-AS1",0.472498502739792
"TUSC2",0.472458437581054
"YRDC",0.472327786137587
"MGST2",0.47196585556513
"MT-TF",0.471882671190866
"EHMT2",0.471661955635684
"TMED2",0.47161928377637
"RNU1-3",0.471248936745887
"GORASP1",0.471140630824554
"DEF6",0.471088970623364
"H3C1",0.470707785635784
"TMEM208",0.470579266494933
"GRSF1",0.470465623262791
"TTC7A",0.470119620499262
"TRAV17",0.470036354835141
"RBM25",0.469955491502088
"FIBP",0.469914129790616
"LINC01934",0.469817394356319
"MT-TM",0.469777747968112
"CICP5",0.469505225212444
"PLXNB1",0.469320173671043
"LINC03040",0.469070194739725
"RN7SL660P",0.468571581603093
"ZDHHC19",0.468152420734673
"GNL1",0.467736455403449
"PIN1",0.467682139715007
"PET100P1",0.467559553319659
"NAXE",0.467239098568738
"TENT4B",0.467032631896216
"RDH10",0.466840082555064
"LMBRD1",0.46679676469432
"UBAP2L",0.466462721277382
"C3AR1",0.466236505217366
"CHST7",0.46606832160068
"CCDC88C",0.465946298722233
"GLOD4",0.465758589340187
"LINC00926",0.46575069645113
"RN7SL503P",0.465686549530219
"CFAP126",0.465623566125259
"ATG4D",0.465590856686729
"CNR1",0.465020720457614
"MTCO1P40",0.464818609987751
"CSNK2A1",0.464619696517474
"ARHGAP18",0.464449365822976
"UNC119",0.464396255995748
"HGSNAT",0.464151978637812
"KDM5A",0.463950251254076
"P4HTM",0.463939542114968
"NFKBIZ",0.46382763826582
"RASSF5",0.463468321789319
"RPL17P8",0.463054606504124
"HSPA8P14",0.462782896557406
"RNF133",0.462730239389465
"OSTCP8",0.462507462454134
"DMRTC2",0.462431184650067
"FAM117A",0.461860387226065
"LRRC8D",0.461793503191994
"CCDC103",0.461782612790758
"ZNF285",0.460970542923596
"YARS1",0.460348954687076
"ZNF511",0.460021937035583
"TBL3",0.460008010946995
"SIRPAP1",0.459971692857926
"SRMS",0.459703537955046
"RN7SL146P",0.459673469259586
"ISCA1P6",0.459618741585033
"IGKV1-27",0.459485257436859
"SLC25A33",0.459454295240101
"TTC39B",0.459313306649189
"ZFP3",0.459288891770082
"MIR4644",0.458971397711059
"RILPL1",0.458759959195828
"CPA5",0.458757230736806
"NUSAP1",0.458240384324317
"HAT1",0.458204803625162
"KATNB1",0.457969363133952
"ZBED2",0.457898082008448
"GLB1L2",0.4576761694807
"SF3B1",0.45763185986908
"ARIH2OS",0.45759346555527
"KANSL2",0.457237409119807
"PDZRN4",0.456771596581391
"CHIA",0.456647737809578
"EIF3L",0.456357429535806
"CACTIN",0.455943425189891
"TENT5D",0.45593161815929
"OTULIN",0.455819247037009
"ETFDH",0.455688359165512
"CWF19L2",0.455376121966321
"CFLAR-AS1",0.455185495529103
"IFNGR1",0.454935305529118
"GARIN5A",0.454792486758245
"SRRT",0.454764580751924
"TMEM255B",0.454604969844142
"MSRA-DT",0.454303874922492
"H2BC10",0.45426714340536
"TMPO",0.453964391927219
"HNRNPL",0.453508635777181
"RBM15",0.453131957890928
"PIGO-AS1",0.453119113737176
"NME2",0.452866745277814
"SMCO1",0.452239406253487
"AMYP1",0.452133859300359
"MAMDC2",0.452051262739373
"MRPL11",0.452037076209613
"RSU1",0.451865001123507
"FAM53C",0.451627768197783
"SNAPC3",0.451538469884843
"MT-TL1",0.451434176589295
"IL6ST",0.451241399320626
"SPOP",0.451115173497082
"BRMS1L",0.450918279943049
"MFSD4B-DT",0.450438459617499
"SLC25A36",0.450134569229496
"WIPF1",0.449989768849542
"PJA2",0.449819193526353
"ACP2",0.449637947450084
"CLSTN3",0.448835446098271
"SAFB",0.448450663770996
"MVK",0.448201546529868
"ROGDI",0.448180351895165
"GTF2H4",0.448150292457003
"BRD9",0.448071439985737
"FAM221A",0.448059991133729
"ANKUB1",0.448025115469388
"ICAM4-AS1",0.447976254478108
"TRDD3",0.447821718074553
"ST3GAL6-AS1",0.447529459270675
"CDH2",0.447460279309934
"N4BP1",0.447338597938275
"CPNE9",0.447251899541532
"CNN2P11",0.447125603651048
"RBMXL1",0.44707674023723
"ZNF331",0.447069557874451
"CLP1",0.446856759172655
"PPIF",0.446775305777955
"ERMARD",0.446638564683328
"DMTF1-AS1",0.446210138514122
"GLCCI1",0.446044905010397
"C19orf12",0.44560105349575
"RIPOR1",0.445419908450397
"TRAJ37",0.445367850244227
"MTNAP1",0.445155049223492
"LERFS",0.444295333166666
"PLCD3",0.443935730954811
"MIR199A1",0.443117249505749
"PLXND1",0.442390612779004
"ZIC1",0.442353718656019
"FKBP4P6",0.442226890779982
"RNU6-1138P",0.442224452762987
"TGM7",0.440922567526202
"DLD",0.440868152077154
"EPSTI1",0.440653983372406
"PTPN1",0.440422742628905
"PSMB10",0.440415029684396
"HDAC1",0.440294068969915
"BAX",0.440154265908607
"CUTA",0.440115440135975
"DCUN1D5",0.44009086970711
"CDHR3",0.440088891222024
"MECR",0.439945236599537
"SRGN",0.439844273883104
"ACOT7",0.439526346849994
"NPM1P29",0.439077194066261
"GH1",0.438888064781381
"RNU6-1100P",0.438760440180336
"NUP107-DT",0.438560329483346
"PSMD6",0.43838639775573
"UPF3AP3",0.43821528075238
"CZIB",0.438080371845593
"LTB4R2",0.437932615560637
"PUF60",0.43772591137356
"THEMIS2",0.437327718589964
"PPP2CA-DT",0.436991529648451
"EDC4",0.436924450238805
"KCNC1",0.436902458070435
"KIAA1614-AS1",0.436831775187644
"USPL1",0.435980481862442
"GGCT",0.43585691462446
"DLC1",0.435746718154466
"NIFK-AS1",0.435670907889855
"GAS6-AS1",0.435485666598137
"ZC3H6",0.434375731570098
"PTMAP1",0.434197984069406
"DENRP2",0.434117283123648
"B4GALT5",0.43390214088344
"PDGFA",0.433854783109083
"DCAF16",0.43367414654715
"COPS2",0.433537956462511
"COPS8-DT",0.433455790669419
"POM121C",0.433414599818596
"SNORD19C",0.433338978086457
"COG5",0.431995150115169
"DNAJB2",0.431452069573795
"MON2",0.431336535346384
"TBC1D28",0.43129056671283
"PGK1",0.431164295487995
"RPS14P8",0.430894019222761
"RPS23P7",0.430763229266027
"SNAPIN",0.430713585056776
"FGD4",0.430541667734413
"TP53BP2",0.430515098106821
"CR1",0.430351905488938
"SARAF",0.429800354302675
"NAV3",0.429775422599333
"DDX41",0.429517097161663
"MCM5",0.429053016668657
"SGTB",0.4290358368139
"CHRNA10",0.429015355807988
"RMND5B",0.428893056257827
"OCIAD1-AS1",0.428783880328737
"TBC1D13",0.428699057122156
"TNS3",0.42863233109999
"DDB1",0.428479906068555
"GRAMD4",0.428102935743643
"THEMIS",0.427698784863942
"CD79B",0.427510040939555
"STRN",0.42723910962802
"KIF2B",0.426966757176375
"DEF8",0.426556749333914
"COQ7-DT",0.426162338994459
"SYCP3",0.425756694776326
"ABCF3",0.425662062526708
"TRAK2",0.42564155031184
"GRAMD2B",0.425358589124016
"SEC23B",0.425211918123972
"NSD3",0.425043344388858
"RNU6-565P",0.425024781015333
"ARCN1",0.42480241787843
"ZBTB48",0.424800594945706
"SSH2",0.424659471710951
"OR10G2",0.424514583278256
"SEC61A1",0.424302533291619
"BMS1P14",0.424279411287472
"EFCAB14-AS1",0.424070158727224
"VTN",0.424006212674171
"RNU6ATAC39P",0.423986640487473
"ALG6",0.423937027061722
"PITPNC1",0.423704591860531
"PLPP4",0.423515415403591
"MEF2A",0.423433998100328
"RNU6-1294P",0.422614721326211
"PHYHIP",0.422568611397909
"FN3K",0.422387949901557
"NATD1",0.422152831167884
"FBXO2",0.421892396767539
"UTP18",0.421503326555677
"UBE4B",0.421157814389653
"QSOX2",0.421113894065197
"MIR106B",0.420885083887329
"EIF4A1",0.420805819194366
"PHPT1",0.420211157038909
"UBE4A",0.420177418444749
"SERTAD2",0.420048589074325
"GRAPL",0.41991010335904
"PANK1",0.419630869665875
"LAPTM4B",0.419241834694427
"CICP26",0.418777280971496
"IL12RB2",0.418435379117222
"LINC01619",0.418099544794651
"PSPH",0.418013011116652
"CCNT2",0.417956714676824
"ZDHHC13",0.417922153808292
"CYTH2",0.417662939680905
"FKBP4",0.417461228083283
"VWA1",0.417434037063817
"SNTG2",0.417180107206831
"AHCYL1",0.416692774377203
"BMAL1",0.416367258974502
"ATP6V1H",0.415965604780261
"RNU6-322P",0.41591645490063
"C10orf55",0.415852809616564
"ZDHHC23",0.41560549909623
"SETMAR",0.414909459000518
"ITPR2",0.414640202782279
"TINF2",0.414599872707327
"MECP2",0.414565605293672
"ATF4P3",0.414467474497007
"EPHB4",0.414441682054065
"CORO7",0.414246340692646
"UBE2V1P5",0.413990252513586
"UBE2QL1",0.413935713631032
"CEDORA",0.413901661913684
"NRL",0.413672000490453
"CCDC117",0.413341600123638
"CWF19L1",0.413094504453734
"PCSK2",0.413091048886826
"FHL1P1",0.413089248940401
"IGBP1-AS2",0.412109783846988
"GPX4",0.411754450324551
"MAPRE1",0.411617967451758
"CHRNA7",0.411507568855675
"GPD1",0.410819764065274
"DUTP8",0.410047397733349
"KRT8P43",0.410047397733349
"QTRT1P1",0.410047397733349
"SPDYC",0.410047397733349
"LINC00547",0.410047397733349
"CCDC116",0.410047397733349
"MYADM-AS2",0.40982368694416
"USP45",0.409727790420489
"UCKL1",0.409506790727649
"CCDC184",0.409098442084312
"MT-TV",0.40880201372558
"MIR762HG",0.408632539277711
"FDPSP2",0.408325117393955
"ITGB2",0.407748479595453
"CRIP1P2",0.407501431155561
"LMNB1",0.407004610123838
"ADGRE5",0.406416787849557
"ZNF263",0.406086163169815
"LHFPL1",0.405841289474762
"GOLGA6C",0.405841289474762
"UBXN2B",0.405838940861504
"VIM-AS1",0.405713211397482
"MT-ND4",0.405060350057926
"ATP1A1-AS1",0.40504496572246
"KLHL12",0.40485048059539
"UBD",0.404737206333598
"RNU6-501P",0.40471109851856
"TMX1P2",0.40471109851856
"RNA5SP328",0.40471109851856
"RNU5F-3P",0.40471109851856
"BAG3",0.40444537319672
"DNAJA2",0.404229002485165
"LINC01891",0.404183359880246
"PPFIA4",0.404007968832313
"ENDOG",0.403929501180352
"IGFBP3",0.403814591653695
"GAL3ST4",0.403671683673653
"CD302",0.403641203644002
"SYN1",0.403313468728606
"LYPLA2P1",0.403215656027617
"STAT3",0.403032609586626
"DDX54",0.402841394558671
"ZNRD2",0.402774989034614
"SAMD5",0.402494206692473
"TNRC6C",0.402446636092607
"DDX23",0.402440400643422
"FBXO24",0.402373210893046
"BRMS1",0.402335110790327
"RAB34",0.40176365095781
"LINC01281",0.401419596724734
"SMG7",0.401175021481438
"UBTD2",0.400662260078792
"MIR579",0.400488995224597
"GALM",0.399840227213886
"OBSCN",0.399646632182203
"GPR78",0.399192595487221
"DOCK11P1",0.399192595487221
"MIR15B",0.399152365377055
"GABPB1",0.399049884826906
"DAPL1",0.398411071570911
"CACNG7",0.398080061226611
"PSME2P1",0.398052846390968
"CSK",0.397459176108753
"LHX6",0.397230545581928
"SLC2A8",0.397014178912046
"LNX2",0.396972447000388
"MRS2P2",0.396732386114534
"ARHGEF7",0.396706284447936
"IRF3",0.396111375877976
"MLLT11",0.39606234625241
"SEMA4G",0.39552663194682
"INPP5D",0.395484971312738
"PLA2G5",0.395484680072734
"FAM88F",0.395472994186413
"BFSP2-AS1",0.395365362633911
"LENG1",0.395294247231403
"LMX1B",0.395278357319554
"ATP5F1D",0.394928017586353
"ALKBH4",0.394884007560315
"RPL3P1",0.394383423470237
"CISD2",0.394339629001553
"MRPL16",0.394242258082004
"RNU4-5P",0.394053293604442
"RPS15AP29",0.393763702561648
"MRNIP",0.393672757355948
"HNRNPA1P37",0.393552900080799
"EID1",0.393036055136638
"GBP1P1",0.392654074914397
"LAMC2",0.392587529221103
"RWDD3",0.392502566520459
"LDLR",0.392272638316687
"ARPC1A",0.391660385296706
"LMBR1",0.391060651461048
"ZDHHC11",0.391020351200512
"TSPAN3",0.390700370102423
"LINC00973",0.390694069322042
"INTS6L",0.390554247314835
"CLASP1",0.390521983965496
"PEX16",0.390488738623845
"TATDN3",0.39035102145698
"COLCA1",0.39031340115898
"DLGAP2",0.39021791906641
"PRPF31",0.390028017439321
"MAL",0.390008549325856
"TAF1A",0.389940673253507
"CTC1",0.389735528493765
"PABIR1",0.389417464777935
"UBE2J1",0.388958956949404
"XPO5",0.388794035275162
"TSNAX",0.388663720525526
"ZNF189",0.38857742413351
"OSTN-AS1",0.38852684158973
"GRM5-AS1",0.388435938211089
"ELL2P4",0.388187925591637
"EXOC8",0.388118725281114
"RPL12P30",0.388073413866314
"MTRES1P2",0.38785113383083
"GSTO3P",0.387747185928285
"RNVU1-33",0.387539429452848
"FNDC5",0.387395016792075
"ALPP",0.387395016792075
"MIR153-1",0.387395016792075
"PRDX3P4",0.387395016792075
"ZNF311",0.387395016792075
"OR13C4",0.387395016792075
"FAM163B",0.387395016792075
"OR5M1",0.387395016792075
"CYP2C18",0.387395016792075
"RANBP20P",0.387395016792075
"LINC02300",0.387395016792075
"LINC02875",0.387395016792075
"PTH2",0.387395016792075
"PNPLA5",0.387395016792075
"GAB4",0.387395016792075
"GLS",0.387295217661192
"LINC00303",0.387204781674237
"SYPL1",0.387134928340164
"KCNV1",0.386899476430114
"PDLIM2",0.386036410445679
"ZKSCAN5",0.38578597896018
"PNPLA4",0.385780555395976
"EIF4A1P8",0.385417677939711
"FNTA",0.384263863231627
"DNAJB9",0.384084610610677
"GNS",0.383879844986093
"ATP1B3-AS1",0.383551360246023
"RAD51C",0.383133719028918
"ECHS1",0.38277689241595
"GAPDHP66",0.382694448273154
"RFC5",0.382496135818721
"PRSS59P",0.382279395477064
"TEN1",0.382279395477064
"ATP5F1A",0.382182801267449
"IMPACT",0.381947962005062
"HTRA3",0.381791672938815
"RBCK1",0.381747884943862
"RNU7-13P",0.381604828222194
"ABHD17B",0.381541517943866
"RPL12P46",0.381516075447004
"DHX57",0.381452407677822
"OPA1-AS1",0.381422602107668
"CETN2",0.381298854227859
"MIR4507",0.381219598469398
"MRPL27",0.38108310275964
"RNU6-323P",0.381011629620173
"EPB41L1",0.380928610055573
"STK3",0.380898719179295
"SMN1",0.380824870322302
"LIMD1",0.380766952551415
"CDH3-AS1",0.380587755652364
"TESC-AS1",0.38042672659973
"SLC2A7",0.380407023904399
"TSC22D1",0.380036930477295
"BCL7C",0.379983470775838
"HDHD5",0.379647135677449
"RNU1-63P",0.379564891705594
"TRAPPC3",0.379493233499425
"ZNF593",0.379307325486895
"MAX",0.379279163038846
"ARL6IP1",0.379257390669731
"MRPS5",0.379077281003685
"TSPAN2",0.378679078274904
"SLC35C1",0.378575060588129
"EZR",0.378463716657771
"HR",0.378410117736996
"HAL",0.378247762373869
"NOP53",0.378239792775107
"NCF4-AS1",0.378035590514553
"NUP133",0.377824843220613
"SMARCE1P2",0.377488967535273
"CCDC74BP1",0.377338215241773
"TEDC2-AS1",0.376893217878014
"GCHFR",0.376760029168228
"NELL2",0.376517278809128
"ASPHD2",0.376500686732117
"ADAMTS9-AS1",0.376445580189967
"COX11",0.376403802317973
"UBQLN1-AS1",0.376031311657147
"LINC01927",0.375950087626158
"ZNF385A",0.375878424815398
"RAB17",0.375241630884145
"PDE3B",0.375227112932435
"BOLA2B",0.37501450918949
"AP4B1-AS1",0.375007080751411
"SAP30P1",0.374653603968142
"HSD11B2",0.374491275487161
"TBRG1",0.374367365114836
"LIF-AS1",0.373852489664647
"SBNO2",0.373813725451394
"RP2",0.373715498133704
"LAG3",0.372964842157452
"WNT9A",0.372964001728464
"CCT8L1P",0.372964001728464
"NXNL2",0.372964001728464
"LHX1-DT",0.372964001728464
"FERRY3",0.372758482766216
"FTCD",0.372512930071427
"CEP85L",0.37247858510142
"CD84",0.372192400123083
"TBCEL",0.371898976623729
"GFAP",0.37187148154478
"PIKFYVE",0.371741954194125
"PRB4",0.371696184994293
"RNU6-388P",0.371166593729107
"SCAMP1",0.37094577644749
"TRAF3",0.370769966906322
"MTND6P29",0.370651142500291
"AMZ2",0.370482337316728
"CDIN1",0.369627362881871
"CIST1",0.36931118067188
"PARD3B",0.368968261939532
"ZBTB20",0.368795702641
"CST1",0.368477065536018
"TCHH",0.368329098653314
"VTA1P1",0.368181609588748
"SOX11",0.367693003686436
"PAK1IP1",0.367571416785508
"IL21R-AS1",0.367262730828643
"CDH19",0.367030394574359
"SEPTIN14P4",0.366964927714494
"COA3",0.36653870639368
"OR7E157P",0.366488161288083
"LINC02370",0.365946989124328
"ZNF330",0.365691055323986
"GAS6",0.36563110917285
"APOF",0.365464529710021
"NLRX1",0.364811644774903
"SF1",0.364750704117885
"CEP290",0.364567698967454
"DAZAP2",0.364548052968103
"GCC1",0.364515558814869
"PGAP1",0.364349421978339
"TMIE",0.364328423475657
"TRAJ21",0.364304628679974
"TNIP1",0.364226203734021
"PSMB9",0.363972568157138
"TCF25",0.363768672627724
"PTPN7",0.362684815441196
"RNF13",0.362509930812473
"PDE4D",0.362483008383499
"ZBTB14",0.362383935240695
"HBP1",0.362335660410781
"ZNF878",0.362252165909781
"AKT2",0.362126535963913
"LCP1",0.36180881617501
"MCCC1",0.361643942808047
"GCNT7",0.361109412019199
"CNFN",0.360891230817477
"ETV3L",0.360819115362302
"BET1L",0.360810576482128
"XPO6",0.360783064410871
"TIRAP-AS1",0.360146827005847
"LARGE-AS1",0.360057411937757
"GPR35",0.359771380118076
"CDC42P4",0.359686242140306
"HLA-DRA",0.359459748868723
"TSR3",0.359324226292801
"TAF13",0.359218601352963
"CNOT2",0.359122375214307
"PICART1",0.359010227057
"ZC3H7B",0.358850937561318
"PYROXD1",0.358778964206755
"STX3",0.358709616643893
"HTATSF1P2",0.358523141468565
"DCK",0.358320211935405
"PIBF1",0.358271946213921
"RBM5",0.358266584873303
"THYN1",0.358233098919674
"GK",0.358006243801256
"OR3D1P",0.357681250633185
"LACTBL1",0.357681250633185
"SPATA42",0.357681250633185
"REG3A",0.357681250633185
"HINT2P1",0.357681250633185
"EIF4E2P2",0.357681250633185
"CLRN1",0.357681250633185
"PES1P1",0.357681250633185
"ADRA1B",0.357681250633185
"RNU6-456P",0.357681250633185
"LINC01843",0.357681250633185
"MTND2P4",0.357681250633185
"DCAF8L1",0.357681250633185
"CROCCP1",0.357681250633185
"FBLIM1P1",0.357681250633185
"CYP11B1",0.357681250633185
"CCDC166",0.357681250633185
"OR10D3",0.357681250633185
"LINC02702",0.357681250633185
"TMEM26",0.357681250633185
"LINC01404",0.357681250633185
"GALNT9-AS1",0.357681250633185
"IGHVIII-26-1",0.357681250633185
"PSMB11",0.357681250633185
"GABRA5",0.357681250633185
"ASXL3-DT",0.357681250633185
"LINC03125",0.357681250633185
"SIGLEC20P",0.357681250633185
"USP29",0.357681250633185
"FAM197Y1",0.357681250633185
"CLDN17",0.357681250633185
"SOX6",0.357198155533689
"ZNF134",0.357010533201663
"SLC7A6",0.35619958618418
"EFCAB9",0.3561426276528
"PIERCE2",0.355995923818498
"GET4",0.355937753277926
"CNNM3",0.355832927993067
"CBLN2",0.355693541844411
"UFSP2",0.355631986291882
"CDYL",0.355612861829582
"MIR5194",0.355509831114878
"MON2-AS1",0.355497274655757
"MTG1",0.355073870699351
"NSMCE3",0.35470860954656
"SOS2",0.354637380904633
"SRP9",0.354551422679843
"USP34",0.354301875021943
"PDCL3",0.35407663179427
"GYS1",0.353135921982589
"BRCA1P1",0.352318824795019
"RPL29P26",0.351195844823235
"DCPS",0.350994123271695
"ST8SIA3",0.350839146384761
"SMARCD1",0.350650391997692
"CXCR3",0.350522887964909
"ENOPH1",0.350214812253112
"EBAG9P1",0.35020011773889
"SULT4A1",0.350050701429059
"CALR",0.35004497487682
"TAFA3",0.349936955641987
"CHRNG",0.349691644982537
"SMIM19",0.349317961575698
"NUDT18",0.349222070086767
"GAMT",0.349125556075482
"FLI1",0.349065898349109
"NT5C",0.348877929476806
"LINC01790",0.348796658755548
"CHUK-DT",0.348763334294164
"EIF2AK2",0.348710688555386
"XIAP",0.348608620263145
"NOP9",0.348582129597172
"ATP6V1C2",0.348556926066811
"INHBE",0.348502324204869
"EMC3",0.348496697827298
"EXOSC6",0.348375064371278
"ENTPD1-AS1",0.348225943119308
"PPM1E",0.348162689236157
"FBXO3-DT",0.348010909927887
"BRF2",0.346590668702293
"JUN-DT",0.346533686779559
"B3GNT8",0.345901110483657
"BOD1",0.345379328020037
"PARP9",0.34532665845875
"CICP16",0.345121082522612
"RAPGEF1",0.344981346620296
"CCT6P1",0.344887944411429
"RN7SKP143",0.344887944411429
"MT-TT",0.344694285449591
"ODF2-AS1",0.344614773630699
"ZSWIM8-AS1",0.343915355281609
"ELL2P1",0.343875700471629
"COMT",0.343774911990428
"ITPKB",0.343234143752049
"MRPL13",0.343121505516027
"RMEL3",0.343053890953164
"GNG7",0.342933995683111
"MAGEE2",0.342843096062396
"C1QBP",0.342793071354778
"CYP20A1",0.3427905450512
"RNU6-711P",0.342774341847524
"RHNO1",0.342681242757745
"TMEM230",0.342541093606383
"GTF3C4",0.342517618376569
"MIR4323",0.342327210233553
"EIF4H",0.342269337890388
"TMEM70",0.341973333755594
"ANKRD13A",0.341915756524058
"RSPH3",0.341866850200267
"FOXN3-AS1",0.341834386411662
"ADD1",0.341755622400175
"USP38",0.341586239434377
"SERINC3",0.341520683035144
"ZNF136",0.341376709748224
"RORB",0.341325987068535
"POLR3K",0.341278533037561
"RNU6-625P",0.341110328327792
"TUSC8",0.341003254207434
"TMEM145",0.340685140462081
"HOXA3",0.34042564393565
"PRKAB2",0.339938163148331
"KANTR",0.339740750231168
"RNU2-59P",0.339723457109026
"NCSTN",0.339538717905957
"OTUD4P1",0.339481021569211
"C19orf84",0.339455749096438
"GPCPD1",0.339168964363278
"RNU6-1089P",0.338932878549381
"RPL13P8",0.338932878549381
"IGHV3OR16-11",0.338932878549381
"LINC01565",0.338855337721439
"MYCBP2-AS1",0.337924693139903
"TRIB1",0.337860413739029
"PIK3IP1",0.337837113317934
"RHEB",0.337703282755392
"KAT8",0.337478018527205
"LIPN",0.337473044482633
"FLYWCH2",0.337453835527346
"CALHM1",0.337177083216488
"FOS",0.336881464206299
"CRMA",0.336832015092082
"PAQR6",0.336639920192833
"ZNF557",0.33613375724406
"API5",0.335716129956771
"ARHGEF3",0.335670213119431
"LINC00683",0.334685701176437
"PBDC1",0.334611973980904
"NSUN2",0.334469366318852
"PTPRK",0.334453840483666
"LRRC37A",0.334376203307704
"EOLA1",0.334137270671704
"PYCR1-AS1",0.334084408236663
"OR7E12P",0.333936160898654
"ARHGAP5-AS1",0.333936160898654
"LINC03067",0.333728063703094
"PELO",0.333700509990378
"TRAJ3",0.333696324838469
"MIOX",0.333621494536239
"OR2A1-AS1",0.333393197601995
"CUL4A",0.333091717692484
"LRRC46",0.333028332401341
"PKMYT1",0.332848654039143
"STX5",0.332696901446257
"NCOA2",0.332101548009855
"NBPF11",0.331817511993551
"JCADP1",0.331691585434509
"CPD",0.331360894219795
"FAM86B1",0.331349718244898
"TXNDC12-AS1",0.331098662408641
"NMI",0.33109300033887
"SEPHS2",0.330904737391157
"CCDC90B",0.33075790864404
"ZBTB5",0.33075368028605
"ORMDL3",0.330624091730248
"PSMC3IP",0.33022334279843
"EPB41L2",0.329792380092683
"RPL36AP25",0.329630927259898
"RPL18AP7",0.32948823380412
"ABHD3",0.329449991314578
"VTA1",0.329244519225519
"BHLHE40",0.329203378955656
"SLC4A1AP",0.329202606622977
"HARS1",0.328880360421506
"RN7SL716P",0.328482741962591
"SPAG7",0.328207039684381
"SLC35B3",0.328199757496397
"HSD17B14",0.32817121890584
"BZW1-AS1",0.328159840556876
"COX6CP10",0.328065186532221
"RAMACL",0.328026655746752
"GPBAR1",0.327981657628133
"ZNF80",0.327898953114542
"RANBP3",0.327598517391518
"MT-ATP8",0.327211648405921
"LINC03103",0.327063252382011
"LINC01104",0.326990678146364
"EEA1",0.326719412075601
"ZNF236",0.326580718094707
"MT-TK",0.326522522848657
"CACNA2D2",0.325631845736921
"OR4F1P",0.325473301839826
"HSPA8P5",0.325447859109246
"ZNF669",0.325101124810873
"PRR15-DT",0.324992789942578
"FDPS",0.324802520016186
"TET3",0.324361014973394
"MARCHF1",0.32416014525217
"RSPH9",0.324015448690127
"SELPLG",0.323894812737856
"NPHS1",0.323471022728292
"TIMELESS",0.32345773941448
"CYP51A1",0.323091214220207
"RALGAPB",0.322902100607202
"CIBAR1",0.322703870429517
"LIN37",0.322633083045505
"ANXA2R-OT1",0.322524545998601
"GZMA",0.32226427381211
"EIF4EBP2P2",0.322099813692458
"IGKV1-35",0.321906393304998
"SPHK1",0.321558864365176
"MIR200CHG",0.321324315850105
"CAT",0.321065608640291
"ESPN",0.321057282526797
"LDHBP1",0.320921135326535
"HNRNPD-DT",0.320916621119058
"ASB3",0.320896383133274
"METTL23",0.320731897796921
"CPSF1",0.320683795315307
"DNMT1",0.320534358243946
"FADD",0.32012048106676
"SURF2",0.319810537432659
"PLCL2",0.319722032706027
"NR4A2",0.319585334331223
"TRAJ49",0.318989010164229
"SLC25A51",0.318895373758635
"RTEL1",0.318170466010206
"USP14",0.31812254039025
"STX2",0.318096679369885
"CCDC144NL-AS1",0.317838075804745
"TXNIP",0.317824498118065
"PSMA7",0.317601341325047
"MIR3661",0.317516192265469
"F8A2",0.31746280576216
"NSMCE4A",0.317244018389682
"C3orf52",0.317085705870229
"CPVL-AS2",0.317077271708746
"PXK",0.317069181303562
"EEF1A1P10",0.317059213668064
"ZNF550",0.316866440746413
"ENDOV",0.316858695296801
"RECQL",0.316820694544707
"LINC00602",0.316638528567047
"PDCD1LG2",0.316435035155483
"PPP2CA",0.316365630326107
"CHP1P3",0.316029456511894
"PIGR",0.315844537110365
"FADS2",0.315628897730914
"CKS2",0.315606277218717
"TBC1D2B",0.315589260107985
"TANC1",0.315249692646328
"FBXO31",0.315188504677648
"ANGPTL6",0.315126229153477
"SIRPG",0.315032880652298
"ENTPD4",0.314858255887387
"GALNT7-DT",0.31480842788377
"MIR7107",0.314651738729191
"TSTD1",0.314415390722431
"LPCAT3",0.314155322987997
"CEP89",0.313714587795064
"ZNF575",0.313370729895575
"NBPF15",0.312805353352389
"TKTL1",0.312494763217541
"ERLIN2",0.311626836118753
"TXLNG",0.311468879776048
"POP7",0.311428190981024
"H4C11",0.311233199558594
"NFKBIB",0.311171986343944
"DDX5",0.311138379358953
"EXOC3L4",0.311119498226206
"RPS3P7",0.311117319522292
"NOL11",0.311014730862168
"IL7R",0.31099441170461
"RINT1",0.310554694982619
"TTC33",0.310393836246238
"ATP6V0E2-AS1",0.310197353214454
"SLF2",0.310174271287273
"GTF2A1L",0.31007813213363
"MIR5696",0.309990174058516
"RNF103-CHMP3",0.309928469963316
"LINC01266",0.309806775432489
"MT-TP",0.309580020712822
"OTUD1",0.309564525810604
"KRT18P9",0.309391670150514
"CARD17P",0.309357757217468
"ZFPM2",0.309266024237195
"MACROH2A1",0.30918089100455
"LYRM9",0.309147318474008
"STK11",0.309054212768063
"NACC1",0.308843350103223
"SSBP4",0.308772361187197
"DESI2",0.308750518574785
"RN7SL443P",0.308599711881055
"SERBP1P1",0.30848229125056
"LIF-AS2",0.308444952770301
"CDR2L",0.308354475886151
"MDFIC",0.307908764841756
"ATXN7L2",0.307658828392449
"NICOL1",0.307641518571519
"C2CD6",0.307264104615018
"SDHAF1",0.307182059599118
"TRBJ2-2P",0.307151492093642
"PTPRJ",0.307092429186808
"VBP1",0.306975529637008
"PSMA5",0.306417083616262
"ZNF746",0.306381162866313
"XRCC6",0.306275735062153
"GPATCH3",0.305881861759257
"LSM1",0.30572145510007
"DNALI1",0.305713860534259
"TNFAIP8L1",0.305508723992713
"LDLRAD4",0.305206417317529
"ZNF790",0.304905782223794
"MYO9B",0.304879467302685
"DOCK9-DT",0.3048791908984
"EI24",0.304641124077044
"PHF5A",0.304471738864967
"NPIPB15",0.304158116657755
"NDUFA8",0.304022372439942
"OR7C1",0.303865811268784
"GREB1L-DT",0.303573419417213
"AGPAT4",0.303416166055709
"RNU6-1285P",0.303107055590866
"UQCRFS1P1",0.302960500112534
"DYRK2",0.302955302422902
"VAMP1",0.302797762145755
"BCL2",0.302369320601788
"ZBTB2",0.302018147039674
"RAB27B",0.302011699816695
"DNAJC14",0.301469380291147
"RPL7AP11",0.301453855077984
"HPSE",0.301424060481277
"ETF1",0.301370099965752
"NEB",0.30126509174501
"CGGBP1",0.301210336045903
"SLC25A25",0.301047731440507
"SLC5A3",0.30095977242993
"NDUFS5P6",0.300729423798374
"RNA5SP477",0.300376846650793
"ICOS",0.300347922489113
"ACAP2",0.300302595136732
"BIRC2",0.299948763683372
"ANTXR2",0.29975991533356
"DPPA4",0.299650170727272
"ARHGAP39",0.29962893136157
"UBE2CP5",0.299538706284675
"C22orf39",0.299350617815713
"ST20-MTHFS",0.299223202299339
"MAN2C1",0.299045599966004
"TNPO1P1",0.298666671121528
"UAP1",0.298435843798671
"ECHDC2",0.298305629728691
"ATG3",0.298246941044453
"LINC02068",0.298230771996431
"MELK",0.298222529782597
"LY6K",0.298168605778252
"PHLDA1",0.29814721211851
"RGS2",0.29813157893324
"ODF2",0.298105028453066
"TGIF2P1",0.297947888766379
"MAP3K5-AS1",0.297811024768967
"GUK1",0.297499470574351
"EME2",0.297386410567095
"ANAPC5",0.297201396132579
"GUCA1A",0.297177709440487
"TPI1",0.297015333184653
"F2RL1",0.296941681469979
"PCOTH",0.296875289483715
"TFB1M",0.296728614947376
"BTBD10",0.296384845744913
"NPFF",0.296201348028884
"PKD1P4",0.295665207563396
"SLC25A22",0.295559762580448
"TXK",0.295163927447746
"NIPBL-DT",0.295006202900968
"RPAP2",0.294930784620969
"EDN1",0.294893547984824
"PRMT5-DT",0.29485483916197
"PHLDB3",0.294725271516191
"NAXD-AS1",0.294651683996614
"ARL5B",0.294442760942811
"TMEM123",0.294220391556428
"RPS26P6",0.294136259251597
"DNASE1",0.293966498697289
"MIR3682",0.29370501628132
"MAP3K2-DT",0.293565770881825
"ZXDA",0.293249380153807
"MIR6818",0.293136616349697
"IGLV3-13",0.293102314972845
"WFDC8",0.293051949187867
"RN7SL612P",0.293049800837639
"PSMB5",0.292939912260281
"AMY1A",0.292794251321497
"CHD9",0.292692233193615
"RNF138P1",0.292535757484919
"ARL6IP6",0.292527405501649
"MCC",0.29244746100318
"PTPMT1",0.292337346352128
"PSMA1",0.292266735829247
"SNRPB",0.292216731881511
"DEFB131B",0.292008596635176
"ALOX5AP",0.291985037742087
"BSG-AS1",0.291737654679182
"LY9",0.291554039101712
"FNTB",0.291416963932252
"TMEM97",0.290988259358953
"PRDX4",0.290748780545642
"RYBP",0.290677508078041
"USP39",0.290456653670004
"PDE2A-AS2",0.29034996920175
"MFSD8",0.289783113314481
"CTH",0.289751572577822
"HMOX2",0.289710574972403
"LAP3",0.289665563313617
"TRAJ4",0.289427653913383
"OARD1",0.289369409600731
"ATXN10",0.289321735114428
"PCDHA9",0.289175757715149
"TBCE",0.288917445189641
"PHAX",0.288771260546791
"PPP1R18",0.288256193947511
"RNU6-474P",0.288145665620187
"PRELID3BP10",0.288145665620187
"OTUD5",0.288112764924352
"DOLPP1",0.287944462452818
"GPR62",0.287852256915312
"NPLOC4",0.287710762005856
"SEPHS1P4",0.287701085712583
"HSF2",0.287643292723462
"MZT1",0.287515338806318
"LRRC59",0.287412403194839
"RFX6",0.287385364751157
"USP10",0.287288303191867
"PROSER2",0.287103740795568
"PTEN",0.287071804150175
"SLC4A5",0.287054996303483
"LINC01068",0.286799380980734
"RANP1",0.286697602464254
"CENPO",0.286682225273581
"HYCC1",0.286373995518658
"ART4",0.28585922372714
"SNORD100",0.285838654537458
"SSU72",0.285763007611883
"CCDC107",0.285694903291364
"TMEM154",0.285634281493785
"GTF2B",0.2851425376631
"SCFD2",0.284962679440313
"REEP4",0.284929649150607
"NKILA",0.284783654748648
"KCNA3",0.284769423703789
"CREBZF",0.28472552245269
"ETV7-AS1",0.28431378268806
"TMEM219",0.284056018411242
"PLEKHG1",0.283972911628016
"IGHVII-28-1",0.283941120826797
"FAM114A1",0.283720113958456
"MTCH1",0.283688632504895
"GLA",0.283202455214584
"GGA3",0.283006938954927
"SHPK",0.282778248493017
"PINK1",0.282698799208574
"ITPKB-IT1",0.282657844820632
"UBTD1",0.282397947070647
"NFS1",0.282344549743996
"TRAPPC13",0.282256651925259
"ZNF836",0.282222900725238
"PRMT2",0.282020146964239
"ZBTB4",0.281871510425524
"MBD1",0.281581298900257
"TEX14",0.281458802401852
"CA2",0.281400702796926
"C6orf47",0.281328750036165
"NFKB2",0.281171101431893
"PLIN3",0.281038567968482
"RPL8",0.28092162227726
"CDC123",0.280720585196535
"MIR548N",0.280422740456266
"BET1-AS1",0.280362955211188
"PAWR",0.280129370934907
"NNT-AS1",0.280020839489577
"DDX18",0.279530058541742
"ADHFE1",0.279310339982912
"ZNF732",0.279213664239089
"CHST2",0.278935578064449
"IL2RA",0.278856180537448
"PHC1",0.278617541041962
"ANKRD46",0.278550503755519
"FN3KRP",0.278404633097494
"STX18",0.27838033299369
"HERPUD2",0.27836870196152
"RNA5SP282",0.278250164754117
"BLOC1S3",0.278224606493804
"SLC25A3",0.278149785056183
"EMSY",0.278002246103937
"SEC22C",0.277945180664282
"MIR4469",0.277443149600778
"MT-TQ",0.277408971516944
"ZMAT2",0.277271418070252
"KANSL1-AS1",0.276884401831255
"RNA5SP247",0.2764901193209
"NQO1",0.275934724625289
"SLA2",0.275899475960014
"ZNFX1",0.275809984661342
"GBP5",0.275675596034808
"HOPX",0.275672633939311
"SAMD11",0.275508622393452
"LINC01098",0.275500878003686
"SBDS",0.275477623437407
"LINC01524",0.275042915718968
"H3P42",0.274764127733899
"TMEM181",0.27474701684345
"PTGES2",0.274670386965238
"ZNF569",0.274579962783644
"TWSG1-DT",0.274568761415239
"CACFD1",0.274494804614945
"SIK2",0.274360134283272
"TRAJ12",0.274159810896573
"MCPH1-AS1",0.274131113707358
"ZNF131",0.274037841502223
"LNCBRM",0.274030980421049
"TMEM183A",0.273964470374319
"PCSK1",0.27393879295476
"RPL5P30",0.273927201645931
"YBX3",0.273876793267499
"SLC5A7",0.273755095199402
"IGHV3-25",0.273272791363179
"DNAJB8",0.273188431086602
"GLRX5",0.273163195900319
"C11orf24",0.273138114141961
"C17orf113",0.273018844031758
"C4A-AS1",0.272715148124162
"RFC1",0.272541785710179
"DDHD1-DT",0.272248549183838
"CCT5",0.27216838286108
"TMEM9B",0.272130566364154
"PDCD10",0.272075045818329
"CTAGE7P",0.271856704554547
"FASTKD2",0.271628909841245
"TOM1L2",0.271467176485492
"AOC1",0.271289776433663
"LDHB",0.270937247235113
"KRI1",0.270885993224095
"HACL1",0.270876569195151
"LPCAT2BP",0.270872154689513
"MCCC1-AS1",0.270861373988328
"VPS72",0.270729703380963
"ATP6V1C1",0.270343850325614
"POGLUT2",0.270142732200248
"ARF5",0.269965116808783
"PCDHB1-AS1",0.269945539557018
"RIC3",0.269548184876739
"ANAPC11",0.269201012740367
"PUS10",0.269064417032089
"ZNF593OS",0.268954647718082
"CAMTA1",0.268731183437418
"CYP4F12",0.268723665709214
"ANKRD10",0.268718946180528
"RNU6-1112P",0.268367911109646
"PARP4",0.268256972470415
"CACNA1I",0.268251121885517
"AKR1A1",0.267887582095766
"GFUS",0.267846372721986
"VPS53",0.267812290915119
"PPP1R26",0.267510841685292
"DAND5",0.26732271277114
"FCHO1",0.267192483424771
"MEA1",0.267045960928943
"CKLF",0.266701818788204
"CEACAM4",0.266512704644755
"FGD3",0.266417307341332
"EXOSC7",0.266417215921382
"MAFK",0.266315261127355
"SERPINH1",0.266261610648489
"CATSPER2",0.26624951128135
"GOLIM4",0.265982562116573
"DUS2",0.265112625475266
"BHMT",0.265068238087117
"RN7SL481P",0.264510484618461
"PIGB",0.264372332725906
"FAM83C-AS1",0.264336566577618
"SSNA1",0.264152192784178
"DGKH",0.264130657544208
"REST",0.264118602119305
"GCNT1P1",0.263874507251719
"NUMB",0.263659959983274
"PHLDA1-DT",0.263410561546447
"SEC63P1",0.263329331688266
"ACTG1P15",0.263174959955642
"SAMD4B",0.263168048419707
"FBXW2",0.26297621520856
"ALG10B",0.262929397632608
"DOCK5",0.262905000929688
"NLRP8",0.26284761170072
"NHLRC2",0.26271800189702
"PLEK2",0.2625448964693
"RBBP7",0.262478232862266
"MYL6",0.262424995618906
"AKIRIN1",0.262369595423687
"RABIF",0.262226998964467
"ANKRD42",0.262098644910967
"RPS3AP34",0.262064779685724
"IARS2P1",0.261715282134912
"NEDD9",0.261608490422756
"OGG1",0.261600167265188
"PPFIA3",0.261171049995385
"RNU6-936P",0.2611511473497
"MIR3148",0.2611511473497
"RUNX1",0.260883495649312
"CYP3A43",0.260834049308843
"METTL15",0.260763110968118
"C1orf54",0.260748004573761
"RAB14",0.26062440549789
"TTC9",0.260300892570782
"KMT5A",0.260246249752232
"IFTAP",0.260148916575404
"PPP1R9A-AS1",0.260069819514182
"GAA",0.260054875870179
"TES",0.260009026011495
"YY1",0.259922950624485
"ACTR2",0.25986829248584
"KARS1",0.259341851880687
"RNU2-70P",0.259019635976761
"LIMS1",0.258960668639067
"TMEM179",0.258929123341574
"EVI2A",0.258862713217043
"MIR548K",0.258748933155066
"TARS3",0.258693593822871
"ANKRD10-IT1",0.258551787215312
"RRBP1",0.258525072679767
"KTI12",0.258288880015005
"FLNC",0.258124568883521
"CDC25C",0.258119563293273
"LINC02482",0.258079952839161
"GBF1",0.25786999937265
"MIR3651",0.257657044093437
"NCOR1",0.25742118626725
"CBLL1",0.257297424365218
"CD164",0.257219205984538
"AKR1C2",0.257097842674704
"SMYD3",0.257035055452992
"WDR77",0.256949611690878
"DNAJA4",0.256674217147422
"KIFAP3",0.256044652382274
"MIR29A",0.255825724308251
"TYMSOS",0.25574058390319
"PFN2-AS1",0.255723864285809
"EDC3",0.255695499105328
"ZNF559",0.255604091820009
"CTSO",0.255464216621692
"LAMTOR5-AS1",0.25538447979161
"RHBDF2",0.255175763384722
"INKA2",0.255049770898231
"TRIM26",0.254250959128764
"SEL1L3",0.254043617131055
"C11orf71",0.25399471443267
"TRAK1",0.253860103871221
"ASAH1-AS1",0.253841187458615
"ZNHIT1",0.253597306638427
"NAT10",0.253521939960252
"IGKJ5",0.253476933053835
"ENTPD8",0.253424690278771
"IL21R",0.253333850788875
"MNT",0.253180902288551
"IPO9-AS1",0.25276360526227
"SLC38A10",0.252759471490099
"PELP1",0.25269643299743
"GBP2",0.252672809131398
"TUBA1A",0.252529590785018
"RNF170",0.252199165592128
"GPR155",0.251998103145723
"TAPT1",0.251791773276883
"RPL37P1",0.251503961456411
"RNU6-137P",0.251347319337453
"EIF3EP4",0.251347319337453
"HEATR5B",0.251203437870162
"RPL5P13",0.251122065370998
"ERC1",0.2510751940467
"PDIA6",0.251071588253953
"MIR5703",0.250924057959702
"TNFSF9",0.250672871607736
"HIPK1",0.250661217801658
"LINC01547",0.250603144932198
"ING2-DT",0.250588972669414
"TMEM276",0.250579418874014
"PIAS4",0.250551457409132
"AP3B2",0.250095660956492
"KDELR2",0.25006768724596
"DDX39A",0.24987757364639
"SEZ6L2",0.249851434361662
"AGO2",0.249773669573582
"AP1M1",0.249738149112494
"RIDA",0.249556746882995
"IER3-AS1",0.249047543180151
"CMPK2",0.248959762698842
"MICALL2",0.248734836822837
"PARD6G",0.248726867443957
"CNIH3-AS1",0.248646491482348
"FNBP1P1",0.248469100408864
"ARSG",0.24843797816955
"RPL36AP32",0.248398127111253
"MED11",0.248319924697543
"ATP6V1A",0.248236827886395
"CCDC152",0.248120353693493
"COMMD8",0.248099325023588
"RHBDD3",0.247939740666432
"LINC01002",0.247646283590013
"RNGTT",0.247513333593669
"SLC25A1P1",0.247477255942984
"LIME1",0.247385588500834
"BACE1",0.247358779034572
"DNAJB5-DT",0.247292407374427
"CLIP1",0.247195028829714
"SYDE2",0.247044822887244
"PIK3CD",0.246853811025864
"ACE",0.246834111917254
"HIPK3",0.246815000658873
"KEAP1",0.246546967897748
"RANBP6",0.24652997817311
"FAM86B2",0.246378915596145
"CRLS1",0.246030774681942
"ADPGK",0.246012379276491
"RN7SL144P",0.245931816834647
"C14orf132",0.245901027094493
"RNU6-393P",0.245729330712994
"MIGA2",0.245696920094126
"SGSH",0.245574485744995
"TAS2R46",0.245528507886995
"MIR6124",0.245503228146156
"POLR1D",0.245384238758657
"RORC",0.245363351671879
"SELENOT",0.245262343147512
"ASB7",0.244854794423498
"MRPL44",0.244719179987102
"NDUFS4",0.244511325459159
"NUDT16L1",0.244468309114968
"RAB3A",0.244279411403893
"DCTN5",0.244105464850523
"CHAC1",0.243984726435997
"RN7SL166P",0.243971745433559
"BLOC1S2",0.243894446128216
"EIF4A3P1",0.24364002655701
"AKR7L",0.243592852082281
"RN7SL242P",0.243568363264916
"ARTN",0.243568363264916
"CICP8",0.243568363264916
"MROH4P",0.243568363264916
"SNORD89",0.24351349866232
"ENY2",0.243337891243187
"OLA1P3",0.243331306754245
"ATP2C2-AS1",0.243176162883567
"GRAMD1A",0.243143829382116
"CENPS-CORT",0.243089775381882
"CFAP20",0.242710172461718
"CREB1",0.242571473178102
"PRR13",0.242569401883378
"IGBP1",0.242407192422561
"LRRC37A2",0.242139565181118
"RPSAP21",0.241973399970334
"TNFRSF14",0.241864224547173
"C2CD4D-AS1",0.241843199544755
"BCL2L1",0.241771459946624
"TRAJ45",0.241610098872724
"STEAP1B",0.24147334381272
"NEO1",0.241233141240436
"RNU6-310P",0.240821055766739
"ZNF566",0.240811019947973
"ERICH6B",0.240430096651192
"RNU7-57P",0.240290030960418
"BACE1-AS",0.240274808428591
"GRHPR",0.24021126732302
"ADAM28",0.240147807676549
"PYGO2",0.240140360979318
"SCYL2P1",0.240096288697167
"DNASE1L2",0.239707016611327
"EBF3",0.239518468314002
"NPIPA9",0.239497716608421
"RN7SL7P",0.239476319612661
"MRPS18A",0.239452598988383
"CD8B",0.239408067565188
"PDE7A",0.23938293496275
"PDHA1",0.239158586513982
"METTL13",0.23897876433507
"MTND6P4",0.238847962945329
"CDC7",0.238705159479708
"ALDH7A1",0.238666975204852
"WDR11-DT",0.238649475826847
"REV3L",0.238607385533973
"USP3",0.238234821081921
"CNTLN",0.238160515488338
"SLC30A5",0.238033349310583
"TARS1-DT",0.237792353860582
"LARGE1",0.23744850945657
"FBXO45",0.236753166386561
"CXCR2",0.236702981262917
"FCF1P1",0.236574912159974
"BRF1",0.236515727653555
"OR4Q2",0.236330849282235
"RPL7AP50",0.236288214113607
"TMEM8B",0.236260020718859
"ZNF222",0.23603529409241
"LINC02462",0.236006022893968
"MIR17HG",0.23594194244654
"GID4",0.235843750517239
"GRM5",0.235693074176218
"LSM2P2",0.235587196547103
"MAPK4",0.235444413570502
"GTF2I",0.235276389553637
"RBMX",0.235220562592133
"ARFGEF2",0.23521933264958
"HSPE1P18",0.235125058783609
"BOLA1",0.235055237838509
"CHIC1",0.234953993561447
"KCNK3",0.234839900290352
"IKBKE-AS1",0.234813813907191
"C15orf61",0.234797882690713
"LFNG",0.234430255361099
"PSPC1",0.234297325504125
"DEAF1",0.234272151129538
"RSKR",0.234150402939469
"LINC01096",0.234112419473683
"ADAMTS14",0.234112419473683
"DDX11L8",0.234112419473683
"RNASEH2C",0.234094797110559
"RGPD8",0.234013319294444
"CEP55",0.233882163329383
"SNRPGP15",0.233537964578291
"IRX5",0.233502875094592
"LSS",0.233316474104896
"PPP1R12A-AS1",0.233302823358122
"LINC00323",0.233266488850476
"SFI1",0.233235269934549
"EIF3I",0.233084610855565
"CCDC77",0.232940101536972
"FITM2",0.232927802131041
"PRKACA",0.232265270777436
"ART5",0.232260045970209
"MAN2A1",0.232178047582901
"TYW1",0.23195692032024
"PPIAP9",0.231939839181572
"FAM177A1",0.231886033933344
"SEMA4D",0.23184660388258
"ERFL",0.231839619484396
"TMED4",0.231662354499838
"LINC01701",0.231241743538837
"MIR3132",0.231241743538837
"VPS51P13",0.231241743538837
"SLC4A1APP1",0.231241743538837
"MMP20",0.231241743538837
"C2orf69P3",0.231241743538837
"CD300LG",0.231241743538837
"THSD8",0.231241743538837
"RN7SKP22",0.231241743538837
"DUX4L17",0.231241743538837
"NDUFAF7",0.230798680476291
"LCTL",0.230756153553066
"CDCA3",0.230471313529095
"ZC3H18",0.230298364197341
"STXBP4",0.23012523998172
"TRAJ23",0.23008215464746
"RN7SKP228",0.230065345120391
"DPAGT1",0.230040926171847
"SUCO",0.22971251937558
"SPTAN1",0.229513423157487
"NOA1",0.229397857001649
"ITPA",0.229355315780733
"RN7SL825P",0.22933325400964
"TMPPE",0.229323941604476
"IL17RD",0.229273481326198
"CDH12P3",0.228878327956382
"TLN1",0.228833985589826
"SRRM2",0.228696325745381
"SPATS2L",0.228643228989178
"CHST12",0.228513248365486
"RPL15P20",0.228382201471601
"RNU6-9",0.228377678382181
"IGLV2-33",0.228242659450015
"SLC29A3",0.22823508480507
"DHX33",0.228138685276209
"SRRD",0.227989150267938
"BEX4",0.227984185587704
"RTN4",0.227972235413669
"INF2",0.227854073661853
"RBM17",0.227823317881345
"CHD3",0.227821812232671
"MPG",0.227605691417756
"CES2",0.227525613134662
"ACTR3P2",0.227486870920731
"FAM81A",0.227473642628827
"HSD17B11",0.227422144541562
"USP46-DT",0.227415886494815
"PTPN4",0.227320778866824
"MED7",0.227316900918146
"DNAJB11",0.227071392398293
"LINC02043",0.226709751212589
"ADAMTS7P1",0.226454462464355
"PTTG1P1",0.226098726374032
"ZNF354A",0.226073016481337
"ATG4B",0.225915593550167
"TMUB2",0.225901603526301
"ZNF574",0.225834691696478
"ZNF687",0.22580413581232
"COL7A1",0.225570035459425
"RNU6-1143P",0.225523773893619
"MEGF9",0.225481685144174
"LNCOC1",0.225420833308588
"MRPL36",0.22532028714881
"PFKL",0.22529101200753
"ABCC5",0.225225120911432
"ALOX15B",0.225110573046593
"SLC2A3",0.225018985094108
"EIF5A2",0.224852294774421
"FSD1L",0.224766042788124
"H3C9P",0.224758758331151
"ATF2",0.22458388271829
"CRPPA",0.22454995718774
"RN7SKP17",0.224546922777405
"SETD2",0.224452745770706
"C4orf50",0.224387805478516
"PSME2",0.224386196755679
"ANGPT2",0.224341812311666
"CLPTM1",0.223708498253936
"TRAPPC2L",0.223493955368
"RNF207",0.223466679278852
"LINC01522",0.22332883854017
"IQGAP2",0.22295456129666
"PALD1",0.222934520587455
"FCF1",0.222926643241558
"CNRIP1",0.222490367788013
"RBM23",0.222457458533447
"FAM107B",0.222417352968469
"CASP3",0.222353490761704
"ZNF114",0.222310789462102
"UPF3AP2",0.222282913745987
"VDAC3",0.222180091063404
"SMARCA4",0.221973718483434
"VPS52",0.221923482506151
"RGPD2",0.221803937588005
"CD70",0.221483767303497
"RNF2",0.221231811547023
"PASK",0.220712872055614
"TBX10",0.220524061187465
"P3H1",0.220415349799755
"SYTL3",0.22031285108795
"PFKP",0.220278303167946
"OR2J3",0.220263008100636
"TMBIM6",0.220014811727585
"RPL4P6",0.21989710871888
"RCBTB1",0.219888877456395
"ZCWPW2",0.219811013163387
"SPEGNB",0.219732312157709
"RNU6-379P",0.21968649969202
"KIF9",0.219631852296171
"NDUFA7",0.219572082874055
"FAM169A",0.21956172224229
"TSPAN16",0.219489107491035
"SNORD111",0.219394372606961
"C2orf69",0.219333318514753
"DIMT1",0.21933259945295
"GPX8",0.219264797278516
"RPL17P25",0.219113800328168
"MTO1",0.218924443731507
"HS3ST1",0.218738367621484
"NPM1P19",0.218697951812044
"UBE2Q1",0.218635463618482
"TRDMT1",0.218557512138274
"SEPTIN8",0.218462963043249
"PPP1R16B",0.218339956179181
"CARMIL1",0.217686246810484
"SERGEF",0.21768346691781
"HELLS",0.217560024925592
"TMEM184C-DT",0.217529026292405
"EIF1P4",0.217527982909193
"RPF2P1",0.21742693256088
"MAT2AP1",0.217331512657532
"RN7SL608P",0.217245551622514
"NEPRO-AS1",0.217167111767487
"TRAV12-3",0.217121432118635
"CYP26B1",0.217088742832947
"C8orf58",0.217053367106456
"CKLF-CMTM1",0.216923993737585
"LINC02870",0.216790197440622
"ZNF586",0.216770579331599
"CLEC7A",0.216603880531246
"KSR1",0.216461288593331
"SERPINA6",0.216276869750792
"CIDEB",0.21621604963157
"SNX15",0.216191365278889
"LINC01827",0.215818590241471
"NAIPP2",0.215812112120895
"CD5",0.215801352467404
"PGM2",0.215733375705158
"NFXL1",0.215717276027966
"RASSF1",0.215510656290498
"RBM5-AS1",0.215480595989882
"SPPL3",0.215459672775149
"VPS39",0.21532042986977
"SHFL",0.215210635843957
"POLR1B",0.215197196050786
"TRBJ1-3",0.214875395970698
"GAPDHP20",0.214835640682712
"ADORA1",0.214835640682712
"RNA5SP87",0.214835640682712
"TRIM64FP",0.214835640682712
"TRIM43B",0.214835640682712
"IL36B",0.214835640682712
"ARHGEF3-AS1",0.214835640682712
"IGSF11-AS1",0.214835640682712
"LINC00994",0.214835640682712
"MTCO3P44",0.214835640682712
"TRIML2",0.214835640682712
"LINCADL",0.214835640682712
"GAPDHP42",0.214835640682712
"GRIFIN",0.214835640682712
"SEC61G-DT",0.214835640682712
"TCEAL6",0.214835640682712
"TOMM22P5",0.214835640682712
"NKX1-2",0.214835640682712
"LINC01165",0.214835640682712
"HMX2",0.214835640682712
"SLCO1B1",0.214835640682712
"OR11H7",0.214835640682712
"LBHD2",0.214835640682712
"FBN1-DT",0.214835640682712
"ABHD17AP8",0.214835640682712
"SCN4A",0.214835640682712
"CIDEA",0.214835640682712
"LINC01894",0.214835640682712
"WFDC10A",0.214835640682712
"IRGC",0.214835640682712
"LINC00661",0.214835640682712
"MIR4526",0.21472975040766
"SMCO2",0.214709330711068
"CLPB",0.214653723253245
"LEMD2",0.214421101530432
"TNFRSF13C",0.214385029868157
"MIR4659A",0.214282901355887
"NEDD4",0.214233767033311
"RNU6-767P",0.214221551664356
"SEPTIN4",0.214202937300773
"VKORC1",0.214146590818183
"RNU6-10P",0.213889057525939
"AFG2B",0.213634256777786
"SNORD15B",0.213370069572917
"IFI16",0.21331229721581
"TRMT6",0.212955561036753
"RPL17P39",0.212775813197837
"FAAP20",0.212290537964582
"PGAP3",0.212252392273966
"ZNF627",0.212218762625605
"CEP250",0.211679187166449
"CKS1BP2",0.211669669994986
"FANCL",0.211644395558948
"DDX31",0.211584108821101
"PSMD5",0.211537750640166
"CYSTM1",0.211503778215099
"LINP1",0.211292105486264
"PAX7",0.211279551605937
"ZNF740",0.211034202178793
"MDN1-AS1",0.211019679793963
"ARMCX3",0.210947589477256
"RNU6-178P",0.210534970559148
"KYNUP2",0.210534970559148
"TTC14-DT",0.210442420902902
"TUBG2",0.209941068445563
"PABPC1P1",0.209885394408472
"MARCHF7",0.209846292933678
"DAGLA",0.209829330759669
"GEMIN5",0.209636320457783
"TEN1-CDK3",0.20955613871802
"OR7A17",0.209451811641846
"RNU7-75P",0.209313483065029
"RNU6-1319P",0.209061803018069
"KCNE2",0.209061803018069
"ITGA4",0.209037782981448
"PLAAT3",0.209015904894762
"UGDH",0.208989582897633
"VAMP8",0.208895676631394
"PRR11-AS1",0.208653409007235
"NPM1P43",0.208563618881808
"MSI2",0.208503874870988
"SEC14L4",0.208397045832318
"PRDM4",0.208270504186084
"SNORD62B",0.207916016716683
"MSRB2",0.207826319481692
"MIR4660",0.207786664397495
"KCTD15",0.20749411887674
"ERCC3",0.20724815397972
"RABEP2",0.20715706822191
"MIR3918",0.206975016756368
"DNPH1",0.206934744426248
"TCAF2",0.206831380716095
"MCM6",0.206702579724452
"ATP1A1",0.206614510733188
"SKI",0.206214696753029
"AIM2",0.206201360673571
"EZR-AS1",0.206086279056293
"ERICH6",0.206049328078011
"UROD",0.206015367281637
"CEP44",0.205945723012982
"NELFE",0.205934395709656
"RNU6-1091P",0.205865764262061
"MADD",0.205708586289928
"MCU",0.205557172629716
"CCDC85C",0.205496728153973
"KIR2DL4",0.205374550925144
"RNU6-780P",0.205177998631819
"LBX2-AS1",0.205043838534536
"TENT2",0.204813928900332
"GBA1",0.204799885248592
"NPR3",0.204425758825701
"ZNRF2P1",0.204343159255566
"NDUFB1",0.204290991610241
"WASF1",0.204235232323946
"LINC01997",0.204220636198031
"AFDN",0.204173101524411
"SLC25A14",0.203877557105217
"POU6F2",0.203662940006172
"CALHM6-AS1",0.203606492845851
"CYP7B1",0.20351900904111
"EFNB3",0.203477740850685
"ABCD1",0.203473059576277
"CACNA1B",0.203086158980125
"WWP1-AS1",0.202967063508526
"LPIN1",0.202940091684866
"TBCAP1",0.202639467795822
"IGLV3-22",0.202453404683655
"GGA2",0.202348171494796
"CNIH1",0.202260438749023
"POPDC3",0.202203893269008
"LDHA",0.202201489716434
"SLFN13",0.20217482649978
"VWC2L-IT1",0.202133724244528
"SCP2",0.20196728611573
"ADGRB1",0.201717107127348
"TNFRSF1A",0.201645944989646
"TRANK1",0.201580820539203
"SNIP1",0.201382338796532
"CEP126",0.201364320415089
"UBAC2",0.201332841620333
"RBP5",0.201327101849158
"RN7SL89P",0.201289197089551
"OGFOD3",0.20120337926667
"MIR3201",0.201167673237187
"NDUFV2",0.201028127609114
"STOML2",0.200925542606284
"RNU6-476P",0.20079749582945
"TTC32-DT",0.200781644343169
"ZFHX2-AS1",0.200718822925985
"ZFP42",0.20035568830368
"LINC01070",0.20027561407897
"CIAO3",0.200220882224472
"MC5R",0.199960565238253
"NAT14",0.199849275162348
"TMEM214",0.19962160451765
"CHD1-DT",0.199490445074865
"APBB1",0.199481109831306
"WEE1",0.199374310217187
"BCL2L12",0.199171191801822
"RAE1",0.199145371747976
"PTPN2P2",0.198966775362261
"RIMKLA",0.198825673881944
"DCAF12",0.198665786177984
"RTCA",0.198580714216882
"STARD5",0.19849819555282
"SLC3A1",0.198215470529204
"TRA2B",0.19808273483496
"LRIF1",0.197987124515488
"CSNK1G3",0.197960946251605
"CSF2",0.197873147703721
"PRKRIP1",0.197872066005679
"DHX40P1",0.197796879571592
"FGFR1OP2",0.197777142962656
"RNU4-30P",0.197628913745711
"CNOT10",0.197404774014664
"LINC03108",0.197384566194287
"TENT5A",0.196887185929
"VCPKMT",0.196835105371426
"ARL4C",0.19640980637662
"SPAAR",0.196394693164848
"BCAS3",0.196358673887393
"KBTBD6",0.196319053238636
"RNF111",0.196308550219088
"ZNF267",0.196303391032198
"MED12",0.196214877974324
"SHISA7",0.196143780691482
"TECPR1",0.195989983416588
"LINC01159",0.195940403830885
"SLC12A9",0.195914731679193
"NFKBIA",0.195656239053244
"TRAPPC8",0.195605257914203
"COPB1",0.195594133975025
"RPF1",0.195475619486438
"MT-ND4L",0.195405971572048
"SIGMAR1",0.195350512921097
"EIF4A3",0.195311344199723
"TSPAN14",0.195249621383005
"CRYBG1",0.195225240849927
"ANKRD6",0.195140352757889
"ATXN7L3",0.195112061497439
"ARHGAP15",0.194982449912976
"PRPSAP1",0.194979569625852
"CD46",0.194971928120797
"FAM227B",0.194957749154376
"CYP46A1",0.194953163309053
"RPS3AP43",0.194848491497081
"TMEM131L",0.194782424238277
"ANKRD63",0.194775066245222
"WWTR1",0.194606996126584
"KIF18BP1",0.194355019634581
"SLC16A7",0.193987851161967
"HINT3",0.193905103904549
"ARHGAP42P1",0.193823968932162
"DPYSL2",0.19380706959657
"CD80",0.193719755899612
"TPBGL-AS1",0.193165235839046
"GKN3P",0.192964537083018
"MIR4756",0.192936470874907
"MINDY4",0.192612595819776
"NR1D2",0.192600296461077
"ZNF578",0.192548890109584
"POLR2L",0.192504083955783
"S100Z",0.192502163886821
"MEIS1-AS2",0.192379393090539
"DUX4L34",0.192371871593504
"LINC00942",0.192285017623829
"SPEN",0.192257419143101
"NPM3",0.191855925897985
"PCNA",0.191786714775052
"MAB21L2",0.191776387759946
"TTC4",0.191760325755851
"TRIAP1",0.191697049822764
"SEMA3B-AS1",0.191592521864187
"SLC25A26",0.19154483115192
"MTUS2-AS1",0.191538579650581
"ATP6V0A1",0.191466553385859
"IQSEC1",0.191460959606622
"QPCTL",0.191408778320472
"PPP6C",0.191385830991024
"IGFBP2",0.191263402244356
"NOM1",0.191236985900693
"PTDSS1",0.19096799674574
"EPM2A-DT",0.190866127220367
"PPM1B",0.190770144222563
"PAICSP4",0.190458126740209
"LINC02593",0.190401283276924
"HOXC13",0.190401283276924
"GNL3",0.190110249961132
"KNSTRN",0.189891181142394
"TRABD-AS1",0.189723078567196
"SRPK2P",0.189546019564193
"SEC24B",0.189317312822044
"MCFD2",0.189317096971196
"ALG1",0.189150826726075
"SYNE2",0.189036236895746
"RPL36AP44",0.188902060245498
"COX7CP2",0.188888306900857
"PPP3CC",0.188887688102914
"G2E3-AS1",0.188785608964396
"CRTAP",0.188692739999052
"CYP26A1",0.1886054894961
"CCT4",0.18857239531957
"TRIML1",0.188489775521643
"RBM12",0.188389330836143
"TCAF2C",0.188115916478308
"GOLT1B",0.188054449995206
"PDCD5",0.188048008260083
"MIR3120",0.187929220642276
"RPS29P16",0.187929220642276
"LPO",0.187704542280374
"KCNH2",0.187495858044316
"NFE2L1-DT",0.18743192343625
"CCDC191",0.187210876091364
"MGAT2",0.186832155230108
"CCNY",0.186796700572663
"RNF20",0.18671419775
"CD69",0.186553019618849
"NIPA2",0.186330929471117
"TOMM40P4",0.186089043638109
"ZNF215",0.186070482589799
"COG1",0.185983910392168
"RNU6-586P",0.185949060974962
"HPRT1P1",0.185949060974962
"PARM1-AS1",0.185889673630999
"STPG4",0.185787893511906
"NT5C3AP2",0.185787517385865
"HMGN1P36",0.18567343063295
"NECTIN1-DT",0.185622126963586
"ZNF324",0.185614548867545
"OXA1L",0.185497740827278
"MED1",0.185154479377668
"PC",0.185125785995325
"RNU6-790P",0.185099599538634
"LINC01126",0.185064166039289
"RPL7L1P17",0.184802587072704
"EMB",0.184711336911626
"DNAJB12",0.184664509180869
"CYB561D2",0.184589806853148
"RPF2",0.184526413740721
"SNHG21",0.18430123230376
"MAGOHB",0.18422478113886
"DNM1P35",0.184209403612693
"HNRNPA1P36",0.184161011302365
"SUMO2P16",0.184120808695296
"PELP1-DT",0.184115983511237
"RAMAC",0.184049910875974
"LCK",0.184037927406825
"CAP1P2",0.184027956630631
"NUMA1",0.18394533057736
"SLC11A2",0.183483852459457
"ZNF714",0.183082541903411
"PCGF5",0.183023546417707
"MIR93",0.18292578183142
"C1orf220",0.182911405386619
"SYNE1-AS1",0.182841085039875
"GATA3",0.1824332721562
"RUNDC3A",0.18218040745087
"CERCAM",0.182059344441055
"MRTFA",0.182057120103109
"GAK",0.181994905286789
"HAGLR",0.181983553431443
"DAP3P1",0.181852868168959
"MAP4K4",0.18183910729713
"GPC2",0.181829581416885
"EXOSC10",0.181714641389274
"RNASE1",0.181682521612203
"ADNP-AS1",0.181384761729961
"ZNF800",0.181337766412897
"ZNF549",0.181257447108207
"USP1",0.181039632621224
"EMC9",0.180952563437233
"KIF1C",0.180864197419233
"FBXL3",0.180789393789558
"RNU6-59P",0.18067894076458
"ANXA6",0.180602944180094
"SERPINB8",0.180452023396262
"MFGE8",0.180410982578973
"CPSF6",0.180133255280191
"RAB4A-AS1",0.180109532177046
"ZSCAN5DP",0.179959955840534
"CREB3",0.17983723389005
"SMC4",0.179466802669081
"GABPB1-IT1",0.179435955593023
"SNORD3C",0.17942171201813
"ARHGEF2",0.179244282701034
"TAGAP",0.179239323554934
"RER1",0.179217321471456
"TMEM151B",0.17915872905057
"SNRK-AS1",0.178896309084294
"MS4A8",0.178832957139956
"HSPA5",0.178807294413243
"PARD6B",0.178791862712092
"RNA5SP146",0.178738261394605
"SNORA68B",0.178717552720855
"CBR3-AS1",0.178695426912555
"PCSK7",0.178531039975863
"RLIM",0.178358922361704
"PEBP1",0.178352873140401
"ITGA2B",0.178343406616598
"SAMSN1",0.178289947550428
"OLA1",0.178262006040947
"IFNL4",0.178180589958734
"EFCAB5",0.178156549498452
"LRATD2",0.178046945277157
"MTATP8P2",0.177965895850301
"COPS8",0.177894726220847
"LINC00929",0.177783304612542
"UBA52P7",0.17772701982452
"SNRNP40",0.177695751575226
"ACAA2",0.17763201311125
"FAM133FP",0.17748536527523
"TCAIM",0.177286211312294
"UTP4",0.177129580033117
"ZNF292",0.176661335586041
"HOXB5",0.176578876169137
"TP53TG3D",0.176298511956285
"DGKI",0.176088861881887
"HEATR6",0.176056890629494
"RPS27P2",0.176006899175579
"HNRNPM",0.17595206135113
"MFHAS1",0.175762256892191
"UQCC6",0.175632121117761
"CNDP2",0.175115287464352
"TBC1D2",0.175102641413196
"CWC27",0.17482992141686
"PKIA",0.174682915273076
"OR2T7",0.174457990787175
"IDH1",0.174442817834571
"PIGL",0.174383258907819
"TLCD3B",0.174283201215534
"KAT5",0.174124826780883
"LMCD1-AS1",0.174075091228543
"DMAC2L",0.174058997445081
"PSME3IP1",0.174029697297034
"ZBTB1",0.17357423137822
"ANP32B",0.17352988409758
"TNS1",0.173508010119169
"RAB11FIP5",0.173197372652898
"MIR186",0.173133644784086
"PPP1CC",0.172986911077771
"ZNF736P10Y",0.172985535457118
"NKAIN1",0.172760076983389
"AK4P4",0.172760076983389
"TMPRSS5",0.172760076983389
"GGA1",0.172732641378611
"SMPD3",0.172623770242748
"ZNF607",0.172451904569554
"RN7SKP150",0.17244157522419
"PHTF2",0.172426387782967
"TANGO6",0.172363181276479
"IGHV3-72",0.172321772035485
"MYO1B-AS1",0.172307143635981
"ZNF780B",0.172296076113124
"IGHV3-47",0.172286360622794
"UBE2NP1",0.171987610387341
"LINC00581",0.171904422607568
"BAIAP3",0.171780730814271
"MRPS21",0.171528724441282
"NDUFB5",0.171506093477037
"TSPO",0.171353864596879
"HRH4",0.17127801584684
"TRIR",0.171240983197142
"RNU6-147P",0.171057174566159
"APTR",0.17078866285281
"MYBPC1",0.170659007757635
"SDE2",0.17065340747536
"NDUFA9",0.170581470309262
"DCTN1",0.170555451457709
"SPTBN4",0.170444973815443
"EIF5B",0.170377771275967
"RPAP2P1",0.170357946263294
"UQCRC1",0.170333448254282
"TUBA1B",0.170147903207108
"RNU6ATAC23P",0.170001616252374
"CDR2",0.169971493662866
"ADAM8",0.169958564963129
"LINC02014",0.169837884225319
"NDUFA5P3",0.169735561896485
"SPTBN2",0.169582381724163
"TP53TG1",0.169420237148693
"UBP1",0.169408331293928
"RHBDL1",0.16939481194664
"MIR3680-1",0.169222882801129
"SNX24",0.168990264684781
"KBTBD8",0.168943550242286
"PTPRC",0.168858999384701
"FANCA",0.168770589916424
"ERGIC3",0.168503928004906
"MICOS13",0.168496354995012
"PALM",0.168230263674574
"FOXD4L1",0.168147405040291
"PNRC1-DT",0.168147405040291
"TBC1D3",0.168147405040291
"DUXAP7",0.168147405040291
"GAPDHP25",0.168104185759235
"TBATA",0.168068650187145
"MAP3K13",0.167926482649045
"FRG1GP",0.167896737004694
"GSTO1",0.167807241605107
"SCAND1",0.167702609541601
"EIF3J-DT",0.16767947415455
"ENTPD1",0.167591474999744
"LINC00402",0.167472005817877
"MED19",0.167372725504584
"NCOA4P4",0.167289893616449
"EXOC3L2",0.16716344325384
"ATG5",0.16711967198912
"RPL23AP78",0.167115142095571
"HERPUD1",0.167033084231606
"TRBV20-1",0.166710539496047
"KLK2",0.166710497567126
"NUDT4P2",0.166608197111314
"HRG",0.166546067143871
"SELENOS",0.166460117405783
"HGD",0.166458873854824
"REN",0.166436432199542
"LIMS2",0.166304756637568
"TMEM198B",0.166298778179774
"C18orf32",0.166250514508406
"GTF2IRD2B",0.166149934867039
"FLII",0.16566554648296
"DAB1-AS1",0.165547440435511
"ELFN1-AS1",0.165523014195925
"CCDC15-DT",0.165513305452181
"CNN2P8",0.165414035481575
"ZNF793",0.165334349045033
"BUD23",0.165012842743717
"OSGIN1",0.164935052774074
"ESRRG",0.164743965336264
"STX11",0.164572275756708
"TASOR2",0.164506482950301
"TRUB2",0.164489131161774
"SLC1A1",0.164442583622895
"RPS29P21",0.164364410645124
"CCDC12",0.164347495354188
"CNBD2",0.164054109300358
"CFAP97D1",0.163910994359121
"GATA6-AS1",0.16385166699754
"ENOSF1",0.163844994019745
"IL27",0.163758181418201
"PRSS3",0.163688532263899
"LGI3",0.163642579661924
"LINC02658",0.163161168109712
"RASGRP1",0.163089021827149
"RNU6-1046P",0.163018759420832
"COQ10B",0.163014848720992
"OR2L9P",0.162732731456602
"MRM3",0.162721333154075
"LINC03004",0.162697723010231
"RPS2P4",0.162684534700914
"FAS",0.162654336741989
"RRP36",0.162645465157122
"ACVRL1",0.162644532418891
"ASIC3",0.162563202417711
"MYH9",0.162419119689928
"CARINH",0.162114100334665
"WDR72",0.161738511356202
"RNU2-10P",0.161652038124093
"BFAR",0.161398571477078
"BTBD9-AS1",0.161320889479067
"LINC00664",0.161308646060804
"LGI4",0.161195908233488
"CERKL",0.161117566253061
"RUSF1",0.161096485570114
"NPAS2-AS1",0.160984146617928
"KIFC1",0.160965724112312
"ZNG1DP",0.160941631749157
"SNRPA1P2",0.160841405377201
"C9orf72",0.160835504524246
"CDK5RAP1",0.160448278343937
"MIR6720",0.160319013476568
"OR4X2",0.160236245674085
"STON1",0.160210532307434
"LINC02259",0.160063079648017
"IGHV3-35",0.160059766669269
"CFHR2",0.15960667641729
"MLLT6",0.159588417834211
"OSTF1P1",0.159469900812454
"EXOC5P1",0.159413350935935
"MIR4538",0.159353399872052
"ZNF79",0.159327826918241
"CNTNAP3P1",0.159280617701724
"STRAP",0.159153355457595
"ZNF234",0.159078893888694
"XRCC5",0.159020618805266
"RWDD1",0.158949173124297
"MAPKAPK3",0.158923456045113
"RPL17P26",0.15886049555632
"TRIM25",0.158836071056906
"SMIM15-AS1",0.158656590796933
"PRKAG2",0.158623079609772
"HDHD2",0.158472950313636
"MBD6",0.15836864553942
"ARHGDIB",0.158316254452877
"PCNX2",0.158259722049929
"MTND5P10",0.158241702814008
"NXPE4",0.158066186741237
"ERVK13-1",0.158038385115192
"SLC6A13",0.157313955055614
"HS3ST3B1",0.157058657576013
"NAP1L5",0.156920097905614
"WDR33",0.156898215068846
"H2AJ",0.15684612131615
"NIF3L1",0.156588432918885
"KANSL1",0.156562856026244
"MIR302CHG",0.156562529611196
"IGF2R",0.15648099074684
"NAGPA",0.156223632664414
"SNRNP40P1",0.156140607611629
"HIC2",0.156131089125211
"STK38L",0.156055103758052
"ZNF799",0.156040928200529
"TIMM17B",0.156038023590896
"NIT1",0.155915637453465
"ALG1L2",0.155651220108903
"ZNF681",0.155535755832547
"LATS1",0.155496809606524
"SLC43A2",0.155274119915653
"CNPY3",0.155272777003681
"CLNS1A",0.155079235036468
"KY",0.154945041523243
"STXBP1",0.154735514317637
"SLC39A13-AS1",0.154682904959426
"CEP104",0.154618272206197
"IGHV3-52",0.154283394295404
"LINC02447",0.153748908752532
"FIS1",0.153709394716931
"LINC01968",0.15356039167559
"RPL7AP62",0.153324127058734
"OR2M4",0.153221567533866
"PGRMC1",0.152906344463188
"COQ2",0.152877060810747
"SLC12A5-AS1",0.152835111778582
"LRRC7",0.152830151735337
"IGHVIII-2-1",0.152700636156305
"SCPEP1",0.152676896643226
"TRAM1",0.152633470801518
"ADIPOR1P1",0.152583226789527
"MEG8",0.152480782077545
"RPS19BP1",0.152434925478681
"NUP35",0.15242132347791
"ICMT-DT",0.152270193012267
"RMI2",0.152244580612116
"SNRNP200",0.152217872425195
"MDH1",0.152196587259942
"ZNF366",0.15212946821369
"FH",0.152091973050399
"PPP1R7",0.151934510469201
"APBA2",0.151925922057873
"RNU6-216P",0.151895066575447
"KIAA1191",0.151862984776538
"FAM78A",0.151778416349066
"CNOT6LP1",0.151523945861674
"RN7SKP163",0.151375726065957
"SNORA1B",0.151297277327137
"LYG2",0.151140499632992
"TRAJ10",0.150952316185975
"FIP1L1",0.150936449543701
"ABCC11",0.150925266589903
"C15orf39",0.150603483436758
"TRAV39",0.150505266920135
"UBXN8",0.150408025746654
"MIR4434",0.150337234259082
"PABPC4",0.150271830014782
"DRICH1",0.150104899575419
"TIMM9",0.149929952198821
"TUFM",0.149898903767257
"CHFR",0.149840215896959
"CYP4F22",0.149767805768022
"TM9SF2",0.149749442074662
"MBTD1",0.149652790739289
"IMP3",0.149622716528675
"EEF1A1P3",0.149262465470855
"MPPED1",0.149159568495271
"MRPL15",0.149091701280894
"KIAA1958",0.149070058957131
"PPA2",0.148960223472296
"LINC01562",0.148949205830736
"PRR14L",0.14892231786663
"OSGEP",0.148921078602882
"PAXX",0.148839980402565
"CAMK1",0.148829030986987
"TRAV21",0.14844623562633
"HMGN2P6",0.148165619672217
"FUNDC2",0.148022799924524
"SLFN5",0.147897563862278
"DNAJC16",0.147879267605214
"ZDHHC6",0.147714356163504
"LINC02069",0.147661254791288
"TUBA1B-AS1",0.147653386192732
"GOLGA3",0.147241361427574
"EEF1A1P20",0.147229688266925
"ATP1B3P1",0.147075999927239
"YBX1P6",0.147064722867656
"TTYH2",0.146941594627973
"KTN1-AS1",0.146769707522669
"ARNT",0.146677509285264
"FKBP10",0.14666785470648
"PSMB7",0.14658303528162
"SLF1",0.146517480425926
"LINC01687",0.146494734820224
"PPIL1P1",0.146416419837263
"NKIRAS1",0.146151965812214
"APMAP",0.145965418382387
"TEP1",0.14592745506239
"NLGN1",0.145925269526053
"IKBIP",0.145656817416789
"BBC3",0.145462684420551
"LINC02201",0.14519357188067
"CDCA5",0.145147111468939
"PSME1",0.144835458792652
"SUPT4H1",0.144660224966258
"LZTS2",0.144647060792931
"MCCD1",0.144478551646326
"MMAB",0.144468952204174
"SNORD114-31",0.14392687225791
"ASNSD1",0.143699092171924
"NOP16",0.143652406298244
"CNPY2-AS1",0.143639487196172
"MFN2",0.143577614921661
"RAB5B",0.143098512617131
"RCN1P2",0.14296269627034
"MRE11",0.142744519016403
"BTF3-DT",0.142684041410928
"MIR181A1HG",0.142642037865834
"PA2G4",0.142623983313665
"ITPKA",0.142579810865166
"HHLA2",0.142526589385272
"TRAF1",0.142317215539507
"SLC45A2",0.142310493412296
"TFAP2E",0.142300446171505
"ARHGAP45",0.14226825392731
"AGAP9",0.142229468782767
"SNORA15",0.142164035722939
"PRPF31-AS1",0.142117615017312
"GPR137B",0.142069899204999
"OR2B6",0.14197704232633
"HUS1",0.141882866030767
"FNDC7",0.14162855632464
"THOC2",0.141595776262827
"CAP1P1",0.141554286289255
"SETBP1",0.141528915558903
"LINC01592",0.141430969824369
"CASTOR1",0.141416502721052
"THAP4",0.141283740141115
"LINC01913",0.141250765670625
"NUS1",0.141240412538742
"ADGRL4",0.141171057750276
"RNY4P34",0.141169114480324
"MT-ATP6",0.1411387941184
"SMG5",0.141124520112052
"GSE1",0.140984003893447
"OR4N5",0.140961677260684
"MIER2",0.140958590750442
"SHQ1P1",0.140837636914236
"CCNB2",0.140187236848014
"LINC02219",0.14013877053592
"PATE1",0.14013877053592
"NRBF2",0.140067208346752
"ANO3-AS1",0.14006326041518
"RNU6-529P",0.139935629089717
"OAT",0.1398277756692
"ZNF546",0.139817565629751
"PKD1P2",0.139760078035507
"GRIK5",0.139643371242795
"RAB5A",0.13927758964053
"PPP1R21-DT",0.139241242105287
"SLC39A6",0.139127731620722
"ASPM",0.139040821656848
"DUSP5",0.139005510417932
"RAB28",0.138908361229916
"GCKR",0.138859702824395
"SCN3B",0.138282865522936
"STAT5B",0.138216463215556
"WBP11",0.137793294946048
"LINC01976",0.13749399148654
"API5P1",0.137088321020871
"TMEM169",0.136988923389664
"VN1R34P",0.136973832014349
"DCAKD",0.136948782518479
"JAK1",0.136935517619764
"CRP",0.136930642859908
"IMPDH1",0.136564654007401
"FBXW11",0.136551684062219
"CPEB2",0.136462504929564
"GSTP1",0.13645150962947
"MRPS33",0.136237593162595
"RPAP3",0.136184770872126
"NDUFS3",0.136174078769028
"MIEF1",0.136146744829283
"RNU6-1316P",0.136011117022494
"RNU6-1203P",0.135964907314203
"DYNLRB1",0.135870031895002
"MIR5694",0.135818109017125
"YIPF1",0.135552023341832
"RRN3",0.135539403783988
"SMARCC2",0.135504099013412
"CAMKMT",0.135466462629591
"TMED1",0.135452299609239
"DND1",0.135359009139296
"CCN5",0.135277741901866
"SNX17",0.135268458252984
"ISCA1P1",0.135259331680703
"CEBPZ",0.135025772608916
"TAPBPL",0.135009288966786
"BST1",0.134856164413298
"EIF1B",0.13460050281857
"DDX12B",0.134486477746315
"A2ML1-AS1",0.134458590619989
"BIN3",0.134451375847605
"TTLL1-AS1",0.134406960539877
"MMP10",0.134373188271119
"HNRNPH1P3",0.134359050373021
"VPS26A",0.134240907644351
"PAIP2B",0.134076860951023
"TSEN54",0.134048877258965
"UBXN11",0.133981125877258
"PPP2R2A",0.133852683769221
"BABAM2",0.133600408253881
"ZNF644",0.133568952997694
"DDT",0.133215971924386
"ABHD15",0.133199645336479
"RBL2",0.13318540893605
"RHOT1",0.132897902166897
"NBPF26",0.132879089331507
"TIALD",0.132759451711084
"UBE2V1P2",0.132640857266118
"FARSB",0.132628702005857
"PPP1R12B",0.132557334362367
"RFPL3S",0.132457103852378
"ING2",0.132392933989715
"POLD2",0.132346112335827
"DAAM1",0.132257156742713
"ITPR2-AS1",0.132011882463926
"ARL2BPP7",0.131881102244653
"NEU1",0.131866401498946
"FABP5P1",0.131811024522878
"NOS3",0.131591426010654
"HSD17B1",0.131577524002215
"BECN1",0.131509280523086
"KHDRBS1",0.131388226108696
"NOC2L",0.131353061000577
"SLC66A3",0.131252612652352
"RBMXP2",0.131196306157133
"USP3-AS1",0.131159884250254
"ROPN1B",0.131124591937717
"TSHR",0.131097362839222
"HMGN1P37",0.131091866430027
"MINDY1",0.131061933363333
"GLMP",0.130788865067243
"PTCD3",0.130527905112741
"MAN2B1",0.130519436622266
"U2SURP",0.1305185912491
"PHF8",0.130397019990077
"NUP210P3",0.130382644856735
"DMRTA1",0.130382644856735
"NAP1L4P3",0.130331588717235
"SELENOM",0.130244294030432
"UBE2N",0.130124478851712
"EPS8",0.130100689507473
"MGMT",0.129696949244882
"MIR301A",0.129141004457686
"ENTPD6",0.128958803164339
"TRIM21",0.128944868561059
"TMEM243",0.1288609628926
"MTND5P32",0.128729773709317
"ATF1",0.12865231003314
"SMARCAL1-AS1",0.128495194918049
"VANGL2",0.1284707123224
"HMGN2P22",0.128235288279282
"SACM1L",0.128061949814723
"MIR320E",0.128039382052206
"GK-IT1",0.128007349252711
"BCL7B",0.127998806095115
"CDCA7",0.127982315440592
"DUX4L35",0.127845527602883
"ASH2L",0.127834582306191
"TSPOAP1-AS1",0.127763783327107
"EPC1",0.127553998760388
"MUC22",0.127435088432929
"HIRIP3",0.127384283546187
"NUTM2A",0.127356811776554
"SCCPDH",0.127348793112859
"IFRD2",0.127074692224475
"PRDX3P2",0.127014908906438
"GALNT10",0.12692594381741
"MS4A7",0.126906161708271
"TBX3-AS1",0.126843786705013
"VMO1",0.126747538327018
"ZNF606-AS1",0.126531180067479
"LINC01719",0.126296161510927
"ZNF277",0.126128408785316
"C15orf48",0.125900838724659
"SRP9P1",0.125737636998111
"ALX1",0.12562334823823
"OR52A5",0.125543913245713
"RUVBL2",0.125316096472517
"GATAD2A",0.125303559433105
"MFF-DT",0.125282606645542
"EZH1",0.125191157494995
"TPTEP2",0.125122812912636
"RNF157-AS1",0.124939503189179
"DLGAP1-AS5",0.124936850875287
"LINC01194",0.124854899104248
"CERK",0.12478585804883
"IFITM3P4",0.124743478166133
"RPL36P13",0.12474183255679
"MTSS2",0.124653508634187
"NOP56",0.124426854115342
"LILRB5",0.124339169437504
"MIR4513",0.124296399826857
"MGRN1",0.124276217226857
"PAQR5",0.124176508558161
"PAQR8",0.124129137034322
"RNA5SP115",0.124038714748286
"SLC44A1",0.123940003444333
"TBCK",0.123889774249536
"LINC02452",0.123735204389747
"ERCC6L2-AS1",0.123694826154374
"ITFG2-AS1",0.123530218076749
"LINC01485",0.123526388655143
"NUTM2G",0.123311526002443
"RARS2",0.123240920748333
"TAF10",0.123229789279404
"OSTF1",0.12299301924915
"ERCC6L2",0.122959353750174
"CSDE1",0.122879321771684
"TIPARP",0.122840515229565
"SNHG26",0.122810621604754
"PROM1",0.122620606084712
"LINC01559",0.122568539878452
"MAD2L1-DT",0.122564956769093
"LGALS12",0.122455866258815
"DGKZP1",0.122403497992285
"LINC03009",0.122372663076855
"ITGAV",0.12231684428817
"FMNL2",0.122308883106418
"PTER",0.122247006432153
"SIRT3",0.122239500995237
"SPDYE2",0.122149253028135
"NKX3-1",0.12208455590663
"PRSS36",0.122035033103364
"PRPF40A",0.121986391502381
"DHCR7-DT",0.121957091225865
"C15orf40",0.121922271172635
"PYCARD",0.121898207210559
"ACTBP1",0.121705104021131
"WDR81",0.121533140904304
"TMEM18",0.121485285545572
"TRBV3-1",0.121378542943998
"NUB1",0.121331557159805
"SMC1B",0.121165043290154
"MYCBP2",0.121155609395065
"RFTN1",0.12099931498414
"ALAS2",0.120992004044143
"LINC01809",0.120939417222114
"IGLV3-27",0.120939417222114
"PAEP",0.120934210543864
"RABEPK",0.120926772721832
"TRBJ2-4",0.120862850409366
"HRCT1",0.120840915067068
"NAP1L1P3",0.120792792401414
"LINC00678",0.120719437979857
"SLC37A4",0.120677797233684
"CACNG5",0.120610344978008
"EIF4E2",0.120575522696079
"RTN3P1",0.120527621420414
"DYNLL1P2",0.120381911656745
"LINC02591",0.120379304273813
"CCT4P1",0.120343948851094
"RAB5IF",0.120336537582984
"GRM3-AS1",0.120248961490571
"ARPC5",0.120235595358078
"STRIP1",0.120110028594734
"SND1",0.120028216230151
"WASL",0.119918097252319
"FBXO16",0.119912526178356
"PDIA2",0.119799044157564
"MIR320D1",0.119794014309149
"LRCH1",0.119783948830964
"NUDT9P1",0.1197568029288
"SLC39A7",0.119633717375336
"LINC02449",0.119620143552722
"TPH1",0.119612638828691
"PRAMEF27",0.119500618116122
"EN1",0.119500618116122
"C2orf72",0.119500618116122
"HOXD12",0.119500618116122
"RAB17-DT",0.119500618116122
"ODC1-DT",0.119500618116122
"HTR3D",0.119500618116122
"SMIM11P2",0.119500618116122
"RFPL4AP3",0.119500618116122
"RPL12P21",0.119500618116122
"CHSY3",0.119500618116122
"SMIM28",0.119500618116122
"RN7SL811P",0.119500618116122
"SPACA5B",0.119500618116122
"C9orf163",0.119500618116122
"FAM220BP",0.119500618116122
"SPATA31C1",0.119500618116122
"CNTFR-AS1",0.119500618116122
"WEE2P1",0.119500618116122
"OR56A7P",0.119500618116122
"ADGRA1",0.119500618116122
"TPT1P12",0.119500618116122
"UBE2L2",0.119500618116122
"OR11M1P",0.119500618116122
"LINC02827",0.119500618116122
"LINC01044",0.119500618116122
"RN7SL700P",0.119500618116122
"LINC02833",0.119500618116122
"FBXO39",0.119500618116122
"LINC02088",0.119500618116122
"RPL27AP9",0.119500618116122
"EDN3",0.119500618116122
"PABIR3",0.119485700817018
"ATP6V1B2",0.119458611197031
"SCART1",0.119411930254927
"LYRM4",0.119398998530067
"GPR84-AS1",0.119332370028532
"ASPH",0.119296649748554
"MRPL34",0.119271472128024
"FAM192BP",0.119259992288407
"TASP1",0.119239543360785
"LRRFIP2",0.118905763835225
"H2AZP1",0.11883556505702
"COX19",0.118782259340192
"MIR3978",0.118482010852882
"GCDH",0.118413544480538
"SETP22",0.118352564893281
"MUC4",0.118318090522086
"QTRT1",0.118277587213815
"HOXC13-AS",0.118272090722601
"PPP1R3G",0.118254221855171
"TUSC1",0.118252199863487
"RNA5SP272",0.118153818847726
"USP54",0.117963073834793
"SINHCAFP1",0.117921751309966
"LINC00222",0.117749367515086
"MOXD2P",0.117667875068712
"RN7SL363P",0.117667875068712
"NPIPA3",0.117667875068712
"UGP2",0.117620397154688
"LGALS7B",0.117537203328858
"TWF1",0.117503207185882
"ESYT2",0.117481304254867
"CAVIN1",0.117440719255822
"LARGE-IT1",0.117383182781341
"COPB2",0.117353212914828
"RDH14",0.117223906611559
"TRAJ5",0.11702727546928
"BCRP3",0.116984547470797
"PRPF6",0.116903668635194
"RNVU1-4",0.116884559005054
"RRN3P2",0.116843753606929
"MMP20-AS1",0.116826175468197
"CORO1C",0.116608418902085
"NXPH1",0.116591200977982
"NPAS1",0.116514829293625
"FOXO3B",0.116475831962941
"AHSA1",0.116466265936201
"SLC6A17",0.116160977425633
"DIPK1C",0.11616087643813
"NEK8",0.116082800334627
"IPPK",0.115550406267758
"MICOS10P2",0.115509673068041
"ANKRD36",0.115489389317589
"HOXB13",0.115392436901285
"CARM1",0.115368431843337
"TMED7-TICAM2",0.115312543956115
"TMEM14DP",0.115034237807802
"PRPS1P2",0.11503255971011
"FRMD1",0.114948395651033
"ADCK1",0.11488296092929
"MPC1",0.114709027719585
"PAIP1",0.1146984773028
"SASH3",0.114567449256931
"LYPD8",0.114462328460859
"HACD4",0.114445541135497
"LBX2",0.114343319069136
"UMOD",0.114310011486855
"CKS1BP3",0.114261207663666
"APOL5",0.114244253468732
"LINC02218",0.114238604395143
"RPL29P24",0.114238604395143
"RNU6-695P",0.114137808322189
"NDST2",0.114123828647593
"RNU6-1050P",0.114079680642389
"KRT12",0.114043397984559
"LINC03110",0.113977523911533
"LY6G5C",0.113976443645546
"FOXE3",0.113956560856484
"LINC01342",0.113956560856484
"RN7SL122P",0.113956560856484
"CFAP107",0.113956560856484
"GAPDHP24",0.113956560856484
"CSMD2-AS1",0.113956560856484
"PRDM16-DT",0.113956560856484
"CHIAP3",0.113956560856484
"AHCYP4",0.113956560856484
"MTCO2P16",0.113956560856484
"MTATP6P16",0.113956560856484
"LINC01937",0.113956560856484
"CYCSP12",0.113956560856484
"CYP2AB1P",0.113956560856484
"RN7SKP244",0.113956560856484
"ATOH1",0.113956560856484
"OR7E162P",0.113956560856484
"EDIL3",0.113956560856484
"LINC02108",0.113956560856484
"PCDHGB4",0.113956560856484
"H3Y2",0.113956560856484
"LINC02113",0.113956560856484
"MIR1273C",0.113956560856484
"TBXT",0.113956560856484
"POM121L12",0.113956560856484
"SLC29A4P1",0.113956560856484
"OR2A1",0.113956560856484
"RAD17P1",0.113956560856484
"MAGEC2",0.113956560856484
"GPIHBP1",0.113956560856484
"PAEPP1",0.113956560856484
"MIR1261",0.113956560856484
"OR52A1",0.113956560856484
"OR52N1",0.113956560856484
"XNDC1N-ZNF705EP-ALG1L9P",0.113956560856484
"OR4X1",0.113956560856484
"TRPC2",0.113956560856484
"RN7SKP132",0.113956560856484
"RPL7P39",0.113956560856484
"ADCY6-DT",0.113956560856484
"PPIAP5",0.113956560856484
"SYNDIG1L",0.113956560856484
"MTND5P35",0.113956560856484
"KIF26A",0.113956560856484
"MYH7",0.113956560856484
"KRT8P9",0.113956560856484
"SLC6A2",0.113956560856484
"KRTAP1-1",0.113956560856484
"ENPP7",0.113956560856484
"SP6",0.113956560856484
"DSG3",0.113956560856484
"RBPJL",0.113956560856484
"NTSR1",0.113956560856484
"BNIP3P29",0.113956560856484
"CYP4F2",0.113956560856484
"CDY7P",0.113956560856484
"BCRP4",0.113956560856484
"IGLV3-26",0.113956560856484
"EZH2P1",0.113956560856484
"COL18A1-AS1",0.113956560856484
"KRTAP10-7",0.113956560856484
"FOXH1",0.11381033982615
"UBE2Z",0.113776483637562
"RPS26P2",0.11371953605637
"ETV5",0.113685741720127
"LINC01182",0.113653404126655
"POLRMTP1",0.113604831694108
"XKR8",0.113463711605868
"MAPK8IP1P1",0.113397334462853
"MYEOV",0.1133477504346
"ARID3BP1",0.113065563773305
"SLC24A3-AS1",0.113059508525765
"ADAMTS20",0.113042490441341
"TOX4P1",0.112953253882744
"ITSN2",0.112728258136509
"GCAWKR",0.112708184362103
"IDI1P1",0.112679328551284
"TMEM14C",0.112638814369944
"ILK",0.112592343977623
"SMIM27",0.112482196242717
"ELAVL3",0.112480193420088
"PSMC5",0.112380875648744
"DCUN1D3",0.112373178479915
"CCDC74B",0.112339056638332
"PRSS33",0.11233054791277
"NAA35",0.112252444597013
"SLC25A23",0.112249989644639
"PIGFP1",0.112175075656374
"CA11",0.112157558225139
"RASA1",0.111949460205936
"LINC01629",0.111907880148928
"LINC02986",0.111834004492336
"DHX36",0.111782161493942
"DCTN1-AS1",0.111640871894182
"GALNT2",0.111630186592502
"RNU6-1223P",0.111623353597763
"SLC6A6",0.111590514055156
"GAL3ST2",0.111488018748487
"IFITM3P5",0.111367442914895
"E2F6",0.111174610558675
"RN7SL470P",0.111173504087559
"FTSJ3",0.111146110285908
"RNU2-37P",0.111099565650964
"ITGAE",0.111053450277274
"NSMCE2",0.111036078771598
"CACNA1F",0.110761122127122
"NBPF8",0.110712851520756
"ADGRE2",0.110703321795225
"RPL7AP66",0.110685382642353
"NFE2L3P1",0.110600793402983
"RBM3",0.110373651867053
"LINC01624",0.110373331063773
"IGHV3-60",0.110314074294565
"RNU7-20P",0.110308146961018
"LINC00559",0.110308146961018
"HSPA12B",0.110308146961018
"ALPL",0.110133544702048
"ZAR1L",0.110100655105216
"RNU1-78P",0.109960383865325
"SIGLEC15",0.109838978376552
"TP53AIP1",0.109823586490636
"CBR4",0.109809623514667
"IFI6",0.109785030730143
"LINC00567",0.109771149535044
"RNU6-1234P",0.109728134813669
"MYO3B",0.109496077124385
"CHKA-DT",0.109458423067091
"FANCM",0.109389473346373
"YTHDC2",0.109287834170068
"LINC00351",0.109219660911895
"MIR6770-1",0.109219660911895
"TAF6L",0.109163936066855
"ZNF725P",0.109120249404061
"ASB16",0.109080545859281
"RPTOR",0.109043487036486
"MIA3",0.108955062061661
"ZDHHC20-IT1",0.108940509635242
"FKBP6P1",0.108927491720658
"SERAC1",0.108883556992511
"ESS2",0.108867009004341
"BCAR1P1",0.108853936076576
"UQCC4",0.108706606675321
"RNA5SP67",0.108519117755541
"AHCY",0.10851820096327
"KRT18P7",0.108457563815127
"TACC1",0.10835933848163
"SH2D3A",0.108335914928851
"CTAGE1",0.108299906724118
"HEBP2",0.108237748631837
"RPS3AP20",0.108171297183263
"MICU3",0.108155895423309
"UBE2MP1",0.108130982191802
"RNU6-1077P",0.108130158362821
"RGS1",0.108129327749265
"PSMD4P1",0.108125687278498
"TM4SF20",0.107996961843335
"TREML5P",0.107857660405309
"MMP14",0.107854889845739
"CLASP2",0.107847230357414
"LHX5-AS1",0.107822311380622
"HOXD9",0.107786460571127
"VDAC2",0.107749203854583
"DDHD1",0.107748674934394
"RBP3",0.107741454097118
"MRPS31P4",0.107722414074349
"MYOZ3-AS1",0.107702788086114
"MIR4755",0.107650698150827
"TMEM67",0.107646423828042
"EMX2OS",0.107618057396956
"USP16",0.107605699630193
"CTDSPL2",0.107591589262845
"ALKBH1",0.107521451354072
"CACNA1S",0.10743391846681
"ADAMTS16-DT",0.107409778033848
"NRDE2",0.107399263238743
"MOGAT2",0.10734920756232
"RDH8",0.107193593314901
"NBDY",0.107192824617817
"SPX",0.107186339383597
"PRELID3BP1",0.107178459507188
"ADI1P3",0.107163333034148
"GLO1",0.107127789536746
"TNPO1",0.107106114682339
"SF3B5",0.107096612511752
"SNW1",0.107009516028979
"MKRN8P",0.106962599913063
"SLC51B",0.106836639254612
"BARHL1",0.106824299099558
"RPS4Y2",0.106822551590965
"TRIP4",0.106800556652256
"CES3",0.106770530160437
"WRAP73",0.106626056502194
"RTF2",0.106622017200706
"SRL",0.106613171653025
"ARL8BP2",0.106474478014379
"GTF2F2P2",0.106474478014379
"ADH5P2",0.106474478014379
"CHMP1AP1",0.106474478014379
"PRAMEF14",0.106474478014379
"RD3",0.106474478014379
"LCE1A",0.106474478014379
"CHRNB2",0.106474478014379
"PRR9",0.106474478014379
"NPHS2",0.106474478014379
"ERI3-IT1",0.106474478014379
"NTRAS",0.106474478014379
"SERTAD4-AS1",0.106474478014379
"NHLH2",0.106474478014379
"LINC01650",0.106474478014379
"RPL21P70",0.106474478014379
"LINC01867",0.106474478014379
"VWC2L",0.106474478014379
"MED15P5",0.106474478014379
"DNAJC17P1",0.106474478014379
"RNU6-561P",0.106474478014379
"MYCN",0.106474478014379
"SNAI1P1",0.106474478014379
"ANKRD20A8P",0.106474478014379
"RN7SKP103",0.106474478014379
"BSN-AS1",0.106474478014379
"GPR156",0.106474478014379
"HHATL",0.106474478014379
"POU5F1P7",0.106474478014379
"KCNMB2-AS1",0.106474478014379
"DPP3P1",0.106474478014379
"LINC02173",0.106474478014379
"CCDC158",0.106474478014379
"HMGB3P15",0.106474478014379
"OR7E35P",0.106474478014379
"LINC00498",0.106474478014379
"SV2C-AS1",0.106474478014379
"OR2G1P",0.106474478014379
"LDHAL6FP",0.106474478014379
"FEM1AP3",0.106474478014379
"FHL5",0.106474478014379
"OR2W1-AS1",0.106474478014379
"SNORA5C",0.106474478014379
"MIR591",0.106474478014379
"MTCYBP29",0.106474478014379
"EVX1",0.106474478014379
"CLK2P1",0.106474478014379
"RASA4EP",0.106474478014379
"DDC",0.106474478014379
"CPA1",0.106474478014379
"CFAP144P1",0.106474478014379
"DRAXINP1",0.106474478014379
"CTAG2",0.106474478014379
"MAGEA12",0.106474478014379
"NYX",0.106474478014379
"NKX2-6",0.106474478014379
"STMN4",0.106474478014379
"MIR486-1",0.106474478014379
"KRT18P66",0.106474478014379
"RNF224",0.106474478014379
"RNU7-124P",0.106474478014379
"LINC02834",0.106474478014379
"LINC01230",0.106474478014379
"KCNQ1DN",0.106474478014379
"COX6CP5",0.106474478014379
"PATE2",0.106474478014379
"SSU72L5",0.106474478014379
"MTND2P16",0.106474478014379
"BTF3P15",0.106474478014379
"AGGF1P2",0.106474478014379
"CALHM3",0.106474478014379
"OR7E110P",0.106474478014379
"CUZD1",0.106474478014379
"TLX1NB",0.106474478014379
"IL9RP2",0.106474478014379
"LHX5",0.106474478014379
"ZIC5",0.106474478014379
"CNN2P12",0.106474478014379
"HNRNPA1P29",0.106474478014379
"MFAP1P1",0.106474478014379
"LINC00421",0.106474478014379
"ANKRD20A9P",0.106474478014379
"IGHVII-22-1",0.106474478014379
"RPL21P115",0.106474478014379
"MIR1268A",0.106474478014379
"LINGO1-AS2",0.106474478014379
"LINC01169",0.106474478014379
"IMPDH1P11",0.106474478014379
"ADAM3B",0.106474478014379
"DPEP1",0.106474478014379
"IL17C",0.106474478014379
"PIRT",0.106474478014379
"KIF18B-DT",0.106474478014379
"MIR4727",0.106474478014379
"SOST",0.106474478014379
"LRRC3C",0.106474478014379
"TMEM132E-DT",0.106474478014379
"DEFB127",0.106474478014379
"C20orf173",0.106474478014379
"KCNK15",0.106474478014379
"LINC00686",0.106474478014379
"LINC01749",0.106474478014379
"SIRPB3P",0.106474478014379
"SBK3",0.106474478014379
"PSG8",0.106474478014379
"MAN1A2P1",0.106474478014379
"VSTM2B",0.106474478014379
"ZNF72BP",0.106474478014379
"RNU6-810P",0.106474478014379
"SDC4P",0.106474478014379
"TOMM40P2",0.106474478014379
"KRTAP20-1",0.106474478014379
"RN7SKP237",0.106426025117121
"TMEM254",0.106367579867538
"C12orf71BP",0.106320913632287
"MIR4659B",0.106220451307786
"MUCL1",0.106214910875649
"RIMBP3B",0.106192248764899
"MTMR12",0.106181822016537
"NOL6",0.106164946200247
"IFIT1P1",0.106095859209392
"SLC17A1",0.106080803080013
"ABHD5",0.106075427128048
"HMGN2P4",0.105875958263403
"RPRD2",0.105774183742214
"RNU4ATAC11P",0.10576190248079
"SLC24A4",0.105760090372465
"SELENOTP1",0.105741280918172
"MBOAT4",0.105659816221453
"SBNO1-AS1",0.105518489291179
"ZMYM5",0.105453524337529
"FFAR2",0.105403745699339
"RSL24D1",0.105202393401683
"DNAJC5",0.104965411149228
"CTSB",0.104943268636438
"FSD2",0.104891886177954
"PSMD1",0.10472940990125
"IGLV2-34",0.104542672615952
"TCF12-DT",0.104491956706405
"FOSL2",0.104488824476478
"ZC3H14",0.10439878399389
"CATSPERE",0.104140266009852
"TMPRSS4",0.104092715482568
"LINC01431",0.104090152667327
"CEP68",0.10400486188959
"FENDRR",0.103995272228011
"SNTG2-AS1",0.103990279084876
"ACTBP16",0.103990279084876
"P3H2-AS1",0.103990279084876
"MAPK1IP1L",0.103971225632773
"ATP2B4",0.103953004778467
"NTRK2",0.103922941145035
"STAP2",0.103865610228679
"SLC39A1",0.103827069626188
"SDHAF3",0.10381650259961
"MTATP6P26",0.103814934460605
"KLK7",0.103814934460605
"C9orf40",0.103670800398331
"FGL2",0.103663169131823
"ST13P7",0.103649541817878
"LOX",0.103558228584572
"HOXC12",0.103488261134293
"ZNF236-DT",0.103418036942131
"SLC35D2",0.103307377579891
"MIR320B2",0.103301806761978
"MAGT1",0.103239137645717
"NCOA7-AS1",0.103225807491158
"PCNPP5",0.103225807491158
"ZNF73P",0.103225807491158
"YWHAZ",0.103199991872815
"RPS20P9",0.10318302088468
"AVL9",0.103152894496663
"ABCC5-AS1",0.103042822507558
"XPNPEP1",0.103030669185815
"TUBGCP3",0.102996868545687
"RPL7L1P16",0.102937801375885
"ANGPTL7",0.10291971563217
"RN7SL560P",0.102908785380111
"SEC14L1P1",0.102867422985819
"ADM-DT",0.102629873132578
"TBC1D5",0.102577962274197
"TAOK1",0.102505638322798
"APOL1",0.102498109995083
"RN7SL604P",0.102480374200028
"KLHL7",0.102425820294684
"DOK2",0.102391652054207
"RBM45",0.102380865197942
"RHOQ",0.10235028555191
"HUWE1",0.102311812910666
"RNU6-959P",0.102203313909454
"RN7SL340P",0.102152559972834
"HNRNPA1P39",0.102141000144066
"SNORD3B-2",0.10202306562396
"MED15",0.102000937103646
"N4BP2L1",0.101872940082399
"LLPH-DT",0.101861925476444
"LINC01898",0.101855293630431
"KIF5B",0.101770979441337
"ASPA",0.101727773432925
"RUSC1-AS1",0.101717944434635
"MIXL1",0.101637007181566
"IGHV3OR16-15",0.101637007181566
"SPIN2A",0.101631728173371
"APRT",0.101616415558331
"ZZZ3",0.101395105908875
"LINC00324",0.101375125944414
"LINC00896",0.101278533140375
"RNU6-823P",0.101131159316853
"LINC02388",0.101113134906301
"TRPM7",0.100961980619419
"HDAC8",0.100876776340813
"PGP",0.100827587534027
"RBP4",0.100731112819847
"OVOL1-AS1",0.100581130702016
"SNORA80B",0.100318672185817
"LETM2",0.100268301538401
"SEL1L2",0.100252443723635
"FEN1",0.100241836226383
"FAM149B1",0.100081598698996
"SNAPC5",0.100018520947319
"SDCBP",0.0999020003229347
"AFF1",0.0997592477042576
"LINC00173",0.0997564046878184
"TCHP",0.0996738051448525
"SCN11A",0.0995493573931544
"LZTFL1",0.0993721413944962
"USP48",0.09900436008928
"RBMS3-AS2",0.098975172956261
"CYCSP46",0.0989277409671642
"SPMIP10",0.0989031046403527
"RPL35AP38",0.0989031046403527
"FOSB",0.0988969843023296
"LINC01003",0.0988208585644628
"ZNF217",0.0987898258443732
"POLR1G",0.0987334472639018
"ACO1",0.0985734057552598
"ADARB1",0.0985559155592633
"ARHGAP12",0.0982795292558048
"IGHV4-61",0.0981666774153747
"ANKRD11",0.0980499935238174
"LINC00987",0.0980029225775716
"SERBP1",0.0980022453076057
"LINC03059",0.0978146124290574
"FOXO3",0.0977447911427641
"C9orf85",0.097552147964813
"TRBV7-3",0.0974331987462109
"FAM66B",0.0973257581174586
"WDR6",0.0971963686455482
"PPP1R26P1",0.0969887903346508
"FAM228B",0.0969286052188525
"DPF3",0.0968187162109584
"IGHV3OR16-13",0.0967902843536052
"FAM13A-AS1",0.0967556675162988
"DCSTAMP",0.0967240664333665
"NEK1",0.0966093182616181
"EIF3K",0.0965781350071753
"GP5",0.0965633114027583
"VAV2",0.0964005321421393
"C1orf232",0.0963819738428345
"TRIM22",0.0962619802068563
"DDB2",0.0960912493243215
"COA7",0.0959661786796744
"RBM33-DT",0.0959522127075627
"PKLR",0.0959510716521996
"GRIA1",0.095908125679303
"ARPC1BP1",0.0956451464281426
"PADI2",0.0954856675300694
"CTRB1",0.0954608465521606
"FABP5",0.0954130925481813
"PICALM",0.0954124472947316
"UNC5C-AS1",0.0953424358771218
"CNN2P4",0.0953424358771218
"RNU6-1034P",0.0953424358771218
"THG1L",0.0952716275709694
"ADAM30",0.0952520995656549
"CHORDC1P5",0.0952310145887516
"LINC01907",0.0951989594537104
"SGMS1",0.0951257218023415
"ERCC2",0.0950019046744272
"LINC02883",0.0948648134580701
"LAMB1",0.0947342743625638
"ARMCX3-AS1",0.094717488569188
"SLC5A10",0.0947042996031918
"STAG2-AS1",0.0946984501226205
"LINC01435",0.0946669092241669
"KLHL15",0.0944734368938509
"WDR45P1",0.0944492018568301
"PRPF4",0.0944062100428545
"BLOC1S4",0.0942960400629105
"LY96",0.0942442034868331
"TBP",0.0942111128343737
"FGF11",0.0940609323945099
"ZNF350-AS1",0.0940486692114234
"IGSF21-AS1",0.0939725740107655
"MAGED2",0.0939399075238007
"ADD3",0.0938729283865823
"NHP2",0.0937878140968645
"PNP",0.0936810456139843
"ACAA2P1",0.0936752690216353
"ATP5PBP3",0.0936019211578074
"ARF6",0.0934734180229273
"LMNB2",0.093464763771993
"HSD17B6",0.0933868744378024
"RPL13AP23",0.09335098125148
"ODAD4",0.093306497733825
"CCDC159",0.0931667097681504
"DYNLL1",0.0931134862074132
"SWI5",0.0930389690692513
"TRRAP",0.0930158219669239
"LINC02256",0.0929402462032845
"RPS14P5",0.092890355820484
"FBXO17",0.0928375068630148
"LIX1-AS1",0.0927672750383433
"GRID2IP",0.0925640936673324
"GTF2F2",0.0925559195841028
"MIR6728",0.0925255737620037
"ACTR2P1",0.0925019284983941
"CFHR5",0.0924014594080792
"DINOL",0.0924014594080792
"RPS12P28",0.0923390813495239
"NIBAN1",0.0923281654926501
"ACVR1",0.092238444009987
"FCHO2",0.0921021060722587
"CHTOP",0.0920119297025072
"NAPEPLD",0.0918335552590332
"RPS27AP15",0.0916077624898016
"HSDL2",0.0915693934282932
"RPL7AP46",0.091544712472725
"MIR5690",0.0914137400595783
"MAPK1",0.0914009084834082
"CAMLG",0.0910613962221386
"PDE12",0.0910593370620077
"DHH",0.0910264879980405
"COMMD3",0.091009390237318
"DUSP3",0.0909804854935301
"RPL23AP64",0.0909321844414305
"GSTT2",0.0909033912395274
"ZNF81",0.0908256143602852
"ECD",0.0907080455592653
"NLRP12",0.0906747587675901
"SPATC1",0.0906555771510486
"TSPAN31",0.090636395578149
"C8orf76",0.0905847487361175
"RN7SL403P",0.0905589346677972
"OR4F29",0.0905508521816512
"RIC8B",0.0905134694091256
"RPS8P10",0.0905082208672674
"ALK",0.0905000867174173
"LRRC8B",0.0904814535439715
"ATG9B",0.0904813134771304
"PIGM",0.0903433754541526
"BPTF",0.0900946960616819
"PRDM1",0.0899529055653505
"KRT24",0.0899495694413875
"MIR3926-1",0.0899228742552912
"SCNN1D",0.0899226583027062
"KNOP1P2",0.0899207592833684
"TNS4",0.0898590661874804
"SIPA1L1",0.0898276005050942
"PKD2L1",0.089739443346152
"GAP43",0.089623486577188
"C3orf38",0.0894080327563532
"TINAG",0.0894041383669332
"ZDHHC20",0.0890772555260051
"GLYATL1B",0.0889548260480193
"LINC02164",0.0889548260480193
"YTHDC1",0.0889403848682907
"PAK2",0.0889285740697263
"CD44-DT",0.0889087081111229
"SUGT1P3",0.0889036302764563
"LINC01069",0.0888455713995715
"GUCD1",0.0887916864522299
"LINC00667",0.0887811806945431
"LINC02887",0.0887170726672373
"IL17RC",0.0886798906300851
"RNA5SP25",0.0885682538914072
"HNRNPA1P58",0.0885374813439516
"VPS26B",0.0885301454449448
"ARID4B",0.0884884594854878
"DISP1",0.0884695088038642
"GPR160",0.0884486290108016
"PSAT1P1",0.0884300995133678
"PYCARD-AS1",0.0882790036229819
"DDHD2",0.0882730130637113
"TCF21",0.0882331741018091
"FPGT",0.0882126371267765
"CHID1",0.0881865715553207
"VSIG2",0.0881228904037718
"CTXN1",0.0881099117483643
"MIAT",0.0880756191764676
"LENG8-AS1",0.0880136382138552
"LSM14A",0.0879407765484178
"FA2H",0.0879230127507383
"ZCRB1",0.0879111079054137
"SLC20A1",0.0877963674162678
"SPAG1",0.0876773302409113
"RN7SL96P",0.0876635267248469
"USP36",0.0876485284418246
"CERS2",0.0876008271907275
"C11orf58",0.0875497325266557
"PSMB8",0.0874807271737382
"RN7SL55P",0.0874779016539976
"COA4",0.0874460225711121
"M6PR",0.0874271717387886
"CCSER2",0.08741698014095
"BCL10",0.0872873573508093
"POLG-DT",0.0872763931654827
"FZD3",0.0872704017707732
"INAFM1",0.0872646034268126
"FAM98A",0.0870691497133366
"DOC2A",0.0869839539891836
"PLRG1",0.0869285836025692
"RNU6-331P",0.0868392425336649
"LINC02936",0.0865506117420838
"FKBP3",0.0865160907810877
"GCLC",0.08643082486067
"PURA",0.0863405068852441
"CNTD1",0.0863111192123809
"KLF3-AS1",0.0861292815959213
"LINC01387",0.0860862538172102
"CAV3",0.0860441129016792
"CNNM4",0.0860391943660644
"CDK6",0.0860339420408082
"ESPNL",0.0860015336697167
"TREML2",0.0860015336697167
"C21orf91",0.0859991322841573
"IMMT",0.0857945336522677
"PPIAP49",0.0857138050435598
"GABARAP",0.0856912193132543
"CENPN",0.0856806537344977
"RNU6-1237P",0.0856067344744211
"KYNUP1",0.085602470555145
"RPL23AP38",0.0855617886705189
"ARX",0.0855617886705189
"ARRDC2",0.0855355274437783
"C9orf43",0.0854889672541644
"UBE2E1",0.0854027654184502
"KLC4-AS1",0.0853910705985954
"FOXC2",0.0853289790852219
"SLC10A2",0.0852294902740578
"LRIT3",0.0851902881347468
"ST3GAL2",0.0850921030867256
"NUP35P1",0.0850767637956415
"ZNF486",0.085048599887317
"CA4",0.0850249331797939
"CTNNAL1",0.0850031498783379
"STMP1",0.0849158426723118
"ZSCAN5A-AS1",0.0849051229324548
"HPR",0.0847210050817692
"TIMP1",0.0847077631993494
"IKBKGP1",0.084637631154865
"TAS2R15P",0.0846174003955024
"HPGD",0.0844056651341197
"POSTN",0.0843400970420415
"SNX9",0.0843385687444562
"DUX4L32",0.084257020960687
"NBPF10",0.0841549846847947
"MRPS28",0.0841240326897368
"FUT8",0.0840563675255946
"RPS26P20",0.0839535322609033
"PLCB1-IT1",0.083887337064453
"HCRTR2",0.0838843738784887
"ELOCP3",0.0838843738784887
"MRPS15",0.0838721543254762
"LRRC40",0.0838526782698183
"UBL7-DT",0.0838034556163488
"MLH1",0.0837077685668289
"SULT1C4",0.083552865234734
"LINC02947",0.0834812149663783
"STX10",0.0834746776686448
"DRGX",0.0833421712520823
"NLRC5",0.0832544923330277
"ARHGAP5",0.0832367189169532
"TAF4B",0.0831828434988961
"WDTC1",0.0831780178995669
"DENND2D",0.0831125595915205
"PATL1",0.0831055941449885
"CWC25",0.0830696391064755
"MIR155HG",0.0829970373021916
"ASLP1",0.0827918436056841
"ZNF207",0.0827691350674853
"SRY",0.0826915434694409
"MCM3",0.0826794760421354
"TXNDC11-AS1",0.0825534531704863
"GSDMD",0.0825095053992932
"DNAAF2",0.0824886944309246
"EEF1DP1",0.0824683450034039
"TENM1",0.0824493097357205
"IER3",0.0824187421324585
"RB1",0.0823877331877435
"POC5",0.082229248686682
"RPL3L",0.0820346382309949
"LRP1",0.0820090701355974
"KLHL8",0.0819849601504406
"AHR",0.0819757977090548
"CFAP210",0.0818820435603728
"OR8I1P",0.081846767327328
"TMEM212-AS1",0.0817313174783507
"IGHV1-12",0.0817313174783507
"DRD4",0.0816360488663886
"XRN2",0.0815586441310141
"FBXO38",0.0815200236514199
"FCAR",0.0815189690939419
"DNAJB4",0.0815142869419353
"RNU6-1016P",0.0813030535116231
"GGPS1",0.0812484193665074
"MTPAP",0.0812034279310643
"SRRM1",0.0809881297667144
"PSMC1P1",0.0809394162241201
"OR2B11",0.0809359959641701
"SKA2P1",0.08085046872895
"MX1",0.0808493833047294
"TBC1D3C",0.0806839964649017
"NKAPD1",0.0805882677321933
"MIR7-3HG",0.0805729729849264
"CCDC127",0.0805570063236747
"UBQLN4P1",0.0804181376622801
"SLC13A1",0.0804181376622801
"DGAT2-DT",0.0804181376622801
"SNTN",0.0803832841709186
"C6orf47-AS1",0.0803548663355705
"MIR3613",0.0803000774343985
"DUSP14",0.0802952574461873
"GMFB",0.0802369064324676
"ZNF14",0.0802334774755824
"AGPS",0.0800672582331621
"RALA",0.0800469792647616
"HDAC3",0.0800373786390551
"PPCS",0.0798916078951297
"ABCB9",0.0797929605060934
"RPL17P22",0.0797639850016517
"RBAK",0.079603881127637
"LINC00526",0.079581169345436
"PPIAP22",0.0793792409352727
"CMC2",0.0793695796895992
"LMBR1L",0.0793039183026292
"ANKLE2",0.0792617826727815
"THEM5",0.079217561328227
"PLD2",0.0792077833753227
"DDX60L",0.0790369809348937
"MATK",0.0790063122692984
"BIN2P1",0.0789857186253757
"FGGY-DT",0.0788467196559298
"PCNX1",0.078752269326059
"ICAM1",0.0785918799014227
"UBA5",0.0785522851985577
"LINC01931",0.0784040833167721
"CCDC33",0.0783237574087431
"MTND5P25",0.0782351302233439
"ALDH9A1",0.0781825136965471
"PKMP1",0.0781299301901584
"RNU7-8P",0.0780372637504272
"GRK1",0.0780372637504272
"KMT5AP2",0.0779197836511838
"SMR3B",0.0777463835511917
"RPL23AP50",0.0777463835511917
"NBEAP4",0.0777463835511917
"PPP1R12BP1",0.0777463835511917
"EIF5AP2",0.0776595911001154
"RPL5P4",0.0775368305655528
"FMO4",0.0775323540990894
"LINC01180",0.0774663410521763
"YIPF5",0.0774445482114542
"RPS26P58",0.0773550113209904
"SLC35F5",0.0772620580335206
"AK4P3",0.0772525054568496
"DOCK8",0.0772124320172001
"OR7D2",0.0771321155009174
"LNX1-AS2",0.0770480362782643
"LINC02965",0.0769848472052704
"MIR150",0.0769833317262977
"IFNGR2",0.0769464555451305
"RPL31P5",0.0768383003516775
"LINC01029",0.0767438315768792
"GP6-AS1",0.0765966861506325
"TRAC",0.0765667023878417
"SPSB3",0.0764560092601615
"FUS",0.076451251404294
"NCLN",0.076436742483509
"SSBL2P",0.0763555076568985
"ZFP1",0.0762519637349954
"COPS4",0.076177729438848
"HNRNPA3P15",0.0761476374329877
"IPO11",0.0760891516421866
"MAP3K4",0.0760854048773575
"LURAP1L",0.0760580825381899
"PCNPP1",0.0760580825381899
"TOM1L1",0.0759984252982147
"TRGJ2",0.0759411144043035
"SIPA1",0.0758542405506763
"PABPC4-AS1",0.0757936664803696
"DDIT4L-AS1",0.0757760262048026
"BRI3P1",0.0757119934267561
"CTDNEP1",0.0756950422985708
"LINGO1",0.0756330178551516
"SF3A3",0.0755069894178017
"TBRG4",0.075297590705177
"KRCC1",0.0752416035098783
"IKBKE",0.0751485718266491
"LINC02966",0.0751472933933555
"F2",0.07514083996135
"FAM230J",0.07514083996135
"GCFC2",0.0749499049537501
"COX5A",0.074941264217498
"STAT5A",0.0748927544807659
"KCNQ1OT1",0.0748415916944931
"VCL",0.0747951736895246
"CYTH4",0.0747065732868907
"TRBJ2-7",0.0746619525264949
"GADD45GIP1",0.0746574000166757
"RFX4",0.0746060458644153
"COL4A2",0.07454143156018
"PSPN",0.0744802485804801
"LINC01442",0.0744530791897522
"LINC02551",0.0743911323248026
"HSPA8P9",0.0743666003393196
"LASP1NB",0.074299001390238
"MIR497HG",0.0741391566439059
"GGTLC5P",0.0741169072914501
"RAB30",0.0740800333297168
"KCNK2",0.0739751314616954
"ZNF394",0.0739725523913588
"TBR1",0.0739642062362283
"OR6Q1",0.0739642062362283
"KRT7-AS",0.0739578680292048
"SAC3D1",0.0739256848514745
"OMD",0.0737484256442058
"SEC14L1",0.0736418217673467
"ZMYND11",0.0736036589657066
"MRPL1",0.0735393705604564
"LINC02019",0.0734025080171104
"ADPGK-AS1",0.0730887318480678
"RNU12-2P",0.073052432344565
"LIMS1-AS1",0.072986996033416
"BOLA3",0.072866645483256
"CCDC57",0.0728457508025987
"NSMCE1",0.0728312374261617
"DEK",0.0728069156864878
"XRCC3",0.0727476145972095
"VIPAS39",0.07269875903042
"NFATC3",0.0726168823152672
"CYP4F3",0.0726110704643621
"DSG1",0.0725977527309298
"ZNF778",0.0725853847341282
"VEZF1P1",0.0725434112858765
"NPM1P22",0.0724756870363631
"ZNF697",0.0723757210774558
"LINC00662",0.0723263459098017
"GRPEL1",0.072222456719071
"RCCD1",0.0722005137891552
"TRBV6-7",0.0720812669337386
"PDCL2",0.0720702698771266
"NCAPG",0.0720375102912978
"KLF10",0.0720268002860867
"DENND5A",0.0720062123777422
"TULP3P1",0.0719423091454618
"SNORA84",0.0717703657085782
"RNU6-541P",0.0717340509139048
"ENTPD5",0.0717129676884908
"ADGRA2",0.0715279595028994
"DUSP6",0.071495129639505
"CCDC174",0.0714266632701693
"HIF3A",0.071296002161014
"RPSAP71",0.0710224251774417
"FANCE",0.0709875132579555
"OASL",0.0708349009952256
"RNU6-1025P",0.0707780527476239
"IRAIN",0.0707780527476239
"OTULINL",0.0707433030431198
"MARF1",0.0707114372587179
"FABP9",0.0706835902322312
"SMAD3-AS1",0.0706835902322312
"SNORA51",0.0706835902322312
"EGILA",0.0706546842907914
"TNFRSF25",0.0706480011936702
"RNU7-160P",0.0706334570081412
"TYW5",0.0705698809783713
"TENT5C-DT",0.070536350543071
"IGLV2-5",0.0704648245934008
"RPS26P55",0.0702688449044407
"YWHAZP6",0.0702366168747694
"ZNF398",0.0701515051649868
"JOSD1",0.0699484832162253
"MST1R",0.0699289058282589
"OPALIN",0.0699278732219017
"BAG1",0.0698915882221191
"SUCLG1",0.0698814576912691
"ZNF33CP",0.0698287738477845
"STAG3",0.0698137719943315
"RPSAP28",0.069793401855306
"MIR548Q",0.069793401855306
"NCBP2-AS1",0.0697792626125138
"RECQL5",0.0696759434225635
"PPIL1",0.0696457145554289
"ASRGL1",0.069572370148066
"SETP4",0.0695621978417434
"XIRP2",0.0695324202659244
"ZNF611",0.0695299432603414
"LINC03008",0.0694068784350663
"FAM157D",0.0693326217653999
"FBXO32",0.0692771248833339
"SEPTIN6",0.0692069414085362
"MRPL2P1",0.069165871017874
"RAB18",0.0691159517088261
"PABPC5",0.0690923281546886
"RNU6-856P",0.0690670310034244
"SHROOM1",0.0690497391557739
"HMGN2P30",0.0689950848103497
"AKAP9",0.0687942838229814
"LINC02474",0.0687930046091075
"ADORA3",0.0687319013416019
"CDC42P1",0.0686772535261577
"SLC9B1",0.068667916149654
"CHRAC1",0.0684547491989794
"GRAP",0.0684386764165791
"RBM4B",0.0683791663983675
"CHMP5",0.068243104816318
"KCNH1",0.0682372914753481
"TOR2A",0.0682188412116199
"ZNF614",0.0681867006723998
"GLRX5P1",0.0681554598391438
"LINC02820",0.068135461647705
"GOLGA8N",0.0680885389205095
"VHL",0.0680668875870711
"CFAP20DC-DT",0.0680067260301578
"KPRP",0.0679775274244746
"WIPI1",0.0678961167635518
"MALINC1",0.067834491872827
"KCNJ5",0.0678014806890743
"PPP4R2P1",0.067797096473354
"RPL34P10",0.0677455905575771
"ABITRAM",0.0677335002131931
"CELSR1",0.0677320770273057
"FAM242F",0.0676843928092435
"ZNF367",0.0676561418719259
"LSM6",0.0674474571245435
"CCR4",0.0673777680693468
"ZNF655",0.067352625064897
"NGLY1",0.0673289952200832
"CSTA",0.0671700373482823
"CXCR6",0.0671588545459151
"TLE3",0.0671180016807328
"LINC00488",0.0671089954342078
"KLF17P1",0.0670140345171558
"TSGA10",0.0666959599418588
"TRAF3IP3",0.0666550744127524
"DHX40",0.0666238670871041
"IGHV3-76",0.0666164490465572
"RPL6P19",0.0665053017669724
"IRAG2",0.0664454096424547
"NPRL2",0.0664020637609977
"WASHC4",0.0663865223418208
"HMGXB4",0.0663502643469086
"LINC01490",0.0662947157327209
"IGBP1P1",0.0662947157327209
"NFILZ",0.0662947157327209
"MYOCD-AS1",0.0662884733620391
"TNFRSF14-AS1",0.0662873305167036
"HSPA13",0.0662590779815584
"ZNF260",0.0661239527103712
"CTRL",0.0660303734280151
"YWHAE",0.0660080748562403
"VAX2",0.0659846906106085
"UBXN7",0.0656598930225287
"MATN1-AS1",0.0656547350136028
"GHITM",0.0656267004008759
"ARHGEF6",0.0655221207703709
"NBAS",0.0654099737104097
"EDAR",0.0653482484915312
"SLC31A1P1",0.065286830257552
"TGFBRAP1-AS1",0.0652645362319067
"PIGO",0.0652583976958105
"SNORA30",0.0651688839092838
"MMS22L",0.0651429580176498
"NDUFB3",0.0650948939706186
"PMS1",0.065030027852042
"TMEM139",0.0650223373562647
"RNA5SP217",0.0650012616140418
"RNU6-653P",0.0650012616140418
"TMCO6",0.0649900872998531
"DDX42",0.0649019156072184
"CHCHD2P2",0.0648257956094813
"PBX1",0.064765974998517
"VSIG10L2",0.0647388824314254
"ELFN1",0.0646274445985167
"OR8B5P",0.0645689318812348
"TPM3P8",0.0645479900440788
"ACAD10",0.064525610687339
"DCAF6",0.064524339754492
"TWIST1",0.0644957055308459
"COX18",0.0644182727419401
"LEMD3",0.0643790825400977
"PTGES3",0.0643431275419174
"RAB33B-AS1",0.0643340028108128
"LILRA4",0.0643328978501324
"NPY1R",0.0642192609898561
"LNMICC",0.0642058825193815
"CCT8P1",0.0641502787329854
"THAP3",0.0641154132754323
"RPS29P11",0.0639404764527884
"RPL18AP14",0.0639404764527884
"SLC38A1",0.0638606051151896
"ZNF573",0.0638322769669008
"LINC01554",0.0638195965248038
"RNU6-196P",0.0637784457796866
"LINC01703",0.0637728332297374
"PRNP",0.0637389218258851
"ABCB4",0.0637312613964439
"KIF1A",0.0637187660595156
"COL8A1",0.0637085177986462
"ITFG1",0.0636463819762885
"DAXX",0.0635165854031359
"CDKN2AIPNLP3",0.0634537579435006
"COMMD7",0.0633964653914904
"CLEC4E",0.0633783038245004
"CENPL",0.0633215524333314
"CALCOCO2",0.0633036786185264
"HSP90AA6P",0.0631598762035164
"CDK5R1",0.063081762442912
"ARL10",0.0629540337596437
"ECHDC3",0.0629438139340122
"IL12RB1",0.0629340596337528
"BCAS3-AS1",0.0629138878585523
"PSMA4",0.0628044337381183
"SCAF8",0.0627639898090784
"STMN3P1",0.0627493921010575
"AAMDC",0.0626922594429469
"SRP68",0.0626802021957577
"RPL21P7",0.0626681916537273
"RPL5P9",0.0626619185492804
"IFNAR2",0.062586994580378
"SLC39A5",0.0625644977412447
"RPL27AP8",0.0625546713189633
"CKS1B",0.0625322304040902
"NGEF",0.0625169009549557
"TSG101",0.0624306803673942
"MAU2",0.0623378617125051
"RPS3AP54",0.0622930194497797
"NPM1P20",0.0622928475407736
"HIKESHI",0.0622316434150207
"SNX4",0.0622156111803657
"MS4A18",0.0621207151747249
"RAB6A",0.0621174601671053
"LINC00623",0.0621136356633498
"PRKAG2-AS1",0.0620907005826697
"NPIPB14P",0.0620422118488358
"ZNF397",0.0619424159397289
"POLE3",0.0618875953216098
"LINC02422",0.0618714952306517
"ADAMTSL2",0.0617811432163489
"ZGPAT",0.0617450057492162
"SDAD1",0.0617107848662668
"EIF4A1P9",0.0616826324112076
"XRCC6P1",0.0616562464947598
"PGK1P1",0.0615983048187307
"ID2B",0.0614635267249684
"CNPY2",0.061428830631496
"KRT18P43",0.0614186676183612
"REL",0.0614006964185479
"LEPROTL1",0.061365283389221
"TBC1D1",0.0613571973308595
"EPHA2-AS1",0.0613410759370369
"SPDYE4",0.0612536477621183
"ABT1",0.061120409555253
"HSPA8P8",0.0611066782758188
"FOXQ1",0.0610806939132795
"OXSR1",0.0610798460959046
"ARFIP2",0.0610538899638325
"TMEM14A",0.0610065296409514
"MISP",0.0609609118061957
"MZT2B",0.0609544681471117
"FPR2",0.0608203191029712
"PREB",0.0608009310965785
"BLTP2",0.0606947387710885
"SLC38A5",0.060660393914797
"STIM2-AS1",0.0605765832847834
"DEPTOR-AS1",0.0605765832847834
"RBBP4P4",0.0605345264917259
"IGKV2-10",0.0604466840706673
"RN7SL193P",0.0603425548012146
"ERP44",0.0603130896123872
"FGF22",0.0602759669721542
"OFD1",0.0602477084442297
"MT-TH",0.0601689314010208
"ERBB2",0.0601097683640556
"KCND2",0.0600953847953056
"LINC02319",0.0600953847953056
"IGHV4-34",0.0600496241536917
"WBP1P2",0.0600282360971391
"MICB-DT",0.0600118139043178
"HNRNPA1P25",0.0599897101153302
"RNU6-1004P",0.0599455881050487
"CRIP1P4",0.059938037399355
"ZSWIM1",0.0599340679360403
"ZNF579",0.0599139161878979
"AHNAK",0.0598270596304587
"FICD",0.0597633260767803
"TMX1P1",0.059693539364558
"MRPL53P1",0.0596077905238664
"CLEC1B",0.0595680195277206
"KATNA1",0.0595520386142544
"UBAP2",0.059508853614968
"RNU6-640P",0.0594547011650382
"DYNC1LI1",0.0594467026226483
"NFE2L2",0.0593842595410595
"XRCC4",0.0593554885273909
"WBP1P1",0.0592626408325946
"HNRNPA1P20",0.0592024264358205
"UPK3BL1",0.0592024264358205
"SUMO4",0.0591917239830995
"BTF3P2",0.0591669059749757
"RPS6KA3",0.0590616594522114
"LINC03090",0.0590392193689434
"GPR176-DT",0.0590230196914562
"TCP1",0.0589974185294328
"SYNGR2P1",0.0589922464193964
"GLS2",0.0589565043658471
"GEMIN7-AS1",0.0589046769989775
"EHD3",0.0588839067262873
"TXNP6",0.0588779088110996
"MED25",0.0586745779812804
"FUT9",0.0586484953051909
"ARFGEF1",0.0586388272165009
"DNAJC27",0.0586263618126666
"RN7SL653P",0.058546275609632
"RPL18AP15",0.0584786277959221
"LINC00963",0.0584526034905984
"CD1E",0.0584359125832011
"MIR212",0.0583921419334072
"B4GALT6",0.0583809926701297
"LINC02469",0.0583730194254453
"OR52R1",0.0583730194254453
"OXNAD1",0.0583682819805447
"FRG1DP",0.0583391135273443
"CCNG1",0.058196733092993
"FEM1AP2",0.0581871037135247
"JAZF1",0.0581736609283242
"OSM",0.0579659954863355
"DEFA9P",0.0579630631610949
"CLINT1",0.0579143265632541
"YTHDF1",0.057912395092702
"GPRIN3",0.0579061383672876
"B4GALNT2",0.0578850937583823
"LINC-ROR",0.0578278155488454
"GRM7-AS3",0.0578149059386907
"GORAB",0.0576864152463518
"SLC6A9",0.0576527826594483
"TMEM39B",0.0576511005591454
"MTHFD1",0.0576267874905004
"ACTMAP",0.0576192494120824
"EEIG2",0.057522436818516
"DNAJC1",0.057417784537392
"GMDS",0.0574049450429042
"NEK2-DT",0.0573598493216824
"DLEU1",0.0573415135315955
"RNU6-1262P",0.0572367071810921
"ANKRD44",0.0572289085188287
"DHX35-DT",0.0572092524559567
"TPRKBP1",0.057134309596658
"NANS",0.0571171809792173
"ZCCHC17",0.0570056909130499
"IPO8P1",0.0569893836932529
"NKX6-1",0.0568649847665586
"LGALS8-AS1",0.0567205345626283
"FGFR3P3",0.0567036051904658
"CES5A",0.0566904574846083
"ARHGAP42P5",0.0566844276086504
"SH3GL1P2",0.0566642262417995
"PFN4",0.056608953681329
"SF3B3",0.0565637310251919
"TRBJ1-1",0.0565409554410801
"OSTC",0.0565337791169322
"DARS1-AS1",0.056523734330429
"TTN",0.0564563354220597
"ABCA11P",0.0563191608838637
"ZNF510",0.0563039536499807
"SAR1B",0.0562805436646864
"ACOT13",0.0562743476199925
"KRT8P37",0.0562136503873717
"RN7SL338P",0.0561241712351012
"PIP5K1P1",0.0561082992837338
"LINC02078",0.0561082992837338
"CABS1",0.0561024959385461
"LNCARSR",0.0560731723401343
"TPPP",0.0560570242133267
"ADSS2",0.0560522426386604
"LGR4-AS1",0.0560500823202818
"RABGEF1",0.0560356063196459
"DCHS1-AS1",0.0560289915347989
"SARNP",0.0559429504065318
"RNU6-254P",0.0558984327929967
"BRINP3",0.0558497618852782
"CFAP144",0.0557788807091482
"RPL23AP15",0.0557688408424476
"PLSCR5-AS1",0.0557688408424476
"NSG2",0.0557688408424476
"C5orf60",0.0557688408424476
"PAGE4P1",0.0557688408424476
"DUX4L52",0.0557688408424476
"OR2T11",0.0557172680616546
"LINC02500",0.0557172680616546
"LNCTSI",0.0556926595016908
"PANX2",0.0556853078961576
"BBS5",0.0556234438529944
"JRKL",0.0555967674796695
"LINC01640",0.0555184549344182
"MTFR1",0.0554719716630197
"OTUD7B",0.0554038936935943
"HIP1",0.0553873182768916
"CRTC1P1",0.0553841142594111
"LINC02378",0.0553841142594111
"FPGT-TNNI3K",0.0553542711694842
"CFAP184",0.0553174310771159
"POM121L6P",0.0553174310771159
"SHROOM2",0.0553174310771159
"SIAH3",0.0553174310771159
"GPR161",0.0553018242875942
"PHF23",0.0552386645063148
"OR2A14",0.0551713793289817
"GRB2",0.0551060868126914
"TTI2",0.0550318683397176
"YEATS4",0.0550229767572547
"URGCP",0.0549690869210338
"WASHC3",0.054967045447371
"RPL27P6",0.054937823826769
"SERINC4",0.0549033556866649
"IPO7",0.0548812667332204
"TENM3-AS1",0.0548705194816826
"GINS2",0.0548176222734077
"TERB2",0.0547644161188976
"TVP23B",0.0547137168538526
"PRKCD",0.0546632933839528
"DOCK2",0.0545989838388631
"AMTN",0.0545721890094478
"C1orf162",0.0545519836040512
"ZNF138",0.0544251781082564
"CHCHD1",0.0544068709564652
"MINDY2",0.0543946912892942
"ACTR2P2",0.0543637050881958
"AZIN2",0.0543260744573339
"ACOT2",0.0542632547735846
"GNL2",0.0541820275067359
"DNAJC21",0.0541343254792484
"SLC35E1",0.0540491308986347
"SCGB1B2P",0.0540313411847827
"IFT56",0.0539995842779215
"LBHD1",0.0539413899674695
"DGKE",0.0539231759701199
"BRD10",0.0539103341802821
"EXOSC8",0.0538510701732433
"TLR7",0.0538359435409112
"THOC7",0.0538257817672195
"WDR5B-DT",0.0538018309002759
"SNORD38C",0.0537420663812117
"UBE2D3-AS1",0.0536843344244384
"ANK3",0.0536684151431293
"TMCC1P1",0.0536376068283088
"DNMT3A",0.0536143423681362
"EIPR1",0.0535935708963368
"SUB1P3",0.0535880830643483
"RNF145",0.053541026877237
"RPL15P6",0.0534419869040794
"IGLV1-41",0.0534224702175036
"PLEKHA3",0.0533577237118891
"MTCO2P22",0.0533353041877453
"FBF1",0.0532823418657067
"PTP4A2P2",0.053228751290731
"LINC00336",0.0532168550076162
"KYAT1",0.0531817726046979
"MTND6P22",0.0531715680595068
"PRDM10-DT",0.0531689304157614
"TOE1",0.0531579540068158
"KIAA0586",0.0530675118796384
"RPS23P9",0.0530619273939747
"AFG3L2P1",0.0530619273939747
"SPRING1",0.0530594947934859
"RAB19",0.0529839065759158
"AQP4-AS1",0.0529739093914384
"LINC02250",0.0529245297124149
"NCOA1",0.0529239924889062
"KRT8P48",0.0528421007366726
"ZNF718",0.0527630695786145
"GPBP1",0.0526148655908987
"CHMP3",0.0525859311257976
"RXRB",0.0525666926949651
"IL6R-AS1",0.0524913409231089
"CHRFAM7A",0.0524640711002251
"RIOK2",0.0524477369904133
"REX1BD",0.0524306543621031
"PRDX3",0.0523367363260156
"UPP1",0.0523325204681271
"RSF1-IT1",0.0523151074684988
"RNU6-1096P",0.0522260085898771
"KCNB2",0.0521786746769477
"WDR48",0.0521776771846795
"ARIH2",0.0521440162041104
"ACTC1",0.0519396349546086
"ORC3",0.0518165842941818
"TESMIN",0.0517987412482261
"AP4B1",0.0517902647902773
"TRGV5P",0.0517690801929851
"TIMM10",0.0517006133494099
"H2AC7",0.05162152080358
"SLC35E3",0.0516069517533535
"RPS26P28",0.0515577359329756
"RORA-AS1",0.0513297304847022
"YY1AP1",0.0513261040354432
"RACK1",0.0512944500046355
"HSPA4",0.0511867494455655
"LCLAT1",0.0511141352259666
"OR5BN1P",0.0510954654880471
"H2AZP6",0.0510954654880471
"KCTD9P4",0.0510736261564711
"RAN",0.051053009649175
"HEXIM1",0.0510332886467977
"TACR1",0.0510121084912345
"WSB2",0.0509546172635711
"AMBRA1",0.0508480074229413
"EMC7",0.0507568768825638
"CD55",0.0507221418409108
"MIR3175",0.050717561803651
"CHCHD3",0.0507000154789224
"LSM4",0.0506138919819439
"RPS3P4",0.0505814923487733
"WEE2",0.0505356212642928
"CNTNAP2-AS1",0.0505326304138552
"DGKD",0.0504943306540431
"MAGI1-AS1",0.0504294150662216
"PMPCA",0.0504234409136167
"LINC02997",0.050418462560189
"SKOR1-AS1",0.0503107922498696
"DUSP23",0.0502656443214978
"OR13K1P",0.0502641085118562
"SNHG17",0.0501691363691744
"MARK2P10",0.050074613242804
"RPL7P52",0.050012506251133
"DCTN6",0.0499895349044755
"LINC01324",0.0499605575776715
"RMDN2-AS1",0.0498876717939592
"OBSL1",0.0498760607189034
"HELZ",0.0498612175853907
"ITGAL",0.0498470936978752
"HNF4A",0.0498461788332561
"SAPCD1-AS1",0.0497236948508368
"TBL1XR1",0.0497153710071474
"SRPRB",0.0496257190196764
"RPL7AP15",0.0495234462508783
"ZNF667",0.0495176854849788
"PCBP4",0.0494635121448599
"TMEM230P2",0.0494453196174274
"SLC25A45",0.0494440058003302
"KMT2E",0.0494057543874199
"APP",0.0493824429594367
"EXOSC3P1",0.0493747437076241
"FAM204A",0.0492847872347938
"POTEM",0.0492652637740256
"CTAGE10P",0.0492556491627552
"MED28",0.0492368507069313
"PTBP3",0.0491841295854525
"STIM1-AS1",0.0491656793903212
"FAM219A",0.0490990552057279
"RND2",0.0490907900898374
"HSPA9",0.0490215899090765
"C2orf49-DT",0.048982002611689
"UBA2",0.0489570457617335
"COX10-DT",0.0488580411110134
"RNA5SP143",0.0488397613253516
"LYPLAL1-DT",0.048733564654873
"TRPC4AP",0.0487246233034182
"H3-7",0.0487209610770095
"BLVRA",0.0487072968808533
"PPM1K",0.048665343855268
"DIO1",0.0486210782647943
"DENND1B",0.0485183263959974
"INHBA-AS1",0.0484527204408544
"PPP1R16A",0.0484513860360795
"ALDH1A3-AS1",0.048407412178125
"NME2P3",0.0483893444487675
"KIFC2",0.0483876228336621
"ITM2A",0.0483200440438412
"MTCO3P1",0.0481902950198519
"LINC00534",0.048112170894877
"PDCL3P7",0.0480851892778775
"EI24P2",0.0479736020536975
"AGGF1P4",0.0479736020536975
"FAM223A",0.0479350485679048
"FTH1P20",0.0478885297653863
"FAM240C",0.0478354832187629
"RAI14",0.0478291416972873
"TPT1",0.0478259392731566
"TMEM97P2",0.047700438772869
"FAM161B",0.0476953101184219
"SNHG30",0.0476554857963793
"ARMCX6",0.0476274756178334
"CRBN",0.0476024303036175
"ARFGAP1",0.0475964212934168
"ZNF570",0.0475271657248006
"TPMT",0.0475197723609701
"PFDN1",0.0475120863986281
"SUPT7L",0.0475086247791917
"B3GLCT",0.0474446352051874
"ATP5IF1",0.047441375080418
"RBM18",0.0474400803239132
"LMCD1",0.0474381255789645
"ITFG1-AS1",0.0474280430834638
"PTGER2",0.0474264099444227
"NFKBID",0.0473809024600018
"GPR22",0.047336439651139
"BAZ1A-AS1",0.0473063738762618
"CARMN",0.047263974536032
"UCP2",0.047126485918779
"NDUFB7",0.0471073872562736
"RNASEH1-DT",0.0470521744108521
"TUBGCP2",0.0470068302822764
"ZNF460-AS1",0.04695723523064
"USF1",0.0468840371328392
"MAPK6P6",0.0468792462399581
"AKR1B1",0.0468241905304839
"BNIP3L",0.0467860161554942
"NCAM1",0.0467638761698183
"ISY1",0.0467458333111819
"HNRNPF",0.0467414443156514
"RPL32P37",0.0466856156509637
"MSH2",0.0466731311919843
"TSTD3",0.0466544184444125
"GIT2",0.046616470834538
"GFM1",0.0466050233349459
"FBXL12",0.046578193195515
"NARF-AS2",0.0465082088636255
"SMARCA5-AS1",0.0465017594338811
"METTL2B",0.0465001329220126
"PLGRKT",0.0464405141541448
"DNAJC8P4",0.0464348450491989
"GSTA12P",0.0464172482971616
"RCC2P4",0.0463548614409426
"LINC02075",0.0463548614409426
"DUOX2",0.0463442836742244
"MSC-AS1",0.0463018662497111
"MIR103A2",0.0462560967938862
"PPIB",0.046240926107306
"FKBP1AP1",0.0462323746696035
"RAD51-AS1",0.046198509866806
"PGK1P2",0.046180182232607
"GOT1",0.0461620389965835
"GRHL3",0.0460895876680437
"NGDN",0.0460747852078674
"RPSAP8",0.0460384434192703
"ELOVL2-AS1",0.0459924244552858
"RNY4",0.0459924244552858
"NUP62",0.0459818730633038
"DMC1",0.045919647772254
"RASSF6",0.0458837458760302
"TERB1",0.0458692592774302
"HSD11B1",0.045817216743263
"LCE1E",0.045810068676484
"XIAPP1",0.045810068676484
"FFAR3",0.0457924039324252
"ATP2B1-AS1",0.0457516969920673
"CD47",0.0457281198193915
"USF2",0.0456982560483051
"TOPORS",0.0456917596841023
"FOXP1-AS1",0.0456811839909167
"TARBP2",0.045644781921532
"RPS7P4",0.0456028064384078
"RPL29P6",0.0454899485808685
"ANKRD36B",0.0454253723850178
"LINC02341",0.0453124610358375
"BANK1",0.0452637271173022
"ALKBH6",0.0451982629263565
"FGFR3P4",0.0451976760209511
"PPP1R15A",0.0451954411329417
"RMRPP5",0.0449638132391736
"OR2D3",0.0449638132391736
"CAPN13",0.044936203536126
"TENT5C",0.0449361731401167
"RNU6-138P",0.0448139560024671
"GSTK1",0.0447923249563263
"CNTRL",0.0447665857375016
"RNF216-IT1",0.0447324675202343
"SLC25A30",0.0447150738676285
"HSDL2-AS1",0.0447140684650054
"EDF1",0.04471223441138
"SRD5A2",0.044647319444082
"MRGPRX4",0.044647319444082
"SCFD1",0.0445155291180105
"OSR1",0.0443698358092716
"GDI2",0.0443326551185295
"HNRNPA1P35",0.0443186907420087
"OAF",0.0442960334752994
"CASP5",0.0442071943383775
"PPP2R5A",0.0441839707677342
"SMYD2",0.044030680984333
"SNORA2B",0.0440100015664818
"VPS4A",0.0439500809107885
"LINC02533",0.0439490279647404
"EIF2S2P3",0.0438665411003983
"HSPA8P16",0.0438401134052727
"FKTN-AS1",0.0438401134052727
"BRK1",0.0437789190741533
"LYPLA2P2",0.043684851996374
"AK7",0.0436166962020292
"IFNG",0.0436006719093825
"SELE",0.043586894698652
"LINC02017",0.043586894698652
"CYP2G2P",0.043586894698652
"CDK2AP2",0.0435712079919727
"UBASH3A",0.0435545373184838
"SMCHD1",0.043490602364279
"ITGA2",0.0434884894343837
"RBBP4P1",0.0433772294416558
"OS9",0.0433737793477763
"POMZP3",0.0433733548528985
"MIR4259",0.0433219397346098
"PDZPH1P",0.0433001504452323
"BPIFB6",0.0433001504452323
"DDX20",0.0431891440588939
"MTND2P28",0.0431514206346967
"SMPD4",0.0431166786473821
"ERP29",0.0430717197899894
"ZNF613",0.0430113794935383
"PRKAR2A",0.0429789859624121
"HSD17B10",0.0429452238915707
"PBXIP1",0.042839471008925
"ELK4",0.0427939158075952
"LINC03033",0.0426886092211192
"CYB5A",0.042673601843159
"NCBP2",0.0426610668646392
"RPL7AP70",0.0425880045749276
"CR1-AS1",0.0425245089537539
"DNAH10OS",0.0424892495938728
"HDAC4-AS1",0.042427632159719
"CYP4F10P",0.0424258990077074
"AARS1",0.042299812035571
"DNAJC27-AS1",0.0422922191730071
"LPIN3",0.0422626415458086
"GALNT6",0.0422059312741794
"TGFBR1",0.0421206939253129
"SLC41A2",0.0421058851964644
"LINC01234",0.0419183482122638
"ELL2",0.0418936120165205
"PWWP3B",0.0418727787388273
"SGMS2",0.0418622670326122
"LINC01258",0.041824318133687
"MACO1",0.0416166650260781
"HNRNPC",0.0416010967486886
"PGM2L1",0.0415287379642825
"FBXW12",0.0414053199612929
"GMPS",0.0413761588529159
"AZI2",0.0413332566528866
"ANKRD49P1",0.0412746430645801
"LRIG2",0.0412353241862471
"RAD21P1",0.0412215213148135
"H3P47",0.0411783241894683
"MIR933",0.041151057178587
"CUBNP1",0.0411431209809216
"LRRC66",0.0411356721564463
"LINC01449",0.0410858903299176
"USP17L1",0.0410858903299176
"OR11K2P",0.0410858903299176
"RNA5SP288",0.0410853726841884
"LINC02711",0.0410853726841884
"RPS27P1",0.0410853726841884
"AK3P3",0.0410370940556237
"LYPLA1P3",0.0409608376866404
"SLC7A11-AS1",0.0409517055489937
"BBS7",0.0409437663933138
"TLK2",0.0408997098809078
"SPATA6",0.0406291557318323
"HAVCR1",0.0405679037234204
"ST13",0.0405612827632963
"RCE1",0.0405517086654073
"UBXN2A",0.0405448707320285
"TMEM41B",0.040461812020576
"OCIAD2",0.040385382113733
"MIR1302-9HG",0.0403309407697307
"TPRKB",0.040231553493675
"MTDH",0.0401102969021168
"NKIRAS2",0.0400871230371235
"PECAM1",0.0399855605870205
"NDUFAF2",0.0399530538171717
"COG8",0.0399349521790087
"ZNF649-AS1",0.0398289046656111
"CDH17",0.0396917586347275
"MT-TY",0.0396763393677675
"NPTN",0.0395345612385012
"LYSMD4",0.0394763065269387
"PITX1-AS1",0.0394709125685596
"PPIAP59",0.0394646145957774
"MTATP6P23",0.0393947771756274
"ESR2",0.0392607720162515
"RPL21P61",0.0390590773128934
"SALRNA2",0.0390590773128934
"WDR43",0.0390448846165074
"IP6K3",0.039018269658461
"IQCB2P",0.03896285899879
"GAPDHP69",0.03896285899879
"MICB",0.0389403343768426
"MYL3",0.0388994540076844
"FNIP2",0.0388916859180147
"ADGRL1-AS1",0.0388687671857768
"IGKV3-31",0.0388649335565387
"OXLD1",0.0388314665917878
"RBBP8NL",0.0387577587124893
"FAM133CP",0.0387066102239144
"TOMM22-DT",0.0385989985867083
"RETREG1-AS1",0.0385664987997503
"TMEM100",0.0385148758124693
"NFATC4",0.0385004562866783
"CPT1C",0.0384967073265505
"ACOD1",0.0384767527013363
"TDG",0.0383249611600207
"PDC",0.038300432591444
"UNC5B",0.0381806467557527
"MIR4515",0.0381444739076799
"LINC01077",0.0380822831667502
"LINC01940",0.038047762752575
"IL4I1",0.0379166516664426
"SLC12A2",0.0378881835693423
"FZR1",0.0376935540003416
"TCEAL4",0.0376934557063458
"ZNF576",0.0376810907687818
"JPH1",0.0375947702818265
"LINC02926",0.0375947702818265
"IL34",0.0375727511195399
"PPP5C",0.0374357215802761
"ATF7IP2",0.0373620408774525
"KCMF1",0.0372905171082921
"LINC01451",0.0372501852511177
"RPL7AP77",0.0372442263016806
"TWF1P1",0.0371395169566324
"IQCH-AS1",0.0371174951862337
"GHSR",0.0371174008168853
"LRRC2",0.0371060655161128
"DNASE2B",0.0370880340441235
"MIR4423",0.0370880340441235
"PCSK9",0.0370880340441235
"RNA5SP72",0.0370880340441235
"DSTNP5",0.0370880340441235
"SLC7A15P",0.0370880340441235
"HOXD3",0.0370880340441235
"AQP12A",0.0370880340441235
"RNU6-370P",0.0370880340441235
"RNU6-1290P",0.0370880340441235
"PLAAT1",0.0370880340441235
"GPS2P2",0.0370880340441235
"CLEC3B",0.0370880340441235
"PRR23E",0.0370880340441235
"HMX1",0.0370880340441235
"HMGN1P11",0.0370880340441235
"RPL12P20",0.0370880340441235
"RNA5SP184",0.0370880340441235
"RN7SL465P",0.0370880340441235
"RPSAP2",0.0370880340441235
"PYY3",0.0370880340441235
"CTDSPL2P2",0.0370880340441235
"NHS-AS1",0.0370880340441235
"RPL21P78",0.0370880340441235
"RPL26P26",0.0370880340441235
"KIF12",0.0370880340441235
"RNU6-1306P",0.0370880340441235
"BORCS8P1",0.0370880340441235
"RN7SL597P",0.0370880340441235
"MIR4502",0.0370880340441235
"GRAMD4P3",0.0370880340441235
"CHD9NB",0.0370880340441235
"HERC2P4",0.0370880340441235
"RNA5SP416",0.0370880340441235
"LINC02124",0.0370880340441235
"ALOXE3P1",0.0370880340441235
"ARHGAP44-AS1",0.0370880340441235
"OTOP3",0.0370880340441235
"KRTAP9-3",0.0370880340441235
"MAGOH2P",0.0370880340441235
"ALOX12P1",0.0370880340441235
"TCF4-AS1",0.0370880340441235
"CST9LP1",0.0370880340441235
"RPL36AP51",0.0370880340441235
"SYNGR4",0.0370880340441235
"HTN1",0.0370321189051989
"LINC01354",0.0369610594635873
"HNRNPCP4",0.0369596293050089
"MEP1B",0.0369384125561981
"EFNA2",0.0368631026482507
"IGHV1-67",0.0368318028835195
"RPL36AP49",0.0367989167990669
"SSR2",0.0367615485642842
"PCDH17",0.0367586621839813
"DESI1",0.0367200218002928
"PAICSP1",0.0366033229915987
"LINC02252",0.0365718552817728
"IGHV3-41",0.0364692597820688
"LINC01537",0.0364388441922431
"SLC6A15",0.0364113165406955
"MIEN1",0.036382858603498
"LRRC57",0.0363805990535053
"SLCO1C1",0.0363617726810394
"ZNF285BP",0.0363509915700315
"LLGL1",0.0362530642410441
"C12orf57",0.0362379219111419
"KCNK10",0.036097685307881
"BCL2A1",0.0360642374439737
"TMEM82",0.0359916056070056
"TSPY24P",0.0359600508073279
"ENPP7P5",0.0359181097106402
"KRT8P44",0.0358652093526913
"KRTDAP",0.0358331635613189
"PRDX6",0.0358284500009438
"GGTLC2",0.0358200237127232
"LINC02502",0.0358094480411885
"LINC02547",0.0357568381286143
"CTNNA1-AS1",0.035749624053823
"SKAP1",0.0356973518305835
"NECTIN4-AS1",0.0356952992029078
"ARHGDIG",0.0356663003676256
"FTLP15",0.035665097951319
"NPPB",0.0355876955389643
"KHDRBS2",0.0355824639060054
"OPN1SW",0.0355587948271339
"PPT1",0.035510947109744
"SBF1P2",0.0355068094253933
"PDE4DIPP9",0.0355068094253933
"RN7SL386P",0.0355068094253933
"RN7SL713P",0.0355068094253933
"CFL1P6",0.0355068094253933
"LINC02596",0.0355068094253933
"RNA5SP117",0.0355068094253933
"RPS2P16",0.0355068094253933
"RN7SL455P",0.0355068094253933
"GPR17",0.0355068094253933
"NDUFB4P6",0.0355068094253933
"RNA5SP148",0.0355068094253933
"RNU6-377P",0.0355068094253933
"LINC02483",0.0355068094253933
"MTND1P22",0.0355068094253933
"RNU6-520P",0.0355068094253933
"RPL7L1P13",0.0355068094253933
"RN7SKP207",0.0355068094253933
"RNA5SP200",0.0355068094253933
"PCDHGB2",0.0355068094253933
"MIR548B",0.0355068094253933
"DAAM2-AS1",0.0355068094253933
"MOGAT3",0.0355068094253933
"RNU6-581P",0.0355068094253933
"CYCSP43",0.0355068094253933
"SSX5",0.0355068094253933
"PPP1R42",0.0355068094253933
"GULOP",0.0355068094253933
"SOX17",0.0355068094253933
"RPL29P20",0.0355068094253933
"ROR2",0.0355068094253933
"RNA5SP530",0.0355068094253933
"LCN6",0.0355068094253933
"OR2K2",0.0355068094253933
"ALOX15P2",0.0355068094253933
"SNX18P3",0.0355068094253933
"ECM1P1",0.0355068094253933
"PAICSP2",0.0355068094253933
"CDKN2A-AS1",0.0355068094253933
"FGF3",0.0355068094253933
"RN7SKP192",0.0355068094253933
"OR52V1P",0.0355068094253933
"OR8B2",0.0355068094253933
"OR10A5",0.0355068094253933
"OR51V1",0.0355068094253933
"CYCSP28",0.0355068094253933
"LINC02703",0.0355068094253933
"CCDC172",0.0355068094253933
"CDH23-AS1",0.0355068094253933
"LINC01553",0.0355068094253933
"NXPH4",0.0355068094253933
"OR6C3",0.0355068094253933
"LINC02468",0.0355068094253933
"HOXC-AS1",0.0355068094253933
"SPACA7",0.0355068094253933
"SDAD1P4",0.0355068094253933
"FAR1P1",0.0355068094253933
"PHF2P2",0.0355068094253933
"LINC00363",0.0355068094253933
"SERPINA4",0.0355068094253933
"MIR665",0.0355068094253933
"MIR411",0.0355068094253933
"GSC",0.0355068094253933
"LINC02204",0.0355068094253933
"SLC28A1",0.0355068094253933
"LINC02852",0.0355068094253933
"LINC01290",0.0355068094253933
"RPS3AP2",0.0355068094253933
"PRR35",0.0355068094253933
"C1QTNF8",0.0355068094253933
"LINC02130",0.0355068094253933
"AOC3",0.0355068094253933
"EPN3",0.0355068094253933
"RAC3",0.0355068094253933
"BDP1P",0.0355068094253933
"LINC01919",0.0355068094253933
"GLRXP1",0.0355068094253933
"GNAS-AS1",0.0355068094253933
"VSX1",0.0355068094253933
"TEKTL1",0.0355068094253933
"BSPH1",0.0355068094253933
"ZNF628-DT",0.0355068094253933
"NTF6G",0.0355068094253933
"LRRC8E",0.0355068094253933
"LINC01533",0.0355068094253933
"AGPAT5P1",0.0355068094253933
"NLGN4Y-AS1",0.0355068094253933
"RNU6ATAC22P",0.0355068094253933
"UMODL1",0.0355068094253933
"KRTAP19-2",0.0355068094253933
"EIF2B1",0.0354972730643738
"RPL21P129",0.035489648641506
"CKAP5",0.035477461314496
"OR1X1P",0.0354726074139714
"RPSAP55",0.0354686502966599
"P2RX4",0.0354631469015556
"LPCAT2",0.0354574085636409
"TMSB4XP1",0.0354488830363794
"UNC13D",0.0354250439092205
"RPL36P11",0.035422798858881
"COX8A",0.0354020621654303
"MTCYBP22",0.0353912092474917
"RPS7P14",0.0353912092474917
"NUS1P1",0.0353912092474917
"CAB39L",0.03537426623392
"CLCN3",0.0352963308654348
"PEPD",0.0352587856974564
"LRRC71",0.0352193328784252
"RENBP",0.0351787995253829
"RETREG2",0.0351382609918639
"AGPAT5",0.0350634668029337
"LINC02835",0.0350187773127741
"ISCA2",0.0350109031271069
"RCC1",0.034980279782444
"ARPC4-TTLL3",0.0349646882599379
"MIR6780B",0.034918231376034
"OCM",0.034918231376034
"KCNJ11",0.034918231376034
"PRPF38AP2",0.0348547564888031
"R3HCC1L",0.0348334172538319
"RTP2",0.0347968917957208
"NBPF17P",0.0347711366238028
"GOLGA2P4",0.0347501849038503
"PACS2",0.0347359135469843
"TENT5B",0.0347283467082769
"NODAL",0.0345030270825746
"POMGNT2",0.0344883606052358
"IGF2",0.0344662483701517
"SLC17A5",0.0344400414498462
"CAPN2",0.0344338972250023
"CD300LF",0.0344249225223097
"FGL1",0.034418578229706
"ASF1A",0.0344057299774489
"UBE2D3P1",0.034397016169617
"LINC00239",0.0343670709733647
"SRSF4",0.0343592958268717
"ALOX12B",0.0343391652944186
"PPP1R14B",0.0342776882900349
"HAS3",0.0342543229620132
"LINC02291",0.0342196815374743
"PYROXD2",0.0342185987238411
"RPS4XP22",0.0342016381776645
"LINC03056",0.0341826144562296
"RN7SL553P",0.0341649982424784
"EIF3G",0.0341575931558417
"ZNF214",0.0341573927878681
"BDKRB1",0.0341414778998033
"RNU6-1245P",0.0340997779967358
"PRMT5P1",0.0340997779967358
"PPIAP85",0.0340997779967358
"SNX33P1",0.0340936923590563
"PRKCA",0.0340918531453363
"YWHAZP5",0.0340851324090851
"KLHL9",0.0340773455140949
"LINC02841",0.0340606215142739
"JDP2",0.0339985868422087
"SFXN4",0.033990618299371
"NPSR1",0.0339905627915983
"LINC02811",0.0339643061298607
"RNU1-101P",0.0339643061298607
"DMTF1",0.0339641667416107
"WFDC10B",0.0339505010801578
"MEI1",0.0339321202732253
"IQCA1",0.0339282263446179
"APOH",0.0339251176944829
"PPP1R2",0.0338840301916499
"LINC01447",0.033841705842537
"EPC1-AS1",0.0337983845458024
"LCNL1",0.0337662477766795
"CD226",0.0337551080578637
"TERLR1",0.0337346472757112
"GGT8P",0.033730205620857
"SPRYD3",0.0337279479606041
"VN2R17P",0.0337069231986501
"PBX3-DT",0.0336789117238968
"EEF1A1P45",0.0336668094189536
"TPRG1-AS1",0.0336196077347411
"UBFD1P1",0.0336048106084518
"SPATA19",0.0336048106084518
"UPF3AP1",0.0335858890335448
"EFCAB14",0.033574671148997
"RPS3AP30",0.0335325017227325
"NKAIN4",0.0335262862998443
"ANKS6",0.0335055187696246
"SP2-AS1",0.0334841211886261
"RN7SL636P",0.0334761919814545
"IGF2-AS",0.033466899978296
"SLC2A4",0.0334613852429928
"CYP2F2P",0.0334498555849682
"DYNLT3",0.0334324841815162
"LINC01767",0.0334214483673737
"SERPINB4",0.0334214483673737
"NINJ2",0.033360084242365
"LMX1A",0.033344475197313
"LINC01735",0.033344475197313
"RNU6-983P",0.033344475197313
"HYI-AS1",0.033344475197313
"OR10K2",0.033344475197313
"OR6F1",0.033344475197313
"CALML6",0.033344475197313
"VDAC1P9",0.033344475197313
"LINC02778",0.033344475197313
"RPS17P8",0.033344475197313
"DIRC1",0.033344475197313
"KRT8P15",0.033344475197313
"HOXD13",0.033344475197313
"RTP5",0.033344475197313
"IGKV3D-25",0.033344475197313
"ECEL1P1",0.033344475197313
"MCUR1P2",0.033344475197313
"RN7SKP177",0.033344475197313
"VPS26BP1",0.033344475197313
"RPS25P4",0.033344475197313
"MIR26A1",0.033344475197313
"TMEM229BP1",0.033344475197313
"LINC01998",0.033344475197313
"KRT18P21",0.033344475197313
"LINC02430",0.033344475197313
"UBE2CP3",0.033344475197313
"PALLD-AS1",0.033344475197313
"HADHAP1",0.033344475197313
"LINC02475",0.033344475197313
"LINC02497",0.033344475197313
"ETNPPL",0.033344475197313
"ALG1L3P",0.033344475197313
"MIR449A",0.033344475197313
"RN7SL87P",0.033344475197313
"OR2Y1",0.033344475197313
"IRX2-DT",0.033344475197313
"ANKRD49P3",0.033344475197313
"CACYBPP3",0.033344475197313
"SNORD32B",0.033344475197313
"RPL13AP",0.033344475197313
"RPL27AP7",0.033344475197313
"RPL17P23",0.033344475197313
"LY6G6E",0.033344475197313
"MYMX",0.033344475197313
"RPL7AP40",0.033344475197313
"RABGEF1P2",0.033344475197313
"AKR1D1",0.033344475197313
"CNPY1",0.033344475197313
"CALN1",0.033344475197313
"ZNF722",0.033344475197313
"CAPZA1P3",0.033344475197313
"CBX1P1",0.033344475197313
"NDUFB5P2",0.033344475197313
"RBMXL3",0.033344475197313
"MFN1P1",0.033344475197313
"CCDC121P1",0.033344475197313
"VENTXP5",0.033344475197313
"RPS26P35",0.033344475197313
"STMN2",0.033344475197313
"MTRF1LP2",0.033344475197313
"ADAM18",0.033344475197313
"MIR124-1HG",0.033344475197313
"HSPA8P17",0.033344475197313
"RNU6-677P",0.033344475197313
"PARK7P2",0.033344475197313
"STPG3",0.033344475197313
"RPS29P17",0.033344475197313
"APOC3",0.033344475197313
"CYCSP26",0.033344475197313
"NUTM2HP",0.033344475197313
"LINC02650",0.033344475197313
"PCAT5",0.033344475197313
"KRT77",0.033344475197313
"RNU6-735P",0.033344475197313
"IMMP1LP2",0.033344475197313
"OR6C73P",0.033344475197313
"MIR1827",0.033344475197313
"LINC02459",0.033344475197313
"PSMD10P3",0.033344475197313
"DCUN1D2-AS",0.033344475197313
"TPTE2-AS1",0.033344475197313
"COX4I1P1",0.033344475197313
"SNORD115-19",0.033344475197313
"ST8SIA2",0.033344475197313
"SPATA8",0.033344475197313
"GEMIN8P2",0.033344475197313
"RNU6-470P",0.033344475197313
"LINC01979",0.033344475197313
"SEPTIN9-DT",0.033344475197313
"ENTR1P1",0.033344475197313
"MIR8078",0.033344475197313
"CFAP61-AS1",0.033344475197313
"CST9LP2",0.033344475197313
"RN7SL156P",0.033344475197313
"BIRC7",0.033344475197313
"ATP5MFP7",0.033344475197313
"KANK1P1",0.033344475197313
"WFDC6",0.033344475197313
"MEF2B",0.033344475197313
"OR7A5",0.033344475197313
"ATP4A",0.033344475197313
"CD177P1",0.033344475197313
"GTSE1-DT",0.033344475197313
"MAPK8IP2",0.033344475197313
"SOCS2P2",0.033344475197313
"ASH2LP4",0.033344475197313
"INPP5J",0.033344475197313
"HORMAD2",0.033344475197313
"KRTAP11-1",0.033344475197313
"PDE9A-AS1",0.033344475197313
"CYCSP56",0.0333303122774667
"LINC00378",0.0332823785682856
"IRF2BPL",0.0332703081568414
"RPL24P7",0.033262304224835
"RNU6-1254P",0.033262304224835
"MTND1P33",0.033262304224835
"RBMS1",0.033232254728616
"GNAI3",0.0332220876898518
"SNORD94",0.0331826257225769
"RO60",0.0331228130738221
"ELF4",0.0331190751043315
"CAPS",0.03308512022895
"LINC02861",0.0330141602022879
"FAM124A",0.0330093687632771
"DOCK4-AS1",0.0329759943518902
"MTCO3P24",0.0329671182251257
"DOLK",0.0329369472093685
"CDRT4",0.0329012381416009
"PRDX2",0.0328706257567055
"TCERG1",0.0328685772222394
"LINC02066",0.0328485092312453
"TAF5L",0.0328366171339085
"CRIPT",0.0328072920265082
"RNA5SP352",0.0327811814639551
"NMT1",0.0327746348115644
"RPL19P20",0.0327718857651713
"HMGB1P23",0.0327671856688367
"WAS",0.0327130881718701
"ADAT1",0.0326967332013542
"AREL1",0.032675641197282
"BCAP31",0.0326158490418803
"CDK15",0.0326024539565454
"RPL35AP15",0.0326024539565454
"SLC35B1",0.032579011223783
"MTATP6P24",0.0325684700997577
"SYT6",0.0325455729890664
"YIPF7",0.0325424334290038
"LXN",0.0324968789573909
"ORMDL1",0.0324292488079433
"RNU6-30P",0.0323835437424276
"EBLN3P",0.0323703721997924
"SPATA21",0.0323546831874528
"TRAV13-2",0.0323267295005822
"RNU6-667P",0.032322034603163
"STAM",0.0322757188016842
"ZRANB2-AS1",0.0322722790644152
"ANXA3",0.0322495914024934
"MIR4685",0.0322147335024199
"CD300H",0.0321939692256797
"RNU6-1043P",0.0321498245731006
"CDC37P1",0.0321444789530187
"TAAR2",0.0320964303441467
"CACNA1G-AS1",0.0320815429820562
"BMP8B",0.0320372404699132
"PRKAR2A-AS1",0.0320337169273764
"SLC19A3",0.0319981578023014
"SYN3",0.0319783507881504
"H1-12P",0.0319753012934406
"SUGT1P4-STRA6LP-CCDC180",0.0319302445718055
"IGHV3OR16-16",0.0319302445718055
"ALKAL2",0.0319286946525421
"MIR2909",0.0319286946525421
"RN7SL405P",0.0319286946525421
"DDX3P1",0.0319243172646461
"RPS10P30",0.0319243172646461
"ZNF100",0.0319198815287238
"DNAJB1P1",0.031906399369612
"RASA4CP",0.0318560699827459
"CHST13",0.0318516141040665
"LINC00687",0.0317456786241771
"GET1",0.0317449947591332
"UBL4A",0.031738238902527
"LINC02956",0.0317285476394965
"HP",0.0316983123283007
"DDX6",0.0316969884940602
"MCTP1-AS1",0.0316508649933768
"DMBX1",0.0316233622512994
"ATP6V1G1P3",0.0315442884806151
"LMAN1",0.031502028560533
"RNU7-125P",0.0314886884581223
"CALM3",0.0313286762038074
"POLN",0.0313093072248847
"STK17B",0.0313039471470219
"AATBC",0.0312580573246638
"RPL39P15",0.0312543527101439
"RHOH",0.0312466854557775
"RFKP2",0.0311823097729764
"JPH4",0.0311438250190036
"TNKS2",0.0311347861836921
"EIF3C",0.031123076774806
"RPL10P16",0.0310377678922934
"UBE2F-SCLY",0.0310346961273957
"SDHCP3",0.0310210307729352
"OR1D5",0.0310210307729352
"RCC2-AS1",0.0309600514024836
"MIR4497",0.0309452830960877
"PCDHGA10",0.0308942979111232
"FAM43A",0.0308839645228573
"CTRB2",0.030842971327924
"N4BP2",0.0308333687920419
"LINC02940",0.0308215548251953
"SUGP2",0.0308175099111095
"MACROH2A2",0.0307835450077079
"DDN-AS1",0.030782484845863
"PIGQ",0.0306811822807105
"GEMIN7",0.0306317419216031
"NPIPB4",0.0306304601164015
"TRIM64C",0.0306287342128489
"FCF1P8",0.0306286687803441
"TULP4",0.0306124655745182
"ZNF696",0.0305196926160776
"RAPGEF3",0.03045957214997
"CHADL",0.030452508715031
"ELOVL3",0.0304476667914796
"RIC1",0.0304364984920068
"NIBAN2",0.0303748559442277
"PCCA",0.0303674267840525
"FBXO28",0.0303314205786605
"TNIK",0.0303220428806533
"MT-ND2",0.0302817112010227
"ATP5MF",0.0302799780912172
"CYC1",0.0302777061999143
"TAB2",0.0302514103401637
"RAPGEF4-AS1",0.0302095699851883
"MRPL22",0.0301537494914295
"SIVA1",0.030143088291543
"RN7SL263P",0.0301303097705823
"TRMT1",0.0301163204212234
"RAB3B",0.0300794747009736
"NDUFA5P11",0.0300279565785624
"NKAP",0.0300249771087256
"RLIG1",0.0300246521288692
"CHURC1",0.0299734864794674
"GPS1",0.0299603752628392
"OR2G6",0.0298839392433431
"GMCL2",0.0298705662506616
"FAM225A",0.0298346789816463
"RPL29P15",0.0298032807183171
"MPP4",0.029781633321433
"SLC1A4",0.0297729766390606
"SINHCAFP2",0.0297318457798943
"RNU6-108P",0.0296811544829403
"PLEKHA8P1",0.0296811544829403
"LINC02920",0.0296655821924009
"LINC02074",0.0296527138917962
"PSKH1",0.0295968279086489
"RNU4-62P",0.029539105858442
"ISCU",0.0294104127511899
"ATRNL1",0.0293947422838909
"PRKACB",0.029392701308241
"LPAR5",0.0293557348071599
"IKZF5",0.0293213763957481
"TRIM16",0.0293107217552721
"LINC01740",0.0293048989920954
"MCTP1",0.0292989403149953
"PFN1P9",0.0292908964029821
"RPL7P14",0.0292908964029821
"RPL21P60",0.0292671644101176
"NDUFB11",0.0292670259478573
"GOLGA8UP",0.0292563068357373
"ATAD3A",0.0292434208869212
"KIFC3",0.0292295062377826
"USP6",0.0291894047625556
"RPL7AP18",0.029184707410421
"ATF4",0.0291649444177732
"OR4K2",0.0291524670071502
"HSP90AB1",0.0291370769605402
"RN7SL622P",0.0291324447850799
"PGAM4P2",0.0291214110558371
"HSPD1P13",0.0291200781007446
"GRK3-AS1",0.0291158557795169
"ZNF287",0.0290685640209805
"TRBV12-3",0.029016220233019
"ZNF689",0.0290033579270429
"C19orf38",0.029001921169321
"NR3C1",0.0289508652965002
"CST4",0.0288499110245856
"CHIC2",0.0288480141767065
"CARHSP1",0.0288406788104121
"LDHAP5",0.0288277819453675
"CREB3L4",0.0288136033240013
"RAB24",0.0287761085455803
"CASP6",0.0287749168960734
"TRIM67-AS1",0.0287691821294749
"RPL32P15",0.0287691821294749
"KRT73",0.0287691821294749
"IGLV3-9",0.0287691821294749
"MIR4771-1",0.0287510131586908
"RNU6-661P",0.0287510131586908
"DLG3-AS1",0.0287510131586908
"SUPT4H1P2",0.0287510131586908
"RNF216",0.0287000966768451
"IFT122P2",0.0286947982024557
"SCYGR1",0.0286481093282719
"NUTM1",0.0285852694839387
"SNX22",0.0285434277496842
"UBE2I",0.0284428757371722
"RNU7-56P",0.0284415906885725
"PITPNA",0.0284295909480015
"WHSC1L2P",0.0284101251941733
"MX1-AS1",0.0284040665774574
"MRRFP1",0.028396304810054
"RTEL1-TNFRSF6B",0.0283899683105678
"PLIN1",0.0283788360029992
"PRPF38AP1",0.0283710548049804
"BPY2C",0.0283710548049804
"SUMO2P3",0.0283676854883575
"RN7SL605P",0.0283587187073653
"TUBG1",0.0282234621280146
"DNAJB6P4",0.0282147305602798
"SMIM39",0.0282147305602798
"RPL39P28",0.0282147305602798
"ACTG1P11",0.0282147305602798
"RN7SL350P",0.0282103319809618
"GBA3",0.0281657681063023
"LRBA",0.0281437590428474
"GPN1",0.0281212535438303
"FBH1",0.0281077453674655
"FAM83G",0.0281067981675143
"IGHV3-38",0.0281046844917135
"MT-TG",0.0280746094787711
"LINC00463",0.0280646229476385
"KRT26",0.0280646229476385
"PRSS55",0.0280524019555062
"SORD2P",0.0280524019555062
"GATAD1",0.0280309709571725
"AS3MT",0.0279382409023627
"LINC01916",0.0279382409023627
"DRG2",0.0279265495875725
"NOP14",0.0278893882471267
"OR1AB1P",0.0278171285418205
"LINC01973",0.0277950656310576
"TOR1A",0.0275570063240552
"COX11P1",0.027541112205169
"MAP3K14",0.027505067414068
"NSFL1C",0.0274729983230928
"NF1",0.027470267566974
"SIRLNT",0.0274496265336088
"ZBTB21",0.0273984422829518
"METAP2P1",0.0273951373888532
"GMEB2",0.0273840336087222
"PPIA",0.0273745795686592
"ACAT1",0.0273615203772283
"PPIAL4G",0.0273420640529393
"TEKTIP1",0.027288419420125
"EMD",0.0272836360352769
"RN7SL763P",0.0272818418224319
"ATP6AP2",0.0272549153011969
"PXT1",0.027240240805889
"KCNIP4-IT1",0.0271834101693367
"TBCD",0.0271705401586376
"CACHD1",0.0271523331972987
"TBC1D3K",0.0270894922800948
"QTRT2",0.0270744186751194
"A2MP1",0.0270425386244797
"KIF2A",0.0269810005624203
"PAK3",0.0269134163213574
"OR13C6P",0.0268939504273113
"ICE2",0.0268670894795726
"RNA5SP168",0.0268651845450851
"SNRPGP3",0.0268651845450851
"DKK4",0.0268651845450851
"RNA5SP284",0.0268651845450851
"RNU6-1266P",0.0268651845450851
"RNU6-54P",0.0268651845450851
"RNA5SP528",0.0268651845450851
"JAGN1",0.0268504325626296
"ITPRIPL2",0.0268303233459991
"MCTP2",0.0268058808094137
"CSNK1E",0.0267571265604367
"LINC03050",0.0267517168178625
"DYNLRB2",0.0267440575305915
"NADK2",0.0267326493448905
"H3P44",0.0267052399737642
"ARMCX7P",0.0267018395762078
"LINC01278",0.0266781378014271
"PHF1",0.026671875629824
"PON1",0.0266696516431574
"RNU7-188P",0.0266696516431574
"DPH2",0.0266647219070385
"ILVBL",0.026640660747817
"HADHB",0.0266404100368138
"QRFP",0.0266350295441667
"TMSB10P1",0.0266119652220828
"GNPATP",0.0266119652220828
"MRPL23",0.0266020282496514
"TEKT2",0.0265979676158275
"MAIP1",0.0265862622121667
"PRKAG1",0.0265778172572524
"ZBTB46",0.0265577880695347
"LINC01337",0.026474457671659
"TADA3",0.0263923869222565
"ZNF805",0.0263836577487782
"SETD3",0.0263486071942582
"ANAPC7",0.0263450125200324
"CICP7",0.0263037642231742
"RPL21P90",0.0261744923806302
"LINC01666",0.0261351007647887
"RPL13AP2",0.0260548615014784
"MICOS10P3",0.0260522632887872
"S100P",0.0260082351328676
"RPL23AP73",0.0259411211971127
"COMMD1",0.025876914910524
"LINC00508",0.0258425962197879
"RPL13P6",0.0258371364057761
"SIGLEC11",0.0258240884094312
"GTF3C6P2",0.0258186448862191
"HSD17B3",0.0257244751372816
"RPL7AP41",0.0256770000323012
"ETDA",0.0256770000323012
"LINC02667",0.0255964759457148
"IGLVI-63",0.0255859174461134
"C1orf94",0.0255764504565261
"LINC01649",0.0255764504565261
"MAGED4B",0.0255764504565261
"LINC00226",0.0255764504565261
"SLC38A8",0.0255764504565261
"TFDP1",0.0255634006806173
"MIR4482",0.0255509300260697
"RERG-AS1",0.0255450759065305
"FAM138E",0.0255450759065305
"MLKL",0.0255252134954026
"MRPS14",0.0255246147714251
"DCAF8-DT",0.0254808888677473
"TATDN1",0.0254647404683844
"CYP2R1",0.0254361098456325
"MORF4",0.0254310602667223
"PFDN6",0.0253848440541435
"SYT8",0.0253800413320732
"ACSL4",0.0253757615632931
"RPL36A",0.0253166804544535
"SFRP5",0.0252629135837613
"FBXO4",0.0251994877052131
"LINC01836",0.0251676654505923
"HERC3",0.0251603185174446
"DNAI7",0.0251569776585674
"PDCL3P3",0.0251527898798749
"LINC01181",0.0251190904537432
"RN7SL440P",0.0250711268447219
"RNU6-315P",0.0250449890361073
"FABP2",0.0250449890361073
"OR5V1",0.0250449890361073
"LINC01444",0.0250449890361073
"RPL15P15",0.0250321661240001
"PLEK",0.0250226474744624
"MTMR9",0.0249935101830141
"HSPA9P1",0.0249877198475114
"DPH3",0.0249568015554649
"SNORA2C",0.0249482416524504
"RPL10P1",0.0249443359585899
"ANKRD28",0.0249375054309555
"LHB",0.0249336406034751
"LINC02529",0.0249182790087149
"PDLIM1P4",0.024883890109126
"RPL17P43",0.0248801355691272
"LINC00571",0.024861810774377
"PFN1P2",0.0248472466635688
"ABRAXAS1P2",0.0248472466635688
"MAPT-AS1",0.0248433202026946
"C16orf95",0.0248311282830913
"USP47",0.0248275060694465
"RAC1P7",0.0247942030432789
"SNORD37",0.0247857894516158
"MAEA",0.02477378650861
"RNF25",0.0247711672061094
"RPL32P31",0.0247502148484588
"CHD8",0.0246924411390563
"KCNK5",0.0246511566068293
"LINC01072",0.0246446312011929
"KCND3-AS1",0.0245960441766807
"CYCS",0.0244810155533063
"HNRNPA3P1",0.0244243168824956
"CYSRT1",0.0244213228565915
"G3BP1",0.0244037645357238
"TRBJ2-3",0.0243807983790828
"ATP5MC1P4",0.0243407400128989
"LAGE3",0.0243328675847236
"SRI-AS1",0.0243295532214303
"HIPK4",0.0243099630474761
"PPIAP34",0.0243092315394763
"RPL21P137",0.0242986046440469
"SYT2-AS1",0.0242721751802673
"RANBP1",0.024248105977511
"SLC35F6",0.0241687054879908
"EBPL",0.0241636844936295
"PADI6",0.0241128210427496
"OR4G6P",0.0240895808533877
"PAPSS1",0.0240832946943031
"EYS",0.0240736747466733
"CAVIN2-AS1",0.0240736324814892
"CAV1",0.0240685277758525
"ZC3H12D",0.0240215379219952
"KCNAB1-AS1",0.0239927099755661
"TMPRSS11F",0.0239927099755661
"VSTM4",0.0239927099755661
"RNU6-1280P",0.0239356124067466
"CABP1-DT",0.0239341946188568
"RN7SL83P",0.0239245701246869
"CSN1S1",0.0238330862976544
"OR7E105P",0.0238330862976544
"IGSF23",0.0238330862976544
"ST7-OT4",0.0237931820729135
"LINC01107",0.0237783217217098
"BET1P1",0.0237372368227543
"ARL4A",0.023710237708686
"ESYT1",0.0236879624593489
"GPALPP1",0.0235784678451474
"ABCE1",0.0235727854755598
"LINC01093",0.023554523349074
"ERGIC2",0.0235475302011615
"SLC17A7",0.0235109878712776
"GRAP2",0.0234032900270051
"EIF1",0.0233374688607118
"TRGV8",0.0233149187202029
"ANKRD34A",0.0233121658510953
"GALNT1",0.0232932563599519
"SUPT16H",0.0232824643743308
"CSNK1A1L",0.0232484757159113
"DOP1A",0.0232109123717867
"TRIM4",0.0231880280002128
"RPRD1A",0.023187431021382
"KHK",0.0231593157245906
"OR8J3",0.0230672869911965
"MIX23",0.0230522177003055
"OR5D15P",0.0230159260982472
"MRPL51P2",0.0230159260982472
"LSM10",0.02297826505035
"TRIM43",0.0229522081944941
"CAPN6",0.0229522081944941
"ELANE",0.0229522081944941
"BNIP3P13",0.0229522081944941
"SLC39A1P1",0.0229493829355775
"NUDT13",0.0229229403773618
"USF3",0.0229197428427487
"ATP5MC1",0.0229195359309664
"CANX",0.0228718383795627
"USP53",0.0228331541331485
"RFX3-DT",0.0228061117652055
"RPS27P14",0.0227737125333001
"MIX23P3",0.0227343744462988
"TRAV12-1",0.0227144941510886
"HMGCR",0.0226831617487452
"E2F6P3",0.0226595321831227
"LINC03036",0.0226586657446942
"LINC01484",0.022653370713176
"RPL21P62",0.0226305966054785
"ACTG1P19",0.0226305966054785
"RPL21P26",0.022615238718112
"CICP21",0.022615238718112
"HSPD1P3",0.0225802906935521
"SNHG22",0.0225099564721676
"BBX",0.0224154408002379
"SOS1",0.0223731029971275
"MTCYBP11",0.022368620032753
"DIO2",0.0223504295178231
"ANKRD30BP1",0.0223416191221837
"AGAP5",0.0222868742696128
"GPR37",0.0222437465363396
"CSTF2",0.0221675829343326
"IGHV3-73",0.0221665984822369
"HNRNPA1P12",0.022151110111321
"EGFL8",0.0221349709832697
"STAG3L5P",0.0221349709832697
"HPCA",0.022104900471647
"ARHGEF39",0.0220746060280941
"SNHG15",0.0220730860332896
"LINC01299",0.0220011714359466
"MIR6737",0.0219781832214408
"DNAJC9",0.0219746580980854
"SNORD36C",0.0219535410277921
"JADE1",0.0219487862134716
"SLC25A31",0.021926093281466
"METTL2A",0.021922351573305
"ADGRG7",0.0218644353635329
"RNU2-56P",0.0218644353635329
"RNA5SP465",0.0218644353635329
"ICMT",0.0218561191634661
"KRT88P",0.0218551244657495
"CTBP2P4",0.0218255603044507
"SLC25A24",0.0218050891460491
"LITATS1",0.0217972840671486
"SHMT2",0.0217623335089497
"DNAJC19P6",0.0217463851663639
"GSTA5",0.0217463851663639
"HNRNPDP1",0.0217459927333352
"WDSUB1",0.0217383825360772
"UNC93B4",0.0217052773848451
"HTATSF1",0.0217025830911774
"C1orf174",0.021656338292347
"CCT2",0.0216555558583898
"HOXB7",0.0215650123895561
"EEF1GP3",0.0215470729997989
"CHN2-AS1",0.0215470729997989
"RNA5SP394",0.0215470729997989
"LINC01761",0.0214773470048758
"CYCSP27",0.0213863071073367
"RPL21P79",0.0213349399903559
"ADAMTS2",0.0213322804989759
"SNX6",0.0212999498702255
"MIR5705",0.0212959072094589
"LARP1BP2",0.0212811675242256
"HCAR3",0.0212748238323077
"NPHP4",0.0212390826814735
"CTR9",0.021234301785276
"CFAP44-AS1",0.0212202643900119
"LINC01356",0.0212200162297358
"HAR1B",0.0211837116931268
"HMBOX1",0.0211828793150385
"PCF11",0.0211743174316996
"PDXP-DT",0.021113500076706
"MSANTD3",0.0210211146696533
"USP15",0.0210003010419767
"IGHV3-22",0.0209754707367431
"ST6GALNAC2",0.0209500336234995
"TLR8-AS1",0.020884830812617
"ATP5F1AP7",0.020884830812617
"OR2AT4",0.020884830812617
"RN7SKP80",0.020884830812617
"SPATA31D1",0.0208563711328833
"PTPN2",0.0208181861525113
"AARS2",0.0208161172136861
"IQCA1L",0.0208009583448548
"TIAL1",0.0207997640076307
"TTC39C",0.0207396406907953
"GEM",0.0207156513586451
"DPP8",0.0206757175417436
"OR10R3P",0.0206453660979096
"ANKRD11P2",0.0206438092762468
"SRPK3",0.0206438092762468
"LRRC34P2",0.0205929751918807
"LINC00997",0.0205929751918807
"PHF10P1",0.0205929751918807
"HNRNPA1P56",0.0205893801352242
"MTND4LP5",0.0205893801352242
"GRID1-AS1",0.0205893801352242
"ITGA6",0.0205199898671419
"RIF1",0.0205121942832125
"PPP3CB-AS1",0.0205075127753957
"UIMC1",0.0204453484437849
"LARRPM",0.0203683345293573
"IER3IP1",0.0203654667270872
"SHANK3",0.0201877593545287
"GNAO1",0.0201516471473751
"SEPTIN7P7",0.0201392119793381
"KCNA1",0.0201388965767961
"KLHL1",0.0201388965767961
"ALDOB",0.0201126893367396
"TANAR",0.0201113717724415
"MOK",0.0200967473912046
"SCO1",0.0200827635967792
"BMPR1A",0.0200820611482747
"RPL7AP34",0.0200700148158733
"LINC01087",0.0200379509242353
"RN7SKP232",0.0200379509242353
"LINC02756",0.0200379509242353
"OR2L5",0.0200353670536015
"RN7SL93P",0.0200353670536015
"LINC01922",0.0200353670536015
"RANBP3L",0.0200050509584984
"RN7SKP295",0.0200035894305264
"DNAJC5B",0.0200035894305264
"TTC9-DT",0.0200035894305264
"IGLON5",0.0200035894305264
"IRF4",0.0200003758239339
"HNRNPCL4",0.0199961311945975
"MRPS21P7",0.0199634781341387
"ATP13A4-AS1",0.01995747662168
"PRAMEF2",0.0199123199735171
"LINC00393",0.0199123199735171
"OTUD6B-AS1",0.019846020375499
"FOXB2",0.0198453550954892
"FBXL5",0.0197721683975166
"LINGO1-AS1",0.0197527300413056
"MIR3692",0.0197025641032843
"DENND6A-DT",0.0196644456324157
"CBLIF",0.0196374138983137
"DNAJC19",0.0195831343539455
"PRICKLE2-DT",0.0195756324275048
"RPL26L1",0.0195712053038063
"ANGPTL8",0.0195388182680726
"TSPAN10",0.0195147910918221
"RPSAP48",0.0195057476154959
"PLG",0.0194944281171553
"TRMT112",0.0194742152491011
"EML6",0.0194661682343448
"MFN1",0.019435467324954
"RNF216P1",0.0194230802998941
"HSPD1",0.0194154822819414
"CIAPIN1P",0.019349075179673
"RTRAFP2",0.0193371503338991
"CALM2P1",0.0193371503338991
"AGO3",0.0193265988179396
"ETFRF1",0.0193166018048906
"TSNAX-DISC1",0.0193010690754066
"MTRES1P1",0.0193010690754066
"OR51F2",0.0193010690754066
"BTF3P8",0.0192845022304402
"RPL21P30",0.0192474497797617
"RNU6-1279P",0.0192474497797617
"SLC46A3",0.0192325898940814
"DXO",0.0191834745485756
"DRD5",0.0191733665062088
"THAP5P1",0.0191733665062088
"MED28P8",0.0191543443659586
"DNPEP-AS1",0.0191543443659586
"OR7E87P",0.0191543443659586
"RPSAP17",0.019146792349957
"CSTB",0.0191401633327123
"ASB14",0.0191372631141245
"PLEKHA1",0.0191133259965312
"LINC01958",0.0190722473606061
"TTC7B",0.0190563979939465
"LINC02112",0.0190560876826984
"CNBP",0.0190446351687867
"ALG9",0.0190279517170222
"BLVRB",0.0190055529248573
"SERPINA5",0.0189982214273438
"LSM12",0.0189908912042218
"LINC01151",0.018985484523954
"RXFP3",0.0189842460391857
"HMGN4",0.018969203770929
"MAPRE2",0.0189017399568656
"KRT8P27",0.018891552067382
"SPAG9",0.0188865685299873
"GRINA",0.0188482993529996
"MMADHC-DT",0.0188301779247377
"NAA38",0.01880926065224
"PRAL",0.0187872161092477
"TMEM86B",0.0187789949359886
"OR8B8",0.0187738977218964
"MMP13",0.0187322604976087
"LINC02564",0.0187322604976087
"CLLU1",0.0187185407495986
"H3P25",0.0187000775063428
"ZNF24",0.018676979255248
"UQCRH",0.018668074294311
"DBF4P2",0.0186308352442495
"CHRNA9",0.018597231631302
"ST20-AS1",0.0185945392323702
"VAMP2",0.0185910204028254
"NPIPA5",0.0185045428679871
"ZCRB1P1",0.0184819889623908
"TSHB",0.0184446712582773
"TRIM50",0.0184446712582773
"ALG1L12P",0.0184446712582773
"MRGPRX3",0.0184446712582773
"NDUFA3P6",0.0184446712582773
"CD24P4",0.0184446712582773
"THEM4",0.0184115982398899
"CFL1P5",0.0184033061238102
"MRPS31",0.0183770429205408
"LGALS8",0.0183554239604436
"IMPDH1P2",0.0183413688023169
"IGHV7-4-1",0.0183413688023169
"POM121L14P",0.0181950293698049
"ANGEL2",0.0181934131942842
"HMGN2P27",0.0181663928343574
"RN7SKP68",0.0181663928343574
"OR2A2",0.0181663928343574
"MTND4LP1",0.0181663928343574
"RN7SL19P",0.0181663928343574
"RCC2P6",0.0181663928343574
"LINC02335",0.0181663928343574
"MTDHP4",0.0181663928343574
"UBE2G1",0.0181451441787218
"OR52E1",0.0181336741323793
"TRAV7",0.0181336741323793
"SNORA80C",0.0181336741323793
"FGD5-AS1",0.0180707881358401
"YTHDF1P1",0.0180555612652069
"ACTBL2",0.0180555612652069
"VGLL2",0.0180555612652069
"PBOV1",0.0180555612652069
"KRT9",0.0180555612652069
"FUT2",0.0180555612652069
"GAGE10",0.0180421373065752
"GPX1P2",0.018033936685322
"DNAJB6P2",0.0180293955518185
"USH2A-AS1",0.0180282292052231
"MIR1184-2",0.0180282292052231
"RPS3AP33",0.0180282292052231
"SNORA69",0.0180068972311555
"SF3B4P1",0.0180027977518903
"HNRNPA1P43",0.0179645625428836
"TBC1D17",0.017957130514925
"MTND2P29",0.0179504331570664
"AGAP13P",0.0179504331570664
"CITED2",0.0179431850737156
"LINC00626",0.0179086861061857
"TERF1P3",0.0178879622089652
"PCDHA8",0.0178879622089652
"APCDD1L",0.0178879622089652
"LINC01128",0.0178171095506315
"FAM50B",0.017748523602589
"GABRB3",0.0177444375162221
"NDUFA5P2",0.0177292331832738
"LINC01581",0.0177292331832738
"IMPA1",0.0176570318164779
"SETDB2",0.017653321060796
"PSMC3P1",0.0176246830264675
"RNU6-482P",0.017583352322653
"AICDA",0.0175713847084998
"RPL6P1",0.0175624575582066
"RN7SKP23",0.0175312065133916
"ATF7IP",0.017526780007885
"LINC00703",0.0175184824203448
"GZMB",0.0175053093595991
"FAM90A27P",0.0175006018201582
"CTNNA1P1",0.0174935682232347
"PSME2P2",0.0174680780617171
"CLN8",0.0174427668183403
"CLK3",0.017417530235714
"INTS6",0.0174017634506428
"LINC03006",0.0174016622100147
"ASB16-AS1",0.0173874687637915
"SNRNP35",0.0173423007131389
"NUDT1",0.0173368269723521
"LINC02314",0.0173302995214885
"MIR639",0.017324366915212
"LINC01523",0.0173146558059423
"ITGA1",0.0172809982283201
"SMIM38",0.0172758974853311
"DNAJC4",0.0172645361838536
"ALMS1-IT1",0.0172386132933917
"SEPTIN7",0.0172173429182635
"GAD1",0.0172091396916739
"H2BW2",0.0172091396916739
"KRTAP22-1",0.0172091396916739
"HSPD1P5",0.0171843012026546
"MIPEP",0.0171256380249396
"CD109-AS1",0.0170928831820155
"ZNF750",0.0170522033372741
"LINC01370",0.0170522033372741
"XNDC1N",0.0170244740919659
"NFIA-AS2",0.0170138042932028
"UNC45A",0.0170110221739386
"ZNF337-AS1",0.0170054690088215
"KIF25-AS1",0.0169962291907897
"SCUBE2",0.0169945275384726
"LINC00313",0.0169913642780169
"ZNF12",0.0169327072593381
"BPIFB4",0.0169259389370248
"KRTAP5-5",0.0169111899582674
"RPL7P43",0.0169111899582674
"RN7SL52P",0.0169111899582674
"IRF2BP2",0.016902682890283
"CEP57",0.0168857100339003
"PRRG3",0.0168729401626653
"CES1P2",0.016838584553082
"PSMC4",0.0167644749082121
"C3orf80",0.0167066308444375
"RNVU1-28",0.0166536006097755
"PNKD",0.0166328336329807
"SDC2",0.0165904861586056
"RN7SL752P",0.0165443636129041
"LINC02271",0.0165443636129041
"ZNF90P3",0.0165443636129041
"BIVM",0.0165353619738861
"RPS3AP13",0.0165250053092205
"DZIP1L",0.0165080255700247
"SDCBPP1",0.0164828021192814
"CCDC170",0.0164589090594657
"RABEP1",0.0163826197946113
"DHODH",0.0163783505766587
"NAA50P2",0.0163686415611525
"CYB561A3",0.0163679275452021
"UNC13B",0.016363604801805
"CUBNP2",0.0163408234955704
"MTND4P10",0.0163395478511814
"MTND4LP21",0.0163395478511814
"RNA5SP443",0.0163395478511814
"RPL7AP35",0.0163141459361488
"TEX36",0.0163141459361488
"LINC00440",0.0163141459361488
"RNF150",0.016312728204734
"AXIN1",0.0162567830599423
"SLC16A6P1",0.0162484136564821
"TREM2",0.0162372787364585
"THRB-IT1",0.0162328934229259
"SCYGR8",0.0162282593103087
"GSTT4",0.0162282593103087
"VDAC1",0.0162050095369264
"TMX1",0.0161949640455733
"LINC02253",0.0161557266098839
"HDAC10",0.0161552944225461
"RNU5D-1",0.0161299474069277
"LINC02818",0.0160829278007276
"OR4C3",0.0160829278007276
"TCL1B",0.0160829278007276
"DIRC3",0.0160539172931052
"KRT2",0.0160480252859731
"KRT127P",0.0160438177915887
"TMIGD1",0.0160438177915887
"OMP",0.016031672549684
"ADH5P3",0.0159679184910058
"NGRNP4",0.0159679184910058
"RPS5",0.0159617870404871
"CCND3P2",0.0159492766216306
"HNRNPR",0.0159466764456835
"TRIM33",0.0159242232587153
"OR10J1",0.0159102514960989
"CYP2B6",0.0158902658159254
"PRSS21",0.0158162687258309
"RAB15",0.0157939988068713
"AKR1E2",0.0157883271253216
"LINC03003",0.0157666340997597
"EIF3B",0.0157572572329403
"ZBTB20-AS2",0.0157226668214733
"VOPP1-DT",0.0157105759007986
"TERF1",0.0156950618755536
"MIR9-1HG",0.015680921168309
"SPHKAP",0.0156415088393899
"LINC03071",0.0155986571656466
"RBMY1KP",0.0155986571656466
"TOB1-AS1",0.0155674126760898
"NFATC2",0.015556802870857
"RSL24D1P1",0.0155277870141852
"RNU6-591P",0.0155132413622265
"C12orf50",0.0155132413622265
"BCAP31P2",0.0155132413622265
"MIR4530",0.0155132413622265
"ARL4AP4",0.0155064304833379
"TXNP4",0.0155029734287042
"RPS27AP19",0.0155014300769463
"CDC26",0.0154680940866795
"PIK3R1",0.0154524343745351
"CLEC12B",0.0153454340615817
"PPP2R3C",0.0153368867858677
"TRIB2",0.0153117392629793
"FAM162A",0.0152800987317219
"SIGLECL1",0.0152673502502254
"STX7",0.0152645052072258
"CAMK4",0.0152466485990376
"CAMSAP2",0.0152326127623598
"OR2A7",0.0152132240077114
"SECISBP2",0.0152081895234028
"LINC02627",0.0152009585813655
"DDX51",0.0151990820548174
"SLC35A3",0.0151762660830975
"SUSD5",0.015161117319409
"CCDC34",0.0151220775581985
"RPL13P12",0.0151217686225537
"MYORG",0.0151177839920871
"RRP8",0.0150968732780016
"C1RL",0.0150719401021896
"SLCO4A1-AS2",0.0150499629242828
"VIM",0.015049735461893
"HNRNPA1P19",0.0150309307923751
"ELMO2",0.0150143557147283
"GOLGA8S",0.0149787392077614
"EEF1GP5",0.0149785344378533
"CMTM6",0.0149309094181759
"NARS1P2",0.0149216303603285
"ST13P13",0.0149216303603285
"LINC02396",0.0149216303603285
"HCAR1",0.014915255232481
"TRBV5-4",0.0148989960946127
"PCNX4-DT",0.0148866238540365
"UBE2V2",0.0148440141332885
"METTL3",0.014839975304402
"KLHL20",0.0148097750086702
"TOP6BL",0.0147672562389979
"SV2B",0.0147513890843874
"RNU6V",0.0147319877551271
"GPHB5",0.0147311789126707
"SOCS4",0.0146613529903614
"FAM237A",0.0146564980657199
"ST13P16",0.0146564980657199
"ENPP7P1",0.0146564980657199
"ANKRD26P2",0.0146564980657199
"FMR1",0.0146545286833938
"FAM200A",0.0146316484960735
"CICP12",0.0146095291420738
"RPL36P18",0.0146095291420738
"RNU1-119P",0.0146095291420738
"FTH1P24",0.0145934356448578
"PHF20",0.0145801749000215
"FOSL2-AS1",0.0145543098364128
"HMMR",0.0145314570802903
"SLC39A14",0.0144517398931924
"MIR548D2",0.0144343301486201
"MRPL58",0.0144111761311429
"TNS2-AS1",0.0143855460274489
"TRBV7-4",0.0143830300343854
"RPL23AP46",0.0143708314952274
"MTCYBP5",0.0143708314952274
"KRTAP27-1",0.0143708314952274
"FOXD2",0.0143658308940432
"TTF1",0.0143630456125415
"LINC02217",0.0143447817716715
"TMEM223",0.0143447406308841
"ZNF385C",0.0143421925331756
"MTND1P5",0.0143149371933761
"RNU6-1027P",0.0143041666989654
"HMGN1P14",0.0143041666989654
"LINC00368",0.0143041666989654
"LINC01673",0.0143041666989654
"PDE6H",0.0142956656713277
"NAB1P1",0.0142946860816027
"ANKRD20A17P",0.0142741384264762
"SAE1P1",0.0142459414110582
"H2BC13",0.0142426035514817
"RN7SL771P",0.0142344795238979
"PCDHA4",0.0142148741156618
"RNA5SP166",0.0141940716221307
"ZNF680P1",0.0141940716221307
"OR56A1",0.0141918382184014
"DHRS7B",0.0141694092972416
"LINC02167",0.0141082783131782
"SKIDA1",0.014090478183317
"MMP2-AS1",0.0140653760857044
"TAFA5",0.0140574746317745
"ACTG1P23",0.0140504367358905
"SLC39A4",0.0140280785034302
"MMP8",0.0140142585461929
"SELENOK",0.0140100178245754
"ZDHHC7",0.0139891470250657
"CEBPZOS",0.0139669676475923
"MUC13",0.0139579905464423
"TUBB8P8",0.0139152255778932
"NTAN1",0.0138884403827249
"LINC00299",0.0138483648681031
"POMK",0.0138017650940942
"NFIA",0.0137653491583064
"LINC00907",0.0137404555950091
"FADS6",0.0137395240782253
"PLEC",0.013726135547541
"RN7SL67P",0.013686556184699
"UBE2D4",0.0136589179625142
"FAM9C",0.0136187054093011
"SLC44A4",0.013609121676845
"HUNK",0.0135920448894349
"FLVCR1-DT",0.0135834700890603
"TBC1D23",0.0135807579635098
"KRT18P12",0.0135418785958397
"C3orf70",0.0135086375982257
"SPA17",0.0135069332594796
"MTUS1-DT",0.013506370164751
"VCP",0.0134941196052952
"LRRC10",0.0134392528354655
"TTN-AS1",0.0134383123786493
"NOCT",0.0134274154068547
"RNF130",0.013422532677144
"GXYLT1",0.0134096443696802
"SPACDR",0.0133633847189449
"ST8SIA5-DT",0.0133424055196157
"CDK19",0.0133146442831181
"LRRC56",0.0133141616633029
"UBE2Q1-AS1",0.0132949683106304
"HCP5",0.0132548205473258
"ATP2C2",0.0132547479158377
"MED9",0.0132081516303577
"RNA5SP39",0.0131853458262952
"NARF-AS1",0.0131685950699406
"TMEM268",0.013124675762527
"RBM19",0.013078292545968
"EMC2",0.013062892733239
"FAM207BP",0.0130271178884567
"ENSAP2",0.0130084723110127
"CEP170",0.0130029038815434
"TTC21A",0.0129898803660618
"LINC01162",0.0129731111772263
"ABLIM1",0.0129359684906696
"NHP2P2",0.012934634301725
"IMPG1",0.0128866722639503
"NPRL3",0.0128328389985847
"GLTPP1",0.0128320356576839
"LINC01626",0.0128036384406114
"ZNF789",0.0128035695031825
"SYF2",0.0127857392040146
"ZNF182",0.0127836886041722
"HEXIM2-AS1",0.0127403410319071
"LINC01516",0.0127277907685594
"TRAJ48",0.01270742481346
"NDUFS2",0.0126853159262461
"P3R3URF",0.012620872518361
"RNA5SP298",0.012620872518361
"RHPN2P1",0.012620872518361
"MS4A10",0.0126132801226008
"LUC7L3",0.0126051138736925
"TCEA1P2",0.0125686086854133
"C14orf178",0.0125624640090154
"TMLHE-AS1",0.01256140415998
"LRRC2P1",0.012463838365893
"IQCF2",0.012463838365893
"HNRNPA1P32",0.012463838365893
"MST1P2",0.0124495747171104
"PPT2",0.0124321087617263
"PCDH19",0.0124045818328521
"MIR3945HG",0.0123683301746719
"ENTREP1",0.0123680737445416
"RPL7P45",0.0123263176411808
"EXT2",0.0123148151460697
"SLC47A1P2",0.0122581654910431
"TBX6",0.0122534496131106
"SMAD2",0.0122467939679768
"MAGEH1",0.0122297446166919
"AGRN",0.0122192131963774
"RN7SKP263",0.012216965206828
"TRAJ56",0.0122083297859284
"KPNA1",0.0121700158503036
"KPNA3",0.0121661714231534
"PRKAR1AP1",0.012166085660157
"OR2B7P",0.012166085660157
"LNCDAT",0.012166085660157
"HNRNPLP1",0.012166085660157
"OR1L6",0.012166085660157
"PDCD5P1",0.012166085660157
"GTF2IP6",0.012166085660157
"TMEM88",0.0121146427922852
"SUCNR1",0.0120618748585979
"GLYATL3",0.0120086507361362
"PINK1-AS",0.0120005782192704
"LINC01139",0.0119981489272923
"MRFAP1",0.0119925925026877
"MRPL39",0.0119691767182319
"MTF2",0.0119477251364175
"SKOR2",0.0119314109654603
"ABL2",0.0119303317810487
"VTI1B",0.0119181542032634
"CUL1",0.0119148551597473
"PPIAP35",0.011846421455899
"TRMT10B",0.0118330399557875
"TRMT10C",0.0118133705906401
"NCOA4P3",0.0118132986776858
"CHST1",0.0118132986776858
"LINC00383",0.0118002815920383
"UBE3C",0.0117361144380639
"TTLL9",0.0117326801727603
"EMC10",0.0117282215173612
"TAF8",0.0116868248123482
"RIOK1",0.0116532168755991
"STX16-NPEPL1",0.011646293485197
"PHRF1",0.0116310285753681
"LINC02817",0.0116170100649446
"BAZ2B",0.0116033888946008
"CLDND1",0.0115834155220741
"PRPF38B",0.0115226703293332
"MORC3",0.0114888126455208
"NCAPD3",0.0114252310856473
"CDCA4",0.0114181464421132
"TMCO1",0.0114093055847579
"ARID1B",0.0113800081083646
"SMTNL2",0.01137295414205
"MRPS30-DT",0.0113695815160475
"POLR2I",0.0113671866501746
"F10",0.0113147824862014
"C4A",0.0113044514954523
"GTSF1",0.0112788931315532
"ALCAM",0.0112429343303334
"SEMA3A",0.0112080191188141
"CCND2",0.0112007178021025
"RPL31P35",0.0111816463363312
"KRT74",0.0111816463363312
"LINC01567",0.0111816463363312
"FDX1P1",0.0111512019056617
"CATSPER1",0.0111471376303169
"RESF1",0.0111206815194715
"POP4",0.0111080688249674
"CDK11B",0.0111029082102853
"MTATP6P1",0.0110746603544634
"LINC02916",0.0110293831440613
"LINC01267",0.011015394592187
"DUSP12",0.0109928027852205
"GFI1",0.0109757226467744
"CASP8AP2",0.0109726168434716
"MBD3L3",0.0109631543610841
"PAAF1",0.0109409251401528
"MKNK1-AS1",0.0109141888644233
"RPL5P34",0.0108953887862894
"SLC6A4",0.0108885167092663
"MACF1",0.0108787557247235
"NDUFAB1",0.0108761998244944
"MRPS36P1",0.0108727549697607
"COQ10BP2",0.0108727549697607
"MTCO1P57",0.0108727549697607
"KRT18P68",0.0108727549697607
"SLC34A3",0.0108727549697607
"LINC01232",0.0108650386961497
"NAXD",0.0108223557882995
"PPP1R2C",0.0107801312493881
"LHFPL6",0.0107644695875237
"LINC01758",0.0106903682034046
"AADACL4",0.0106903682034046
"RCN1P1",0.0106903682034046
"PRKAR2B-AS1",0.0106896699706375
"CHCHD3P3",0.0106888857916195
"OIT3",0.0106850111590271
"PSMD4",0.0106505977450038
"BCCIP",0.0106390495347771
"ZSCAN18",0.0106382979973264
"CHORDC1",0.0106013553590187
"USP9X",0.0105475801292806
"LINC01900",0.01054456393634
"CENPCP1",0.0105243834844887
"HNRNPA1L3",0.0104688166955487
"DPEP2",0.0104494100297519
"LTBP1",0.0104258155533154
"LINC01890",0.0104214718364544
"CCT6P2",0.0103756660409107
"WDR45B",0.0103474365140422
"TXNDC12",0.0103458400695953
"RANBP2",0.010341675012124
"FRG1EP",0.010320023167359
"PARP1P1",0.0103189657805569
"LANCL1-AS1",0.0103038331518333
"LINC01123",0.0103036062724999
"LEO1",0.0102995781578438
"AGBL5-AS1",0.010281108402867
"LINC02471",0.0102707401534691
"NCK1",0.0102335903202208
"FAN1",0.0101861703121011
"BARD1",0.0101702580724573
"RNU6-1153P",0.0101381135467986
"RNF14P3",0.010049775636856
"ABALON",0.0100301816128389
"TCF19",0.010030100170415
"RNU4-1",0.0100271238242958
"ZNF423",0.00999781641155211
"SSBP2",0.00999727449393792
"CDK18",0.00996575526977968
"TBCA",0.00995809504741744
"NDUFC2",0.00995167691678094
"YES1P1",0.00994875454910088
"MPL",0.00993876363364831
"PRELID1P4",0.00992787971078492
"ELAPOR2",0.0099099479799949
"HNRNPA1P55",0.00990949819859882
"USP7",0.00989429935567759
"C11orf40",0.00987050641130738
"COPS6",0.00986777492137514
"ARHGAP27",0.00985693999833133
"COPB2-DT",0.00980991397161261
"C3orf49",0.0098057367631321
"LINC02890",0.0097985535529333
"ATXN7L1",0.00976262128816129
"LINC02490",0.00970855458251238
"SLC35B4",0.00970803320879341
"MOCS1",0.00970723289911015
"SIRPD",0.00965876772109143
"TPM3P7",0.00964397642289431
"NXPE3",0.00963280357296551
"SUCLA2",0.00961098027311404
"RYR3",0.0096065687912689
"PARL",0.00960615562689269
"CTCF",0.00959106873481853
"TRAV8-1",0.00956257323996694
"IGHV3-54",0.00954625571653584
"PRSS54",0.00954625571653584
"OFD1P3Y",0.00954625571653584
"IGLV3-32",0.00954625571653584
"ANGPTL5",0.00953031585786047
"NAA25",0.00952124636826962
"CMC1",0.00950965201304578
"WSB1",0.00950195717636104
"MYL12B",0.00949120953248757
"TRIM23",0.00949091453891556
"B3GNTL1",0.00948428592621317
"LPCAT1",0.00946899302368326
"FNDC8",0.00945948479047365
"TMC2",0.00945840233785778
"SPCS3",0.00945794568716293
"KIF18A",0.0094564092214238
"LRRC8C",0.00943359542865599
"ST13P10",0.00943229922118971
"SERPINB12",0.00942754113973801
"BCHE",0.00942391124065246
"SRSF8",0.00938025888842949
"CTNNB1",0.00937481980784347
"HNRNPA1P41",0.00936711791755751
"PHB2",0.00934830017175718
"ADAMTS7",0.00934614730409074
"CCDC32",0.00933618037435883
"CREG2",0.00933397517809459
"GPN3P1",0.0093221402258917
"LINC00934",0.0093221402258917
"KASH5",0.00932026978155053
"RNY1P13",0.0093191395629256
"PDE1C",0.00931229780105896
"KIAA2012",0.00927374761236438
"CD58",0.00925925121302889
"EDIL3-DT",0.00924872984017366
"SEC23A",0.00922440467942601
"FXYD6-AS1",0.00920571247817037
"B3GAT3P1",0.00918724286161604
"LINC01191",0.00918463844904207
"LINC02037",0.00918463844904207
"NOS2",0.00918463844904207
"XAF1",0.0091833877512121
"ANKRD52",0.009181629950325
"APAF1",0.00914926044840286
"PIEZO1P2",0.0091062550831991
"MFFP1",0.00909673834294344
"RAB2A",0.00908833998273168
"NUDT19",0.00908611961010475
"RASL10B",0.00907065563060988
"LACRT",0.00906542841807142
"MED27",0.00902484662886789
"BRIX1",0.00902467725994399
"LINC01697",0.00900531313336893
"NFU1",0.00899473021266351
"MDM1",0.00899435729679949
"GLYATL1P2",0.00897668182297673
"CNOT7P1",0.00895848918477791
"PHF20L1",0.00895454881479347
"RPL5P11",0.00894668596608501
"RNU6-580P",0.00893309955891666
"MYT1L-AS1",0.00893309955891666
"PGAM1P4",0.00893309955891666
"VSTM5",0.00893309955891666
"GLE1",0.00891928377502918
"UFM1",0.00890574573514101
"LINC02609",0.00889481318124014
"ATP9B",0.00887004563469352
"NPM1P13",0.00885947858630584
"RPL21P85",0.00885947858630584
"RPL35AP27",0.00885947858630584
"RPL18AP17",0.00885947858630584
"RNA5SP430",0.00885947858630584
"SNORD91A",0.00885947858630584
"SYT1",0.00885510926148013
"RPL17",0.0088538548942091
"TRIM24",0.00884670859109473
"PPP1R8",0.0088333550005186
"SH3KBP1",0.00876522746984421
"CIAO2AP2",0.00876044424675998
"KLF2P4",0.00875861597357578
"RECK",0.00875585982335335
"ZNF526",0.0087496543816044
"SDHCP2",0.00873781440733674
"ASAP1",0.00873744552939976
"USP8P2",0.00873558027927545
"MAL2-AS1",0.00873558027927545
"LYZL1",0.00873558027927545
"OR4K4P",0.00873558027927545
"ARHGAP9",0.00873331371934173
"TFRC",0.00869519107366098
"FOXN3",0.00868015932297143
"MAILR",0.00866597382244604
"ASB8",0.00865861271582466
"EPB41L4B",0.00860444548461887
"SEPTIN7P3",0.00859610357886795
"MTIF3",0.00857564022554915
"ESD",0.00856478099149685
"VRK2",0.00855436872211333
"ZFC3H1",0.00855433363629413
"LINC02739",0.00853081485263989
"ISCA1P2",0.00852917007188476
"CNTNAP3P7",0.00852917007188476
"LINC00392",0.00852917007188476
"IGHV3-63",0.00852917007188476
"WDR45BP1",0.00852917007188476
"TRIM38",0.00852261973290415
"HLA-DPA1",0.00851703733314567
"RPL21P87",0.00850330727133942
"SIK3",0.00849729309169721
"HORMAD1",0.00849711232986879
"MTCO1P2",0.00846698756611518
"DUSP16",0.00846533739060115
"LPAR3",0.00846334068896964
"GTF3C3",0.00842863261753016
"UVSSA",0.00842680863812718
"EFCAB10",0.00841036134449265
"SLC10A1",0.00840521173098206
"OR1I1",0.00839407252003917
"MCOLN2",0.00839306109494098
"SNHG11",0.00838397198578552
"LINC00955",0.0083641257762416
"CP",0.00835698951690289
"KRBA1",0.00834696017487781
"GPR151",0.00833450711841082
"RPA3",0.00832859595708849
"HOOK3",0.00832648826826386
"PRICKLE2-AS3",0.00829727670806971
"ICE1",0.00828195101598546
"GOLGA6L10",0.00827406455480868
"TMA16P1",0.00826529816390325
"MPPE1P2",0.00826529816390325
"YAF2",0.00823660348857419
"PIK3CG",0.00823566209591442
"MAPKAPK2",0.0082117648704328
"TRAV27",0.0082094072604121
"RABGGTB",0.00820548676806585
"LINC00702",0.00820104805013309
"EIF5P1",0.00818958480401201
"FBXO7",0.00818709793021798
"SAT2",0.00818552377364842
"GNAQ",0.00811529015255554
"TTC1",0.00809959505599443
"IRAG1-AS1",0.00808966065417998
"ERI1",0.00804428891449225
"LAMTOR5",0.00802820159546777
"CRLF3P3",0.00802619194157221
"NTAN1P2",0.00802405133761156
"OR2AL1P",0.00802250424305546
"RMND5A",0.00801292081061834
"ZBTB41",0.00800402897535287
"MARCOL",0.00800211467961338
"CDC42EP1",0.00799452142495996
"CYFIP1",0.0079907699509484
"CCDC137P1",0.00797964936014097
"EDRF1",0.00795777480743048
"UNC5A",0.00795612692152019
"CYLD",0.0079350497814915
"FDX2",0.00793072756329327
"IGHV3-79",0.00790184208737851
"RTF1",0.00787533545148199
"ANXA2",0.0078645794889828
"ATM",0.00786354772316455
"RPL37P2",0.00785763431602572
"IGKV1-22",0.0078448014977471
"DPPA4P2",0.0078448014977471
"RIC3-DT",0.0078448014977471
"SSTR2",0.00784442037397269
"OSTCP4",0.00783330467926934
"LTV1",0.0078329041382096
"INHBB",0.00783077819759969
"PABPC4L",0.00783077819759969
"RPS26P56",0.00783077819759969
"HNRNPA1P53",0.00783077819759969
"OR4D7P",0.00783077819759969
"RPS3AP36",0.00783077819759969
"UFM1P2",0.00783077819759969
"SPACA3",0.00783077819759969
"BPIFB5P",0.00783077819759969
"SIGLEC24P",0.00783077819759969
"TRAJ57",0.00781526586041685
"KPNB1-DT",0.00781380113929742
"TYMS",0.00780775005627945
"C2-AS1",0.00780362374997227
"EGR2",0.00780280961809608
"LINC01397",0.00776820498445762
"FAM230A",0.00776710815336051
"PSMA6",0.00775502072743571
"CCDC62",0.00769204052714275
"OR13G1",0.00769180431912579
"PRR23B",0.00769180431912579
"GSTM2P1",0.00765329228023541
"MIS18A",0.00765203924043744
"C2CD5-AS1",0.00763850194980468
"SSPOP",0.00762947879918922
"RN7SL656P",0.00762565978631607
"TMEM30B",0.00762114082249484
"NHP2P1",0.00760605732442754
"NAT8L",0.00759839637751073
"C5orf34-AS1",0.00759251202990624
"TWSG1",0.00756778250274176
"ZNF649",0.00755306518408374
"HOGA1",0.00752979942194627
"SLC9A8",0.00752878924143864
"SMG1",0.007490208056011
"TRNT1",0.0074062690316976
"DCAF8",0.00739700799964117
"SAP18P2",0.00734123464483223
"RN7SL578P",0.00734123464483223
"MIR7160",0.00734123464483223
"RNU6-343P",0.00734123464483223
"ATP5PBP7",0.00734123464483223
"LYPD4",0.00734123464483223
"DHX15",0.0073308572816599
"NOP53-AS1",0.00732747198116755
"CCNL1",0.00732693178731636
"CACNG8",0.00729970645492155
"LINC01503",0.00729797647090545
"LINC02802",0.00727189723272582
"MAJIN",0.00721998298422808
"DAZAP2P1",0.00718730928687203
"ARID2",0.0071828716155585
"IDS",0.00718230627275485
"HOOK1",0.00716709364365166
"MAPKAP1",0.00716360036676815
"C22orf15",0.00715491496866061
"KCNQ5-AS1",0.0071446400420346
"PTMAP4",0.00714287230621521
"KDM4A-AS1",0.00712760843259739
"MAT2B",0.00712553690831774
"MRPL40",0.00709194923150494
"ASCL2",0.00708778540361115
"PPP1R13L",0.00708571716338735
"RTRAF",0.00707969547298845
"SLC25A13",0.00707392746496483
"ZNRF3-AS1",0.00705533088243394
"DDX17",0.00704745825819213
"PRR14",0.00704623599773036
"ARID5B",0.00702394045160541
"OTC",0.00697589337428749
"ADAMTS13",0.00697352784335009
"CFL1P3",0.00695458452279732
"PRAMEF35P",0.00694916823802791
"LINC00395",0.00694916823802791
"DLK1",0.00694916823802791
"LINC01892",0.00694916823802791
"ZNF516-DT",0.00694916823802791
"LRRK1",0.00694125146645924
"MIR4263",0.00693454594721022
"LINC02045",0.00693275601781363
"HMGB1P46",0.00693275601781363
"FARP1-AS1",0.00693275601781363
"GPR65",0.00689292509498564
"RPL23AP71",0.00688222915448617
"ZZEF1",0.00687400716463972
"FAM24A",0.00685135742561562
"THAP9",0.00684226559272281
"SLC5A4P1",0.00682765502676638
"USP4",0.00682576804191415
"ZC3H7A",0.00682459891357379
"IGFLR1",0.00679440756581414
"GARRE1",0.00679034212091942
"ARHGEF5",0.00678042708923574
"ZNF831",0.00676996029555773
"MSH5",0.00675771287929067
"MT1HL1",0.00675415873915222
"KCNMB2",0.00675415873915222
"RPS3AP16",0.00675415873915222
"RNY3P1",0.00675415873915222
"MIR6858",0.00675415873915222
"RPL23AP96",0.00675415873915222
"MIR1302-1",0.00675415873915222
"IGHV7-81",0.00675415873915222
"LILRA2P1",0.00675332686896782
"RPL7AP33",0.00675332686896782
"RN7SKP299",0.00675332686896782
"RNA5SP453",0.00675332686896782
"ASCL5",0.00673047671414617
"SNHG27",0.00671261583846406
"SERPINE3",0.00669272359146167
"RPL7P8",0.00668372086203976
"MSI1",0.00666055078239581
"DNTTIP1",0.00664202768712571
"PITPNM2",0.00662686303138203
"DDTL",0.00659428438802472
"PEX11A",0.00658051901433535
"UBL5P2",0.00656632874781068
"PDE6C",0.0065503307286892
"DEDD",0.00654768251915491
"FCRL6",0.00652935923799929
"LINC01400",0.00652763251566773
"LDHC",0.00652560238514568
"PCBP2-OT1",0.00647921948033759
"MYHAS",0.00647762369903812
"RPS27P7",0.00646186567079648
"EWSAT1",0.00642047421224679
"MIR7515HG",0.00641039146347743
"SDK1-AS1",0.00636407185280149
"MICA-AS1",0.00634812457650278
"ATF5",0.00632556155077618
"HSPD1P12",0.00632490022833161
"ACTR3",0.00632337645859069
"CSRP1-AS1",0.00631535176703664
"C3orf85",0.00628183465711797
"LIN7C",0.00628101417283919
"DMAC2",0.00624625210715387
"ZKSCAN7",0.00623976464051195
"CIR1P1",0.00622647411043242
"TXLNA",0.00619924615733984
"ARAP2",0.00619586166756152
"CALHM6",0.00616693134653402
"UGT2B4",0.00616333151856615
"KIF26B-AS1",0.00611469797264861
"ACVR2B-AS1",0.00611469797264861
"ST13P11",0.00611469797264861
"FZD10",0.00611469797264861
"RPL23AP97",0.00611469797264861
"TMEM238L",0.00611469797264861
"FAM136EP",0.00611469797264861
"SPTSSA",0.00611305608203707
"CXCL1",0.0061079906089739
"NXT1-AS1",0.0060892649641786
"WNT5A",0.00608707936377139
"GIPC2",0.00607639317058825
"BLOC1S6",0.0060601037241212
"FMN1",0.00605330753802874
"PTGER3",0.00604246748775755
"RN7SL396P",0.00604246748775755
"ENPP7P6",0.00602828780822435
"RPL34P31",0.00602533796196486
"LNX1",0.00600949373010996
"BPGM",0.00600688583036627
"RSBN1L",0.00599677175895627
"ARPC5L",0.00599041444175535
"ALOXE3",0.00598182248930387
"MTCO2P12",0.00597483170748908
"GPNMB",0.00597477445752702
"CFAP20DC-AS1",0.0059643669529804
"TOMM22",0.00593385891193215
"TAS2R14",0.00592984199491769
"MIR1244-4",0.00592648434106368
"ETF1P1",0.00592258468129798
"BEX2",0.00590750634163279
"DIXDC1",0.00590637932715319
"LINC02796",0.00589763096608057
"DBX2-AS1",0.00589391225455749
"GCLC-AS1",0.00585847494509329
"CSAD",0.00582014430158724
"TPT1P6",0.00580258957889034
"RPS2P48",0.00579772726174777
"CDK9",0.00575289472846398
"PELI1",0.00574872349633811
"NDEL1",0.00574784195421779
"DYNAP",0.00572322491205222
"LINC01015",0.00571466487775901
"PSIP1",0.00570641488029369
"QRSL1P3",0.00569885601399147
"ATP5MC3",0.00567754244626841
"EIF4A1P7",0.00567533464551404
"RN7SL3",0.00566627236769894
"KCNH7-AS1",0.00565157609241211
"RPAIN",0.00564163676292489
"PHGDH",0.00564148720132141
"LIN52",0.00560919084459816
"SHISAL1",0.00557090820225756
"JMJD6",0.00554027059074022
"CDH7",0.0055375796850561
"HAUS2",0.00552949712014993
"MED13",0.00552873112235908
"CLIC1",0.0055229006740456
"IGKV3D-11",0.00551397068270243
"RAB22A",0.00547655380855588
"KRBOX5",0.00546955705939686
"AGK-DT",0.00546820995299874
"PERP",0.0054584384701506
"GML",0.0054493642755393
"KCNJ3",0.00543900858632528
"LINC01831",0.00541956195488035
"RPL35AP8",0.00541956195488035
"FKBP4P1",0.00541956195488035
"RPS23P2",0.00541956195488035
"MIR4764",0.00541956195488035
"PPP1R3B-DT",0.00539575589748629
"SYNPO2",0.00539039800875828
"UTRN",0.00538758344775408
"AACS",0.00537946824050171
"SEMA3B",0.0053631590846134
"LINC02140",0.00528217719479121
"PCGF6",0.00525176221201141
"CASP4",0.00523872465282626
"ABCC1",0.00521613135805277
"BMI1P1",0.00520101981302795
"COPS8P2",0.00517427505697302
"ATP1A4",0.00514954744909758
"PUDP",0.00511940035047118
"ZFR",0.00511482740991194
"ELF2",0.00511202719268539
"GAS2L3",0.00510469452075927
"PHF11",0.00509759790998229
"RPL18AP9",0.00509693672297141
"GSTA1",0.00508989096548586
"MIR6752",0.00508678633569086
"TLE4",0.00507200873303445
"SHOC2",0.0050536137594523
"MSN",0.00502111071434105
"RPS18P12",0.0050139172420515
"PARP14",0.00501155278484436
"LRTM1",0.00501113203486905
"LSM5",0.00499917142177092
"PDZD8",0.0049806012749831
"TEKT1",0.00496869885842906
"RNU6-349P",0.00496869885842906
"FAM98B",0.00496314087030265
"RPL21P3",0.00495938498124365
"HNRNPA1P30",0.00494172127996013
"ALDH18A1",0.0049302017571071
"LINC01493",0.00492852864915947
"NSA2P2",0.00492348480083024
"TEX55",0.00491839443325951
"RNU6-806P",0.00491839443325951
"MIR606",0.00491839443325951
"MAN2B2",0.00489573121766958
"R3HDM1",0.00489440429093934
"C5orf63",0.00486752768666362
"RIBC1",0.00483547784313667
"RPL7AP14",0.00480614957534458
"TMPRSS12",0.00480280333256038
"FAM32A",0.00480183878758184
"NFIL3",0.00479945897909283
"RN7SL670P",0.00478882239136159
"NUDT4",0.00478493637044764
"PGBD4P5",0.00476623352209956
"CAVIN2",0.00474572428174595
"CD160",0.00473137603084804
"MYL6P1",0.0047235037249509
"LINC00616",0.00471199007952983
"LINC02826",0.00470283706386281
"BRD4",0.00469047510509903
"DUXAP5",0.00467744535207001
"SSR1P2",0.00467744535207001
"IGHVIII-22-2",0.00467744535207001
"IGHV8-51-1",0.00467744535207001
"IGLC5",0.00467744535207001
"ASMER1",0.00467076829004888
"LINC02092",0.00466248040280509
"SHANK2",0.00466194439375204
"CACNG2",0.00466194439375204
"RPL5P27",0.00462943335897136
"LINC00649",0.00462635781412589
"LINC02487",0.00461831299201839
"RPL34P27",0.00461595806139514
"LLPH",0.00460848160202198
"RAPGEF4",0.00459971782391181
"UROC1",0.0045926029128423
"SLC25A41",0.00458783443838919
"SEPTIN7P15",0.00455231725023288
"PRKAR1A",0.00455091581333404
"SRGAP3",0.00453320287438681
"METTL5P1",0.00453272926053958
"FAM27E3",0.00451434378128938
"HDLBP",0.00451177898960333
"SPOCD1",0.00449726036536795
"TAL1",0.00449492027183787
"IKZF2",0.00448767610045004
"HLA-DOB",0.00448444945897337
"PRF1",0.00447794033893612
"COX5AP1",0.00446722229765429
"PDCL3P6",0.00446618781617315
"DDX52",0.0044537609076237
"LILRA5",0.00445017802070208
"SFR1P2",0.00444874726333105
"MKRN5P",0.00444874726333105
"KCTD9P1",0.00444874726333105
"GDF5",0.00444874726333105
"ELOCP29",0.00444874726333105
"ING5",0.004441308326841
"CATIP",0.00443588288933976
"POU2F1-DT",0.00443302492779085
"PPIAP66",0.00443302492779085
"RNU6-887P",0.00443302492779085
"SHISA5P1",0.00443302492779085
"CLUHP5",0.00443302492779085
"POU5F1",0.00441907916617776
"RPL5P12",0.00441686340599716
"SLC7A8",0.00440856338498267
"RTL1",0.00439707771521499
"EPCAM",0.00438561434379431
"DECR1",0.00438221071494688
"PDGFRA",0.00437157807428873
"GPR183",0.00436708757086125
"CLN3",0.00436539325865343
"C5orf46",0.00435320155346743
"SEPTIN12",0.00435285426729189
"OAZ3",0.00435065160123855
"C11orf54",0.00435013401147724
"HLFP1",0.00433778181813055
"RNU6-245P",0.00433749135310164
"THOC5",0.00433140139591262
"AP2B1P1",0.00431929189064414
"PPME1",0.00431699708170595
"DSCAML1",0.00428063687492218
"ACP6",0.00427242265392053
"LINC02555",0.00426323610398782
"FLT1",0.00426102538892171
"STAG1",0.00420879321172225
"DNAJC5G",0.00420550635029195
"CHRM3-AS1",0.00419648818880878
"MIR551B",0.00419648818880878
"PGBD4P4",0.00419648818880878
"GYPA",0.00419648818880878
"TRBV12-1",0.00419648818880878
"TRBV12-2",0.00419648818880878
"TUBBP3",0.00419648818880878
"NF1P1",0.00419648818880878
"LINC01893",0.00419648818880878
"ZNF92P2",0.00419648818880878
"FANCI",0.0041888280546711
"ANXA2R",0.00418176890676827
"SPPL2B",0.00417925530851347
"NT5DC1",0.00416718480447923
"MS4A2",0.00416615118968485
"CLEC12A-AS1",0.00414931067608059
"PAN2",0.00414863612436111
"ZFAS1",0.00413539481438182
"NCBP3",0.00411363589187319
"FLT1P1",0.00408045385657121
"FOCAD-AS1",0.00408045385657121
"SLC2A10",0.00408045385657121
"EP300-AS1",0.0040802266709887
"RSAD1",0.00407078963930091
"MTND4P25",0.0040700215770541
"SUCLG2",0.00406807229585571
"COX20",0.00406634779899744
"BSND",0.00405914436680625
"LINC00163",0.00405914436680625
"IZUMO1",0.0040590600394599
"NR1I3",0.0040579672490363
"C1orf43",0.00405150533456556
"DTNB",0.00404126700154388
"SOX13",0.00403460352788661
"FILIP1L",0.00402760924934301
"TAF5",0.00400784692937252
"NOTCH2NLC",0.00400136354337543
"OR52H2P",0.00399080960030961
"LINC00944",0.00398537464773926
"UTP23",0.0039766654551043
"ALDH1L2",0.00395230697642518
"GRB14",0.0039390856800996
"FMO7P",0.00392291703007194
"LBR",0.00392068597356174
"DLG2-AS2",0.00391788282841427
"KAT6A",0.0039123825555582
"HADHA",0.00390521480301052
"SNHG25",0.00389145041646022
"PSMA2P3",0.00387229602615766
"PPP4R2P2",0.00387229602615766
"RN7SKP25",0.00387229602615766
"PGGT1BP2",0.00387229602615766
"RPSAP1",0.00387229602615766
"C22orf31",0.00387229602615766
"LARP4B",0.00386579656746509
"ENTREP2",0.00385981558687675
"ARHGEF11",0.00384792673638332
"COQ6",0.00384504524319201
"RABGAP1L",0.00382124802028525
"RN7SL718P",0.00381146209380189
"TYW3",0.00380576777502262
"LINC00485",0.00379116213074648
"HAUS6P2",0.00378803494010273
"KRT7",0.00378796095331775
"NEURL1",0.00377339715640041
"LINC02025",0.00377030472291054
"MARVELD3",0.00377030472291054
"GPR142",0.00377030472291054
"OR4F8P",0.00377030472291054
"HCG22",0.00375970958475252
"IGHV3-66",0.00375466403142021
"DEPDC1P2",0.00374919940145408
"LINC00229",0.00373660310534915
"ABCG2",0.00369751816173259
"SERPINB2",0.00369428563685021
"SLC36A2",0.0036914646276627
"SECISBP2L",0.00369038110927646
"KIAA0232",0.00368909077575208
"AASDHPPT",0.00366215741222066
"RNU6-306P",0.00365400702623074
"RDM1P3",0.00363465998933448
"OXTR",0.00362827360893107
"RPP25",0.00362791988490873
"SPTBN1",0.00362156633486587
"NUFIP2",0.00361342551400026
"NUP37",0.00361337500360462
"FRG1HP",0.00358806204962357
"RPL31P63",0.0035809885148588
"NEURL1B",0.00357122531270792
"ENTPD4-DT",0.00357122531270792
"DTD1-AS1",0.00357122531270792
"LINC02679",0.00356414875577163
"LILRB3",0.00353466362785547
"SPOCK3",0.00352317841212324
"VCAM1",0.00352277268269813
"CDHR4",0.0035019027051736
"OIP5-AS1",0.00349898860746986
"RPL10P8",0.00348247377621615
"FAM230I",0.00347512987562409
"PTRH2",0.00346453858410383
"RPL5P22",0.0034337151836897
"POLA2",0.00339799488408101
"IGHV2-26",0.00338944985771168
"SVOP",0.0033755743485436
"NADSYN1",0.00333846342481828
"LINC01179",0.00331665405563471
"ZNF682",0.00330986329440753
"LYN",0.00329383304511735
"EP300",0.00329177577549135
"LINC00639",0.00328675970394425
"RBFA",0.00328577215805678
"CIMAP2",0.00328427983318256
"PPP4R3A",0.00325108825867703
"ELP4",0.00323849261823712
"MIR4435-2HG",0.00323808738260904
"ZNF562",0.00322704589855959
"ZNF20",0.00322135767817218
"TSBP1",0.00320931379093907
"A2ML1-AS2",0.00317608973192739
"INSIG1",0.00316394255232246
"NDUFS6",0.00314874311771965
"GAS8-AS1",0.00314215278214323
"RAC1",0.00314034070556689
"TLR3",0.00313834628499145
"MPHOSPH10P9",0.00313801429689016
"CASR",0.00313667247594469
"CBX6",0.00313101862914014
"IGKV1D-8",0.00312651680379438
"SLC10A6",0.00312651680379438
"OSTCP6",0.00312651680379438
"LINC02553",0.00312651680379438
"RPS4XP15",0.00312651680379438
"GGT4P",0.00312651680379438
"COX6CP4",0.00312651680379438
"UBE2V1P3",0.00312651680379438
"GGT3P",0.00312651680379438
"CDC42EP3-AS1",0.00312329934773454
"LINC02402",0.00309841085970191
"GPATCH2",0.00309149329075835
"PCDHB7",0.00307763204777752
"XYLT1",0.00307437567329333
"YIPF6",0.00307401210826872
"PPIAP23",0.00307378527977313
"SEPTIN2P1",0.00307307278980193
"SNRPCP13",0.00306059926103054
"ATG10-IT1",0.00306059926103054
"RPS5P8",0.00306059926103054
"HMGN2P16",0.00306059926103054
"LINC02909",0.00306059926103054
"C12orf71",0.00306059926103054
"UNGP1",0.00306059926103054
"LGALS16",0.00306059926103054
"C3orf18",0.00304745169529065
"LINC02235",0.00302806288938349
"HSPA1L",0.0030190964853774
"PPIAP6",0.00301573442001872
"COMMD5",0.00299919362786781
"TRAJ29",0.00299800076449404
"NDST4",0.00299352481928172
"AIP",0.00299316567123741
"RPL15P11",0.00298428382041297
"CD96",0.0029782136351835
"LINC00366",0.00297475233423081
"CUX2",0.00289359509859752
"RPS4XP3",0.00287896388177416
"B3GNT3",0.0028766856545639
"LINC02906",0.00286112082243459
"MAP3K3",0.00284995392557465
"RPL15P17",0.00282368756060245
"IL1RAP",0.00281688449317734
"SYNRG",0.0028097803226256
"WWP2",0.00280802792823671
"LBP",0.00280354639966094
"LINC01416",0.00280042116872693
"PNPLA3",0.00279848737419313
"IGKV2D-30",0.00279279426716403
"HEATR6-DT",0.00278870756746441
"UCK2",0.00277799940666165
"RPL31P26",0.00277680253475623
"FGF8",0.00276749608182776
"ADK",0.002765604373636
"ALG12",0.00276399349736194
"IGKV1OR2-118",0.00276237688155076
"LINC02272",0.00276237688155076
"RNA5SP239",0.00276237688155076
"SPDYE9",0.00276237688155076
"ATP5F1AP1",0.00276237688155076
"PPP1R11P1",0.00275766899777496
"PSAT1P2",0.00275766899777496
"UNC93B3",0.00275766899777496
"LYZL4",0.00275766899777496
"FGF20",0.00275766899777496
"OR52X1P",0.00275766899777496
"CRTAC1",0.00275766899777496
"ZNF692",0.00275086994232844
"PTMAP8",0.00274585710111622
"TIGD1",0.00274255805052992
"RAB11A",0.00274217720747003
"FAM120A",0.00272355793819741
"SLC27A3",0.0027208900919103
"ZSCAN23",0.00271435066895201
"CBL",0.00271271966368696
"RPL23AP43",0.00270067026298111
"RHOA",0.00269941947384671
"TARBP1",0.00268082060668546
"RPS2P2",0.00267704687794393
"GYG1P2",0.00267623907029424
"DDX50P2",0.00264097103253294
"CUL3",0.0026254721745719
"RXFP2",0.0026248682938801
"RPL23AP75",0.00261288558333474
"TMEM232",0.00261184121109119
"LDHBP2",0.00260828890365279
"SNX5P2",0.00260818849480325
"KRT27",0.00260119940450833
"LHFPL3-AS1",0.00260029403216922
"CAP2",0.0025981310190753
"ZNF773",0.00258449780105503
"NBEAL1",0.00256743746729003
"MRPS18CP6",0.00255566680806208
"GBX1",0.00255312671289855
"RIOX2",0.00255084803635787
"ZNF252P-AS1",0.00255016673777015
"CYP3A5",0.0025489371832592
"TSC22D2",0.00254144603803234
"RDH11",0.00252369252734339
"NDUFAF6",0.00251763964553873
"UBXN1",0.00250883875786372
"BRWD1",0.00250170822758336
"GPRACR",0.0025008238244541
"CBR3",0.00249735354442469
"INPP4A",0.0024915184506685
"SENP3",0.00248828328582543
"LINC01477",0.00247418011516389
"LINC00243",0.00246895811287998
"RPL21P51",0.00246789369493744
"TUBA5P",0.00246080796051192
"RNU6-1081P",0.00246080796051192
"CFAP144P2",0.00246080796051192
"MEAF6P1",0.00246080796051192
"IGKV2-4",0.00246080796051192
"SDHDP2",0.00246080796051192
"MTND4LP32",0.00246080796051192
"MTND4P4",0.00246080796051192
"SEPTIN7P5",0.00246080796051192
"GRAMD4P7",0.00246080796051192
"LINC01901",0.00246080796051192
"RNU6-431P",0.00245360291177776
"RPS26",0.0024500890536117
"INTS8",0.00243495262572008
"MAP9",0.00240938084982848
"MCUB",0.00240801985301628
"PRLR",0.00240535803094016
"FECHP1",0.00240331654723666
"MICAL3",0.00239728574186112
"GRK3",0.00237515544583981
"DND1P1",0.00237327437903278
"EXTL3-AS1",0.00236988907211975
"SPEF2",0.00236534034888241
"ELFN2",0.00235496677145247
"MTUS2",0.00234883209322187
"ANGEL1",0.00234576084795696
"SMAD7",0.00234533045493328
"NGF",0.00233937204208214
"LINC02409",0.00233937204208214
"LMO4",0.00232633982948542
"SLC7A11",0.00231897522487389
"RPL31P18",0.00231681759946055
"TBC1D3G",0.00231333065235915
"CCNB1IP1",0.00230449593496377
"COQ5",0.00228961136203811
"PDXK",0.00227709912976366
"TP53RK-DT",0.00227680874706471
"SELENOW",0.00225685948018759
"RBM22P5",0.00224664517367013
"RMC1",0.00221730532961918
"TLE6",0.00221015970603434
"MAP3K1",0.00220070237878511
"ZNF561",0.00219638731603721
"RAB30-DT",0.002190958339235
"LINC02024",0.00219005904794822
"DCBLD1",0.00218061407484127
"SOD1P3",0.00217684021220111
"HLA-S",0.00217337392018007
"ARL8B",0.00216562427023487
"SH3BGRL3",0.00215996370764847
"GLTP",0.00215831459374514
"ZFYVE9",0.0021512840553197
"ERN1",0.00214947963941195
"PADI1",0.00214051874203751
"NKX6-2",0.00213668437094135
"RPL13AP16",0.00212812090901263
"NOX3",0.00212663712716933
"TRGV10",0.00209739185018313
"VAPA",0.00209651840487973
"PNLIPRP2",0.00209469645085603
"MANF",0.00208248394304744
"C1orf105",0.00207794902279896
"ANKRD45",0.00207794902279896
"IUR1",0.00207794902279896
"HPYR1",0.0020703773860912
"LINC01124",0.00206563122882048
"CST7",0.00206561438367058
"KIAA0319",0.002063152890362
"CHRM4",0.00204744740879023
"RPL7AP27",0.00204339124339487
"HINT1P1",0.00203560747397258
"OR4E1",0.00203268312037715
"FTLP2",0.00201313706041463
"BAZ1B",0.00200853249068647
"RGPD5",0.00200312011658184
"PPP4R2",0.001975366553284
"GMPR2",0.001974443301987
"C1orf35",0.00197439547386271
"RABL6",0.00195728150731479
"TIMM23",0.00195411353157479
"WNK1",0.0019482372908667
"ANKRD20A21P",0.00194701222168136
"TC2N",0.00194144453267671
"POLR2B",0.00193065634526481
"FABP1",0.00192706321138678
"SMIM31",0.00192533055179403
"SAMD3",0.00191222275983013
"UFD1",0.00187266939696529
"LINC01277",0.00186510042359537
"GLCE",0.00186499550897941
"CCR8",0.00185245171241904
"CD2",0.00184849556272691
"RPL19P16",0.00184527690789913
"SOX12",0.00183698915260864
"SLC38A4-AS1",0.00183536944622091
"PDXDC2P-NPIPB14P",0.00183001603435359
"CDKN2D",0.00182552759407707
"THRB-AS2",0.00181531646029905
"AKTIP",0.00179486172087893
"CWC22",0.0017907242361673
"ERCC6L",0.00178657738040707
"LNCRNA-IUR",0.00177951030608483
"SNHG16",0.00177816401580575
"PTPN11P3",0.00176955722452995
"FCRL4",0.0017609406187077
"PDZD7",0.00175616679239296
"RPL6P13",0.00174596305329341
"SP140",0.00172944910690214
"YWHAQP10",0.00171222390706363
"STK33",0.00171082122889725
"HS6ST1",0.00168259907326315
"NBPF12",0.00167026540288938
"CLOCK",0.00166758796336341
"CTIF",0.00166022165659828
"LINC01441",0.00164770247243064
"PRDM14",0.00164491279037624
"HIGD1AP12",0.00161904856240983
"SKIC3",0.00160892203708704
"STAU2-AS1",0.00158604808707524
"SH2D4B",0.00157950028275316
"ZNF830",0.00155658400328711
"DFFB",0.0015345223117687
"TNFAIP8",0.00153417252923158
"PTPRD-DT",0.00151951781937344
"RPL29P12",0.0015113185631493
"BTN2A1",0.00150697999609755
"DGCR6",0.0015064987936594
"GVINP2",0.00148188269612133
"CPM",0.00148021132610323
"NSL1",0.00147403396842172
"SLC25A35",0.00146322941662508
"PATJ-DT",0.00145984855557744
"LINC01415",0.00145681039725719
"RPL36AP26",0.00144713741124432
"ADAMTS8",0.00144329975666834
"RDH13",0.00143466371428413
"XPC-AS1",0.00142814720097081
"CD163L1",0.00141787862182494
"LOXL3",0.00139340808728637
"TLK2P1",0.00138797410826292
"TRAV26-1",0.00138643080802635
"SEC11A",0.00138232544156023
"GZMH",0.00137377576310692
"LINC02244",0.00137141032827394
"GTPBP3",0.00136720717859914
"ZBTB8B",0.00136711482883002
"DBF4",0.00135396421456099
"SEPTIN2",0.001339343546204
"RSPRY1",0.00133729759219292
"PITPNB",0.00132439123996272
"UCA1",0.00131411903170094
"MRPS16",0.00131075339103581
"CHRNA2",0.00129699094708143
"GAPDHP43",0.00129677614021211
"COPG2IT1",0.00128215772871765
"DNAJC9P1",0.00128007609660531
"ZNF561-AS1",0.00127833541887878
"RPLP0P10",0.00127696802663265
"SULT1E1",0.00127681590259399
"IPO8",0.00127151799373823
"PSTK",0.00126217571837553
"PLOD1",0.00124506032003484
"SLC22A9",0.00123860415588614
"HMGCS1",0.00123381572721756
"SNAP25-AS1",0.00121579898485888
"SLC26A11",0.00121185442835132
"RPL31P10",0.00121162565466305
"CSNK2A3",0.00120894594944469
"UFL1",0.00118506736095108
"MORF4L1",0.00117707956469005
"GDF3",0.00117310854712594
"LINC01428",0.00117295242791733
"PMM2",0.00117191754299529
"ARID4A",0.00117046400370029
"ZFYVE19",0.00116626350169687
"STRBP",0.00115535531582
"WAKMAR2",0.00115381094423602
"HPN",0.0011488110627497
"NRG2",0.00114843199849074
"CHM",0.00114585933506249
"SLC13A3",0.00113902345843829
"MCF2",0.00112744120064119
"MSNP1",0.00112590425665162
"ACAT2",0.00112461053081727
"RWDD4",0.00112153570080926
"POLH",0.00110835180281872
"TPCN2",0.00110825383799001
"SLCO1A2",0.00110748286827278
"STT3A",0.00110133038013468
"TNF",0.00109089751936435
"LINC02774",0.00108771296249693
"C19orf53",0.00108705604870071
"RPL31P38",0.00108516678076753
"DACH1",0.00107405696630351
"ZNF30",0.00106778291024712
"PLBD1-AS1",0.00106067200196421
"TRBV14",0.00105246766402951
"ADGRE3",0.00105124496708181
"MTND5P17",0.00105093106964687
"UTS2R",0.00104635643413738
"SLX1A-SULT1A3",0.00101192800662743
"PHF19",0.00101146582366863
"MIF",0.00100827482088345
"RPL6P27",0.000981032463802987
"MYOSLID",0.000976116028458364
"ADRB2",0.000973730150143806
"CRTAM",0.000971144724052009
"STEAP1B-AS1",0.000959005066561095
"SVBP",0.000956514345648493
"FAR1",0.000956108254879939
"BHMT2",0.00095393677417911
"RASA2",0.00095271364076636
"SGF29",0.000946195462391446
"CCDC157",0.000938450713542767
"TAF9",0.000937583496550848
"IGFN1",0.000931802361650352
"MBTPS2",0.000902279187912816
"PTPN5",0.000901404012809915
"LYG1",0.000891584094692351
"LINC02446",0.000890513394833619
"LEAP2",0.000875265994696001
"HAUS5",0.000874464318539627
"PABPC3",0.000868191842504497
"SENP8",0.000867283163582717
"RNU6-387P",0.00085799251411515
"NDUFA5P12",0.000850538500943372
"LRPAP1",0.000845284510214602
"PRRC1",0.000842810517161196
"HCG20",0.000839699189637286
"NDRG3",0.00083770397024259
"ARSK",0.000836947750366986
"PXDNL",0.000833369845716811
"RNA5SP88",0.000828322741574875
"RGPD3",0.000816900521691895
"GADD45B",0.000816154983282749
"NPAT",0.000800886004003967
"LINC02996",0.000798062548582268
"MYBPC2",0.000789367713567226
"DMXL1-DT",0.000785124608520623
"GPR19",0.000785011247513582
"HMGB1P26",0.000784654619379183
"ZNF706",0.000783823010650771
"PCARE",0.000778371506383388
"CLIC6",0.000778371506383388
"MS4A4E",0.000758098544204365
"SLC25A46",0.00075781257749669
"RPSAP53",0.000756819029321532
"KCNQ3",0.000756464351490526
"ACOX1",0.000756189721804668
"LINC02105",0.000755854520058258
"JAML",0.000752995368907263
"SYT3",0.000744840562358538
"SLCO2A1",0.000739788135857045
"BZW2",0.000738391365103651
"BLTP3B",0.000730470642841192
"SPOUT1",0.000727027459816715
"BPI",0.000716783590577
"CEP135",0.000703847095938818
"FANCB",0.000698943881247571
"SNORA28",0.000692092761144005
"PCOLCE2",0.000689061988603155
"KLHL23",0.000667039648732632
"NIN",0.00065856599232382
"CFAP36",0.00065261539074774
"DSTN",0.00065248279329244
"TELO2",0.000638528758246334
"ABHD17C",0.000627316922626937
"MOCOS",0.000620956393573388
"NID2",0.000615542788338613
"DLX1",0.000611424716329229
"SPRYD4",0.00061065762736862
"TOPBP1",0.000605646226919642
"NIFK",0.000597843019161147
"NLRP3",0.000596738417532912
"RPL26P37",0.000595660050747914
"GAPDHP65",0.000593604608780565
"TDGP1",0.000590662233265204
"CNOT11",0.000581448131207433
"RAD51",0.000579278437180715
"RNU4-51P",0.000577075221958058
"GTPBP1",0.000575918630513458
"FAM27C",0.000573343570295699
"CEACAM5",0.000553454051092234
"TTC12",0.000549786310896873
"LINC01859",0.000547231155871494
"GLUD1",0.000545913070389485
"EXOGP1",0.000542633901170319
"ARK2N",0.000541730791938018
"AKR7A3",0.000538367371024075
"C4orf46",0.000536763347837246
"CCDC60",0.000532537789400544
"NRP2",0.000531126321248908
"SLC9A9",0.000516805920718591
"LINC02333",0.000505455055501122
"PEX3",0.000503560996317876
"STAG3L5P-PVRIG2P-PILRB",0.000502831566401334
"DTD2",0.000498292462231501
"EEF1A1P13",0.000495515054510254
"PLPP7",0.000491948228971408
"PRR7-AS1",0.000489711685320143
"BZW1",0.000489248108277166
"DCP1A",0.000483063428314768
"KRAS",0.000464785247038601
"MIR5001",0.000461556171165289
"NCBP2AS2",0.000456203965458976
"ZNRF3",0.000447754344017817
"DISP3",0.000442784078453566
"CHRDL1",0.000441868794604365
"ATP5PF",0.000439014060518101
"UQCC2",0.000435711687385238
"CHL1-AS1",0.000434424925017894
"RPS21P4",0.000432313743908446
"PTGES",0.000431344780946588
"ZNF770",0.000429641557001023
"RANP6",0.000429554098728604
"NXT1",0.000428373844220319
"SEMA5A",0.000423387366000126
"PPP6R3",0.000422849635747731
"HSPE1P7",0.000422131962530034
"PCBD2",0.000418775635432842
"BORCS5",0.000412291744654217
"OR2V1",0.000410545363484811
"RPL35P2",0.000400140250149005
"IQGAP3",0.000395875173916841
"MOB3A",0.000392317999037857
"LINC01423",0.000391940332176308
"RPL41P2",0.000389261922837672
"LINC01712",0.000385502285687313
"LDLRAD4-AS1",0.000385230522812467
"FMNL1-DT",0.000384031537064843
"CCNK",0.00038292213387717
"UBR4",0.000376469927523023
"MOCS2",0.000374468336406497
"EIF4A1P2",0.000373619561136809
"SLC27A2",0.000370312403335733
"DLEU2",0.000369534223834816
"PIGT",0.000368271664003361
"GSK3B-DT",0.00036151053623705
"RBMX2",0.000360419236505122
"MRPL18",0.00035768042282508
"GNAI1",0.000357296896397654
"OXCT1-AS1",0.000356952927295066
"IREB2",0.00033626408123498
"DOCK11",0.000328219077947874
"RPL3",0.000327027139411476
"TRIM51",0.000324029497009981
"PHB1P21",0.000322473592475089
"AP1S2",0.000308288372607828
"ERCC6",0.000308259027509775
"LIN28B",0.000300418696398055
"LINC00939",0.000298985855247182
"KCNK12",0.000291354945848046
"MYO1F",0.000290968814504573
"FBXW10",0.000290169808600375
"DVL3",0.000289286885378632
"TRNAU1AP",0.000276782847610386
"TFDP1P2",0.00027330827621325
"LDHD",0.000272345024944131
"HLA-N",0.000268668930131503
"ADAR",0.000263758696285177
"THBS1-IT1",0.000260801384148906
"RGCC",0.000256259161713643
"USP8",0.000252584125805778
"LINC02175",0.000251879096211002
"RN7SL270P",0.000240609062016846
"HIF1AN",0.000240062922368851
"MBD4",0.000238395393513803
"MIR1291",0.00023384513401116
"H4C14",0.000228208250572117
"TBC1D3P5",0.000224101931830634
"TMPRSS6",0.000223047919283347
"DDX10",0.000223028322950112
"LIPA",0.000222475549615623
"FBXL20",0.000214511717659187
"AADAT",0.000211950306922512
"PI4K2B",0.000210076974069429
"EMC1",0.000203700228774023
"FGF6",0.000200206012540035
"LYVE1",0.000194256815427814
"BTN2A2",0.000189178135952909
"MAD2L1BP",0.000185365986985315
"CRYBA1",0.000175908834835482
"GNB1",0.000175411826610519
"PIP5K1A",0.000173994145766451
"C5orf58",0.00017282150648055
"ZNF585A",0.000172651143862343
"MMP25-AS1",0.000172038715110485
"PRMT8",0.000170073725435969
"ATP6V1D",0.000168639605123333
"MPHOSPH9",0.000159822062982079
"VEZT",0.000157249961966303
"BRCC3",0.000155796574409233
"DOCK10",0.00015444108841803
"ATP8B2",0.000138943293426294
"MTND1P6",0.000136549246733139
"ADPRM",0.000133949935564889
"HAUS1P3",0.00012875888919325
"SPPL2A",0.000127629880732912
"TRAJ30",0.000122698935096714
"TRBV21-1",0.000121010598624943
"SGO1",0.000120988736927422
"GAPDHP76",0.000120773455091849
"CDC37L1",0.000117523269939751
"ADCY3",0.000116452648421022
"BDH2P1",0.000113465338815574
"BLTP3A",0.000107926992707899
"SYNJ1",0.000105060244914457
"DDX47",9.7576751727351e-05
"RPL21P4",9.5564195145652e-05
"PSD4",9.43529318245619e-05
"RN7SL473P",9.43164374389293e-05
"EFHC1",9.24541245227773e-05
"H1-1",8.72140444296009e-05
"PABPC1P4",8.69520472414686e-05
"CRYL1",7.63179892360326e-05
"KLRC4",7.32333234498102e-05
"NDUFA3",7.29837690154869e-05
"LSP1P5",7.29519926857259e-05
"LMX1B-DT",7.07227819623275e-05
"LRRC36",7.07227819623275e-05
"GABRA2",6.92972565973618e-05
"NUDT5P1",6.74090592578413e-05
"LINC00574",6.26734300392725e-05
"RPL14P1",6.1896198874906e-05
"NF2",5.66989971554419e-05
"PRELID1P6",5.32461924617937e-05
"SAYSD1",5.26053643695717e-05
"PLEKHB1",5.05773255600306e-05
"LILRA6",5.02434372445592e-05
"PIN1-DT",4.90264008063568e-05
"WDR45",4.85933585178931e-05
"RPL32P32",4.83914437217009e-05
"CCPG1",4.76058623299641e-05
"KMT2C",4.66176424337587e-05
"ARSI",4.17150987782738e-05
"MICAL2",4.09894437477018e-05
"HEIH",4.05167823237784e-05
"RPP25L",3.94685334083222e-05
"SLC35F4",3.61035020685608e-05
"NECAP1P1",3.59938449285396e-05
"SKA2",3.3369620429928e-05
"RPL21P2",3.27162131631717e-05
"LRRC42",3.21858509266598e-05
"TPRN",3.17455799301858e-05
"PPIL2",3.07648576821788e-05
"PTGFR",3.06054214696879e-05
"PDRG1",2.88654869658316e-05
"LACTB2",2.76314730297414e-05
"HMGCS2",2.62739757862561e-05
"TRAJ18",2.1181876200876e-05
"EMC1-AS1",2.08554363989619e-05
"HLA-DQB1-AS1",2.05256545529523e-05
"ACP1",2.0487203665588e-05
"CCN1",2.00823747496236e-05
"NPHP3",1.85317078512563e-05
"FAM66A",1.7652532776495e-05
"ARG2",1.58142262351619e-05
"NPEPPS",1.31228846533673e-05
"STX17",1.27939798950904e-05
"RNF7",1.22700973011283e-05
"LINC01732",1.15711083467948e-05
"SMIM8",1.1452311198068e-05
"IFT80",1.0445946583502e-05
"TMPRSS11D",9.55603029933489e-06
"ANAPC1",7.93942995503737e-06
"KMT2A",7.72901544090903e-06
"CPT1A",7.40551456393808e-06
"PACC1",5.81961820121648e-06
"HMGN1",5.38493621545197e-06
"HNRNPA1P21",5.22508376200134e-06
"UBE3A",4.12225809394032e-06
"HLA-DQB1",3.88813782071701e-06
"CDK7",3.24734055789758e-06
"CCNL2",3.07128649984212e-06
"APOLD1",2.44396963807816e-06
"LINC01147",2.17908379418295e-06
"IAH1",2.02154566523669e-06
"PIAS1",1.67911795986122e-06
"ZNF484",1.63356617836254e-06
"RHD",1.02033900622143e-06
"CCSAP",6.76400366559576e-07
"IFI27L2",6.61543681330925e-07
"KLC4",6.07108328209237e-07
"ARL14EP",5.63943050637248e-07
"PTPRM",5.16187254090493e-07
"ZDHHC15",4.95907295344397e-07
"RCC2",9.58267781591372e-08
"SLC27A5",5.6488930912825e-08
"EEF1DP6",0
"LINC02782",0
"MTCYBP45",0
"PGAM1P11",0
"IFITM3P7",0
"GJB3",0
"FTLP18",0
"GJB5",0
"LINC02810",0
"HNRNPFP1",0
"GUCA2B",0
"RPS29P6",0
"LINC01654",0
"PHB1P12",0
"TMA16P2",0
"MRPS6P2",0
"KLF17",0
"RPL23AP85",0
"GAPDHP51",0
"COX6A1P1",0
"RPL29P5",0
"NDUFS5P3",0
"RPL13AP9",0
"COX6CP13",0
"PDE4B-AS1",0
"GJA9",0
"NEGR1-IT1",0
"PGBD4P8",0
"MTND2P30",0
"GUCA2A",0
"PSAT1P3",0
"HMGB1P18",0
"HNRNPA1P64",0
"PHKA1P1",0
"MROH7-TTC4",0
"HNRNPCP9",0
"KATNBL1P2",0
"TBCAP2",0
"BARHL2",0
"SNX7-DT",0
"RPS20P5",0
"TLCD4",0
"RPL21P23",0
"MTND3P21",0
"DNAJA1P5",0
"LINC01787",0
"GAPDHP64",0
"LINC02788",0
"VPS25P1",0
"MTND5P20",0
"NEFHP1",0
"FTLP17",0
"UBE2WP1",0
"SLC6A17-AS1",0
"RPS29P29",0
"PPIAP7",0
"OR10AE1P",0
"PFN1P12",0
"MTATP6P14",0
"NKAIN1P1",0
"LRRC8D-DT",0
"LAMC1-AS1",0
"WDR82P2",0
"RPL5P6",0
"OR10J5",0
"NMNAT2",0
"HNRNPA1P46",0
"TFDP1P1",0
"LINC03121",0
"ATP5MC2P1",0
"SRP14P4",0
"RPL7AP21",0
"LHX9",0
"SLC26A9",0
"PRR13P1",0
"LMX1A-AS2",0
"LINC01035",0
"C1orf53",0
"LINC01653",0
"TGFB2-OT1",0
"TUBB8P10",0
"QRSL1P2",0
"RPS3AP9",0
"RPL23AP22",0
"RPL10AP5",0
"DUTP6",0
"PTP4A1P7",0
"SLC4A1APP2",0
"RSL24D1P4",0
"BPNT2P1",0
"LINC01710",0
"RPS26P13",0
"CCNQP1",0
"ZNF695",0
"RPL23AP16",0
"EEF1A1P44",0
"RPL31P13",0
"NXNP1",0
"BANF1P4",0
"CHCHD4P5",0
"GAPDHP29",0
"NDUFAF4P4",0
"VDAC1P10",0
"LINC01677",0
"MIR4689",0
"RNU6-1265P",0
"RNA5SP40",0
"MIR34A",0
"RNU6-110P",0
"RNU6-176P",0
"MIR552",0
"RNU6-605P",0
"MIR4255",0
"RNA5SP43",0
"RNU6-753P",0
"MIR6732",0
"MIR6733",0
"RNU2-30P",0
"RNU6-1026P",0
"MIR6079",0
"RNU7-62P",0
"RNU6-414P",0
"RNU6-1177P",0
"RN7SKP19",0
"RNU2-15P",0
"RNU4-88P",0
"RNA5SP23",0
"MIR7156",0
"RN7SL62P",0
"RNU6-503P",0
"RN7SL854P",0
"RNA5SP22",0
"RNA5SP52",0
"SNORD3G",0
"RNA5SP50",0
"RN7SL392P",0
"RNA5SP51",0
"RNU6-750P",0
"RNU6-1318P",0
"MIR378G",0
"MIR7852",0
"RNU1-130P",0
"RNU6-965P",0
"MIR320B1",0
"RN7SKP272",0
"RNA5SP56",0
"MIR942",0
"RN7SKP285",0
"RNU4ATAC8P",0
"RNA5SP55",0
"RNA5SP533",0
"MIR4256",0
"RNU6-41P",0
"RNU5F-6P",0
"RNU6-716P",0
"RNU1-141P",0
"RNU6-778P",0
"RNU2-12P",0
"MIR1255B2",0
"RNU6-609P",0
"RN7SL299P",0
"MIR3119-1",0
"RNU6-570P",0
"MIR3119-2",0
"SNORA14B",0
"MIR4671",0
"RNU6-465P",0
"MIR205",0
"RN7SL333P",0
"RN7SL668P",0
"RN7SL344P",0
"RNA5SP80",0
"RNU6-1205P",0
"MIR488",0
"RNA5SP73",0
"RNA5SP65",0
"RNA5SP62",0
"RNU5A-8P",0
"MIR3122",0
"RNA5SP63",0
"RN7SKP98",0
"RNA5SP77",0
"RN7SKP12",0
"MIR3124",0
"RNU6-1240P",0
"RPS4XP4",0
"CDA",0
"MIR6084",0
"RN7SL538P",0
"LRRC7-AS1",0
"SEPTIN14P12",0
"MRPS21P3",0
"THAP12P8",0
"RFKP1",0
"HNRNPA1P42",0
"MIR3123",0
"RPL36P6",0
"APCS",0
"CRPP1",0
"SNHG28",0
"MIR4254",0
"RNU6-817P",0
"MIR92B",0
"RNU4ATAC4P",0
"RNU6-1031P",0
"CD46P1",0
"CDCA4P3",0
"CDCA4P4",0
"OR10J6P",0
"RN7SL731P",0
"KRT8P29",0
"MIR1182",0
"LINC01144",0
"FGFR3P6",0
"MIR3916",0
"RNA5SP82",0
"VN1R17P",0
"GCSAML",0
"OR2G3",0
"RANP5",0
"SCARNA2",0
"SCARNA4",0
"MIR6738",0
"ARHGEF2-AS1",0
"RAB25",0
"PMF1-BGLAP",0
"MIR9-1",0
"TUBAP9",0
"MTND1P34",0
"PDZK1IP1",0
"VHLL",0
"LRRC52",0
"PLA2G2F",0
"RNU5E-1",0
"RNU5E-4P",0
"MIR6729",0
"RNU6-777P",0
"RPL23AP89",0
"MIR7846",0
"MIR4632",0
"MIR5187",0
"PCP4L1",0
"RNU6-481P",0
"RN7SL261P",0
"GJA5",0
"GJA8",0
"RNU1-129P",0
"RNU6-1211P",0
"RNU6-809P",0
"SNRPFP2",0
"MIR3917",0
"RNU6-369P",0
"MIR5584",0
"RNU5F-1",0
"SNORD55",0
"SNORD38B",0
"RNU5E-6P",0
"RNA5SP47",0
"TAS1R1",0
"MIR6127",0
"RNU6-949P",0
"RNU6-424P",0
"RPEP3",0
"MIR3675",0
"RNU1-5P",0
"MIR3972",0
"CICP13",0
"RNU6-791P",0
"NDUFB1P2",0
"RNU6-880P",0
"HAUS4P1",0
"HSD3B1",0
"GAPDHP32",0
"GAPDHP27",0
"HSD3BP5",0
"NOTCH2P1",0
"RN7SL831P",0
"RN7SKP270",0
"RPS21P1",0
"MTND6P14",0
"MTND5P19",0
"MTND3P8",0
"MTCO3P46",0
"MIR5698",0
"OR13Z1P",0
"OR13Z2P",0
"OR13Z3P",0
"RN7SL654P",0
"RPL13AP10",0
"MRPL57P1",0
"RPS23P10",0
"KCNA10",0
"RN7SL148P",0
"MIR555",0
"RN7SKP247",0
"RNU1-114P",0
"RNVU1-17",0
"RNVU1-23",0
"FAM91A3P",0
"RNU1-143P",0
"IGKV1OR1-1",0
"ENO1P1",0
"MIR6735",0
"RN7SL657P",0
"MRPL20-DT",0
"ACTG1P4",0
"KIAA1191P3",0
"RNF186",0
"PLA2G2E",0
"RN7SL304P",0
"OR2M7",0
"OR14C36",0
"RN7SL479P",0
"OR2T3",0
"OR2T5",0
"OR2AS2P",0
"OR2AS1P",0
"OR2T34",0
"LCE3B",0
"LCE3A",0
"LCE2B",0
"LCE2A",0
"PRAMEF15",0
"EPHX4",0
"GAPDHP46",0
"CD1A",0
"HMGN1P5",0
"CD1B",0
"OR10T2",0
"OR10T1P",0
"OR10R1P",0
"RN7SL788P",0
"RNU6-1008P",0
"MIR4742",0
"AKR1B1P1",0
"DNAJB6P6",0
"SNORA55",0
"RNU7-121P",0
"YBX1P9",0
"RPS3AP7",0
"RN7SKP165",0
"CDKN2AIPNLP1",0
"MIR6878",0
"MIR4257",0
"RNU6-1042P",0
"WNT3A",0
"MIR3620",0
"MIR6742",0
"MIR4666A",0
"RNA5SP19",0
"RNA5SP162",0
"CLDN19",0
"RNU6ATAC35P",0
"LINC01352",0
"RPL7AP81",0
"RN7SL464P",0
"RPL30P1",0
"KCND3-IT1",0
"RPS27P5",0
"GLRX5P2",0
"EIF1P2",0
"RNU6-608P",0
"RNA5SP54",0
"PSMD8P1",0
"RNU6-1309P",0
"CYCSP51",0
"OR10J7P",0
"HMGB1P48",0
"KIF17",0
"SMIM1",0
"HSPD1P14",0
"HMGB4",0
"ZNF847P",0
"PRAMEF28P",0
"PRAMEF34P",0
"MIR197",0
"DDAH1",0
"LINC01737",0
"RNA5SP79",0
"RN7SL837P",0
"NENFP1",0
"FDPSP8",0
"SNORD45C",0
"SNORD45A",0
"SNORD45B",0
"FAM204BP",0
"MIR6734",0
"MIR4677",0
"FABP7P1",0
"HAPLN2",0
"MIR4421",0
"MIR6500",0
"CFL1P2",0
"RNU6-1281P",0
"TUBB8P11",0
"RNF223",0
"RPL23AP90",0
"MIR5585",0
"SNORD21",0
"RNU6-970P",0
"RN7SL692P",0
"RNU6-210P",0
"RN7SKP123",0
"RNU7-200P",0
"MIR1256",0
"RNU4-57P",0
"RNU1-74P",0
"BRWD1P1",0
"RNA5SP41",0
"RNA5S1",0
"RNA5S2",0
"RNA5S3",0
"RNA5S4",0
"RNA5S5",0
"RNA5S6",0
"RNA5S7",0
"RNA5S8",0
"RNA5S9",0
"RNA5S10",0
"RNA5S11",0
"RNA5S12",0
"RNA5S13",0
"RNA5S14",0
"RNA5S15",0
"RNA5S16",0
"RNA5S17",0
"RNA5SP18",0
"DUSP5P1",0
"RNVU1-30",0
"FAM91A2P",0
"RNU1-68P",0
"RNU6-704P",0
"RNA5SP75",0
"RPL13AP11",0
"RNU6-1304P",0
"LEFTY3P",0
"LEFTY1",0
"MIR6741",0
"LEFTY2",0
"NDUFA3P3",0
"RNU6-537P",0
"MIR765",0
"RNU5F-8P",0
"IL20",0
"OR2L2",0
"PRAMEF9",0
"RIIAD1",0
"KRT8P28",0
"KPLCE",0
"LCEP2",0
"LCE1F",0
"LCE1D",0
"RNU6-180P",0
"RN7SKP276",0
"SNORA73A",0
"SNORD99",0
"SNORA61",0
"SNORA44",0
"SNORA16A",0
"RAB42",0
"RNU11",0
"GOLT1A",0
"RNA5SP74",0
"UBA5P1",0
"RPL12P45",0
"EFCAB14P1",0
"HMGB3P9",0
"RNU4-59P",0
"H3P3",0
"OR6K1P",0
"OR6K3",0
"OR2AQ1P",0
"OR10AA1P",0
"OR10J3",0
"HSD17B7P1",0
"OR11L1",0
"OR2W3",0
"CLK3P2",0
"OR2X1P",0
"TLR12P",0
"OR2M1P",0
"OR2M5",0
"OR2M2",0
"GM2AP2",0
"CYCSP53",0
"MYOC",0
"SRARP",0
"CLCNKA",0
"FAM131C",0
"ZBTB2P1",0
"OR14K1",0
"OR2T29",0
"MIR6859-1",0
"MIR1302-2",0
"OR4F5",0
"OR2T10",0
"RNU6-884P",0
"RPL6P3",0
"RPL23AP20",0
"BECN2",0
"TUBB8P6",0
"MIR3117",0
"TNFSF18",0
"OR2T4",0
"INSL5",0
"OR6P1",0
"OR6K2",0
"LCE4A",0
"RNU1-6P",0
"PDE4DIPP8",0
"ACTRT2",0
"MIR4251",0
"CELA3B",0
"RNU6-1022P",0
"RN7SL186P",0
"RNU6-776P",0
"MIR4418",0
"RPL22P4",0
"LCE1C",0
"HMGN3P1",0
"LCE5A",0
"CRCT1",0
"RN7SL131P",0
"MIR3605",0
"RN7SKP16",0
"RN7SL44P",0
"RNU4-27P",0
"SNORA63C",0
"RPL36AP11",0
"MIR3115",0
"LCE6A",0
"SMCP",0
"IVL",0
"LINC01527",0
"SPRR4",0
"SPRR3",0
"SPRR1B",0
"SPRR2D",0
"SPRR2B",0
"RNA5SP60",0
"FCER1A",0
"MYOM3-AS1",0
"CRIP1P3",0
"MIR1295A",0
"MIR1295B",0
"KRT8P45",0
"NUCKS1P1",0
"RNA5SP42",0
"RPL6P31",0
"RNVU1-6",0
"RNU6-1071P",0
"TEX46",0
"RNU6-723P",0
"RNU4-61P",0
"RPL21P25",0
"AGBL4-AS1",0
"AGBL4-IT1",0
"ZNF859P",0
"RNA5SP529",0
"RNVU1-2A",0
"TCHHL1",0
"RNVU1-14",0
"RPL12P13",0
"CATSPER4",0
"DMRTB1",0
"RNU7-95P",0
"BTBD6P1",0
"MIR378F",0
"RPL36P5",0
"MIR214",0
"MIR199A2",0
"RNU6-157P",0
"RN7SKP55",0
"RNU6-947P",0
"DNAJC19P8",0
"H3-4",0
"KISS1",0
"CYP4A22",0
"CTBP2P8",0
"MIR1262",0
"H3C15",0
"H2AC19",0
"H3C14",0
"OR2T1",0
"LCE2C",0
"HNRNPA3P14",0
"ST13P20",0
"LCE3C",0
"UBE2V1P8",0
"RPL23AP17",0
"LAD1",0
"MIR5191",0
"MIR1231",0
"MIR6739",0
"RNU7-70P",0
"NUTF2P4",0
"RNVU1-19",0
"FOXO6-AS1",0
"MIR664A",0
"SNORA36B",0
"XRCC6P3",0
"RPLP0P5",0
"RN7SL861P",0
"P3R3URF-PIK3R3",0
"COX7BP4",0
"LURAP1",0
"HMGB3P10",0
"RN7SKP195",0
"RPS3AP11",0
"RNU6-536P",0
"PPIAL4D",0
"MYOG",0
"RNA5SP66",0
"LENEP",0
"RPS3AP8",0
"SUMO1P2",0
"UBE2FP3",0
"RNU6-792P",0
"RNA5SP45",0
"MIR4711",0
"RN7SL475P",0
"S100A5",0
"CTXND2",0
"ACO2P2",0
"RNA5SP59",0
"MIR4253",0
"MIR4735",0
"RN7SL326P",0
"CFHR3",0
"MIR4260",0
"ADORA2BP1",0
"NHLH1",0
"RNU4-42P",0
"SPRR1A",0
"CDCA4P2",0
"MIR4753",0
"RNU1-151P",0
"RNU6-1171P",0
"RN7SKP88",0
"RNU2-38P",0
"RNVU1-24",0
"PDE4DIPP10",0
"BMP8B-AS1",0
"LHX8-AS1",0
"RNU6-622P",0
"RNU6-239P",0
"RNU6-121P",0
"MIR4654",0
"RNA5SP61",0
"MIR556",0
"RNA5SP76",0
"RN7SL431P",0
"MIR190B",0
"SNORA58B",0
"MIR551A",0
"TP73-AS2",0
"MIR1537",0
"RNU6-968P",0
"RNU6ATAC18P",0
"MIR6730",0
"AADACL3",0
"PRAMEF1",0
"PRAMEF11",0
"PRAMEF4",0
"PRAMEF10",0
"RNU6-1072P",0
"PRAMEF29P",0
"PRAMEF6",0
"PRAMEF13",0
"RNU6-771P",0
"PRAMEF33",0
"PRAMEF7",0
"PRAMEF5",0
"RPL22P6",0
"MIR6068",0
"RNA5SP49",0
"MIR181B1",0
"MIR181A1",0
"RNU6-1062P",0
"SNRPEP10",0
"RNU6-1248P",0
"PHB1P11",0
"MIR4426",0
"RN7SKP126",0
"RNU7-80P",0
"COX6B1P7",0
"MRPS18BP1",0
"TMEM275",0
"LELP1",0
"RPLP0P4",0
"LORICRIN",0
"PGLYRP3",0
"PGLYRP4",0
"RNU6-160P",0
"S100A12",0
"LAPTM4BP1",0
"S100A8",0
"S100A15A",0
"S100A7P1",0
"S100A7",0
"S100A7L2",0
"MIR6726",0
"RN7SL480P",0
"RNU2-17P",0
"MIR6727",0
"MIR6808",0
"CD164L2",0
"MTND6P15",0
"MZT1P1",0
"MIR5697",0
"RNU6-693P",0
"RNU1-154P",0
"PRAMEF25",0
"RPL21P24",0
"HSPE1P24",0
"C1orf127",0
"SLC2A3P2",0
"MRPS21P1",0
"RPS29P7",0
"CFHR1",0
"MIR135B",0
"RNA5SP534",0
"CFAP97P1",0
"RNU6-171P",0
"RNU6-755P",0
"MIR5008",0
"SNRPEP7",0
"FCN3",0
"SPRR5",0
"OR2AK2",0
"OR6K6",0
"OR10R2",0
"LCE7A",0
"PRAMEF18",0
"CLEC20A",0
"TAS1R2",0
"AKR1D1P1",0
"LINC01699",0
"RNA5SP70",0
"RN7SKP229",0
"CAMTA1-AS3",0
"MIR1290",0
"MEF2AP1",0
"RNU5F-2P",0
"RNU6-291P",0
"RPL39P6",0
"RN7SL444P",0
"MIR554",0
"DPPA2P2",0
"MIR1976",0
"RN7SL679P",0
"RNU7-29P",0
"WBP1LP7",0
"HSPE1P25",0
"RNU6-1102P",0
"NPR1",0
"MIR8083",0
"RN7SL372P",0
"GEMIN2P1",0
"WBP1LP6",0
"OR4F16",0
"RNU6-1199P",0
"RNU6-747P",0
"GYG1P3",0
"KIRREL1",0
"KIRREL1-IT1",0
"RNU1-7P",0
"RERE-AS1",0
"RPL23AP19",0
"RNU6-304P",0
"RN7SL451P",0
"OR10J4",0
"MIR5087",0
"RNVU1-21",0
"RNVU1-1",0
"RNU1-155P",0
"MIR6077",0
"RNVU1-2",0
"RNVU1-3",0
"CYCSP4",0
"MIR4252",0
"HNRNPA1P6",0
"FMO9P",0
"OR2T32P",0
"OR2L1P",0
"ZNF731P",0
"OR2W5P",0
"PDZK1P1",0
"H2BP2",0
"CHIAP2",0
"PRAMEF36P",0
"PDE4DIPP7",0
"H2BC19P",0
"H2BC20P",0
"DDX11L1",0
"OR4G11P",0
"MST1L",0
"SLC35E2A",0
"LINC01145",0
"KMT2CP2",0
"PDE4DIPP4",0
"MGAT4FP",0
"SEPTIN7P13",0
"NBPF25P",0
"CLCA3P",0
"GTF2IP20",0
"H2BP1",0
"MTMR9LP",0
"FCGR1BP",0
"GBA1LP",0
"FAAHP1",0
"EMBP1",0
"LINC00869",0
"SEPTIN14P21",0
"LINC01347",0
"RNU6-1208P",0
"MIR6731",0
"RNU4-28P",0
"MICOS10-NBL1",0
"MIR4425",0
"LINC02793",0
"RNU6-487P",0
"LARP7P1",0
"SEC22B4P",0
"RNVU1-25",0
"RNA5SP536",0
"TRABD2B",0
"LINC02794",0
"CYP46A4P",0
"SKINT1L",0
"PPP1R8P1",0
"SOD2P1",0
"MIR200B",0
"MIR200A",0
"MIR429",0
"UBE2V1P13",0
"CDCP2",0
"HTR1D",0
"YPEL5P1",0
"RNU6-152P",0
"MIR4794",0
"UBL4B",0
"TTLL7-IT1",0
"TXN2P1",0
"ASB17",0
"RNU6-161P",0
"RNU4-77P",0
"CYP4Z2P",0
"TUBAP8",0
"CYP4A26P",0
"CYP4A43P",0
"CYP4A27P",0
"CYP4A44P",0
"CAPNS1P1",0
"TMEM240",0
"ACTN4P2",0
"RNU6-584P",0
"LINC01343",0
"H3P2",0
"TUBBP10",0
"HIGD1AP11",0
"SLC1A7",0
"RNA5SP64",0
"MIR921",0
"ENTR1P2",0
"RPS29P4",0
"LINC01657",0
"LMOD1",0
"SNORA70H",0
"RPL10P4",0
"MIR6740",0
"RN7SKP49",0
"SNRPD2P2",0
"MIR29C",0
"MIR29B2",0
"RNA5SP21",0
"RPL23AP23",0
"NBPF4",0
"SLC25A24P1",0
"NBPF5P",0
"NBPF6",0
"RPL7L1P21",0
"THAP3P1",0
"PIN1P1",0
"RPL31P11",0
"MND1P1",0
"PUDPP2",0
"SLC25A3P1",0
"RPS10P7",0
"ACTG1P25",0
"SLC44A3-AS1",0
"KIF28P",0
"CYMP",0
"BTNL10P",0
"MROH3P",0
"UOX",0
"PTPRVP",0
"MGAT4EP",0
"CRYZL2P",0
"GFOD3P",0
"ZPLD2P",0
"GNRHR2",0
"CALR4P",0
"PRAMEF26",0
"PRAMEF32P",0
"MIR4781",0
"COX7BP3",0
"LINC01648",0
"MIR4420",0
"RN7SKP91",0
"RN7SL371P",0
"SELENOWP1",0
"RNU6-40P",0
"LDC1P",0
"ESPNP",0
"RN7SL269P",0
"SIGLEC30P",0
"DYNLL1P3",0
"TXNP2",0
"TNR-IT1",0
"RNA5SP46",0
"TMEM125",0
"LINC01633",0
"OPTC",0
"RNA5SP48",0
"TTLL10-AS1",0
"MTOR-AS1",0
"RNU2-19P",0
"RNU6-418P",0
"TNNT2",0
"CROCCP3",0
"LYPD9P",0
"AHCYP8",0
"LINC00970",0
"CNOT7P2",0
"RN7SL420P",0
"RNU6-1246P",0
"RNU6-403P",0
"AVPR1B-DT",0
"RNU1-75P",0
"GAPDHP74",0
"HSD3BP2",0
"GAPDHP23",0
"RNA5SP57",0
"RNVU1-22",0
"RN7SL583P",0
"RPL36AP10",0
"RNU6-725P",0
"LINC00538",0
"LINC01760",0
"RPL26P9",0
"DPYD-AS2",0
"MIR2682",0
"MIR137",0
"NFU1P2",0
"GOT2P1",0
"MTCO2P34",0
"PIGQP1",0
"RPSAP20",0
"RNU6-1310P",0
"MIR557",0
"QRSL1P1",0
"C1orf167-AS1",0
"MIR4695",0
"MIR3116-1",0
"MIR3116-2",0
"PIGPP2",0
"RPS15AP7",0
"RNU6-371P",0
"RN7SL488P",0
"RNU7-123P",0
"RNU5A-5P",0
"RPL7AP17",0
"C4BPB",0
"MIR3121",0
"TMEM78",0
"SETP9",0
"MIR3658",0
"CELA2A",0
"RNU7-179P",0
"CD24P1",0
"RSC1A1",0
"TEX50",0
"RNY4P16",0
"ANO7L1",0
"MRPS21P2",0
"RNU7-183P",0
"LINC01398",0
"TMEM61",0
"LINC01778",0
"LINC01717",0
"TTC39A-AS1",0
"NFIA-AS1",0
"LINC02772",0
"INKA2-AS1",0
"MFSD4A-AS1",0
"LINC01757",0
"LINC01680",0
"LINC01745",0
"LINC02812",0
"LINC02238",0
"CAMTA1-AS2",0
"KCNH1-IT1",0
"LINC01688",0
"SLC2A1-DT",0
"ARHGEF2-AS2",0
"LINC01763",0
"CRYZL2P-SEC16B",0
"LINC02805",0
"SLC25A34-AS1",0
"DHCR24-DT",0
"LINC02784",0
"SLC35F3-AS1",0
"FHAD1-AS1",0
"TGFB2-AS1",0
"CYMP-AS1",0
"PRKCZ-DT",0
"LINC02787",0
"LINC02813",0
"BRINP3-DT",0
"LINC02567",0
"USH2A-AS2",0
"RNF186-AS1",0
"LINC02800",0
"LINC01696",0
"DOCK7-DT",0
"LINC01222",0
"LINC01632",0
"DCST1-AS1",0
"LINC01676",0
"LINC00853",0
"ZNF692-DT",0
"LINC01784",0
"LINC01704",0
"LINC03102",0
"LINC00582",0
"LINC02791",0
"PHC2-AS1",0
"MIR205HG",0
"LINC01142",0
"TMEM51-AS2",0
"RGS5-AS1",0
"ELAVL4-AS1",0
"LINC01525",0
"CAMTA1-AS1",0
"LMX1A-AS1",0
"LINC01768",0
"LINC01736",0
"KAZN-AS1",0
"CAMTA1-IT1",0
"LINC02771",0
"MPZ",0
"RNU6-510P",0
"FAM138A",0
"MIR6859-2",0
"TEDDM1",0
"LINC00272",0
"TEDDM2P",0
"MPTX1",0
"EEF1GP7",0
"OAZ1P1",0
"FTH1P22",0
"KMT2CP3",0
"RPL7AP19",0
"TUBB8P9",0
"CBX1P3",0
"UBBP2",0
"LINC01743",0
"RPL23AP25",0
"GEMIN8P4",0
"MTX1LP",0
"RPS7P5",0
"MSTO2P",0
"PDE4DIPP1",0
"PFN1P4",0
"HSD3BP4",0
"NBPF7P",0
"NDUFS5P2",0
"HSPA7",0
"PDE4DIPP3",0
"FCGR1CP",0
"RPL22P5",0
"SRGAP2D",0
"HMGN2P19",0
"LCEP4",0
"LCEP3",0
"LINC00302",0
"MMP23A",0
"PLA2G12AP1",0
"RPS27AP6",0
"AIMP1P2",0
"NBPF18P",0
"OR6K4P",0
"OR6K5P",0
"OR6R1P",0
"OR4G4P",0
"EIF1AXP1",0
"SPRR2C",0
"LINC01641",0
"KMT2CP1",0
"DRD5P2",0
"SPTLC1P4",0
"PFN1P3",0
"RPL32P6",0
"H3P1",0
"H2BC27P",0
"SEC22B2P",0
"RPL29P7",0
"UQCRBP2",0
"SEC22B3P",0
"SLAMF6P1",0
"PRAMEF31P",0
"H3P4",0
"C4BPAP2",0
"SEPTIN14P17",0
"RPL23AP24",0
"NDUFA5P10",0
"ABHD17AP3",0
"GCSHP5",0
"SLC25A24P2",0
"WASH7P",0
"HSD3BP1",0
"C4BPAP1",0
"MT1XP1",0
"DDX11L17",0
"WASH9P",0
"RPL35AP6",0
"CYCSP5",0
"FMO6P",0
"GPR199P",0
"LINC02767",0
"TPO",0
"MSGN1",0
"HS1BP3-IT1",0
"CDK8P1",0
"PIK3CDP1",0
"NTSR2",0
"LINC02850",0
"RPS13P4",0
"LINC01866",0
"MATN3",0
"CISD1P1",0
"FTH1P6",0
"LINC01318",0
"ZFYVE9P2",0
"DNAJB12P1",0
"RPL37P13",0
"PSMC1P10",0
"SUPT4H1P1",0
"RPS15AP15",0
"RPL27P5",0
"ST6GALNAC2P1",0
"TPT1P11",0
"SMIM7P1",0
"MTND6P7",0
"DRD5P1",0
"RPL37P10",0
"LYARP1",0
"RPL12P19",0
"SUCLA2P2",0
"RPL26P13",0
"LSM3P3",0
"ZNF863P",0
"MRPL50P1",0
"ANAPC1P3",0
"NDUFB4P7",0
"DHFRP3",0
"RBX1P1",0
"ABCD1P5",0
"CIB4",0
"CTBP2P5",0
"MTFR2P1",0
"PNPP1",0
"RPL21P36",0
"RPL37P12",0
"GGCTP3",0
"OTX1",0
"TCF7L1-IT1",0
"NKAIN1P2",0
"DBF4P3",0
"ANAPC1P5",0
"RSL24D1P2",0
"ST6GAL2-IT1",0
"PPIAP63",0
"LINC01593",0
"MTND4P26",0
"MTND2P21",0
"RPL22P8",0
"BBIP1P1",0
"DPP10-AS2",0
"IGKV1OR2-1",0
"NT5C1B-RDH14",0
"MTCO1P43",0
"NCKAP5-IT1",0
"SRSF3P5",0
"CRYGGP",0
"KRT18P33",0
"PABPC1P6",0
"XIAPP3",0
"STON1-GTF2A1L",0
"MTND6P9",0
"PPP1R2P5",0
"GAPDHP57",0
"MRPS18BP2",0
"MTCYBP9",0
"RPL9P13",0
"RPSAP23",0
"ACTP1",0
"COPRSP1",0
"SLC6A14P3",0
"IGKV1OR2-2",0
"LRRC57P1",0
"JPT1P1",0
"MTCO1P44",0
"RPL27P7",0
"RPS15AP13",0
"CBY1P1",0
"MTND2P19",0
"EDDM3CP",0
"RPSAP27",0
"ALDH7A1P2",0
"BMS1P19",0
"RPL27AP4",0
"EXTL2P1",0
"MTCO1P45",0
"MTND1P27",0
"RPL17P15",0
"LY75-CD302",0
"TPT1P2",0
"MTND2P20",0
"HSPE1P9",0
"MYO3B-AS1",0
"RPL23AP28",0
"MTCO2P7",0
"PPIAP65",0
"TXNL4AP1",0
"PSMD14P1",0
"MTND4P28",0
"MTATP6P7",0
"RNF14P1",0
"RPS6P2",0
"OR7E28P",0
"MTCO3P7",0
"LINC03097",0
"NCKAP5-AS1",0
"FAM124B",0
"PPIAP67",0
"TANK-AS1",0
"SLC44A3P1",0
"HNRNPA1P47",0
"IMPDH1P7",0
"MTCO3P43",0
"ENSAP3",0
"SEC61GP1",0
"KRT18P29",0
"MTND3P10",0
"RPS15AP14",0
"CRYGA",0
"MTND4LP14",0
"CEP19P1",0
"OR7E89P",0
"TERF1P6",0
"CDK8P2",0
"GSTM3P2",0
"RPL19P4",0
"AHCYP5",0
"LIN28AP1",0
"LINC02991",0
"LINC01941",0
"MTND6P8",0
"TMEM17",0
"MTCYBP8",0
"MTND5P29",0
"RPL3P5",0
"MTND5P22",0
"LINC01935",0
"KDM3AP1",0
"LINC03116",0
"ST13P2",0
"MIR7515",0
"RN7SKP168",0
"MIR7158",0
"RN7SL140P",0
"RNU6-1288P",0
"RNU6-961P",0
"RN7SKP112",0
"RN7SKP27",0
"RNU6-1215P",0
"MIR4262",0
"MIR3125",0
"RN7SL610P",0
"RNA5SP90",0
"RNU6-1117P",0
"MIR548AD",0
"RN7SL602P",0
"RNU4-63P",0
"RN7SL414P",0
"RNU4-49P",0
"RN7SL361P",0
"MIR4432",0
"RNU1-32P",0
"RNU6-634P",0
"RNU6-221P",0
"RN7SL18P",0
"RNU6-282P",0
"RNU6-612P",0
"MIR4431",0
"MIR548BA",0
"RNU6-439P",0
"RNA5SP98",0
"RN7SKP203",0
"RN7SL201P",0
"RNU6-685P",0
"RN7SKP224",0
"RNU6-674P",0
"RN7SKP164",0
"RNA5SP99",0
"RNU6-1312P",0
"MIR4780",0
"RNA5SP100",0
"RNU6-775P",0
"RNU4-84P",0
"RNU2-63P",0
"RNU2-41P",0
"MIR4265",0
"MIR4266",0
"RNU7-46P",0
"RNU6-259P",0
"RN7SL635P",0
"RNU7-190P",0
"RNU6-675P",0
"RN7SL111P",0
"MIR4435-2",0
"VTRNA2-2P",0
"RN7SKP102",0
"RNA5SP102",0
"RN7SKP141",0
"RNA5SP103",0
"RNA5SP104",0
"RN7SKP286",0
"MIR7157",0
"RNU6-904P",0
"RNU6-579P",0
"RN7SKP154",0
"RNU6-546P",0
"RNU6-1001P",0
"RNA5SP107",0
"RN7SL423P",0
"RN7SKP93",0
"RNA5SP108",0
"RNU6-627P",0
"RN7SL283P",0
"RNA5SP105",0
"RNU6-182P",0
"RN7SL813P",0
"MIR4437",0
"MIR548AE1",0
"RNU6-915P",0
"RN7SKP42",0
"RNU6-1045P",0
"MIR4774",0
"RNU6-766P",0
"MIR4438",0
"MIR1258",0
"RNU2-21P",0
"SNORA70I",0
"RN7SL807P",0
"RNU6-624P",0
"MIR4268",0
"MIR5702",0
"MIR3130-1",0
"RNU6-1051P",0
"MIR3133",0
"RNU6-619P",0
"RNU6-169P",0
"KCNF1",0
"AIDAP1",0
"PPIAP60",0
"RPLP0P7",0
"RN7SKP179",0
"HMGB1P27",0
"NME2P2",0
"RN7SL817P",0
"UGT1A11P",0
"UGT1A13P",0
"RPL17P11",0
"UGT1A2P",0
"RNU6-127P",0
"RPL31P16",0
"RNU6-939P",0
"MRPL50P2",0
"NECAP1P2",0
"TAF13P2",0
"HMGA1P8",0
"INO80B-WBP1",0
"TLX2",0
"UBE2V1P6",0
"RPL23AP33",0
"MIR1245A",0
"MIR1245B",0
"MIR3606",0
"CCDC140",0
"MIR4779",0
"KLHL30",0
"MIR1244-1",0
"MIR1471",0
"NPPC",0
"MIR562",0
"ECEL1P3",0
"ALPG",0
"CHRND",0
"BNIP3P46",0
"RNU6-1132P",0
"MIR663B",0
"CDC27P1",0
"FAM201B",0
"RNU6-175P",0
"YBX1P7",0
"MIR4433A",0
"RNU6-848P",0
"KLF2P3",0
"GPR148",0
"CYCSP8",0
"SSBP3P2",0
"MTCYBP10",0
"MTND6P10",0
"MTND5P23",0
"MTND4P21",0
"MTND3P18",0
"MTCO3P18",0
"MTATP6P4",0
"MTCO2P18",0
"MTCO1P18",0
"MTND2P18",0
"MTND1P26",0
"MED15P3",0
"NOC2LP2",0
"MIR4784",0
"SCTR",0
"UGT1A4",0
"CFC1",0
"SNORA75",0
"SNORD20",0
"SNORD82",0
"RNU6-642P",0
"CDK5R2",0
"FEV",0
"CRYBA2",0
"MIR375",0
"MIR3131",0
"RESP18",0
"RPL22P10",0
"SRSF3P4",0
"RHOQP3",0
"MIR8485",0
"RNA5SP111",0
"RNU7-9P",0
"RNU6-964P",0
"FBXO36-IT1",0
"RNY4P19",0
"RNA5SP121",0
"SNRPGP8",0
"CRIPTOP2",0
"GLI2",0
"UBQLN4P2",0
"RNU6-111P",0
"RNU6-986P",0
"RPS17P7",0
"RPL12P15",0
"RNU6-1275P",0
"USP12P2",0
"RPS29P8",0
"GPAA1P1",0
"ZBTB45P1",0
"MIR4267",0
"MIR4436B1",0
"MIR4436B2",0
"ZBTB45P2",0
"MIR4440",0
"MIR4441",0
"MIR4772",0
"SEPHS1P6",0
"RN7SL717P",0
"MIR1301",0
"UBTFL3",0
"RNU6-1029P",0
"HSPE1-MOB4",0
"PTCHD3P2",0
"CYB5AP2",0
"NSA2P5",0
"RNU6-1006P",0
"RPEP5",0
"STUB1P1",0
"KRT8P40",0
"MIR4444-1",0
"MIR6512",0
"RPS26P18",0
"RPL21P35",0
"RPL23AP26",0
"TEX44",0
"RN7SL499P",0
"MIR4786",0
"OR9S24P",0
"OR5S1P",0
"OTOS",0
"BRD7P6",0
"KLHL41",0
"MIR4261",0
"RN7SL66P",0
"INHA",0
"RN7SKP213",0
"RPL23P4",0
"RPS29P10",0
"RNU6-1145P",0
"RNU7-113P",0
"RNA5SP86",0
"RPL5P7",0
"LINC01960",0
"RPSAP24",0
"RN7SL65P",0
"SP9",0
"KCNJ13",0
"NPLP1",0
"ASS1P2",0
"RNU6-851P",0
"SOS1-IT1",0
"RNU6-198P",0
"MIR9500",0
"RPL23AP31",0
"MIR4439",0
"SNORA36C",0
"RPL22P12",0
"MIR3126",0
"RNU6-1216P",0
"CTNNA2-AS1",0
"GNA13P1",0
"MIR4264",0
"RNA5SP109",0
"RPL31P15",0
"RNU6-1122P",0
"MIR4773-1",0
"RN7SL124P",0
"MIR3127",0
"MOGAT1",0
"RRAS2P2",0
"TVP23BP2",0
"COX20P2",0
"SNORA70F",0
"RNA5SP110",0
"MTCO3P16",0
"MTND3P16",0
"MTND4LP16",0
"MTND5P31",0
"ENO1P4",0
"RNU6-651P",0
"UBE2V1P11",0
"RNU6-440P",0
"RN7SL856P",0
"SUCLA2P3",0
"ZFP91P1",0
"RPS26P19",0
"IGKV1OR2-108",0
"LINC01594",0
"SETD6P1",0
"SULT1C2P2",0
"GMCL1P2",0
"RNU6-1049P",0
"RNA5SP97",0
"RNU2-9P",0
"FAM8A3P",0
"RPL17P13",0
"RNU6-601P",0
"LINC01818",0
"BICD1P1",0
"RNU6-312P",0
"RNU6-762P",0
"RPL23AP30",0
"RNU6-1206P",0
"MTND4P23",0
"MTND4LP13",0
"RN7SKP66",0
"RNU6-566P",0
"C1GALT1C1L",0
"RPL23AP36",0
"RPL12P16",0
"RNU6ATAC19P",0
"RNU6-1168P",0
"RNU6-1007P",0
"RPL38P6",0
"MIR4436A",0
"IGKJ2",0
"RPL23AP92",0
"MIR1285-2",0
"DAP3P2",0
"RNU6-436P",0
"HOXD11",0
"HOXD10",0
"HOXD8",0
"MIR10B",0
"HOXD4",0
"MIR7704",0
"RPSAP25",0
"CYCSP7",0
"RALBP1P2",0
"ASDURF",0
"MIR128-1",0
"CICP10",0
"RPL23AP88",0
"MIR6811",0
"VN1R18P",0
"RNU4-48P",0
"UGT1A3",0
"UGT1A8",0
"UGT1A5",0
"IGKV1-12",0
"IGKV2-14",0
"IGKV2-19",0
"IGKV2-23",0
"IGKV3-25",0
"IGKV1-32",0
"IGKV3-34",0
"IGKV2-36",0
"IGKV1-37",0
"IGKV2-38",0
"IGKV2D-38",0
"IGKV1D-37",0
"IGKV2D-36",0
"IGKV3D-34",0
"IGKV1D-32",0
"IGKV3D-31",0
"IGKV1D-27",0
"IGKV2D-26",0
"IGKV2D-24",0
"IGKV2D-23",0
"IGKV1D-22",0
"IGKV6D-41",0
"IGKV1D-17",0
"IGKV1D-16",0
"IGKV3D-15",0
"IGKV2D-14",0
"IGKV1D-13",0
"IGKV1D-12",0
"IGKV2D-10",0
"IGKV1D-42",0
"IGKV1D-43",0
"PPP1R1C",0
"ASPRV1",0
"IL37",0
"MIR4783",0
"SNRPEP5",0
"HMGB1P25",0
"MIR558",0
"MIR4765",0
"RPL39P14",0
"RN7SL753P",0
"RN7SL40P",0
"MTCO1P17",0
"MTCO2P17",0
"MTCO3P17",0
"MTND3P17",0
"MTND4LP17",0
"MTCO1P54",0
"RNU7-81P",0
"RN7SL210P",0
"RNU7-104P",0
"EVX2",0
"UGT1A10",0
"ASIC4",0
"RNU6-1140P",0
"PRLH",0
"PRR30",0
"IGKV1OR2-9",0
"IGKV2OR2-10",0
"IGKV2OR2-7D",0
"IGKV3OR2-5",0
"IGKV1OR2-6",0
"IGKV2OR2-7",0
"IGKV2OR2-8",0
"IGKV1OR2-11",0
"UBTFL6",0
"MIR5590",0
"GCSHP3",0
"SNORD51",0
"SNORA41",0
"RN7SKP200",0
"ATP5POP1",0
"RNU1-133P",0
"HMGB1P9",0
"MIR6513",0
"MIR6810",0
"RNU7-148P",0
"CTAGE14P",0
"RN7SL359P",0
"RNU6-997P",0
"HNRNPA1P61",0
"RN7SL113P",0
"DHRS9",0
"CROCC2",0
"API5P2",0
"SDHDP5",0
"RNU6-629P",0
"CYCTP",0
"RNU5E-9P",0
"ATP6V1B1",0
"ATP6V1B1-AS1",0
"ELOCP21",0
"RN7SL160P",0
"OXER1",0
"RN7SL575P",0
"SLC2AXP1",0
"FABP7P2",0
"RNU7-138P",0
"RNU7-176P",0
"RNA5SP113",0
"RN7SL267P",0
"RNU6-107P",0
"LINC01805",0
"RPS10P9",0
"NRAL",0
"MIR1246",0
"PSMB3P2",0
"RNA5SP120",0
"FABP5P14",0
"TNP1",0
"UBTFL5",0
"GXYLT1P7",0
"SGCEP1",0
"LINC01966",0
"RNU7-2P",0
"RPL17P12",0
"OTX2P2",0
"RNU6-715P",0
"RNA5SP106",0
"LIMS4",0
"PRPS1P1",0
"CYP2C56P",0
"RNU6-542P",0
"RPS24P7",0
"IL36G",0
"HMGN2P23",0
"POLR2DP1",0
"IL36A",0
"IL1F10",0
"RNU6-1180P",0
"SCYGR9",0
"RNA5SP84",0
"MIR4429",0
"RNU2-13P",0
"MANEALP1",0
"RPS28P5",0
"MSTN",0
"UBE2V1P14",0
"RRN3P4",0
"SFXN4P1",0
"MTND6P11",0
"MTND4LP12",0
"MTND3P9",0
"MTATP6P5",0
"MTCO2P5",0
"RPSAP26",0
"RN7SL297P",0
"SLC30A6P1",0
"RNU1-38P",0
"MIR6071",0
"SNRPGP7",0
"RNA5SP89",0
"BCYRN1",0
"RN7SKP119",0
"MIR559",0
"FUCA1P1",0
"RPL29P8",0
"RNU6-187P",0
"RNU7-96P",0
"RNU6-433P",0
"MIR149",0
"RN7SL632P",0
"RNA5SP95",0
"RNU4-73P",0
"RNU7-127P",0
"RN7SL204P",0
"GBX2",0
"RNU1-31P",0
"SCG2",0
"NDUFB4P5",0
"SCYGR7",0
"SPATA3",0
"CCDC195",0
"SCYGR3",0
"SCYGR6",0
"RNF228",0
"RNA5SP114",0
"MIR561",0
"RNU7-147P",0
"H2ACP2",0
"CYP4F32P",0
"TEKT4",0
"MTCO1P48",0
"MTCO3P45",0
"RPS24P6",0
"LINC01914",0
"RNU5E-7P",0
"RPLP1P5",0
"RN7SL104P",0
"RPL21P32",0
"RPL23AP35",0
"MED28P3",0
"DPRXP1",0
"NAT8B",0
"MIR2355",0
"KLF7-IT1",0
"MIR7845",0
"RN7SL341P",0
"RN7SL211P",0
"SCYGR4",0
"HSPA8P6",0
"CRYGFP",0
"RNA5SP118",0
"RNU6-242P",0
"RNU7-172P",0
"TSPYL6",0
"PRCPP1",0
"RNU7-182P",0
"NIFKP9",0
"RNU6-1147P",0
"HTR5BP",0
"CDRT15P4",0
"FAR2P2",0
"CYP4F62P",0
"NBEAP2",0
"CDRT15P3",0
"FAR2P4",0
"ECEL1P2",0
"CYP4F30P",0
"FAR2P3",0
"MED15P9",0
"ALMS1P1",0
"REG1CP",0
"SULT1C5P",0
"MALLP2",0
"BIRC6-AS2",0
"GPAT2P1",0
"AOX3P",0
"AOX2P",0
"OR7E91P",0
"ANAPC1P1",0
"PLGLA",0
"ANKRD33BP1",0
"ANKRD36BP2",0
"BMS1P23",0
"LINC01881",0
"LSP1P4",0
"CT75",0
"FAHD2CP",0
"CXCR2P1",0
"RPL7L1P10",0
"RPL17P14",0
"RPL30P2",0
"RPS27P10",0
"RNA5SP119",0
"MTND2P23",0
"MIR548F2",0
"VDAC2P4",0
"RNU6-763P",0
"PLAC9P1",0
"RPL22P7",0
"RAB6C-AS1",0
"ARHGAP42P2",0
"WNT6",0
"CNGA3",0
"ALLC",0
"PRSS40A",0
"RNU6-932P",0
"CCDC148-AS1",0
"HNRNPDLP2",0
"RN7SL393P",0
"RNU6-234P",0
"RNU6-649P",0
"NRP2-AS1",0
"RN7SKP178",0
"PPIAP68",0
"RPL27P8",0
"SIX2",0
"CDKN2AIPNLP2",0
"RNU6-951P",0
"RACK1P2",0
"ATP5F1BP1",0
"RPL34P8",0
"CENPNP2",0
"RNU6-360P",0
"RPL9P14",0
"RNA5SP116",0
"CRYGEP",0
"CRYGC",0
"DBIL5P2",0
"FUNDC2P2",0
"RPL38P2",0
"PAFAH1B1P2",0
"ATP5F1AP2",0
"DNAJB3",0
"RPS4XP5",0
"GPAA1P2",0
"MYADML",0
"VINAC1P",0
"PRORSD1P",0
"AHSA2P",0
"OR6B3",0
"RNU2-39P",0
"MIR3129",0
"E2F3P2",0
"RN7SL820P",0
"CBX3P6",0
"MIR4435-1",0
"MIR4785",0
"MIR4776-2",0
"MIR4776-1",0
"POTEF-AS1",0
"RPL30P3",0
"LINC01946",0
"RPL6P6",0
"IGKV2D-40",0
"SPTBN1-AS1",0
"DLX2-DT",0
"POLHP1",0
"ACTG1P22",0
"RN7SKP281",0
"RPL23AP29",0
"TUBAP13",0
"RPRM",0
"DNAJA1P2",0
"PHB1P4",0
"IGKV5-2",0
"SEPHS1P7",0
"MALLP1",0
"RN7SL251P",0
"TMEM247",0
"LINC01819",0
"AHCYP3",0
"RPL23AP27",0
"HMGB3P11",0
"NUTF2P8",0
"RN7SL117P",0
"RN7SL516P",0
"RNU6-958P",0
"RN7SKP208",0
"MIR217",0
"MIR216A",0
"CCDC85A",0
"RNA5SP93",0
"RNU6-508P",0
"RNA5SP94",0
"RNU6-473P",0
"CFC1B",0
"PRSS40B",0
"MIR5000",0
"RNU6-105P",0
"SMPD4BP",0
"RNU6-617P",0
"GRAMD4P8",0
"NMS",0
"NANOGNBP1",0
"DYNLT3P2",0
"RPL14P6",0
"RPL21P34",0
"C1QL2",0
"RN7SL468P",0
"MIR6888",0
"CAPZA1P2",0
"RPS29P9",0
"RNU6-664P",0
"PPP1R14BP2",0
"MIR4775",0
"ASIC4-AS1",0
"LINC01853",0
"TNS1-AS1",0
"RGPD4-AS1",0
"LINC01106",0
"LINC01815",0
"LINC01381",0
"ANKRD44-DT",0
"LINC01143",0
"CCNT2-AS1",0
"LINC01939",0
"BOK-AS1",0
"LINC01851",0
"NCKAP5-AS2",0
"DPP10-AS3",0
"GPR155-DT",0
"GCSIR",0
"MSH2-OT1",0
"LINC01888",0
"UBE2E3-DT",0
"LINC01812",0
"PRKD3-DT",0
"LINC02862",0
"LINC01803",0
"LINC01817",0
"AGAP1-IT1",0
"MYCNUT",0
"EML6-AS1",0
"HOXD-AS2",0
"CRIM1-DT",0
"LINC01305",0
"UICLM",0
"HAGLROS",0
"LINC01120",0
"LINC01918",0
"MIR4430",0
"RNA5SP92",0
"SNORA10B",0
"H3P5",0
"RNU6ATAC37P",0
"MIR4778",0
"DNMT3AP1",0
"MIR1302-3",0
"WASH2P",0
"RPL23AP7",0
"RNU6-744P",0
"MIR4782",0
"LINC01101",0
"LINC00570",0
"USP21P2",0
"IFITM3P9",0
"CYCSP6",0
"ANAPC1P6",0
"CHEK2P3",0
"HIGD1AP4",0
"RAD52P1",0
"KLF2P2",0
"LLPHP3",0
"USP21P1",0
"RPL10P6",0
"GAPDHP59",0
"OR7E90P",0
"UGT1A12P",0
"NF1P8",0
"DIS3L2P1",0
"GNAQP1",0
"HIGD2AP1",0
"KRT8P30",0
"HNRNPA1P66",0
"OR7E102P",0
"TIMM8AP1",0
"RPL31P17",0
"SMIM12P1",0
"KLF2P1",0
"CYP4F27P",0
"FAR2P1",0
"PDSS1P2",0
"MRPL36P1",0
"UQCRHP2",0
"SEPTIN14P2",0
"KMT2CP4",0
"OR7E62P",0
"SNX18P14",0
"RPL6P5",0
"RPL31P30",0
"EEF1E1P1",0
"ANAPC1P2",0
"RPS20P10",0
"KRTCAP2P1",0
"MED15P4",0
"PGM5P4",0
"FAM138B",0
"DDX11L2",0
"ACRP1",0
"RNA5SP101",0
"IGKV2OR2-2",0
"RN7SL313P",0
"RPL23AP39",0
"CIAO2AP1",0
"RPL31P20",0
"MESTP4",0
"RPSAP32",0
"MTND4LP9",0
"ARPP21-AS1",0
"RPS8P6",0
"SDAD1P3",0
"RPL34P11",0
"SRGAP3-AS3",0
"RPL39P18",0
"RPL36AP17",0
"RBMS3-AS1",0
"CDC42P7",0
"RFC3P1",0
"NUP210P2",0
"HMGB3P12",0
"MTARC2P1",0
"MARK2P14",0
"RPS12P5",0
"RHBDF1P1",0
"VENTXP4",0
"GNAT1",0
"ZNF652P1",0
"ILF2P1",0
"DLEC1P1",0
"RPL7AP23",0
"SPATA12",0
"VPS51P4",0
"RPS12P6",0
"TCEAL8P1",0
"RPL17P17",0
"HNRNPA3P8",0
"HMGB1P38",0
"ICE2P2",0
"OR7E121P",0
"PPATP1",0
"TMEM183AP5",0
"FAM3D-AS1",0
"PSMC1P6",0
"WDR82P1",0
"SRRM1P2",0
"NDUFA5P5",0
"RARRES2P1",0
"HYDINP1",0
"HSPE1P19",0
"CLUHP10",0
"TUBBP11",0
"EZRP1",0
"MTCO1P6",0
"ACTR3P3",0
"DUSP12P1",0
"NDUFA4P2",0
"FEZF2",0
"BRD7P7",0
"RPL14P2",0
"COX6CP6",0
"UBE2Q2P9",0
"GAPDHP50",0
"DPPA2",0
"LCORLP1",0
"HMGB1P36",0
"NFYBP1",0
"UBL5P3",0
"ACOX2",0
"PPIAP15",0
"ZFAND2AP1",0
"MAGI1-IT1",0
"CCDC137P2",0
"TIMMDC1-DT",0
"NPM1P17",0
"RPLP0P8",0
"FAM3D",0
"DIMT1P1",0
"GM2AP1",0
"HMGN2P25",0
"SOX14",0
"SDHBP1",0
"RLIG1P2",0
"FKBP1AP4",0
"PBX2P1",0
"HMGN1P10",0
"RPL21P71",0
"AFF4P1",0
"MRE11P1",0
"NPM1P28",0
"RPS6P4",0
"WDR70P1",0
"TOMM22P6",0
"MMACHCP1",0
"LARP7P4",0
"EEF1B2P8",0
"NAP1L5P1",0
"SDHDP3",0
"KRT18P35",0
"TMEM38BP1",0
"HMGN2P26",0
"SLC2A2",0
"SLITRK3",0
"TPT1P3",0
"MTND4LP10",0
"LINC02006",0
"RPS17P10",0
"NAALADL2-AS2",0
"DDX5P1",0
"RTP1",0
"RPL7AP25",0
"LINC01014",0
"RPL28P1",0
"MTCH2P1",0
"PCBP2P4",0
"EIF2AK1P1",0
"RPL32P8",0
"NGRNP1",0
"TM4SF4",0
"NDUFB4P1",0
"EI24P1",0
"NMNAT1P3",0
"ALG1L15P",0
"EI24P6",0
"RPL19P2",0
"KCNAB1-AS2",0
"MTAPP2",0
"LINC02041",0
"KLF3P2",0
"IGF2BP2-AS1",0
"CRADDP1",0
"ENAHP1",0
"DTWD1P2",0
"RPS27AP8",0
"RPL6P7",0
"RPL7AP24",0
"ETV5-AS1",0
"RBM43P1",0
"RNU6-1194P",0
"RN7SKP144",0
"RNU4ATAC17P",0
"RNU6-905P",0
"RN7SL147P",0
"RN7SL120P",0
"MIR4791",0
"MIR3714",0
"MIR466",0
"MIR548AY",0
"RNU6-815P",0
"RNU6-243P",0
"RNA5SP127",0
"RN7SKP227",0
"MIR128-2",0
"RNU6-235P",0
"MIR4272",0
"RNU6-139P",0
"RNA5SP134",0
"RN7SL647P",0
"RNU7-119P",0
"MIR1324",0
"RN7SKP284",0
"RNU6-739P",0
"RNU6-281P",0
"RN7SL751P",0
"MIR3923",0
"RNU2-28P",0
"MIR4273",0
"RNU6-1129P",0
"MIR548AB",0
"RNU6-1236P",0
"RNU6-712P",0
"MIR4445",0
"RNU6-461P",0
"RNU6-1127P",0
"RNU1-43P",0
"MIR567",0
"MIR7110",0
"RNA5SP142",0
"RN7SL715P",0
"RNA5SP144",0
"RNU6-425P",0
"RN7SKP46",0
"RNU6-1098P",0
"RNU7-82P",0
"MIR569",0
"RNU6-547P",0
"RNU6-637P",0
"MIR1263",0
"MIR7977",0
"SNORA63D",0
"RNU6-486P",0
"RNU6-505P",0
"RNU1-70P",0
"MIR944",0
"RNA5SP147",0
"RNU4-4P",0
"MIR4789",0
"RNU6-1233P",0
"RNU4-91P",0
"SNORA63E",0
"RNU6-1317P",0
"RNU6-1109P",0
"GMFBP1",0
"ABRAXAS1P1",0
"RNU6-865P",0
"MED28P2",0
"CBX5P1",0
"RPL32P7",0
"RNU6-1256P",0
"HMGN1P9",0
"HMGB3P13",0
"RNU6-1174P",0
"RNA5SP141",0
"MIR378B",0
"PTX3",0
"H2BP3",0
"MIR568",0
"MIR4796",0
"YBX1P3",0
"STRIT1",0
"PABPC1P10",0
"MARK3P3",0
"MARK2P6",0
"CIDECP2",0
"LINC01327",0
"MIR5002",0
"MIR4442",0
"MIR1224",0
"EEF1AKMT4-ECE2",0
"SNORD66",0
"TEDDM3P",0
"LINC01839",0
"RNU6-1227P",0
"CRIPTO",0
"PRSS50",0
"DDTP1",0
"RPL29P34",0
"RNU6-1101P",0
"RPL23AP93",0
"RNF10P1",0
"CD24P5",0
"RNU1-62P",0
"MTCO3P47",0
"WNT5A-AS1",0
"MIR3938",0
"RNA5SP133",0
"H1-8P1",0
"RN7SL418P",0
"MIR5588",0
"RNU6-726P",0
"GCNT1P3",0
"RNA5SP130",0
"AMIGO3",0
"CIDEC",0
"RPL38P1",0
"HMGB1P30",0
"SNORD13P3",0
"RNU6-1105P",0
"SNORD2",0
"SNORA63B",0
"MIR1248",0
"SNORA81",0
"SNORA63",0
"SNORA4",0
"ATP5MC1P3",0
"FOXL2",0
"FOXL2NB",0
"PRR23C",0
"RPL7L1P7",0
"PISRT1",0
"PTOV1P1",0
"PPDPFP1",0
"MIR198",0
"TRIM71",0
"TIMP4",0
"GSTM5P1",0
"RNA5SP123",0
"MEMO1P3",0
"RNU6-428P",0
"RNU7-136P",0
"SCARNA7",0
"RPL6P8",0
"ARL14",0
"MIR4795",0
"KRT8P25",0
"RFKP3",0
"RN7SL762P",0
"RN7SL397P",0
"CRIP1P1",0
"ALDOAP1",0
"MIR135A1",0
"RPL29P9",0
"KLF15",0
"C3orf22",0
"RNA5SP138",0
"METTL5P2",0
"SF3A2P1",0
"RNU6-646P",0
"RNU6-42P",0
"MIR5688",0
"CADM2-AS2",0
"MIR6890",0
"C3orf84",0
"NPHP3-ACAD11",0
"RNU6-787P",0
"RN7SL482P",0
"MIR6829",0
"PPP4R2P3",0
"KRT18P17",0
"SNORA7A",0
"IFT122P1",0
"RNA5SP136",0
"U2SURPP1",0
"ECE2",0
"RNU6ATAC6P",0
"RNA5SP140",0
"PEX5L-AS1",0
"UQCRHP4",0
"AGTR1",0
"WDR53P1",0
"RNA5SP149",0
"RALBP1P1",0
"HTD2",0
"DNAJC19P4",0
"JMJD4P1",0
"GP9",0
"ISY1-RAB43",0
"SDHDP4",0
"NRBF2P2",0
"RNU6-511P",0
"RN7SL567P",0
"KLHL40",0
"ACKR2",0
"HNRNPA1P22",0
"IQCF5",0
"MIR885",0
"EI24P3",0
"RNU6-454P",0
"MIR4270",0
"RN7SL110P",0
"MIR6872",0
"PERPP1",0
"RN7SKP222",0
"FGF12-AS2",0
"FGF12-AS3",0
"RNU1-20P",0
"TREX1",0
"MIR6823",0
"UCN2",0
"MIR711",0
"TMEM89",0
"MIR6824",0
"MIR4793",0
"TLR9",0
"PLSCR5",0
"MRPS10P2",0
"RN7SL870P",0
"MTAPP1",0
"RFKP6",0
"MIR1226",0
"RN7SL664P",0
"RPL17P16",0
"RNU7-128P",0
"MIR4443",0
"CAMP",0
"FCF1P2",0
"MIR2115",0
"RN7SL321P",0
"RNU7-47P",0
"OR5H8",0
"OR5H4P",0
"OR5H6",0
"UQCRC2P1",0
"FAM240A",0
"RTP3",0
"MIR6083",0
"RNU6-143P",0
"RPS26P22",0
"ITGB5-AS1",0
"PDHA1P1",0
"POU1F1",0
"MIR548I1",0
"SNRPCP11",0
"ENPP7P4",0
"FBRSL1P1",0
"ARPC1AP1",0
"DUSP5P2",0
"RETNLB",0
"FRG2C",0
"EFCC1",0
"MIR6826",0
"MARK2P19",0
"RHO",0
"H1-8",0
"RNA5SP145",0
"GPR87",0
"MRPL42P6",0
"MIR5186",0
"MIR548AQ",0
"MIR1284",0
"RPL35AP9",0
"GPR79",0
"MIR3919",0
"C9orf78P1",0
"RNU2-31P",0
"MIR5704",0
"HNRNPA1P17",0
"RNA5SP139",0
"RUVBL1-AS1",0
"FAM76AP1",0
"SPINK8",0
"OR5H15",0
"HSP90AB5P",0
"AKR1B1P2",0
"MIR4444-2",0
"MYLKP1",0
"ATP5MC2P5",0
"SNORA6",0
"SNORA62",0
"NFU1P1",0
"HTR3C2P",0
"HTR3E",0
"MIR4448",0
"FAM20BP1",0
"RNU4-38P",0
"LRRIQ4",0
"RNA5SP132",0
"RPSAP69",0
"KRBOX1-AS1",0
"CHCHD4P4",0
"CSTBP1",0
"EIF3KP2",0
"RN7SL216P",0
"RNA5SP125",0
"CFL1P7",0
"RNA5SP126",0
"H3P10",0
"MIR5193",0
"RN7SL217P",0
"ACTL11P",0
"HNRNPA1P23",0
"EIF4BP8",0
"RNU6-1263P",0
"RNU6-342P",0
"ROPN1",0
"EEF1GP4",0
"OTOL1",0
"NLGN1-AS1",0
"RN7SKP234",0
"OR5BM1P",0
"PRR3P1",0
"RNU6-858P",0
"RNU6-621P",0
"RNU6-821P",0
"RNU6-860P",0
"SEPTIN14P3",0
"MIR4797",0
"RBISP6",0
"RNU7-10P",0
"RNU6-670P",0
"RNU6-386P",0
"VDAC1P7",0
"RNU6-217P",0
"RNU6-882P",0
"SLC6A1-AS1",0
"CENPPP1",0
"MIR6822",0
"DSTNP4",0
"RPL23AP41",0
"RPL31P21",0
"PHF5AP7",0
"RNU4-56P",0
"RN7SL411P",0
"PGAM1P3",0
"RPL5P10",0
"MRPS31P1",0
"RN7SKP58",0
"RPL36P20",0
"GEMIN2P2",0
"RPL7AP83",0
"TPMTP2",0
"CCK",0
"MIR8060",0
"RBBP4P7",0
"RNU6-1094P",0
"RPL18AP8",0
"RCC2P5",0
"CDV3P1",0
"TPTE2P7",0
"OR5AC1",0
"OR5AC2",0
"OR5H2",0
"OR5K4",0
"CD200R1P1",0
"ATP5PBP8",0
"RNY3P13",0
"RPS17P9",0
"VPS51P10",0
"EVA1CP6",0
"SNRPCP8",0
"PSMG3P1",0
"RN7SL229P",0
"FLYWCH1P1",0
"RPL32P10",0
"RNU6-4P",0
"FAUP2",0
"KRT8P36",0
"A4GNT",0
"RN7SL145P",0
"RNA5SP129",0
"RNU6-230P",0
"MIR5092",0
"DUTP1",0
"RNU6-232P",0
"XXYLT1-AS1",0
"MIR3137",0
"RN7SL36P",0
"RNU6-25P",0
"RPL31P22",0
"RPL24P6",0
"RPL31P64",0
"NDUFS6P1",0
"DONSONP1",0
"RPL31P23",0
"RPS27P11",0
"KIAA1143P2",0
"RN7SKP265",0
"LNCSRLR",0
"MPRIPP1",0
"RNA5SP137",0
"SNORD19B",0
"AKTIPP1",0
"ITIH4-AS1",0
"MUSTN1",0
"STIMATE-MUSTN1",0
"MIR8064",0
"OR7E55P",0
"EVA1CP5",0
"SNRPCP10",0
"RPS3AP15",0
"KRBOX1",0
"MTND5P15",0
"ASS1P7",0
"RN7SKP52",0
"SDHAP2",0
"SMBD1P",0
"RN7SKP124",0
"RN7SL724P",0
"RPS27P12",0
"G2E3P1",0
"IQCF3",0
"FGD5P1",0
"SDHAP1",0
"OR5AC4P",0
"NMRAL2P",0
"FRG2FP",0
"FAM157A",0
"RPL32P3",0
"OR7E122P",0
"FAM86JP",0
"CIDECP1",0
"FAM86HP",0
"ALG1L1P",0
"SNHG33",0
"OR7E22P",0
"FAM86DP",0
"MIR5787",0
"RNU6-1181P",0
"RNF7P1",0
"RPS8P5",0
"RNU6-483P",0
"RNU5B-3P",0
"ATP2B2-IT1",0
"ATP2B2-IT2",0
"VENTXP7",0
"ZNF385D-AS1",0
"FCF1P3",0
"MTND3P6",0
"MTCO3P35",0
"MTATP6P22",0
"MTND6P6",0
"MTCO1P35",0
"MTND1P16",0
"MTND2P14",0
"RNU6-1308P",0
"CSP2",0
"CCT6P4",0
"MTCO2P29",0
"MIR6828",0
"KRT8P13",0
"RNU6ATAC16P",0
"SDHAP4",0
"MIR922",0
"PLA2G10P1",0
"PRSS45P",0
"SNRPB2P1",0
"MTERF1P1",0
"TMED2P1",0
"FCRL4P1",0
"RRBP1P2",0
"RANP7",0
"C11orf98P3",0
"RNU6-922P",0
"RNU6-788P",0
"NPM1P23",0
"RNA5SP135",0
"MIR3136",0
"LAPTM4BP2",0
"RNU6-557P",0
"RNU2-64P",0
"NICN1",0
"TAGLN3",0
"RNU7-73P",0
"RPL21P135",0
"MIR28",0
"ENOPH1P1",0
"TBILA",0
"INAVAP1",0
"HSPD1P6",0
"RPL39P5",0
"PSMD10P2",0
"KRT8P12",0
"NUP210P1",0
"BOLA2P2",0
"RPSAP31",0
"PDCL3P4",0
"MTHFD2P1",0
"RPL23AP49",0
"TPM4P2",0
"HMGB1P5",0
"TMEM30CP",0
"PRSS46P",0
"PRSS43P",0
"PRSS44P",0
"PRSS42P",0
"NRADDP",0
"IQCF4P",0
"C3orf86P",0
"NUDT16L2P",0
"LRRC77P",0
"CPHL1P",0
"TM4SF18",0
"MIR563",0
"CBX3P10",0
"RNU6ATAC4P",0
"OR5K2",0
"RPL38P4",0
"RPL19P7",0
"ARHGEF28P1",0
"MIR4787",0
"PPIAP69",0
"MIR6825",0
"MIR7976",0
"PRR23E2P",0
"RNU6-1047P",0
"PRR20G",0
"LINC02034",0
"COL6A4P2",0
"RNU6-507P",0
"RNU6-720P",0
"HNRNPA1P24",0
"RPL32P9",0
"MINDY4B",0
"YTHDF3P1",0
"OR7E93P",0
"OR7E53P",0
"VPS51P6",0
"DYNLL1P5",0
"RPL9P15",0
"RNU6-348P",0
"MTCO1P58",0
"TMEM212-IT1",0
"RNU6-1120P",0
"SOX2",0
"RN7SL703P",0
"RNA5SP150",0
"ZCCHC10P1",0
"AADACP1",0
"ATP5MGP5",0
"P2RY1",0
"MAP6D1",0
"HTR3E-AS1",0
"LINC01840",0
"RN7SL447P",0
"RN7SL215P",0
"LINC01326",0
"RN7SKP298",0
"RNU5E-8P",0
"RNU6-1200P",0
"LINC03051",0
"DRG1P2",0
"RNPC3P1",0
"ATP6V0CP2",0
"NECTIN2P1",0
"THOC7-AS1",0
"HMGN2P13",0
"KIAA1328P1",0
"RN7SL300P",0
"LINC03109",0
"RN7SL296P",0
"TM4SF19-DYNLT2B",0
"RNU6-910P",0
"RN7SL434P",0
"LINC01472",0
"PLS1-AS1",0
"TERC",0
"LINC01100",0
"DNAJB8-AS1",0
"AADACL2-AS1",0
"BALR6",0
"LINC02005",0
"LRRC3B-AS1",0
"CD200R1L-AS1",0
"MELTF-AS1",0
"NAALADL2-AS1",0
"PLCH1-AS2",0
"TM4SF18-AS1",0
"LPP-AS1",0
"PEX5L-AS2",0
"OSBPL10-AS1",0
"CCDC39-AS1",0
"LINC01988",0
"CNTN4-AS2",0
"MORC1-AS1",0
"LINC01986",0
"GRM7-AS1",0
"LINC01985",0
"LRRC78P",0
"LINC02053",0
"UBE2E2-DT",0
"LINC02042",0
"CFAP100-DT",0
"ESRG",0
"SRGAP3-AS2",0
"RNA5SP124",0
"MIR8076",0
"CD200LP",0
"UBE2E1-AS1",0
"PRICKLE2-AS2",0
"RAD51AP1P1",0
"IGBP1P3",0
"VN1R20P",0
"KRT18P34",0
"RPL22P1",0
"TVP23CP3",0
"TMED10P2",0
"ARB2BP",0
"CYCSP10",0
"MARK2P17",0
"ACTG1P1",0
"GAPDHP36",0
"HRGP2",0
"OR5H5P",0
"OR5H3P",0
"OR5H7P",0
"RPS24P9",0
"BCL2L12P1",0
"RPL13AP27",0
"UBA52P4",0
"RPS24P10",0
"DNAJB1P2",0
"ENPP7P3",0
"RPS16P4",0
"LSP1P2",0
"ALG1L6P",0
"ENPP7P2",0
"RPL36P7",0
"PPP4R2P4",0
"NDUFAF4P3",0
"RPS25P5",0
"IMPDH1P8",0
"METTL15P1",0
"MYLKP2",0
"OR7E29P",0
"DPPA2P3",0
"FAM151AP1",0
"SULT1D1P2",0
"EGFEM1P",0
"RNU2-20P",0
"RPL21P43",0
"RNU6-367P",0
"MIR138-1",0
"LINC02032",0
"ERVH-1",0
"CPZ",0
"WEE1P1",0
"VPS51P18",0
"OR7E86P",0
"LINC02270",0
"MTCO3P27",0
"MTND4P9",0
"OR7E85P",0
"MTCO3P42",0
"MTND3P24",0
"MTND4LP22",0
"RPL31P31",0
"MTCYBP16",0
"SNX18P23",0
"RPS26P24",0
"SNX18P25",0
"KCTD8",0
"MTND3P5",0
"MTND6P16",0
"SEC63P2",0
"SLIRPP2",0
"COX7B2",0
"UGT2B11",0
"LARP1BP1",0
"GK2",0
"LINC00575",0
"MTND3P22",0
"NPM1P41",0
"UGT2B7",0
"LINC02619",0
"MTCO3P39",0
"ATP5F1EP1",0
"TACR3",0
"LINC01216",0
"MTND5P5",0
"LINC01218",0
"MTND4LP31",0
"LINC02503",0
"DYNLL1P6",0
"BTC",0
"TACR3-AS1",0
"MRPS33P3",0
"PIMREGP2",0
"TRAM1L1",0
"SETP20",0
"MUC7",0
"ACTR6P1",0
"SPOPLP3",0
"H3P15",0
"SPOPLP2",0
"TUBAP10",0
"LINC02479",0
"TECRP2",0
"RPL7AP26",0
"PDHA2",0
"EIF3KP3",0
"QRFPR",0
"SAR1AP3",0
"SPOPLP1",0
"MTCYBP44",0
"OPRPN",0
"TMEM248P1",0
"TPI1P4",0
"CRYZP2",0
"RPL17P19",0
"PCDH10",0
"MAPRE1P2",0
"GTF2F2P1",0
"SERF1AP1",0
"CDRT15P11",0
"RBM46",0
"MTCYBP17",0
"EEF1GP8",0
"YWHAEP4",0
"STMN1P2",0
"BTF3P13",0
"PTPN11P5",0
"EEF1A1P21",0
"FBLP1",0
"ASS1P8",0
"MYL12BP2",0
"NDUFB2P1",0
"WWC2-AS1",0
"TLL1",0
"MTHFD2P4",0
"NDUFB5P1",0
"LINC02504",0
"LINC02477",0
"CLDN24",0
"RPL35AP12",0
"TOMM22P4",0
"AKIRIN2P1",0
"RPL6P11",0
"ICE2P1",0
"ADAM20P3",0
"RPS23P4",0
"MTND3P3",0
"COPS3P1",0
"MTCO3P9",0
"ATP5MGP4",0
"SETP12",0
"ANP32CP",0
"LINC02437",0
"HSPE1P23",0
"RN7SKP113",0
"MIR548I2",0
"RNA5SP156",0
"RNU6-578P",0
"RN7SKP170",0
"MIR572",0
"SNORA75B",0
"RNA5SP157",0
"RN7SL101P",0
"MIR4275",0
"RNU7-126P",0
"MIR1255B1",0
"RNU6-573P",0
"MIR4801",0
"RNU6-931P",0
"RNU6-412P",0
"RN7SKP199",0
"RNU6-158P",0
"MIR8053",0
"MIR548AG1",0
"RNU6-1325P",0
"RNU6-699P",0
"RNU6-191P",0
"RNA5SP527",0
"RNU6ATAC5P",0
"RNU4ATAC9P",0
"RNU6-499P",0
"RNU6-774P",0
"MIR575",0
"RNU6-615P",0
"RNU6-1059P",0
"MIR4451",0
"RN7SKP28",0
"RNU6-462P",0
"RNU6-551P",0
"RNU6-34P",0
"SNORA24",0
"MIR1255A",0
"RN7SKP137",0
"RNU6-948P",0
"RNU6-119P",0
"RNU6-550P",0
"RNU1-89P",0
"RNU6-224P",0
"RN7SL808P",0
"RNU6-1230P",0
"RNA5SP167",0
"RN7SKP253",0
"MIR4799",0
"RN7SL254P",0
"RNU4-79P",0
"RN7SKP188",0
"RNA5SP170",0
"RNU6ATAC13P",0
"RN7SKP105",0
"MIR6082",0
"RN7SL776P",0
"RNA5SP171",0
"RNA5SP173",0
"MIR4454",0
"RNU6-335P",0
"RNU6-1053P",0
"RNU6-479P",0
"RNU2-34P",0
"RNU2-66P",0
"RN7SKP67",0
"RNU2-44P",0
"MIR4276",0
"RNU6-173P",0
"RNU1-51P",0
"RNU6-838P",0
"MIR4449",0
"SNORA26",0
"RN7SKP275",0
"RN7SL335P",0
"ADAD1",0
"RNU6-668P",0
"FAM218BP",0
"RNU6-784P",0
"RNU6-891P",0
"USP17L10",0
"USP17L11",0
"USP17L12",0
"USP17L13",0
"USP17L17",0
"USP17L18",0
"USP17L23",0
"USP17L5",0
"USP17L27",0
"USP17L28",0
"USP17L29",0
"USP17L30",0
"DEFB108F",0
"RNA5SP153",0
"DEFB130D",0
"USP17L20",0
"USP17L21",0
"USP17L22",0
"USP17L24",0
"USP17L25",0
"USP17L26",0
"USP17L14P",0
"USP17L16P",0
"USP17L19",0
"USP17L9P",0
"USP17L6P",0
"RNU6-1196P",0
"RN7SL419P",0
"MIR548T",0
"NACAP5",0
"RN7SL311P",0
"RNU6-506P",0
"RNU6-1074P",0
"MGARP",0
"PFDN1P2",0
"FGFBP1",0
"MIR2054",0
"NUP58P1",0
"RPL17P20",0
"RN7SL492P",0
"BBS7-DT",0
"STATH",0
"HTN3",0
"RNU6-1187P",0
"MIR5591",0
"RN7SKP96",0
"MIR4452",0
"CLDN22",0
"RNU6-746P",0
"VPS51P7",0
"SNRPCP16",0
"MND1",0
"EFL1P2",0
"RNU2-40P",0
"HSD17B13",0
"RNU1-44P",0
"USP17L15",0
"BTF3L4P4",0
"CNGA1",0
"HIGD1AP13",0
"RN7SL127P",0
"MIR3945",0
"TRPC6P7",0
"MIR4455",0
"RNU6-351P",0
"RNU6-553P",0
"SCARNA22",0
"MIR943",0
"RNU2-16P",0
"NKX1-1",0
"MIR95",0
"RNU6-112P",0
"PYURF",0
"PIGY",0
"PIGY-DT",0
"RPSAP34",0
"ZACNP1",0
"EXOC7P1",0
"FTH1P21",0
"RN7SL275P",0
"HSBP1P2",0
"RNF14P2",0
"RNU6-205P",0
"ZNF969P",0
"RNU6-289P",0
"RPL36AP23",0
"CCDC34P1",0
"TUBB8P3",0
"AP1AR-DT",0
"RNU6-204P",0
"RPL7AP29",0
"SLC25A14P1",0
"RPL30P5",0
"RPL38P3",0
"RNU6-410P",0
"RN7SL424P",0
"RN7SL822P",0
"METTL5P3",0
"RPSAP39",0
"LINC02928",0
"NDUFB4P9",0
"RN7SL152P",0
"KRT19P3",0
"NMNAT1P4",0
"C4orf51",0
"RPL32P13",0
"MIR1243",0
"MIR8082",0
"RN7SL184P",0
"RNU1-138P",0
"RNU6-128P",0
"RNU1-36P",0
"RNU6-818P",0
"RNU6ATAC31P",0
"RNU6-1298P",0
"MIR4274",0
"MICOS10P4",0
"DSPP",0
"RNU6-733P",0
"RN7SL728P",0
"RPL21P49",0
"LRRC37A15P",0
"RNU7-151P",0
"MIR3139",0
"RNA5SP161",0
"RNU6-197P",0
"MRPL22P1",0
"CXCL10",0
"RPL36P8",0
"FAM47E-STBD1",0
"SNX5P1",0
"RNU6-1000P",0
"RPL36AP18",0
"MIR367",0
"MIR302D",0
"MIR302A",0
"MIR302C",0
"MIR302B",0
"GET1P1",0
"UGT2B29P",0
"UGT2B17",0
"UGT2B15",0
"RNU6-145P",0
"MIR548AH",0
"OR7E103P",0
"RPL6P12",0
"UGT2A2",0
"RNU6-907P",0
"RNU4-33P",0
"HELT",0
"LSM3P4",0
"MIR7849",0
"PF4V1",0
"CXCL1P1",0
"PF4",0
"RN7SL218P",0
"HGFAC",0
"MIR3688-1",0
"MIR3688-2",0
"FDCSP",0
"RPSAP70",0
"LTO1P1",0
"NEUROG2",0
"RPL23AP94",0
"ATP5MGP3",0
"HNRNPA1P65",0
"SOD3",0
"MTCYBP43",0
"TMEM271",0
"MIR378D1",0
"RNA5SP158",0
"MIR574",0
"RNU7-194P",0
"AK4P6",0
"RN7SKP248",0
"KRT19P6",0
"MIR578",0
"SCGB1D5P",0
"NOL8P1",0
"RNU6-1252P",0
"RNU4-87P",0
"RNU6-1055P",0
"RPS7P6",0
"MIR4800",0
"PMPCAP1",0
"MTND1P19",0
"RNA5SP164",0
"RPL35AP11",0
"OR5M14P",0
"RNU1-49P",0
"HMGB1P28",0
"RN7SKP82",0
"LINC02383",0
"RN7SL691P",0
"ADRA2C",0
"RNU4-64P",0
"LDHAL6EP",0
"RNA5SP163",0
"MIR1973",0
"TRMT112P1",0
"RPL21P45",0
"PSME2P4",0
"DUTP7",0
"RNA5SP160",0
"RNU6-836P",0
"RNU6-1195P",0
"UCHL1-DT",0
"MIR3138",0
"RNA5SP155",0
"FAM90A26",0
"RN7SKP235",0
"LINC01097",0
"MIR5091",0
"RPL32P12",0
"COMMD5P1",0
"RN7SL446P",0
"MIR4453",0
"SLC10A4",0
"RNU5E-3P",0
"RNU6-1054P",0
"RNU6-582P",0
"RNU6-1217P",0
"IGBP1P4",0
"KLKB1",0
"SLC25A5P6",0
"RNU6-1336P",0
"RPL9P16",0
"RNU6-853P",0
"RNY4P17",0
"OR7E94P",0
"JAKMIP1-DT",0
"PPBPP2",0
"GTF2IP12",0
"SEPTIN7P14",0
"RPL3P13",0
"RN7SL552P",0
"TMPRSS11GP",0
"RNU6-95P",0
"MTND2P41",0
"TMPRSS11BNL",0
"FGG",0
"RNU7-11P",0
"RNA5SP159",0
"RN7SKP36",0
"MIR4798",0
"RNU6-276P",0
"RNU6-652P",0
"SPMAP2L",0
"ZNF876P",0
"ZNF519P4",0
"UGT2B28",0
"UGT2B25P",0
"UGT2B24P",0
"UGT2A1",0
"BMP3",0
"RNU5A-2P",0
"RPL30P6",0
"TBCAP3",0
"RNU7-149P",0
"MIR3684",0
"ABT1P1",0
"ADH1C",0
"MIR218-1",0
"MIR7978",0
"RPL31P25",0
"DUX4",0
"RNU7-74P",0
"MIR4802",0
"RNA5SP152",0
"RPPH1-3P",0
"MLLT10P2",0
"TUBB7P",0
"RNA5SP174",0
"RNA5SP175",0
"FRG2",0
"AGGF1P1",0
"CLUHP4",0
"DUX4L8",0
"DUX4L7",0
"DUX4L6",0
"DUX4L5",0
"DUX4L4",0
"DUX4L1",0
"DUX4L3",0
"DUX4L2",0
"RNU6-284P",0
"AIDAP2",0
"ZEB2P1",0
"CIBAR1P2",0
"MRPL42P1",0
"GUSBP5",0
"SYT14P1",0
"FTLP10",0
"RPSAP36",0
"PCNAP1",0
"CSN1S2AP",0
"CETN4P",0
"TMED11P",0
"VAMP9P",0
"SORCS2",0
"CFAP99",0
"ST3GAL1P1",0
"EVA1CP2",0
"FAM86EP",0
"MTND2P31",0
"LINC01085",0
"RN7SKP13",0
"CCNHP1",0
"MIR1305",0
"RPL22P13",0
"IFITM3P1",0
"MIR1269A",0
"RPS23P3",0
"RN7SL205P",0
"LINC01256",0
"AARS1P1",0
"SNORD73A",0
"PRSS48",0
"RNU6-1282P",0
"RN7SKP35",0
"RN7SKP136",0
"RNA5SP172",0
"RNU1-45P",0
"RNA5SP169",0
"SCPPPQ1",0
"PPBP",0
"MRPS36P2",0
"RNU7-192P",0
"NT5C3AP1",0
"RNU6-33P",0
"LINC01396",0
"LINC02353",0
"SLIT2-IT1",0
"LINC02433",0
"LINC02276",0
"LINC02508",0
"MAPK10-AS1",0
"LINC02501",0
"LINC02267",0
"LINC01262",0
"LINC02374",0
"LINC02364",0
"LINC02264",0
"LINC02171",0
"LINC02360",0
"LINC02174",0
"LINC02233",0
"LINC02379",0
"LINC02515",0
"LINC02438",0
"ADGRL3-AS1",0
"LINC02283",0
"LINC02428",0
"HHIP-AS1",0
"LINC02510",0
"LINC02485",0
"FHIP1A-DT",0
"LINC01612",0
"HAFML",0
"LINC02516",0
"CHAER1",0
"WWC2-AS2",0
"MIR577",0
"RCC2P8",0
"OR7E83P",0
"ENPP7P11",0
"RPL15P7",0
"EVA1CP1",0
"UNC93B7",0
"UGT2B27P",0
"FAM86MP",0
"RBMXP4",0
"RPF2P2",0
"RPL6P16",0
"APOBEC3AP1",0
"RPS14P7",0
"NUDT19P5",0
"VTI1BP2",0
"FAM86KP",0
"OR7E111FP",0
"TECRP1",0
"LYPLA1P2",0
"CHCHD2P7",0
"OR7E99P",0
"OR7E43P",0
"UGT2A3P7",0
"KLHL2P1",0
"H3P14",0
"OR7E163P",0
"NDUFS5P4",0
"RPL23AP84",0
"ALG1L7P",0
"ENPP7P9",0
"RPL7AP28",0
"RPL21P50",0
"LINC02063",0
"LINC02145",0
"MTCO1P31",0
"MTCO1P30",0
"RPL32P14",0
"CFAP90",0
"ALG3P1",0
"UBE2V1P12",0
"RPS23P5",0
"HPRT1P2",0
"MARK2P5",0
"PTPN11P4",0
"MTND6P2",0
"HSPD1P15",0
"LINC02146",0
"ANKH-DT",0
"ISL1",0
"ADH5P5",0
"GCSHP1",0
"RPL21P56",0
"AK4P2",0
"GCNT1P2",0
"UQCRBP3",0
"LINC02225",0
"HMGB1P47",0
"LINC00603",0
"RPS17P11",0
"UBL5P1",0
"KRT18P56",0
"RPL5P15",0
"RPS27AP9",0
"RPS2P25",0
"HNRNPKP5",0
"NUDT12",0
"PPIAP79",0
"MTCO1P22",0
"HMGB3P16",0
"CCNO",0
"DPPA3P12",0
"CRLF3P2",0
"MTCO3P22",0
"RPL5P14",0
"NREP-AS1",0
"ZP3P1",0
"TRPC6P6",0
"LSP1P3",0
"B3GNTL1P1",0
"RPL17P21",0
"PSMC1P4",0
"RPL21P55",0
"HMGN1P13",0
"BOLA3P3",0
"RPS17P2",0
"ZCCHC10P2",0
"MRPL49P1",0
"PGAM1P1",0
"KRT18P42",0
"MRPS35P2",0
"HSPE1P10",0
"LYSETP1",0
"BCL9P1",0
"KATNBL1P4",0
"ATP5PFP4",0
"ASS1P9",0
"MTND3P19",0
"MAN2A1-DT",0
"PCBP2P3",0
"RPEP1",0
"MTCO2P24",0
"CATSPER2P2",0
"GJA1P1",0
"TPT1P5",0
"ATG10-AS1",0
"RBBP4P6",0
"LAMTOR3P2",0
"PRELID3BP8",0
"OR7H2P",0
"TRPC7-AS2",0
"TOMM40P3",0
"FTH1P9",0
"HMGB1P29",0
"TRPC6P9",0
"RPL7L1P4",0
"SELENOTP2",0
"MTCO1P24",0
"PGAM5P1",0
"ARL2BPP5",0
"MRPS5P3",0
"LSM1P2",0
"HMGB1P21",0
"ARGFXP1",0
"GAPDHP71",0
"MRPL57P6",0
"RPL23AP44",0
"RPL21P59",0
"CKS1BP5",0
"BTG4P1",0
"IL3",0
"FTMT",0
"NKX2-5",0
"RPL6P32",0
"ARL2BPP6",0
"TMEM69P2",0
"EEF1GP2",0
"RPL36AP20",0
"RPL13AP13",0
"INTS6P1",0
"TMEM174",0
"RN7SKP73",0
"MIR4458",0
"RNU1-76P",0
"SNORD123",0
"RNA5SP177",0
"MIR4636",0
"MIR887",0
"RNU6-679P",0
"RNA5SP178",0
"RNU6-660P",0
"RN7SL58P",0
"RNU4-43P",0
"RNU6-374P",0
"RNU6-378P",0
"RNU6-358P",0
"RNU6-760P",0
"MIR4279",0
"RNU6-909P",0
"MIR3650",0
"RNU7-130P",0
"RNU1-150P",0
"RNU6-480P",0
"RNU6-1296P",0
"RN7SL801P",0
"RNA5SP185",0
"RNA5SP182",0
"RNU6ATAC2P",0
"MIR449B",0
"MIR449C",0
"RNU6-299P",0
"RN7SL169P",0
"RNU6-294P",0
"RNU6-913P",0
"MIR4803",0
"RNU7-196P",0
"RNU4-11P",0
"RNU6-620P",0
"MIR3660",0
"RN7SKP34",0
"MIR4280",0
"RNU6-448P",0
"RNU6-804P",0
"SNORD138",0
"RNU6-1119P",0
"RN7SKP62",0
"RNU4-90P",0
"RNU6-47P",0
"RN7SKP57",0
"RNA5SP188",0
"RNU1-140P",0
"RNU6-644P",0
"RN7SL711P",0
"RN7SL174P",0
"SNORA13",0
"RNU6-752P",0
"RNU6-373P",0
"RNU6-701P",0
"MIR5706",0
"RNU6-718P",0
"RNA5SP189",0
"MIR4460",0
"RNU6-290P",0
"RNU6ATAC10P",0
"RNA5SP191",0
"RNU7-34P",0
"MIR5197",0
"RN7SKP246",0
"RNU7-156P",0
"RNU6-390P",0
"RN7SL655P",0
"MIR378A",0
"MIR3142",0
"MIR146A",0
"RNA5SP194",0
"RNU6-164P",0
"MIR1294",0
"RN7SKP60",0
"RNU2-48P",0
"RNU6-500P",0
"MIR8056",0
"RNU6-168P",0
"MIR5003",0
"RNU1-17P",0
"MIR8089",0
"MIR340",0
"RNU6-1036P",0
"PFN3",0
"RPS20P4",0
"LRRC14B",0
"MIR4456",0
"BRD9P2",0
"SPICP4",0
"SPCS2P3",0
"RNU6-572P",0
"SNORA74A",0
"RNU5B-4P",0
"RNU6-732P",0
"MIR584",0
"RN7SKP145",0
"HTR1A",0
"FABP6",0
"MIR4278",0
"RN7SKP79",0
"GNL3LP1",0
"LINC02159",0
"GABRA6-AS1",0
"GLRXP3",0
"ZNF474-AS1",0
"PCDHA1",0
"PCDHA7",0
"PCDHA14",0
"PCDHA13",0
"TLX3",0
"SNORA70J",0
"MIR3912",0
"KRT18P41",0
"ZRSR2P1",0
"MIR3141",0
"MIR1303",0
"RN7SL803P",0
"RPL35AP14",0
"LRRC70",0
"FOXO1B",0
"SNORD63B",0
"SNORD63",0
"FOXD1",0
"FOXD1-AS1",0
"LINC01386",0
"USP12P1",0
"RNU6-1311P",0
"RNU6-923P",0
"C1QTNF3-AMACR",0
"FHP2",0
"RN7SL684P",0
"SNCB",0
"MIR4281",0
"EIF4E1B",0
"MIR580",0
"IRX2",0
"MIR6830",0
"MIR3936",0
"RNU6-363P",0
"POU4F3",0
"RNA5SP196",0
"RN7SL541P",0
"PPP2R2B-IT1",0
"RN7SL646P",0
"RN7SKP70",0
"PRDX2P3",0
"RNA5SP181",0
"NENFP3",0
"RPL29P13",0
"LINC01861",0
"RNA5SP199",0
"RNU6-556P",0
"H2BL1P",0
"MIR4804",0
"CTDNEP1P2",0
"CHP1P1",0
"RN7SL782P",0
"RN7SKP122",0
"NDUFB9P1",0
"RN7SL616P",0
"RNU6-724P",0
"MIR4633",0
"NACAP6",0
"PDCD6-AHRR",0
"OR2V2",0
"TAS2R1",0
"LINC00492",0
"RNU7-175P",0
"SUMO2P5",0
"HMGN1P12",0
"CARTPT",0
"RNA5SP190",0
"FABP5P6",0
"TUBAP15",0
"PCDHGA1",0
"PCDHGA2",0
"PCDHGA3",0
"PCDHGB1",0
"PCDHGB3",0
"PCDHGA11",0
"PCDHGA12",0
"PCDHGC3",0
"RPS27AP10",0
"PCDHGB5",0
"AHRR",0
"MIR4638",0
"SNORD96A",0
"SNORD95",0
"DCANP1",0
"TIFAB",0
"PRMT1P1",0
"NKD2",0
"MIR4635",0
"RNA5SP192",0
"CDX1",0
"RN7SKP148",0
"RNU6-226P",0
"ATP6V1G1P6",0
"RNU6-183P",0
"PCDHB3",0
"PCDHB5",0
"PCDHB6",0
"PCDHB9",0
"PCDHB10",0
"PCDHB12",0
"PCDHB13",0
"SLC25A2",0
"RN7SL208P",0
"SNORA74B",0
"RNU6-1148P",0
"RNU6-460P",0
"RNU6-888P",0
"RNU6-658P",0
"RNU6-1330P",0
"ARPC1AP3",0
"ARL14EPL",0
"CTXN3",0
"HMGN1P16",0
"SPINK13",0
"SPINK14",0
"TSLP",0
"FAM170A",0
"CFAP53P1",0
"RNU6-477P",0
"MIR378E",0
"RNU7-161P",0
"KRT18P16",0
"RNU4ATAC2P",0
"VWA8P1",0
"RN7SKP251",0
"SUMO2P4",0
"SNORA50D",0
"MIR1271",0
"PROP1",0
"RNU6-1232P",0
"YBX1P5",0
"ATP6V1G1P5",0
"RNA5SP197",0
"RNU6-680P",0
"SLC25A5P9",0
"RNA5SP186",0
"PDCD5P2",0
"RNU6ATAC36P",0
"HMGB1P35",0
"ALDH7A1P1",0
"RPS2P24",0
"RNU6-308P",0
"DBIP2",0
"RNA5SP183",0
"ZNF474",0
"ZNF475",0
"CATSPER3",0
"SLC25A48-AS1",0
"MIR5692C1",0
"LINC02065",0
"RN7SKP157",0
"MIR2277",0
"RNU1-39P",0
"AMACR",0
"SLC6A18",0
"MIR4457",0
"LINC02222",0
"MTND5P12",0
"MIR6131",0
"RPL30P7",0
"PMCHL1",0
"NBPF22P",0
"PMCHL2",0
"PCDHB17P",0
"PCDHB18P",0
"PCDHB19P",0
"CEP192P1",0
"AACSP1",0
"SDHAP3",0
"ZNF300P1",0
"SEPTIN14P5",0
"GTF2H2B",0
"NAIPP1",0
"WSPAR",0
"RNU4ATAC13P",0
"DDX18P4",0
"RNU6-429P",0
"MIR6499",0
"RN7SL177P",0
"SPINK7",0
"SPINK9",0
"RN7SKP89",0
"MIR9-2",0
"H3P19",0
"H3P20",0
"H3Y1",0
"MIR874",0
"MIR3655",0
"MIR585",0
"PPIAP77",0
"PRELID3BP4",0
"MIR6831",0
"MIR1229",0
"RN7SL623P",0
"RPL7AP32",0
"RPL6P15",0
"MIR1289-2",0
"RPL35AP17",0
"LNPPS",0
"MIR143",0
"MIR145",0
"MSANTD5",0
"FBLL1",0
"SLC2A3P1",0
"MIR103B1",0
"RNU6-738P",0
"AIG1P1",0
"NDUFB4P2",0
"MIR582",0
"RPL31P8",0
"CAB39P1",0
"VTRNA1-1",0
"VTRNA1-2",0
"RPLP1P6",0
"HMGB3P22",0
"FBXL21P",0
"PCDHGB8P",0
"ATP6AP1L",0
"NPY6R",0
"VTRNA2-1",0
"SMIM32",0
"RNU6-727P",0
"TAF11L5",0
"TAF11L3",0
"TAF11L7",0
"TAF11L8",0
"TAF11L4",0
"TAF11L6",0
"TAF11L10",0
"TAF11L9",0
"TAF11L2",0
"TAF11L14",0
"RNU1-73P",0
"H3P24",0
"WBP1LP4",0
"TAF11L11",0
"TAF11L12",0
"RN7SL814P",0
"MTCYBP40",0
"RPS3AP22",0
"H3P23",0
"RNA5SP176",0
"EGFLAM-AS3",0
"EGFLAM-AS4",0
"RNA5SP179",0
"DUX4L51",0
"RNA5SP180",0
"DCAF13P2",0
"RNU6-1003P",0
"RN7SKP133",0
"FTH1P10",0
"PDCD6P1",0
"MIR4277",0
"RPL5P16",0
"MIR3977",0
"ST13P12",0
"RNA5SP187",0
"RNU6-334P",0
"RAB9BP1",0
"HMGB1P22",0
"RN7SKP117",0
"HSPD1P18",0
"RNA5SP193",0
"RNU6-236P",0
"PSD2",0
"HIGD1AP3",0
"MIR4634",0
"NAIPP3",0
"GUSBP3",0
"GUSBP18",0
"GUSBP1",0
"RNU6-381P",0
"FGF10",0
"LINC02115",0
"ARHGAP26-AS1",0
"LINC02121",0
"LINC02106",0
"IRX4-AS1",0
"LINC01411",0
"MARCHF11-AS1",0
"LINC02058",0
"LINC02229",0
"FABP6-AS1",0
"LINC02039",0
"LINC02212",0
"LINC02213",0
"LINC01574",0
"GSCAR",0
"TTC23L-AS1",0
"LINC02230",0
"LINC02111",0
"LINC02149",0
"LINC01848",0
"CAPSL-DT",0
"EPIST",0
"LINC01938",0
"TRPC7-AS1",0
"RGMB-AS1",0
"LMNB1-DT",0
"LINC02116",0
"ISL1-DT",0
"PSD2-AS1",0
"LINC02242",0
"ACSL6-AS1",0
"NDST1-AS1",0
"LINC00604",0
"LINC02114",0
"FABP5P5",0
"MIR583",0
"RNU6-524P",0
"TMEM183AP2",0
"LINC02061",0
"HMGN1P17",0
"RBX1P2",0
"TRMT112P2",0
"RBMX2P5",0
"RNU6-211P",0
"RPL37P25",0
"HSPB3",0
"PTP4A1P4",0
"GUSBP7",0
"GUSBP9",0
"SEPHS2P1",0
"RPL23AP45",0
"PRELID3BP7",0
"GUSBP17",0
"OCLNP1",0
"CDH12P4",0
"SEM1P1",0
"GUSBP15",0
"H3P18",0
"H3P21",0
"GUSBP14",0
"SETP21",0
"POLD2P1",0
"HMGB3P17",0
"NIFKP2",0
"GUSBP13",0
"GUSBP19",0
"GUSBP8",0
"GGCTP1",0
"GUSBP16",0
"FOXF2-DT",0
"EEF1E1-BLOC1S5",0
"BLOC1S5-TXNDC5",0
"SPTLC1P2",0
"TOMM5P1",0
"RPL6P18",0
"RPL6P17",0
"RPL7AP36",0
"RPL13P",0
"OR2U2P",0
"RPS18P8",0
"OR2J4P",0
"ZNF90P2",0
"DDX18P3",0
"UQCRFS1P3",0
"IMPDH1P9",0
"RPL29P17",0
"WBP1LP12",0
"NANOGP3",0
"RPL37P15",0
"TIAL1P1",0
"MTMR9P1",0
"CRISP2",0
"LAP3P1",0
"GCNT1P4",0
"POU3F2",0
"NDUFA5P9",0
"PRDX2P4",0
"LAMA4-AS1",0
"TXNP7",0
"GAPDHP41",0
"EIF4EBP2P3",0
"DHFRP5",0
"ANKRD39P1",0
"RPL31P28",0
"KRASP1",0
"RPL5P19",0
"EEF1A1P36",0
"RPL35AP18",0
"RPS17P5",0
"SIM1-AS1",0
"RAP1BP3",0
"BTF3L4P3",0
"TNPO3P2",0
"FCF1P10",0
"RPL21P66",0
"RPL31P33",0
"YAP1P3",0
"KRT18P50",0
"EEF1A1P42",0
"HTR1E",0
"FAM136FP",0
"FAM83B",0
"LINC02524",0
"TUBB4BP7",0
"RPSAP42",0
"RPA3P2",0
"TAAR6",0
"PLN",0
"NDUFS5P1",0
"PPP1R14BP5",0
"RPL7P29",0
"MTCYBP36",0
"MEMO1P2",0
"C11orf98P2",0
"MTATP6P25",0
"RPL12P23",0
"PHB1P1",0
"MTND4LP19",0
"TINAG-AS1",0
"ATF1P1",0
"TUBB8P2",0
"HMGB3P19",0
"HSPD1P10",0
"MTCO1P56",0
"RPL26P20",0
"SSR1P1",0
"RAET1M",0
"MTND3P20",0
"HMGB1P13",0
"COX6A1P3",0
"H3P27",0
"RPS24P12",0
"COX5BP2",0
"TAAR4P",0
"MTND4LP20",0
"MTCO2P31",0
"RPL21P64",0
"RPS4XP8",0
"MTND4P13",0
"ZC2HC1B",0
"TAAR7P",0
"RPL10P10",0
"AK4P5",0
"CTAGE13P",0
"SSXP10",0
"NMBR-AS1",0
"RPL7P27",0
"DNAJA1P4",0
"RPL36P10",0
"OLIG3",0
"HNRNPDP2",0
"RAB1AP2",0
"RN7SL352P",0
"MIR3691",0
"RNU6ATAC21P",0
"RN7SL554P",0
"RNU6-793P",0
"MIR548A1",0
"RNA5SP204",0
"RNU6-263P",0
"RNU6-1060P",0
"RN7SKP240",0
"RNU6-801P",0
"RNU6-930P",0
"RN7SL273P",0
"RNU1-54P",0
"RNU6-754P",0
"RNU7-65P",0
"RN7SL580P",0
"RNA5SP208",0
"RNU6-1023P",0
"RNU7-66P",0
"RNU6-261P",0
"MIR548U",0
"RNU6-84P",0
"RNU6-155P",0
"RNU6-1338P",0
"RNA5SP209",0
"RNU6-280P",0
"RN7SKP256",0
"RNU6-248P",0
"RN7SL643P",0
"MIR4643",0
"MIR548AI",0
"RN7SL509P",0
"RNU4-66P",0
"RN7SL797P",0
"RNU6-1299P",0
"MIR2113",0
"RNU6-1106P",0
"MIR4464",0
"RNU6-344P",0
"RNU6-1163P",0
"RNU6-214P",0
"RN7SKP18",0
"RNU6-1226P",0
"RNU6-253P",0
"MIR588",0
"RNU6-200P",0
"RNU4-76P",0
"MIR3144",0
"RNU6-475P",0
"RNU1-18P",0
"RNU6-1222P",0
"RNU6-194P",0
"RNU7-152P",0
"RN7SKP211",0
"RNU6-896P",0
"RNA5SP225",0
"RNU2-8P",0
"RNU4-7P",0
"RNU6-300P",0
"RN7SKP106",0
"MIR1202",0
"RN7SL564P",0
"RNA5SP221",0
"RPL22P14",0
"RNU1-33P",0
"GSTA3",0
"RN7SK",0
"RN7SL244P",0
"RNU6-464P",0
"OR2W2P",0
"OR2B8P",0
"RPLP2P1",0
"OR2W4P",0
"MIR7161",0
"TFAP2D",0
"MIR4645",0
"RNU6-391P",0
"RNU1-11P",0
"GPR53P",0
"OR2H5P",0
"TMEM183AP1",0
"MOG",0
"RPL23AP1",0
"HCG9P5",0
"GCNT2P1",0
"GCM2",0
"ZFP57",0
"HNRNPH1P1",0
"SNORA29",0
"MIR4282",0
"PGAM1P10",0
"KHDC1P1",0
"SDCBP2P1",0
"DPPA5",0
"KHDC3L",0
"OOEP-AS1",0
"RNU6-527P",0
"RPL21P65",0
"RNU6-117P",0
"MIR587",0
"SNORA40C",0
"RNU6-1115P",0
"RN7SKP186",0
"MIR4640",0
"SFTA2",0
"HCG21",0
"NAPGP2",0
"RNU6-1133P",0
"C6orf15",0
"CDSN",0
"PSORS1C2",0
"POLR2LP1",0
"RNU6-153P",0
"GNG5P1",0
"HNRNPA1P49",0
"MIR1913",0
"RN7SL221P",0
"MIR5683",0
"SNAPC5P1",0
"SMIM15P2",0
"MTCH1P1",0
"RPSAP43",0
"RNA5SP213",0
"NCR2",0
"MIR4641",0
"H2BP5",0
"H2AC4",0
"H1-6",0
"LARP1P1",0
"RPL15P4",0
"ATP6V1G2-DDX39B",0
"SNORD117",0
"SNORD84",0
"SNORA38",0
"MIR6832",0
"LY6G6F",0
"LY6G6F-LY6G6D",0
"MSH5-SAPCD1",0
"RNU6-850P",0
"WASF5P",0
"LINC02571",0
"MIR6891",0
"RNU6-283P",0
"FGFR3P1",0
"ZDHHC20P2",0
"RPL36AP5",0
"RPL35AP3",0
"NHEG1",0
"CAPN11",0
"PRICKLE4",0
"SNORD48",0
"SNORD52",0
"ZBTB12",0
"CHP1P2",0
"C6orf118",0
"RNA5SP226",0
"RNU6-730P",0
"RN7SL366P",0
"MICC",0
"MIR877",0
"TOMM6",0
"RN7SKP204",0
"SYNJ2-IT1",0
"RNU6-906P",0
"MIR4462",0
"MIR3135B",0
"HLA-Z",0
"HNRNPA3P4",0
"MIR548A2",0
"RN7SL183P",0
"AP3S1P1",0
"RNU6-502P",0
"H2BC16P",0
"H3C11",0
"RNU7-26P",0
"OR2B2",0
"MIR6721",0
"MIR6833",0
"RN7SL353P",0
"HMGB1P39",0
"MIR4463",0
"RNU1-34P",0
"TULP1",0
"MIR1236",0
"CYP21A2",0
"RNA5SP206",0
"H3C5P",0
"H2AC9P",0
"H4C7",0
"H3C7",0
"COPS5P1",0
"RNU6-626P",0
"FTH1P15",0
"MRPL30P1",0
"RNU6-1247P",0
"RNY4P20",0
"RNU6-813P",0
"FAM162B",0
"GPRC6A",0
"RPS29P13",0
"RNA5SP214",0
"RNA5SP220",0
"MIR3668",0
"MIR4465",0
"OR2A4",0
"CTAGE9",0
"SELENOKP2",0
"RN7SKP245",0
"RPL5P18",0
"DEFB113",0
"DEFB110",0
"RNA5SP223",0
"NANOGP11",0
"OR12D2",0
"UBDP1",0
"MAS1LP1",0
"MAS1L",0
"RPS17P1",0
"DDX6P1",0
"COL11A2P1",0
"ZNF70P1",0
"HTATSF1P1",0
"MIR6873",0
"MIR6834",0
"SMIM40",0
"RPL12P47",0
"RPL34P14",0
"RPL35AP4",0
"MIR5004",0
"MTCYBP4",0
"HSPE1P21",0
"RAET1E-AS1",0
"PKMP3",0
"SNORD50B",0
"SMIM11P1",0
"RNU4-72P",0
"RNU4-12P",0
"CYCSP17",0
"RPS26P29",0
"IDH1P1",0
"RNU6-761P",0
"ANKRD66",0
"OR2H1",0
"KRT18P64",0
"BTN1A1",0
"H3C6",0
"RNU4-70P",0
"TRIM39-RPP21",0
"UBQLN1P1",0
"H4C10P",0
"H2BC14",0
"CNN3P1",0
"BMPR1AP1",0
"RNU6-861P",0
"RPL5P21",0
"RNU1-61P",0
"HLA-DQB3",0
"TAAR5",0
"LY6G6D",0
"ZKSCAN8P1",0
"ZNF603P",0
"ZKSCAN8P2",0
"TOB2P1",0
"RNU2-62P",0
"MIR3143",0
"RPL10P2",0
"CDCA7P1",0
"VN1R10P",0
"MCFD2P1",0
"HNRNPA1P1",0
"CD83P1",0
"RNU6-471P",0
"RNY3P15",0
"RNU6-444P",0
"BTNL2",0
"RIPPLY2",0
"GPR166P",0
"CCNG1P1",0
"RBM11P1",0
"RNU6-302P",0
"CMPK1P1",0
"CLPSL2",0
"CLPSL1",0
"CLPS",0
"CALHM5",0
"RNU6-437P",0
"MTHFD2P3",0
"RNY3P11",0
"PRELID1P2",0
"OR1F12P",0
"RNU6-1144P",0
"RPL36AP24",0
"RNU6-770P",0
"RN7SKP209",0
"MIR206",0
"LINCMD1",0
"MIR133B",0
"SLC25A20P1",0
"GJE1",0
"TAAR8",0
"TAAR9",0
"TMEM217B",0
"RNU6-250P",0
"CANT1P1",0
"UBE2D3P5",0
"KATNBL1P5",0
"HNRNPA3P17",0
"RNU6-987P",0
"RNU1-88P",0
"RN7SL234P",0
"FABP12P1",0
"GUCA1ANB-GUCA1A",0
"SCGN",0
"H2AC1",0
"H2BC1",0
"GLP1R",0
"MLN",0
"ANKRD36P2",0
"MIR7159",0
"MIR1275",0
"KIAA0408",0
"MIR6835",0
"H3P28",0
"BECN1P2",0
"KAAG1",0
"RPS10-NUDT3",0
"SPDEF",0
"RPL7P25",0
"OR2H4P",0
"OR2N1P",0
"OR2B4P",0
"TAAR3P",0
"PRIM2BP",0
"HLA-V",0
"TCP10L3",0
"CYP21A1P",0
"H2AC10P",0
"DEFB133",0
"HLA-DRB6",0
"ZNF602P",0
"RAET1K",0
"ZSCAN12P1",0
"GSTA9P",0
"HLA-L",0
"BTN2A3P",0
"HLA-DPB2",0
"ZNF204P",0
"H2AC2P",0
"TCP10L2",0
"MIR548AJ1",0
"DBIP1",0
"FUNDC2P3",0
"RNA5SP222",0
"YAP1P1",0
"DDX39BP1",0
"MCCD1P1",0
"HLA-J",0
"RPS29P32",0
"RNU6-1286P",0
"RNU4-35P",0
"GUSBP2",0
"VN1R12P",0
"RNU4-18P",0
"DNAJC2P1",0
"LPAL2",0
"NUDT19P4",0
"RBM22P4",0
"MIR586",0
"B3GNTL1P2",0
"RN7SKP116",0
"RNU1-105P",0
"FCF1P5",0
"NACAP7",0
"RN7SL11P",0
"ARMH2",0
"MUCL3",0
"RN7SL26P",0
"MIR3934",0
"MIR4642",0
"NPM1P36",0
"ATP5PBP6",0
"ERHP2",0
"RNU6-411P",0
"MIR30C2",0
"MIR30A",0
"NGRNP2",0
"CIMIP3",0
"SEPTIN14P6",0
"PRELID1P1",0
"ZPR1P1",0
"RPS3AP23",0
"GAPDHP72",0
"RPL7AP37",0
"KATNBL1P6",0
"PPP1R2P1",0
"SELENOKP3",0
"DHFRP2",0
"DPRXP2",0
"OFCC1",0
"TEX56P",0
"ADGRF2P",0
"CMAHP",0
"VNN3P",0
"POLR1HASP",0
"GGNBP1",0
"CCDC162P",0
"TUBBP9",0
"SUMO2P12",0
"RN7SKP293",0
"OR12D1",0
"FNDC1-IT1",0
"SPTLC1P3",0
"EEF1B2P5",0
"KRT8P42",0
"HMGN2P28",0
"RPS25P7",0
"CRIPTOP4",0
"RNA5SP202",0
"MTCO2P33",0
"OR2AD1P",0
"OR2P1P",0
"SAR1AP1",0
"WBP1LP8",0
"HTR1B",0
"RNU1-64P",0
"RNU6-141P",0
"C4B-AS1",0
"TREML1",0
"TREML3P",0
"RNU6-643P",0
"RNU6-293P",0
"MDH1P2",0
"MIR4639",0
"MRPL42P2",0
"RNU6-1114P",0
"CHCHD2P4",0
"FAM8A6P",0
"NHSL1-AS1",0
"TMEM242-DT",0
"DNAH8-DT",0
"PSORS1C3",0
"LINC01623",0
"DDX39B-AS1",0
"LINC02526",0
"LINC02919",0
"CDYL-AS1",0
"LINC02569",0
"LINC02519",0
"TBX18-AS1",0
"LINC01149",0
"LINC02525",0
"FNDC1-AS1",0
"PACRG-AS2",0
"LIN28B-AS1",0
"DSP-AS1",0
"RNU2-61P",0
"GABRR1",0
"RNU2-45P",0
"OR2E1P",0
"LINC00533",0
"RPL7L1P20",0
"MIR5689",0
"LINC02522",0
"MRPL48P1",0
"GUSBP4",0
"LINC00680",0
"GAPDHP15",0
"MIR3145",0
"MIR4647",0
"RNU6-1113P",0
"ELF2P2",0
"SLC25A51P1",0
"TPI1P3",0
"CYP2AC1P",0
"HMGB3P18",0
"R3HDM2P2",0
"ATP5MFP2",0
"ZDHHC20P1",0
"IFITM4P",0
"HCG4",0
"MICG",0
"RPSAP41",0
"EIF3EP1",0
"CNN2P9",0
"RBISP4",0
"GSTA6P",0
"H2AC5P",0
"UQCRHP1",0
"EXOSC8P1",0
"MKRN6P",0
"TNXA",0
"STK19B",0
"RCC2P7",0
"NAA40P1",0
"HLA-DPA3",0
"RPL29P1",0
"GPR89P",0
"BTF3P7",0
"HLA-H",0
"HLA-DRB9",0
"SUMO2P13",0
"ANKRD18FP",0
"TPT1P4",0
"PTCHD3P3",0
"GSTA7P",0
"GSTA10P",0
"H2BC2P",0
"HLA-K",0
"DDX39BP2",0
"MCCD1P2",0
"HMGA1P7",0
"VN1R13P",0
"AMD1P4",0
"PSMC1P11",0
"PPIAP29",0
"RPL23AP47",0
"ARPC3P5",0
"LINC02537",0
"PER3P1",0
"CYP3A54P",0
"CCNB2P1",0
"THRAP3P3",0
"PAPOLB",0
"RPL23AP52",0
"EVA1CP3",0
"NPM1P11",0
"RPS26P30",0
"RAMP3",0
"PSMC1P2",0
"EEF1A1P27",0
"ZPBP",0
"ROBO2P1",0
"VN1R33P",0
"GNL2P1",0
"ARAFP2",0
"GTF2IP9",0
"RNF138P2",0
"SLC25A1P2",0
"MTATP6P21",0
"SEPTIN14P1",0
"SEPTIN14P24",0
"BSNDP4",0
"NCAPD2P1",0
"EIF4A1P13",0
"SAPCD2P4",0
"RAC1P9",0
"HMGB3P21",0
"DDX43P3",0
"SNRPCP9",0
"HAUS6P3",0
"VPS51P2",0
"AP1S2P1",0
"HINT1P2",0
"DYNLL1P7",0
"GTF3AP6",0
"LINC03012",0
"ATP5PBP2",0
"ZNF716",0
"EIF3IP1",0
"RSL24D1P3",0
"MTND1P3",0
"ASS1P11",0
"LINC02903",0
"MIPEPP1",0
"MYL6P4",0
"RPL3P8",0
"NAT16",0
"RAC1P6",0
"COX6A1P6",0
"FMC1-LUC7L2",0
"SUMO2P14",0
"RPL7AP42",0
"MTCO3P41",0
"KLRG2",0
"ERHP1",0
"PPP1R2P6",0
"ZNF619P1",0
"RPL21P76",0
"CCZ1P1",0
"SKP1P1",0
"PAICSP6",0
"TRBV8-1",0
"RCC2P3",0
"MTND4P3",0
"CAPZA1P5",0
"CLEC2L",0
"OR2Q1P",0
"UQCRFS1P2",0
"SLC16A1P1",0
"TAS2R3",0
"PSMC1P3",0
"TRBV8-2",0
"BUB3P1",0
"HMGN1P18",0
"MTCO1P55",0
"IMPDH1P3",0
"POLR2DP2",0
"MTND2P5",0
"EI24P4",0
"AKR1B10",0
"RPL21P73",0
"DPY19L4P2",0
"NDUFB10P2",0
"MRM3P2",0
"PIP5K1P2",0
"MIR4656",0
"MIR3683",0
"RNU6-534P",0
"RNU1-15P",0
"MIR1183",0
"RN7SL542P",0
"SNORD65C",0
"RNU6-1103P",0
"MIR550A1",0
"MIR550B1",0
"MIR550A2",0
"MIR550B2",0
"RN7SL132P",0
"SNORA20B",0
"MIR3943",0
"RNU7-35P",0
"RNU6-575P",0
"SNORA5A",0
"SNORA5B",0
"SNORA9",0
"RN7SKP218",0
"RN7SL292P",0
"RNU2-29P",0
"RNU1-14P",0
"RNU6-1125P",0
"RNU6-1052P",0
"RNU6-1335P",0
"RNU6-417P",0
"SNORA15B-2",0
"RNA5SP231",0
"RNU6-973P",0
"RNU6-313P",0
"RNU6-849P",0
"RNU4-16P",0
"RNU6-956P",0
"RN7SKP104",0
"RNA5SP235",0
"RNU6-532P",0
"RNU6-364P",0
"RN7SL478P",0
"RN7SL252P",0
"RNA5SP236",0
"SNORA25B",0
"RN7SKP277",0
"RNA5SP241",0
"RNU6-517P",0
"MIR4653",0
"RNA5SP237",0
"RNU1-29P",0
"RNA5SP240",0
"MIR3654",0
"RNU6-797P",0
"RN7SKP223",0
"MIR4468",0
"RNU6-911P",0
"RNU1-72P",0
"RNU1-58P",0
"RNU4-74P",0
"RNA5SP248",0
"RNU6-267P",0
"MIR3666",0
"RN7SL496P",0
"LINC01450",0
"RNU6-102P",0
"LINC03043",0
"UPK3BP1",0
"PMS2P11",0
"RBAK-RBAKDN",0
"MIR4658",0
"PVRIG2P",0
"MIR6840",0
"MIR3609",0
"MIR1285-1",0
"TUBB3P2",0
"RN7SKP187",0
"MTND6P24",0
"MAGI2-AS1",0
"RNU6-337P",0
"RNU6-530P",0
"TRPC6P10",0
"RNU6-719P",0
"MIR653",0
"MIR489",0
"GIMAP1-GIMAP5",0
"MIR6132",0
"MTND4P6",0
"MTCYBP6",0
"MIR335",0
"RPL36AP28",0
"CYP3A51P",0
"CYP3A137P",0
"CYP3A52P",0
"GJC3",0
"DUTP3",0
"RANP2",0
"MIR548F4",0
"RNU6-1184P",0
"RNA5SP249",0
"RN7SL456P",0
"RN7SL72P",0
"CALM1P2",0
"RNU6-863P",0
"RABGEF1P3",0
"PPIAP81",0
"RPL36AP29",0
"LRRC72",0
"MIR6874",0
"MIR4649",0
"RNA5SP230",0
"VPS37D",0
"MIR4284",0
"RN7SL265P",0
"METTL27",0
"TMEM270",0
"RNU7-27P",0
"RNU7-54P",0
"EFCAB3P1",0
"MIR5090",0
"MIR4467",0
"MIR4283-1",0
"PHKG1P4",0
"MTATP6P8",0
"MTCO3P10",0
"MTND5P6",0
"GUSBP10",0
"MTND1P4",0
"MTND2P6",0
"MTCO1P10",0
"MTCO2P10",0
"MTATP6P10",0
"MTCO3P4",0
"MTND4P5",0
"MTND5P7",0
"RNU7-157P",0
"MIR3147",0
"SAPCD2P2",0
"PTP4A1P3",0
"PTTG1IP2",0
"LINC01448",0
"S100A11P1",0
"RN7SKP86",0
"HNRNPA1P9",0
"MIR4657",0
"MIR6837",0
"MIR6838",0
"MIR1302-6",0
"RNA5SP233",0
"INHBA",0
"WBP1LP1",0
"OR9P1P",0
"PIP",0
"LLCFC1",0
"LYPLA1P1",0
"RNU6-11P",0
"EPO",0
"RN7SL750P",0
"MIR6875",0
"RN7SL549P",0
"RPS29P15",0
"RPL31P34",0
"IMP3P2",0
"RNA5SP242",0
"RNA5SP243",0
"RN7SL81P",0
"FLNC-AS1",0
"CYCSP20",0
"RNY1P11",0
"RNA5SP227",0
"IL6-AS1",0
"MTCYBP42",0
"SNORD93",0
"RNU6-392P",0
"MIR490",0
"KRT8P51",0
"RNU6-1272P",0
"MZT1P2",0
"RNU6-206P",0
"RNU7-154P",0
"RPL31P37",0
"MIR4285",0
"TFAMP1",0
"LNCRI",0
"MIR4655",0
"MIR6836",0
"NGRNP3",0
"GHRHR",0
"TAS2R39",0
"TAS2R40",0
"MIR6892",0
"TAS2R62P",0
"TAS2R60",0
"TAS2R41",0
"OR2R1P",0
"PAICSP5",0
"CTAGE15",0
"RNU6-162P",0
"CREB3L2-AS1",0
"CLDN4",0
"LRRD1",0
"RNU6-241P",0
"CICP20",0
"RNU6-326P",0
"RPL7AP78",0
"RNA5SP229",0
"SEPHS1P1",0
"LHFPL3",0
"RN7SL8P",0
"GCNT1P5",0
"OR6B1",0
"FERD3L",0
"RNF14P4",0
"MIR6509",0
"TAS2R2P",0
"OR2AO1P",0
"OR2A42",0
"PPIAP83",0
"RNU6ATAC40P",0
"OR2A25",0
"OR2A41P",0
"OR2A15P",0
"SHH",0
"LINC00244",0
"MNX1",0
"MNX1-AS2",0
"RPL32P17",0
"C7orf33",0
"RN7SL569P",0
"RNY1",0
"RNU6-650P",0
"COX6B1P1",0
"RN7SL377P",0
"PMS2P13",0
"PMS2P10",0
"RN7SKP54",0
"HOXA2",0
"MIR196B",0
"HOXA11",0
"RNU6-1080P",0
"H2BK1",0
"TRIM60P18",0
"VN1R40P",0
"HNRNPCP7",0
"BNIP3P42",0
"MIR6839",0
"VN1R42P",0
"NEUROD6",0
"MTDHP1",0
"RNU6-1229P",0
"SNORA22C",0
"SNORA15B-1",0
"RNU7-143P",0
"TPM3P4",0
"RNU6-1198P",0
"MIR4651",0
"URGCP-MRPS24",0
"UPK3BL3P",0
"UPK3B",0
"ABCF2-H2BK1",0
"VGF",0
"SP8",0
"RPL36P12",0
"RNU6-1322P",0
"SPDYE11",0
"SPDYE13",0
"SPDYE15",0
"GTF3C6P3",0
"PRR15",0
"TMSB4XP3",0
"MIR550A3",0
"S100A11P2",0
"FOXL3",0
"ASZ1",0
"ANKRD49P4",0
"CFTR-AS1",0
"MIR671",0
"SPDYE8",0
"STRA8",0
"CTAGE4",0
"GDI2P1",0
"RNU6-1136P",0
"RN7SKP198",0
"NYAP1",0
"RN7SL416P",0
"SAP25",0
"FAM237B",0
"RPL6P20",0
"VN1R37P",0
"VN1R38P",0
"OR9A1P",0
"RNU6-1328P",0
"MIR4650-1",0
"TRGJP",0
"TRGVA",0
"TRGV6",0
"RN7SL845P",0
"DDC-AS1",0
"TRBV22-1",0
"TRBVA",0
"TRBV26",0
"PGBD4P1",0
"MIR148A",0
"SNORA80D",0
"H4P1",0
"MIR29B1",0
"RAD23BP2",0
"OCM2",0
"TRIM60P16",0
"PHKG1P2",0
"SLC29A4P2",0
"MIR4283-2",0
"ARAFP1",0
"VN1R35P",0
"VN1R36P",0
"TUBBP6",0
"RNU6-389P",0
"CICP11",0
"RNU6-1126P",0
"RPL7L1P2",0
"CICP17",0
"CYP3A7-CYP3A51P",0
"CDCA3P1",0
"MIR6133",0
"COX5BP3",0
"SMIM10L3",0
"RNA5SP244",0
"MIR182",0
"MIR96",0
"MIR183",0
"RNA5SP245",0
"UPK3BL2",0
"INTS4P2",0
"ZNF733P",0
"OR9A3P",0
"OR9N1P",0
"OR10AH1P",0
"GTF2IP7",0
"OR6W1P",0
"OR2A3P",0
"OR2A20P",0
"OR2A9P",0
"NSUN5P2",0
"STAG3L3",0
"STAG3L2",0
"FKBP6P2",0
"PMS2CL",0
"GTF2IRD2P1",0
"CCT6P3",0
"GTF2IP1",0
"POLR2J4",0
"NUPR2P1",0
"STAG3L1",0
"FKBP9P1",0
"ZNF890P",0
"PMS2P3",0
"ZNF815P",0
"ZNF767P",0
"DPY19L2P4",0
"FAM185BP",0
"DPY19L2P1",0
"RABGEF1P1",0
"DPY19L2P2",0
"NSUN5P1",0
"SBDSP1",0
"STAG3L4",0
"PMS2P4",0
"PMS2P1",0
"GTF2IRD1P1",0
"SEPTIN7P2",0
"GTF2IP13",0
"DPY19L2P3",0
"PAXBP1P1",0
"NANOGP4",0
"RPL6P21",0
"SPDYE14",0
"MIR592",0
"GRM8-AS1",0
"PRRT4",0
"TMEM196",0
"RNU6-1097P",0
"RPL36AP27",0
"RNU6-215P",0
"MIR3914-1",0
"MIR3914-2",0
"MIR153-2",0
"MIR595",0
"MIR5707",0
"MARK2P13",0
"ALDH7A1P3",0
"TRPC6P3",0
"RN7SKP280",0
"SSU72L6",0
"RNA5SP246",0
"KLF14",0
"RN7SKP75",0
"RNA5SP232",0
"MIR593",0
"MIR129-1",0
"LEP",0
"EPS15P1",0
"RPL13AP17",0
"FABP5P3",0
"TPI1P2",0
"GTF2IP4",0
"ZNRF2P2",0
"TMBIM7P",0
"KIF19BP",0
"ZBED10P",0
"BICDL3P",0
"BRWD1P3",0
"OR6V1",0
"RNU6-218P",0
"MIR3907",0
"RNU6-604P",0
"RNU6-1154P",0
"FAM180A",0
"SSMEM1",0
"PCMTD1P3",0
"TPT1P7",0
"INTS4P1",0
"ICA1-AS1",0
"RPL7AP38",0
"HOXA11-AS",0
"RPL35P4",0
"HNRNPA1P73",0
"TRGV11",0
"TRGVB",0
"KRT8P20",0
"RNU6-832P",0
"RNU6-229P",0
"RPL10P11",0
"RN7SL869P",0
"RN7SL35P",0
"SNRPBP1",0
"RNU6-274P",0
"STEAP2-AS1",0
"MIR4652",0
"NDUFAF4P2",0
"RNA5SP228",0
"NPVF",0
"NCF1B",0
"FAM220A",0
"LINC02830",0
"RPL31P39",0
"MTX2P1",0
"RNU6-1104P",0
"PNPT1P2",0
"RNF148",0
"TAS2R16",0
"CASTOR3P",0
"LINC02860",0
"LINC02854",0
"TMEM139-AS1",0
"LINC01007",0
"PRKAR1B-AS2",0
"KLHL7-DT",0
"LINC03010",0
"HECW1-IT1",0
"MIR3147HG",0
"CT66",0
"EN2-DT",0
"NFE4",0
"HILPDA-AS1",0
"POU6F2-AS2",0
"ZNF775-AS1",0
"LINC02476",0
"LINC01022",0
"LINC02838",0
"MICALL2-DT",0
"TFPI2-DT",0
"EVX1-AS",0
"EGFR-AS1",0
"SLC26A5-AS1",0
"FAM131B-AS1",0
"LINC02902",0
"LINC02889",0
"MYH16",0
"OR2AE1",0
"AZGP1P1",0
"RNU6-92P",0
"CYP2W1",0
"MIR339",0
"UNCX",0
"RBAKDN",0
"RNU1-82P",0
"UNC93B2",0
"ALG1L5P",0
"OR7E39P",0
"RPL23P8",0
"DPY19L1P1",0
"FAM86LP",0
"VN1R31P",0
"VN1R32P",0
"SEPTIN7P4",0
"SLC25A5P3",0
"LINC03075",0
"PHKG1P1",0
"NCOR1P3",0
"GTF2IP5",0
"OR7E7P",0
"OR7E38P",0
"CDC26P1",0
"MRPL42P4",0
"SRSF8CP",0
"RPL7AP43",0
"MTCYBP24",0
"GTF2IP23",0
"GUSBP12",0
"RPL23AP95",0
"RPSAP73",0
"RPL12P10",0
"PMS2P12",0
"TCAF1P1",0
"TTC4P1",0
"PMS2P8",0
"PMS2P14",0
"PMS2P6",0
"PMS2P5",0
"HNRNPA1P8",0
"YWHAEP1",0
"GTF2IP14",0
"NCF1C",0
"STRADBP1",0
"TNRC18P2",0
"PSPHP1",0
"VN1R25P",0
"RBM22P3",0
"AZGP1P2",0
"TRIM60P17",0
"GUSBP6",0
"MTND4P2",0
"MTND4LP2",0
"MTND3P2",0
"MTCO3P8",0
"MTATP6P18",0
"MTCO2P8",0
"MTCO1P8",0
"MTND1P2",0
"PPP2R3B",0
"RPL14P5",0
"MTND6P12",0
"VCX2",0
"ANAPC15P1",0
"NOLC1P1",0
"IL3RA",0
"P2RY8",0
"MTCYBP12",0
"RPL6P30",0
"SLC25A6",0
"AMELX",0
"DHRSX-IT1",0
"DHRSX",0
"RARRES2P3",0
"ASMTL",0
"FAM9CP1",0
"HIKESHIP1",0
"GOT2P7",0
"LINC00685",0
"GRPR",0
"TMSB10P2",0
"RPL35AP37",0
"CLDN7P1",0
"MDM4P1",0
"BRK1P1",0
"SRSF2P1",0
"KLHL34",0
"SMPX",0
"LINC01283",0
"SC4MOP",0
"PLLPP1",0
"HMGB1P16",0
"PGAM1P7",0
"S100G",0
"MOB1AP2",0
"SIAH1P1",0
"MAGEB17",0
"RPP40P1",0
"NANOGP10",0
"NFYCP1",0
"CHTF8P1",0
"CCNYL5",0
"FAM236B",0
"NDP",0
"YWHAZP8",0
"KPNA4P1",0
"FOXR2",0
"PHKA1-AS1",0
"SMIM15P1",0
"NDP-AS1",0
"SPIN4-AS1",0
"RPL23AP83",0
"PSMA5P1",0
"MTND1P31",0
"THAP12P1",0
"PCNPP4",0
"TPMTP4",0
"SAR1AP4",0
"FGF16",0
"P2RY10BP",0
"CPXCR1",0
"HMGN1P34",0
"MTND2P25",0
"CTDSPL2P1",0
"CALM1P1",0
"CORO1CP1",0
"EIF3MP1",0
"UBE2V1P7",0
"PABPC1L2A",0
"SRIP2",0
"COPS8P1",0
"SHC1P1",0
"STAU2P1",0
"PPATP2",0
"HNRNPDLP3",0
"FCF1P9",0
"RPS29P28",0
"TEX101P1",0
"B3GNT2P1",0
"RPL6P29",0
"WBP11P3",0
"FOXN3P2",0
"ATG4AP1",0
"BUD31P2",0
"PAICSP7",0
"MRPS22P1",0
"RTL3",0
"POMPP1",0
"SERBP1P4",0
"USP12PX",0
"TBX22",0
"TGIF2LX",0
"OOEPP1",0
"HMGB1P32",0
"GTF3C6P1",0
"CSGALNACT2P1",0
"BRDTP1",0
"LRRFIP2P1",0
"NDUFA5P7",0
"HNRNPDLP1",0
"C3orf49P1",0
"VDAC1P3",0
"CCNB1IP1P3",0
"RPL34P36",0
"MYCLP2",0
"TATDN2P1",0
"TUSC2P2",0
"TUBAP6",0
"ACTRT1P1",0
"POU3F4",0
"SNX3P1X",0
"FAM236C",0
"TPT1P13",0
"MDH1P1",0
"MTCYBP31",0
"VEZTP1",0
"RIPPLY1",0
"PGAM4P1",0
"FDPSP5",0
"DPRXP6",0
"TMEM230P1",0
"TMEM184CP1",0
"RPL7AP72",0
"NLRP7P1",0
"RPL22P22",0
"PCNAP3",0
"COX6CP12",0
"OTUD6A",0
"UBE2V1P16",0
"PNPLA10P",0
"SPRYD7P1",0
"GEMIN8P3",0
"RPS7P13",0
"CBLL1P1",0
"VKORC1P1",0
"DUTP4",0
"PHF5AP4",0
"OR11Q1P",0
"BTG3P1",0
"CYCSP44",0
"H2BP8",0
"TFDP3",0
"SNURFL",0
"OR5BH1P",0
"YAP1P2",0
"CT47A12",0
"KRT18P44",0
"LINC00850",0
"HAX1P1",0
"ORC1P1",0
"SKP2P1",0
"SRD5A1P1",0
"PLS3-AS1",0
"RAC1P4",0
"ASB12",0
"CT47A11",0
"UFM1P1",0
"ZIC3",0
"RPL32P35",0
"SPANXC",0
"RPL7L1P11",0
"SPANXN1",0
"PNMA6B",0
"TRMT1P1",0
"OR11N1P",0
"HSFX1",0
"CMC4",0
"AFF2-IT1",0
"M6PRP1",0
"PGBD4P6",0
"ZFYVE9P1",0
"CT47A7",0
"HNRNPH1P2",0
"RBMX2P2",0
"MAGEA11",0
"GPR50",0
"FAM226B",0
"MTCYBP38",0
"MAGEA7P",0
"PNMA6F",0
"NDUFB3P5",0
"RPL36AP52",0
"SPANXD",0
"MTND2P39",0
"RRM2P4",0
"HNRNPCP10",0
"HDGFP1",0
"PRR32",0
"TCERG1P1",0
"CXorf51B",0
"HMGB3P30",0
"SETP8",0
"TJAP1P1",0
"CSGALNACT2P2",0
"CD84P1",0
"MATR3P1",0
"PKMP2",0
"HMGN2P48",0
"SLIRPP1",0
"SLC6A14P1",0
"OR5AW1P",0
"SPANXA2",0
"MIR651",0
"SNORA48B",0
"MIR4770",0
"MIR548AX",0
"RNU6-146P",0
"RN7SL658P",0
"MIR548AM",0
"RNA5SP499",0
"RN7SKP183",0
"RNU6-133P",0
"RNU6-641P",0
"RNU6-49P",0
"MIR548AJ2",0
"RNU6-1087P",0
"RN7SL732P",0
"MIR3937",0
"RNU7-164P",0
"RNU6-1124P",0
"RNU6-630P",0
"RNU6-50P",0
"MIR532",0
"MIR188",0
"MIR500A",0
"MIR362",0
"MIR501",0
"MIR500B",0
"MIR660",0
"MIR502",0
"RN7SL799P",0
"MIR223",0
"MIR8088",0
"MIR4536-2",0
"MIR676",0
"RNU6-562P",0
"MIR4536-1",0
"RNA5SP509",0
"MIR4328",0
"RN7SL790P",0
"MIR1321",0
"RNU2-26P",0
"RNU6-332P",0
"MIR384",0
"MIR325",0
"RNA5SP508",0
"MIR361",0
"RNU6-974P",0
"RNU6-995P",0
"RNU6-345P",0
"RNU6-493P",0
"RNU6-394P",0
"RN7SKP194",0
"RNU6-309P",0
"RNU6-648P",0
"SNORA35B",0
"RNU6-555P",0
"RNU6-1323P",0
"RNU6-154P",0
"MIR3672",0
"RNU6-1015P",0
"RN7SKP31",0
"MIR934",0
"RNU6-3P",0
"RN7SKP149",0
"RNA5SP517",0
"RNA5SP516",0
"MIR514A2",0
"MIR514A1",0
"RN7SKP81",0
"MIR320D2",0
"RN7SL325P",0
"MIR892C",0
"MIR514A3",0
"MIR890",0
"RNU6-985P",0
"MIR888",0
"MIR892A",0
"MIR892B",0
"MIR891B",0
"MIR510",0
"MIR891A",0
"RN7SKP267",0
"RN7SKP189",0
"MIR513C",0
"MIR513B",0
"MIR513A1",0
"MIR513A2",0
"MIR506",0
"MIR507",0
"MIR508",0
"MIR514B",0
"MIR509-2",0
"MIR509-3",0
"MIR509-1",0
"RNU6-382P",0
"RN7SL785P",0
"SNORA11C",0
"NPM1P49",0
"MIR4769",0
"RPL7P57",0
"PABPN1P1",0
"SOCS6P1",0
"SRD5A2P1",0
"H2AB3",0
"AMD1P2",0
"DPH3P2",0
"VAMP7",0
"ELOCP24",0
"TRPC6P1",0
"DDX11L16",0
"OPN1LW",0
"OPN1MW",0
"TEX28P1",0
"TEX28P3",0
"SNORA70",0
"RN7SL697P",0
"HMGA1P1",0
"RNU1-142P",0
"H2BP9",0
"MSL3-DT",0
"RPL17P49",0
"RN7SKP290",0
"PSMA6P2",0
"MRPL35P4",0
"RBM22P6",0
"XAGE1A",0
"SSX14P",0
"SSX11P",0
"SSX7",0
"RNA5SP504",0
"SSX15P",0
"S100A11P10",0
"S100A11P8",0
"SSX21P",0
"SPANXN5",0
"PPIHP2",0
"RNU1-57P",0
"CBX1P4",0
"MIR4768",0
"FAM136GP",0
"PABPC1L2B",0
"SSX2B",0
"FAM236A",0
"PNMA6A",0
"RNA5SP502",0
"GEMIN7P1",0
"RPS15AP39",0
"RNU6-202P",0
"S100A11P9",0
"SSX3",0
"SSX4",0
"RNU6-800P",0
"ASB9",0
"VEGFD",0
"MIR6895",0
"MIR6894",0
"RPSAP62",0
"MIR6857",0
"TIPINP1",0
"RPS17P17",0
"SOX3",0
"DUSP9",0
"RN7SL687P",0
"MIR3202-1",0
"MIR3202-2",0
"MIR718",0
"RNU6-934P",0
"RPL36A-HNRNPH2",0
"KRT18P48",0
"NUTF2P7",0
"RNU1-56P",0
"PABPC1P3",0
"RNU6-330P",0
"RN7SL291P",0
"DUSP21",0
"DIPK2B",0
"GAPDHP67",0
"KRT18P49",0
"GAGE2E",0
"GAGE12B",0
"SALL1P1",0
"PAGE1",0
"MIR2114",0
"RPL7P56",0
"RPL22P23",0
"GPR101",0
"TCEAL3-AS1",0
"HSPB1P2",0
"ZNF630-AS1",0
"RNU6-707P",0
"SSX13P",0
"S100A11P5",0
"RNA5SP503",0
"SSX20P",0
"S100A11P7",0
"SPIN2P1",0
"RNU6-935P",0
"SPRING1P2",0
"ARHGAP36",0
"RN7SL191P",0
"NXF2",0
"BMX",0
"RNU5F-7P",0
"SETP15",0
"MTND2P24",0
"MTND1P30",0
"MIR4329",0
"RN7SL266P",0
"ATF4P1",0
"RNA5SP514",0
"AGKP2",0
"FRMD8P1",0
"CKS1BP6",0
"H2BP7",0
"PCYT1B-AS1",0
"SCARNA23",0
"PAFAH1B2P1",0
"WASH6P",0
"ARHGEF9-IT1",0
"MIR1468",0
"AGTR2",0
"ESX1",0
"PLCXD1",0
"CTAG1A",0
"FCF1P4",0
"RNU6-496P",0
"RNU7-37P",0
"H3P46",0
"MGAT2P2",0
"CT45A3",0
"CT45A6",0
"CT45A2",0
"CT45A8",0
"CT45A9",0
"MIR505",0
"CXorf66",0
"RN7SL727P",0
"MIR652",0
"SNORD96B",0
"MIR1587",0
"RPS11P7",0
"FTHL17",0
"RNU6-894P",0
"RNA5SP501",0
"MIR3915",0
"MIR548F5",0
"DMD-AS3",0
"RN7SL667P",0
"RNU6-504P",0
"RNU6-1225P",0
"AKIRIN1P2",0
"CLDN2",0
"MAGEB18",0
"MAGEB5",0
"ATXN7L3P1",0
"MTFR1P1",0
"MIR6086",0
"RNU4-52P",0
"RN7SL262P",0
"MAGEA9",0
"CT47A10",0
"CT47A9",0
"CT47A8",0
"CT47A6",0
"CT47A5",0
"CT47A4",0
"CT47A3",0
"CT47A2",0
"HSFX2",0
"NCLP2",0
"ETDB",0
"ETDC",0
"SMIM10L2A",0
"RNA5SP515",0
"WDR4P1",0
"EEF1A1P31",0
"ZNF622P1",0
"H3P45",0
"RNU6-589P",0
"BEND7P1",0
"ARMCX5-GPRASP2",0
"GPRASP3",0
"H2AB2",0
"COBLP1",0
"ARSH",0
"ARSF",0
"MTCO1P19",0
"MTCO2P19",0
"MTATP6P19",0
"MTCO3P19",0
"MTND4P32",0
"MTND6P32",0
"RNU6-1130P",0
"CYTH1P1",0
"METTL15P3",0
"RNU6-266P",0
"MAGEB4",0
"PLCE1P1",0
"MIR224",0
"MIR452",0
"FXYD6P3",0
"SHISA5P2",0
"UHRF2P1",0
"DDX3P2",0
"RPL32P36",0
"CLIC4P3",0
"YWHAQP8",0
"OR13H1",0
"MAGEB3",0
"CXorf49B",0
"OPN1MW2",0
"MAGEA9B",0
"FAM236D",0
"ACTRT1",0
"CXorf49",0
"CTAG1B",0
"PAGE3",0
"SSX4B",0
"CT47A1",0
"MPC1L",0
"DMRTC1B",0
"ZBED1",0
"MIR6089",0
"LINC00102",0
"H2BW1",0
"MAGEA4",0
"RPSAP60",0
"TPMTP3",0
"SNORA11E",0
"MAGED4",0
"SNORA11D",0
"RNU6-203P",0
"RPSAP63",0
"GPC3-AS1",0
"LARP1BP3",0
"RNA5SP524",0
"MAGEA10",0
"XAGE3",0
"GPRASP2",0
"GAGE12C",0
"GAGE12D",0
"GAGE12F",0
"GAGE12E",0
"GAGE12G",0
"GAGE12H",0
"GAGE2A",0
"GAGE1",0
"GAGE12J",0
"GAGE13",0
"GABRQ",0
"MAGEA2B",0
"CSAG1",0
"MAGEA2",0
"MAGEA6-DT",0
"PPIAP91",0
"PRXL2CP1",0
"RPL36AP54",0
"MIR450B",0
"MIR450A1",0
"MIR450A2",0
"MIR542",0
"MIR503",0
"MIR424",0
"RPS7P12",0
"RNU4-44P",0
"MRPS18CP7",0
"RNA5SP505",0
"RPL37P24",0
"RPL7AP71",0
"ATXN3L",0
"VCX3B",0
"VCX3A",0
"RNU6-122P",0
"ZIK1P1",0
"HSPA8P20",0
"TEX13D",0
"AVPR2",0
"FABP5P13",0
"KRT18P53",0
"SHOX",0
"RPS27AP17",0
"MIR4767",0
"CT47B1",0
"HAPSTR2",0
"FAM156B",0
"DCAF8L2",0
"SSX2",0
"VCX",0
"RNU6-1189P",0
"MYCLP1",0
"BLOC1S6P1",0
"HAUS1P2",0
"RN7SL48P",0
"SUPT20HL1",0
"RNU6-1056P",0
"RNU6-29P",0
"ERAS",0
"SNORA11G",0
"PPEF1",0
"SNRPEP9",0
"RNU6-587P",0
"HMGN1P33",0
"CLDN34",0
"RNA5SP513",0
"SNORA36A",0
"MIR664B",0
"SNORA56",0
"SMIM9",0
"ARL5AP1",0
"CXorf51A",0
"SPACA5",0
"CT45A7",0
"RNU6-98P",0
"HS6ST2-AS1",0
"NAA20P1",0
"H2AL1Q",0
"AWAT1",0
"RNA5SP507",0
"P2RY4",0
"TRAPPC2LP1",0
"RNY4P23",0
"RNU4-81P",0
"RNU6-320P",0
"SNORD61",0
"DPRXP7",0
"MIR3690",0
"RNA5SP498",0
"TPT1P14",0
"NPM1P9",0
"BLOC1S2P1",0
"NANOGP9",0
"RTL9",0
"MRPL32P1",0
"FTH1P29",0
"NUDT19P6",0
"MRPS17P9",0
"RNY3P16",0
"EIF5P2",0
"MAGEA1",0
"CT47C1",0
"TNPO3P1",0
"SSU72P1",0
"RPL36AP53",0
"SNORA35",0
"MIR764",0
"MIR1912",0
"MIR1264",0
"MIR1298",0
"MIR1911",0
"MIR448",0
"RPS26P57",0
"RN7SL190P",0
"TLR8",0
"RNU7-69P",0
"CHCHD2P1",0
"RPL12P43",0
"SAGE2P",0
"CT45A1",0
"MGAT2P1",0
"CT45A5",0
"TCP11X1",0
"TCP11X2",0
"CRIPTO3",0
"GATA1",0
"RNA5SP512",0
"MIR548I4",0
"SPANXN4",0
"MAGEB16",0
"OPN1MW3",0
"MAGEB6B",0
"SPANXA1",0
"NXF2B",0
"SPANXN2",0
"RNU4-6P",0
"SLC35C2P1",0
"RNU6-616P",0
"HMGB3P31",0
"SMIM10",0
"TCEAL5",0
"RHOXF2B",0
"RNU6-1078P",0
"TPT1P15",0
"RN7SL388P",0
"CITED1",0
"RNU6-383P",0
"TMLHEP1",0
"SSX8P",0
"SSX9P",0
"SSX6P",0
"TCP11X3P",0
"CA5BP1",0
"NXF5",0
"NXF4",0
"CSAG4",0
"MAGEA5P",0
"CD99P1",0
"RHOXF1P1",0
"PNMA6E",0
"SNORD3E",0
"WASHC3P1",0
"NSA2P3",0
"MAGEA13P",0
"KRT8P6",0
"H2AQ1P",0
"FGF13",0
"MIR504",0
"TPM2P1",0
"RNU6-1044P",0
"MORF4L1P6",0
"MIR421",0
"MIR374B",0
"MIR545",0
"MIR374A",0
"ZCCHC13",0
"RPS6P26",0
"LNX2BP",0
"TMEM30BP1",0
"MIR6134",0
"H3P43",0
"RNA5SP500",0
"MIR4666B",0
"PIGFP3",0
"NXF3",0
"PHB1P10",0
"RNU6-207P",0
"NANOGNBP3",0
"RPL21P132",0
"PPIAP90",0
"MIR363",0
"MIR92A2",0
"MIR19B2",0
"MIR20B",0
"MIR18B",0
"MIR106A",0
"CRLF2",0
"XAGE5",0
"RPL12P50",0
"RNA5SP525",0
"RNU6-764P",0
"MIR105-1",0
"MIR767",0
"MIR105-2",0
"KRT8P8",0
"NAP1L6P",0
"MRFAP1P1",0
"DENND10P1",0
"C4orf46P2",0
"NKAPP1",0
"MAP2K4P1",0
"PFN5P",0
"GLRA4",0
"CHMP1B2P",0
"RNU6-434P",0
"CRIPTOP1",0
"BAG1P1",0
"FTLP16",0
"UBTFL11",0
"PAGE4",0
"RNU6-421P",0
"HMGN1P35",0
"CSAG2",0
"CSAG3",0
"MFFP3",0
"MIR221",0
"MIR222",0
"SRSF6P1",0
"MED28P4",0
"PDCL2P1",0
"SMIM10L2B-AS1",0
"ETS2P1",0
"AMZ2P3",0
"PTP4A1P5",0
"PPP4R3C",0
"RDXP2",0
"BMP15",0
"PPP1R11P2",0
"NUDT19P2",0
"AKAP17A",0
"ASMT",0
"RBBP8P1",0
"CSF2RA",0
"CBLL2",0
"ARL5AP5",0
"MMADHCP1",0
"RNU6-867P",0
"ASMTL-AS1",0
"ACE2-DT",0
"FGF13-AS1",0
"IRS4-AS1",0
"LINC00106",0
"PINCR",0
"LINC02601",0
"LINC02927",0
"LINC03053",0
"LINC00891",0
"MIR106AHG",0
"PABPC1L2B-AS1",0
"PABPC5-AS1",0
"MAGEB17-AS1",0
"SYP-AS1",0
"LINC00629",0
"LINC01201",0
"LINC01186",0
"LINC03114",0
"UBE2DNL",0
"LINC00269",0
"PPEF1-AS1",0
"LINC02968",0
"GPR50-AS1",0
"MAGEA4-AS1",0
"LINC03112",0
"LINC02154",0
"WASIR1",0
"IL9R",0
"EZHIP",0
"CENPVL3",0
"CENPVL2",0
"CENPVL1",0
"IPO7P1",0
"UQCR10P1",0
"GTPBP6",0
"FTH1P14",0
"GOT2P6",0
"MKRN4P",0
"OR2AF1P",0
"ASS1P5",0
"MCRIP2P1",0
"NAP1L4P2",0
"RHOG2P",0
"TEX28P2",0
"RANP4",0
"CNEP1R1P1",0
"S100A11P6",0
"SSX18P",0
"PPIAP89",0
"RPSAP14",0
"AARSD1P1",0
"VN1R110P",0
"FTHL18P",0
"MEMO1P4",0
"RHOXF1P2",0
"H2BW3P",0
"HMGB1P15",0
"PRRG1",0
"FTH1P28",0
"FTH1P19",0
"FTH1P27",0
"FAM47DP",0
"RPL23AP54",0
"OR6R2P",0
"LINC03023",0
"GFRA2",0
"WBP1LP3",0
"MTND6P19",0
"MRPL49P2",0
"HSPA8P13",0
"SINHCAFP3",0
"HMBOX1-IT1",0
"CCT3P1",0
"ADRA1A",0
"DUSP26",0
"MTND5P41",0
"RPL23P10",0
"PSME2P5",0
"SNX18P27",0
"ATP6V1G1P2",0
"RPL6P22",0
"CYCSP22",0
"BUD31P1",0
"IGLV8OR8-1",0
"MRPL9P1",0
"VENTXP6",0
"COX6CP8",0
"IFITM8P",0
"REXO1L5P",0
"REXO1L11P",0
"HIGD1AP18",0
"RPL31P40",0
"REXO1L8P",0
"SLC2A13P1",0
"TPM3P3",0
"RPS15AP25",0
"JCHAINP1",0
"REXO1L4P",0
"PSMA2P2",0
"PSMC2P2",0
"TRIM60P15",0
"IRF5P1",0
"RPL6P23",0
"RPS4XP10",0
"REXO1L12P",0
"RPS29P2",0
"TMEM69P1",0
"REXO1L10P",0
"MIR378D2HG",0
"UFM1P3",0
"CYP4F44P",0
"MTCYBP20",0
"BRIX1P1",0
"RPL10AP3",0
"MTND2P38",0
"UBE2HP1",0
"BTF3P1",0
"NPM1P52",0
"REXO1L9P",0
"RPL30P10",0
"SUMO2P18",0
"NASPP1",0
"RPS12P15",0
"REXO1L2P",0
"NRBF2P4",0
"FER1L6-AS1",0
"MRPS36P3",0
"EEF1A1P37",0
"MTND1P7",0
"ARF1P3",0
"SLEAR",0
"CPA6",0
"CYCSP23",0
"ODF1",0
"RPL17P31",0
"RPS20P20",0
"MTCO1P4",0
"TRMT10BP1",0
"PRXL2AP2",0
"NACAP10",0
"PPIAP86",0
"ATP5PFP3",0
"PGAM1P13",0
"BHLHE22",0
"NDUFB9P3",0
"RPL36AP31",0
"CARS1P2",0
"RPSAP74",0
"IMPDH1P6",0
"KRT8P4",0
"RPL32P4",0
"LY6D",0
"CYP11B2",0
"SLURP1",0
"LYNX1-SLURP2",0
"MAPK6P1",0
"DNAJC8P3",0
"MTCO1P47",0
"HAS2",0
"RPL35AP19",0
"RN7SKP159",0
"RN7SL318P",0
"RNA5SP251",0
"RN7SL474P",0
"RNU6-336P",0
"RNU7-153P",0
"MIR383",0
"RNU4-71P",0
"RN7SL621P",0
"RNU6-1218P",0
"MIR548H4",0
"RNA5SP258",0
"RN7SL457P",0
"RNU6-528P",0
"RNU6-533P",0
"SNORD65B",0
"RNU6-295P",0
"RN7SKP32",0
"SNORD13",0
"RNA5SP531",0
"RN7SKP294",0
"MIR548AO",0
"RNU6-895P",0
"RNU6-819P",0
"RNA5SP267",0
"RNU6-596P",0
"RNU6-13P",0
"RN7SL675P",0
"RNA5SP266",0
"RN7SKP29",0
"MIR124-2",0
"RNU6-656P",0
"RN7SL203P",0
"RNA5SP271",0
"RNA5SP269",0
"RNA5SP270",0
"RNU2-54P",0
"MIR8084",0
"MIR5708",0
"RNU6-1040P",0
"RNU6-1172P",0
"RNU6-690P",0
"MIR378D2",0
"RN7SL685P",0
"RNU6-1220P",0
"SNORD3H",0
"RNA5SP274",0
"RN7SL41P",0
"SNORD77B",0
"RNU6ATAC8P",0
"RNU6-914P",0
"RNU6-1224P",0
"MIR5680",0
"RNA5SP276",0
"RNU6-12P",0
"RNU7-67P",0
"RN7SL228P",0
"RN7SL826P",0
"RNU6-875P",0
"MIR548AZ",0
"MIR548D1",0
"MIR548AA1",0
"RNU4-83P",0
"RNU4-37P",0
"MIR3149",0
"MIR1208",0
"RNU6-442P",0
"MIR1205",0
"RNVU1-32",0
"MIR1206",0
"RNU4-25P",0
"MIR1207",0
"LINC02912",0
"LINC00208",0
"RNA5SP264",0
"LINC02886",0
"PKMP4",0
"DPPA3P7",0
"MIR5681A",0
"MIR5681B",0
"MIR2052",0
"MTND4LP26",0
"XRCC6P4",0
"TTPA",0
"TARDBPP4",0
"RN7SL135P",0
"MIR6841",0
"RN7SKP206",0
"MIR3686",0
"MIR7112",0
"MIR6848",0
"SCRT1",0
"MIR939",0
"MIR1234",0
"MIR6849",0
"NATP",0
"RN7SL323P",0
"SNORD54",0
"MOS",0
"RNU1-124P",0
"VN1R46P",0
"RNU6-104P",0
"RNA5SP268",0
"MAPK15",0
"MIR4664",0
"MIR937",0
"MIR6845",0
"MIR661",0
"MIR6846",0
"MIR6847",0
"TSSK5P",0
"SNORD87",0
"TRHR",0
"MAPK6P5",0
"MIR7705",0
"RNU6ATAC41P",0
"SNORD38D",0
"RNU6-285P",0
"RPL17P30",0
"MIR6844",0
"MIR4662A",0
"MRS2P1",0
"FGF17",0
"RPL21P77",0
"MRPL57P7",0
"MIOXP1",0
"UBE2Q2P10",0
"OR7E96P",0
"VPS51P16",0
"MIR548I3",0
"SNRPCP17",0
"MIR4288",0
"RPL12P24",0
"OR4F21",0
"RN7SKP175",0
"POU5F1P2",0
"ADI1P2",0
"SMARCE1P4",0
"RN7SL395P",0
"MIR6850",0
"RPL19P13",0
"RN7SL293P",0
"RNU6-1084P",0
"VPS51P12",0
"RNA5SP253",0
"DEFB108D",0
"USP17L7",0
"MIR3674",0
"MIR596",0
"DEFB135",0
"DPYS",0
"MIR548A3",0
"MIR8055",0
"RNA5SP254",0
"DEFB108E",0
"ZNF705CP",0
"FAM90A25P",0
"OC90",0
"MIR3610",0
"AARD",0
"RN7SL303P",0
"CHILL1",0
"MIR6893",0
"TONSL-AS1",0
"C8orf89",0
"RN7SKP153",0
"RN7SL760P",0
"RPS20P21",0
"RNU6-1300P",0
"RPS3AP32",0
"RNU6-1197P",0
"RPL34P17",0
"ALKAL1",0
"HMGB1P19",0
"FAM83A-AS2",0
"MIR4663",0
"MIR548V",0
"RNA5SP256",0
"FABP4",0
"NIPA2P4",0
"SLC10A5P1",0
"SLC10A5",0
"USP17L2",0
"RNA5SP261",0
"RNA5SP262",0
"MTND2P32",0
"RANP9",0
"TMEM249",0
"RNU6-519P",0
"RNU6-869P",0
"RNU11-4P",0
"CCAT2",0
"MIR151A",0
"RNA5SP278",0
"ZNF705D",0
"LINC02933",0
"PTMAP15",0
"CPP",0
"MIR4661",0
"COX6B1P6",0
"RNU6-925P",0
"MIR3150B",0
"MIR3150A",0
"RNU6-665P",0
"RNU6-144P",0
"ZYXP1",0
"RPL32P19",0
"RNU6-607P",0
"RN7SL709P",0
"GOT1L1",0
"ADRB3",0
"RNU6-988P",0
"PPIAP84",0
"MIR6843",0
"MIR3622B",0
"MIR3622A",0
"MIR4287",0
"RNU1-148P",0
"RNU6-1255P",0
"RNU6-1324P",0
"RNU2-71P",0
"RNU11-6P",0
"SNRPCP6",0
"VPS51P8",0
"OR7E125P",0
"FAM90A4P",0
"USP17L4",0
"ZNF705G",0
"DEFB103B",0
"DEFB104B",0
"DEFB106B",0
"DEFB107B",0
"PRR23D1",0
"FAM90A6P",0
"VPS51P15",0
"VPS51P9",0
"OR7E154P",0
"PRR23D2",0
"DEFB107A",0
"DEFB105A",0
"DEFB106A",0
"DEFB104A",0
"DEFB103A",0
"DEFB108A",0
"USP17L8",0
"USP17L3",0
"SYBU-AS1",0
"FAM90A23",0
"FAM90A22",0
"FAM90A7",0
"FAM90A8",0
"FAM90A9",0
"FAM90A17",0
"FAM90A18",0
"FAM90A19",0
"FAM90A14",0
"FAM90A16",0
"FAM90A10",0
"FABP12",0
"VTA1P2",0
"C8orf90",0
"ZNF572",0
"RN7SL806P",0
"RNU7-85P",0
"RNU1-35P",0
"RNU6-756P",0
"NKX6-3",0
"MIR486-2",0
"RN7SL149P",0
"ASNSP1",0
"OR7E161P",0
"IMPA1P1",0
"ALG1L13P",0
"ZNF252P",0
"SLC7A2",0
"SLC7A2-IT1",0
"C4orf46P3",0
"AK3P2",0
"LY6H",0
"DEFA1B",0
"DEFA5",0
"VPS51P14",0
"PRR13P7",0
"MRPS16P1",0
"LY6L",0
"TMEM276-ZFTRAF1",0
"MIR1204",0
"RNU105C",0
"RN7SL250P",0
"SEC11B",0
"RPL7L1P18",0
"MIR6876",0
"NAT2",0
"RPL35P6",0
"DEFB4B",0
"SPAG11B",0
"FAM90A21P",0
"RNU6-1213P",0
"RNU7-174P",0
"MTCO1P49",0
"DEFB131C",0
"DEFB130B",0
"MIR30D",0
"LINC01591",0
"RNU6-842P",0
"MTND4P7",0
"RNA5SP255",0
"C8orf48",0
"DEFB109C",0
"FAM86B3P",0
"XKR5",0
"DEFB1",0
"DEFA6",0
"DEFA4",0
"DEFA10P",0
"DEFA1",0
"DEFB109B",0
"DEFB108C",0
"DEFB105B",0
"LINC02949",0
"RN7SL178P",0
"CLDN23",0
"RNU6-682P",0
"RNU7-55P",0
"RNU6-1151P",0
"RNU6-526P",0
"MIR124-1",0
"LINC03022",0
"RNU6-729P",0
"PRSS51",0
"MIR4286",0
"RNA5SP252",0
"SOX7",0
"PINX1",0
"MIR1322",0
"MIR598",0
"DEFB109D",0
"FAM90A2P",0
"RPL23AP53",0
"RPL37P6",0
"REXO1L1P",0
"REXO1L6P",0
"RPS20P22",0
"TPT1P8",0
"TUBBP1",0
"SDAD1P1",0
"DEFB131E",0
"RPL10P19",0
"TDH",0
"SMPD5",0
"RPL17P29",0
"CALB1",0
"RNA5SP273",0
"RN7SKP231",0
"DEFB131D",0
"DEFB130A",0
"VPS51P19",0
"OR7E8P",0
"OR7E10P",0
"MIR5692A2",0
"MIR3926-2",0
"FAM90A3",0
"FAM90A15",0
"FAM90A13",0
"FAM90A5",0
"FAM90A11",0
"FAM90A12",0
"FAM90A20",0
"RNU6-220P",0
"FAM90A24",0
"MIR4472-1",0
"RN7SL260P",0
"RPS27AP13",0
"RNU6-1331P",0
"RNU6ATAC32P",0
"C1GALT1P3",0
"DEFB136",0
"RPL7AP80",0
"ADAM5",0
"MIR4471",0
"RN7SKP249",0
"NACA4P",0
"RN7SL563P",0
"PSCA",0
"RNU6-892P",0
"RNA5SP257",0
"SMILR",0
"CDK5P1",0
"LINC03018",0
"LINC01603",0
"LINC03024",0
"TDH-AS1",0
"NRG1-IT3",0
"BAALC-AS2",0
"XKR4-AS1",0
"LINC01298",0
"IADEN",0
"LINC03044",0
"LINC02855",0
"ASTILCS",0
"FAM83A-AS1",0
"MAFA-AS1",0
"LINC00051",0
"LINC03019",0
"LINC03054",0
"LINC02599",0
"LINC02153",0
"SQLE-DT",0
"OXR1-AS1",0
"LINC02950",0
"E2F5-DT",0
"BHLHE22-AS1",0
"LINC02845",0
"KBTBD11-OT1",0
"KBTBD11-AS1",0
"FAM66E",0
"LINC01419",0
"DSCC1",0
"HRURF",0
"MIR320A",0
"RNU7-102P",0
"RN7SKP135",0
"PTPN11P2",0
"SEPTIN14P8",0
"RPL29P19",0
"ASNSP4",0
"REXO1L3P",0
"HSPE1P14",0
"SERPINA15P",0
"SEPTIN10P1",0
"RPS20P23",0
"OR7E158P",0
"SNRPCP15",0
"DEFT1P2",0
"PRR23D3P",0
"DEFA8P",0
"DEFT1P",0
"DEFB109A",0
"PRSS52P",0
"ALG1L11P",0
"OR7E15P",0
"RPL30P9",0
"H3P29",0
"RPS29P33",0
"RPS27AP14",0
"SUMO2P2",0
"RPL31P42",0
"MTCO3P30",0
"CLIC4P1",0
"GARIN3P1",0
"SAMM50P1",0
"HMGB3P23",0
"CHCHD4P3",0
"LINC01627",0
"ASS1P12",0
"RBPJP6",0
"FKBP4P7",0
"RPL32P21",0
"LYPLA2P3",0
"CDCA7P2",0
"SDR42E1P2",0
"ATP5MFP3",0
"RPS20P25",0
"FOXD4L3",0
"FAM74A7",0
"RPL21P83",0
"DNAJB5P1",0
"CDRT15P7",0
"SDR42E1P4",0
"SDR42E1P3",0
"MTND3P4",0
"IL6RP1",0
"CYLC2",0
"BARX1",0
"LINC02578",0
"TUBB4BP6",0
"SLC25A6P2",0
"BNIP3P4",0
"IGKV1OR-2",0
"FKBP4P8",0
"HMGN2P32",0
"BRINP1",0
"RPS15AP27",0
"SPATA31A6",0
"MYO5BP3",0
"CDRT15P5",0
"KRT18P36",0
"ZYG11AP1",0
"MSANTD3-TMEFF1",0
"RPL32P22",0
"LINC01243",0
"STK33P1",0
"TMEFF1",0
"MTATP6P30",0
"CHCHD4P2",0
"HSPE1P28",0
"RPL36P14",0
"KRT18P24",0
"MTND2P8",0
"RPS19P6",0
"NFYCP2",0
"RNA5SP279",0
"RNU6-1073P",0
"MIR101-2",0
"RNU2-47P",0
"RN7SL98P",0
"RNU6-246P",0
"RNU6-264P",0
"RN7SL720P",0
"RN7SKP120",0
"RN7SL849P",0
"RN7SL565P",0
"MIR4477A",0
"RN7SL343P",0
"RNA5SP285",0
"RN7SKP59",0
"RNU6-1303P",0
"RN7SKP242",0
"RNU2-36P",0
"RNU4-29P",0
"RN7SKP264",0
"MIR4290",0
"MIR4291",0
"MIR4289",0
"RN7SKP87",0
"RNU6-996P",0
"RNU6-329P",0
"RNA5SP291",0
"RN7SL659P",0
"RNU6-1064P",0
"MIR7702",0
"RNU6-855P",0
"RNU6-432P",0
"RNY4P18",0
"RNA5SP294",0
"RNA5SP295",0
"RN7SL430P",0
"MIR147A",0
"RNU6-710P",0
"RNU4-82P",0
"MIR455",0
"MIR181A2",0
"MIR181B2",0
"NRON",0
"RN7SL30P",0
"MIR4669",0
"SNORA65",0
"MIR3911",0
"MIR3960",0
"MIR2861",0
"CCIN",0
"MIR219A2HG",0
"MIR219A2",0
"MIR219B",0
"SYF2P2",0
"RNU6-984P",0
"RPL21P82",0
"MTATP6P29",0
"MTND3P23",0
"BEND3P2",0
"MIR4670",0
"MIR7-1",0
"MIR4667",0
"MIR6852",0
"MIR6853",0
"NDUFA5P4",0
"MIR4474",0
"SNORA30B",0
"MIR7114",0
"SETP5",0
"RNU6-86P",0
"RNU6-1327P",0
"RNU6-829P",0
"MIR548AU",0
"RN7SL181P",0
"TRPC6P4",0
"TRMT112P4",0
"FYTTD1P1",0
"RN7SL100P",0
"RNA5SP280",0
"RPL36AP34",0
"DENRP4",0
"TMEM210",0
"SLC25A6P5",0
"MIR8081",0
"RN7SKP77",0
"RNA5SP292",0
"RNU2-46P",0
"RNA5SP289",0
"RPL36AP35",0
"ACTL7B",0
"MIR6856",0
"RN7SL159P",0
"RN7SL640P",0
"SPATA31A1",0
"SKP1P3",0
"FKBP4P2",0
"SDR42E1P1",0
"ATP5F1AP8",0
"RBPJP5",0
"MEP1AP1",0
"RNU6-1269P",0
"CNN2P2",0
"MUPP",0
"KRT18P67",0
"SNORD90",0
"MIR600",0
"RNU6-820P",0
"LSM1P1",0
"MIR126",0
"SNORA17B",0
"SNORA17A",0
"LCN10",0
"MIR6722",0
"MIR4292",0
"MIR4479",0
"TAL2",0
"PRKACG",0
"SPATA31A5",0
"RN7SKP171",0
"SNORD62A",0
"FAM74A3",0
"MIR2278",0
"MIR6081",0
"MIR23B",0
"MIR27B",0
"MIR24-1",0
"RNA5SP296",0
"MIR4672",0
"PAPPA-AS2",0
"SNORA70C",0
"RN7SKP128",0
"RN7SKP125",0
"MORN5",0
"RNU6-1260P",0
"LDHAP4",0
"UBE2V1P10",0
"EIF3JP3",0
"TRBV21OR9-2",0
"TRBV22OR9-2",0
"TRBV23OR9-2",0
"TRBV24OR9-2",0
"TRBV25OR9-2",0
"TRBV26OR9-2",0
"RN7SKP114",0
"RN7SL187P",0
"MIR204",0
"PIGUP1",0
"RPL35AP21",0
"OR13F1",0
"OR13C8",0
"OR13D2P",0
"OR13C5",0
"OR13C2",0
"OR13C9",0
"OR13I1P",0
"OR13D3P",0
"GPR21",0
"MIR3152",0
"RN7SKP258",0
"RAP1BP1",0
"DNAI1",0
"ENHO",0
"SPATA31F1",0
"MIR6877",0
"LCN1P1",0
"LCN1P2",0
"SNORD24",0
"SNORD36B",0
"SNORD36A",0
"TCEA1P1",0
"VN1R51P",0
"FAM220CP",0
"RNU6-798P",0
"OR2AM1P",0
"HMGB3P24",0
"RPSAP76",0
"RNU6-1020P",0
"RNA5SP281",0
"SLC25A5P8",0
"SNRPCP1",0
"MIR548AW",0
"RNU7-21P",0
"MIR1302-9",0
"FOXD4",0
"MIR4477B",0
"LCN8",0
"GLIS3-AS2",0
"RNU6-694P",0
"OR1J1",0
"OR1J2",0
"OR1Q1",0
"OR1L1",0
"YRDCP1",0
"RNU6-669P",0
"MT1P1",0
"RNU2-50P",0
"SERPINH1P1",0
"DNAJC25-GNG10",0
"RNU6-1013P",0
"RN7SL665P",0
"RN7SL592P",0
"CDK2AP2P1",0
"RNU7-185P",0
"RNF183",0
"IMP3P1",0
"RN7SL722P",0
"RNU6-368P",0
"IFNWP4",0
"IFNW1",0
"IFNA21",0
"OR1L3",0
"OR13J1",0
"ELF2P3",0
"SPATA31E1",0
"CA9",0
"MIR6851",0
"LINC01502",0
"OR1L8",0
"MIR601",0
"MIR7150",0
"SPATA31C2",0
"ARMC8P1",0
"VN1R48P",0
"RNU6-765P",0
"C11orf98P1",0
"FAM240B",0
"MIR199B",0
"MIR3154",0
"RN7SL75P",0
"DPPA3P10",0
"NANOGP5",0
"SOCS5P2",0
"LCN1",0
"MIR4673",0
"MIR4674",0
"IGKV1OR9-1",0
"FRG1KP",0
"IGKV1OR-3",0
"RN7SKP24",0
"NR5A1",0
"IFNA17",0
"IFNA14",0
"IFNA5",0
"IFNA20P",0
"IFNA11P",0
"IFNA12P",0
"IFNWP2",0
"IFNA1",0
"IFNWP19",0
"MIR31",0
"H3P30",0
"STRA6LP",0
"MIR1302-8",0
"RNU6-538P",0
"RNU6-1193P",0
"CYP4F25P",0
"ERVFRD-3",0
"UBA52P6",0
"RPL36AP33",0
"MIR3621",0
"IFNK",0
"KCTD10P1",0
"MIR873",0
"PCNPP2",0
"MIR3153",0
"RN7SL794P",0
"RN7SKP225",0
"KRT8P11",0
"OR13C3",0
"RN7SL544P",0
"RBPJP7",0
"RN7SKP191",0
"UBE2V1P4",0
"MIRLET7A1",0
"MIRLET7F1",0
"MIRLET7D",0
"SPATA31A7",0
"SPATA31A3",0
"IFNA13",0
"TLR4",0
"CYP4F33P",0
"RNU6-599P",0
"SNX18P5",0
"RNU6-714P",0
"SNX18P2",0
"ADGRF5P2",0
"MEP1AP4",0
"MIR6854",0
"RNU6-1035P",0
"RNA5SP287",0
"SPATA31D4",0
"RNU6-156P",0
"MIR1299",0
"RNU6-559P",0
"OR13C7",0
"CSNK1G2P1",0
"PDSS1P1",0
"MTND6P5",0
"MTATP6P11",0
"INSL4",0
"RN7SL328P",0
"EIF4A1P3",0
"BMS1P10",0
"ATP8B5P",0
"LINC00475",0
"PRSS47P",0
"FAM120A2P",0
"ZNF658B",0
"FAM95B1",0
"CTSL3P",0
"OR13C1P",0
"SPATA31F2P",0
"CELP",0
"MFSD14CP",0
"LRRC37A5P",0
"CDRT15P6",0
"FBP2P1",0
"NPAP1P9",0
"ANKRD20A2P",0
"CYP4F59P",0
"ANKRD20A3P",0
"ANKRD20A4P",0
"ANKRD20A7P",0
"ANKRD19P",0
"SPATA31D5P",0
"FGF7P3",0
"CLCN3P1",0
"REXO6P",0
"OR2S1P",0
"MIR3689C",0
"MIR3689A",0
"MIR3689D1",0
"MIR3689B",0
"MIR3689D2",0
"MIR3689E",0
"MIR3689F",0
"FCN2",0
"CARM1P1",0
"LHX3",0
"RNU4ATAC15P",0
"H3P32",0
"TRBV20OR9-2",0
"PES1P2",0
"ADIPINT",0
"RNU6ATAC",0
"CNTNAP3C",0
"RN7SL462P",0
"CFAP77",0
"RNU5D-2P",0
"MTND2P11",0
"RMRP",0
"FAM74A6",0
"FAM74A4",0
"RPL12P25",0
"PTENP1",0
"GAS2L1P2",0
"MAP1LC3BP1",0
"GXYLT1P4",0
"TOPORSLP",0
"TXNDC8",0
"CCL21",0
"GTF3AP1",0
"RN7SL123P",0
"RNF2P1",0
"PPIAP33",0
"MIR602",0
"TUBBP5",0
"FAM157B",0
"RNU6-785P",0
"OR4F8BP",0
"CFAP95",0
"RN7SL570P",0
"RNA5SP286",0
"RPSAP75",0
"RNU6-445P",0
"MIR4475",0
"MIR4540",0
"MIR4476",0
"LINC02975",0
"PRRX2",0
"PGM5P2",0
"FOXD4L6",0
"LAGE3P1",0
"STPG3-AS1",0
"MIR3910-1",0
"MIR3910-2",0
"IFNA6",0
"IFNA4",0
"IFNA10",0
"IFNWP18",0
"CYP1D1P",0
"KRT18P13",0
"RNU4-15P",0
"LHX2-AS1",0
"FAM242E",0
"WDR5-DT",0
"NALT1",0
"LINC02692",0
"LINC00587",0
"FIBCD1-AS1",0
"BNC2-AS1",0
"TMEM252-DT",0
"BARX1-DT",0
"MIR4290HG",0
"GLIS3-AS1",0
"SNX30-DT",0
"LINC03041",0
"LINC03025",0
"FAM138C",0
"LINC01509",0
"TPD52L3",0
"RN7SL25P",0
"RNA5SP283",0
"PTGER4P2",0
"MYO5BP2",0
"ADGRF5P1",0
"LINC02957",0
"FGF7P6",0
"RBM17P2",0
"PTGER4P3",0
"CNTNAP3P2",0
"RAB28P3",0
"AQP7P4",0
"FGF7P5",0
"AQP7P1",0
"RPS6P12",0
"BMS1P11",0
"BMS1P9",0
"PPIAP88",0
"CDK2AP2P3",0
"RAB28P4",0
"RPL31P43",0
"AQP7P2",0
"CDC20P1",0
"ACNATP",0
"RAB28P1",0
"RPL7AP49",0
"CDRT15P14",0
"SNX18P8",0
"GXYLT1P3",0
"AQP7P5",0
"PRDX1P1",0
"SUGT1P1",0
"PRSS3P4",0
"HMGB1P37",0
"SUGT1P4",0
"DDX11L5",0
"FRG1JP",0
"OR1H1P",0
"RPL7AP45",0
"FAM27B",0
"NPAP1P7",0
"CTSLP8",0
"YWHABP1",0
"BMS1P12",0
"BMS1P13",0
"AQP7P3",0
"ANKRD18CP",0
"SNX18P4",0
"CDRT15P12",0
"SNX18P9",0
"ZFAND6P1",0
"RPL7AP76",0
"FGF7P7",0
"CNTNAP3P5",0
"RAB28P2",0
"SNX18P7",0
"CYP4F60P",0
"FGF7P4",0
"OR7E109P",0
"OR7E108P",0
"RPSAP9",0
"RPL7AP47",0
"RPL35AP20",0
"IL9RP1",0
"CDK2AP2P2",0
"FGF7P8",0
"IGKV1OR9-2",0
"RBMXL2",0
"CYCSP25",0
"DNAAF11P1",0
"WIZP1",0
"DBX1",0
"LEISA1",0
"OR4C13",0
"GTF2IP11",0
"ANKRD33BP5",0
"OR4C14P",0
"NAV2-AS5",0
"ANKRD33BP6",0
"THAP12P4",0
"OR4A49P",0
"OR2BH1P",0
"EIF4A2P5",0
"TRIM51DP",0
"PHKG1P3",0
"OR5L2",0
"OR10AF1P",0
"OR4A1P",0
"OR4A18P",0
"LINC02707",0
"OR5D13",0
"OR9Q1",0
"OR4C16",0
"OR5B10P",0
"OR4R3P",0
"OR5D17P",0
"KRT18P14",0
"OR10W1",0
"OR10AK1P",0
"OR5B17",0
"OR4A5",0
"OR4A8",0
"CIR1P3",0
"EEF1A1P47",0
"TRIM48",0
"CCDC179",0
"OR10V3P",0
"OR5W1P",0
"OR5I1",0
"OR5W2",0
"OR10V1",0
"OR10Y1P",0
"ZFP91-CNTF",0
"SYT7",0
"OR5BC1P",0
"OR10V2P",0
"HNRNPRP2",0
"RPL7AP58",0
"EEF1G",0
"OR5D16",0
"OR5B19P",0
"LINC01616",0
"OR5L1",0
"UBTFL10",0
"ANKRD33BP7",0
"TRIM53BP",0
"LINC02758",0
"MTND4LP18",0
"COX6A1P4",0
"CBX3P7",0
"RSF1-IT2",0
"HPRT1P3",0
"OSBPL9P2",0
"MMP27",0
"ASS1P13",0
"TOMM20P1",0
"TRIM49",0
"CARD18",0
"RPA2P3",0
"TRPC6",0
"UBTFL2",0
"MTND6P25",0
"OSBPL9P3",0
"ARL6IP1P3",0
"METTL5P4",0
"PKNOX2-DT",0
"LINC02697",0
"RPS27P20",0
"PHB1P16",0
"RPL23AP62",0
"BMPR1AP2",0
"PPP1R10P1",0
"TSPAN18-AS1",0
"PKNOX2-AS1",0
"MIR6744",0
"MIR4299",0
"MIR8070",0
"RNA5SP332",0
"MIR302E",0
"MIR4486",0
"MIR4694",0
"RNU6-783P",0
"RNA5SP338",0
"RN7SL240P",0
"MIR8054",0
"RNU6-99P",0
"MIR3973",0
"RNU6-365P",0
"RN7SKP158",0
"MIR8068",0
"MIR3162",0
"MIR6860",0
"RNU6-544P",0
"MIR708",0
"RNU7-59P",0
"MIR5579",0
"MIR4300",0
"RNU6-16P",0
"RN7SL223P",0
"RN7SL222P",0
"SNORA25",0
"SNORA32",0
"SNORA1",0
"SNORA8",0
"SNORD5",0
"SNORA18",0
"MIR1304",0
"SNORA40",0
"MIR4693",0
"MIR4490",0
"RNA5SP349",0
"MIR4493",0
"RNU4-23P",0
"RNU6-321P",0
"RN7SL167P",0
"MIR4697",0
"RN7SKP121",0
"RN7SKP279",0
"SNORD15A",0
"KCNK4-CATSPERZ",0
"CATSPERZ",0
"MIR7155",0
"MIR1237",0
"SLC22A12",0
"NRXN2-AS1",0
"MIR192",0
"MIR194-2",0
"MIR6749",0
"BATF2",0
"MIR6879",0
"EEF1A1P18",0
"OR51C4P",0
"OR51F4P",0
"OR51N1P",0
"OR51G1",0
"OR51A5P",0
"OR52J2P",0
"OR52E2",0
"OR52S1P",0
"OR52J1P",0
"HBB",0
"HBD",0
"HBG2",0
"OR51AB1P",0
"OR51B4",0
"OR51B3P",0
"OR51B8P",0
"TMEM258P1",0
"OR51J1",0
"OR51K1P",0
"OR52D1",0
"UBQLN3",0
"UBQLNL",0
"OLFM5P",0
"OR52B6",0
"TRIM6-TRIM34",0
"OR52U1P",0
"OR52N3P",0
"OR52E6",0
"OR52E7P",0
"HBG1",0
"MRGPRG",0
"NDUFA5P8",0
"NDUFA5P1",0
"ENPP7P15",0
"SNRPCP5",0
"RPS3AP39",0
"RN7SL42P",0
"SLC25A47P1",0
"RN7SL435P",0
"OR5AN2P",0
"OR5BR1P",0
"OR10D1P",0
"SNORA52",0
"RNU6-876P",0
"HSPB2",0
"HSPB2-C11orf52",0
"C11orf52",0
"RPS12P21",0
"MIR4298",0
"MIR7847",0
"LINC01150",0
"MIR675",0
"OR4C50P",0
"OR4C7P",0
"RNA5SP329",0
"OR56B4",0
"OR56B3P",0
"OR5AK1P",0
"OR5BQ1P",0
"RNU6ATAC12P",0
"OR8B7P",0
"OR8B6P",0
"OR8X1P",0
"OR8A3P",0
"MIR1343",0
"RNU6-45P",0
"RNU6-72P",0
"MIR3165",0
"COX6CP18",0
"SNORA54",0
"RN7SKP50",0
"LINC02709",0
"RNU7-28P",0
"RNU6ATAC33P",0
"MIR4485",0
"MIR7154",0
"FREY1",0
"MIR4688",0
"RNA5SP345",0
"RPL32P25",0
"CST6",0
"GAL3ST3",0
"BRD9P1",0
"MIR611",0
"MIR1908",0
"MIR6746",0
"RNU6-1243P",0
"MYOD1",0
"RN7SL828P",0
"PRR13P3",0
"OR5AO1P",0
"OR5BP1P",0
"LRRC55",0
"RNU1-91P",0
"MRGPRD",0
"RNA5SP342",0
"TRIM34",0
"MIR6755",0
"PTP4A1P6",0
"GNG5P3",0
"IMMP1LP1",0
"RN7SL596P",0
"ATP5MGP1",0
"HIGD1AP5",0
"MRGPRX13P",0
"SAA4",0
"SAA2-SAA4",0
"SAA2",0
"RNA5SP333",0
"RNA5SP334",0
"OR7E5P",0
"OR5F1",0
"OR5J1P",0
"OR8I4P",0
"OR8H3",0
"OR8K4P",0
"OR5J7P",0
"OR5J2",0
"OR4V1P",0
"OR4P1P",0
"OR5D2P",0
"VN2R9P",0
"OR9L1P",0
"OR9I3P",0
"OR9I2P",0
"OR5BL1P",0
"OR10Q1",0
"OR9G3P",0
"OR5G1P",0
"OR5G4P",0
"OR5G3",0
"NAA50P1",0
"FAM8A2P",0
"OR8K2P",0
"OR4D8P",0
"OR4D11",0
"OR5B1P",0
"OR8U1",0
"OR8L1P",0
"OR5AL2P",0
"OR5AL1",0
"OR8U3",0
"OR5M4P",0
"OR5M9",0
"OR5M5P",0
"MIR210",0
"SCT",0
"OR4A11P",0
"OR4A12P",0
"OR4A9P",0
"OR4X7P",0
"OR4A10P",0
"OR4A17P",0
"OR4A13P",0
"RPL7AP55",0
"RNU6-943P",0
"OR10G6",0
"OR10G5P",0
"OR10G9",0
"OR10D5P",0
"MIR130A",0
"MIR6748",0
"RNU2-2P",0
"SNORD22",0
"SNORD30",0
"SNORD28",0
"SNORD27",0
"SNORD26",0
"SNORD25",0
"RN7SKP243",0
"DPPA4P3",0
"RN7SKP239",0
"RNU6-1238P",0
"PTPRCAP",0
"TUB-AS1",0
"RN7SL351P",0
"RPL35AP26",0
"KIRREL3-AS1",0
"SNORD97",0
"HMGB1P42",0
"TBCEL-TECTA",0
"MIR3166",0
"GAPDHP70",0
"KRTAP5-3",0
"FAM99B",0
"MIR4487",0
"RN7SL652P",0
"FAM180B",0
"C1QTNF4",0
"MIR548AL",0
"RNA5SP341",0
"RN7SKP259",0
"MIR6503",0
"KRT8P26",0
"TUBB4BP4",0
"PGAM1P9",0
"RPS3AP42",0
"SNRPGP16",0
"MTNR1B",0
"RPL26P31",0
"RPS3AP41",0
"SNRPCP14",0
"RNU4-86P",0
"ART1",0
"MIR4687",0
"RPS29P20",0
"MIR3664",0
"RBMXP3",0
"EIF2S2P6",0
"RPL7AP54",0
"COX5BP4",0
"WBP1LP10",0
"CICP23",0
"RNU6-447P",0
"SCGB1C1",0
"MIR6743",0
"B4GALNT4",0
"RN7SL838P",0
"OR8R1P",0
"RNU1-21P",0
"LDHAL6DP",0
"HNRNPA1P72",0
"RNU6-1292P",0
"RNU6-126P",0
"KCTD14",0
"NDUFC2-KCTD14",0
"THRSP",0
"B3GNT6",0
"RNA5SP346",0
"ELOBP2",0
"RNA5SP330",0
"MIR5691",0
"KRT8P41",0
"PGA3",0
"PGA5",0
"LRRC10B",0
"SNORA57",0
"HNRNPUL2-BSCL2",0
"CHRM1",0
"RN7SL259P",0
"DEUP1",0
"OR4S2",0
"OR8H2",0
"OR56A4",0
"OR10G7",0
"OR5M3",0
"CASP1P1",0
"NHERF4",0
"MIR6756",0
"ACY3",0
"OR7E145P",0
"OR7E11P",0
"EVA1CP4",0
"SLC22A8",0
"PTTG1P2",0
"TUBAP7",0
"RPL29P22",0
"OR9G1",0
"OR4D10",0
"SDHCP4",0
"RPL29P21",0
"APOA5",0
"APOA4",0
"OR52K2",0
"RN7SL12P",0
"FTLP6",0
"RNU6-874P",0
"ZNF123P",0
"OR5M13P",0
"OR5M12P",0
"OR8B3",0
"OR51A7",0
"OR52E4",0
"OR5T1",0
"ART2BP",0
"OR51D1",0
"MIR6754",0
"KRTAP5-7",0
"KRTAP5-8",0
"KRTAP5-13P",0
"KRTAP5-14P",0
"OR7E4P",0
"VPS51P11",0
"OR5AZ1P",0
"OR5BD1P",0
"RNU6-899P",0
"OR51A9P",0
"OR10G4",0
"ACCSL",0
"SNORA3A",0
"BOLA3P1",0
"RNU7-159P",0
"RPL21P96",0
"MTCO3P15",0
"MTATP6P15",0
"MTND2P26",0
"MTND1P36",0
"OR5D18",0
"OR8K1",0
"OR8I2",0
"OR8G5",0
"PGA4",0
"OR8G1",0
"OR4C15",0
"OR51T1",0
"OR2D2",0
"OR6X1",0
"OR5M11",0
"OR5M8",0
"OR6M1",0
"OR4C11",0
"OR9I1",0
"OR10AG1",0
"OR51I1",0
"OR51B2",0
"OR52H1",0
"OR5AP2",0
"OR4D6",0
"MIR3167",0
"KIRREL3-AS3",0
"CYCSP29",0
"RNU6-654P",0
"ZDHHC20P3",0
"TPBGL",0
"SNORD14B",0
"RNU6-593P",0
"MIR6716",0
"GLYATL2",0
"MIR612",0
"MIR4690",0
"MIR4489",0
"RN7SL309P",0
"OR5P2",0
"LINC02753",0
"RNU6-1175P",0
"H2AZP4",0
"ANO1",0
"KRTAP5-4",0
"CIMAP1A",0
"C11orf91",0
"SPICP1",0
"OR5B12",0
"OR8K3",0
"OR5P3",0
"MIR3159",0
"SAA1",0
"MIR4491",0
"RNU2-60P",0
"MIR34B",0
"MIR34C",0
"MRGPRX8P",0
"MRGPRX6P",0
"MRGPRX5P",0
"MRGPRX11P",0
"MRGPRX9P",0
"MRGPRX2",0
"OR5T3",0
"OR52E5",0
"IZUMO1R",0
"ASCL3",0
"RNA5SP350",0
"POU2AF2",0
"POU2AF3",0
"RPS2P39",0
"C1QTNF5",0
"IFITM9P",0
"DNAJB6P5",0
"MIR4492",0
"LMO1",0
"RPL32P24",0
"RNU6-311P",0
"INS-IGF2",0
"MIR483",0
"INS",0
"TH",0
"MIR4686",0
"RNU6-878P",0
"ARL2-SNX15",0
"MIR6751",0
"HIGD1AP10",0
"RNU2-23P",0
"PDCL2P2",0
"TRIM64B",0
"MTND1P35",0
"TRIM49D1",0
"TRIM49D2",0
"ANKRD33BP9",0
"TRIM53AP",0
"ANKRD33BP10",0
"UBTFL1",0
"FXYD6-FXYD2",0
"AKR1B1P3",0
"RN7SL188P",0
"RN7SKP90",0
"KCNK4",0
"VPS51P5",0
"MTRF1LP1",0
"RNU6-1107P",0
"KRT8P7",0
"RNU6-1123P",0
"NECTIN1-AS1",0
"OR5AK3P",0
"BUD13P1",0
"BGLT3",0
"RAG2",0
"RNU7-23P",0
"MIR3163",0
"C11orf86",0
"TRIM51CP",0
"ANKRD33BP3",0
"CDC42EP2",0
"RNU6-46P",0
"RPS3AP40",0
"MIR7113",0
"MIR4691",0
"MIR6753",0
"DDX18P5",0
"RN7SL778P",0
"TRIM51G",0
"ZNF705EP",0
"OR4B1",0
"OR4B2P",0
"TOMT",0
"OR51C1P",0
"OR4A15",0
"OR5D3P",0
"MIR6745",0
"MADD-AS1",0
"MIR129-2",0
"RPL23AP63",0
"PHB1P2",0
"RNA5SP331",0
"TMPRSS13",0
"OR2AT2P",0
"NPM1P50",0
"RNU4-55P",0
"RNU6-277P",0
"RN7SKP287",0
"CTBP2P6",0
"MIR670",0
"OR52P1",0
"RPL29P23",0
"RNU6-256P",0
"MIR125B1",0
"MIRLET7A2",0
"MIR100",0
"RNU4ATAC10P",0
"RNU4ATAC5P",0
"GRM5P1",0
"NOX4P1",0
"OR4C1P",0
"OR9M1P",0
"TRIM64DP",0
"FOLH1B",0
"OR51F5P",0
"OR51A8P",0
"OR51H2P",0
"HBBP1",0
"OR52B5P",0
"OR10N1P",0
"OR8B1P",0
"OR8B9P",0
"DEFB130C",0
"SAA3P",0
"SLC25A51P4",0
"OR5AQ1P",0
"OR5BE1P",0
"OR5G5P",0
"OR2AH1P",0
"OR5M2P",0
"EEF1A1P49",0
"ENPP7P8",0
"OR6M2P",0
"GUCY2EP",0
"OR10AB1P",0
"OR5BA1P",0
"OR7E14P",0
"TSSC2",0
"FAM86C2P",0
"SEPTIN7P11",0
"GVINP1",0
"CASP4LP",0
"FAUP4",0
"FAM86C1P",0
"OR52B1P",0
"OR52B2",0
"OR52W1",0
"CNGA4",0
"RANP3",0
"RN7SKP297",0
"MIR4696",0
"CALCP",0
"OR7E41P",0
"OR4C9P",0
"OR4R1P",0
"OR4A47",0
"OR4A40P",0
"OR4A43P",0
"OR4A45P",0
"OR4A41P",0
"OR4A42P",0
"ETS1-AS1",0
"MS4A15",0
"HEPN1",0
"NTM-IT",0
"OPCML-IT2",0
"OPCML-IT1",0
"MIR3160-1",0
"MIR3160-2",0
"MIR5582",0
"SNORD67",0
"RNU6-560P",0
"OR7E2P",0
"XIAPP2",0
"OR4S1",0
"OR4C5",0
"OR4C2P",0
"OR4C10P",0
"UBTFL9",0
"OR51H1",0
"OR52K3P",0
"OR52I1",0
"OR56A5",0
"MIR139",0
"RNU7-105P",0
"MIR4692",0
"OR4C12",0
"OR4C45",0
"OR4C49P",0
"OOSP3",0
"SRD5A3P1",0
"SSU72L2",0
"SSU72P6",0
"SSU72L4",0
"SSU72L3",0
"SSU72L1",0
"OR52B4",0
"OR52B3P",0
"OR51R1P",0
"OR52P2P",0
"MIR3164",0
"RNA5SP535",0
"RNU6-952P",0
"RNU7-187P",0
"ANKK1",0
"MIR4301",0
"OOSP1",0
"WTAPP1",0
"KRT18P59",0
"UNC93B6",0
"MTCH1P2",0
"ZNF75CP",0
"RPL26P30",0
"PGAM1P8",0
"XNDC1CP",0
"SRSF8BP",0
"RPL31P46",0
"RPLP0P2",0
"THEM7P",0
"OR55B1P",0
"ACTE1P",0
"SLC22A20P",0
"DOC2GP",0
"COX8BP",0
"LINC00301",0
"RN7SL23P",0
"MIR4488",0
"RNU6-376P",0
"MIR3920",0
"KIAA1191P2",0
"PLS1P1",0
"TFAMP2",0
"RPSAP50",0
"ANO1-AS1",0
"ATP5PBP5",0
"BSX",0
"RPL34P23",0
"SNORD14D",0
"SNORD14C",0
"PHB1P17",0
"ZP1",0
"MIR8087",0
"RNA5SP339",0
"CBX3P1",0
"ATP5MGP8",0
"FLRT1",0
"PSMA2P1",0
"RASSF10-DT",0
"RNA5SP336",0
"RNA5SP337",0
"MED28P5",0
"RNA5SP347",0
"MIR6073",0
"LINC01488",0
"RPL7AP79",0
"RPL34P22",0
"EEF1DP8",0
"SCGB1D1",0
"SCGB2A1",0
"SCGB1D2",0
"SCGB1D4",0
"PPP1R1AP1",0
"RNA5SP344",0
"RNU6-1135P",0
"CSRP3",0
"PCNAP4",0
"NAV2-IT1",0
"RNA5SP335",0
"HMGB1P40",0
"LINC02748",0
"LINC02761",0
"LINC02989",0
"MIR34BHG",0
"LINC02548",0
"MRPL23-AS1",0
"LINC01219",0
"LRP4-AS1",0
"LINC02720",0
"LINC03096",0
"LINC02723",0
"LINC00900",0
"LINC02724",0
"LINC02726",0
"H19",0
"NAV2-AS2",0
"LINC02760",0
"LINC02704",0
"LINC02953",0
"FZD4-DT",0
"LINC02759",0
"LINC02747",0
"LNC-RHL1",0
"LINC02151",0
"LINC02684",0
"MRGPRG-AS1",0
"LINC02698",0
"LINC02705",0
"ARHGAP42-AS1",0
"NAV2-AS4",0
"MRGPRF-AS1",0
"SLC1A2-AS2",0
"SLC1A2-AS1",0
"LINC02708",0
"NDUFV1-DT",0
"RNU6-44P",0
"TRIM51FP",0
"TYRL",0
"TRIM51BP",0
"PPIAP43",0
"BAK1P2",0
"OR51A1P",0
"FAM86GP",0
"RPS24P14",0
"WARS1P1",0
"RPL36AP39",0
"OR8Q1P",0
"FOLR1P1",0
"OR5E1P",0
"ARPC3P4",0
"RPL7AP57",0
"RDXP1",0
"C1DP5",0
"UNC93B5",0
"CCND2P1",0
"ART2P",0
"MRGPRX7P",0
"COX7CP3",0
"SETP16",0
"BCAS2P1",0
"COPS8P3",0
"TRIM51EP",0
"TRIM64EP",0
"TRIM53CP",0
"ENPP7P7",0
"OR7E13P",0
"TREHP1",0
"LINC03031",0
"CHCHD3P1",0
"MTND1P37",0
"ZNF33BP1",0
"ACTR3BP5",0
"PABPC1P12",0
"RPS24P13",0
"CHEK2P5",0
"FXYD6P1",0
"CICP9",0
"AMD1P1",0
"FTLP19",0
"PTF1A",0
"HIRAP1",0
"CTSLP2",0
"MKX-AS1",0
"MRPL50P4",0
"MRPS35P3",0
"UBE2V2P1",0
"SNRPEP8",0
"NEK4P3",0
"MRPS21P5",0
"PRELID1P3",0
"RPSAP6",0
"THAP12P3",0
"FAM32CP",0
"NDUFA8P1",0
"RSU1P3",0
"WARS2P1",0
"ABCD1P2",0
"MKNK2P1",0
"SMARCE1P7",0
"RPLP1P10",0
"KSR1P1",0
"RPL7P37",0
"LINC01514",0
"RPS2P36",0
"COX7CP4",0
"SNRPGP6",0
"MTND4P18",0
"CYP2C61P",0
"RPL21P91",0
"PHB2P1",0
"IGKV1OR10-1",0
"HMGN2P34",0
"RAD1P1",0
"ANXA2P3",0
"DUX4L24",0
"FRG2B",0
"SLC25A18P1",0
"DUX4L28",0
"NTAN1P1",0
"LINC01153",0
"KCNK18",0
"DUX4L14",0
"DUX4L20",0
"DUX4L25",0
"DUX4L23",0
"SAR1AP2",0
"DUX4L15",0
"DUX4L29",0
"DUX4L21",0
"FOXI2",0
"DUX4L11",0
"YBX2P1",0
"DUX4L10",0
"PPIAP38",0
"DUX4L12",0
"HMGB3P8",0
"DUX4L22",0
"DUX4L13",0
"RPS26P39",0
"BTBD7P2",0
"GAPDHP45",0
"HMGB1P7",0
"RNU6-576P",0
"MIR6078",0
"RNU6-163P",0
"RNU6-889P",0
"MIR6072",0
"RNA5SP299",0
"RNA5SP300",0
"RNU6-1212P",0
"RNA5SP303",0
"MIR511",0
"RNU6-1141P",0
"MIR4480",0
"MIR4481",0
"RN7SKP219",0
"RNA5SP306",0
"RNU6-413P",0
"RNA5SP304",0
"MIR938",0
"RNU6-908P",0
"RNU6-632P",0
"RNU7-22P",0
"RN7SL398P",0
"RNU6-1118P",0
"RNA5SP312",0
"MIR605",0
"RNA5SP318",0
"RN7SKP196",0
"RNU6-543P",0
"RN7SL840P",0
"RNU6-325P",0
"RNU6-478P",0
"RN7SKP238",0
"RNA5SP322",0
"MIR346",0
"RNU6-129P",0
"MIR4678",0
"RNA5SP324",0
"RNU2-43P",0
"RN7SKP278",0
"RNA5SP326",0
"RNU5B-6P",0
"RNU6-463P",0
"RNU6-1165P",0
"MIR3663",0
"RNU6-839P",0
"MIR3158-1",0
"MIR3158-2",0
"MIR609",0
"RNU6-728P",0
"MIR378C",0
"LUZP4P1",0
"RNU6-15P",0
"LINC03089",0
"RPL9P21",0
"ANKRD1",0
"RNU6-740P",0
"RPL35AP24",0
"SLC9A3P3",0
"RN7SL591P",0
"ALDH7A1P4",0
"MIR4297",0
"EBF3-AS1",0
"MIR4675",0
"MTND1P21",0
"MRM3P1",0
"RNU6-490P",0
"RNU7-12P",0
"RPL7AP8",0
"RNU6-1274P",0
"MIR607",0
"HMGN2P35",0
"CALML3",0
"RN7SL445P",0
"RPL12P28",0
"RNA5SP323",0
"RAB11AP1",0
"RPSAP7",0
"MARCKSL1P1",0
"RNU11-3P",0
"MIR1307",0
"HDAC1P1",0
"RNU6-657P",0
"RN7SL754P",0
"ATP5MC1P8",0
"COX6CP15",0
"RNA5SP321",0
"KCNMA1-AS3",0
"RN7SL453P",0
"FAM25C",0
"NAPGP1",0
"RNU6-598P",0
"EEF1A1P39",0
"DNM1P17",0
"GOLGA2P6",0
"RN7SL241P",0
"MIR7162",0
"NIFKP1",0
"CCND3P1",0
"RN7SL63P",0
"SNRPGP12",0
"HMGB3P5",0
"RNU6-571P",0
"RNU6-883P",0
"SYNPO2L",0
"BMS1P4-AGAP5",0
"RNA5SP320",0
"C10orf71",0
"MSMB",0
"RPS15AP28",0
"MTCO2P23",0
"MTND1P20",0
"RNU6-666P",0
"RNU6-452P",0
"LINC02673",0
"TRIAP1P1",0
"RPL11P4",0
"RN7SL644P",0
"RPS25P9",0
"RNA5SP309",0
"SPTLC1P1",0
"RPS15AP5",0
"MTND4LP11",0
"RPL7AP53",0
"RNU6-687P",0
"MIR548F1",0
"BMS1P21",0
"ZNRF2P3",0
"DPY19L2P5",0
"C1DP3",0
"CABCOCO1",0
"RNU6-805P",0
"SNX19P4",0
"RNA5SP305",0
"RN7SKP241",0
"HNRNPA1P33",0
"NPY4R",0
"RNU6-697P",0
"MIR7152",0
"TPRX1P1",0
"RPS12P18",0
"SFTPA3P",0
"CYP2C58P",0
"RPL7AP52",0
"MTND4P20",0
"PAWRP1",0
"MIR1287",0
"MIR4682",0
"NACAP2",0
"RN7SL78P",0
"MIR608",0
"RPSAP10",0
"RN7SKP39",0
"RNU4ATAC6P",0
"RNU6-1067P",0
"RNU6-270P",0
"UTF1",0
"VENTX",0
"MIR202",0
"ZNF511-PRAP1",0
"BANF1P2",0
"PRAP1",0
"MIR3944",0
"HMGB1P50",0
"RNU1-19P",0
"SNCG",0
"BMS1P3",0
"AGAP11",0
"FAM25A",0
"RN7SL733P",0
"MIR6715B",0
"MIR6715A",0
"ARL6IP1P2",0
"RN7SL314P",0
"CEP57L1P1",0
"YY1P1",0
"PPIAP32",0
"RNA5SP301",0
"MIR107",0
"MIR5100",0
"RNU6ATAC11P",0
"RPL5P26",0
"RNU6-535P",0
"RN7SKP167",0
"MIR5699",0
"MIR7151",0
"RNU6-1250P",0
"RN7SL394P",0
"DNAJC19P1",0
"RNU6-523P",0
"POU5F1P5",0
"LBX1",0
"FAM25G",0
"LIPK",0
"FXYD4",0
"ZNF239",0
"RPL21P88",0
"MIR3157",0
"NPM1P25",0
"RPS26P40",0
"TLX1",0
"MED6P1",0
"MLDHR",0
"OR6L2P",0
"OR7M1P",0
"SYCE1",0
"RN7SKP202",0
"ATOH7",0
"LINC02640",0
"KRT19P4",0
"FXYD6P2",0
"RPL7P35",0
"RN7SKP288",0
"RNA5SP327",0
"MIR4680",0
"ADRA2A",0
"BMS1P7",0
"RPS6P14",0
"COX7BP6",0
"MIR3611",0
"MIR4679-2",0
"MIR4679-1",0
"RNU6-833P",0
"RNU1-65P",0
"GPR15LG",0
"LRIT1",0
"EBLN1",0
"RPL31P45",0
"COMMD3-BMI1",0
"RNU6-709P",0
"MIR2110",0
"AURKAP2",0
"RNU6-794P",0
"SYT15",0
"RN7SL248P",0
"RNU6-1244P",0
"MIR4483",0
"RNU7-165P",0
"MIR603",0
"RPL23P11",0
"ELOBP4",0
"RPL37P18",0
"SS18L2P1",0
"RNU6-847P",0
"RNU6-193P",0
"PRDX2P2",0
"RN7SL384P",0
"RPL36AP36",0
"UCMA",0
"RNA5SP302",0
"RPL32P23",0
"RNU6-1231P",0
"BORCS7-ASMT",0
"RPL22P17",0
"MIR936",0
"MIR4294",0
"LRRC18",0
"MTND4P19",0
"MTND1P18",0
"SPMIP5",0
"IMPDH1P5",0
"RN7SL284P",0
"H2AZP5",0
"RNU6-1090P",0
"NPY4R2",0
"NANOGP6",0
"RNU2-72P",0
"RNA5SP308",0
"NUTF2P5",0
"TPT1P10",0
"GAPDHP28",0
"HSD17B7P2",0
"CCNYL2",0
"BMS1P2",0
"FAM21FP",0
"FAM238C",0
"FAM25EP",0
"FAM25BP",0
"CFL1P1",0
"CTSLP3",0
"GLUD1P2",0
"CCNYL4",0
"AGAP12P",0
"PTPN20CP",0
"SHLD2P1",0
"FAM21EP",0
"GLUD1P3",0
"SEPTIN7P9",0
"BMS1P1",0
"SVIL-AS1",0
"MIR4295",0
"MIR4296",0
"MRPS21P6",0
"RN7SL847P",0
"MIX23P2",0
"FAM238A",0
"FAM238B",0
"RPL15P13",0
"RNU6-1121P",0
"LINC02626",0
"BUB1P1",0
"CLRN3",0
"C10orf62",0
"MIR6507",0
"ARL5AP2",0
"SPCS2P2",0
"RPL39P25",0
"HMGA1P5",0
"SPA17P1",0
"RN7SL518P",0
"RNU6-673P",0
"RNA5SP325",0
"RNU6-1095P",0
"RN7SL198P",0
"C10orf53",0
"RPS3AP37",0
"SNORD98",0
"PITX3",0
"LRRC37A6P",0
"PIPSL",0
"ZNF37BP",0
"PHACTR2P1",0
"BEND3P1",0
"MBL1P",0
"GUCY2GP",0
"FRMPD2B",0
"SPADH",0
"DUSP13B",0
"DUSP13A",0
"C10orf120",0
"C10orf88B",0
"RNA5SP315",0
"RSU1P1",0
"RNU6-885P",0
"RPS12P2",0
"ZNF519P1",0
"RPS7P9",0
"RPS27P18",0
"ALDOAP2",0
"MIR4484",0
"RNU2-42P",0
"GNG10P1",0
"FANK1-AS1",0
"SPRING1P1",0
"UQCRHP3",0
"ELOCP30",0
"GJD4",0
"MIR4683",0
"LINC00842",0
"CUX2P1",0
"LINC02622",0
"CEP164P1",0
"RSU1P2",0
"ANKRD54P1",0
"MIR3156-1",0
"RNU6-1207P",0
"OR6D1P",0
"RNU6-441P",0
"MTND5P42",0
"MARK2P16",0
"ATE1OSP",0
"SELENOOLP",0
"RNU6-1075P",0
"RNU2-18P",0
"JMJD1C-AS2",0
"JAKMIP3-AS1",0
"SLIT1-AS1",0
"ZNF503-AS2",0
"LINC00709",0
"LINC02651",0
"LINC02670",0
"LINC02881",0
"PLCE1-AS1",0
"C10orf71-AS1",0
"LINC01264",0
"LINC00845",0
"SLC18A2-AS1",0
"LINC02647",0
"NRG3-AS1",0
"ADARB2-AS1",0
"C10orf67-AS1",0
"CSGALNACT2-DT",0
"SORCS3-AS1",0
"LINC03029",0
"HSPA12A-AS1",0
"LINC03068",0
"LINC01166",0
"LBX1-AS1",0
"CERNA2",0
"BEND7-DT",0
"LINC02665",0
"KCNIP2-AS1",0
"DLG5-AS1",0
"LINC02630",0
"LINC02652",0
"ARL4AP3",0
"AKR1C7P",0
"UCN3",0
"LINC02668",0
"FRMD4A-AS1",0
"PABPC1P8",0
"CTSLP1",0
"DUSP8P1",0
"PPIAP39",0
"RPL23AP60",0
"TRAF6P1",0
"NPM1P30",0
"SHLD2P3",0
"RHEBP2",0
"AGAP7P",0
"CTSLP6",0
"C1DP2",0
"C1DP4",0
"ORMDL1P1",0
"RHEBP1",0
"AKR1C6P",0
"OR7E26P",0
"DCLRE1CP1",0
"PFN1P11",0
"FAF2P1",0
"CTSLP4",0
"CUBNP3",0
"ANKRD30BP3",0
"RPL12P27",0
"RPL26P28",0
"FAM138D",0
"KCNA5",0
"OR7E149P",0
"OR7E140P",0
"GAPDHP31",0
"CLEC9A",0
"OR7E148P",0
"RPL7P40",0
"HNRNPABP1",0
"RPSAP51",0
"PRB2",0
"RPL21P100",0
"HIGD1AP8",0
"GYS2",0
"CLEC6A",0
"TIMM17BP1",0
"EGLN3P1",0
"NANOGNB",0
"RPL7AP74",0
"SPMIP11",0
"AK6P2",0
"TUBB8P4",0
"KRT126P",0
"MTND2P17",0
"GAPDHP44",0
"NF1P12",0
"LINC02461",0
"BTBD10P1",0
"RSL24D1P5",0
"MTND1P24",0
"HNRNPA1P69",0
"ARL2BPP2",0
"LNCHR1",0
"SPIC",0
"SNRPGP20",0
"KRT1",0
"LINC02426",0
"PPFIA2-AS1",0
"RPL23AP68",0
"SZRD1P1",0
"PIGAP1",0
"LINC00615",0
"RPL21P106",0
"HAUS8P1",0
"MYF6",0
"DYNLL1P4",0
"GLULP5",0
"CYCSP30",0
"RPL13AP21",0
"ADGRD1-AS1",0
"MYF5",0
"RPL23AP67",0
"SETP7",0
"LGR5",0
"PRXL2AP1",0
"KRT18P60",0
"PRELID2P1",0
"VPS51P3",0
"RPS6P20",0
"KRT18P20",0
"RPS26P45",0
"SLC17A8",0
"LINC02460",0
"RPL17P37",0
"LINC02393",0
"TBX3",0
"ANHX",0
"RNU6-275P",0
"RN7SKP161",0
"RNU7-60P",0
"RNU6-837P",0
"RNU6-545P",0
"MIR3974",0
"RN7SL38P",0
"RNU6-318P",0
"RNA5SP357",0
"RNA5SP360",0
"RNA5SP356",0
"RNA5SP358",0
"RNA5SP359",0
"RNU6-472P",0
"MIR1293",0
"RNU6-1093P",0
"RNU6-333P",0
"RNU6-400P",0
"RNU6-871P",0
"RNU6-279P",0
"RNU4-20P",0
"MIR1228",0
"RNU1-83P",0
"MIR6125",0
"RN7SL804P",0
"RNU6-769P",0
"MIR6757",0
"RNU6-238P",0
"RN7SKP172",0
"MIR3913-1",0
"RN7SL737P",0
"MIR3913-2",0
"RNU7-4P",0
"MIR617",0
"MIR618",0
"MIR4699",0
"MIR5700",0
"RNU6-768P",0
"RN7SL88P",0
"RN7SL483P",0
"RNA5SP367",0
"RNU6-1183P",0
"RNU5E-5P",0
"RNU4-41P",0
"RNA5SP369",0
"MIR7844",0
"RN7SL330P",0
"MIR4303",0
"RNU6-101P",0
"RNA5SP368",0
"RNU6-172P",0
"RNU6-36P",0
"RNU6-1068P",0
"RNU6-247P",0
"MIR4472-2",0
"RN7SKP11",0
"RNA5SP374",0
"RN7SL865P",0
"RNA5SP372",0
"RNA5SP376",0
"MIR3612",0
"RNU6-717P",0
"RN7SL508P",0
"MIR3922",0
"MIR3649",0
"LINC00940",0
"CACNA1C-IT1",0
"RN7SKP216",0
"TBX5",0
"RNU6-879P",0
"MIR6758",0
"ARHGEF25",0
"B4GALNT1",0
"MIR6759",0
"RNU6-1083P",0
"MTCH2P2",0
"IL31",0
"PPIAP8",0
"RNU6-485P",0
"RNU4-65P",0
"RN7SL441P",0
"RNU6-399P",0
"MIRLET7I",0
"RPL32P26",0
"NDFIP1P1",0
"ZKSCAN7P1",0
"CAPZA3",0
"EPYC",0
"RPL11P5",0
"RNU6-600P",0
"RNU6-940P",0
"RNU6-781P",0
"RN7SL380P",0
"RNU7-1",0
"MIR200C",0
"MIR141",0
"SCARNA12",0
"RN7SL734P",0
"RNU6-1271P",0
"FGF23",0
"TAC3",0
"LINC02354",0
"MIR6505",0
"MIR3908",0
"RPL27P12",0
"REP15",0
"HMGB1P49",0
"RN7SKP15",0
"MIR6074",0
"RNA5SP362",0
"ATP5MFP5",0
"RN7SL391P",0
"MIR4496",0
"RNU7-169P",0
"RNA5SP353",0
"RNU6-590P",0
"RNU4-67P",0
"TUBB4BP1",0
"RNU4-32P",0
"RN7SKP250",0
"HCAR2",0
"MIR4304",0
"ANKRD33",0
"RNU6-574P",0
"OR10AE3P",0
"PSMB3P1",0
"RNU6-558P",0
"HRK",0
"OR6C70",0
"OR6C64P",0
"MIR3198-2",0
"RN7SL390P",0
"RNU6-950P",0
"MIR148B",0
"RN7SL744P",0
"SCARNA10",0
"SCARNA11",0
"MIR7851",0
"RN7SKP197",0
"MIR1178",0
"RPL35AP30",0
"RNU6-1009P",0
"RNU5A-7P",0
"RASSF3-DT",0
"RERGL",0
"RNU6ATAC42P",0
"RNU6-166P",0
"APOOP3",0
"RNU6-927P",0
"RPL35AP29",0
"RNA5SP377",0
"RPS6P21",0
"RNU6-1017P",0
"MIR6763",0
"LRCOL1",0
"RNA5SP379",0
"MIR3652",0
"RN7SKP261",0
"OASL2P",0
"PPDPFP2",0
"MESDP1",0
"RNU6-494P",0
"RN7SL387P",0
"C1QL4",0
"MIR6762",0
"MIR4701",0
"RNA5SP375",0
"MIR8072",0
"MIR6502",0
"RN7SKP166",0
"OSBPL9P5",0
"OSBPL9P4",0
"RAB11AP2",0
"MIR492",0
"MIR613",0
"RN7SL769P",0
"H3P35",0
"CHCHD3P2",0
"OR6C7P",0
"OR6C75",0
"OR6C76",0
"OR6C69P",0
"OR6C72P",0
"OR6C5P",0
"ANP32D",0
"RPS10P20",0
"LALBA",0
"NEUROD4",0
"OR9K2",0
"MIR614",0
"RNA5SP366",0
"MIR3657",0
"RPL7AP60",0
"IQSEC3P1",0
"RPL17P38",0
"ASCL4",0
"ATF7-NPFF",0
"RPL31P51",0
"BRI3P2",0
"RPS15AP32",0
"MIR7106",0
"IFT57P1",0
"RNU4-54P",0
"KRT3",0
"RPL7P41",0
"SMCO3",0
"OR10P1",0
"RN7SKP134",0
"MIR4700",0
"CCNG2P1",0
"TMT1B",0
"RPS27P24",0
"MIR26A2",0
"MIR4498",0
"RPS20P31",0
"RNU6-700P",0
"GOT2P3",0
"NPM1P7",0
"RNU6-327P",0
"PTP4A1P2",0
"PPIAP44",0
"RNU6-618P",0
"RNU5F-4P",0
"RPL31P50",0
"GAU1",0
"RNU6-1273P",0
"RN7SL519P",0
"HIGD1C",0
"POU5F1P3",0
"GCSHP4",0
"ZNF705A",0
"ZNF75BP",0
"TMT1AP1",0
"KRT84",0
"KRT82",0
"KRT128P",0
"TAS2R7",0
"TAS2R8",0
"MIR4698",0
"MIR4494",0
"MIR6880",0
"RNU6-834P",0
"POLR2KP1",0
"HIGD1AP9",0
"HOXC11",0
"HOXC10",0
"HOXC6",0
"MIR196A2",0
"HOXC9",0
"MIR615",0
"RNU7-103P",0
"RNU6-1315P",0
"TEAD4",0
"RNU6-174P",0
"OR8S1",0
"OR5BS1P",0
"TAS2R10",0
"SNORA49",0
"HNRNPA1P70",0
"IL22",0
"HOXC5",0
"TAS2R50",0
"TAS2R19",0
"SLC6A12",0
"MIR920",0
"KNOP1P1",0
"RN7SL793P",0
"MIR1252",0
"DSTNP2",0
"OR6U2P",0
"OR6C71P",0
"OR6C66P",0
"DEFB109F",0
"FAM86FP",0
"OR7E47P",0
"KRT87P",0
"KRT89P",0
"EP400P1",0
"TAS2R64P",0
"RERG-IT1",0
"METTL8P1",0
"RNA5SP365",0
"MREGP1",0
"PRPH",0
"RNU6-1088P",0
"PLA2G1B",0
"RNU1-146P",0
"PHB1P18",0
"OR5BK1P",0
"OR5BT1P",0
"OR5BJ1P",0
"OR8S21P",0
"OR8T1P",0
"OR10AD1",0
"H1-7",0
"RPL21P99",0
"AK3P6",0
"NLRP9P1",0
"TMEM132D-AS2",0
"TAS2R42",0
"PRB3",0
"AQP2",0
"AQP6",0
"ELOCP32",0
"LDHAL6CP",0
"MKRN9P",0
"SLC9A7P1",0
"RPL13P5",0
"RPSAP52",0
"RPL22P19",0
"KRT19P2",0
"HTR7P1",0
"PHB1P19",0
"RPL30P11",0
"PGAM1P5",0
"CBX3P4",0
"PAFAH1B2P2",0
"RPS27P25",0
"SLC26A10P",0
"OR9K1P",0
"CLECL1P",0
"MRPS18CP4",0
"RNU6-491P",0
"RPL30P12",0
"SMIM41",0
"MIR6760",0
"RNA5SP373",0
"RNU6-1329P",0
"DPPA3P5",0
"TTC41P",0
"HOXC-AS2",0
"GLYCAM1",0
"CACNA1C-AS4",0
"CACNA1C-AS3",0
"RNU1-149P",0
"RPS27P22",0
"LINC02566",0
"DCD",0
"VDAC1P5",0
"OR10A7",0
"OR6C65",0
"RN7SKP65",0
"RNU7-120P",0
"RNU6-977P",0
"RPL6P25",0
"RNU1-117P",0
"SLCO1B3-SLCO1B7",0
"SLCO1B7",0
"MIR1251",0
"RPL21P103",0
"RN7SKP262",0
"MIR4302",0
"RNA5SP354",0
"RNA5SP361",0
"MARK3P1",0
"SNORA2A",0
"RN7SKP289",0
"IFITM3P6",0
"STBD1P1",0
"SLC25A39P2",0
"KLRA1P",0
"HSPE1P12",0
"MIR6761",0
"ADAM1A",0
"ADAM1B",0
"SLC25A3P2",0
"MIR619",0
"RNU6-361P",0
"RNU7-94P",0
"RPL31P48",0
"RNU6-1012P",0
"LINC02394",0
"VENTXP3",0
"GOLGA2P5",0
"RN7SL176P",0
"LINC02448",0
"LINC01486",0
"HOXC-AS3",0
"LINC02439",0
"LINC02441",0
"SLC6A12-AS1",0
"TMEM132D-AS1",0
"LINC02417",0
"IQSEC3-AS2",0
"AQP5-AS1",0
"LINC02425",0
"HOTAIR",0
"LINC02408",0
"ETNK1-DT",0
"LINC02385",0
"FIGNL2-DT",0
"LRRK2-DT",0
"CACNA1C-IT3",0
"SNRPF-DT",0
"CPNE8-AS1",0
"MSRB3-AS1",0
"LINC02445",0
"LINC02963",0
"LINC02424",0
"CISTR",0
"LINC02403",0
"LINC02442",0
"PITPNM2-AS1",0
"LINC02368",0
"TBX5-AS1",0
"CHFR-DT",0
"LINC02371",0
"LINC02972",0
"LINC02258",0
"LINC01257",0
"LINC02825",0
"FAM32EP",0
"NDUFA5P6",0
"LINC02824",0
"LINC02372",0
"HSPE1P20",0
"LINC02376",0
"RNU1-104P",0
"COPS5P2",0
"CLLU1-AS1",0
"DDX12P",0
"NIFKP3",0
"WASH8P",0
"TUBB8P5",0
"ZNF970P",0
"VTI1BP3",0
"RPL7AP9",0
"RPL10P13",0
"YWHAQP7",0
"KRT17P8",0
"BTG1P1",0
"RPL36P15",0
"OOEPP2",0
"RPL7P38",0
"RPL13AP20",0
"ALG1L10P",0
"PPIAP45",0
"BRWD1P2",0
"GNAI2P1",0
"EEF1B2P4",0
"NACAP8",0
"PCNPP3",0
"STMN1P1",0
"LSP1P1",0
"HSPD1P9",0
"C1QTNF9-AS1",0
"MTCO3P2",0
"RPS20P32",0
"RPS21P8",0
"CHCHD2P11",0
"TIMM9P3",0
"LINC00457",0
"MTUS2-AS2",0
"ZNF646P1",0
"RPP40P2",0
"GAMTP2",0
"GNG5P5",0
"FREM2-AS1",0
"POLR3KP1",0
"SLC25A5P4",0
"PRR20FP",0
"ELL2P3",0
"LINC00374",0
"RPL37P21",0
"RPL12P34",0
"HMGN2P39",0
"PLA2G12AP2",0
"COX4I1P2",0
"FGFR1OP2P1",0
"NIPA2P5",0
"RPL31P53",0
"RPL21P111",0
"PRR20B",0
"VDAC1P12",0
"RPS3AP52",0
"LINC00333",0
"PRR20D",0
"PRR20E",0
"MTND4P1",0
"MTCO2P3",0
"RPL31P54",0
"BCAS2P3",0
"RABEPKP1",0
"OLFM4",0
"ARF4P3",0
"PRR20A",0
"LINC01078",0
"SNRPFP3",0
"SRSF1P1",0
"SP3P",0
"RPS12P24",0
"HIGD1AP2",0
"HNRNPA1P31",0
"ELOCP23",0
"MTND5P3",0
"VENTXP2",0
"ATP6V1G1P7",0
"ARF4P4",0
"SRGNP1",0
"GAPDHP34",0
"SCEL-AS1",0
"FTLP8",0
"ZDHHC4P1",0
"PEX12P1",0
"PRR20C",0
"TCEAL4P1",0
"NUS1P4",0
"SLITRK6",0
"NUS1P3",0
"SOX1",0
"CALM2P4",0
"RPL7AP61",0
"AKR1B1P4",0
"RIOK3P1",0
"LINC01043",0
"RPL7L1P1",0
"NALF1",0
"TRIM60P13",0
"AZU1P1",0
"MOB1AP1",0
"TIMM8BP1",0
"MLNR",0
"GRPEL2P1",0
"KMT5AP1",0
"MIR4499",0
"RNU5A-4P",0
"RNA5SP26",0
"RNU6-56P",0
"RN7SKP1",0
"RNY3P9",0
"RN7SKP2",0
"RNA5SP27",0
"RN7SL618P",0
"MIR5007",0
"RN7SKP6",0
"RNA5SP30",0
"RNY4P29",0
"MIR3169",0
"RNU7-88P",0
"RNY3P5",0
"RN7SL375P",0
"RNY1P8",0
"RNU4-10P",0
"RNU6-66P",0
"RNY3P10",0
"RN7SL571P",0
"RNA5SP33",0
"RNU6-61P",0
"RNY3P7",0
"RNU6-77P",0
"RNY3P3",0
"RNU6-38P",0
"RNU6-67P",0
"SNORD31B",0
"MIR1267",0
"RNA5SP38",0
"NME1P1",0
"IPMKP1",0
"RFESDP1",0
"BASP1P1",0
"HMGA1P6",0
"RNY3P4",0
"RNU6-58P",0
"TATDN2P3",0
"LINC00352",0
"MIR15A",0
"RPL34P26",0
"RNA5SP28",0
"RNA5SP29",0
"PRELID3BP2",0
"MIR5693",0
"IPO7P2",0
"NDE1P2",0
"SMAD9-IT1",0
"LAMTOR3P1",0
"RPL29P28",0
"EIF4A1P5",0
"CTAGE3P",0
"RN7SKP5",0
"ABITRAMP1",0
"RNU2-6P",0
"RNU6-68P",0
"PPP1R2P4",0
"OR7E101P",0
"FKBP1AP3",0
"LINC00555",0
"BIVM-ERCC5",0
"POLR2KP2",0
"RN7SKP9",0
"SNORA31B",0
"HCFC2P1",0
"RNY4P28",0
"TARDBPP2",0
"RNA5SP31",0
"EIF4A1P6",0
"RNU6-71P",0
"PSMC1P13",0
"MIR3168",0
"MORF4L1P4",0
"RAC1P3",0
"RNU6-57P",0
"MIR5006",0
"RN7SL515P",0
"RNU6-74P",0
"RPS28P8",0
"PSMA6P4",0
"LINC00556",0
"GJB2",0
"SLC35E1P1",0
"RNU2-7P",0
"RANP8",0
"PPIAP27",0
"RNU4-9P",0
"RNU6-78P",0
"RN7SL741P",0
"EEF1DP3",0
"SCAND3P1",0
"PHB1P13",0
"RNY4P30",0
"RNY4P9",0
"UTP14C",0
"THSD1P1",0
"RN7SL320P",0
"SNRPGP11",0
"MIR4703",0
"RNU6-65P",0
"PRUNE1P1",0
"THAP12P6",0
"ARHGEF7-IT1",0
"BTF3P11",0
"ATP11AUN",0
"RNY4P24",0
"HNRNPA1L2",0
"LINC00554",0
"NDUFA12P1",0
"ASNSP3",0
"NPM1P4",0
"GSX1",0
"RNU6-73P",0
"PDX1",0
"CFL1P8",0
"RN7SL766P",0
"MIR8075",0
"CCNQP3",0
"SLC25A15P2",0
"MRPS31P2",0
"ESRRAP1",0
"GOLM2P1",0
"LINC02339",0
"RAC1P8",0
"LINC01074",0
"RPL32P28",0
"SQSTM1P1",0
"RNU6-81P",0
"LGMNP1",0
"STARP1",0
"MIR548X2",0
"MIR4704",0
"TRIM60P19",0
"RNU6-53P",0
"C1QTNF9",0
"PCDH20",0
"IRX1P1",0
"RNY1P7",0
"RPL26P34",0
"MIR548AR",0
"CLCP2",0
"RNU6-83P",0
"RPS6P23",0
"RN7SKP7",0
"RNY1P5",0
"KARS1P2",0
"ATP4B",0
"ANKRD20A19P",0
"SPACA7BP",0
"LINC00431",0
"TPTE2P3",0
"OR7E156P",0
"OR7E104P",0
"MRPS31P5",0
"TPTE2P1",0
"SPTLC1P5",0
"RN7SL810P",0
"TOMM22P3",0
"STARD13-IT1",0
"MIR759",0
"LONRF2P2",0
"LINC00388",0
"FEM1AP4",0
"LINC00387",0
"GXYLT1P1",0
"ZNF965P",0
"SNX18P26",0
"LINC00328-2P",0
"RHOT1P3",0
"RNU6-55P",0
"SNX19P2",0
"USP24P1",0
"RNA5SP24",0
"RPL21P109",0
"RPL35AP31",0
"RPS10P21",0
"RNU1-24P",0
"HMGB3P7",0
"RNY1P2",0
"MIR4705",0
"RPL39P29",0
"CHCHD2P8",0
"RN7SL49P",0
"RN7SKP3",0
"RPL23AP69",0
"MIR623",0
"HMGB3P4",0
"CCR12P",0
"CCDC169-SOHLH2",0
"LINC00558",0
"MIR1297",0
"MIR621",0
"MAB21L1",0
"SMARCE1P5",0
"RNA5SP34",0
"KRT18P27",0
"MIR622",0
"RNU6-75P",0
"BRK1P2",0
"GPC6",0
"GPC6-AS2",0
"RNA5SP35",0
"GPC6-AS1",0
"RNA5SP36",0
"RN7SL585P",0
"LINC00557",0
"RNU6-62P",0
"RNY4P27",0
"MEMO1P5",0
"HMGN1P24",0
"RN7SL164P",0
"MIR4501",0
"AMMECR1LP1",0
"TPTE2P2",0
"RPL21P107",0
"H2ACP1",0
"TUBA3C",0
"GPC5",0
"RNU4ATAC3P",0
"FABP5P4",0
"GPC5-IT1",0
"MIR548AS",0
"GPC5-AS1",0
"PTMAP5",0
"PCDH8P1",0
"ARL2BPP3",0
"LINC00367",0
"RPS4XP16",0
"ESRRAP2",0
"GUCY1B2",0
"CDX2",0
"URAD",0
"RN7SL272P",0
"CYCSP33",0
"TPTE2P6",0
"PSPC1P2",0
"MYO16-AS2",0
"LINC01067",0
"RPL35P9",0
"CLYBL-AS2",0
"LINC00373",0
"RPL29P29",0
"LINC00330",0
"MEDAG",0
"TEX26",0
"RNU6-63P",0
"RPL21P108",0
"LINC00347",0
"RNF113B",0
"RN7SKP8",0
"MIR3170",0
"LINC00552",0
"ARHGEF7-AS1",0
"RN7SKP10",0
"RN7SL783P",0
"MIR8073",0
"TXNL1P1",0
"LIN28AP2",0
"MIR4500",0
"TET1P1",0
"MIR17",0
"MIR18A",0
"MIR19A",0
"MIR20A",0
"MIR19B1",0
"MIR92A1",0
"MIR4305",0
"RNY4P14",0
"SNORD102",0
"SNORA27",0
"RNU6-70P",0
"LINC00442",0
"LINC01075",0
"LINC00404",0
"LINC01046",0
"F10-AS1",0
"LINC00399",0
"LINC02344",0
"LINC00564",0
"LINC00434",0
"LINC00572",0
"GAS6-DT",0
"ARHGEF7-AS2",0
"LINC01049",0
"LINC00297",0
"LINC00430",0
"LINC00411",0
"LINC00359",0
"HTR2A-AS1",0
"LINC00380",0
"LINC00379",0
"LINC01066",0
"FGF14-AS2",0
"LINC01076",0
"LINC01053",0
"LINC00384",0
"LINC00423",0
"FGF14-AS1",0
"LINC00354",0
"CLYBL-AS1",0
"LINC01047",0
"LINC00364",0
"LINC00391",0
"LINC00543",0
"LINC00445",0
"LINC00566",0
"LINC00433",0
"STK24-AS1",0
"SACS-AS1",0
"PCDH9-AS1",0
"RNU7-87P",0
"PCDH9-AS2",0
"LINC03032",0
"IGSF3P1",0
"PRDX3P3",0
"BCRP9",0
"COX7CP1",0
"PWWP2AP1",0
"OR7E33P",0
"OGFOD1P1",0
"RPL7AP73",0
"NUS1P2",0
"OR7E36P",0
"OR7E155P",0
"PPIAP28",0
"SLC25A15P3",0
"GAPDHP52",0
"PPP1R2P10",0
"GAPDHP22",0
"PPIAP26",0
"CYP4F34P",0
"PSPC1P1",0
"PPIAP25",0
"ATP5MC1P5",0
"ANKRD26P3",0
"BNIP3P6",0
"TRAJ60",0
"TRDD1",0
"TRAJ59",0
"TRAJ61",0
"TRDJ4",0
"TRDD2",0
"KRT8P2",0
"GLRX5P3",0
"LINC02307",0
"KRT8P1",0
"TRAJ51",0
"RPS3AP46",0
"PSMA3P1",0
"EIF1AXP2",0
"RPL17P2",0
"SALRNA1",0
"PARP1P2",0
"NCOA4P1",0
"GTF3AP2",0
"RPL9P6",0
"OR7E159P",0
"FKBP1BP1",0
"RAB42P1",0
"UBA52P3",0
"CYB5AP5",0
"MTCYBP27",0
"EEF1A1P2",0
"SSTR1",0
"CKS1BP1",0
"MTND4P33",0
"OR7K1P",0
"IGHVIII-16-1",0
"IGHVII-15-1",0
"IGHV3-37",0
"IGHV7-34-1",0
"IGHVIII-11-1",0
"IGHV1-17",0
"PEBP1P1",0
"IGHV7-27",0
"IGHV3-33-2",0
"GLRXP2",0
"IGHVIII-25-1",0
"IGHVIII-38-1",0
"SLC20A1P2",0
"IGHV5-10-1",0
"IGHVII-33-1",0
"IGHVIII-13-1",0
"HOMER2P2",0
"TRAJ46",0
"RNU6-458P",0
"RNU1-27P",0
"MIR3171",0
"RNU6-301P",0
"MIR5580",0
"MIR4708",0
"RN7SL598P",0
"RN7SKP99",0
"MIR5586",0
"RNU1-28P",0
"RNU6-552P",0
"RNU6-976P",0
"MIR4709",0
"RNU7-30P",0
"SNORA11B",0
"RN7SKP107",0
"RN7SKP255",0
"RN7SL714P",0
"OR6E1P",0
"CMTM5",0
"BRD7P1",0
"LINC00596",0
"LINC02287",0
"CHGA",0
"RPL36AP4",0
"COX6CP11",0
"LINC02914",0
"SNRPGP1",0
"ZFP64P1",0
"RNU6-689P",0
"HIF1AP1",0
"RNU4ATAC14P",0
"SERPINA3",0
"RNU6ATAC9P",0
"MIR4308",0
"OR4U1P",0
"OR4L1",0
"RNA5SP380",0
"GTF2IP22",0
"OR11G1P",0
"OR11H6",0
"SNORD126",0
"RPPH1",0
"RNA5SP382",0
"PTCD2P1",0
"SETP1",0
"OR6S1",0
"RNASE4",0
"EDDM3DP",0
"EDDM3A",0
"RNASE2",0
"RN7SL189P",0
"SLC39A2",0
"MIR6717",0
"RNASE8",0
"SMARCE1P3",0
"HMGB3P26",0
"RPSAP5",0
"RPL17P4",0
"CEND1P1",0
"LINC02280",0
"MIR4710",0
"RNU4-22P",0
"RNU4-92P",0
"RNU6-597P",0
"RNU7-116P",0
"MIR2392",0
"MIR770",0
"MIR337",0
"MIR431",0
"MIR433",0
"MIR127",0
"MIR432",0
"MIR136",0
"SNORD112",0
"MIR370",0
"SNORD113-1",0
"SNORD113-2",0
"SNORD113-3",0
"SNORD113-4",0
"SNORD113-5",0
"SNORD113-6",0
"SNORD113-7",0
"SNORD113-8",0
"SNORD113-9",0
"SNORD114-1",0
"SNORD114-2",0
"SNORD114-3",0
"SNORD114-4",0
"SNORD114-5",0
"SNORD114-6",0
"SNORD114-7",0
"SNORD114-9",0
"SNORD114-10",0
"SNORD114-11",0
"SNORD114-12",0
"SNORD114-13",0
"SNORD114-14",0
"SNORD114-15",0
"SNORD114-16",0
"SNORD114-17",0
"SNORD114-18",0
"SNORD114-19",0
"SNORD114-20",0
"SNORD114-21",0
"SNORD114-22",0
"SNORD114-23",0
"SNORD114-24",0
"SNORD114-25",0
"SNORD114-26",0
"SNORD114-27",0
"SNORD114-28",0
"SNORD114-29",0
"SNORD114-30",0
"MIR379",0
"MIR299",0
"MIR380",0
"MIR1197",0
"MIR323A",0
"MIR758",0
"MIR329-1",0
"MIR329-2",0
"MIR494",0
"MIR1193",0
"MIR495",0
"MIR376C",0
"MIR376A2",0
"MIR654",0
"MIR376B",0
"MIR376A1",0
"MIR300",0
"MIR1185-1",0
"MIR1185-2",0
"MIR381",0
"MIR487B",0
"MIR539",0
"MIR544A",0
"MIR655",0
"MIR487A",0
"MIR382",0
"MIR134",0
"MIR668",0
"MIR485",0
"MIR323B",0
"MIR496",0
"MIR377",0
"MIR541",0
"MIR409",0
"MIR412",0
"MIR369",0
"MIR410",0
"MIR656",0
"RNU6-1268P",0
"SSBP3P5",0
"OR4H12P",0
"OR4N1P",0
"OR4K6P",0
"DHRS4L1",0
"MIR7703",0
"RNA5SP383",0
"NEDD8-MDP1",0
"TGM1",0
"SNORD8",0
"EIF4EBP1P1",0
"RN7SL650P",0
"RNU6-366P",0
"HSBP1P1",0
"HNRNPCP1",0
"RBBP4P5",0
"OR10G1P",0
"GPRASP3P1",0
"RPL17P3",0
"SNORA79",0
"UNGP3",0
"RNA5SP387",0
"RNA5SP386",0
"RN7SL369P",0
"RPL21P9",0
"RN7SL213P",0
"RNU7-93P",0
"PHKBP2",0
"NKX2-8",0
"IGHV7-40",0
"IGHVII-40-1",0
"IGHVII-43-1",0
"IGHVIII-44",0
"IGHVII-44-2",0
"IGHVII-46-1",0
"IGHVIII-47-1",0
"IGHVII-49-1",0
"IGHV3-50",0
"IGHV5-51",0
"IGHVII-51-2",0
"IGHVII-53-1",0
"IGHV7-56",0
"IGHV3-57",0
"IGHV1-58",0
"RPS26P49",0
"CMA1",0
"FXNP1",0
"RNA5SP388",0
"RPS26P48",0
"RNU6-921P",0
"MAGOH3P",0
"HMGN1P3",0
"RPS29P1",0
"SYF2P1",0
"UBE2CP1",0
"RPL12P5",0
"BDKRB2",0
"RN7SKP193",0
"SYNJ2BP-COX16",0
"RNU2-51P",0
"ADAM21",0
"RNU6-659P",0
"RN7SL77P",0
"EGLN3-AS1",0
"RN7SKP108",0
"RPL7AP4",0
"ABI1P1",0
"RN7SL706P",0
"RPL7AP5",0
"RPLP0P3",0
"RPS3AP4",0
"KRT18P6",0
"INSM2",0
"NUTF2P2",0
"ILF2P2",0
"OR4K14",0
"OR4K13",0
"NF1P4",0
"CHURC1-FNTB",0
"MIR4706",0
"ZDHHC22",0
"FAM204DP",0
"MIR1260A",0
"RN7SKP92",0
"RNU6-864P",0
"RNU11-5P",0
"MIR7855",0
"MIR624",0
"OR11H4",0
"HIGD1AP17",0
"LINC02329",0
"MIR7843",0
"OR11G2",0
"NGB",0
"RNASE3",0
"TRAV9-1",0
"TRAV11",0
"TRAV8-5",0
"TRAV15",0
"TRAV8-7",0
"TRAV28",0
"TRAV31",0
"TRAV32",0
"TRAV33",0
"TRAV37",0
"TRAV40",0
"ATP6V1G1P1",0
"IGHJ2P",0
"IGHD7-27",0
"IGHJ1P",0
"IGHD1-26",0
"IGHD6-25",0
"IGHD5-24",0
"IGHD3-22",0
"IGHD2-21",0
"IGHD1-20",0
"IGHD6-19",0
"IGHD5-18",0
"IGHD4-17",0
"IGHD3-16",0
"IGHD2-15",0
"IGHD1-14",0
"IGHD6-13",0
"IGHD5-12",0
"IGHD4-11",0
"IGHD2-8",0
"IGHD1-7",0
"IGHD6-6",0
"IGHD5-5",0
"IGHD4-4",0
"IGHD2-2",0
"IGHD1-1",0
"IGHVII-1-1",0
"IGHVIII-5-2",0
"RNA5SP389",0
"IGHVII-60-1",0
"IGHVII-62-1",0
"IGHVII-65-1",0
"SLC20A1P1",0
"IGHVIII-67-2",0
"IGHVIII-67-3",0
"IGHV1-68",0
"IGHV1-69",0
"IGHV2-70D",0
"IGHV2-70",0
"IGHV3-75",0
"IGHVIII-76-1",0
"IGHVII-78-1",0
"IGHV4-80",0
"IGHVIII-82",0
"CCDC197",0
"RPL36AP1",0
"RNU6-1204P",0
"MIR6765",0
"H1-8P2",0
"VASH1-DT",0
"RN7SL356P",0
"LRRC74A",0
"RN7SL530P",0
"VRTN",0
"SUB1P2",0
"STK16P1",0
"RNU6ATAC30P",0
"RN7SL2",0
"RNU6-189P",0
"MIR6076",0
"PDLIM1P1",0
"MRPL57P8",0
"OR4K15",0
"NT5CP2",0
"NDUFB8P1",0
"RNU6-240P",0
"RNU6-273P",0
"RNU6-886P",0
"COX8C",0
"RNU6-1258P",0
"PRIMA1",0
"RPL21P6",0
"MIR4503",0
"MIR208A",0
"MIR208B",0
"RNU6-1277P",0
"SNORD127",0
"RNASE12",0
"RNU1-47P",0
"RD3L",0
"RN7SL634P",0
"MIR203A",0
"RNU6-1291P",0
"MIR1247",0
"RN7SL586P",0
"RNU6-419P",0
"MIR4707",0
"RNU6-244P",0
"MIR4309",0
"RN7SL546P",0
"RPL23AP11",0
"TMEM253",0
"RNA5SP384",0
"RPL32P29",0
"BCL2L2-PABPN1",0
"RNU6-398P",0
"RNU6-835P",0
"NEK2P1",0
"NF1P7",0
"RNU6-1239P",0
"NBEAP5",0
"OR11H13P",0
"CDRT15P13",0
"NBEAP6",0
"TOMM40P1",0
"MIR6764",0
"MIR345",0
"SLC25A47",0
"SERPINA2",0
"ZFAND2AP2",0
"H3P37",0
"SERPINA13P",0
"OR4K16P",0
"OR11H5P",0
"DPPA3P2",0
"ADAM20P1",0
"ADAM6",0
"MED15P1",0
"BMS1P17",0
"OR4K3",0
"OR4K5",0
"IL25",0
"RN7SKP21",0
"IGHD3-10",0
"DIO3",0
"RPA2P1",0
"RPS15AP3",0
"MIR548Y",0
"OR11H2",0
"MIR4506",0
"RNU2-14P",0
"RPL36AP2",0
"RPPH1-2P",0
"RNASE9",0
"RPL13AP3",0
"NDUFB4P11",0
"RAP2CP1",0
"MED15P6",0
"BNIP3P1",0
"DUXAP9",0
"ADAM21P1",0
"SERTAD4BP",0
"SRP54-AS1",0
"RNASE11",0
"RRAGAP1",0
"LINC02294",0
"MIR4307",0
"MIR3171HG",0
"RNU6-455P",0
"EIF4BP1",0
"YWHAZP1",0
"RPL18P1",0
"RNU6-684P",0
"RNU7-51P",0
"LINC02296",0
"LINC02330",0
"SCARNA13",0
"LINC03058",0
"SSBP3P4",0
"RPL22P20",0
"NF1P10",0
"DUXAP10",0
"COX5AP2",0
"LINC00524",0
"LINC02309",0
"PRPF39-DT",0
"MIR493HG",0
"CCDC88C-DT",0
"LINC02303",0
"LINC02308",0
"LINC02286",0
"LINC02277",0
"RNASE2CP",0
"LINC01467",0
"LINC02279",0
"LINC02293",0
"LINC02318",0
"LINC02317",0
"OR7E106P",0
"DDX18P1",0
"PPIAP4",0
"RPL12P7",0
"ELK2BP",0
"RPL3P4",0
"GRAMD4P4",0
"PTBP1P",0
"OR11H12",0
"LINC00605",0
"EIF5-DT",0
"OR11H3P",0
"OR11J6P",0
"IGHV1OR15-1",0
"MPHOSPH10P5",0
"OR4M2-OT1",0
"OR4N3P",0
"OR11J7P",0
"SERPINE4P",0
"RPL5P32",0
"ZNF519P3",0
"OR4H6P",0
"DNAAF4-CCPG1",0
"OR11K1P",0
"OR4Q1P",0
"LDHAL6B",0
"FOXB1",0
"HNRNPA1P45",0
"GEMIN8P1",0
"BUB1B-PAK6",0
"PLCB2-AS1",0
"SALRNA3",0
"CYP1A2",0
"MRPS15P1",0
"PAK6-AS1",0
"FKBP1AP2",0
"CPLX3",0
"GOLGA6A",0
"LIPC-AS1",0
"LMAN1L",0
"MTND5P40",0
"ZNF444P1",0
"DCAF13P3",0
"SUMO2P15",0
"THRAP3P2",0
"RPL7L1P15",0
"LINC02157",0
"PGAM1P12",0
"TUBAP4",0
"SH3GL3",0
"KRT8P24",0
"TUBAP12",0
"MIR5701-3",0
"RNU6-631P",0
"RN7SL106P",0
"RNA5SP390",0
"MIR3118-4",0
"MIR4509-1",0
"MIR4510",0
"MIR3942",0
"RNU6-1014P",0
"RN7SKP101",0
"RN7SKP139",0
"RN7SL577P",0
"MIR4716",0
"RN7SL307P",0
"MIR4712",0
"RN7SL494P",0
"RNU2-53P",0
"RN7SL568P",0
"SNORD3P1",0
"RNA5SP397",0
"MIR2116",0
"RNU4-80P",0
"RNU6-745P",0
"MIR629",0
"RN7SL429P",0
"MIR6882",0
"RNU6-380P",0
"MIR5572",0
"RNU6-1339P",0
"MIR3713",0
"RN7SKP217",0
"MIR1179",0
"RNU6-185P",0
"MIR7-2",0
"MIR3529",0
"MIR1469",0
"RN7SKP254",0
"SNORD116-29",0
"SNORD116-30",0
"PWAR1",0
"DMAC1P1",0
"SNORD115-1",0
"SNORD115-2",0
"SNORD115-3",0
"SNORD115-4",0
"SNORD115-5",0
"SNORD115-6",0
"SNORD115-7",0
"SNORD115-8",0
"SNORD115-9",0
"SNORD115-10",0
"SNORD115-11",0
"SNORD115-12",0
"SNORD115-13",0
"SNORD115-14",0
"SNORD115-15",0
"SNORD115-16",0
"SNORD115-17",0
"SNORD115-18",0
"SNORD115-20",0
"SNORD115-21",0
"SNORD115-22",0
"SNORD115-23",0
"SNORD115-24",0
"SNORD115-25",0
"SNORD115-26",0
"SNORD115-27",0
"SNORD115-28",0
"SNORD115-29",0
"SNORD115-31",0
"SNORD115-32",0
"SNORD115-33",0
"SNORD115-34",0
"SNORD115-35",0
"SNORD115-36",0
"SNORD115-37",0
"SNORD115-38",0
"SNORD115-39",0
"SNORD115-40",0
"SNORD115-41",0
"SNORD115-42",0
"SNORD115-43",0
"SNORD115-44",0
"SNORD115-45",0
"SNORD115-46",0
"SNORD115-47",0
"SNORD115-48",0
"SNORD109B",0
"CKMT1B",0
"RNU6-554P",0
"RNU6-610P",0
"RNU6-353P",0
"RNU6-354P",0
"HNRNPA1P44",0
"RNU6-18P",0
"DNM1P31",0
"RN7SL185P",0
"RN7SL539P",0
"GOLGA6L23P",0
"RN7SL214P",0
"CSPG4P11",0
"RN7SL331P",0
"UBE2Q2P8",0
"RN7SL417P",0
"CSPG4P5",0
"UBE2Q2P11",0
"BUB1B",0
"POTEB",0
"DEPDC1P1",0
"MIR1233-1",0
"RNU7-195P",0
"RLBP1",0
"MIR6766",0
"MIR9-3",0
"H3P39",0
"RNU6-953P",0
"MIR147B",0
"SNORA41B",0
"AHCYP7",0
"RN7SL354P",0
"RPL32P30",0
"MIR549A",0
"MIR4514",0
"ANP32BP3",0
"RNU6-339P",0
"RNU6-796P",0
"MIR422A",0
"GAPDHP61",0
"RN7SL796P",0
"RN7SL628P",0
"RN7SL82P",0
"SPCS2P1",0
"ATP5PDP1",0
"MIR7973-2",0
"MIR7973-1",0
"RPL36AP43",0
"RNA5SP393",0
"MIR4310",0
"RNU6-132P",0
"MESP2",0
"ARPIN-AP3S2",0
"MIR5094",0
"MIR5009",0
"RNU6-1111P",0
"RNU7-111P",0
"MIR4508",0
"MAGEL2",0
"RNU6-741P",0
"MAPK6-DT",0
"MIR1266",0
"SNRPCP18",0
"RNU6-1169P",0
"UBE2CP4",0
"TUBBP8",0
"NCAPGP2",0
"RN7SL484P",0
"RNA5SP402",0
"CERS3-AS1",0
"RPS24P16",0
"LINC01585",0
"SCARNA15",0
"GRAMD2A",0
"RNU6-231P",0
"MIR548AP",0
"RNA5SP400",0
"RNU6-1108P",0
"RNU6-1332P",0
"RNU6-966P",0
"PLA2G4B",0
"TPST2P1",0
"MIR8063",0
"MIR630",0
"RN7SL853P",0
"NPM1P42",0
"MIR626",0
"TMC3",0
"PERPP2",0
"MIR1302-10",0
"MIR6859-3",0
"CD24P2",0
"RNU6-1287P",0
"HMGB1P33",0
"TMEM183AP3",0
"RNU6-466P",0
"MIR211",0
"TMEM202",0
"PHB1P20",0
"MIR3174",0
"NDUFA3P4",0
"SH2D7",0
"GOLGA2P8",0
"RNU6-449P",0
"DNM1P5",0
"MIR1233-2",0
"RN7SL584P",0
"GOLGA6L4",0
"SCARNA14",0
"RPL9P25",0
"SNORD18C",0
"SNORD18B",0
"SNORD16",0
"SNORD18A",0
"RN7SL286P",0
"GOLGA8F",0
"ABCB10P3",0
"RN7SL719P",0
"GOLGA8M",0
"MIR4311",0
"RNA5SP392",0
"H3P40",0
"GOLGA6L7",0
"RNA5SP399",0
"GOLGA6L2",0
"GOLGA6L25",0
"GOLGA6L26",0
"GOLGA6L24",0
"ISL2",0
"MIR6085",0
"MIR190A",0
"OR4F4",0
"RN7SL536P",0
"RNU1-77P",0
"SAXO2",0
"GOLGA6L9-AS1",0
"LINC00928",0
"DLL4",0
"CYCSP2",0
"CIBAR1P1",0
"KRT8P23",0
"GOLGA8Q",0
"GOLGA8J",0
"RN7SL673P",0
"GOLGA8T",0
"RN7SL469P",0
"DNM1P30",0
"RNU6-17P",0
"RN7SL196P",0
"RN7SL346P",0
"RN7SL736P",0
"RPL21P114",0
"RN7SL376P",0
"IGHV4OR15-8",0
"IGHV1OR15-4",0
"SPATA31E3P",0
"RN7SL545P",0
"RN7SL495P",0
"GOLGA6L22",0
"CIMAP1C",0
"MIR4313",0
"RN7SL319P",0
"DNM1P49",0
"RN7SL510P",0
"OR4N4",0
"NPM1P47",0
"MIR1272",0
"GOLGA8K",0
"FTLP20",0
"ASB9P1",0
"YBX2P2",0
"EGLN1P1",0
"RN7SL238P",0
"MIR4509-2",0
"MIR4509-3",0
"FAM149B1P1",0
"RN7SKP181",0
"SEPHS1P2",0
"SPESP1",0
"OR4F6",0
"OR4F15",0
"OR4F14P",0
"WBP1LP5",0
"SNORD13D",0
"RNU6-844P",0
"MIR4713",0
"RN7SL428P",0
"MIR7706",0
"RNU7-79P",0
"RN7SL489P",0
"RN7SL327P",0
"MIR631",0
"RPL13P4",0
"MIR627",0
"BNIP3P5",0
"GOLGA8DP",0
"COMMD4P1",0
"ADAMTS7P3",0
"UBE2Q2P16",0
"GOLGA2P7",0
"DNM1P51",0
"STRCP1",0
"ULK4P2",0
"UBE2Q2P13",0
"DNM1P46",0
"OR4G2P",0
"WASH3P",0
"DDX11L9",0
"CHEK2P2",0
"WHAMMP4",0
"WHAMMP2",0
"UBE2Q2P2",0
"UBE2Q2P6",0
"CSPG4P10",0
"GOLGA2P10",0
"GOLGA6L17P",0
"ULK4P3",0
"GOLGA8EP",0
"HERC2P2",0
"GOLGA8IP",0
"GOLGA6EP",0
"ULK4P1",0
"GOLGA6L5P",0
"UBE2Q2P1",0
"LINC00933",0
"CATSPER2P1",0
"PDCD6IPP2",0
"EFL1P1",0
"HERC2P9",0
"SCAND2P",0
"OR4F13P",0
"CSPG4P12",0
"ADAMTS7P4",0
"DNM1P47",0
"GOLGA2P11",0
"DNM1P34",0
"ISLR",0
"STRA6",0
"MIR6881",0
"MIR4714",0
"HNRNPA1P62",0
"PDCD6IPP1",0
"RNA5SP391",0
"RHCG",0
"MED28P6",0
"GOLGA6D",0
"GAPDHP55",0
"GJD2",0
"H3P38",0
"RNU6-188P",0
"ALDH1A2-AS1",0
"MTCO3P23",0
"MTND3P12",0
"MTCYBP23",0
"DUXAP6",0
"ENO1P2",0
"RPL29P30",0
"HMGN2P46",0
"ACTG1P17",0
"CSNK1A1P1",0
"H2AZ2P1",0
"ANP32BP1",0
"PPIAP46",0
"TMCO5B",0
"MIR184",0
"ANKRD34C",0
"GCOM1",0
"LONRF2P4",0
"CXADRP2",0
"GRAMD4P6",0
"MIR3118-3",0
"NF1P9",0
"MIR5701-2",0
"LINC02203",0
"OR11K1BP",0
"OR1Q1BP",0
"OR4H6BP",0
"OR4M2B",0
"OR4N4C",0
"OR4N3BP",0
"NPAP1",0
"SNORD107",0
"PWAR5",0
"SNORD64",0
"SNORD108",0
"SNORD109A",0
"SNORD116-1",0
"SNORD116-2",0
"SNORD116-3",0
"SNORD116-4",0
"SNORD116-5",0
"SNORD116-6",0
"SNORD116-7",0
"SNORD116-8",0
"SNORD116-9",0
"SNORD116-10",0
"SNORD116-11",0
"SNORD116-12",0
"SNORD116-13",0
"SNORD116-14",0
"SNORD116-15",0
"SNORD116-16",0
"SNORD116-17",0
"SNORD116-18",0
"SNORD116-19",0
"SNORD116-20",0
"SNORD116-21",0
"SNORD116-22",0
"SNORD116-23",0
"SNORD116-24",0
"SNORD116-25",0
"SNORD116-26",0
"SNORD116-27",0
"SNORD116-28",0
"ANP32AP1",0
"NUTF2P6",0
"RBM17P4",0
"RN7SL677P",0
"RNA5SP401",0
"FAM169BP",0
"CHRNB4",0
"RPL18P11",0
"GOLGA6GP",0
"RNU6-549P",0
"AGBL1-AS1",0
"GABRG3-AS1",0
"EHD4-AS1",0
"C15orf32",0
"SPATA41",0
"SMASR",0
"LINC02349",0
"SCG5-AS1",0
"LINC02205",0
"LINC01413",0
"NTRK3-AS1",0
"DIS3L-AS1",0
"LINC00052",0
"LINC01584",0
"CT62",0
"LINC01586",0
"LINC03065",0
"LCIIAR",0
"INSYN1-AS1",0
"CARMAL",0
"POLGARF",0
"RNU6-978P",0
"SLC20A1P3",0
"IGHD4OR15-4A",0
"IGHD3OR15-3A",0
"IGHD2OR15-2A",0
"IGHD1OR15-1A",0
"FAM30B",0
"HERC2P3",0
"MPHOSPH10P4",0
"RN7SL759P",0
"SPATA31E2P",0
"IGHV1OR15-6",0
"NBEAP1",0
"RNU6-498P",0
"LONRF2P3",0
"MIR3118-2",0
"POTEB2",0
"RNU6-749P",0
"ZNF519P2",0
"MIR5701-1",0
"OR11J2P",0
"OR11J5P",0
"IGHD5OR15-5B",0
"IGHD4OR15-4B",0
"IGHD3OR15-3B",0
"IGHD2OR15-2B",0
"IGHD1OR15-1B",0
"FAM30C",0
"BCAR1P2",0
"RN7SL400P",0
"RNU6-1235P",0
"RPL7AP75",0
"DNM1P33",0
"DNM1P32",0
"MPHOSPH10P2",0
"DNM1P50",0
"HMGN2P47",0
"HMGN2P40",0
"GABARAPL3",0
"HNRNPLP2",0
"FSCN1P1",0
"BMS1P15",0
"MPHOSPH10P3",0
"HERC2P1",0
"MPHOSPH10P7",0
"HERC2P11",0
"MPHOSPH10P6",0
"HERC2P6",0
"HMGN1P26",0
"DNM1P38",0
"ISCA1P4",0
"HERC2P7",0
"UBE2Q2P12",0
"NIFKP8",0
"GOLGA6L3P",0
"DNM1P28",0
"RPL36AP45",0
"NIFKP4",0
"COMMD4P2",0
"DNM1P41",0
"GOLGA8CP",0
"BMS1P16",0
"PCSK6-AS1",0
"NHLRC4",0
"LINC01195",0
"RGS11",0
"LINC01177",0
"PCMTD1P2",0
"PPP1R1AP2",0
"DUX4L45",0
"TCERG1P2",0
"TMF1P1",0
"LINC00273",0
"RPL23AP72",0
"HSPE1P16",0
"CAPNS2",0
"NPAP1L",0
"RPS27P27",0
"PLA2G10GP",0
"DPPA3P11",0
"RPL7AP63",0
"DUXAP11",0
"FOXL1",0
"VN2R10P",0
"MIR6859-4",0
"MIR6769A",0
"RNU6-1340P",0
"MIR548W",0
"RNA5SP405",0
"RNA5-8SP2",0
"RNU4-58P",0
"RNU6-21P",0
"RNU6-758P",0
"RNA5SP433",0
"CLDN9",0
"CLDN6",0
"RNU1-125P",0
"RNU1-22P",0
"RPL7L1P19",0
"OR2C1",0
"MTCO1P28",0
"C16orf90",0
"CORO7-PAM16",0
"TMEM265",0
"MIR4519",0
"CTF2P",0
"PRSS8",0
"SNRPCP20",0
"MIR8065",0
"RNU7-99P",0
"RNU6-457P",0
"RNU6-328P",0
"MT4",0
"MT1A",0
"MT1CP",0
"RNU6-1005P",0
"MIR6862-1",0
"MIR6862-2",0
"MIR4721",0
"MIR4517",0
"SLC7A5P1",0
"SULT1A4",0
"MT1H",0
"MT3",0
"PRM3",0
"PRM2",0
"PRM1",0
"MIR548H2",0
"C16orf46-DT",0
"RNU6-1191P",0
"MIR4720",0
"MIR6504",0
"RPS27P26",0
"SNORD111B",0
"DUXB",0
"RN7SL520P",0
"RNA5SP403",0
"RN7SL493P",0
"RNU6-633P",0
"MIR3935",0
"HBZ",0
"HBM",0
"HBZP1",0
"HBAP1",0
"RNU6-359P",0
"MIR6773",0
"RPL35AP33",0
"RNU4-36P",0
"RNA5SP432",0
"VN1R64P",0
"VN1R65P",0
"VN1R66P",0
"IGFALS",0
"LINC00254",0
"HS3ST6",0
"RNU6ATAC25P",0
"TEKT5",0
"MTND6P33",0
"MTND4P34",0
"MTND4LP24",0
"SUB1P4",0
"MIR3177",0
"MIR6767",0
"MIR6768",0
"MIR3178",0
"MIR6506",0
"MIR484",0
"MIR662",0
"SNORD68",0
"C16orf46",0
"MTCH2P3",0
"MIR6772",0
"RNU6-20P",0
"CICP25",0
"ACTG1P16",0
"RNY4P3",0
"RPL10P14",0
"MIR138-2",0
"CFAP69P1",0
"RPL23AP91",0
"EXOC3L1",0
"RN7SKP118",0
"RNU1-123P",0
"AGRP",0
"MIR3179-2",0
"MIR3670-2",0
"MIR3180-2",0
"MIR6511A2",0
"MIR6770-2",0
"MIR6511A3",0
"MIR1538",0
"LNCPTCTS",0
"RNU6-213P",0
"RNU7-61P",0
"RNU6-416P",0
"RN7SL645P",0
"PLA2G10FP",0
"C16orf78",0
"MRPS21P8",0
"RPL34P29",0
"MIR6771",0
"BEAN1-AS1",0
"SNORA3C",0
"RNA5SP429",0
"SNRPEP3",0
"ACSM5",0
"RNU6-269P",0
"RNU6-1110P",0
"SNORA50A",0
"RN7SL143P",0
"ACSM5P1",0
"RNU6-430P",0
"CHST4",0
"RNU6-1061P",0
"RNU6-208P",0
"KRT8P22",0
"LSM3P5",0
"RNA5SP431",0
"RPS26P52",0
"LINC02186",0
"CHP2",0
"RNU7-24P",0
"RPL39P31",0
"SPMIP8",0
"KCNG4",0
"IGHV1OR16-1",0
"IGHV1OR16-3",0
"IGHV3OR16-9",0
"SLC22A31",0
"MIR5093",0
"SOD1P2",0
"CLEC18B",0
"RNU6-237P",0
"RNU6-898P",0
"DERPC",0
"SNORA10",0
"SNORA64",0
"SNORA78",0
"RNF151",0
"RN7SL219P",0
"MIR1225",0
"MIR8058",0
"RN7SL134P",0
"MIR3182",0
"NRN1L",0
"DPEP2NB",0
"PLA2G10EP",0
"MIR3179-1",0
"MIR5189",0
"ZFPM1-AS1",0
"MIR4722",0
"RN7SL274P",0
"PLA2G10",0
"RNU6-159P",0
"RNU6-1241P",0
"MIR1910",0
"RPL10AP12",0
"MIR6774",0
"SLC7A5P2",0
"CCNYL1B",0
"MIR193B",0
"MIR365A",0
"RN7SKP176",0
"MTCYBP28",0
"RN7SKP190",0
"ACTR3BP3",0
"PABPC1P13",0
"ABCD1P3",0
"FAM153DP",0
"ABHD17AP7",0
"IGHV2OR16-5",0
"IGHV3OR16-6",0
"IGHV1OR16-2",0
"IGHV3OR16-10",0
"IGHV1OR16-4",0
"IGHV3OR16-8",0
"RN7SKP142",0
"UBL5P4",0
"TIPINP2",0
"PTX4",0
"PRSS41",0
"PABPN1L",0
"CA5A",0
"RNA5SP428",0
"BEAN1",0
"BOLA2",0
"RN7SL557P",0
"MIR6511B1",0
"MIR4516",0
"MIR3180-5",0
"SNORD60",0
"MIR3677",0
"MIR940",0
"MIR4717",0
"MIR5587",0
"MIR3176",0
"DDX11L10",0
"MT1JP",0
"MT1IP",0
"ABCA3P1",0
"PLA2G10CP",0
"SNX29P2",0
"PDXDC2P",0
"FRG2KP",0
"PDPK2P",0
"URAHP",0
"TUBB8P7",0
"RRN3P3",0
"OTOAP1",0
"PDPR2P",0
"HERC2P5",0
"SLC6A10P",0
"HERC2P8",0
"TMEM231P1",0
"SMG1P1",0
"RRN3P1",0
"SMG1P3",0
"MT1DP",0
"MPHOSPH10P1",0
"MT1L",0
"SMG1P7",0
"MIR140",0
"TP53TG3F",0
"CHEK2P6",0
"BMS1P8",0
"ENPP7P13",0
"IGHV3OR16-12",0
"ARHGAP23P1",0
"ABHD17AP9",0
"TP53TG3C",0
"PLA2G10IP",0
"NPIPA8",0
"MIR6511A4",0
"MIR6770-3",0
"MIR3180-3",0
"MIR3670-3",0
"MIR3179-3",0
"MIR3670-4",0
"MIR3179-4",0
"ABCC6P1",0
"MIR3670-1",0
"MIR3180-1",0
"PKD1P3",0
"MIR6511A1",0
"NPIPP1",0
"MIR6511B2",0
"MIR3180-4",0
"PRSS30P",0
"RNU6-355P",0
"MIR4718",0
"RPL35AP34",0
"NPIPB7",0
"ANKRD26P1",0
"RNU6-845P",0
"RAB43P1",0
"CKBP1",0
"CLUHP3",0
"VN1R3",0
"RPL23AP86",0
"KREMEN2",0
"MTND4LP25",0
"CBLN1",0
"CIBAR2",0
"ZG16B",0
"CACNA1H",0
"TPSG1",0
"TPSD1",0
"PRSS29P",0
"TPSP2",0
"PPIAP48",0
"RPS27AP16",0
"RPS2P45",0
"CASP16P",0
"ABCA15P",0
"ABCA17P",0
"CENPBD1P",0
"CDIPTOSP",0
"FBXL9P",0
"AFG3L1P",0
"SULT1A1",0
"RPS15AP34",0
"CES1P1",0
"TP53TG3E",0
"TP53TG3B",0
"CCNYL3",0
"NAMPTP3",0
"VN1R68P",0
"VN1R69P",0
"SLC25A1P4",0
"RARRES2P5",0
"FGFR3P5",0
"AGGF1P8",0
"RARRES2P9",0
"AGGF1P9",0
"C2orf69P4",0
"RARRES2P7",0
"ZNF971P",0
"FRG2DP",0
"RARRES2P10",0
"AGGF1P6",0
"C2orf69P2",0
"TP53TG3HP",0
"RARRES2P8",0
"C1QL1P1",0
"RNA5SP406",0
"RNA5SP407",0
"RNA5SP408",0
"RNA5SP409",0
"RNA5SP410",0
"RNA5SP411",0
"RNA5SP412",0
"RNA5SP413",0
"RNA5SP414",0
"RNA5SP415",0
"RNA5SP417",0
"RNA5SP418",0
"RNA5SP419",0
"RNA5SP420",0
"RNA5SP421",0
"RNA5SP422",0
"RNA5SP423",0
"VN1R70P",0
"UBA52P8",0
"MOCS1P1",0
"KLF8P1",0
"RNU6-257P",0
"MTND5P34",0
"RN7SL841P",0
"IRX6",0
"CLEC19A",0
"RNU4-46P",0
"RN7SL381P",0
"LINC01227",0
"LINC02191",0
"LINC01566",0
"LINC02131",0
"CDH13-AS1",0
"LINC02194",0
"LCMT1-AS2",0
"NUP93-DT",0
"LINC01228",0
"LINC02178",0
"LINC02168",0
"LINC02176",0
"CDH8-AS1",0
"LINC02169",0
"LINC01082",0
"FOXC2-AS1",0
"LINC00919",0
"LINC02136",0
"LINC00917",0
"LINC02184",0
"C4orf46P1",0
"WASH4P",0
"BCAP31P1",0
"HMGN2P3",0
"RPL18P13",0
"VPS51P1",0
"GAPDHP35",0
"PLA2G10DP",0
"PLA2G10KP",0
"PLA2G10HP",0
"CA5AP1",0
"PLA2G10JP",0
"PKD1P1",0
"NCOA5LP",0
"ATP5F1AP3",0
"PLA2G10BP",0
"SCML2P2",0
"CHEK2P7",0
"TP53TG3GP",0
"FRG2JP",0
"RARRES2P6",0
"FRG2HP",0
"AGGF1P5",0
"RNU7-90P",0
"KRT18P18",0
"CARHSP1-DT",0
"LITAFD",0
"RPS16P8",0
"SYPL1P2",0
"SRSF6P2",0
"VN1R71P",0
"B4GALNT2P1",0
"RPL5P33",0
"NME1-NME2",0
"ARL2BPP8",0
"PDLIM1P3",0
"ISCA1P3",0
"LINC02594",0
"RNU6-468P",0
"RNU6-990P",0
"MIR4522",0
"RNA5SP526",0
"MIR423",0
"RNU6-287P",0
"MIR3184",0
"MIR8059",0
"MIR6129",0
"RNA5SP445",0
"RN7SKP14",0
"RNU7-155P",0
"SNORA38B",0
"RPL17P41",0
"FBXO36P1",0
"ARHGAP27P2",0
"MIR635",0
"NDUFB4P3",0
"RN7SL449P",0
"CCDC182",0
"RN7SKP94",0
"EVPLL",0
"TBC1D3P4",0
"YWHAEP2",0
"TNPO1P2",0
"RN7SL627P",0
"SENP3-EIF4A1",0
"SNORA48",0
"SNORD10",0
"SNORA67",0
"RPS29P22",0
"MIR4723",0
"RN7SL105P",0
"MIR22",0
"SERPINF2",0
"SCDP1",0
"RNU6-1178P",0
"SPECC1P2",0
"SPPL2C",0
"MAPT-IT1",0
"STH",0
"MIR6165",0
"RNU6-1313P",0
"DLX3",0
"MIR4740",0
"MIR3186",0
"ACTG1P24",0
"TSEN15P1",0
"NXPH3",0
"TMEM256-PLSCR3",0
"SPEM1",0
"SPEM2",0
"SPEM3",0
"SCARNA21",0
"MIR4314",0
"HES7",0
"MIR6883",0
"SNORD118",0
"MIR4521",0
"ODF4",0
"RNU7-43P",0
"PPIAP52",0
"CCDC42",0
"RPL19P18",0
"NPM1P45",0
"MYH4",0
"RNU6-1065P",0
"RPL15P21",0
"RN7SL601P",0
"RNU11-2P",0
"MIR744",0
"MIR1269B",0
"MIR548H3",0
"CDRT15",0
"RPL23AP76",0
"CDRT7",0
"RNU6-24P",0
"SNORD1C",0
"SNORD1B",0
"SNORD1A",0
"RNU6-227P",0
"RNY4P36",0
"MIR636",0
"SCARNA16",0
"MIR6516",0
"MIR4316",0
"SMCO4P1",0
"RN7SL819P",0
"RPL6P26",0
"MIR4731",0
"RNU6-799P",0
"RN7SL792P",0
"KYNUP3",0
"MIR1180",0
"LINC02094",0
"MIR6786",0
"FSCN2",0
"MIR4738",0
"RN7SL33P",0
"MIR6776",0
"MIR1253",0
"MIR3614",0
"MSX2P1",0
"H3P41",0
"SNORD42A",0
"SNORD4B",0
"MIR6868",0
"OR1D3P",0
"MIR454",0
"RTN4RL1",0
"OVCA2",0
"MIR132",0
"RN7SL624P",0
"DENRP3",0
"ACE3P",0
"FAM136DP",0
"RPL31P57",0
"MIR3064",0
"MIR5047",0
"KPNA2P3",0
"TRIM80P",0
"MIR3678",0
"MIR632",0
"GGT6",0
"RNU6-955P",0
"TM4SF5",0
"MIR5010",0
"ATP5MGP7",0
"HMGB3P27",0
"RNU1-80P",0
"RNU7-97P",0
"MIR548AT",0
"RNU6-258P",0
"RNU6-1057P",0
"RNU6-467P",0
"DHRS7C",0
"KRT222",0
"KRT20",0
"SNORD104",0
"SNORA50C",0
"RNU6-131P",0
"MIR6782",0
"LHX1",0
"GCGR",0
"MIR6780A",0
"RPS4XP17",0
"RNU6-840P",0
"SPICP2",0
"ATP5MGP6",0
"KRTAP17-1",0
"TBC1D3P7",0
"KRT33B",0
"KRT31",0
"MIR6785",0
"MIR657",0
"MIR3065",0
"MIR338",0
"MIR1250",0
"MIR3183",0
"BHLHA9",0
"MIR4525",0
"SUMO2P7",0
"TMEM92",0
"SGCA",0
"EFCAB3",0
"RNU7-52P",0
"RNU6-446P",0
"RN7SL507P",0
"RNU6-453P",0
"RPL7L1P5",0
"MIR378J",0
"RNU6-489P",0
"MIR451A",0
"MIR451B",0
"MIR144",0
"MIR4732",0
"USH1G",0
"RNU6-362P",0
"OR1D2",0
"OR1AC1P",0
"OR1E1",0
"OR1E2",0
"RNASEK-C17orf49",0
"MIR195",0
"MIR497",0
"BCL6B",0
"C17orf50",0
"RNU6-920P",0
"KRT34",0
"TBC1D3E",0
"OR1A2",0
"SNRPGP17",0
"MIR4729",0
"RNU4-13P",0
"CD300LD",0
"KRT39",0
"KRTAP3-3",0
"KRTAP3-2",0
"KRTAP3-4P",0
"KRTAP3-1",0
"KRTAP1-5",0
"KRTAP1-3",0
"KRTAP2-3",0
"KRTAP2-5P",0
"KRTAP4-11",0
"KRTAP4-12",0
"KRTAP4-5",0
"KRTAP4-4",0
"ZNF29P",0
"ZNF286A-TBC1D26",0
"TBC1D26",0
"E2F3P1",0
"TOMM20P2",0
"SNORD7",0
"RN7SL138P",0
"LINC02978",0
"MIR4733",0
"SEC24AP1",0
"MIR4524A",0
"KRT38",0
"RNU2-32P",0
"MIR6510",0
"LINC00974",0
"KRT35",0
"BTBD17",0
"RNA5SP448",0
"MIR4739",0
"RN7SL79P",0
"RN7SL45P",0
"MIR4724",0
"MIR193A",0
"RNU6ATAC7P",0
"MIR4725",0
"MIR365B",0
"RNU6-1264P",0
"BTF3P14",0
"MIR4315-1",0
"RDM1P1",0
"CHCT1",0
"RPSAP66",0
"RN7SL606P",0
"KRT18P61",0
"RN7SL448P",0
"RPLP1P11",0
"RPL22P21",0
"RNU6-314P",0
"MIR1288",0
"SNORD49B",0
"SNORD49A",0
"SNORD65",0
"KRTAP2-1",0
"POLR3KP2",0
"RNF222",0
"GSG1L2",0
"ASGR2",0
"PYY",0
"MIR4734",0
"MIR4726",0
"RNA5SP440",0
"TRMT112P3",0
"DNAJB6P8",0
"SLC35G6",0
"CDK3",0
"SLC35G3",0
"MIR6864",0
"MIR6865",0
"MIR4730",0
"MIR1268B",0
"CCL7",0
"CCL8",0
"CCL1",0
"RNU1-108P",0
"RNU1-52P",0
"RNVU1-34",0
"RNU6-518P",0
"MYL4",0
"RNU7-186P",0
"CPDP1",0
"LGALS9DP",0
"RNA5SP437",0
"SCGB1C2",0
"DOC2B",0
"OR1G1",0
"RN7SL236P",0
"NEK4P2",0
"RNU6-405P",0
"RN7SL620P",0
"FAM106C",0
"COTL1P1",0
"WNT9B",0
"RNU6ATAC3P",0
"MIR5089",0
"KRTAP4-3",0
"KRTAP4-2",0
"KRTAP4-1",0
"KRTAP4-17P",0
"KRTAP9-2",0
"KRTAP9-8",0
"KRTAP9-4",0
"KRTAP9-11P",0
"KRTAP9-10P",0
"CSH2",0
"KRTAP9-7",0
"TBC1D3H",0
"RNU6-1192P",0
"MTND6P35",0
"MTCYBP13",0
"MTND1P15",0
"NMTRS-TGA3-1",0
"MTATP6P3",0
"MTCO3P13",0
"MIR142",0
"MIR4736",0
"KRTAP4-6",0
"IGBP1C",0
"KRTAP4-9",0
"KRTAP2-2",0
"TBC1D3D",0
"TNFSF12-TNFSF13",0
"RNU2-1",0
"CHAD",0
"RPL39P33",0
"CACNA1G",0
"LYZL6",0
"CCL16",0
"CCL14",0
"CCL15-CCL14",0
"CCL15",0
"RN7SL301P",0
"TBC1D3I",0
"RNU4-34P",0
"MIR4523",0
"SRP68P3",0
"FAM106B",0
"TNPO1P3",0
"MIR6778",0
"HOXB1",0
"MIR10A",0
"HOXB8",0
"HOXB9",0
"MIR196A1",0
"MIR3615",0
"KRT17P5",0
"KRT17P2",0
"KRT16P1",0
"NOS2P2",0
"USP32P2",0
"PYY2",0
"PPY2P",0
"ZNF286B",0
"TBC1D27P",0
"OR1D4",0
"TBC1D3P2",0
"YWHAEP7",0
"OR3A4P",0
"KRT42P",0
"UBBP4",0
"USP32P1",0
"KRT16P6",0
"KRT16P2",0
"KRT17P1",0
"KRT17P4",0
"AOC4P",0
"CCDC144NL",0
"NPEPPSP1",0
"CCDC144BP",0
"TRIM16L",0
"KRT223P",0
"USP32P3",0
"NOS2P3",0
"KRT16P3",0
"KRT17P7",0
"RN7SL454P",0
"MIR6787",0
"RNU2-4P",0
"RNU6-1137P",0
"MIR2117HG",0
"MIR2117",0
"RNU6-406P",0
"RNU6-971P",0
"MIR6784",0
"GAST",0
"RNA5SP442",0
"RN7SL399P",0
"LINC02563",0
"PSMD7P1",0
"RNA5SP444",0
"GARS1P1",0
"RNU6-1249P",0
"SMIM36",0
"CEP295NL",0
"MIR6783",0
"RNU6-298P",0
"RNU6-1134P",0
"GPR160P2",0
"SCARNA20",0
"KRTAP9-1",0
"RNU6-233P",0
"FAM187A",0
"TBC1D3P1",0
"MIR4737",0
"RN7SL800P",0
"WEE1P2",0
"RPL23AP87",0
"KRT16P4",0
"RPL29P2",0
"RPL21P122",0
"RNF126P1",0
"RDM1P5",0
"RPL12P38",0
"SH3GL1P1",0
"KRT18P55",0
"DBIL5P",0
"LINC02210",0
"TCAM1P",0
"H1-9P",0
"WFDC21P",0
"KIAA0753",0
"RNA5SP435",0
"MIR4520-1",0
"MIR4520-2",0
"ALOX15P1",0
"OR3A3",0
"RNY4P13",0
"H2BN1",0
"SNORD3D",0
"RPL32P33",0
"ALOX12P2",0
"MRPL45P2",0
"TBC1D29P",0
"SMURF2P1",0
"LRRC37BP1",0
"RN7SL316P",0
"C17orf78",0
"SNORA21B",0
"SNORA21",0
"MIR6779",0
"TBX4",0
"BAIAP2-DT",0
"LINC02210-CRHR1",0
"MIR6080",0
"PLEKHM1P1",0
"MIR4315-2",0
"RDM1P4",0
"AMZ2P1",0
"RNA5SP446",0
"RNA5SP447",0
"SNORA59B",0
"NMTRQ-TTG12-1",0
"HOXB-AS2",0
"RNA5SP436",0
"MEIS3P1",0
"SPECC1P1",0
"RPL9P28",0
"COX6B1P2",0
"PRAC1",0
"PRAC2",0
"MIR3185",0
"RN7SL125P",0
"RNU1-42P",0
"RNU6-826P",0
"MIR152",0
"RNU6-1201P",0
"MIR4728",0
"GRB7",0
"CSF3",0
"CDRT8",0
"LINC00469",0
"LINC01971",0
"LINC01987",0
"LINC01978",0
"LINC00482",0
"FAM27E5",0
"ERVE-1",0
"LINC02091",0
"RPH3AL-AS2",0
"LINC00671",0
"LINC01028",0
"MIR365BHG",0
"LINC01996",0
"DYNLL2-DT",0
"LINC01152",0
"MIR21",0
"MIR6777",0
"MIR33B",0
"BRI3P3",0
"MIR6884",0
"SNORD124",0
"MIR6866",0
"MIR6867",0
"PPIAP54",0
"RNA5SP441",0
"TMEM92-AS1",0
"CDRT15P1",0
"PTP4A2P1",0
"HSD17B1P1",0
"RPL7AP64",0
"SPDYE22P",0
"NCOR1P2",0
"FTLP13",0
"RPS26P8",0
"FTLP12",0
"NOS2P4",0
"KRTAP9-12P",0
"YWHAEP3",0
"KRT16P5",0
"COTL1P2",0
"RPL29P31",0
"MSANTD3P1",0
"SPICP3",0
"BPTFP1",0
"RPL36AP48",0
"CDRT15P2",0
"CDRT15L2",0
"MEIS3P2",0
"RNA5SP434",0
"SLC25A3P3",0
"COX6CP3",0
"RPS4XP18",0
"PPIAP57",0
"BOD1P2",0
"LINC01543",0
"TPMTP1",0
"NPM1P1",0
"ZBTB7C-AS1",0
"RPS24P18",0
"MAP1LC3P",0
"RIT2",0
"POLR3GP2",0
"L3MBTL4-AS1",0
"ATP7BP1",0
"ZBTB7C-AS2",0
"RPLP0P11",0
"HMGN1P31",0
"RPIAP1",0
"WDR7-OT1",0
"MC4R",0
"RPL31P9",0
"CTBP2P3",0
"DHFRP1",0
"MTL3P",0
"RAC1P1",0
"RPS2P6",0
"NRBF2P1",0
"AIDAP3",0
"NPM1P2",0
"GALR1",0
"LINC02974",0
"SCML2P1",0
"AKR1B10P2",0
"PLEKHB2P1",0
"SDHCP1",0
"HNRNPA1P11",0
"PRPF19P1",0
"LARP7P3",0
"RPL12P40",0
"RPL17P45",0
"SLC25A51P2",0
"RN7SKP72",0
"RN7SL282P",0
"MIR4317",0
"RNU6-916P",0
"RNU6-903P",0
"RNU6-1289P",0
"MIR302F",0
"RNU6-408P",0
"MIR3929",0
"MIR4318",0
"MIR924",0
"MIR5583-2",0
"MIR5583-1",0
"RNU6-1242P",0
"RNA5SP455",0
"MIR187",0
"MIR4743",0
"RNU6-708P",0
"RNA5SP458",0
"RNU6-116P",0
"RN7SL342P",0
"RNA5SP456",0
"RNU4-17P",0
"RNU6-567P",0
"MIR5011",0
"RNU6-142P",0
"RNU6-1037P",0
"RN7SL705P",0
"RNA5SP460",0
"MIR548AV",0
"RNU6-39P",0
"RNU6-655P",0
"RPL31P59",0
"IGLJCOR18",0
"BOD1P1",0
"RNU6-1131P",0
"PRR13P4",0
"RPL17-C18orf32",0
"MIR1539",0
"SNORD58C",0
"SNORD58A",0
"SNORD58B",0
"RNU1-46P",0
"RNA5SP459",0
"MIR4529",0
"RPL21P126",0
"RNU6-742P",0
"LINC01897",0
"MIR122",0
"MIR3591",0
"SNORA108",0
"RPL9P31",0
"RNU6-219P",0
"RNU2-69P",0
"MIX23P1",0
"PMM2P1",0
"MIR6788",0
"RNU6-120P",0
"ATP5MC1P6",0
"RNU6-324P",0
"PPIAP56",0
"RNU6-170P",0
"MLECP1",0
"MIR4319",0
"RN7SL362P",0
"RNU6-857P",0
"RNU6-167P",0
"CLUHP6",0
"SERPINB3",0
"DYNAPP2",0
"DYNAPP3",0
"LINC02979",0
"RNU7-129P",0
"THEMIS3P",0
"AKR1B1P6",0
"ELOA2",0
"KCNG2",0
"IL9RP4",0
"BOLA2P1",0
"KATNBL1P3",0
"RNU6-340P",0
"CETN1",0
"RN7SKP146",0
"RNU1-109P",0
"LRRC30",0
"LINC03101",0
"LONRF2P1",0
"RNU6-1021P",0
"OR4K8P",0
"RNU6-1210P",0
"MIR3156-2",0
"LINC01906",0
"RN7SL862P",0
"TXNDC2",0
"RNA5SP450",0
"RPS27P28",0
"SNORA37",0
"MIR133A1",0
"MIR1-2",0
"RNA5SP451",0
"TOMM20P3",0
"MIR3976",0
"TMEM200C",0
"GRP",0
"RAX",0
"RPS26P54",0
"GLUD1P4",0
"RN7SKP26",0
"RNY4P37",0
"RNU6-1278P",0
"ELOA3DP",0
"ELOA3BP",0
"ELOA3P",0
"RPL12P39",0
"SCARNA17",0
"RNA5SP457",0
"ADAD1P2",0
"MIR4320",0
"RN7SL310P",0
"STK25P1",0
"MIR7153",0
"ASNSP6",0
"ROCK1P1",0
"NPIPB1P",0
"RNU6-346P",0
"ANKRD20A5P",0
"RNU6-316P",0
"RHOT1P1",0
"CYP4F35P",0
"TERF1P2",0
"TUBB8B",0
"RN7SL39P",0
"MIR6718",0
"RNU6-831P",0
"ELOCP27",0
"VN1R76P",0
"MIR4528",0
"RPL29P32",0
"CUPIN1P",0
"DYNAPP1",0
"RPL7AP67",0
"RPL17P46",0
"SS18L2P2",0
"RSL24D1P9",0
"KIAA0895LP1",0
"ADGRA3P1",0
"CBX3P2",0
"CXADRP3",0
"ELOA3CP",0
"LRRC37A7P",0
"ZNF271P",0
"RN7SL401P",0
"ARL2BPP1",0
"RNA5SP461",0
"BNIP3P3",0
"RNU6-721P",0
"RNU6-702P",0
"RNU6-1032P",0
"UBE2CP2",0
"MIR4741",0
"MIR8057",0
"ATP6V1E1P2",0
"UBA52P9",0
"RBM22P1",0
"PA2G4P3",0
"WBP11P1",0
"LINC01538",0
"PGDP1",0
"RNA5SP452",0
"RNU6-435P",0
"MIR320C2",0
"LINC01541",0
"LINC01925",0
"ARHGAP28-AS1",0
"ZNF24TR",0
"LIVAR",0
"ZNF516-AS1",0
"LINC01912",0
"LINC01896",0
"TCF4-AS2",0
"PPIAP14",0
"FAM32DP",0
"WBP2P1",0
"SDHDP1",0
"FGF7P1",0
"SMUG1P1",0
"NF1P5",0
"RPL23AP77",0
"ADRA1D",0
"DEFB129",0
"ANGPT4",0
"DYNLT3P1",0
"EEF1A1P34",0
"SRSF10P2",0
"LIN28AP3",0
"DEFB128",0
"LINC03086",0
"RPL7P2",0
"CST5",0
"PGAM3P",0
"RPS11P1",0
"PCMTD1P7",0
"CFTRP2",0
"CST2",0
"CFTRP3",0
"SCRT2",0
"DEFB115",0
"CST2P1",0
"CST9L",0
"WFDC9",0
"GAPDHP54",0
"WFDC11",0
"CDC27P3",0
"RPL35AP",0
"ATG3P1",0
"MC3R",0
"CBLN4",0
"DKKL1P1",0
"GAPDHP53",0
"CSTP2",0
"PHACTR3-AS1",0
"RPL17P1",0
"SCP2D1",0
"RPL29P35",0
"PHACTR3",0
"AGGF1P10",0
"PIEZO1P1",0
"LINC02970",0
"LLPHP1",0
"MRPS11P1",0
"RN7SKP69",0
"RN7SL547P",0
"RN7SL607P",0
"RN7SKP111",0
"RNU6-1257P",0
"RN7SL690P",0
"RNU1-23P",0
"RNA5SP532",0
"RN7SL116P",0
"RNU7-144P",0
"RNU6-347P",0
"RNU6-497P",0
"RNA5SP487",0
"MIR3194",0
"RNU6-929P",0
"RNU4ATAC7P",0
"RNU7-141P",0
"MIR133A2",0
"MIR4758",0
"RNU6-563P",0
"SYS1-DBNDD2",0
"NDUFB4P10",0
"LINC01711",0
"MIR296",0
"MIR298",0
"MRPS16P2",0
"MIR1289-1",0
"RPL36P4",0
"RNU6-743P",0
"RPL27AP",0
"MIR124-3",0
"MIR3196",0
"MIR4326",0
"RNU6-994P",0
"HIGD1AP15",0
"SDAD1P2",0
"RNU1-94P",0
"RNA5SP481",0
"CCM2L",0
"RNA5SP482",0
"RSL24D1P6",0
"MIR1825",0
"TGIF2-RAB5IF",0
"AVP",0
"RN7SL555P",0
"RNU6-1019P",0
"RNU6-384P",0
"MIR3193",0
"ZNF877P",0
"RNU6-192P",0
"SNORD17",0
"PTMAP3",0
"RPL15P1",0
"RNU7-137P",0
"GGCTP2",0
"RN7SL14P",0
"RN7SKP74",0
"LAMP5",0
"MIR6869",0
"RNU6-917P",0
"TVP23BP3",0
"FTLP1",0
"TCEAL9P1",0
"RPL31P2",0
"RN7SL666P",0
"RNA5-8SP7",0
"BANF2",0
"RNU2-52P",0
"MIR6871",0
"RPL23AP81",0
"RN7SL615P",0
"RPL7AP12",0
"RNA5SP484",0
"ADI1P1",0
"EPPIN-WFDC6",0
"HSPD1P21",0
"RNA5SP485",0
"HNRNPA1P3",0
"SPINT5P",0
"RNU6ATAC38P",0
"SNAP23P1",0
"DPH3P1",0
"ARF4P2",0
"DEFB132",0
"SNORD12C",0
"SNORD12B",0
"SNORD12",0
"NEURL2",0
"MIR3617",0
"SPINT4",0
"TNFRSF6B",0
"RPL19P1",0
"TMEM239",0
"SPATA25",0
"TMEM74B",0
"TPM3P2",0
"PIGPP3",0
"RNU7-173P",0
"SRMP1",0
"RNA5SP486",0
"RNU7-92P",0
"PEDS1-UBE2V1",0
"COX6CP2",0
"HRH3",0
"TGM3",0
"TGM6",0
"SNORA71E",0
"SNORA60",0
"MIR548O2",0
"SLC32A1",0
"RN7SKP173",0
"MIR1257",0
"MIR3195",0
"C20orf202",0
"ARHGAP40",0
"CCNB1IP1P2",0
"ADIG",0
"SUMO1P1",0
"ZNF334",0
"MIR499A",0
"MIR499B",0
"HSPD1P19",0
"ANKRD60",0
"BPIFB2",0
"PUDPP3",0
"SOCS2P1",0
"ITCH-IT1",0
"FOXA2",0
"KRT18P3",0
"MIR3192",0
"RN7SL638P",0
"RNU6ATAC34P",0
"MIR4325",0
"RPL39P39",0
"WFDC12",0
"PI3",0
"SEMG1",0
"SEMG2",0
"RPL31P3",0
"DEFB117",0
"DEFB118",0
"DEFB119",0
"CHGB",0
"MTCO1P59",0
"RN7SL498P",0
"TARDBPP1",0
"RNU1-55P",0
"MIR3646",0
"WFDC5",0
"EBF4",0
"IL9RP5",0
"CICP4",0
"IQSEC3P3",0
"CYB5AP4",0
"RNA5SP478",0
"MIR6813",0
"C20orf181",0
"MIR941-1",0
"MIR941-2",0
"MIR941-3",0
"MIR941-4",0
"MIR941-5",0
"MIR1914",0
"PPIAP17",0
"RPLP0P1",0
"RNU6-278P",0
"RPS3P1",0
"RN7SL864P",0
"RNU6-228P",0
"RNU6-1159P",0
"RNU6-115P",0
"RNA5SP475",0
"ENSAP1",0
"CST13P",0
"CSTP1",0
"BPIFA4P",0
"DEFB122",0
"PPP4R1L",0
"FRG1CP",0
"RNU6ATAC17P",0
"RN7SL594P",0
"BSNDP1",0
"BSNDP2",0
"LINC00489",0
"HSPBAP1P1",0
"RPL36P1",0
"RN7SKP184",0
"RNU7-14P",0
"HMGB3P1",0
"NEFHP2",0
"RN7SKP100",0
"BPIFA1",0
"RPS4XP2",0
"MKRN7P",0
"FER1L4",0
"ZNF663P",0
"RNU6-919P",0
"RPS21P7",0
"MIR646",0
"MTCO2P1",0
"MIR4533",0
"MIR548AG2",0
"RIMS4",0
"PGBD4P2",0
"RN7SL561P",0
"PDYN",0
"MIR8062",0
"MIR6870",0
"RNU6-27P",0
"RNU1-131P",0
"CFTRP1",0
"BSNDP3",0
"NCOR1P1",0
"MIR663A",0
"HSPE1P1",0
"MIR3616",0
"MRPS33P4",0
"SNORA71A",0
"SNORA71C",0
"SNORA71D",0
"KCNQ2-AS1",0
"KIZ-AS1",0
"MIR1292",0
"SNORD110",0
"SNORD86",0
"SNORD56",0
"SNORD57",0
"BMP7-AS1",0
"LINC00028",0
"LINC00851",0
"LINC01713",0
"RIPOR3-AS1",0
"LINC01733",0
"LINC03083",0
"LINC01273",0
"LINC01718",0
"LAMP5-AS1",0
"EYA2-AS1",0
"LINC00029",0
"LINC01620",0
"LINC01747",0
"MIR1-1HG",0
"LINC01432",0
"ISM1-AS1",0
"HAR1A",0
"LAMA5-AS1",0
"LINC01742",0
"NKX2-4",0
"GSTM3P1",0
"NKX2-2",0
"NKX2-2-AS1",0
"BETALINC1",0
"LINC01726",0
"VTCN1P1",0
"SCREEM1",0
"BBLNP1",0
"RPS27AP2",0
"MLLT10P1",0
"FRG1BP",0
"RARRES2P11",0
"RPS10P5",0
"VN1R108P",0
"NIPAL1P1",0
"RNU6-1146P",0
"RN7SL170P",0
"PTMAP6",0
"WBP1LP11",0
"ZNRF4",0
"FTLP5",0
"OR7A3P",0
"OR7A15P",0
"CASP14",0
"BORCS8-MEF2B",0
"BNIP3P24",0
"VN1R79P",0
"VN1R82P",0
"VN1R78P",0
"CPSF6P1",0
"BNIP3P32",0
"BNIP3P36",0
"VN1R90P",0
"TM6SF2",0
"BNIP3P8",0
"CDC42EP3P1",0
"BNIP3P31",0
"RPL7AP10",0
"BNIP3P30",0
"BNIP3P33",0
"VN1R91P",0
"MTDHP5",0
"BNIP3P40",0
"HAPLN4",0
"RPS4XP20",0
"TAF9P3",0
"RPS4XP23",0
"RAB4B-EGLN2",0
"SNX6P1",0
"CYP2A7P2",0
"COX7A1",0
"BNIP3P34",0
"CABP5",0
"RPL36P16",0
"MIA-RAB4B",0
"VN1R88P",0
"DKKL1",0
"VN1R81P",0
"CHCHD2P3",0
"RPS4XP21",0
"RNU6-2",0
"MIR1302-11",0
"RN7SL121P",0
"RNU6-782P",0
"MIR1470",0
"RN7SL70P",0
"RNU6-1028P",0
"RNA5SP469",0
"RNA5-8SP4",0
"RNU6-967P",0
"RNA5SP471",0
"RNA5SP472",0
"MIR4324",0
"IFNL3P1",0
"MSRB1P1",0
"IFNL4P1",0
"IFNL1",0
"RPS29P25",0
"GAPDHP38",0
"DACT3",0
"MIR6791",0
"MIR4745",0
"MIR3187",0
"NANOS2",0
"MIR769",0
"PGLYRP1",0
"IGFL3",0
"BICRA-AS1",0
"SNORD23",0
"MIR4750",0
"MIR4751",0
"LRRC4B",0
"GPR32P1",0
"SNORD88B",0
"SNORD88A",0
"SNORD88C",0
"KLK1",0
"CYP4F36P",0
"ZNF861P",0
"MIR6886",0
"MIR6796",0
"SYCN",0
"MEIOSIN",0
"RAX2",0
"IFNL2",0
"FGF21",0
"RNU6-317P",0
"MIR6887",0
"MIR5695",0
"MIR6515",0
"MIR6805",0
"RN7SKP109",0
"RFPL4AL1",0
"OR7D1P",0
"OR7E18P",0
"UBXN2AP1",0
"SLC25A36P1",0
"MIR5589",0
"PPAN-P2RY11",0
"SNORD105B",0
"MIR4322",0
"RPL39P34",0
"PABPN1P2",0
"ERICH4",0
"SIGLEC8",0
"SIGLEC29P",0
"SPACA6-AS1",0
"MIR99B",0
"MIRLET7E",0
"MIR125A",0
"HAS1",0
"FPR3",0
"RNA5SP468",0
"RPS18P13",0
"MIR6799",0
"MIR6800",0
"MIR4749",0
"FXYD1",0
"HSPB6",0
"MIR4999",0
"SPACA4",0
"SNORD32A",0
"SNORD33",0
"SNORD34",0
"SNORD35A",0
"SNORD35B",0
"COX6CP7",0
"MIR5088",0
"RNU6-841P",0
"MIR6798",0
"NTF6A",0
"NTF6B",0
"CGB5",0
"RN7SL708P",0
"VN1R6P",0
"RPL39P36",0
"RNU6-698P",0
"MIR512-1",0
"MIR512-2",0
"MIR1323",0
"MIR498",0
"MIR520E",0
"MIR515-1",0
"MIR519E",0
"MIR520F",0
"MIR515-2",0
"MIR519C",0
"MIR1283-1",0
"MIR520A",0
"MIR526B",0
"MIR519B",0
"MIR525",0
"MIR523",0
"MIR518F",0
"MIR520B",0
"MIR518B",0
"MIR526A1",0
"MIR520C",0
"MIR518C",0
"MIR524",0
"MIR517A",0
"MIR519D",0
"MIR521-2",0
"RNU6-803P",0
"MIR517B",0
"MIR520G",0
"MIR516B2",0
"MIR526A2",0
"MIR518E",0
"MIR518A1",0
"MIR518D",0
"MIR516B1",0
"MIR517C",0
"MIR520H",0
"RNU6-982P",0
"MIR521-1",0
"RNU6-751P",0
"MIR522",0
"MIR519A1",0
"MIR527",0
"MIR516A1",0
"RNU6-1041P",0
"MIR516A2",0
"MIR519A2",0
"MIR1909",0
"MIR7108",0
"GALP",0
"RN7SL337P",0
"RN7SL842P",0
"MIR8077",0
"RNU4-60P",0
"CEACAMP2",0
"CEACAMP1",0
"MIR6792",0
"RETN",0
"EXOSC3P2",0
"PRR36",0
"ISCA1P7",0
"BNIP3P26",0
"CLEC4M",0
"SNORD41",0
"MIR5684",0
"MIR6794",0
"MIR6795",0
"RNU6-195P",0
"RPL21P130",0
"MIR24-2",0
"MIR27A",0
"MIR23A",0
"MIR181C",0
"MIR181D",0
"MIR1199",0
"RN7SL231P",0
"GDF1",0
"MIR1238",0
"MIR638",0
"MIR6793",0
"CGB2",0
"RNU6-140P",0
"NXNL1",0
"FUT5",0
"MIR6885",0
"MIR6790",0
"MIR3940",0
"RN7SL663P",0
"RNU6-1307P",0
"MIR4752",0
"RTBDN",0
"OR10H2",0
"OR7E24",0
"OR7A10",0
"CIMAP1D",0
"APOC4",0
"RPS29P23",0
"RNU6-165P",0
"HMGN1P32",0
"MIR371A",0
"MIR371B",0
"MIR372",0
"MIR373",0
"MIR935",0
"CACNG6",0
"TMEM59L",0
"RNA5SP464",0
"RSL24D1P8",0
"RNA5SP467",0
"ZNF625-ZNF20",0
"ZNF625",0
"RPS16P9",0
"OR1M1",0
"OR7E16P",0
"OR7A18P",0
"RN7SL835P",0
"RN7SL823P",0
"PNMA8C",0
"C19orf85",0
"CGB8",0
"LGALS7",0
"CGB3",0
"ZNF816-ZNF321P",0
"VN1R2",0
"RNU6-902P",0
"KLK9",0
"KLK12",0
"KLK13",0
"KLK14",0
"SIGLEC9",0
"SIGLEC7",0
"SIGLEC21P",0
"CLDND2",0
"LIM2",0
"NIFKP6",0
"VN1R104P",0
"LINC02959",0
"HNRNPDLP4",0
"PRR22",0
"RN7SL202P",0
"MIR637",0
"HMGB2P1",0
"VN1R93P",0
"TYMSP2",0
"OR5AH1P",0
"MIR1227",0
"MIR6789",0
"MIR4321",0
"LEUTX",0
"MBD3L5",0
"MBD3L4",0
"MBD3L2",0
"ELSPBP1",0
"SIX5",0
"IGFL4",0
"IGFL1P1",0
"OR2Z1",0
"OR7G2",0
"OR4F17",0
"NMRK2",0
"CLEC4G",0
"NANOS3",0
"IFNL3",0
"HCN2",0
"RPL32P34",0
"RN7SL525P",0
"NKPD1",0
"KLK5",0
"KLK4",0
"LILRA1",0
"MIR8061",0
"VN1R105P",0
"RNU6-222P",0
"CEACAM18",0
"MIR5196",0
"KLK8",0
"PRTN3",0
"CGB1",0
"NTF4",0
"MIR330",0
"SNORA68",0
"RNU6-924P",0
"MIR4747",0
"RN7SL150P",0
"SUNO1",0
"RPS3AP50",0
"FAM187B",0
"FAM187B2P",0
"MAG",0
"DNAJC19P3",0
"MIR7974",0
"TPRX2",0
"RPL31P60",0
"ZSCAN5C",0
"SELENOV",0
"VN1R4",0
"MIR3191",0
"MIR641",0
"RNU6-945P",0
"MIR7-3",0
"MIR6801",0
"MIR643",0
"DPPA5P1",0
"BNIP3P9",0
"MIR6806",0
"RNA5SP473",0
"RNF225",0
"RNU6-1337P",0
"RN7SL693P",0
"PMIS2",0
"CEACAMP7",0
"CEACAMP8",0
"CEACAMP9",0
"OR4G1P",0
"OR7A1P",0
"CYP2G1P",0
"OR7A2P",0
"OR7E19P",0
"ZNF542P",0
"WDR87BP",0
"ZNF788P",0
"OR7E25P",0
"SIGLEC22P",0
"KLKP1",0
"KIR3DX1",0
"FAM90A28P",0
"ZNF781",0
"CEACAMP3",0
"CLEC4OP",0
"CYP2B7P",0
"SIGLEC17P",0
"APOC1P1",0
"ZNF56P",0
"NAPSB",0
"ZNF812P",0
"PSG10P",0
"SIGLEC5",0
"RPS29P27",0
"CGB7",0
"HRC",0
"ZNF177",0
"NDUFA3P1",0
"CEACAM22P",0
"MIR4531",0
"CEACAM16",0
"MIR8085",0
"ICAM5",0
"CCER2",0
"ERVK9-11",0
"PPP5D1P",0
"HNRNPMP2",0
"RPS8P11",0
"BNIP3P15",0
"GNG14",0
"MIR3188",0
"RN7SL513P",0
"MIR3189",0
"ADGRE4P",0
"MBD3L2B",0
"PLVAP",0
"ZIM3",0
"DPPA3P8",0
"MIR6088",0
"BOLA3P2",0
"OR1M4P",0
"WASH5P",0
"CCNYL6",0
"IPO5P1",0
"TPM3P9",0
"RPL17P47",0
"ZNF321P",0
"BIRC8",0
"LILRP2",0
"ZNF702P",0
"TMEM277P",0
"TEX14BP",0
"C19orf48P",0
"MIR7975",0
"MIR6804",0
"MIR6802",0
"MIR6803",0
"RPS29P30",0
"CALR3",0
"SMIM46",0
"MIR640",0
"SEPTIN14P19",0
"CICP19",0
"RNU6-1076P",0
"ZNF887P",0
"BNIP3P19",0
"ZNF826P",0
"MIR1270",0
"BNIP3P22",0
"BNIP3P23",0
"FIGLAP1",0
"RNU6-1179P",0
"GOLGA2P9",0
"RN7SL860P",0
"RAD54L2P1",0
"VN1R87P",0
"RNA5SP470",0
"RN7SL491P",0
"MIR8074",0
"VSIG10L-AS1",0
"SIGLEC31P",0
"ZIM2-AS1",0
"SMIM17",0
"PTGER1",0
"YPEL5P4",0
"CENPBD2P",0
"RNU6-993P",0
"COX16P1",0
"VN1R83P",0
"BNIP3P25",0
"SEC1P",0
"SMIM24",0
"SMIM44",0
"PTPRS-AS1",0
"MIR1181",0
"PSG8-AS1",0
"LINC01838",0
"FAM138F",0
"LIM2-AS1",0
"ZNF582-DT",0
"LINC01233",0
"ZFP28-DT",0
"HOMER3-AS1",0
"LINC01532",0
"ZNF473CR",0
"LINC01775",0
"LINC01864",0
"ZNF426-DT",0
"LINC01595",0
"LINC01785",0
"LINC01872",0
"CEACAMP10",0
"CEACAMP4",0
"VN1R107P",0
"RPL23AP2",0
"CEACAMP5",0
"CRIPTOP7",0
"RPL10P15",0
"TMEM167AP2",0
"OR7A8P",0
"RPL23AP80",0
"VN1R96P",0
"TPRG1LP1",0
"SIGLEC27P",0
"RPL7P51",0
"SAXO3",0
"CLEC4GP1",0
"RPL28P5",0
"SIGLEC18P",0
"LETM1P2",0
"SCGB2B3P",0
"SLC6A21P",0
"HNRNPA1P10",0
"VN1R95P",0
"RGS9BP",0
"GCM1P1",0
"ZNF92P1Y",0
"SERBP1P2",0
"TSPY12P",0
"RBMY2HP",0
"ELOCP35",0
"SLC9B1P1",0
"USP12PY",0
"KDM5DP1",0
"PRY",0
"ZNF736P6Y",0
"TUSC2P1",0
"PUDPP1",0
"CDRT15P10",0
"PRY2",0
"OFD1P8Y",0
"RNF19BPY",0
"TSPY23P",0
"TUBB1P2",0
"ACTR3BP1",0
"RPS24P1",0
"RCC2P2",0
"ZNF736P8Y",0
"BPY2",0
"MTND6P1",0
"PABPC1P5",0
"TSPY22P",0
"RCC2P1",0
"SHROOM2P1",0
"DUX4L18",0
"ZNF736P11Y",0
"OFD1P9Y",0
"BPY2DP",0
"CHEK2P1",0
"RBMY2UP",0
"ZNF886P",0
"ELOCP8",0
"OFD1P16Y",0
"TTTY25P",0
"ASS1P6",0
"SNX18P1Y",0
"MED14P1",0
"ZNF885P",0
"ARSFP1",0
"ZNF736P7Y",0
"SURF6P1",0
"ANKRD20A6P",0
"RBMY2KP",0
"TSPY21P",0
"TTTY19",0
"TTTY4",0
"MXRA5Y",0
"MTCYBP1",0
"USP9YP17",0
"TTTY17A",0
"FAM41AY1",0
"ELOCP15",0
"TRIM60P3Y",0
"MTND1P1",0
"PRRC2CP1",0
"CDY12P",0
"MTND2P3",0
"CDY13P",0
"ARSDP1",0
"TTTY5",0
"RBMY1D",0
"USP9YP24",0
"FAM8A4P",0
"TRIM60P8Y",0
"MED13P1",0
"RNU6-303P",0
"RN7SL702P",0
"RNA5SP520",0
"RNA5SP521",0
"RNU6-109P",0
"RNU6-184P",0
"HSFY2",0
"GPM6BP2",0
"USP9YP2",0
"ELOCP14",0
"PRYP6",0
"XKRYP2",0
"USP9YP10",0
"RNU1-41P",0
"OFD1P7Y",0
"MTCYBP2",0
"RNU6-255P",0
"GAPDHP19",0
"CLUHP1",0
"TAF9P1",0
"CDY5P",0
"ELOCP36",0
"ACTG1P2",0
"USP9YP23",0
"USP9YP27",0
"RNU1-128P",0
"TRAPPC2P3",0
"ELOCP6",0
"CDY6P",0
"USP9YP7",0
"USP9YP6",0
"USP9YP34",0
"USP9YP32",0
"CDY8P",0
"ELOCP12",0
"TRAPPC2P8",0
"USP9YP15",0
"RNU1-95P",0
"USP9YP16",0
"ELOCP26",0
"CDY9P",0
"TAF9P2",0
"CLUHP2",0
"RNA5SP522",0
"RNA5SP523",0
"TUBB1P1",0
"ELOCP13",0
"OFD1P4Y",0
"RNU1-48P",0
"USP9YP5",0
"XKRYP1",0
"PRYP5",0
"ELOCP7",0
"USP9YP1",0
"GPM6BP1",0
"RAB9AP4",0
"TRAPPC2P7",0
"HSFY1",0
"TGIF2LY",0
"RBMY1F",0
"CDY2A",0
"ZNF736P3Y",0
"TRIM60P9Y",0
"RNU6-941P",0
"RNU6-521P",0
"SRIP3",0
"GOT2P5",0
"ATP5PFP1",0
"TRIM60P10Y",0
"ZNF736P2Y",0
"TRIM60P11Y",0
"ZNF736P1Y",0
"ZNF736P5Y",0
"TTTY4C",0
"DAZ4",0
"CDY2B",0
"RNU6-1334P",0
"TOMM22P2",0
"NAP1L1P2",0
"EEF1A1P41",0
"SFPQP1",0
"VCY",0
"DAZ3",0
"DAZ1",0
"AMELY",0
"TBL1Y",0
"DAZ2",0
"RBMY1E",0
"CDY22P",0
"ELOCP17",0
"OFD1P18Y",0
"TRAPPC2P4",0
"RAB9AP3",0
"USP9YP20",0
"RNU1-40P",0
"USP9YP21",0
"XKRYP6",0
"PRYP4",0
"ELOCP11",0
"CDY23P",0
"USP9YP26",0
"HSFY8P",0
"RNU6-1314P",0
"CYCSP48",0
"VCY1B",0
"PNPLA4P1",0
"TBL1YP1",0
"HSFY4P",0
"GAPDHP17",0
"TMEM167AP1",0
"TOMM22P1",0
"NEFLP1",0
"PRORY",0
"TSPY14P",0
"RBMY1HP",0
"TTTY13",0
"ELOCP5",0
"CDY10P",0
"USP9YP3",0
"USP9YP8",0
"CDY11P",0
"HSFY6P",0
"USP9YP18",0
"CDY14P",0
"ELOCP16",0
"USP9YP25",0
"USP9YP29",0
"RNU1-97P",0
"RAB9AP1",0
"TRAPPC2P9",0
"OFD1P11Y",0
"PRYP3",0
"RNU2-57P",0
"KRT18P10",0
"SNX3P1Y",0
"PCDH11Y",0
"ELOCP9",0
"CDY15P",0
"XKRYP4",0
"USP9YP13",0
"USP9YP11",0
"TTTY3B",0
"USP9YP12",0
"RNU1-86P",0
"RAB9AP5",0
"TRAPPC2P10",0
"OFD1P12Y",0
"ELOCP10",0
"CDY1B",0
"CDY17P",0
"USP9YP35",0
"USP9YP31",0
"CDY18P",0
"RN7SL818P",0
"UBE2Q2P4Y",0
"LINC00265-2P",0
"CICP2",0
"RBMY2XP",0
"TTTY17B",0
"TRIM60P5Y",0
"ZNF736P12Y",0
"TTTY4B",0
"BPY2B",0
"ZNF736P4Y",0
"RBMY2YP",0
"CICP1",0
"LINC00265-3P",0
"UBE2Q2P5Y",0
"GOLGA2P3Y",0
"RN7SL725P",0
"CDY19P",0
"USP9YP36",0
"USP9YP33",0
"CDY20P",0
"ELOCP34",0
"OFD1P13Y",0
"TRAPPC2P5",0
"RAB9AP2",0
"USP9YP30",0
"RNU1-107P",0
"TTTY3",0
"USP9YP9",0
"USP9YP19",0
"XKRYP5",0
"CYCSP49",0
"SLC25A15P1",0
"PARP4P1",0
"CCNQP2",0
"CDY1",0
"RBMY1J",0
"RBMY1B",0
"RBMY1A1",0
"RFTN1P1",0
"RBMY2FP",0
"RBMY2BP",0
"TTTY11",0
"ARSLP1",0
"OFD1P6Y",0
"TTTY9A",0
"XKRY",0
"XKRYP7",0
"HSFY3P",0
"TAB3P1",0
"ANOS2P",0
"RBMY2EP",0
"GOLGA2P2Y",0
"TXLNGY",0
"GYG2P1",0
"CDY3P",0
"USP9YP22",0
"USP9YP4",0
"ELOCP4",0
"TTTY20",0
"TSPY4",0
"FAM197Y7",0
"FAM197Y6",0
"TSPY8",0
"RBMY2CP",0
"RBMY2DP",0
"ZNF736P9Y",0
"FAM197Y8",0
"PRKY",0
"FAM197Y5",0
"TSPY1",0
"TSPY9",0
"FAM197Y2",0
"TSPY10",0
"TSPY16P",0
"TTTY22",0
"TSPY18P",0
"RBMY2OP",0
"RBMY2QP",0
"TSPY20P",0
"TSPY5P",0
"RNA5SP518",0
"RNA5SP519",0
"DUX4L31",0
"PCMTD1P1",0
"CDC27P2",0
"RNA5-8SP6",0
"DLGAP5P1",0
"TTTY23B",0
"TSPY2",0
"FAM197Y9",0
"TSPY19P",0
"LINC00280",0
"TSPY17P",0
"TTTY23",0
"FAM224B",0
"TTTY2B",0
"TTTY1B",0
"TTTY7",0
"TTTY8B",0
"TTTY2",0
"TTTY7B",0
"TTTY6",0
"TTTY17C",0
"TTTY6B",0
"SEPTIN14P23",0
"FAM224A",0
"FAM41AY2",0
"TTTY1",0
"LINC00279",0
"TTTY8",0
"HSFY7P",0
"RBMY2AP",0
"STSP1",0
"RBMY2JP",0
"HSFY5P",0
"XGY1",0
"RBMY2WP",0
"USP9YP28",0
"PRYP1",0
"OFD1P1Y",0
"PRYP2",0
"USP9YP14",0
"RNASEH2CP1",0
"PPP1R12BP2",0
"REREP1Y",0
"GPR143YP",0
"OFD1P15Y",0
"REREP2Y",0
"ANKRD36P1",0
"OFD1P2Y",0
"OFD1P5Y",0
"TTTY9B",0
"RBMY2TP",0
"OFD1P10Y",0
"GOLGA6L11P",0
"DNM1P24",0
"CSPG4P2Y",0
"CSPG4P3Y",0
"SEPTIN14P22",0
"CSPG4P4Y",0
"CSPG4P1Y",0
"DNM1P48",0
"GOLGA6L16P",0
"TPTE2P4",0
"RBMY1A3P",0
"TSPY7P",0
"TSPY6P",0
"TSPY15P",0
"RBMY3AP",0
"RBMY2NP",0
"TSPY13P",0
"TSPY11P",0
"RBMY2GP",0
"ACTR3BP7",0
"BNIP3P2",0
"ZNRF3-IT1",0
"ISX",0
"COX5BP7",0
"MTFR2P2",0
"LINC02556",0
"SKP1P4",0
"SCUBE1-AS1",0
"RNU6-1066P",0
"RN7SKP169",0
"MIR5739",0
"SNORD83A",0
"MIR6821",0
"SNORD83B",0
"SNORD43",0
"MIR4535",0
"RN7SKP214",0
"IGLCOR22-1",0
"CPSF1P1",0
"IGLCOR22-2",0
"IGLVIVOR22-2",0
"RN7SL305P",0
"MIR548J",0
"RPL39P41",0
"ARL5AP4",0
"COX6B1P3",0
"EIF4HP2",0
"PPP1R26P4",0
"E2F6P1",0
"CELSR1P1",0
"RPL28P6",0
"DNAJA1P6",0
"RHEBP3",0
"ACR",0
"SNORA50B",0
"YME1L1P1",0
"SSBP3P3",0
"RN7SKP221",0
"RNU6-495P",0
"RN7SL162P",0
"RPL8P5",0
"MIR4761",0
"MIR185",0
"MIR3618",0
"MIR1306",0
"MIR6816",0
"SNORA77B",0
"KRT18P62",0
"RN7SL168P",0
"SEPTIN5",0
"GP1BB",0
"MIR1286",0
"MIR33A",0
"MIR378I",0
"RNU7-167P",0
"MIR3909",0
"MIR6069",0
"RNU6-900P",0
"MIR6820",0
"MIR301B",0
"MIR130B",0
"RNU6-225P",0
"RN7SL812P",0
"KRT18P5",0
"GSTT2B",0
"GSTT3P",0
"RNU6-1219P",0
"SNORD125",0
"GAL3ST1",0
"KLHL5P1",0
"RPS29P31",0
"GSC2",0
"PPP1R26P3",0
"ATP5PFP2",0
"BCRP8",0
"GALR3",0
"MIR658",0
"MIR659",0
"PRODH",0
"MIR649",0
"MTCO1P20",0
"MTCO2P20",0
"MTATP6P20",0
"MTCO3P20",0
"MTCYBP34",0
"MTND1P10",0
"CLCP1",0
"AIFM3",0
"RIMBP3C",0
"IGLVI-70",0
"IGLV4-69",0
"IGLV10-54",0
"IGLV10-67",0
"IGLVV-66",0
"IGLVIV-64",0
"IGLV4-60",0
"IGLVIV-59",0
"IGLVV-58",0
"BMP6P1",0
"IGLV6-57",0
"IGLVI-56",0
"IGLV11-55",0
"IGLVIV-53",0
"IGLV5-52",0
"IGLV1-50",0
"IGLV5-48",0
"ASH2LP2",0
"IGLV5-45",0
"IGLVI-42",0
"IGLVVII-41-1",0
"IGLVI-38",0
"IGLV1-36",0
"IGLV7-35",0
"HMGN2P9",0
"MB",0
"MRPS16P3",0
"MIR6819",0
"CRYBB2",0
"OR11H1",0
"BPIFC",0
"BBLNP2",0
"MIRLET7A3",0
"MIR4763",0
"MIRLET7B",0
"RNU6-513P",0
"RNU12",0
"RPL32P5",0
"FAM32BP",0
"CECR9",0
"RN7SL843P",0
"LINC02557",0
"IGLL1",0
"POM121L7P",0
"E2F6P2",0
"PPP1R26P5",0
"SUSD2P1",0
"RN7SKP63",0
"FAM246C",0
"ZNF280A",0
"IGLV3-31",0
"IGLV3-29",0
"IGLVVI-25-1",0
"IGLV3-24",0
"IGLVVI-22-1",0
"IGLVI-20",0
"IGLV3-17",0
"IGLV3-15",0
"MIR6889",0
"RN7SL704P",0
"TPTEP2-CSNK1E",0
"FAM246A",0
"MIR3199-1",0
"MIR3199-2",0
"RN7SL757P",0
"MIR1281",0
"RNU6-816P",0
"MIR650",0
"IGLV3-4",0
"IGLV4-3",0
"MIR5571",0
"IGLJ1",0
"IGLC1",0
"IGLJ4",0
"IGLC4",0
"IGLJ5",0
"IGLJ6",0
"IGLJ7",0
"POM121L9P",0
"LRP5L",0
"P2RX6P",0
"PRAMENP",0
"CECR7",0
"FAM247A",0
"POM121L4P",0
"GGT2P",0
"POM121L1P",0
"RRP7BP",0
"BCRP2",0
"RPL23AP82",0
"TMEM191A",0
"CRYBB2P1",0
"ISCA2P1",0
"AP1B1P1",0
"AP1B1P2",0
"GGTLC3",0
"PI4KAP1",0
"RN7SKP131",0
"SUSD2P2",0
"FAM246B",0
"CA15P2",0
"PPP1R26P2",0
"GUSBP11",0
"MIR1249",0
"UPK3A",0
"RNU6-1161P",0
"MIR4762",0
"RN7SL633P",0
"RPS15AP37",0
"PLA2G3",0
"SNRPNP2",0
"MIR3928",0
"RNU6-1128P",0
"RNA5SP496",0
"RPL17P52",0
"RNU6-201P",0
"RNA5SP497",0
"ETFRF1P1",0
"TRNT1P2",0
"POM121L15P",0
"SLC25A5P1",0
"LINC01399",0
"PI4KAP2",0
"C22orf46P",0
"SERHL",0
"TUBA3FP",0
"RNU6-409P",0
"KRT18P23",0
"ANP32BP2",0
"PRR5-ARHGAP8",0
"RPL6P28",0
"MIR4766",0
"RNU6-338P",0
"MIR7109",0
"SEZ6L-AS1",0
"RNA5SP495",0
"VPREB1",0
"RPS25P10",0
"SCUBE1-AS2",0
"CES5AP1",0
"ZDHHC8BP",0
"RPL35P8",0
"BMS1P22",0
"DUXAP8",0
"MED15P7",0
"RPS3AP51",0
"MIR3619",0
"ABCD1P4",0
"PABPC1P9",0
"ACTR3BP6",0
"CHEK2P4",0
"KCNMB3P1",0
"CCT8L2",0
"TPTEP1",0
"SLC25A15P5",0
"PARP4P3",0
"ANKRD62P1-PARP4P3",0
"VWFP1",0
"HSFY1P1",0
"GPM6BP3",0
"MTND1P17",0
"IGKV1OR22-5",0
"IGKV2OR22-3",0
"IGKV3OR22-2",0
"IGKV1OR22-1",0
"LINC01656",0
"LINC00207",0
"PCAT14",0
"LINC02558",0
"SYN3-AS1",0
"LINC01637",0
"LARGE1-AS1",0
"FAM230H",0
"LINC01639",0
"KIAA1671-AS1",0
"FAM230D",0
"LINC02559",0
"FAM247B",0
"LINC01664",0
"RN7SKP252",0
"RPL5P35",0
"MGAT3-AS1",0
"LINC01659",0
"FAM230B",0
"NBEAP3",0
"FRG1FP",0
"HMGB1P10",0
"GGTLC4P",0
"POM121L10P",0
"GAPDHP37",0
"BCRP7",0
"TSSK1A",0
"IGLL3P",0
"BCRP1",0
"IGLL4P",0
"BCRP5",0
"POM121L8P",0
"BCRP6",0
"CSF2RBP1",0
"GRAMD4P2",0
"CCDC188BP",0
"NF1P6",0
"FABP5P11",0
"VN1R9P",0
"CYCSP41",0
"OR4K11P",0
"CTBP2P10",0
"RBPMSLP",0
"SREK1IP1P1",0
"NEK4P1",0
"SLC6A6P1",0
"CTBP2P9",0
"TUBAP1",0
"VN1R7P",0
"ZNF299P",0
"SNX19P1",0
"SLC25A15P4",0
"C1QBPP1",0
"LINC00317",0
"KRT18P2",0
"KRTAP25-1",0
"RPSAP68",0
"RPL8P2",0
"RPL37P3",0
"THUMPD1P1",0
"PPIAP1",0
"LLPHP2",0
"KRTAP24-1",0
"RPS3AP1",0
"EIF4A1P1",0
"LINC00307",0
"RNGTTP1",0
"OR4K12P",0
"RPSAP64",0
"TPT1P1",0
"CLDN8",0
"LINC02943",0
"HUNK-AS1",0
"SNX18P12",0
"NIPA2P3",0
"LINC01700",0
"FDX1P2",0
"SPATA20P1",0
"PSMA6P3",0
"BNIP3P43",0
"GTF2IP2",0
"SNRPGP13",0
"MIR6724-2",0
"MIR6724-3",0
"RNA5-8SN3",0
"MIR6724-4",0
"RNA5-8SN1",0
"MIR6724-1",0
"RNA5-8SN2",0
"MIR3118-1",0
"RNU6-286P",0
"RNU6-113P",0
"RN7SKP147",0
"RNU6-772P",0
"RNU2-55P",0
"RNU1-139P",0
"RNU4-45P",0
"MIR3156-3",0
"RN7SKP236",0
"MIR155",0
"MIR6130",0
"MIR4759",0
"MIR548X",0
"RNU6-614P",0
"RN7SL740P",0
"UMODL1-AS1",0
"MIR802",0
"RPS20P1",0
"PPP1R2P2",0
"RNU6-992P",0
"OR7E23P",0
"RNA5SP491",0
"DPRXP5",0
"MRPL20P1",0
"RNU6-696P",0
"MIR5692B",0
"CBS",0
"MTCO1P3",0
"COL18A1-AS2",0
"MIR6815",0
"TPTE",0
"RNU6-954P",0
"NF1P3",0
"RNA5SP488",0
"PCBP2P1",0
"GET1-SH3BGR",0
"MIR6508",0
"MYL6P2",0
"RPS26P4",0
"PCP4",0
"MIR4760",0
"DSCAM-IT1",0
"YRDCP3",0
"MIR3197",0
"PCSEAT",0
"LINC00111",0
"RIPK4",0
"MIR6814",0
"TFF2",0
"LINC00322",0
"RPL31P1",0
"H2BC12L",0
"MIR6070",0
"DNMT3L",0
"DNMT3L-AS1",0
"TSPEAR",0
"KRTAP10-1",0
"KRTAP10-2",0
"KRTAP10-3",0
"KRTAP10-5",0
"KRTAP10-6",0
"KRTAP10-8",0
"KRTAP10-10",0
"KRTAP10-11",0
"KRTAP12-4",0
"KRTAP12-3",0
"KRTAP12-2",0
"IMMTP1",0
"KRTAP12-1",0
"KRTAP12-5P",0
"KRTAP10-13P",0
"PCBP3-AS1",0
"FTCD-AS1",0
"OLIG2",0
"OLIG1",0
"KRTAP8-2P",0
"KRTAP8-3P",0
"KRTAP8-1",0
"KRTAP7-1",0
"TIAM1-AS1",0
"HMGN1P2",0
"KRTAP10-9",0
"IGSF5",0
"B3GALT5",0
"RPS5P3",0
"MIR6501",0
"KRTAP26-1",0
"KRTAP13-2",0
"MIR4327",0
"KRTAP13-5P",0
"KRTAP15-1",0
"KRTAP19-1",0
"KRTAP19-4",0
"KRTAP19-5",0
"KRTAP19-10P",0
"KRTAP19-11P",0
"KRTAP22-2",0
"KRTAP6-3",0
"KRTAP20-4",0
"KRTAP20-2",0
"KRTAP20-3",0
"KRTAP21-3",0
"KRTAP21-4P",0
"KRTAP21-1",0
"KRTAP23-1",0
"KRTAP13-3",0
"RNU6-426P",0
"VDAC2P1",0
"SNORD74B",0
"MIR99A",0
"MIRLET7C",0
"MIR125B2",0
"RNU1-98P",0
"SH3BGR",0
"KRTAP13-4",0
"KRTAP6-2",0
"KRTAP6-1",0
"MTND6P21",0
"BAGE2",0
"COL6A2-DT",0
"GRAMD4P1",0
"CXADRP1",0
"LONRF2P5",0
"MIR8069",0
"TERF1P1",0
"FAM207CP",0
"GXYLT1P2",0
"CNN2P7",0
"ZNF114P1",0
"CYP4F29P",0
"RHOT1P2",0
"POLR2CP1",0
"GAPDHP16",0
"BACH1-IT3",0
"GRIK1-AS1",0
"RNU6-926P",0
"KRTAP10-12",0
"RPL12P9",0
"GAPDHP14",0
"DNAJC28",0
"DSCR4-IT1",0
"DSCR10",0
"LINC01667",0
"NCOR1P4",0
"SSR4P1",0
"CYCSP42",0
"RNU6-1326P",0
"SNX18P10",0
"MIR3648-2",0
"CDRT15P9",0
"CBR1-AS1",0
"RPL23AP4",0
"LINC00113",0
"LINC01670",0
"BRWD1-AS1",0
"LINC02573",0
"LINC03105",0
"LINC01692",0
"DSCAM-AS1",0
"DSCR8",0
"FRGCA",0
"LINC03104",0
"LINC01668",0
"LINC00945",0
"LINC01690",0
"LINC00479",0
"TSPEAR-AS1",0
"LINC01548",0
"HEPFAL",0
"LINC00112",0
"LINC00159",0
"LINC01424",0
"LRRC3-DT",0
"LINC00160",0
"LINC00319",0
"BACE2-IT1",0
"CDRT15P8",0
"RPL39P40",0
"RPL37P4",0
"FGF7P2",0
"ANKRD20A18P",0
"ERLEC1P1",0
"MTCYBP21",0
"MTND5P1",0
"RPL23P2",0
"C21orf140",0
"SMIM34",0
"MT-TL2",0
"MAFIP",0
"RNA5-8SN4",0
"RNA5-8SN5",0
"CD109",-1.81482153334847e-07
"ENTPD7",-3.60369940301577e-07
"ATP10D",-6.00394717739725e-07
"IGSF8",-1.047420824538e-06
"PRP4K",-1.43277395896191e-06
"JPT2",-1.84466287108198e-06
"NASP",-3.07146824061041e-06
"BRAP",-3.28179552339427e-06
"PKD2",-3.31259111245548e-06
"KYAT3",-3.31501444029487e-06
"TMEM59",-4.27375406073929e-06
"CLN5",-4.57613851810681e-06
"SOHLH2",-6.99375905567425e-06
"LAYN",-7.51142178964728e-06
"BCAS2",-8.89704016675951e-06
"VPS36",-1.07764739195611e-05
"TBCC",-1.23747975576758e-05
"NAPG",-1.42034691805415e-05
"SCAPER",-1.58278176400249e-05
"TTC14",-1.67379173280323e-05
"PSMC2",-1.74181370458841e-05
"KIR2DL1",-1.77929514741589e-05
"DLX2",-1.959448965432e-05
"LYRM4-AS1",-2.12280551097776e-05
"NCOA7",-2.14879553755986e-05
"LYZ",-2.16726817157847e-05
"SLIRP",-2.33197447544528e-05
"USP37",-2.35460748099947e-05
"RRAGA",-2.39299412265415e-05
"SPOPL",-2.70911003715891e-05
"CDK13",-2.9088791416216e-05
"TRIM10",-3.08712705985015e-05
"TUBD1",-3.33363966212965e-05
"TUBB6",-3.50618669285003e-05
"HIF1A",-3.55173588555202e-05
"ZDHHC12-DT",-3.56396879663764e-05
"SDSL",-3.64576432104447e-05
"TRDV2",-3.72430792591303e-05
"ATP1B2",-3.80245700749008e-05
"ARL6IP4",-3.99333000110921e-05
"RPS10P13",-4.17023057278278e-05
"FUBP3",-4.21335892316106e-05
"PIK3C2A",-4.24564313355296e-05
"TMEM167B-DT",-4.32133705597083e-05
"TMEM184A",-4.54444949955802e-05
"HNRNPH3",-4.5956055673969e-05
"MAD1L1",-4.71063372763012e-05
"GOLGA5P1",-4.96812184843909e-05
"DENND3",-5.00334646849065e-05
"ACTL6A",-5.48100206594177e-05
"TDRKH-AS1",-5.78743913002225e-05
"PRKD3",-5.82310521366019e-05
"MFF",-6.15034690609532e-05
"PFN1P1",-7.10678505731229e-05
"RNU1-103P",-7.52633755894299e-05
"LINC02273",-7.53075661524958e-05
"PTPN2P1",-7.65649773380893e-05
"TIMM17A",-7.67761605991639e-05
"GPR25",-8.10567817150451e-05
"LINC01089",-8.3084057793959e-05
"RPS10P4",-8.32746551360873e-05
"RBM39",-8.36945240162269e-05
"DPM1",-8.5320329806595e-05
"RAB27A",-8.66853549119423e-05
"ORMDL2",-8.70423001450288e-05
"EEF1E1",-8.77686308382388e-05
"ATP5MC2P2",-8.86299847220913e-05
"INPPL1",-9.13145726321685e-05
"CDIP1",-9.3526602731919e-05
"PHB1",-9.41535223089279e-05
"SEMA6B",-9.49781852639059e-05
"RANBP3-DT",-0.000100299643134142
"DBET",-0.000111106791931161
"NCAPH2",-0.000111273212079119
"DNAL1",-0.000115780279334795
"H2BC6-AS1",-0.000116564133724517
"DNAJA1",-0.000119707192568631
"MFSD4B",-0.000123889545541292
"NUP54",-0.000124065190625138
"ACER3",-0.000126188709535946
"ZNF816",-0.000129561184478331
"NDE1",-0.000136290006956931
"AHCTF1P1",-0.000141310047901943
"SS18L2",-0.000141588101353926
"CNP",-0.000142301650221711
"HCN4",-0.000146857299914944
"SCAF11",-0.000153311814520661
"LINC00895",-0.000154025376423908
"POLR2J3",-0.000161874418960287
"LAMC1",-0.000165314772850166
"OTOA",-0.000170490633251133
"VPS45",-0.000176047997047932
"STAG2",-0.000176097665157119
"TPRG1L",-0.000178358520029534
"HDDC2",-0.000180845436021735
"NLRP1",-0.000181640842740886
"SSX1",-0.000186326103314322
"LUARIS",-0.000190070681498265
"RELA-DT",-0.000192018977919316
"ATP5MC2P4",-0.000193509941036067
"ISG20",-0.000196285857758113
"HYCC2",-0.000197870474183851
"LINC02976",-0.000204002364037979
"VDAC1P6",-0.000209444968748969
"TNIP3",-0.000211003785290738
"PPCDC",-0.000218539012277228
"SLC35A1",-0.000226633345328018
"RNU6-85P",-0.000232392557679522
"CARF",-0.000235685789800746
"LINC01994",-0.000252613836894129
"TP53I3",-0.000254186051377354
"PIMREGP3",-0.000256505894209649
"CCDC88A",-0.000257410401335329
"HERC1",-0.00025741706428676
"SOCS7",-0.000258368710993139
"GIMAP8",-0.000261957986828128
"TOX4",-0.000262634212868748
"OR5AK2",-0.000263700980288446
"INSRR",-0.000263779914718416
"TPR",-0.000265437076681476
"CASKIN1",-0.000265940940838352
"PDIA3P2",-0.000270397249510615
"TRBC1",-0.000271610687484597
"TCL6",-0.000273435021156723
"SPINT1",-0.00027386597354952
"LINC02391",-0.000274695559742173
"ZNF497",-0.0002758660033115
"PTPN22",-0.000277299236566744
"NXT1P1",-0.000282000303492934
"NDUFB2-AS1",-0.000290320764804677
"FAF1-AS1",-0.000293191958096143
"DEGS2",-0.000295530552167106
"RNA5SP203",-0.000295871693601156
"TXN",-0.00030107805959664
"DMP1",-0.000302844283894565
"RN7SL524P",-0.000307245540810855
"AK1",-0.00030756484311435
"CYP27A1",-0.000311033517801904
"MRPL20",-0.000315466141042651
"PPP4R1-AS1",-0.000316300402820192
"POLR2C",-0.000320589865584691
"RAVER1",-0.000325206936410895
"HSPA1A",-0.000327299884644264
"UBFD1",-0.000340921037533955
"GSDMB",-0.000342849158343485
"TP53INP2",-0.000346709499572011
"CERS4",-0.000351121010020544
"CALM1",-0.000353854806045862
"ZNF385B",-0.000358988448967957
"PALM2AKAP2",-0.000361735328842138
"KCNB1",-0.000364572644418031
"HNRNPCP6",-0.000368738358143557
"MUC2",-0.000370302270951233
"H2AC14",-0.000370489604694967
"LINC02507",-0.000372096247545712
"NSA2P7",-0.000372279239572939
"MSH3",-0.000374065789419789
"PWWP2A",-0.000380631030104361
"AREG",-0.000382014488340131
"SRSF10",-0.000386310625772046
"LINC02195",-0.000387729854444179
"SERPINB6",-0.000388045951676738
"RPL30P4",-0.000404116747876722
"LINC01410",-0.000404245173262
"RNU6-681P",-0.000433485988575543
"SLC4A3",-0.000449192524357544
"LINC02046",-0.000449192524357544
"COCH",-0.000452839974044996
"ABCC2",-0.000462682479064198
"PARN",-0.000484895310845176
"AP3S2",-0.000491062582665739
"DNAJB6",-0.000495071211972616
"MAST4-AS1",-0.000498951408443797
"TBPL1",-0.000507398157972494
"SHC2",-0.000528789422238204
"KIAA0040",-0.00053296403276419
"GPCPD1P1",-0.000537606535937876
"PHACTR1",-0.000560013423624075
"C12orf75",-0.000569404990156175
"ECMXP",-0.000574341410920561
"FRG2EP",-0.000574341410920561
"SLC39A10",-0.000577062126219465
"TP53",-0.000583984747772445
"BRD7P2",-0.000588736331356127
"MTSS1",-0.000596651416273678
"XAGE2",-0.00060209532262195
"MS4A6E",-0.000602901684472193
"PVR",-0.000612865903535908
"TERF1P4",-0.00061455685930126
"B4GALNT3",-0.000619909516406513
"ARMT1",-0.000624086625203193
"TIMM8BP2",-0.000626247555032203
"ADAM11",-0.000630371063626491
"ABCC13",-0.000630466139100628
"EIF3LP2",-0.00064117275241814
"ZNF675",-0.000655158669496577
"KRIT1",-0.000665409374090525
"LINC02355",-0.000680650859471822
"PTP4A2",-0.000680885738493434
"LINC02743",-0.000683549509191476
"NUTM2E",-0.000694620525946655
"STX8",-0.000706611326720888
"SDCCAG8",-0.000716277512571389
"NUTF2",-0.000717317018436901
"SF3B6",-0.000725838507618984
"TMEM116",-0.000728276220752902
"DOHH",-0.000745454106249817
"AIDA",-0.000745499684989905
"ZC3H11C",-0.00075240563153892
"RNFT1P2",-0.000758305772616425
"MYL12BP1",-0.000770842764741386
"MYBL1",-0.000774189009283355
"LINC01226",-0.000787700438796988
"PTPRB",-0.000789785896426569
"ZNRF2",-0.000794414513889643
"WASF3",-0.000797369550227114
"NONO",-0.000797384740056263
"ST13P4",-0.00080854257717547
"YBX1P10",-0.00081611070121977
"LINC01811",-0.000820993157714118
"LYRM1",-0.000823121550053102
"PRPS1",-0.000826050291641826
"SPATA22",-0.000834455860667629
"KPNA5",-0.000834821625533025
"ZNF500",-0.000851829252528396
"KCTD10",-0.000867190805324344
"RPS17",-0.000874990369087022
"RPH3A",-0.000878703834134656
"IKZF3",-0.000887869055358003
"DMXL1",-0.00089706047015412
"CLCN4",-0.000897569005166266
"ZNF268",-0.000898706800217823
"GCC2",-0.000900580241651185
"ENC1",-0.000901928524775551
"TNFRSF19",-0.00090296215600818
"GRTP1",-0.000915658895806279
"INPP5F",-0.000918489778539909
"DYNLL1P1",-0.000939199197006273
"ZNF135",-0.000941413465637471
"AMD1",-0.000942705094668777
"CKS1BP7",-0.000948327385785591
"APC2",-0.000952643828738015
"ANP32A",-0.000959962979372089
"NT5DC2",-0.000971929316342597
"ANKRD12",-0.000972165425772666
"BAZ1A",-0.00097699177264079
"SAMD8",-0.000981648686098874
"HSP90AA2P",-0.0009839697164676
"CHD5",-0.00099082653205046
"KIF3B",-0.000993093053946988
"LHX2",-0.000993663453740216
"KCNIP1-AS1",-0.000996753968193928
"ITGA7",-0.00100274864904483
"GAS8",-0.00101138581370686
"AFP",-0.00101220697193927
"RN7SL339P",-0.00101637404842255
"OR5AS1",-0.00101637404842255
"OGDHL",-0.00101637404842255
"LINC00385",-0.00101637404842255
"MPP2",-0.00101637404842255
"KRTAP9-9",-0.00101637404842255
"TBC1D26-AS1",-0.00102307863362446
"RSPO2",-0.00102377562876392
"VDAC1P2",-0.00102926286195817
"CD59",-0.00102952431918935
"AKNA",-0.0010303120236581
"NLK",-0.00103376379490068
"BORCS6",-0.00103430122097116
"ARHGAP25",-0.00103595405882952
"ARHGAP21",-0.00106423990928222
"GPR119",-0.0010716565990638
"ATP2B2",-0.00107233665771709
"GDF11",-0.00107440838930757
"ARMC8",-0.00108365311946226
"LINC02142",-0.00108510821541101
"SCGB2B2",-0.00108551335883291
"CSRP2",-0.0010995800556268
"MRPL57",-0.00112002065810798
"OTUB2",-0.00114121434198577
"FGF12-AS1",-0.00114591821522297
"AGL",-0.00114849309847212
"GPS2P1",-0.00116654343229264
"LINC02545",-0.00118650239727366
"MYO5A",-0.00118888330084553
"ZNF707",-0.00120088839292201
"TMX4-AS1",-0.00120256659663624
"CTSL",-0.00121637441199031
"SSH1",-0.00123289347661533
"SLC24A3",-0.00124064510644648
"DNAH11",-0.00127664750904178
"DLSTP1",-0.00128578801627898
"DDX24",-0.00129984142490168
"RNA5SP364",-0.00130337084601938
"LOXL1-AS1",-0.00132461750554739
"MIR3198-1",-0.0013326534537877
"LRRC37A13P",-0.00134667279967343
"ZYG11B",-0.00135045354809833
"RANBP1P1",-0.0013674163455261
"TLK1P1",-0.00136818509244784
"HNRNPA1P60",-0.00139188373947702
"AGO1",-0.00140464059686783
"B4GAT1",-0.00146720384889426
"SPTLC1",-0.00146906863321125
"S1PR1",-0.00147071997567834
"CLMP",-0.00147274336497841
"BLOC1S5",-0.00150174175234631
"SNORD14A",-0.00150601856835104
"POC1B-GALNT4",-0.00150864023428838
"OCLN",-0.00150873088775333
"KRT18P63",-0.00151130043691543
"ADIPOR2",-0.00153420901706111
"PNRC2",-0.00154325894681288
"ZCCHC2",-0.00154459710037487
"TAT",-0.00155020973132087
"ARHGEF4",-0.00156286496805222
"OR5BB1P",-0.00156712842153302
"MAN1A2",-0.00156718212583853
"DGCR5",-0.00160462467113578
"ZNF808",-0.00160756926822784
"CLIC1P1",-0.00161209285500179
"ST13P3",-0.00163607026750976
"ALKBH7",-0.00163965306852542
"MAD2L1",-0.00166267681824273
"TMEM60",-0.00166956089234523
"STMN1",-0.00167828055012794
"POLR2G",-0.00169031156101466
"RPS26P38",-0.00169063140637384
"ZNF451",-0.00169392325790577
"ATP6V0E1",-0.00170152905024297
"EVI2B",-0.00171100721207179
"CLEC16A",-0.00173367247095243
"SEC61A2",-0.00173961824328088
"METTL22",-0.00174815197664966
"DNAJB6P7",-0.00175076041043233
"H2AC17",-0.0017516511874925
"ASAP3",-0.00175749954741209
"AP3B1",-0.0017653369599063
"EIF2B2",-0.00176791325755688
"CYCSP55",-0.00177440386865427
"SENP7",-0.00178392213647963
"CCAR1",-0.00179029486479275
"FABP7",-0.00179783406442205
"PCBD1",-0.00180770419252994
"OFD1P17",-0.00181076836252631
"NOPCHAP1",-0.00186599785894227
"LINC03017",-0.00188011838946346
"UBE2Q2",-0.00189948832405847
"RPS20P15",-0.00191559230782099
"KCNQ1",-0.001950145919092
"TSC22D1-AS1",-0.00199195133963828
"RPL10P3",-0.0020047447125307
"CAPZA2",-0.00200970770928685
"RBM12B-DT",-0.00201382486471506
"ATOX1",-0.00201540371568158
"PARP12",-0.00201541185297177
"RPL17P44",-0.00202391404107454
"MIR924HG",-0.00204724780059375
"NEK2P2",-0.00207810311456153
"HMGN2P18",-0.00208725302988672
"RNPC3",-0.00208985279595776
"ABTB3",-0.00209924343692781
"FAF1",-0.00210720029621995
"SYTL2",-0.00211184250310317
"IFI44L",-0.00211467009007386
"RPL13AP25",-0.00211968334895283
"THRAP3",-0.00212185259790256
"PLAUR",-0.00212559994276369
"LINC01702",-0.00214832652239506
"YPEL2",-0.00215317912101323
"HSPB1P1",-0.00215730946609316
"CEPT1",-0.00215755851171037
"TPM1",-0.00218064081715649
"IGKV2-24",-0.00220157825034832
"ARID1A",-0.00222055943970896
"LPGAT1",-0.00223016634234479
"OIP5",-0.00227142594112484
"ZNF114-AS1",-0.00228701698448876
"RAD9B",-0.00230102985805921
"RILP",-0.00231383216724793
"BORA",-0.00232756711353235
"TGIF2",-0.00233773705987691
"MMADHC",-0.00233947436987861
"ARMC10",-0.00235277932132526
"DDX19A",-0.00238907277806974
"PIK3R4",-0.00240228553257964
"PDP2",-0.00240246682563614
"ARL14EP-DT",-0.00242130085840543
"APOL6",-0.00242136893581117
"PRAME",-0.00243546306875511
"ST13P18",-0.00243966726412897
"ACTR6",-0.00244979022675303
"AK3",-0.00246191153665553
"FHIP2A",-0.00246329881197581
"GNG4",-0.00249764858735981
"ZRANB2-DT",-0.00250146865579208
"HEXB",-0.00251721377401361
"YWHAZP3",-0.00252257955866852
"SATL1",-0.00253596476516092
"CTSS",-0.00254548591171695
"NOSIP",-0.00256393048114949
"L3MBTL2",-0.00257146412170688
"TGS1",-0.00258364008837813
"PTPN9",-0.00258763217065503
"NECTIN3",-0.00259864946381487
"DLX5",-0.00260394435335909
"CHMP1B-AS1",-0.00261954582820934
"ZNF581",-0.00262255968831603
"DIAPH1",-0.00262318837354611
"SRSF11",-0.00263616588148741
"RPL5P29",-0.00269020050501196
"EGFL6",-0.00269177114128353
"EML4-AS1",-0.00269808239991241
"HOMEZ",-0.00271164329569181
"RPS3AP48",-0.00273544552469381
"CUEDC1",-0.0027521889317541
"NOTCH4",-0.0027548910599641
"PPHLN1",-0.00275884324322009
"ARL6IP5",-0.002759041992325
"TFAM",-0.00277417592856373
"ZNF285CP",-0.0027820774231623
"TVP23A",-0.00279634454923302
"SRCAP",-0.00279972786846956
"PHB1P14",-0.00280080899624639
"CYP2A6",-0.00280572319161477
"RPL23AP48",-0.00280592042871756
"ZNF10",-0.00282278447597645
"LINC02666",-0.00282559884855897
"NSA2",-0.00283186357084835
"MIR553",-0.00284271983425625
"TMEM213",-0.00285668071447363
"LINC02427",-0.00291324114711537
"MIR34AHG",-0.0029416937416607
"GALNT11",-0.00295798775445211
"RCAN3",-0.00296082265934512
"ABCF1",-0.00296264046946692
"SUMO2P17",-0.00296515212534138
"MGST3",-0.00297453243748274
"MTHFD2P7",-0.0029883465545548
"MINDY3",-0.00302426964542147
"RPL31P7",-0.00302522016873766
"RASGEF1A",-0.00302929752629413
"DHX8",-0.00305171878602719
"SNORA53",-0.00308324143890671
"PWWP3A",-0.00309764882248924
"EFR3A",-0.00310593037020409
"VCF2",-0.00310884617737345
"OSMR",-0.00313105997941832
"NUTM2A-AS1",-0.00314283626737746
"LUZP1",-0.00317740670936101
"TNRC6B",-0.00318900758324417
"PRKX",-0.00319630057829235
"A3GALT2",-0.00320790504038814
"CNOT7",-0.00321402990388995
"LINC01418",-0.0032146980219775
"ZC3HC1",-0.00322027211219202
"SLC43A1",-0.00322576473185071
"APBB1IP",-0.0032287656084933
"FPR1",-0.00329127466779091
"CHMP1B",-0.0033119378076441
"GMFG",-0.00331214702174431
"CEP350",-0.003323013732413
"SEL1L",-0.00335476049726704
"CFL1P4",-0.00338674588117272
"ARID3B",-0.00339106221555987
"SNRNP27",-0.00340078027916414
"CHMP6",-0.00340381763894952
"SPDYE3",-0.00342349640777866
"CYP4A11",-0.00343452909039716
"PSMD10",-0.00346879750891792
"LARP4",-0.00349432482232007
"HMGB1P4",-0.00350713060534204
"LOXL2",-0.00352265643971548
"NDUFA1",-0.00354252621988085
"NIPSNAP1",-0.00355204856789358
"LINC01992",-0.00358063936832574
"TRIM56",-0.00359765891558421
"SNRPGP9",-0.00362688689691402
"TSGA13",-0.00363299844337199
"KLF4",-0.00364268519373476
"GTPBP8",-0.00367194367800509
"SSRP1",-0.00368236168736698
"S1PR2",-0.00368669308127386
"SMARCAD1",-0.00370687463099907
"BATF",-0.0037308311873436
"TM7SF2",-0.0037368427552262
"CCND1",-0.00373828213525727
"HSP90AB3P",-0.00375210115845155
"UBE2H-DT",-0.00375212171477012
"DCAF13P1",-0.00380667644179327
"MEF2C-AS1",-0.00382637998431922
"CRYBG3",-0.00382961165071967
"EMICERI",-0.00384767509626963
"LINC01801",-0.00385322672739847
"SAT1-DT",-0.00385373505516954
"SAXO1",-0.00389671926978232
"P2RY10",-0.00392265783745692
"CETN3",-0.00392386249336882
"RN7SKP48",-0.00392565149343535
"ZNF493",-0.00393069290052285
"RLF",-0.00393644118334026
"RNU6-1",-0.00394433278220593
"MMP26",-0.00394801654401045
"PAIP2",-0.00396064960654296
"ANKRD54",-0.00396229998380195
"IGLV1-62",-0.00396625435148669
"AFTPH",-0.00398567680577744
"CNKSR3",-0.00399496453345212
"PPIAP16",-0.00400161897763583
"CPSF7",-0.00400632570764666
"NBPF2P",-0.00400702212791112
"CAPN12",-0.00400884805587268
"BUD31",-0.00401186973639326
"VEGFC",-0.00402676843621738
"PTOV1-AS1",-0.00404977996601896
"KDM6A",-0.00405908940831827
"METTL16",-0.00408022634664891
"SMIM21",-0.00408713788170896
"NAP1L4P1",-0.00409664260719396
"SNX25",-0.00409679557773176
"TBL1X",-0.00410618433143423
"ZBED4",-0.00412569452936743
"BRPF3-AS1",-0.00412608352709303
"PENK-AS1",-0.00413003189659572
"SP1",-0.00413116437185603
"LDLRAD1",-0.00413181422422102
"ATOX1-AS1",-0.00415086600975519
"PNMA1",-0.00415431105223036
"MAEL",-0.00415473795123034
"IGKV1-13",-0.00415646949892962
"FAM168A",-0.00416111292715522
"KPNA2P1",-0.00416317256538252
"LINC03002",-0.0041710264170881
"EML2",-0.00418172009544588
"RN7SL784P",-0.00418576658595172
"SOWAHC",-0.00421400010998658
"LRRFIP1",-0.00424931938605318
"SYDE1",-0.00427358617312864
"HTRA2",-0.00428262746653333
"LINC01878",-0.00428424374923652
"ASPHD1",-0.00429795267192017
"PEBP1P2",-0.00429891275135485
"TM9SF3",-0.00433808032442748
"ARHGAP8",-0.00436103342952332
"LINC02498",-0.00436296776324791
"SHLD3",-0.00437343181280302
"LINC01885",-0.00437362522380281
"PEDS1",-0.00438854188879677
"LMNA",-0.00439228615504394
"OVAAL",-0.00441602291601253
"NAA15",-0.00442038746914518
"PRICKLE1P1",-0.004421386693252
"SPATA32",-0.00443517535232535
"FBXO47",-0.00444104891576085
"RFWD3",-0.00446207223724075
"NISCH",-0.00446432957269718
"NUP210L",-0.00447886520369442
"HECTD1",-0.00448020335231295
"H3-3A",-0.0044911723507153
"RPS10P2",-0.0044924386940036
"ZNF496",-0.00450089148008494
"SMIM10L1",-0.00453728488114534
"PRPF3",-0.00455555303282422
"KPNB1",-0.00455884440970525
"ZNF597",-0.00457000468124254
"MXRA7",-0.0045753542235879
"RIC8A",-0.00457869798668857
"HHIPL2",-0.00458994429679218
"SLC22A3",-0.00459011130747455
"LINC02922",-0.00459435330679827
"BTF3P5",-0.0046021858751879
"GTF3C6",-0.00461122861134326
"MPLKIP",-0.00461135125149504
"TXNRD1",-0.0046121140274164
"CD44",-0.00462136231321285
"TMEM25",-0.00468622558141726
"UBE2E4P",-0.00473887514055882
"FAR2",-0.00474498866444307
"PSMD11",-0.00474633526615482
"RAP2C",-0.00476517290717816
"EIF3LP3",-0.0047775813427983
"TBX18",-0.00478936644065228
"RPS2P55",-0.00480156999420336
"RPL36AP7",-0.00480324648756487
"SNAPC1",-0.00481490989922522
"KLHL14",-0.00484458517864825
"TMEM256",-0.00485782280450112
"ATP2C1",-0.00488791121541832
"SETX",-0.0048907196176684
"LINC01754",-0.00489082923228415
"CD209",-0.00490764362954848
"PGGT1BP1",-0.0049580972345802
"PMM1",-0.00498194546481135
"REV1",-0.00502490136462328
"CCT5P1",-0.00505325239874373
"OSTCP2",-0.00506985617015279
"RHBDD1",-0.00507053332594806
"RPL30P14",-0.00508957688202772
"ERMP1",-0.00510122691680801
"SLC9A9-AS1",-0.00511636469906902
"LINC01685",-0.00516413612049905
"RHBDD2",-0.00517029441660315
"MSH6",-0.00517908731970894
"PRADC1",-0.00518279989106618
"NENF",-0.00519771238608372
"OR52L2P",-0.00520480034503167
"SLC7A1",-0.00520990326500873
"ATF4P4",-0.00521339781433347
"CEP20",-0.00522981525390646
"PAN3",-0.00525736024604919
"COIL",-0.00525907307508551
"OXGR1",-0.00528347320604381
"ZNF622",-0.00528815171121814
"YES1",-0.00533955434409519
"SBNO1",-0.00534183558449164
"RHBDF1",-0.00539177077691871
"GLIPR1",-0.00539447743417708
"ACSM4",-0.00540077627511495
"BTBD7",-0.00540856217999897
"H3P9",-0.00541196076730742
"DNPEP",-0.00542493738269659
"INO80",-0.00544548519317155
"DENND4C",-0.00550635615870775
"ANKRD62",-0.00551233173444824
"CCRL2",-0.00551420397855961
"PCDHA2",-0.00551882445574171
"ZNF7",-0.00552814316793548
"RORB-AS1",-0.00553835414310197
"MYOM1",-0.00554384000405288
"POLR3C",-0.00555727400104404
"RPL41P5",-0.00555806038202369
"TMEM33",-0.00556576905793041
"KIF26A-DT",-0.00558786688705838
"CCDC3",-0.00564277456241255
"GOLM1",-0.00567218457018916
"BUB1",-0.00569470163253348
"SLC12A1",-0.0057017162220351
"RTCB",-0.0057097245874183
"RNU6-8",-0.00573607533375529
"SCARNA3",-0.00576647273374801
"WDR17",-0.00576682156243052
"DSTNP1",-0.00579645525312926
"JAK3",-0.00579822543503845
"NACA",-0.00581469196300495
"LINC01833",-0.00582576632084001
"BRCA2",-0.00583184659318699
"SERPINB5",-0.00584983112345743
"KLHL28",-0.00585120658014178
"FABP5P10",-0.0058795222940896
"PSMB1",-0.00588976629432601
"MTCO2P4",-0.00591615616959398
"NPM1P3",-0.00592825602496648
"SREK1",-0.00592888551101996
"PHOX2A",-0.00594645111899068
"LINC02301",-0.00596935812933224
"GSS",-0.00597646823238944
"PLAA",-0.0059869361250419
"CPSF3",-0.00599521338794346
"PHF21A",-0.00599616767207996
"ADAM7",-0.00600165492715197
"SNORD3A",-0.00604388067157507
"H2AZ1-DT",-0.00606454199370971
"H2AZP3",-0.00607375917678431
"RPL15P3",-0.00609571125345641
"NVL",-0.00613067690338105
"RPL13P2",-0.00617005534733241
"LINC00332",-0.00617680771866789
"BRAF",-0.00617860795788313
"CCL11",-0.00619115846057034
"TNKS",-0.00621852719093227
"MED21",-0.00626856307194964
"ATP5MFP6",-0.00630522510099308
"LRRTM4",-0.00632020348520635
"HNRNPU",-0.00634382452797616
"MAPK8IP1P2",-0.00634721518309237
"RBM48",-0.0063743824582593
"SLC51A",-0.006376914254644
"ZNF280D",-0.0063879697351324
"TBC1D14",-0.00639322731280992
"SKIC2",-0.00639698380804441
"FMO11P",-0.00641025279617506
"HCG4B",-0.0064516488644516
"TTLL11",-0.00645436606669295
"POLDIP3",-0.00648303742957444
"BTN3A3",-0.00652073068344674
"SREBF1",-0.00658984609230831
"DNAJB7",-0.00661305449903404
"CCNB1IP1P1",-0.0066148149698118
"ELOCP18",-0.0066148149698118
"RPL39P17",-0.0066148149698118
"RPL35AP10",-0.0066148149698118
"RPL7P16",-0.0066148149698118
"TUBB4BP5",-0.0066148149698118
"FABP5P12",-0.0066148149698118
"WNT8A",-0.0066148149698118
"LINC01333",-0.0066148149698118
"SERPINB8P1",-0.0066148149698118
"NPM1P51",-0.0066148149698118
"VN1R11P",-0.0066148149698118
"E2F6P4",-0.0066148149698118
"ADAM24P",-0.0066148149698118
"RPL21P84",-0.0066148149698118
"FAM242D",-0.0066148149698118
"OR2AG2",-0.0066148149698118
"RPA2P2",-0.0066148149698118
"LINC00706",-0.0066148149698118
"APOBEC1",-0.0066148149698118
"LINC00561",-0.0066148149698118
"PCDH8",-0.0066148149698118
"C16orf92",-0.0066148149698118
"LNCNEF",-0.0066148149698118
"ERVV-2",-0.0066148149698118
"KCNC2",-0.00662923731218433
"CTTN-DT",-0.00665536989445481
"SNRPC",-0.00666107475963268
"TCTN3",-0.00666543527049848
"PWRN4",-0.00668330830234038
"FRMD7",-0.00669504927473205
"ADH6",-0.0067181294913189
"ENTHD1",-0.00676045530283181
"NRAP",-0.00678446571712683
"FAM242A",-0.00678446571712683
"GREB1L",-0.00682641000494474
"SLC41A3",-0.00684535019273613
"CFAP68",-0.00684950488621903
"CAB39",-0.00688058284407728
"LINC02365",-0.00689338536961113
"RGSL1",-0.00689357747345339
"UHMK1",-0.00695369458386863
"SMPDL3B",-0.00695797406999312
"PPIAP55",-0.00696169882130076
"NLRC4",-0.00698107535785751
"EIF3JP1",-0.00698489126477282
"CCNDBP1",-0.00700434766517267
"EIF1AD",-0.00700975664031888
"LINC02129",-0.0070578582573691
"PA2G4P2",-0.00709817174212247
"NPIPA1",-0.00715731794218493
"RIPK1",-0.00718435725112278
"TMEM14B",-0.00719485943458757
"RPL7P60",-0.00723260150424585
"RPL7P32",-0.0072569804805132
"UPRT",-0.00727185743165099
"LINC00309",-0.0072734893354106
"TAF9B",-0.00727578573943011
"MRPL48",-0.00727685929277074
"AP2B1",-0.00729104423374305
"LRRC8C-DT",-0.00729668037363231
"OR9H1P",-0.00730470899410318
"TMEM205",-0.00737665993522671
"KRT8P47",-0.0073814027349718
"TNNI3K",-0.0073814027349718
"LINC01788",-0.0073814027349718
"MAPRE1P3",-0.0073814027349718
"MIR8080",-0.0073814027349718
"MTND4P29",-0.0073814027349718
"RNU6-692P",-0.0073814027349718
"LINC02429",-0.0073814027349718
"ASIC5",-0.0073814027349718
"GLRB",-0.0073814027349718
"IL5",-0.0073814027349718
"RN7SL153P",-0.0073814027349718
"LINC02518",-0.0073814027349718
"BNIP3P44",-0.0073814027349718
"MTHFD2P5",-0.0073814027349718
"IDI1P2",-0.0073814027349718
"LINC02849",-0.0073814027349718
"JKAMPP1",-0.0073814027349718
"LINC02695",-0.0073814027349718
"RPL13AP19",-0.0073814027349718
"CCER1",-0.0073814027349718
"RNU7-106P",-0.0073814027349718
"LINC02400",-0.0073814027349718
"RN7SL497P",-0.0073814027349718
"RNU6-516P",-0.0073814027349718
"RPL21P15",-0.0073814027349718
"KRT25",-0.0073814027349718
"KRTAP4-8",-0.0073814027349718
"FAT1P1",-0.0073814027349718
"USP32P4",-0.00742185197556967
"NDUFB9P2",-0.00745700935658414
"ATP5MJ",-0.00746429758016737
"SATB1-AS1",-0.00746736005558325
"PPIAL4F",-0.00747037274226588
"RN7SL786P",-0.00747125964118943
"ENPP7P12",-0.00747950984856919
"ADCY10P1",-0.0074917658504096
"PPIAP72",-0.00751527832806548
"RPL23AP6",-0.0075154011397474
"GORAB-AS1",-0.00752318992998871
"CYCSP45",-0.0075432439856143
"LIG1",-0.00757393058263168
"NDUFAF3",-0.00758534399897992
"CLGN",-0.0075969783891525
"HMGN2P10",-0.00759732563034262
"ITPR1-DT",-0.00760568896538976
"RNU5B-2P",-0.00762367229885823
"P2RY12",-0.00767144114018771
"LILRA2",-0.00767207864655496
"RNU6-352P",-0.00767254779226884
"ZBTB40-IT1",-0.00767254779226884
"HNRNPA1P63",-0.00767254779226884
"GKN1",-0.00767254779226884
"PAFAH1B1P1",-0.00767254779226884
"PHB1P8",-0.00767254779226884
"RNU1-96P",-0.00767254779226884
"CICP6",-0.00767254779226884
"RNU6-35P",-0.00767254779226884
"CCKAR",-0.00767254779226884
"F11",-0.00767254779226884
"FBXL7",-0.00767254779226884
"IL9",-0.00767254779226884
"RNU6-438P",-0.00767254779226884
"RNU6-296P",-0.00767254779226884
"ABCF2P2",-0.00767254779226884
"RNU6-397P",-0.00767254779226884
"DLGAP2-AS1",-0.00767254779226884
"OR7E116P",-0.00767254779226884
"MYO5BP1",-0.00767254779226884
"OR10D4P",-0.00767254779226884
"LINC02620",-0.00767254779226884
"PDE3A-AS1",-0.00767254779226884
"RNASE11-AS1",-0.00767254779226884
"LINC02305",-0.00767254779226884
"FRG2IP",-0.00767254779226884
"SPECC1-DT",-0.00767254779226884
"KRTAP2-4",-0.00767254779226884
"RN7SKP33",-0.00767254779226884
"APOC2",-0.00767254779226884
"RN7SL322P",-0.00767254779226884
"POTED",-0.00767254779226884
"FNBP1",-0.007673236427909
"RN7SL5P",-0.00769536142188786
"MFAP3",-0.00769884610523895
"PPM1H",-0.00772491716451864
"RRP9",-0.00773050182925158
"DCST1",-0.0077314395837166
"RICTOR",-0.00775711855000677
"KRT8P31",-0.00775898997563045
"TAGAP-AS1",-0.00777199069413198
"SRP72",-0.00777340766636757
"STAC2",-0.0077734328500888
"C20orf203",-0.0077788338187018
"OR7A11P",-0.00780162022567433
"PPIAL4E",-0.00782572494286642
"MORF4L2",-0.00786265833646612
"LINC00887",-0.00786858197729476
"KRT36",-0.00788350494443683
"KIF3A",-0.007893062559272
"ERCC1",-0.0079097856539206
"FAM136CP",-0.00800004347597647
"KDM5B",-0.00801923888942195
"IFT74-AS1",-0.00802631798585112
"MCEE",-0.00804461832931909
"GGH",-0.00807132190724111
"GCC2-AS1",-0.00807322405186453
"DOCK9",-0.00809470800538441
"RPS6KB1",-0.00811711555061826
"DELE1",-0.00811843072238715
"DR1",-0.00812478423170006
"LINC01961",-0.008135706062521
"USP32",-0.00814332162859987
"LAMTOR5P1",-0.00814639984103455
"RNU6-830P",-0.00814639984103455
"CRB3P1",-0.00814639984103455
"RNU6-822P",-0.00814639984103455
"CSN3",-0.00814639984103455
"RPSAP37",-0.00814639984103455
"MIR218-2",-0.00814639984103455
"RAI14-DT",-0.00814639984103455
"LINC02147",-0.00814639984103455
"HMGN2P11",-0.00814639984103455
"RPL30P15",-0.00814639984103455
"SMIM10L2B",-0.00814639984103455
"COX6B1P4",-0.00814639984103455
"GAPDHP30",-0.00814639984103455
"DEFA11P",-0.00814639984103455
"LINC03106",-0.00814639984103455
"RNU6-1293P",-0.00814639984103455
"OR5BN2P",-0.00814639984103455
"IPPKP1",-0.00814639984103455
"KL",-0.00814639984103455
"LINC01038",-0.00814639984103455
"RPS28P1",-0.00814639984103455
"RNU7-25P",-0.00814639984103455
"ANAPC13P1",-0.00814639984103455
"MACROD2-IT1",-0.00814639984103455
"RN7SKP140",-0.00814639984103455
"KRTAP19-9P",-0.00814639984103455
"C22orf42",-0.00815459217577486
"ZNF253",-0.00817743224801244
"LPAR4",-0.00818066536365868
"ACTG1P12",-0.00819134790857334
"RNU6-103P",-0.00821797229398264
"SOX1-OT",-0.00822847171627393
"TMPOP1",-0.00822949711629837
"LINC01753",-0.00823761802313199
"MOV10L1",-0.00824462067271414
"HNRNPH2",-0.00828205335931782
"RPL23AP57",-0.00828982909115576
"ADAM19",-0.00829194284447514
"SPRY1",-0.00832003878176602
"SF3A2",-0.00834890633711942
"TRIM35",-0.00835386608385948
"CLEC4A",-0.00836975171243512
"MIR6769B",-0.00841689840713296
"ME2",-0.00843719698452726
"COX6C",-0.0085194674670129
"SUMO1P4",-0.00855232411331916
"RPL36AP41",-0.00858278639148189
"LINC00924",-0.00858786341653773
"SPOPL-DT",-0.00859926873440789
"LINC01748",-0.00861994400224106
"RPL18A",-0.00862429925245279
"EXOSC1",-0.00864877306876742
"DDX50",-0.00865573747064791
"HEATR1",-0.00868361020331229
"PLEKHA6",-0.00869039663571036
"TRBV28",-0.00869382572935634
"LINC01944",-0.00870845379444913
"FAM41C",-0.00871397520485579
"ERAP1",-0.00871550968254393
"ZBTB44",-0.00873954576675808
"LZTR1",-0.0087552875109933
"HSD17B2-AS1",-0.0087581944564993
"RPL7P54",-0.0087700006102077
"HNRNPCL2",-0.0087877791666488
"SMC5",-0.00880850007136441
"FBXO22",-0.00881608321368897
"RPS15AP1",-0.00882815398409809
"NAA16",-0.00883883082863891
"SENP2",-0.00887993882725358
"TRMT2B",-0.00888354313431278
"PURB",-0.00888973967618245
"SNX20",-0.0089593927165993
"NRBF2P3",-0.00896616828155976
"MOB3C",-0.00899411542717734
"CARS1P1",-0.00899630210495765
"SPTY2D1",-0.00905764941696668
"GLRX",-0.00906649284594254
"PSMD7",-0.00910585441455981
"RPL21P41",-0.00911776972370962
"DYNLL2",-0.00915723174853245
"CCDC66",-0.00916748620427099
"SLC26A2",-0.0092097262021484
"OGFOD1",-0.00925411975374946
"FCER1G",-0.00938491826890539
"TNFSF4",-0.00939273515241936
"CIITA",-0.00940178087061373
"MTND5P11",-0.00943258859138474
"VPS35",-0.00951081147430768
"PINLYP",-0.00952809828844424
"HILPDA",-0.00953705444688022
"HMGN2P41",-0.00954489027131863
"PIK3CD-AS1",-0.00957730691976249
"RN7SL798P",-0.00959412572383461
"MLYCD",-0.00959735939925632
"SYNCRIPP1",-0.00960252490749444
"TMEM167A",-0.00962571319767242
"RPS10P16",-0.00967388218914783
"RNASEH2B",-0.00969322189209633
"ARL4AP2",-0.00969734488552675
"URB1-AS1",-0.00970313888313858
"CCDC39",-0.00970378958338011
"ZNF101",-0.00970899737982961
"TRBJ1-6",-0.00971678842405574
"SLC25A5-AS1",-0.00971695995624119
"TAGLN",-0.00972317302818343
"ZSCAN10",-0.0097472459513663
"MTERF4",-0.00974764511314415
"RNU6ATAC26P",-0.00978464326621889
"TRIM65",-0.00978636455169161
"CDC42EP3",-0.00981620872081278
"ERLEC1",-0.00982071344768836
"WAPL",-0.00987543561446428
"CCND2-AS1",-0.00987707222679332
"CBLB",-0.00989960718991393
"GUCY1B1",-0.00994280968525095
"SASH1",-0.0099864410115849
"LINC01932",-0.0100371797282762
"CNN1",-0.0100504527584393
"RNU6-786P",-0.0100952842665866
"ZRANB2",-0.0101152971641017
"ARL1",-0.0101190420791808
"FKBP14",-0.0101237009159647
"CMPK1",-0.0101275473638453
"MAK",-0.0101299854705115
"ZXDB",-0.0101515715924732
"LINC02623",-0.0101550408052504
"METTL6",-0.0101595389026355
"CRYZ",-0.0101841900539935
"KCTD3",-0.0101883493813311
"MCM7",-0.0102283331643454
"SH2D6",-0.0102364755684592
"MAP3K14-AS1",-0.0102665897862281
"MRPL17",-0.0103101892588462
"ARL16",-0.0103646639462998
"PRIM1",-0.0103854168471209
"CTSW",-0.0104452534375045
"SUSD6",-0.0104611117750567
"KLHL26",-0.0104734858546211
"ALDH3A2",-0.01051036639913
"SLC4A8-AS1",-0.0105266252742253
"PROKR2",-0.0105512369515195
"MFSD1",-0.0105633411908475
"ODAD3",-0.0105696961756388
"DCLK3",-0.0105707432273113
"SEC63",-0.0106603260152378
"RNF213",-0.0106761171630276
"P4HA2-AS1",-0.0107057118293323
"CEBPG",-0.0107080102958929
"MYH9-DT",-0.0107096039376833
"PBRM1",-0.010712814065196
"CENPV",-0.0107175390154512
"RPL13AP5",-0.010734051321557
"ACTN4P1",-0.0107707720123495
"ATP8B4",-0.0107907487713838
"TRAV18",-0.0108263838223905
"ATP5PO",-0.0108288634287487
"CAPZA1P1",-0.0108497325469375
"LYPLAL1",-0.0108500154136226
"PSMC2P1",-0.0108524556880894
"TMSB4XP8",-0.0108997053055299
"TARS2",-0.0109193540065612
"PRSS53",-0.0109349083880562
"CADM2-AS1",-0.0109540277546417
"NDUFAF2P2",-0.0109697412592141
"YME1L1",-0.0109838035749045
"RPP38-DT",-0.0109898389331816
"TARS1",-0.0110430041899882
"RGL4",-0.0110764324622383
"METAP2",-0.0110882869460118
"TMEM266",-0.0110887792741409
"TPT1P9",-0.0110959829983925
"RPN1",-0.0111442453224518
"SPMIP9",-0.0111650905246078
"UBE2V1P15",-0.0111650905246078
"RNA5SP234",-0.0111650905246078
"BTG4",-0.0111650905246078
"TEX19",-0.0111650905246078
"PCAT1",-0.0111782391167278
"LINC01341",-0.0111869565005385
"F12",-0.0112051103251895
"FREM1",-0.0112174532985858
"SPRING1P3",-0.0113058532163509
"TRBV4-2",-0.0113108212989043
"CHST5",-0.0113389560848969
"ALKBH3-AS1",-0.0113869987725741
"DGLUCY",-0.0114208395145501
"TTR",-0.0114629924966678
"SRP14P1",-0.0114691945108005
"ANKFY1",-0.0115575025211485
"TAF1B",-0.0115699690268695
"DNAJC25",-0.0116678431701364
"MIR1200",-0.0117206886355321
"USP38-DT",-0.0117294090205661
"SILC1",-0.0117482141920545
"MTTP",-0.0117651628397402
"LARP4B-DT",-0.0118080161446978
"RNF34",-0.0118133104352518
"TRBJ2-2",-0.0118178120112848
"ZBED1P1",-0.0118303277545753
"CREBRF",-0.0118449794041567
"LINC01079",-0.0118649725561941
"F5",-0.0118886212781036
"YWHAZP2",-0.011893040163764
"REEP5",-0.0118931609074737
"MOB4P1",-0.0119141756621534
"SH3BP5-AS1",-0.011935831347542
"PRELID3B",-0.0119578738626121
"TAF12",-0.0119650179288533
"SORCS1",-0.0120067849536421
"SCGB3A2",-0.0120138299819236
"BEX1",-0.0120276343938698
"CCDC63",-0.0121086391153307
"PIP4K2C",-0.0121411487166234
"UNC93A",-0.0121799117130862
"MTND6P3",-0.0122056598062423
"HSDL1",-0.0122411696997006
"GAL",-0.0122543933262245
"TAF1",-0.0122612512721967
"OR2A5",-0.0123023498177147
"ESCO1",-0.0123189730026335
"GOLGA4",-0.0123274014896217
"MYO1D-DT",-0.0123613382178985
"LINC02511",-0.0123665376344015
"ZNF16",-0.0123667588900503
"SLTM",-0.0124569276767251
"NEFL",-0.0125168250838108
"NAV2-AS1",-0.012550801547835
"SOCS2-AS1",-0.0125685408431398
"OR2T12",-0.0126040368526119
"METAP1D",-0.0126509784939414
"LAMTOR4",-0.0126899452905528
"HAPSTR1",-0.0127006040865073
"CYP8B1",-0.0127136012640223
"ZFP30",-0.0127244177839845
"RBM6",-0.0127303731186786
"LINC02464",-0.0127458547235024
"RASSF2",-0.0128135067052372
"OR10J9P",-0.0128146394097788
"SCYGR5",-0.0128146394097788
"CYCSP11",-0.0128146394097788
"IBSP",-0.0128146394097788
"RNU6-525P",-0.0128146394097788
"YWHAZP7",-0.0128146394097788
"USP37P1",-0.0128146394097788
"OR52E8",-0.0128146394097788
"OR1P1",-0.0128146394097788
"ACSS1",-0.0129738464791088
"NUP42",-0.0129881479116335
"TFDP1P3",-0.0130194797871402
"LINC01473",-0.0130200423455801
"SYNPR",-0.0130371657423422
"RPL7P22",-0.0130650519578737
"CCDC171",-0.0130924642869551
"AMZ2P2",-0.0131007777592127
"FAM170B-AS1",-0.0131019430592195
"PPP1R13B",-0.0131355632000175
"EIF2S1",-0.0131555055680432
"DNAJB6P1",-0.0131699131320384
"SPDYE2B",-0.0131754354141293
"SUPT16HP1",-0.0132304623891943
"CHD1",-0.0132455067719665
"ID2",-0.0132549790498038
"MRPS5P4",-0.0132693814868539
"SPMIP3",-0.0132711438487204
"DCST2",-0.0132959858808536
"DBI",-0.0133262823742954
"ZNF229",-0.0133409130348482
"ZSWIM6",-0.0133460876013334
"RALGAPA1",-0.013360515488204
"GOLGB1",-0.0134012205531659
"PIP4K2A",-0.0134269595648034
"SDF2",-0.0134387611683019
"NEK3",-0.0134993814849482
"FZD7",-0.0135167572041051
"LINC01964",-0.0135565368942219
"GALNT16",-0.013565918933495
"C1QTNF1-AS1",-0.0135763338082117
"H1-3",-0.0135775176972293
"TERF2IP",-0.0135981731751352
"COQ9",-0.0136026885105462
"RPS3AP49",-0.0136306504205598
"RPL21P29",-0.0136352100604548
"RALGAPA2",-0.0136359705822237
"DYNC1LI2",-0.0137198993763972
"ARHGAP16P",-0.0137290408106508
"EML4",-0.0137786012859402
"PPP1R12A",-0.0137929947991478
"PTGDS",-0.0138017573264218
"TMEM62",-0.0138403611355878
"CRY1",-0.0138840729740539
"DHRS7",-0.0139382472719069
"NORAD",-0.013939032050361
"LINC00518",-0.0139512551746377
"EOGT",-0.0139585829413243
"LINC02637",-0.0139665886265791
"MYO1A",-0.0139919256289764
"BACH1",-0.0140614479751519
"LINC01280",-0.0140652360863036
"TUBE1",-0.0140762991743954
"LINC00904",-0.0141366394750542
"RBFADN",-0.0141499274649164
"MTND4LP30",-0.0142776994806832
"KLRG1",-0.0143954868327391
"MTCO2P25",-0.0144127945258252
"SHROOM4",-0.014424225370542
"KLRC1",-0.0144986254688471
"LINC01350",-0.0145094653382892
"DISC1",-0.0145510719547964
"DNAJB14",-0.0145627241238854
"RPL32P2",-0.0145804640656511
"RAPH1",-0.0145852106993046
"ZWILCH",-0.0146148682269961
"STK31",-0.0146181538603315
"LINC00868",-0.0146211805700436
"GABRA4",-0.0146374278774583
"KDM3A",-0.014678553337661
"LPGAT1-AS1",-0.0146796639177235
"H4C15",-0.0147134896975751
"DICER1",-0.0147207283881723
"AP3M2",-0.0147303692589901
"AMIGO2",-0.0147551895706476
"CDC42",-0.0148213537981273
"HMGN2P24",-0.0148601194005851
"SNX19",-0.0148734685760415
"TRAJ42",-0.0148795373835972
"CDNF",-0.0148880658993734
"PPP1R2B",-0.0149171826256536
"SNTB2",-0.0149220571690868
"SLC39A9",-0.014971079456873
"SRI",-0.01497151731154
"HEATR5A",-0.0150037252231485
"LYST",-0.015025973812315
"NT5C3A",-0.0150261087600546
"ATXN2-AS",-0.0150508808548931
"TMEM91",-0.0150689801687438
"MRPS30",-0.0150819326726794
"SNHG20",-0.0151212967126599
"SEMA6A-AS1",-0.0151252158139763
"MITA1",-0.0151475099970375
"OR5F2P",-0.0151971043058363
"ADH5",-0.015206653738921
"RPL7P18",-0.0152137338024269
"SLC36A4",-0.015272826050427
"PANK4",-0.0152813943756701
"NAMPTP1",-0.0153005688660849
"IFI30",-0.015339882394603
"TRBV13",-0.015376403718861
"NAALADL2",-0.0153868711933057
"ABCA5",-0.0154109422550041
"SYNE1",-0.0154381352069535
"ALAD",-0.0154611925520201
"ZBTB40",-0.0154886244597173
"TIMM50",-0.015505573042467
"PPIAP58",-0.0155120624147956
"BLCAP",-0.0155170045328881
"CSDC2",-0.0155177255720696
"RN7SL460P",-0.0155186820278694
"MTCO1P21",-0.0155541376618513
"SPRR2A",-0.0155541376618513
"RNA5SP69",-0.0155541376618513
"LINC02942",-0.0155541376618513
"PBX1-AS1",-0.0155541376618513
"PRSS38",-0.0155541376618513
"MRPS10P1",-0.0155541376618513
"RPL31P12",-0.0155541376618513
"PPIAP37",-0.0155541376618513
"LINC01349",-0.0155541376618513
"RPL26P15",-0.0155541376618513
"EIF2S2P7",-0.0155541376618513
"LINC01789",-0.0155541376618513
"RNU6-827P",-0.0155541376618513
"RNU6-812P",-0.0155541376618513
"MIR3130-2",-0.0155541376618513
"PPFIA1P1",-0.0155541376618513
"AQP12B",-0.0155541376618513
"SLC19A4P",-0.0155541376618513
"TRIM43CP",-0.0155541376618513
"POLE4P1",-0.0155541376618513
"LINC02070",-0.0155541376618513
"EIF4EP3",-0.0155541376618513
"MME-AS1",-0.0155541376618513
"MIR4447",-0.0155541376618513
"TTC39CP1",-0.0155541376618513
"MIR548G",-0.0155541376618513
"LINC02484",-0.0155541376618513
"LINC02509",-0.0155541376618513
"NT5ELP",-0.0155541376618513
"RNU6-588P",-0.0155541376618513
"EEF1GP6",-0.0155541376618513
"RN7SKP51",-0.0155541376618513
"HSPE1P11",-0.0155541376618513
"MRPL35P1",-0.0155541376618513
"RPL7P30",-0.0155541376618513
"INMT-MINDY4",-0.0155541376618513
"RNY3",-0.0155541376618513
"GNAT3",-0.0155541376618513
"RNU6-663P",-0.0155541376618513
"RNU6-1086P",-0.0155541376618513
"ATP5PDP2",-0.0155541376618513
"RN7SL787P",-0.0155541376618513
"ELOCP22",-0.0155541376618513
"OR4A2P",-0.0155541376618513
"LINC02701",-0.0155541376618513
"OR4C6",-0.0155541376618513
"RNU6-271P",-0.0155541376618513
"LINC00993",-0.0155541376618513
"RPL7P36",-0.0155541376618513
"LINC02655",-0.0155541376618513
"LINC02675",-0.0155541376618513
"WIF1",-0.0155541376618513
"C12orf42-AS1",-0.0155541376618513
"DAOA-AS1",-0.0155541376618513
"LINC00459",-0.0155541376618513
"CNMD",-0.0155541376618513
"RNU6-76P",-0.0155541376618513
"FGF14-IT1",-0.0155541376618513
"C1QTNF9B",-0.0155541376618513
"RNU6ATAC28P",-0.0155541376618513
"RNU6-1155P",-0.0155541376618513
"RNU6-22P",-0.0155541376618513
"RPL7P48",-0.0155541376618513
"KRT43P",-0.0155541376618513
"SLC47A1P1",-0.0155541376618513
"RPS29P24",-0.0155541376618513
"RNA5SP466",-0.0155541376618513
"TPRX1",-0.0155541376618513
"LINC01651",-0.0155541376618513
"RPL23AP12",-0.0155541376618513
"TLE1",-0.0155771760131162
"NPFFR1",-0.0155968638742574
"MYL12BP3",-0.0156192551874634
"RPS13P3",-0.015634230758174
"PTP4A1P1",-0.0156397312181972
"LINC02710",-0.0156486415806587
"PHC3",-0.0156683141303791
"VWCE",-0.0157306329745036
"CASC22",-0.0158131948572707
"DENND4A",-0.015819344356269
"OR51A6P",-0.0158401207781116
"COX6A1P2",-0.0158485795923827
"LINC02436",-0.0158535703201754
"IGKV7-3",-0.0158758592446619
"HMGB3P3",-0.0158758592446619
"PAPPA-AS1",-0.0158758592446619
"NPAS4",-0.0158758592446619
"FAM13B",-0.0158886624293286
"SLC5A4-AS1",-0.0159127654414984
"LINC00592",-0.0159239086926859
"OSBPL3",-0.0159617351919703
"LAX1",-0.0160985205568863
"UBE3B",-0.0161062581226505
"LINC02781",-0.016167061458419
"MYL12A",-0.0161779284434373
"CCNT2P1",-0.0162097912712053
"DIABLO",-0.0162398475600707
"MGAT5B",-0.0162439781505247
"PPM1G",-0.0162578741615566
"RAF1",-0.0162588141275528
"SLC44A3",-0.0162798581721901
"GATAD2B",-0.0163197884149434
"HES2",-0.0163668487427116
"H3P12",-0.0164045461113208
"UPK2",-0.0164146111391059
"KLF11",-0.0164638934100434
"MIR101-1",-0.0165069610203578
"QARS1",-0.0165562659098239
"LIN28A",-0.0165593202295933
"PPP1R1B",-0.0166103495801858
"C9orf78",-0.0166123062390023
"CCDC198",-0.0166148102218646
"RPL36AP15",-0.0166243154181365
"ZBTB42",-0.0166902654229939
"WDR26",-0.0167129050567421
"CD44-AS1",-0.0167348696596249
"VGLL4",-0.0167405152215411
"AKT3",-0.0168010067846183
"SYAP1",-0.0168066111319275
"OR5H1",-0.0168096100501547
"UBA7",-0.0168293570536991
"TRAJ20",-0.0168493432928364
"LINC02535",-0.0169075185438995
"DPCD",-0.0169560318706792
"BLTP1",-0.0169791553458333
"DLG1",-0.0170494016430596
"WHAMM",-0.0170583348478392
"RAB41",-0.017062816572628
"PRPF38A",-0.0171015400242658
"OPRM1",-0.017165564353338
"ITLN1",-0.0171937349544043
"SNORA77",-0.0172249332702462
"MZF1-AS1",-0.0172272365402581
"GGNBP2",-0.0172279923338349
"YWHAZP4",-0.0172639913341942
"IAPP",-0.0173077185639324
"MROH2A",-0.017323656174815
"CLK4",-0.0173833636358935
"NRIP3-DT",-0.0174327087273541
"JPH2",-0.0174714141230724
"SAMD12",-0.0174726031076769
"DPM3",-0.0174803011658897
"GDPD5",-0.0174824981379821
"MDN1",-0.0175172782677967
"DYNC1I1",-0.0175431413232168
"THAP12P7",-0.0175643555597329
"EPRS1",-0.0175928851642667
"TNFAIP8L3",-0.0176292685664548
"RPS3P6",-0.0176508666370502
"RPL21P58",-0.0176581871612082
"KIAA2012-AS1",-0.0176697574779641
"GP2",-0.0177062984169871
"EMX2",-0.017734863580484
"DTX1",-0.0178615504224755
"UBE3D",-0.017984954753658
"PRKCZ",-0.0180324600818932
"SNX7",-0.0180327370921362
"PAXBP1-AS1",-0.0180514911181657
"AXIN2",-0.0180532928978269
"UBE2K",-0.0181023677284655
"RPL36AP13",-0.0181552963622475
"TASOR",-0.0181731597307386
"RBM41",-0.0182395863570332
"EPN2-AS1",-0.0182447975664185
"PROCR",-0.0182766075576758
"KIF21B",-0.0183047014905044
"GAPDHP73",-0.0183069165608854
"STARD3NL",-0.0183096694466709
"DANT1",-0.018334961433086
"SLC20A2",-0.0183498216089661
"FXR1",-0.0183782779262737
"RPS6KC1",-0.0184626942427663
"CENPC",-0.01848347915142
"TIPRL",-0.0185340536237958
"NEIL1",-0.0185411227395799
"ANTXRL",-0.0185870582948674
"NAB1",-0.0186672036842404
"COG3",-0.0186798706607893
"ARHGEF15",-0.0186842480197424
"DYNC1H1",-0.0186856511220322
"SMC3",-0.0186881475388956
"LINC00382",-0.0187077101920522
"RNF10",-0.018708206751235
"ELOCP20",-0.0187812286778991
"PROKR1",-0.0187812286778991
"RNU6-488P",-0.0187812286778991
"ARL9",-0.0187812286778991
"NME5",-0.0187812286778991
"LINC02220",-0.0187812286778991
"RPL5P20",-0.0187812286778991
"LINC00242",-0.0187812286778991
"MMD2",-0.0187812286778991
"PDCL3P1",-0.0187812286778991
"C9orf57",-0.0187812286778991
"OR4R2P",-0.0187812286778991
"CALCA",-0.0187812286778991
"OOSP4B",-0.0187812286778991
"SFTA1P",-0.0187812286778991
"LINC02672",-0.0187812286778991
"IGHVIII-67-4",-0.0187812286778991
"AGGF1P7",-0.0187812286778991
"LINC02125",-0.0187812286778991
"PSG5",-0.0187812286778991
"RPL36P17",-0.0187812286778991
"HCG11",-0.0187903858488767
"NLGN4X",-0.0188033356951977
"UBE2L4",-0.0189130829559149
"GFER",-0.0189190159045449
"CHML",-0.0189214596327619
"DLST",-0.0189918989461094
"ADGRF4",-0.0189992321481767
"PPP4R1",-0.019060012191079
"MCTS1",-0.0190825420761238
"SUMO2P6",-0.0190847083902015
"PEX14",-0.0191485594413963
"ZNF280C",-0.0191508962781462
"ARPC3P2",-0.01916057723575
"RGPD6",-0.0191734925392312
"ANXA4",-0.0191972387269159
"ZNF44",-0.0192658976477718
"CARS1",-0.01926625150728
"PABPC1P2",-0.0192767657696184
"SCEL",-0.0192882901402374
"FAM184B",-0.0193394759306
"CDK7P1",-0.0193481534291136
"SCHIP1",-0.0193789859902105
"POMP",-0.0194078800168421
"CSE1L",-0.0194476649377672
"CDC42EP4",-0.0195072296020097
"REDIC1",-0.0195222115821528
"MARCHF9",-0.01955595193572
"MACIR",-0.0196020572258067
"G2E3",-0.019612097416866
"G3BP2",-0.0197218851703881
"DPPA3",-0.0197383540401002
"KBTBD2",-0.019814144670293
"GGCX",-0.0198270243533327
"RPL21P53",-0.0198339699653048
"PSMD8",-0.0198596093774247
"SMURF2",-0.0198694260669035
"FAM8A1",-0.0198987482344716
"AFG3L2",-0.0199004286565481
"NWD2",-0.0199593694190649
"ZRSR2",-0.019981570476687
"SNORD59A",-0.0199964747393442
"WDR59",-0.0200074043954187
"C11orf97",-0.0200220470936294
"NRAS",-0.0200318119452975
"GPR89B",-0.0200370107187255
"MIDEAS",-0.0200617859954616
"TFAP2B",-0.020089927947839
"CNDP1",-0.0200949900525387
"DDX43P1",-0.0201072761386761
"RPL34P16",-0.0202842529988786
"CUL7",-0.0203003042141982
"ELP3",-0.0203034932295548
"LINC02694",-0.020366728886557
"LINC01628",-0.0204390254287344
"CLEC2B",-0.0204453275139024
"FREM2",-0.0205600672308264
"COPS5",-0.0205846229835694
"BTF3P4",-0.02059739720393
"TAS2R38",-0.0206765885708259
"LINC01924",-0.0206765885708259
"RN7SL526P",-0.0206765885708259
"NR2C1",-0.0206974982806862
"COMETT",-0.0207158435565818
"FAM136BP",-0.0207771708001822
"TP53RK",-0.0207825078767559
"PARP15",-0.02080141701117
"GRIK4",-0.020857432855842
"SERPINB9P1",-0.0209023273774092
"JARID2",-0.0210221248595757
"ARHGEF33",-0.0210427199294768
"KCNG3",-0.0210652060684095
"KRT18P26",-0.0210652060684095
"RPL21P42",-0.0210652060684095
"RNU6ATAC15P",-0.0210652060684095
"BTNL12P",-0.0210652060684095
"EIF3JP2",-0.0210652060684095
"RNU6-901P",-0.0210652060684095
"PTTG2",-0.0210652060684095
"RN7SL802P",-0.0210652060684095
"LDHBP3",-0.0210652060684095
"LINC01951",-0.0210652060684095
"CGA",-0.0210652060684095
"KRT18P1",-0.0210652060684095
"RN7SL625P",-0.0210652060684095
"AKAP4",-0.0210652060684095
"RPL7P55",-0.0210652060684095
"EEF1A1P40",-0.0210652060684095
"RFPL4AP5",-0.0210652060684095
"IFNE",-0.0210652060684095
"CFAP95-DT",-0.0210652060684095
"GLYAT",-0.0210652060684095
"CENPUP1",-0.0210652060684095
"FAM210CP",-0.0210652060684095
"MIR8086",-0.0210652060684095
"PLD5P1",-0.0210652060684095
"EIF5A2P1",-0.0210652060684095
"KCNJ18",-0.0210652060684095
"CTBP2P1",-0.0210652060684095
"ERVH48-1",-0.0210652060684095
"SMPD1",-0.0210657010973168
"SALL1",-0.0210822129059757
"KIAA1191P1",-0.021175326476681
"LINC01982",-0.0211791356826423
"TTC17",-0.0211808720186056
"LINC02251",-0.0211822449744811
"RPL14P3",-0.021192329594121
"DCTN2",-0.0212404119542655
"CEP152",-0.0212476521238716
"SERPINA7",-0.0212799817107032
"FSTL4",-0.021284336987828
"GMEB1",-0.0213178974117349
"RPS4XP7",-0.0213205756575335
"TRIM59",-0.0213405541643823
"TTBK2-AS1",-0.0213845733533042
"KDM4E",-0.0214074756595876
"MKI67",-0.0214267653011196
"NAA20",-0.0214271172914934
"PAICS",-0.0214275882049509
"LINC00923",-0.0214326895874103
"CD3D",-0.0214457062763143
"F13B",-0.0214661445613606
"MIR4424",-0.0214661445613606
"RPL35AP7",-0.0214661445613606
"SMC4P1",-0.0214661445613606
"RNU6-989P",-0.0214661445613606
"RPL21P31",-0.0214661445613606
"ARPP19P2",-0.0214661445613606
"LINC01875",-0.0214661445613606
"RPSAP22",-0.0214661445613606
"RPL27P9",-0.0214661445613606
"PPIAP75",-0.0214661445613606
"OR7E129P",-0.0214661445613606
"HNRNPA3P13",-0.0214661445613606
"ADAM20P2",-0.0214661445613606
"RNA5SP154",-0.0214661445613606
"PDE6B-AS1",-0.0214661445613606
"RNU6-469P",-0.0214661445613606
"CFAP299",-0.0214661445613606
"PRR11P1",-0.0214661445613606
"RNA5SP205",-0.0214661445613606
"RN7SL617P",-0.0214661445613606
"PKD1L1-AS1",-0.0214661445613606
"SERPINA7P1",-0.0214661445613606
"RNU1-115P",-0.0214661445613606
"GOLGA2P1",-0.0214661445613606
"LINC02752",-0.0214661445613606
"RNU6-592P",-0.0214661445613606
"PNLIP",-0.0214661445613606
"RNA5SP426",-0.0214661445613606
"OACYLP",-0.0214661445613606
"OTOR",-0.0214661445613606
"RN7SL836P",-0.0214661445613606
"KDM2A",-0.0214760044229558
"TFB2M",-0.0214940101147981
"CREM",-0.0215164430313537
"RAD1",-0.0215384270047369
"RPS3AP55",-0.0215585261925412
"ZNF843",-0.021567223696368
"SUB1P1",-0.0215774916177848
"APOL3",-0.0215975199575623
"TMEM246-AS1",-0.0216574662929784
"ATXN3",-0.0216827437759339
"PCIF1",-0.0216939596508929
"RPL29P25",-0.021695774472494
"GMCL1",-0.0217713101811028
"LRRC25",-0.0217806642479753
"NPM1P24",-0.021789983943005
"NUP88",-0.0218084390525933
"NBPF21P",-0.0218391606552268
"U2AF1",-0.0218455874639284
"LINC02554",-0.0218578318204838
"RPL21P17",-0.0218997320493232
"ANAPC10P1",-0.0219359058828376
"CTSE",-0.0219359058828376
"CCDC185",-0.0219359058828376
"YY1P2",-0.0219359058828376
"IGKV1OR2-3",-0.0219359058828376
"TMEM108-AS1",-0.0219359058828376
"JADRR",-0.0219359058828376
"RPL21P47",-0.0219359058828376
"CLRN2",-0.0219359058828376
"LINC02472",-0.0219359058828376
"ARL2BPP4",-0.0219359058828376
"PRELID3BP6",-0.0219359058828376
"IL22RA2",-0.0219359058828376
"ZBED9-AS1",-0.0219359058828376
"RPL22P16",-0.0219359058828376
"RBMX2P4",-0.0219359058828376
"TMEM225B",-0.0219359058828376
"RP9P",-0.0219359058828376
"RPS15AP40",-0.0219359058828376
"SLC6A14P2",-0.0219359058828376
"APLN",-0.0219359058828376
"RN7SL581P",-0.0219359058828376
"FAM47C",-0.0219359058828376
"ATP5PDP3",-0.0219359058828376
"RPL12P31",-0.0219359058828376
"OR4A4P",-0.0219359058828376
"FBLIM1P2",-0.0219359058828376
"FGF4",-0.0219359058828376
"LINC02629",-0.0219359058828376
"MARK2P15",-0.0219359058828376
"PPP1R3C",-0.0219359058828376
"RPL36P19",-0.0219359058828376
"RPL7P5",-0.0219359058828376
"SPATA8-AS1",-0.0219359058828376
"HMGN1P30",-0.0219359058828376
"RNU105B",-0.0219359058828376
"RPS2P54",-0.0219359058828376
"MTDHP2",-0.0219359058828376
"POLR3GL",-0.0219558399421589
"NTN1",-0.0219780847735617
"LINC02542",-0.0220180620220913
"BOLA2-SMG1P6",-0.0220551042515212
"ATP2B1",-0.0220610965254687
"MMRN2",-0.0220751301849293
"LINC02900",-0.0221325083166903
"MRPL51",-0.022169290606212
"CRIP3",-0.0221782704962562
"MMP3",-0.0221822972942235
"LINC02275",-0.022185313013492
"HECA",-0.0221946490249284
"RNASE10",-0.0221994439402172
"TRAPPC3L",-0.0222074344621366
"RPSAP45",-0.0222148466843665
"S100A2",-0.0222826857218989
"LINC01837",-0.0223347361163858
"ZNF460",-0.0223361750070625
"WDFY3-AS1",-0.0223451625278643
"CHSY1",-0.0223581484999617
"S100A3",-0.0223706923824168
"PCID2",-0.0224141771881882
"RACK1P3",-0.0224221319145407
"TRD-AS1",-0.022437298562686
"AOX1",-0.0224486186046346
"TRAV9-2",-0.0224548420626517
"SNRPD1",-0.0224655098016437
"C5orf67",-0.0225218445969226
"PRRC2C",-0.0226105500591999
"IGKV2D-28",-0.0226303728021899
"ITK",-0.022666938416162
"SH3BGRL",-0.022690862224972
"SNORA80E",-0.0227264237970656
"CHMP4A",-0.0228121450471762
"IRAK1BP1",-0.0228753262438542
"S100B",-0.0229274540854934
"HNF4GP1",-0.0229757129223658
"LYPLAL1-AS1",-0.0230497686861348
"NPHP1",-0.0230588826508262
"ATP5MC1P2",-0.0230709160620305
"HPCAL4",-0.0231447959937457
"MTND4P35",-0.0231927697269119
"LTO1",-0.023219128318938
"PANDAR",-0.0232323685658679
"MRPL50",-0.0232714409559741
"LRRC69",-0.0232856667992242
"PLAGL1",-0.0233094328703135
"RSRC1",-0.0233185116959505
"FEM1B",-0.023341833802406
"HSD3BP3",-0.0233565915524572
"LCE3D",-0.0233565915524572
"OR2L13",-0.0233565915524572
"SMIM42",-0.0233565915524572
"RN7SL290P",-0.0233565915524572
"RPL22P11",-0.0233565915524572
"CRLF3P1",-0.0233565915524572
"RN7SKP152",-0.0233565915524572
"NDUFB4P4",-0.0233565915524572
"COLEC11",-0.0233565915524572
"GAPDHP48",-0.0233565915524572
"RN7SL126P",-0.0233565915524572
"ST13P14",-0.0233565915524572
"RN7SL271P",-0.0233565915524572
"TMEM207",-0.0233565915524572
"LINC01487",-0.0233565915524572
"LINC02016",-0.0233565915524572
"RN7SL357P",-0.0233565915524572
"HPGDS",-0.0233565915524572
"RTEL1P1",-0.0233565915524572
"F11-AS1",-0.0233565915524572
"RPS12P14",-0.0233565915524572
"KRT19P1",-0.0233565915524572
"ZNF804B",-0.0233565915524572
"RPL17P27",-0.0233565915524572
"RNU6-912P",-0.0233565915524572
"HNRNPH3P1",-0.0233565915524572
"RLIG1P3",-0.0233565915524572
"AKAP8P1",-0.0233565915524572
"LINC03026",-0.0233565915524572
"OR4C4P",-0.0233565915524572
"LINC02719",-0.0233565915524572
"BEND7",-0.0233565915524572
"GARIN6",-0.0233565915524572
"RN7SKP205",-0.0233565915524572
"ADAMTSL3",-0.0233565915524572
"NFAM1",-0.0233749761297406
"RPS2P15",-0.0233825610024103
"ETF1P3",-0.0234111307422698
"LINC02523",-0.0234487518389869
"AKTIPP2",-0.0235523983858013
"C6",-0.0235565411302765
"LIMS3",-0.0235725694480541
"TNIP2P1",-0.0235872369834068
"SLC35E2B",-0.0235886122075201
"HSPD1P1",-0.0236254278516125
"AGR3",-0.0237668037020458
"BYSL",-0.0237951522153975
"LINC01587",-0.0238093513866289
"IFNAR1",-0.0238506258721493
"FAM118A",-0.0238893554962647
"RN7SKP61",-0.0239519675027474
"CD8A",-0.0239824862638183
"PMS2",-0.0239897133610107
"ZFX",-0.0240451620504669
"TRDC",-0.0240506288271666
"MMP7",-0.0240558123447767
"LINC02261",-0.0240680117199817
"RPL7P4",-0.0241750744931897
"MPHOSPH6-DT",-0.0241778958727813
"EMC6",-0.0242025499709198
"NME2P1",-0.024252054814986
"LUNAR1",-0.0243117514405547
"ZNF396",-0.0244575073457956
"ABHD12",-0.0244613292672317
"DCTN3",-0.02446478336231
"IGKV1D-39",-0.0244781740731898
"MANBAL",-0.02449218410576
"IDSP1",-0.0245745723860735
"KIR3DL3",-0.0245854267417079
"MT-ND3",-0.0245934023378134
"HNRNPA1",-0.0246061381469276
"RNA5SP449",-0.0246500751432881
"JPX",-0.0247013454239278
"SNORD14E",-0.0247756633672566
"ERBB3",-0.024778941333598
"GOLGA8B",-0.0248892234525269
"RAF1P1",-0.024934971950799
"C1orf74",-0.0249846055770233
"RPL3P3",-0.025002105351655
"SERBP1P5",-0.025020364469096
"RPS2P7",-0.0250425886000466
"CPLX1",-0.0251511506243731
"RPS24P17",-0.0251762723271768
"VWA8",-0.025213074521974
"CDC14A",-0.0253114566642137
"STK17A",-0.0253243727648042
"BTF3",-0.0253792177189719
"FOXN2",-0.0254143179911564
"TOMM20",-0.0254665881971751
"LINC02260",-0.0254754472193962
"PRKD2",-0.025560230690715
"HNRNPA1P7",-0.0255715685021443
"TSR1",-0.0256194580276378
"RPL21P37",-0.0256237393933086
"BRIP1",-0.0256518572493241
"DLGAP4",-0.0257552854705281
"KRT18P32",-0.0257559394449887
"DHRS2",-0.0257580364784603
"MIR32",-0.0259072009244042
"APOBEC3G",-0.0259580677647595
"GATD1",-0.0259788184100583
"EGF",-0.0259847409161489
"ZBTB20-AS5",-0.0260256502179435
"GTF2F1",-0.0260405931015618
"CISD3",-0.0261523214929954
"RALBP1",-0.0261526975738547
"TRAV25",-0.0261552752760813
"XPOTP1",-0.0261602940204366
"TMEM144",-0.0262100947359147
"RARS1",-0.0262856380240449
"PDCD4-AS1",-0.0263074191056094
"PCYT1A",-0.0263594872387132
"NOL4L",-0.0264144602438509
"ARIH1",-0.0265606834098261
"PARP4P2",-0.0265736236322254
"ATP8A1",-0.0265813097847024
"PCGF7P",-0.0266098975264683
"SLC38A9",-0.0266712370650275
"ZNF281",-0.0267284064632489
"BUD13",-0.0267714669759702
"HNRNPUP1",-0.0267840106214603
"DNAJC3",-0.0268199674267137
"MIR25",-0.0268442221099981
"LINC02829",-0.0268528772115967
"IGHD5OR15-5A",-0.0268528772115967
"MRPL42P3",-0.0269690628671573
"ACO2P1",-0.0269719312457082
"MPHOSPH6",-0.0269950340132042
"TMED5",-0.0270144927116915
"ZC3H11B",-0.0270165936694784
"MRAS",-0.0270547382905903
"ACYP2",-0.0270758473853315
"RNU4-21P",-0.0271000583414575
"BZW1P1",-0.0271622625585034
"ANAPC13",-0.0271746912781419
"OR56B1",-0.0271782299164133
"SMU1",-0.027230764220489
"CRNKL1",-0.0273014343143042
"MBNL1",-0.0273031408704933
"TXNDC17",-0.0273529061201328
"ZFP14",-0.0273598317657786
"RPL23AP3",-0.0274092794601654
"NTMT2",-0.0274428076916229
"KRR1",-0.0274639032861612
"CFDP1",-0.0275857686416861
"LINC01582",-0.027646667948205
"PSMC1P9",-0.0277165909831308
"TBC1D3P1-DHX40P1",-0.0278122829019702
"PDK4-AS1",-0.0278213050066861
"TTC28-AS1",-0.0278305975851346
"GPR107",-0.0279060400296619
"CD38",-0.0279178423237962
"ACSL3",-0.0279319192730462
"FYB1",-0.0279797430788362
"LINC01739",-0.0280051904883507
"SCGB3A1",-0.0281583152879941
"MIR6747",-0.0282985650715364
"MIR3976HG",-0.0283435447361583
"LINC01483",-0.028390368093318
"NPM1P40",-0.0286697390275445
"LRRC47",-0.0286840752794392
"BTAF1",-0.0287158979549948
"SH3GLB1",-0.0287293206846778
"TTLL3",-0.0287596358202153
"FMR1-AS1",-0.0287898814752663
"CT45A10",-0.0288200827991764
"RASAL2",-0.0288245644258643
"P4HA3",-0.0289752731516748
"LINC01947",-0.0289781305271766
"BOLA2P3",-0.0289781305271766
"H3P26",-0.0289781305271766
"MTND6P13",-0.0289781305271766
"TRAPPC2P2",-0.0289781305271766
"HIGD1AP6",-0.0289781305271766
"LINC01474",-0.0289781305271766
"LINC00871",-0.0289781305271766
"BCL2L10",-0.0289781305271766
"OAS1",-0.0289985696182506
"DNAI2",-0.0290110609924344
"SMARCA5",-0.029030217186353
"STAU1",-0.0290405590321625
"CYTH3",-0.0290426844113007
"SLC34A1",-0.0290439936111751
"CCL17",-0.0290439936111751
"SLC35G4",-0.0290439936111751
"CCDC134",-0.0291861611923594
"RPS28P7",-0.0292232734474005
"HYPK",-0.0292469718589652
"CPNE1",-0.0292818999643361
"CBY1",-0.0293263289657874
"BZW1P2",-0.0293418520040924
"RNF19BPX",-0.0293501000426843
"KIF20B",-0.0293520819100186
"LTN1",-0.029425907479574
"IFITM2",-0.029426898607271
"TMX3",-0.029455375833758
"AHCTF1",-0.0295185913682252
"MIR3680-2",-0.0295439829842514
"HNRNPA1P2",-0.0295734176841025
"CNN2P10",-0.0297039187985746
"EEF1A1P6",-0.0297198611787781
"TIA1",-0.0297333612944543
"GLT6D1",-0.0297573590144447
"KPNA6",-0.0300015062419672
"SLC35B2",-0.0300339798301269
"STRADA",-0.0300504958869282
"WWP1P1",-0.030088743787881
"BBOX1-AS1",-0.0300992024885835
"KCNJ10",-0.0301071248883246
"MPRIP",-0.030144652731544
"BRD3",-0.0301549549399102
"TM2D1",-0.0301856152830623
"RSL1D1",-0.0302414663595354
"LINC02281",-0.0302765908643732
"FAM133B",-0.0303209770673135
"MIR4534",-0.0303259070024663
"CYP51A1P1",-0.0304384242431445
"OLA1P1",-0.0304913761913986
"PPP2R2DP1",-0.0304979608094543
"MESTP1",-0.0304979608094543
"PMS2P7",-0.0304979608094543
"DGAT2L6",-0.0304979608094543
"RN7SL688P",-0.0304979608094543
"MARK2P21",-0.0304979608094543
"GYG1P1",-0.0305085745191593
"UBB",-0.0305182716849108
"NUP214",-0.0305585798626187
"CBX3",-0.0305814000065578
"EIF4EBP2",-0.0305962553351675
"PTPRT",-0.0306085896338706
"LINC02236",-0.0306452828613363
"LINC01698",-0.0306588021257159
"RPSAP49",-0.030667503841926
"TRAPPC11",-0.0307209193186276
"PGLYRP2",-0.0307604889387821
"LINC02736",-0.0307833720356856
"HECTD2-AS1",-0.0307958004755899
"RPE65",-0.030802762927613
"ZDHHC20P4",-0.0308049643668655
"MSANTD4",-0.0308593560255922
"PEX2",-0.0308612072018302
"VWDE",-0.0308648325764084
"ITPRID2",-0.0309044869889459
"TBC1D30",-0.0309313157621378
"UBE2J2",-0.0309997835991955
"CDKL2",-0.0310543379819212
"TMEM41A",-0.0311088081140517
"EXOSC2",-0.0311479569211767
"SERPING1",-0.031178126066591
"SP4",-0.0311939131697547
"TCEA1",-0.0312370298195218
"EZH2",-0.031350248838991
"SLC26A8",-0.0313708158480353
"ZNF529",-0.0315080755178918
"DNAJC30",-0.0315142406367827
"RNF157",-0.0315673722792322
"PFAS",-0.0316007874561937
"CDT1",-0.0316049330095042
"POLA1",-0.0316471768891788
"ASB15-AS1",-0.0317074881896236
"RNU7-193P",-0.0317439115051535
"ZNF362",-0.0317724273719173
"ZNF687-AS1",-0.0317806383157272
"PTDSS2",-0.0318051651388109
"MPZL3",-0.0318346651534995
"ZNF451-AS1",-0.0318505669365271
"LINC02955",-0.0320564604384346
"RRP7A",-0.0321014788082635
"KMT5B",-0.0321561728428817
"RBM34",-0.0322727346034206
"GFPT1",-0.0322895555158317
"RBMXP5",-0.0323043235200302
"TGM2",-0.0323622799932315
"EEF1D",-0.0323836436000413
"RMDN3",-0.0324133682164204
"TTC7B-AS1",-0.0324216368629043
"EHHADH-AS1",-0.0324967998463514
"XIRP1",-0.0324967998463514
"PRDM13",-0.0324967998463514
"HACD2",-0.0326526574027277
"MATR3P2",-0.0326535316445717
"CASP9",-0.0327418065638359
"TTC3-AS1",-0.0329017131656452
"PUS7",-0.0329674161042726
"LIPM",-0.0329762107082663
"PXMP4",-0.0330137166111116
"TRGC1",-0.033017012740993
"PSME4",-0.0330334251189265
"KCNK6",-0.0330715015678572
"LINC02808",-0.0331033319211808
"HAVCR2",-0.0332069488592608
"ADGRA3",-0.0332246306683139
"MN1",-0.0332463619844695
"TBX15",-0.0333149899012361
"COA6-AS1",-0.0333425729944706
"KLHL22",-0.0333587654396618
"IGSF21",-0.0334195168673841
"PTH1R",-0.0334195168673841
"GIMAP2",-0.0334978538550757
"ADPRH",-0.0335574557633745
"GRHL2",-0.0335641235258238
"SNRPD2P1",-0.0335715810303996
"RPL10P12",-0.0335930011772012
"IARS1",-0.0336261570628364
"AMPD3",-0.0336527380020633
"RPL34P9",-0.033712769172675
"PANCR",-0.0337998014799606
"TPM3",-0.0338461436393114
"RAB35-AS1",-0.0339746448737378
"IK",-0.034019815844142
"LINC01116",-0.0340495678473766
"RPL12P48",-0.0341106367185848
"ANKRD49P2",-0.0341106367185848
"RNU6-1261P",-0.0341106367185848
"LINC01999",-0.0341106367185848
"CCNYL1",-0.0341263156462367
"SLC35F1",-0.0341709900563267
"CBX8",-0.0342532147647035
"RNU6-980P",-0.0343425079881704
"RN7SL155P",-0.0343425079881704
"HES6",-0.034406146733925
"RPL21P38",-0.0344172912733871
"IMPG2",-0.0344753829661799
"MLLT1",-0.0344839535670149
"RN7SL277P",-0.0344879113081831
"PFN1P8",-0.034606303756007
"CMAS",-0.0346464138645978
"SUGCT-AS1",-0.0347115880614995
"NMBR",-0.0347980424366287
"UBE2D3P4",-0.0347980424366287
"MYLK2",-0.0347980424366287
"RAD23BP3",-0.0347980424366287
"RPS4XP14",-0.0349436439964892
"WHAMMP3",-0.03498424167636
"PLEKHA2",-0.0350351567172783
"RPSAP61",-0.0350774656473802
"ITPRID2-DT",-0.0350922786733804
"VAC14",-0.0351833875158326
"HAUS8",-0.035195650694628
"SURF6",-0.0352184168600955
"TXNL4A",-0.0352270510897613
"TMOD3",-0.03528749954118
"AEN",-0.0353875677199343
"IFT20",-0.0355212040607227
"LINC02716",-0.0355233881086716
"IGHVIV-44-1",-0.0355233881086716
"PIGCP2",-0.0355329897047713
"GDA",-0.0355663150742933
"CSTF1",-0.0355919013785869
"NARS2",-0.0356409931621266
"GABRD",-0.0357001115775601
"ERLIN1",-0.03577104219841
"LRPPRC",-0.0358176801634373
"CEP295",-0.0358814097350596
"IRS4",-0.0358916756675118
"AMPH",-0.0360563561853146
"LEMD1-AS1",-0.0360801624914592
"CPNE3",-0.0360898363205891
"CLDN7",-0.0361330890601081
"VPS33A",-0.0361675970419728
"H2AZP2",-0.0361855472394038
"TRBV6-1",-0.0362526242116509
"ZMYM2",-0.0363241172910087
"MIR3925",-0.03640899673723
"TNPO2",-0.0364132018085332
"C1QL1",-0.0364327361649926
"DNAJC7",-0.0364353470281338
"GMPPB",-0.0364849923065388
"DPY19L1",-0.0364868383384806
"TRMT11",-0.036524203016311
"TVP23CP2",-0.0365685805145556
"SLC9A3-OT1",-0.0366134754929125
"AKAP10",-0.0367573643169036
"IGKV6D-21",-0.0368228737637021
"RNU6-1069P",-0.0368228737637021
"CCDC92B",-0.0369179374077971
"GPHA2",-0.037019408675586
"PID1",-0.0370459449723234
"MYG1",-0.0370943589338525
"RPS7P10",-0.0371098511491036
"SLC25A17",-0.037129263090988
"IL36RN",-0.0371337891917418
"ERICH2",-0.0371337891917418
"GABRB1",-0.0371337891917418
"ZCCHC14-DT",-0.0371337891917418
"MORF4L1P1",-0.0371605713866304
"SPRTN",-0.0371882353396982
"ZNF226",-0.0371991473774703
"RPS27P6",-0.0372026131032441
"C9orf50",-0.0372393027671668
"MAP2K5",-0.0372477729440638
"TMEM262",-0.0372530939885464
"DCTPP1",-0.0372773209545199
"COX7A2L",-0.0374096838171008
"ABCC10",-0.037425639666552
"RPL7AP20",-0.0374329304244758
"KCTD16",-0.0374789541928661
"TMEM177",-0.0375350948480191
"LINC01345",-0.0375458190789835
"LINC02262",-0.0375458190789835
"LINC02435",-0.0375458190789835
"PNLIPP1",-0.0375458190789835
"LINC02645",-0.0375458190789835
"MARK2P12",-0.0375458190789835
"SPMAP1",-0.0375458190789835
"USP10P3",-0.0375458190789835
"KRTAP13-1",-0.0375458190789835
"PRSS2",-0.0375790483904768
"TMEM42",-0.0376843465818665
"ARPP19P1",-0.0377627411585673
"TRIM49B",-0.0378379887713967
"TMEM200A",-0.0379841667153199
"NUBP1",-0.0380049994894673
"NDUFA2",-0.0380537907642412
"MRPL3P1",-0.0380837169343062
"RPL13AP7",-0.0381063452394917
"RPL17P28",-0.0381068991742587
"LINC02266",-0.0382660368699956
"ZNF518B",-0.0383404465107447
"PTTG3P",-0.0383679900906196
"RNU6-492P",-0.0383679900906196
"RNU6-811P",-0.0383679900906196
"LINC02632",-0.0383679900906196
"GOLGA8G",-0.0383679900906196
"C2orf69P1",-0.0383679900906196
"RNU6-639P",-0.0383679900906196
"BDP1",-0.0384012011504686
"UNC5CL",-0.0384108490898886
"C1orf141",-0.03841778869046
"GCSHP2",-0.0385128462380739
"OTOG",-0.0385152336339079
"CDC5L",-0.0385359545439842
"ERCC8",-0.038619295181774
"HNRNPA1P76",-0.0386519971829568
"KLHL24",-0.0386721627267472
"MIRLET7G",-0.0387742630656335
"RANGRF",-0.0388440670572678
"HINT2",-0.0389243948646746
"PRDX5P1",-0.0389490153650733
"UBE2G2",-0.0389926297305638
"UBR5",-0.0390193574138384
"SLC12A7",-0.0390359517698479
"MIR663AHG",-0.0391788650710285
"ANKS1A",-0.0391876525113119
"SPIRE1",-0.0392309786781006
"EIF2A",-0.039293060521334
"LINC02931",-0.0392940012844965
"LINC02874",-0.0393703950429049
"WDFY2",-0.0394402640368412
"FHP1",-0.0394536443768655
"RAB44",-0.0395614374182428
"GATA5",-0.0396566855807957
"RPL21P13",-0.0396842300347763
"PPIAP3",-0.0397124402260953
"CCDC196",-0.0397244686262867
"TRMT112P6",-0.0397579278683048
"HSPE1P4",-0.0397874351050173
"INSYN2B",-0.0398113849819483
"RPS20P12",-0.0398323954568137
"ARPC4",-0.0398807335319054
"GANC",-0.039897609859204
"RPS3AP28",-0.0398988623911326
"LETM1",-0.0399017409575827
"DNAJC19P7",-0.0399946954510617
"LCE1B",-0.0399946954510617
"OR6N2",-0.0399946954510617
"MTCO2P30",-0.0399946954510617
"RSPO3",-0.0399946954510617
"HMGN1P19",-0.0399946954510617
"RS1",-0.0399946954510617
"C13orf42",-0.0399946954510617
"SMCR2",-0.0399946954510617
"LINC02003",-0.0399946954510617
"RNU6-1018P",-0.0399946954510617
"SUN5",-0.0399946954510617
"FTLP4",-0.0400099126054024
"ZNF124",-0.0400851472939869
"C11orf96",-0.0401177903660584
"MBNL3",-0.0401420016896226
"KCNAB3",-0.0401515490164822
"NLGN2",-0.0403088429664255
"REPIN1",-0.0403153535390785
"KIZ",-0.0403426695825405
"COX5BP1",-0.0405010080168873
"RTKN2",-0.0406563489286509
"LINC02757",-0.0407298354424276
"NDUFA10",-0.0407874767121896
"ZNF250",-0.0409040834622145
"NRIP3",-0.0409566729956967
"PDGFD",-0.0410107936694429
"CFAP298",-0.0410222565780617
"NUP58",-0.0411900827556462
"ACOT9",-0.041215617433633
"YWHAQP6",-0.0412425915342728
"ASXL2",-0.0413358750143666
"KIF21A",-0.0414017470384436
"PDK3",-0.041433195360908
"CDH22",-0.0416294377922034
"TMEM238",-0.0416340008490913
"RPS18P9",-0.0416556905188066
"CDC42SE1",-0.041742795450028
"WDR13",-0.0417577178154454
"CDH12P2",-0.0417583489692957
"LYZL2",-0.0418277536559508
"RPS2P28",-0.0418286568887474
"RNU6-1167P",-0.0418434007802611
"RN7SKP230",-0.0418510961030295
"MAPRE1P1",-0.0418635037197084
"CDH18",-0.041910761327073
"PNLDC1",-0.0419767376702123
"RPL21P8",-0.0419846795410919
"ANKRD36C",-0.0420183606682576
"FOXCUT",-0.0420352058593729
"MUC15",-0.0420473765646997
"CSNK2B",-0.0420736913628676
"SFTPD",-0.0420746869840478
"RN7SL472P",-0.0421242224726719
"MOB4P2",-0.0421432913375928
"SPCS1",-0.0421850068983891
"ATP13A3",-0.0421947190644574
"RPL35AP2",-0.0423412133231271
"PRPS2",-0.0424665217771191
"MEAF6",-0.0424785527099866
"UPP2",-0.0425492114015968
"SEC22B",-0.0425864670262759
"LRR1",-0.0425940049345913
"PSMC1P12",-0.0426530933446499
"MIR1302-4",-0.0426530933446499
"LINC01802",-0.0426530933446499
"SUCLA2P1",-0.0426530933446499
"RN7SL128P",-0.0426530933446499
"LINC03084",-0.0426530933446499
"PRELID3BP11",-0.0426530933446499
"OR4C46",-0.0426530933446499
"CCDC70",-0.0426530933446499
"CTXN2-AS1",-0.0426530933446499
"RAB8B",-0.042726937009608
"ADAM17",-0.042798320706423
"IGKV2OR2-1",-0.0428027668695015
"C20orf144",-0.0428027668695015
"RPS20P24",-0.0428485884169769
"TTC3",-0.0428587434341335
"M1AP",-0.0429078031742608
"ENDOU",-0.0429450273532692
"TAB3-AS2",-0.0429547031016286
"TPTE2",-0.0429699345449228
"DLGAP1-AS2",-0.0430356789591929
"SRPK1",-0.0430431916962659
"ERP29P1",-0.043120609783372
"GEMIN6",-0.0431597188686362
"CARS1-AS1",-0.0431930844062447
"SKAP1-AS1",-0.0433036522801541
"YWHAEP5",-0.0433120321457309
"SLC30A6-DT",-0.0433235657341511
"CIZ1",-0.0433294041048309
"UQCRFS1",-0.043469065503516
"SNRPD3",-0.0436154101923947
"UBE2L5",-0.0436671064761878
"ZNF587B",-0.0437496999857963
"LINC02649",-0.0437584273800108
"KDM5C",-0.0437747036491117
"AHDC1",-0.0438114415536125
"DARS2",-0.0438569971599685
"IL10RB-DT",-0.0439586688923895
"KRT18P28",-0.0439866889135502
"SALL4P7",-0.044060664223878
"FBXW4P1",-0.0441416648616982
"CDH13",-0.044168238639949
"DTWD1P1",-0.0441821418280201
"BTG3-AS1",-0.0442396287127036
"ZNF431",-0.0443212087136592
"TDRP",-0.0443233100799395
"METTL21C",-0.0443391144405412
"SERF1A",-0.0443728732479872
"AMY2B",-0.0445882593999593
"FAM223B",-0.0446979104124107
"MARCHF6",-0.0447298225692888
"RPL12P14",-0.0447378521575439
"ITGB1BP1",-0.0447894877847331
"CYSLTR1",-0.0449170334393439
"SBF2-AS1",-0.0449613446466592
"LINC00320",-0.0449654870101812
"L1TD1",-0.0450286324076421
"LY6G6C",-0.0450288023791239
"CPLANE1",-0.0451285897188456
"OR7E97P",-0.0451682556140673
"ACTR3B",-0.0451931981456775
"XPNPEP3",-0.0452066125989523
"INCENP",-0.0452202367328713
"HNRNPA3P10",-0.045463109937376
"DCAF7",-0.0455154862297389
"SLC6A11",-0.0456847346706459
"LINC02543",-0.0457557976908329
"TSPAN11-AS1",-0.0458755607469485
"SEMA3F-AS1",-0.0459177793612684
"ZNF609",-0.045948702986686
"LINC02868",-0.0459981552550598
"GAPDHP75",-0.0459981552550598
"RN7SKP156",-0.0459981552550598
"LCEP1",-0.0459981552550598
"RPL36AP12",-0.0459981552550598
"MCRIP2P2",-0.0459981552550598
"DUXAP1",-0.0459981552550598
"IQCA1-AS1",-0.0459981552550598
"UGT1A1",-0.0459981552550598
"CSP1",-0.0459981552550598
"THPO",-0.0459981552550598
"RNU6-26P",-0.0459981552550598
"ANKRD18DP",-0.0459981552550598
"RN7SKP296",-0.0459981552550598
"MIR5682",-0.0459981552550598
"ARHGEF38-IT1",-0.0459981552550598
"PRR27",-0.0459981552550598
"ATP1B1P1",-0.0459981552550598
"LNX1-AS1",-0.0459981552550598
"STMND1",-0.0459981552550598
"CCT7P1",-0.0459981552550598
"LUADT1",-0.0459981552550598
"RN7SL408P",-0.0459981552550598
"HYAL6P",-0.0459981552550598
"RN7SL851P",-0.0459981552550598
"CAPZA1P4",-0.0459981552550598
"AWAT2",-0.0459981552550598
"RNU1-112P",-0.0459981552550598
"MORF4L1P5",-0.0459981552550598
"VENTXP1",-0.0459981552550598
"CPSF1P2",-0.0459981552550598
"CA3",-0.0459981552550598
"KNOP1P5",-0.0459981552550598
"KLHL38",-0.0459981552550598
"IFNA7",-0.0459981552550598
"TRPC6P5",-0.0459981552550598
"OR52J3",-0.0459981552550598
"OR52Z1P",-0.0459981552550598
"OR5AK4P",-0.0459981552550598
"NDUFB11P1",-0.0459981552550598
"MRGPRX10P",-0.0459981552550598
"NDUFA3P2",-0.0459981552550598
"RNU7-107P",-0.0459981552550598
"SLC15A5",-0.0459981552550598
"FOXN4",-0.0459981552550598
"KRT90P",-0.0459981552550598
"LINC02401",-0.0459981552550598
"LINC00377",-0.0459981552550598
"LIPT1P1",-0.0459981552550598
"UBBP5",-0.0459981552550598
"LINC00462",-0.0459981552550598
"AKR1B1P5",-0.0459981552550598
"RNASE7",-0.0459981552550598
"MPPE1P1",-0.0459981552550598
"TMEM183AP4",-0.0459981552550598
"LINC02297",-0.0459981552550598
"LINC02282",-0.0459981552550598
"NMNAT1P5",-0.0459981552550598
"LINC02189",-0.0459981552550598
"LINC02192",-0.0459981552550598
"RNA5SP438",-0.0459981552550598
"SRP68P1",-0.0459981552550598
"RPSAP57",-0.0459981552550598
"LINC03111",-0.0459981552550598
"RPL7AP13",-0.0459981552550598
"ZNF285DP",-0.0459981552550598
"MACROD2-AS1",-0.0459981552550598
"LGALS14",-0.0459981552550598
"PSG4",-0.0459981552550598
"LINC00316",-0.0459981552550598
"PLEKHA8",-0.0460097304303135
"SOWAHD",-0.0460665216402178
"ZNF418",-0.046131569968683
"A4GALT",-0.0462361241506276
"LINC02051",-0.0462439246274431
"RPL36AP8",-0.0462988314397166
"ZNF22-AS1",-0.0463375819431594
"EEF1A1P35",-0.0463948750556494
"NXPH2",-0.0464170255756344
"EEF1AKMT4",-0.0464969561668163
"CBX1P2",-0.0465162448404434
"KIAA1143P1",-0.0465162448404434
"RPL31P32",-0.0465296559144709
"RAB40B",-0.0465544396917182
"TIMP2",-0.0465575875011918
"TCIM",-0.0465805008231324
"CERS5",-0.0466115274239804
"STK32A-AS1",-0.0466155179177122
"FAM24B",-0.0466276151372995
"SUPT20HL2",-0.0466434650475782
"IFT43",-0.0466496539160505
"MTA1-DT",-0.0468715552345181
"ZFAND3",-0.0469016171859069
"LINC01765",-0.0469163834254152
"ATP5PBP4",-0.0469956098493281
"DDX3P3",-0.0469956098493281
"OR8G2P",-0.0469956098493281
"OR6C6",-0.0469956098493281
"ELOBP1",-0.0469956098493281
"RPL31P56",-0.0469956098493281
"RNA5SP476",-0.0469956098493281
"USP42",-0.0470913127298915
"SLC25A5",-0.0470959826843855
"MANBA",-0.0471294321214962
"TBC1D12",-0.0472033045373403
"RPS3AP19",-0.0472828990231225
"ROCR",-0.0472839368509352
"RPL28",-0.0472969967693727
"GNG2",-0.0473572191645301
"LACC1",-0.0473667430590401
"RPS18P14",-0.0473808527821063
"HMGN1P38",-0.0473840307064484
"DCAF13",-0.0473892513830462
"WDR77P1",-0.047436061408352
"SLC18B1",-0.0474421597886278
"RPS7P8",-0.0475088784107547
"MYLK3",-0.0475613862636947
"RGL2",-0.0475947447555572
"B3GNT4",-0.0476101845092932
"ZC3H11A",-0.0476452979324928
"DENND5B-AS1",-0.0476905731513852
"SMAD4",-0.0477604091327645
"RN7SL163P",-0.047832292376934
"CDC42BPB",-0.0478608898161266
"ADCY5",-0.0478738368592645
"PRR16",-0.0478771158463525
"HSD17B7",-0.0480670102170379
"HSP90AB7P",-0.0480776076607981
"COX17",-0.0481773067290678
"GRPEL2",-0.0482097637813337
"NDUFB10",-0.0482180436853347
"NPS",-0.0482408716517088
"AKAP5",-0.0482683117622778
"LINC01040",-0.0484749110753112
"SPMIP1",-0.0484753000069227
"RPS26P31",-0.0485050730308429
"PAFAH2",-0.0486293836560167
"EFCAB13",-0.048702078483964
"NSD2",-0.048719004634696
"RPL21P22",-0.0487759556754169
"GPR141BP",-0.0488046664493732
"RPL17P36",-0.0488312605670054
"RPL7AP2",-0.0488587230612622
"MRLN",-0.0490878716067129
"IL1A",-0.0492215632122502
"MC2R",-0.0492757431822458
"TMEM30A-DT",-0.0493218507217202
"SLC25A44",-0.049357049357914
"SNRPGP10",-0.0493606357897949
"TMX2P1",-0.0493633624747927
"CENPNP1",-0.0494880716336913
"APOA2",-0.0495253289554506
"ZSCAN32",-0.0495670601805879
"PAMR1",-0.0496599556507476
"ARMC10P1",-0.0498229414457284
"EXOC6",-0.0498613813784271
"DANCR",-0.0498731342973375
"UPF2",-0.0499371580784012
"ABCB10P4",-0.0499480411645623
"ST13P5",-0.0500925525998861
"RNASEK",-0.0500998168149893
"NOLC1",-0.0501982294126869
"SNRPG",-0.0502066427208213
"RPL5P28",-0.0503135997676737
"RIPPLY3",-0.050342565287735
"UBE2NL",-0.0504542007331428
"CABP1",-0.0504573334233031
"B3GNT7",-0.0505790800602245
"LINC02420",-0.050600206485131
"CICP15",-0.0507322390733452
"TRAV4",-0.0508627646926443
"PTK7",-0.0509011510153945
"CXCL11",-0.0509816509612588
"TPI1P1",-0.0510653424506403
"EIF5AL1",-0.051081518679511
"PAPOLG",-0.0511157856997417
"RAB1C",-0.0511507376672834
"DAP3",-0.0511641895785179
"LINC02480",-0.0512432946598172
"PBK",-0.0512989696966085
"L3MBTL3",-0.0513159318496086
"TEK",-0.0514019672968144
"CDX4",-0.0514178374815981
"CZIB-DT",-0.0515047859993586
"CHAF1A",-0.0515256706533218
"DET1",-0.05152965197072
"MDC1",-0.0515401154086919
"PAX6",-0.051556985610184
"RBM33",-0.051608610404547
"MIR633",-0.0516088702563254
"ZIC4",-0.0516591046107417
"ZIC4-AS1",-0.0516591046107417
"MTND5P13",-0.0516591046107417
"LINC01519",-0.0516591046107417
"LINC02456",-0.0516591046107417
"RPS15AP36",-0.0516591046107417
"RPS7P1",-0.0516691876923103
"CTSC",-0.0516977287602718
"DAD1",-0.0518118924798462
"LINC02546",-0.0518783177962807
"THAP1",-0.0518848120069258
"RPL19P5",-0.0520412238970561
"RNU6-268P",-0.0521143096303128
"STON2",-0.0521807267280093
"ARHGEF37",-0.0521869525737149
"SULT6B1",-0.0524449923121331
"HDAC2-AS2",-0.05246889778413
"VPS13C",-0.0524755070930994
"UCK1",-0.0527075503269767
"EIF2S2",-0.0527844460175059
"LINC02415",-0.0527983952418214
"HMGN2P7",-0.0528218914209218
"PWP1",-0.0528728583179978
"RPSAP38",-0.0529480487485107
"NRF1",-0.0529691033680173
"TMEM101",-0.0530907876663829
"HMGN2P17",-0.0532528096693276
"CEP85",-0.0533716402032916
"BPNT1",-0.0533996100151596
"MTA2",-0.0534940353640198
"GAS2L2",-0.0535127902436253
"SUCLG2P2",-0.0536227877475609
"DCP2",-0.0537309629280206
"DYM",-0.0537328476021435
"TTC32",-0.0538073742415371
"HMGN1P4",-0.0538395659211258
"UBL5",-0.0539327599309934
"ISOC2",-0.0539476112580081
"HMGN2P31",-0.0541074982206435
"R3HDML-AS1",-0.0541768543331831
"CASZ1",-0.0542847519676913
"CNTFR",-0.0543513904604916
"DIPK2A",-0.0543567916115074
"CDC73",-0.054443210810969
"NAA30",-0.0544449987191518
"STXBP3",-0.0544579063551246
"TMEM170B",-0.054560122642571
"HSPA8P1",-0.0546249839077791
"LINC01288",-0.0547278842187333
"FAM120C",-0.0547571955169414
"DOCK4",-0.0547917825296446
"RNU4ATAC12P",-0.0548133216912885
"ATRAID",-0.0548210394468768
"LINC01456",-0.0549457473846981
"RPL36AP46",-0.0549690042802064
"TAS2R20",-0.0549708841809845
"SLC25A6P4",-0.0549868069934778
"TSHZ2",-0.0550042059947097
"LGI2",-0.0550111408881592
"E2F3",-0.0550420068481842
"LINC02814",-0.0550751098594488
"CYP3A4",-0.0551210022901043
"FAAP24",-0.0551400037701716
"UBA52P5",-0.0551780804513115
"ACTR8",-0.0552387185207235
"XKR4",-0.0552400697954691
"CENPQ",-0.0552471050377238
"RPS4XP6",-0.0552586408351979
"RPL23AP8",-0.0552650020645912
"CDC37L1-DT",-0.0553344073830771
"NAMPT",-0.055344159597248
"PCK1",-0.0554097037688894
"ACTBP2",-0.0554622228125437
"PTS",-0.0555168315015453
"ZCCHC7",-0.0555695052993491
"GARIN1B",-0.0557088095369622
"NKG7",-0.0557123763379297
"LINC02993",-0.0558674678253426
"POLR2K",-0.055937170365372
"AGK",-0.0559993616846035
"TRAJ33",-0.0560495123340278
"LINC02040",-0.0560842159885214
"GLG1",-0.0561122837346236
"RNU6-1214P",-0.0561625375178925
"RPL19P11",-0.0561625375178925
"SCN2B",-0.0561625375178925
"FLRT2-AS1",-0.0561755488267106
"LRRC53",-0.0562378115952198
"DIRAS3",-0.0562378115952198
"MTCYBP15",-0.0562378115952198
"CROCCP5",-0.0562378115952198
"MIR3681",-0.0562378115952198
"RNA5-8SP5",-0.0562378115952198
"LINC01955",-0.0562378115952198
"HTR3C",-0.0562378115952198
"LINC02077",-0.0562378115952198
"LINC02496",-0.0562378115952198
"SULT1D1P",-0.0562378115952198
"LINC02377",-0.0562378115952198
"THOC3-AS1",-0.0562378115952198
"LINC01455",-0.0562378115952198
"CYP39A1",-0.0562378115952198
"SLC35D3",-0.0562378115952198
"ANKRD7",-0.0562378115952198
"UBE2V1P9",-0.0562378115952198
"OR1AA1P",-0.0562378115952198
"PAGE2B",-0.0562378115952198
"PAGE2",-0.0562378115952198
"CXXC1P1",-0.0562378115952198
"MIR2053",-0.0562378115952198
"RPL36AP6",-0.0562378115952198
"RN7SL151P",-0.0562378115952198
"OR5D14",-0.0562378115952198
"DEFB108B",-0.0562378115952198
"OVCH2",-0.0562378115952198
"LINC02685",-0.0562378115952198
"LINC02621",-0.0562378115952198
"EIF2AP4",-0.0562378115952198
"LINC01168",-0.0562378115952198
"MIR135A2",-0.0562378115952198
"LRRC34P1",-0.0562378115952198
"OR7A19P",-0.0562378115952198
"MIR2681",-0.0562378115952198
"SIX6",-0.0562378115952198
"RNU6-252P",-0.0562378115952198
"RNU2-3P",-0.0562378115952198
"PHGR1",-0.0562378115952198
"LARP7P2",-0.0562378115952198
"RNA5SP425",-0.0562378115952198
"SAMD11P1",-0.0562378115952198
"RN7SL97P",-0.0562378115952198
"CENATACP1",-0.0562378115952198
"CST11",-0.0562378115952198
"RN7SL197P",-0.0562378115952198
"RN7SL154P",-0.0562378115952198
"HAUS5-DT",-0.0562378115952198
"XKRYP3",-0.0562378115952198
"IGLV3-2",-0.0562378115952198
"NFAT5",-0.0563104532562117
"RBM11",-0.0563429773415617
"DUSP15",-0.0563568935072284
"SCAMP3",-0.0564229671214813
"PRSS56",-0.0564423031200189
"HNRNPDL",-0.0564722125614693
"ANAPC15P2",-0.0564768683912824
"UBLCP1",-0.0564918634503232
"LINC02138",-0.0565304510058243
"F2RL3",-0.0565425651502756
"AK5",-0.0565572396568039
"RAB2B",-0.0566152871319561
"SUDS3",-0.0566506112186092
"LPIN2",-0.0566809177304175
"TP63",-0.0568269554995873
"ESR1",-0.0568403280499017
"TEPSIN",-0.0569540831756916
"TRAP1",-0.0569827982184193
"LINC01706",-0.0571813673189395
"CCL18",-0.0572975742832211
"DBNDD1",-0.0573652762148544
"LINC01786",-0.0573974887448244
"EVC",-0.0573988543895393
"SNRPCP2",-0.0574245081281985
"OR6C68",-0.0574623691956551
"DNAJC8",-0.0576440310266647
"ZFAND4",-0.0576513556995685
"HMGB1P12",-0.0577717786816307
"ZNF496-DT",-0.0578024130777816
"MPC2",-0.057968378128942
"SP110",-0.0580463346591905
"IPMK",-0.0580789858588061
"TAX1BP1-AS1",-0.0581015837854439
"FAM83C",-0.0581168565850393
"KLF18",-0.0582144733057523
"MAP1LC3C",-0.0582144733057523
"MTCO3P38",-0.0582144733057523
"OR5K1",-0.0582144733057523
"RLIG1P1",-0.0582144733057523
"H2AL1MP",-0.0582144733057523
"OR4A48P",-0.0582144733057523
"LINC02584",-0.0582144733057523
"LIPF",-0.0582144733057523
"PLA2G12B",-0.0582144733057523
"OR7E111P",-0.0582144733057523
"FAM216B",-0.0582144733057523
"NUBPL-DT",-0.0582144733057523
"DSG1-AS1",-0.0582144733057523
"SNRNP48",-0.0583141346337286
"PPIAP42",-0.0583796480649287
"TPRG1",-0.05845350590357
"GSG1",-0.0585421492752228
"LINC01122",-0.0585453991212981
"GPM6A",-0.0585467721994178
"SOWAHA",-0.058578544115748
"MYSM1",-0.0586067429808298
"LGALSL-DT",-0.0587490786675257
"MYO19",-0.0588063551971634
"IGHV3-29",-0.0589565063753903
"ZNF567-DT",-0.0590207843876079
"MZT2A",-0.0592068939618728
"PLPP5",-0.0592073615252023
"YY1-DT",-0.0593656209575809
"FTX",-0.0594177413782179
"PACSIN3",-0.0594523974461239
"RASGRP4",-0.059501120417128
"CCDC186",-0.0596009391119504
"VAMP5",-0.0596426655524866
"CSPP1",-0.0596489499006972
"HNRNPA1P59",-0.0596510074794926
"ITGB1P1",-0.0596703009156198
"LINC02346",-0.0597312486853322
"SOD1",-0.0598528570645003
"PRKAG3",-0.0598668118322537
"DPPA3P9",-0.0598668118322537
"OR2B3",-0.0600799727726951
"TRDN-AS1",-0.060105228754702
"AOAH",-0.0601594195074448
"OR2AI1P",-0.0601693347307605
"DRG1",-0.0601946626853765
"ARHGAP11A-SCG5",-0.060254268695346
"TRPA1",-0.0603575758549681
"ABCG1",-0.0604158590958777
"LINC02008",-0.0604829026050136
"RPL6P10",-0.0605566009058449
"SNORD71",-0.0605843886182131
"CYCSP39",-0.0606096321213062
"LINC00628",-0.0607229663555671
"OR2T33",-0.0607229663555671
"RGS8",-0.0607229663555671
"COX5BP8",-0.0607229663555671
"LINC02792",-0.0607229663555671
"SLC9B1P2",-0.0607229663555671
"SPP2",-0.0607229663555671
"BPESC1",-0.0607229663555671
"SMARCAD1-DT",-0.0607229663555671
"FGF10-AS1",-0.0607229663555671
"DEFB112",-0.0607229663555671
"PABPC1P11",-0.0607229663555671
"NAV2-AS3",-0.0607229663555671
"ALX4",-0.0607229663555671
"TRIM64",-0.0607229663555671
"LINC02644",-0.0607229663555671
"HSP90AB6P",-0.0607229663555671
"RNU6-1186P",-0.0607229663555671
"LINC02152",-0.0607229663555671
"OR4D2",-0.0607229663555671
"OR4K7P",-0.0607229663555671
"CEACAMP11",-0.0607229663555671
"BTF3L4P1",-0.0607229663555671
"PICSAR",-0.0607229663555671
"TRAV1-2",-0.0608511884794697
"SLAMF9",-0.0612524135774674
"TSPAN12",-0.0612635187008075
"DTD1",-0.0614047534243905
"SENP5",-0.0614091164487022
"ASS1P10",-0.0614574864336217
"PAXBP1",-0.061500853693415
"NPM1P38",-0.0616410364931947
"LINC02745",-0.0616410364931947
"PLXNA2",-0.0617192632100706
"SLC48A1",-0.0617817779698832
"MORN4",-0.0618350663813388
"RAB39A",-0.0618384291833637
"MFSD14B",-0.0618954431989656
"ZEB2",-0.0619317164107873
"RPL7L1P8",-0.0619803195758865
"NDUFS5P5",-0.0619803195758865
"RNU7-53P",-0.0619803195758865
"MINAR1",-0.0619803195758865
"TRAV20",-0.0620275961223742
"THUMPD3",-0.0621092829080852
"SHLD2P2",-0.0622021191301892
"PDE10A",-0.0622128927771256
"KIF20A",-0.062246365302755
"NRAD1",-0.0623595477170671
"FAM234A",-0.0624023219985506
"PYHIN1",-0.0624529714015252
"ADPRHL1",-0.0624586079228201
"PIN4",-0.0624908613058494
"NFASC",-0.0625016114657775
"LMNTD1",-0.0626171258069869
"BMP7",-0.0626775570543396
"DDA1",-0.062691704846035
"CS",-0.0627724452039805
"RGMA",-0.0628441108688268
"NBPF1",-0.0628654851107582
"RN7SKP95",-0.0630218209260036
"ARHGEF35-AS1",-0.063101771589577
"RASGRP3",-0.0631868938156356
"LINC02923",-0.0633974974730393
"CHMP4C",-0.0635366107773684
"SP3",-0.0635479072473029
"GK-AS1",-0.063796562470427
"GRWD1",-0.0638159166774433
"MSS51",-0.0638804585192276
"CARMIL3",-0.0638904996480655
"ZC3H15",-0.0640038215036524
"LDHAP3",-0.0641001760924616
"LRRIQ1",-0.0642392936147789
"SHMT1P1",-0.0644608992639519
"LINC01720",-0.0644608992639519
"LINC01307",-0.0644608992639519
"MIR4790",-0.0644608992639519
"IQCJ",-0.0644608992639519
"LINC00903",-0.0644608992639519
"LINC00606",-0.0644608992639519
"LINC00971",-0.0644608992639519
"LTV1P1",-0.0644608992639519
"RPSAP35",-0.0644608992639519
"LECT2",-0.0644608992639519
"MSX2",-0.0644608992639519
"LINC02103",-0.0644608992639519
"SNRPEP6",-0.0644608992639519
"OR12D3",-0.0644608992639519
"COX8CP1",-0.0644608992639519
"ARAFP3",-0.0644608992639519
"EFCAB10-AS1",-0.0644608992639519
"PPP1R3A",-0.0644608992639519
"SPANXN3",-0.0644608992639519
"PA2G4P1",-0.0644608992639519
"RNU6-114P",-0.0644608992639519
"LIMK2P1",-0.0644608992639519
"MRPL32P2",-0.0644608992639519
"BMP2KL",-0.0644608992639519
"RFPL4AP7",-0.0644608992639519
"DEFB4A",-0.0644608992639519
"GSDMC",-0.0644608992639519
"SDR16C6P",-0.0644608992639519
"LINC01111",-0.0644608992639519
"TUBB8P1",-0.0644608992639519
"BBOX1",-0.0644608992639519
"DDX18P6",-0.0644608992639519
"LINC02674",-0.0644608992639519
"GPR182",-0.0644608992639519
"DDX6P2",-0.0644608992639519
"LINC01058",-0.0644608992639519
"IGHV3-30-2",-0.0644608992639519
"LINC02299",-0.0644608992639519
"MIR8067",-0.0644608992639519
"CALB2",-0.0644608992639519
"LINC01928",-0.0644608992639519
"SALL3",-0.0644608992639519
"RPS10P27",-0.0644608992639519
"LINC02856",-0.0644608992639519
"ZNF471",-0.0644608992639519
"RPL9P33",-0.0644608992639519
"APOC4-APOC2",-0.0644608992639519
"OR7G3",-0.0644608992639519
"ZSCAN5B",-0.0644608992639519
"ZSCAN4",-0.0644608992639519
"RPS29P26",-0.0644608992639519
"MAPK6P2",-0.0644608992639519
"DCXR-DT",-0.0645568162717614
"RPL21P12",-0.0645658846637618
"ADAM15",-0.0645687275754015
"IWS1",-0.0646606756134869
"LINC01725",-0.064683548346121
"FOLR3",-0.0647342134574026
"ANKRD34B",-0.0647700562154587
"OR10J2P",-0.0648266285818603
"ADIPOQ-AS1",-0.0648266285818603
"RN7SL791P",-0.0648266285818603
"BRS3",-0.0648266285818603
"DEFB134",-0.0648266285818603
"OR5B2",-0.0648266285818603
"RBM22P2",-0.0648266285818603
"LINC01193",-0.0648266285818603
"KRTAP1-4",-0.0648266285818603
"HMGN2P2",-0.0648384072925601
"ANAPC16",-0.0648828463694086
"LINC01376",-0.0649797307424941
"RPS27AP3",-0.0650324943422132
"METTL8",-0.0650502407181576
"RHOF",-0.0651476418557048
"LINC00676",-0.0651622752562354
"LINC02985",-0.0651821449087267
"DPRX",-0.0651829930172729
"HSPA1B",-0.0651911076182749
"VSTM2A",-0.0652245200631423
"IATPR",-0.0652641614188075
"PRPS1L1",-0.0653916451097074
"PAFAH1B1",-0.0655184035037524
"H2AP",-0.0657291553775484
"TAS2R9",-0.0657406632999054
"KANSL3",-0.0659201953135068
"DCLRE1B",-0.0659438678637866
"GZF1",-0.0660247062436208
"LINC02020",-0.0660794554711206
"MTX1",-0.0661157522289218
"FNIP1",-0.066155473497331
"HNF4A-AS1",-0.0661858864385437
"GAPDHP40",-0.066244507014198
"RNA5SP211",-0.0662672147873311
"NBAT1",-0.0663046765626063
"PAK1",-0.0663314348886615
"HES5",-0.0664275958312901
"CABP7-DT",-0.0665121432962749
"MIF-AS1",-0.0665126224157745
"RN7SL302P",-0.0667188658809797
"MAP9-AS1",-0.0668102575509794
"ZBTB25",-0.0668277480313699
"MED31",-0.0668574889337484
"OAZ1",-0.0669511589511971
"CATSPERB",-0.0670562082817328
"ECPAS",-0.067089349167754
"SEZ6L",-0.0671354812726664
"DNAAF6",-0.0672374754681525
"CEMIP2",-0.0672885158381422
"LINC00348",-0.0673349780742107
"FETUB",-0.0673855362660857
"SLC16A10",-0.0674354751372713
"ILF3-DT",-0.0674997835215
"GPR84",-0.0675781154133
"TST",-0.0676413004605803
"ELN",-0.0677102331387137
"ACACB",-0.0677484177825503
"TIMM29",-0.0677637897037747
"LINC01018",-0.0678825164874253
"NOL7",-0.0679601156248652
"RNY1P14",-0.0680326530625547
"PPIAP51",-0.068049340346421
"TRGV9",-0.0680808840578117
"PSTPIP2",-0.0680984460655248
"TTC5",-0.0681594589540579
"WDR76",-0.0681643690226673
"KAT2B",-0.068195324376452
"HSP90AA1",-0.0683455603949112
"MRPL54",-0.0683638287173146
"RAPGEF2",-0.0683835560045203
"CDV3",-0.0684003249278308
"GMPSP1",-0.0684158904847633
"PRSS23",-0.0684585055696151
"ROCK1",-0.068572379131733
"VDAC3P1",-0.068577529048582
"WNT16",-0.0685915750232048
"SPINT3",-0.0686270873483496
"ARSJ",-0.0686336159037911
"ATAD2",-0.0687036433815739
"SPATA13",-0.0687915550035322
"LINC02292",-0.0688627410733373
"RPS10P3",-0.0688977041313676
"RHOBTB1",-0.0689035397435243
"CNTN6",-0.0689476458056986
"TUT1",-0.0690017511545895
"H3-5",-0.0690700830050373
"RPL7P20",-0.0691057217220055
"PDS5A",-0.0691708729901427
"NKX2-1",-0.0692951702434142
"TSNAXIP1",-0.0693550166758014
"RN7SKP151",-0.0693598360426992
"NUP98",-0.0693628299058622
"LMBRD2",-0.0694071125767294
"MOCS2-DT",-0.0694476609796555
"RPS26P34",-0.0694476609796555
"OR6C1",-0.0694476609796555
"FILNC1",-0.0695025317649259
"PSMC6",-0.0695075347525957
"CPLANE2",-0.06952848001751
"H3P7",-0.06952848001751
"YWHAQP4",-0.06952848001751
"AHI1",-0.0695541239091454
"FDXR",-0.069557376152738
"NPM1P32",-0.0696304633204545
"PITPNA-AS1",-0.0697186149743072
"FAM111A-DT",-0.0697368702026886
"HMGB1P14",-0.0697681285913241
"LINC01752",-0.0699867298389555
"TRIP11",-0.0699989655830538
"MECOM-AS1",-0.0700158902087725
"RPL29P18",-0.0700163534822707
"RAB21",-0.0700305973079424
"DDX10P2",-0.0700348521504027
"UBQLN1",-0.0701108296408574
"HLTF",-0.0701143517879927
"RPS15P5",-0.0701149783029523
"APOE",-0.0705140086478305
"HASPIN",-0.0705703703109072
"WDR82",-0.0707401801435399
"LINC02494",-0.0707876384169043
"KIF23",-0.0708034156080003
"LINC01873",-0.0708089923912127
"KRTAP19-7",-0.0708556142372656
"MT2A",-0.0709252982230563
"MRPS35",-0.0710519325641728
"SLC22A24",-0.0710768499333318
"H2BC21",-0.0711488487605055
"PRND",-0.0714033475269392
"ATRIP",-0.0715183933230937
"IGF2BP1",-0.0716103038790938
"C12orf60",-0.071874412624528
"JAM2",-0.0720788567251732
"SLC26A4-AS1",-0.072191539850248
"CYTL1",-0.072270681457243
"CPN2",-0.0722898980329639
"ARL13A",-0.0724272892362329
"SPAST",-0.0726038458382087
"PPP2R2D",-0.0726154575150243
"ZNF765",-0.0726470950401255
"PPP3R1",-0.0726585983279423
"CATIP-AS2",-0.072698141004678
"MIR647",-0.0726996308410307
"ERI2",-0.0727184440273492
"PTPN11",-0.0727438898641781
"RPS16P2",-0.072748950802227
"XPO1",-0.0727805378116585
"ZNF224",-0.0730537923617282
"UTP20",-0.0730732838072257
"RPS15AP24",-0.0731280757055742
"LINC00339",-0.0733521683484154
"PTPRR",-0.0734303155969022
"RPS15P9",-0.0734509392392685
"RNU6-969P",-0.073610979083457
"RNA5SP343",-0.073610979083457
"RNU6-1149P",-0.073610979083457
"OVCH1",-0.0736456295627344
"PRDM2",-0.0736503019449229
"ADIRF",-0.0738169594056428
"HADHBP1",-0.0738308264993497
"ENKUR",-0.0740316982396786
"PCMTD1",-0.0741018199361127
"MALSU1",-0.0741205668224375
"MMP28",-0.0741296747411404
"C19orf67",-0.0741325844544193
"FANCD2OS",-0.0741597327309006
"NUDCP1",-0.0742101914455914
"ZCCHC10",-0.0742119851488912
"SNX1",-0.0743245210992601
"HNRNPA1P16",-0.0743249022804873
"TMSB4XP4",-0.074471852916959
"CRYAA",-0.0745635657606276
"OPN4",-0.0747650921735039
"MIR30B",-0.0749242052110797
"DNAH17-AS1",-0.0750613611852566
"PLEKHA5",-0.0750783441740323
"SUMF2",-0.0751364710437176
"BAAT",-0.0752556553498958
"DDX21",-0.0752677959554999
"SLC5A1",-0.0753552165160242
"ELF2P4",-0.0753661859767387
"RN7SL629P",-0.0753775797812344
"MX2",-0.075381537642513
"CFTR",-0.075431898962713
"GPAT4",-0.0754922825403977
"RNU6-450P",-0.0755291199846049
"TK1",-0.0756015796381913
"CEACAM21",-0.0756826373286351
"FBXW7-AS1",-0.0758784141881336
"ODAM",-0.0759693601622365
"RUFY4",-0.0759846592177633
"PEX11B",-0.0761013044295829
"NEK4",-0.0761652244869121
"EGFLAM-AS1",-0.0762110247189301
"CEL",-0.0762110247189301
"SNORD115-30",-0.0762110247189301
"LINC01526",-0.0763419166045341
"CDK5",-0.0763896511417777
"G3BP1P1",-0.0764341208469805
"YBX1P2",-0.0764757485043462
"C4orf19",-0.0765277671983753
"COL6A4P1",-0.076626140143102
"RNU4-31P",-0.076626140143102
"PUM2",-0.0767165995459602
"CCNQ",-0.0767701448794694
"PLA2R1",-0.0769204193767948
"PIMREGP1",-0.076926459876292
"MEIS1-AS3",-0.0769867992430302
"SPEG",-0.0770038041262283
"SPEF1",-0.0770915875459407
"MICD",-0.0772288105887871
"CD248",-0.0772928731609714
"TOR1BP1",-0.0774080508328499
"GLIPR2",-0.0775801950118338
"TTLL12",-0.0775845020369317
"RBMS2P1",-0.0776832174370516
"RN7SL173P",-0.0776888002587548
"COPS9",-0.0778147673874889
"FBXL12P1",-0.0780064241221732
"MPV17L2P1",-0.0780064241221732
"KARS1P1",-0.0780064241221732
"OR4Q3",-0.0780064241221732
"DSG4",-0.0780064241221732
"PPP2R3A",-0.0781158942825516
"USP50",-0.0781846972854906
"ATR",-0.0782490677410969
"NPEPPSP2",-0.0782688244438218
"BNIPL",-0.0782848688909446
"ZNG1B",-0.0784579649149823
"LINC01871",-0.078541872193955
"HDAC4",-0.078657202575844
"PTP4A1",-0.078729684105195
"SLC25A52",-0.0788075757526739
"TNN",-0.0788248282683081
"LINC00494",-0.0788625410263719
"KIR2DP1",-0.0790090122793366
"DTWD1",-0.0790935537594937
"EPHA5",-0.0791354651705722
"MIR26B",-0.0792311620964835
"STOML3",-0.0794421748704578
"AVIL",-0.0795312536960344
"ZNHIT3",-0.0796734212077316
"ZCCHC4",-0.0797500126853957
"RN7SL220P",-0.0798372992286292
"BNIP3P41",-0.0798887799585378
"LINC00968",-0.0799242458796667
"RN7SL422P",-0.0799539086687662
"TTBK2",-0.0800020860972166
"RPL35P1",-0.080051790833338
"MFAP3L",-0.08007578095131
"UNC13A",-0.080088921770719
"RPL23P5",-0.0802259470156923
"HIGD2A",-0.0803058184107491
"SLX4IP",-0.0803690817470918
"KIF4A",-0.0803733642884752
"MED4",-0.0804749740228791
"XDH",-0.0805649365710334
"NHLRC3",-0.0808830781333608
"EEF1A1",-0.0809821828805667
"CAVIN4",-0.080990915222611
"IGFBP7-AS1",-0.0810507635383517
"RNF17",-0.08109993790685
"KCNRG",-0.0811351594544273
"SNHG7",-0.0811682066334518
"ARHGEF40",-0.0812860534840206
"RBPJ",-0.0814052568072178
"EIF4BP6",-0.0814503874114537
"HNRNPA1P50",-0.0815375735452037
"P2RX5-TAX1BP3",-0.081573385837058
"HNRNPA1P67",-0.0818120154123419
"OCRL",-0.0818187416399683
"MED17",-0.0818483569881867
"VPS50",-0.0818593099228843
"MMEL1",-0.0818846012858509
"CDC25B",-0.0819330656746458
"PDCD7",-0.081960429543328
"RNA5SP489",-0.0823553355643341
"ARGLU1-DT",-0.082386514390239
"RNA5SP44",-0.0825055226693872
"KIN",-0.0826403778040116
"C3P1",-0.0827671073965294
"RPL35AP22",-0.0828408054469403
"OR2T27",-0.0828947469575952
"SERP1",-0.0829253880682087
"ATF7",-0.0829261267787208
"RPL13AP22",-0.0829531701570356
"RAP1GDS1",-0.0832072521647204
"SNRPEP11",-0.0834391340116499
"LINC02534",-0.0834391340116499
"OR52E3P",-0.0834391340116499
"RNU6-938P",-0.0834391340116499
"NTF3",-0.0835083389386565
"RPL29",-0.0835372376340995
"RBBP5",-0.083559645004099
"PRRT3",-0.083631925531831
"P2RX2",-0.0836457638660425
"MEG9",-0.0836457638660425
"RNU7-71P",-0.0836457638660425
"C17orf100",-0.0836636428236788
"VPS29",-0.0838120152372571
"OR7E21P",-0.083958308210916
"UQCRBP1",-0.0839845997902631
"PCBP2P2",-0.0840244570396749
"GACAT1",-0.0840715309548913
"GATA4",-0.0840715309548913
"RN7SL107P",-0.0840715309548913
"LINC01148",-0.0840715309548913
"APOOP5",-0.0840715309548913
"KRTAP19-3",-0.0840715309548913
"PCDHB4",-0.0840833177750137
"LINC02809",-0.0842126376462208
"IRX1",-0.0842158476344485
"OR51M1",-0.0842158476344485
"MESD",-0.0843035381866431
"CAMSAP3",-0.0843572367641421
"CYP2J2",-0.0844824356015562
"CALM2",-0.0845920281203132
"RUNX1T1",-0.0846416738961479
"FBP2",-0.0846649986982099
"XIRP2-AS1",-0.0848488867062162
"GACAT2",-0.0848488867062162
"HSPE1P22",-0.0849156134009948
"ZNF587P1",-0.0849837425411576
"RPL21P46",-0.0850736977971618
"BMS1P20",-0.0851460796138094
"ADAMTS16",-0.0853038391137247
"DGKB",-0.08531357037544
"ZNF195",-0.085411435023451
"HSPA14",-0.0854354928475863
"TERF2",-0.085457700748708
"CASC16",-0.0855239499469459
"DEPDC1-AS1",-0.0855854532755006
"CYP4A22-AS1",-0.0855854532755006
"GCG",-0.0855854532755006
"RNA5SP112",-0.0855854532755006
"TRIM51JP",-0.0855854532755006
"TAFA4",-0.0855854532755006
"ATP13A5-AS1",-0.0855854532755006
"RN7SKP40",-0.0855854532755006
"MIR548BB",-0.0855854532755006
"LINC01846",-0.0855854532755006
"RN7SL332P",-0.0855854532755006
"TRPC6P8",-0.0855854532755006
"CCL26",-0.0855854532755006
"LINC00583",-0.0855854532755006
"RN7SKP115",-0.0855854532755006
"DNAJC12",-0.0855854532755006
"LINC02455",-0.0855854532755006
"NALF1-IT1",-0.0855854532755006
"MIR4719",-0.0855854532755006
"TGIF1P1",-0.0855854532755006
"IGLVIV-65",-0.0855854532755006
"LINC02208",-0.0856101558528634
"DDX11",-0.0857267689330166
"ELP2",-0.0859230073754642
"LY6S",-0.0862179036449327
"VCF1",-0.086221069829083
"LINC00838",-0.0862655036111314
"SLC9A6",-0.0862734336881806
"LINC00648",-0.086325408950077
"SMC2-DT",-0.0863726169018256
"CTTNBP2NL",-0.0863835173021849
"FAM110B",-0.0865226348919759
"LINC02190",-0.0865926359925816
"SNORD69",-0.0866254692385768
"DPP3P2",-0.0866258661807069
"RPL29P3",-0.0866297282308855
"ZNF266",-0.086638373455937
"LINC00563",-0.0866567665398212
"ADH1A",-0.0866757079416767
"DRD3",-0.0867841685026676
"ZFP90",-0.0868705474661165
"AZGP1",-0.0869244497217011
"KGD4",-0.0870210143533833
"LINC02538",-0.0870420643087321
"TSEN2",-0.0871283623779349
"SLC26A4",-0.087180018237413
"NEFMP1",-0.087180018237413
"TMEM79",-0.0871818715208833
"DYNLT1",-0.0871871236355512
"IHO1",-0.0872612385321495
"STT3B",-0.0873355808974169
"DPH6-DT",-0.0873710194798612
"PHIP",-0.0874395210476686
"MTCL1P1",-0.0874974396026914
"GTF2IP8",-0.0874974396026914
"MFFP2",-0.0875261622720186
"ARL13B",-0.0876189951582224
"COQ7",-0.0877214471726462
"RPSAP15",-0.0877541434733467
"IL6STP1",-0.0877668712213806
"FRS2",-0.0877711794190438
"EPB41L4A-AS1",-0.0878032902985601
"HTR3A",-0.0878162500354857
"PSMD12P1",-0.0878493297066413
"AGAP2",-0.0878903990699656
"MIR1915",-0.0880879807824587
"RYR3-DT",-0.0880891629641057
"SLC39A12-AS1",-0.088090745241832
"RNY1P12",-0.0881682412012121
"FMO10P",-0.0882500058232313
"KLF7P1",-0.0882500058232313
"CLDN16",-0.0882500058232313
"MDFIC2",-0.0882500058232313
"CD200R1L",-0.0882500058232313
"MTCO2P32",-0.0882500058232313
"PAGE5",-0.0882500058232313
"RNASE13",-0.0882500058232313
"PMS2P2",-0.0882897164225963
"RPAP1",-0.0882903320433585
"RPS12P16",-0.0883661253165353
"LINC03088",-0.088459970566442
"RNASEH1P2",-0.088459970566442
"MORN2",-0.088468914607089
"CDH12",-0.0885376351520402
"TMEM156",-0.0886177218285339
"LINC01943",-0.0886911329138495
"REXO4",-0.0887279865663203
"LINC02162",-0.0887750318151743
"SNRPFP1",-0.0887750318151743
"RN7SL600P",-0.0888684804902971
"USH1C",-0.089032808801572
"HPS3",-0.089034022267696
"APP-DT",-0.0890717334750339
"IQCF1",-0.089144795107025
"KRTAP4-7",-0.089144795107025
"TMEM105",-0.089144795107025
"RNU6-6P",-0.0893517733627708
"RPSAP40",-0.0894361057329075
"THRB-AS1",-0.0895172454248769
"RNU6-1011P",-0.0896278005141841
"SAP30BP",-0.0897089156236389
"GRM6",-0.0898374644774063
"OR9G4",-0.0898374644774063
"CYP2T1P",-0.0899648432243546
"SLC22A10",-0.0899869284168936
"CAPN15",-0.0900117278779877
"PSMA6P1",-0.090046351969997
"HIF1A-AS3",-0.0900820555909796
"FNTAP1",-0.0900973555674611
"TNXB",-0.0901539799047733
"LINC01610",-0.0901669635744124
"COX5B",-0.0902445167305522
"FAM225B",-0.0902556472338957
"MRPL47",-0.0904115743231537
"UFD1-AS1",-0.0907347390302732
"RPS12P4",-0.0908170434135619
"LINC00613",-0.0909962339644739
"RN7SL649P",-0.0911021632722707
"RRM2P2",-0.0911021632722707
"TDRD10",-0.0911021632722707
"OR2T35",-0.0911021632722707
"HAO2-IT1",-0.0911021632722707
"LINC01741",-0.0911021632722707
"CAPZBP1",-0.0911021632722707
"MIR4757",-0.0911021632722707
"ALPI",-0.0911021632722707
"RNU2-22P",-0.0911021632722707
"RNA5SP96",-0.0911021632722707
"RPL31P14",-0.0911021632722707
"FIGLA",-0.0911021632722707
"SPATA16",-0.0911021632722707
"RN7SL504P",-0.0911021632722707
"SRIP1",-0.0911021632722707
"MTND3P25",-0.0911021632722707
"LINC02104",-0.0911021632722707
"LINC01377",-0.0911021632722707
"NEPNP",-0.0911021632722707
"RPL31P29",-0.0911021632722707
"CRISP1",-0.0911021632722707
"OR2J1",-0.0911021632722707
"C6orf141",-0.0911021632722707
"EIF4EP4",-0.0911021632722707
"ASB11",-0.0911021632722707
"MTND2P2",-0.0911021632722707
"DMRTC1",-0.0911021632722707
"MAGEA6",-0.0911021632722707
"MTND6P20",-0.0911021632722707
"RPL30P16",-0.0911021632722707
"LINC01300",-0.0911021632722707
"RNA5SP277",-0.0911021632722707
"RNA5SP293",-0.0911021632722707
"ARF4P1",-0.0911021632722707
"PRRX2-AS1",-0.0911021632722707
"EIF4A2P3",-0.0911021632722707
"H3P34",-0.0911021632722707
"RN7SKP53",-0.0911021632722707
"HBE1",-0.0911021632722707
"LINC01489",-0.0911021632722707
"SLC15A1",-0.0911021632722707
"HS3ST4",-0.0911021632722707
"TNP2",-0.0911021632722707
"RNA5SP404",-0.0911021632722707
"RNU7-6P",-0.0911021632722707
"MIR1-1",-0.0911021632722707
"CSTL1",-0.0911021632722707
"PTPRT-AS1",-0.0911021632722707
"CYP2T3P",-0.0911021632722707
"CIMIP4",-0.0911021632722707
"RPS7P2",-0.0912259159082651
"RETREG1",-0.0912944373965963
"SLC38A4",-0.091299293656345
"ENO1P3",-0.0915140092539059
"GPATCH11",-0.091565406601737
"PRKRA",-0.0917352232747481
"GOLGA8R",-0.0918398628388628
"MTND1P28",-0.0919149811470933
"ZNF791",-0.0921108999669922
"RNF11P1",-0.0921261614755842
"CNTN5",-0.0921261614755842
"RPL7P3",-0.0921261614755842
"GSG1L",-0.092242228423638
"LUZP4",-0.0922855512053037
"SDC4",-0.0925345032797201
"RNA5SP78",-0.0925510736247113
"CFAP20DC",-0.092757138260994
"BTBD9",-0.0928899385814481
"NUP160",-0.0929101510814819
"BNIP3P37",-0.0930057524687249
"CDK4P1",-0.0931008485544677
"RNU6-972P",-0.0931008485544677
"OR52T1P",-0.0931008485544677
"POTEH-AS1",-0.0931008485544677
"LCE3E",-0.0931718051702649
"LARS2-AS1",-0.0931901833329338
"PDZD11",-0.0934347010668288
"FAM133A",-0.0934415633694324
"EHD4",-0.0935441379097834
"AK6",-0.0937820204579694
"PSME2P6",-0.0939305382674344
"MFAP1",-0.0939387907908215
"ARFGAP2",-0.0939825947099879
"HMCN1",-0.0940509642051667
"SYT14",-0.0941151506882923
"HIGD1AP16",-0.0941391282675612
"RPA3P1",-0.0941601022467297
"PPIAP21",-0.0941620585811351
"PDE4DIPP5",-0.0944677686559851
"SLC22A7",-0.0945488896189891
"IFNG-AS1",-0.094567649468806
"FBXW7",-0.0947045952949179
"NDUFS5",-0.0947290709364086
"SNU13",-0.0947448851019278
"ATRX",-0.0948378030232302
"HESX1",-0.0948840579476818
"SERTAD4",-0.0948906714369922
"BOD1L1",-0.0951028790981758
"IRF9",-0.0951072869686682
"DTHD1",-0.0951247226953455
"MIR4713HG",-0.0952376432687533
"PLXNA3",-0.0952655651746682
"PDXDC1",-0.0953935197734041
"MAGEA3-DT",-0.0956398531178255
"INTS2",-0.0957005128074535
"ZNF22",-0.0957564431884575
"PLEKHF1",-0.0958608977357426
"LINC02828",-0.095950619213558
"RPL35AP28",-0.0959887407125234
"ZMIZ1",-0.096152337067084
"CNOT4",-0.0961884153000282
"SLC17A6-DT",-0.0961920631984851
"RPL5P17",-0.0965067020353276
"PLAAT4",-0.0965935583372131
"ASB1",-0.0966787944899625
"TCOF1",-0.0966985464897772
"TPT1-AS1",-0.0967491069044418
"FRMPD3",-0.0967704441962804
"RAB33B",-0.0968527056508532
"FZD10-AS1",-0.0968965689443241
"COA1",-0.0969013231425841
"ECM2",-0.0969670673699362
"IL1RAPL2",-0.0975593484661905
"NUDT4B",-0.0975758152604566
"RPL21P63",-0.0976661626213447
"TFAP4",-0.097770893263029
"PIDD1",-0.0978020346601461
"RPL32P20",-0.0978026795133664
"MYL12AP1",-0.0978056396644115
"H4C13",-0.0979044232785345
"BNC1",-0.0979685988486505
"TMEM258",-0.0980700249364341
"TPP2",-0.098094674257902
"TAF7",-0.0981663820464498
"LINC02079",-0.0981703944255268
"NPM1P21",-0.0982944727723084
"MIA2",-0.0983611471378038
"RDXP3",-0.098461416125689
"SMC1A",-0.0985085223292537
"EPHA4",-0.0985510836438011
"NUPR1",-0.098655209173455
"INTS7",-0.098735663889384
"ATP6V1E1",-0.0987562925369592
"PRL",-0.098898467332503
"LIMA1",-0.0990870285209226
"MIR3659HG",-0.0991662861251643
"RAD51D",-0.0991828391877195
"TCEAL8",-0.0992021263005682
"VPS13B",-0.099279971080868
"ZNF324B",-0.0995211983514345
"LINC02148",-0.0996946032003448
"LINC02521",-0.0996946032003448
"MTND2P15",-0.0996946032003448
"ZNF684",-0.0997160805781434
"OPN3",-0.0997262823357211
"INSYN2A",-0.099982110057413
"SLX4",-0.100050299569566
"NSRP1",-0.100234060017502
"RNF212",-0.100265866352939
"GSTA11P",-0.10035280811934
"BAG5",-0.100375324604702
"RBM7",-0.100380561060367
"ASGR1",-0.100387334784497
"LINC03062",-0.100451532560366
"ZKSCAN7-AS1",-0.100469133296309
"RNF181",-0.10048414119456
"SPON2",-0.100537893828752
"ZBTB7C",-0.100598075689848
"RPSA",-0.100625367221782
"RPA2",-0.100654064173282
"RPL21P40",-0.100891904183344
"LINC00620",-0.100891904183344
"CCDC59",-0.100927166942956
"VPS8",-0.101005330382045
"PER2",-0.101033541976459
"LINC01682",-0.101355566867195
"CCR2",-0.101459513555592
"CRLF1",-0.101508187672561
"TET1",-0.101541674444051
"ACADL",-0.101546759780021
"ZEBTR",-0.101576639870769
"SSX2IP",-0.101637524269747
"GIGYF2",-0.102058689594856
"COASY",-0.102065165434964
"TMEM209",-0.10217599338991
"MST1",-0.102271615923044
"CDC16",-0.102418654534152
"AGER",-0.102469794199577
"TRAPPC2",-0.10255299757412
"RNF139-DT",-0.102565117342074
"SNORD13E",-0.102696170103536
"CHD1L",-0.1028767045382
"RARB-AS1",-0.103130504509504
"OR4A50P",-0.103130504509504
"LINC02662",-0.103130504509504
"CYCSP32",-0.103130504509504
"RNY1P1",-0.103130504509504
"OR4E2",-0.103130504509504
"RPL21P127",-0.103130504509504
"IQGAP1",-0.103192307743704
"IRF8",-0.103258145364175
"LINC02064",-0.103398102442005
"HNRNPCP2",-0.10351656563283
"GART",-0.1037704478851
"EMP3",-0.103854976520297
"TMX2",-0.104095457253026
"TPM3P5",-0.104165471948671
"RECQL4",-0.104192565130863
"OR6C2",-0.10421711367054
"SHCBP1L",-0.104229450506931
"NEMP2",-0.104353096178444
"LINC02465",-0.104353683877151
"MGA",-0.104437862960651
"RAET1L",-0.104591858366907
"LINC02823",-0.104776910491513
"HIPK2",-0.104912209721649
"RNU6-118P",-0.105005478953868
"LRRC3",-0.105051224449926
"RPLP0P9",-0.105051710722429
"ARB2A",-0.105346181113514
"CCZ1",-0.105394878186384
"VWA8-AS1",-0.105559711448777
"BTF3L4",-0.105580228965935
"NPIPA7",-0.105757583683545
"CLK2",-0.106171091906272
"RFLNB",-0.106226513706674
"KRT8P38",-0.106229648136418
"PLCL2-AS1",-0.106259405665103
"GSTO2",-0.106314304327237
"RPS15AP9",-0.106445806429714
"BANF1P5",-0.106445806429714
"KRTAP5-6",-0.106445806429714
"RN7SKP273",-0.106445806429714
"TRIM49C",-0.106445806429714
"RPL36AP55",-0.106445806429714
"XKR7",-0.106445806429714
"SH2D1A",-0.106486072491907
"LINC02846",-0.106904635918017
"DPP4",-0.106995120288568
"DUSP11",-0.107046240460356
"NOSTRIN",-0.107088312596937
"COX7BP2",-0.107099509437003
"ZFRP1",-0.107488968629245
"IFNNP1",-0.107488968629245
"PLUT",-0.107488968629245
"BRD7P5",-0.107488968629245
"RPS29P3",-0.107527619555641
"LINC01176",-0.107658840821678
"CIMAP3",-0.107666180097286
"ADGRB3-DT",-0.107666180097286
"LINC02872",-0.107666180097286
"ATP6V1E1P3",-0.107666180097286
"CTAGE11P",-0.107666180097286
"AKR1B1P7",-0.107666180097286
"GNPAT",-0.107692631062183
"CYP2C19",-0.107885386832026
"COX14",-0.107940101846932
"PPY",-0.107940985956739
"RPL35AP35",-0.108162921478592
"IFT25",-0.108177879866097
"C1orf52",-0.108304308008694
"HEPACAM",-0.108318271927793
"DHRS4-AS1",-0.108336112334894
"HNRNPA1P38",-0.108454362933231
"DAAM2",-0.108759623413833
"ZNF534",-0.108766024586328
"LIPJ",-0.108877843042563
"RPS27P17",-0.108979824820965
"ADAMTS1",-0.10900376294056
"IRAK4",-0.109094141034351
"LINC01899",-0.109223161848339
"PCDH10-DT",-0.109296909138886
"TSPAN19",-0.109392561807826
"FDX1",-0.109477624755075
"FMN2P1",-0.109561673127324
"ISLR2",-0.109565581049493
"RPS20P2",-0.109637067601656
"SLC25A5P2",-0.109656812821244
"FBXO11",-0.109811928954007
"SMIM20",-0.109864252562928
"RBBP4",-0.110008089628086
"SLC17A9",-0.110117584168268
"RBP2",-0.110176914583261
"FUNDC2P1",-0.110341715633145
"RPS6KA2-AS1",-0.110361845537408
"TOMM5",-0.110401295108741
"KLHL6",-0.110629393413684
"ZFAND3-DT",-0.110630067814864
"GTF2IRD2",-0.110956718806218
"RPL36AP21",-0.11105973593574
"SPINK5",-0.111126034554722
"WT1-AS",-0.111133902902812
"DHRS12",-0.111450324434535
"SREBF2-AS1",-0.111515343184067
"EBAG9",-0.111576400959778
"RAC1P5",-0.111661786353145
"CCN6",-0.111662856702679
"BRPF3",-0.111766346274432
"TMEM256P1",-0.11207980254983
"CYP2C9",-0.112154131310381
"KLHDC2",-0.11217835338913
"AAK1",-0.112287672778017
"TRMT1L",-0.112655134166736
"LINC02741",-0.112685641257157
"IBTK",-0.112699284506622
"CHRNB1",-0.112892087709421
"ADAM7-AS1",-0.113007515187363
"SRPK2",-0.113268514332716
"UCP1",-0.113331598482957
"RN7SKP155",-0.113415336817422
"RPL36AP38",-0.113415336817422
"IGHD4-23",-0.113415336817422
"RPL23AP56",-0.113478539869554
"RRM2",-0.113677254346218
"HNRNPA2B1",-0.113704148374791
"SEC62-AS1",-0.113923265099943
"SLC35G2",-0.114022652789809
"MIR7111",-0.114031191092081
"MT-TN",-0.114197159700009
"IDH2-DT",-0.114537935363462
"HSH2D",-0.114702786534552
"TFAP2C",-0.114736074101153
"RPL4",-0.11485880300235
"RNU7-197P",-0.115095611762026
"MRPS17P5",-0.115095611762026
"RPL36AP40",-0.115095611762026
"OR51A2",-0.115095611762026
"OR10A6",-0.115095611762026
"APLNR",-0.115095611762026
"OR4M1",-0.115095611762026
"OR1A1",-0.115095611762026
"DPPA5P2",-0.115142321963381
"DPM2",-0.115235045352199
"ANKMY2",-0.115377456961813
"LINC01821",-0.115658774638456
"ACTBP14",-0.115664142247466
"GZMK",-0.115873113252382
"RPL17P6",-0.115957771176785
"MAK16",-0.116196552362317
"TIGD7",-0.116225640695947
"RN7SKP180",-0.1162886832061
"NFE2L1",-0.116696620312414
"TMEM120B",-0.116853075421237
"PNRC2P1",-0.116894159727814
"LINC02633",-0.117103770314483
"OBI1",-0.117144483512293
"FAM181A-AS1",-0.117145943267682
"BTF3P12",-0.117230075333593
"CCNI",-0.11727030965449
"RPL7P24",-0.117342292535389
"JPT1",-0.117433776320445
"LINC02783",-0.117466788111652
"LDHAP7",-0.117470308432585
"ZNF490",-0.11760061177134
"CPB2-AS1",-0.117666484367939
"SLU7",-0.117873150375189
"FDXACB1",-0.117933188186964
"SENP1",-0.117974358704762
"SUV39H2-DT",-0.117985955470894
"AMOTL2",-0.118315285889542
"GABRR3",-0.118324680253977
"KIRREL3-AS2",-0.118417649089439
"MYL12-AS1",-0.118545977989279
"EIF3J",-0.118638084303058
"TRAJ16",-0.118836025048009
"ST13P6",-0.118969700484675
"CNOT6",-0.119224598301632
"CYCSP1",-0.119562920389852
"UGT2B26P",-0.119891280721201
"TOP1P1",-0.120052908945804
"PCYOX1L",-0.120261624318006
"RPS3AP6",-0.120277179963434
"NPM1P34",-0.120360184234705
"CNIH3",-0.120516791059412
"LINC02857",-0.120745502863113
"RPS18P6",-0.121190055424349
"NPFFR2",-0.12120946988048
"MIR571",-0.12120946988048
"LINC02143",-0.12120946988048
"MIR548H5",-0.12120946988048
"LINC02549",-0.12120946988048
"PLAC1",-0.12120946988048
"RN7SKP220",-0.12120946988048
"RPL21P92",-0.12120946988048
"WSCD2",-0.12120946988048
"LINC00353",-0.12120946988048
"SNORA79B",-0.12120946988048
"RN7SL795P",-0.12120946988048
"RNU6-1038P",-0.12120946988048
"ZNF833P",-0.12120946988048
"LINC01465",-0.12133319903134
"SERPINB9",-0.121372560793835
"PEG3",-0.121381879145996
"PGM3",-0.121575823968788
"PAPOLA",-0.122140103426041
"RNVU1-7",-0.122223763777662
"LINC01794",-0.122228147584577
"RFFL",-0.122498554301231
"RN7SL459P",-0.122583455782474
"SRP72P1",-0.122583455782474
"LONP2",-0.122716896967847
"LARS1",-0.122774255065059
"CEACAM20",-0.122964140882484
"FAT4",-0.123023677398773
"HMGB1P41",-0.123153299622207
"POLR2F",-0.123255638862244
"LRRC28",-0.12325693063271
"BTLA",-0.12346824504474
"POTEF",-0.123588117721619
"LINC02120",-0.123627444295775
"TMEM191B",-0.123819970473856
"LINC00415",-0.123826653190093
"EEF1B2P2",-0.12386720277675
"RPEL1",-0.12393476348813
"ARHGAP10",-0.124056075781638
"NDUFAB1P1",-0.124331455232702
"DCHS2",-0.124490173480462
"SNRPA1",-0.124580902645981
"RPL7P46",-0.124680780167909
"VPS35P1",-0.124815478781401
"NCR1",-0.125030412020611
"SOX30",-0.125072404670949
"TMEM216",-0.125126035648568
"PARK7",-0.125217808622903
"CLUL1",-0.125250661334331
"SEPSECS-AS1",-0.125269690752662
"NCR3",-0.125321252819339
"CTNNBL1",-0.12532827868707
"NACA3P",-0.125391857458025
"RBM10",-0.125433292301759
"SPINK2",-0.125525825050283
"H4C6",-0.125559579367274
"VIRMA",-0.125560876338794
"ARHGEF12",-0.125656227520337
"PREPL",-0.125685826453323
"DCUN1D1",-0.12570447537917
"MRPL3",-0.12581312287724
"EIF3M",-0.125860791465591
"AXDND1",-0.125898983680357
"PCCB",-0.126064586210995
"RPL5P3",-0.126067925677472
"RNF180",-0.126441215455024
"ITGA5",-0.126657553170042
"ATG12P1",-0.126658301697566
"GNB5",-0.126697960922852
"MYO15B",-0.126728599333669
"SPDYA",-0.126878210220868
"RNA5SP210",-0.127232195545712
"LINC01385",-0.127399142578605
"LINC00448",-0.127399142578605
"FDPSP6",-0.127399142578605
"MFSD13B",-0.127500083546615
"SETD4",-0.127619028723942
"HSPA8",-0.127640829865293
"CFAP141",-0.127724531352363
"ADIPOR1P2",-0.127953322688909
"COPG2",-0.128330727936937
"BTG3",-0.1284440651395
"ARHGAP23",-0.128473989127395
"PATZ1",-0.128565115383943
"SSR1",-0.128761751665398
"CCDC141",-0.128934063476631
"RNU4-89P",-0.128955180237434
"SOX4",-0.129308499975937
"ZKSCAN1",-0.12958469755381
"OCEL1",-0.12971867194594
"MIR3146",-0.129752257458684
"NDUFB1P1",-0.130140282111032
"THUMPD1",-0.130178799013539
"CDK5RAP3P1",-0.130249474851174
"LINC02093",-0.130311120784639
"MISFA",-0.130529981427947
"OR11P1P",-0.13064043252519
"LRRC39",-0.130678806922431
"MRPS22",-0.130830103003923
"EFNA1",-0.130871210049417
"CNGB3",-0.131005128086297
"BNIP3P45",-0.131252309588804
"HMGN3",-0.131258119821582
"LINC00663",-0.131295909714644
"ECHDC1",-0.131348710696208
"LINC01198",-0.131381022546826
"RPL12P35",-0.131381022546826
"CST12P",-0.131381022546826
"LNPK",-0.131396752313742
"CYREN",-0.131492915789516
"MBNL1-AS1",-0.131519034582369
"ITIH6",-0.131604878282408
"CHCHD2P5",-0.131710537008832
"MORF4L1P7",-0.131710537008832
"OR14A2",-0.131710537008832
"LINC01360",-0.131710537008832
"LINC01221",-0.131710537008832
"REG3G",-0.131710537008832
"TRIM42",-0.131710537008832
"C4orf17",-0.131710537008832
"RNU6-1079P",-0.131710537008832
"NHLRC1",-0.131710537008832
"MICE",-0.131710537008832
"LRRC73",-0.131710537008832
"TMSB15A",-0.131710537008832
"RPL19P14",-0.131710537008832
"RNU6-356P",-0.131710537008832
"C8orf17",-0.131710537008832
"RNA5SP263",-0.131710537008832
"OR1J4",-0.131710537008832
"OR10Q2P",-0.131710537008832
"MMP12",-0.131710537008832
"HPX",-0.131710537008832
"VN1R54P",-0.131710537008832
"LINC01518",-0.131710537008832
"CNOT4P1",-0.131710537008832
"LINC00424",-0.131710537008832
"MT1B",-0.131710537008832
"RPL36AP47",-0.131710537008832
"RN7SL680P",-0.131710537008832
"BPIFA3",-0.131710537008832
"VN1R85P",-0.131710537008832
"LGALS13",-0.131710537008832
"MTCO1P1",-0.131710537008832
"CHROMR",-0.131822659781491
"NUTM2F",-0.132255402218381
"NUP155",-0.132468320982714
"RPS8P3",-0.132529330590217
"LINC01231",-0.132811367043452
"MTMR3",-0.133004819795426
"SLC23A4P",-0.133007810411626
"CLNS1AP1",-0.133043312042876
"MIR4473",-0.133043312042876
"GTSCR1",-0.133087582470408
"LINC02635",-0.133255731436748
"THAP2",-0.133302149413064
"PNKDP1",-0.133356323861503
"WFIKKN2",-0.133397154692765
"RPS8P4",-0.133446737082251
"LINC02347",-0.13350574021966
"CLTC",-0.133506507005876
"SIM2",-0.133567213777043
"RPL21P97",-0.134082906061217
"FZD8",-0.134088954178715
"DYSF",-0.134141026786215
"RPL17P5",-0.134163087049973
"NCSTNP1",-0.134205807910253
"RPGRIP1",-0.134364217212627
"RHOA-IT1",-0.13445193150328
"LNPEP",-0.13457155570995
"TMEM31",-0.134712928301363
"MIR6863",-0.134712928301363
"LINC01903",-0.134712928301363
"CLK1",-0.134761070625733
"SSBL6P",-0.134772156012484
"RNU6ATAC20P",-0.134772156012484
"TFAP2A-AS1",-0.13489046388381
"PLAT",-0.13504192094548
"TIMM10B",-0.135113617762812
"RN7SKP226",-0.135156016055832
"CCT5P2",-0.135156016055832
"MIR520D",-0.135156016055832
"FAM174B",-0.135166005808589
"AMDHD1",-0.135214988140591
"DNAH8",-0.135243059612565
"METTL5",-0.135388207862484
"DLG2",-0.13539139016189
"VDAC1P13",-0.135393009497533
"YWHAG",-0.135736501613633
"PSEN1",-0.135769120016767
"LIN9",-0.135854170488929
"C2orf68",-0.13587979392693
"HNRNPKP1",-0.135920135332614
"SBF1P1",-0.135999335196333
"DNAJC11",-0.136133596830791
"DSC2",-0.136199079715376
"TOMM40L",-0.136317240257165
"RPL31P61",-0.136356474343739
"LINC03095",-0.136392239775461
"SSX19P",-0.136392239775461
"TCF3P1",-0.136408779991251
"TXNDC16",-0.136541087033296
"LINC01016",-0.13655832434872
"PHOSPHO1",-0.136567064675292
"ATOH8",-0.136831744220317
"HMGB1P3",-0.137060218135468
"CLBA1",-0.137131273614103
"WASF3-AS1",-0.137177905191587
"SNRPFP4",-0.137211130705083
"SNRPE",-0.137282761337385
"NDUFB2",-0.137439662821131
"APPL1",-0.137443700938683
"HSPA2-AS1",-0.137710148098966
"MBNL2",-0.137804302307393
"GPRC5D-AS1",-0.137867047503661
"CASP10",-0.137878626693556
"CA5B",-0.137998640992716
"RNU1-16P",-0.13803759989643
"KRTAP19-6",-0.138103421059989
"HAGH",-0.1382831161607
"STXBP5",-0.138398523653358
"EPHX3",-0.138491916144128
"MYOZ1",-0.13853717366291
"SEM1",-0.1385966647838
"KIRREL3",-0.138639998393994
"TMCO3",-0.138728701314976
"MIATNB",-0.138912750299453
"PLGLB2",-0.13893844534132
"ZIC2",-0.139009883185284
"PTCD1",-0.139155670653739
"ATG16L2",-0.139356684423668
"SGMS1-AS1",-0.139389102344589
"CDHR17P",-0.139546283449229
"HARS2",-0.139681845222254
"LINC01634",-0.139702211576033
"GEMIN8",-0.139824819480988
"HSPD1P11",-0.140058040692353
"SMDT1",-0.140119944975665
"STS",-0.140419144045752
"VTCN1",-0.140850850238729
"RPS6KA2-IT1",-0.140850850238729
"BBS4",-0.141305257051011
"EIF3E",-0.141315567495086
"ZNF33B",-0.141514961647607
"EEF2K",-0.14153063521926
"NAP1L2",-0.141658797573737
"ATG12",-0.141880334516021
"CLDN10-AS1",-0.142066734418303
"CBFA2T2",-0.142215702647332
"PPP1R36",-0.142375908967208
"H2AZ2",-0.142488444450744
"LINC01187",-0.142547460837783
"PTPN21",-0.142593872972027
"YPEL5",-0.142634593739756
"INIP",-0.142765044754961
"ELOVL5",-0.142971517476346
"NFIB-AS1",-0.143103733465938
"BNIP1",-0.143114701818314
"RALYL",-0.143133555111395
"MAP4K5",-0.143308801198178
"DCLK2",-0.143475968887357
"STK4",-0.143511155069949
"ULBP3",-0.14360410012206
"GPR82",-0.144039102118736
"ZNF528-AS1",-0.144257877832208
"CFAP43",-0.14426561454238
"RPS13P5",-0.144295588974914
"NFIX",-0.144356826836561
"MIR2052HG",-0.14444002297587
"TRAPPC6B",-0.144444320748419
"OR5AR1",-0.144657182578924
"LINC00692",-0.144953891166268
"MCMDC2",-0.145239392638815
"GCSHP6",-0.145299721127363
"AKR1C8",-0.145312472194289
"SMIM47",-0.145333841893447
"RNU6-703P",-0.145343102805042
"ZNF813",-0.145471322980091
"WDR47",-0.145596701751571
"NIM1K",-0.145758204588353
"SPG11",-0.145935288493893
"AKNAD1",-0.145941954099212
"CEP72-DT",-0.145968175213791
"RN7SL317P",-0.146390285140983
"LINC00504",-0.146465463725534
"ADAMTS9",-0.146529977356672
"LINC02096",-0.146560864565833
"SKP2",-0.146584458631226
"CSGALNACT1",-0.146602568227813
"CGNL1",-0.146779216674355
"LINC01777",-0.147051038862985
"RPL21P117",-0.147163339474824
"PILRB",-0.147248241045501
"AKR1B1P8",-0.147270923131468
"PAQR9-AS1",-0.147292130385378
"PRR29-AS1",-0.147382824626835
"LINC02837",-0.147422550479311
"KANSL1L-AS1",-0.147446596193245
"KHDC1-AS1",-0.147485075373789
"ZNF654",-0.147604064740091
"SUPT6H",-0.147944413295088
"CUL2",-0.147978733691563
"MYL11",-0.148014243848059
"KNG1",-0.148114437911456
"PKIB",-0.148386948509378
"LINC01361",-0.14842477923459
"KCTD13-DT",-0.148778008554772
"TNKS2-DT",-0.149015614672182
"HMGN3-AS1",-0.149259116746674
"CDK17",-0.149467504494427
"HMGB1P11",-0.149558910561416
"SLC2A6",-0.14962166664923
"NOVA1",-0.149640773594149
"PPWD1",-0.14974214475434
"CASP1",-0.150065555368408
"KCP",-0.150302447491691
"LINC02517",-0.150447701690396
"GFRA3",-0.150447701690396
"GARIN5B",-0.150447701690396
"RPL5P25",-0.150448921301079
"PHKB",-0.150528224471984
"TAF11",-0.150612515231215
"GRM8",-0.15064171482262
"NABP1",-0.150802142632776
"ARPC3",-0.15086835218186
"RAP1BL",-0.150895795989614
"KLF6",-0.150900078911983
"SESN3",-0.15095328562405
"SSBP3P1",-0.150955018703053
"RPL23AP61",-0.151127255393042
"EEFSEC",-0.151202598736061
"HMGB3P6",-0.151575086261031
"TBXA2R",-0.151647900372654
"CEP15",-0.151663787771594
"MED23",-0.151809969910968
"HSP90AA3P",-0.151873309241549
"SLIT3-AS2",-0.15218566743983
"ARHGAP19",-0.152372519590868
"VPS37A",-0.152398702206103
"PLCXD3",-0.152476419807964
"LINC02118",-0.152485947646912
"GAPDHP68",-0.152485947646912
"LINC00972",-0.152485947646912
"RN7SKP97",-0.152485947646912
"OR2AP1",-0.152485947646912
"OR6C4",-0.152485947646912
"TGDS",-0.152780349050598
"CACNG3",-0.152889264854672
"RPS3AP44",-0.153087994554134
"TMEM51",-0.153777772585631
"PSMB6",-0.15408702773231
"TIMM8B",-0.15420571084457
"RNU1-1",-0.15424922122946
"MTND6P17",-0.154391665500133
"MTCYBP35",-0.15463806289646
"HMGN1P6",-0.154729045184759
"RN7SKP260",-0.154729045184759
"METTL9",-0.155019671742039
"ZNNT1",-0.155301074685974
"RPL14",-0.155326779415838
"PNN",-0.155540040961989
"SLC19A2",-0.155636845973778
"NFYC-AS1",-0.155879794043991
"C1QTNF7",-0.155890679594447
"RPS2P44",-0.155890705111203
"TDP2",-0.156000948957958
"PRDM9",-0.156162586887556
"GNG12-AS1",-0.156183206077365
"MTND5P21",-0.156303455118542
"LINC02369",-0.156303455118542
"CTCFL",-0.156340016131776
"SOAT1",-0.156520182600793
"PTPRH",-0.156639286031183
"ULK2",-0.15680509581504
"TMEM140",-0.156805426759597
"GM2A",-0.156912803250509
"RPL12P17",-0.157253020665863
"RPSAP47",-0.157271085803623
"SYCE1L",-0.157519358687366
"FGFR1",-0.157577493525854
"RPS5P2",-0.157831928962993
"H2BC6",-0.157981935456955
"MDK",-0.158002597941153
"CENPP",-0.158206168860463
"DYM-AS1",-0.158374320721565
"KHDC1",-0.158420507499802
"SSC5D",-0.158464619677495
"JAM3",-0.158569786006021
"LRFN5",-0.158613059112654
"ADCYAP1",-0.158631746185501
"RN7SL336P",-0.158645305456504
"AK9",-0.158796673358771
"PQBP1",-0.158913281770371
"PLOD3",-0.159186404128546
"RPSAP33",-0.159284571965748
"OR1N2",-0.159284571965748
"OR4A19P",-0.159284571965748
"RBM22P13",-0.159284571965748
"IGKV1-5",-0.159289330887869
"MAP3K9-DT",-0.159346741647563
"RPS27AP12",-0.159369286828729
"RPS10P29",-0.159846863552556
"CCL3L3",-0.159877166227682
"FCRL2",-0.160032693718843
"RPL7P15",-0.160099440276598
"CPA4",-0.160099440276598
"ZNF506",-0.16017521576969
"MKKS",-0.160217022467743
"RNFT1-DT",-0.16044529698606
"RPL7P58",-0.160578229935288
"SLC47A1",-0.160743943173251
"LAMP2",-0.161054024426742
"GRIK3",-0.161162699733601
"KRT19",-0.161168226309719
"EYA2",-0.161173829830477
"PVRIG",-0.161471471463614
"LINC00210",-0.161667310679211
"MICOS10",-0.161729906919423
"ATAD2B",-0.161757657057919
"RPS27AP11",-0.161899765235601
"PCNP",-0.161968240415072
"ADGRB3",-0.162054155744891
"RAB28P5",-0.162239254680448
"AFG2A",-0.162326006469682
"BAP1",-0.162342772335512
"MIR4684",-0.162405115349984
"LINC02454",-0.162513393255603
"PZP",-0.162551588561546
"PGAM2",-0.162572751384663
"EIF4B",-0.162733500782581
"SPART",-0.162948391937852
"CMTR2",-0.163099413163249
"LINC00314",-0.16309951228071
"LINC01362",-0.163166962319055
"SLC41A1",-0.163176385864141
"CT70",-0.163284233457276
"SAP30L-AS1",-0.163440656562675
"POLR3E",-0.163444984617522
"TTLL6",-0.163541662682488
"UQCRQ",-0.163686854614861
"OOSP2",-0.16388025507166
"MTND1P14",-0.16388025507166
"NANP",-0.163938600659578
"THOC3",-0.163980954061403
"SEC23IP",-0.164135011481751
"NDUFAF4",-0.164399887352883
"ELOVL4",-0.164588143158282
"TUT4",-0.164771173321447
"RBX1",-0.164924158367266
"REPS2",-0.165216497915705
"SMURF1",-0.165485036762905
"LINC01405",-0.165753304731965
"LINC00607",-0.165757122113845
"SSBP3",-0.165799659905276
"NUDT5",-0.166085061677949
"NDST3",-0.166150281323517
"ZSWIM7",-0.166172692980608
"MTCO2P21",-0.16630298969291
"SLC7A6OS",-0.167195536411298
"HMGN2P8",-0.167382693115611
"ABAT",-0.167545296214834
"ZNF727",-0.167644194000235
"SMYD1",-0.167767284787885
"MTND5P4",-0.167767284787885
"EIF4A1P12",-0.167767284787885
"NALCN-AS1",-0.167778216687865
"CAMSAP1-DT",-0.167786239904848
"FBXW10B",-0.167866307704666
"CCDC126",-0.168108047086046
"LRRC37A14P",-0.168125583051257
"CIAO2B",-0.168164142897567
"BEST4",-0.168410561577835
"RPL37AP8",-0.168534115313408
"FANCF",-0.169570496926004
"OTUD6B",-0.169707881668909
"SLC9A7",-0.169752451995966
"LTB4R",-0.170094977081927
"OR4D5",-0.170106611638777
"CRCP",-0.170215000288931
"EIF4A2",-0.170292124268988
"PPIH",-0.170325587132778
"RNA5SP216",-0.170369311651806
"RPL35P5",-0.170419371424912
"PSPC1-AS2",-0.170541087620004
"SHC1P2",-0.170734593115064
"VPS13B-DT",-0.170747475757217
"LSM3",-0.170918573059555
"LRIG1",-0.171328560181051
"FAM245A",-0.171332002259789
"HAPLN1",-0.171432270973381
"TAF1D",-0.171521390922133
"ATP5F1C",-0.171738817626753
"RN7SL689P",-0.171788603331906
"RPL17P51",-0.171788603331906
"SSTR3",-0.171788603331906
"SRSF9P1",-0.172175751256382
"POGZ",-0.172254726574095
"CT83",-0.172332765807807
"ELOVL2",-0.172478873811879
"GPSM1",-0.172581107938538
"SOX21-AS1",-0.172604171395157
"TRPT1",-0.172652952571854
"PSMG2",-0.172779219711639
"PCDHA10",-0.17290484485336
"TMEM106C",-0.173262879151238
"C1GALT1C1",-0.173275961209248
"ABCA9-AS1",-0.173332979779811
"LINC02899",-0.173367932979327
"OR10G3",-0.173382750295435
"RPL12P6",-0.173495553489054
"BATF3",-0.173727244708771
"LNCPRESS2",-0.173748003868331
"MIR3128",-0.174123717377091
"C16orf95-DT",-0.174164395147016
"ARHGAP42P4",-0.174250376127767
"RPL9P18",-0.174374457989694
"SRSF3P6",-0.174399906477836
"PIK3IP1-DT",-0.174495146617759
"LRP5",-0.174597473154081
"SMIM22",-0.174619405397807
"SNURF",-0.174703927551408
"ZNF83",-0.17484480998388
"UQCR10",-0.174863413912296
"PPP1R15B",-0.175088036746386
"AEBP2",-0.175416287311156
"ATP5F1E",-0.175681960155975
"LINC01531",-0.175765796501667
"NSA2P4",-0.175784213174662
"NPY2R",-0.175880040128794
"SMPD4P2",-0.175946935734432
"SLC25A30-AS1",-0.176139146392425
"COMP",-0.176616364115746
"RNF13P1",-0.176887930941883
"RNA5SP490",-0.176887930941883
"CD3G",-0.176904771710169
"MTATP6P13",-0.177139571532172
"FDPSP1",-0.177139571532172
"RGS21",-0.177139571532172
"MIR30E",-0.177139571532172
"FCAMR",-0.177139571532172
"LINC01160",-0.177139571532172
"OR2L3",-0.177139571532172
"LHX8",-0.177139571532172
"RNU1-8P",-0.177139571532172
"VN1R5",-0.177139571532172
"LINC02775",-0.177139571532172
"LINC03126",-0.177139571532172
"CIMIP2C",-0.177139571532172
"KRT18P46",-0.177139571532172
"MTND4P27",-0.177139571532172
"KRT18P19",-0.177139571532172
"RNU6-1116P",-0.177139571532172
"MIR6809",-0.177139571532172
"MIR4777",-0.177139571532172
"TXNP5",-0.177139571532172
"MIR4773-2",-0.177139571532172
"ABCG5",-0.177139571532172
"IGKV2D-18",-0.177139571532172
"RNU6ATAC14P",-0.177139571532172
"RPL21P33",-0.177139571532172
"MTND3P7",-0.177139571532172
"MTND4P17",-0.177139571532172
"RN7SKP212",-0.177139571532172
"ACTG1P13",-0.177139571532172
"RNU1-30P",-0.177139571532172
"HLMR1",-0.177139571532172
"NAALADL2-AS3",-0.177139571532172
"COL25A1-DT",-0.177139571532172
"GIMD1",-0.177139571532172
"MORF4L2P1",-0.177139571532172
"RN7SL253P",-0.177139571532172
"MARCHF11",-0.177139571532172
"LINC02161",-0.177139571532172
"PCDHA5",-0.177139571532172
"PCDHAC2",-0.177139571532172
"RBISP2",-0.177139571532172
"PCDHB14",-0.177139571532172
"GARIN3",-0.177139571532172
"H3P22",-0.177139571532172
"LINC02102",-0.177139571532172
"LINC02239",-0.177139571532172
"SEMA6A-AS2",-0.177139571532172
"KRT18P45",-0.177139571532172
"MCHR2",-0.177139571532172
"PKMP5",-0.177139571532172
"OR10C1",-0.177139571532172
"GPR6",-0.177139571532172
"TFGP1",-0.177139571532172
"TSPO2",-0.177139571532172
"MIR548A1HG",-0.177139571532172
"SPATS1",-0.177139571532172
"TEX47",-0.177139571532172
"DLX6",-0.177139571532172
"RN7SKP129",-0.177139571532172
"PRSS3P3",-0.177139571532172
"OR9A2",-0.177139571532172
"MAGEB10",-0.177139571532172
"MIR548AN",-0.177139571532172
"CT55",-0.177139571532172
"RPS5P7",-0.177139571532172
"PFKFB1",-0.177139571532172
"TEX28",-0.177139571532172
"SFR1P1",-0.177139571532172
"LINC03070",-0.177139571532172
"MTCYBP19",-0.177139571532172
"PSKH2",-0.177139571532172
"INTS9-AS1",-0.177139571532172
"C8orf74",-0.177139571532172
"RNU6-14P",-0.177139571532172
"PGAM1P2",-0.177139571532172
"TMEM252",-0.177139571532172
"VN2R3P",-0.177139571532172
"LCN15",-0.177139571532172
"LCN9",-0.177139571532172
"LINC02907",-0.177139571532172
"CNN2P3",-0.177139571532172
"PGM5P3-AS1",-0.177139571532172
"NPAP1P6",-0.177139571532172
"OR4A6P",-0.177139571532172
"TMEM225",-0.177139571532172
"PRG3",-0.177139571532172
"RNU6-262P",-0.177139571532172
"MS4A19P",-0.177139571532172
"CFAP300",-0.177139571532172
"KDM4F",-0.177139571532172
"MIR670HG",-0.177139571532172
"ALG1L8P",-0.177139571532172
"CYP2C60P",-0.177139571532172
"OR7E115P",-0.177139571532172
"TCERG1L-AS1",-0.177139571532172
"TEX36-AS1",-0.177139571532172
"AKR1C5P",-0.177139571532172
"SLC9B1P3",-0.177139571532172
"MRPS36P5",-0.177139571532172
"RNU6-148P",-0.177139571532172
"KCNJ8",-0.177139571532172
"DBX2",-0.177139571532172
"LINC02387",-0.177139571532172
"LINC00397",-0.177139571532172
"MIR8079",-0.177139571532172
"PCDH9-AS3",-0.177139571532172
"IGHV1-14",-0.177139571532172
"ABHD12B",-0.177139571532172
"EDDM3B",-0.177139571532172
"MIR493",-0.177139571532172
"PTCSC3",-0.177139571532172
"LINC00644",-0.177139571532172
"MKRN3",-0.177139571532172
"CSPG4P13",-0.177139571532172
"LINC02255",-0.177139571532172
"DUX4L47",-0.177139571532172
"MTND3P13",-0.177139571532172
"LINC00235",-0.177139571532172
"PVALEF",-0.177139571532172
"RHBDL3",-0.177139571532172
"HNRNPA3P16",-0.177139571532172
"GNRH2",-0.177139571532172
"C20orf141",-0.177139571532172
"MIR1302-5",-0.177139571532172
"DEFB116",-0.177139571532172
"RPS2P52",-0.177139571532172
"OR10H4",-0.177139571532172
"ZNF723",-0.177139571532172
"SNORD105",-0.177139571532172
"MIR518A2",-0.177139571532172
"SHANK1",-0.177139571532172
"NLRP13",-0.177139571532172
"RN7SL833P",-0.177139571532172
"MBD3L1",-0.177139571532172
"TSPY3",-0.177139571532172
"TSPY25P",-0.177139571532172
"TTTY16",-0.177139571532172
"IGLV3-7",-0.177139571532172
"ANKRD62P1",-0.177139571532172
"RFPL4AP6",-0.177139571532172
"FEM1AP1",-0.177139571532172
"TBK1",-0.177290233919499
"RN7SL461P",-0.177345067058811
"HMGN2P21",-0.177368719404476
"MTCH2",-0.177833244514214
"WASF1P1",-0.177852970543114
"LINC01672",-0.177871757286349
"DCLK1",-0.177871757286349
"LINC02381",-0.177962204865238
"OR1F2P",-0.178206330306124
"ANP32E",-0.178432154606933
"LRRTM4-AS1",-0.178446437380377
"SEMA4F",-0.17862110090908
"MUC20-OT1",-0.178840573423388
"HAO1",-0.178858247141857
"LINC02030",-0.178975866633312
"CLIC3",-0.179022032967051
"DCX",-0.179036104307633
"LINC01209",-0.179075071632485
"KCNN2",-0.179398767500629
"DKK1",-0.179477940316263
"CYP2D7",-0.179544994325784
"EPS15",-0.179798396731078
"APOO",-0.179880333054719
"SEMA3G",-0.18012870584995
"CARD9",-0.180217271294245
"QRICH1",-0.18026358944052
"AP1M2P1",-0.180314617188407
"CAPN8",-0.180437917000773
"RPL7A",-0.180573862848647
"SFXN1",-0.180717688419072
"RPL17P34",-0.180754777925431
"NOS2P1",-0.180813936280757
"PRPF39",-0.180856662113474
"STXBP6",-0.180876341333037
"CCNC",-0.180973382807703
"NUBPL",-0.18103758278431
"DGKG",-0.181283055744371
"CHCHD7",-0.181492497990913
"ELF3-AS1",-0.181612944385491
"AMOT",-0.181644985135066
"RASGRF2-AS1",-0.181804619510986
"DPYD-IT1",-0.182036263892345
"PSMD9",-0.182037531382858
"MIR103B2",-0.18213857510659
"TMEM9",-0.182189741422898
"CFL2",-0.182329359343786
"TJP2",-0.182333786239173
"PTPN13",-0.18234043559343
"JDP2-AS1",-0.18243458470045
"SAMD4A",-0.182516527840702
"SCAT8",-0.182539998122908
"LINC03020",-0.18257181246127
"CDC42EP5",-0.182582943752701
"LINC01824",-0.182642986610534
"CPHXL",-0.182742481841357
"RNU4-75P",-0.182763868574839
"RN7SKP45",-0.182763868574839
"FREM3",-0.182763868574839
"TRPC4",-0.182763868574839
"LINC02326",-0.182763868574839
"RN7SKP283",-0.183009422501964
"PPP1R14C",-0.183036398074149
"CLCA2",-0.183095334062297
"ZFPL1",-0.183198256111643
"MAGI2-AS2",-0.18323889233785
"GLYR1",-0.18335772701297
"C1DP1",-0.183491221799331
"PKP4P1",-0.183546515222097
"ANKHD1",-0.183550877222806
"DDX43P2",-0.183682569319914
"CST9",-0.183682569319914
"MUC16",-0.183745530528569
"RPL34P3",-0.183961077316998
"SNRPB2",-0.184045495717031
"CCDC71",-0.184166641307309
"BET1",-0.18422902593388
"LINC02071",-0.184462945153954
"ELP6",-0.184501191567853
"UBE2T",-0.184504321151002
"PROK1",-0.184956017650254
"CD52",-0.185062274452348
"VKORC1L1",-0.185080616947148
"CERT1",-0.185125108974395
"PSORS1C1",-0.185264700647256
"PLSCR3",-0.185309024890983
"CLTRN",-0.185309763807383
"ZC3H4",-0.185799342092592
"ABHD15-AS1",-0.18581996923253
"ICA1",-0.185838535405833
"MSR1",-0.185840275238846
"GLULP3",-0.186091576058422
"PSMG3P2",-0.186140929292796
"TEKT3",-0.186188138219074
"ZNF548",-0.186269006047883
"NR2F1",-0.186366124789475
"ADAM10",-0.186375909128732
"PIWIL2",-0.186391849640921
"RPGR",-0.186417687764579
"IBA57",-0.186433765458004
"MIR3667HG",-0.18649424499563
"LINC02617",-0.186863082752042
"MIR6807",-0.186991611119447
"PYGM",-0.18714759598103
"MYRIP",-0.187159694809104
"SIK1",-0.187398644451575
"AIMP1",-0.187623116192501
"ABR",-0.187856072996233
"RN7SL471P",-0.187905405185486
"DPY19L4P1",-0.187950242983163
"MTND5P27",-0.187950242983163
"KRT8P35",-0.187950242983163
"HSP90AA5P",-0.187950242983163
"GAPDHP56",-0.187950242983163
"LINC02221",-0.187950242983163
"RPS27P15",-0.187950242983163
"B3GALNT2P1",-0.187950242983163
"TAS2R4",-0.187950242983163
"GYG2-AS1",-0.187950242983163
"NLRP3P1",-0.187950242983163
"GXYLT1P6",-0.187950242983163
"HSD17B3-AS1",-0.187950242983163
"HNRNPCP8",-0.187950242983163
"AVPR1A",-0.187950242983163
"LINC00550",-0.187950242983163
"YWHAQP1",-0.187950242983163
"CHORDC2P",-0.187950242983163
"ELK2AP",-0.187950242983163
"RNU6-401P",-0.187950242983163
"ZSWIM5P2",-0.187950242983163
"EIF4A2P1",-0.187950242983163
"LINC01917",-0.187986866835415
"RERG",-0.188093396219678
"BCAR1",-0.18819711378209
"NCL",-0.188230101256909
"SIGLEC12",-0.188311554826074
"TRIM77BP",-0.188347118317043
"LINC00345",-0.188765484393776
"LINC01942",-0.188771461628099
"SFT2D1",-0.188848218177856
"IGFBP7",-0.18891568066887
"DNAJC8P1",-0.188941751736384
"TRIM41",-0.189142145881685
"RPL21P18",-0.190219343775605
"CASTOR2",-0.190456232928335
"C1orf198",-0.190485938818703
"ZBTB49",-0.190513621319819
"SIX1",-0.190540844909108
"NOTO",-0.19104223016722
"PHKBP1",-0.19104223016722
"LINC00331",-0.191128069935881
"SLC45A4-AS1",-0.191216301035029
"C6orf120",-0.191292903843805
"GDF9",-0.191363884269058
"FXN",-0.191431898520332
"NPC1",-0.1916246479811
"COL4A5",-0.191704504047872
"HERC5",-0.191803553307555
"UQCR11",-0.191957378573039
"SLC38A3",-0.19199989307483
"TRMO",-0.192165715340148
"ABCD4",-0.192251823039219
"AQP7B",-0.192286569591173
"TMEM38A",-0.192290079925417
"TMSB10",-0.192535173344071
"ZSWIM2",-0.192655261115794
"MIR6797",-0.192856437344937
"CCDC13",-0.193110428950926
"POC1B-AS1",-0.193231654685866
"FSIP1",-0.193354900841119
"ZNF525",-0.193400858981201
"REXO5",-0.193451427686312
"CDH12P1",-0.193542047709603
"KCTD19",-0.193589006589528
"BICDL2",-0.194349429457842
"PHF6",-0.194663857858629
"RN7SKP162",-0.194692458996925
"MAMDC4",-0.194843766177681
"TRAV23DV6",-0.194923157803648
"PPP4R3B",-0.19503752241699
"DCTN4",-0.195178085397989
"DUX4L16",-0.195313591081999
"WDR25",-0.195373743776718
"PLXNB2",-0.195571801049619
"TEX101",-0.195753293055113
"AZIN1",-0.19588840672624
"C4orf3",-0.196055211836983
"TTLL7",-0.196148093968174
"TEX30",-0.196400523457203
"RBM15-AS1",-0.196460268563415
"PROX1",-0.196515113488102
"MTCYBP37",-0.196570762409882
"TRAJ27",-0.196824496494253
"POM121L2",-0.196855273726341
"WNT7A",-0.19697515479864
"VIPR1-AS1",-0.197052766612027
"FOXRED2",-0.197380971397951
"TAPBP",-0.197657853013683
"STX4",-0.197670103563699
"DBF4P1",-0.197719355421172
"MTCO1P9",-0.197851495431045
"MAPK6P4",-0.197851495431045
"LINC00536",-0.197897138611112
"ZNF829",-0.198482881405724
"LINC00700",-0.198493274980562
"GNG8",-0.198535503604012
"SLC15A3",-0.198579798290736
"DTX4",-0.198631964874528
"LINC01551",-0.198764336097206
"TTPAL",-0.198844231656402
"EIF2S2P4",-0.198940691353094
"SALL2",-0.198988034415489
"EIF5",-0.199029023393455
"TNFSF10",-0.199188168954943
"OTUD7A",-0.199431483461022
"SALL4P6",-0.199897971832204
"FLG",-0.200204935706236
"LINC00327",-0.200249404177566
"THOC1",-0.200440018628165
"C16orf87",-0.2005235776269
"APONP",-0.200676788459484
"BAG4",-0.20072370913933
"P2RY13",-0.20090053553844
"PRKAR1B",-0.201128430601269
"LINC02410",-0.201145714790465
"ATXN7L3B",-0.201151961326786
"BTF3P9",-0.201372965023281
"TRAPPC6A",-0.201390901512807
"HIVEP2",-0.201422613520901
"LIN7A",-0.201529946880242
"SHISA2",-0.201767963771047
"FXYD5",-0.202015695809262
"ARFIP1",-0.202240715991994
"PPP2R1B",-0.202320096106263
"OLA1P2",-0.202468972227566
"RASIP1",-0.202590187447477
"WDR35-DT",-0.203037182017704
"ZNF710-AS1",-0.203090783173642
"EXOC5",-0.20319506389704
"GABRE",-0.203327678974809
"H1-2",-0.203407941394816
"OBP2B",-0.203785990811422
"RBM28",-0.203872859570868
"PAK5",-0.203932703954634
"SEMA5B",-0.204288810019
"TMF1",-0.204389746797155
"IFT46",-0.204578360821857
"WTAP",-0.205139801415752
"RAB11FIP4",-0.205187878353399
"NOP14-AS1",-0.205356018914435
"STOM",-0.205421833152087
"RN7SKP43",-0.205916924879338
"HSP90AA4P",-0.205916924879338
"SDCBPP3",-0.206136697176619
"RPS28P4",-0.206413568405533
"GIMAP3P",-0.206659106393678
"LINC01926",-0.206699430214423
"RC3H2",-0.20671828788153
"OR8C1P",-0.206854746215552
"NAGA",-0.207516934172145
"PTMAP10",-0.207592110148708
"CXorf58",-0.207698375878026
"PAM",-0.208026232968907
"CFHR4",-0.208030509079402
"ZFAND2A",-0.208414624961983
"OXCT1",-0.208437497796469
"EIF3F",-0.208442701005447
"MAMSTR",-0.208603413844843
"H2BC7",-0.208975091538684
"RPL12P8",-0.208984658863599
"MYCL",-0.209039037627599
"SNHG10",-0.20928154136267
"LINC02733",-0.209287876640373
"PLEKHD1",-0.209331012080372
"ERBIN",-0.209561063155673
"MKNK1",-0.209852094198492
"MKRN2",-0.210225785624336
"ATXN1",-0.210363097330884
"RAPGEF6",-0.210457399188261
"FTH1",-0.210516229143798
"NIPSNAP2",-0.210529297693951
"TOP1MT",-0.210835829088788
"PRAMEF30P",-0.211063179906656
"GTF2IRD1",-0.211125703682132
"RNF8",-0.211241691254443
"OR4K17",-0.211612592667557
"TRIL",-0.212154772603808
"COX7B",-0.212311903144256
"FTH1P13",-0.212465590536808
"SON",-0.212473245699856
"KCTD18",-0.212517038234028
"PKDREJ",-0.212589136481266
"WWC2",-0.212823078290423
"COPS7B",-0.212841469422164
"LINC01141",-0.212968840766056
"ETFA",-0.213222007728936
"RAPSN",-0.21327882081886
"XRN1",-0.21338136487384
"EEF1A1P28",-0.213464089945321
"APCDD1L-DT",-0.213719580313139
"NR1I2",-0.213919946767943
"ATOSA",-0.214280822300648
"NDUFB8",-0.214638428226257
"BIRC3",-0.214656333974676
"TPPP2",-0.214758973627064
"ZBTB11",-0.214854258648065
"MRAP2",-0.214862158507854
"SNORD70",-0.214924604857046
"ZNF41",-0.214967445888319
"CA1",-0.215009978558103
"SBSN",-0.215206276909053
"CDADC1",-0.215297041770017
"HOATZ",-0.215425686556656
"TSPAN9",-0.215552784406887
"TRAV38-2DV8",-0.215642460640747
"MSL2",-0.216020845093448
"KCNK13",-0.216024781892975
"RPL7AP56",-0.216080867366988
"COX20P1",-0.216231008813982
"SNORA12",-0.216459652445761
"SYT15B",-0.216523871652132
"RPL12P33",-0.216681978295562
"EXOG",-0.2168851707779
"SH3YL1",-0.217073558527627
"DEFB131A",-0.21712424694081
"RPL13AP14",-0.21712424694081
"HEXA-AS1",-0.217589713558249
"BTF3L4P2",-0.21767156921616
"SRP14",-0.218091035487153
"CCL5",-0.218254835346824
"ONECUT2",-0.218472509533815
"MIR564",-0.219194239364719
"SLC14A2-AS1",-0.219194239364719
"SINHCAF",-0.219225818037421
"HAUS1",-0.219319226084495
"SNX14",-0.219362945251729
"CNIH2",-0.219870797472383
"TTC36",-0.22033739431496
"MTCO3P29",-0.220617060045447
"PGGT1B",-0.220674383140785
"POT1",-0.220684967253583
"WDR38",-0.220978925103294
"LINC01392",-0.221219796988504
"PITRM1",-0.221458642751191
"KCTD12",-0.221713542793353
"BVES",-0.221954562094135
"MALL",-0.222383901886094
"CCP110",-0.222431033066178
"GPX5",-0.222601552418672
"GULP1",-0.222623660160408
"CEP162",-0.222658125895918
"RPL12P37",-0.222842006124416
"LINC02608",-0.222851187691177
"SS18L1",-0.223072233582058
"FECH",-0.223393961889193
"RASAL2-AS1",-0.223433250135615
"WWOX",-0.223873330191813
"FNDC3CP",-0.224156491545036
"LNC-LBCS",-0.22419662958845
"SLC25A38P1",-0.224248145393498
"POU5F1B",-0.224341988078391
"MLF1-DT",-0.224535669560464
"SSR3",-0.224858567024446
"C10orf95",-0.224933803126015
"MTND4P24",-0.225248390662151
"LINC02574",-0.225544192967598
"ZNF57",-0.225784151927738
"HK2-DT",-0.225998724545284
"C17orf49",-0.226051553956248
"RPS4XP11",-0.226151697881563
"USP28",-0.226154875389788
"RNA5SP494",-0.226162928508538
"NDUFB4P12",-0.226164802357596
"COLEC10",-0.226481368947513
"TRGC2",-0.22657311416682
"SLC17A2",-0.226664581893439
"WDR83",-0.227107009877696
"BSN",-0.22713229918307
"MIR4511",-0.22714988135871
"RPL36",-0.227225142393373
"RPL18",-0.227443161427449
"EIF3H",-0.227552868862739
"GRIP1",-0.22759549189672
"APELA",-0.227646806985217
"AMBN",-0.227646806985217
"STK26",-0.227793390577665
"MSRB3",-0.228018650837035
"BRD3OS",-0.228150084966517
"LINC01823",-0.228431760497571
"ANK2-AS1",-0.228569493364732
"TRIM60",-0.228856460334673
"HEG1",-0.229009154034874
"NIT2",-0.229867197760676
"RSF1",-0.229895668275727
"SPDL1",-0.229896404392971
"ELOAP1",-0.230063062393786
"ACTG1P21",-0.230473479293397
"MIR644A",-0.230622616085126
"CCL27",-0.230730218867741
"ROR1-AS1",-0.231104702220185
"CDC42-AS1",-0.231116778724005
"MRPL9",-0.231295639946935
"DUSP10",-0.231329346158979
"FUOM",-0.231496083110692
"PTPRE",-0.231581311726891
"ZNF600",-0.231606711257107
"TOPAZ1",-0.231737097445593
"KPNA4",-0.23178723719413
"FGF12",-0.232081840448473
"FAM230E",-0.23232972180108
"MPHOSPH10",-0.23238690700097
"RPL37A-DT",-0.232581259345857
"XCR1",-0.232630757402196
"GTF2H3",-0.232666862083715
"ACTBP8",-0.233065032841131
"NEURL4",-0.233125256611363
"HSP90AB2P",-0.233566620622487
"MRPL38",-0.23357240099778
"STAMBP",-0.233630943119595
"EQTN",-0.233637205827594
"LINC01164",-0.233691051114732
"LHFPL7",-0.233691051114732
"CD1C",-0.233729369841841
"LINC02706",-0.234363438538328
"NPM1P5",-0.234408985444055
"APOBEC3H",-0.234501876957606
"NBR1",-0.234877680445829
"HMBS",-0.234916463595827
"ADAMTS3",-0.235013331907572
"CD63",-0.235063892026097
"CCN2",-0.235340735124878
"LRMDA",-0.235403732604811
"RNF32-DT",-0.235541636375995
"HSPD1P2",-0.235547431616394
"YBX1",-0.235842085976119
"HOXB6",-0.236153663381583
"ASNS",-0.236269994096664
"NALF2",-0.236302951211277
"RGS10",-0.236354126564192
"RFC5P1",-0.236441832577575
"NADK2-AS1",-0.236479590537441
"UGT1A6",-0.236562810251909
"GNPTAB",-0.236711919647514
"MIR98",-0.236767468964572
"CIB1",-0.236997525395142
"XPC",-0.23710655326533
"SLIT3-AS1",-0.237278039114725
"PNN-AS1",-0.237608871149537
"ATP6V1G3",-0.237630363573216
"LNP1",-0.237630363573216
"ABCF2P1",-0.237630363573216
"SLC66A1LP",-0.237630363573216
"TRIM75",-0.237630363573216
"RPL21P67",-0.237630363573216
"CDC14C",-0.237630363573216
"TMEM47",-0.237630363573216
"NPBWR1",-0.237630363573216
"AK6P1",-0.237630363573216
"NR1H4",-0.237630363573216
"AQP8",-0.237630363573216
"AIMP1P1",-0.237630363573216
"FRG2MP",-0.237630363573216
"UBE3AP2",-0.237630363573216
"SLC38A7",-0.237670039965149
"RPS12P20",-0.238331901247674
"TRAV29DV5",-0.238345783824602
"TLL2",-0.238481473540431
"EIF3A",-0.238624174864055
"ATP6V0E1P4",-0.238656066800076
"GPR34",-0.238889221531189
"IGHEP1",-0.238980690255092
"RBPJP2",-0.239124789760094
"MYL9",-0.239263252609314
"ATP5MC2",-0.239291630229421
"TTK",-0.239476135721159
"CLEC4C",-0.239476135721159
"FMR1-IT1",-0.239635578684572
"CDH9",-0.239789407464215
"MKX",-0.239957482261771
"SFTPA2",-0.240105208913374
"CHMP2B",-0.240105663629216
"IZUMO4",-0.240168080791579
"MIR4271",-0.240263418770794
"RNU7-110P",-0.240525688089059
"RAB3GAP2",-0.240889567367388
"TMEM274P",-0.240944404560626
"ASS1P3",-0.240997589180522
"GTSF1L",-0.240997589180522
"TRBV9",-0.241020144360884
"SLCO6A1",-0.241125808098812
"MRPS23",-0.241255619326151
"SERPINB7",-0.241458372655455
"STX1A",-0.24154097265352
"TOB1",-0.241641197583639
"ZPR1",-0.241734880037946
"AGMO",-0.241784087417906
"CXCL3",-0.242395390690751
"SNORD46",-0.242602181669044
"TAX1BP1",-0.243003496035731
"BNIP2",-0.243070023971691
"IGKV3D-7",-0.243190116072602
"MTCO3P31",-0.243190116072602
"MTATP6P31",-0.243190116072602
"UGT1A9",-0.243560986582738
"OR1E3",-0.243560986582738
"FUT7",-0.244014775851358
"GABRG1",-0.244131745487656
"RNU6-82P",-0.244252429300344
"RN7SL385P",-0.244513093848224
"SRSF7",-0.244621951932468
"OR2G2",-0.244915351374957
"ILDR2",-0.245111399790236
"NFX1",-0.245565430860682
"FNDC3A",-0.245581940922118
"CRB2",-0.245658757461692
"MIRLET7F2",-0.245681151403527
"LINC01910",-0.245704716647248
"PCDHGC5",-0.245893253470027
"HSPE1P26",-0.246212213209016
"SNRPGP2",-0.246279394500181
"PPP6R2P1",-0.246688465536487
"C4orf33",-0.246692815031997
"KRT18P51",-0.247082545919289
"NLRP9",-0.247205095290246
"DNAJA1P1",-0.247618218012438
"SLC36A3",-0.247775606449166
"DPPA2P4",-0.248003195133742
"LINC00499",-0.248107767412895
"TSBP1-AS1",-0.24834920873913
"SNX18P24",-0.248601746263769
"FARS2-AS1",-0.249144849230756
"MTFMT",-0.250024553563199
"RPL15P5",-0.250027195630341
"RPEP2",-0.250466529779976
"RGR",-0.250466529779976
"DNAJC2",-0.250626320358665
"ELOVL6",-0.250677675291473
"PNMT",-0.250769225522015
"KLRK1-AS1",-0.251328808002409
"FRYL",-0.251791829155476
"RNF4",-0.252151587047001
"LARP1",-0.252341690544346
"ITGB1",-0.252360557951141
"LINC01945",-0.252569089002849
"RPL21P93",-0.253079072723717
"TTC8",-0.253221197192674
"MEP1A",-0.253332836788268
"TRAPPC4",-0.253381015442878
"DNAJA1P3",-0.253895491471615
"IFNA8",-0.254147434582203
"LARP7",-0.254673459094603
"AFF4-DT",-0.254923062807822
"DKK2",-0.255124228664889
"SMIM3",-0.255384982047702
"IL24",-0.255427345793604
"RPS3AP5",-0.255699205689843
"FAUP1",-0.256036641992296
"LRRC3B",-0.256098940094119
"EPPIN",-0.256132869026415
"RPL7P44",-0.256914926686315
"SERPINA11",-0.257084061824559
"LINC02295",-0.257194355790557
"DENND11",-0.257674754506524
"DUOXA1",-0.257737122559041
"HDAC2",-0.258356486322828
"RN7SL674P",-0.258679504884604
"RAB1A",-0.258695187756092
"AIRE",-0.258771492371794
"NOP58",-0.258964286410199
"MCF2L2P1",-0.259007402024545
"GJA4",-0.259239167908982
"SPAG11A",-0.259551152235314
"MED28P1",-0.259551152235314
"EIF4EBP2P1",-0.259551152235314
"RPL36P9",-0.259559941549574
"CUL5",-0.259720844521249
"SGO1P2",-0.259786004140255
"LINC00362",-0.259786004140255
"LINC02350",-0.259807532143651
"SLC34A2",-0.259852527546873
"PDPR",-0.259922328739014
"PDCL3P5",-0.259995210488101
"PGRMC2",-0.26054371496461
"SIX4",-0.260703831182387
"RPL13A",-0.260957286660934
"LINC01438",-0.261097399398441
"IGHV3-6",-0.261218490032278
"HLCS-IT1",-0.261243302755782
"DHFR",-0.261435564659011
"MTCO1P53",-0.261775710937294
"ACOT1",-0.26193839580786
"ZNF106",-0.261981419311609
"PHKA1",-0.262040857888932
"MARK2P3",-0.262297885714396
"ALG9-IT1",-0.262297885714396
"CYCSP35",-0.262297885714396
"ZNF137P",-0.262297885714396
"SERPIND1",-0.262351443204769
"DNM3-IT1",-0.26237152094978
"CCDC12P1",-0.26237152094978
"LOXL2-AS1",-0.26237152094978
"OR8D1",-0.26237152094978
"MIR1244-2",-0.262888156223568
"MTATP6P9",-0.263037882363392
"RPL22P18",-0.263098047032552
"INSIG2",-0.263233493172191
"LINC00690",-0.263263562363806
"LRCH2",-0.263342682782801
"CER1",-0.264042734761543
"SLC25A1P3",-0.264600828586878
"LINC02839",-0.264600828586878
"HTR3B",-0.264629101246772
"MTCO3P5",-0.265161413994497
"TTC36-AS1",-0.265687607008987
"LAMB2",-0.266000619516846
"CDC42SE2",-0.266026346963616
"MTND4P12",-0.266080572812403
"LINC02101",-0.266199318887507
"CYP4X1",-0.266210369433911
"PDK1",-0.266684368819171
"UMLILO",-0.266755058172043
"BCL2L14",-0.266896500444252
"CENPW",-0.266904388025959
"IL1RAPL1",-0.267108348628753
"TASL",-0.267292277283361
"RNPEP",-0.267392955898893
"RPS7P3",-0.267736047097328
"POC1B",-0.267759469534312
"C3orf36",-0.267807589773103
"MT1F",-0.267841517702918
"ARPC1AP2",-0.267953593968621
"UMPS",-0.268517075198214
"TEX261",-0.268626145201952
"IL2",-0.268804539340435
"CPVL-AS1",-0.26918404966939
"COX6A1P7",-0.269292727003153
"CAPS2-AS1",-0.269292727003153
"HEATR4",-0.269323191241117
"LINC02434",-0.269487784231023
"ING3",-0.269784254177583
"SNRK",-0.270110628603365
"IFT74",-0.270158528450621
"DSE",-0.270296449359542
"LINC02541",-0.270394425638424
"MED4-AS1",-0.270563347458075
"GRXCR1",-0.270564331345726
"CFAP97",-0.270700738972421
"ACSBG1",-0.271144425529784
"SKAP1-AS2",-0.271743480276923
"RDUR",-0.272029581829666
"LINC01746",-0.272136894255958
"LINC02858",-0.272207865987736
"RPSAP29",-0.272451503029811
"METTL14-DT",-0.273189220423152
"FTLP14",-0.27338241682599
"LINC02663",-0.273562371741117
"ZNG1C",-0.273743315141143
"BAHCC1",-0.273966235679089
"TEF",-0.274087035512438
"TDRD3",-0.274272581141255
"TLE7",-0.274278106105727
"H2AC18",-0.274798757740813
"ACRV1",-0.275077782318565
"SULT2B1",-0.275178840649708
"HOXB-AS3",-0.2752859096162
"FNDC9",-0.276024056672725
"SFSWAP",-0.276101740865169
"STYX",-0.276213842800813
"CLEC10A",-0.276480749472858
"IFITM3P8",-0.276582601636407
"RGPD4",-0.276751768447345
"TMC4",-0.277045351402779
"EBF2",-0.277185960365095
"RPL5",-0.277445357129994
"CD48",-0.277515088639469
"MTND5P26",-0.277808921983749
"NOVA1-DT",-0.277808921983749
"ANO5",-0.27782988951763
"SLC12A6",-0.277952924803565
"MXD1",-0.278046674972423
"SLC6A7",-0.278960512576013
"USP12",-0.279066905579465
"TRDN",-0.279241495625739
"ARMC3",-0.279454265573751
"ATP5F1CP1",-0.27958298958293
"RNU6-531P",-0.279621194829479
"RNU6-1092P",-0.279790578854621
"ANKH",-0.279856716445228
"NMNAT1",-0.280550126765373
"FAM114A2",-0.28080998747398
"CNOT9",-0.280855805332547
"ITIH3",-0.281125917776352
"ATP5MG",-0.281188687538075
"LINC01133",-0.28150746574673
"PDGFC",-0.282264660847693
"C1orf21",-0.282505243051952
"ZNF277-AS1",-0.282668628984636
"ZFYVE26",-0.283090140714512
"ANKDD1B",-0.283111424872377
"SLC1A3",-0.283170002574004
"ZNF432",-0.28326384006053
"GASK1B-AS1",-0.283311167448917
"ATP6V1F",-0.283402639842876
"LINC02237",-0.283550929041254
"KDM1A",-0.283713739642825
"KRT10",-0.283858971036955
"TUFMP1",-0.283878690826481
"KNOP1",-0.283963368313089
"ASB4",-0.284025454398598
"LINC00221",-0.284143492036005
"SSB",-0.28416656149457
"C12orf56",-0.284189202847062
"CHRM5",-0.284201773821782
"TRIM58",-0.284225451497975
"GTDC1",-0.284407734490055
"ANK1",-0.284436854288101
"RGS22",-0.284584215122315
"KMT2CP5",-0.284641316043656
"MYO18B-AS1",-0.284670022291274
"PRR12",-0.284735779650679
"ARF1P2",-0.284940616798142
"POU4F1",-0.284940616798142
"GABARAPL2",-0.28503960885204
"CEP164",-0.28512649779334
"TP53INP1",-0.285237828176173
"CBX3P9",-0.285339867306739
"NRM",-0.285656620513545
"PLCH1-AS1",-0.286016522285957
"RPS3AP17",-0.286050054860466
"ITPK1-AS1",-0.28623500696792
"PITHD1",-0.286261440645887
"JPH3",-0.286296567205543
"ZBTB47",-0.286307887589874
"ATP5PDP4",-0.286329817983969
"FAM153CP",-0.286517058739505
"GDI2P2",-0.286714725226427
"GSTP1P1",-0.287207985453822
"KTN1",-0.287384090271917
"MIR137HG",-0.287389751064277
"RNF112",-0.287408472047829
"PGC",-0.287482667195359
"VLDLR-AS1",-0.287610189044781
"DDR2",-0.288161233232302
"DDN",-0.288470802813826
"LINC02165",-0.288470802813826
"PTCHD3",-0.288534162297848
"SLC26A7",-0.288605543518742
"RPL21P116",-0.28862742963443
"RPL7P12",-0.288857320377565
"RUFY2",-0.289160546143999
"ANKRD42-DT",-0.289459625173226
"GTF2A2",-0.289526593816997
"MTCO1P14",-0.289570804087932
"PAICSP3",-0.289570804087932
"OR6M3P",-0.289570804087932
"RIMS2",-0.290362871540808
"GREM1-AS1",-0.290852704023386
"NAMA",-0.291038604141116
"CPA3",-0.291256997516019
"CABP2",-0.291465948673869
"MEOX2",-0.291662106675643
"RPS27P23",-0.291892899907282
"ANKRD40",-0.292139056243258
"SYMPK",-0.292177843367738
"SH3PXD2B",-0.292498907531135
"TICAM2",-0.292865996416582
"LINC01094",-0.292879751067126
"CMYA5",-0.292957505475685
"XYLT2",-0.293530474160244
"NDC1",-0.293709576391599
"CRLF3",-0.293759296353797
"POLR2D",-0.29425813314441
"SLC6A19",-0.294430738986174
"C2CD3",-0.294736222008076
"CIR1P2",-0.294746105780866
"SRRM2-AS1",-0.294770038643146
"EIF4A2P4",-0.294792294989554
"MIR23AHG",-0.294897318730316
"RPL7P26",-0.29491794190543
"TRAF3IP2-AS1",-0.295008038948492
"ZNF175",-0.295243515432608
"SPAG5",-0.295403548208489
"TMEM183AP6",-0.295437418883232
"GSTA8P",-0.295437418883232
"IGHV1OR15-2",-0.295437418883232
"MIR548AE2",-0.295482629979111
"OR51E1",-0.295482629979111
"LINC01034",-0.295482629979111
"LINC02097",-0.295482629979111
"TCAF1",-0.295602997762979
"LINC02144",-0.295820863435807
"TMSB15C",-0.296029871652132
"NUDC",-0.29617960924506
"HMGB1P24",-0.29653228950086
"SLC45A3",-0.296956542701709
"SMARCA1",-0.297256906156476
"USO1",-0.297290273855976
"ZWINT",-0.29729500335942
"SLITRK4",-0.297296824737401
"CYBRD1",-0.297319926360242
"RPL12P42",-0.297382906139734
"VDAC1P8",-0.297467725727896
"E2F4P1",-0.297625655376188
"RPL36AP19",-0.297996414047529
"GPC4",-0.298005736731559
"SLC27A1",-0.298303858076617
"TRBV17",-0.298393730047984
"PAG1",-0.298566822669582
"PCDHB1",-0.298639900775989
"LINC00905",-0.298641345495881
"FEZ1",-0.29885302877137
"ZMIZ1-AS1",-0.298863821076632
"NOXRED1",-0.299273389354046
"FAM245B",-0.299389138890868
"RPL21P131",-0.299511997723974
"PTAR1",-0.299684142070118
"MIR30C1",-0.299688533190377
"RN7SL466P",-0.299688533190377
"AMY1C",-0.299688533190377
"CELA3A",-0.299688533190377
"ITLN2",-0.299688533190377
"LINC01832",-0.299688533190377
"VPS26CP1",-0.299688533190377
"RNU6-1048P",-0.299688533190377
"LINC01953",-0.299688533190377
"OR7E46P",-0.299688533190377
"AGGF1P3",-0.299688533190377
"PRR23A",-0.299688533190377
"IQCF5-AS1",-0.299688533190377
"RN7SL294P",-0.299688533190377
"NIP7P2",-0.299688533190377
"AADAC",-0.299688533190377
"LSAMP-AS1",-0.299688533190377
"MTCO3P28",-0.299688533190377
"PRDX4P1",-0.299688533190377
"HAND2",-0.299688533190377
"C4orf36",-0.299688533190377
"C9orf78P2",-0.299688533190377
"LINC02499",-0.299688533190377
"LINC02278",-0.299688533190377
"TRPC6P2",-0.299688533190377
"LSINCT5",-0.299688533190377
"CUL1P1",-0.299688533190377
"APOOP1",-0.299688533190377
"RFPL4B",-0.299688533190377
"RPL7P28",-0.299688533190377
"CYCSP19",-0.299688533190377
"VN1R28P",-0.299688533190377
"HMGB3P20",-0.299688533190377
"TSEN15P3",-0.299688533190377
"DPY19L1P2",-0.299688533190377
"YBX1P8",-0.299688533190377
"PDK1P2",-0.299688533190377
"DLGAP5P2",-0.299688533190377
"RUVBL2P1",-0.299688533190377
"RNA5SP511",-0.299688533190377
"GRPEL2P2",-0.299688533190377
"NR0B1",-0.299688533190377
"POTEA",-0.299688533190377
"DEFA3",-0.299688533190377
"LINC03042",-0.299688533190377
"FAM87A",-0.299688533190377
"ZFHX4-AS1",-0.299688533190377
"RNU4-50P",-0.299688533190377
"MIR491",-0.299688533190377
"IFNWP5",-0.299688533190377
"OR51P1P",-0.299688533190377
"RNU6-893P",-0.299688533190377
"OR8K5",-0.299688533190377
"FSHB",-0.299688533190377
"OR7E117P",-0.299688533190377
"OR51I2",-0.299688533190377
"HMGN2P36",-0.299688533190377
"C11orf87",-0.299688533190377
"LINC02712",-0.299688533190377
"LINC02489",-0.299688533190377
"RPL31P44",-0.299688533190377
"INA",-0.299688533190377
"NPAP1P2",-0.299688533190377
"OR6L1P",-0.299688533190377
"KRT79",-0.299688533190377
"NANOGNBP2",-0.299688533190377
"LNCOG",-0.299688533190377
"FABP3P2",-0.299688533190377
"RN7SL60P",-0.299688533190377
"FNTAP2",-0.299688533190377
"LINC00370",-0.299688533190377
"RN7SKP257",-0.299688533190377
"IGHVII-67-1",-0.299688533190377
"LINC00523",-0.299688533190377
"NF1P2",-0.299688533190377
"RN7SL278P",-0.299688533190377
"GOLGA6FP",-0.299688533190377
"TVP23BP1",-0.299688533190377
"ABCC6P2",-0.299688533190377
"FRG2GP",-0.299688533190377
"RNASEH1P1",-0.299688533190377
"MYADML2",-0.299688533190377
"MTCO1P39",-0.299688533190377
"KRT18P8",-0.299688533190377
"PPIAP10",-0.299688533190377
"RNA5SP462",-0.299688533190377
"ASH2LP3",-0.299688533190377
"MSANTD2P1",-0.299688533190377
"LINC00165",-0.299688533190377
"TILAM",-0.299761047408619
"RPS9P2",-0.299867617168458
"RPL3P7",-0.299877387503177
"BCL11B",-0.29992232492621
"WASHC2A",-0.300086902170005
"LINC02197",-0.300177815668543
"FOXP4-AS1",-0.300185255094913
"HSPA8P11",-0.300248788839759
"GUCY2D",-0.300248788839759
"RPS27P9",-0.300253862692678
"LINC00635",-0.300284002453573
"ATXN1L",-0.300673318473014
"GTF2IP3",-0.301112098884434
"NOX5",-0.301230230105062
"LINC01991",-0.301269370438281
"SP100",-0.301832065146915
"C2CD4B",-0.302022506370579
"JRKL-AS1",-0.302081542497387
"LRRC75A",-0.302232608403995
"SLX9",-0.302347913773834
"DDI2",-0.30237103986445
"RPS10P14",-0.302425761533246
"DENR",-0.30248718027006
"MRPS27",-0.302508037070633
"GOT2P2",-0.302539174077681
"CEP95",-0.302689114750977
"MKLN1",-0.302739714043391
"MTND2P12",-0.303093349236771
"CEACAM8",-0.303249503978286
"HEXIM2",-0.303727420425107
"HSPE1P8",-0.304265930727113
"CNTN4-AS1",-0.304838572136633
"HAMP",-0.304899357180957
"PSMA3-AS1",-0.304993696260915
"EEF1DP5",-0.305156349571293
"RUNDC3A-AS1",-0.30543285480046
"GPSM2",-0.305843971498455
"LINC00674",-0.305955256320743
"RN7SKP4",-0.305982878020914
"LINC00376",-0.306376308264735
"SLC44A5",-0.306718291287687
"AP1AR",-0.306878497798738
"FEM1A",-0.307393325608065
"FIGN",-0.30763903386713
"CHST8",-0.307672169033217
"CREB3L3",-0.307672169033217
"LINC00992",-0.307787347405314
"CAPN10",-0.307859313424413
"ADAMTSL5",-0.308117767670928
"CKS1BP4",-0.308126023882312
"EEF1B2P6",-0.308227284225475
"RPL7P61",-0.308750171741564
"LINC00708",-0.308750171741564
"PHKG1",-0.308786911166151
"NCBP1",-0.309333264957006
"PRAMEF20",-0.309372098500613
"SERTM1",-0.309535967849772
"GIPC3",-0.30955902992712
"LINC02419",-0.309844954657614
"RPS12P23",-0.309844954657614
"TMEM50A",-0.310120353561733
"CALM2P3",-0.310181150960183
"PDIA3",-0.310452370407383
"NUDCD1",-0.310563328534214
"FYB2",-0.310599231622523
"ANXA1",-0.310610216763838
"PSMD12",-0.310664832431634
"LCOR",-0.31087708162518
"WASHC1",-0.310935350297099
"PHF13",-0.311260975137939
"PRELID1P5",-0.311372325690777
"SDCBPP2",-0.311403018126517
"TRIM46",-0.311816713228887
"FOXE1",-0.312111747618457
"PHF2",-0.312191882640432
"LIG3",-0.31305003617632
"DYRK1A",-0.3137022270731
"RTL5",-0.314229765768842
"PDIA3P1",-0.314278525750051
"HTR7",-0.314845893051302
"RPL37P23",-0.315102694685681
"PDGFB",-0.315114760393478
"ETV3",-0.315178761363011
"CADPS2",-0.315958232992905
"YOD1",-0.316215708223374
"PLEKHG5",-0.317005608015117
"NR1H5P",-0.317073170234743
"DARS1",-0.31710006553559
"KRT8P50",-0.317108924057256
"SLC22A25",-0.317275938270556
"PAXIP1-DT",-0.317812193551568
"MSMO1",-0.318089530486437
"SHISA9",-0.318407956426138
"MAGEF1",-0.31842477768246
"MRTO4",-0.318450398247794
"LINC02729",-0.318927862359231
"EIF4EBP3",-0.319125370358237
"NDST1",-0.319391817225831
"SPI1",-0.319746232961003
"RPL34P1",-0.320081057441106
"OTOGL",-0.32014416590769
"UBAC1",-0.320220697948334
"CELF4",-0.320409401155972
"TMEM256P2",-0.320490678682389
"APOD",-0.321114780150072
"SGSM3-AS1",-0.321449706456155
"LINC00502",-0.32153604873793
"MTND2P40",-0.32153604873793
"PIK3C2B",-0.321920721390269
"PAQR5-DT",-0.322539392081691
"DHX29",-0.323018638021903
"PEX6",-0.323094680214044
"SGPL1",-0.323360438127532
"LINC02713",-0.323486759353021
"SMARCAL1",-0.323542854915462
"KARS1P3",-0.323769515478934
"ERO1B",-0.324003162900988
"GAPDHP39",-0.324106098411516
"CCDC169",-0.324121702846619
"LINC02895",-0.324330764822786
"BTBD1",-0.324430835248623
"SLC25A25-AS1",-0.324519816347915
"KIF15",-0.324665442880508
"KCNIP2",-0.325601148580511
"PDCD4",-0.325621495712292
"OR2AG1",-0.325793008084872
"SLC28A2",-0.325857602870363
"RPS18P5",-0.326036452595334
"NPM1P10",-0.326611650289697
"TUBGCP4",-0.326907659930622
"AHNAK2",-0.327077604378122
"LINC02000",-0.327229000939795
"NPM1P35",-0.327747379774091
"MAP3K2",-0.32781955438548
"TMEM229A",-0.328135854453969
"INGX",-0.328202192600036
"SST",-0.328241267920514
"EDA2R",-0.328241267920514
"MAMLD1",-0.328654279998822
"CTDSPL",-0.32892926543221
"ACTG1P20",-0.329269923184246
"ATP5MK",-0.329543168455498
"PJA1",-0.329851334689521
"RFKP5",-0.330034014097994
"RPL7P6",-0.330305616573324
"RTL8C",-0.33033801493931
"SRMP2",-0.330687201395776
"RAD54L2",-0.330826283780871
"RN7SKP174",-0.330898404526107
"B3GALNT2",-0.331035500013103
"JMJD7",-0.331738630776227
"GC",-0.331958832325687
"USP33",-0.332080269641232
"KRT8P18",-0.33232909382734
"EEF1A1P5",-0.332368740214415
"RYKP1",-0.332566962014181
"CXorf65",-0.332820875878787
"FAM241A",-0.333445688927268
"DENND6A",-0.333526370096108
"EIF1P5",-0.334094897439614
"RBMX2P1",-0.33414434638337
"POGLUT1",-0.33417692784284
"USP18",-0.334246281119441
"ATP5F1EP2",-0.334361181665956
"PRSS23-AS1",-0.33441065373637
"EEF1B2P3",-0.334707974126189
"AP1G1",-0.334966710039024
"NPM1P48",-0.335065577156102
"LINC01250",-0.335209138450619
"ENAM",-0.335400418108409
"HP1BP3",-0.335415087557225
"ZNF564",-0.335435698261668
"CLDN1",-0.335759278768489
"LINC02735",-0.336005555531158
"C5AR2",-0.336075086094974
"MAPKAPK5-AS1",-0.336083358905844
"TCAF2P1",-0.336180238983369
"LINC01694",-0.336604326017166
"SNORD3J",-0.336675422304686
"NPM1P8",-0.337414439357667
"CD300A",-0.33752748707545
"NDUFB9",-0.337639678230806
"SLC7A14",-0.337916555677709
"DERL2",-0.337982047196485
"SMYD3-AS1",-0.338346711992059
"DDX3X",-0.338427639047909
"PRAMEF19",-0.338532403272449
"ATP8A1-DT",-0.338613956148921
"RPS6KA5",-0.33885485503725
"RERE",-0.338978149310125
"RLN1",-0.339290330195621
"DNAH8-AS1",-0.339651509692732
"ZFP92",-0.339666013116177
"FAF2",-0.33972704420668
"RNU6-177P",-0.339830033921008
"SDR9C7",-0.34003200477809
"TOP2A",-0.340034092146032
"GIMAP1",-0.340265706640734
"SUMF1",-0.340729451825725
"TH2LCRR",-0.340804164761924
"LINC01204",-0.340941129070332
"LINC02866",-0.341159300861693
"METTL21EP",-0.341391799046203
"RNA5SP474",-0.342447974497608
"NMNAT1P2",-0.342594542452512
"MTCYBP7",-0.342594542452512
"DNAJB6P3",-0.342594542452512
"LINC01981",-0.342594542452512
"LINC02214",-0.342594542452512
"RN7SL415P",-0.342594542452512
"FATE1",-0.342594542452512
"H2AL3",-0.342594542452512
"RPL7AP48",-0.342594542452512
"ARHGAP19-SLIT1",-0.342594542452512
"LINC02628",-0.342594542452512
"ATP8A2P2",-0.342594542452512
"OR4M2",-0.342594542452512
"PCAT18",-0.342594542452512
"UBE2E3",-0.343333592044266
"REEP3",-0.343884366666433
"LINC02565",-0.344247065969874
"GTF2E2",-0.344633136495803
"AHSP",-0.344767588035244
"LINC02172",-0.34524543484025
"KHSRPP1",-0.345532118808182
"NACC2",-0.345744203918578
"FMNL1-AS1",-0.345791129374555
"NRK",-0.345966012377356
"OXSM",-0.345973638055048
"WAC",-0.346410306221083
"STXBP5L",-0.346475441189265
"ACTR10",-0.346597391999424
"RNA5SP340",-0.347277194113756
"BLZF1",-0.34747951554714
"PPIL3",-0.347514334988395
"EIF1AX",-0.347611974056272
"OSTCP5",-0.347801332247174
"SPRR2E",-0.347801332247174
"C1orf185",-0.347801332247174
"SEC16B",-0.347801332247174
"KCNQ4",-0.347801332247174
"RAD1P2",-0.347801332247174
"MTCO1P38",-0.347801332247174
"KLHDC8A",-0.347801332247174
"SCARNA21B",-0.347801332247174
"LINC02795",-0.347801332247174
"CHMP4AP1",-0.347801332247174
"MIR4433B",-0.347801332247174
"SDR42E1P5",-0.347801332247174
"IGKV2D-19",-0.347801332247174
"RNU6-1320P",-0.347801332247174
"LINC00487",-0.347801332247174
"MTND4LP3",-0.347801332247174
"GRM7-AS2",-0.347801332247174
"MTCO1P29",-0.347801332247174
"RNU6-1270P",-0.347801332247174
"RN7SL815P",-0.347801332247174
"UNC93B8",-0.347801332247174
"CHORDC1P3",-0.347801332247174
"AK3P4",-0.347801332247174
"SAP18P1",-0.347801332247174
"ZNF454",-0.347801332247174
"DEFB114",-0.347801332247174
"SCAND3",-0.347801332247174
"LINC02888",-0.347801332247174
"COL26A1",-0.347801332247174
"MIR4330",-0.347801332247174
"XAGE1B",-0.347801332247174
"LINC03113",-0.347801332247174
"MIR4662B",-0.347801332247174
"MTND2P9",-0.347801332247174
"MIR4478",-0.347801332247174
"MYMK",-0.347801332247174
"RN7SKP47",-0.347801332247174
"RPEP6",-0.347801332247174
"SNRPGP19",-0.347801332247174
"OR51F1",-0.347801332247174
"AMHR2",-0.347801332247174
"AKIRIN1P1",-0.347801332247174
"LINC00477",-0.347801332247174
"IGHVII-26-2",-0.347801332247174
"MIR203B",-0.347801332247174
"DUX4L46",-0.347801332247174
"RN7SKP233",-0.347801332247174
"SNORD91B",-0.347801332247174
"RPL5P2",-0.347801332247174
"RPL12P3",-0.347801332247174
"MIR1283-2",-0.347801332247174
"DIRAS1",-0.347801332247174
"CCL25",-0.347801332247174
"CYP4F23P",-0.347801332247174
"DUXA",-0.347801332247174
"OR4G3P",-0.347801332247174
"MTND1P12",-0.347801332247174
"P2RX6",-0.347801332247174
"IGLV3-30",-0.347801332247174
"USP41P",-0.347801332247174
"TFIP11-DT",-0.347801332247174
"FAM230F",-0.347801332247174
"RNU6-1150P",-0.347801332247174
"LINC01506",-0.347903522805071
"RIPOR2",-0.34799061039072
"MYH11",-0.348088259213495
"AMER1",-0.348285208525647
"CDCP1",-0.348416019308403
"IDNK",-0.348598632862292
"LINC02669",-0.348882978858447
"NWD1",-0.349124342481672
"MRC2",-0.349183202106632
"VTI1BP1",-0.349211241323749
"LINC01173",-0.349237070789123
"H3P6",-0.350075971122195
"LDAF1",-0.350416619400749
"SPINK4",-0.350570432867471
"KRTAP21-2",-0.35061223931351
"OR7E31P",-0.350991696020809
"LINC01618",-0.351207549100412
"HCST",-0.351591931733574
"PPP1R13B-DT",-0.351617196473558
"FADS2B",-0.352017241749745
"XCL2",-0.352486318136827
"RPL34P34",-0.352619200410609
"AMBP",-0.352765864692346
"B9D2",-0.352974655170921
"PATE3",-0.353391886585142
"SUMO2P21",-0.353439730553382
"ZNF98",-0.353485290678921
"SUMO2P20",-0.353558354565667
"RAB4A",-0.353664945026417
"CCDC25",-0.353748733003419
"SGK2",-0.353764902923744
"MYH6",-0.35398901942162
"ARHGAP15-AS1",-0.354099395893234
"RPL15P2",-0.354603854452562
"LINC01511",-0.354713510933873
"LRIT2",-0.354889524431163
"POLE4",-0.354979871712675
"RNU6-890P",-0.355013714077122
"GAPDHP33",-0.355679359132202
"S100A7A",-0.355679359132202
"MTCO1P42",-0.355679359132202
"LINC01546",-0.355679359132202
"OR51A3P",-0.355679359132202
"OR5M6P",-0.355679359132202
"OR5A1",-0.355679359132202
"LINC01689",-0.355679359132202
"LINC01683",-0.355679359132202
"POLR2M",-0.355866478483959
"ACCSLP1",-0.355904547560971
"CDKN2B",-0.356119909685844
"NUP50",-0.356671692650921
"SLC6A3",-0.356722467419372
"FIGNL1",-0.356894349419273
"ZBTB24",-0.35754113238112
"RAB29",-0.358031237508687
"MIR22HG",-0.358152206722293
"MYCBPAP",-0.358811839582292
"MOAP1",-0.358873990849111
"MSL1",-0.358960019269605
"LINC01495",-0.359044821002561
"RPL39L",-0.359063187632589
"TRAV5",-0.359336165977958
"GAREM1",-0.359383101489836
"MIR548AA2",-0.35942615397282
"LAMB4",-0.359485607138835
"DDX39AP1",-0.359496435103318
"RUFY3",-0.35956972218936
"CYP2C59P",-0.3596157683059
"LINC02338",-0.3596157683059
"KERA",-0.359632590759438
"EFCAB12",-0.359927356159907
"LINC01255",-0.359927667817715
"ACSF3",-0.360540908705383
"TMEM245",-0.361329971711752
"AFF2",-0.361947201081502
"NFE2",-0.36203532053034
"SNX29P1",-0.36231317570708
"LRRC4C",-0.362406964810367
"NELL1",-0.362514537212583
"SPC25",-0.362540797798347
"SLC6A5",-0.362548397999844
"RNY4P25",-0.362724821098477
"FAT1",-0.36282735224547
"RPL23AP37",-0.362940220569674
"RPL12P18",-0.363625116394521
"ASPG",-0.363713475359257
"RPL7AP44",-0.364145916395283
"ACSL1",-0.364519587632331
"STX6",-0.364659371252357
"THUMPD2",-0.365006341745628
"TRAJ35",-0.365135673425362
"OR51L1",-0.365516163922573
"GGT5",-0.36609400653633
"HABP2",-0.366310319084151
"MCPH1",-0.366692305109811
"GLULP4",-0.366889243799632
"PVT1",-0.367157376490591
"ERICH1",-0.367187213010955
"COL25A1",-0.367418323868802
"RPS6KA6",-0.367775862880805
"SAGE3P",-0.367909851474165
"LINC02646",-0.368156848468383
"TPM4P3",-0.368627528767333
"TRIM13",-0.368653870892154
"PET100",-0.369374253227254
"LINC01854",-0.369682247707527
"RSL24D1P11",-0.369708665310959
"TMEM179B",-0.369801072920119
"CLDN14",-0.369920554140331
"LRFN5-DT",-0.370491825624871
"VWA2",-0.370499104182702
"RPL31P49",-0.370605953321889
"CWH43",-0.370666545836304
"MXI1",-0.370709324872022
"INSL3",-0.370871637540715
"CLDN18",-0.371484719060432
"RPL21P128",-0.371675665884873
"MAP1LC3B2",-0.371837492535289
"ELOC",-0.372065419174113
"ARPP19",-0.372393582046546
"QKI",-0.372504651918368
"HNRNPA3",-0.372910732540675
"AATF",-0.373285673494311
"CNN3-DT",-0.373840600859449
"DCDC2B",-0.37391583423055
"PSMA3",-0.374309142405419
"AIFM1P1",-0.374367737616497
"RPL7P10",-0.374672033523317
"LINC02247",-0.374778855027582
"NUDCP2",-0.37536672624813
"TMEM14B-DT",-0.375404955317835
"POLR2J",-0.375626427661772
"LINC02086",-0.376352492478449
"CCDC13-AS1",-0.37640822154725
"FMO8P",-0.377250898070746
"LINC02492",-0.377635324539822
"MOB1B",-0.37780672295998
"PES1",-0.37803446959505
"UBA52",-0.378203589026385
"VEPH1",-0.378534839010318
"MT1M",-0.378610479445497
"RAB3IL1",-0.378788280743883
"GLUD2",-0.378805264273112
"FAM133DP",-0.379008359646649
"MAP7",-0.379294039175118
"INO80B",-0.379367475139617
"PGBD2",-0.379718347885501
"HSP90AB4P",-0.379757454147447
"OR51F3P",-0.379866822950258
"LINC00951",-0.380336869073176
"TNFRSF9",-0.380756802198529
"LINC01081",-0.38163067104315
"ARHGEF26",-0.38243637545512
"MTND4LP7",-0.382970483879321
"UBE2B",-0.38299368509992
"CENPH",-0.383033895461349
"TRMT5",-0.383048051201711
"FTLP3",-0.383373424120094
"RPL31P6",-0.383887238037439
"LRP3",-0.384018341321007
"DRD2",-0.384340971442938
"OR1B1",-0.38437762590198
"OR8G3P",-0.384580273873414
"MIR4306",-0.384594128757086
"CLCN1",-0.384623219767474
"LINC02988",-0.384649781145807
"SNCAIP",-0.384706387219403
"CPNE8",-0.38491394294762
"MMACHC",-0.384960855848023
"RPSA2",-0.385373483087399
"RN7SKP269",-0.385785596990285
"HBEGF",-0.385866074508239
"SLMAP",-0.38666556602741
"PPM1D",-0.386700943881152
"ZNF529-AS1",-0.386735364890872
"KLK3",-0.387084567671235
"PKP2",-0.387790161653638
"TRAJ36",-0.38882009180422
"CYP19A1",-0.388947417243425
"RETSAT",-0.38898399281319
"LINC02027",-0.389132026238108
"TCF20",-0.389669275047754
"CRAMP1",-0.38985524640991
"PIGBOS1",-0.390042211576323
"ZNF430",-0.3901086127848
"HSP90B3P",-0.39021537866759
"HSP90B2P",-0.390516048623983
"RNA5SP396",-0.390887767086691
"RFPL4A",-0.391127887379673
"MBIP",-0.391412747942599
"A1CF",-0.391548055481686
"SUMO2",-0.392037826758323
"SRSF3",-0.39229922594918
"NACA2",-0.392658052665161
"ORC4",-0.393030260066008
"SRSF3P1",-0.393371789163703
"DTNA",-0.393479036214424
"F2RL2",-0.39386586776936
"SETP6",-0.394647966669759
"MMS19",-0.395836999158223
"SLC25A48",-0.39599719002875
"BAZ2B-AS1",-0.396157510376687
"FAT2",-0.396461485548847
"PROSER2-AS1",-0.396552223247355
"MTF1",-0.396691367987682
"HSPA6",-0.397083798832045
"TMEM130",-0.39718445339658
"MIR4495",-0.397193547489526
"SERPINB11",-0.397233702722909
"HINT1",-0.397407637815781
"LYRM2",-0.39751940300669
"ABCC3",-0.397936687618228
"HMGN2P5",-0.39808440227863
"MCCC2",-0.398330963018905
"PPIAP24",-0.398398649495853
"PDE11A-AS1",-0.398836406881761
"KATNBL1",-0.399402148504561
"FBN2",-0.399618073071646
"RPS15A",-0.399678746658637
"RPL10L",-0.399730339493576
"LINC02013",-0.400326627165875
"TRDJ1",-0.40068929565731
"TMLHE",-0.401008001557544
"LINC02700",-0.40108919997048
"SCN5A",-0.401316138767466
"ACTBP9",-0.401419847273941
"SLC5A11",-0.401543762112927
"BMAL2-AS1",-0.401665328777555
"NCEH1",-0.401712243656482
"ADAMTS18",-0.402380254085028
"FAP",-0.40244349516839
"UGT2A3",-0.403294604817362
"EEF1A1P11",-0.403575998702976
"ZNF329",-0.403881178233949
"PACRG-AS1",-0.403891337330848
"TEX35",-0.404045237447902
"PRPF40B",-0.404047160617127
"KCNQ2",-0.404185231629404
"FGF5",-0.404195467931392
"SMOC2",-0.404195467931392
"CYP3A7",-0.404195467931392
"LINC00358",-0.404195467931392
"ZNF121",-0.404457622561415
"CYTOR",-0.40448789769098
"MLIP-AS1",-0.404538420283289
"RPS29P14",-0.40478680050058
"RPL7P59",-0.404909136442939
"AHI1-DT",-0.404945488167412
"NEURL1-AS1",-0.405033110168965
"AKR7A2",-0.405175174328204
"TCEAL7",-0.405647316663705
"HNRNPA1P74",-0.405683776367123
"PLS3",-0.406126197909266
"FAM91A1",-0.406766352415174
"LINC01271",-0.406775058318359
"GOLGA2",-0.407286214084002
"TAS2R13",-0.407583361638687
"NSG1",-0.408147540201009
"LINC02004",-0.408177453834575
"HAND1",-0.408319736582093
"MTND2P13",-0.408319736582093
"USP24",-0.40836263073398
"SEC11C",-0.408985024789663
"NAA11",-0.409254223423621
"SNRNP25",-0.409445209313524
"ATE1",-0.409675605663788
"TRAJ43",-0.409846431826878
"PLCH2",-0.409884737697978
"TMEM132B",-0.411602265279126
"EGR1",-0.411711649870195
"NAP1L1",-0.411759691131803
"CLCN6",-0.411766896687103
"KLRC3",-0.41186456790092
"CLEC5A",-0.412424616163805
"RPTN",-0.412704540405011
"ECRG4",-0.413409303523729
"SALL4",-0.4134999154045
"SLC9C2",-0.41354917902727
"POTEI",-0.413798519568933
"EPM2AIP1",-0.414015281210701
"TERF1P5",-0.414205247232421
"ADAMTSL4-AS1",-0.414389567407941
"VSTM2A-OT1",-0.414473080595512
"IGHV3-16",-0.414473354423135
"FAM161A",-0.414726556457655
"NEDD8",-0.414869284464952
"ZNF284",-0.41492445136308
"ZNF462",-0.415409318845556
"PRELID3BP3",-0.415441847984842
"TOMM7",-0.41550959981165
"HDGFL1",-0.415758685288997
"RPSAP13",-0.416181245615744
"SCN1A-AS1",-0.41664960021296
"HGF",-0.416753446354339
"SETSIP",-0.416893005310797
"PART1",-0.417134605050624
"KDM4C",-0.417465429928763
"RAB13",-0.417506079887851
"PCGEM1",-0.417709119491986
"ACTBP6",-0.417709119491986
"PPIG",-0.417728373761314
"CFI",-0.4179386996941
"EEF1A1P15",-0.418204868725516
"ACACA",-0.418834012230859
"LINC01807",-0.418905781911254
"RPL26P19",-0.418966085727481
"ADGRF5-AS1",-0.419150452356696
"HNRNPA1P18",-0.419804751702351
"WNT7B",-0.419987809607679
"GAN",-0.42009031314319
"WASHC5",-0.420740718542947
"TFCP2L1",-0.420851269676468
"GAD2",-0.420857776374725
"BTN3A2",-0.421482085315845
"LINC02639",-0.421642556179651
"VPS16",-0.421969791564702
"OPCML",-0.422048255670398
"HFE",-0.422309215238827
"OR8F1P",-0.422349159149469
"MIR4307HG",-0.422473734688857
"ZNF704",-0.422735666704364
"RNU6-209P",-0.422973962623701
"PCDHA6",-0.422973962623701
"ZNF839",-0.422993440695586
"LINC01646",-0.423067911465388
"RNU6-705P",-0.423076199688375
"MORC2",-0.423332879460656
"SLFN12L",-0.423463201478113
"PCDHGA8",-0.423940846719179
"TCP11L1",-0.424578632215663
"CREBBP",-0.424616513841179
"C1QTNF7-AS1",-0.4247341676465
"PTGES3P1",-0.424845352391845
"SRSF2",-0.425253215425282
"SNHG19",-0.425308089207615
"PPP3CA",-0.425487665595364
"AMFR",-0.425525539055648
"GALNT17",-0.425786599187229
"TMEM109-DT",-0.425809915684198
"MLIP",-0.426205317398386
"SNORA70G",-0.426387602172958
"LINC02269",-0.427057814385798
"LMF1-AS1",-0.42708813879561
"LINC02661",-0.427183143282179
"MIR3975",-0.427183143282179
"H3P11",-0.427426616174409
"COX7A2",-0.427508120186281
"AKAP17BP",-0.427617839512856
"PYGO1",-0.427790603167164
"SYNJ2BP",-0.427825054116404
"ANKRA2",-0.428054071967719
"RXYLT1",-0.428326665925972
"EPN2",-0.428576946835069
"MOSPD1",-0.429028461881851
"TJP1",-0.429124074573516
"RAB3GAP1",-0.429357686094018
"RHOQP2",-0.429464206727392
"GLRX2",-0.429559385418019
"EIF4EP5",-0.430506686795873
"MAGI1",-0.430876541349594
"MIR548S",-0.430973579950144
"ADGRD1",-0.431110651951079
"LINC02572",-0.431113712747631
"MTCO1P23",-0.431113712747631
"LINC00290",-0.431768039736294
"ZNF468",-0.431806800611998
"CCBE1",-0.431872027381658
"MIR3662",-0.432328692765036
"MRPL41",-0.433056031192407
"LINC01902",-0.433361459428521
"MDM2",-0.433794411380101
"MIA",-0.434087705217055
"CEP41",-0.434593444204099
"RPL7L1P14",-0.434973437361196
"COA5",-0.435208052386678
"HNF4G",-0.435511671986732
"LINC01340",-0.435556740758638
"ULK1",-0.435596140007927
"KRT41P",-0.43624638442781
"XRCC1",-0.436298774685398
"GATM",-0.436301671235452
"SMLR1",-0.436917644027608
"CAND2",-0.436962807202313
"EIF2AK3-DT",-0.436972893655424
"PEX5",-0.437125659943719
"DACT3-AS1",-0.437533801287347
"IGSF3P2",-0.437661775385663
"DAOA",-0.437661775385663
"WASHC2C",-0.437879235497144
"RNF19B",-0.43796709471036
"MTA1",-0.438151286653345
"TUBB4BP3",-0.438869939364335
"LINC02026",-0.439021445291149
"LINC01852",-0.439036843334383
"CHD6",-0.439394194947392
"NFIC",-0.440589982621645
"SELENOI",-0.440637402384357
"PPIP5K2",-0.441271388659833
"NDUFV2P1",-0.441342543132435
"RHCE",-0.441404719666424
"FTL",-0.441689024628591
"NUDT15",-0.441747579163806
"CELSR2",-0.441857800152052
"GLT1D1",-0.442751827261155
"IQCG",-0.442930139903906
"SPCS2P4",-0.443832997706991
"VDAC2P5",-0.443911515558356
"RN7SL531P",-0.444066093545963
"ZNF891",-0.444180788758064
"ARMC9",-0.444252326228628
"CACNB2",-0.445021995749739
"PPIAP31",-0.445145912938889
"KLRF1",-0.445821335605948
"LRAT",-0.446365691644565
"LINC02334",-0.446470517759931
"PTMAP12",-0.447604095357581
"RPGRIP1L",-0.447754853856637
"RNF141",-0.448229609131645
"PGM5-AS1",-0.448622497374132
"PPP2R5CP",-0.448954671939245
"GAPDHP26",-0.449551698303914
"KCNN1",-0.449606087020827
"OR4P4",-0.450192203488445
"FTH1P7",-0.450385799342217
"CEP78",-0.450724517573705
"ATP5PBP1",-0.450860934723953
"MYEF2",-0.45098731161979
"LINC02488",-0.45102284914509
"RPL3P9",-0.451078930525894
"LINC01491",-0.451209828974831
"COX4I1",-0.451799241725597
"LINC01331",-0.45183527702811
"BCL2L13",-0.451858683912081
"PIWIL4-AS1",-0.45201387660016
"ATP6V0B",-0.452889452428674
"TMX4",-0.452964231047374
"SS18",-0.452986701264304
"TSGA10IP",-0.45329995172969
"CASC9",-0.453357055890584
"CDC42-IT1",-0.453623012519776
"LINC01954",-0.453669742310423
"LINC02022",-0.453752470726069
"RNA5SP454",-0.453752470726069
"OR4A3P",-0.454655107543727
"KLHL35",-0.454729902508413
"HCG4P8",-0.454940742938446
"RPS2P5",-0.455060528908815
"LGALS1",-0.455132251156111
"TMPRSS11B",-0.455150968921095
"NCMAP-DT",-0.45609723086032
"FSHR",-0.456953086876872
"FUBP1",-0.457139782635931
"MARK3",-0.457690895020871
"MBOAT1",-0.458099674674465
"NIPAL3",-0.458201235325567
"RPL5P5",-0.458297923944295
"FLT3LG",-0.458827331126434
"DNAH10",-0.459261062944739
"MYH2",-0.459348480835182
"PRKAA2",-0.459491230028899
"FTH1P23",-0.459556046210753
"IYD",-0.45994989051492
"TPBG",-0.46002239764126
"CYP2C8",-0.460343416806454
"HSPA4L",-0.460703061884559
"RPLP0P12",-0.461097339621101
"LRRC37A9P",-0.462174151655704
"SART3",-0.462220436238516
"H3P36",-0.46279902562717
"RNF182",-0.462828732324336
"TTC3P1",-0.463016781089957
"RBM26",-0.463146659919843
"LINC02432",-0.46333851432545
"OSTCP1",-0.463449621208316
"ZNF26",-0.46352709143341
"LINC02123",-0.463630199498601
"BRWD3",-0.46400059624407
"OR52Y1P",-0.464038295441937
"RN7SL108P",-0.464038295441937
"KHDC4",-0.464829627907639
"DPY30",-0.465048849630852
"SP140L",-0.465649185561959
"RN7SL237P",-0.465944415765166
"LINC00906",-0.466329847553774
"POFUT2",-0.467158274462147
"HNRNPA1P13",-0.467256762093622
"PPIAP36",-0.467553524777282
"ANKRD2",-0.46769494225566
"LRRC37A17P",-0.468417153401684
"MIR3142HG",-0.468451029778204
"GSPT2",-0.468972775191349
"ITPRIP-AS1",-0.469164398166529
"ZNF582",-0.469184175284675
"ABCB7",-0.47003667259529
"ASH1L-AS1",-0.470436124350323
"PALB2",-0.470724524555851
"BARX2",-0.470785412828962
"PDSS1",-0.470874226366674
"MLLT3",-0.471127933340976
"NPM1P6",-0.471179227484361
"MIER1",-0.471235399789133
"RBM7P1",-0.471246817209173
"LINC02359",-0.47158456987883
"CHD2",-0.472151298619133
"RPS9",-0.472346120892579
"TDRG1",-0.472471737291231
"TMED10",-0.472950342380784
"MIPOL1",-0.472972042743253
"TRBJ1-2",-0.472981452188912
"MPHOSPH8",-0.47308477702275
"EIF4A1P10",-0.473443184925271
"MIR589",-0.473730086432215
"ACSM2A",-0.473762762767803
"ZNF677",-0.473832353305422
"SAMD9",-0.473947956582212
"LINC00114",-0.473976717728388
"ATAD5",-0.474219226169383
"CHMP7",-0.474582046718807
"CREB3L1",-0.475139388270059
"GK3",-0.475269945041424
"LARP1B",-0.475432079026135
"LINC02786",-0.476325854236555
"LCAT",-0.476475238610195
"IFRD1",-0.477062485678381
"SFTA3",-0.4772077617163
"OR52K1",-0.478089111676701
"ADCY10",-0.478432353795078
"NLRP11",-0.478469180120134
"FANCD2",-0.478771852786478
"OR7E84P",-0.478886956866162
"MTCO2P9",-0.480794882196868
"MTND5P30",-0.481156247387746
"FAM9B",-0.481156247387746
"RNA5SP259",-0.481156247387746
"NXPE2",-0.481156247387746
"MS4A3",-0.481156247387746
"CBY2",-0.481156247387746
"RPL7AP69",-0.481156247387746
"DIPK1B",-0.481400344287796
"PDLIM1P2",-0.481955562881978
"CHASERR",-0.482159489441055
"KDM8",-0.482195414601105
"MAPK6",-0.482457207700822
"YBX1P1",-0.482715311369047
"EEF1DP2",-0.483288238128415
"SCG5",-0.484050673552295
"TLE1P1",-0.484109204260667
"MAN2A2",-0.484151188020645
"NIPA2P2",-0.484233561326388
"CLUHP8",-0.484233561326388
"PAIP1P2",-0.484406858791271
"HEBP1",-0.484527834051263
"TLK1",-0.485576096670981
"TMEM71",-0.485819293184338
"PSG2",-0.485977402348803
"CEND1",-0.486493304521567
"KLC1-AS1",-0.486745597407614
"AR",-0.487389264553482
"DUX4L19",-0.487540646024236
"GHR",-0.487713235567767
"ZNF45-AS1",-0.48790747191915
"DSTNP3",-0.488610036443464
"PHF14",-0.488613686669777
"RPS20P14",-0.489183496943365
"DEPDC1B",-0.489530863363177
"EDEM1",-0.490112154739302
"RPS2P18",-0.490465212159308
"MRPS18C",-0.490540692191966
"SERTM2",-0.490815447851197
"EIF4BP7",-0.491172446548832
"VASH1",-0.491369202321534
"SULT1C3",-0.491488466096647
"MRPL52",-0.491580944855579
"PRECSIT",-0.491933591412442
"RPL22P2",-0.492904280995022
"TIMM13",-0.493390290819721
"TRIM37",-0.493431789361448
"VAX1",-0.493456999461145
"AKAP3",-0.493754038778872
"CCDC190",-0.493813818234933
"CYB5B",-0.494417057847634
"HEMGN",-0.494464385328487
"TBC1D22A",-0.495476301442265
"TUBAP2",-0.495975252286822
"PLAC8L1",-0.496069568983977
"CKMT1A",-0.496114217418009
"ZNF221",-0.496298874267792
"PRKCE",-0.496422272703906
"SPRY3",-0.497121426370659
"MTCO3P40",-0.497821085202195
"MTND4P15",-0.49795626164808
"NFYA",-0.498296352005057
"NIP7P3",-0.498769365201008
"ETNK1",-0.499224458112135
"NDUFC1",-0.499448396153937
"VN1R8P",-0.49961568496268
"JHY",-0.499803820912046
"AKAP14",-0.500268708651743
"RN7SL1",-0.500455221279167
"HNRNPKP3",-0.500548186597241
"TOP2B",-0.500598146798866
"CUL4AP1",-0.500895911816153
"MSL3P2",-0.501528132313302
"WDR64",-0.501832843844788
"SNAI2",-0.501897993356143
"HDAC9",-0.502037123562163
"DNAJC19P5",-0.502116163883948
"OR10Z1",-0.502427515495724
"MLXP1",-0.502427515495724
"LINC01338",-0.502427515495724
"COL20A1",-0.502754420069123
"KLF12",-0.503325474897518
"SNHG6",-0.503589084899847
"APEX1",-0.504376964450467
"PPP2CB",-0.506752165435961
"C1orf56",-0.50702453107861
"AGAP10P",-0.507071208176749
"ZNF512",-0.50719207682903
"TTC38",-0.507553098472191
"NYAP2",-0.508240772545448
"NAP1L1P1",-0.508755770697692
"PRH1",-0.508869290708103
"HNRNPA1P40",-0.510483505555586
"OR5A2",-0.51107028844158
"AKAP1-DT",-0.511537550731534
"CENPN-AS1",-0.511711454661882
"SNHG32",-0.511936008567695
"HAS2-AS1",-0.512572227013961
"ABCA13",-0.512744833033225
"COMMD2",-0.512890393642589
"RRP1B",-0.513386183429293
"KIDINS220",-0.513537670671354
"SH3BP2",-0.514700604641316
"PTTG1",-0.514949065562908
"MPP7",-0.515047842066002
"IGKV3-7",-0.51552726379365
"RPL21P98",-0.516241120220488
"PHB1P3",-0.516428755762113
"SSX2IPP1",-0.516428755762113
"IL17F",-0.516428755762113
"PPP1R17",-0.516428755762113
"FAM47B",-0.516428755762113
"GLUD1P9",-0.516428755762113
"KRTAP5-9",-0.516428755762113
"MIMT1",-0.516428755762113
"C10orf67",-0.516568752953552
"RPS3AP47",-0.516887238665846
"BTBD19",-0.517022929534341
"ZPLD1",-0.517119085597276
"STRIP2",-0.518400075764206
"TMPRSS7",-0.51908875069564
"NDUFAF2P1",-0.519225533628525
"LINC01365",-0.519690240661024
"CIBAR1-DT",-0.519745315194019
"GNRHR2P1",-0.519796190362989
"RPS26P59",-0.519820611485853
"FTH1P2",-0.520338190818745
"THSD4",-0.520555387533733
"HMGB1",-0.520853718608517
"ANKRD27",-0.520930001994701
"MIR548O",-0.521189367099099
"TMEM123-DT",-0.521200692263667
"TAF7L",-0.521925064304579
"EIF4E3",-0.523506482684487
"LINC02050",-0.523589651769276
"FAM157C",-0.523882135630617
"MIR1244-3",-0.52425253173065
"KCTD9P6",-0.524866013752848
"HSPE1P6",-0.525091767781102
"UBE2W",-0.525175132943945
"LINC03085",-0.525196106034181
"P4HA3-AS1",-0.525563987328587
"LINC01497",-0.52560630165964
"GPR153",-0.525735216590245
"PTRH1",-0.525917592877479
"CD34",-0.525942291686745
"ATP6V0A2",-0.526073017148356
"GRID1",-0.526127022791391
"TAB3",-0.526356488836745
"LRRTM2",-0.52691357755373
"DGUOK",-0.527640980238735
"HMGB1P8",-0.527880673299865
"NEPRO",-0.528603820561977
"ZNF766",-0.529017137851294
"ZNF568",-0.529184874407811
"ERC2-IT1",-0.529316018014989
"LINC02762",-0.529975191186833
"HTT-AS",-0.53034897803445
"SMARCA2",-0.531047156065853
"LINC02228",-0.531850120101979
"SRRM4",-0.532156527868795
"EYA3",-0.532507297528433
"CPSF4L",-0.533263787373471
"SRPX",-0.533753421756601
"EIF1P3",-0.534101805586694
"KLK11",-0.534664759475953
"TRAV13-1",-0.534803397126978
"PPIAP40",-0.534855248115025
"KRTAP10-4",-0.535157316363539
"RPS13P2",-0.535636887060424
"PRAMEF12",-0.535950984915656
"LINC01054",-0.535950984915656
"ITGAM",-0.536345251601846
"CLEC3A",-0.53675065497418
"NXPE1",-0.536955386619241
"DLGAP4-AS1",-0.537408766093742
"PTGFRN",-0.537414112472894
"ZFYVE1",-0.537674442036294
"CLCA4",-0.537913736069499
"PCDHB8",-0.538704988251885
"CYP51A1P3",-0.539047688313487
"GMNN",-0.53989419945453
"SNHG18",-0.54001135619066
"PRDX1",-0.540383730074071
"LNCTAM34A",-0.541058566665451
"OVOL2",-0.541396325682708
"RIT1",-0.541893517567804
"GNAS",-0.542455531679484
"MED13L",-0.542489670066783
"CCDC200",-0.542605462024796
"MAPK7",-0.542641965277062
"ZP4",-0.542996850887672
"OR7E59P",-0.543080891154436
"SYT17",-0.543661373161366
"MTND5P14",-0.543806135140058
"RN7SL487P",-0.543881655512897
"MIPEPP3",-0.544345958582923
"FASLG",-0.544359355329556
"ZNF417",-0.545293320105382
"MTNR1A",-0.545372072042472
"CCDC112",-0.546735696306247
"RPS2P41",-0.546825228791537
"ZNF556",-0.546976779443385
"TRPV5",-0.547022364666849
"GPATCH2L",-0.547553628878778
"PDCD6",-0.547767032716325
"OR14J1",-0.54777876863072
"OR5C1",-0.547854344543589
"GALNTL5",-0.548115504589508
"EEF1A1P9",-0.548681559666651
"ATP2A1-AS1",-0.548733566009592
"RNMT",-0.548865906553442
"ADAMTSL1",-0.549109202777148
"ERRFI1-DT",-0.550114165527473
"TMEM132A",-0.550505808725876
"EIF2S3",-0.550665095132384
"RPL7P13",-0.55154712013979
"ALDH1A3",-0.551981348467513
"CRNN",-0.552732992985614
"LINC01708",-0.553496141481689
"PRRT2",-0.55352407131803
"N4BP2L2",-0.553642451325801
"ZNF726",-0.554321744781814
"LUZP2",-0.554572872264989
"FRY-AS1",-0.554686672454595
"IGHJ2",-0.554903913409421
"SH3BP5",-0.554970235640242
"FAM151B-DT",-0.555374499226846
"TRPS1",-0.555739394957942
"FILIP1",-0.556065073116319
"IGKV3-15",-0.556302567887905
"ADAMTS5",-0.556598664909327
"MAN1C1",-0.557080665556011
"RPL12P36",-0.558372544862387
"KLHL31",-0.558487306813733
"WBP1L",-0.558814443341182
"BEND5",-0.558861853758791
"MIR4524B",-0.559073065509936
"CCDC18-AS1",-0.559370549811602
"ZNF132",-0.559400911836419
"PSMD14",-0.55993833639263
"EPDR1",-0.560223110824971
"TRNT1P1",-0.560239690140546
"SGO1P1",-0.560239690140546
"CORT",-0.560239690140546
"RNA5SP53",-0.560239690140546
"LRRIQ3",-0.560239690140546
"OR2AJ1",-0.560239690140546
"RNU6-999P",-0.560239690140546
"ARL5AP3",-0.560239690140546
"MYBPH",-0.560239690140546
"LRRC37A12P",-0.560239690140546
"PRAMEF8",-0.560239690140546
"HDAC1P2",-0.560239690140546
"LINC01780",-0.560239690140546
"LINC02770",-0.560239690140546
"MIR3659",-0.560239690140546
"RNU6-843P",-0.560239690140546
"RBISP5",-0.560239690140546
"RNU6-647P",-0.560239690140546
"C2orf73",-0.560239690140546
"SCYGR2",-0.560239690140546
"LINC01103",-0.560239690140546
"ARNILA",-0.560239690140546
"LINC01956",-0.560239690140546
"SI",-0.560239690140546
"CDK2AP1P1",-0.560239690140546
"PSAT1P4",-0.560239690140546
"RPL23AP40",-0.560239690140546
"PIK3CA-DT",-0.560239690140546
"PDZRN3-AS1",-0.560239690140546
"COX6A1P5",-0.560239690140546
"LINC01217",-0.560239690140546
"LINC02431",-0.560239690140546
"MIR4450",-0.560239690140546
"LINC02382",-0.560239690140546
"LINC02215",-0.560239690140546
"NAMPTP2",-0.560239690140546
"RPS15AP18",-0.560239690140546
"RN7SL378P",-0.560239690140546
"CSNK1A1P3",-0.560239690140546
"LINC01339",-0.560239690140546
"KRT18P38",-0.560239690140546
"MTHFD2P2",-0.560239690140546
"NUDT19P3",-0.560239690140546
"RNU6-897P",-0.560239690140546
"MCHR2-AS1",-0.560239690140546
"RN7SL748P",-0.560239690140546
"FEZF1",-0.560239690140546
"CACNA2D1-AS1",-0.560239690140546
"PAX4",-0.560239690140546
"HK2P1",-0.560239690140546
"PRPF4BP1",-0.560239690140546
"STK24P1",-0.560239690140546
"RN7SL712P",-0.560239690140546
"AKR7A2P2",-0.560239690140546
"FMR1NB",-0.560239690140546
"TEX13A",-0.560239690140546
"AURKBP1",-0.560239690140546
"RPS17P14",-0.560239690140546
"TCEA1P4",-0.560239690140546
"PHB1P7",-0.560239690140546
"NPAP1P4",-0.560239690140546
"RNU4-53P",-0.560239690140546
"PRDM12",-0.560239690140546
"RNU6-1082P",-0.560239690140546
"RPL3P11",-0.560239690140546
"OR4A7P",-0.560239690140546
"MRGPRX12P",-0.560239690140546
"OR5AM1P",-0.560239690140546
"TXNP1",-0.560239690140546
"NIP7P1",-0.560239690140546
"RPL7AP51",-0.560239690140546
"TMEM72",-0.560239690140546
"LINC02659",-0.560239690140546
"YPEL5P3",-0.560239690140546
"INHBC",-0.560239690140546
"TMEM119",-0.560239690140546
"TRHDE",-0.560239690140546
"TAS2R63P",-0.560239690140546
"SLCO1B3",-0.560239690140546
"LINC01309",-0.560239690140546
"POM121L13P",-0.560239690140546
"RNU6-7",-0.560239690140546
"CYB5AP3",-0.560239690140546
"PSMB7P1",-0.560239690140546
"MIR543",-0.560239690140546
"MIR889",-0.560239690140546
"COX7A2P1",-0.560239690140546
"HNRNPA1P5",-0.560239690140546
"RN7SKP76",-0.560239690140546
"PDILT",-0.560239690140546
"LINC02134",-0.560239690140546
"TMEM235",-0.560239690140546
"TBC1D3JP",-0.560239690140546
"CRHR1",-0.560239690140546
"AIPL1",-0.560239690140546
"LINC01975",-0.560239690140546
"MIR4744",-0.560239690140546
"HMGB3P2",-0.560239690140546
"DEFB124",-0.560239690140546
"LINC01751",-0.560239690140546
"OR7C2",-0.560239690140546
"KRT18P40",-0.560239690140546
"GPR32",-0.560239690140546
"CTBP2P7",-0.560239690140546
"RNU7-140P",-0.560239690140546
"ATCAY",-0.560239690140546
"SLC9A3P2",-0.560239690140546
"LINC02891",-0.560239690140546
"RNU6-859P",-0.560239690140546
"FBXW11P1",-0.560239690140546
"RPS26P5",-0.560239690140546
"DRC7",-0.560262639289569
"LINC00398",-0.561078524810796
"CHAMP1",-0.561231247997266
"MED30",-0.561317040822288
"SMO",-0.561399769758321
"LINC02290",-0.562291169150106
"ARHGEF10L",-0.562355729659829
"SSUH2",-0.562409739585644
"COL28A1",-0.562471882547107
"CCNH",-0.562738018530092
"F7",-0.563099798752874
"OSER1",-0.563199519975065
"AIF1L",-0.564282564976876
"BTD",-0.564389449792864
"CKB",-0.5646532637875
"HELZ2",-0.565196752532326
"LSM2P1",-0.565406001889041
"NUF2",-0.565457820942699
"LINC01498",-0.565933309114471
"CACYBP",-0.566377787802519
"CCDC187",-0.566949938371908
"WNT2B",-0.566950051878276
"PRIMPOL",-0.567403326133383
"DSC1",-0.568426794798036
"ITGA9-AS1",-0.56860551147991
"UBBP1",-0.568960637309828
"HNRNPA1P34",-0.56922439840028
"TOR1AIP2",-0.569285987517948
"SNHG29",-0.569576494817321
"C14orf180",-0.569608202569059
"NANOGP7",-0.56995218544387
"RPL9",-0.570750495203233
"RPS6P22",-0.570880642763776
"LINC02779",-0.570978918987095
"SEMA6D",-0.571732056863954
"TRGV2",-0.571774189028992
"DEFA7P",-0.573391794676719
"MIR9-3HG",-0.573510809804092
"SCN10A",-0.57358688147328
"MACROD2",-0.57384101766707
"CACUL1",-0.574191859908347
"RNU6-106P",-0.574281368701737
"METTL1P1",-0.574294849852452
"C12orf42",-0.575074826409772
"NES",-0.575460110449851
"CHP1",-0.576247805411233
"LINC02894",-0.57682052907964
"NKAPL",-0.577101931547154
"LINC01674",-0.577125929556125
"LINC01460",-0.577392366552021
"LINC01099",-0.577898796416009
"ABCC9",-0.578117380638761
"CNOT6L",-0.578497536565653
"USF1P1",-0.578577682363383
"ANXA10",-0.578731261263201
"LINC01908",-0.579104475595561
"CRYGN",-0.579295742033825
"KCNH6",-0.579321174827845
"ZSWIM5P3",-0.579330880035918
"C19orf33",-0.579412256199226
"FAU",-0.579430209049739
"PRKXP1",-0.579608876049406
"CLUHP11",-0.579690669813588
"PRKN",-0.579946928274241
"WNT2",-0.579998037570344
"CUL4B",-0.581730798797118
"MIR3679",-0.582577050382139
"PIN4P1",-0.583145111067973
"PNPLA1",-0.583209505511419
"KIAA1586",-0.583290541540156
"NPTX1",-0.583291863512549
"CFAP61",-0.584491878303399
"CIR1",-0.584831932905022
"EBP",-0.584911790863227
"ZNF608",-0.585194128608992
"EOGT-DT",-0.585396586477461
"CLEC2A",-0.585617581030867
"ISG15",-0.58593093560959
"ANKRD40CL",-0.585974422506583
"CHST10",-0.586253527240808
"RAP1BP2",-0.586637485251419
"LINC02951",-0.58754467348801
"CCDC82",-0.588034834820487
"KCNE4",-0.589251505105429
"LINC00467",-0.59022685223071
"LINC03066",-0.590333810979958
"BLACAT1",-0.590643310045258
"KRT72",-0.590774027243093
"SCP2D1-AS1",-0.590889683189124
"ZSWIM5P1",-0.590914675234815
"KIF5C",-0.59094420293875
"SLC35E4",-0.591279601672374
"ST18",-0.591293091624942
"CCDC110",-0.59199735777145
"STK19",-0.592576631417621
"CNST",-0.592873879121657
"SOX2-OT",-0.592887018644761
"KCTD9P2",-0.593476960183648
"TRMU",-0.593840785586315
"LINC01425",-0.594091424047859
"MRPS6",-0.594647661072965
"ZBTB10",-0.594672921200205
"RPS3",-0.595177947485443
"LINC02587",-0.595428268730414
"INE1",-0.59737114650148
"OR10H1",-0.597460581482323
"LINC01254",-0.59896774567315
"TMEM263",-0.59911756174254
"MS4A12",-0.599396157832256
"MMP24",-0.599564988863137
"SLC8A2",-0.599806860227667
"EIF1P7",-0.600752601959222
"CFAP46",-0.600826819805328
"TRAV8-3",-0.601010797454549
"TFB2MP1",-0.601579958314535
"TRBJ1-4",-0.601614700025957
"EIF3FP3",-0.601778719448174
"IQSEC2",-0.602409142483364
"ZNF594",-0.602509916692427
"C1QTNF2",-0.6032024846337
"PHF3",-0.603700317430655
"RNU6-1251P",-0.603775053721185
"PLK5",-0.603830958749084
"RCOR3",-0.604247465005181
"VN2R1P",-0.604278704336137
"OR2F2",-0.604278704336137
"ATP5F1AP4",-0.605527871552411
"KRT125P",-0.606423788027896
"DEFB121",-0.606445380577653
"PARLP2",-0.606594712965306
"TBKBP1",-0.606782630634241
"RPL15P9",-0.607065782690894
"THUMPD3-AS1",-0.607604064631386
"ACOT6",-0.607956821899532
"RAD21",-0.608128326210467
"TRMT61B",-0.608283719928962
"CEP19",-0.608326769361949
"TAAR1",-0.608547249518477
"H2AZ1",-0.608985541532412
"CPB1",-0.608989052146138
"AJAP1",-0.609340768734415
"LINC02873",-0.610028947035363
"KCTD9P3",-0.610592729641962
"CCT6A",-0.610806706669586
"ANKRD31",-0.61206610639016
"FAM106A",-0.612311389204112
"GPR146",-0.612413035851183
"MIR16-2",-0.613375459362335
"TDRD5",-0.613460677115622
"ARMC1",-0.613502086377834
"LINC02321",-0.61420165323474
"MARK2P11",-0.614412466855096
"RB1CC1",-0.614829111431206
"PI15",-0.615014188898057
"PPDPFL",-0.616858907067939
"FEN1P1",-0.617011112013274
"LINC02607",-0.617011112013274
"RPS16P3",-0.617011112013274
"MED15P8",-0.617011112013274
"LINC02562",-0.617011112013274
"MIR548F3",-0.617011112013274
"SLC25A6P6",-0.617011112013274
"RPS6P7",-0.617011112013274
"NCKAP1P1",-0.617011112013274
"MIR3927",-0.617011112013274
"OR5AP1P",-0.617011112013274
"RPS17P15",-0.617011112013274
"LINC02386",-0.617011112013274
"GJA3",-0.617011112013274
"PWRN2",-0.617011112013274
"LINC02188",-0.617011112013274
"PMM2P2",-0.617011112013274
"SYNDIG1",-0.617011112013274
"PSG9",-0.617011112013274
"LINC02514",-0.617520930355842
"EPS15L1",-0.61754284929777
"RNA5SP510",-0.618347583211538
"RNU6-375P",-0.618347583211538
"MAP3K15",-0.618557132968508
"H3P16",-0.618688011925488
"TTLL4",-0.619275291313884
"MOB1A",-0.61966864492879
"XGY2",-0.619828681939257
"EEF1B2",-0.620139515337547
"BCAN-AS2",-0.620442765415226
"ZFHX3",-0.620808016031961
"GDPGP1",-0.621097899054362
"EEDP1",-0.621808925562264
"ONECUT1",-0.621808925562264
"POTEC",-0.621808925562264
"ABHD17AP6",-0.621821413967507
"PTPRQ",-0.621824016986535
"ATP6V1FP1",-0.622052178742445
"DNAH6",-0.622124204041118
"WDR70",-0.622601770047158
"COA6",-0.622845900744691
"TRIM52-AS1",-0.624289509045393
"ZFPM2-AS1",-0.624461795435987
"LINC02331",-0.624461795435987
"RPL36AP37",-0.624911546838702
"RHEX",-0.624918508682854
"GDPD4",-0.62518060150886
"LINC02274",-0.625766191398431
"PSLNR",-0.625766191398431
"LINC01750",-0.626653651630824
"FANCD2P2",-0.626752927543221
"WDR73",-0.627486410447713
"RPL4P4",-0.627821628146308
"SLC2A14",-0.627857095884867
"LINC02249",-0.628257322878081
"DERA",-0.628520349888068
"B3GALT1-AS1",-0.62946765900336
"LINC00326",-0.630106462605009
"HERC4",-0.630193611170603
"RPL19",-0.630319489887322
"RPL17P50",-0.631324256824422
"FUCA1",-0.631789005961999
"CNTNAP5",-0.63180627773493
"PMP2",-0.63192287676393
"LINC01895",-0.63228867827997
"OR2J2",-0.633670572585592
"NCOA3",-0.633761238680849
"LINC02575",-0.636064620597219
"TSPAN18",-0.636542552002296
"HOXA5",-0.637153817910035
"HSPA2",-0.637165393558925
"TRAJ7",-0.637740129218925
"FBLIM1",-0.637791056420174
"PI16",-0.639238154850333
"GDF5-AS1",-0.639361705851066
"CPO",-0.639804377640857
"PRKG2",-0.640380134658971
"HSPD1P8",-0.640595501952303
"HJV",-0.640798719936475
"SMSP1",-0.640798719936475
"LRTM2",-0.640798719936475
"SSTR4",-0.640798719936475
"BCAS1",-0.640965288318717
"OLFML2A",-0.64126364919672
"MIR4668",-0.641398332606924
"CLCA1",-0.641581227098748
"SDR42E2",-0.641647630975606
"RPS27AP5",-0.641984017823821
"TEX22",-0.642307034619577
"ADNP",-0.642981618886844
"GARS1-DT",-0.643737897962213
"FTO",-0.644257932284608
"BNIP5",-0.644476000652201
"LINS1",-0.644838515505501
"CAMK2G",-0.645134188628561
"TTC12-DT",-0.646952136481089
"FBXL8",-0.647126126347567
"MRPL33",-0.647252796333606
"ITSN1",-0.647704692852947
"KRT23",-0.6486537584468
"SIDT1-AS1",-0.649179406231237
"IFT52",-0.649674737752492
"EMC4",-0.650243981613912
"MIR4527",-0.650497139407909
"PGR",-0.650808806783593
"CACNA2D1",-0.65137938855406
"HCRT",-0.652147214045891
"MEIOC",-0.653154986922471
"SPG7",-0.654093100539564
"SCLT1",-0.65452180016599
"GUCY2F",-0.654671307230219
"PGAP4",-0.655523034518977
"FFAR4",-0.655811063165537
"FRZB",-0.655912524655526
"RASGEF1B",-0.656396996124323
"ZFP2",-0.656606231408798
"RNU1-4",-0.658202933559564
"KIAA1671",-0.65847334854418
"USP22",-0.658874012142718
"MRFAP1L1",-0.659447642424506
"ATXN2",-0.659573800534626
"CFAP157",-0.659662802625867
"TRIM26BP",-0.660458473281401
"RNA5SP480",-0.660458473281401
"ZNF132-DT",-0.660690178518367
"EIF3LP1",-0.660871937434832
"IGHV3OR16-17",-0.660871937434832
"OR52I2",-0.661127752633088
"PPP1R14BP3",-0.661722909342535
"SYNPO",-0.662212690508686
"ZNF34",-0.662774630596782
"ABHD18",-0.663024367886105
"LINC00460",-0.66325132343526
"GABRA6",-0.663311296012515
"TCP1P1",-0.663358365035402
"H3-3B",-0.663646352753704
"CAST",-0.66366518396249
"TTLL10",-0.663709799816383
"MIR648",-0.663914777761876
"GABBR2",-0.664771579261569
"FAIM",-0.665089672770988
"PDE4DIPP2",-0.665172421645159
"AEBP1",-0.66559073480701
"TSPAN7",-0.667469055605092
"NUP50P1",-0.669112144040134
"APOOP4",-0.669194689418668
"IL13RA2",-0.669194689418668
"RXYLT1-AS1",-0.669309573413729
"MIR320C1",-0.669582937521815
"RACGAP1P1",-0.669819389819748
"CLDN3",-0.670444411487097
"LIPT1",-0.671258599383234
"LYPD6",-0.671272287176823
"B3GALNT1P1",-0.671332830208387
"MDC1-AS1",-0.671614583484005
"LINC02226",-0.671909724882827
"PACRG-AS3",-0.67263128000092
"GSTM3",-0.672673509940768
"MYL1",-0.673751169905953
"BEX5",-0.674248432478906
"TMCC1-DT",-0.674796453128481
"OSBPL9P1",-0.675578777293907
"YJEFN3",-0.676050094791655
"FLRT2",-0.676505864581809
"MTND5P8",-0.676928326448912
"SRSF6",-0.677988839476294
"VDAC1P11",-0.678184750564705
"LINC01555",-0.679872427847608
"GPR68",-0.680245754752459
"CDC42P2",-0.680727702621542
"CFAP221",-0.680850001506712
"RHOQ-AS1",-0.680867393581591
"ACTN2",-0.681519374923581
"TRIM40",-0.682107016840053
"HOXA-AS3",-0.682265346955893
"COX7A2P2",-0.682344472352545
"IGF2BP2",-0.682465889944199
"ZNF512B",-0.682717614323086
"SIN3A",-0.682988814085846
"ERICH5",-0.68323097515048
"C10orf95-AS1",-0.683252920703379
"DONSON",-0.684412723481675
"LINC02183",-0.684825308298062
"OR13A1",-0.685226594850122
"LINC01353",-0.685375342537578
"COMMD6",-0.685386276248198
"TRGJ1",-0.68553628749352
"TRAJ41",-0.68560602532947
"SLC25A51P3",-0.685826092126526
"UXT-AS1",-0.686017188371481
"ACOT11",-0.686493754824634
"ALKBH2",-0.687902202249538
"NCALD",-0.6879387721488
"DHPS",-0.688123114311261
"SEMA3C",-0.68960082358897
"POTEE",-0.68965687212619
"TEX11",-0.689833052980146
"CBX3P5",-0.690372501607909
"SEMA6C",-0.69042456894965
"PIK3R2",-0.690763083657133
"RPL35",-0.690835647459292
"RNU4-2",-0.691789136841033
"KATNAL2",-0.691826567412566
"LINC02532",-0.692060822249183
"AQP4",-0.692531173864305
"PCLAF",-0.692709826021599
"DGUOK-AS1",-0.692949023154539
"SYT9",-0.693275638744148
"RHOJ",-0.693378074671925
"IRS1",-0.693563669935684
"PDS5B",-0.69377302868016
"TMEM269-DT",-0.693973722508638
"PPFIA1",-0.69432001766088
"RELL1",-0.694392948923072
"HTR2A",-0.694872157754621
"HNRNPA1P15",-0.695471374042933
"COP1P1",-0.695708603855192
"ARHGAP29-AS1",-0.695820578960121
"NRSN2",-0.696222566292103
"RNU6-937P",-0.69659153569974
"RPL6P24",-0.697169954890399
"DHX32",-0.697284110852542
"RNU7-41P",-0.697419568547343
"CHDH",-0.697626349357296
"EIF4A2P2",-0.697793310630881
"SYPL1P1",-0.698312803752845
"ATP5PB",-0.698677530135402
"MRPL46",-0.699527561893331
"CHCHD2P6",-0.699610249248204
"OR51B5",-0.699877968909739
"RN7SL863P",-0.700123014585118
"EIF2S2P5",-0.701247519161046
"C11orf42",-0.701416040341728
"TSEN2P1",-0.701774487943959
"DUTP5",-0.701774487943959
"CCSER2P1",-0.701774487943959
"BROX",-0.702290929689702
"BTBD18",-0.702319950247102
"NRN1",-0.703311352680945
"TMEM81",-0.703772776992665
"EDNRB-AS1",-0.703883725298117
"C1orf21-DT",-0.703891588265519
"SORCS3",-0.704225984793113
"PRADC1P1",-0.70559549574798
"H2BC17",-0.705865026875415
"DCDC1",-0.706292562433613
"RPL23AP59",-0.706663701387525
"ADIPOQ",-0.706942631123728
"ELF1",-0.707752988964942
"ANKRD39",-0.707804436434613
"DDX53",-0.708119732603255
"KCNQ5-DT",-0.709146667743588
"TMEM63C",-0.709513664051611
"BNIP3P10",-0.709638336326246
"APTX",-0.710216592792903
"PAFAH1B2",-0.710236755730064
"RPS27P29",-0.710330662032191
"ZNF670-ZNF695",-0.710352838803259
"COL4A2-AS2",-0.711475397670654
"MYH1",-0.711631707383419
"CUTC",-0.712064007387392
"LINC00456",-0.713177707248723
"JRK",-0.713568608702323
"OSCAR",-0.713884193576442
"TECTB",-0.714388869981434
"LINC00927",-0.714705622313167
"ANO3",-0.714719216490704
"HSPE1P2",-0.7147854462432
"RPS15P4",-0.715326074964963
"IQCM",-0.71557688855573
"DHX35",-0.71584734707558
"SGCB",-0.716610436021674
"LINC01721",-0.716797975545828
"SLC35D1",-0.716994076417655
"RPL21P68",-0.71728887930701
"BCAM",-0.717843777599458
"PCGF3-AS1",-0.718505777442335
"MAP3K20",-0.719199201780995
"CGAS",-0.719994724042792
"ABRACL",-0.721847084518668
"LINC01426",-0.721902402282037
"NAA50",-0.722460367191415
"RNU6-60P",-0.723062266995534
"SELENOH",-0.723399095482424
"CHL1-AS2",-0.723422598123417
"ZFPM1",-0.72388855311112
"LINC02089",-0.724304902399667
"GIMAP4",-0.724808675756005
"LINC00624",-0.725095426022428
"ARRDC3",-0.72555375701555
"OR4D9",-0.725677046417601
"AFM",-0.726297197962574
"KRT18P54",-0.726433883023624
"ZNF70",-0.72659552293938
"PPIAP47",-0.727649841702143
"RNU6-645P",-0.728510134231669
"ST3GAL3",-0.728717174092963
"DUT",-0.729498060815424
"ARHGEF19",-0.729592892302918
"KIR2DS4",-0.729684751268976
"LINC01709",-0.729886094082235
"ASS1P4",-0.729894507543828
"ZNF705B",-0.729894507543828
"TNRC6A",-0.730315577659761
"ZNF438",-0.73121676711315
"C19orf81",-0.732375853758305
"RPL5P24",-0.733302480917681
"GRIA3",-0.733645216542548
"CCNA1",-0.73481337414248
"MLLT10",-0.735041952510542
"RPL6P14",-0.735761632822732
"TICRR",-0.735761632822732
"FAM76A",-0.736285250534383
"VPS9D1-AS1",-0.736381184156882
"ZNF527",-0.73684771451708
"EPHB3",-0.737317044560121
"PCBP2",-0.737353960656136
"RPL23AP42",-0.737500527632262
"RBM4",-0.73783666202835
"S100A11",-0.738559141516999
"CAPZA1",-0.738912489885493
"SLC13A2",-0.739034559092236
"ELOB",-0.739116241139532
"LINC02821",-0.739544281200341
"LINC01810",-0.739638208947884
"OR2A13P",-0.740374819596344
"NDUFA4",-0.740445122117795
"TBC1D3P3",-0.740783915906273
"ZRANB1",-0.740991381869123
"SNHG3",-0.742220908073261
"FAT3",-0.742341178657794
"TMEM107",-0.742578339634228
"SET",-0.742931362728169
"RPL21P52",-0.743332117372773
"XCL1",-0.744098385813745
"TCTN2",-0.744275328519318
"SPCS2",-0.745339408768685
"PRKCG",-0.745345766490903
"PECR",-0.745673574461028
"FAM20B",-0.747904855948805
"SLC25A37",-0.747948958146195
"CCDC14",-0.748088256383901
"ITGB3",-0.74871583205471
"LINC02196",-0.749453475215507
"U2AF1L4",-0.74986066513929
"HEBP2P1",-0.750029992483398
"MRPL53",-0.751175846860453
"COX6B1",-0.75192660644357
"LINC01822",-0.75195952917397
"TUBAP14",-0.752852649131435
"TRAV19",-0.752869151135119
"ZNF84-DT",-0.752890849156705
"ADAM2",-0.752944333198957
"DCP1B",-0.752981485396091
"TRIM63",-0.753367126002604
"CD200",-0.753645326919484
"BOLL",-0.754158929939287
"GCNT4",-0.754531013969327
"LINC00879",-0.754711437869497
"LINC01312",-0.754711437869497
"FAM167A-AS1",-0.754711437869497
"ADAM7-AS2",-0.754711437869497
"MYO18B",-0.755383970465766
"MUC21",-0.757586231973258
"ELAVL4",-0.758278168984518
"PTMAP2",-0.759525780705411
"C12orf54",-0.75964375440057
"ELOCP19",-0.760100261826479
"ANAPC15",-0.760836935827658
"THRB",-0.761495979310517
"NDUFB6",-0.761647824521859
"LAP3P2",-0.762544007514114
"SNTB1",-0.763596822378887
"CLN6",-0.763960983387553
"MIR3924",-0.764506188358476
"ATP5MC1P7",-0.76534546046695
"ZNF407",-0.765434811578383
"RNU7-19P",-0.766328795987591
"SLX1A",-0.766557400066429
"HADH",-0.767560885525285
"RPS6KL1",-0.767662311774631
"KITLG",-0.767740547421768
"SAT1",-0.767975124178987
"ZSWIM4",-0.769478337001051
"PKD1L1",-0.769607886918507
"OR2M3",-0.770029287145079
"PCDHGB7",-0.770029287145079
"RPL31P24",-0.770112430422769
"ENPP3",-0.770314562139197
"TTC23",-0.770927532551588
"RPS15AP11",-0.770958344592639
"RN7SL383P",-0.771408052976701
"SLC26A5",-0.772243834020497
"SLC25A5P7",-0.772588041101507
"PRKAA1",-0.77263155162527
"SEPTIN7P8",-0.772681470497923
"ZMYM4-AS1",-0.772800184950153
"CIAO1",-0.775508945891418
"OSGEPL1",-0.776234808277849
"MIR4293",-0.776401709693604
"LHFPL5",-0.776701732889294
"RAPGEF5",-0.777072713804326
"LINC00400",-0.77719492875325
"UBE2V1P1",-0.777207557130565
"SLC52A1",-0.778451663888863
"CYP4B1",-0.778607772739588
"BPIFB3",-0.778813610945961
"FAM177A1P1",-0.779434146342218
"COPS3",-0.779788793307399
"SNORD121A",-0.78021467832061
"PDE8A",-0.780341386927741
"RNU6-514P",-0.780838743316172
"SLC25A40",-0.780998286103311
"TECTA",-0.781119492831209
"ATP8A2",-0.781490547261638
"VGLL1",-0.782081283281375
"RALGPS1",-0.782341510267976
"PAPOLA-DT",-0.782607046510222
"LINC02337",-0.783327389218339
"LINC01549",-0.784242706739769
"SCN9A",-0.784495828081888
"SMIM7",-0.784721566605842
"ZNF827",-0.785438585567755
"PPFIA2",-0.78563004668477
"FAM242B",-0.785687101228413
"AKR1C1",-0.785720175384023
"PCM1",-0.786101370367213
"FAM72D",-0.78638430856756
"SALL4P2",-0.786594031583761
"MESP1",-0.786948508415367
"ZNF117",-0.787422432854635
"RRP15",-0.787795950528346
"MESTP2",-0.78822303482104
"SNORA11",-0.78867206136855
"RPSAP19",-0.7903150017804
"DHRS3",-0.790688461017703
"OGT",-0.791377655761534
"DUX4L9",-0.79153436953574
"LINC02180",-0.792817521305157
"ADCY8",-0.793218277355331
"ZNF849P",-0.794253400480219
"TMOD2",-0.795033090197467
"RFTN2",-0.796301480722504
"KIF5C-AS1",-0.796518722621608
"SEC62",-0.796610530624872
"ATG7",-0.797791759565386
"CHAT",-0.797958847276559
"JMJD1C-AS1",-0.798207239362207
"REG1B",-0.798281506125934
"PLPPR1",-0.798523147598821
"POLR3DP1",-0.7985501151028
"KIAA1549",-0.799096313872663
"MANSC1",-0.799148561704688
"RBM44",-0.799284312413611
"QPCT",-0.799952926679543
"GRPEL2-AS1",-0.800114018841892
"H2AC20",-0.800319053506383
"LINC02512",-0.800425452371672
"ZNF708",-0.801455482655293
"RPS10P28",-0.801679481117688
"RBM26-AS1",-0.801738397120758
"MYOCD",-0.803642957413876
"FCGR3B",-0.804040709594509
"OR2A12",-0.805108857873456
"TSPAN6",-0.805387254637609
"FAM107A",-0.805451796672455
"REM1",-0.805451796672455
"BMERB1",-0.805580485657775
"TOP3BP1",-0.8059855690026
"PTPN23-DT",-0.806331876925791
"LINC02200",-0.806357028480581
"RPL18AP16",-0.807447457379362
"MT-TW",-0.807558845983574
"LINC01607",-0.807747724133454
"EIF2AK3",-0.807894381998497
"RNU6-862P",-0.807896654683001
"HMGB1P45",-0.808064471221774
"OR2L6P",-0.808064471221774
"RNU6-991P",-0.808064471221774
"SAMD13",-0.808064471221774
"OR2T8",-0.808064471221774
"FOXO6",-0.808064471221774
"PGBP",-0.808064471221774
"HES3",-0.808064471221774
"RN7SKP291",-0.808064471221774
"LINC02790",-0.808064471221774
"LINC01776",-0.808064471221774
"RPL36AP14",-0.808064471221774
"ELOBP3",-0.808064471221774
"MTND1P29",-0.808064471221774
"C2orf80",-0.808064471221774
"RNU6-512P",-0.808064471221774
"SCARNA6",-0.808064471221774
"LINC01868",-0.808064471221774
"GAPDHP47",-0.808064471221774
"CFAP91",-0.808064471221774
"CARMIL2P1",-0.808064471221774
"ZNF385D-AS2",-0.808064471221774
"LINC00636",-0.808064471221774
"OTOP1",-0.808064471221774
"TAF11L13",-0.808064471221774
"MTHFD2P6",-0.808064471221774
"RPSAP72",-0.808064471221774
"SNORD28B",-0.808064471221774
"MIR7853",-0.808064471221774
"PPIAP93",-0.808064471221774
"TUBB4BP8",-0.808064471221774
"GAPDHP77",-0.808064471221774
"RPL21P133",-0.808064471221774
"RPL7P53",-0.808064471221774
"ZNHIT1P1",-0.808064471221774
"MIR3151",-0.808064471221774
"TMEM215",-0.808064471221774
"OBP2A",-0.808064471221774
"KCNA4",-0.808064471221774
"MTCO1P15",-0.808064471221774
"OOSP4A",-0.808064471221774
"LINC02689",-0.808064471221774
"NKX2-3",-0.808064471221774
"RN7SL69P",-0.808064471221774
"ATP8A2P3",-0.808064471221774
"RNF212B",-0.808064471221774
"ATP10A-DT",-0.808064471221774
"COX6CP16",-0.808064471221774
"KRT33A",-0.808064471221774
"LINC01429",-0.808064471221774
"COX4I2",-0.808064471221774
"LINC01433",-0.808064471221774
"OR10H3",-0.808064471221774
"KLK6",-0.808064471221774
"CBLC",-0.808064471221774
"SLC5A4",-0.808064471221774
"IGLVIVOR22-1",-0.808064471221774
"IL9RP6",-0.808064471221774
"KRTAP19-8",-0.808064471221774
"HNRNPA1P57",-0.808528391753533
"EEF1A1P16",-0.808545433636086
"SYCP1",-0.809316158432738
"NPM1P39",-0.809321866745276
"MED10",-0.809530593048573
"MIR4312",-0.809576219505215
"KANK1",-0.809810662740302
"LINC02582",-0.810652269205924
"DEPTOR",-0.810737476435254
"LINC03100",-0.811452857565436
"NLRP7",-0.8118157313521
"RPL3P12",-0.812975048531569
"IGF1R",-0.815128204185937
"ROMO1",-0.815134333965095
"LINC02880",-0.816055891019002
"OR1S2",-0.816646476594457
"LINC00437",-0.816855036264355
"TMEM255A",-0.817772920351134
"CNEP1R1",-0.818578261850435
"RNA5SP371",-0.819052190587372
"PLCZ1",-0.821004033248655
"LINC02660",-0.821009516799334
"FHIP1A",-0.821606270641901
"CASK",-0.822467040329173
"SLC25A28-DT",-0.824228147985865
"LINC03046",-0.825730719041101
"DNAH2",-0.826154479502744
"LINC01798",-0.826612016903023
"TBC1D8B",-0.826992603583866
"CENPM",-0.827925409370205
"RNF19A",-0.828040451102041
"NOP10",-0.828210327469582
"DDX25",-0.829327852562013
"MAF",-0.82937620308776
"SLC45A1",-0.830662960659634
"KRT73-AS1",-0.832434399739283
"ZBED5-AS1",-0.832667868354061
"SFTPA1",-0.832835585569566
"BTNL8",-0.833219119314015
"SRRM1P3",-0.833448226304432
"DAZL",-0.833743520952797
"UHRF2",-0.833792610823013
"MSANTD7",-0.834181844119713
"RAI1",-0.835462792159987
"SEC14L6",-0.836982359239432
"PRPF18",-0.837943555959572
"RNU4-40P",-0.838384326693623
"NGF-AS1",-0.838928785830742
"NUCB2",-0.839801113103678
"NDUFA4P1",-0.841160519261722
"LINC00861",-0.843245772429084
"KRT75",-0.843315328383468
"PNMA5",-0.844588212847936
"BBIP1",-0.845387723376467
"ASTN2-AS1",-0.845568906391547
"MIR3667",-0.845818173246483
"TFF3",-0.845853487382402
"B3GAT1-DT",-0.846069887433672
"MIR570",-0.8468451404657
"HNRNPA3P5",-0.848443807674952
"LINC02412",-0.84906236278212
"RNY4P6",-0.849467404446743
"FBXO46",-0.850181707967132
"LDB3",-0.850283062215224
"ZNF547",-0.850329174568219
"RPL8P3",-0.850895511457385
"RPL18P10",-0.851615744713416
"MSRA",-0.852238331392221
"FGB",-0.852366823719322
"CTAGE6",-0.852938977970147
"TXNL4B",-0.853784089071641
"LINC01779",-0.855481333861197
"SCARNA8",-0.855938659736858
"SLC8A3",-0.856413979611743
"MCIDAS",-0.857206066807465
"SPACA1",-0.85779583260577
"HSPA5P1",-0.857818219661479
"UGCG",-0.859084531697864
"LY6S-AS1",-0.859279770399054
"IZUMO3",-0.85984216272176
"LINC02901",-0.861123690630835
"LINC01520",-0.861630315227695
"RASEF",-0.861921052006376
"USP12-AS1",-0.862318280954059
"NOC2LP1",-0.862744176698186
"HEY2",-0.86322696665926
"H2AZ2-DT",-0.863789953287257
"HBA1",-0.865678669003557
"LINC00882",-0.865780781114116
"HSD11B1L",-0.866182550152473
"PRKD1",-0.866288221451816
"PFDN2",-0.866725062645551
"LINC01512",-0.868171694147835
"LINC01065",-0.868171694147835
"DSCR4",-0.868171694147835
"FSIP2LP",-0.869341477017269
"PPP1R21",-0.872519518577728
"ITCH",-0.872533097892518
"LINC02352",-0.872725422349012
"ACTR3BP2",-0.872759545823994
"MIR4427",-0.872805854145884
"TSR2",-0.872983810160294
"SNORA7B",-0.873508081721654
"OR8B12",-0.874501836396996
"SPSB4",-0.87516994376081
"RNASEH2B-AS1",-0.876349282168945
"OXA1L-DT",-0.876795987966776
"C9",-0.87723701372914
"EEF1A1P33",-0.877891424287884
"HOXA-AS2",-0.87874709113777
"THSD7A",-0.879167982095419
"MDM4",-0.879379574949403
"CAPN3",-0.881125961686246
"NPM1P12",-0.881148753511632
"B4GALT3",-0.881929587511401
"ZNF680",-0.881975500585424
"DBNDD2",-0.882237677157282
"RPL4P2",-0.882994184594015
"SSBP3P6",-0.883146838208058
"DLX6-AS1",-0.883146838208058
"PRXL2C",-0.883166931647385
"PCAT4",-0.883506432206345
"PTMAP11",-0.885016234580356
"CKAP2",-0.885900931761485
"PIRAT1",-0.886533407061988
"ZNF443",-0.88754847960614
"CDPF1",-0.887939299611704
"CCDC192",-0.888391442830784
"ATP5PD",-0.889375733100724
"MORN3",-0.889741696463889
"FAM135B",-0.890433950904629
"PROS2P",-0.890843870612908
"RNU6-635P",-0.891203885706789
"FTH1P8",-0.891250167904712
"SLC39A11",-0.89219104622722
"NDUFA12",-0.893549856030466
"OR52M1",-0.894175626181804
"RNU6-94P",-0.894332794845263
"LINC00865",-0.894441534102283
"C1orf131",-0.895064351356606
"ILKAP",-0.895269785691105
"PCDHGA5",-0.896248340286987
"RPL12P1",-0.896706453661803
"CNTN3",-0.896849790683179
"UNC45B",-0.897188133132115
"RPL27AP3",-0.897217420480543
"CAPRIN2",-0.897433976823026
"L3MBTL1",-0.897746690532942
"ADAMTS7P5",-0.8983818123145
"GID8",-0.899549363062716
"PCP2",-0.899914641346831
"DTX3L",-0.900729646307338
"SUMO2P1",-0.902512997899435
"CDH8",-0.902964743645407
"NFATC2IP-AS1",-0.903027240572657
"RNA5SP218",-0.904396328237634
"DENND3-AS1",-0.90586733782651
"DNAJC22",-0.906613630466802
"MXD3",-0.90729728525457
"JARID2-DT",-0.907645757045919
"SUOX",-0.907714346478665
"CENPIP1",-0.908696991672277
"EMILIN2",-0.91041509997549
"CILP",-0.910798184443043
"FAIM2",-0.91096806316811
"GYG2",-0.911309907960162
"CAMK2D",-0.91164618118476
"RPS26P3",-0.912036125491161
"PGPEP1",-0.912910467463861
"DUSP7",-0.913112008696825
"SERINC5",-0.914096754220656
"ATP7A",-0.914941408722522
"DLGAP5",-0.915272176353468
"LRTOMT",-0.915750352886305
"CMKLR2-AS",-0.916162919449696
"SIX3",-0.916821899248508
"HMSD",-0.917318815582013
"TGM5",-0.917682324459275
"RPP14",-0.917778403242815
"CALML4",-0.917950405883353
"LINC01858",-0.918275595401841
"PADI4",-0.91839873126142
"MIR31HG",-0.918429787335911
"TMCO4",-0.918528111601602
"RASSF9",-0.919127705049696
"ERO1A",-0.919212920629312
"ATP6V0D2",-0.92048878642635
"TF",-0.9205969248861
"LINC02304",-0.920807776307053
"KRT4",-0.922061325295497
"TMEM161B-DT",-0.922125002575982
"GARIN1A",-0.92258486811149
"IL10RB",-0.923919649615153
"RTL10",-0.924169403384091
"NBPF9",-0.924204998493051
"SNHG31",-0.924246420757626
"PBX2",-0.924812877229183
"TROAP-AS1",-0.925532062963656
"GPR85",-0.926082061159313
"HMGCLL1",-0.926611500826182
"PTGES3P5",-0.926611500826182
"SUZ12",-0.926913282289163
"RPS17P16",-0.927169857029303
"SATB2-AS1",-0.928099940869691
"HLA-T",-0.928176254061659
"LINC02737",-0.929278205528589
"CCDC125",-0.929761872617739
"LRRC20",-0.930588263431588
"MTMR7",-0.932569893831658
"TMC1",-0.933167139810761
"MTCO2P15",-0.934019262045361
"C15orf62",-0.934487087755891
"LINC01980",-0.935960891464507
"KCTD2",-0.93624062071567
"SMOC1",-0.936295731123355
"GMNC",-0.939012274622301
"YBX3P1",-0.939028745078439
"CHRNB3",-0.940526769451218
"TBX2-AS1",-0.940526769451218
"RNA5SP224",-0.940872278027758
"LINC01241",-0.941251797354747
"MYL5",-0.941357585753443
"G6PC2",-0.941368845127747
"GIP",-0.941368845127747
"PCMTD2",-0.942948342322344
"MRPL45P1",-0.943896782771612
"NMUR2",-0.943896782771612
"LINC03093",-0.943896782771612
"NUCKS1",-0.944768720486554
"BCL2L1-AS1",-0.944815886047678
"KLRK1",-0.944926933408438
"MIR3135A",-0.945481266741982
"UBOX5",-0.945688637319589
"MYG1-AS1",-0.946174972313638
"RNVU1-31",-0.947069556193497
"MT-TR",-0.947257309002616
"DCLRE1C",-0.94929500690905
"MORC2-AS1",-0.94931124126014
"PPIAP2",-0.950106417399973
"HENMT1",-0.950291506825133
"CASS4",-0.952255955084576
"KRT18P15",-0.953254238746051
"FAM13A",-0.953661990923151
"DOCK3",-0.954224404581104
"PAPLN-AS1",-0.95422928678927
"DYTN",-0.954457365170366
"SNCA-AS1",-0.954522425412277
"ARSB",-0.954732519110346
"ALG13",-0.954799520564506
"WDR31",-0.956554925193545
"WDFY3",-0.957086805544728
"GRM3",-0.957425135228384
"ZNF169",-0.959596801112783
"ZNF641",-0.959622213437675
"PRDM8-AS1",-0.960836769369769
"CREB5",-0.962528913641925
"SYNC",-0.963603467328431
"HNRNPUL2",-0.963720521810378
"POTEJ",-0.9652599920044
"HRH1",-0.965555124473296
"LYPD1",-0.96638367119347
"ERVFRD-1",-0.966833384681382
"OLFM1",-0.966905414277293
"ANKRD65-AS1",-0.967002478364671
"RNU2-5P",-0.967002478364671
"CNTN1",-0.967123358679053
"TMEM161B",-0.96726427374451
"ARRDC4",-0.967727751871666
"CHD4",-0.967759995984156
"MT2P1",-0.968022348519453
"LINC02343",-0.96841994462835
"SDHB",-0.968629127127195
"RPS10P18",-0.968885360042069
"RPL23AP14",-0.968885360042069
"B4GAT1-DT",-0.969070321807524
"LINC01499",-0.969923323205702
"OR7E37P",-0.970107236268276
"LINC00342",-0.971439517074068
"INPP1",-0.97154442561218
"SNORA40B",-0.971867027376873
"PDE8B",-0.97202835560656
"TRPM4",-0.972072209619827
"RXFP1",-0.973327259753272
"CCDC54-AS1",-0.974052742756804
"PRR18",-0.975487504376332
"MRPS17",-0.97609629493569
"ZNF563",-0.976539898739576
"LINC00334",-0.977402382272496
"GOLPH3L",-0.977434014358448
"SESN1",-0.978769883695728
"FRMD3-AS1",-0.979058948058204
"ZMAT1",-0.979741655991162
"FTH1P12",-0.980129795672753
"LINC01845",-0.980365654796599
"LRRN4CL",-0.982028873575306
"YLPM1",-0.982290709312882
"ANXA2R-AS1",-0.983165477559964
"SSTR5-AS1",-0.983783362720554
"ZNF804A",-0.984418891235853
"RN7SL505P",-0.984595469998819
"LRRC74B",-0.985497975600094
"SF3A3P1",-0.986786804460207
"STX8P1",-0.986815608648053
"BLZF2P",-0.987953789470253
"VSTM1",-0.989260515835979
"RPL37AP1",-0.9903807098662
"MYL6B-AS1",-0.990748387765645
"H4C2",-0.99086775189473
"PTGR3",-0.991242504087952
"EDA",-0.992125573624335
"NTRK3",-0.992383318232059
"ABRAXAS1",-0.992455857028213
"ADAMTS9-AS2",-0.99252080731338
"PASD1",-0.992979693675803
"NCKAP1",-0.993576415403329
"PTPRZ1",-0.993846409331364
"EEPD1",-0.994055360668004
"PGR-AS1",-0.994611246408057
"TXNRD3",-0.994689371318417
"AMANZI",-0.994851451584398
"MYB-AS1",-0.995079921868449
"ESRP1",-0.995626277540654
"TYRO3P",-0.996788408376497
"ATG2B",-0.997635509602712
"FCN1",-0.999541202465572
"OR10A3",-0.999905103498438
"CACYBPP1",-1.00044344060031
"CD300LD-AS1",-1.00153014540154
"MYLK-AS1",-1.0030484500525
"POTEB3",-1.00326631099546
"UTP6",-1.00340406429289
"PPP3CB",-1.00478107296542
"NEU4",-1.00505893469467
"NRBP2",-1.0052863194117
"RNASEH2A",-1.00548843253773
"KRT8P32",-1.00658932559686
"MPP3",-1.00704874231455
"SMCO4",-1.00805178454304
"STPG2",-1.00827317238918
"CICP28",-1.00827317238918
"LINC02550",-1.00827317238918
"PLD5",-1.00895749600537
"MTND1P8",-1.00939828313552
"ZNF18",-1.00989767651005
"SEC61B",-1.01048682745124
"COX6A1",-1.01258084043411
"LINC01920",-1.01333954704943
"HEPACAM2",-1.01358707331394
"CASP3P1",-1.01361713165227
"IL1RL2",-1.01398990332889
"LINC01508",-1.01470211767054
"ADGRG6",-1.01517734204039
"IPP",-1.01541864538008
"ATP6V1E1P1",-1.01553439505953
"ST8SIA5",-1.01553917768289
"CFAP53",-1.0155491137891
"LINC01950",-1.01635825088197
"FNBP4",-1.01691584813852
"DLGAP1-AS4",-1.01766473954417
"KIF6",-1.0191547541753
"LILRB1-AS1",-1.0191860360525
"SPDYE18",-1.01938215915555
"RPLP0",-1.01944553283979
"KLC3",-1.02074323051667
"ZNF43",-1.02198525537798
"HMGB1P1",-1.02589734513037
"SMAP1",-1.02596997444817
"CECR3",-1.02613872021647
"SYT5",-1.02638557927846
"PRXL2B",-1.02662662298427
"ATP2B3",-1.02840097033476
"HMGCL",-1.02852163979324
"CASC3",-1.0288199556129
"SLC24A5",-1.02925793446874
"KRTAP5-10",-1.02998549375719
"ZNF99",-1.03029460011847
"TMEM150B",-1.03053268816197
"TMEM170A",-1.0305607716133
"SEMA3D",-1.03088041353121
"CHRD",-1.03103242092902
"LINC01210",-1.03152582444471
"RFPL3",-1.03152582444471
"NPC1L1",-1.03225303288086
"COL2A1",-1.03242971505102
"H2AC12",-1.03347197533913
"KCNE3",-1.03375903026492
"LINC00901",-1.03399938081508
"UBA6-DT",-1.03449579058276
"KCNU1",-1.03449708314285
"KRTAP5-11",-1.03459373796293
"OR2L8",-1.03616196051617
"CELF3",-1.03634513214704
"RNF169",-1.03655285804771
"NKTR",-1.03772253128408
"EML1",-1.03950755231038
"EARS2",-1.04044923835696
"SLC16A6",-1.04083041106367
"LINC02799",-1.04238285952962
"GPRC5A",-1.04264155517259
"OGFOD2",-1.04318960891962
"CPNE6",-1.04355554454349
"LINC02816",-1.04368843933127
"NOL4",-1.04398198419122
"NUP50P4",-1.04408832802107
"RPL12P12",-1.04461073838575
"OBI1-AS1",-1.04471768450709
"PRELID1P7",-1.04497045428784
"GKN2",-1.04497045428784
"MIR5192",-1.04497045428784
"RNU6-873P",-1.04497045428784
"EIF2S2P2",-1.04497045428784
"AK3P7",-1.04497045428784
"RN7SL582P",-1.04497045428784
"ELL2P2",-1.04497045428784
"LINC00682",-1.04497045428784
"RPL21P54",-1.04497045428784
"LINC03005",-1.04497045428784
"CALCR",-1.04497045428784
"NMD3P2",-1.04497045428784
"IMPDH1P4",-1.04497045428784
"ARSL",-1.04497045428784
"MAGEA3",-1.04497045428784
"SUMO2P19",-1.04497045428784
"H2AZP7",-1.04497045428784
"CRH",-1.04497045428784
"RN7SKP85",-1.04497045428784
"LINC02843",-1.04497045428784
"GPR152",-1.04497045428784
"AKTIPP3",-1.04497045428784
"RNU6-251P",-1.04497045428784
"TSPAN9-IT1",-1.04497045428784
"PRB1",-1.04497045428784
"LINC02423",-1.04497045428784
"KCTD4",-1.04497045428784
"OR4T1P",-1.04497045428784
"TEX21P",-1.04497045428784
"RNU6-297P",-1.04497045428784
"LINC02568",-1.04497045428784
"CNTNAP4",-1.04497045428784
"UBE2FP2",-1.04497045428784
"CDH20",-1.04497045428784
"POTEH",-1.04497045428784
"ZFP91",-1.04503594033708
"TCEAL2",-1.04512028176062
"S100A6",-1.04539863701312
"RNF38",-1.04594095074981
"LRRTM3",-1.0462912195182
"SERF2",-1.04634426454428
"ANKMY1",-1.04635058377737
"AGTPBP1",-1.04662125580402
"MGAT4D",-1.04698584902114
"GPR158",-1.04698938973655
"SNORA66",-1.04717240463014
"ST13P21",-1.04718587844962
"OR6B2",-1.04818411575667
"RNA5SP275",-1.04882354722158
"TMEM241",-1.04903241765454
"PPP1R14D",-1.04941463261188
"ADGB-DT",-1.05011516422137
"HELQ",-1.05300807345846
"TYK2",-1.05345363039828
"STX16",-1.05469679778313
"CCSER1",-1.05512766143571
"LINC03094",-1.05559696265462
"LILRP1",-1.05610204194707
"LINC00343",-1.05724675855703
"ARHGEF26-AS1",-1.05775664835089
"CYB5R2",-1.05815881206456
"KCNK16",-1.05964985212346
"EXD2",-1.05998555309908
"DPRXP4",-1.06215983293229
"TERT",-1.06250143114025
"LINC01816",-1.06335581380362
"OPLAH",-1.06348932996101
"ATP13A5",-1.06352049787512
"FN1-DT",-1.06407084350521
"RPSAP54",-1.06432111402518
"SHC3",-1.06454855191899
"TRIM59-IFT80",-1.06551348964601
"BPIFB1",-1.06571938455211
"PTPRD-AS1",-1.06601076166255
"HAUS7",-1.06607223974037
"CDC42P6",-1.06632626553678
"FBXO27",-1.06728761312922
"SPDYE12",-1.06785955140703
"LINC01121",-1.06883356311249
"FGA",-1.06889351823561
"ABCA12",-1.06956252675215
"ATF4P2",-1.07015849259529
"ATP1B4",-1.07020239825108
"OR51E2",-1.0703577238372
"RSPH1",-1.0706686479281
"CD300LB",-1.07101825903797
"HSPE1P27",-1.0712080988159
"CCNO-DT",-1.0713081672438
"ORC5",-1.0727034533314
"ACYP1",-1.07340931753472
"CENPE",-1.07387855462853
"RNPC3-DT",-1.07426445111375
"TNR",-1.07511593709021
"LINC02009",-1.07551810616907
"RNU6-638P",-1.07827335053689
"HTR1F",-1.07840390795135
"PRELID1",-1.07842456422817
"NR0B2",-1.07884563369233
"MIR3150BHG",-1.07900176641715
"SUB1",-1.07914339246482
"PAK4",-1.08104413719734
"KCNMA1-AS2",-1.08165174919637
"HDAC6",-1.08180104018263
"FAM181A",-1.08287402300929
"FBXL19",-1.08351031038911
"LINC03077",-1.08414414292535
"RNU1-132P",-1.08523646402096
"CHIAP1",-1.08523646402096
"NEU2",-1.08523646402096
"MTATP6P17",-1.08523646402096
"SOWAHCP5",-1.08523646402096
"CRYGD",-1.08523646402096
"MIR216B",-1.08523646402096
"RNU6-1284P",-1.08523646402096
"UBTFL8",-1.08523646402096
"PLSCR4",-1.08523646402096
"MTND4P16",-1.08523646402096
"IQCJ-SCHIP1",-1.08523646402096
"OR7E85BP",-1.08523646402096
"NKX3-2",-1.08523646402096
"GYPB",-1.08523646402096
"SUCLG2P4",-1.08523646402096
"RN7SL868P",-1.08523646402096
"GDNF",-1.08523646402096
"IRX4",-1.08523646402096
"PGK2",-1.08523646402096
"RPS15AP20",-1.08523646402096
"GFRAL",-1.08523646402096
"VIP",-1.08523646402096
"C4B",-1.08523646402096
"OSTM1-AS1",-1.08523646402096
"RN7SKP266",-1.08523646402096
"TEX13B",-1.08523646402096
"MTND4P31",-1.08523646402096
"DCAF12L2",-1.08523646402096
"TUBB4AP1",-1.08523646402096
"RBM22P7",-1.08523646402096
"OR3B1P",-1.08523646402096
"ZNF317P1",-1.08523646402096
"TEX53",-1.08523646402096
"RN7SL726P",-1.08523646402096
"IFNB1",-1.08523646402096
"IGFBPL1",-1.08523646402096
"IFNWP15",-1.08523646402096
"IFNWP9",-1.08523646402096
"RBM17P3",-1.08523646402096
"RNU1-84P",-1.08523646402096
"INSC",-1.08523646402096
"OR4A16",-1.08523646402096
"OR5T2",-1.08523646402096
"NLRP10",-1.08523646402096
"MYL6P3",-1.08523646402096
"SLC18A3",-1.08523646402096
"VN1R53P",-1.08523646402096
"TPM4P1",-1.08523646402096
"MRPL40P1",-1.08523646402096
"LINC00454",-1.08523646402096
"MIR154",-1.08523646402096
"TBPL2",-1.08523646402096
"GRAMD4P5",-1.08523646402096
"LINC02135",-1.08523646402096
"SRP68P2",-1.08523646402096
"SMIM6",-1.08523646402096
"CACNG4",-1.08523646402096
"ZPBP2",-1.08523646402096
"RN7SKP44",-1.08523646402096
"RNF11P2",-1.08523646402096
"C2CD4C",-1.08523646402096
"OR7G15P",-1.08523646402096
"BNIP3P20",-1.08523646402096
"TTTY12",-1.08523646402096
"ARHGAP42P3",-1.08523646402096
"RPL31P62",-1.08523646402096
"FAM230G",-1.08523646402096
"CA15P1",-1.08523646402096
"CHODL-AS1",-1.08523646402096
"MESTIT1",-1.08779525010271
"LINC02015",-1.08787383405566
"RNF168",-1.08794867234984
"ZNF467",-1.08859448664564
"SPNS2-AS1",-1.08872279350363
"CDC20B",-1.08977554330348
"RN7SKP71",-1.08996942693451
"C1GALT1P2",-1.09007584023643
"OR10B1P",-1.09022449462492
"IARS2",-1.09039925888588
"LNCPRESS1",-1.0904050093757
"SLITRK2",-1.09044451685775
"MTND1P32",-1.09081085822981
"AKAIN1",-1.09081085822981
"LCN12",-1.09241614814104
"C7orf57",-1.09244189746978
"IQCH",-1.09279783939189
"CXXC4-AS1",-1.09288436123069
"KIF13A",-1.09293028851481
"ANKRD30BP2",-1.09514930068662
"LINC02853",-1.0952661177831
"NRG3",-1.09585328986616
"SIRPG-AS1",-1.09621750452837
"POLR2MP1",-1.09744558939918
"RSPH6A",-1.09759932916913
"C6orf58",-1.09819398491736
"ITGA2-AS1",-1.09898957177124
"DBH-AS1",-1.09902518002544
"LINC02049",-1.09935363648663
"FJX1",-1.10017554330387
"NUDT7",-1.10255642054959
"CDH18-AS1",-1.10427823182973
"ACOT12",-1.10714203255557
"C6orf62",-1.10768507573688
"OTX2-AS1",-1.10866294076312
"PARAL1",-1.11000862815703
"LINC02990",-1.11044227891954
"CCKBR",-1.11265007207875
"MIR4733HG",-1.11306986834187
"LINC00656",-1.11308421668612
"LINC02150",-1.11325761247032
"OR2H2",-1.11355100914384
"HSPD1P4",-1.11505315772734
"MIR1972-2",-1.11590627382516
"LINC01355",-1.11595364141177
"C9orf85P2",-1.11694532343963
"TCF24",-1.11769404229592
"TSC1",-1.11905990705512
"NDFIP1",-1.12077459119492
"PLA2G4E",-1.12105080926371
"MDGA2",-1.12200127106821
"GRIA2",-1.12261317059867
"DDO",-1.1232789486165
"TMA16",-1.12445974136291
"LETMD1",-1.12471338351126
"CACNA2D3-AS1",-1.12514810675036
"TSKU-AS1",-1.12568345534986
"CXCL14",-1.12628397714227
"CDKN2C",-1.12773346718316
"WTAPP2",-1.12776459504787
"NRG4",-1.12804091929931
"MIR573",-1.12804983340842
"WBP4",-1.1288069199617
"HORMAD2-AS1",-1.1299816110085
"MRAP",-1.13091007760975
"ARL8BP1",-1.13095536976213
"GIMAP6",-1.13110695820441
"SAPCD2P1",-1.13184441781445
"PNMA2",-1.13216657828705
"ABCC8",-1.13335230725699
"EIF4BP4",-1.13369199599594
"MEAK7",-1.13409118048996
"DHX16",-1.13431864673062
"RRH",-1.13444991375739
"CYP1B1",-1.13467229993988
"POTEKP",-1.13490833742411
"LINC01050",-1.13511164701741
"IRGQ",-1.13521813095732
"DOCK7",-1.13609430177009
"RPL4P7",-1.13613492740413
"SERINC2",-1.1367794590625
"CLVS2",-1.1370840390688
"FMNL3",-1.13806088556194
"LINC02073",-1.13939117308728
"UNC13C",-1.13979344738799
"FBXL2",-1.14180772072925
"AMD1P3",-1.14221439386865
"CCDC43",-1.14274655652511
"MRPS35-DT",-1.1427877933344
"ZSCAN26",-1.14326363240811
"C1orf146",-1.14342112082859
"LINC02869",-1.14377983123898
"G6PC1",-1.14665649824561
"PPARD",-1.14798591019372
"URI1",-1.14814746607166
"KRTAP4-16",-1.14831763204531
"LINC01563",-1.14831763204531
"TRGJP1",-1.15008843113259
"SETP14",-1.15013950617783
"HYDIN2",-1.15014277101952
"LINC02375",-1.15072332338234
"JTB-DT",-1.15112817092315
"HPN-AS1",-1.15216486088652
"TEX13C",-1.15358204744948
"PRKCA-AS1",-1.15415162158448
"ZNF45",-1.15635177767991
"RPL23AP74",-1.15842917321893
"INAFM2",-1.15875785527464
"PHLPP1",-1.15892269526828
"LINC01304",-1.15968331681414
"NIPA2P1",-1.15991478358514
"EFCAB6",-1.16117216333616
"PLPPR4",-1.16150118137547
"ZNF385D",-1.16187225046261
"LINC02227",-1.16362071085233
"RNA5SP212",-1.16493493020847
"NAIPP4",-1.1655170133072
"FAM170B",-1.16659732934452
"KNOP1P3",-1.16676220967033
"TPH2",-1.16788095160995
"CRISPLD2",-1.16792120827311
"H3P33",-1.17248476584571
"RPL11",-1.17252402430093
"PPIE",-1.17302744489151
"TIRAP",-1.17319824958508
"ANXA2P2",-1.1740908635314
"RPS7",-1.17542061036866
"HMGN2",-1.17660313340313
"LINC01052",-1.17701030135748
"DHDDS-AS1",-1.17841712330197
"RSRC2",-1.18027276931147
"LINC02600",-1.18034136897233
"NCKIPSD",-1.18038725463164
"TRIP12",-1.18052577854239
"LINC01781",-1.18061095409556
"STRN3",-1.18109582360758
"UGGT1",-1.18190793323495
"WDR86-AS1",-1.18357504938382
"TBX20",-1.18358997307184
"PCDHB16",-1.18461920982711
"RANBP10",-1.1848354144372
"ARLNC1",-1.18550464583572
"RPS4XP19",-1.18622843939771
"ZNF618",-1.18626782575556
"CYP4F11",-1.18690790729548
"COL15A1",-1.187818160503
"GLRA3",-1.18808194261822
"MYL6P5",-1.18902301428111
"VN1R74P",-1.18986005090623
"HSPE1P3",-1.19016839700931
"RNU7-77P",-1.19088672262596
"ZNF133-AS1",-1.19109507978588
"ABRAXAS2",-1.19365702104556
"COMTD1",-1.19398906387507
"EEF1A1P46",-1.19410859329545
"SYTL5",-1.19498493932804
"CASP2",-1.19631273518178
"SPNS3",-1.19807452700412
"ARHGEF9",-1.20025549333857
"RNF215",-1.20062464156653
"TECRL",-1.20093079562759
"KCND1",-1.20104419418337
"PRAMEF17",-1.20201922856509
"RPL21P121",-1.20253394152028
"HS3ST3A1",-1.20409850267899
"AKAP7",-1.20502333613612
"WWP1",-1.20529282555804
"GRK7",-1.20589761905929
"NCAM2",-1.20644491855747
"PA2G4P6",-1.20707161342836
"TOP3A",-1.20805286889787
"MT-TA",-1.20840154933275
"FAH",-1.20876911225078
"PPP4R2P6",-1.20927205934719
"LNCPOIR",-1.2096943304101
"MAP6",-1.21006383632559
"SPRN",-1.21016979414157
"KLHDC4",-1.21148414527562
"OSBPL2",-1.21174475368736
"PDCL",-1.21376515618298
"SCN7A",-1.2140545945372
"RPL17P10",-1.21445037620838
"RFX5",-1.2155061565585
"ZNF724",-1.21691283121363
"OVCH1-AS1",-1.22068978604133
"LINC00677",-1.22103392632497
"FERP1",-1.22107529885556
"ADAM32",-1.221291055595
"LINC02023",-1.22159442455448
"H2AC16",-1.22261704657959
"CHEK1",-1.22283105914378
"PAPSS2",-1.22319259295948
"CTSG",-1.22403092359408
"PTGIS",-1.22431287911832
"UTP11",-1.22468988421098
"RNF24",-1.22521364085716
"XRCC2",-1.22538695258446
"ACVR2A",-1.22545696904138
"HSPE1P5",-1.22740548966866
"DNAJC6",-1.2278530769999
"LINC01202",-1.22827970576831
"GPRC5D",-1.22827970576831
"CMTM4",-1.22968517045282
"LINC00701",-1.23112388350433
"HCG9",-1.23145748600893
"PRELP",-1.23216026756372
"BCLAF1",-1.23259107408428
"RN7SL574P",-1.23363710889695
"ODAPH",-1.23460612235032
"LINC01772",-1.23502119651338
"HSPD1P7",-1.23657880304409
"ACTBP12",-1.23838257889762
"CFAP263",-1.23857853662805
"GRTP1-AS1",-1.23902405341779
"DENND5B",-1.23966342801192
"KLHDC1",-1.23975149623174
"PHETA1",-1.24086400620747
"TLCD5",-1.24131109561833
"CASC20",-1.24134605555136
"CRKL",-1.24145932324912
"OOSP1P1",-1.24230393784084
"TP53I11",-1.2424001946707
"LINC01395",-1.24251888099333
"RPL15P14",-1.24320666598158
"MIR4676",-1.24401933708451
"SNHG8",-1.24402980760936
"KRBOX5P1",-1.24410479258367
"OR6C74",-1.24488703503252
"OR10K1",-1.2452735847226
"PPIAP70",-1.24638204466024
"MAL2",-1.24638204466024
"PIGK",-1.24730770837243
"ZNF141",-1.24749458765361
"DPYSL3",-1.24756002690439
"FOXK2",-1.24819877662363
"PLK4",-1.24846327896615
"ZBTB17",-1.24904829011587
"CGREF1",-1.24974041643928
"ZNF665",-1.24993235504149
"IGKV2-18",-1.2528295577966
"RCVRN",-1.25484162851178
"BUD13-DT",-1.25499284002881
"PNLIPRP1",-1.25640388230117
"FLVCR1",-1.25743518282726
"IGF1",-1.2588899886481
"LINC02864",-1.25907546339254
"PROC",-1.25950178736133
"SH3BP1",-1.26317131727378
"NCS1",-1.26325030137594
"EFNA4",-1.26380698723038
"RNF217-AS1",-1.26433450911196
"TRGV3",-1.26477057361033
"ITM2BP1",-1.26489370028664
"EPHA3",-1.26498843338309
"NINJ2-AS1",-1.26517771530337
"PIAS2",-1.26647267198482
"TMEM242",-1.26655025014984
"DTX2P1",-1.2679446255069
"SLC22A17",-1.27107480879559
"MTCO1P27",-1.2712187810042
"MTCO2P27",-1.2712187810042
"MTHFSD",-1.27135265713104
"ZHX1",-1.27166925675202
"ZBBX",-1.27195112021253
"LINC02033",-1.27195498116933
"FCGR3A",-1.27307820283982
"LINC02980",-1.27342879798617
"TUSC7",-1.27567669160845
"ASXL3",-1.27663417068199
"DCDC2",-1.27801645930944
"TCEAL3",-1.27912580255258
"ORC2",-1.27952789108333
"LINC01500",-1.281245628766
"SGCZ",-1.28199026391736
"UPF3B",-1.28443539479345
"RASSF3",-1.28487113787504
"TREM1",-1.28571946098799
"ICAM2",-1.28600399088615
"PPP2R5E",-1.2863364158736
"MCM9",-1.28682017349193
"DNAH3",-1.2870077326675
"BSN-DT",-1.28780861333998
"GPKOW",-1.28906456927988
"HAUS3",-1.29015859286544
"RPL7AP30",-1.29071110846007
"EEF1A1P19",-1.29181187368681
"LINC00237",-1.29363142659213
"POTEG",-1.29431668158385
"SNHG1",-1.29470729562429
"MARK1",-1.29491267104136
"LINC01915",-1.29512846752636
"RPS29P19",-1.29538184680536
"LINC00621",-1.29589132004052
"CABYRP1",-1.29614791267041
"CXADR",-1.29840378999379
"PSMG3",-1.29868903889899
"MAP7D3",-1.29956754492505
"LINC02577",-1.30003784844083
"OR2F1",-1.30047013818141
"RN7SL258P",-1.30231037681095
"COLQ",-1.30313610274525
"ACSBG2",-1.30408195038871
"KLF7",-1.30426691912525
"LINC02406",-1.30468572274334
"SMAD3-DT",-1.30468572274334
"SLC9A4",-1.30494591716007
"KRT80",-1.30598363368135
"DCHS1",-1.30607340276192
"TMEM114",-1.30615907613723
"RNU6-87P",-1.30712748870744
"SARS2",-1.30800064624165
"EFHC2",-1.30976464475461
"CNBD1",-1.31043629324402
"EPB41",-1.31426153205068
"TRAV12-2",-1.31460568073051
"PPIL4",-1.31505463563008
"TMEM263-DT",-1.31776861678124
"PIP5K1B",-1.31885871495837
"RPL8P4",-1.31999620210311
"NOP56P1",-1.32088728120496
"ZC3H8",-1.32207784148044
"SNORD42B",-1.32273398764936
"MARCHF11-DT",-1.32348918952177
"RPSAP46",-1.32557517195742
"RPS15",-1.32580897459341
"RBISP3",-1.32783045865079
"PPM1A",-1.32824687454702
"FOXJ3",-1.3288798256799
"MCM8",-1.32977284538333
"OGA",-1.33118495496721
"TP53BP1",-1.33125957206485
"PGPEP1L",-1.33179559669938
"OR10G8",-1.33194104616109
"RPL6",-1.33238441147041
"IDE",-1.3344288791742
"LINC01363",-1.33457666207226
"KCNA2",-1.33556265648815
"NRROS",-1.33560092795007
"EPPK1",-1.33729660832878
"GAPDHP63",-1.33794183476646
"MIR876",-1.33801809907519
"ZNF223",-1.3402415974632
"EFCAB6-AS1",-1.34039042513186
"SRSF12",-1.34119677885667
"LINC00293",-1.34167528073344
"PDHB",-1.34170001028794
"SULT1A2",-1.34175592839982
"SCHLAP1",-1.34180298041602
"RIGI",-1.34214114291216
"RNU6-713P",-1.34235667525967
"MIR8071-1",-1.34342021414104
"SRPX2",-1.34381874632441
"OR52Q1P",-1.34474172361878
"RPL32P11",-1.3454177334446
"PANK3",-1.34594731813801
"LINC02128",-1.34661480429088
"COX17P1",-1.34670642736981
"SHROOM3-AS1",-1.34763477507371
"TM2D3",-1.34778318149443
"SYT15-AS1",-1.34799039320861
"LINC02982",-1.35168349760152
"SERBP1P6",-1.35195277707345
"FBLN5",-1.35354223933385
"TRAJ19",-1.35381633696788
"RN7SL413P",-1.35386991328821
"GEN1",-1.35436791491523
"NKX2-1-AS1",-1.35448923863361
"MIR3200",-1.35463432562324
"LINC01259",-1.35471151697154
"RPS24P19",-1.35533644904891
"SCOC",-1.35693234678404
"MUC6",-1.35748674297778
"ZNF200",-1.35810282786342
"MAP3K20-AS1",-1.35837226367156
"TRMT44",-1.35931389613401
"PRDM16",-1.3605895888001
"IGKC",-1.36059356432779
"ADGRL3",-1.36155072149168
"OR10A2",-1.3624345621679
"RPSAP44",-1.36255548105482
"ZNF275",-1.36274100737246
"LINC01723",-1.362862103081
"MIR151B",-1.36296647167518
"TRBV29OR9-2",-1.36418251941145
"PCDH18",-1.36518994085119
"LNCATV",-1.36588145153448
"SCN1A",-1.36605845135327
"ABHD11",-1.36693567595726
"CFAP54",-1.36976633283685
"DIO3OS",-1.36993405443507
"MED14",-1.37086584067311
"SPINT1-AS1",-1.37143798245271
"NEDD8P1",-1.37324125910948
"TNNT1",-1.3736699914503
"LINC02941",-1.37410072159545
"CHCHD6",-1.37435616772683
"CWC15",-1.37488707993068
"SLC30A7",-1.3769960794617
"SYT10",-1.37736835470663
"MAP3K5-AS2",-1.37775386670489
"ZBTB26",-1.38005800601227
"SLC9A3-AS1",-1.38152968241747
"THAP5",-1.38156715210328
"CT69",-1.38250459827876
"TGM4",-1.38282767430147
"ZNF559-ZNF177",-1.38323238068513
"HBA2",-1.38373704252967
"KLRD1",-1.38392162677281
"RPL12",-1.38482069568153
"KISS1R",-1.3855457420572
"GPBP1L1",-1.38678780336631
"TOMM20P4",-1.38733648394666
"MZF1",-1.38844878834556
"RPL21P21",-1.38851037538576
"MTCO3P21",-1.38851037538576
"ARHGEF16",-1.38851037538576
"FAM131C2P",-1.38851037538576
"MTA3P1",-1.38851037538576
"RPL6P9",-1.38851037538576
"TRMT112P5",-1.38851037538576
"GPATCH11P1",-1.38851037538576
"CDHR18P",-1.38851037538576
"OR7E130P",-1.38851037538576
"PSMC1P7",-1.38851037538576
"RNU6-420P",-1.38851037538576
"EXOC1L",-1.38851037538576
"PCDHGA4",-1.38851037538576
"PCDHGA9",-1.38851037538576
"GABRP",-1.38851037538576
"FAM193B-DT",-1.38851037538576
"OR2U1P",-1.38851037538576
"RNA5SP238",-1.38851037538576
"MIR548M",-1.38851037538576
"MIR23C",-1.38851037538576
"RNU7-7P",-1.38851037538576
"LINC02847",-1.38851037538576
"OR2S2",-1.38851037538576
"MIR8052",-1.38851037538576
"MIR6128",-1.38851037538576
"OR52M2P",-1.38851037538576
"CLDN25",-1.38851037538576
"TRIM51HP",-1.38851037538576
"OR4C48P",-1.38851037538576
"ARHGEF17-AS1",-1.38851037538576
"DYDC1",-1.38851037538576
"RNU6-1162P",-1.38851037538576
"TBC1D21",-1.38851037538576
"SCNN1G",-1.38851037538576
"GH2",-1.38851037538576
"RNU6-737P",-1.38851037538576
"BNIP3P17",-1.38851037538576
"ZIM2",-1.38851037538576
"FAM197Y4",-1.38851037538576
"FOXJ2",-1.3889484107763
"UBE2V1",-1.39003724541343
"SFXN2",-1.39032033740913
"CCDC38",-1.39143656727033
"FRMD6",-1.39178373259193
"CELF6",-1.39199231245307
"COLGALT1",-1.39243179720414
"PPARGC1A",-1.39479466658189
"SEMA6A",-1.39583041220193
"FCF1P7",-1.39624212753388
"TNRC18",-1.39679940582196
"SLC8A1",-1.39701627536381
"CYP2A7P1",-1.3975115940672
"LPAR6",-1.39920195971425
"PHLPP2",-1.40004860165515
"ZNF679",-1.40025776281264
"LINC01841",-1.40039327452473
"CIB3",-1.40183390638734
"RPL29P11",-1.4026954589019
"DHDDS",-1.40343668426612
"APOBEC3C",-1.40432856406083
"LRSAM1",-1.40673123090989
"LINC01285",-1.40739394614424
"FAM111A",-1.40762628883329
"NECAP1",-1.40762801169788
"KRT8P49",-1.41052922754433
"MARK2P4",-1.4126213358949
"KLHL33",-1.4129121272501
"KAT7P1",-1.41332333540887
"RBBP9",-1.41337179396274
"CCDC167",-1.41386199163191
"SKOR1",-1.41510249248024
"ATP11A-AS1",-1.41531241556549
"KRT8P21",-1.41564499952096
"UGT2B10",-1.41595717316007
"MIR331",-1.41804432678267
"FUT4",-1.41824332219366
"GUCA1C",-1.41837805076866
"TMEM237",-1.42116666358249
"LAMB3",-1.42155738281964
"NOBOX",-1.42164758790232
"PRAM1",-1.4220992459735
"BNIP3P47",-1.42263521055765
"CHKB-DT",-1.42274138061698
"ZNF286A",-1.42278781846053
"IFIT5",-1.42401581443538
"TMEM161BP1",-1.42428722415067
"LINC01834",-1.42481839525928
"PGBD4P3",-1.42521131391538
"SIRPB1",-1.42834128295095
"GREM1",-1.42960960190413
"ZSCAN22",-1.43010191021155
"H4C16",-1.4326800310397
"OR8H1",-1.43389026433644
"CYP1B1-AS1",-1.43411708764145
"NDNF-AS1",-1.43579061437203
"MIR6075",-1.4366892344396
"RNU6-1333P",-1.43772628211465
"SUN3",-1.43898779375265
"SCN8A",-1.43919656642363
"ACTR1AP1",-1.43940040508265
"SLCO3A1",-1.44040583753259
"LINC02714",-1.44221491732484
"MRPL14",-1.44225970991324
"TRAF3IP1",-1.44238824816124
"BLID",-1.4424909913711
"FAM200B",-1.44342612581204
"UQCC3",-1.44376433167784
"RFK",-1.44434300197385
"LINC00507",-1.44449590657585
"LPA",-1.44570845538436
"COL24A1",-1.44584720585853
"ZCCHC9",-1.44654782524485
"OR52N5",-1.44865191152816
"TRIM77",-1.45261952433053
"RAP2B",-1.45326466418039
"PENK",-1.45608599410791
"SIRT5",-1.45834583299154
"FBXO3",-1.45843161965797
"TIMM9P1",-1.45864454167062
"UBXN6",-1.45938837946574
"ANK3-DT",-1.46229549567058
"IFT172",-1.4627771515489
"EMILIN1",-1.4629246609011
"TM4SF19",-1.46633598909973
"DFFA",-1.46696855982282
"MIR217HG",-1.46749846127435
"CEP63",-1.46794203914536
"RPL32P16",-1.46878483138505
"ZNF473",-1.46887944390112
"MYH15",-1.4694511102091
"SPATA4",-1.47044231498753
"SORL1",-1.47057622877313
"PHLDA3",-1.47257024197579
"LRIG3",-1.47260100663326
"ZNF776",-1.47272243717818
"RNU4-8P",-1.47453255985828
"SULT2A1",-1.47536530492797
"USP8P1",-1.4753706859132
"CIT",-1.47702148894726
"LINC00294",-1.47763148846281
"SETD4-AS1",-1.47891320386314
"LINC02721",-1.47901794612847
"TRA2A",-1.47954709554796
"FCHSD2",-1.48072905139442
"FNDC1",-1.48185801909628
"CD8B2",-1.48414451130698
"FUT1",-1.48431152265662
"DYNC2I1",-1.4844331483379
"CACNA2D3",-1.48498072615333
"NT5C1A",-1.48514267006361
"KIAA1549L",-1.48540856430343
"CENPF",-1.4856448187186
"RPS3AP26",-1.4860498495586
"SLC25A43",-1.48626959585069
"LINC02356",-1.48873069604637
"MOSMO",-1.48903056493993
"FAM3B",-1.4897737166459
"PSMB2",-1.49121578339542
"LTF",-1.49146875594366
"SMARCA2-AS1",-1.49254021388251
"C2orf76",-1.49329690553096
"PPP2R5C",-1.49454123286277
"GABPB2",-1.49626319129011
"EIF3EP2",-1.49798048649036
"LINC00588",-1.49798048649036
"RPS12",-1.49850592444565
"SPANXB1",-1.49866664185827
"S100PBP",-1.49870447987061
"DENND2B-AS1",-1.49917564125885
"MIR761",-1.50038573093358
"FARSBP1",-1.50130211710125
"ZNF771",-1.50171186834859
"AMMECR1-IT1",-1.50174878618151
"CFAP47",-1.50248955034987
"GPC3",-1.50269356364327
"TMPRSS2",-1.50288307798847
"PDGFRB",-1.50465436579213
"LINC02924",-1.50494438215604
"ANKRD65",-1.50509894375273
"LINC00836",-1.50631914314172
"CALCRL-AS1",-1.50636082538168
"APOL2",-1.50676523701445
"DISC1FP1",-1.50741859073791
"CCDST",-1.50766377731008
"ESRRB",-1.50808754850062
"OR6N1",-1.50844836647603
"MRNIP-DT",-1.50959171529116
"ANKS4B",-1.50980317238886
"ANKRD30A",-1.50989136648618
"RPL21P19",-1.51000578981086
"HTR2C",-1.51113589200776
"RPL9P5",-1.51153877043859
"ABCA10",-1.51257278940038
"FXYD6",-1.51460015627721
"KCNH8",-1.51611784549331
"DGAT2L7P",-1.51659864758431
"RBM43",-1.51724055816672
"HOXB4",-1.51759346524604
"ETV6",-1.51815603619834
"DRAIC",-1.52004013287839
"ZNF454-DT",-1.52048846258371
"MED28P7",-1.52048846258371
"UACA",-1.52105175009315
"SEC14L5",-1.52110516790849
"NDUFAF4P1",-1.52126052734726
"FAM47A",-1.52181554248424
"LINC01635",-1.52321882732962
"VNN1",-1.52340513506197
"ZNF623",-1.52418003867008
"SPRY4-AS1",-1.52469455488774
"GNPNAT1",-1.5258254988209
"ZNF415",-1.5258807201461
"ADAL",-1.52601798611853
"MAP3K21",-1.52617146017613
"SNHG12",-1.52648952206437
"LINC02731",-1.52650396300978
"CLMAT3",-1.52653359411906
"ZNF333",-1.5274124928039
"RPL21P119",-1.52773049116191
"KCNA7",-1.5296847810429
"LINC02223",-1.53262469401929
"ESCO2",-1.53292575010033
"MYRF-AS1",-1.53389303705353
"LINC02877",-1.53619086046069
"SFT2D2",-1.53661259166473
"HS2ST1",-1.53664803620134
"PERM1",-1.53687722102552
"PPIAP11",-1.53687789248702
"MIR4681",-1.53715345540372
"PSG11-AS1",-1.53715345540372
"RPS15AP12",-1.53763712443773
"USP2",-1.53899675790092
"ZNF25-DT",-1.53939990276026
"PAPLN",-1.53974985247491
"LINC01734",-1.54030130344092
"ACMSD",-1.54048829299885
"NBPF13P",-1.54228450278677
"ANO4",-1.54397936415716
"RPS6P16",-1.54528837963912
"CCL3-AS1",-1.54564636960263
"SLC20A1-DT",-1.54576430841931
"RNA5SP215",-1.55143097791365
"NPNT",-1.55215438379395
"POLI",-1.5525134260865
"LINC02029",-1.5549175091189
"ASH2LP1",-1.55594642379838
"OPN5",-1.5560584838225
"LINC01989",-1.55623754197556
"FEZ2",-1.55697073231475
"RPS4XP1",-1.55972814844378
"LMOD3",-1.56127284916042
"ZNF521",-1.5616177127726
"LINC01090",-1.56526626050487
"PPIAP50",-1.56621326033792
"TMEM121B",-1.56627819620734
"PTPN14",-1.56652132568833
"HHIPL1",-1.56774112058432
"GNG5B",-1.56781757589751
"SH3TC2",-1.56897242927461
"MAP3K12",-1.5692279606224
"LINC02746",-1.56926480826206
"DYNLRB2-AS1",-1.56927755508783
"PCGF3",-1.56986309644992
"RPL21P120",-1.56990168248818
"FTH1P11",-1.57076195259
"AP1M2",-1.57290584622606
"RRP12",-1.57305089162266
"RPS4XP12",-1.57391622017525
"LINC02819",-1.57454392331661
"CPED1",-1.57510522606734
"TILRLS",-1.57632784958862
"EXD1",-1.57806870604857
"MTCO1P5",-1.58093327317289
"PTGES2-AS1",-1.58223708462758
"MTERF2",-1.58245075120587
"ACTL8",-1.5840128887533
"FAM78B-AS1",-1.5840128887533
"CXCL6",-1.5840128887533
"SPATA2P1",-1.5840128887533
"LINC01728",-1.5840128887533
"PSG3",-1.5840128887533
"LINC00705",-1.58404391013663
"CACYBPP2",-1.58554631780446
"DUSP18",-1.58556996409818
"KNCN",-1.58558480431782
"TTF2",-1.58771019212864
"NDUFV2-AS1",-1.58861875577241
"OR5M7P",-1.58874175275711
"LINC02466",-1.59174484195514
"ST3GAL4",-1.59245108251903
"NDN",-1.59324172674895
"APC",-1.59342801768416
"FAM242C",-1.59443949734436
"PGAM5",-1.59509340997232
"CHMP4B",-1.59555511819259
"BOLA3-DT",-1.59654628933282
"DEFB126",-1.59697440100026
"KREMEN1",-1.59742780041786
"RPL3P2",-1.59776812754398
"ZNF93",-1.59789296771414
"LINC01095",-1.60136934919748
"BABAM1",-1.60139426807751
"LOHAN2",-1.60170347545227
"KIAA1614",-1.60248454669566
"ANXA2P1",-1.60656671571937
"IGFBP1",-1.6077344613366
"C6orf226",-1.6081734094543
"NANOG",-1.60876434407489
"ERICH3-AS1",-1.61092638922915
"CHRM2",-1.61134831788076
"SYCP2L",-1.61241019975622
"EEF1A1P22",-1.61242469279034
"ARGLU1",-1.61372275953901
"ACTG1P18",-1.6146515203942
"DIAPH3-AS2",-1.6146515203942
"PKNOX2",-1.61557823227862
"NUP62CL",-1.61575526601847
"C17orf114",-1.61874561762472
"PRR29",-1.61934577086106
"GPLD1",-1.6195502031532
"NEMF",-1.61984239353914
"ACCS",-1.62022784420387
"ESPL1",-1.62139249773544
"EGFLAM",-1.62172547523034
"METTL17",-1.62231631833837
"DIAPH3-AS1",-1.62398775879756
"ITFG2",-1.62495370548831
"CADM3-AS1",-1.62572276699191
"RN7SL587P",-1.62841650230485
"LINC02336",-1.63116882765997
"LINC02099",-1.63181502121974
"AKT3-IT1",-1.63882195079199
"CAV2",-1.63890636295608
"SFTPD-AS1",-1.63890746639141
"RLIMP1",-1.64015621685726
"BNIP3P39",-1.64038915431701
"HCG24",-1.64099818912478
"SPINK6",-1.6424099372919
"ME3",-1.64337647720154
"ITGB4",-1.64403268480635
"JMJD1C",-1.64540924011591
"SMAD6",-1.64612467173414
"SARDH",-1.6462226097959
"PRR13P2",-1.64682443973533
"LINC03037",-1.64739125222545
"CAMKK2",-1.64780333774487
"SLC1A2",-1.64795121798555
"HTT",-1.64797231055411
"RPL23AP65",-1.64814814454521
"ESF1",-1.64872195401321
"CCL3",-1.64876962093421
"ASB5",-1.64946618485401
"LINC02742",-1.65021077178981
"GAS5",-1.65073457776693
"ADCY1",-1.65078341970032
"SLC7A13",-1.652937448085
"KAT7",-1.65298640571868
"GBP6",-1.65561397560574
"HSPA8P19",-1.65595768470467
"NCKAP5",-1.65615508282477
"SLC6A20",-1.65755451321604
"LINC01965",-1.65798128245966
"FOXP1",-1.65845535045011
"CDC45",-1.6598491632059
"MIR4470",-1.66024366833634
"CXorf38",-1.66087199506171
"TTLL8",-1.66144140665739
"PSG6",-1.66196112723254
"SPAG6",-1.66359109212941
"MTATP6P27",-1.66433478246587
"TRPS1-AS1",-1.66553343567631
"GARNL3",-1.66616504273638
"CICP27",-1.66626989506131
"LINC01782",-1.66768632181938
"ZSCAN12",-1.66799480295668
"DPT",-1.66824862618148
"ENPP1",-1.67011313866821
"SLC18A2",-1.67076834618362
"PRSS27",-1.67252177764619
"NIPBL",-1.67294852846395
"ANKRD33BP2",-1.67307149683269
"SCRN2",-1.67670449306202
"LINC01876",-1.67738181119934
"PIWIL1",-1.67778478136023
"OR8B10P",-1.67801183919026
"SNRPGP18",-1.67897462429681
"LYPD5",-1.67937225697808
"CALML5",-1.67951124121855
"ZNF790-AS1",-1.67978360248079
"CTTNBP2",-1.68000274907862
"CCL4",-1.68143733619376
"GP1BA",-1.68203966847137
"RPL5P1",-1.68284639950661
"CNTNAP3",-1.68432369557771
"LRRC37B",-1.68478458243602
"MR1",-1.68520427336755
"IGSF11",-1.68605478501946
"GPR39",-1.68853567098984
"PDE2A-AS1",-1.68854834253497
"PPIAP74",-1.68902092511888
"FERMT2",-1.68915968581347
"RPS3AP25",-1.68928737513083
"STRC",-1.68929297563041
"CRIM1",-1.68962433312782
"ACTBP4",-1.6899726686254
"UQCRB-AS1",-1.69007994140268
"SLC8A1-AS1",-1.69083343948312
"PNPT1",-1.69123862342858
"LRCH3",-1.6913230946766
"DBTP1",-1.69180665265388
"LCAL1",-1.69190248918035
"SLC23A1",-1.69205164631313
"CASC6",-1.69238296492825
"SSR4",-1.69238777391604
"ABCC4",-1.69321147273626
"NRP1",-1.69334239069817
"BRSK2",-1.69415148190026
"MEIG1",-1.69424244640855
"ZC3H13",-1.69548464953452
"COL9A2",-1.69566166112458
"FAM210B",-1.69606227775043
"SLC13A5",-1.69764561536808
"SLC5A9",-1.69946081662533
"ENPP6",-1.7009401551658
"CDK5RAP2",-1.70119883300594
"MTFR1L",-1.70199530684882
"ATL3",-1.7021883093957
"MAML3",-1.70228126144554
"LINC02844",-1.7026770911104
"ATP1A2",-1.7041361201672
"PALM3",-1.70688116275538
"SEPTIN3",-1.70692716986705
"CAMK2G-AS1",-1.70720027136468
"RFC4",-1.7083249444238
"DYNLT5",-1.71009551862148
"UBE2U",-1.71009551862148
"SPATA46",-1.71009551862148
"LINC01647",-1.71009551862148
"RPS3AP10",-1.71009551862148
"MTND2P22",-1.71009551862148
"MTND3P15",-1.71009551862148
"IGKV1D-35",-1.71009551862148
"ACER2P1",-1.71009551862148
"GALNT13-AS1",-1.71009551862148
"LINC00276",-1.71009551862148
"GBX2-AS1",-1.71009551862148
"LINC01804",-1.71009551862148
"MRPS17P3",-1.71009551862148
"LINC02047",-1.71009551862148
"IQCF6",-1.71009551862148
"LINC02048",-1.71009551862148
"PPBPP1",-1.71009551862148
"FAM218A",-1.71009551862148
"MAST4-IT1",-1.71009551862148
"PCDHA3",-1.71009551862148
"PCDHGB9P",-1.71009551862148
"PCDHB15",-1.71009551862148
"H3P17",-1.71009551862148
"TYMSP1",-1.71009551862148
"ESDP1",-1.71009551862148
"HOXA13",-1.71009551862148
"EEF1A1P26",-1.71009551862148
"LINC02932",-1.71009551862148
"TRAPPC13P1",-1.71009551862148
"RN7SL379P",-1.71009551862148
"XPNPEP2",-1.71009551862148
"MIR1302-7",-1.71009551862148
"C8orf34-AS1",-1.71009551862148
"RPL7P33",-1.71009551862148
"OR5P1P",-1.71009551862148
"LINC02686",-1.71009551862148
"RPL17P35",-1.71009551862148
"LINC01561",-1.71009551862148
"RNA5SP311",-1.71009551862148
"ARHGAP22-IT1",-1.71009551862148
"LINC02463",-1.71009551862148
"RN7SL761P",-1.71009551862148
"DHX9P1",-1.71009551862148
"HS6ST3",-1.71009551862148
"LINC00408",-1.71009551862148
"IGHV1-45",-1.71009551862148
"LINC00517",-1.71009551862148
"MYZAP",-1.71009551862148
"VN1R67P",-1.71009551862148
"RNU6-928P",-1.71009551862148
"KRTAP9-6",-1.71009551862148
"RNU6-706P",-1.71009551862148
"C18orf63",-1.71009551862148
"FOXS1",-1.71009551862148
"OCSTAMP",-1.71009551862148
"BPIFA2",-1.71009551862148
"BRI3BPP1",-1.71009551862148
"VN1R92P",-1.71009551862148
"OSTCP3",-1.71009551862148
"FAM197Y3",-1.71009551862148
"TERF2IPP1",-1.71009551862148
"PIWIL3",-1.71009551862148
"CPMER",-1.71009551862148
"RIBC2",-1.71009551862148
"XKR3",-1.71009551862148
"KRTAP13-6P",-1.71009551862148
"KRT13",-1.71032297431169
"ZMYND12",-1.71423415852822
"KCNS2",-1.71429179078265
"RASGEF1C",-1.71546225622867
"TATDN2P2",-1.7154649216111
"LINC02832",-1.71597188339643
"MARCHF10-DT",-1.71681538153954
"CDKL1",-1.71698738641937
"TRBV10-3",-1.71765414467193
"PLOD2",-1.7179032856341
"CEP192",-1.7179306669895
"PLEKHH2",-1.71800825488411
"LINC01948",-1.71901198991841
"IL1B",-1.71907150145196
"VDAC2P2",-1.71938137633379
"RN7SL118P",-1.72075605574429
"CRYGB",-1.72261275180271
"LINC00315",-1.72354096100456
"MAD2L1P1",-1.72448401056577
"TADA1",-1.72498605965277
"KCNT1",-1.72670216968248
"LINC00911",-1.73071373212423
"GLYATL1P4",-1.73178152246479
"FOCAD",-1.73519980753865
"TSPYL1",-1.73666708915145
"FER",-1.73776204958168
"NALCN",-1.73995940440092
"MARCHF10",-1.74019066792347
"NTNG2",-1.74390463763713
"EAPP",-1.74393403490715
"IPO13",-1.74465031235471
"OR11I1P",-1.7459193659941
"BCO1",-1.74610931675328
"BEND6",-1.74680751614377
"MIR5685",-1.74809222344779
"KILH",-1.74873190443792
"CCDC178",-1.74979156862992
"CNPY4",-1.7535469547502
"ZAN",-1.75603085293471
"KANK2",-1.75669867365837
"RPS27L",-1.75691644616678
"AGBL5",-1.75799743820868
"ZFYVE16",-1.75858168286118
"NDUFB4",-1.75990017301057
"STAT2",-1.761547592935
"TACC2",-1.76223842215517
"ANO7",-1.76373994214188
"TCTE1",-1.76421143924199
"CD244",-1.76469240941441
"ACP3",-1.76611537067744
"LINC01291",-1.7668951282376
"ANKRD36BP1",-1.76958891590886
"IKBKB-DT",-1.77095831532122
"XPA",-1.77256038302843
"CHST9",-1.77463775844359
"CLDN15",-1.77483382013057
"CDON",-1.77708958493614
"SLC37A3",-1.7793043623051
"LINC00858",-1.78114825712533
"FCGR2C",-1.78233369513005
"ABCB1",-1.7830158049825
"TPST1",-1.78416152717139
"RPL7AP31",-1.78469464091893
"SERPINA10",-1.78696568680335
"CDC42BPA",-1.78764890692773
"LINC02002",-1.78920724761671
"ADAMTS17",-1.78930391488322
"CDYLP1",-1.79130290175275
"C10orf105",-1.79290675343456
"SLC12A5",-1.79302523730746
"GJA1",-1.79985456826311
"RPL10AP2",-1.80056642916927
"LONRF2",-1.80481088660473
"GDPD1",-1.80904650926327
"NHIP",-1.80967542380566
"HFM1",-1.81038970843701
"C1orf202",-1.81061459892329
"PCDH7",-1.81364079624014
"LINC02945",-1.81413233625296
"MIR2467",-1.81414869771253
"SLC16A12-AS1",-1.81414869771253
"LINC02100",-1.81500980845952
"LINC01847",-1.82009850333962
"RSPO4",-1.82009850333962
"LPAR1",-1.82100425293964
"RNU6-564P",-1.8212802741059
"ULK4",-1.82264721395746
"RPL29P27",-1.82336045687029
"MIR325HG",-1.8234227501032
"ZBTB8OSP1",-1.82395553547166
"TLK2P2",-1.82466448517569
"SRP14P3",-1.82583136872725
"HHATL-AS1",-1.82589758692304
"RPL27AP5",-1.82655759397648
"TNFSF15",-1.82727270591587
"H2AC3P",-1.82780192259684
"LRFN3",-1.82881348215669
"SPTSSB",-1.82910993626385
"SORL1-AS1",-1.82939802064148
"CNTN4",-1.83136387268692
"RPS26P42",-1.83364769660736
"CYCSP38",-1.83425138468862
"MECOM",-1.83701154656518
"UBBP3",-1.83725891130152
"LINC01010",-1.83842310448394
"ANOS1",-1.83892685062032
"BNIP3P7",-1.83898361650058
"RWDD4P2",-1.83991714226535
"GRID2",-1.84055427142896
"KPNA7",-1.84252191552791
"ACAD8",-1.84650726818199
"SH2B3",-1.84800089510721
"MTND4P22",-1.84844371448201
"KLHDC10",-1.85172843015913
"LINC03099",-1.85201229208648
"ZHX3",-1.85395683020903
"CFAP65",-1.85409806579768
"ODR4",-1.85666333686588
"RN7SL827P",-1.85772333043972
"RHOBTB3",-1.85876981179177
"LINC01375",-1.85986247534684
"LIFR-AS1",-1.86030881976678
"TTC39A",-1.86120474149493
"CRABP1",-1.86138166003657
"POT1-AS1",-1.86149947070742
"RPL21P75",-1.86384601937991
"DUOX1",-1.86463404282652
"FZD1",-1.86522417405082
"FERMT1",-1.86534964497227
"CSRNP3",-1.8653841305597
"USP40",-1.86677246683832
"SLC22A13",-1.86825063420397
"TPRXL",-1.86913650451423
"RPS29P12",-1.86913650451423
"SAMD7",-1.87058434395771
"DAB1",-1.87188363108592
"ADAT2",-1.87258164289339
"PTCRA",-1.87403033015431
"IGLV5-37",-1.87413060928997
"MIR324",-1.87424031562684
"CPN1",-1.87432175768582
"LINC01671",-1.87432175768582
"SVIL",-1.87641842567493
"LINC00640",-1.87652153109944
"DTYMK",-1.87712673420516
"LINC00847",-1.87738764824799
"HES1",-1.87747751034939
"RPL39P3",-1.87800086598505
"LINC01645",-1.87928914931519
"ATP5ME",-1.8792892726658
"LINC01605",-1.88274836551664
"RADIL",-1.88337739158597
"SNX27",-1.88405090791858
"KAT6B",-1.88919824581886
"CADM2",-1.88954607436331
"PTPRN",-1.89423000313739
"LINC00474",-1.89473731708001
"ZSCAN1",-1.89571534487739
"SLC38A6",-1.89597325947192
"SCARNA9",-1.89636213695491
"TTC23L",-1.89856298542929
"LINC00251",-1.90090110083491
"PITPNM3",-1.90211800809607
"RET",-1.90258255571446
"PANK2",-1.90261831855158
"LIN54",-1.90285834420874
"KRT8P19",-1.90300043234531
"PDGFRL",-1.9034864921855
"LINC00824",-1.90515803486584
"SOX9",-1.90518914648938
"CYP1A1",-1.9060802746008
"ZNF112",-1.91105180779236
"ASIC1",-1.91413966426488
"LINC02616",-1.91494757704589
"RPL21P80",-1.91837046091107
"TRIM36-IT1",-1.91887993201028
"DSCAM",-1.92094497311405
"MKRN2OS",-1.92101293370207
"SEC31B",-1.92156469674616
"PTPN11P1",-1.92312107493349
"KCNT2",-1.92328192903614
"LINC01388",-1.92405682923462
"SNORD72",-1.92759443458054
"LIX1L",-1.92823387369082
"KCNJ2-AS1",-1.93003869808971
"PALMD",-1.93245790583911
"RPSAP4",-1.93499415959959
"UGGT2",-1.93572037572832
"TRAJ31",-1.93869693000981
"SAMD10",-1.93995450682439
"ZNHIT6",-1.94100487215497
"TEDC2",-1.9414424928666
"LINC01615",-1.94166052558448
"MIR202HG",-1.94240948763148
"RGS7BP",-1.94271806852668
"MIR4518",-1.94287641433398
"CAMSAP1",-1.94328582766267
"RARRES2",-1.94416624451132
"ARIH2P1",-1.94634179650963
"NUPR2",-1.94706291436035
"MARCHF6-DT",-1.94907821054822
"ZBTB47-AS1",-1.94968138342558
"CDAN1",-1.95038512932271
"TTC31",-1.95439970482572
"TACSTD2",-1.95540791864167
"LINC02939",-1.95584611363342
"MTATP6P2",-1.95727243238522
"PMS2P9",-1.95736654731427
"CENATAC",-1.95740839972089
"IGHV3-65",-1.95744043154277
"PRNCR1",-1.95758500424242
"UPK1B",-1.95777931756689
"NDUFA6",-1.9598181802944
"CNIH3-AS2",-1.96190458241686
"ZNF807P",-1.96456322523587
"EPHB2",-1.96531935015581
"MID1IP1-AS1",-1.96548134040335
"TBPL1P1",-1.96562998483552
"LINC02715",-1.96597862672347
"LINC01213",-1.96791687693654
"PCLO",-1.97203946191364
"KRT8P5",-1.97297504163116
"PWRN1",-1.97506324485534
"PROS1",-1.97527664311875
"SERPINA12",-1.97554789320201
"UXT",-1.97680477114673
"FAM217B",-1.9818006830659
"RPS11P5",-1.98306399845041
"UBE2FP1",-1.9841173406438
"PYHIN5P",-1.9846045272553
"RAB7B",-1.98505336574502
"ST6GAL1",-1.98542760194682
"DGKK",-1.98796145402756
"TAT-AS1",-1.98987364823417
"STK38",-1.99204398449634
"LDHAP1",-1.99273224733301
"SAAL1",-1.99355625417618
"PNISR-AS1",-1.99436644919176
"H1-4",-1.99530940129814
"KCTD9P5",-1.99564366496484
"TCP11",-1.99620501568417
"MTND4P8",-1.99744432862823
"CHN2",-1.99749742664644
"MITD1",-1.99933926120281
"FOXG1-AS1",-1.99993173295878
"EML2-AS1",-2.00146338536114
"IPO5",-2.00236110674184
"PRDM4-AS1",-2.00288651751189
"C2CD5",-2.00313790979673
"ANGPTL2",-2.00316894303461
"CFB",-2.0032383705042
"RPS29",-2.00626109113481
"LGSN",-2.00664535068627
"LINC02067",-2.00688960498396
"LRP8",-2.00689826694457
"LINC02122",-2.00694843164869
"TMTC3",-2.00961402612601
"EVA1A",-2.01018931689247
"PTPRK-AS1",-2.01544911632149
"ABCG4",-2.01906374274935
"TRBV18",-2.02526504272217
"NOC3L",-2.02713592792305
"ANKFN1",-2.0289581662411
"CACNA1E",-2.03050909943033
"HNRNPA3P6",-2.03161704079549
"LINC02882",-2.03348454638902
"LRRC75B",-2.03568473839276
"MPRIP-AS1",-2.03852829876721
"ADAM22",-2.04358152789991
"KIF7",-2.04359185226379
"RNU2-33P",-2.0439165807868
"SYT12",-2.04469951043523
"PROX2",-2.04615252959445
"ZNF516",-2.04756802530556
"RNU6-636P",-2.04935480857067
"TBC1D3P6",-2.04935480857067
"VIT",-2.04935480857067
"MORC1",-2.04935480857067
"THAP12P2",-2.04935480857067
"MTND5P16",-2.04935480857067
"LINC02031",-2.04935480857067
"MIR297",-2.04935480857067
"BMPR1B-DT",-2.04935480857067
"RPS27AP18",-2.04935480857067
"MYCT1",-2.04935480857067
"GSTA2",-2.04935480857067
"HOXA4",-2.04935480857067
"CRPPA-AS1",-2.04935480857067
"VTRNA3-1P",-2.04935480857067
"PANX3",-2.04935480857067
"OR51S1",-2.04935480857067
"FAM13C",-2.04935480857067
"RPL12P26",-2.04935480857067
"NF1P11",-2.04935480857067
"KRT224P",-2.04935480857067
"RN7SL50P",-2.04935480857067
"FRG2LP",-2.04935480857067
"PTPRT-DT",-2.04935480857067
"OR7G1",-2.04935480857067
"LINC01791",-2.04935480857067
"LINC00308",-2.04935480857067
"SNX18P13",-2.04935480857067
"PABPC1P7",-2.04967383944087
"CPXM2",-2.05111185312166
"ERMN",-2.06296180627006
"TNNI3",-2.06321910317423
"WDR97",-2.06388030723498
"ADGRL2",-2.06441552172698
"NANOS1",-2.06717046034246
"CMBL",-2.06733873253418
"SHANK2-AS1",-2.06791126629329
"ZNF30-AS1",-2.07068689987728
"SUGT1",-2.07237355057805
"TPD52L1",-2.07332580408878
"MATR3P3",-2.07342719060275
"LINC02765",-2.07467607130762
"AKR1B15",-2.07679470335456
"RPS13",-2.07971483602212
"SLC25A21",-2.0801494325308
"MYH8",-2.0817576515278
"RNU6ATAC29P",-2.08340209070171
"RPL39",-2.08448974329177
"RPL7P1",-2.08654985860741
"WRAP53",-2.08886189486972
"SIMALR",-2.08991945885472
"GRM2",-2.08996983471783
"LINC01482",-2.09031944699259
"OR4K1",-2.09141291305893
"LINC02405",-2.0916818045647
"CIPC",-2.09257510444188
"SOD2",-2.09402351780146
"COL13A1",-2.09516722337784
"LINC01470",-2.09803554834073
"ZC3HAV1",-2.09945910622566
"LINC01830",-2.10057507275049
"HTR4",-2.10577106032479
"LINC00967",-2.10834365070621
"KRT6B",-2.10962789246263
"DLG3",-2.10989249174057
"DMXL2",-2.11060694494839
"SLC25A27",-2.11182636154397
"IMMP1LP3",-2.11419330180122
"MRPS24",-2.11497940381834
"B3GALT1",-2.11634563839616
"DLAT",-2.11706086719917
"PKNOX1",-2.11797817320126
"HS3ST2",-2.11832550345458
"NECAB2",-2.11920127998309
"PRKX-AS1",-2.11990227756645
"CMTM2",-2.11993229240591
"LCMT1-AS1",-2.12017056101882
"WDR93",-2.12133133493821
"SFRP1",-2.1223781838788
"KBTBD12",-2.12351428967126
"BCAS2P2",-2.12396439409285
"EIF4E",-2.12566613517472
"POM121L3P",-2.12591633690704
"MMADHCP2",-2.13140409579056
"CPLANE1-AS1",-2.13193787330002
"LINC01949",-2.13272068730697
"GNAI2P2",-2.13272068730697
"C16orf82",-2.13272068730697
"ZNF560",-2.13272068730697
"FGR",-2.13372633524891
"LRRC52-AS1",-2.1339376197755
"FAHD2P1",-2.13413611562696
"SCARNA18",-2.13439715017426
"TRAJ54",-2.1346336300933
"SDHAF4",-2.1401732881437
"TICAM2-AS1",-2.14049152711364
"IL12A-AS1",-2.14573904770631
"ZNF738",-2.14665593329737
"HIGD2B",-2.14676652380506
"SKP1P2",-2.14816070123473
"LINC02513",-2.15174666879887
"DMRT1",-2.15551536655607
"LRP8-DT",-2.15854338864457
"LINC02160",-2.15872084011469
"LINC02414",-2.16185630863051
"CFH",-2.1625402171092
"CAMK1G",-2.16323082935673
"TLR2",-2.16470904245028
"KDM2B-DT",-2.16531228555805
"RAB40A",-2.16693196462463
"LINC01140",-2.16871676737773
"APPAT",-2.16942376775425
"MIR548C",-2.17083378952531
"HMGN1P20",-2.17104189245006
"PSG11",-2.17400492158525
"CDH6",-2.17471801299765
"TRBV5-2",-2.17619969483784
"LINC02773",-2.17833726113168
"CFAP52",-2.17870763528862
"TRAM2",-2.17925026170357
"GNGT1",-2.18145854769046
"RPS7P11",-2.18211096952907
"RPL4P5",-2.18334863964001
"SHISA3",-2.18342764792943
"ESYT3",-2.18428113247031
"LRRC37A11P",-2.18460395022398
"CATSPERG",-2.18967932514316
"EAF1-AS1",-2.19131980218387
"ERLNC1",-2.19200373653094
"ELL3",-2.19335927810645
"TARID",-2.19408277438751
"HEPHL1",-2.19758180938875
"CDH5",-2.1987030851849
"MYO18A",-2.19976689372035
"IDH3A",-2.2027396016529
"YAE1",-2.20305440380667
"HLA-W",-2.20325172503129
"RNF32",-2.20454091364514
"SNORA14A",-2.20485601527917
"CDK2",-2.20897047337988
"LINC00589",-2.2105239929261
"LINC01412",-2.21188231574057
"DLK2",-2.21519615350923
"MARVELD1",-2.21586680264259
"VWF",-2.21740131070881
"MCEMP1",-2.21742595694845
"OST4",-2.21833927423479
"CYLD-AS2",-2.21916930685807
"THSD7B",-2.22036481401476
"RPS3AP21",-2.22181699859515
"POU6F2-AS1",-2.22214527004145
"RPS16",-2.22444090928598
"WDR5",-2.22649747175461
"LINC00681",-2.2270574422421
"MEI4",-2.22825437607572
"RPS27P13",-2.22989210094838
"GK5",-2.2299170794796
"ANGPTL3",-2.23253001143821
"CLPTM1LP1",-2.23253001143821
"LINC02789",-2.23253001143821
"OR7E66P",-2.23253001143821
"THAP12P9",-2.23253001143821
"C4orf54",-2.23253001143821
"OR7E136P",-2.23253001143821
"MAGEC1",-2.23253001143821
"SAGE1",-2.23253001143821
"PURG",-2.23253001143821
"TUBB4BP2",-2.23253001143821
"OR9G2P",-2.23253001143821
"MBL3P",-2.23253001143821
"KRT78",-2.23253001143821
"NMNAT1P1",-2.23253001143821
"GOLGA6L1",-2.23253001143821
"LINC01583",-2.23253001143821
"CENPK",-2.23390628567732
"PRX",-2.23440489799353
"TRAV2",-2.23490513505387
"LINC00466",-2.23574384753307
"DAW1",-2.23775878394914
"CENPJ",-2.23881667383215
"RPL23AP32",-2.23918168930849
"ANXA13",-2.24072905838353
"PTPRS",-2.2408573853866
"LINC01117",-2.24185844077729
"GABRG3",-2.24293856112114
"ZNF74",-2.24586432405221
"LINC02615",-2.24597371356457
"LINC00470",-2.25212212268765
"ELOVL1",-2.25317385218548
"LINC01206",-2.25431843728637
"SULT1C2",-2.25438184030522
"KCNIP3",-2.25506054296203
"NKAIN3",-2.25744867806687
"DSC3",-2.25817158284142
"GLRA2",-2.2599051973463
"PRDM10",-2.26108986651805
"LINC02198",-2.26112045011489
"LSM11",-2.26235066508608
"RPL24",-2.26512890096362
"RPS24P8",-2.2666535714293
"INTS4",-2.2669532484625
"TYROBP",-2.26738178710466
"ZMYND10-AS1",-2.27079675948366
"LINC01005",-2.27341624821179
"RPL17P40",-2.27415877812574
"CBX3P8",-2.27421293045942
"BEST1",-2.27518891387388
"OR5B3",-2.27617618805135
"LINC02232",-2.28106264571301
"ARPC3P3",-2.28157893662765
"HMGB1P6",-2.28285039957772
"RN7SL749P",-2.28302080415052
"EIF2B3",-2.28447024517578
"PDIK1L",-2.2844763431506
"ANKRD44-AS1",-2.28594475356597
"BBOF1",-2.28729296770807
"RNASE6",-2.28906058026807
"NEBL-AS1",-2.29257211943791
"CTHRC1",-2.29262185732578
"VTRNA1-3",-2.29315335352755
"KATNBL1P1",-2.29770563863441
"PTMAP9",-2.29909975245554
"DBH",-2.29991599311441
"GOLGA8O",-2.30083056585937
"S1PR3",-2.30231764549253
"KIF1C-AS1",-2.30329985091906
"LRRC15",-2.30339875394729
"ANKRD30B",-2.30370172066488
"NSFP1",-2.30418386873855
"SLC39A12",-2.30425723972911
"LINC02918",-2.30569480378319
"PRODH2",-2.30603960604618
"RPL24P2",-2.30735034205221
"KRT6C",-2.30843835518073
"GNA11",-2.30986453537241
"BVES-AS1",-2.31019956790399
"POU2F3",-2.31109202217851
"H2AC8",-2.31636610608039
"JAKMIP3",-2.31889884257512
"PPP4R4",-2.3192259962901
"PLPPR3",-2.31979449313565
"HSD17B2",-2.3202025925334
"RNU6-1157P",-2.32105502941012
"LINC01203",-2.32388152908723
"DHFRP6",-2.32457142166064
"SETDB1",-2.32564008815844
"ZNF728",-2.32693428128816
"PNPT1P1",-2.32927974477425
"TCP1P3",-2.32937371207117
"RHAG",-2.33181770333775
"ZNF355P",-2.33182049422376
"OR7H1P",-2.33210267525823
"PEBP1P3",-2.33532801629445
"TTC22",-2.33694244319329
"CADM3",-2.33972033848227
"SALL4P5",-2.33972033848227
"CX3CL1",-2.34050023873193
"CACNB4",-2.34356016756588
"C1D",-2.34593736053712
"KRT8P34",-2.34667898423277
"ZBED3-AS1",-2.34755331539781
"LINC02202",-2.34839499216296
"CD300E",-2.34951793977824
"LINC01695",-2.35102330243201
"LOLI1",-2.35276175840914
"NRG1",-2.35285950091071
"LINC01556",-2.35309668146043
"UBXN4",-2.35439637205562
"GPR3",-2.35543455332037
"CRB1",-2.35637705352651
"CYP7A1",-2.35725217809884
"LINC02453",-2.35787611423151
"LINC02780",-2.36159607700858
"MPDZ",-2.3633307219394
"DST-AS1",-2.36427945250868
"DHRS4L2",-2.36695814269893
"RPS18",-2.36949652333368
"LINC00491",-2.36957314707144
"CLEC18C",-2.37007381697407
"RPL26",-2.37435731596599
"SLC35F3",-2.37484213104305
"OR8A1",-2.37682305865767
"ZFP3-DT",-2.37709187983275
"RNU6-125P",-2.38175953803275
"ZNF230-DT",-2.38451932666153
"PAIP1P1",-2.38525948342694
"ZNF503-AS1",-2.38562908529301
"GPX2",-2.38642135274721
"MT-CO2",-2.39035334458844
"RPL22L1",-2.3914414363148
"CKAP2P1",-2.39331931924695
"DGCR8",-2.39341465890203
"F9",-2.39964313394226
"SLC30A3",-2.39981236314062
"NOX4",-2.40005176780907
"SAR1A",-2.40170063574988
"TXNP3",-2.40336855143977
"NECTIN4",-2.40336855143977
"OR2T6",-2.40336855143977
"SPRR2G",-2.40336855143977
"RPL36AP9",-2.40336855143977
"LINC02769",-2.40336855143977
"LINC02897",-2.40336855143977
"PPIAP62",-2.40336855143977
"NEK2P4",-2.40336855143977
"CCDC54",-2.40336855143977
"LINC01983",-2.40336855143977
"POU4F2",-2.40336855143977
"RNU6-1305P",-2.40336855143977
"STC2",-2.40336855143977
"KRT18P65",-2.40336855143977
"RPS3AP24",-2.40336855143977
"CICP22",-2.40336855143977
"SPDYE20P",-2.40336855143977
"KIAA0087",-2.40336855143977
"RRM2P3",-2.40336855143977
"FRMPD4-AS1",-2.40336855143977
"TNMD",-2.40336855143977
"RN7SKP20",-2.40336855143977
"MTCYBP32",-2.40336855143977
"SLC18A1",-2.40336855143977
"NUTF2P3",-2.40336855143977
"OR8J2",-2.40336855143977
"OR5B15P",-2.40336855143977
"PATE4",-2.40336855143977
"OR8J1",-2.40336855143977
"OR4A44P",-2.40336855143977
"LINC02952",-2.40336855143977
"KCNQ1-AS1",-2.40336855143977
"LINC02744",-2.40336855143977
"LINC02683",-2.40336855143977
"NPAP1P3",-2.40336855143977
"SLC9A3P1",-2.40336855143977
"MBL2",-2.40336855143977
"DYDC2",-2.40336855143977
"DPPA3P3",-2.40336855143977
"RPL5P31",-2.40336855143977
"RPL21P112",-2.40336855143977
"LINC00427",-2.40336855143977
"LINC00642",-2.40336855143977
"SNX19P3",-2.40336855143977
"EIF4E2P1",-2.40336855143977
"IDI1P3",-2.40336855143977
"PSG7",-2.40336855143977
"KLK15",-2.40336855143977
"CEACAMP6",-2.40336855143977
"RN7SKP210",-2.40336855143977
"ZNF441",-2.40386136134643
"CST8",-2.40904472877876
"CDKN2A",-2.41052900485278
"CYP11A1",-2.4106980950335
"FAM99A",-2.41084000411638
"FAM178B",-2.41091609532765
"CCL24",-2.41135605122428
"FGFR4",-2.4117781743714
"ZSCAN25",-2.4216666296041
"RPLP0P6",-2.42188308511464
"LINC01923",-2.42241308418941
"SH3RF3-AS1",-2.42543637023669
"CADPS",-2.42717417397919
"F2R",-2.43226464904047
"ATP5MF-PTCD1",-2.43248201167612
"LINC01138",-2.43268101350348
"OR14I1",-2.43298146278845
"LINC01716",-2.43298146278845
"SCYGR10",-2.44003819380893
"LINC02380",-2.44277578608314
"RPS7P15",-2.44324703960842
"KALRN",-2.44349628441896
"RPL12P2",-2.44593968735565
"NSUN3",-2.44598869976887
"FKTN",-2.44615198591329
"RPL23AP66",-2.44730088051076
"CDH26",-2.44781486726489
"PPIAP78",-2.4490032121452
"TPX2",-2.44955829901967
"FUT3",-2.45253985375051
"HMGA2-AS1",-2.45842850309034
"CD68",-2.45961819586175
"LIAS",-2.46077856657564
"ELOVL7",-2.46358755082129
"ACTBP11",-2.46469660580927
"BCLAF1P1",-2.46772016608364
"LINC02631",-2.46928986583557
"CCDC177",-2.46932013365017
"PREX2",-2.46954630821157
"CACNA1A",-2.47022827829549
"TACC1P1",-2.47255543936037
"OR5P4P",-2.47312574989665
"RPLP2",-2.47477678871426
"UCP3",-2.47496418351001
"ASAH1",-2.47566181315593
"RPL7P23",-2.47594030759009
"ACER2",-2.47755700992386
"EAF1",-2.47836975810619
"MYOSLID-AS1",-2.47843353425841
"NPEPL1",-2.48063720378613
"KCNJ16",-2.48119246892315
"USP44",-2.48219025302917
"RPL37A",-2.48251771668814
"IFITM1",-2.48316764709273
"ITGAX",-2.48392645324679
"KRT83",-2.48921454446693
"MRPL15P1",-2.49262414319811
"GLT8D2",-2.49293130163292
"LINC-PINT",-2.49754815790013
"ANKRD33B-AS1",-2.49806768980819
"HEATR3",-2.50026011440239
"CARD8",-2.50062569176522
"POLG2",-2.50557696110097
"ITGBL1",-2.50776918473478
"HIPK1-AS1",-2.51031125995356
"LINC02893",-2.51163969938571
"RETREG3",-2.51281669237363
"YWHABP2",-2.51369935588398
"PDE7B",-2.51429364787112
"LINC02216",-2.51705970329836
"HK3",-2.51727776148244
"GRIN1",-2.51961388028447
"UBE2R2-AS1",-2.52454662989197
"ATP5MGL",-2.52831153043065
"PDZD2",-2.53001792364688
"COL4A6",-2.53037449515958
"DOCK8-AS2",-2.53099103534407
"CRELD1",-2.53296965637299
"NPM1P27",-2.53483800050941
"AGXT",-2.53597890475776
"AGFG2",-2.5375843584633
"MEX3C",-2.53760716173388
"RPL34P33",-2.53856635377469
"MYH13",-2.54005265147648
"CYLC1",-2.54054896713616
"TUG1",-2.54119042668036
"TGFA-IT1",-2.5423301829578
"MIR3663HG",-2.54326547079211
"NPAS3",-2.54345730171169
"DIS3L",-2.54353701147026
"HMGN1P1",-2.54363835107161
"HIGD1AP1",-2.5443965133588
"STAG1-DT",-2.54464321487115
"NKAIN2",-2.54973573358114
"GNRHR",-2.55017653544999
"POLR1F",-2.55062167198088
"GBGT1",-2.55202146165228
"KCTD7",-2.56052505639724
"RPL22",-2.56106739640843
"LINC01170",-2.56238434663964
"SNX2P2",-2.56452685184347
"SRSF5",-2.56519217452228
"HMGB2",-2.56729634012019
"TLCD2",-2.56733419427223
"RENO1",-2.56966885023567
"ZNF676",-2.57086566852843
"SPTLC2",-2.57115333901765
"RN7SL306P",-2.57234733794851
"HNRNPH1",-2.57278383967705
"LAIR2",-2.57364405580314
"PHF10P2",-2.57777519912709
"HTR5A",-2.57801177210263
"STARD4-AS1",-2.58054004983523
"MARS1",-2.58122305912479
"RPS6KA2",-2.58362035699431
"SLC22A1",-2.58716399821049
"RDM1",-2.58766346675469
"PLXDC2",-2.59305567397522
"FDPSP7",-2.59539136523572
"RPSAP65",-2.59931603754919
"RBMS2",-2.59951246535388
"CYP4F26P",-2.60006230494444
"BNC2",-2.60173499430038
"TRAJ28",-2.60322037392392
"AK3P5",-2.60672734628156
"SETP10",-2.60943448468035
"GPM6A-DT",-2.60965943528014
"RNU6-1085P",-2.60992805960496
"LMF1",-2.61020797271566
"MTND5P9",-2.61193522770238
"RPL7P9",-2.61508693020052
"BCLAF1P2",-2.61560998163268
"SRGAP2-AS1",-2.61874138598364
"FMO2",-2.61903514595997
"CAPN9",-2.62019832820971
"H2BC8",-2.62133732464835
"CYP2A13",-2.62237906474709
"PELI3",-2.62377512419508
"LINC02127",-2.62402099867732
"SLC25A20",-2.62444859711725
"LINC00622",-2.62659242197096
"RDH10-AS1",-2.62758296287064
"MAP1B",-2.6285542871209
"SLC9B1P4",-2.62919188980116
"TMEM88B",-2.63061249032892
"CA14",-2.63169488504497
"AUNIP",-2.63208732576029
"MAB21L3",-2.63234487418434
"LINC00446",-2.63591087126965
"SAG",-2.6390275416026
"PDLIM5",-2.63910777033324
"AASS",-2.63943268409701
"CBX1",-2.64022762948071
"CLTA",-2.64062828516041
"KLRF2",-2.64117280645607
"CDC37P2",-2.64248670991784
"LINC01115",-2.64339122709921
"ZNF792",-2.64643866548697
"LINC01570",-2.64747803018104
"CSNK2A2",-2.65140537582205
"RNU7-49P",-2.65416131270677
"IL11",-2.65486727902745
"GALNT16-AS1",-2.65579750628913
"FOXN3P1",-2.65611858211243
"SPATA18",-2.65679186978109
"TBC1D24",-2.65833817434119
"C2CD2",-2.65878418701128
"BTF3P10",-2.66202194500264
"GSK3B",-2.66344971678971
"LRRC38",-2.66360666439179
"LINC02185",-2.66365658845526
"ARHGAP42",-2.66629125426006
"LRRC27",-2.66938017436717
"MIR1282",-2.67689611364907
"MIR194-1",-2.6769169506602
"GATA3-AS1",-2.67761690539205
"LINC02915",-2.67778923641404
"RPL12P44",-2.68056504960794
"MTND2P33",-2.68077809123057
"SEMA3E",-2.68166599531243
"ZNF433-AS1",-2.68226413643502
"RPS12P3",-2.68355390772785
"ZNF205",-2.68563821307895
"SYT16",-2.68627242782273
"ALDH1L1-AS2",-2.68794578951525
"CSNK1G2-AS1",-2.68845862887739
"FUNDC1",-2.68863641258665
"MTND1P9",-2.68910055043733
"MXRA5",-2.69058478326427
"KLHL30-AS1",-2.69265914041559
"NUFIP1P1",-2.69679298945372
"H4C5",-2.69759225974369
"CLCNKB",-2.70481416836002
"ADH7",-2.70481416836002
"MNX1-AS1",-2.70481416836002
"ARHGEF4-AS1",-2.70751589360305
"TMPRSS15",-2.70751589360305
"ATP6V0CP1",-2.70779370530768
"GDAP1L1",-2.70790428065164
"KIAA1143",-2.70798150850616
"LINC00880",-2.70949470142585
"CCR10",-2.70990945234143
"PAX3",-2.71502751334261
"DPY19L3",-2.71693529546275
"HLA-DQB2",-2.71808220957855
"MGAM2",-2.71966027138963
"LINC00428",-2.72239329468224
"RFC2",-2.73041678980689
"NUAK1",-2.73269111656059
"NPM1P31",-2.73568154846481
"LINC01826",-2.73955469654305
"RANBP9",-2.74062062732274
"H4C8",-2.74267824527761
"HLCS-AS1",-2.74408792148319
"ELMO2P1",-2.74631931850469
"ZFHX4",-2.74821553527577
"MLC1",-2.75526724648497
"GPR158-AS1",-2.7583395644208
"UCA1-AS1",-2.75842854985209
"RCN1",-2.76023594235214
"GPR137C",-2.76063984493675
"SLC24A2",-2.76226198087611
"FAM53A",-2.76353686376395
"ISCUP1",-2.76501974410074
"HSPB7",-2.76501974410074
"OR2T2",-2.76501974410074
"MTND5P18",-2.76501974410074
"ZP3P2",-2.76501974410074
"SEPTIN14",-2.76501974410074
"MTCO1P25",-2.76501974410074
"GNA14-AS1",-2.76501974410074
"IFNA16",-2.76501974410074
"ZNF37CP",-2.76501974410074
"LINC02929",-2.76501974410074
"NTAN1P3",-2.76501974410074
"LINC02342",-2.76501974410074
"RBPMS2",-2.76501974410074
"IGHV1OR15-9",-2.76501974410074
"RNU6-23P",-2.76501974410074
"ERVK-28",-2.76501974410074
"LINC01638",-2.76501974410074
"LINC01665",-2.76501974410074
"WDR4P2",-2.7662027079575
"DUXAP3",-2.76901924427398
"XRRA1",-2.77041698882299
"HID1-AS1",-2.77268247811025
"LRP1-AS",-2.77312097025257
"BASP1-AS1",-2.77313460719732
"EDDM13",-2.77424051849648
"CLIC4P2",-2.7767639633338
"GALNT13",-2.77689926504163
"MAP2K5-DT",-2.78278478586401
"GREP1",-2.78301848589814
"KLHDC8B",-2.7832965477451
"EEF1A1P1",-2.78458287738979
"SIRPB2",-2.78475070368231
"TCF7L2",-2.78505351990895
"ODAD2",-2.78705359578987
"ZNF840P",-2.7871217002659
"ATP9A",-2.78788463385461
"CFAP69",-2.78815121293494
"SLFN12",-2.78923798378195
"KLHL4",-2.79198983711059
"LINC00839",-2.79374192878494
"DPP10-AS1",-2.79581885376991
"DHRS4",-2.79848485720237
"RPL26P36",-2.8031629144638
"PADI3",-2.81204263894173
"SPAG16-DT",-2.81230659693246
"OR52N2",-2.81351023167986
"RNA5SP290",-2.81423848224
"INSL6",-2.81684625564914
"C14orf39",-2.81763506140262
"OR1F1",-2.8192070395644
"OR4A46P",-2.82264431947633
"ATP6V0C",-2.82322373395547
"MGAT4C",-2.82380261265243
"SSBL3P",-2.82452665655165
"HSBP1L1",-2.8267086943496
"GALNTL6",-2.82678063101585
"EPB42",-2.82746431102413
"RNU6-731P",-2.82898414092013
"LETR1",-2.82917453922141
"LINC01613",-2.83194990669194
"RUSC1",-2.83263255090002
"SLC22A4",-2.83319563879809
"CFAP58-DT",-2.83421699080018
"OLFML1",-2.83573421740555
"ENTPD3",-2.83825184899531
"NOTCH3",-2.84233450382197
"ZNF410",-2.84471189463305
"RBIS",-2.84774784792017
"TSN",-2.84823212179367
"EPCIP-AS1",-2.85294126889347
"RPL31P4",-2.85302687965273
"PMCH",-2.85331349156192
"THNSL1",-2.8591538556349
"GAPDHP21",-2.85966214966449
"HEY2-AS1",-2.86088654386837
"GSDMA",-2.8630250512047
"LINC02413",-2.8630579914714
"SLC16A14P1",-2.86620455624172
"ATXN8OS",-2.86871666247025
"PPP1R12A-AS2",-2.8694120567626
"RNU2-68P",-2.86990542344191
"LINC01378",-2.87316617848507
"GAS5-AS1",-2.87373463193828
"ME2P1",-2.87559130692712
"LRP4",-2.87715720791817
"RNU6-933P",-2.87739227312393
"HMGN1P8",-2.87788830354908
"SLC17A4",-2.88698313000598
"IFNA2",-2.8883092763867
"TUNAR",-2.89168171363235
"TAF15",-2.89242337601545
"LYPD6B",-2.8925277688649
"EDNRA",-2.89277083901146
"ZBTB20-AS3",-2.89509095152084
"NEXMIF",-2.89834226429243
"MPPED2",-2.8985763776402
"RPL23P6",-2.90131892752195
"C11orf65",-2.90299968382184
"HOTAIRM1",-2.903433143868
"LINC01297",-2.90744286255233
"COX6B1P5",-2.9084650844831
"RTTN",-2.90892919256152
"RNU6-603P",-2.90991440722104
"NSUN7",-2.91039085498086
"INTS6-AS1",-2.91089206154215
"GAPDHP58",-2.91121803810331
"LINC02727",-2.91121803810331
"NETO1",-2.91121803810331
"ZNF395",-2.91158072393126
"TMDD1",-2.91643250397955
"NLRP4",-2.92000051994983
"LASTR",-2.92061987173367
"R3HDML",-2.92171629532789
"PDE11A",-2.92223886393533
"LAMTOR3",-2.92475109947775
"MBOAT2",-2.92701499687831
"LINC01905",-2.92767418828553
"HSPE1",-2.93331228280766
"PARPBP",-2.93504184918525
"ACE2",-2.93565130419299
"SUGCT",-2.93640793718922
"PCYT1B",-2.9380127154196
"CORO6",-2.94058323506708
"EIF4EP2",-2.9413453704136
"NEIL2",-2.94162484806032
"STARD8",-2.94295919293647
"POLR3D",-2.94612802904287
"RNA5SP385",-2.94668364065436
"HNRNPA1P28",-2.94889388539685
"MAGI2-AS3",-2.95078318753607
"C16orf54",-2.95218729023925
"ARK2C",-2.95325479014835
"MYL2",-2.9567669802856
"IL1RL1",-2.9606864542849
"LINC02682",-2.96130388306539
"NOP2",-2.96178720158105
"RPS27P21",-2.96231915928084
"ROPN1L",-2.96491245168717
"CBX2",-2.96552497387427
"QRICH2",-2.96563112767438
"SNORA16B",-2.97134749788969
"RN7SL432P",-2.97222324322818
"RN7SL477P",-2.9723960991327
"LINC02311",-2.97370019745771
"LINC02284",-2.974326807799
"BCLAF3",-2.97598556406292
"CSMD1",-2.97631584643142
"LAMA2",-2.97869158148657
"C10orf90",-2.98137540389328
"LINC00870",-2.98448301398504
"HMGN2P38",-2.98538089550992
"OR51A4",-2.98538089550992
"RNU6-602P",-2.98538089550992
"LINC02322",-2.98538089550992
"LINC01289",-2.98677965353963
"C11orf21",-2.98696385354148
"LINC01019",-2.98795845089235
"LINC01055",-2.99468786802381
"TARM1",-2.99951099154441
"SGIP1",-3.00028035593656
"GOSR2-DT",-3.00105375075494
"GPR42",-3.00200076628007
"TGFBR3L",-3.00258275436657
"FSCB",-3.00298445161788
"SNRPCP4",-3.00380158737288
"FTH1P1",-3.0056879058717
"ACTBP15",-3.00815154466613
"GLP2R",-3.01467397637443
"LINC01269",-3.01638870929642
"TEX51",-3.01653342380905
"DDX55P1",-3.01813961160819
"RHBG",-3.02518277006829
"MCHR1",-3.02545989700233
"MRPS10",-3.02616920698432
"SLC2A12",-3.02809939810468
"CD5L",-3.03032216408026
"CDH16",-3.03055247115774
"THRAP3P1",-3.03600837913964
"RNF227",-3.04550535164325
"LINC02038",-3.0472741001213
"ZNF185",-3.04751714545862
"SNRPF",-3.0475820036462
"OR6Y1",-3.04822422656565
"C1orf216",-3.04933811042078
"PRDM7",-3.0495389204569
"OR4N2",-3.05005708914717
"RNA5SP492",-3.05047980236826
"CAPN14",-3.05248152871133
"SMC2",-3.05315418049944
"CORO2B",-3.05483685471242
"AASDH",-3.0553603310948
"TRIM29",-3.05575159978588
"ACRBP",-3.0603521718188
"LINC01850",-3.06036771464048
"TCF23",-3.06364046587204
"ZNF846",-3.06880015991885
"MAB21L4",-3.07147562573687
"DACH2",-3.07329753851171
"ADAM3A",-3.07329753851171
"LINC01886",-3.07334890485066
"SAMSN1-AS1",-3.07353796358208
"RRM2B",-3.07504399239378
"RAET1E",-3.07569307234705
"APOL4",-3.0757321643422
"OR56A3",-3.07942406865127
"ATP5MGP2",-3.08085168208437
"OXCT2",-3.08168049219057
"ELOCP33",-3.08178216410812
"SPAM1",-3.08254532647611
"IL31RA",-3.08565761442621
"EXTL3",-3.09509259115593
"PPM1L",-3.09869016334142
"LINC01724",-3.0991955270786
"LINC02917",-3.10247038531476
"RPL21P39",-3.10760684345573
"ARMH3",-3.11139706722248
"NARS1",-3.11152587707091
"LINC02207",-3.1118029068337
"ARHGAP6",-3.11452777739659
"EPCAM-DT",-3.11525153838809
"IL13",-3.11803241137997
"CATSPERD",-3.12154271630624
"CAP2P1",-3.12256753396237
"DEPDC1",-3.12398539273315
"RNASEH1",-3.12474277887853
"SELENOO",-3.12497220801846
"KRT28",-3.1252187977445
"NTNG1",-3.12694485277878
"KRT10-AS1",-3.13067303292687
"GPR52",-3.13122500236925
"APOBEC4",-3.1314810102664
"PABPC1",-3.13309569963788
"GRIN2B",-3.13377308147355
"ROS1",-3.13433761815246
"ATXN7L3-AS1",-3.13445162589971
"HSF4",-3.13653205865759
"EEF1A1P48",-3.13712919607977
"EPHA8",-3.13712919607977
"HSD3B2",-3.13712919607977
"GNB1-DT",-3.13712919607977
"ERFE",-3.13712919607977
"FAM95A",-3.13712919607977
"AOX3P-AOX2P",-3.13712919607977
"PLSCR4P1",-3.13712919607977
"RPS2P19",-3.13712919607977
"LRRC31",-3.13712919607977
"NPY2R-AS1",-3.13712919607977
"RNU4-69P",-3.13712919607977
"PCDHB11",-3.13712919607977
"RPS12P10",-3.13712919607977
"RN7SL255P",-3.13712919607977
"RPL7AP7",-3.13712919607977
"THAP12P5",-3.13712919607977
"C7orf78",-3.13712919607977
"GLOD5",-3.13712919607977
"SPATA31F3",-3.13712919607977
"TAF1L",-3.13712919607977
"SPATA31D3",-3.13712919607977
"VPS51P17",-3.13712919607977
"LINC02730",-3.13712919607977
"ANTXRLP1",-3.13712919607977
"DUX4L27",-3.13712919607977
"SOAT2",-3.13712919607977
"RNY1P3",-3.13712919607977
"RPL26P3",-3.13712919607977
"NANOGP8",-3.13712919607977
"GOLGA6L6",-3.13712919607977
"GPR139",-3.13712919607977
"LINC01056",-3.13712919607977
"GFY",-3.13712919607977
"ACTL9",-3.13712919607977
"MAGOH-DT",-3.13935004024243
"ABCB5",-3.1404155961264
"MARCHF4",-3.14256224003084
"HCG15",-3.14494617365897
"GGN",-3.1467047423121
"SLC7A9",-3.14825966976475
"IZUMO2",-3.15390668304512
"RNA5SP493",-3.1552661845618
"FOXG1",-3.16336120043192
"GBP3",-3.16967020926603
"MUC1",-3.17167833687348
"NTS",-3.17418716675122
"USP43",-3.17507317135771
"CKMT2-AS1",-3.1759242120886
"AKR1B10P1",-3.17652346016201
"LINC01530",-3.17792310650795
"PLBD1",-3.18014435363986
"AADACL2",-3.1802785745699
"LSM8",-3.18153696193549
"MACORIS",-3.18171119739931
"EHD2",-3.18386878926081
"EDN2",-3.1842946101301
"LINC00595",-3.18609253908303
"KNOP1P4",-3.18673637462975
"HNRNPA3P3",-3.18689290375079
"BICRA",-3.187631266845
"KMO",-3.19032785207329
"ANKRD18EP",-3.19416381196579
"CILK1",-3.19489012005493
"URB1",-3.19554827234749
"CCDC150",-3.19717084659027
"PFN1P6",-3.20008162257354
"GALNT3",-3.20013436673101
"CFAP74",-3.20054691005928
"ABCB11",-3.2025685648689
"LINC01911",-3.20297852956795
"MIR130AHG",-3.20317024137706
"KRT18P22",-3.20421998906659
"NT5CP1",-3.20798250360626
"LZTS1",-3.21330633491455
"CABYR",-3.21468811949562
"ANKRD30BL",-3.21556661721791
"KRT15",-3.2227211641655
"SNRPD2",-3.22647180950793
"LINC01409",-3.23506283512846
"TSPAN1",-3.23606530266261
"HMGN2P15",-3.23973874328462
"TBC1D32",-3.24050978740851
"CFAP57",-3.24122284742232
"SUGT1P4-STRA6LP",-3.24306950250143
"LAMTOR2",-3.24779992699491
"GLRA1",-3.25087783129905
"EEF1A1P38",-3.2528241137511
"LINC02763",-3.25305166342364
"IL18",-3.25476775047424
"SNORD11",-3.25723787030857
"RNU6-1170P",-3.26002151515896
"OTX2",-3.26191450836508
"ARHGEF18-AS1",-3.26221957043249
"PCSK5",-3.26247549078895
"LINC00513",-3.26906190128032
"MEFV",-3.27016585800103
"MASP2",-3.27185798428528
"ABHD16B",-3.27301485208135
"ZFAND1",-3.27397353059334
"ZBTB37",-3.2750496468277
"HADHAP2",-3.27514076685641
"ADSL",-3.27519679717188
"KRTAP5-2",-3.27717339033003
"RNU6-1209P",-3.2774596213582
"ALB",-3.27752887085054
"CYP4Z1",-3.2813542229945
"COX7C",-3.28396323296333
"LGALSL",-3.2840117316529
"IFNA22P",-3.28975381175426
"LINC01127",-3.29130203432075
"LINC02098",-3.29502349965566
"RPS3AP35",-3.29708061761544
"CDKN3",-3.2986204713538
"ITGB1-DT",-3.2992326144935
"RSPH10B2",-3.29955903549539
"E2F5",-3.29979264295611
"ARHGAP1",-3.30046547381982
"LINC01957",-3.30071150930749
"DNASE1L3",-3.30111740671684
"PAUPAR",-3.30111740671684
"SSTR5",-3.30111740671684
"LINC02087",-3.30542710553048
"LINC01492",-3.30702681331433
"LINC01391",-3.31391981130305
"IL20RA",-3.31439125632794
"MIR634",-3.31443068355878
"COL17A1",-3.3158444221829
"DENND10",-3.31694521475297
"NOS1AP",-3.31766811166779
"RPS4X",-3.31780019474568
"RPS8",-3.31941878195233
"ITGA8",-3.32055685772117
"SNRPA1-DT",-3.32525715153477
"ANK2",-3.32786901066966
"RMDN2",-3.32891365773459
"TJP3",-3.32923531394737
"EXOSC3",-3.33199411948942
"TMT1A",-3.33207228288084
"RPSAP3",-3.33235646488714
"TMEM218",-3.3352251744978
"CSNK1G1",-3.33768153386214
"PRKG1",-3.3388691239221
"KLRB1",-3.34486831327451
"DNAJC15",-3.34936379560436
"MIR3941",-3.35060749710495
"XYLB",-3.35101104045776
"SDK1",-3.35186576176314
"H3P31",-3.35437694378762
"COL21A1",-3.35454458559821
"ANKRD18A",-3.35475298426372
"FGD1",-3.35537900542703
"FZD2",-3.3557471804127
"ZBTB34",-3.35889797681429
"RBP1",-3.36115993564206
"MFSD2B",-3.36294532264706
"LINC01797",-3.36316835332432
"LRRN1",-3.36476659557795
"ZNF487",-3.36890542131085
"LINGO2",-3.37151169221065
"SLC46A2",-3.37335401633963
"LINC00265",-3.37423263550327
"AMER2",-3.3774834259287
"GAPLINC",-3.37757555047037
"AURKC",-3.37813593319082
"HAND2-AS1",-3.37944814887257
"RPS3A",-3.3856452199947
"BAALC",-3.38798465015698
"REEP1",-3.38961584716491
"ZNF157",-3.39613479626215
"LMO7",-3.39655952366789
"RNA5SP37",-3.40686420379753
"LDAH",-3.40790941193791
"UQCRB",-3.41507420162091
"ARHGAP29",-3.41899754778542
"CRIPTOP5",-3.42200661184261
"RIMKLBP1",-3.42217081629528
"CLEC2D",-3.42827206652875
"USH2A",-3.43416319563726
"INCA1",-3.44122570098001
"COL22A1",-3.4442546695702
"CYYR1-AS1",-3.44549774939505
"SCN3A",-3.44630402801413
"H4C3",-3.4469341358828
"MRFAP1L2",-3.44808109246897
"RN7SL382P",-3.45769301717084
"TRIM68",-3.46287039989194
"CRACR2B",-3.46288180520383
"DNAH7",-3.4629867656795
"ASS1P14",-3.46534780916621
"CNOT1",-3.46784773560022
"EFHB",-3.47119794742914
"PEAR1",-3.47303018219213
"LINC01287",-3.47388689761594
"SYT13",-3.47599408549816
"PLPP3",-3.47938941805766
"NLRP5",-3.48065967932521
"ZBTB46-AS1",-3.4816311514418
"ADCYAP1R1",-3.48233198449512
"LINC01600",-3.48552598263526
"SPRY4",-3.48692258627554
"SNX16",-3.48713232367556
"LINC03028",-3.4891710774931
"CEP192-DT",-3.49095665158063
"LINC00311",-3.49389132275334
"HELLPAR",-3.49748807398703
"TMEM126B",-3.5049683966924
"EEF1A1P7",-3.50716793439658
"TRHDE-AS1",-3.50754546017783
"SNF8P1",-3.50900649182591
"FAM43B",-3.51455110437189
"DCDC2C",-3.51455110437189
"LINC02579",-3.51455110437189
"INHCAP",-3.51455110437189
"RBMS3-AS3",-3.51455110437189
"RNU2-49P",-3.51455110437189
"SREK1IP1P2",-3.51455110437189
"SLC66A2P1",-3.51455110437189
"TRBV7-1",-3.51455110437189
"RN7SL91P",-3.51455110437189
"TRIM55",-3.51455110437189
"IFIT1B",-3.51455110437189
"PAX2",-3.51455110437189
"LINC00841",-3.51455110437189
"LNCARGI",-3.51455110437189
"ZP2",-3.51455110437189
"MYT1",-3.51455110437189
"IGLVIV-66-1",-3.51455110437189
"DUOXA2",-3.51824700702256
"MYOZ3",-3.51961632101712
"ZFAT-AS1",-3.52083621127726
"CPS1-IT1",-3.52241680219337
"RNU6-509P",-3.52433447996946
"ZNF222-DT",-3.5273118682901
"GIMAP7",-3.53208309516533
"MUC19",-3.53559657925984
"TRAJ32",-3.53869481479492
"ILVBL-AS1",-3.54500144575907
"PPIAP20",-3.54867084076505
"ENTPD2",-3.55035867313611
"SLITRK5",-3.5525054828572
"LINC03014",-3.55254969949632
"SLC9C1",-3.55699848501969
"CEACAM19",-3.55913378377205
"NNMT",-3.56515632981939
"RPS6P3",-3.56820970249019
"SNTG1",-3.57029368555717
"STXBP5-AS1",-3.57634498884818
"LINC01515",-3.58754118987498
"LINC02010",-3.58780327383457
"BIN2P2",-3.58954998493541
"PSMA2",-3.59024986782914
"GLYATL1",-3.59182702074214
"NDOR1",-3.59194165841167
"RNA5SP122",-3.59227211457698
"SLC5A8",-3.59496519224464
"LINC02231",-3.60457382049564
"MIR1279",-3.60528297545374
"RNU6-548P",-3.6062287126575
"RAD23BP1",-3.61355975916962
"MTCO2P6",-3.61396374977075
"PER3",-3.61822272864472
"VSNL1",-3.62284108536967
"IGDCC4",-3.62765860737483
"AP4E1",-3.63003939283769
"YAE1-DT",-3.63276040163602
"LINC00305",-3.63424468221266
"LINC02687",-3.63618580063253
"MPPED2-AS1",-3.63946849559378
"UNG",-3.6437380426408
"CLCC1",-3.64433887096532
"ABCA4",-3.64585622233731
"FER1L6",-3.64960577855468
"CDH10",-3.65688218949129
"HLA-G",-3.65935781698881
"AGMAT",-3.66253373661148
"SLC27A6",-3.66794114773157
"AQP5",-3.67455775305825
"HRH2",-3.67872886930773
"PCGF1",-3.67990053085636
"RPL21P11",-3.68535627912524
"ADD2",-3.68789658618901
"RASSF10",-3.68996429747237
"RPS19P3",-3.69124131489835
"LINC02052",-3.69324049505583
"TRPC5OS",-3.69427620466599
"FBXO43",-3.69639733852098
"MEST",-3.69805382263557
"UNC80",-3.702075813236
"LINC03080",-3.71363697783172
"FAM171A2",-3.71524010761928
"CACNG2-DT",-3.72045232312289
"FTH1P5",-3.72626386237523
"LINC01048",-3.72645683656038
"LINC01714",-3.72719251999614
"SULF2",-3.72865976642848
"DIAPH1-AS1",-3.73231460798966
"LINC01857",-3.73464331751838
"LINC01020",-3.73516260375654
"LRRC9",-3.73892842771112
"RPS4XP13",-3.74004270172813
"PLCH1",-3.74007739008555
"LINC02908",-3.74050768562715
"TSIX",-3.74201732388946
"PLA2G4C-AS1",-3.74336327451433
"C3orf62",-3.74562577573396
"LINC03034",-3.74594851747102
"GSTA4",-3.74674240204765
"ST6GALNAC1",-3.74824213614803
"LINC00601",-3.7508378704669
"LCE2D",-3.754036330317
"MIR548XHG",-3.754036330317
"LOXHD1",-3.75709214992182
"RPL27",-3.76199250443655
"NPY5R",-3.76338586034395
"ZNF888-AS1",-3.76355216971334
"LINC02199",-3.76374618280684
"RBPMS",-3.76410253867343
"RHPN2",-3.77000245392706
"SPAG16",-3.77075222661687
"FAM110C",-3.77229201644917
"RPS28",-3.7804370713658
"ASS1",-3.78104518470977
"LINC00837",-3.78306487494318
"UPF3A",-3.78648313575531
"PMPCB",-3.78904257733061
"OR5H14",-3.79136759262597
"RTL8A",-3.79206383619384
"COL6A5",-3.79302319623093
"A2ML1",-3.79664560564765
"CPLX4",-3.80318649961261
"CDKL5",-3.80353456158753
"SND1-DT",-3.80434768089997
"RPL21P69",-3.80781160534674
"HIRA",-3.80870525913094
"TLR1",-3.80946816404019
"LINC02871",-3.81140777100916
"ZNF735",-3.81424845262718
"TUBB8",-3.81770818864304
"C1QL3",-3.82010931897751
"RNU6-957P",-3.82523687651357
"LHCGR",-3.8314529490231
"NCOA4P2",-3.8314529490231
"RGS17",-3.8314529490231
"OR8V1P",-3.8314529490231
"MS4A13",-3.8314529490231
"LINC02141",-3.8314529490231
"RPL13P14",-3.8314529490231
"IGHV1OR21-1",-3.8314529490231
"ELDR",-3.8345370854697
"TMEM233",-3.83785629035624
"SLC22A16",-3.84092578909538
"COL11A1",-3.84099263452317
"IL11RA",-3.84108278904719
"UNC5D",-3.84143335358083
"EPB41L1-AS1",-3.84185768227535
"MNAT1",-3.8420966478068
"SKP1",-3.84258029242813
"ZNF90P1",-3.84271536947861
"KRTCAP3",-3.84513772934948
"APOOP2",-3.84917916970519
"LINC01744",-3.85186495852419
"FRMPD1",-3.85811305399493
"PHETA2",-3.86555336674022
"GTF3C1",-3.86720214596168
"PURPL",-3.86884409931596
"FAM199X",-3.87139737714647
"MAGEB1",-3.87203066318045
"CCEPR",-3.87624836837519
"MYLK",-3.87817910826031
"FUT6",-3.880716207216
"IGFL1",-3.88224089809586
"DCC",-3.8838441459019
"SYTL4",-3.88877597755958
"LINC02570",-3.89264648968714
"KCNK17",-3.89559413788566
"LMTK3",-3.89627989986766
"LGR4",-3.89719410492024
"LINC01856",-3.89782741982076
"RN7SKP160",-3.89907986388195
"GPR88",-3.89907986388195
"LINC01774",-3.89907986388195
"RPL37P11",-3.89907986388195
"MTND4P30",-3.89907986388195
"GPR45",-3.89907986388195
"SOCS5P3",-3.89907986388195
"R3HDM2P1",-3.89907986388195
"TNRC18P1",-3.89907986388195
"RACK1P1",-3.89907986388195
"EPB41L4A-DT",-3.89907986388195
"SEMA5A-AS1",-3.89907986388195
"EGFLAM-AS2",-3.89907986388195
"LINC03123",-3.89907986388195
"OR2W1",-3.89907986388195
"MAOB",-3.89907986388195
"CCNB3",-3.89907986388195
"MAGEA8-AS1",-3.89907986388195
"TRIB1AL",-3.89907986388195
"ARID3C",-3.89907986388195
"RNU6-1039P",-3.89907986388195
"FAM74A1",-3.89907986388195
"OR8A2P",-3.89907986388195
"OR10A4",-3.89907986388195
"LINC02699",-3.89907986388195
"MAT1A",-3.89907986388195
"LINC01039",-3.89907986388195
"RN7SKP182",-3.89907986388195
"VN1R80P",-3.89907986388195
"IGFL1P2",-3.89907986388195
"BNIP3P18",-3.89907986388195
"TTTY18",-3.89907986388195
"KCNJ4",-3.89907986388195
"RGS4",-3.90227450044547
"CCNB3P1",-3.90448168155236
"PPM1AP1",-3.90583049190776
"RPL5P23",-3.90647514250269
"IGHG4",-3.90888411513968
"MAGEC3",-3.91110122232011
"CNGB1",-3.919857326798
"PRSS37",-3.92146059707207
"CRADD-AS1",-3.92201947366894
"ANPEP",-3.92572655648446
"SBK1",-3.92756054724292
"ARHGAP28",-3.93066229743186
"IMPDH2",-3.9322953601205
"LINC02585",-3.93300096857598
"PIGV",-3.93376838769061
"LINC00189",-3.93421621271909
"LINC01480",-3.93639877074959
"HLCS",-3.9403364555501
"RPS27AP1",-3.94058154425883
"RNU6-946P",-3.94347072672226
"ELF3",-3.94696133459992
"LINC02012",-3.9479728064218
"DSCAS",-3.95198775368375
"BTBD3-AS1",-3.95342296062521
"KRT18P47",-3.95623136896076
"CSGALNACT2",-3.96626198182115
"CEACAM3",-3.97189053695134
"PTH2R",-3.97576759718542
"RPS15AP6",-3.97775278156229
"EIF3FP1",-3.98076693973446
"RNU6-223P",-3.98331043224812
"WDR90",-3.9842412901905
"ARMH4",-3.98695256623653
"ANO2",-3.98730505235629
"ANKRD61",-3.99167162973898
"RNU6-48P",-3.9987074888091
"RNU7-38P",-4.00327289334133
"MIR4650-2",-4.00339590229168
"GSTCD-AS1",-4.00440612956335
"OR5AN1",-4.00462712516112
"RAD52",-4.00706847101849
"TDRD12",-4.01318409017119
"RN7SKP37",-4.01817683801711
"MROH9",-4.02191015521578
"SPRR2F",-4.02204123466927
"INPP5B",-4.02336911615001
"SMIM26",-4.02382405759877
"EOLA2-DT",-4.02482238924182
"NEMP2-DT",-4.02493121759029
"PPP1CB",-4.02757693677504
"TEX41",-4.0279130382384
"ERN2",-4.02813985639012
"TIMM44",-4.03235359608939
"TUBAL3",-4.0399619688094
"DCUN1D4",-4.04985963378205
"TEX26-AS1",-4.05167296887558
"CRYAB",-4.0658852024618
"NOG",-4.0702994310107
"LINC01820",-4.07378425008773
"ALG1L14P",-4.0758183336523
"SH3RF3",-4.07958945993292
"CDHR1",-4.0803497903937
"LINC01909",-4.08319931993107
"ZNF440",-4.08923590724703
"AHSG",-4.08991405498364
"ANXA8",-4.09015248810599
"LINC01414",-4.09058200625199
"IGF2BP3",-4.09277757311492
"PP1P",-4.09576394235793
"GJD2-DT",-4.10621307952021
"ANKRD34C-AS1",-4.10644972953415
"PRDM6",-4.10702972364442
"FGF14",-4.10919573459882
"TBC1D22A-DT",-4.11239848760077
"HLA-P",-4.11426699349095
"LINC01863",-4.12047418713534
"DACT2",-4.12047418713534
"LINC02925",-4.12047418713534
"GTF3AP5",-4.12537050106281
"SPAG17",-4.12587904337593
"LINC02625",-4.12700376411868
"TSSK1B",-4.12862733730019
"RPS2P35",-4.12998803822958
"EPHA7",-4.13020654867307
"MIR4504",-4.13194602900311
"GPAT2",-4.13204818834795
"WFDC1",-4.13295546815965
"CD101-AS1",-4.13482755425777
"MAFTRR",-4.13575608814761
"RPSAP12",-4.13722751663293
"MRTFA-AS1",-4.13805766726294
"ABI3BP",-4.1391238359204
"MT1G",-4.14161022499182
"CCL20",-4.14201778419195
"LINC02358",-4.14441675529524
"SNORA19",-4.14721687674421
"COL9A1",-4.14928905756
"RRBP1P1",-4.15125400713823
"OR8D2",-4.15195774851707
"MEPE",-4.15366912454872
"ULBP1",-4.1628235674751
"PNISR",-4.16319385812858
"DNAAF11",-4.16945681242843
"RPL24P4",-4.1702777438675
"THSD4-AS1",-4.17196267017931
"LINC01208",-4.17571565336001
"SCN2A",-4.18609639848556
"STAM2",-4.19326981500337
"TTLL5",-4.1961308632799
"P2RX3",-4.19765048959491
"LINC01825",-4.19776520359028
"MTCO1P51",-4.20310204977782
"STEAP3-AS1",-4.21209875430118
"PLA2G4D",-4.21400524497861
"LAPTM4A-DT",-4.21482817836133
"PTCHD1",-4.21578904086915
"VSTM2B-DT",-4.21823163402267
"ADAMTS19",-4.22010328134334
"RPS27P3",-4.22054296951961
"B4GALT1",-4.22213384984967
"SLC14A1",-4.22355103153113
"CHL1",-4.2286378656186
"SERPINI2",-4.2288871564707
"TENM2-AS1",-4.2288871564707
"BBS12",-4.22938844606294
"TTL",-4.23659070366955
"IGHVII-30-21",-4.23826252086422
"RNU7-115P",-4.24027286876243
"PHOX2B-AS1",-4.24123431941937
"PTPRU",-4.24416361239768
"PNPLA7",-4.2443108975436
"RPL4P3",-4.24836328875829
"NSMCE1-DT",-4.25076307116838
"SLC16A9",-4.25133810401209
"ZNF615",-4.25423431132862
"SLC29A4",-4.25453500819733
"VIL1",-4.25833981174582
"LINC00938",-4.26037816925716
"LIPE",-4.26071196066236
"RCBTB2P1",-4.26167223552255
"GPD2",-4.26253155827119
"BAIAP2L2",-4.2643906446246
"SELP",-4.26581451371176
"DPYSL5",-4.2747512509818
"RNU6-37P",-4.27530400410107
"RNU6-595P",-4.27929875151845
"RPS21P2",-4.28302280102313
"LINC01874",-4.28302280102313
"ATP6V0E1P3",-4.28302280102313
"AGXT2",-4.28302280102313
"OR1S1",-4.28302280102313
"CHRNA4",-4.28302280102313
"BNIP3P38",-4.28302280102313
"CYP4F24P",-4.28302280102313
"LMO3",-4.28321852233165
"RNA5SP260",-4.28539000384045
"BBS10",-4.28594890179326
"ZSCAN31",-4.28712840618893
"TRIM15",-4.28726557319517
"MYO5C",-4.28847633055642
"ZBTB8OS",-4.28962622821031
"ZSCAN21",-4.29077029809016
"KDM4A",-4.29086287697558
"PEX5L",-4.2925696987095
"RASL11B",-4.29583896482381
"ALG11",-4.29754011208245
"ZNF536",-4.30131675830384
"TMED7",-4.30868894753293
"NEUROG3",-4.3104383660304
"OPRK1",-4.31141431204175
"ID2-AS1",-4.314812333121
"PTCHD1-AS",-4.32237618369535
"BGLAP",-4.3272212840181
"LINC00658",-4.32744752447703
"MAST3",-4.32791181243894
"LINC02179",-4.32930726294773
"TMEM45B",-4.32977898809887
"MAST3-AS1",-4.33389562574189
"SMIM2-AS1",-4.33464453617036
"MERTK",-4.33492442534558
"ERP27",-4.33662568394134
"RPL34P18",-4.33826139033631
"SVEP1",-4.33929788561432
"C1R",-4.34635015132368
"C1orf87",-4.34686430840617
"HLA-DQA2",-4.35731490760453
"MS4A14",-4.35975489418049
"TFPI",-4.3655476428206
"FOLH1",-4.37632019689042
"NRIR",-4.37793165578619
"RMI1",-4.37862397058035
"FRY",-4.37870176820833
"KCTD9",-4.38264847116643
"ITIH5",-4.38484981887449
"GDAP1",-4.38552387017666
"PDE7B-AS1",-4.38559770228491
"FRMPD2",-4.38912303971518
"RPL21P28",-4.3892129985067
"FSBP",-4.40111566878626
"LRIG3-DT",-4.40167089771326
"ZNF320",-4.40820724933269
"LINC03007",-4.4084703569807
"PDPN",-4.41160052573193
"OBSCN-AS1",-4.41226445740585
"EPG5",-4.41819853122075
"ECT2",-4.4186643126275
"DFFBP1",-4.42424992864462
"LINC02055",-4.42585580188169
"ZNF619",-4.42850539713073
"GRIN2A",-4.43050002103517
"LINC00540",-4.43470177195031
"NRSN2-AS1",-4.43538891122775
"FAM149A",-4.44357778331484
"REPIN1-AS1",-4.44748320218499
"RGS17P1",-4.45581568465736
"PFDN5",-4.45832081682687
"RP1L1",-4.45866668447029
"IGLVI-68",-4.46134879992379
"GEMIN2",-4.47829902935958
"ERVW-1",-4.48302174193069
"CPSF4",-4.49771525122555
"CDKN2B-AS1",-4.49886235102242
"BEND3",-4.49991699614151
"DEFB125",-4.50031585765762
"DPH6",-4.50340005103447
"TDRD1",-4.50703110690044
"TLCD1",-4.51385475004583
"PDCD2L",-4.51478247364644
"LINC02728",-4.51942021937139
"GLIS3",-4.52048735494734
"MIR4500HG",-4.53141333524002
"PKP4-AS1",-4.53497573306723
"LINC01929",-4.5368451838254
"GABRB2",-4.544532170838
"MXRA8",-4.54544622519635
"ARMCX4",-4.54656442930727
"TNK2-AS1",-4.54766907350921
"SCNN1A",-4.54777322820645
"PTGES3P3",-4.54855491773468
"DBT",-4.55589275915282
"PPP2R2C",-4.5573240087328
"SPMIP7",-4.5573240087328
"SV2C",-4.56250417592072
"COL11A2",-4.57193920948211
"MYO16-AS1",-4.57683258145987
"B3GALNT1",-4.57692044599138
"LAMA3",-4.57856732998499
"RPL12P4",-4.58382658293272
"UBTFL7",-4.58891753059574
"TTC29",-4.59107191512707
"MAGI3",-4.59973133427725
"LINC02885",-4.60450193879502
"NEU3",-4.60545864382533
"CACNA1D",-4.60623598207209
"OR4A21P",-4.60669274546599
"SOD2-OT1",-4.60768878721246
"SEPSECS",-4.61417568118884
"KEL",-4.6157331820997
"ZFHX3-AS1",-4.61699605745151
"BEND2",-4.62017501719006
"RBMXP1",-4.630451138325
"RAD18",-4.63200638483708
"PNLIPRP3",-4.6332993277003
"MB21D2",-4.63429971394239
"LINC01478",-4.63801483470876
"PIANP",-4.63992273609237
"KANK4",-4.64530964711782
"LINC02944",-4.64754988517997
"DAO",-4.65140676011353
"SLC38A11",-4.65151060518769
"MS4A5",-4.66079602857752
"TEX2",-4.6617733248404
"TSKU",-4.66579438217023
"SLC5A12",-4.66939610975297
"KLHDC7A",-4.67344071361512
"RPL7L1P22",-4.67344071361512
"LEMD1-DT",-4.67344071361512
"LINC01783",-4.67344071361512
"RPL7AP22",-4.67344071361512
"SCTR-AS1",-4.67344071361512
"GACAT3",-4.67344071361512
"NIFKP7",-4.67344071361512
"IQCJ-SCHIP1-AS1",-4.67344071361512
"PHOX2B",-4.67344071361512
"MEIKIN",-4.67344071361512
"RBBP4P3",-4.67344071361512
"RPS4XP9",-4.67344071361512
"LINC02530",-4.67344071361512
"TNRC18P3",-4.67344071361512
"ZNF734P",-4.67344071361512
"CTNNBL1P1",-4.67344071361512
"DCAF12L1",-4.67344071361512
"RPS24P21",-4.67344071361512
"MTND2P7",-4.67344071361512
"EIF1P1",-4.67344071361512
"RBM17P1",-4.67344071361512
"TCEA1P3",-4.67344071361512
"MUC5B-AS1",-4.67344071361512
"PRG2",-4.67344071361512
"ANKRD33BP8",-4.67344071361512
"OR52A4P",-4.67344071361512
"GDF2",-4.67344071361512
"DUXAP4",-4.67344071361512
"PSMC1P8",-4.67344071361512
"LINC00349",-4.67344071361512
"IGHVII-30-1",-4.67344071361512
"MTND5P33",-4.67344071361512
"SCNN1B",-4.67344071361512
"LINC01904",-4.67344071361512
"ZNF729",-4.67344071361512
"TMEM97P1",-4.67344071361512
"PYDC5",-4.67409973964507
"SPDYE16",-4.67488466314103
"C8A",-4.68270774219316
"CCDC68",-4.68908430296293
"CLN8-AS1",-4.69003254528638
"OR9A4",-4.69265716445047
"LINC02984",-4.69436874219319
"MTIF2P1",-4.69793619622786
"RUSC2",-4.69951765827567
"FAM230C",-4.70195702834487
"RPL32",-4.70523339314251
"RNU6-341P",-4.70560264943954
"FRRS1",-4.71182170128561
"RBM24",-4.71523711665231
"GLDC",-4.71607569405655
"SETD6",-4.71649363983798
"PIK3C2G",-4.71890847715163
"TRAV36DV7",-4.71894128957986
"MAP2K1P1",-4.72906387248302
"GFRA1",-4.73331343344546
"WDR19",-4.7463539552205
"MAPRE3",-4.75339481870674
"MIR3681HG",-4.75510975835765
"MALRD1",-4.75871718296007
"VPS41",-4.75880846103773
"ZFR2",-4.76186852961424
"KRT17",-4.76316878945463
"NOTCH2NLB",-4.76463129123966
"NQO2",-4.76718005560107
"PLS1",-4.77184995457768
"MIR4527HG",-4.77662053884413
"ZNF85",-4.784420948694
"ROBO2",-4.78823037923968
"PTK6",-4.7884399089143
"GOLGA1",-4.78897008793063
"MRO",-4.797970904209
"HTATIP2",-4.79957439867669
"SPIRE2",-4.80148007700586
"LINC02898",-4.80611618819809
"S100A1",-4.80817136334228
"COX6A2",-4.80991635669169
"LINC00698",-4.81031853041169
"RN7SL743P",-4.81096499955898
"VCAN-AS1",-4.81135612838665
"IGKV2OR22-4",-4.81613480202042
"LINC01239",-4.81730734950567
"LINC00844",-4.82043656643932
"RIMBP2",-4.82371590700035
"LINC02664",-4.83061112413826
"NPM1",-4.8327719983959
"NRG1-IT1",-4.83376455407075
"CTBP2",-4.84269812318915
"TRBV7-2",-4.8476067887711
"PKHD1",-4.84963675206486
"ZMYND19P1",-4.85302359091557
"ARHGAP32",-4.85635684364937
"INPP5B-AS1",-4.85817667787346
"OSBPL10",-4.85928635145308
"LAMC3",-4.86023006989391
"ASTN1",-4.86468454813413
"RGS18",-4.86584105044489
"FER1L5",-4.87004328334097
"RPS12P32",-4.88242385306996
"NUDT16-DT",-4.88342115379393
"MIR181A2HG",-4.88736454970545
"LINC01691",-4.89212268764912
"OR5B21",-4.89220148678338
"MRPL35P3",-4.89424314084163
"MIR222HG",-4.8968935065303
"GPRC5C",-4.89889878935977
"C14orf28",-4.90667225947763
"GDNF-AS1",-4.91310305381892
"RPL27A",-4.92322772452158
"IL17RB",-4.92506257367242
"TRIP10",-4.92565278969443
"ROBO4",-4.93758765737032
"ENOX1-AS2",-4.93854895311366
"FABP5P8",-4.93953252269882
"ADGRG4",-4.94313191474528
"HYAL4",-4.94618727339241
"OR1N1",-4.94834845735692
"LINC02740",-4.94837058251173
"OR6T1",-4.95862045762207
"NTM-AS1",-4.95862045762207
"APOBEC3A",-4.95957070689664
"CDC42P3",-4.96519941464191
"RPS19",-4.9653946803502
"TMCO5A",-4.96733072770433
"NIHCOLE",-4.9676442347585
"HMGA2",-4.97282116203293
"MYH14",-4.97286041971762
"PHF5AP3",-4.97425116599559
"CASD1",-4.97482133179391
"MCM2",-4.97621308584774
"RNF114",-4.98027921122426
"COBL",-4.98087342589174
"KRT37",-4.98990919107222
"TTC9C",-4.99061322863836
"LINC01621",-4.99547517165077
"BRAFP1",-4.9957350077774
"RNU6-1297P",-5.00054054636174
"RXRG",-5.00310386053216
"IQANK1",-5.00329914144385
"TIMM8A",-5.00473941167728
"PLIN4",-5.00621773457775
"SLC2A5",-5.01821251597099
"EMID1",-5.02103482393031
"RN7SL834P",-5.0265890393899
"NMB",-5.02711826193832
"SBSPON",-5.02789531762806
"GTSE1",-5.03316700485449
"TRAV6",-5.03378472818421
"LINC01722",-5.04200342761036
"ZNF892",-5.04416994431251
"STOX1",-5.04527519206426
"TGFBR3",-5.04733851815901
"RNU6-151P",-5.0537994530776
"ACKR4P1",-5.05898404074822
"BRD7",-5.06135338374172
"SYPL2",-5.06770137418609
"LINC01249",-5.06770137418609
"RNA5SP91",-5.06770137418609
"SOCS5P5",-5.06770137418609
"RPSAP59",-5.06770137418609
"KRT18P58",-5.06770137418609
"NCAM1-AS1",-5.06770137418609
"LINC02636",-5.06770137418609
"LINC02643",-5.06770137418609
"RN7SL279P",-5.06770137418609
"ADAD2",-5.06770137418609
"KRT32",-5.06770137418609
"NOL4L-DT",-5.06770137418609
"TUBA3GP",-5.06770137418609
"TMEM19",-5.07141184846661
"CPT1B",-5.07328946812311
"ADAM9",-5.07372854678799
"IL17REL",-5.08021314839438
"FSTL1",-5.08550782077044
"H2AC25",-5.08560952114465
"SERPINB10",-5.08836739325889
"C4BPA",-5.08956978357465
"GRAMD1A-AS1",-5.08957768774915
"CHI3L1",-5.08968548762884
"LINC02831",-5.09264798593735
"RPS27P4",-5.0965060439439
"ADH4",-5.09743803218473
"SLIT1",-5.10266208116427
"CR1L",-5.10666958946725
"SLC17A6",-5.10869090388416
"SETD1A",-5.11540599033746
"CD207",-5.11910521322456
"TRIP13",-5.12006783895
"PITX1",-5.12589965868544
"EPHA10",-5.12710635511453
"FAM217A",-5.12753257989402
"LINC02603",-5.12844655624497
"MEIS1",-5.13181885843307
"APRG1",-5.13387211442467
"LY86-AS1",-5.13402032149741
"PRDM8",-5.13500999864026
"MYOM3",-5.13694889294922
"HMGB3P14",-5.14101109017836
"DPEP3",-5.15207524937126
"ZBTB46-AS2",-5.15829517936141
"LINC01630",-5.15861969572456
"FRAS1",-5.15947775248844
"FAM209B",-5.15987594059052
"SPATA31D2P",-5.16064906101542
"SH3D19",-5.1721235550486
"PDE1A",-5.1728618096159
"LOXL4",-5.17393209308252
"ACSS3",-5.17461165022581
"RPS27P16",-5.17626483902515
"ERBB4",-5.18572915985222
"TRAJ11",-5.19309529109582
"FAM201A",-5.19662500099916
"PTPRO",-5.20014888129935
"TMEM163",-5.20022018907825
"C8B",-5.20135408821807
"TNK1",-5.21015730104834
"MYO1H",-5.22308264306951
"CDK8",-5.22668811487026
"RBL1",-5.22708861216188
"CYP2A7",-5.22953367038051
"GTF2A1-AS1",-5.23119283552207
"RPS27A",-5.23146433841095
"CLDN12",-5.23740361267948
"OR1K1",-5.24343147229797
"SIM1",-5.24370416358891
"ARHGEF28",-5.24560835714424
"LINC03072",-5.25848997623615
"RNU6-1276P",-5.25947852512199
"RPS25",-5.26011338923132
"RN7SL551P",-5.26548576165972
"TRAJ14",-5.26633787311837
"KCNH5",-5.26895922729318
"DUXAP2",-5.26918005696927
"IL12A",-5.30075906125589
"NOVA2",-5.30947774146816
"CYP2F1",-5.31027326345757
"LINC02994",-5.31890452990004
"BOD1L2",-5.32435540131492
"LINC00670",-5.32530629841691
"SOCS2",-5.32708267852017
"LINC02306",-5.33310903429368
"XIST",-5.33786405336898
"PTCSC2",-5.34383836824486
"FGD5",-5.35436447501652
"LINC00261",-5.35617943671654
"FGFR3",-5.35622270955953
"SLC35G5",-5.3598121827086
"CDR2-DT",-5.36222626691721
"FBXO48",-5.36735609401903
"LINC00375",-5.3696922633937
"LINC00645",-5.39743310309044
"LINC01808",-5.40052703749979
"LINC00857",-5.40052703749979
"LINC01389",-5.40342736906743
"EMX1",-5.40930646700986
"PLD1",-5.41314573786532
"LINC00501",-5.41493341733132
"LINC02505",-5.43242464720197
"NEK11",-5.43614252626384
"LINC01060",-5.44347211504932
"ACP7",-5.4507419257913
"MLXIPL",-5.45685961717186
"YWHAQP9",-5.45873559165669
"LINC01738",-5.45873559165669
"LINC02117",-5.45873559165669
"RBPMS2P1",-5.45873559165669
"NMD3P1",-5.45873559165669
"CHMP5P1",-5.45873559165669
"MAGEA8",-5.45873559165669
"RAB9B",-5.45873559165669
"NOX1",-5.45873559165669
"OR1L4",-5.45873559165669
"OR51Q1",-5.45873559165669
"OR5M10",-5.45873559165669
"EIF4BP2",-5.45873559165669
"CASC18",-5.45873559165669
"LINC02938",-5.45873559165669
"LINC00922",-5.45873559165669
"CSH1",-5.45873559165669
"PDYN-AS1",-5.45873559165669
"GGTLC1",-5.45873559165669
"LINC03079",-5.45873559165669
"GYPE",-5.45952557917714
"SYK",-5.46143994638496
"KCNJ15",-5.46280480562774
"HPSE2",-5.46382956562123
"LINC02583",-5.46812299314581
"EDEM2",-5.47908688860487
"LINC02671",-5.48185245237052
"CASQ2",-5.48280639707181
"LINC02248",-5.48287424783975
"TWF1P2",-5.48595704727091
"LINC01192",-5.48653553984727
"ZNF648",-5.48691415984113
"HNRNPA1P26",-5.48777279375595
"MYOZ2",-5.49503398864743
"RPL6P4",-5.49699845230871
"PCDH11X",-5.50305681519926
"SEC61G",-5.50605046019467
"STAT4-AS1",-5.52207858657217
"LINC01270",-5.52511765911355
"PACRG",-5.52512396955
"NCAN",-5.52868059157034
"MLF1",-5.5318923302464
"HS3ST5",-5.53202013438968
"INSYN1",-5.53720280585691
"AGBL1",-5.53957537433054
"SERPINA9",-5.54121928235461
"LINC01346",-5.54165120203186
"SORBS2",-5.5476460597137
"FGD6",-5.56269281305596
"SLC2A3P4",-5.56450581010466
"EEF1A1P24",-5.57090689982688
"LINC02389",-5.57483006572212
"ZNF700",-5.58500086426812
"AKAP6",-5.59389383204961
"LINC02139",-5.59407930302559
"DIP2A-IT1",-5.59808994677418
"HMGN1P15",-5.60408117089791
"LINC02612",-5.60706885053043
"DIO2-AS1",-5.60763535361363
"KRT76",-5.61849234402671
"MRPL21",-5.62138707333874
"CYP27C1",-5.62395509836705
"LINC01224",-5.62991488514643
"APOBR",-5.63014551750833
"GRIN3A",-5.63183729541962
"S1PR5",-5.63473243645812
"GADL1",-5.63555042918468
"RNU6-1156P",-5.64097774836516
"TMSB15B-AS1",-5.64214260193114
"TET2-AS1",-5.64904899651842
"DDX3ILA1",-5.6551537522575
"WDR87",-5.66025057646962
"GDF6",-5.66096583961061
"LINC01883",-5.67098019057972
"CCL19",-5.67184375869526
"MANCR",-5.67857067033588
"SEPTIN7P12",-5.67940666014853
"TNFRSF10C",-5.67982864772121
"ST13P15",-5.69342026099415
"SPTA1",-5.69482484717294
"RNF32-AS1",-5.69550550666805
"FMO1",-5.7045633812309
"ZBTB20-AS1",-5.71417246544432
"MIR620",-5.71832455331036
"LINC01606",-5.72272569555491
"SUN1",-5.72901813306876
"RPL36AL",-5.73142568012615
"ARPIN",-5.73435926176701
"N6AMT1",-5.74256420417906
"MATN2",-5.75086591496805
"LSMEM1",-5.7528175917212
"RNU6-1152P",-5.75934710290631
"CCDC89",-5.76100214423138
"IGLV1-44",-5.76428902564466
"GPX6",-5.76542795550605
"OR2C3",-5.76559488980891
"FAM163A",-5.76645808981217
"CTNNA2",-5.77042684526804
"GRM4",-5.77560750133115
"RLIMP2",-5.77777947017095
"LINC01080",-5.7815324026588
"PLEKHS1",-5.78821559638564
"CHCHD2P9",-5.79000598093346
"NANOGP2",-5.79024404261108
"DRD1",-5.79024404261108
"CCT7P2",-5.79024404261108
"OR52L1",-5.79024404261108
"HCCAT5",-5.79024404261108
"LINC00240",-5.7942077869169
"PRDM6-AS1",-5.79992795393261
"COX5BP6",-5.81349338272189
"ZNF483",-5.81382626460403
"CDH13-AS2",-5.82209909661094
"ASB18",-5.8226158643557
"CLSTN2-AS1",-5.82398565914022
"EGFR",-5.82562124729498
"STAM-DT",-5.83009613804121
"ZNF383",-5.83582231220886
"NBEA",-5.83858913266634
"SH3GL2",-5.84929518275401
"PRKG2-AS1",-5.85289992532848
"EEF1GP1",-5.85289992532848
"FAM9A",-5.85289992532848
"SCGB2A2",-5.85289992532848
"MTCH2P4",-5.85289992532848
"MAP2",-5.85526582486357
"C1QTNF1",-5.86232933153526
"KCNMA1-AS1",-5.86750254966474
"RPS12P26",-5.86840101014788
"KRT17P6",-5.88153754912566
"ABCB6",-5.8818915027369
"NDUFB4P8",-5.88715622584847
"RNF6P1",-5.88989874511019
"RPSAP67",-5.89666950586208
"NMUR1",-5.89964128538641
"DST",-5.91261519321695
"LINC01622",-5.91321119791092
"PPIAP87",-5.91484509884778
"LARP6",-5.91810842106412
"APOB",-5.92259380952297
"CCZ1B",-5.92606496136531
"RWDD3-DT",-5.92618214578067
"TYW1B",-5.93516697772919
"EXO5",-5.93782632926552
"LINC02641",-5.94934340331092
"FBN3",-5.95312973074554
"RSPO1",-5.95973668974159
"AGBL4",-5.9817806756262
"PCDHGA6",-5.99217031179776
"TNFRSF10D",-5.99469971786191
"TMEM53",-5.99517267810181
"TARDBP",-5.99711454780442
"GDF10",-5.99945425937232
"TESK2",-6.00375123374674
"EPS15-AS1",-6.02209848279838
"ACTBP7",-6.02361913689962
"SIX3-AS1",-6.04227813649624
"LINC02754",-6.0486329470177
"ADAMTS12",-6.05233922059829
"TRPC7",-6.06659741427575
"GGTA1",-6.06845458186142
"TRBV5-6",-6.07953330632639
"GRM7",-6.08124985011089
"KIAA1210",-6.08550089174163
"FFAR1",-6.0860124678847
"RDM1P2",-6.08746057761755
"PAPPA2",-6.09240387615635
"RPL17P7",-6.09871288091254
"RRAGC",-6.09888429300204
"RPL35AP36",-6.10054983313686
"DSN1",-6.11332563192774
"TULP2",-6.11773504431937
"REXO2",-6.12524452523621
"FSIP2-AS1",-6.13468986255463
"B2M",-6.14350341082556
"LINC01602",-6.1468427657476
"ITGB6",-6.14717631397953
"CNTNAP2",-6.14779925120817
"DZIP1",-6.14831295141064
"CXXC4",-6.15348368503173
"TTLL2",-6.15851681393333
"TFF1",-6.16447531981227
"SPARC",-6.16541920228522
"STARD13-AS",-6.1676069650932
"LINC02177",-6.17791897248762
"SERPINB13",-6.18121195543977
"TBC1D3B",-6.18299269267215
"EEF1A1P12",-6.18373325195577
"LINC02156",-6.18911886899583
"TRAV14DV4",-6.19846391777595
"ABCA1",-6.19961858946312
"FGFR2",-6.20418610220519
"SLC25A5P5",-6.20638511963222
"KDELR3",-6.20769430272589
"PSG1",-6.2111129547152
"SDHD",-6.21552749834253
"IGHVIII-5-1",-6.21808209136296
"C1orf50",-6.21897652519026
"PRC1-AS1",-6.2195355724078
"ADGRF5",-6.21999023762688
"RPS23P8",-6.22653407852878
"PLA1A",-6.22792033606863
"ST6GALNAC5",-6.2283867744766
"GLRX3P2",-6.23017860025095
"CALHM4",-6.23494466517342
"RND3",-6.23549051329809
"NRXN2",-6.23698657368808
"SMU1P1",-6.23938595154067
"GALNT7",-6.23961841613508
"LINC01756",-6.2406275613469
"VN1R21P",-6.2406275613469
"SOWAHB",-6.2406275613469
"FTH1P26",-6.2406275613469
"KRT8P17",-6.2406275613469
"OR7L1P",-6.2406275613469
"SLC25A53P1",-6.2406275613469
"MTCO1P52",-6.2406275613469
"MRGPRX1",-6.2406275613469
"OR10S1",-6.2406275613469
"ADGRA1-AS1",-6.2406275613469
"MRPS6P4",-6.2406275613469
"LINC02444",-6.2406275613469
"DPPA5P4",-6.2406275613469
"TOX3",-6.2406275613469
"ZNF488",-6.24129635299483
"TDO2",-6.24448296400656
"CXCL5",-6.24674596760861
"PCDHA12",-6.25204655294764
"CTAGE12P",-6.253389900248
"TMA7",-6.25726961810953
"GON7",-6.25903593378863
"FAM83E",-6.25921427744612
"EPM2A",-6.26030935771111
"CNTNAP1",-6.26511125352512
"LINC01865",-6.27913315449816
"TRIM6",-6.29389048861241
"HOXA9",-6.29953871923331
"PGM5",-6.3054998545069
"COSMOC",-6.30572340820533
"IGSF9B",-6.30625496088513
"DPP3-DT",-6.31824805242904
"SUSD2",-6.31993626717879
"KCNK9",-6.32133095858568
"AQP9",-6.34342455340262
"PROX1-AS1",-6.34347991862304
"COL8A2",-6.35940900000625
"IGKV1D-33",-6.36099372313162
"PGM5P4-AS1",-6.36772275647449
"VSIG10",-6.36932726189077
"ISG20L2P2",-6.37021204441978
"FABP5P15",-6.37582014515116
"LIPC",-6.38207111929661
"DDX46",-6.3864793628069
"MUC17",-6.38712535402381
"CXCL12",-6.3922545469564
"NUDT10",-6.39522288563081
"RPL24P8",-6.40438646792689
"EEF1A1P29",-6.41331614291906
"DNAJC8P2",-6.4353589169726
"RPP21",-6.43890793183961
"LINC01813",-6.45571360351929
"NPSR1-AS1",-6.4612989151993
"PRICKLE2",-6.47097418971488
"VXN",-6.47126968103606
"STK4-DT",-6.4809343473259
"MTCYBP41",-6.48279723065532
"TRPM8",-6.49223285960158
"CELF2-AS2",-6.49312977978413
"SOX21",-6.5020876939577
"PDE3A",-6.51376987364258
"GRK5-IT1",-6.51476350681638
"TMEM187",-6.51485270082687
"RN7SL809P",-6.52023480585525
"AK8",-6.53227131257998
"OR7D4",-6.54845000659758
"IL6",-6.54995506975142
"LINC03000",-6.55956705491254
"TENM2",-6.56313896405846
"GDPD2",-6.56458543116638
"LINC01707",-6.5699502096037
"RSPH1-DT",-6.57717532992885
"N4BP3",-6.58015737869531
"DMBT1",-6.58310291233345
"HSD17B12",-6.59181257010919
"BEX3",-6.59527819144884
"C3orf33",-6.608041634084
"LGALS9B",-6.60948416050386
"MIR548E",-6.62035058790119
"ABCC12",-6.62185760622463
"SPATA24",-6.62245047629414
"RPS27P8",-6.62460726411171
"TTC21B",-6.62956658517384
"TRMT10A",-6.62957805883111
"NT5DC1P1",-6.63127805216733
"NLRP2B",-6.63127805216733
"LINC02717",-6.63127805216733
"LINC02506",-6.63152476046497
"LINC01427",-6.63564317748455
"HRGP1",-6.64450632031258
"CCNJP1",-6.65604815430328
"MMP1",-6.66046184654281
"CHRM3",-6.66054294595132
"MMP15",-6.66686310618109
"RUNX2-AS1",-6.66806753643326
"BMP5",-6.66864387362988
"TSPAN11",-6.67542606770009
"PRSS58",-6.67623572182079
"SNORD92",-6.67732305757625
"SLC37A2",-6.68304444063519
"MORF4L1P3",-6.68942906584964
"SFTPC",-6.69062951095321
"GPR63",-6.70790884726128
"KLK10",-6.71092399575161
"VARS2",-6.71403061274662
"FADS1",-6.7210824546844
"PAPPA",-6.7247824910073
"TNS2",-6.72846592250269
"NUFIP1",-6.73359616574106
"LINC03098",-6.74630065865388
"CNTNAP5-DT",-6.74745164403884
"RN7SL404P",-6.75766298845638
"HEYL",-6.75842087925026
"LINC01496",-6.76206945129639
"HEPH",-6.76286256536101
"HCG27",-6.77189575533866
"WTIP",-6.77272385947716
"LINC02798",-6.77640336346515
"PKP4",-6.77814981596484
"GTF2I-AS1",-6.78592593258456
"MMP19",-6.80585481310571
"OVOL3",-6.81545599139578
"LHFPL4",-6.81680938582371
"PDGFDDN",-6.82031293512172
"PARVA",-6.83221442687256
"TMEM26-AS1",-6.8351222349075
"LINC02240",-6.83955126713674
"UFC1P1",-6.8427342360681
"LINC00989",-6.84344012494823
"ZNF783",-6.85744719778128
"TSHZ3-AS1",-6.85759744930735
"EPHB6",-6.87351042677862
"GABRA3",-6.87636655140537
"LINC02018",-6.87660093259103
"B3GAT2",-6.87792754900374
"DRP2",-6.8782047340685
"MYB",-6.88208825528328
"ADAM33",-6.88369618945792
"OR1C1",-6.88413472849461
"RPS3AP53",-6.88413472849461
"RPL7P31",-6.88413472849461
"PRRT3-AS1",-6.89325465903253
"DMPK",-6.90000975999758
"MASP1",-6.90279854790858
"WDR49",-6.91168576964574
"FIBIN",-6.91654371208829
"LINC01571",-6.92599071197888
"LINC02884",-6.92624855900628
"PPIAP13",-6.94876241098855
"LINC01248",-6.95031953713273
"AIFM2",-6.96124997001358
"RPL29P4",-6.96379479135491
"RPS19P7",-6.97090511766691
"ETAA1",-6.97218055207214
"LINC02624",-6.98041547692104
"RPL21P104",-6.99157297608798
"RTN1",-6.99210581829662
"ZNF155",-7.00716282225827
"GLIS1",-7.02384983472045
"LINC01686",-7.02384983472045
"EVA1A-AS",-7.02384983472045
"RTRAFP1",-7.02384983472045
"FAM228A",-7.02384983472045
"KRT18P25",-7.02384983472045
"LINC01596",-7.02384983472045
"ARF1P1",-7.02384983472045
"RPL24P9",-7.02384983472045
"PNCK",-7.02384983472045
"CCDC160",-7.02384983472045
"LINC02243",-7.02384983472045
"NOP56P2",-7.02384983472045
"OTX2P1",-7.02384983472045
"PTH",-7.02384983472045
"RPL23AP10",-7.02384983472045
"NETO1-DT",-7.02384983472045
"SLC22A11",-7.03260086135938
"MIR1915HG",-7.05652217382857
"HYDIN",-7.08150786216665
"TMEM192",-7.08687469319466
"BRINP2",-7.09136325816961
"LINC01276",-7.0939992199427
"POLQ",-7.10273086808009
"PYDC2-AS1",-7.10805269155965
"LINC01247",-7.10982366517549
"MIRLET7A1HG",-7.11121070561432
"ARGFX",-7.11204619708015
"BANF1P1",-7.11210289719024
"MRGPRF",-7.1187471101472
"VWA5B1",-7.11998630461101
"TMPRSS11E",-7.12603518485863
"LINC01445",-7.13412004087632
"ETNK2",-7.13968616433684
"STAT4",-7.14220993755997
"LACTB2-AS1",-7.14559406042428
"LINC02642",-7.15259170888015
"BMPER",-7.16061916221683
"ITIH2",-7.16255620421489
"LINC00937",-7.16389938945991
"KRT8P10",-7.17263178990566
"RPL41P1",-7.17328568821682
"CASC17",-7.1748577621192
"RMB8AP1",-7.17913284743701
"LRGUK",-7.18172349336345
"FCRLB",-7.18835155369029
"COL5A3",-7.20467467658387
"CDH4",-7.20683960103753
"ATP10B",-7.20810819930923
"CNN3",-7.25277770611389
"PDE9A",-7.25814651039365
"RPS3P3",-7.27884522008522
"RPL38",-7.29629653534871
"C1orf210",-7.30737549651701
"MAGEE1",-7.31014788636925
"F3",-7.31639676879802
"LINC01661",-7.31651408280218
"NDUFA9P1",-7.31906298456189
"LAMA1",-7.32404624507335
"LINC02443",-7.32633249606943
"MAST1",-7.33134473995635
"MIR766",-7.33166106767934
"TIGIT",-7.33936983644537
"HDGFL3P1",-7.34370668356253
"OSMR-DT",-7.35074581371187
"MIR548P",-7.35675553518118
"TRIM36",-7.3676172945214
"RNU6-540P",-7.37676184789823
"LRP6",-7.38552913633687
"LINC02930",-7.3859401082791
"ZNF23",-7.38997679955278
"HNRNPCP3",-7.39277211866022
"NRXN3",-7.4024708522555
"EPGN",-7.40267858609134
"MTND5P24",-7.41398670518142
"CAMKV",-7.41398670518142
"OR51A10P",-7.41398670518142
"LINC01475",-7.41398670518142
"SMIM45",-7.41398670518142
"PPP4R3B-DT",-7.41621801573006
"LINC02842",-7.41962300206294
"DRC1",-7.42314830697166
"LINC01675",-7.42724932106605
"SPICP5",-7.4281447801228
"COL1A1",-7.43800862463241
"ADAMTS15",-7.43828695344387
"LRP2",-7.44062729118485
"SPTBN5",-7.44458385330462
"NLRP2",-7.45024409571658
"PLAAT2",-7.45204657347697
"PEX13",-7.45603339169245
"ENPP7P14",-7.45771693999957
"ATP5F1AP10",-7.46013266042131
"PTMA",-7.46213276914522
"LINC02313",-7.46394066208971
"RPL15P18",-7.47058753202192
"MARCO",-7.47935225381063
"RNU6-1188P",-7.48195466983038
"SRSF3P2",-7.48386946683875
"LINC00458",-7.48627984505973
"ACSM6",-7.48765802167527
"RTL4",-7.48845717545755
"DPP10",-7.49315677721634
"LINC01877",-7.4948394928255
"DIAPH2-AS1",-7.49865030782259
"KPNB1P1",-7.49895801102844
"NXN",-7.49977292431551
"EVPL",-7.50005221041417
"SIGLEC16",-7.50541277687381
"SLC6A16",-7.50983700155547
"TM4SF19-AS1",-7.52161646690015
"NKD1",-7.52276170216202
"PEX26",-7.52989044430791
"NEUROD1",-7.5350219711313
"LINC03064",-7.54080660327177
"ZNF660",-7.54191704322562
"GXYLT2",-7.54909501303004
"CXCL8",-7.5514974921678
"LINC02411",-7.55612404627434
"LINC02653",-7.56093528298782
"RPL7P34",-7.5637305485163
"CCL4L2",-7.57779786096238
"LINC02540",-7.58196630088244
"VGLL3",-7.58467457864466
"CCDC149",-7.58686562865337
"HMCN2",-7.5964696032532
"GTF2H2C",-7.59698783064749
"PRNT",-7.61117879656637
"RPL13AP18",-7.62445472230597
"ZGLP1",-7.62602042058378
"DMD",-7.63343669040769
"FBN1",-7.66084125137605
"COLEC12",-7.66751807137397
"CENPI",-7.68123059603859
"PTPRN2-AS1",-7.68124238911555
"LRIG2-DT",-7.68906550048899
"IL17A",-7.69501141405822
"RN7SL51P",-7.69818230401865
"CAPSL",-7.70591565751344
"SLC9A3",-7.71306028961255
"EPHA6",-7.71408109134523
"KCNIP1",-7.72131222720906
"SPATA31B1P",-7.7530267308456
"ORM2",-7.75348371426109
"OLFM3",-7.76685508007774
"SGSM1",-7.76911488322807
"RBM20",-7.77289975811778
"LINC02418",-7.77318162198653
"RPL12P32",-7.77459542570016
"IRAG1",-7.77654048961336
"FIRRE",-7.77763771579306
"CD1D",-7.78690257145506
"FLRT3",-7.79882429262503
"OR14L1",-7.80160379612381
"EPS8L3",-7.80160379612381
"CNN2P6",-7.80160379612381
"CBX1P5",-7.80160379612381
"LINC02493",-7.80160379612381
"GSX2",-7.80160379612381
"ISG20L2P1",-7.80160379612381
"HSPD1P16",-7.80160379612381
"CFAP206",-7.80160379612381
"CICP24",-7.80160379612381
"RPL31P41",-7.80160379612381
"TMEM74",-7.80160379612381
"MFRP",-7.80160379612381
"RPS6P15",-7.80160379612381
"LINC02654",-7.80160379612381
"LINC02126",-7.80160379612381
"SHD",-7.80160379612381
"LINC01310",-7.80160379612381
"SAMMSON",-7.80641885327186
"GASK1B",-7.8213825668893
"SPARCL1",-7.82879429259276
"NT5DC1P2",-7.83184696679583
"TRAV24",-7.8333922865889
"GALNT14",-7.83977833340844
"TTLL1",-7.84290919639506
"B3GALT5-AS1",-7.8446658154256
"TMEM44-AS1",-7.84472496253958
"PDLIM3",-7.84537516756179
"GSTCD",-7.850950657414
"PSMB4",-7.8627569023671
"NR2E1",-7.86901781614213
"UNC5C",-7.86911356929091
"NDUFA6-DT",-7.88254894918087
"SLC4A1",-7.89269907848815
"MYPN",-7.89331887485564
"PLXDC1",-7.90112258036834
"LRRN3",-7.91116823074677
"KRT8P39",-7.91343933962106
"SMYD3-IT1",-7.91527592276398
"LINC02320",-7.91616938447614
"LINC01755",-7.92217920116398
"PAX9",-7.92774722085764
"WDFY3-AS2",-7.93468734050334
"WNT4",-7.93755429707116
"RPL7P47",-7.94041715985635
"KAZALD1",-7.94352254214949
"IGSF1",-7.94386957440994
"COPZ2",-7.94478681779347
"PPIP5K1",-7.94674431950362
"SHROOM3",-7.94909453067917
"NT5DC3",-7.95392339072444
"SCOC-AS1",-7.9596599048545
"BAALC-AS1",-7.9601215231888
"AKR1C4",-7.96838238010034
"MAPT",-7.97700061050981
"LINC01440",-7.98066835403743
"LINC02801",-7.98703545231755
"TBC1D22A-AS1",-7.99109090281198
"ABCA8",-8.00055783117651
"LINC02934",-8.00937642816882
"VLDLR",-8.01347016762478
"GJA10",-8.01602007409212
"LINC02648",-8.01997208945433
"SNPH",-8.0312988927538
"KIAA0930",-8.03453353793149
"LINC02458",-8.03760343464572
"OR1X5P",-8.03850844968897
"MIR342",-8.04369616119219
"CICP3",-8.05337587142334
"TRIM45",-8.05952555768884
"MIR4637",-8.06034912867459
"CCDC26",-8.07812362954985
"NRXN1-DT",-8.08933292575018
"GABRA1",-8.09331375558914
"MEGF10",-8.1095280638057
"EPHA5-AS1",-8.11390826539089
"SLC22A2",-8.11780457708056
"EPB41L5",-8.12774769257011
"RRAGAP1-AS1",-8.1285761547715
"RFPL1S",-8.13542102889965
"CYP51A1P2",-8.14321373081166
"RAD51B",-8.14354016672037
"NEGR1",-8.15466429834591
"LINC02392",-8.15494618070339
"LINC02822",-8.15619401298622
"SNORA70E",-8.16234385026466
"SMARCE1P6",-8.17565500996554
"P3H2",-8.17650443393252
"PRUNE2",-8.1799065993883
"WDTC1-DT",-8.18763253598154
"C5orf47",-8.18763253598154
"LINC01643",-8.18763253598154
"MIR4300HG",-8.19193553145075
"SHOC1",-8.22019548657744
"HCN1",-8.22552041704503
"LINC03124",-8.23289600117566
"KANSL1L",-8.23743821292357
"OR10U1P",-8.25363364449966
"PRTFDC1",-8.26302964519777
"DUX4L26",-8.2632286886022
"CELF2-DT",-8.26787620450549
"LINC02057",-8.27126930258068
"AMPD1",-8.27504695678117
"LINC02552",-8.28347535473318
"HEY1",-8.30361529350943
"DYNC2H1",-8.31548158594012
"ERICH3",-8.31844769815156
"HOXC4",-8.32246600342551
"MICALL1",-8.33034757978936
"USHBP1",-8.37342849516897
"HHIP",-8.38037142227807
"ZSCAN20",-8.38777734939807
"BICC1",-8.39139583637331
"LINC00365",-8.40303198302134
"CRHR2",-8.40764832283909
"BMPR1B",-8.41437631797088
"SH3GL1P3",-8.41733253017523
"CDK5R2-AS1",-8.42288427049245
"PPM1B-DT",-8.44141034235597
"SPECC1",-8.44545909469119
"DDR1-DT",-8.44721047105752
"SNRPEP2",-8.4538539425132
"RPL34",-8.46325179508754
"GRIN2C",-8.46347954193014
"MYCNOS",-8.47433012339092
"SLC30A10",-8.49492705010531
"PCAT6",-8.49971154427093
"HTR5A-AS1",-8.50184798128052
"TRAJ1",-8.50211532992853
"NFIB",-8.50756866304826
"GUCY1A2",-8.51058352686848
"CNGA2",-8.52236691328102
"TCF7L1",-8.52741684868525
"PIWIL2-DT",-8.53880076957145
"ADAM20",-8.5402992558216
"HIKESHIP2",-8.54453887955184
"COL4A1",-8.54800944253766
"PHEX",-8.55845918805488
"ANKRD18B",-8.56271808572305
"MTCO1P7",-8.5648167488145
"CRISP3",-8.5648167488145
"SAGE4P",-8.5648167488145
"DMRT3",-8.5648167488145
"OR8G7P",-8.5648167488145
"FAM181B",-8.5648167488145
"PTCD2P2",-8.5648167488145
"ERVV-1",-8.5648167488145
"RPS12P31",-8.5648167488145
"ZNF530",-8.56769197704997
"VIRMA-DT",-8.577550771539
"RMST",-8.59033171915349
"SLC47A2",-8.59477832107074
"PFN2",-8.59857652583544
"TMA7B",-8.60839792442563
"NRGN",-8.62599964692943
"ST6GAL2",-8.656320631654
"ARHGEF17",-8.66777601757548
"AKAP13-AS1",-8.67167823693042
"TMTC1",-8.68043581455118
"KLLN",-8.68376083636181
"HSPA8P4",-8.69100021300084
"SETP3",-8.71174345015883
"CARD10",-8.71774259136277
"RNU1-153P",-8.7180707506795
"CYP4V2",-8.72109274670768
"SHISAL2B",-8.72584369944631
"TRAPPC2B",-8.73077505955012
"POLD3",-8.7324051909078
"LINC02450",-8.7363603559158
"LINC01517",-8.74416721259515
"CD101",-8.75582533373214
"TRPM3",-8.75685500674805
"FKBP9",-8.76121524162799
"CCDC148",-8.77766776632474
"RNU6-1283P",-8.78417410528963
"MYO3A",-8.78802824920839
"GRPEL2P3",-8.79061227296135
"RPS19P1",-8.79214865977102
"CXCL17",-8.80038450690745
"SSBL5P",-8.8095664346833
"TDRD6",-8.81358435440191
"EHF",-8.81620215707608
"DEPDC5",-8.81702727993678
"LINC00710",-8.82561249636715
"H3C10",-8.82839233289475
"TIMM9P2",-8.82976183950138
"SGCD",-8.83461006532686
"LINC01344",-8.83735826643279
"DNAH5",-8.8416726073135
"SLC30A2",-8.84186000866775
"LINC02755",-8.86614346698982
"KLHL17",-8.88221193927384
"ATP2A1",-8.8865246469477
"AJUBA",-8.89420381341636
"CSTF3-DT",-8.90483382345262
"MTMR11",-8.90885140396535
"TGFBI",-8.91161922185164
"WT1",-8.92410568882099
"MIR3685",-8.93425287711708
"LINC02351",-8.93865737732051
"GRIA4",-8.93904298551738
"MYBPHL",-8.94420126403613
"NXPE2P1",-8.94420126403613
"FGFBP3",-8.94765013212829
"RAB3C",-8.9501206083001
"ISM1",-8.95242080787667
"LINC02362",-8.95948957171309
"LINC01013",-8.96662975647903
"DANT2",-8.99397190301669
"H3C8",-9.00783085903527
"KBTBD6-DT",-9.01474021174864
"ZNF181",-9.02438676397037
"LRRC17",-9.03528132195182
"MRGPRE",-9.03693533619575
"FMN2",-9.05131583473397
"GALNT15",-9.05500619161364
"TEX15",-9.0580680362928
"CTNND2",-9.06120079348459
"CLDN10",-9.07336221701216
"USP51",-9.07696713661559
"RNF144B",-9.08287351319378
"CSMD2",-9.12079850775157
"LINC00898",-9.12629755269544
"RPL34P24",-9.13620927591789
"C12orf75-AS1",-9.13728948394017
"NRSN1",-9.14113899219915
"TREML4",-9.15678193920866
"IGKV2-28",-9.15867216693956
"RPL23A",-9.15875541035524
"H3C2",-9.16031576594897
"ZNF3",-9.16170407397717
"TNC",-9.16924924964313
"EXTL2",-9.17277537030884
"IGHV3-33",-9.18595648136275
"LINC00910",-9.18765336621423
"LINC01501",-9.19924450504273
"RPL10P18",-9.21584373831142
"CCDC81",-9.22769909553175
"RNU6-539P",-9.23765708200202
"GATA2-AS1",-9.24215948875777
"LINC02133",-9.24706526957765
"PITX2",-9.2499553942363
"BLACE",-9.25842743059858
"NEFM",-9.26498619228723
"ST8SIA1",-9.30240327809494
"LIMCH1",-9.30997844963334
"OPHN1",-9.31917207528013
"CFAP58",-9.32124476620295
"RPL12P22",-9.32254863179103
"ACTL7A",-9.32254863179103
"MTCYBP33",-9.32254863179103
"SPO11",-9.32254863179103
"ELAVL2",-9.3256010548996
"RFX2",-9.32956977487633
"MIR122HG",-9.34307472788466
"ZG16",-9.3478766827364
"NEIL3",-9.36384227357693
"LINC01091",-9.36617662986058
"LINC01215",-9.36726375878721
"LINC01564",-9.36793646651342
"SLC16A12",-9.37496717409553
"MICA",-9.38091211936093
"TRIQK",-9.3959445151019
"SHCBP1",-9.39977508890358
"RN7SL57P",-9.40145285466397
"ADCY7",-9.40697395297583
"MTCL1",-9.41077494041958
"MYT1L",-9.4113534479561
"HNRNPA1P27",-9.42208909521866
"ARNT2",-9.43648869650766
"LRRC37A4P",-9.4725286141471
"MINAR2",-9.47428873936331
"CYP4F8",-9.50116090219063
"KIF19",-9.52565719121187
"SIRT4",-9.5334958925789
"FGGY",-9.55461313182972
"ECSCR",-9.56120824805628
"ASF1B",-9.56273143253843
"UTS2",-9.5727382388114
"ITPRID1",-9.57720984829834
"ZNF213-AS1",-9.58391217344917
"PRLHR",-9.59006259301984
"BRWD1-IT1",-9.59990172403917
"LINC01322",-9.63056710883324
"TROAP",-9.63641171833333
"KBTBD7",-9.63953504528896
"DNAJB13",-9.6489456065998
"PA2G4P5",-9.65731457034691
"PLCE1",-9.66065894846924
"ZNF699",-9.66963808706202
"RNY1P9",-9.67827920018616
"NDUFB10P1",-9.6835005101882
"LINC01880",-9.68880691750045
"SYNPR-AS1",-9.69156289236965
"OR51B6",-9.69156289236965
"CCDC188",-9.69156289236965
"THORLNC",-9.70108295433416
"IFITM3",-9.7064583082834
"LINC02044",-9.7268017037685
"LRRC63",-9.7414614976945
"PLAC8",-9.74931093910138
"RPS24",-9.7538538540442
"PLCE1-AS2",-9.75574757295203
"RPL17P18",-9.76353185877518
"SNORD19",-9.76922736585498
"LYSET",-9.7729725562824
"CALML3-AS1",-9.778383573417
"PDE6A",-9.79030788151704
"LAMB2P1",-9.79287411109951
"RPL19P6",-9.79471793831079
"RFPL1",-9.79595272517668
"BOC",-9.79815472031943
"CECR2",-9.81018877759765
"ARVCF",-9.81917822278494
"LMO7-AS1",-9.81986473459953
"IQCK",-9.82601019090748
"RGL3",-9.84116595094564
"UCHL3",-9.8472056826489
"CENPUP2",-9.84753834870146
"EEF1B2P1",-9.85130973701801
"PABIR2",-9.86809975850272
"TTC6",-9.88016253595508
"PLEKHA7",-9.8879760276207
"ZNF319",-9.89351126877239
"CES1",-9.9012031318399
"ZNF662",-9.90897140321207
"OR9Q2",-9.91007337522896
"ECM1",-9.92075369696531
"EDRF1-AS1",-9.92719095391541
"RCN3",-9.93853813825983
"PTPN12",-9.94652928291444
"PCA3",-9.96500659941248
"DDX10P1",-9.96916778893195
"TRGJP2",-9.97211067136193
"BRSK1",-9.97617156626737
"RAP1GAP2",-9.97792224192529
"DMBT1L1",-10.0150491649883
"RTP4",-10.0171642668478
"CKAP4",-10.024703228113
"NSA2P1",-10.0312323611829
"MIPEPP2",-10.0584983503814
"LINC01770",-10.0584983503814
"MOBP",-10.0584983503814
"RN7SL22P",-10.0584983503814
"OR13D1",-10.0584983503814
"FOXR1",-10.0584983503814
"BTF3P16",-10.0638357858329
"BMP10",-10.0734798798768
"FAM186A",-10.084425148082
"MROH7",-10.0845400868878
"KIF4B",-10.0934320671664
"LINC02367",-10.0976483947819
"AZU1",-10.1056410722797
"FRRS1L",-10.113784757107
"NTN3",-10.1205153950871
"MID1",-10.1216879749957
"SOCS5P1",-10.1581999668931
"PLEKHG4B",-10.162529352964
"ANGPT1",-10.1658485422203
"IGHG3",-10.1782011864715
"KRT5",-10.1937964858314
"CRYM",-10.1985726728003
"ACSM2B",-10.2043298432176
"LINC00506",-10.2220483031369
"RPL30-AS1",-10.2231415547101
"AFG1L",-10.2246829847502
"ALDH1L1",-10.2380608272222
"NR2F1-AS1",-10.2498544355129
"ARFGEF3",-10.2579306674898
"ADGRF1",-10.2639081847481
"ZNF391",-10.2682949342249
"GAD3P",-10.2883542610633
"PRKG1-AS1",-10.2954867865829
"GABRG2",-10.3016080926087
"ENPEP",-10.3116110088263
"KRTAP5-AS1",-10.3251282515627
"MAGEB6",-10.3504305184541
"SPZ1",-10.35171257777
"LINC02598",-10.3534663793628
"JTBP1",-10.3627024645528
"GCNAP1",-10.3801507374857
"MIR99AHG",-10.4082276774924
"LINC02995",-10.4217357179141
"GAS2L1P1",-10.4245103391132
"OR7E1P",-10.4245103391132
"ZNF209P",-10.4245103391132
"GSTM5",-10.4291308228487
"XK",-10.466961311606
"SLIT3",-10.4675721556514
"OXT",-10.4938469397025
"RPS26P43",-10.504038060641
"ARHGEF10",-10.506546106254
"USP26",-10.508108202245
"GPR61",-10.5131719434246
"LINC01795",-10.5154464917964
"ANGPTL1",-10.5266783222312
"PACSIN1",-10.5366446698105
"MTCYBP18",-10.5624345779804
"GPR173",-10.5741325228882
"GLI3",-10.5801033095084
"ALOX5",-10.5904749759773
"FNBP1L",-10.6069737777901
"RNU6-1010P",-10.6170498576516
"FTOP1",-10.6232031633324
"RPL7L1P3",-10.6292131250124
"EEF1A1P25",-10.6351844083029
"LINC00954",-10.6440788847817
"TESHL",-10.6442949443771
"TNFRSF10A-DT",-10.6510504397727
"RBMS3",-10.6527754390215
"ZNF101P2",-10.6735174375584
"ACTN3",-10.6736099277578
"ERICH2-DT",-10.6834922643168
"DNAAF9",-10.7074143148523
"ANKRD20A11P",-10.73342890606
"FANK1",-10.7356556742173
"PPP1CB-DT",-10.7749733672053
"POU3F3",-10.7798993318704
"IGBP1P5",-10.7798993318704
"PCDHGC4",-10.7798993318704
"LINC02059",-10.7798993318704
"FEZF1-AS1",-10.7798993318704
"KDM4D",-10.7798993318704
"OR9R1P",-10.7798993318704
"PPIAP76",-10.7878884116805
"ERG",-10.7906301725151
"MIR4432HG",-10.7953722259788
"TMEM132C",-10.8260605232042
"IGKV1-16",-10.8411468699078
"SOX9-AS1",-10.8599112222273
"MIR6514",-10.8600322727878
"RPL9P7",-10.8795231244433
"LOXL1",-10.8852836307529
"SLC4A9",-10.8891605339869
"LINC02268",-10.9052309650365
"PLPPR5-AS1",-10.9116280274513
"LINC01036",-10.9432733553665
"RNU6-942P",-10.9469754145261
"RPS2P17",-10.9652513627084
"ABCA9",-10.9677067535615
"STEAP2",-10.9859303802478
"LINC02109",-11.0122343744132
"SLC25A18",-11.0334035907666
"BTF3P6",-11.0387031228033
"TTC34",-11.0798933567905
"GPR15",-11.0814595468501
"UNK",-11.0814782467407
"TREH",-11.103568213879
"CAMK2A",-11.1076444690179
"WNK2",-11.135974141076
"RFPL4AP1",-11.135974141076
"TNPO1-DT",-11.1674114801372
"ATP6V1FP2",-11.1739585586402
"TVP23CP1",-11.1995398224564
"MIR576",-11.2211073077348
"LINC01611",-11.2276021563859
"IL33",-11.2363805619544
"RNA5SP201",-11.2403632910759
"PRTG",-11.2508333595265
"RPL34-DT",-11.2860822663179
"CRX",-11.2881538204791
"C16orf89",-11.2907722104471
"HNF1A-AS1",-11.2969530396448
"DLEU2L",-11.3074371057559
"PPP1R3E",-11.3248960249508
"LINC02606",-11.3373543698451
"PPEF2",-11.3688850181773
"ERVMER34-1",-11.3761045177859
"RN7SL558P",-11.3989058639133
"SNORA70B",-11.4017529689717
"SULT6B2P",-11.4046844937297
"SNORA31",-11.4153177651102
"SFN",-11.4159151314319
"PTPRD",-11.416781726775
"MTMR8",-11.4219531429905
"KAT14",-11.4241149518871
"HMGB1P31",-11.4752458631678
"MTCYBP39",-11.4972336441616
"RAD51AP2",-11.4972336441616
"GPR33",-11.4972336441616
"RPH3AL-AS1",-11.4972336441616
"RPL26P35",-11.4972336441616
"SCARNA5",-11.5018325797237
"EGLN3",-11.5131166916406
"PPP3R2",-11.5301383047599
"CNTNAP3B",-11.5341895330134
"LINC01579",-11.5369450980447
"RGS7",-11.5558918891233
"HYAL1",-11.5668351077945
"RNU6-960P",-11.5705656775616
"DRC12",-11.5867421533779
"GPR26",-11.5898566151362
"TMEM68",-11.6005937844128
"ZNF774",-11.6028508297639
"MAGI2",-11.6056225212846
"NPM1P18",-11.6441558020185
"PTK2",-11.6459968341979
"OR56B2P",-11.6474304943248
"LRRN4",-11.6616367624681
"EEF1A1P8",-11.6655815773024
"UGT3A1",-11.6667200757345
"PNMA8A",-11.6850156219379
"STAB2",-11.709028252015
"PRXL2A",-11.7201837888187
"HPD",-11.7433011561757
"LGI1",-11.7435372505529
"LINC01609",-11.7463118465255
"LINC02327",-11.7471138788323
"MIR4715",-11.7531319294248
"LINC01118",-11.7596662249275
"KRTCAP2",-11.7597254730247
"RNU4-24P",-11.7642866397872
"KCNJ5-AS1",-11.7773892050153
"CYP4F9P",-11.7777574824281
"LINC02946",-11.7789569708248
"RPL31P47",-11.7835865543742
"LNCAROD",-11.7913987288708
"MIR326",-11.7992832666255
"PKD1L2",-11.8043827915605
"HSF2BP",-11.804813877041
"SFRP4",-11.8075930256947
"MMEL1-AS1",-11.8152739900866
"TWIST2",-11.8191653337512
"SLCO5A1-AS1",-11.8221921616437
"ANTXR1",-11.8252822208717
"DSEL-AS1",-11.8473370062289
"ITGB8",-11.8602797116671
"ABCD3",-11.8722381434265
"NEK2",-11.8787808340969
"ZNF197",-11.8864750780117
"RNU6-828P",-11.8880266088429
"CERNA3",-11.8960941129051
"PIEZO2",-11.9061740165428
"DENND2B",-11.9113308131525
"GLDCP1",-11.9128286763301
"COL16A1",-11.9142964357737
"GCM1",-11.9314937613003
"EEF1A1P17",-11.933365903846
"UNC119B",-11.9430950622791
"ZNF433",-11.9660586021639
"RPL34P35",-11.978900895673
"SEC14L3",-12.0133988222602
"CLTCL1",-12.017747522455
"PKP1",-12.0530831905055
"LIPG",-12.0643947217858
"NSRP1P1",-12.072910019157
"IQUB",-12.0974564554875
"LRP1B",-12.1040481277346
"ADAMTS10",-12.1057468338401
"ENPP5",-12.1183426169059
"MMP21",-12.1314098269135
"LINC00632",-12.1525637277309
"DDR1",-12.1546237859232
"ARAP1-AS2",-12.1630453708218
"GLULP6",-12.1819006919893
"PDZRN3",-12.1819006919893
"OR5K3",-12.1819006919893
"GRIK2",-12.182519797094
"DPPA3P1",-12.1896986814744
"DDX4",-12.2069800004532
"RANBP17",-12.2118669645487
"ZNF425",-12.2200500646735
"SREK1IP1",-12.2417690290451
"SP7",-12.2583256886297
"LINC01597",-12.2856953708084
"TAF1A-AS1",-12.291633151934
"RPL3P10",-12.3199419007634
"RPL30",-12.3357717046197
"TMEM143",-12.3447163496789
"KRT17P3",-12.398510080641
"MIR146B",-12.4020443503173
"PDE6G",-12.4077892650728
"ADGRD2",-12.4182300357097
"RPL17P33",-12.4338801885105
"LINC02527",-12.4585300452559
"NAT8",-12.4597574357862
"TLE2",-12.4763726544728
"WASL-DT",-12.5096093218472
"PACERR",-12.5192144821863
"WDR35",-12.5245549014098
"LINC02750",-12.534118370675
"WRN",-12.5353782268333
"LINC02751",-12.5415007658404
"ACVR1B",-12.541875449669
"ARHGAP31-AS1",-12.5600862013946
"RN7SL28P",-12.5762410099584
"ARV1",-12.5829728308245
"EPIC1",-12.5930634519443
"DDX50P1",-12.6225604224999
"HS6ST2",-12.6260046255054
"RN7SL683P",-12.6295807065441
"RPS26P21",-12.6591899970997
"RPL10AP6",-12.6652240978255
"FOXP1-DT",-12.6876902720517
"MMP24OS",-12.6978255411441
"SNRPGP14",-12.7311264286549
"CASC15",-12.7331028367245
"GOLGA7B-DT",-12.7408133040632
"NTM",-12.7775771954963
"MADCAM1",-12.7897993714653
"C1orf226",-12.7998214623928
"DYNLT2B",-12.8062484963421
"RN7SL200P",-12.8106649979731
"GCNT3",-12.8246205556988
"PPIAP71",-12.8275212955551
"HNF1B",-12.8419021358995
"ACSL3P1",-12.847121503656
"IL17B",-12.847121503656
"OR8D4",-12.847121503656
"OR51G2",-12.847121503656
"OR6A2",-12.847121503656
"LINC01884",-12.8565814746427
"P2RY2",-12.874042074528
"FBLN2",-12.9090697851674
"SMAD9",-12.9265294802657
"VMP1",-12.9491759877347
"GOLPH3",-12.9546255948317
"WLS",-12.9549181887798
"CLEC18A",-12.9732235743757
"PKD1P6",-12.9954674717521
"IGSF3",-13.0277578841251
"LINC01684",-13.0515594762969
"C8orf34",-13.0523839751223
"PPIAP82",-13.0729365704322
"FER1L6-AS2",-13.0789858579776
"H3C12",-13.1098783876714
"MSANTD1",-13.1413463908751
"LINC02241",-13.1434954263265
"RPSAP18",-13.1461893870866
"TBC1D3L",-13.1646810788213
"LINC01235",-13.1744295259693
"LINC02211",-13.1768091294174
"FAM229B",-13.1774692943336
"MESTP3",-13.179992925626
"GPRC5B",-13.1827367147698
"SLC13A4",-13.2181400157865
"CDH15",-13.2314818920929
"EFEMP2",-13.2616084825153
"DES",-13.2663806184511
"FNDC11",-13.2707888369503
"ANKRD11P1",-13.2790896156204
"ARPC2",-13.2850880441081
"MIR9-2HG",-13.3036126990387
"LINC01614",-13.3086669334594
"C2orf78",-13.3176394783997
"STK32A",-13.3883810605714
"CALD1",-13.3926206065251
"NCAPGP1",-13.4011093996206
"HOXB-AS4",-13.4063066931523
"RNF207-AS1",-13.4235654780366
"ZMYND10",-13.4252933798805
"GRM1",-13.436243716173
"STUM",-13.4549253424391
"PCDH15",-13.4610693854038
"DDI1",-13.4887018460098
"RADX",-13.4966349177793
"SLC52A3",-13.5000062904049
"TTC28",-13.5072336832039
"MEG3",-13.5682258393411
"NEBL",-13.5704716069469
"LINC00840",-13.5708909256922
"AQP11",-13.5743698904318
"SLC29A2",-13.5872827519263
"CCDC80",-13.5880252485322
"CHST3",-13.6197579221743
"PIMREG",-13.622318922221
"RNF43",-13.6248447817367
"EBNA1BP2",-13.6580218939515
"KIAA0825",-13.6629127298157
"SLCO2B1",-13.6640914393114
"SLC1A6",-13.6787148958919
"KRT71",-13.7569312588559
"LINC02481",-13.7571498350188
"MIB1",-13.7937430730876
"FAM227A",-13.7949991884619
"SUSD4",-13.8188514428721
"CRACD",-13.8188514428721
"CLC",-13.8188514428721
"MEIS2",-13.8296380300499
"IGKV2-26",-13.8355855510932
"ZFAND2A-DT",-13.8659641438747
"OR2AT1P",-13.8769497974138
"NR6A1",-13.8792773051274
"FGF1",-13.9123716903887
"KNDC1",-13.9719594197054
"RPL21P16",-13.9726058726924
"TONSL",-14.0475506046789
"SERPINF1",-14.085650795315
"RELN",-14.0924039831505
"PORCN",-14.0935635261036
"CCDC15",-14.1009496090446
"GLYATL1P1",-14.1210151048631
"RNU6-64P",-14.140176860114
"LINC00520",-14.1407092694854
"LINC01436",-14.1407092694854
"RPP40",-14.1575344630362
"EMP1",-14.170323599863
"LINC01608",-14.195215246149
"NPM1P37",-14.2034149337747
"ARL4AP5",-14.2050889827985
"ALDH1A2",-14.2403929636833
"LVRN",-14.2472422829241
"BEST3",-14.2508455895816
"ZNF347",-14.260571101313
"MIR548Z",-14.2619134288019
"EEF1DP4",-14.2674290065276
"KRT8P14",-14.2750508392543
"XBP1P1",-14.2822390618876
"LINC02328",-14.2827290035352
"ADH1B",-14.2847222733435
"ZBTB33",-14.3076433711669
"EEF1A1P14",-14.3111934291836
"SLC22A15",-14.3365025084524
"RPL35A",-14.3412376417629
"RNFT2",-14.3849858657447
"MTCP1",-14.409924108909
"TRAJ26",-14.4518407099831
"MTMR12P1",-14.4630801586064
"DEFB123",-14.4630801586064
"TRAV30",-14.4673835126314
"PCDHAC1",-14.4677843788454
"GPATCH1",-14.4730872577836
"POU6F1",-14.4742923799597
"PRKACB-DT",-14.481498868747
"THNSL2",-14.4913780006453
"LRATD1",-14.5085181690772
"CDH11",-14.5160015821442
"ZNF678",-14.5233083833661
"AIG1",-14.5555931452511
"CSMD3",-14.5705440164886
"CHAC2",-14.6575035402647
"TNFAIP8L2",-14.6607870992471
"SLC6A1",-14.7543270948123
"PLA2G4F",-14.7605223415354
"PCDHA11",-14.7671645739449
"RN7SL288P",-14.7761518848222
"SMKR1",-14.8156623270728
"CKAP2-DT",-14.8343781013501
"ZNF25",-14.8359595856046
"LINC02536",-14.8376699010789
"KSR2",-14.8395217560712
"CBR4-DT",-14.877224694299
"ZNF8-ERVK3-1",-14.8980077877928
"WSCD1",-14.9193893543289
"RBFOX1",-14.9490128182634
"MTND3P1",-14.9714396216695
"RNU7-134P",-14.9796999907993
"NOP56P3",-15.0385458811007
"DMRTA2",-15.0560397219517
"MROH2B",-15.0692194576224
"REG4",-15.077232250691
"CXCR1",-15.0805172021623
"DPP6",-15.1405250645736
"MIR3134",-15.1554622161911
"SPRED3",-15.1980561257317
"BTN1A1P1",-15.2047508159195
"PERPP3",-15.2848931631171
"RNA5SP439",-15.2850746321455
"RPL31P52",-15.2886964503556
"RAET1G",-15.290537143789
"BANCR",-15.2964378719695
"TRMT9B",-15.3288247735493
"CASC8",-15.4481141676441
"LINC02090",-15.4645324113243
"SULF1",-15.4660380157389
"BEST2",-15.4858091905847
"FRMPD4",-15.4900048489024
"TMEM106A",-15.5208765008507
"SNORA3B",-15.5226221833555
"RGS13",-15.5698312959072
"CACNB3",-15.5869011328055
"RFX5-AS1",-15.5986945151636
"COL12A1",-15.60703991434
"MIR1203",-15.6165532981743
"FTH1P4",-15.621934421439
"HOTTIP",-15.6439484103583
"INMT",-15.6527145007513
"KIF18B",-15.6576957885782
"PEG10",-15.6801827380723
"FLG2",-15.7215098296589
"TNKS1BP1",-15.7580237688873
"TRAJ2",-15.7747210811359
"ZNF860",-15.8167998699865
"RPS21-DT",-15.8468943787511
"LINC02473",-15.9338586535875
"ZNF402P",-15.9338586535875
"RPL15",-15.9340128963364
"PCOLCE-AS1",-15.9451491793558
"CDR1",-15.9766859393005
"RNU4-78P",-16.0216365160076
"KCNJ12",-16.0296147420201
"PANTR1",-16.0503302930238
"FN1",-16.0539407524838
"ADGB",-16.0765356954095
"TRAV1-1",-16.1571812022163
"SUCLG2-DT",-16.1650373294792
"PPP1R26-AS1",-16.1790025548249
"CMKLR2",-16.2733493199632
"LINC03122",-16.2762780362208
"LMNTD2",-16.2861586179518
"CLEC4F",-16.3098361635527
"HMGB1P51",-16.3321776169402
"LINC01102",-16.3464548865745
"SCIN",-16.3567730052959
"PTBP2",-16.3679109374843
"HYMAI",-16.3750030284251
"ZNF653",-16.3892902969038
"TUBA8",-16.3916447272598
"SNAP91",-16.4051930494873
"RBBP4P2",-16.4182291282827
"CPXM1",-16.4437233552585
"MIR3140",-16.457492207717
"RCAN2-DT",-16.479736993476
"EIF4BP5",-16.4907974246358
"CPS1",-16.491306100883
"LINC01796",-16.5150010049123
"SHISA4",-16.5222631359772
"FLT4",-16.5545143790599
"RP1",-16.5640614664764
"PMP22",-16.5839201210971
"BOLA3P4",-16.5856671818302
"SH3PXD2A-AS1",-16.5877760300208
"MAOA",-16.647238444144
"FOLR1",-16.6603700814914
"HECW2-AS1",-16.7228608037584
"SLC7A14-AS1",-16.7465599081333
"PPP1R15B-AS1",-16.7708636112418
"GRHL1",-16.7867640269293
"PTCHD4",-16.8105063284091
"TNFRSF10B-AS1",-16.8324847385136
"IFT81",-16.8465127510889
"REV3L-IT1",-16.8752626268363
"TMEM52B",-16.8845158641802
"TMEM51-AS1",-16.8863072780105
"BCL9",-16.9099400057916
"WWTR1-IT1",-16.9526533338627
"ELOCP31",-16.9632325183217
"WFDC13",-17.0280329212785
"DCAF4L2",-17.0327348656823
"LINC03021",-17.1231093083031
"THBS2-AS1",-17.1837002652529
"RNU6-678P",-17.2675796863716
"GIPR",-17.2687954837694
"NYNRIN",-17.2735918853445
"RPS20",-17.2839117342018
"ZNF850",-17.3077304196921
"OSGEPL1-AS1",-17.3103531278796
"PFN1P10",-17.3349017645629
"RNU6-288P",-17.3398213880738
"CTNNA3",-17.3657146333632
"MFAP2",-17.3801785520123
"OSBPL6",-17.3841773813791
"LRRC49",-17.3865995473002
"PAX1",-17.3979167559328
"TMSB4X",-17.4720252693241
"IGKV3OR2-268",-17.501545123994
"SCARA5",-17.5117362413759
"TRPC5",-17.5556512533182
"MIR215",-17.5687436935368
"RPS27AP7",-17.586716192671
"GPR162",-17.619757685719
"MIS18A-AS1",-17.6377473439694
"NEURL3",-17.665269011452
"EYA1",-17.6690896177071
"GPRASP1",-17.6873525285208
"RPL17P48",-17.6884374866703
"RNU4-47P",-17.7158118607842
"OLFML2B",-17.7620870266785
"FGFBP2",-17.7683170628319
"RPL7",-17.7865282569525
"LINC01828",-17.7888304398129
"CAPS2",-17.8086639750171
"ZFP64",-17.8136120002434
"BCO2",-17.8387423459882
"THBD",-17.8715862252077
"PGBD1",-17.8969813333822
"LINC01572",-17.9003539165826
"CAPN5",-17.9347681182943
"MIR194-2HG",-17.9369649739244
"LRFN2",-17.9548860282952
"FHL2",-17.9890104576498
"FRMPD3-AS1",-18.0090195621899
"THBS2",-18.0173927308888
"LRRFIP1P1",-18.064310259315
"TMEM98",-18.0768847704352
"PRRX1",-18.0796188356965
"ZNF479",-18.1620667227409
"PLK1",-18.1737040547138
"QSER1",-18.1799877437994
"SNORA22",-18.1907302412307
"ZNF219",-18.2077952424759
"MAP7D2",-18.2198817333744
"HMGB3",-18.2383185950417
"SMIM18",-18.2915178563882
"RPSAP11",-18.3079751829855
"LINC03052",-18.319996395257
"HAP1",-18.3345906469042
"SH2D1B",-18.3598932672417
"ERC2",-18.3800555474699
"XKRX",-18.3927129806092
"CHST6",-18.4133818601015
"WWC1",-18.4147888836818
"PIGCP1",-18.4486428955714
"BCL2L2",-18.4611509158261
"GJB4",-18.5206195320788
"ABO",-18.5498581529507
"HIKESHIP3",-18.5548810883609
"MMP2",-18.619256089551
"IL6ST-DT",-18.6486543018793
"OPRD1",-18.6573872057818
"DMRT2",-18.6692960862199
"RPL21P20",-18.7033045682495
"IGKV1-17",-18.7177678764321
"APOBEC3B-AS1",-18.7353963195386
"RBM8A",-18.7413663956721
"KCNAB1",-18.7825319509711
"RPS27AP20",-18.8445958896729
"HBQ1",-18.8587092563672
"ZSCAN9",-18.8603690989651
"GINS1",-18.8907769079863
"DAB2",-18.8941309027021
"RPLP1",-18.9094310757494
"CCR5",-18.9154760045555
"SLC28A2-AS1",-18.919097330521
"ZNF629",-18.9813627565147
"PAQR9",-19.0074251042767
"ZEB1-AS1",-19.0081586386568
"LINC03057",-19.0180975827145
"HDAC11-AS1",-19.0397014981684
"LINC01730",-19.0550644467967
"NCLP1",-19.0556832243679
"RPS11",-19.0852515086772
"LIFR",-19.1130520118457
"LAMA4",-19.1241648504524
"FGF7",-19.1283417634793
"DUSP28",-19.2070957603924
"LINC02777",-19.2090847660423
"LKAAEAR1",-19.2410849603941
"RN7SL4P",-19.2458169942499
"LGALS9C",-19.290827622643
"TSPAN32",-19.308902127131
"RPL23AP18",-19.3141663848026
"TRIM9",-19.3344672108795
"SMIM33",-19.3406282928987
"EGFL7",-19.3847025852365
"LINC01539",-19.4298666792825
"TMEM182",-19.4416202836026
"TMEM45A",-19.5559333064412
"HULC",-19.5799268510529
"LINC02977",-19.6666462287788
"IFITM3P3",-19.6940757119228
"ALDH6A1",-19.6963115898071
"ANKRD20A10P",-19.8057472935304
"ZNG1E",-19.8080962065556
"EPX",-19.8152350694496
"ZNF835",-19.8387637887852
"SNRPGP5",-19.8512801943929
"GPR141",-19.8677811215987
"RTCA-AS1",-19.8742994378735
"EVC2",-19.9184196960885
"FSIP2",-19.9600215284845
"DNAH9",-19.9718164301695
"CKAP2LP1",-20.0141166327014
"HMGN2P20",-20.0497624495373
"ZKSCAN3",-20.1038934081947
"ATP13A4",-20.1138303395392
"DM1-AS",-20.1167174135374
"RPS15AP10",-20.1816444366627
"IGLV3-12",-20.2329273906313
"TRIM67",-20.2635430104229
"HPDL",-20.2738445379023
"ZNF491",-20.29539466004
"DNAH14",-20.3112787980716
"TMSB15B",-20.411745684331
"CES4A",-20.4168999478112
"TEX38",-20.4243898821244
"LINC01990",-20.4722855122873
"STX5-DT",-20.5057416899328
"LINC01132",-20.5111058711472
"C5orf34",-20.529826093593
"ZNF354C",-20.5567125908221
"PTGS2",-20.6972018125059
"TPM2",-20.7638719553755
"OTOF",-20.7929625727331
"ZNF962P",-20.7929625727331
"RASA3-IT1",-20.8117825026956
"STEAP3",-20.825632272004
"RIMS1",-20.8646864473445
"ZNF691-DT",-20.8740188448992
"RASGRF1",-20.8907918140644
"HACD1",-21.0135963568133
"CCDC168",-21.0189326648102
"ELF5",-21.0586801223548
"IKZF1",-21.0828240225527
"RPSAP16",-21.1426172831481
"RNU6ATAC27P",-21.1738368924539
"HTR2B",-21.2205717315982
"EIF1P6",-21.2469372665963
"SCUBE1",-21.2606014322444
"LSM3P2",-21.2676987628715
"MUSK",-21.2710843286491
"PTPRG-AS1",-21.2982743266426
"PCGF2",-21.3647436413021
"RIMKLB",-21.4183130927292
"SCD",-21.5623115341119
"LINC00486",-21.6283668929272
"DHDH",-21.6993719802395
"ZNF470",-21.7586802360371
"PIGHP1",-21.7843933314222
"TMEM44",-21.8939229298062
"TRPV6",-21.9465857960604
"HDAC11",-21.9824984372755
"SOD1-DT",-22.0410096951748
"FABP5P9",-22.0479911281007
"LIX1L-AS1",-22.1718586397064
"LINC01108",-22.2427231403135
"SPMAP2",-22.2746318825422
"IHH",-22.3127915448019
"MT1P3",-22.3659152214396
"SPATA31H1",-22.3970743801266
"ID4",-22.3988048812181
"SCN4B",-22.4722890616508
"HSPA8P15",-22.510801970915
"RPS14",-22.5149647630877
"SMARCE1P1",-22.6462186510199
"CSNK1A1",-22.7030914422975
"LMNTD2-AS1",-22.7092240180292
"IGKJ3",-22.7093782766344
"RPL37",-22.7422554465119
"LINC02614",-22.7574378669246
"NRXN1",-22.7601615550776
"CRNDE",-22.9017053064373
"CDC23",-22.9268983482456
"E2F2",-23.1950592769069
"MAGOH",-23.2128884397473
"TRBV5-5",-23.2795842142273
"RPS20P13",-23.3159192198967
"RNA5SP265",-23.3815243515282
"CLEC1A",-23.437039829173
"STEAP1",-23.4593442085303
"LINC01359",-23.5180064679478
"RPL7P19",-23.5353651884867
"CCDC83",-23.5591913086461
"TRPM6",-23.606240207166
"AMIGO1",-23.6118543379224
"PODNL1",-23.6293185834895
"SH3TC2-DT",-23.6765584905711
"RTN4R",-23.6786337180271
"PLCB3",-23.7531980887538
"PDE4DIPP6",-23.7896861854077
"RAMP1",-23.8591250099291
"LINC02610",-23.921376802523
"LINC00525",-23.948883044589
"LINC03074",-23.9702341824269
"FRG1",-23.9983632584118
"LINC02961",-24.0265585907712
"GLIPR1L1",-24.1140190049367
"DNMT3B",-24.1720256632069
"COX6CP17",-24.183290286421
"PPIAP41",-24.3237213681975
"NEXN-AS1",-24.3544340526399
"BCAP29",-24.3748553208004
"IGFBP5",-24.4312097747265
"LINC01030",-24.534258353674
"RNF152",-24.5625686682709
"CHRM3-AS2",-24.5986915292447
"ANG",-24.6237697682822
"RPL39P16",-24.6838187857862
"HSPB8",-24.7189831793257
"TMC5",-24.7288370976814
"IGKV2D-29",-24.7612900633077
"COL6A3",-24.7823896963799
"OLFML3",-24.8473721869892
"CXCL2",-24.9447380330518
"LINC02316",-25.0266201688106
"RNF128",-25.0321353147733
"RN7SL517P",-25.1022110372828
"C5AR1",-25.125700086189
"KDM5C-IT1",-25.1303878090229
"USP27X",-25.1806670622863
"CPB2",-25.3798154761258
"LINC01505",-25.3828022429998
"ORM1",-25.3989871542781
"LYPD2",-25.4963660478868
"COL6A1",-25.5134864087347
"ADAMTS6",-25.5345925712932
"RPS15AP30",-25.6246188054894
"RPL23",-25.689554013822
"RNU6-179P",-25.7155562448145
"ATG12P2",-25.7756347678389
"IFIT6P",-25.7922180610545
"CYP2D8P",-25.8183988469816
"IGHV3-23",-25.8197494668891
"LINC02611",-25.8878478359161
"RN7SKP268",-25.9035495444176
"DUSP29",-26.0210181463615
"SPECC1L-ADORA2A",-26.0221152383756
"FOXA1",-26.0442466862101
"GVQW3",-26.1160413270516
"STX18-IT1",-26.126919959872
"WBP1LP2",-26.233441708627
"XACT",-26.2675758957131
"ZFP69",-26.2785365403311
"PCED1B",-26.2968326113638
"RPL41",-26.3196134254648
"TCEANC",-26.3613994608706
"SERPINE1",-26.4322972107941
"RPS3AP14",-26.5046167093255
"ADAP2",-26.5169334087882
"WDR74",-26.5191514096067
"PLEKHG3",-26.5751388981006
"ATP6V1G1",-26.6146411303453
"RPS21",-26.7155685217121
"RNU6-1176P",-26.749256226261
"RPL21P81",-26.8152334744324
"UBE2C",-26.835912073155
"DSEL",-26.9303826389487
"HECW1",-27.0046983759061
"SGCG",-27.1344991135352
"NR2F2-AS1",-27.2440853788286
"C7",-27.2612519719103
"CA7",-27.2764440337199
"RPL10AP1",-27.3616833208354
"RCBTB2",-27.410771438481
"RNF152P1",-27.4193048780395
"PTGDR2",-27.4952967235749
"GAS1RR",-27.5034572033812
"SPATA3-AS1",-27.5516059351736
"NR2F2",-27.5673975228253
"RPS27",-27.5850229797332
"LINC01320",-27.7124316657238
"INO80D",-27.7959109249697
"KLHL25P1",-27.8414699282943
"LUM",-27.8884628259363
"NRDC",-27.9604059287116
"CYB5D1",-28.0527882102951
"RBP7",-28.1131479905839
"SPMIP2",-28.115678176469
"PRSS57",-28.2045262685208
"STPG2-AS1",-28.2901984647721
"RPL26P6",-28.3749925211193
"FAM136A",-28.4008004104893
"PDCL3P2",-28.4645479734499
"HIGD1A",-28.481363903339
"MTND5P28",-28.6932760443108
"MFAP4",-28.7735186255011
"LINC01681",-28.789772730353
"ZNF346-IT1",-28.7933257635199
"PARS2",-28.869230716505
"RAG1",-28.8748286460865
"SLN",-28.9714919855887
"TRBV11-3",-28.9916127955197
"SCD5",-29.0734127796215
"MANEA-DT",-29.1125865459042
"CPAMD8",-29.1764757301724
"RPS12P27",-29.1995976334183
"PHF21B",-29.2028714818069
"LINC02182",-29.3849698101546
"ITGB1BP2",-29.4105799091094
"RN7SL764P",-29.4133301050498
"MIR548AK",-29.4310099440534
"TAF9BP1",-29.4510534460009
"SMC3P1",-29.5183536176442
"COP1-DT",-29.6212381395365
"GPC1-AS1",-29.6367817624012
"SAXO4",-29.6386479968697
"MYO16",-29.678433939603
"ZFP69B",-29.6830506529248
"RPL35AP5",-29.7524260980265
"RPS6",-29.7691904782432
"XPO7",-29.9307679683325
"MIR610",-29.9452435359067
"ZC4H2",-29.9570828494492
"GAS1",-29.9710785040884
"MTCO2P2",-30.1354372952516
"SGO1-AS1",-30.1621168791716
"DNTTIP2",-30.1658063219967
"PDZD9",-30.2353878887907
"DDIT3",-30.2881645643302
"LINC02137",-30.2915084112214
"C10orf143",-30.3308153866287
"TRAJ25",-30.4658109279912
"FAM200C",-30.5146542152526
"LINC01237",-30.5301046238759
"FBXO36",-30.5417458224265
"ASIP",-30.5542720897513
"BNIP3P27",-30.591428293831
"OSR2",-30.6466429202621
"SELENOO-AS1",-30.7045851592548
"RGS12",-30.8302387769493
"RNU6-979P",-30.850900638482
"PCSK6",-30.8725835466736
"DMKN",-30.9017804330979
"COL6A2",-30.972462477683
"GREB1",-30.9814307754911
"TMEM35B",-31.0341851883431
"H1-5",-31.2056825911022
"GNRH1",-31.2285319423835
"HMGB1P20",-31.3606086451176
"CCR5AS",-31.5942067886218
"CCDC9B",-31.6818820562361
"VCAN",-31.8056898678828
"FMOD",-31.9564643078968
"SUMO1",-32.2499532208065
"LINC02803",-32.2526485179274
"DCN",-32.3378594835245
"H3C3",-32.380751418179
"WFDC2",-32.4497044351209
"LINC00609",-32.5330369084889
"DNAH12",-32.5727372920596
"RPS23",-32.6419980341857
"BNIP3P14",-32.6741126001848
"LINC01479",-32.7141661346608
"EMP2P1",-32.9460441792107
"DIAPH3",-32.9777575622755
"DHRS11",-33.0270002080064
"COL14A1",-33.132425956404
"KRT6A",-33.1641022840125
"RNU2-35P",-33.2564205091178
"CSPG4BP",-33.4016086650093
"CPE",-33.4789467723716
"COL19A1",-33.5471012413438
"TRAJ55",-33.5993187916333
"TAFA1",-33.7104190319603
"CHST14",-33.906413050475
"POU5F1P6",-33.9384674934183
"TAC1",-34.1224385747854
"FOXP2",-34.1737432911817
"RN7SKP30",-34.1827889227766
"MTUS1",-34.2902026264113
"HSBP1",-34.3056134233551
"IGHV1-69-2",-34.3242523019886
"SATB2",-34.3664537482975
"RNA5SP363",-34.4830037732769
"IFT70A",-34.532567311622
"IGIP",-34.5702836911553
"CYS1",-34.5726224764618
"RPA4",-34.6366202213887
"SIRT1",-34.8119885583034
"MYOT",-34.8518889719301
"SCOCP1",-34.9636227779775
"FGF18",-35.0971891289651
"VPS4B",-35.1659555431217
"CNTROB",-35.3833273457368
"PTGDR",-35.4326877999354
"SYS1",-35.4364496977899
"KRT18P57",-35.5669848211868
"CHCHD2",-35.6191827090328
"LINC02539",-35.6386205606943
"IGHEP2",-35.9133188532917
"LINC00158",-36.1333640267712
"GARIN4",-36.2260949032827
"RAD51AP1",-36.2799263858536
"PRPH2",-36.5177281973334
"ZNF667-AS1",-36.5886305908548
"LCA5L",-36.6679972563977
"TBC1D8-AS1",-36.6748279019216
"CEROX1",-36.7573394233553
"CFAP100",-36.9840865410428
"KIAA1328",-37.0505357006055
"SLC25A39P1",-37.0933015685904
"NEDD4L",-37.0984892939246
"TSPAN8",-37.2511269097918
"DIP2C",-37.4127749766466
"CA6",-37.4726544426161
"RNA5SP319",-37.6282408439544
"CPLX2",-37.688168165601
"LINC00528",-37.7066172211172
"CHIT1",-37.7625661529986
"TNNI2",-37.7738359679395
"FMO5",-38.0657820533927
"MPO",-38.0848359668668
"CHRDL2",-38.1074348367764
"LINC02848",-38.1313579648197
"OSCP1",-38.1879355105936
"SPOCK1",-38.2332289694975
"C19orf18",-38.4674489421079
"NR2E3",-38.7449883951925
"AKAP12",-38.8388967176369
"DISC1-IT1",-38.8658470159753
"PIK3CD-AS2",-39.0171660126002
"SNORA71B",-39.135565838387
"ZNF208",-39.1589932676712
"RPL31",-39.2536217068643
"CTSK",-39.2705095925196
"MYG1P1",-39.2714412443207
"RN7SL130P",-39.3347233601612
"RPL15P12",-39.4036722118102
"NOL12",-39.4351770900584
"PCDH1",-39.5069810905722
"LILRB2",-39.5863323346626
"TSKS",-39.6133347874502
"PTN",-39.6758595606024
"CCDC24",-39.7814850018831
"CDCA8",-39.8066171059459
"FBLN1",-39.8270386005839
"HNRNPRP1",-39.832422675593
"RPL21",-40.0639442603833
"CYP24A1",-40.4105970985765
"RNU1-93P",-40.6401755865356
"TAF12-DT",-40.7821971040537
"ZNF90",-40.8099837013425
"HNRNPA1P14",-40.8158004909246
"RIN1",-40.8656053421301
"RNU6-407P",-40.9361095939188
"PRKCZ-AS1",-41.048647664088
"IGKV3-20",-41.0576096501514
"SDR16C5",-41.2001246292843
"LINC00471",-41.2759370018647
"ATG10",-41.5210363146861
"HCP5B",-41.5983101043382
"MTARC1",-41.6016658527409
"LHFPL2",-41.6033926825181
"SLPI",-41.7234919687506
"GP6",-41.7255618075521
"EPS8L1",-41.860375386942
"CCDC40",-42.0474863710649
"APOBEC2",-42.3853073036865
"CMKLR1",-42.64075215452
"RN7SL573P",-42.6729672127583
"ZMYM1",-42.7540211268392
"ATP5MFP1",-42.8181746657774
"PLPP2",-42.8534873677622
"COL1A2",-42.9837198731046
"HSPA8P3",-43.0422258893664
"LINC01625",-43.1617315553735
"RNU6ATAC24P",-43.2018809202636
"ZNF202",-43.3512734910574
"SMG1P4",-43.3808410802098
"KLHDC9",-43.4687656849934
"NHSL2",-43.6864927864822
"RNU6-402P",-43.6901999709716
"RHOU",-43.8211658219266
"S100A10",-43.869018634308
"CYP2E1",-43.9512331822848
"TLE1-DT",-43.9766783082873
"ZNF780A",-44.0383078486757
"LINC01829",-44.218290399962
"SLIT2",-44.4041189997046
"GUCY1A1",-44.7257968889813
"RARRES1",-44.7462747473024
"IGHG1",-44.8789294025965
"LDHAL6A",-45.1584758442135
"GLYR1P1",-45.3181211009517
"GJB6",-45.5426985113506
"RPS3AP38",-45.7078766083688
"EFEMP1",-45.71531979275
"RPL10A",-45.8055621440781
"NR5A2",-45.9402934089719
"MGAM",-46.1251457844925
"PATL1-DT",-46.1376625188347
"PRR15L",-46.2202065723739
"ZBTB8A",-46.2576251955514
"ZNF541",-46.409740853425
"ZNF888",-46.653042966211
"IGKV2-29",-47.3843592909913
"LINC02285",-47.5647960941846
"WBP2NL",-47.6357034482689
"SFRP2",-47.8196232328294
"AQP10",-47.8634510099342
"MYH3",-47.8698151626997
"TRBV10-1",-48.0146166947293
"CYCSP40",-48.4079554734821
"SRGAP3-AS4",-48.4398469867923
"LIPH",-48.5523198077194
"ICA1L",-48.5706573201009
"VPS26AP1",-48.6483391413345
"SLC7A10",-48.6976925150769
"IGHG2",-48.7802566145347
"IGHE",-48.8149128840121
"PCED1B-AS1",-48.8195436907227
"PCDHGB6",-49.0311831287201
"LSM7",-49.0462746804723
"PEG13",-49.3877249147577
"LINC02935",-49.4342097027589
"PROM2",-49.577178102438
"R3HDM2",-49.6224371809295
"THSD1",-49.7100125584017
"PCDHGA7",-49.8422628868852
"IL5RA",-50.5766871402606
"MPHOSPH6P1",-50.8677648753103
"BGN",-51.1050175416942
"SDC1",-51.2615079040836
"PPIAP30",-51.7653792413004
"C1S",-51.8293458843417
"SSBP1",-52.0931195171618
"KIF25",-52.4460403930362
"PCOLCE",-52.5370825432711
"BDNF",-52.5679849295214
"TRUB1",-52.7212670783082
"LTBR",-53.4171397600833
"KIR3DL1",-53.4409897098356
"MTND4P11",-53.8378032711468
"LATS2-AS1",-54.6149795032643
"BTBD7P1",-54.8033428710491
"RPL11P3",-54.8250158054726
"SLC17A3",-55.0684680763796
"TTC21B-AS1",-55.3371635963725
"RN7SL678P",-55.759845091886
"CSRP2P2",-55.9967606121647
"PLA2G2A",-56.0305350344243
"PSMB3",-56.0621898711838
"SUMO2P8",-56.4145990230991
"KIF14",-56.5454706493673
"PARGP1",-56.5793954112183
"PM20D1",-56.7635205183605
"SOCS6",-57.2638371222625
"MSH4",-57.3440443500657
"GCK",-57.3897537772393
"PIGH",-57.763637626006
"OSTN",-57.8901629995057
"ZMAT4",-58.1815021352251
"BRD8",-58.7626974918738
"RN7SL182P",-59.5223636746739
"TTC39C-AS1",-59.5976211610241
"LGR6",-59.6304982640491
"KRT14",-60.2748544570918
"RPL23AP55",-60.5299640855521
"RPS25P3",-60.7278078466951
"ARMC2",-61.558529401605
"KRT16",-61.8413984010084
"PARLP1",-62.6712191795973
"ZNF501",-62.9004102723022
"YPEL3-DT",-63.1305012688855
"PRKAG2-AS2",-63.2819337832687
"RN7SL535P",-63.2992783498911
"EXO1",-63.2996825129948
"GIN1",-63.3628118026619
"AMOTL1",-63.5209495747812
"RARB",-63.6451470099538
"TRBV23-1",-63.650116202549
"MS4A6A",-64.1941157272205
"MRPL32",-64.6960334913307
"USP27X-DT",-64.8135213690579
"TCEAL1",-64.846933059664
"MGP",-64.9831239409074
"COL3A1",-65.2841011982794
"APOBEC3B",-65.342327253464
"CRYZL1",-66.1800267682293
"IGHV3-30",-66.7168251555983
"TFR2",-66.8763125476759
"IGKV1-9",-67.9707267384661
"ZNF630",-68.1743894496354
"SLCO4C1",-68.2633826702267
"IGKV1-8",-69.7384444123747
"BMAL2",-70.0596104893642
"IGHGP",-70.1051885388347
"PODN",-70.1902693421087
"TRBV16",-71.4057728567126
"PLEKHH1",-72.1173839284939
"BDNF-AS",-72.2524104856108
"GDF15",-72.4023148407606
"TSEN15P2",-73.0682035086847
"ZNF2",-73.4952428584127
"PTHLH",-74.5366992938752
"CBY3",-75.5962229207568
"LINC01933",-77.265274003277
"MALAT1",-77.9774461242844
"OTP",-78.0512452960392
"AIRN",-78.9667375412398
"RPL9P30",-79.576519854443
"SMCR5",-80.6520545847013
"BIRC5",-81.0552151657621
"TALAM1",-81.5565066973605
"ZNF280B",-82.2296891292892
"RPL17P24",-82.8920601837793
"FAM133EP",-83.0045737141732
"SLC14A2",-84.1221902183504
"BMP4",-84.5164406928635
"ST8SIA6-AS1",-84.967699016534
"PLGLB1",-85.4403130174136
"INO80D-AS1",-85.8139849153
"PHLDB2",-86.3479469206807
"ZCCHC12",-86.9697460430039
"AOAH-IT1",-87.1450642435085
"CDC20",-89.7463472069493
"ATP13A3-DT",-90.2553059701172
"RN7SL368P",-90.3160189401613
"KLF4P1",-91.1521567666167
"RPL34P6",-91.4611113346319
"C2orf50",-91.6591493387596
"MCOLN3",-91.7218842603083
"MEX3A",-92.4656402204787
"CARD16",-96.3848081828982
"ART3",-100.063372830837
"LYAR",-100.936830345787
"DYNC1LI2-DT",-102.764780653357
"GDPD3",-102.88564676497
"IGHV6-1",-107.942162728682
"PAK6",-108.515571345218
"BTBD10P2",-108.537159134121
"DUBR",-111.468056534852
"WBP11P2",-111.753290921163
"LINC02948",-122.612757349158
"MS4A4A",-123.005322346346
"ARGFXP2",-126.107549853378
"AKR1C3",-126.789118711286
"CX3CR1",-128.81479742005
"MARK2P18",-159.886148485726
"ZNF514",-253.899312623542
