"gene","rank_metric"
"TPSAB1",4162.20930746341
"TPSB2",3676.14041399673
"KIT",2688.10080737022
"CPA3",2353.62053329061
"HDC",2027.65461359999
"MS4A2",1704.59213473872
"TPSD1",1584.20282151756
"SIGLEC6",966.540437657093
"RHEX",965.269763768231
"HPGDS",956.510064485236
"PTGS1",587.328137217112
"SAMSN1",355.589190584532
"RGS13",315.209632275849
"GPR65",291.454112255539
"LAX1",278.294640175154
"CTSG",237.895454620656
"BTK",236.713946775638
"SLC18A2-AS1",234.033308317137
"LINC01147",199.339888892432
"CD33",195.553939966826
"DHRS9",184.895108686411
"MLPH",178.695419319048
"SYTL3",177.609547310161
"GALNT6",174.539816401768
"TESPA1",170.645262133725
"IKZF3",165.920264092191
"TNFRSF9",156.190106508812
"LAT2",152.414247191644
"CALB2",151.602029212481
"CADPS",151.468797528137
"STAP1",150.857023316193
"DDX3Y",147.685331359974
"GRAP2",142.215218577918
"ALOX5AP",141.868696991166
"FCER1A",141.259582740373
"SLC18A2",140.138515575486
"CD300A",136.335469034144
"PIK3R6",134.520147226682
"ALOX5",132.801211125912
"KRT1",129.157655847638
"NTRK1",129.058610528487
"TBXAS1",124.282485619404
"CD22",124.092537512378
"RAB37",123.578296635052
"CD69",121.709514445394
"GNA15",121.060392980373
"TMEM154",119.136782035742
"C3AR1",118.86398445617
"ADCYAP1",115.140248325994
"CMA1",111.638156040906
"SIGLEC8",111.573238151864
"VAV1",111.404899969124
"CHN2",107.471456221902
"GPAT3",106.908831253524
"CD84",106.283420964201
"KCNH2",105.179174469459
"CDK15",103.77571988657
"C16orf54",101.832607211326
"ENPP3",100.151733799716
"CD37",100.057211858753
"GCSAML",99.6999060497773
"FGL2",97.8832742319534
"CDCP1",95.3403728494843
"RAC2",94.599030114068
"UNC13D",92.6601595229458
"MIR3142HG",90.8868493101026
"CAPG",90.6947550577109
"ADRB2",90.3904697867995
"GPR35",90.0206957856136
"TNF",89.0484581941198
"IL18",88.6069940600689
"ATP8B4",88.1613817545247
"SLC30A2",87.3682333887906
"BCL11A",86.8936206845457
"SIGLEC14",85.4587098875856
"GATA1",85.2723434297827
"AP1S3",84.688134411408
"ZBTB32",83.8822101373063
"SLC24A3-AS1",82.7966285760482
"SERPINE3",81.8495800070351
"NCKAP1L",81.5604363392745
"TRIM63",79.2832539617936
"MIR3918",79.2291240745243
"KIAA1549",78.9537013234983
"SYK",78.5190253688863
"TRAF3IP3",78.3595390321598
"GPR34",77.9618992413357
"GAPT",76.8641994747029
"ITGAM",76.5026562633744
"SIGLEC10",76.1015594380581
"SLC36A1",75.1081259488307
"IL13",74.9825197425439
"GALNT3",74.2613467982387
"PROM1",73.9083073554436
"LINC02977",73.7478464443017
"LAPTM5",72.9870480073665
"CD38",72.8839208531926
"LGALS12",72.6546910957172
"COL9A2",72.0562549485353
"TMEM213",72.0086870484963
"LINC02207",70.6817880968581
"KLHL6",70.5331612072145
"HAVCR2",70.332041641363
"AKAP5",69.341616743365
"CD300LF",69.1287759080154
"CD48",68.2841308919989
"LINC02752",67.9754798611731
"CATSPER1",67.7705561120059
"IGHG3",67.7109158234077
"IL12RB1",66.9755603365496
"ARMH1",66.7236000284156
"ARSK",66.5393626292085
"RAB44",66.4133464075435
"CD300C",66.2989813525445
"TNFSF14",65.9387383645672
"LRRC61",65.6769223236975
"SLC27A2",65.1473353777821
"EXO5",64.5477074804783
"MLANA",64.2440175866401
"EVI2B",64.0817958682141
"SLC24A3",63.0463916072693
"OR2AT1P",62.7146261928178
"USP9Y",62.5173843333256
"SASH3",62.5102992271457
"SVOPL",62.229277868845
"UCA1-AS1",62.0074958994522
"ZFY",61.9384794326663
"LINC01094",61.8065463590702
"CCL4L2",61.5016773353541
"ZNF799",61.4757693368134
"FAM83F",61.3679734478421
"FAM30A",61.3050928496283
"PAQR6",60.9019426482069
"PAQR5",60.8671799847462
"CHRNA6",60.8060958284859
"HAS1",60.5083087724299
"PRKCB",60.2668975082635
"PRR15-DT",60.0499794664685
"CLNK",59.8913350713386
"CYTH4",59.7039890475097
"CST7",59.6722448007341
"SLC37A2",58.2506351081402
"CXCL16",58.0858995903653
"CCL3L3",57.7486795343665
"FFAR1",57.6722842297034
"RAP1GAP2",57.0571655131569
"SDK2",56.2629701045374
"RUNX3",55.9970816997359
"PLAAT5",55.9941427415703
"DNAI2",55.9684338596422
"CTRC",55.5320941200449
"ZDBF2",55.4260058383737
"ADORA2B",55.3336905187834
"ELOVL7",54.9104513766997
"MAD1L1",54.8986435166663
"FBP1",54.7654201020667
"AQP10",54.6129118300274
"LINC00877",54.1354955802194
"GM2A",54.0089072390365
"EFHC2",53.9912887331462
"HOXA1",53.8804843271161
"PZP",53.4739670405837
"IRF5",53.2574812237077
"SLC8A3",52.9602162643517
"TYROBP",52.9596667432651
"RYR3",52.6620276075452
"JAKMIP2",52.6383410386625
"PNPLA6",52.5529424337159
"RD3",52.445961024569
"CD200R1",52.0977864328778
"TSPAN32",51.9578114414768
"TXK",51.9299710980703
"HOMER2",51.9256952532915
"LCP1",51.8754856952774
"RN7SL494P",51.8436682155663
"TYR",51.7518646813909
"PIK3CG",51.7173763498159
"BEX2",51.6842202215727
"RPL32P26",51.625565381108
"TIGD5",51.5508840459892
"UFD1-AS1",51.4315777678048
"IL5RA",51.3380027999452
"PIK3AP1",51.20273852278
"OR10H1",51.1965066231201
"VWC2",51.1479444393913
"HSPD1P11",51.0874669612828
"RYR1",50.9414253709782
"OR2C3",50.9196102094472
"IKZF1",50.7594408361565
"KLHDC7B",50.5125429001317
"GTF2E1",50.2686713203195
"GPR132",50.2361677032545
"VWA5A",50.1750979429655
"FCRL3",50.1455052083898
"MIR202HG",50.1270556756283
"HECW2-AS1",49.6838592526965
"LINC00996",49.5536402697892
"BEGAIN",49.4881944358043
"BSPRY",49.2637373023442
"MAS1L",48.9541195294737
"RPS4Y1",48.7910862573634
"EVPL",48.717625859319
"CRISP1",48.4963289530699
"ADORA3",48.3353707885577
"RINL",48.191549752395
"LAT",48.1706276823174
"GPR22",47.9815542500129
"KDM5D",47.9457414417624
"SPATA31G1",47.7812439458498
"PTPRN2-AS1",47.6611383923047
"MIR142HG",47.6570389873352
"RASGRP4",47.5049933410793
"DDX3P1",47.4910219297177
"SLC30A4-AS1",47.4061907443039
"IGKV1-39",47.4041439792613
"ZGRF1",47.3546405660636
"CFAP418",47.3089710485202
"PTPN6",47.243097368407
"SIGLEC10-AS1",47.1565130954568
"ELMO3",47.1538378704363
"NR1I2",47.0338423741364
"FBXO27",46.9777269116164
"PTPRC",46.6953334981733
"PAK1",46.5823371562617
"ZNF16",46.5746896067405
"ZNF550",46.5434427425323
"LINC02829",46.2193516471363
"TMEM266",46.1780613704457
"HISLA",46.1526441520061
"F2RL2",45.8832313315402
"ZNF707",45.8323734862137
"TOX-DT",45.6506948535863
"GATA2",45.616979002681
"SMYD5",45.554086163118
"FAM83G",45.5494069385848
"HNRNPCP4",45.4286222067799
"DOK3",45.3361439632561
"CCR4",45.2976224324651
"DNAH1",45.2566262807146
"MYO1G",45.2540176010132
"DOCK2",45.223503139091
"GFRA3",45.0501165457026
"ZBTB26",45.0236078610971
"FAM85B",44.9162234287774
"ANKRD9",44.7714184956196
"GEMIN4",44.5362452286928
"LY75",44.4879791331894
"KDM8",44.4460071882297
"DRD2",44.4260774559997
"CXCL9",44.0534858071542
"RPL5P28",43.9450158963817
"SLC45A3",43.5828413971404
"BBS10",43.5164673949388
"GFI1B",43.4689811316205
"STAC3",43.3690495254156
"LINC00299",43.2871424310923
"RPS3AP34",43.1804394941385
"RIPOR2",43.1267663124441
"ARRDC5",43.037210767397
"IL18RAP",43.0116924291784
"JADE2",42.8774266913647
"MMP2-AS1",42.7720170516667
"PADI2",42.6900482667769
"AMHR2",42.6016950439585
"LYPD3",42.5316881359543
"HK2",42.1738099278344
"BST1",42.0738534681388
"ARHGAP25",42.0475729958766
"ASIC4",41.9745010272337
"ZNF222",41.9162138563407
"ERBB3",41.5761867178646
"NDST2",41.4730588140568
"RPS5P2",41.1793493137534
"ERVFRD-1",41.1754968123049
"EARS2",40.9830814699427
"RAB27B",40.9520867640816
"PPM1H",40.9465103613179
"NCF4",40.8844455902949
"MRPS6",40.8163150863788
"TPSG1",40.7472804134684
"HSD17B1-AS1",40.7368450399422
"GPR141",40.7135517000508
"BICDL1",40.6033034378051
"TENM2",40.5981071795058
"DENND1B",40.5351825487365
"THNSL1",40.4632577590854
"GGN",40.2990209335992
"NLRP3",40.2920825342999
"ARMCX5",40.2079863453304
"ZNF845",40.1095819784449
"HSD17B1",40.0794798192889
"SRGN",40.0512895225092
"SLC7A7",40.0411793920647
"NCF4-AS1",40.0294918043539
"TUBAP7",39.8850251562319
"AZIN2",39.6885768296385
"APOBR",39.6238882813497
"ADAM8",39.5625124643817
"ENTHD1",39.4943426960263
"EPB41L1-AS1",39.3260748003004
"DCT",39.0977638964056
"LINC01890",39.0408926342576
"GPR37",38.9772185877093
"NSMCE1-DT",38.9132360477331
"LINC02028",38.8169772370918
"ZKSCAN2-DT",38.7824792475773
"SEMA7A",38.2796900071379
"H2AC15",38.2666689464215
"MEAK7",38.2085766105825
"PLA2G7",38.079891288841
"MRPS18AP1",38.0147214705468
"SMARCE1P1",37.9054369376959
"ZNF839P1",37.824562138163
"TTF2",37.7409584009424
"AFF2",37.6273994880328
"TRD-AS1",37.485623617688
"FAM186B",37.4855849367591
"UBR5-DT",37.4610105449527
"PGAM1P6",37.2938646654143
"EFHB",37.2924352790378
"ITK",37.2641863513564
"ANKZF1",37.2546924477198
"CTNS-AS1",37.041152050399
"GCSAM",36.9394741173791
"MS4A3",36.8704296248049
"FERMT1",36.7759458662781
"LINC01088",36.7705129738541
"BGLAP",36.7581744679916
"SLA",36.7073839434914
"STXBP2",36.6935081504897
"PRSS12",36.6744091064452
"SGSM3-AS1",36.6723608393369
"RAD21-AS1",36.6099858095168
"MAP4K1",36.5830102271622
"COL13A1",36.5808521694652
"ZNF334",36.5403069763796
"JAKMIP2-AS1",36.4538263918063
"EIF1AY",36.3147347089603
"DNAH10OS",36.3010801797639
"UBE3D",36.1872852572088
"LINC02577",36.1702812619981
"TMEM242-DT",36.0710285799462
"IGHV3-20",36.0163912702969
"TOX",35.7348770339253
"PTGDR2",35.7295977493674
"RAD51B",35.6184037671307
"ZBTB5",35.6092867716681
"ZNF398",35.5859247910698
"SAMM50P1",35.535751036786
"AREG",35.4771773234339
"LINC00470",35.4671444087587
"IQGAP2",35.4434438312927
"PARVG",35.3754974106301
"GCKR",35.0670132847977
"OR2W3",35.0256579375015
"PBX4",34.9136247516387
"HHIP-AS1",34.8939303963373
"ZNF605",34.6199174750244
"CLDN19",34.6117271794712
"SMIM1",34.5486344355748
"RPS12P20",34.5142292899887
"ATP1A4",34.4616738224176
"MIR3198-1",34.3099832496361
"PHACTR2-AS1",34.213011479801
"BATF",34.1720701807727
"P2RY10",34.0414680979191
"PIWIL2",34.0332974254346
"FOSL2-AS1",34.0201880206513
"LINC02631",33.7732040316339
"SPDYE18",33.7521466603147
"SEZ6",33.689238584228
"BIN2",33.6677365099094
"CDC42BPG",33.5711171024483
"NFKBID",33.5041501526867
"H2BC16P",33.4558442864494
"IL2RG",33.4064005720553
"SYN3",33.384912038029
"CNKSR2",33.349359596377
"KLHL6-AS1",33.2920929292917
"GPR180",33.2820898618007
"ZKSCAN2",33.2643372674159
"TERF1P7",33.2549115274842
"PARP8",33.1190850326763
"FMNL1",33.0581077545714
"EMID1",33.0537681377851
"TRAPPC12-AS1",33.0239575802042
"PROSER1",33.0230908674835
"ZFTRAF1",32.9777735115284
"NEU4",32.9031379946964
"CD83",32.8409602376919
"RPSAP18",32.7767870130094
"TRIM66",32.7435716497585
"ADCK1",32.71063100889
"LINC01485",32.6171542266339
"ADAMTS7P5",32.598558026776
"ABTB2",32.5231936086709
"PBX1-AS1",32.4286479683544
"IFITM10",32.4209182921938
"GLUL",32.3853937064398
"LINC02604",32.3797276279647
"PRR9",32.3391039276085
"LINC00930",32.2942141211042
"ZC3H12B",32.262356737043
"CTSD",32.2158289240073
"ITGB2",32.1955007842911
"RPL7L1P3",32.1909817770179
"ADCY7",32.1206881599801
"CD72",32.0763313161603
"ST20-AS1",31.9857935355066
"PRG2",31.819663178078
"DTX1",31.7942817622969
"ZNF80",31.7697157211445
"CELF2",31.6740279314466
"OR10D4P",31.6212455421385
"EGR4",31.5403595188518
"PPP1R26-AS1",31.4757948767413
"C2CD2L",31.4311283344709
"ZKSCAN4",31.302510186297
"SLC1A3-AS1",31.2719980997981
"CCDC13-AS1",31.1916890924837
"JPH4",31.1701405071843
"PLA2G2C",31.1091247149443
"ZNF165",31.0486866035389
"KAT14",30.9788617362037
"DAND5",30.9476921741737
"ZNF692",30.875716059351
"ZMYND15",30.8514439443072
"MCCC1-AS1",30.7935971354103
"NUP37",30.781541369024
"FCGR3A",30.7561530772331
"PAK6",30.7464872517406
"GLOD5",30.7190394276345
"ZNF582",30.6850363236754
"TMEM104",30.5077427013151
"FMNL1-DT",30.5038206095892
"TRIM61",30.4733951965351
"EMILIN2",30.4716582497347
"RN7SL745P",30.4260878773606
"SASS6",30.3521647483375
"ANKRD31",30.2706296974188
"PRKCQ-AS1",30.2643900450296
"HGH1",30.2181744508572
"ITGB8",30.1361914301073
"PLEKHG4",30.0742147610827
"PRSS21",29.9139316440638
"ITPRID2-DT",29.84034244202
"FOXJ1",29.7373140868925
"AQP11",29.634451918074
"RCAN3",29.6079518811408
"LHFPL4",29.5921665374895
"ICA1L",29.5526835215405
"FAM167A",29.1247542514847
"SYT3",29.1033065408416
"NSG1",29.0894234511376
"MYO15A",29.0803247938681
"GRM3",29.055751433705
"EFCAB8",29.0229508078705
"HROB",28.9928758122049
"MRO",28.9876589865357
"NEU3",28.9794123995531
"UTY",28.9427830641413
"TMEM120B",28.9096813395542
"NONOP2",28.9061564318142
"SZT2-AS1",28.867129285712
"RHOH",28.8320240161405
"OR2G2",28.7164630274992
"LINC02194",28.6966417404249
"ADAM28",28.6647738303557
"ZNF215",28.6579916257421
"LPAR5",28.559255452217
"TEC",28.4873469179672
"ZNF444",28.4653889850857
"YOD1",28.4549747526767
"HERC2P10",28.4384537051134
"GRIK5",28.37635682444
"DDX28",28.3709783439678
"TGFBR1P1",28.2420373903984
"ALOX15",28.1729453465663
"ASGR1",28.1653543784013
"MYH7B",28.1529091192283
"ASB15",28.0734316689787
"NUTM2G",27.9668081520294
"NAP1L4P1",27.9195844603939
"C11orf21",27.9058345757378
"BCL2A1",27.8891338515745
"ZNF491",27.8592137222665
"MAS1LP1",27.8371984062434
"ADAT3",27.7916666658551
"CDC42P4",27.7598581966901
"DHH",27.7174715193854
"HAVCR1",27.6524638517784
"PTPN22",27.5707668864566
"MYB",27.5107375006837
"SYNE3",27.5037023107962
"CYCSP52",27.4829181252645
"FMN1",27.4442295309445
"MYO1F",27.443490145606
"FCSK",27.4329977750341
"LTC4S",27.4313718456043
"SLC7A4",27.3723230302795
"SIGLEC10-AS2",27.3387712933473
"PNMA8A",27.3327079770035
"WDR90",27.3073311086335
"TADA2B",27.1899369979299
"PRDM10",27.1866741118652
"SALRNA2",27.0571860451309
"EEIG1",26.8592840286256
"VPS13A-AS1",26.8169783110373
"PACERR",26.7879286018277
"DOK2",26.6960570308026
"ZNF257",26.693790588542
"H4C12",26.6510428160594
"RN7SL743P",26.6325011022271
"CCL4",26.6312194946419
"IRAG2",26.5440423132489
"ACRBP",26.530339782217
"C1orf162",26.5126492859665
"PLEKHN1",26.5074511454619
"MIRLET7IHG",26.3105016522976
"CLDN20",26.2998251316445
"H2AC8",26.2026641802623
"SLC46A3",26.1962853284691
"GSTM5",26.0558596863913
"CHMP4C",26.0245737597294
"SEC14L6",26.0171030666165
"LINC02198",25.9255081872224
"NBAS",25.9122554609663
"PADI4",25.903086002013
"ARL11",25.8602933505823
"FREM1",25.8041394933641
"ACTR3C",25.7610003747373
"PRKG2",25.7299466963546
"EXTL3-AS1",25.7294888117542
"TGM1",25.7177854254234
"OSM",25.5892183114035
"STK36",25.5838830997148
"PLP1",25.5828683758052
"HELB",25.5625695648204
"TDRKH",25.431221491796
"RN7SL76P",25.4038156863331
"LINC01353",25.3790831911449
"APBA2",25.3283601053627
"CSF2",25.2893013480146
"RN7SL574P",25.2751431387151
"ZNF280B",25.2664643890558
"LINC02801",25.2224248463645
"SNAI3",25.1917817591145
"CHODL-AS1",25.1916934731251
"ACAD9-DT",25.132801910503
"TBC1D30",25.0752341624272
"DEPTOR",25.0697712846399
"LINC02970",24.9542955523545
"IGKV4-1",24.9052616462406
"ZNF48",24.8676125313999
"ZNF892",24.8341797607339
"QSOX2",24.8341063119244
"ITGA9",24.8041395851963
"S100A11P2",24.7902929499522
"MTND5P25",24.7576893143339
"PLEKHB1",24.7318310786902
"DUX4L50",24.6966929662843
"PERPP3",24.6825335293598
"ITGA11",24.6427673870966
"PCAT7",24.6232325254285
"RN7SL413P",24.5916223063667
"ST3GAL3",24.5109310151513
"DPP4",24.4850073426834
"GPR75",24.4757548790578
"RPL21P110",24.4712769674973
"SRP14P4",24.4482852845934
"NECTIN1-DT",24.4344639843433
"MIIP",24.3986046145416
"PDE4C",24.3821672138142
"KCNIP1",24.3360894244001
"ST3GAL5",24.2765754430667
"STIL",24.231277289126
"RPL4P7",24.2080784241787
"RPS3AP30",24.1196605228097
"C1orf74",24.1009370489743
"CD300LB",24.0086499159554
"ZSCAN32",23.9969685833546
"SLC25A22",23.9931018002193
"IRF6",23.9915696466086
"GTF3C2-AS1",23.9752620634486
"PGAM2",23.9062686277787
"CSF2RB",23.8948035215995
"STX1A",23.8929600159931
"DOCK10",23.8698801040846
"LRFN4",23.8677247569288
"ZNF248-AS1",23.8207764181518
"MAP10",23.7496123448241
"KLHL35",23.7429860884487
"CASP8",23.713233358077
"LINC01474",23.6596132809795
"NHSL3",23.6488280065013
"LMOD3",23.6388274789011
"CLDN23",23.6365478805245
"APBB1IP",23.6275798090509
"NTM-AS1",23.5766881521828
"FHIT",23.4903941018317
"ZRANB3",23.4441545302387
"RN7SL756P",23.4122823250842
"ST8SIA1",23.4011139136735
"DHDH",23.3819937675123
"ARSI",23.3712983085146
"SLC35G5",23.3477301845023
"CASQ1",23.2604535092911
"RRAGD",23.235506795744
"OLR1",23.1970967626783
"RPS24P12",23.1637184054919
"POLN",23.1436040451342
"DNAJB1P1",23.1096400223192
"RFKP3",23.1064360153054
"FASTKD3",23.1012820904592
"RN7SL4P",23.099236010544
"TRBV29-1",23.0671909107414
"ARIH2OS",23.0159471187658
"RPS15AP10",22.9949300072916
"RN7SL683P",22.9685226738298
"LIF",22.9684819721264
"PDE7B-AS1",22.9615064480846
"MIR151B",22.941874364241
"BCDIN3D",22.933350405372
"FBXW8",22.8993558023601
"RAPGEFL1",22.863247220164
"RPL29P16",22.8562519390841
"PPP1R3B-DT",22.8353892156944
"RAG1",22.7592778397299
"RNU6-564P",22.713628929132
"LINC02886",22.708453337695
"LINC01340",22.6647409810599
"NAT1",22.5862049867432
"PHF2",22.5308538026098
"PRELID3BP6",22.5253707738865
"TSPOAP1",22.4984716726552
"GPR55",22.485382151734
"UCHL1",22.4773697763144
"NME8",22.463984892832
"DAPP1",22.4522854089609
"TATDN2P2",22.4401385160065
"SEC13P1",22.4308701272479
"FGFBP2",22.4204238551019
"WAKMAR2",22.3873436699583
"FAM50B",22.3851077814155
"GJA1P1",22.3658367196873
"RAB11FIP4",22.3543699154836
"TMEM102",22.3293493430757
"TBX1",22.2760526115097
"GNA15-DT",22.2397624572815
"LINC00239",22.211201982542
"RPL23AP36",22.1656978105227
"MIR5693",22.1183621807843
"ZNF780A",22.1088940492479
"MAP3K2-DT",22.0782397396083
"AKNA",22.0059207274627
"BMP7",21.9685339473944
"PTAFR",21.9139199411574
"BEND5",21.8445372553045
"MRPL57P3",21.8298726936264
"PLIN2",21.7810647160587
"RNA5SP493",21.7271316412254
"LCMT1-AS2",21.6913440961883
"RPS29P21",21.6678423314992
"MIGA2",21.645043921334
"FCER1G",21.5918935550847
"CATSPER3",21.5914981802814
"PELI3",21.5459647709591
"LINC01366",21.4662540758023
"PTPN23-DT",21.462664057523
"KCNAB3",21.4563033605641
"LIF-AS1",21.432142347159
"ANK3",21.4090076435384
"HSPB9",21.3892488112853
"KCNK12",21.3879018708287
"RN7SKP96",21.3586177774736
"DYNC2LI1",21.3314340451374
"ZC3H11A",21.3170699735184
"RNA5SP218",21.2006885134998
"WASIR2",21.1781719010376
"DEPDC1B",21.1336833591361
"CAMSAP1-DT",21.1115444081864
"CACNA2D4",21.0887628261056
"MITF",21.0873634987268
"IL5",21.0766711217323
"SELPLG",21.0242201628796
"SNX29",21.0168622896706
"FTH1",20.9986022298771
"IL18R1",20.9888056225936
"LRCH4",20.9187812380664
"SLC26A2",20.8634275002128
"PDE6B",20.8542187569669
"PCCA-AS1",20.8421945926823
"NKAIN3",20.7816182611112
"IGHJ5",20.7497964184694
"SULT6B2P",20.7090632504765
"LAIR1",20.680597743287
"ZNF619",20.6425401774333
"DENND1C",20.6304597166134
"UCP2",20.6166285775057
"TENM2-AS1",20.5521593343335
"DMXL2",20.5273227399795
"IL1RAPL1",20.517910856758
"DUSP16",20.4949854898157
"C5orf63",20.4913889339651
"ZNF623",20.4907175523991
"UBE2V1P11",20.4805522319466
"AARD",20.4633357207275
"RPL17P40",20.4539620139404
"WNK3",20.4286069764442
"RGS1",20.4117713249054
"ARG1",20.3859559071854
"PPP1R37",20.3855402794841
"KIF13B",20.3356193866394
"KIRREL2",20.2902128188413
"ENTPD6",20.2797398003318
"LINC01389",20.275434861637
"JTBP1",20.2734859632591
"ALKBH1",20.1647875757233
"SFI1",20.1479073685532
"OR2A4",20.1353952980963
"BCDIN3D-AS1",20.1138090679975
"TBX21",20.0647211357531
"TTC34",20.0542704611322
"TBC1D8B",20.0081474640346
"RN7SL166P",20.0027895410054
"FHDC1",19.9866655101032
"MIR342",19.9846825551278
"NPR2",19.9730286513
"NOS1AP",19.9631482576505
"PAQR3",19.9529842254105
"DLX4",19.9304697932015
"ZSCAN29",19.882925024652
"RPS18P14",19.8218191755452
"RNU6-122P",19.8097767188327
"TAF5L",19.797287520898
"IGLV1-44",19.7637166978077
"RNF32",19.7632779029065
"CD44",19.7565887244861
"PDE6G",19.7130930557815
"IGKC",19.7014755314919
"WSCD2",19.6660183105526
"ZMYM3",19.6236626472355
"ACVR1B",19.5398635354739
"TGFA",19.4992315277469
"GNMT",19.4908217835116
"OPRD1",19.4384283735126
"SEMA4D",19.4287637862956
"APLP1",19.4196547135067
"REPIN1-AS1",19.3977268816479
"USP51",19.3524088555843
"CCT8L1P",19.2904758706112
"SRPK3",19.2449446318707
"PRADX",19.2400307491055
"H3P25",19.2206415978161
"OVOL3",19.1816874948926
"HSPA1L",19.1200802860257
"GMPR",19.1172078120311
"PDZD8",19.1104658544943
"ITGA2B",19.1076508896644
"ZNF514",19.1057036824848
"MAP4K1-AS1",19.0321251771201
"TFB1M",19.0303019391708
"DEPDC7",18.99938365022
"OCA2",18.9782154750529
"RASSF5",18.9679165807906
"TTYH3",18.9525483433946
"LINS1",18.9511003475093
"RNU6-1127P",18.9506732387367
"LINC01023",18.9296265254833
"HLA-U",18.894180850589
"RHOF",18.8624040895209
"PDE2A-AS2",18.8511276648003
"AXIN1",18.8467638427854
"WNT11",18.8321933396837
"RNU6-1057P",18.8277231078674
"NRROS",18.7941523068529
"FBRS",18.7883454593169
"SPMIP2",18.7835976259763
"PEX12",18.7755878775011
"LINC01266",18.7614284602315
"PRR5",18.7173607779004
"LINC02766",18.6952456512624
"GALC",18.6134938624321
"DYM-AS1",18.6096931671411
"ST6GALNAC2",18.5801039546935
"PTGES3L",18.5427763601148
"CCDC141",18.5192465042968
"LINC01264",18.416209789024
"RNU6-245P",18.3646829381429
"ZNF552",18.3527767762012
"LIF-AS2",18.342670910808
"GREP1",18.25254898739
"MIR6719",18.2212086541519
"NDUFAB1P1",18.1983451623137
"SPN",18.1794715115438
"FKBP1AP1",18.1168123404708
"ZNF17",18.089882706773
"RGS17P1",18.0817751357592
"FAM124B",18.0788519621472
"PSAT1",18.0723028703268
"MBOAT7",18.0129585767249
"RGS2",18.001864253948
"KRT8P31",17.9857452298179
"HDHD3",17.9811552519118
"DNAAF8",17.9496482294717
"CBX3P3",17.9098429500591
"TMIGD3",17.9077018701334
"LPCAT2",17.9061838316741
"LINC01694",17.9051398007728
"GUCA1B",17.903756951492
"CCDC88B",17.8766869797638
"EIF4EBP2P2",17.8765413542606
"CCDC15",17.8724800381191
"PTPN7",17.8643217947326
"HIGD1AP16",17.841022557434
"RNA5SP37",17.8333196914372
"PLXNB3",17.8293854587325
"PA2G4P6",17.8241310219949
"FABP3",17.7864713006574
"LDHAP2",17.730829057511
"CPM",17.7096616229476
"LINC01465",17.6529550356486
"FOXP4",17.6523861178599
"SCUBE1",17.621429677575
"MAPRE3-AS1",17.6183324171497
"ZNF665",17.6139369333662
"SCRN1",17.5871405379343
"CACNA2D1-AS1",17.5851507340454
"SYCP3",17.5622235496778
"ANXA8",17.5464049475915
"RPL21P74",17.4446435773711
"REL-DT",17.422994939432
"CHRNA10",17.3727251922786
"FAM88D",17.3403111160911
"UBE2Q2P2",17.3075867874908
"GCNA",17.3039302990012
"MAOB",17.2513953982431
"IGHV3-43",17.2464562099162
"ZNF813",17.2316435196099
"SLC30A6-DT",17.2268681833218
"AOC1",17.2268681833218
"PCNX4-DT",17.2268681833218
"CTAGE9",17.2082505856323
"TMEM163",17.2027581550786
"ZNF808",17.2007186869184
"AHNAK2",17.1781622066837
"ABCB5",17.1719262001509
"TJAP1",17.1616021147466
"ZFYVE28",17.1405951037574
"TMEM67",17.1376245995657
"SLC9A8",17.1221645883499
"FYB1",17.1122954167614
"RNU6-139P",17.1012553350868
"SLC2A5",17.0947029043261
"EFNB3",17.0635946735333
"CA14",17.0554108094866
"NFKBIZ",17.0478397121771
"CRACR2A",17.0405703638273
"PTP4A1",17.0333644274454
"DNAH10",16.9781656484634
"ZNF778",16.9524729568043
"ATP5MC2P3",16.8885279682964
"SRXN1",16.8875664881099
"C11orf91",16.8375190234192
"CAHM",16.8323273569123
"SLC45A2",16.8214865996372
"CIST1",16.8198923579712
"QPCTL",16.8086416208314
"PLCL1",16.7972693882702
"MFSD2B",16.7971715800186
"HLA-DOB",16.7918567422954
"CIMIP2C",16.7916273453063
"NPHS1",16.7858120950363
"CREB3L4",16.6227917636485
"GRK7",16.5722006467887
"TAFA2",16.553629990183
"S100B",16.5394012344629
"PIDD1",16.5250583879257
"REL",16.4985860882287
"ABCC1",16.4897149307091
"PLCB3",16.463853272234
"GABPB1",16.4519603651664
"INTS9",16.4375339901916
"ANKMY2",16.428614069874
"PRDM11",16.3748198322586
"CHKA",16.3746812915379
"CYLD-AS1",16.3630906642186
"RNU4-51P",16.3611932403806
"FBXL14",16.3528897410344
"CD160",16.3513115523986
"TSEN54",16.3489787321833
"MELTF",16.3441449991383
"ADH1C",16.3433189598881
"SPATA45",16.3339913283454
"DACT3-AS1",16.3271859529342
"RNU6-450P",16.318108179662
"ACP5",16.3116956206993
"KIF14",16.2896469190947
"CCDC77",16.2735017188218
"ZNF182",16.2611452265904
"DPY19L3-DT",16.2545414604935
"LINC02055",16.2500127821128
"RPL30P7",16.2461369559549
"RNU6-522P",16.232996399122
"CFAP141",16.2209332834273
"ZNF816",16.2200898333403
"DENND4B",16.1897901281361
"LEO1",16.1790456162016
"HYAL3",16.0543583036697
"RNU4-89P",16.0469315149587
"LINC02901",16.0399845361055
"NIFKP4",16.028391804541
"IFI30",16.0149083256453
"LINC03068",15.9724108146852
"ZMYND19P1",15.915470229018
"CAST",15.8674031498466
"PRKAG2-AS1",15.8598607416886
"PYGL",15.8497814022728
"ZFAND3-DT",15.8485991343323
"IGHV3-7",15.7995991290537
"CFAP100",15.7936831782986
"RN7SL215P",15.7906108079598
"LMLN-AS1",15.7731092871005
"RPL21P81",15.7719023006074
"RNA5SP236",15.7684273557166
"P2RX1",15.7081778788495
"LRRC4B",15.7021113803297
"GHRL",15.6928753483734
"ITGB8-AS1",15.6854363702835
"AP4B1-AS1",15.6842236621062
"LNCTSI",15.6650215159466
"SLC33A1",15.6583490509139
"RIMOC1",15.6483442356316
"NT5M",15.6410835334446
"RPS3AP28",15.6309285553931
"NDUFB8P2",15.6219959310666
"PAFAH2",15.6130340783122
"HTATSF1P2",15.5916678257916
"METTL22",15.572943454572
"BTBD7P1",15.5564412047657
"LINC02645",15.5406864416463
"OLAH",15.5306446073066
"SDAD1-AS1",15.5098760320216
"PIK3CD",15.4864721625659
"GLIDR",15.4499025986424
"MAPK6",15.4284743741484
"FBXO2",15.4008543191126
"GABRR2",15.3825418150046
"BBLNP2",15.3663379834863
"TCAIM",15.3646253612424
"TSTD1",15.3644387901478
"RAD54L",15.3200430297682
"LINC00612",15.3079693793113
"RPL34P20",15.3000737494722
"NCMAP-DT",15.2651408409924
"ZNF69",15.2636378369542
"SOCS1",15.2531088651206
"IGHV3-23",15.2276058272599
"ORM2",15.2206105136647
"ZNF668",15.1537652923746
"PNMT",15.1117533987425
"USF1P1",15.0930911807306
"RUNDC3A",15.0486148344167
"SKAP1",15.0333300476864
"RNA5SP427",15.0245596471405
"HEXIM2",14.9914344857358
"OR4F3",14.9900883998771
"SNORA7B",14.9847138743015
"MYO16",14.9676686802836
"EVI2A",14.9290204017578
"RNU6-530P",14.9115131807493
"STRIP2",14.908972391748
"DEPTOR-AS1",14.8939994005163
"CASC20",14.8580123171104
"MAFTRR",14.8517728899077
"PPP1CB-DT",14.8259985256493
"GPBAR1",14.8114208174559
"LINC00216",14.7541334548843
"RNU6ATAC16P",14.7113116548434
"NDUFB4P10",14.709193917277
"ZFY-AS1",14.6860903226741
"FAM169A",14.685441130032
"NBEA",14.659962781154
"LINC00355",14.6300309289274
"LINC03060",14.5994418605701
"GARIN1B",14.5992060594685
"FCGR2A",14.5544116641111
"ACOT6",14.5364714320305
"HCST",14.5136685323693
"RPL32P11",14.5068559280026
"TTLL9",14.4975156752469
"NFKB2",14.4671071375091
"TIGIT",14.4372771107286
"PIM2",14.4356115441335
"DLG4",14.4232346006493
"MYOCOS",14.4213095779724
"HLA-B",14.4203129620869
"TRAV39",14.4010986430045
"ZFYVE26",14.3656762092216
"RN7SL775P",14.3620084725481
"MYO9B",14.3592363630127
"C5orf22",14.3587619360912
"KATNIP",14.3359199905331
"NOTCH2NLC",14.3290795819476
"EDARADD",14.3216856826702
"PPAN",14.3088860763762
"KCTD5P1",14.3068616520408
"PPIAP90",14.3020759675633
"OR14L1",14.2341216458141
"CSGALNACT2P1",14.227205665269
"LINC02470",14.2254775783742
"VMAC",14.1916371020928
"CASKP1",14.1894701654921
"SLC2A14",14.1881008951714
"SLC16A3",14.1118626613911
"RN7SKP163",14.106868943441
"PMEL",14.1048093414868
"TCF12-DT",14.102766547778
"LRBA",14.099045804747
"PLAGL2",14.0517208101182
"ALAS1",14.0479051826666
"NTNG2",14.0452281334729
"ZNF155",14.0387249996417
"IGFL2",14.031881381322
"RAB17",14.0261691014624
"TMPRSS9",14.0126768008898
"RPS17P1",14.0078754170702
"SLC16A6",14.0001480172567
"ADGRE2",13.9568784353078
"PTH2R",13.9506219490005
"CSTF2",13.9469395857401
"TACO1",13.9425440822583
"TNFAIP8L2",13.9151595527629
"TRIM36",13.8902046217042
"CD44-DT",13.8504869291835
"RNA5SP245",13.8340443085428
"TMEM35B",13.8065362584927
"C19orf84",13.805212732388
"RABGGTBP1",13.7994056874411
"KCNJ5",13.7907043208704
"SNORD6",13.7573432651602
"C21orf91-OT1",13.7031777772856
"MT-TD",13.6961626386029
"PLK5",13.6769438130834
"LINC01355",13.6645482670078
"BCAN",13.6627931941769
"F13A1",13.6627931941769
"MRC1",13.6627931941769
"CD5",13.6360145559409
"SYT2",13.6249201676994
"MIR5094",13.6127074074089
"SLX4",13.5947202156017
"RHOQP1",13.5886080254754
"SMIM18",13.5611625284508
"SUGP1",13.5469272457457
"ELMOD2",13.5463413138009
"LPXN",13.5258142465262
"CASC9",13.4955827279628
"ABCC5",13.4865875846539
"ALDH1A1",13.4848279058733
"SAP18P3",13.4804615726926
"EMB",13.4760603558868
"NUDCD3",13.4668710679714
"RN7SL472P",13.4614744935747
"LY6G6C",13.4543344200492
"C3orf62",13.4528244618403
"ZNF583",13.4525427479427
"LINC00304",13.4397692907357
"RNU6-1290P",13.4229850973099
"LINC03107",13.4189851686693
"BRWD3",13.4166783243186
"CCNB1",13.369901793709
"SH2D2A",13.3628295300345
"OBSCN",13.3474071437266
"MYBPC3",13.3359365947539
"OCM",13.335896434043
"ZNF549",13.3247013675815
"BLM",13.3240538369631
"MAP3K14-AS1",13.3095214577547
"QRSL1",13.2970453159662
"SERF1B",13.2893409492491
"UPF1",13.2740304365833
"SEMA4A",13.2540061982215
"APEX2",13.2485045005573
"IGHD2-2",13.2475428322639
"RN7SKP160",13.2344789631217
"CASP7",13.233036535391
"ITPK1-AS1",13.2313553095858
"VSIG8",13.2270767789382
"OIP5",13.2089768256713
"ZBTB17",13.1901884374555
"RPL23AP64",13.1873206676385
"DIRAS1",13.1873206676385
"ADAMDEC1",13.1743855967766
"PTGR2",13.1664984888079
"SUMO4",13.1607416892699
"TRAV30",13.1461930936877
"MIR6775",13.1196374259647
"CELSR2",13.109640910509
"FXNP2",13.1095088588098
"SH2D1A",13.1011207433885
"TMEM106A",13.0976336297726
"ZNF507",13.0702888265922
"IL1RL1",13.0502175454486
"TBC1D22A-AS1",13.0496510748687
"CKLF",13.0441235074012
"TRPM1",13.0346403582344
"YES1P1",13.0307520258416
"PDE7B",13.0302411689514
"KSR1",13.0242260329049
"MPP1",13.0150045956627
"PHF7",13.002875997506
"FANCE",12.9868095014667
"RNF123",12.9550166563746
"TOPBP1",12.9470706753864
"BEST4",12.885466420802
"TRIB3",12.8748075353658
"RAP1GAP",12.8490724869336
"ZNF440",12.8448052632612
"MCTS2",12.8406102757899
"UBA52P5",12.840501721728
"PKD2L2-DT",12.8228354405788
"LINC01588",12.8173165587015
"CD226",12.7939243181027
"MCCC1",12.7897995436494
"ZBTB49",12.7813790399255
"HEXD-IT1",12.7743530414986
"MED22",12.7681418522969
"DENND6B",12.7547815211639
"RNU1-8P",12.7090274025369
"RNU6-1332P",12.6959800107638
"CPNE9",12.6871017895874
"ADAMTS14",12.6865643854081
"MIR4420",12.6717289834226
"RNU6-315P",12.6622043259816
"RASGRP1",12.6578087374832
"TMC8",12.6363138039622
"RNU6-644P",12.6221321967841
"CD82",12.6195681904739
"RNU6-213P",12.6187961710162
"LINC01484",12.6146201052055
"CD52",12.599999174658
"SPON1-AS1",12.5924542864524
"TDRD7",12.5850017438246
"ARHGAP30",12.5656124479352
"SHC4",12.5426809079994
"NOXA1",12.5374523325519
"AAAS",12.5040758043246
"MIR8066",12.5038368118692
"THTPA",12.4996122900727
"COX7CP2",12.4798577245403
"DNAAF4",12.4124690778754
"TEX101",12.4085396200451
"TTTY14",12.4085150095172
"RBMXP2",12.3900608351032
"SNAPC1",12.3629534122174
"LSM11",12.3504694413221
"ABRACL",12.3402159989117
"RUNX2",12.3370775121881
"SUPV3L1",12.3328855922652
"TEX14BP",12.3277871724638
"PLA2G2D",12.3239576703842
"RPS6KA1",12.2680286369506
"STX1B",12.2633133321245
"CTTNBP2",12.2582059325423
"MRM1",12.2491692646922
"DNAH14",12.2421813175249
"PROZ",12.2416288846427
"LINC03002",12.2396953628303
"SLC2A6",12.2321349151942
"PAG1",12.2139553455719
"FCGBP",12.2119505545387
"HS6ST1",12.208469091114
"FAN1",12.187855085584
"TTLL13",12.1597050106212
"ZSCAN16-AS1",12.1581397164446
"RPL5P4",12.1278516666882
"ATXN2L",12.1250385926325
"PHF12",12.1232603140456
"RHBDD2",12.1127970205181
"KDM2B-DT",12.0953413436593
"PLEK",12.0713788566807
"SLC25A6P3",12.0465251530858
"TRAF1",12.0431710694231
"SGF29",12.0216861229653
"RNA5SP340",12.0195598167306
"CPNE5",12.0119707166325
"TMPRSS6",12.0067515504966
"MIR33B",12.0064503410397
"BIRC3",11.9944390468849
"ZNF862",11.9817166407414
"C18orf32",11.973979066178
"PRC1-AS1",11.9525924747372
"UTP14A",11.952516120031
"MAST4-IT1",11.9503464459718
"ARHGDIB",11.9470148118437
"PSMD6-AS2",11.9338753411684
"TNFSF9",11.9130944834281
"INPP5D",11.9082676748312
"TRGV3",11.890905185107
"KRT19",11.8880402724142
"CASK-AS1",11.8790999940103
"RPL21P135",11.8736544651549
"FAM88B",11.8683656983182
"RNU6-677P",11.8583297919749
"NFAM1",11.8250167403437
"LINC02362",11.8205294889777
"LINC02976",11.8137430748339
"SLC4A5",11.8108797538943
"CLEC5A",11.8028318497016
"DGKQ",11.7925844714001
"KLF16",11.7643939865414
"TNFRSF11A",11.7550493610658
"EIF1B-AS1",11.7488104891958
"BCAN-AS2",11.7329651651313
"SEC14L2",11.7260505080063
"TIAM2",11.6994071286676
"LINC01988",11.6990467700338
"CAMKMT",11.6900737734249
"VTN",11.6828912032877
"EIF5AP3",11.6711331406518
"LINC01678",11.6518260954851
"GNG4",11.6503067671323
"ARL8A",11.6377030010677
"LINC01012",11.587261823054
"NFE2L3",11.5833350376151
"CCDC17",11.578074117206
"RBL1",11.5732096070854
"SNX10",11.5674825058432
"VEGFA",11.5620497565304
"TTC23L-AS1",11.5237614958635
"DNAJC8P4",11.5086482340991
"DEF6",11.5001015936679
"LINC00853",11.4955923331169
"OTOA",11.4886778217112
"TMSB15B",11.4820214227765
"IQCN",11.4729284307751
"PPIL2",11.4551485463124
"NCOA5",11.4456976266423
"ZNF709",11.4233358265609
"DOCK8",11.3928418974403
"RNF130",11.3648187913256
"ACSL4",11.3632413358777
"CDRT4",11.3602574942274
"CRB2",11.3517647554817
"LFNG",11.3456692348572
"HS3ST1",11.3024070555249
"CHPT1",11.2716917115356
"DMP1",11.2664220072752
"ADAMTS19-AS1",11.2613264623052
"OSGIN2",11.2606771663791
"WDR91",11.254615900401
"SIRT7",11.2477891180615
"RN7SKP112",11.2429572136915
"LINC01932",11.2422698152233
"BACH1-IT2",11.2268013929682
"BEST1",11.2088358880876
"CREM",11.1988876864922
"ZNF646",11.1925044182121
"CNIH2",11.1911434230424
"LINC01331",11.1886815911305
"NPM3",11.1805281727918
"PARP4",11.148012939314
"ZSCAN16",11.1403772489286
"RNF31",11.1373921317527
"H2AC12",11.1065418902489
"IKBKE-AS1",11.0587088615042
"EFHD2",11.0483846203399
"ZNF18",11.0471233167702
"ITGAD",11.0373417848669
"LENG9",11.0194335488791
"FAM169A-AS1",11.015561275336
"RHOG",10.9907785238473
"RPUSD2",10.9859068752702
"CD8A",10.9825923967538
"RNU6-199P",10.9714673024177
"LSM6P2",10.9690996868307
"PTPRD",10.9672403041308
"GAB3",10.9552294926603
"LINC02917",10.9203784186636
"FGFBP3",10.8953755247626
"UPRT",10.8846387254695
"CACNA1H",10.8684252846232
"GSAP",10.8677691019959
"METTL13",10.8528409058527
"POU2F2",10.8491074953728
"LINC00620",10.8481074628566
"SCLY",10.8363736641764
"FBXL22",10.8330620131416
"RNU1-134P",10.8268810053944
"CDR2-DT",10.8057317970117
"HERC3",10.8035562170092
"CEBPB-AS1",10.7782847436155
"ZNF276",10.7750093984796
"RN7SL735P",10.7616184925146
"ZNF616",10.7467903820665
"RN7SL23P",10.7376171159304
"SDSL",10.7255109332534
"CD163",10.7043021124049
"GABRB3",10.7043021124049
"NCCRP1",10.7043021124049
"ANKRD33B",10.6934983185729
"ZNF519",10.6934750894102
"REEP6",10.6765553494087
"DYNC2H1",10.6761390119625
"MIX23P5",10.6707281494646
"COL24A1",10.6680230214883
"VCF1",10.6504322983287
"ATP2A3",10.6461738263982
"PVALB",10.6392903752629
"EEF1A1P30",10.6377699007086
"BMP2K",10.6311998554273
"CXCR3",10.6292282594212
"ARAP1-AS2",10.6161628086668
"SIRT4",10.5971318720958
"AMZ2P2",10.5758637860919
"MC1R",10.5674684519017
"PCOTH",10.5178216757445
"SVIP",10.517625088704
"POLR2A",10.5013052726856
"DGKZ",10.4562959579191
"PRDX3P1",10.4552757492779
"PRMT7",10.4530184710694
"REPIN1",10.4520602493124
"PORCN",10.4433631115382
"RYR3-DT",10.4432768376765
"SPINT2",10.4239996940756
"ASPHD2",10.4214705398133
"MIR5009",10.376679481579
"TRIM9",10.3685458229172
"CNNM4",10.3386012592642
"KCTD5",10.336590160047
"MAN2B2",10.2946382429346
"MPHOSPH6P1",10.2529890861595
"FAR2",10.2330445483182
"CFTR",10.2266922752439
"TTLL4",10.2138682670266
"ACAA2P1",10.2097050826363
"RNA5SP151",10.1850270802839
"SMAD7",10.1809789242667
"SIGLEC1",10.1809616763921
"HMGN1P36",10.1386609407588
"SUPT5H",10.1363154674262
"ITGA9-AS1",10.1234421052825
"UPK1A",10.0986546241941
"GPN2",10.0942576239657
"SNORD3B-1",10.0776082753121
"NCKAP5L",10.0631152237133
"PGAP6",10.0625160491436
"ESRP2",10.052859985039
"RNU6-430P",10.0456850342239
"CSNK1G2",10.0170454417782
"TRIM39",10.0129676271764
"CT69",9.99189411471692
"RNU6-835P",9.98401288866764
"ZNF697",9.97488389626885
"PNMA6A",9.97488389626885
"KLHL8",9.95683402621081
"MIR98",9.9391705369217
"TRAFD1",9.92934400330469
"LINC02136",9.9264986603551
"MT-CO1",9.91644438725907
"TANGO6",9.91207208064047
"LACC1",9.89852835282576
"SLC4A10",9.86472288724533
"RPL23AP70",9.85865166098074
"HSD17B8",9.82775624223723
"NDUFB1P2",9.8197762487881
"NARS2",9.8156267734853
"RMI2",9.79144958000876
"VPS37B",9.76228860291811
"NPIPB12",9.7563675100725
"BORCS5",9.74084700274789
"CYBA",9.71252825099335
"POM121C",9.70888565965766
"GK",9.70419542439623
"ZNF622",9.69157347521699
"CD40LG",9.69144754452639
"AFTPH-DT",9.67322667418398
"TRIM41",9.66639362305194
"RPL21P19",9.6519347593389
"ICAM3",9.65014685314285
"IGKV1-27",9.64806305943092
"STIM1",9.64472342163099
"RNF216-IT1",9.6164443427775
"LINC02384",9.60476030381824
"SMIM47",9.60476030381824
"TDRD15",9.60312280656285
"RAB9B",9.60198373001146
"COL9A3",9.5466637937005
"TBC1D10C",9.5459829039618
"NEPRO-AS1",9.54362285649153
"ZKSCAN5",9.53118936510532
"XRCC1",9.52637284127343
"SLC17A9",9.48952830227294
"SCAND3P1",9.46972616746694
"TSC22D1-AS1",9.45930971613995
"MRPS24",9.45733485828972
"SPINDOC",9.45302769785731
"NEO1",9.45022594363645
"IDSP1",9.44246004516294
"VSX2",9.43765013898214
"LINC02175",9.42800035206098
"PDP2",9.42365422517243
"SLC38A2-AS1",9.42249651130684
"PRMT3",9.40900533357048
"TRPM2",9.39294518966462
"CCDC200",9.39247048209432
"MYEF2",9.38124001784782
"RUFY1-AS1",9.37442854765106
"PTGER2",9.35147991394322
"ZNF746",9.34352290321141
"CSK",9.3260370102051
"KCNC4-DT",9.32169984781736
"CDK5RAP1",9.32162363223921
"TMEM63A",9.31987278569682
"SH2D6",9.30474320207247
"PHACTR1",9.30467017682304
"RET",9.28693051052927
"MRPS31",9.28208834107969
"PRR3",9.28085158667734
"ST3GAL3-AS1",9.27554751980893
"RPS3AP27",9.26723456719286
"SFXN4",9.25517826637706
"H2BC9",9.25308095705859
"ARHGEF2",9.24352031377428
"SUGT1-DT",9.23766866731635
"ARHGAP32",9.23513264815181
"ZNF566-AS1",9.2343935950565
"MIOS",9.22008576520187
"ADAMTS13",9.19137738777521
"CHKB",9.18384949331859
"SNORA40B",9.15633902758722
"RASA2",9.14519824344876
"PRKX",9.13701488467243
"TRAV26-2",9.12813909981017
"SDCBP",9.12349768779548
"CST6",9.11598339396009
"POU6F1",9.11554496403264
"MIR1972-2",9.10728023530633
"PSMD7-DT",9.10595460696358
"MAPK1",9.09478249747601
"PRKCZ-DT",9.08897972564994
"TTPAL",9.08700656453698
"GID4",9.08191401522278
"SCGB1A1",9.05641586192264
"PIK3R5-DT",9.05087163491496
"ABCA11P",9.04827891274469
"ZFP1",9.04746032673558
"LINC02115",9.04240425735908
"OSBPL6",9.01344648877858
"LMNB1",9.00146177563123
"RAB5CP1",8.99358412581106
"MIR328",8.99330361183754
"LPIN2",8.98943851612837
"RPL32P37",8.98724541630846
"RNU6-606P",8.97226554659956
"NSUN6",8.95737030427008
"CCDC138",8.94994193097825
"MLLT1",8.94364789233108
"RIPOR3",8.9377234108811
"METTL17",8.93712025924394
"CLEC12A",8.93694563860358
"JPH3",8.93282778951509
"UBAC2-AS1",8.92227344192534
"PLSCR2",8.91980540832172
"NAIPP4",8.90025380029168
"SSX2IP",8.89689131128959
"LINC01089",8.89127914781162
"TMEM177",8.87872428421442
"FHIP2B",8.84984525196665
"PTCRA",8.84258511983504
"SNORD56B",8.83806908557516
"SLC43A3",8.83427462323973
"E4F1",8.8217888389965
"OMA1",8.78462672251469
"MT-TS1",8.77973807562057
"TMEM176A",8.77586734710609
"EAF2",8.77131098838411
"MPZL3",8.76861103929914
"ARID3B",8.74988223444534
"AGFG2",8.7459864139986
"WDR35-DT",8.74542044854539
"RIN3",8.73925649408876
"PRPF40B",8.7249880769702
"LINC01364",8.7116360442048
"LINC01973",8.70287727695387
"FAM110A",8.70070697263215
"ATG4A",8.68956125959753
"LINC00676",8.68244236095022
"TMEM202-AS1",8.66988584943645
"KDM6B",8.65556809392297
"DOCK8-AS2",8.65479259215774
"CKS1BP4",8.63865256179569
"ST20",8.62746100716103
"WDR73",8.62109449811395
"SGTB",8.6089082044259
"RN7SL172P",8.60823594455576
"EIF3EP4",8.58641087914079
"OSBP2",8.58341160844375
"IL1A",8.5724471062492
"LYST",8.57070001879581
"HLTF-AS1",8.56530701052415
"CFAP251",8.56056051019174
"SNX20",8.55824393615781
"TAPT1-AS1",8.54963653716572
"KMT2B",8.54071140314628
"RBM14",8.53778476223721
"RC3H1-IT1",8.53050335152935
"STK17B",8.51290044242318
"FAH",8.49758852334143
"FAM222A-AS1",8.49698445742448
"TUBGCP6",8.48650307998295
"RETREG1-AS1",8.47450693353233
"GRAMD1B",8.4645762646315
"SLC1A5",8.41803465715848
"POLD4",8.38343362193888
"ELMO1-AS1",8.38037431172544
"MAST4-AS1",8.3739625849658
"LINC02022",8.37123427109199
"LINC01565",8.36248576182507
"PRPF4",8.34019565303708
"FAM185A",8.322779280795
"RNU6-1141P",8.31836937708169
"PARK7P1",8.31673900365071
"TNFRSF18",8.31568522869427
"ITGB7",8.30128994280426
"CLGN",8.29350236382804
"B4GALT6",8.28241211333057
"GBGT1",8.2788467627762
"CABP4",8.27773515032875
"HMBOX1-IT1",8.2631689330926
"TBATA",8.2631689330926
"SLC66A2",8.24795505283396
"IGF2BP3",8.24377567311369
"CELF2-AS1",8.24180916456984
"PABPC4-AS1",8.22424008952346
"TIAM1",8.21512897425408
"C16orf96",8.20918550366488
"PRKCZ",8.20158234236621
"EEF1A1P50",8.1938884397401
"TMA7B",8.18424121339168
"TSPAN33",8.15650742566659
"ALX1",8.15650742566659
"RNASE6",8.15650742566659
"ALKBH8",8.15254549546165
"FASN",8.14038701983341
"MSH5",8.13948276830001
"SPINK2",8.13735113177544
"ZFP36",8.11450047776509
"POGLUT2P1",8.11386898738228
"NFKBIA",8.11107543288869
"TNFAIP3",8.09200701139003
"SEC24A",8.08937943796959
"LINC02762",8.08319114004113
"ITCH-AS1",8.08137242827246
"PLXNA1",8.0800790611405
"PDE4A",8.07216695587956
"ZNF787",8.06576159771829
"TNNI2",8.0489666568909
"TMEM250",8.04230122443846
"KCNAB2",8.0346722713488
"GALE",8.03058537072486
"ZDHHC15",8.02219087773924
"PRKCD",8.00515552905596
"LINC00278",8.00499650966928
"B4GALT5",8.0022758477269
"ANXA8L1",7.99756114761666
"CXCR4",7.99649637407078
"RNA5SP194",7.98528406904119
"LINC00964",7.98476152547174
"FGD3",7.98138924413257
"DDX27",7.97689517139024
"ZNF414",7.97554773333642
"PDE3B",7.9723234831791
"ASH2LP3",7.96814260643248
"CMTM7",7.95829158870987
"CCDC92",7.95491969681725
"RNU6-577P",7.94702877559648
"PRR13P5",7.94696743491338
"PDZD2",7.94504896328421
"PCDH7",7.94475405516481
"WFIKKN1",7.94108140828339
"MIR548AL",7.93628537920768
"SORL1",7.92853060224872
"GTSCR1",7.92077658293667
"LINC02212",7.9200565916112
"USP27X",7.91425729246171
"NBPF8",7.89502591197681
"MFSD4B",7.89151526404871
"TNFAIP8L1",7.84887863480351
"PGBD5",7.83959876522827
"C5orf58",7.83035950495355
"MRNIP-DT",7.82156530825096
"ATAD3B",7.81454491208355
"MAP2K7",7.8001012183334
"SAMD1",7.7784380572287
"ASF1B",7.77581589505711
"MBP",7.77558487865282
"CFAP70",7.77458110199073
"IRS2",7.74981476604808
"CORO7",7.74231274324706
"CDC42-IT1",7.7408554264093
"STBD1",7.7380789598006
"GPT2",7.73290499894103
"TMEM220-AS1",7.72799864991838
"BCAP29",7.68725479615989
"TRDMT1",7.68224240103458
"ZSCAN2",7.67662164130375
"ZFP82",7.67539092889592
"IFT27",7.66410735888211
"FNDC8",7.66260256866906
"ALDH1B1",7.64975941213542
"SPICE1",7.63219490169734
"RNU6-945P",7.62870191096986
"KRT8P46",7.62592132816936
"MAPK6-DT",7.61301898359502
"UBASH3B",7.60162995357186
"ZNF546",7.5379227053022
"CCDC157",7.53484891493566
"SMPDL3A",7.52810853207666
"SIGLEC12",7.52229741407257
"LINC03108",7.51855960096345
"MADD",7.51625981578362
"UFL1-AS1",7.51591721792156
"STAG2-AS1",7.51431822989943
"EBI3",7.51124256908882
"LINC01220",7.50894226612671
"PCBP2P1",7.50005408874
"RC3H1",7.49292244701868
"LINC02352",7.49169319633799
"MOB3A",7.48469576255563
"CSF1",7.48429224155987
"ALDH3B1",7.4764543597183
"AK9",7.47332802802359
"TM7SF2",7.47154472642372
"FHOD1",7.46851073187252
"CHD3",7.45187958919196
"GIPR",7.4462054956117
"NAP1L5",7.4426027635868
"LINC01002",7.44259193355655
"DDIT4",7.44022775777762
"LINC02469",7.43965490198813
"EGLN2",7.43846203897761
"LINGO3",7.42778152684079
"SUSD1",7.39798726065802
"HEXA-AS1",7.36818161395524
"MSLN",7.35655118111316
"BTG1-DT",7.33577949668754
"PRDM8",7.3344437301823
"ARRB2",7.33363868662966
"YJU2",7.31651070129615
"YBX1P3",7.3095695395076
"MSL3P3",7.30650827504429
"EIF5AL1",7.29882804264597
"RNU6-789P",7.29254699753592
"SLC12A7",7.28743282857425
"SNHG9",7.25379152731165
"FASTKD1",7.24166696021133
"ITPR1",7.23927905927144
"MIR573",7.23680746844542
"RNU6-883P",7.23306238181544
"CMTM1",7.2242751178987
"RELB",7.2142277647679
"ZNF587B",7.21370972638058
"NBPF19",7.21166211204326
"OR10G7",7.21040054381267
"ZNF57",7.20450139812202
"STPG1",7.17753423460423
"KLHL9",7.15922324040136
"OSGEPL1",7.15691116730498
"RAP2C-AS1",7.15568303522841
"SOD2-OT1",7.14542661384015
"KCNQ1",7.14152066665398
"CSNK1D",7.13921014913288
"MIR3681HG",7.13644529954511
"GNAT2",7.13374622210022
"OR11A1",7.12463248558144
"ECI1-AS1",7.123584799677
"CTBP1-DT",7.12229266485925
"RNU6-942P",7.11463923785112
"LINC02680",7.11135782256462
"GRAMD4",7.10024734294473
"CCSER1",7.09700705897878
"NANOS1",7.09524539939927
"NRIP3",7.09322841790609
"LINC02209",7.09113788362194
"HPGD",7.08155683045205
"PDE6A",7.08026229705471
"DTNB-AS1",7.0778051354592
"LAPTM4A",7.06795780349923
"MED26",7.05809142201248
"IDI1",7.05139154353185
"SLCO1C1",7.04946218913346
"HLA-A",7.02855235082798
"RIOX1",7.0250835784072
"SRGAP3",7.01441873401527
"CD53",7.01032312844398
"ADAMTS7",7.00896237033265
"PTGS2",7.0006730717213
"TTC21B-AS1",6.9964719529767
"HCRTR1",6.99495522358357
"TOR4A",6.9920794876047
"ZNF300",6.99104215521946
"MEGF8",6.98893672395248
"LYZ",6.98834104969254
"ZFP30",6.98570002157034
"RTN4IP1",6.98008793352704
"ACADS",6.97993746539972
"RHOBTB3",6.97479197253999
"SSUH2",6.96976974219865
"TAB3-AS1",6.96269564381655
"GBP5",6.95718683156613
"ZNF629",6.9458207739732
"CYP2D6",6.9435214894485
"WDR11",6.94201257921374
"SLAMF1",6.9413160167066
"PLAC4",6.92621379110808
"SHKBP1",6.92181692925506
"LINC00174",6.88832137907921
"SCN2A",6.88224996451524
"SAE1P1",6.87628434728731
"GALNS",6.87226899675167
"FDX1",6.87091048679454
"KCTD19",6.87086833305171
"ATXN7L2",6.86938153488406
"RASSF1-AS1",6.85319235083258
"LRIF1",6.84930991463239
"CHD6",6.84805369885066
"SLC2A9-AS1",6.84282970942078
"FBXL2",6.83264736803868
"CD6",6.83037375769611
"GK4P",6.8257399917806
"JUND",6.82502607575594
"AURKA",6.81812489596751
"COG3",6.81054410993571
"GCM1",6.80835885005844
"TYW1B",6.80758287329094
"CES4A",6.80262531343237
"TESC",6.79979673350278
"SDHAF2",6.79659382619754
"DAPL1",6.79517424467611
"TSTD2",6.79424416870968
"FTCDNL1",6.78811248002342
"DSE",6.78155940515219
"AHR",6.78116907369875
"DYNLT5",6.76974458119328
"DOK1",6.76017414800114
"CASS4",6.75124987911206
"IL1RN",6.74874814572198
"NOPCHAP1",6.74330723094435
"NPTX1",6.73664777871478
"EXOSC4",6.72317377662334
"SH3TC1",6.72214271824013
"TPRN",6.71407681670214
"MIR610",6.70287067818451
"DPP3-DT",6.700541063276
"KLHL25",6.69027787450207
"CD82-AS1",6.68865263093083
"PRKCA",6.68291030083764
"RPL26P27",6.68130650314365
"LHFPL3-AS1",6.68039088175017
"OR7E12P",6.68039088175017
"RN7SL144P",6.67544299580153
"EDEM2",6.67484264585685
"ENTPD7",6.67117846809691
"ENO2",6.66797859451945
"THUMPD2",6.66239011487373
"DPP4-DT",6.66047695364913
"CCDC9",6.65337645327342
"PLCD3",6.64828261731009
"BLTP3A",6.63808702687877
"TMEM273",6.61492713139194
"KANSL1L-AS1",6.61485809270213
"LMF1",6.60508363031626
"CAPN10",6.59682482632057
"UBE2SP1",6.59648447369382
"LINC02580",6.58981064872119
"SELENOO-AS1",6.5820864526303
"CDKN2C",6.57829750726318
"MFSD12-AS1",6.57617385272994
"ARHGEF6",6.56891860294478
"CTNNBL1",6.56834725034214
"CTSW",6.56746089665279
"CDHR4",6.56653210231021
"SOX10",6.56103128495892
"SLC25A19",6.54622318601545
"RNU7-18P",6.54400992222402
"GPR85",6.5355685050822
"ZNF790",6.5313997536168
"LINC02284",6.52625878349029
"ACTG1P14",6.52542086458514
"ZFYVE1",6.52300811035359
"BCL11B",6.52197637051505
"DNAI7",6.51230473308705
"C4orf33",6.51138853042254
"SYVN1",6.50327103776369
"RAB38",6.49663445994114
"SBK2",6.4673876385682
"LRP5",6.46644841159988
"C3orf80",6.46069610133655
"LAIR2",6.4586833615671
"UBTD2",6.45636360007544
"RNA5SP115",6.44209615333828
"CCL1",6.44122942933279
"MTMR3",6.43691347802257
"RBBP8",6.43138841071525
"SLC9A3R1-AS1",6.42990867442618
"PES1",6.4275317200707
"ACOT4",6.41603780762991
"CLBA1",6.41400682522305
"MIER3",6.38859165186129
"EREG",6.38726906270236
"ERF",6.38719922803199
"IGHG1",6.38543486784485
"PSTPIP2",6.38111435166106
"PDXP",6.38055317885399
"MIR3688-2",6.37493903996477
"SPOPL-DT",6.37452761534911
"RNF145",6.37405511868829
"BACE2",6.37307058425072
"FMNL3",6.35908413725139
"ZFP41",6.35203231738373
"MIR1184-1",6.34769731188503
"POU5F2",6.34064403194897
"PHF5AP1",6.33678515168917
"VAC14-AS1",6.33557159967332
"NICOL1",6.33091350210614
"ERCC2",6.32991667685254
"ALDH3A2",6.32605050157703
"HMGB1P8",6.31668087061726
"CIP2A",6.30217004457624
"PARP16",6.28881775538467
"IL17RB",6.2858168944052
"CAPS",6.28485770468462
"RECQL5",6.2817201521919
"PPIL6",6.27561699377675
"ASIC3",6.2715543761126
"PIP4P1",6.26549471327494
"ERICH6",6.25822261757787
"POLR1F",6.25522179801125
"ZNF511",6.25450501794334
"PGAP4",6.24282239523972
"CDC16",6.23683586282496
"FLVCR1-DT",6.23300169561194
"MFSD2A",6.23093714079508
"SPRED2",6.22633979366757
"RPTOR",6.22120064701714
"GRIP1",6.21144433345938
"SLC24A5",6.21038596118492
"UBXN11",6.21028934300105
"ZDHHC6",6.18382878104005
"NUFIP1",6.18206399634305
"PPARD",6.17304469339514
"SPATA32",6.14735252607625
"RNU6-957P",6.13986836044786
"PEX26",6.13756679981488
"FAM222A",6.1293508091715
"RNU6-509P",6.11940665697034
"MIRLET7F2",6.11940665697034
"TBC1D32",6.11854097864349
"STK10",6.1070116659437
"ZSCAN5A-AS1",6.10422206885321
"RPS23P6",6.10363643106581
"ARHGEF40",6.08663948433287
"SPDYE2B",6.07835828358928
"OPRL1",6.07702999388766
"SLC4A1AP",6.0747391631148
"SDHDP2",6.06835696873648
"COA7",6.06478290156641
"DCP1B",6.0645017015033
"TADA1",6.06408517639092
"GMPPB",6.06282080989352
"CHRM2",6.05990522351031
"ACCSL",6.05990522351031
"RN7SL199P",6.04542822234651
"DTX2P1-UPK3BP1-PMS2P11",6.03915787753407
"RNU6-447P",6.03607315494773
"RAB11FIP1P1",6.03085605155524
"SLC39A1",6.02897616271776
"SREBF1",6.02628977995704
"UBE2V1",6.01792235987878
"H4C5",6.01396974414054
"ENPP4",6.00158253726105
"ZSWIM8",6.00143823493364
"MIR3925",5.99446985877091
"UBE2M",5.99262429117394
"IQCG",5.9842425274511
"KBTBD8",5.97833358396456
"STK40",5.97160874560721
"SNX16",5.95140808862017
"SH3BP2",5.94065968407658
"ABHD2",5.92985887615454
"LINC03034",5.92730631227671
"INSYN2B",5.92399572238556
"NSMCE1",5.92048722747643
"CATSPERD",5.920480308767
"LINC02285",5.91223540110666
"NDEL1",5.91195556144417
"GNPTAB",5.90601389325625
"PLEKHF2",5.89926270144942
"MAPK4",5.89490258314288
"DENRP2",5.88952350179843
"SLX1B",5.87776530361599
"TMEM233",5.87564083481283
"TMA16",5.84866631321514
"MTHFS",5.84545905532377
"ZNF211",5.84019012915766
"B3GALT6",5.83695715637425
"MTERF1",5.81752515143509
"MTND5P21",5.81668488809925
"NUDCP1",5.80412690952691
"CHST11",5.80284887236849
"STX11",5.80055692931802
"NDFIP2",5.79977177456997
"SLC7A5",5.79288112074537
"RABL2A",5.78873929638603
"ZCCHC3",5.78609631090709
"RNU6-482P",5.78544897343521
"TFDP2",5.77736904276073
"KLRK1",5.77334188736855
"WDFY4",5.76890304792588
"SUGP2",5.76658773550464
"ABCA3",5.76129652198222
"CENPU",5.75750698940173
"TRMT11",5.75735942106148
"C15orf39",5.74767404469331
"HCG14",5.7395467180104
"SLC38A4-AS1",5.72512500253789
"RNFT1",5.72505211508143
"HMGA1",5.72193774515141
"IGHV3-49",5.7211939603646
"TOMM20L-DT",5.7211939603646
"CD44-AS1",5.71545189428345
"GON7",5.71265834526455
"NBEAL2",5.70627803753178
"MRPS9-AS1",5.70551322506337
"LYL1",5.70239003658466
"ELMO1",5.69490956303522
"TSC22D4",5.68754765768749
"CPB2-AS1",5.68741367383569
"KRT8P42",5.68641144101015
"CNNM3",5.68421777233956
"COBL",5.67846764338531
"CDK5",5.65907000595485
"SNORA11B",5.65685823215534
"ATP2C2",5.65685823215534
"ABHD13",5.65450725938944
"LINC02883",5.65366106013942
"KIF26B",5.62845784681835
"LINC00471",5.62803625346469
"LINC00900",5.62776522246008
"MBTPS1-DT",5.62648032330755
"FXYD5",5.62506097516695
"RBM38",5.61458099924741
"MAP7",5.60413310399503
"GK-IT1",5.60322227303046
"ICOSLG",5.59958574662146
"OR10J2P",5.59348601053288
"RNU1-2",5.58870588725028
"CDC20B",5.5821397511633
"SMAP2",5.5804248061581
"FHL1P1",5.57608679339666
"LINC02168",5.57608679339666
"SPDYE3",5.56888043960808
"RNMT",5.56814041802419
"CEACAM19",5.56787646599184
"PER1",5.56739368307642
"ZNF230-DT",5.55769042880525
"GLYATL1P1",5.55648718826161
"GAPDHP45",5.55648718826161
"TTC39B",5.55623659586795
"TKFC",5.54925906742912
"PRRC2A",5.54757156537643
"CKAP2",5.54459538573514
"RNF166",5.53894223094704
"CLASP2",5.5387481895269
"NFATC2IP",5.53602732539086
"PDRG1",5.5325784889604
"CACFD1",5.52724876859139
"CFL1",5.51129886604209
"ZFHX2-AS1",5.50233579833813
"PAX8-AS1",5.49228875351879
"MAP3K21",5.48905319356122
"DAPK1",5.48852257415847
"DPP7",5.47995749338104
"DLGAP5",5.47364396087267
"RGS19",5.46444469747625
"GTF2H2",5.45866576722895
"NUP43",5.45846109438101
"SQSTM1",5.45758704589413
"HBD",5.45157056855712
"NECTIN1",5.44880830217546
"KCND1",5.4469744095346
"REV3L-IT1",5.44224332740065
"SNORD114-3",5.44159068311444
"FUT3",5.44159068311444
"DYRK1B",5.43618639478953
"RNA5SP343",5.43564252424484
"MSH4",5.43466044346073
"MIR1278",5.43445357565242
"BNC2-AS1",5.4321965674777
"GAK",5.42511952963975
"LINC03048",5.41931501685844
"LRRC37A17P",5.41298995868366
"LST1",5.40070839482738
"CARD14",5.39420830560752
"IGKJ1",5.39383434747288
"LINC00892",5.39377676174776
"PI4KB",5.3932548791851
"FOXO3B",5.39194017938826
"WWOX",5.38622801509579
"RNU4-24P",5.37592889545334
"CDK19",5.37579248510355
"PMF1",5.37366199566412
"ZNF273",5.37298849404441
"MRPS9",5.37185723638131
"CERS4",5.367780681217
"ARHGEF11",5.36296345227191
"SPMIP3P1",5.35143298323033
"MAP3K8",5.336263855872
"PEX16",5.33555385757995
"BLOC1S6",5.33365615471359
"ETV4",5.33276903674997
"IRAK3",5.32949715950289
"RNF213-AS1",5.31388681709054
"RN7SL444P",5.30382722351735
"DEPDC5",5.3013845613016
"MTFR1",5.30092599103223
"P2RX5",5.28539676352847
"MSRA",5.28280529828125
"RITA1",5.28065170865209
"OGFR",5.27924155671801
"SF3B4",5.26256350945262
"TMEM91",5.25435944049563
"MIR4774",5.25186414760339
"ZDHHC12",5.24350320070875
"ANO8",5.24140856444765
"PDXK",5.23582938500476
"INTS6L",5.22847927344645
"STX3",5.20929819067258
"ETF1P2",5.20878073752169
"POP1",5.19919211351698
"MS4A14",5.19774496466818
"CAMK2A",5.18836190623741
"MYPOP",5.18614072354899
"RBKS",5.18442458605265
"ZNF704",5.18178226183995
"RPS14P5",5.17539352042393
"GRK2",5.16494658981593
"COMMD3",5.15547353787907
"LMTK2",5.15425030246269
"MAP3K10",5.15417355603032
"CRISPLD1",5.15338476682422
"DIDO1",5.15183999828324
"MIR1302-2HG",5.14730044038553
"FTH1P20",5.14566045571007
"WDR20",5.14285632464929
"H2BC26",5.14132836291969
"PCF11-AS1",5.14109681711721
"CD3G",5.1380940358228
"ZSCAN20",5.12885118579242
"SARAF",5.11501514948648
"FAM106A",5.11405851556267
"MLYCD",5.10957394117127
"RAB32",5.10537300946925
"CACNB3",5.0979170959393
"NLGN3",5.08106352664548
"MIR4754",5.08106352664548
"MMUT",5.06776038827713
"RNU4-1",5.05349619914858
"GCHFR",5.05300330108168
"IGKV1-8",5.05253798285011
"IGHV3-48",5.05253798285011
"IVD",5.04918090826828
"SPAG17",5.04716553789571
"ZNF232-AS1",5.04581172414633
"SYAP1",5.04575814041456
"HNRNPCL1",5.03846421528689
"TRPV3",5.03708168067663
"ELAPOR2",5.03483173954745
"SYNGAP1",5.02694421670569
"MAPKAPK3",5.0253628454215
"FURIN",5.02047408566139
"GPATCH1",5.01458585432974
"MIR548E",5.0076907020967
"FN3KRP",4.99894491187644
"WDR44",4.9988908474559
"SMYD3",4.99046944421812
"REPS2",4.98831146153647
"HCLS1",4.98623806646865
"HSPH1",4.98087862307913
"STXBP5",4.97966939221152
"ADRM1",4.97865129546656
"LSS",4.97139426484944
"CALHM6-AS1",4.97017463247471
"CDC42EP3",4.95724812910076
"PRSS27",4.95093009103074
"SELENOK",4.93760202665841
"ORM1",4.93736679289978
"SPTLC3",4.9313525759816
"RGS17",4.9311531769844
"HNRNPA1P76",4.92631482663916
"RUNDC3A-AS1",4.92477749893273
"KLRG1",4.9241199503974
"MIR16-1",4.92192024742827
"CYP8B1",4.92176786410809
"MPP3",4.92152342343502
"CCDC103",4.92025043872994
"ZNF468",4.91873796856929
"DEDD2",4.91828340842772
"GNE",4.91735154338804
"INTS15",4.91467039802736
"MARK2",4.91172250124947
"HESX1",4.9096159866571
"SELENOO",4.90829776604442
"LINC02732",4.9042979036477
"SPATA24",4.89428531783795
"METTL21A",4.8873210696985
"MCRIP2",4.87978832525071
"TSFM",4.86048494105785
"VAMP8",4.85175676595183
"ATIC",4.83876687440824
"DCAF11",4.82960589461358
"C21orf91",4.82467739863246
"EXOSC10-AS1",4.82404322263296
"MGRN1",4.82250662213435
"DUSP10",4.81599661335076
"ZFP91",4.80579057165369
"CEP41",4.80170011940569
"MAN2C1",4.78197897571778
"SMCR8",4.78196702555842
"DIP2C",4.77610735078078
"CCT4P2",4.77387172755834
"QPCT",4.76713934286953
"KLC2",4.76086989931724
"TFCP2",4.7585644257158
"RPL22P3",4.74588912318993
"ENGASE",4.74094758216253
"PLAT",4.7349419649465
"HLTF",4.73468082357566
"RN7SL246P",4.73337254058749
"ROPN1",4.72536194686681
"MTA3",4.7153802774508
"TRAPPC9",4.70758255955653
"NUDT13",4.70708652534334
"NOP14",4.7063374731833
"SLC25A42",4.7018442329918
"BCL3",4.70148436625012
"ASH2L",4.69824106346577
"ADO",4.69680709248976
"TLE4",4.69506664190267
"GHDC",4.69415753462951
"RPL17",4.69248566224061
"FANCF",4.690702840129
"WWC3-AS1",4.6902814226019
"PPP3CB-AS1",4.68548680316087
"FAM174B",4.68545786699055
"OR13E1P",4.67755995101053
"ZXDC",4.67492190150335
"CORO1A-AS1",4.66891616052337
"CDC14A",4.66789315202399
"PRKAR2B-AS1",4.66596153553028
"GNB1L",4.66427314965562
"FAAP100",4.65835316276945
"GTF2H3",4.65093867740432
"FKBP2",4.64835866170293
"CHUK",4.64451691765615
"SESN3",4.64178643763704
"UTP6",4.64031281447251
"LHPP",4.63590044861448
"BRD2",4.63576194864457
"EPOP",4.63551526066566
"SNX19P1",4.63306631625001
"TNFRSF8",4.63298047851598
"PCIF1",4.62843425434704
"DDX39A",4.6281220411723
"ARHGAP18",4.62295376558628
"NSMAF",4.61869746970922
"PNPLA7",4.61050955205978
"C2orf74",4.60920765482345
"CDC25C",4.60858881089901
"PACRGL",4.5959924220167
"TAB2",4.59318645436511
"BMAL1",4.58932741689479
"IPMK",4.58522164647239
"LRRN4",4.57401442209853
"YEATS2-AS1",4.57044823178271
"CDCA4",4.55799653901684
"MEG8",4.55584858730074
"AFG2B",4.55247463030369
"TRIM74",4.54782173508629
"LINC02076",4.53592906711705
"METRNL",4.53466433010906
"SERF1A",4.53249235469554
"YPEL1",4.51683011462362
"CCDC28A",4.51621534721022
"PHETA1",4.51421915517507
"PDCD2L",4.5084394512703
"LGI1",4.4962295985396
"DBP",4.4906173396444
"JHY",4.48650671619068
"FKRP",4.47496443736937
"EOLA1",4.46573591187237
"XPO7",4.46250831046039
"GTF2B",4.45864619027251
"LINC00323",4.45824107262326
"APBA3",4.45293235018177
"KCNJ9",4.44099108940929
"HOXC4",4.44099108940929
"TTC7B-AS1",4.43426171887338
"CCNT2",4.42578834008206
"RHOV",4.42411392950078
"HEATR3-AS1",4.41597579683988
"CCDC88C",4.40515868730014
"RPL21P118",4.40000002309397
"RPS27P6",4.39872038330152
"NFATC1",4.39432371950987
"CROCC",4.39131293996684
"CTSV",4.39049428260167
"RNA5SP479",4.38809298930314
"WDR46",4.36357443395827
"FERMT3",4.36293408487202
"FTH1P3",4.36185880114416
"CNFN",4.35829845966585
"DNHD1",4.35727785599947
"SLC44A5",4.35246548423839
"GNAO1",4.35178064195416
"ASB2",4.35003559462164
"SPDYE2",4.34763272149473
"MAPK8",4.34645313049458
"DDX39B",4.34491322028359
"RN7SL308P",4.32883356788468
"LINC02226",4.32520316877519
"RUBCNL",4.32374368285521
"LPO",4.32221739168239
"NAB2",4.31872454714815
"TRAPPC10",4.31830694420929
"LY86",4.31625094619956
"PPIP5K1",4.31059315386708
"ZNF45-AS1",4.31012037200238
"TMEFF2",4.30351594891266
"PTGER4",4.29993488643013
"UBE2CP1",4.2942809567366
"ATOSB",4.27963889440664
"PFDN5",4.27708595985627
"SMPD2",4.26783095971908
"GTF3C4",4.26571384709481
"ZMYM2",4.26389711588232
"UBE2V2P2",4.26387541421735
"AKAP13",4.26049120312976
"VSIG10L",4.25880287789938
"TAGAP",4.25732863769612
"PPIAP16",4.25499948721715
"GRHL3",4.25469295281033
"TMEM232",4.23945431745834
"LINC01232",4.23032498847273
"NFKB1",4.22976835367063
"MIR6825",4.22938058388643
"H2BC15",4.22710081067006
"RFX7",4.22602515620666
"SEC22C",4.21430484098836
"INKA1",4.21243919243072
"ZG16B",4.20400815564713
"RPS26P21",4.20168292546843
"PLCB2",4.19954429253065
"CYRIB",4.19476751030592
"USP49",4.19101617382896
"GMFB",4.18810735733596
"GCA",4.18423670118731
"DOCK7",4.18227363415533
"CEACAM21",4.18221011786863
"GLYR1P1",4.17953809021062
"NPIPB6",4.17869879176469
"RN7SL258P",4.16659211297821
"VPS26B",4.16596287052332
"LINC00954",4.16551347332424
"NAIP",4.16365493359546
"YKT6",4.1608553705318
"OR4F7P",4.15986553820025
"ZBP1",4.15935438817923
"TMEM216",4.15825076505262
"ZCCHC8",4.1570496355088
"MAST2",4.15590977361331
"MBNL3",4.15107460691895
"CORO1A",4.14870870351615
"TTC4",4.14518028452208
"C20orf96",4.14358925902769
"WDTC1",4.14181116044548
"WHRN",4.14013421073498
"COX10",4.13419495082602
"FBXO44",4.12720586148029
"GINS2",4.12174484539367
"MIS12",4.11726053469103
"AMZ1",4.11316609346305
"DOHH",4.11225342637715
"MFSD13A",4.10674932054687
"WRAP53",4.10627619415738
"STAT5A",4.10377019324056
"TMEM187",4.10114147270482
"HMGA1P4",4.09631945172664
"CCDC30",4.09526487225509
"USF2",4.09461794824032
"DNAJC9",4.09434835497631
"RPL7P46",4.08589113094252
"PIK3IP1-DT",4.082032172736
"RAB9A",4.08051587940506
"SLC25A28-DT",4.07842218674669
"TRBJ2-7",4.07623433640048
"SETD6",4.06763173316051
"ENTPD4",4.04637389038242
"AMH",4.04465952586326
"TRAJ35",4.0412750928473
"CYP2R1",4.04092358939188
"KCNK6",4.03127754417383
"G6PD",4.03087248644311
"NAXD-AS1",4.03001095447073
"CDKN3",4.02835151691711
"BACH1-IT1",4.01672680148251
"RFX3-DT",4.01615286004775
"CCDC88A",4.01283233844225
"THUMPD3-AS1",4.01209051633687
"TTC23L",4.00935046264518
"RNU6-336P",4.00609864274007
"ZSCAN5A",4.00514468394149
"AP1G2",3.9992551760818
"USP5",3.99743553324501
"RABL6",3.98053689059525
"CASTOR2",3.97888603747131
"RNF6",3.97804992058931
"IL4R",3.97353813700193
"GPX4",3.95475583595753
"LINC02321",3.95153990961431
"FBXO39",3.95153990961431
"STK38",3.95135246196129
"ANKRD42-DT",3.94897895938171
"ANXA4",3.94694484951102
"FBRSL1",3.94500412335647
"GARIN5A",3.94330944543563
"MROH1",3.94189215838286
"SLC2A1",3.9416174561954
"WDR62",3.93960494514385
"RNU6ATAC27P",3.93831114496373
"MINK1",3.93571150804334
"TANGO2",3.93268539515685
"LINC02983",3.92761691281099
"ARAP1",3.92528567514781
"TELO2",3.92410294394424
"NBPF2P",3.90881564584371
"ENHO",3.90692446805626
"NBR2",3.90667515318218
"TRPS1-AS1",3.89788328209267
"TRIM11",3.8960362132591
"ADK",3.89430032803889
"TRAF5",3.89014171646161
"ZNF142",3.89000112788887
"SHPK",3.88853686055855
"MIR4748",3.88263341540538
"MCRS1",3.8824626062417
"SIDT2",3.8800010596619
"METTL14-DT",3.87702017874384
"KCTD7",3.87343903657467
"POMZP3",3.87246512915928
"ALDOB",3.87186438378337
"PACS1",3.86367915986885
"JARID2",3.86274325494642
"FGD2",3.86141431656991
"RN7SL174P",3.85763574558117
"IFNA20P",3.85669481224891
"SLC38A1",3.8562303073991
"OR4F1P",3.85227666726114
"SLC41A1",3.85035797381784
"FAM72B",3.84749533757959
"CIC",3.83834135275742
"PDIK1L",3.83650961663422
"ATP13A1",3.8356441920591
"SLC7A8",3.8296749619268
"HEATR5B",3.8288195580982
"CDCA7L",3.82020209327201
"SEPTIN7P8",3.81899048000071
"LINC02575",3.81899048000071
"SLC9A1",3.81641580939544
"RNF111",3.81613695684584
"POLR3E",3.81577916790782
"PDE8A",3.80825466049689
"FAIM2",3.80046331828167
"TMEM42",3.78929670188582
"BTRC",3.78799656629627
"MSI2",3.78195000080394
"LRRC74B",3.7808527052556
"WBP2NL",3.77535903818365
"SH2D3A",3.77460268319973
"IFFO2",3.77274857552459
"RFC4",3.77054437378712
"FAM53B",3.75603343921424
"KIF21B",3.75223910120733
"CNRIP1",3.7450900971947
"CCDC144A",3.74043271260428
"POLG-DT",3.73856120423786
"MIR3127",3.73835256761074
"OR4F2P",3.73355058966375
"DHODH",3.73214173796134
"CEP20",3.72653107607805
"SMANTIS",3.72519438701714
"FBXO34",3.72469045768611
"PPWD1",3.71699839919577
"PUDP",3.71561959265044
"SH3BGRL3",3.71003373291041
"EOLA2",3.71001445707498
"AP1G2-AS1",3.70902008170184
"FZD5",3.70763909316088
"NFKBIB",3.70711769047015
"NR4A3",3.70507536734605
"MICB-DT",3.70071911102243
"LINC03040",3.69862663227744
"FAM117A",3.69431954664352
"ABAT",3.69137123329122
"SNORA70E",3.69093432972172
"EP400",3.68882566415668
"F8A1",3.68697406527289
"VEPH1",3.68255710112007
"IER5",3.68002634014676
"SCN11A",3.67778017768556
"TMEM176B",3.67747917000463
"NPIPB3",3.67661816780557
"FER",3.67459269953532
"ZNF564",3.66849209282692
"OSBPL2",3.66737396534076
"ANXA1",3.66463335365588
"IGSF9B",3.66392016620729
"EEFSEC",3.65926093784958
"JMJD6",3.65873649241467
"KRT18P44",3.65655139192263
"PABPN1P2",3.65655139192263
"TPCN1",3.65075244570965
"SLC6A12",3.64617654706946
"OR2H1",3.64166596195485
"LINC02324",3.64166596195485
"MPHOSPH9",3.63839566088574
"SCRIB",3.63183354596548
"RPL4P2",3.62291803208156
"FKTN-AS1",3.62089659264706
"SCAP",3.61847405709592
"C9orf85",3.61634550956063
"CLK3",3.61542279279455
"THEMIS2",3.61274447427476
"MBD3",3.61092449057907
"SEBOX",3.60615290141439
"BRAF",3.60578803126469
"GEMIN2",3.60241947622847
"FAM88C",3.59893412522985
"PABPC4",3.59767749600056
"PISD",3.59421504276639
"PRR13P1",3.59394089861478
"MIR1290",3.59319864413575
"TRAV13-1",3.5913119749944
"MGAT5",3.58991357089676
"ABCA1",3.58955681027243
"TSPYL2",3.58615231471974
"CFAP46",3.580061155647
"MAP2K2",3.57444571638554
"ZBTB20-AS3",3.57277747021565
"TMEM74B",3.57190512475204
"CPB1",3.57082050709393
"MIR1276",3.56612899714734
"ASAH1",3.56421266299809
"RN7SL70P",3.56062785002912
"MAST1",3.55721965608122
"DNAJA4",3.55146584012978
"PRKCA-AS1",3.54937216408799
"TFAP2E-AS1",3.54870475776891
"EXOSC9",3.5444202820995
"SMG8",3.5424244284073
"B3GALT9",3.54040764590761
"STRBP",3.5291862075593
"TBRG1",3.52609030868022
"CLCN3",3.52205451069484
"FAM215B",3.52024242275254
"TMEM220",3.51971042384797
"MYO1D",3.5146617438212
"RALGDS",3.51100754325894
"RAD23B",3.5088154474732
"CLASP1",3.50862996997788
"SMIM3",3.50840827857178
"CICP27",3.49955712142253
"PDCL3",3.49913633374919
"TJP2",3.49461876215214
"TAL1",3.49386522586991
"PIP5KL1",3.49103072783307
"CLDN16",3.48987447370318
"ASH1L-AS1",3.4863283059303
"CFAP58-DT",3.48558649297055
"DCAF4L1",3.48332859204115
"CPA6",3.48314620484153
"ACOT7",3.47856024010219
"LINC01410",3.4734415891168
"GPX1P1",3.46818173797764
"VPS4B",3.46643487471001
"SEC14L1P1",3.45185018817539
"INO80",3.44813902240523
"DLX1",3.44586076554031
"PSME3",3.44524488390208
"WBP1",3.44253419511906
"CDC42EP3-AS1",3.44246050897709
"LINC00926",3.44077150188333
"ADAM21",3.43938064072521
"RPS26P15",3.43919646122256
"TMEM169",3.43619903924425
"PKIB",3.43619903924425
"CNTFR",3.43619903924425
"GPR158",3.43619903924425
"ARNT2-DT",3.43619903924425
"LINC03086",3.43099010678396
"GAREM1",3.42613710298114
"SPDYE5",3.42246246740095
"TTYH2",3.42121529529875
"MGAT2",3.4177527781696
"TSPOAP1-AS1",3.41196153014675
"KDM2B",3.4088807260505
"ID2",3.40820673534094
"RPL17P36",3.40357537025251
"SLC39A10",3.397839773654
"ART3",3.39004319940617
"SLC35B4",3.38640013069824
"TRIM4",3.36671362937748
"EHD3",3.35943238742968
"MIR638",3.35513726685691
"DHDDS",3.34663112030985
"NELFB",3.34464681785148
"RFX1",3.33976043983018
"GGA1",3.33861579530834
"RNU7-181P",3.33593608816249
"TRANK1",3.32648198204595
"TAMALIN",3.32369835334655
"MORN3",3.31825887178215
"RNA5SP370",3.31795602872005
"MIR629",3.31214393585783
"IDS",3.30902367552838
"PDLIM1P4",3.30453223146592
"ST8SIA6",3.30008373118041
"PAK4",3.29704109600276
"HSD17B14",3.2964381262323
"MAGIX",3.29619117217923
"MINDY2-DT",3.29551573921754
"PEAK3",3.29551571694171
"CD79B",3.29290852021777
"RUNX1-AS1",3.29163529907988
"GPR83",3.2916337535582
"PRLH",3.29064841320376
"RNU6-504P",3.29064841320376
"KRBA1",3.28770492905628
"MAP7D3",3.2853588124135
"TNK1",3.28177620342089
"MIEF1",3.27785557548768
"GRK4",3.26184901246293
"MEGF6",3.26176370780632
"LBX2-AS1",3.26174708568208
"PSMB10",3.25701200045566
"SPATA20",3.25536269196731
"ULK3",3.24741054001264
"KRT18P31",3.24517586956222
"CHMP6",3.24221435605653
"NT5DC2",3.2417472757984
"SBF1",3.23753623953077
"PRKD2",3.23613682464582
"LINC01948",3.23151382461809
"SCAMP2",3.2310176352725
"TBC1D17",3.23066792222987
"SLC37A4",3.22555474229674
"THRSP",3.22413312150242
"CUL7",3.20914419818149
"RNU6-151P",3.20175862183791
"ZNF184",3.20115434653023
"CDIP1",3.19979311749779
"FERRY3",3.19946973088658
"PRKCG",3.19764462837804
"FBXO36",3.19684389955006
"PDE4D",3.1911325323851
"AKT2",3.19111583062018
"KLHL20",3.18523407665274
"DCAF12",3.18337557731678
"MIGA1",3.17971741670885
"IL12A",3.17902850122119
"MARCHF3",3.17398049142297
"NRIP3-DT",3.17157047204556
"LINC00114",3.17157047204556
"RAD17",3.16978415695141
"SEPTIN1",3.16893822585964
"ST3GAL6",3.16686600708629
"TRIM32",3.16571399686463
"RNU7-79P",3.16222499593316
"MYB-AS1",3.15615209348653
"ELMO2",3.1560903140684
"MEI1",3.15467427655363
"PLIN4",3.14630512608712
"TPSP2",3.1447563338867
"CYP51A1P2",3.14032418421026
"EML4-AS1",3.1401238912602
"DOT1L",3.14009569979104
"NOP14-AS1",3.13798398616014
"LINC00937",3.13578032668053
"PRIM2",3.13171074647332
"TMEM246-AS1",3.13120969676409
"RPRD1B",3.12925983395743
"IL27RA",3.12903191831536
"TMOD1",3.1277974015237
"ELL2",3.12763254568365
"MTF1",3.12601811599385
"TMEM62",3.12476361720251
"POC1B-GALNT4",3.12458261678382
"AIM2",3.12005651902126
"MAP2K3",3.11714498443339
"PCHILR",3.11416136551916
"MRM2",3.11352804638284
"IFT74",3.11023771214559
"TESK1",3.1087125912746
"PSD",3.10464305445841
"VSTM2L",3.10392097584588
"SLC25A44",3.10171715180209
"ZNF225-AS1",3.10162601960082
"BRPF1",3.100839172088
"PCDHGB8P",3.09200502167495
"NABP1",3.0847528277494
"OGDH",3.0817807920432
"EMP3",3.08108562810587
"NMT1",3.07827932984481
"DBTP1",3.07798771343534
"CPEB4",3.07409882678699
"CCDC62",3.07327844639887
"IDI2-AS1",3.07019068780161
"TDG",3.06958218665863
"TMEM9B-AS1",3.06919144718328
"LINC01133",3.064166301367
"FAM157D",3.06291720289844
"GPR19",3.06246558218001
"ZSCAN22",3.05714730028016
"GPR37L1",3.05500297313625
"NHLH1",3.05467719872449
"TPM3P6",3.05445052047013
"NISCH",3.05100795549098
"THOC1",3.048297579121
"PLD1",3.04745731649069
"DTX2",3.04563848378237
"SH3KBP1",3.04519443955662
"PPP4R3B-DT",3.04106044481745
"PRNP",3.03995924961664
"DAXX",3.03869712084295
"ERGIC1",3.0380178282378
"MRNIP",3.02901282558111
"ORAI1",3.02884584546956
"PPP6R1",3.02748765645743
"RXRB",3.02497432458658
"PRDM4-AS1",3.0245426363835
"TTC27",3.02437767727728
"TASL",3.02322675020708
"C8orf76",3.0204510577528
"MIR1277",3.01845999932096
"DNAJB9",3.01831875095253
"NATD1",3.01649209079434
"H2AC16",3.01439583006544
"ACP4",3.01439583006544
"MAML1",3.01112567281791
"ELL3",3.00151234195679
"METTL21C",2.99842993778127
"ZNF461",2.99543750946178
"SMARCAL1-AS1",2.99295168800814
"MTFR2",2.9909622509997
"DCXR",2.99057511713515
"ATP8A2",2.98989458646156
"PHOSPHO1",2.98931771300827
"MYO1D-DT",2.98782601205731
"BMPR1A",2.98743947989549
"MTPN",2.98655618160558
"ATXN1-AS1",2.98100334031974
"DENND2D",2.97928894846944
"HYOU1",2.97811627649796
"LGALS8-AS1",2.97368664354409
"UPP2",2.97260609490267
"NUP50P2",2.97223363757143
"OXT",2.96744477770392
"ZEB2",2.96484966456149
"BTN2A2",2.96461429692323
"GPR18",2.96205570489884
"ZNF574",2.96023586185251
"KCNJ14",2.95857743715852
"SLC11A2",2.95854570444491
"RNU6-100P",2.95816921155148
"MAPK13",2.95759135721548
"TPTE2P5",2.95563459566404
"ZNF219",2.95497390434724
"PTK6",2.94953357278757
"BAK1",2.94937625564113
"GRK3",2.943208170764
"VPS54",2.93780254368504
"LONRF3",2.93479001130905
"GPAT4",2.93247283869117
"LBX2",2.93140308242314
"CIDECP2",2.92859109381108
"ERAP2",2.92856225738478
"CDH23",2.92473799057545
"RNU6-625P",2.92256946786247
"LURAP1L-AS1",2.92094585187883
"ST3GAL1",2.92090660220824
"RACGAP1",2.91819470974368
"PHAF1",2.9141610337685
"GPANK1",2.91236323164995
"ZC3H12A",2.91065468732792
"LACTB",2.91019428160442
"SART3",2.90852522761287
"PIM3",2.90157797858891
"MTCO1P12",2.90103674213903
"DAPK2",2.89954488298015
"C22orf23",2.89385219327404
"ERI1",2.8907921567558
"MS4A6A",2.8887442563277
"GTF2IRD2",2.88815296940919
"IRGQ",2.88692937352079
"PSMG4",2.88491537333362
"WDR70",2.8837282537906
"GORASP2",2.88280348765637
"INKA2",2.88198132849887
"RASAL3",2.87888028740536
"FOXI2",2.87806982467891
"LMAN2",2.87077335298683
"LRRC37A",2.86617830345079
"CHST12",2.85738130787484
"MRPL44",2.85718521155917
"GEMIN8",2.85388081596937
"ZNF506",2.85387108198052
"KCNJ13",2.85333375658148
"SLC30A6",2.85147015420266
"ZBTB48",2.84229602494701
"RANBP2",2.83418130748173
"MT-TE",2.83399965006881
"RPS6KA5",2.83268136013814
"MAFG",2.82846065685925
"C1QA",2.82354878495762
"ATP6V0D1",2.82284796708949
"ZMYND8",2.81422047457015
"PDE7A",2.81190773212777
"DCAF15",2.81049304700936
"LINC01229",2.81030250223677
"C10orf88B",2.80856480348497
"MIR762",2.80628097709608
"MANBA",2.80195303358808
"KIF23-AS1",2.80080323077914
"ACER3",2.80075581017257
"LINC01214",2.79204703817534
"SPMIP6",2.79070724666121
"ESRRB",2.79070724666121
"GUCY2D",2.79070724666121
"VAT1",2.78833389039596
"NUTM2E",2.78587110425644
"RPA2",2.78073067429246
"KICS2",2.77810491117924
"PXN",2.77739693286333
"LRGUK",2.77679357447102
"RNVU1-25",2.77667732008647
"LINC01918",2.77667732008647
"SLCO2B1",2.77629837171013
"RAB8A",2.76685142418017
"SPAST",2.76541331584273
"PFKFB4",2.76435900300991
"ZBTB7A",2.76086604289011
"ATP6V0B",2.76051424418226
"ZBTB22",2.75935139157163
"ZBTB45",2.75387516481249
"PCYOX1L",2.75157986890291
"NBPF11",2.75100435830212
"RPS6KA3",2.74957474115478
"UBXN2B",2.74895103726069
"TRBJ2-4",2.74830727036867
"PILRB",2.74752655017029
"RN7SL402P",2.74750332674222
"ABHD3",2.74598677464417
"KIAA0930",2.7406397775684
"RNF32-DT",2.74036610515687
"ZKSCAN8",2.7372408049014
"ANTXR2",2.73719503244378
"NAT14",2.73717698707453
"DMAP1",2.7350312176113
"PPP3R1",2.73219300061391
"TMEM164",2.7273281937896
"TUFT1",2.72621745025258
"WIPF2",2.72590013373405
"LINC02918",2.72431271141878
"CKMT2-AS1",2.72054726726465
"PCBD2",2.72023330995209
"LINC00863",2.71813581991903
"ORC4",2.71379157093069
"RAB4B",2.70973476524316
"NLRP2",2.70577245006844
"THRIL",2.70429866466624
"ADCY6-DT",2.70084492530705
"SRP19",2.69614302649657
"PCNX3",2.6892506365512
"MAD2L1BP",2.68744098489765
"FAM111A-DT",2.68465861056145
"ANKRD13D",2.68268597297874
"SAP30L-AS1",2.68094031046875
"THEM4",2.67970041814691
"UBE2F",2.67964954559621
"PSAP",2.67661884216408
"CLIC1",2.67579679498346
"ACY1",2.67465837036168
"KCTD6",2.67403026146843
"USF3",2.67203137798444
"PRSS51",2.67130523949594
"NCBP3",2.66958928139305
"ATP13A3-DT",2.66830921107342
"SPRTN",2.66704108414519
"ONECUT2",2.66524352344731
"PEF1",2.66295843366592
"AP4M1",2.6620114966527
"RNF2",2.66048162372081
"ALDH1L1-AS1",2.6573396332646
"LINC01977",2.65624707541462
"LARS2",2.6560723583344
"FOLR2",2.65491271964098
"GPLD1",2.65430768579139
"CXXC5-AS1",2.65271314436499
"PEPD",2.65062200039403
"PPP4R3A",2.64958367264647
"EML2",2.6458693411851
"SLC35B2",2.64523983196634
"ZNF138",2.64384869010431
"PGAP3",2.641884027515
"SKIL",2.63985257133971
"SCUBE2",2.6353333937169
"DTNB",2.62371614397334
"ZNF234",2.61792044503466
"MAFG-AS1",2.61684778727489
"OR10H2",2.61632233611978
"FDXR",2.61374301506561
"GLB1L",2.61015004026304
"CASD1",2.60570039877377
"ALDOC",2.6047035149653
"USE1",2.60329603693178
"CHAC1",2.60134368474336
"FANK1",2.6010981604843
"MOV10",2.59984564085151
"PC",2.59882123477156
"TFDP1",2.59730684173917
"WAS",2.5961693950919
"LINC00973",2.59153614955455
"DAP-DT",2.59089732134282
"SNRPN",2.58880262478785
"ELAC2",2.58702361101241
"MTCO2P11",2.58558917495029
"ZNF513",2.5791353722084
"IL6R",2.57640526286565
"SMAD3",2.57592219717057
"ZNF44",2.57185149899801
"WDR45B",2.57092365702297
"TPP1",2.56649361610525
"RPS29P19",2.56319938589596
"REC8",2.5594679408037
"KMT2E",2.55912577059576
"RNY4P7",2.55207860980904
"ZFP90",2.55194597808968
"CHFR",2.54995196720144
"GATAD1",2.5476057507477
"HAX1",2.54361458603415
"FRAT1",2.54319607347144
"RNU4-2",2.54319607347144
"RNU6-1150P",2.54319607347144
"C1QB",2.5380954050597
"BUD23",2.5376052105459
"OR2B11",2.53552291499893
"MCPH1-AS1",2.53363815849998
"COTL1",2.5309783677491
"RN7SL306P",2.5300305432522
"CILP2",2.5300305432522
"FLAD1",2.52874099361015
"NCS1",2.52757865578744
"CEP63",2.5274259057216
"ENOPH1",2.52066579595968
"SLC50A1",2.52014407952988
"ARL5C",2.51826615179776
"NPM1P27",2.51608625091133
"MTMR9",2.51486749648794
"DNAJC19",2.51376104740593
"SPATA21",2.5126286083711
"RASA1",2.51259856711144
"RNPEPL1",2.51105405615635
"SLC6A15",2.50983396165683
"SPAG4",2.50970924391863
"HAP1",2.50855675514039
"ZC3H6",2.50487947331626
"AVIL",2.50124524893505
"TEX261",2.49867299911297
"PIK3CA",2.49866404463958
"CD101-AS1",2.49595800552989
"SS18L1",2.49342746418524
"USP50",2.48816145681251
"UCK1",2.48497948650825
"NPIPB5",2.48417615726825
"RASA4CP",2.48399375226434
"ABHD8",2.48211473823945
"TRAPPC12",2.47904361557558
"TMEM214",2.47671352200195
"RAB3D",2.47665179823509
"SRMS",2.47394840462953
"MYNN",2.47034809463114
"PAPOLG",2.46633592398276
"RBFOX3",2.46621319244357
"CBLL1",2.46474158823676
"GTF3C2",2.46468600993658
"TP53BP1",2.46180186268787
"KCMF1",2.45931777557151
"ZNF593",2.45584930942587
"DIABLO",2.45400537358786
"COX19",2.4496584181423
"RRP8",2.44827686903863
"RNF215",2.44531023656145
"ZBTB40",2.44490091834661
"TCHP",2.44303070543734
"HOMER3",2.44167560364958
"MT-TP",2.43837511638693
"STK4",2.43722982788904
"TDP1",2.43709642194633
"STAT4",2.43267436773873
"SMARCD2",2.43056845715505
"GOLGA4-AS1",2.4240199367588
"CD96",2.4238086244802
"FOXM1",2.42255831667378
"POPDC3",2.41971370825071
"C3orf38",2.41481684237173
"PYCARD",2.41437440317275
"BCOR",2.41429846038908
"SGK1",2.41270231330019
"PGPEP1",2.41144623267455
"TSC22D3",2.40983296016836
"EBP",2.40401520251304
"RNU6-319P",2.40115314463939
"MKS1",2.39804504766527
"SUOX",2.39710241573629
"ARHGAP45",2.39583768192494
"LINC00963",2.39507952161736
"SPA17",2.39358694397415
"ACAP1",2.39182859221742
"UBL7-DT",2.39145029612201
"WDR3",2.39081544422458
"TACC3",2.38828046135187
"ZNF627",2.38750502876234
"PP2D1",2.38607165429435
"ARL14EPP1",2.38470593779198
"AGPAT4",2.38245233544633
"LGALS8",2.38091109873192
"RHNO1",2.38084812618991
"TXNDC11",2.37591793375866
"UBA3",2.37428102592373
"SOCS6",2.3716619098391
"UBE2V2P3",2.37047594560977
"TRBC2",2.36933038665337
"SLC25A33",2.36930223816703
"MCPH1",2.36822285305969
"PHF1",2.36441368263153
"ULK1",2.36070230674167
"ZNF699",2.35858754850381
"CLINT1",2.35638139793933
"OR10H5",2.35320374107675
"TTI1",2.35056580604187
"PPP1R10",2.34883056697787
"GDI1",2.34871674783702
"DUSP15",2.34843386523443
"GBE1",2.34513230044483
"LMF1-AS1",2.33853603028268
"GABPB1-IT1",2.33842499963165
"TYSND1",2.33667978261107
"UBXN8",2.33640753656234
"SETD4-AS1",2.33510819281102
"BTG2-DT",2.33345822273297
"CD247",2.3316530956066
"ABHD17B",2.33139155815571
"RN7SL118P",2.33015771515624
"IDH3G",2.32689491818271
"PIK3CD-AS1",2.32651759682183
"SLC10A3",2.32316072496328
"R3HDM4",2.31911983697176
"PRPF8",2.31813393279703
"PNPLA2",2.31560259285668
"LINC03021",2.3129036919865
"SLC35E3",2.31002186406571
"FIZ1",2.30486700455593
"SMIM12",2.30483159674174
"NEK9",2.30274769450093
"ADGRE5",2.30207187266575
"MIR26B",2.30181053253861
"RFWD3",2.29569173639475
"PDZPH1P",2.29457650369233
"WDHD1",2.29452725441233
"ANKRD53",2.29234332716564
"DCUN1D5",2.28697907057247
"DPH1",2.28608398377459
"HCG20",2.28583593568965
"LIMK1",2.2850015570268
"USP32",2.27999594229164
"CACNA2D3-AS1",2.27921517259393
"IGHV3-64",2.27921517259393
"IRAK1",2.2782077422784
"ZXDB",2.2745166604897
"NDUFA6-DT",2.27439863698212
"ARL5B",2.27367652923259
"LITAF",2.27187702114654
"FAM88F",2.27146920210624
"POLH",2.26891385981057
"UBA6-DT",2.2676187017456
"TUBGCP2",2.26549332095823
"RNU6-1152P",2.26495393857598
"FBXW9",2.26219683932008
"NHERF1",2.26058881061968
"ZNF77",2.25670000348335
"TECR",2.2556237713507
"NFYAP1",2.25412541109331
"TEDC1",2.25207732027935
"PHTF1",2.24988738786657
"MRPS23",2.2496985731395
"LINC01231",2.24962643016714
"SNX5",2.24946302328506
"CDK12",2.24602799358894
"ZNRF1",2.24596811227199
"EEF2K",2.24308176629727
"IGHGP",2.24167303328891
"PCOLCE2",2.24156227633965
"SIN3B",2.2405852456845
"CDK4",2.23994518727669
"DRAP1",2.23976480894902
"NIM1K",2.23976395821529
"MKNK1-AS1",2.23934948585859
"ERH",2.23704696215142
"HPS4",2.23685278754231
"GPR153",2.23618831281478
"ICAM4",2.23574008504585
"TCF7",2.23484687087018
"PDPR",2.23140809265914
"COG6",2.23063279329669
"RBM38-AS1",2.22988616714738
"TRAF3",2.22841511473058
"ATN1",2.22546931792622
"ATP6AP1",2.22478697682714
"UBE2V2P4",2.22328435599199
"TWF2-DT",2.22181466140376
"BRD7P4",2.22181466140376
"RNU6-729P",2.22181466140376
"CACNA1D",2.21807886309148
"FOXJ3",2.21660174523398
"CENPCP1",2.21148251169916
"MBTD1",2.20149639470731
"ADSL",2.19453446126345
"EZR",2.19023868584887
"EIF2AK3",2.19003045869563
"TMEM150A",2.18804176566047
"SSBP3",2.18644892255901
"NDUFA5P3",2.18606776585579
"NCAM2",2.18535965392532
"VPS53",2.18446710724304
"CTNS",2.1828419962591
"SLC49A4",2.18147951160897
"RILPL2",2.17933309704367
"ZNF100",2.17778543459566
"NAAA",2.17427697476207
"ENSA",2.16893375634038
"NCOA4",2.16783303945218
"NAGK",2.1656034643591
"GALNT2",2.16479813335712
"TIMM44",2.16356651469547
"MPV17L",2.16019930510033
"KLHDC7B-DT",2.15938337967935
"MYO15B",2.15273588694517
"LTB4R2",2.15243454407802
"NIPSNAP1",2.15009168609815
"TATDN3",2.14795589703494
"ANXA11",2.14650619219276
"ASCC2",2.14637931491363
"RPS3AP21",2.14533222550661
"TAOK2",2.14138340984304
"H4C9",2.13943819612065
"ESYT3",2.13798780006442
"ADCK2",2.13405333836067
"FAM157C",2.13281973096893
"FLACC1",2.13219039325571
"CEP135",2.13136876394276
"CTNNA1-AS1",2.12475745011806
"PLA2G4A",2.12377893283847
"CYSLTR1",2.12314818503367
"ZNF330",2.12167292098192
"IP6K2",2.12021581868921
"TBC1D10A",2.11832876370719
"PTDSS1",2.11793398415298
"IFNGR2",2.11791885688041
"FBXO38-DT",2.11642603071045
"PPIL3",2.11392224088391
"ELF1",2.11382779970342
"RNU6-937P",2.11255590316307
"DNAH11",2.11066092513613
"OTUB1",2.11062673110128
"STARD10",2.10870515011881
"GET3",2.10866778339402
"LINC00648",2.10656182533056
"RSAD1",2.10617562781749
"ABCC4",2.10524288618949
"TNIK",2.10041449398653
"ZFAND1",2.09834747176337
"SETMAR",2.09791445616771
"ATP1B3",2.09776864269811
"BZW1-AS1",2.09761253436758
"RPL31P47",2.09759139551244
"LINC00265",2.09535885238606
"CCDC106",2.09333953541789
"RNA5SP464",2.09214986794951
"CD99",2.09133324122831
"PCYT1A",2.09048484841032
"RPSAP46",2.08976930778991
"OR10V1",2.08786666414134
"PSMD6-AS1",2.08696223379877
"AGK",2.08233203382704
"KCNG1",2.0817573023965
"PUSL1",2.08010203897145
"EIF3B",2.0795880041214
"PHF21A",2.0783405951994
"ESYT1",2.07796752234117
"SYT2-AS1",2.07792924733518
"RNU6-268P",2.07772861092107
"NFYA",2.07763217934539
"TMEM44",2.07762029291965
"MAZ",2.07564572867818
"TXNRD3",2.07525821858315
"FGF1",2.07525821858315
"AARSD1P1",2.07525821858315
"TRIM34",2.07525821858315
"SIAH2-AS1",2.0742534995343
"LMO4",2.07335376305267
"GUCY2C-AS1",2.0663373754631
"BBC3",2.06470557492402
"BEND3",2.06451741266863
"HDLBP",2.06322794474626
"MIR548AC",2.05994322727599
"RAD51D",2.05531994310076
"MARS2",2.05389201045884
"VAC14",2.05237511412828
"PCNX1",2.05064371317718
"TCIRG1",2.05025599554965
"UBN1",2.04786348833678
"TRAPPC1",2.04782537020517
"SWT1",2.0475440788077
"BBS1",2.04555762642979
"CHD4",2.04226852747021
"LINC02754",2.03705824737611
"LONRF2",2.03631908748816
"H3C2",2.03631908748816
"UCKL1-AS1",2.03622094651667
"ARG2",2.03479553712487
"NEIL1",2.03292218852222
"RARA",2.03064385728529
"RNF34",2.02742287252101
"CREBRF",2.02588027053007
"HIRIP3",2.02567133048071
"AGTPBP1",2.02518688193647
"TAPBPL",2.02391448510036
"BHLHE40-AS1",2.02331440762576
"ILRUN-AS1",2.02069080016073
"OCEL1",2.02000801946442
"WDCP",2.01770607721328
"TENT5A",2.01761500329991
"CCDC57",2.01734846747566
"GPX1",2.01390925031307
"AP5Z1",2.01319581311801
"HIGD1AP1",2.01250211878666
"ZNF426",2.00885565431515
"CCDC13",2.00852530629391
"RUNDC1",2.00638141622133
"LINC00852",2.00575929070347
"NUDT16-DT",2.00470443704867
"E2F6",2.00343598376431
"GSTM1",2.00323927277248
"NCOR2",2.0027414591558
"TMUB1",2.00244886386158
"NLRP1",2.00201487643286
"RNU6-742P",2.00056794222291
"GFPT1",1.99864429149241
"APOL4",1.99718253960626
"PLCL2",1.9954839061504
"PGLS-DT",1.99393167996165
"EOGT-DT",1.99100150760481
"SNORA66",1.98761320860558
"POM121B",1.98566950778941
"CAPN5",1.98429248925245
"SDR42E2",1.98310902252518
"MFSD6L",1.98298956336817
"EXTL3",1.98251854549361
"YIPF2",1.98132055539513
"MFSD12",1.98027982582165
"POLR2D",1.97735594029505
"KCNH1",1.97522192721064
"PKP4P1",1.97522192721064
"ACTRT3",1.97522192721064
"MOG",1.97522192721064
"TRBV7-4",1.97522192721064
"TAS2R41",1.97522192721064
"MUC17",1.97522192721064
"SAPCD2P1",1.97522192721064
"LINC03084",1.97522192721064
"LINC02552",1.97522192721064
"C10orf71",1.97522192721064
"SPX",1.97522192721064
"LRRK2-DT",1.97522192721064
"MEG9",1.97522192721064
"KCNJ12",1.97522192721064
"ZSCAN1",1.97522192721064
"PKD2L2",1.97449120510562
"PRKAG2",1.97274847713504
"ABT1",1.97270440387237
"ACOX3",1.97036901065516
"RNU6-1138P",1.97003355360447
"ASPHD1",1.96985722836332
"FIG4",1.96824249566151
"PGK1",1.9652211479548
"WDR59",1.95955446020719
"WDR17",1.95774904272677
"ASH1L",1.95621743851907
"ADAMTSL4",1.95598536406759
"TAB1",1.95494285960961
"PPTC7",1.95323535775338
"GPALPP1",1.95249016021092
"EFCAB15P",1.95223313141181
"PLAUR",1.95113442238587
"GUSB",1.95018520756495
"RAB3C",1.94773897857138
"VPS18",1.94271731348756
"MIR4469",1.93657475991709
"PSD4",1.93485277360513
"PIGV",1.93449690252984
"AP3S1",1.93407684757206
"OTUD5",1.93370433656327
"ALDOC-AS1",1.93233711634505
"EPS15L1",1.9310039552801
"GLTC1",1.93069540497525
"BIK",1.93045294510886
"ZNF318",1.9264865033325
"PAH",1.92501215747775
"BTBD7",1.91824039899225
"BSN-DT",1.91755124089932
"ACSM3",1.91655197545627
"NAPRT",1.91237036507928
"PLEKHM3",1.9120892244469
"ITM2C",1.91094647573084
"CRYL1",1.90890298666529
"CLN8-AS1",1.90795218972603
"MIR3688-1",1.90630686728772
"ARMC5",1.90519687900857
"POMK",1.90231281517941
"REELD1",1.90077975684566
"CFAP410",1.90074718525249
"TRMO",1.90074119973294
"MAP3K2",1.89806494757414
"RALGAPA1",1.89780815433682
"IL16",1.89719650402744
"SDE2",1.89704420698855
"SPECC1L",1.89592416055573
"CYTH3",1.89571765724775
"ARHGAP15-AS1",1.89301782192329
"INTS14",1.89193992877095
"ZNF586",1.89085149323468
"FBXL5",1.88942501662803
"PAN2",1.88878605954524
"CAPN15",1.88704131034244
"CAB39L",1.88668888368335
"FKTN",1.8852532627451
"ZNF81",1.88507545610952
"JSRP1",1.88467537380441
"MSR1",1.88324107091473
"SPI1",1.88218926637865
"ZNF35",1.88140801740966
"CAMKK1",1.87985514154229
"THUMPD3",1.87954916331036
"ANKRD6",1.87813813231269
"L3MBTL3",1.87806965135997
"CCDC134",1.87783107712507
"FCRLA",1.87660968163219
"SLC25A39P1",1.87660968163219
"IL1R2",1.87660968163219
"TLR6",1.87660968163219
"TENM3-AS1",1.87660968163219
"ATP10B",1.87660968163219
"VGF",1.87660968163219
"ZNF449",1.87660968163219
"SYF2P2",1.87660968163219
"PTPRO",1.87660968163219
"CDH3-AS1",1.87660968163219
"MIR6784",1.87660968163219
"LINC01315",1.87660968163219
"IMP3",1.87536708848433
"ALG1L6P",1.87285678454608
"TMF1",1.87221972315067
"TRERF1",1.87009415871027
"PFKP",1.86733394844096
"PTPN4",1.86658046388702
"DLGAP4-AS1",1.86648727271785
"MAGI2",1.86600360641656
"HPS6",1.86401402402364
"SERPINB1",1.85880633835181
"TOR1B",1.85788024307415
"GOLPH3-DT",1.85678132878171
"PRPF38A",1.85436555341655
"ZIK1",1.85327961009246
"PIGA",1.85321464338452
"ZNF674",1.85299873309147
"SEMA4F",1.85121910670378
"NFKBIE",1.85019497334152
"USP8",1.84438519411529
"YARS2",1.84366678505895
"POLR1A",1.84361563269403
"HRG-AS1",1.84347595258742
"GARS1-DT",1.84149732029136
"SYN1",1.8397313392007
"BTG2",1.83857274255997
"PLA2G15",1.83120328890023
"RAD17P2",1.83113434990185
"FARSA-AS1",1.83061352834904
"XRCC3",1.82977000509833
"MIR570",1.82827215501666
"EDRF1-AS1",1.8256636245525
"MMEL1-AS1",1.82385908522813
"HAUS7",1.82309350815227
"C3orf18",1.82233536978893
"CLEC16A",1.82110782276547
"TAF5",1.82075415609502
"SP4",1.82036771880489
"BTD",1.81749267749967
"RNF185-AS1",1.81664137931574
"LMNA",1.8162834000909
"RCC2P6",1.8158053409138
"TMX2",1.81479203726045
"ALG13",1.81378081592729
"MARCKSL1P2",1.81367341891076
"HGS",1.81135530745613
"SMIM5",1.81110987575595
"MRPL53P1",1.81008791961186
"NUDT22",1.81002390405689
"PHF20",1.80950181174757
"RNU7-133P",1.80783257295645
"DMWD",1.80620983259459
"RRP7A",1.80067068741079
"MIR3677HG",1.79989607108979
"DRAM1",1.79659075682173
"GNG2",1.79635007993145
"HYOU1-AS1",1.79619674716577
"AKR1A1",1.79241486057277
"BTBD1",1.79188905046839
"SERPINA11",1.7909079837136
"ERP44",1.788970418749
"LCP2",1.78664336145644
"BHLHE40",1.78619204771802
"DAZAP2",1.78567476385669
"SSBP3P1",1.78555965588895
"FANCM",1.78548232058019
"MAST3-AS1",1.78380197480755
"CD9",1.78048837720011
"SH3BGR",1.77883983576258
"SRSF7",1.77821329882996
"ANKIB1",1.77809724107659
"GALNT7",1.77680696056802
"PYCR2",1.77645606571618
"ZNF669",1.77074965198881
"TRAJ4",1.76923606458953
"CD274",1.76693193211438
"LLGL2",1.76643508630715
"SPTBN2",1.76545604853067
"RBAK",1.76407907515819
"KHDC1-AS1",1.76247121405751
"KANSL1",1.76081569154276
"FAM219A",1.76075076225357
"HACL1",1.76007627076536
"TPRG1-AS1",1.75552789360948
"ST13P7",1.75366318745732
"DHRS12",1.75258404755472
"PSMD2",1.7521175398552
"KCNIP1-OT1",1.7513330673833
"MT-TQ",1.75044257598457
"LRRC47",1.74986471130614
"U2AF1L4",1.74954827658009
"WDR24",1.74803305913744
"TMBIM4",1.7466878831767
"PRIM1",1.74611322088841
"SLC1A3",1.74556093667292
"ARAF",1.74539836408978
"RN7SL368P",1.74519902488714
"INTS10",1.74418748651853
"PSMC1P9",1.74267650876932
"CRTC3",1.73931914932038
"RPS17",1.7359918538528
"RWDD4P1",1.73273143444263
"FAM174C",1.72821904520266
"LINC01964",1.72733365536995
"SMS",1.72708733830357
"SLC39A8",1.726597788108
"EHD1",1.72454588193994
"TRAPPC6A",1.7239630766184
"FAM107B",1.72373870593815
"YEATS4",1.72246815351219
"TNFAIP8",1.71922202272834
"ZNF701",1.71902465021523
"MAS1",1.71590710262713
"SHARPIN",1.71306945092051
"RANGAP1",1.71263830310766
"BAK1P1",1.71166006364194
"CIMIP2A",1.71016467094235
"ZACN",1.70822474547414
"CYB561D1",1.70756774059085
"DBF4",1.70736407487654
"RANBP3",1.70574534856279
"BICRA-AS1",1.7056531361588
"CTSB",1.70501704835951
"CTRB1",1.70475235303887
"PSMA8",1.70411813640525
"C17orf75",1.70390161767151
"BCL2L11",1.70317616868944
"CIRBP",1.70060442564078
"SHOC2",1.69903306797715
"IER3",1.6974598400654
"KPNA3",1.69679073013142
"KLHDC10",1.69673681063474
"CTBP1-AS",1.69650936201897
"SETD1B",1.69522818149103
"ST13P18",1.69334401257501
"SOCS5",1.69314658524987
"HSPA9P1",1.69276443553071
"ZNF721",1.68836336638632
"ZNF551",1.68801323760217
"RNF144A",1.68714627786008
"ZNF763",1.68655948115992
"OXR1-AS1",1.68653161810975
"PCBD1",1.68489468355824
"CCDC137",1.6832046741358
"FEN1",1.68307848453631
"CPPED1",1.68216165194223
"MLXIP",1.68176071803109
"KANSL2",1.68165592184267
"TTC21B",1.6810339382143
"B9D2",1.68088735430634
"CBFA2T3",1.67859848776316
"AFF4",1.67818072318257
"ST7-AS2",1.67762640126842
"MAML3",1.67735910817672
"RPF1",1.6766582743993
"PPIF",1.67633295339053
"ZNF589",1.67349301989972
"COA4",1.67117127426595
"OR8B4",1.67071287418263
"ZNF391",1.67044072825158
"ZZEF1",1.67007647311309
"KMT2E-AS1",1.66921233472452
"NEK4",1.6687892474947
"MT-CO3",1.66850294493966
"LINC01562",1.66809538828028
"CCDC97",1.66758692684807
"PFKFB3",1.66613353074125
"CEBPB",1.66383123677172
"COQ8B",1.66351299030768
"SPATC1",1.66209252541291
"RNU7-186P",1.66209252541291
"RAB9AP4",1.66209252541291
"WDR36",1.66036199121442
"JAK2",1.65856048255783
"SND1",1.6577813802121
"RRP9",1.65529159963055
"POFUT2",1.65518049936457
"MOB3C",1.65401165815083
"RAB5C-AS1",1.65144577697018
"UBE2I",1.64812864836475
"ZNF606-AS1",1.64754431441425
"ESCO1",1.64495530357551
"PARG",1.64222146269115
"LASP1",1.6411793334187
"HELLPAR",1.64073425931076
"GEN1",1.64052778231711
"CDH3",1.64043594750936
"KREMEN1",1.63997187299543
"ELF4",1.63882383478232
"MAPK6P5",1.63802258346157
"TRAV1-2",1.63553979480293
"MRFAP1L2",1.63408545587354
"RNA5SP131",1.63211465177774
"RHCE",1.63107156917017
"HSF1",1.6301482800293
"PIGZ",1.62971818262473
"MOGS",1.62971049031284
"PMPCA",1.62859504587382
"SLC24A1",1.6282567337925
"LINC00310",1.6282096934944
"SPRYD4",1.6271080189115
"ARHGAP9",1.62555207865255
"TUBB4B",1.62339247836895
"IGLV1-36",1.62284771233506
"TM9SF4",1.62073121397537
"CPSF6",1.61881533302226
"ABCC6",1.61408230405663
"UBAP1L",1.61396577783508
"VEGFB",1.61337916316584
"UCKL1",1.60968520315589
"CCDC117",1.6069073067964
"XIAP",1.6058707908947
"INPP4A",1.6049416613944
"PHACTR4",1.60366853351127
"NGLY1",1.6035050616156
"RNA5SP260",1.60256191249855
"GNG5P3",1.60256191249855
"SLC35A2",1.60171559331555
"NELFA",1.59969636415161
"DEXI",1.59910362989342
"ZNF134",1.59774607004431
"LINC02140",1.59700507316637
"DAG1",1.59482865760159
"RNU6-29P",1.59440314186692
"NR1H2",1.59424249028812
"CCNB1IP1",1.59045120911621
"MAX",1.58711526413382
"OR5B21",1.58699824710963
"ZNF304",1.58668746432566
"EZR-AS1",1.58604348429098
"SAC3D1",1.58132983997147
"LINC00941",1.58132182781475
"LINC01418",1.58117374632794
"TRMT2B",1.58026574552456
"MDM1",1.57932665417125
"NNT",1.57903440403038
"HNRNPCL3",1.57897632804892
"CLU",1.57702992256396
"CYLD",1.57532602874344
"RRN3",1.57430763824474
"MED1",1.5714811922913
"DLL3",1.57062271494217
"SYT9-AS1",1.56915967854853
"RNU7-59P",1.56879971092867
"UTP4",1.56852416256682
"FAM193B",1.56800643931194
"POLR2K",1.5679697093444
"PCYT2",1.56693049621612
"SHLD1",1.56538736025775
"CDNF",1.56439318021555
"ZNF618",1.56426440467009
"HNRNPUL2",1.56385469989459
"CCDC174",1.56348360334983
"RPL31P49",1.5622614228097
"FADS6",1.56220687905218
"RASGEF1B",1.56093124268698
"RNASEL",1.56037184798072
"RNU6-171P",1.56021633697804
"HSD3B7",1.55799957609539
"STIM2",1.55745293676132
"EIF4HP1",1.55610017555407
"ACYP2",1.55598296443191
"LRRC36",1.5555808999468
"PPP1R14B-AS1",1.55540203091756
"NCKIPSD",1.55460425051108
"HLCS",1.55421100378968
"POU2F1",1.55408293180819
"LRRC14",1.55262765176069
"CCAR2",1.55237596241404
"L3MBTL2-AS1",1.55095040859987
"HILPDA-AS1",1.54838461999715
"SIPA1L1-AS1",1.54829512195828
"GMEB1",1.54762420220738
"HAUS8",1.54557573309172
"ABRAXAS2",1.54190907240302
"TIMM23B-AGAP6",1.5418900811498
"CDIPT",1.53989040271153
"BBLN",1.53813971961322
"MAPRE1",1.53745878464616
"ARHGAP4",1.53709452168772
"FNBP1",1.53697421905151
"WDR11-DT",1.53559239361169
"CAAP1",1.53514197147762
"DHRS1",1.53495450400477
"KDSR-DT",1.53329870757187
"LINC01409",1.53033641777507
"NOTCH2NLB",1.53010836839889
"MPST",1.52950789610819
"ACOT11",1.52905325154614
"ZNF319",1.52695514293735
"SLC6A6",1.5265839985209
"OPA3",1.52646001752647
"VPS13A",1.52605469697675
"ABCA2",1.52567864164565
"RPP38-DT",1.52407187149344
"PRPF40A",1.52183225430388
"IGHG4",1.52046794720884
"PPP4R3B",1.51961167111622
"CHST15",1.51643443617928
"GVQW3",1.5141154322788
"LINC02899",1.51403040086312
"RNF128",1.51403040086312
"MIPEP",1.51213519612004
"DNAJC19P5",1.51122094030316
"ANKRD28",1.51074800962555
"YDJC",1.51015316895124
"SLF1",1.5098302320045
"TLDC2",1.50966721527266
"HPS1-AS1",1.50965623873199
"ACIN1",1.50746157178669
"SNX17",1.50685907876081
"AFTPH",1.50684782739378
"HAUS2",1.50269203666947
"MATN1-AS1",1.50031400736814
"CLIP4",1.49936400814238
"STAG1",1.49837072990554
"PHYH",1.49792312436481
"IKBKE",1.49723227564362
"NTM",1.49448554637025
"TM7SF3",1.49426649488996
"ANKRD44",1.49400052787364
"METTL16",1.49294576987369
"FPGS",1.49272621527923
"TM6SF1",1.49209491890862
"CP",1.48871636533873
"NXT1",1.48842364998956
"LSM4",1.48791964293459
"C1QTNF7",1.48526193841795
"PPIP5K2",1.4844885095103
"ZFHX2",1.48397971266408
"CFAP73",1.48202903934737
"ANP32A",1.48052182885806
"FUOM",1.47958414779949
"RPL17P50",1.47896310270382
"PILRA",1.47834892491369
"AP2A1",1.47790958248773
"CCDC187",1.47697318920847
"PLEKHS1",1.47697318920847
"TFRC",1.47456200733599
"LRR1",1.47450339699947
"SNORD13E",1.47346870402307
"GTF3C1",1.47299376633867
"PPP1R11",1.47235864904358
"ATP6V1G2",1.47198762322027
"TECPR2",1.47092489044652
"COG2",1.46948526659825
"TSC22D2",1.4689128995553
"PPP1R15A",1.46882313010395
"BCAS2",1.46831279795477
"TNFRSF21",1.46819315204108
"FAM120B",1.46595995820621
"MTCO3P12",1.46493671800195
"LRRC37A16P",1.46156475696174
"SNORA14A",1.46037791695176
"RPP25L",1.4567187803697
"RGS10",1.45654387081175
"MT-TT",1.45526860385997
"SLIT1",1.45457586365159
"SREBF2",1.45412578249877
"PCBP2-OT1",1.45369729981779
"NIBAN2",1.45305572796838
"TBC1D4",1.45270316358339
"AHCYL2",1.44982856979534
"CDK10",1.44840963589266
"CAPN1",1.44762107704995
"GPR183",1.44693229816698
"POLL",1.4425757282124
"CARM1",1.4416389296639
"RNU6-1100P",1.44108537772197
"RNF157-AS1",1.44082057602982
"LRRC23",1.44002710171413
"SGK3",1.43925213719054
"TCERG1",1.43720310311746
"ZNF595",1.43552400364805
"GNG3",1.43544538874075
"E2F4",1.43437782918623
"ALDH16A1",1.42799554888153
"ADCY8",1.42566540826215
"XBP1",1.42516543800528
"FAM156A",1.42507558844615
"SCN3A",1.42444832290974
"ST3GAL4",1.42355006499692
"SLC35E4",1.42006108560046
"SPART",1.41965489856993
"AMPD2",1.41961893864162
"ZNF416",1.41847829750347
"PIK3R1",1.41642074519834
"PIK3CB",1.41548504295332
"PAPSS1",1.41354081966409
"ROGDI",1.41254905696183
"UBA6",1.41253282935701
"ERMARD",1.41251722479952
"ZNF22",1.41240482749424
"MCM3AP",1.41237974447324
"FRS2",1.4122536445275
"LINC00641",1.41123005962896
"FAM13B-AS1",1.41059314308868
"DAGLA",1.40857642911931
"TOE1",1.40654603668347
"USP19",1.40597347679622
"TMEM199",1.40463226109077
"ST8SIA6-AS1",1.40319759821936
"MIR4432HG",1.40222781683996
"RNU6-190P",1.40025641458699
"MED29",1.39909767678177
"TOP2B",1.39772965846189
"AP3D1",1.39682402951479
"ENO1",1.39572310002527
"L3MBTL2",1.39435287787967
"REPS1",1.39433746043258
"SEC24D",1.39319545885078
"GSKIP",1.39009847629061
"VIM-AS1",1.38792275098461
"FANCA",1.38681298404927
"SLC25A39",1.38646062660592
"SCAMP4",1.386163230489
"HSP90B2P",1.38499498851864
"HACD1",1.38440800061414
"DBR1",1.38378521155416
"AP1B1",1.38340171989673
"KIF18A",1.38322314234655
"AHI1-DT",1.38193915793457
"NAP1L2",1.37933692157944
"EGLN1",1.37555654419051
"MOB4",1.37541130531236
"TALDO1",1.37369378503827
"SRRM2",1.37206516650497
"ZFP36L2",1.37042827928847
"SNORA20",1.36924105773386
"PCF11",1.3658461355111
"PMS1",1.36516460273653
"ECPAS",1.36401188840971
"DPPA4P2",1.36391989057025
"H2AZP4",1.36391989057025
"KRT73",1.36391989057025
"KRT128P",1.36391989057025
"ATG3",1.36179237606173
"CCDC18-AS1",1.36122182736794
"SLC35B1",1.36034937611147
"NAGLU",1.35860647574589
"PEX7",1.35728766124696
"ATP6V1A",1.35651280663772
"CASTOR1",1.3556967917672
"NCLN",1.35546463311613
"HCFC1",1.3512771158658
"D2HGDH",1.34928569466247
"PRKAR1B-AS1",1.34759890840979
"LINC02593",1.34695004266996
"ZNF687",1.34678902133739
"SMC2",1.34632404712737
"MED11",1.3452457741082
"ARMCX3-AS1",1.34510265127267
"MAT2A",1.34317492165765
"ZMIZ2",1.34190357390489
"MIR193BHG",1.34183785991584
"FBXL18",1.34171287503522
"CTU2",1.33914528440783
"MLH1",1.33807132255774
"AGFG1",1.33472401669444
"MIR186",1.33435970540782
"PHC1P1",1.3329031488036
"SLC25A24",1.33236857249586
"BCKDHB",1.33120743104384
"SLC5A3",1.33075080831566
"TRPT1",1.33007285456295
"EXOC7",1.32960214925918
"MIR16-2",1.32880174807798
"ITGAV",1.32835309517519
"CMTM6",1.32683286460969
"FOXN3",1.32546272227093
"PPRC1",1.32500723058322
"KDM2A",1.32448734697069
"IGBP1-AS2",1.32442398447177
"NANOS3",1.32270222718296
"MCUR1",1.32209008619003
"LINC00511",1.32162330382686
"AHI1",1.32051115524746
"VSTM2B-DT",1.31795571405763
"AGAP10P",1.31662545489819
"MIR564",1.31607411952498
"CNN2",1.31330364037885
"TEP1",1.3132618997193
"LPAR3",1.311813712023
"RNU6-925P",1.3116460785996
"TXNRD2",1.31095292246229
"NAMA",1.30853973008479
"TRIM60P14",1.30794876102442
"MIR766",1.30794876102442
"XRCC6",1.30661844702829
"ST13P19",1.30477208693358
"PPP1R17",1.30277074995114
"BLZF1",1.29986324675795
"GBP7",1.29974617530531
"SIL1",1.29944564469409
"RAVER1",1.29935939898087
"MIR938",1.29926260763272
"ZMAT5",1.29745715480428
"UBALD1",1.29630517548243
"BABAM2",1.29458660676472
"ZBTB44",1.29405382901173
"CDC42EP4",1.29269226177468
"SPDYA",1.29249570114687
"CNST",1.29051174110449
"DUSP4",1.2900405367997
"MIR4734",1.28880789230976
"SATB1",1.28805434220194
"LRRC37A3",1.28738601974297
"BAZ1A-AS1",1.28675783939362
"CACNA2D3",1.2865383856477
"FNDC3A",1.28561137322288
"UBR7",1.2848523092492
"TNFRSF12A",1.28423034557232
"RAI1",1.28374981439464
"TAB3",1.28328955233267
"ELOVL6",1.2798993784764
"BET1L",1.27910755249979
"ACTR1B",1.27896438434754
"HSPA2-AS1",1.2786583485381
"ZNF593OS",1.27818766144064
"HSP90AB1",1.2777618107333
"GGA2",1.27630915866121
"TMEM192",1.27549142890713
"NSUN4",1.27546627898629
"CCDC91",1.27507181067192
"CDK7",1.27301681804015
"ZBTB9",1.27239204812523
"NEPRO",1.2711618222829
"EFCAB6",1.27007363989985
"ZMYM4-AS1",1.26839262061365
"COQ6",1.26805700944064
"NCBP2AS2",1.26621902204762
"BCL7C",1.26511596963196
"PANO1",1.26355147423399
"PXN-AS1",1.2602126605179
"CPTP",1.26008734927223
"GLRX2",1.25997206938058
"ZNF839",1.25980629440189
"SLC30A7",1.25939543608371
"TXNDC12",1.25782046970446
"WDSUB1",1.25664151423575
"MBTPS2",1.25581949033397
"TYRP1",1.25330327498208
"CYP19A1",1.25310630732786
"MFSD14A",1.25284051205253
"MTM1",1.25282330612928
"NUBP2",1.25208850646512
"HGD",1.25177686399191
"SLC9A5",1.25066576792672
"GFM2",1.25066437856433
"AHCTF1P1",1.25018993981325
"SARNP",1.24970734414802
"DUS4L-BCAP29",1.24923354239734
"RPS26P43",1.24919180494315
"LINC02610",1.24850649798976
"NACAD",1.24618374309982
"UNC93B1",1.24436961217393
"KCNMB3",1.24196201687154
"GLYATL1B",1.24140383379376
"CEP350",1.24133125550891
"CCDC125",1.23994437172411
"IGBP1",1.23929865354871
"LINC02765",1.2391436862226
"GHSR",1.2391436862226
"RPL30P6",1.2391436862226
"ABCG4",1.2391436862226
"ZNF239",1.2391436862226
"LIPJ",1.2391436862226
"LINC01490",1.2391436862226
"GPX2",1.2391436862226
"IGHV3OR16-15",1.2391436862226
"PVALEF",1.2391436862226
"HNF1B",1.2391436862226
"TDRD12",1.2391436862226
"LINC00113",1.2391436862226
"CKS2",1.23883923728212
"CCNG1",1.23742134574299
"TVP23B",1.23725526977814
"FTH1P7",1.23677764338968
"CCNY-AS1",1.23349291080064
"FANCG",1.23327860370587
"BRD1",1.23264060104396
"IGHA1",1.23215443129748
"ZNF213-AS1",1.23203349959248
"TRABD",1.23158996513201
"ECHDC3",1.23147419537599
"LINC03123",1.23118419055731
"FREY1",1.23118419055731
"GALR1",1.23118419055731
"RNF126",1.23040686591077
"EGOT",1.23015205071081
"HPSE",1.22962064287847
"DDX19A-DT",1.22800773652426
"LAGE3",1.22688043223885
"ZBTB20-AS1",1.22466546828816
"HEATR1",1.22159431284627
"CYB5R4",1.22157778347222
"CEP152",1.22093748066118
"SOS1",1.22090378383126
"LIN37",1.21774726737418
"HPS1",1.21622130194845
"TTC38",1.21497601244338
"SAP30-DT",1.2145991292208
"UBE2Z",1.21441007045532
"C12orf76",1.21371118124995
"CISH",1.21321281303834
"ANPEP",1.21237774152343
"MGA",1.211846654672
"FAM13B",1.21155205198761
"ATXN7L3",1.21123192310729
"LINC02916",1.21118356687179
"ALOX12",1.21082741951741
"GET4",1.20896622831766
"H2AX",1.20871540641416
"GARNL3",1.20870499841515
"NBPF10",1.20636645755857
"CMTM3",1.20622822476788
"DLEC1",1.20565337118985
"ZNF639",1.20393915942483
"AP2S1",1.20381190418324
"ZC2HC1C",1.20274702000493
"KMT2D",1.20091569747531
"RWDD3-DT",1.20063898887884
"MIR205HG",1.20063898887884
"GALNT13",1.20063898887884
"LINC00518",1.20063898887884
"ANLN",1.20063898887884
"RNU6-156P",1.20063898887884
"ANKRD18A",1.20063898887884
"NUP188",1.19985364587784
"PPP6R2",1.1989797693256
"KLF5",1.19880983435784
"OXSM",1.19600806226942
"NBN",1.19508617201276
"CSRNP1",1.19452584884174
"ITGAX",1.19417361523469
"ASCC1",1.19407943226996
"SLC35A5",1.19369383692525
"NUP210",1.19234538492647
"NEAT1",1.19192742379733
"ZMYND11",1.19162367979889
"ZNF527",1.19063698141253
"CARMIL2",1.18786616790153
"LINC01189",1.18763102124819
"MAP3K4-AS1",1.18679747755395
"KIF20B",1.18628628977418
"GDPD1",1.18587374973533
"SPTY2D1",1.18542581574111
"MIR4742",1.18504026759244
"LILRB2",1.18504026759244
"CNIH1",1.18468763609316
"DNAJB6",1.18286338200337
"SLC4A2",1.18230681157956
"SHQ1",1.18164951468667
"OGFRP1",1.18148852133169
"PTAR1",1.18115438602439
"ADAM22",1.18028439170274
"FAM131A",1.18023012145227
"ERBB4",1.17999327900317
"DPPA4",1.17954618071049
"AMANZI",1.17946267719616
"HDDC3",1.17820101955255
"MCM5",1.1778080460248
"INTS1",1.17691697302997
"YEATS2",1.176879670106
"LINC01115",1.17574055058675
"RSPH4A",1.173038374949
"RPL36AP30",1.17276408294817
"ASXL2",1.1718442510264
"SLC39A3",1.17152978894825
"UXT-AS1",1.17112965366664
"TARS1",1.17071227283538
"ZDHHC4",1.16854103006784
"LSMEM2",1.16748601118918
"ENO1-AS1",1.16718369159389
"RAB11FIP3",1.16630551896965
"JAGN1",1.16628891628875
"CACNA1A",1.165296114534
"TBPL1",1.1646850246118
"DLAT",1.16397610239124
"ODR4",1.16100241661542
"C5AR2",1.16072809903143
"CHERP",1.15981369513388
"CCNH",1.15946706175624
"PRH2",1.15913678928091
"SLC27A3",1.15574143250397
"HMGB1P21",1.15569125323553
"FBXL17",1.15306332223501
"VRK3",1.14893136921533
"SLC30A1",1.14829263654279
"ST14",1.14781324054111
"NSFL1C",1.14507868215079
"RABGAP1",1.14503024458636
"SIAH2",1.14372467860742
"KCP",1.14324337701297
"ZNF224",1.14287326176512
"ATP6V1F",1.14158602557296
"MIB2",1.14144014423077
"USP3-AS1",1.14037055580987
"H2AC21",1.13949587614349
"CSPG4P11",1.13883347693472
"SPIN3",1.13874345506433
"SLC30A5",1.13839011561523
"LCMT2",1.13824900240227
"ARMC7",1.13592936315035
"MPND",1.13527608480733
"EMC8",1.13525673841194
"GTF2H1",1.13310622727212
"MYCBP",1.13280062783196
"PLXNB3-AS1",1.13277686652163
"CEP170",1.13260791365531
"ST8SIA4",1.13225584388922
"AARS1",1.13220832791493
"HOMER3-AS1",1.13192240956781
"ABI1",1.13121197502083
"SMARCC2",1.12986066114374
"CCDC183-AS1",1.12964774124552
"RPF2",1.12577251193038
"C7orf50",1.12446981136857
"DIAPH2-AS1",1.12388020906663
"SMARCAD1",1.12363018203355
"HDAC4",1.12353039034905
"SLC22A24",1.1231577408808
"PPP1R12C",1.12103217706775
"RCOR3",1.12100481286095
"NFE2L2",1.12062737184457
"CDK17",1.11871541222154
"MMP25",1.11825732913896
"DUSP2",1.11805649358088
"PLCL2-AS1",1.11610940427992
"SMIM2-AS1",1.11542174802162
"MGAT4C",1.11487139003336
"IL6ST-DT",1.11296077173693
"HMGN4",1.11090362966081
"BAG4",1.11032274821672
"PCDHGB7",1.11026134062788
"ZWILCH",1.1096308901977
"PSME4",1.10825606002559
"FHL3",1.10815847858867
"HYPK",1.10616365898496
"FAM227B",1.10576863371621
"MRPS22",1.10563716759164
"WDR12",1.1040243083956
"YARS1",1.1034410638289
"BBS5",1.10339313520759
"HSPA8",1.10075953977658
"HSP90AA3P",1.1007396167064
"RNPC3-DT",1.10061373657071
"TTLL10",1.09972415283493
"RNF185",1.09921298758357
"IFIH1",1.09685800746691
"RN7SL619P",1.09658735400056
"LINC01431",1.09574891557584
"GRAPL-AS1",1.09315235523614
"TANK",1.09299523116136
"FBXO6",1.09230074197391
"SRSF8",1.09041944323758
"ST13P4",1.09011819461857
"MYCBP2",1.08987122342336
"NAPA-AS1",1.08848089982656
"AHNAK",1.08813211562049
"MRRF",1.08715164967078
"RBM7P1",1.08536047870966
"NINJ1",1.08526017742435
"SLC25A1",1.08421795582655
"NMNAT3",1.08397177404386
"ENDOU",1.08375763110506
"RNA5SP477",1.08375763110506
"UBAP1",1.08174729362658
"RNF146",1.0811352225352
"NAIF1",1.08111810982707
"RNF20",1.08071098288174
"LINC01031",1.07977410317284
"SAFB2",1.07976690009414
"P2RY14",1.07842627001651
"ZNF785",1.07722448159165
"IFT80",1.07702358545108
"HSP90AA1",1.07666947979257
"NAGA",1.07588479766795
"TMEM208",1.07558600841297
"ANKRD27",1.07294363293587
"TAGAP-AS1",1.07271559891848
"CRB1",1.07200591019825
"MEMO1P1",1.07022582983418
"CDADC1",1.06989334263172
"PAOX",1.06970687767567
"PRKACB-DT",1.06952541329148
"TRMT61B",1.06927748962068
"KIF2A",1.06854733274376
"LINC00243",1.06828941482882
"QSER1",1.06807339598517
"ASB7",1.06769190116978
"RABGGTA",1.06754309812122
"FLVCR2-AS1",1.06718241439473
"IMPDH2",1.06697599337738
"ADAR",1.06579401042847
"CNTD1",1.06557956440229
"MIR324",1.06483073333514
"CAMK2B",1.06476708662503
"FAM9CP1",1.06451611727385
"ST13P6",1.06433226184223
"SDCBPP2",1.06424191823146
"TMCC1-DT",1.06256688381679
"GTF2IP13",1.06233736651942
"SAMD4B",1.06176611317153
"UBE2D4",1.06073913455791
"FIRRE",1.06042460192769
"FUNDC2",1.06017355348026
"PABIR3",1.05977556587503
"NPLOC4",1.05939157553805
"MRPL49",1.05927692402664
"METRN",1.05872375147469
"TOX4P1",1.05659176575329
"PLEKHB2",1.05567023826427
"MTG1",1.05165393503124
"ST7",1.05052846627097
"LINC02674",1.04854102825733
"UBA1",1.04802106781512
"CYSRT1",1.04786135628015
"MIR7106",1.04786135628015
"FNDC10",1.04710594582106
"GAPVD1",1.04622381267223
"ZNF726",1.04609217573491
"SNAPC5",1.04568165619911
"NBPF26",1.04537746490488
"RDH10-AS1",1.04477310843419
"HNRNPA3P9",1.04404478952881
"IGLC2",1.04294051774304
"MRPL20-DT",1.04020877521026
"FOXP3",1.03981675967829
"NIPA2",1.03933890831465
"RDH10",1.03891014757322
"ACTL6B",1.03807616055336
"SLC25A16",1.03788361836642
"EXOSC10",1.03773297034272
"NARS1",1.03665562380954
"FARSA",1.03610911347555
"POLG",1.03603126599925
"ZC3HAV1L",1.03501811934604
"SUCO",1.03401866867748
"PPM1B",1.03248205742104
"EIF5A",1.02954427395426
"IRF3",1.02900076305963
"HS6ST1P1",1.02838499888086
"ZNF776",1.02618285258683
"CLP1",1.02609056476603
"CAD",1.02543385185585
"TPM3P8",1.02507123885359
"ERN1",1.02495750220847
"SLC51A",1.02487869257362
"SMIM30",1.02391200801919
"DNAJC4",1.02280495771696
"OPA1",1.0226772687715
"GSDMB",1.01819353939774
"TMEM181",1.01800220994489
"SLC39A11",1.01796084181769
"AP3B1",1.01728841745303
"LINC00334",1.01633004547613
"ERO1B",1.01600955013805
"SH2B1",1.01543479529059
"CXXC1",1.01341612159508
"RAB33A",1.01315708531955
"TSNAX",1.0128618758848
"FLCN",1.01200581554479
"RAB10",1.01017817203929
"NCBP1",1.00953778079694
"NRG2",1.00598617820644
"RN7SKP219",1.00598617820644
"TMEM64",1.0058822141574
"RNU6-856P",1.00564859363458
"SKI",1.00529440261831
"RFPL1S",1.00510819110792
"TINCR",1.00481202955462
"ADAMTSL4-AS1",1.00467538423616
"SLX1B-SULT1A4",1.00226996094335
"TFAM",1.00123323694608
"C1orf56",1.0008974001945
"STRIP1",0.996442475382595
"LDB1",0.995683014540067
"SUCLA2-AS1",0.994878810987784
"EFCAB2",0.994715093133819
"SPIB",0.994421510024107
"ERCC8",0.994276672914404
"GIT2",0.993719814370774
"ZNF503-AS2",0.992957456646255
"LINC01252",0.992523199544356
"ATXN2-AS",0.990982442348173
"TSEN15",0.990443944226626
"PPP1R26",0.990120916543375
"LINC01297",0.989410135867911
"ROBO3",0.986696824615363
"CLASRP",0.986392974098635
"GALNT11",0.985982781901741
"SPNS1",0.985353738246468
"TOMM70",0.985117018814827
"SERINC2",0.984843645595227
"M6PR",0.984789296354953
"CDK13",0.983978931358959
"SLC49A3",0.983888468933019
"NEFL",0.983879914079442
"PRELID2",0.982519386299891
"GNAO1-DT",0.982408300245273
"LINC01237",0.982399547680235
"ARAP1-AS1",0.982085923812857
"TGFBR1",0.981966118809086
"AREL1",0.981677321546004
"SEMA3F-AS1",0.980295186899195
"RPS7P4",0.979715946542757
"CD70",0.977366900903606
"SLC25A11",0.974921229187256
"ARRDC2",0.974533788063674
"TXLNB",0.973906004330954
"NUDT1",0.973546830939386
"SUPT3H",0.973193665519217
"PCDHA5",0.973148618589763
"MT-TW",0.972541138880597
"MT-TA",0.971975525872763
"HLA-C",0.971593706087307
"RALY",0.970399739998787
"ARMCX3",0.969273776150251
"RNU4-40P",0.968571511977026
"PDS5A",0.967178720724973
"ABCB8",0.964377856424328
"KBTBD3",0.96420541103684
"TPMT",0.963156681237008
"MAN2A1",0.96291179711101
"COPE",0.959844132565193
"NPIPA2",0.959165193737957
"SIK3",0.959112852937143
"LPIN1",0.958555676319582
"DMAC2",0.958551134201846
"RPS3AP49",0.957796549913729
"OR4F29",0.957671509693091
"ADPRH",0.956798122375548
"SLC36A4",0.955893100918952
"DZIP3",0.9549949748028
"AP2M1",0.954737764415583
"AAMP",0.953968293206856
"IL12A-AS1",0.95386537530594
"KCNMA1",0.952774785778778
"PAXIP1",0.952294365597981
"VHL",0.951989708630884
"GMPSP1",0.951810641614337
"FBXW5",0.951477268563359
"ZNF430",0.95077078344988
"MAF1",0.948991006869672
"SUMF1",0.946151330931434
"TAMM41",0.945682498491525
"CD7",0.945024058357641
"TTC32",0.944264425011514
"MIR616",0.943973864699744
"RELA",0.943254500759214
"MTHFD2",0.941652315740775
"DNAJC13",0.940134991814636
"PLCG2",0.939641186433948
"CDCA8",0.939401639349236
"COP1",0.939083711519176
"KTN1-AS1",0.938180291254947
"PSMC1P5",0.938111311860636
"CTBP1",0.938087839427888
"SF3A1",0.936928127473997
"IPPK",0.934396015506653
"RPS15P5",0.933540931105176
"ZNF780B",0.932566945261414
"RAB35",0.930788800836786
"DYNC1I1",0.930693545302353
"ZNF445",0.928629636524346
"SPAG7",0.927318683068344
"RNF139",0.927310449716023
"ADAM12",0.927022498906712
"SNX32",0.92685245668195
"MED20",0.926068725223166
"RBM10",0.925749602173557
"RIC1",0.923755647578194
"TLK2P2",0.923151881426706
"ZNF408",0.919786221566762
"ARHGEF9",0.91872768679864
"SCYL3",0.917670908687695
"SPATA2L",0.917618391995933
"RGL2",0.916701043914599
"ARL2BPP10",0.916528677766896
"FKBP15",0.915295877132688
"EFCAB14",0.914418863955555
"GOSR1",0.913320109093861
"AVPI1",0.912866480458596
"GID8",0.912279553802193
"KATNB1",0.911733616226586
"SMARCA2-AS1",0.911707318724897
"GALNT7-DT",0.911194507471023
"ZMPSTE24",0.910840020944425
"BTG1",0.909180953572323
"XRCC6P2",0.907709286910963
"SPDYE7P",0.906513284072854
"TMEM259",0.905937232020528
"GINS4",0.905907464789184
"FASTK",0.905825257845185
"INPP5J",0.905456378164878
"PAQR9",0.904136108635874
"UBE2S",0.903461557430223
"CNTROB",0.903366088137553
"CDC42SE2",0.902256870564216
"MIR155HG",0.901772136594811
"FAM193A",0.90021488023947
"NRBF2",0.899936995787541
"RNPS1",0.899895486848561
"PDE7A-DT",0.897826031022223
"NR4A2",0.895223300739926
"ZNF267",0.895108659849564
"RN7SKP70",0.894252869702984
"CD276",0.893750984547562
"RPS21P4",0.893735803696951
"VASP",0.893384918301838
"ATG16L2",0.891025088502776
"RPP38",0.890721761991377
"ADARB1",0.890450767861975
"UBR4",0.890375654682243
"DUS3L",0.888757933314595
"MED28-DT",0.88728812234143
"PFDN6",0.88649128630641
"ZDHHC8",0.885883393182738
"CRYBG1",0.885223144732546
"RPL5P30",0.884708577540375
"RFNG",0.884400374438757
"CYLD-AS2",0.884130124299593
"SMAD2",0.88387490727957
"BCL7B",0.883743016951754
"MT1F",0.882203946328571
"PLGRKT",0.882170435353623
"YJU2B",0.88199228154466
"EIF4G3",0.87960137645453
"TTC39C",0.879399941886212
"NUP50",0.878377784584384
"ESRRA",0.87799100207642
"HSPE1P27",0.877772533667338
"RPL27AP5",0.877310769998852
"RPL12P2",0.877310769998852
"PAPOLB",0.877310769998852
"CKLF-CMTM1",0.877310769998852
"ELOF1",0.875643928901577
"VTI1A",0.874959471930201
"RBM27",0.872887851591672
"TEX264",0.872882724099947
"MKNK2",0.87236366915905
"TRMT61A",0.871502008237137
"POC5",0.871124862340973
"WARS2",0.870458359593051
"TGIF2",0.87010935973976
"LENG1",0.869393238610642
"MILR1",0.86681413065687
"TLE3",0.866205149847993
"ENDOV",0.865780961448001
"SOX15",0.865640442482151
"MOBP",0.865554728979302
"INTS6",0.865433702765398
"RNU6-387P",0.864877365468964
"AMN",0.862919785954725
"TRPC4AP",0.862838980797548
"NAA60",0.861511961251433
"NPM1P20",0.861460317954675
"SCAND3",0.860594212549041
"IRF7",0.859571968882463
"PRICKLE3",0.857605505245695
"DNAJC27-AS1",0.85660462082158
"ARID5A",0.856593902353522
"AP1M1",0.855382914135511
"BTAF1",0.855325508821048
"TOM1",0.855027906050121
"NOD2",0.854382722958274
"DDX19B",0.854200963324732
"RPL10P9",0.85404660442452
"IL2RA",0.854002529721341
"RBMX",0.852392859192702
"ADAMTSL4-AS2",0.850667889427934
"SREBF2-AS1",0.850483154157035
"MUC16",0.850447323875672
"HNRNPA1P4",0.849723850130685
"EGR3",0.848587131652551
"OR7K1P",0.848136292454779
"IL4I1",0.847955433874947
"MRPL1",0.847687445239491
"DCAF5",0.846190144495596
"SEPTIN9",0.845931761483682
"ABHD14A",0.8427147602649
"RAD51C",0.842512854101912
"EFCAB10",0.842490238323148
"MID1IP1-AS1",0.840103912938798
"ZNF22-AS1",0.83968633346759
"HNRNPA1P1",0.839164373434766
"GAPDHP44",0.839164373434766
"CDK9",0.838266219187036
"ATG2B",0.837566284368806
"ARHGEF5",0.837390325117316
"FBXO42",0.836486020689893
"RN7SL34P",0.835261069968035
"PLK3",0.834785509780065
"RAMAC",0.833399977542972
"CREB3L2",0.833150053227383
"ATP9B",0.83121231646916
"ITPR2",0.830565930049704
"TBCE",0.82779867094681
"MPDU1-AS1",0.827424106805843
"PGAM5",0.826694764452349
"CEPT1",0.825026865211556
"TAGLN2P1",0.82465590539236
"OIP5-AS1",0.824554188655732
"PRDM2",0.824504227978948
"RELL2",0.82341509254009
"BRD9",0.822154865865051
"SNORD3C",0.821372125430846
"RNU5A-1",0.820505571317781
"PPIAP47",0.820217641190558
"BAIAP2",0.819932188413648
"ZNF649",0.819609585467075
"AMZ2",0.819585777466132
"INO80D-AS1",0.819073360174393
"ZNF766",0.81813134069623
"FAM168A",0.817926833144942
"GCNT7",0.81779610379077
"LCN10",0.816603869828471
"ACSF3",0.81461873212127
"RERE-AS1",0.813635965677766
"MICOS10",0.8117308151313
"TIMM17B",0.81169039123935
"HERC1",0.811535849850541
"TCP11L1",0.811466464667176
"PTPA",0.811379065493787
"DHX35",0.811104011337268
"GPSM3",0.810835192163266
"STAB1",0.810558880538322
"RPL34P16",0.810424512335266
"BANF1",0.809725940813113
"ZNF326",0.809564178508703
"COA8",0.808308956418693
"VPS8",0.808078115733432
"MRPS18A",0.807172177098275
"CLCN7",0.807005080061813
"RN7SL277P",0.806940393582782
"CCNA2",0.806670406649992
"ZNF471",0.806191029039897
"CSGALNACT2",0.80542817803806
"CHMP4B",0.803711492381328
"SH3GLB2",0.803216897252772
"LINC02166",0.802993078739517
"RNF44",0.802166845852746
"CCDC13-AS2",0.802138108221213
"RBM28",0.799810703427385
"BEAN1",0.797735233159194
"GPR82",0.797564496176885
"THAP11",0.794790332739079
"KLHDC3",0.794319986884343
"SP140L",0.794045866430355
"N6AMT1",0.793882658122231
"PPP4C",0.793214333463299
"CICP16",0.792975554776562
"RNU6-118P",0.792092754572694
"FAM133FP",0.791682367183195
"MBD1",0.791350382332472
"NAALADL1",0.790735822544704
"PHC1",0.789590675587473
"HK1",0.787753785252427
"COA1P1",0.787245469238208
"LIMD1-AS1",0.786785932160903
"CCRL2",0.786254342978971
"PSME2P3",0.78546619186946
"TOMM40",0.784199657429067
"MARK2P18",0.78379843007012
"NFKBIL1",0.783501923326952
"MRPL30",0.783425120978127
"ARSA",0.783304846016747
"SMC4",0.782680033914
"COG1",0.782141572542748
"DUSP6",0.782074958704971
"LIPE",0.781208982302294
"RPL24P6",0.780267672489522
"FPASL",0.779615406092035
"ZNF329",0.779612134821935
"SLC35A4",0.779087633383265
"DEDD",0.777993574210022
"FAM210CP",0.777989603267353
"LAMB3",0.777646038411358
"TICAM2",0.777479587520392
"LMO7-AS1",0.777433237603001
"NLRC3",0.776955362999464
"SNX31",0.775935000401852
"OR5AU1",0.775665127177239
"RNF103",0.775360860992024
"RANBP10",0.774728056093819
"ZNF195",0.774661081500023
"TOMM34",0.774223119387407
"PPM1A",0.774211725455192
"MAP3K5-AS2",0.773733446157303
"CSRNP2",0.772138906226472
"IGFLR1",0.768521049446485
"NRDE2",0.768360595870882
"B4GALT3",0.76818593886962
"SRA1",0.767482211684311
"ZMAT3",0.76643023377176
"ECT2L",0.766187554411955
"ELAVL1",0.765981138075928
"IMPDH1",0.765765471408423
"PTRHD1",0.765416424988615
"NUDT3",0.764960311848978
"SMARCA2",0.763543744244933
"OGG1",0.76265130492981
"PSMD13",0.761915116869333
"REXO5",0.761872214263121
"USPL1",0.7608764762389
"MRPS18B",0.759666800247159
"TTLL12",0.759407694296048
"FOXO4",0.759088465791161
"JUN-DT",0.758473530682856
"BLNK",0.758406070191539
"CWC25",0.758323836475344
"FAIM",0.75828257972637
"CERT1",0.757228182881432
"TMCC2",0.756723067504458
"PAPPA2",0.756643909563314
"CNGA3",0.756643909563314
"SLC2A3",0.755332836407797
"DRC3",0.754960449879915
"INAFM2",0.754429345518508
"HELZ-AS1",0.752847006704854
"RNF149",0.752714518383613
"SPATA2",0.752335101260878
"IGHV3-16",0.752017919010772
"KRT18P7",0.751756373660271
"RPN1",0.751234821653146
"NFAT5",0.750935159797882
"SLC3A1",0.750063924096193
"SPECC1",0.749890900012702
"HSD11B2",0.749813534575933
"GSE1",0.749224645449051
"CCDC181",0.7489375928198
"LINC00662",0.748313474922639
"MST1P2",0.748060128908997
"MTFP1",0.747797746026371
"OR1J2",0.747331017829469
"GZMM",0.746352316255136
"PGAM4",0.745628760182028
"FTH1P12",0.744449504265163
"HNRNPA1P51",0.744195619174001
"AFF4-DT",0.743362901033128
"CCL3-AS1",0.743323273086267
"RNU6-469P",0.742435139043877
"RNU7-3P",0.742435139043877
"SNORD59A",0.742435139043877
"AZIN1",0.741554616871966
"ZFPM2-AS1",0.740857644570631
"SNRNP200",0.740827855642971
"MAPRE3",0.7400900613135
"ZFYVE27",0.739872393686838
"RAPGEF2",0.739857023541845
"BSDC1",0.739758641919984
"YY1AP1",0.739698758676883
"CITED2",0.73836985378965
"RPS3P3",0.738268748752141
"ZNHIT3",0.738022949559335
"PRCC",0.737229572099749
"STIP1",0.736885813598248
"ATG9B",0.73637354747587
"NDUFAF8",0.734026506425436
"USP20",0.732683439895673
"GABARAP",0.731377624638404
"EMC1",0.73131700849246
"SERPINE2",0.731230650046794
"TCP1P3",0.729776070267534
"TBRG4",0.728617896373232
"LRRC8D",0.728040891495853
"HMGN1",0.726663945331108
"NUDT6",0.72538615459418
"TEX15",0.725059427941635
"STRN",0.723110168719296
"HECTD2",0.722826885246115
"BLVRA",0.722813685856423
"GMPPA",0.722804366075904
"NIPSNAP3A",0.722200294770618
"HSP90AA2P",0.720961407437301
"ZNF71",0.720037151816621
"DCTN6-DT",0.719938613097321
"RBM3",0.718350401997266
"CNPPD1",0.718203916522901
"KPNA5",0.714718011432522
"MDC1",0.71462448164502
"NXF1",0.713389007270822
"LYNX1",0.712668282865546
"ITGA4",0.712587925110362
"ZSWIM7",0.710598576364484
"DEF8",0.710436900450685
"DNAI4",0.709025802695607
"VPS13B-DT",0.708836496767454
"FOSL2",0.708747984382429
"CYBC1",0.708005720436823
"TAC4",0.707425970049755
"ATP5MF",0.707209997654183
"SURF4",0.706798598106959
"IL10RB-DT",0.706080662445274
"KIF22",0.70551600508197
"LINC01277",0.704436116919942
"CLIC1P1",0.703765340689853
"MED6",0.703505653419586
"NUP93",0.702743302883549
"RNU6-288P",0.702389566704811
"BASP1",0.702030677364171
"TMEM14EP",0.70193169250302
"BIN2P1",0.70193169250302
"PIAS2",0.70095957586055
"SMARCA5-AS1",0.700101829766626
"RNU4ATAC",0.699866245995105
"IFNAR2",0.699481841600814
"RGS14",0.698916067490891
"ISG20L2",0.698265849825401
"SIRPAP1",0.697208473138542
"RAD1",0.696182435273752
"SNHG11",0.693945749386613
"FBL",0.692640684229582
"METTL14",0.692380663308533
"CCDC14",0.692359620421319
"FAM229B",0.69203932467701
"ZNF460",0.691534682463939
"ARMC8",0.691474837732112
"PDIA3P2",0.690469799086414
"NSD2",0.689600293342257
"BEX4",0.689438442146254
"IER3-AS1",0.688782776650265
"MEX3B",0.687871475316828
"PIK3R4",0.686299732413964
"SPACA6",0.686178938390115
"SZT2",0.685788815031815
"MIR4439",0.684404381044216
"GPR78",0.684404381044216
"REEP4",0.684303745170453
"RNU7-41P",0.68327054278138
"ZSWIM8-AS1",0.682931750382144
"TCAP",0.682764488106706
"YTHDF1",0.682156086563339
"CDK2AP2",0.681736350624432
"MIR3143",0.681216456385443
"ADAM7-AS2",0.681216456385443
"ZNF786",0.680810045887854
"NUTM2A-AS1",0.680502437372818
"KNTC1",0.680170392889783
"C1QC",0.679744427975179
"RPS19BP1",0.67973777455035
"LYPLA1",0.6794986785454
"LINC02694",0.67915886489497
"BPIFB9P",0.67915886489497
"CLCN6",0.679114391192675
"NOC2LP2",0.678275726897041
"RN7SL648P",0.678275726897041
"TLL2",0.678275726897041
"AIFM1P1",0.678275726897041
"SZRD1",0.677397622810911
"PTK2B",0.677349365362217
"RTN3",0.676663890718797
"CR1L",0.675986934399841
"ZNF888",0.675895970532319
"SNIP1",0.675650766410306
"HGSNAT",0.675160284601199
"ASB6",0.67451815439634
"PLCG1-AS1",0.673576934738716
"NIPSNAP3B",0.672732960498462
"ALKBH3",0.67244835314061
"CHCHD2P9",0.672430509181539
"TRIM24",0.672413899316529
"HNRNPKP2",0.672320176677543
"TBC1D10B",0.671983446907461
"TUT4",0.671314707905382
"FAM227A",0.669736155866927
"PREPL",0.668913518650469
"LINC02803",0.668704912985373
"ATMIN",0.667986590336508
"SRI",0.667808259284022
"MYLIP",0.667693250832269
"ZNF740",0.667105327117705
"BDH2",0.666825661485444
"EMC10",0.666777762360435
"MIP",0.666525363997314
"WIPI1",0.666101817594257
"UBQLN4P1",0.665988258929624
"C5orf60",0.665800142518118
"GPS2P1",0.66504351976136
"ZSCAN5C",0.66470792522878
"SIPA1L1",0.664650757906053
"ACADVL",0.663920166190185
"MVP-DT",0.66304027589001
"EIF4G1",0.662646971525181
"NPEPL1",0.661781477342466
"YIF1A",0.661707816080464
"RPL8P3",0.661555125757749
"PACRG",0.661550619890846
"ATG14",0.660759100255499
"SYNJ2",0.66063049775949
"RNU6-1153P",0.660597461691069
"PIH1D2",0.660168496659409
"ZNF770",0.659993361792015
"STAT1",0.659968960411452
"OXCT1-AS1",0.659931026370438
"FANCI",0.659818932967248
"PIP4K2C",0.659655484962161
"MED23",0.658887338976818
"ZNF433-AS1",0.658835786460282
"CDC42",0.658829647729012
"TUBD1",0.658723990619207
"FES",0.658723645132719
"IPO7",0.657541120811235
"MIR29A",0.657197273447923
"RLN1",0.657197273447923
"SLC35F4",0.657197273447923
"HNRNPLP2",0.656712384163993
"NEDD1",0.655745295205483
"AGAP6",0.655526930613438
"CCNDBP1",0.654646253749735
"LIPE-AS1",0.654560490342643
"COPA",0.654331408524842
"AP3M1",0.653685080206073
"ZMAT2",0.653441147333002
"LRRC3",0.653231358856798
"RNU6-866P",0.651856430957591
"PPP2R5CP",0.651198555832362
"DIMT1",0.64863479917972
"AP4B1",0.64849005577037
"SNORD15A",0.647531912209102
"TBL1X",0.64743300179931
"LINC01090",0.64644534865628
"IWS1",0.645884871958744
"UHMK1",0.64577549985669
"GASK1A",0.645752397436167
"CCDC92B",0.645664787344719
"EGR2",0.645482018456547
"CLEC1B",0.645277788506499
"GYPC",0.645137679318317
"TFE3",0.64485734535375
"ACTR5",0.644253068473463
"USP11",0.643719076328626
"HNRNPA0",0.642397640056396
"CLK1",0.642043833556912
"DTX2P1",0.64156454972585
"PMS2P11",0.64156454972585
"PYHIN1",0.640252290444134
"FANCD2",0.640067771670236
"BANF1P3",0.639223466195731
"MCOLN1",0.639154985685015
"UQCRFS1P1",0.637610839889726
"MUS81",0.636857115761209
"SYNGR2",0.636408912819793
"PHRF1",0.636184655817419
"GK-AS1",0.636060780929981
"TMEM240",0.634653754072066
"GAB2",0.634641442482508
"KRT3",0.633952491557218
"UMPS",0.632758949220285
"SLC26A5",0.632586047707611
"ZNF667-AS1",0.632456713960574
"RCC2-AS1",0.632398328342169
"B3GALT5-AS1",0.632174986304894
"WAC-AS1",0.632098885506446
"ZNF562",0.631547939819185
"ACSBG1",0.631336681715583
"CRYZ",0.630468108061684
"TRIM6",0.630410987536694
"LINC01387",0.630076298513407
"SLC5A2",0.629560769776022
"LINC02788",0.628966759453023
"FAM43B",0.628966759453023
"MTND5P19",0.628966759453023
"MRPL57P1",0.628966759453023
"C2CD4D",0.628966759453023
"LINC01672",0.628966759453023
"LINC01736",0.628966759453023
"REG1B",0.628966759453023
"C2orf80",0.628966759453023
"IFT70A",0.628966759453023
"LINC01104",0.628966759453023
"UBE2CP3",0.628966759453023
"SLC25A5P6",0.628966759453023
"HSP90AA6P",0.628966759453023
"LINC02484",0.628966759453023
"FHIP1A-DT",0.628966759453023
"PCDHA9",0.628966759453023
"LIX1",0.628966759453023
"LINC01863",0.628966759453023
"TRIM10",0.628966759453023
"LRFN2",0.628966759453023
"POU6F2",0.628966759453023
"MIR590",0.628966759453023
"GRIFIN",0.628966759453023
"PWWP4",0.628966759453023
"CDCA2",0.628966759453023
"LINC00589",0.628966759453023
"LINC00968",0.628966759453023
"RNF224",0.628966759453023
"MUC5AC",0.628966759453023
"OR56B1",0.628966759453023
"KCNJ11",0.628966759453023
"OR4C10P",0.628966759453023
"RPSAP50",0.628966759453023
"HABP2",0.628966759453023
"RPEL1",0.628966759453023
"SORCS3",0.628966759453023
"LINC02669",0.628966759453023
"LHX5",0.628966759453023
"OVCH1-AS1",0.628966759453023
"LINC02457",0.628966759453023
"LINC02369",0.628966759453023
"RNA5SP384",0.628966759453023
"LINC02318",0.628966759453023
"LINC01584",0.628966759453023
"LINC02858",0.628966759453023
"KCNG2",0.628966759453023
"CTCFL",0.628966759453023
"LINC01522",0.628966759453023
"ZNF209P",0.628966759453023
"FPR2",0.628966759453023
"LINC00661",0.628966759453023
"CYP2T3P",0.628966759453023
"IGLC6",0.628966759453023
"DCTN4",0.628877761408058
"CUL3",0.627853709994724
"RASGEF1C",0.626226151549468
"GLYR1",0.625645936574825
"CPEB1",0.62545978921585
"PCDHA10",0.625043925160178
"PLAAT3",0.624555657403607
"UBE2Q1-AS1",0.624528704433537
"BUB3",0.624101763097443
"DHX57",0.624052881910691
"MIR5687",0.623527813289744
"NUP214",0.623187813338777
"AKAP8",0.622634873998626
"CDC42SE1",0.622607914780494
"ARF6",0.622559026133688
"ANKRD23",0.621881214225435
"POR",0.621634481251555
"MFSD11",0.621546422404692
"ZDHHC13",0.620945290212437
"TXNL4A",0.620319018130301
"KRBA2",0.620273736993797
"LINC01673",0.620079378004574
"DDX20",0.6200734294111
"RPL17P7",0.619958898829115
"FTH1P11",0.618325976579952
"VPS13D",0.618308351842709
"DMXL1",0.616992596218221
"HSPA1A",0.61643171418383
"STK32C",0.615433021325924
"ADM5",0.614995325420972
"TTC36-AS1",0.614619969501553
"MGAT5B",0.613376692995271
"PTBP1",0.61322829240763
"LSR",0.612929941493085
"ZFAND2B",0.612848011020305
"GCSH",0.612678385829982
"SNU13",0.612029074081133
"SIK2",0.612015822638474
"RRM2B",0.611554816429992
"UBA7",0.611454903655938
"PSEN2",0.611250980518221
"PPOX",0.610974642237299
"TRIM73",0.610921778431969
"TASOR2",0.610205025543152
"ZNF568",0.609010835711457
"DLK2",0.608861083885332
"MIF4GD-DT",0.608409495558117
"EFCAB14-AS1",0.608221018073096
"MRPL28",0.60814578026375
"B3GNT4",0.607789822627326
"ITPKB",0.607332174466
"OAZ1",0.606944025733002
"MTMR14",0.606925692067845
"SLC25A47",0.606558167512402
"ATP6V1B1-AS1",0.606346092309238
"ROPN1B",0.606346092309238
"RN7SKP237",0.606346092309238
"PCDHGB1",0.606346092309238
"CCNJL",0.606346092309238
"TFAP2A",0.606346092309238
"TFEC",0.606346092309238
"LGI3",0.606346092309238
"KBTBD11",0.606346092309238
"LINC00327",0.606346092309238
"CADM4",0.606346092309238
"ZNRF3-IT1",0.606346092309238
"RFKP4",0.606346092309238
"ZNF883",0.605998336735674
"TDP2",0.605568161075345
"SLFN5",0.603706595062876
"DENND1A",0.603551075835408
"TUSC2",0.603536545165552
"NDUFV1",0.60268257048407
"KAT8",0.602675652554913
"ASRGL1",0.602320604007088
"RAD9A",0.602014432890531
"USP1",0.601854831542825
"SUMO3",0.601769136374349
"LINC01940",0.601436712866163
"CHST13",0.600442788171891
"OSER1-DT",0.597714239925118
"KIF24",0.597395927486159
"CDH22",0.597291798439232
"TDRD3",0.597183789786877
"LMNTD2",0.596604715560089
"SYT14",0.596387823319444
"MORN1",0.596086182800881
"FBXL3",0.5956373225254
"CASP6",0.595625993797443
"INPP5B",0.595607108545413
"ZNF382",0.595309237002688
"NSL1",0.59489245740818
"NUMA1",0.594700244123843
"FADS3",0.594345579800915
"SEPTIN6",0.594141388599887
"FAM149B1",0.594044917846912
"JOSD1",0.593067882775392
"MCCD1",0.593002652662244
"TRIM68",0.591966289184861
"DCTN5",0.591529086468124
"MIS18A",0.591275845434178
"MGAT3",0.591096825602188
"NCK1",0.590965093779699
"PBRM1",0.590525822338943
"REV3L",0.590290927746895
"GSK3A",0.590234246342031
"LINC01346",0.59018155927553
"RNA5SP146",0.59018155927553
"FAM81B",0.59018155927553
"SRC",0.5895153031196
"STXBP6",0.589507311953722
"RPL23AP30",0.58937438677905
"GAPDHS",0.58937438677905
"VTI1B",0.589016650506427
"GNS",0.58841630948917
"HSPA5",0.587442924972895
"SUMO2P1",0.58723280785278
"MED10",0.585321694010818
"ZNF800",0.585307516192276
"OLMALINC",0.585226873945761
"LINC01550",0.584895040637623
"NAPA",0.584869923873831
"DNAAF2",0.584645231283714
"SF3A3",0.583774557621652
"SENP6",0.58268321060687
"POLR2J2",0.582511412295642
"MAN1B1",0.581657293468227
"SLC22A23",0.581306481500043
"NR4A1",0.580473793923847
"PAQR8",0.580320578128919
"CDK1",0.580130672854354
"MED8",0.579522781953574
"RTN4RL2",0.579050154972125
"TPD52L2",0.577764556190879
"FUS",0.577720988819945
"KAT2B",0.57714886071847
"PAX2",0.576690237341137
"IRF2BP1",0.576395625382595
"NUDT12",0.575888317569772
"CDC37",0.575737942729549
"RRN3P2",0.575712335327477
"SRRM5",0.575641575661433
"SYNJ1",0.57456991873315
"ZNF879",0.574103852645332
"GPT",0.57401685250233
"TTC31",0.573847378099046
"RBMXL1",0.573706780814783
"POLR2E",0.573685879271053
"MICU3",0.573570906853837
"AGA",0.573100939187518
"TMEM120A",0.572522991796275
"ATP11B",0.57219078275072
"FECH",0.571472933334418
"MTND5P2",0.571187233910118
"LINC02365",0.570733251531967
"BAG6",0.570399808936695
"DCAKD",0.570257486344006
"RTL10",0.569830814069651
"ATXN1",0.569374030454618
"LRRC41",0.569170098025717
"VPS39-DT",0.56898923149255
"FAF1-AS1",0.568676855473055
"SCO1",0.568313254744481
"THAP1",0.568006756140338
"LINC02241",0.567912957675359
"FPR3",0.567224744027072
"GPATCH8",0.567072501293285
"RBMS2P1",0.566104422002534
"TTC32-DT",0.565822709732187
"INO80-AS1",0.565747022074802
"GCNT3",0.565690932672463
"LRP2BP",0.565662673568703
"TBC1D14",0.565496428298311
"ARFRP1",0.564955676174014
"ABHD12",0.56446739669447
"GALNT1",0.563667888822371
"RPE",0.563531133708229
"PRPS1",0.563456688203511
"PPIL4",0.562758855721275
"RBM15",0.562443403270607
"ZRANB1",0.561425315151559
"SMAD3-AS1",0.561419490316352
"RPL21P10",0.561003621358202
"ARRDC1",0.560401768041418
"HECW1",0.559809606524246
"WDR6",0.559673229328138
"IKBKB",0.559321932909218
"LNPEP",0.558908529980835
"SFPQ",0.558873178352521
"TPRA1",0.55835659468884
"CHST2",0.557975150532505
"MSANTD1",0.556558871295056
"SNORA72",0.555576261794173
"MIR4284",0.554828371936085
"H3P31",0.554828371936085
"SAPCD2",0.554828371936085
"GOSR2-DT",0.554828371936085
"SNRPGP15",0.553081755419714
"ETV7",0.552837537893336
"XYLT1",0.551864544984945
"SIRPA",0.551472400212101
"ZNF771",0.551271809219302
"MIR3661",0.550382238789796
"LRCH3",0.550204771412862
"ITSN2",0.550184939235941
"MBD3L1",0.549618772201037
"CEP89",0.549457381332116
"CREB3L2-AS1",0.548896336149544
"LY6G5C",0.548318561534845
"SNX1",0.548211800800605
"MIR3682",0.547601798117473
"ATP6V0A2",0.547548447764823
"ARL9",0.547516564821212
"TSSK2",0.547516564821212
"IDNK",0.546951113270088
"C6orf47-AS1",0.546748533488733
"ANKRA2",0.54638949661049
"KCTD14",0.546175319084676
"MSL3P2",0.545045064810338
"ZNF519P1",0.545045064810338
"MPPE1P1",0.545045064810338
"KLK1",0.545045064810338
"PLPP5",0.544957361838388
"SNRNP70",0.544956102257225
"GPC3",0.544422111783632
"ECSIT",0.544377863124421
"MAN1B1-DT",0.544022950190736
"PRKACA",0.54320674722617
"IPO5",0.543171660955421
"RNF139-DT",0.542932729814017
"DNMT1",0.542448316837862
"TIMM8B",0.541507677632076
"RAP1A",0.540646743323376
"TUBGCP3",0.540480048257856
"KRT18P15",0.540423003189303
"ZNF496",0.540113136424525
"NANOG",0.539993342603663
"CPSF3",0.53933214418302
"MCPH1-DT",0.538230089797855
"LINC01554",0.538130070186343
"MGAT4B",0.538068338694177
"TGFBRAP1",0.537786101365369
"EIF3LP2",0.537762659494807
"TRIO",0.537430623748643
"FCHSD1",0.536372790135343
"RALB",0.53623488613918
"GLRX",0.535953302364413
"AGPS",0.535902419105825
"POLDIP2",0.535489269366112
"CALML4",0.535243938150712
"AGO4",0.534735727865159
"MRTFA",0.53472437700845
"RPSAP11",0.534372714218307
"SRGAP2-AS1",0.533556865324643
"ZSWIM4",0.533087725154192
"RSL24D1",0.533062252421449
"ATP5F1B",0.532762308138194
"SLC25A3P2",0.531814791444063
"EXOSC2",0.531434478766127
"MYH3",0.530610501502823
"SDCBPP3",0.530462556843294
"FUNDC2P1",0.530213139018093
"MIS18BP1",0.530131397812079
"ERVK3-1",0.529017937801986
"RN7SL420P",0.528925937911476
"LINC02020",0.528925937911476
"PKMP4",0.528925937911476
"PLEKHG6",0.528925937911476
"ATG12",0.52886605290531
"RTF2",0.528609000568514
"DPAGT1",0.528350928961057
"SGSM2",0.527489716258725
"CAMK1",0.527309632402374
"RUSC2",0.526784637165949
"TAGLN2",0.525569215143487
"FAM120A",0.524453131670855
"USP28",0.5241227926823
"LYN",0.524061288792106
"HSBP1L1",0.523392151493839
"SFXN1",0.523218152368508
"PAK2",0.522832287899094
"CELF1",0.522755546353685
"AIRIM",0.522596019539135
"EEF1A1P19",0.522132962054688
"PTPRE",0.521850929205608
"MAST3",0.52134269424893
"AMMECR1",0.520990318699807
"BTG3-AS1",0.520671026375464
"KLHDC4",0.519920724794268
"RASGEF1A",0.519911200587774
"SLC25A32",0.519827735076798
"SETDB2",0.518175315852152
"COMMD8",0.517326762535313
"NCAPD2",0.517286718228136
"HSPE1",0.516742823196604
"FAM135A",0.516484740917283
"CREB3",0.516296915489977
"ABHD16A",0.515815313821157
"MTNAP1",0.515209456498038
"SNHG8",0.515115751590775
"CD58",0.514113263425146
"LEKR1",0.513219069348395
"SF3B3",0.51296110584542
"TIPARP-AS1",0.512776350867129
"SAP30L",0.512291936418038
"SPDYE17",0.512003402725468
"SLC30A4",0.511910994057484
"ZNF621",0.511870826385883
"PHF5A",0.508741798991135
"PRKAA1",0.50874035574735
"LRSAM1",0.507719745203748
"COX15",0.507712871826926
"CR1",0.506737807419409
"TCOF1",0.505867328623462
"SAAL1",0.505585165959557
"GXYLT1",0.505434349776092
"PBX3",0.505414255645325
"RPS26P11",0.504777546123992
"ZNF561-AS1",0.504319616866268
"RANBP3-DT",0.50396205906222
"CCAR1",0.503314404846541
"MLF2",0.503301915989964
"HMGB3",0.502751496804809
"SGSM3",0.502685988443346
"LINC01018",0.502148665801995
"ZNF547",0.502071570644957
"TP53TG5",0.501809649739623
"AGO3",0.501318553162202
"ATG4C",0.501248428112998
"COBLL1",0.49943515205093
"DUSP14",0.499093539158536
"CRTC2",0.498595134568827
"PSMA1",0.49711880349445
"MMP9",0.497116740007715
"USP48",0.495549986609191
"MARCHF2",0.495344751242753
"NEFHP1",0.494815761586331
"PACRG-AS3",0.494815761586331
"LDLRAD2",0.494234081651641
"APH1B",0.491843747265494
"UNC5B",0.491830297220647
"DRG2",0.491014079908375
"GOLGA1",0.490757188400581
"HIPK2",0.490411973270907
"RBMXP5",0.48951944244525
"ABHD17A",0.489292941798895
"TP53BP2",0.488908006339736
"PARP6",0.488875283667482
"NRSN2-AS1",0.487842111223742
"DNAJA4-DT",0.48776135000501
"GCN1",0.487584624946978
"MROH8",0.487338936838639
"DCAF7",0.48621082191231
"FASTKD2",0.485985066434122
"RCC2",0.485687024514111
"ZPR1",0.485231584178855
"SPIRE2",0.484906905548867
"COG5",0.484244833644038
"INPPL1",0.483681965674949
"TTC17",0.483315929782102
"CDKL3",0.482972404885485
"SCFD1",0.482795331088424
"OR2H2",0.482368538266629
"GABPB1-AS1",0.481594890147687
"ACOT13",0.481587539890545
"RN7SL827P",0.481175275967941
"NSUN5",0.480889695764466
"RBBP5",0.480608617220447
"CAPN7",0.48035920825677
"GRID2IP",0.480204969429983
"SPG7",0.47940028992415
"KHNYN",0.479006328477157
"TINF2",0.478947325195236
"MORC3",0.478889192264681
"AMDHD2",0.478838957281573
"LINC03009",0.478690402234986
"SLC25A38",0.477537641323459
"C6orf47",0.476713657040333
"KDM3A",0.47623248734145
"RTCA",0.474798350685536
"MRPS35",0.473728555565474
"CHMP7",0.472666078377059
"PCBP1",0.472245582083136
"CIZ1",0.472043243745886
"BCAR3-AS1",0.471786177089545
"NCSTN",0.471719948471924
"CCDC93",0.471575528014002
"SLC25A15",0.470907361306175
"ZNF354B",0.470898905113817
"SLC26A3",0.470836346694981
"ZBTB18",0.470485440311572
"LARP1BP2",0.469873590844185
"IGLJ2",0.469873590844185
"RRP1B",0.469765881542701
"RPUSD1",0.469588356949636
"GOLGA4",0.469406736372233
"TTN",0.469387718959523
"GEMIN6",0.469264876549107
"CCL3",0.469247537835057
"DYM",0.468897323547573
"LRRC59",0.468076220942945
"SUMF2",0.46787679744246
"DDOST",0.467122661361787
"BRWD1-IT1",0.466788872977419
"EDC3",0.46642152718644
"SERAC1",0.46585486537019
"CXorf38",0.465803336965381
"C6orf132",0.465399840845801
"RAB5IF",0.464820963218857
"ADAM20",0.464447764053678
"LARGE-AS1",0.463655040380753
"VPS26C",0.463422592585447
"COPB2",0.462903018747709
"ESRRG",0.462792357203709
"YWHAZP4",0.46270099536885
"COA1",0.462667180194535
"LINC00623",0.462617001653997
"BZW1P1",0.462477929802896
"RNPS1P1",0.462214794656962
"PTPDC1",0.46214010594974
"PPM1M",0.46153263132186
"RNU6-795P",0.461203047699295
"RPS2P29",0.46040588867918
"KLC1-AS1",0.460147011252612
"MRPL3",0.459323897726877
"ACD",0.458884756526632
"SYNJ2-IT1",0.458817314014893
"TSSC4",0.458545846714094
"BAZ2B",0.457271581380596
"SENP2",0.456577184898731
"GP1BA",0.456046217893371
"H1-3",0.454955832742675
"SNN",0.45434028249695
"SAMD4A-AS1",0.454306311892425
"CAPN14",0.453958484643791
"PLXNC1",0.453856180081477
"FAM66C",0.453022785183382
"CCR7",0.452518001635805
"ACSL5",0.451973114111567
"MBOAT1",0.451719361175617
"DCAF1",0.451559670113963
"TMEM198",0.451492610623997
"OSTCP4",0.45105484265212
"METTL25",0.450504412809272
"TAP1",0.45008254451651
"BCL10-AS1",0.448422587100063
"LLPH",0.448093746666543
"UMAD1",0.447599265274985
"SLC22A18AS",0.446777353755087
"NSMCE3",0.446414765184289
"MARK2P14",0.446078767071545
"SLC39A13-AS1",0.446078767071545
"MPHOSPH10P1",0.446078767071545
"MTCO1P59",0.446078767071545
"GART",0.445973351469444
"NBPF12",0.44583743830007
"AACS",0.44518730345088
"ACLY",0.444805735979503
"TMEM160",0.444149355799287
"CTDP1-DT",0.443861259621418
"LCORL",0.443730771253571
"STIMATE",0.442757911750213
"NPHP3-AS1",0.442379106039829
"ZSWIM1",0.4423703746719
"TTC7B",0.442144264754055
"LINC01126",0.441719694978871
"RBM12",0.441343662996632
"LAMA5",0.441150106476555
"MPIG6B",0.440990685128643
"GPS2",0.440904600897759
"MT-TI",0.440684870480398
"PRKAR1A",0.440667747518592
"PPP4R1",0.440409659500393
"CCDC22",0.440344889482321
"YTHDC1",0.440171700768996
"HES6",0.439955742893564
"MCAT",0.439901126235967
"SEC13",0.439727978538677
"SLC12A1",0.439637698524416
"FCAMR",0.437601250718324
"KANSL1L",0.437556922445781
"REDIC1",0.437500151537493
"LCE4A",0.437371324075414
"RAB5CP2",0.437371324075414
"CFAP43",0.437371324075414
"RPS2P53",0.437371324075414
"TCEA2",0.43699333062923
"RUSF1",0.436750843115102
"TRIM21",0.436717222138101
"DHX8",0.436509261854946
"MRPL52",0.435595367029509
"MRPL20-AS1",0.43545985868468
"KLHL15",0.435439735599423
"RPRD1A",0.434670207692619
"CCDC71L",0.434432154128339
"MRPS18C",0.434162941225081
"ZER1",0.433983076990602
"KCNQ1OT1",0.432801460960142
"PXYLP1",0.432681391848079
"ASTN2",0.43262603763489
"WDR77",0.431891340050757
"DRG1",0.431488463013009
"DDAH2",0.430601918004474
"DPH7",0.429530816228781
"RNF19A",0.429388050897154
"ANKRD37",0.429235423018576
"NOTCH2",0.428879686741272
"USP4",0.428844978943994
"NDUFA10",0.428594790780063
"SALL4P6",0.428455016420948
"CEP55",0.428455016420948
"SPRN",0.428455016420948
"EPB41",0.428024074525005
"PDCD2",0.42790716253062
"SPATA13",0.427655028127054
"UBE4A",0.427454607452832
"RBM42",0.426554676443477
"RNA5SP233",0.425526567838773
"ERCC5",0.425267444022409
"MASTL",0.425181534833609
"PARP4P2",0.424994512438036
"ATPSCKMT",0.424198228714648
"TMOD4",0.423993415662631
"RPL15P18",0.423769619116748
"VCP",0.423756233951924
"HSD17B4",0.423146287475632
"AGPAT2",0.423123524958028
"KLC1",0.422886914215342
"CERNA1",0.422372862173731
"HSPD1P7",0.422372862173731
"TXNDC16",0.422347414080044
"CCDC136",0.42191593240378
"SEPTIN2",0.421751963995761
"TMUB2",0.421637865879062
"TMEM229B",0.421060151701037
"RPL17P27",0.420458484732675
"TWF2",0.419858584879235
"PRSS36",0.419779263353282
"NIT1",0.419110584652361
"RPS2P4",0.418852405124815
"TMEM268",0.418675894287794
"HSPD1P5",0.418581899029359
"ITPRID2",0.418550231205514
"RAPGEF6",0.418249732308679
"TSPYL4",0.418100166224365
"LMBR1L",0.417503691809478
"SDR39U1",0.41717976971793
"PKD1",0.416858020210553
"PTCH2",0.416543402301497
"GHITM",0.416507149581302
"ARL6IP1",0.41650542073999
"HS2ST1",0.416444847202225
"LRIG2-DT",0.4161987614198
"SLC2A10",0.41613486695581
"EPHB1",0.416126946521528
"ATG101",0.415619060906733
"PHYKPL",0.415358165198187
"C11orf24",0.415229984932427
"PCBP2P2",0.415216056535386
"CABP7",0.414723763767178
"RFC5",0.413557939148123
"PPHLN1",0.413427045730585
"QDPR",0.413398085948693
"FYN",0.412753006570924
"H3P47",0.412255505019251
"GRSF1",0.411691461865333
"PPP1CA",0.411476730693512
"PBDC1",0.411346282243963
"USH2A",0.411336781806395
"ZDHHC2",0.411300771436915
"SSBP3-AS1",0.410147178444807
"SPTLC2",0.409599898310643
"DAP",0.409427051436754
"CPSF1",0.409304914222298
"IGHV3-15",0.409211410357994
"IGHV3-53",0.409211410357994
"TMEM238",0.409211410357994
"ARL6IP5",0.408874778245076
"MON2",0.408530559338371
"TRIM13",0.40848770403674
"FTH1P8",0.40840198123705
"LINC01665",0.408114249738286
"KIFBP",0.407785871450883
"RN7SL452P",0.407206377349134
"EIF5AP4",0.406659343145311
"SRRM1",0.40590599732798
"LINC02935",0.405811212460732
"STRN4",0.405667204088289
"ACP2",0.405224448492668
"HACD4",0.405072284287149
"C19orf25",0.404429614197421
"TM2D2",0.404140487645895
"GNPDA1",0.403376608908685
"RNU6-672P",0.40246801786675
"GSTM2",0.402250231148648
"CHCHD10",0.401752913126132
"ZNG1B",0.401457459075927
"FAM151B-DT",0.400370525724715
"ALS2",0.399669125354727
"TMEM127",0.399058504586323
"RAB6B",0.398762038999392
"ZCWPW1",0.398312522422248
"RCE1",0.39798322448703
"PRR29-AS1",0.397963577433827
"CENPT",0.397837347956022
"POLDIP3",0.397501746421315
"ATG4B",0.396992504446676
"WIPI2",0.396875691732672
"ZSCAN9",0.396674704280911
"YWHAQP6",0.396160180396855
"RNF39",0.396079786918968
"RAE1",0.395700617949714
"CTR9",0.394837670960311
"GSTO2",0.394822767605914
"TMEM115",0.394316861838557
"RNA5SP216",0.394161208656907
"RPUSD3",0.393874957567588
"PWWP2A",0.393525208461646
"SLC39A5",0.39352431858036
"ST6GAL1",0.393480760772564
"SNRPA1P2",0.39317588693705
"CEBPG",0.39309584253685
"EIF4EP1",0.392651930644961
"AKAP8L",0.39223270457991
"POTEJ",0.392013873981708
"HTT",0.391259086789563
"ZNF268",0.39021947528883
"BCAP31",0.390124895252686
"AMFR",0.389104666251974
"LINC02972",0.388986252728088
"TAF3",0.388947247640664
"RBM22",0.388797767697143
"RAB5B",0.388388515026387
"MFSD1",0.387873853964453
"ARHGAP19",0.387741842447037
"HIGD1A",0.387257475527861
"TRIM54",0.387128987555834
"RGPD8",0.385877060466416
"NBPF14",0.385259169887238
"NUP153",0.385159912882893
"CBX3P9",0.384858667310915
"AFF2-IT1",0.384858667310915
"SNX5P2",0.384858667310915
"C19orf81",0.384858667310915
"DTNBP1",0.384659240117084
"RPL21P46",0.384334128832449
"ANXA2R",0.383896098054471
"SCFD2",0.383863608054274
"RAB14",0.383840802069972
"B4GALT7",0.383524857054084
"SGPL1",0.382978372664604
"BVES-AS1",0.382872777312123
"EHMT2-AS1",0.38261404217567
"MRPL4",0.382562789429648
"FRG1",0.382530767966055
"ARL17A",0.382291175813347
"BNIP1",0.38197808646053
"APBB1",0.381775860751934
"PLXNA3",0.381761113428966
"ZNF710-AS1",0.381726702670355
"FNBP4",0.381105101623729
"NAF1",0.381055099384915
"HNRNPC",0.380591552808772
"LGALS3",0.380576573734899
"KIDINS220",0.380023976373995
"FUT11",0.379994913912333
"PPP1CC",0.379374002410758
"MORF4",0.379085371453761
"ALPK1",0.378909790143243
"MYCBP2-AS1",0.378726027720696
"KIF11",0.378600182733287
"CHMP3-AS1",0.377973260941796
"MAN2B1",0.377483356777255
"EFHC1",0.377292263210549
"SMIM29",0.376620014414919
"ZNF689",0.376244621098689
"RBSN",0.376001988332923
"VIM",0.375936067732029
"CYB561",0.375813142180963
"ADARB2",0.375807550576676
"PCDH15",0.375807550576676
"RAB5C",0.37575564455106
"USP18",0.375618767414083
"CCDC82",0.374956914500178
"USP54",0.374833664512113
"TAF9B",0.374797995914395
"STARD7-AS1",0.374710451284128
"RAB34",0.374083635684238
"GLULP4",0.374039104738928
"WDR7",0.373948781775777
"AGAP1",0.373709505673746
"LPCAT1",0.373485396677772
"CD55",0.373056373153415
"ANKDD1A",0.372323139589513
"RPS2P19",0.372254710122712
"LINC01585",0.372254710122712
"PRAME",0.372254710122712
"RYBP",0.372157565579821
"EFR3A",0.371227512736417
"MCTP2",0.37102288749186
"MYCL-AS1",0.370865484256677
"DPH5-DT",0.370863499048241
"ZSCAN21",0.370688902544417
"PLEKHM1",0.370220620717238
"HMBOX1",0.370192846777517
"DHCR24",0.369717945249529
"RPL7P54",0.369642447544035
"FKBP4",0.369013630876535
"PWP1",0.368564472146025
"RPL35AP2",0.368073554037646
"ZXDA",0.367905130082659
"EEF2KMT",0.367725117508347
"SLC29A3",0.366794890176
"SFT2D1",0.366644710665922
"LANCL2",0.366618556854419
"SNCA",0.366486623659548
"KEL",0.366108415240312
"PSKH1",0.366050062794094
"CABP5",0.365891389267916
"ELMOD3",0.365808914912635
"THAP7",0.365795049109054
"SMG7",0.364784705136804
"RCHY1",0.364232730332587
"CD46P1",0.363866720087118
"LINC02656",0.363866720087118
"PHACTR3",0.363866720087118
"CDH26",0.363866720087118
"DYRK2",0.363493000040358
"STOML1",0.363426258781375
"SERINC3",0.36288388704171
"HMG20A",0.36257257335932
"PEX13",0.362345431609593
"RCC1",0.362054084340665
"UQCC5",0.361324285526817
"VDR",0.361125152560588
"CTBS",0.361063040591162
"RAI1-AS1",0.360828181211732
"SDF2L1",0.359537090326122
"NADK2",0.359036688940667
"RUVBL2",0.358802152963324
"DUS1L",0.357931154697377
"RCN2",0.357643895251359
"FLOT2",0.357294172157534
"MARS1",0.356990767913919
"DYNLT2",0.356579006841132
"SNAP25-AS1",0.356141348919648
"GNL2",0.355838532493322
"HMGN1P38",0.355830893867261
"RABGEF1",0.355449702752653
"HBS1L",0.355121281313932
"CUX1",0.354823705057026
"RPL12P47",0.35425362698415
"B3GNT6",0.35425362698415
"GAPDHP61",0.35425362698415
"YAF2",0.354130402249696
"FAM83C-AS1",0.353669230957536
"STX6",0.35354720730097
"NOP56",0.353207042405329
"ATP2A2",0.352787363886122
"UXT",0.352678460441232
"KRI1",0.352664192557573
"THYN1",0.35246877677596
"PLAAT4",0.352198632608578
"RPS6KB2-AS1",0.351780632268756
"RNF26",0.351130956679477
"EXOC8",0.351072727161007
"SNX12",0.349736884495749
"STAT5B",0.349552519879471
"CCNG2",0.349469570773813
"SRRM4",0.348513750900112
"MALT1-AS1",0.348193082124772
"TNFRSF14",0.347771800943135
"DPM2",0.347382396403946
"MZF1",0.347201336841655
"TUBA1B",0.346383379976543
"COQ4",0.346348150705573
"ZNF76",0.346190851141058
"ZNG1E",0.345869357583834
"UBQLN4",0.345646629369555
"ZFP2",0.345222697820163
"UQCRFS1",0.345139457915937
"ELL2P1",0.344915305540076
"VAPA",0.34491474930217
"PIGT",0.344064355000124
"SPDYE1",0.344024021231699
"CYB5D1",0.343716476716385
"RFC1",0.343255485396023
"SCAF4",0.343215390440089
"CNOT1",0.343200211212609
"ARID2",0.341633923502044
"CSNK2B",0.341392630393472
"HPRT1",0.341083008333114
"MYADM",0.341071123642009
"DDX54",0.341062805996505
"CACNA2D1",0.340686956801084
"NEU1",0.340517924181849
"DNAJC17",0.340079135494919
"BZW1",0.339541081394053
"STK11",0.339306554147084
"LEMD2",0.338825456899875
"UBE2D1",0.338620610187317
"SIRT3",0.338521571463849
"DBT",0.338190271431098
"BOLA2B",0.33815667144754
"DLGAP4",0.337994672412253
"PKD1P2",0.337013380837853
"PDCD4-AS1",0.337004145557661
"DDRGK1",0.336565982069608
"LRMDA",0.335916359081485
"DDA1",0.33568403527591
"TRIM52",0.335295374845701
"THOC3",0.334561865555032
"PRKAR2A-AS1",0.334549257862311
"ZNF649-AS1",0.334047402545497
"RABGGTB",0.333948482279223
"HSPBAP1",0.333855197685887
"BBS9",0.333805981288413
"ILF3",0.333468393191398
"PRKAG2-AS2",0.333139330586005
"IL17RC",0.332971174222952
"ZBTB7B",0.332970481586163
"CLEC11A",0.332777692875673
"SWAP70",0.33232893923067
"PDCL",0.332207877817285
"MYRF",0.332078878162674
"CAPRIN2",0.331913407103192
"TUBAP1",0.331523264108502
"TMEM39A",0.331192744572129
"RAB6C",0.331129939395949
"HBP1",0.331047509956178
"COQ8A",0.331023558695457
"ZSWIM9",0.330791499890195
"VTA1",0.330776222431385
"CCDC59",0.330717582402986
"ZNF428",0.330237277880876
"DNAAF11",0.329994130266994
"LYPLA1P3",0.329920363487897
"TMEM63B",0.329903926932128
"SYNC",0.329466691241324
"ZNF644",0.329426980197028
"ARID1A",0.328955358256709
"ARFGEF1-DT",0.328712840664357
"ZBTB20",0.328560903820439
"PRELID3B",0.327928334792171
"HSPE1P4",0.327742219678798
"C5",0.327739123832467
"LINC02973",0.327591188788056
"RPS2P18",0.327591188788056
"RNF32-AS1",0.327591188788056
"RPL18AP15",0.327591188788056
"CDC42P3",0.327591188788056
"EIF1P5",0.327591188788056
"RPL17P1",0.327591188788056
"BECN1",0.327452475967221
"CDK5RAP3",0.327139307842672
"MRPL13",0.327131635589282
"TUBB4A",0.326796734247321
"UBN2",0.326795794940325
"ANXA2R-AS1",0.326569104677763
"TIMM17BP1",0.32607667311612
"NFE2L3P1",0.32607667311612
"NDFIP2-AS1",0.325894144350825
"PDE4DIP",0.325778084655974
"POLR3H",0.325739119349119
"SHC1P2",0.325652368785751
"SPDYE6",0.325374188030589
"CNOT10",0.325043826061909
"TOR3A",0.324022914260551
"MRPS5",0.323303401078721
"SEC16A",0.323182200616507
"ALG13-AS1",0.323111808570975
"SNHG14",0.323065447630901
"RPL36AP7",0.32275533797981
"UBXN10",0.322607319827841
"MOCS3",0.322454264385506
"SLC38A10",0.322374178304943
"PADI1",0.322085193894856
"MIR4713",0.322085193894856
"CWC22",0.321935391199294
"GSDMD",0.320865534027103
"MAPK6P2",0.320788283358625
"WDR4",0.320693021594331
"DCTPP1",0.320325766487816
"SDF4",0.320301476312731
"TLE5",0.319999155825266
"ATXN7",0.31990563062045
"TXNDC17",0.319751077758453
"TMEM138",0.319468790612571
"RAB33B",0.319117929360738
"EMG1",0.318898244922544
"PABPN1",0.318165052985834
"NEUROD2",0.318054244962727
"MRPS17P1",0.317961362277571
"CREG2",0.317961362277571
"LINC00506",0.317961362277571
"CBLL1P1",0.317961362277571
"ZNF485",0.317961362277571
"LINC00404",0.317961362277571
"CSPG4P10",0.317961362277571
"MIR3176",0.317961362277571
"LINC02190",0.317961362277571
"MTURN",0.317305460919255
"WEE1",0.317107000181624
"SEC23B",0.316409503149663
"DDX24",0.316336989818391
"CDK11B",0.315875121352882
"WDR25",0.315658391283027
"EIF3L",0.315525589985825
"PPP2R2B",0.314785539314663
"BEND3P3",0.314785539314663
"YWHAH-AS1",0.314631695565151
"RPL23AP43",0.314505186799548
"TANC2",0.313246392345966
"MED12L",0.313097157961968
"RPL3P2",0.313086122597398
"AGTRAP",0.312437393430211
"WDR26",0.311911897005448
"CXXC5",0.311867428983432
"KCNJ15",0.311580656826148
"BRI3BP",0.311575917229747
"TTC9C",0.311414034340957
"RNF220",0.310758441248336
"MLLT6",0.31011385711444
"IMPA2",0.309991755542974
"P4HB",0.309820780873946
"ZNF678",0.309698136939915
"SLC41A3",0.309312582848222
"CEP250",0.309262053592794
"UBE2L6",0.309025921118379
"CEACAM18",0.308927734512426
"CDK2",0.308603495259408
"ZNF544",0.307902535959525
"ZNF316",0.307705115926894
"LINC02043",0.307520243895879
"DR1",0.307365601172171
"HSH2D",0.307265571164855
"USP36",0.307189573941008
"PEX3",0.307064551660777
"PMPCAP1",0.306986658968851
"KHDC1",0.306986658968851
"OR1D2",0.306986658968851
"SERPINB2",0.306986658968851
"LINC01531",0.306986658968851
"PIP4K2A",0.306852737466018
"RRAD",0.306704039075237
"C17orf49",0.30658095832822
"PTMAP4",0.306351563466573
"HSPA9",0.306286901650152
"KHSRP",0.306122195160397
"SPATA1",0.305980015348685
"MNDA",0.305652601464177
"IRF1",0.305250234818032
"EEF1GP5",0.305046107841095
"PPP2CA",0.304899160269013
"ZBTB8B",0.304386622547928
"KATNA1",0.304323769028309
"THAP4",0.303816419764052
"DAZAP1",0.303700358876475
"DBI",0.303536551101425
"RPS4XP14",0.303401264118612
"KLHL28",0.303141721410769
"AATK",0.302061784851075
"DERA",0.301613906415142
"TSPAN4",0.301161964251174
"LINC02259",0.300647736385526
"LINC02482",0.300397695858464
"RGPD4",0.300267302319373
"HOXA9",0.300232814534758
"MPP4",0.299879916470478
"FTSJ1",0.299600726194058
"EPB41L1",0.299315335600164
"MKRN8P",0.299311680049497
"CDY4P",0.299311680049497
"GPBP1",0.298138177778458
"CRELD1",0.297604152382858
"POLR1C",0.297437545079627
"SSR3",0.297373009986638
"TXNL1",0.296936851086684
"NORAD",0.296932064669421
"LINC01140",0.296897175985312
"CANX",0.296580860330976
"TAF9",0.296346625477417
"ERAP1",0.296275443565129
"SPRYD3",0.295763979745233
"CNTRL",0.295408166131811
"NAA30",0.295383080818542
"ARMC12",0.295012018173771
"HSPBP1",0.294989039756531
"RN7SL850P",0.294713914886053
"TCTN3",0.294502007981233
"BTBD2",0.294266167087765
"TMEM269-DT",0.294202820247888
"SHISA6",0.294202820247888
"TLR4",0.29408378090705
"GPM6A-DT",0.293735677583683
"TG",0.29352580614778
"CEBPZ",0.292959103935796
"USP38",0.292409078315384
"RCC1L",0.291892909926801
"SMARCA5",0.291715686566552
"PROCR",0.291554320068969
"ZFYVE9",0.291482647116357
"C1QTNF8",0.291311330913751
"AKIP1",0.291113403958256
"MARCHF6-DT",0.29077955769284
"CAPRIN1",0.290638830811581
"SAMM50",0.290480060870588
"MTSS1",0.289693110482961
"ANKRD54",0.289690242651752
"BCL2L15",0.289305675512868
"SLC6A7",0.289224682200022
"PLP2",0.289099831204023
"YTHDF3",0.288179198958001
"BORCS6",0.288130355332776
"SETP6",0.288054077140636
"CLEC2D",0.287829991304929
"MAP4K2",0.287658509673039
"FADS2",0.287418871977989
"EFCAB11",0.287181091776718
"PUS10",0.28715389278849
"SNAP47",0.286811862726769
"MYO5A",0.286672293143666
"ANKAR",0.286541616027655
"CPVL",0.28637904935123
"FRMPD1",0.286266671196412
"ZNF426-DT",0.286134587293875
"UNC13C",0.285795294911584
"RNASET2",0.285754454381613
"MYADM-AS1",0.285362338717368
"ODC1",0.285124198912787
"ZNF654",0.284941640858498
"BID",0.284853583560062
"PAFAH1B1",0.284814311350488
"P2RX4",0.284490453421523
"LENG8",0.284378770046059
"LINC01278",0.284306856129818
"NIPBL-DT",0.283637114325709
"LINC02775",0.283526423532757
"TLR2",0.283526423532757
"TMEM87A",0.283048034983644
"TUBA1B-AS1",0.283047321298251
"GPAA1",0.282462386052174
"FAM170B",0.281830847852564
"AFG3L2",0.28155935507472
"RNA5SP180",0.281248343170682
"HRK",0.281248343170682
"LINC01076",0.281248343170682
"LINC01551",0.281248343170682
"LINC02188",0.281248343170682
"CTAGE1",0.281248343170682
"MIR4530",0.281248343170682
"ATP5MC1",0.281234950404409
"KCTD18",0.281020175656204
"PARP15",0.280949034500319
"TPST2",0.280945381403345
"ITFG2-AS1",0.280923324731947
"WDFY2",0.280797196369172
"POLR2J3",0.28059661964348
"PATZ1",0.280221355208119
"RPS4XP8",0.279991257961181
"ZNF73P",0.279991257961181
"LIMD1",0.279476280498943
"PLD6",0.279078666301046
"LINC00608",0.278939402634403
"PRPSAP2",0.278222676814191
"COG4",0.277884480804483
"SGTA",0.277380889235359
"SETD5",0.277351910192319
"SAYSD1",0.276950502768643
"SMG1-DT",0.276832568684971
"ZNF529",0.276766231329212
"DDX5",0.276745572656857
"PYCARD-AS1",0.276741518740316
"CHD7",0.27606871876918
"C19orf47",0.276032000125951
"ELP5",0.275444625739893
"RNF167",0.275393475533117
"SERINC1",0.275059996044296
"MFAP1",0.275042188911718
"MT-TY",0.274554597785934
"AKAP10",0.273718201750781
"NOL6",0.273687306182475
"VARS1",0.273682714632116
"GRWD1",0.273599642878786
"NUBPL",0.273373613103504
"RAB33B-AS1",0.273302203153522
"DOP1A",0.273296044622097
"PATL1-DT",0.273021691674401
"NFATC3",0.272878969661232
"DCTD",0.272568967699328
"LINC01524",0.272337521510682
"AKIRIN1",0.271929312016016
"DNAH17-AS1",0.271835194879732
"ZFP14",0.271689981416096
"VMO1",0.271060045466313
"TCEA1P2",0.270909737292035
"MED7",0.270298231196886
"HSPE1P2",0.270295555747334
"C1orf122",0.270187604285736
"NIPA1",0.269980989800581
"TENT5C",0.269230262984926
"SPON1",0.269090741740731
"WNK1",0.26904499777143
"HIP1R",0.269015568461316
"WAC",0.268426061317027
"GADD45A",0.268281390197217
"LETM2",0.268156549889749
"CISD2",0.268099404883621
"TAF1L",0.268052287314916
"TRAF2",0.268020543653816
"GAPDH-DT",0.267919924288717
"RSKR",0.267847696088304
"RAB5A",0.267309923962448
"ZNF8",0.26702602856228
"LINC02960",0.266817542262939
"CHML",0.26658313328941
"LRRC42",0.266395844609849
"TMEM80",0.266186563360291
"SUN2",0.266120877579849
"ZCCHC10",0.266115807250685
"CHPF",0.265991796031831
"MBNL1-AS1",0.265962933534094
"MRPL21",0.265784992482322
"UBE2D3",0.265617326893037
"PRKRIP1",0.264956601595372
"CACYBPP2",0.264830392803812
"NPM1P31",0.26478829296825
"ADGRA3",0.264786713304936
"REX1BD",0.264492702549301
"LTN1",0.264152982795465
"RAB6D",0.264038275414785
"GPN3",0.263604157973014
"BAZ2A",0.263370482731139
"VCF2",0.262341207808741
"NAXD",0.262165168067773
"FIP1L1",0.261716118015748
"NRBP1",0.261555371699987
"MKRN5P",0.261296913255611
"RBL2",0.261089343256895
"RNU6-91P",0.260747681601369
"RNF115",0.259985962628233
"ZNF529-AS1",0.259952215382942
"SHLD2",0.259840660604327
"SOCS4",0.258411338849767
"PEX6",0.258280153936161
"CLPTM1L",0.258204151375835
"ADORA1",0.257816199948576
"IFRD2",0.257803334370872
"MORF4L2",0.257136026241197
"ATG5",0.257023901807649
"GK3",0.256664442981018
"RBM39P1",0.256521359754734
"ZNF285",0.256346496938569
"TYK2",0.256097312174897
"SKIC3",0.255810542292243
"ZFAND2A",0.255569372011801
"MOB1A",0.255514615489688
"TSPAN31",0.255423259812034
"KLHL36",0.255327145555936
"DNAJB1",0.255259839457663
"STK26",0.255218229879185
"G3BP2",0.254910021088809
"NCAPH2",0.25463663946905
"S1PR4",0.254094343722826
"TATDN2",0.253851962362949
"MAP4K5",0.253804609470276
"TGFB1",0.253617484577227
"EBAG9",0.253527736657617
"LINC02101",0.253523447555747
"TTLL2",0.253523447555747
"ZDHHC20P4",0.253523447555747
"WBP2",0.253442685431988
"CHD2",0.253226286030578
"SPAG1",0.253143429334499
"CAPNS1",0.252573601609432
"LINC01790",0.25205167410546
"RPL23AP48",0.25205167410546
"UST-AS2",0.25205167410546
"RNA5SP295",0.25205167410546
"TCEA1P3",0.25205167410546
"OR5A2",0.25205167410546
"KDM4B",0.251961764938677
"ARHGDIA",0.251924298581686
"ARL4C",0.25093610609943
"PRMT9",0.250868306200497
"SERTAD3",0.250621965147462
"UTP23",0.249950730565022
"GIMAP2",0.24986279575735
"BEND6",0.249852362966428
"SLC25A29",0.249709732679239
"HSD17B6",0.249249302003486
"OGFR-AS1",0.249196079852056
"UBAC2",0.249169832672802
"TRPV2",0.248921549069827
"OPA1-AS1",0.248777555923609
"GABRA2",0.248737777482175
"RNU6-1272P",0.248737777482175
"AHCYP2",0.248737777482175
"PDE6C",0.248737777482175
"PTPRQ",0.248737777482175
"INSM1",0.248737777482175
"ZNF264",0.248612608496395
"HDGF",0.248500155258665
"GLUD2",0.247977982520557
"GEMIN7-AS1",0.247810738011649
"WWC3",0.247725362972244
"ZNF672",0.247481448779124
"SNX27",0.246990870561551
"ZNF135",0.246403960279325
"UBE2FP1",0.246365546672329
"TMEM255B",0.245840574457506
"SDCCAG8",0.245548122310991
"REXO4",0.245380292684745
"ZNF341-AS1",0.243532219073464
"HSPB1P1",0.243456678464002
"GOLGA3",0.242474962631639
"SERPINB8",0.242431429823541
"MT-ND6",0.242162005598756
"HTRA2",0.242090012048734
"LINC00324",0.241948407318863
"FA2H",0.241471921268397
"CBFB",0.241057457860223
"GNB2",0.241057366304949
"EMC7",0.240904642267587
"ISOC1",0.24065038466648
"CHIC1",0.239840923415185
"P4HA1",0.239823006723617
"PTGR3",0.239184262688622
"SPAG5-AS1",0.238944482824984
"KRT24",0.238353748536386
"ING5",0.238353544958531
"HAAO",0.238338692219664
"ZRANB2-AS1",0.238243941241876
"CD63",0.238013151442439
"ATP9A",0.237607165383351
"MIR1279",0.237582328134174
"AHSA1",0.237404561347937
"NAMPTP1",0.237294651704577
"DCAF8-DT",0.237276354106372
"RMC1",0.23713235604229
"ARF3",0.236975113133723
"SLC25A20",0.235998863913645
"TMEM50B",0.235937558847113
"NUP62",0.23579642469229
"MFSD10",0.23579320636539
"RN7SL698P",0.235176695767552
"NPRL2",0.234581463879498
"SAMD8",0.2344673554714
"KMT2C",0.234394789158775
"CREB1",0.234219395009054
"RPL21P80",0.233943656816198
"RLF",0.233688566508843
"IFIT5",0.233505598512912
"CYP4F22",0.232850183620463
"RNU6-94P",0.232440950424019
"ZNF575",0.232296684210612
"COQ10A",0.232028021119285
"KIN",0.231670262424005
"MARCHF8",0.231436017841659
"HNRNPM",0.231335640925517
"CHMP4A",0.231108402955536
"NEK7",0.230858394800298
"RAB11B",0.230626296151283
"GPBP1L1",0.230211933750345
"GARIN2",0.228966512309493
"ARPC1B",0.228903260622888
"RDM1P2",0.228751898073287
"PDILT",0.228490842256365
"C16orf87",0.22840623568492
"OSBPL8",0.228244278853871
"FOXP1-AS1",0.228175249879228
"GGA3",0.227891552812485
"ZDHHC16",0.227525718189594
"PLA2G10DP",0.227300921312257
"RNY3P8",0.226424156763376
"MIR4500HG",0.225664312642227
"VDAC1",0.225649968149784
"DBNL",0.225619403056617
"POLR3B",0.225024704045141
"ADPGK-AS1",0.22483935316383
"NFIB-AS1",0.224829572787557
"BCL2L14",0.224829572787557
"LRRN4CL",0.224334760305969
"COMMD5",0.224253319589723
"TAF6",0.224244711269135
"DCP1A",0.224196072846001
"PPP1R3B",0.224097060966614
"BTBD19",0.224079834902889
"LINC01811",0.224019479006252
"NDUFA5P2",0.224019479006252
"HLA-F",0.224004903202389
"TLE6",0.223785284544067
"UPF3B",0.223395373237529
"EIF6",0.223302835967517
"SLFNL1",0.223054535828602
"HNRNPA3P12",0.223054535828602
"H3P17",0.223054535828602
"C11orf40",0.223054535828602
"DPP10-AS1",0.222701052853756
"MYLK3",0.222701052853756
"DUX4L34",0.222701052853756
"NIPBL",0.221100525435522
"DYNLT4",0.221020072235141
"PITHD1",0.22020926582648
"ZNF736",0.219768126645501
"FAM228B",0.219119684401605
"HERPUD1",0.218974824274966
"ZNF462",0.218930104486905
"GNRHR2P1",0.218829700866871
"TSHZ1",0.218254455927647
"CFAP57",0.218196076809045
"UBE2H",0.217856787395085
"NKAPD1",0.217849257128551
"TANC1",0.21781521816152
"TMED5",0.217738204000269
"SERGEF",0.217207041345638
"DNAJC7",0.216800437880748
"SLC20A2",0.216793704421407
"KIAA1614",0.216235744916454
"APOBEC3G",0.216162909446056
"ADAL",0.216108094209638
"LRRC40",0.215916031922145
"OR10D1P",0.215877700260429
"MMS19",0.215801531588811
"GGTLC5P",0.215576744514547
"IQSEC3",0.215473164286763
"RPL21P52",0.215375382605498
"ALAS2",0.215375382605498
"ERP29P1",0.215375382605498
"PRR30",0.215274076530508
"LINC02966",0.215274076530508
"CDHR1",0.215274076530508
"RNU6-1329P",0.215274076530508
"LRP1",0.214994112407762
"RWDD4P2",0.214401340552341
"ADPRM",0.214333215366744
"SUMO2P6",0.214298504770083
"PGK1P1",0.214221145636616
"LDHB",0.21398565449936
"TXNDC11-AS1",0.213515478847173
"BRD10",0.212996770252221
"FMNL2",0.212902630090795
"TTC1",0.212778464714298
"ZNF584",0.212656733255876
"DNM2",0.212377935490809
"CYP51A1P1",0.211996065826254
"PBX2P1",0.211996065826254
"LINC00678",0.211996065826254
"HSALR1",0.211996065826254
"ATXN2",0.211741303682302
"SRP68",0.211636102406578
"POC1B",0.211114783653268
"PTX4",0.210919724195079
"CEP170B",0.210760749475255
"ZNF280D",0.210743566009833
"GCSHP6",0.210559228933335
"ENTPD4-DT",0.210559228933335
"RAP2C",0.210511078573827
"PYROXD2",0.210359723694563
"MIPEPP2",0.20989151995213
"LINC00556",0.20989151995213
"ACTR3",0.209608956151102
"LNCRNA-IUR",0.209508993547137
"DHTKD1",0.209250666981697
"FAM50A",0.20819265386879
"CTDSPL2-DT",0.208150710583373
"PREP",0.208093751780377
"RAP1BL",0.20805091590133
"IST1",0.208023812598753
"PDE12",0.207856145124998
"DHX38",0.207761147057273
"TKT",0.207679973747531
"NGRN",0.207625507907142
"COPG1",0.207229256855035
"ACAD8",0.206525232822901
"PPIAL4A",0.205758269738233
"CENPN",0.205447520806397
"OSBP",0.205404779007055
"MARCHF4",0.205039339326262
"SNX15",0.205039339326262
"LINC00929",0.20498693721654
"FUCA2",0.204947843068659
"RC3H1-DT",0.204944660695996
"SLC27A5",0.204803591411696
"RN7SL89P",0.204442411974217
"DNAJB11",0.204298189045448
"HCFC1R1",0.204202929553006
"GCC1",0.204074352178671
"NUP54",0.203884611014962
"C5orf15",0.203650538137624
"ZNF764",0.203638391136318
"NEB",0.203220823335084
"ZNF722",0.203193194019042
"PINX1-DT",0.20316351295935
"STAT6",0.202997365318625
"SLC39A4",0.202548868574439
"NDUFA9",0.202400031850098
"ARL8B",0.202360793202308
"AAK1",0.202325998102899
"BRF2",0.202170485082682
"BEND7-DT",0.20215355435862
"VPS28",0.202116423794394
"AGAP3",0.201999937398935
"RPL21P93",0.201919012749362
"DZANK1",0.201887202918449
"PALS1",0.20186327525104
"TYW3",0.20185423515472
"TMEM150C",0.201849011187789
"BNIPL",0.201838698519855
"FAM240C",0.201370905760493
"LINC01435",0.201161845910995
"CEMIP",0.201002009501538
"FAM168B",0.200699131132546
"FASTKD5",0.200643248617832
"PABIR1",0.200425081568531
"TENM4",0.20035630948374
"RBBP4",0.200290538653588
"MYD88",0.200154648706241
"ZBTB16",0.200104597815527
"RPL7AP14",0.199954231913684
"CYP4A22-AS1",0.199846435440933
"PTPN11P1",0.199748171072293
"MECP2",0.199649938481737
"SP140",0.199620916192749
"OR52P2P",0.199617707682308
"GCLC-AS1",0.199386023165701
"SCYL1",0.199330323361651
"ACTBP9",0.199221246144127
"C18orf21",0.19913286244084
"RNF113A",0.19899097740446
"PGBD4",0.198777396437456
"MID1IP1",0.198742603021659
"PLD4",0.198513645851488
"TNRC6B-DT",0.198406614552098
"ZNF830",0.198385814199254
"CLSTN1",0.198365669419253
"CFAP276",0.198359893707035
"LINC02816",0.198359893707035
"LHX8",0.198359893707035
"FAM163A",0.198359893707035
"PLEKHA6",0.198359893707035
"L1TD1",0.198359893707035
"LRP8-DT",0.198359893707035
"LINC01682",0.198359893707035
"IL1F10",0.198359893707035
"LINC01796",0.198359893707035
"ZBBX",0.198359893707035
"LRRC34",0.198359893707035
"MTCYBP17",0.198359893707035
"MARK2P4",0.198359893707035
"CDH10",0.198359893707035
"RN7SL646P",0.198359893707035
"LINC01845",0.198359893707035
"LINC01411",0.198359893707035
"LINC01019",0.198359893707035
"TDRG1",0.198359893707035
"PSORS1C3",0.198359893707035
"ANOS1",0.198359893707035
"KCNU1",0.198359893707035
"LINC01298",0.198359893707035
"PRKACG",0.198359893707035
"MS4A12",0.198359893707035
"MS4A6E",0.198359893707035
"TH",0.198359893707035
"PIWIL4",0.198359893707035
"OOSP4B",0.198359893707035
"LINC02715",0.198359893707035
"LINC02706",0.198359893707035
"RTKN2",0.198359893707035
"UCN3",0.198359893707035
"TUBAL3",0.198359893707035
"TMEM132C",0.198359893707035
"LINC02822",0.198359893707035
"LINC02414",0.198359893707035
"RPS3AP52",0.198359893707035
"RXFP2",0.198359893707035
"LINC00621",0.198359893707035
"LINC00332",0.198359893707035
"LINC00524",0.198359893707035
"CA5A",0.198359893707035
"RN7SL784P",0.198359893707035
"ENPP7",0.198359893707035
"CRYBA1",0.198359893707035
"MTND1P15",0.198359893707035
"CACNA1G",0.198359893707035
"CCL18",0.198359893707035
"GRB7",0.198359893707035
"LINC02002",0.198359893707035
"LINC01908",0.198359893707035
"LINC02871",0.198359893707035
"RN7SKP140",0.198359893707035
"RPS18P13",0.198359893707035
"ZNF556",0.198359893707035
"KLK12",0.198359893707035
"USP9YP8",0.198359893707035
"SNORA80A",0.198359893707035
"EMSY",0.198159398761132
"YTHDF3-DT",0.197847567185474
"TPBGL-AS1",0.197814475353303
"UBE4B",0.197684395939056
"GALK1",0.197556669043294
"ANKRD16",0.197487774177292
"DDX59",0.197423914571138
"SAP30BP",0.19665046087503
"GABRR1",0.196534534819385
"IGSF8",0.196472609499353
"MAP2K1",0.196439049659449
"MROH7",0.196200517844753
"MAP3K11",0.1961877761151
"OR52I2",0.196016359053547
"TAPBP",0.195574520573657
"FLNB",0.195524366725208
"MFSD5",0.195440589157619
"RPS29P14",0.194884410921799
"TNFSF12",0.194819962450897
"STRADA",0.194793342998749
"PAF1",0.194751949454244
"MALINC1",0.194648750057873
"SP2-AS1",0.194571401577408
"VIRMA-DT",0.194248161120851
"MT-ND5",0.194133523209498
"RALBP1",0.19396453461808
"HNRNPUL1",0.19386801131592
"NUCB1-AS1",0.19336716349814
"LINC02761",0.193336264489322
"LPCAT3",0.193231871646395
"FBXL12",0.193040355128314
"RTN4",0.192943527098095
"PPIAL4E",0.192859557837577
"ACTN2",0.192859557837577
"KLHL41",0.192859557837577
"SI",0.192859557837577
"PTPRJ-AS1",0.192859557837577
"SLC25A21",0.192859557837577
"FTLP14",0.192859557837577
"TEN1",0.192859557837577
"ZPBP2",0.192859557837577
"YRDCP3",0.192859557837577
"USP34",0.192789349022697
"NR1I3",0.191924156133825
"KLF10",0.191895775036029
"HSPA5P1",0.191764499579388
"FAM86B1",0.191578793582692
"INHBC",0.191051207229115
"TMEM116",0.190702021856747
"RN7SL329P",0.190459368262147
"ELOA",0.190148606938223
"FLNB-AS1",0.190131142866399
"PTPN2",0.190089690855877
"SPAG16",0.190032322723426
"ILF2",0.189528604589643
"RPTN",0.188848931410757
"LINC02372",0.188848931410757
"OR4G6P",0.188848931410757
"RPL7P21",0.1887120230297
"MRS2",0.188084545409286
"COASY",0.187564359975346
"HNRNPA2B1",0.187417403011212
"DPM3",0.187165850322595
"H2BC12",0.187031691689693
"TENT5C-DT",0.186623091386473
"RNU4-62P",0.186379395853389
"CNEP1R1",0.186314312241135
"ADISSP",0.186234900720685
"HNRNPCP2",0.185903592769437
"MICAL3",0.185874023989523
"PCDH9",0.185270756652122
"PSMC1",0.185247827271616
"EWSAT1",0.185162473500303
"COX7BP2",0.185092830582787
"RASAL1",0.184966488748374
"GFUS",0.184421667060429
"RAD23A",0.184293298714151
"PUF60",0.184240318210682
"PCBP4",0.184159944447437
"MTATP8P1",0.183763936606918
"IQANK1",0.183354271644504
"MGMT",0.183288273629367
"SRSF11",0.183103526276115
"TEPSIN",0.182652984989094
"TLK1",0.182512858426136
"FTO",0.182422139247477
"SHMT2",0.18242082754283
"TMEM260",0.182416630548188
"SEPTIN2P1",0.182149370640589
"POLR3F",0.182007065920612
"LGALS9DP",0.181990232421036
"MIR4269",0.181965751806678
"EIF3C",0.181945075080469
"MDH1",0.181883871012636
"TMEM131",0.181741040404875
"AOC2",0.1815223891176
"SNAP23",0.181298064730545
"PEF1-AS1",0.181254684294826
"PDCD4",0.18107905370431
"LINC00844",0.180992791469648
"PCGF3-AS1",0.180749600909519
"IGKV3-15",0.1805022148671
"CIB1",0.180426607089948
"FAM98A",0.180253103987854
"FCHO1",0.180245136728666
"SSBP4",0.179956925050219
"ESRG",0.179846588027591
"CYP3A52P",0.179846588027591
"SNORA54",0.179846588027591
"DIP2A-IT1",0.179846588027591
"LATS1",0.179835878622586
"ATF4",0.179688496876272
"EHBP1L1",0.179364390271455
"CTSC",0.179231621006505
"RNF187",0.179107968918371
"GLCCI1",0.179094708950453
"LINC00942",0.178877445051932
"MTND5P11",0.178713017752136
"EXOC5",0.178678478725822
"MIR4482",0.177945453308144
"TRAV9-2",0.177945453308144
"TRAV12-3",0.177945453308144
"OTX2",0.177945453308144
"ICE2",0.177728414715231
"CCT7",0.177698229121641
"FGFR1OP2",0.177448823632031
"URM1",0.177413208206532
"SLC35B3",0.176931953009428
"STYXL1",0.176820863147144
"EEF1A1P15",0.1767226791113
"BNIP3L",0.176665063139603
"STAB2",0.176620504651509
"FAM98B",0.176362490249424
"ALG2",0.176255694176936
"TMEM184B-AS1",0.176224198367794
"KRT15",0.176158338893994
"KRT126P",0.176084041543331
"LIM2-AS1",0.175885422592396
"AHDC1",0.175850882444269
"RNU7-115P",0.175678355627666
"UBXN7-AS1",0.175642928832085
"POLR1B",0.175567969715103
"SETDB1",0.175559999073154
"NAA50P2",0.174872017683683
"RNU6-1238P",0.174872017683683
"RN7SL363P",0.174872017683683
"DSCR4",0.174872017683683
"ATP5PB",0.174808172207417
"SPCS3",0.174806355903859
"SLC4A8",0.174426171193707
"PDIA3",0.174414999733694
"AP1S1",0.174371058889165
"SELENON",0.174274545432094
"CBX4",0.17334203408707
"HAO2-IT1",0.173051562311188
"ADI1",0.17253765827008
"MRFAP1L1",0.171930545614464
"RPRD2",0.171737610027394
"ANXA2R-OT1",0.171729638435913
"TUBB7P",0.171256692013964
"C8orf88",0.171211438444466
"RAB7A",0.171184947735241
"PIP5K1A",0.171065046717386
"TRAF6",0.170917087755154
"ANKRD52",0.170869170561873
"WBP1L",0.170863423690293
"LZTFL1",0.170593439664194
"C5orf34-AS1",0.170510154392169
"GNAQP1",0.17012578739798
"OR52R1",0.17012578739798
"IL9RP3",0.17012578739798
"EIF3A",0.169939457418349
"FBXO34-AS1",0.169888494568823
"ATP1B1",0.169475878259615
"PKN1",0.168871571229449
"RN7SKP268",0.168551157113937
"PSMC2",0.168419069863627
"CTDSP1",0.167641144150917
"PM20D1-AS1",0.167412450480844
"HECTD4",0.167272545269437
"CCT8P1",0.167147675853196
"DDX60L",0.167049033785742
"ZNF107",0.166910203189932
"VPS41",0.166885351913511
"TOMM20L",0.16634155981462
"PLA2G4F",0.166217015330544
"KIF21A",0.166117578647809
"SLC52A2",0.165794120308513
"MAT2B",0.165789587006533
"GSPT1",0.165361661583411
"PPP1R18",0.165340131683294
"ST13",0.164756410590239
"ABCC10",0.164682106473406
"KCNQ5",0.164597563667984
"RNF216",0.164508384176735
"LARP4",0.164365296778057
"DDIT3",0.164325958138873
"C5orf24",0.163944838642828
"PRRC1",0.163787286439617
"CRY1",0.163513008922927
"PEBP1",0.163202369118285
"SLA2",0.163127776913142
"BRI3P1",0.162536574620653
"STING1",0.162369626053175
"TNFRSF14-AS1",0.162280385538281
"ERLIN2",0.162164069473078
"FBXO7",0.162162133968339
"CENPC",0.161908403786055
"COMMD4",0.161874645489439
"EXOC2",0.161587315938502
"GSTM4",0.161397356396894
"TPPP",0.161008405713491
"ZMIZ1",0.160950367183678
"HMGB1P3",0.160827832136535
"CHAF1A",0.16073886353017
"TMEM223",0.160456962724218
"MUC19",0.160456127059633
"RBM43",0.160274975202903
"CHRNE",0.160025733439062
"LINC00598",0.160005364812029
"ARPC3",0.159975941337563
"C2orf42",0.15951857572039
"ZMYM5",0.159416548453711
"GPHN",0.159211853545721
"MTRF1L",0.159033121991342
"VPS4A",0.158945933605253
"TRA2B",0.158930195860054
"TLCD3A",0.158137310995504
"LINC02971",0.15798777770756
"HES1",0.157968198213613
"HSP90AB3P",0.157931621520479
"GCNT4",0.157816084733203
"EPS15",0.157638284631955
"INE1",0.157539647691594
"ANKRD42",0.157427589569258
"MIR4676",0.157427445177197
"SEC24C",0.157124329452503
"MGST1",0.156987393036414
"SDCBP2-AS1",0.156284017251901
"ANKRD44-IT1",0.155915143650128
"FHIP2A",0.155705042909742
"RIC8A",0.155188280546611
"IKZF4",0.154938793826538
"MSH3",0.154863808783134
"PRKCQ",0.154276787833704
"TRAF4",0.154233307432791
"BAIAP3",0.154049228485787
"TRIML1",0.15394671969456
"SLC9B1P3",0.15394671969456
"DDX12B",0.15394671969456
"RNU6-1257P",0.15394671969456
"MIR137HG",0.153703696815058
"MIR4431",0.153703696815058
"IATPR",0.153703696815058
"TXNP4",0.153703696815058
"DUX4L35",0.153703696815058
"DUX4L32",0.153703696815058
"TFIP11",0.153486846092431
"SEPHS1",0.153370880721679
"FLOT1",0.153324716630865
"FBXO8",0.153112832181515
"CEACAM1",0.153077680368403
"GNAI2",0.152981668220487
"ZNF26",0.152706129979532
"SIRT2",0.152212604742342
"PNPLA8",0.15210178511088
"STX5-DT",0.152026210666043
"ZGPAT",0.151715955914596
"URGCP",0.151706135103268
"LINC02934",0.151239107183116
"MEG3",0.151143661024543
"PPARA",0.150751067113341
"EIF4BP6",0.150610113667064
"FRG1-DT",0.150580381517074
"P2RY11",0.150012616821258
"ESRRAP1",0.149938073297807
"RIC3",0.149355328541034
"SSH2",0.149245048046405
"ACBD6",0.149182088642691
"ANKRD12",0.149137290928181
"MUL1",0.148991405533359
"PRR13",0.148919198588926
"NR4A1AS",0.148766450761926
"PTMAP1",0.148438179161479
"ZYG11B",0.148424818918626
"HACD2",0.148355899779322
"SIGLEC20P",0.148138677379806
"FUBP3",0.14783767195365
"RLIG1P1",0.147707211699857
"TCAF2C",0.147707211699857
"KRT8P4",0.147707211699857
"RNY3P12",0.147707211699857
"BMP2K-DT",0.147468095464378
"BOD1L1",0.147439092896241
"ERI3",0.147392403705797
"MIR3134",0.146609205613443
"CDK7P1",0.146392252629687
"VAMP2",0.14621952198651
"RSAD2",0.1460217298277
"RHEB",0.146002760209682
"NDUFAF2P2",0.145906117439535
"PSMD3",0.145741453168487
"FAM153CP",0.145695676837859
"DYNLT3P2",0.145130050801991
"ATP6V0A4",0.145130050801991
"DHX32",0.145088986593482
"PGK1P2",0.144808397603733
"SSTR5-AS1",0.144507280094174
"YWHAZP3",0.144340927949228
"ORC5",0.144335053323798
"TSACC",0.144280490599189
"E2F3",0.144146073439514
"ECH1",0.144105167631485
"MRPS7",0.143982537298518
"PHF3",0.143815818972711
"PLEKHM2",0.143747274171536
"GRPEL1",0.143677573194367
"C1orf174",0.143546287281637
"FOXL2NB",0.143361114042388
"RASSF6",0.143361114042388
"H2AC1",0.143361114042388
"MIR3168",0.143361114042388
"PAK5",0.143361114042388
"BCORP1",0.143361114042388
"RPL35AP32",0.143227968534972
"PRRT3",0.143208291867915
"BOLA1",0.143135553810741
"ZSCAN25",0.143133846735688
"ABCE1",0.142957000186124
"CARD19",0.142817267929521
"LINC00342",0.142687433905219
"CNOT2",0.142627641636909
"CMTR2",0.142597616827391
"PSMD8",0.142563252537367
"CCDC112",0.142482803369327
"TMT1A",0.14242998968405
"B3GALT4",0.14237149710776
"GRIP2",0.142182372293689
"ZC3H7A",0.142051996339474
"NUDT14",0.141921111050346
"LINC01138",0.141734549520578
"RSBN1",0.141512913540314
"ACAA1",0.141313529134676
"JUNB",0.141072552830239
"INTS5",0.140958163032103
"ETAA1",0.140951614306925
"KIF9",0.140926327891423
"KLHDC2",0.140750192789459
"CREG1",0.140572709202791
"H2AC18",0.140385815326989
"TMEM11",0.14018503350531
"RPS26P47",0.140139193906064
"HNRNPL",0.139797368117848
"TMEM33",0.139702813564784
"OCIAD1",0.139636974268414
"IGKJ4",0.139502910127399
"RPL34P27",0.139502910127399
"IGHV3-11",0.139502910127399
"SNRNP40",0.138846452233914
"SLC25A3",0.138586927687494
"NCOA1",0.138346061022338
"NUP160",0.138061230457289
"GRIK1",0.13798067791421
"DUT-AS1",0.13788270989503
"TPGS2",0.137604629898759
"TSR3",0.137525828519384
"SNAI3-AS1",0.137453979763625
"IL24",0.136966406511615
"PBX1",0.136799112066262
"PMAIP1",0.136550441247197
"SNX4",0.136528829361556
"PTPN23",0.136441116529524
"RNU6-858P",0.136065928635362
"FBXO33",0.135548469713927
"ERCC1",0.134695902876637
"POLR2M",0.134695082503625
"BRICD5",0.134534505716589
"XPNPEP1",0.134456485240182
"TESK2",0.134405317457461
"DYNC1I2P1",0.134193942678017
"HADH",0.13402148600537
"ARMCX6",0.133641592721977
"MALT1",0.133502421310878
"INTS8",0.133497452856507
"TRABD2B",0.133251549988731
"ATF4P3",0.133198003142267
"CMPK1P2",0.133156707834416
"PA2G4",0.133128212712425
"ALKBH7",0.133087876325313
"PRAG1",0.133057391411033
"TRIR",0.132961841276041
"LINC01569",0.132698220236783
"ZNF682",0.132687643254811
"RNU6-791P",0.132255239098702
"FOXA3",0.132255239098702
"PTBP3",0.132251518854288
"SERP1",0.132150702811073
"C14orf119",0.13199111043574
"VCPKMT",0.131919490064541
"FAM182A",0.131795906864438
"ARRB1",0.1316365246792
"METTL2B",0.131562484875561
"AHCTF1",0.131060993944603
"EMC1-AS1",0.130697278932644
"ZBED6",0.13053806661967
"RELCH",0.130184840014076
"MRPL38",0.129995320666781
"LIMASI",0.129774244612271
"BNIP2",0.12975467447697
"RPL21P68",0.129745244952911
"SALL4P7",0.129657539176963
"LINC01802",0.129525711233546
"AGR3",0.129525711233546
"RNU6-1157P",0.129525711233546
"CD2BP2-DT",0.129282465997237
"RAB3GAP2",0.129111769756853
"GYG2",0.129054563332192
"EEF1A1P13",0.12897234018314
"LSM1",0.128619862875932
"NEURL1",0.128070923502462
"TOB2",0.12802701753095
"ZFAND4",0.128026147949921
"ATRN",0.127997343890364
"DYNLL1",0.127959064471162
"BCL2L1",0.127734320209858
"PWWP3A",0.127628056557586
"FOXP1",0.127359962983474
"POT1-AS1",0.127269270111848
"RPA1",0.126732977649632
"GOLM2",0.12665973810083
"CALM3",0.126582940899987
"ZNF90P1",0.126559989520158
"HYMAI",0.126506469981531
"RRP1",0.126482809353183
"GRN",0.126362748955231
"SPATS2L",0.126285199963703
"TMED2-DT",0.125942747736875
"EPS15-AS1",0.125895219089894
"ATP1B4",0.125895219089894
"LNCAROD",0.125895219089894
"LARP4B-DT",0.125895219089894
"TMDD1",0.125895219089894
"TUBBP2",0.125895219089894
"LINC03058",0.125895219089894
"CST3",0.125746396023347
"EMC3",0.125549248064614
"NAT10",0.125546725745753
"EPC1-AS2",0.125449782399144
"HNRNPH3",0.125448903148557
"ANXA7",0.125431651594335
"PDCD10",0.125031194669898
"MIR3128",0.124990197567385
"VSIR",0.124847383660569
"JTB",0.124821467311147
"AUP1",0.124811539680339
"IDH1",0.124668068874994
"KCTD13-DT",0.124511916747238
"LUZP1",0.124467349375175
"ZDHHC12-DT",0.124160418612267
"NUDT16L1",0.123685978376934
"FAAP20",0.123262123495527
"CCDC127",0.122971634250156
"KCND3-AS1",0.122948147175114
"ROBO2",0.122948147175114
"LINC00698",0.122948147175114
"MTCYBP35",0.122948147175114
"PCLO",0.122948147175114
"CYCSP29",0.122948147175114
"RNU6-618P",0.122948147175114
"JMJD7-PLA2G4B",0.122948147175114
"RPL15P20",0.122948147175114
"MSL3",0.122912630144176
"RPS6KB2",0.122661468063942
"UTP3",0.122647876876398
"MAVS",0.122422358875752
"NUP88",0.122179729023433
"ACAA2",0.121833241015434
"SMAD5-AS1",0.121404978922513
"PPP1R8",0.121219251777495
"GLRX3",0.121202313401101
"KATNBL1P5",0.120466389526381
"SMARCE1P5",0.119925448571916
"ALDH3B2",0.11976876310365
"GPS1",0.119741848752276
"ATF2",0.119636253931678
"PELP1",0.119581417440271
"CHORDC1",0.119301677891439
"CROT",0.119168973524421
"HOMER1",0.119111256776166
"ZP3",0.118974993097039
"HSD17B10",0.118889306731401
"GGACT",0.118794240342764
"STK16",0.118677720458782
"ZNF154",0.118589199248642
"CHMP1B-AS1",0.118390406460577
"CFAP44-AS1",0.11824707621605
"ARID1B",0.117814487228557
"TMEM185B",0.117797087888063
"NUCB1",0.117751324279056
"LINC00486",0.11750079685393
"H4C11",0.11750079685393
"ASZ1",0.11750079685393
"SRSF9P1",0.11750079685393
"BPNT2",0.116965078740458
"MACO1",0.116771130483384
"EIF3F",0.11672144889234
"SMG1P2",0.116718360062359
"MPL",0.116607056164054
"DDR1",0.116534407292316
"HNRNPCL2",0.116399490237048
"RPL28P1",0.116346703837159
"RNU6-547P",0.116346703837159
"UBA52P3",0.116346703837159
"DKC1",0.116255055133977
"NT5DC1",0.116040689025813
"ZNF212",0.11557774838318
"AKR1B1",0.115485753669718
"HIGD2AP2",0.11544515949854
"DNAJC21",0.115314394663852
"FAM76B",0.11519639170973
"ABCA10",0.115110858829263
"CLPB",0.114926352376728
"MFFP2",0.114661549303009
"ZNF33CP",0.114661549303009
"LINC00365",0.114661549303009
"TMEM185AP1",0.114604110142924
"SKIC8",0.114537361549288
"TICAM2-AS1",0.11427201672615
"ZNRF2",0.114261786970304
"ARL4AP2",0.114185894631034
"TVP23CP2",0.114185894631034
"QTRT2",0.114021598987946
"SOX13",0.114006642090344
"YWHAZP10",0.113681030153816
"SIGLEC11",0.113604546564003
"H2AC7",0.113401444525916
"DDX11",0.113230867228942
"CSTPP1",0.113187300097546
"CHAF1B",0.112973648102993
"VTI1BP1",0.112929778534531
"LINC02111",0.112929778534531
"XKR9",0.112929778534531
"HNRNPA1P15",0.112929778534531
"OR8A1",0.112929778534531
"TUBA3C",0.112929778534531
"DENND4A",0.112715296918966
"MISP",0.11265814926455
"FAM222B",0.1126403069147
"KLC3",0.112584798543188
"ACOT2",0.112265407828614
"MTCO1P53",0.112178811093333
"ZNF805",0.112121383296482
"EEF1A1",0.112028983809899
"BZW1P2",0.112028297157156
"HSP90B1",0.1119818658146
"STK39",0.111912268550342
"PRAMEF28P",0.111628153951764
"LINC01291",0.111628153951764
"STPG2",0.111628153951764
"FOSL1P1",0.111628153951764
"ETF1P3",0.111628153951764
"ACTG1P19",0.111628153951764
"BMPR1AP2",0.111628153951764
"KRT76",0.111628153951764
"EYA2",0.111628153951764
"SPRY2",0.11148973788368
"PTPN1",0.111450460294265
"HMGCL",0.111377288799861
"PCDH12",0.111366587911589
"ATG13",0.111142986919428
"PPARGC1B",0.111105648606662
"SLC24A4",0.110980055031379
"GRB2",0.110885006222429
"MRPL22",0.110832551809856
"TUBA1C",0.110782303572846
"NADSYN1",0.110669854912112
"RNY3P14",0.110623086359652
"UTS2R",0.110623086359652
"ELP2",0.11055219526209
"TLN1",0.110446750807391
"CFD",0.110362113523376
"ZNF84-DT",0.110072005042806
"AIFM1",0.109825561759035
"ABHD1",0.109520527011077
"MAGT1",0.109517309318629
"TMEM14DP",0.109493464546026
"SPHK1",0.109305984704434
"ADPGK",0.109207609819517
"BRCC3",0.109066916584951
"AEN",0.109007324045234
"SHROOM1",0.108979973847374
"BICD2",0.108878987082479
"U2AF1",0.108774040139999
"KY",0.108738301050808
"CUL1",0.108709739413469
"TRMT10C",0.108481613969037
"POLB",0.108438507612172
"VPS39",0.108244644630204
"GDI2P2",0.108145112142248
"CAPN9",0.108145112142248
"CICP26",0.108145112142248
"CENPA",0.108145112142248
"ARHGEF4",0.108145112142248
"LINC02613",0.108145112142248
"RPL7AP26",0.108145112142248
"SMIM23",0.108145112142248
"NPSR1-AS1",0.108145112142248
"CEP57L1P1",0.108145112142248
"MIR26A2",0.108145112142248
"KRT86",0.108145112142248
"AK4P3",0.108145112142248
"SPEM1",0.108145112142248
"OTOP3",0.108145112142248
"IFT46",0.108074876859125
"TIFA",0.107985481721608
"PRPF3",0.107768544112617
"RBM39",0.107737719353326
"CHCHD1",0.107711385180515
"TMBIM1",0.107648866825336
"ETFBKMT",0.107333937300705
"PYM1",0.107301791001574
"ACO2",0.106636136043086
"RBM15-AS1",0.106490354761418
"TBC1D31",0.106489525511177
"PDE2A",0.106460433838859
"SP3",0.106350126558715
"BRD4",0.106342367736288
"NEDD4",0.106141775569688
"VPS33A",0.106095823036943
"OR2T27",0.105692910983943
"TPT1P5",0.105692910983943
"SCX",0.105692910983943
"CCDC183",0.105692910983943
"ST13P10",0.105692910983943
"KRTAP5-4",0.105692910983943
"LINC00392",0.105692910983943
"ATP5MC2P2",0.105692910983943
"POLE3",0.105650000099673
"PYGO2",0.105567527767126
"SF3B1",0.105437889621367
"SETD2",0.105430261022228
"DENND5A",0.105380994441765
"NFYC-AS1",0.105377060431498
"PPM1K",0.105358269685329
"SIGLEC18P",0.105303007835118
"C3orf49",0.105124720640111
"OR1I1",0.104994137349465
"DNASE2",0.104910320527477
"SRRM1P3",0.104881038806217
"LEAP2",0.104699320592966
"DYNLL1P2",0.104649747572553
"CCNYL1",0.104513723045478
"ALMS1",0.104468811879604
"LINC01142",0.104313268332526
"NUP210P2",0.104313268332526
"CWH43",0.104313268332526
"UGT2A1",0.104313268332526
"NPM1P10",0.104313268332526
"RP1",0.104313268332526
"VDAC1P11",0.104313268332526
"RPL7L1P16",0.104313268332526
"FBN3",0.104313268332526
"GMIP",0.104311877935998
"KRAS",0.103852430614889
"ACTR6",0.103768819470568
"PRMT6",0.103685770192736
"FOSB",0.103594726482913
"PIN4",0.103570706901202
"TRIP4",0.103504833049587
"PRELID1",0.103321208417827
"RPL10P1",0.102975804858866
"MICAL1",0.102889680991904
"CILK1",0.102707603936432
"RN7SL809P",0.102677420235193
"TMEM183BP",0.102667095942278
"CAMSAP1",0.102251958145305
"ATP5MGP2",0.102179327782834
"C11orf54",0.101786873188196
"CENPK",0.101754029757971
"EXOC6B",0.101546323121674
"SMPD4",0.10153623696084
"NR3C1",0.101495089096209
"ZNF732",0.101483554671461
"NUTM2B",0.101457406014289
"CCNQ",0.101343121857604
"MACC1",0.101285079786309
"RN7SL481P",0.101285079786309
"GTF3AP1",0.101285079786309
"MTND5P32",0.101285079786309
"GCLM",0.101111178316328
"PPIAP40",0.101071193594533
"ETHE1",0.101027080948868
"SNORA80B",0.100983325277502
"PCSK6",0.100980010773575
"ANKRD36BP1",0.100833811307628
"SNRPCP13",0.100607249322076
"SLC25A51P1",0.100607249322076
"PTH",0.100607249322076
"TPM4P1",0.100607249322076
"LINC00544",0.100607249322076
"MTCO1P28",0.100607249322076
"IRF9",0.100353047477075
"LINC02924",0.100228019249961
"EIF2B1",0.100089019446804
"ZNF670-ZNF695",0.0998686353398875
"UAP1-DT",0.0998686353398875
"FAM153A",0.0998686353398875
"MAPK6P4",0.0998686353398875
"RNU6-560P",0.0998686353398875
"FXYD6P1",0.0998686353398875
"NR1H4",0.0998686353398875
"TEX22",0.0998686353398875
"UBALD2",0.0998515496374754
"TXNDC5",0.0995252744413422
"HIGD1AP12",0.0994605527140317
"GATA4",0.0993725094622422
"ZDHHC24",0.0991895092684377
"MIR4512",0.0991561026413545
"GADD45G",0.0988771325166754
"PRPF38B",0.0985715613347653
"ARHGEF26",0.0978310270668588
"ZNF749",0.0977668475562362
"MIA2",0.0977194127391777
"DNAJB2",0.0976261733013121
"MAPK14",0.0975222962267534
"MZT1",0.0972446619236219
"ATP10A",0.0971950315676176
"APPAT",0.0969364156313818
"ALYREF",0.0968839934878769
"GALK2",0.0965666245258103
"TMEM184B",0.0963964323734978
"TMC6",0.0957079080433244
"LINC00595",0.0956689557033496
"MCF2L2",0.0955530702187779
"DIAPH1-AS1",0.095206070792315
"RNU7-50P",0.0951490124252926
"RNASEH2B",0.0950790052983215
"RPSAP56",0.0950580534219546
"IDUA",0.0950456775475733
"PYGB",0.0948957724687507
"SPATA31H1",0.094497083837149
"CKS1BP2",0.094497083837149
"LINC01269",0.094497083837149
"CRIP1P4",0.094497083837149
"DPF3",0.0943834144161687
"ZNF548",0.094128558598951
"ZNF395",0.0934977660399558
"HADHA",0.0931949383455852
"RAB25",0.0931587651874112
"SUB1",0.0930522534978899
"FABP5P1",0.0925842732369222
"BAX",0.092556957058988
"F8A3",0.0925011986624995
"TEF",0.0924932495988772
"CEP83",0.0924812677001201
"BBS2",0.0924281481230696
"PSME2P1",0.0923290005595015
"GGNBP2",0.0921525139549695
"TADA3",0.0919255752737663
"UTP11",0.0918077528181173
"ZNF333",0.0917993581360601
"DUX4L37",0.0916351903388499
"GBP1P1",0.0913775562146624
"KDM1A",0.0911521891562825
"USP9X",0.091147382099399
"VDAC1P1",0.0911122062979884
"CGGBP1",0.0910553469804001
"PRR33",0.0910113049210932
"EMC6",0.0910090992993789
"LAMTOR3",0.0909961782883444
"ENPP7P6",0.090988819563917
"ABCB9",0.0909700980251053
"EEF1A1-AS1",0.0909481887376456
"STMND1",0.0909392613442412
"HNRNPKP1",0.0909323061467913
"NPM1P35",0.0908354141879173
"PRSS57",0.090820441533334
"FMN2",0.0907047242258839
"TSG101",0.0904969700625848
"A3GALT2",0.0902989583975789
"CYP2J2",0.0902989583975789
"BPESC1",0.0902989583975789
"IQCF5-AS1",0.0902989583975789
"NDUFS5P4",0.0902989583975789
"CCN6",0.0902989583975789
"MIPEPP1",0.0902989583975789
"MNX1-AS1",0.0902989583975789
"FTHL17",0.0902989583975789
"XKR5",0.0902989583975789
"OR6S1",0.0902989583975789
"MAGEL2",0.0902989583975789
"ANKS4B",0.0902989583975789
"PRELID3BP3",0.0902989583975789
"ST8SIA5-DT",0.0902989583975789
"RN7SL842P",0.0902989583975789
"VSIG10L-AS1",0.0902989583975789
"GCM1P1",0.0902989583975789
"SLC9B1P4",0.0902989583975789
"FAM230A",0.0902989583975789
"TXN2P1",0.0902968841486328
"SRSF9",0.0902847256826831
"PDCD1",0.090034087176691
"FAM87B",0.0900053056090454
"CYCSP55",0.0899725835468827
"PPIAL4F",0.0898755886693717
"HMGN1P4",0.089861578336182
"P2RX5-TAX1BP3",0.0897893288817285
"MPDU1",0.0897467142320971
"H2AC19",0.0896012241355012
"POM121",0.0894555730824437
"ANTKMT",0.0894115358818088
"LINC02070",0.0892888128362791
"NT5DC1P2",0.0892888128362791
"ALOX15P2",0.0892888128362791
"LINC01495",0.0892888128362791
"LINC02130",0.0892888128362791
"ABHD14B",0.089257691312537
"UBL7",0.0892258758478608
"MATN1",0.0892007394924255
"KIF1A",0.0892007394924255
"LINC01102",0.0892007394924255
"GPC1-AS1",0.0892007394924255
"MIR548A1HG",0.0892007394924255
"MIR4656",0.0892007394924255
"RNU6-1335P",0.0892007394924255
"OR8B7P",0.0892007394924255
"LNC-RHL1",0.0892007394924255
"CYP2E1",0.0892007394924255
"LINC02676",0.0892007394924255
"SEC14L5",0.0892007394924255
"ARHGAP42P1",0.0891492551267601
"TMEM178A",0.0891492551267601
"PCDHB1",0.0891492551267601
"SLC66A2P1",0.0891492551267601
"MTND4P2",0.0891492551267601
"RN7SL785P",0.0891492551267601
"SNTG1",0.0891492551267601
"SRPK2P",0.0891492551267601
"SCRT1",0.0891492551267601
"PURG",0.0891492551267601
"LINC01591",0.0891492551267601
"LCNL1",0.0891492551267601
"MIR4296",0.0891492551267601
"TMPRSS12",0.0891492551267601
"DIAPH3-AS1",0.0891492551267601
"ST8SIA2",0.0891492551267601
"LINC02128",0.0891492551267601
"CD300H",0.0891492551267601
"DEFB132",0.0891492551267601
"LINC01728",0.0891492551267601
"LINC01687",0.0891492551267601
"MDM2",0.089076197384307
"ARFGAP2",0.0888268204311485
"STMN1",0.0886614190176725
"METTL25B",0.0884660187441465
"GOLPH3",0.0882531189768325
"INTS6L-AS1",0.0882382919430295
"PATJ",0.0881869300161872
"C6orf136",0.0881627961700669
"GFM1",0.0878240159475398
"LGALS9",0.0875720395984142
"RPL39P36",0.0875185841540591
"HNRNPH2",0.0874603591278111
"SPCS2P4",0.0873439060149662
"API5",0.0872733642516645
"FBXW2",0.0872044031972068
"DDX49",0.087173546155282
"PRADC1",0.087027919854104
"FKBP11",0.0869814447033705
"PRKAB1",0.0868744255431884
"NPIPA3",0.0868702672505902
"ZNF561",0.0868534429763659
"KMT2A",0.0868511298857323
"SPRED3",0.0868411684359243
"ACTBP11",0.0867412329638992
"DGAT1",0.0867093014616766
"NDUFB2-AS1",0.0864299820212232
"NGDN",0.0863709802823903
"ANKRD13C-DT",0.0862028692185688
"MOAP1",0.0860340462456496
"PSMD4",0.0859830734059656
"ADIPOR2",0.0859099674529192
"RN7SL55P",0.0858323310036353
"WDR82",0.0857040313622341
"PIGFP1",0.0856745475433331
"IFFO1",0.0854708174783437
"GJB1",0.0853670616336011
"ASH1L-IT1",0.08513722349889
"UNC119",0.08481826427018
"SMG1",0.0846678708734161
"ING2-DT",0.0846541992289038
"ZNF592",0.0842192230242361
"WASHC3",0.0838913480295906
"ZNF85",0.0838534078878393
"UCHL3",0.0837584950249956
"ACTG1P20",0.0837366899032124
"ZNFX1",0.0835940680756056
"YRDC",0.0835800995029829
"LYRM7",0.0834792834968569
"HSPA8P8",0.0832145845064274
"PHETA2",0.0831360005662531
"TTC7A",0.082937129432882
"PGAM1",0.0828579506248628
"ZEB1-AS1",0.0828550359363044
"KLRK1-AS1",0.082826757938221
"SNX19",0.082600800304378
"EXOC4",0.0824476516978719
"NEIL2",0.0824115179432427
"RPS2P28",0.0823960432333564
"SYMPK",0.0823793744255057
"HOXB-AS1",0.0821987961583526
"RPL29P12",0.0821432117376469
"VKORC1L1",0.0821038087378523
"CTAGE11P",0.0820278375237583
"IGHMBP2",0.0820245063254451
"MAP3K14",0.0819817639778171
"MRPS30-DT",0.0816898355218276
"ACTB",0.0816871102161151
"KGD4",0.0815294402323204
"SKIC2",0.0815252166646678
"NPIPB15",0.0811140594205638
"KLF2-DT",0.0810881951224025
"PKM",0.0810412500136283
"TFPT",0.0809985308415936
"SNX5P1",0.0809930976278523
"MTIF2",0.0809292640326317
"PIKFYVE",0.0804837308521139
"CHIC2",0.0802715136197146
"F11R",0.0801024155885814
"KLHL18",0.0801011791906884
"GOLPH3L",0.0800829517474753
"CASP3",0.0800820817416521
"SLC44A1",0.0800630963681821
"H6PD",0.0800063493494912
"PABIR2",0.0799266416308401
"CNOT11",0.0798145961822578
"MON2-AS1",0.0792694730721691
"P4HTM",0.0792312450636266
"GCH1",0.0791720544439767
"MKNK1",0.0791284762152125
"MLX",0.0786917602183204
"GDAP1",0.0786014323898381
"SLC7A11",0.0785810276225675
"SCAMP1",0.0785167533770483
"KIAA0319L",0.0785128238080367
"PLEKHG2",0.0782399904503157
"CPQ",0.0781874817300469
"PACC1",0.0781546498944417
"ERVK13-1",0.0781520682598742
"C11orf16",0.0780583379140988
"MIR34AHG",0.077896239298015
"AKAP11",0.0778148887720627
"TBC1D3B",0.0775212941249482
"ZNF331",0.0772762120162257
"TCEA1",0.0772284015709919
"TMC4",0.0770105262435182
"CNNM2",0.0769392658397511
"ABHD17AP1",0.0768625457343882
"KRASP1",0.0768625457343882
"PSMC1P3",0.0768625457343882
"FRRS1L",0.0768625457343882
"CYCSP24",0.0768625457343882
"USP14",0.0767538044113775
"CCDC90B",0.0766884326067353
"DERL2",0.0766732884039996
"BABAM1",0.0761796055594224
"RPSAP19",0.075959834864043
"ZNF296",0.0758786851991199
"LNX1",0.0758188676370902
"LCTL",0.0757651108059506
"STXBP4",0.0755654831029465
"HSPA1B",0.0751249155334994
"GLS",0.0750741978818366
"KPNA1",0.0750112045695198
"H2AC20",0.0748443447575978
"FKBP14-AS1",0.0743941545381789
"FAM53B-AS1",0.0742215179181081
"HSPA14",0.0741804132531094
"FOCAD",0.0741512961966488
"IDH3A",0.0741186244107268
"LINC01725",0.0740518237288515
"KDM4D",0.0740518237288515
"MEIOSIN",0.0740518237288515
"PITX1-AS1",0.0739998043391978
"RPL10P16",0.073790341875634
"SLC38A7",0.0736861934923099
"ZC3H10",0.0735937197674276
"PIP5K1C",0.0735638492611148
"YIPF6",0.0735227538204122
"CATSPERG",0.0732372877949524
"PIGQ",0.073132107437897
"NRCAM",0.0731125589088344
"TRIT1",0.0730836729009293
"PANK2-AS1",0.0729823478232701
"NEK2-DT",0.0729372761910289
"C2orf76",0.0729044965989731
"MRPL50",0.0728012982164129
"MAPKBP1",0.0727173614734063
"TRIM69",0.0727114422819351
"MMP24OS",0.0723686586181539
"POLE2",0.072304960406267
"KCTD1",0.0722456847256114
"TMED10",0.0722299585243886
"GTPBP4",0.0721860817337867
"SMG1P4",0.0717800180516981
"CCDC69",0.071676394289917
"DELE1",0.0716393794621682
"ZNF789",0.0716138636311338
"SLC9B1",0.0715629110424776
"GAPDHP63",0.0715158265962826
"DNAAF9",0.0714076036647896
"GDAP2",0.0713880693772413
"CPT1A",0.0712042318122792
"CYB5B",0.0711857767193424
"TFG",0.070889690429531
"GNB1",0.0708218679262317
"PRR34",0.0703618319057693
"TBC1D2B",0.070175920918379
"SLC39A7",0.0701758831865052
"TMEM41B",0.0701564392317856
"SLC16A5",0.0701171851618283
"IL10",0.0699420227779423
"DYNLL2",0.0699256339837328
"PNRC1",0.0699199570000707
"MYREM",0.0698796635647424
"ZFAND3",0.0696138034819366
"RN7SL704P",0.0690772720445307
"KCNG4",0.0690613280545841
"CGRRF1",0.0690301835471778
"PXK",0.0688854762869145
"COMTD1",0.0688687218360122
"CHCHD2P2",0.0687269902689351
"SHOC1",0.0686881690570431
"MOCS2",0.0685914183575402
"ATP6V1H",0.068513108853689
"GPR108",0.0684890077327439
"ZNF559",0.0684883858623252
"RRM1",0.0684424957815221
"DGLUCY",0.0683067112625415
"LRRC53",0.0683040543719513
"KRT8P13",0.0683040543719513
"RPL5P20",0.0683040543719513
"TMSB15C",0.0683040543719513
"NR0B1",0.0683040543719513
"SEC11B",0.0683040543719513
"CTAGE7P",0.0683040543719513
"GPD1",0.0683040543719513
"SF3B4P1",0.0683040543719513
"LINC02074",0.0683040543719513
"PGDP1",0.0683040543719513
"VSX1",0.0683040543719513
"SIGLECL1",0.0683040543719513
"USP37",0.0682038160186352
"RUVBL1",0.0681769242953574
"UBLCP1",0.0680956222737875
"GRIN3B",0.0679964333707447
"SPATA22",0.0679416581622655
"NT5C",0.0677840634245105
"CNOT9",0.0676083865155208
"CEP57",0.0673921679311493
"MIR191",0.0672110779768186
"RPL8",0.0671858522985405
"WNT2B",0.0671354729328323
"MRPS2",0.0670884985846842
"PTCD2",0.0668592652355287
"MARCHF6",0.0667847379318335
"MTCL1",0.0667225533663633
"PCCB",0.0666582464183034
"H3P6",0.0665488503475328
"NDUFAF4",0.066507669406389
"NFRKB",0.066496039191277
"KYAT1",0.066466149854578
"MRPL41",0.0664638239759721
"SORD",0.0664628675800044
"HOOK3",0.0663144564259484
"LEPROTL1",0.066269223221793
"ABCC2",0.0661905291992637
"SH3BP4",0.066155973143553
"DNAJB12",0.0659459314835843
"MARCHF7",0.065835362318301
"PCNX4",0.0657431212310705
"CLEC18A",0.0657247300337409
"TSPAN10",0.0655269574614904
"CAMLG",0.065438753949648
"APEH",0.0653739040940546
"CDC37L1",0.0652103643511321
"NAA50",0.0650922709438063
"PTPN18",0.0650313728239485
"RPSAP54",0.0649796392620717
"TMX4-AS1",0.0649269597779998
"PPM1G",0.0647291306462404
"ACTR1A",0.0647214571630702
"PIGG",0.0646775257080639
"OTOF",0.0646738401456409
"LYPLA2",0.0645313003429658
"RPA3",0.0644362972076776
"RBM5",0.0643028756318117
"UCN",0.0640962654395996
"EHMT1",0.0638316445528662
"C1QTNF7-AS1",0.0638238752422151
"ATP1B3P1",0.0636785976459991
"FAF2",0.0635640854390388
"CRTC1",0.063438731115103
"FIGNL2",0.0632637189445463
"MCUB",0.0631434822811614
"EHBP1",0.0629655687559616
"PSMA3",0.0629509202303642
"PIGO-AS1",0.0629289470071833
"ZNF275",0.062714212490455
"USO1",0.0625533748144132
"CASR",0.0624181787612755
"TRAV4",0.0623386491339175
"PMVK",0.0622165563595774
"CALM2P2",0.0619411508542185
"ANAPC7",0.0617700753960831
"LINC00881",0.0615853594002638
"ZNF24",0.0615832361700699
"INTS11",0.0614613081137771
"TXNL4B",0.0614348612856996
"USP42",0.0612965099753562
"SCAT1",0.0612253712811644
"MICU2",0.061099386637143
"MTOR",0.0610781110500503
"CENPP",0.0609950027301068
"RAD52",0.0608817372762254
"PSMB1",0.0607092713023379
"PSMD6",0.0606267220220061
"NPC2",0.0602729027013866
"EPOR",0.0600672855155109
"WDR75",0.059959116976018
"EEF1A1P6",0.0597454108335369
"SWSAP1",0.0596988648296004
"ZNF45",0.059586515940063
"ATP6V1E1",0.059522796828907
"CLIP1",0.0593090185987206
"NDUFS2",0.0590998770805812
"LINC02367",0.0590314114969841
"HCG18",0.059028537692226
"PCGF3",0.0589822981040919
"ANGPTL6",0.058708895031505
"RER1",0.0586964329795932
"CASP8AP2",0.058560507901658
"COL4A6",0.058430872461891
"CYB561D2",0.0582402895852992
"LINC00412",0.058004785551002
"JAK3",0.0578605543643562
"COMMD2",0.0578438982343819
"DNTTIP2",0.057707717009999
"RNF138P1",0.0576500242709503
"ZNF252P-AS1",0.0575659480621169
"TMED3",0.0575003715400578
"PRPF31",0.0574689777717654
"PPIG",0.0574117339018428
"DALRD3",0.0573850085720792
"THAP3",0.0573213640097888
"SMARCC1",0.0573120482562996
"SLC39A9",0.0570997161046891
"EXOC1",0.057003426051265
"SLC12A8",0.0569857604839257
"DHX36",0.0567354976611004
"HARBI1",0.0564907549638257
"CFAP157",0.0564402974192615
"MIER1",0.056383477026309
"AMOTL1",0.0563354507365198
"HNRNPAB",0.0562602587613533
"FAM162A",0.0561910979140789
"ADAMTS10",0.0561000285890992
"TBCC",0.0560515902742099
"C15orf48",0.0559934443589816
"RBM7",0.0558843403059494
"C11orf71",0.055631291096894
"MCM3",0.0554550306901501
"TMEM161B-DT",0.0554397967550199
"GBA2",0.0553394001717192
"NLK",0.0553326657538215
"MRPS30",0.0552772006695994
"CCS",0.0551962545626393
"ZNF710",0.0551787906003115
"KCNC4",0.0549728467491736
"CHD1-DT",0.0549686071285203
"NR2C2",0.054665490411172
"TEX30",0.0546519654720203
"RPL3P7",0.0546246320297652
"BACH1",0.0545072427520988
"ARL14EP",0.054469782001997
"PIH1D1",0.0544486490925617
"TMEM243",0.0544324185804557
"GHRLOS",0.0543098517773364
"RMDN3",0.0542713503709688
"EIF4A2",0.0541052847889067
"USF1",0.0540163332533274
"SSU72",0.0540095860720279
"PARK7",0.0538652166451465
"NEK6",0.0538212755553246
"TIMM10B",0.0535044692226359
"UBR1",0.0534853037302542
"AP5B1",0.0534635147376555
"GAS7",0.0533732594743372
"VRK1",0.0530485437303938
"SRP14-DT",0.0529610305643681
"R3HCC1L",0.0529472140836698
"YBX1P1",0.0527364496238366
"UBE2N",0.0526017325553978
"ZNF136",0.0522076483148058
"ALDOA",0.0520735370709224
"MTDH",0.0520192771551546
"TPRKB",0.0519437707465741
"LEMD3",0.051676224077876
"ANO7",0.0515947430367627
"COQ9",0.0511105031530509
"UROS",0.0510987370758129
"BCORL1",0.0510820259028533
"HDHD5",0.0510803004928574
"EEF1A1P9",0.0510233368135898
"LRRK1",0.0509585905718359
"PARP1",0.0509556358370409
"HEXIM2-AS1",0.0506533874090629
"CCDC12",0.0506392792038452
"RACK1",0.0505898963073203
"UBA5",0.0505290846977577
"AAR2",0.050381646204
"CHTF8P1",0.0502331492801231
"RPS24P19",0.0501227431201349
"ZSCAN18",0.0500661231828139
"UBE2D3P1",0.0500424187737599
"NRL",0.0498462005185556
"RSPH9",0.0498431090643276
"MTMR4",0.0498374702837927
"TOMM22",0.0497401188426188
"H1-10-AS1",0.0496276745615243
"LIMD2",0.0496270017753193
"RPSAP8",0.0495690884523786
"AGAP14P",0.0494727081687251
"KLHL26",0.0494506454988472
"RFXANK",0.0494255029267185
"CDS2",0.0493607181708046
"SLC38A6",0.0493169809878642
"MSANTD2",0.0493085636657628
"SLC35C2",0.0491328249714722
"ZNF708",0.0491184379646551
"KEAP1",0.0489614022885783
"SCRN2",0.0487508249747759
"RANGRF",0.0486338592654157
"HECTD1",0.0484316724505129
"CCSER2",0.0484092297429439
"TMEM147-AS1",0.048363811095437
"GBF1",0.0482994129661967
"JAZF1",0.0479132450504583
"PHIP",0.0478973875047061
"TMEM179B",0.047774342563561
"FBF1",0.0477153074760024
"VAMP1",0.0476092922658977
"ZNF777",0.0476017103505274
"APH1A",0.0475754668192004
"DIP2C-AS1",0.0473380127231547
"OTUD3",0.0472919799760522
"RPS19P7",0.0471525713553081
"CD68",0.0471517780664103
"ZNF493",0.0471425813474124
"AMPD3",0.0470996201092769
"ZFYVE16",0.0470971456634115
"KYAT3",0.0470532792941079
"COMMD7",0.0469963507459827
"UBE2L3",0.0469208413761611
"KAT6A",0.046880552212531
"FAM66A",0.046779832013985
"RAB27A",0.0466168675493422
"CIAO3",0.0464401196690421
"UBQLN1",0.0463704567083625
"MGAT1",0.0463288939365188
"LINC01134",0.0462882351155754
"INF2",0.0462355801010399
"AK2",0.0461495972983564
"CLUH",0.046077698748316
"MFNG",0.0460349875743878
"BRMS1",0.0458538384297474
"CEBPZOS",0.0458509882053922
"LYG1",0.0458410642348619
"H3-3B",0.0458324224200009
"RP9",0.045785907732076
"EIF2A",0.0457631664457954
"ACCS",0.0457471918509104
"TRAF7",0.0456333884723446
"B2M",0.0456098484068731
"SUPT7L",0.0455020791121003
"ELK4",0.0453356302802133
"IMMT",0.0453133633595172
"SLC35E2B",0.0450342756748506
"DNAJA2",0.0450331338925388
"NUDT2",0.044724493445568
"GNG5",0.0446626884415141
"DDX6",0.0445820994989371
"RPS18P12",0.0444942066052219
"GSTO1",0.0444878540371946
"ZNF765",0.0443794574439087
"RPL13AP15",0.0443375218128213
"RCL1",0.0442341805991843
"H3-5",0.0441790643463694
"MMP24",0.0441000657593299
"BROX",0.0439653853386991
"ARL10",0.0438811791725642
"EIF2B5",0.0438451641265198
"GZF1",0.0437361876144327
"TMTC4",0.0436742872506054
"DDB2",0.043591110525075
"IDH3B",0.0435427852861512
"LUC7L3",0.0434123705302018
"GPR89A",0.0433822290136242
"CYCS",0.0433399603821771
"RN7SKP23",0.0432643946265534
"MTMR10",0.0431857836460878
"TNPO1",0.0430261618360902
"AP2B1",0.0430066430539034
"ABHD4",0.0429604891504301
"EIF4H",0.0428685284359194
"UAP1",0.0427930486716594
"VPS13C",0.0427837905272732
"TDGP1",0.0426567525169611
"INTS6-AS1",0.042502830312137
"EIF3CL",0.0424916553896529
"SEC11A",0.0424826690444332
"ARFIP2",0.0424714803747508
"LAMTOR1",0.0424409652217242
"PSMA6",0.0421859546011206
"TES",0.0420104231315552
"IFT52",0.0420022786576036
"BAHD1",0.0419532936600859
"PALM2AKAP2",0.0419008452280945
"HEXB",0.0418948170348139
"CAPZA1",0.0418933647205137
"ASS1P1",0.0417882260130533
"TCF12",0.0417642053854145
"SETD4",0.0417335720565815
"SQOR",0.0417278201360335
"ARHGAP23",0.0416192858454945
"NBDY",0.0414416430636148
"MIR548D2",0.0414390267528659
"COX7A2L",0.0412685642742261
"EEF1A1P5",0.041087816703734
"ASTE1",0.0410799147560827
"SECISBP2",0.0410458172608146
"ELOVL5",0.0409927579819065
"CLTB",0.0409789373429341
"RPL4P6",0.0403598245851196
"ATM",0.0402720504757898
"FAM66B",0.040258647186528
"ZMYM4",0.0400273970413052
"RPS3",0.0399680505812842
"RPL6P10",0.0399179244188843
"ZNF37A",0.039909591770178
"SPAG16-DT",0.0397774338877678
"RAP1B",0.039689173238587
"RPS26P58",0.0395778342479456
"EEF1A1P35",0.0395209487455483
"ATP2C1",0.0392921367289734
"PI4KA",0.0392247882213011
"CTCF",0.0391008271285263
"MRPS27",0.0387987747109045
"MARK3",0.038646892316771
"MAT2AP1",0.0384321225795768
"RICTOR",0.0384211793356156
"RPS27AP11",0.0384184235107212
"SHBG",0.0383763765380268
"LINC00624",0.0383195436381677
"GTF2A1",0.0383121337497121
"ZNF384",0.0383091431044274
"RNF157",0.0382954131814359
"IARS1",0.0382819943096537
"RPS3P6",0.038182056159821
"ATP5F1A",0.0381198517789578
"ZNF677",0.0381052118701852
"PVT1",0.0380961514354839
"ZC3H4",0.038053354808257
"BTBD6P1",0.0379554803257606
"TOMM22P6",0.0379554803257606
"ATP2B2",0.0379554803257606
"RN7SL377P",0.0379554803257606
"CDCA3P1",0.0379554803257606
"AWAT2",0.0379554803257606
"CSMD1",0.0379554803257606
"TLE1-DT",0.0379554803257606
"ARL6IP1P3",0.0379554803257606
"ST13P11",0.0379554803257606
"CARMIL3",0.0379554803257606
"RHBDL1",0.0379554803257606
"WDR45BP1",0.0379554803257606
"MED15P7",0.0379554803257606
"UBC",0.0379244425296844
"ITM2A",0.0378726759058367
"EXOSC3",0.037769344313078
"SCAF11",0.0376193933040797
"DHRS7B",0.0375989378300744
"SNAP29",0.0375010774062747
"RN7SL656P",0.0374687206675902
"IMPACT",0.0373729138556072
"CDK11A",0.0373468779585387
"CGAS",0.0373337513181651
"EXOC5P1",0.0371655186011799
"KDM5A",0.0371251879498616
"HIPK1",0.0370345459090749
"GGPS1",0.0370201833453887
"VPS33B-DT",0.0369791296784773
"RINT1",0.0369783960180869
"LINC01625",0.0369463357416566
"RNF38",0.0368673362553731
"DNTTIP1",0.0367308836218535
"PLAU",0.036690577953563
"TPM3",0.0366844613144585
"UNC50",0.0366199985561999
"ALG3",0.0366133113013058
"DNAJB5-DT",0.0365916089821919
"PSMF1",0.0365423817933826
"EIF1B",0.0365349278188457
"TCP1",0.0364172268064642
"SLC35E1",0.0363709882655111
"AARS2",0.036350740667816
"TBC1D23",0.0362539116379755
"CDKN2AIP",0.0362438559529692
"CACYBP",0.0361503161438625
"USP3",0.0360861860783879
"VPS51",0.035935112630624
"PPP2R1A",0.0358409813193055
"CERS2",0.0356239135519527
"DISC1FP1",0.035594607930908
"C10orf55",0.0355294096795279
"TCF19",0.0352191273128674
"RPL10",0.0352158730218987
"STXBP3",0.0352089346912213
"CDC37L1-DT",0.0351145181878235
"TMEM94",0.0350090659468371
"MYADM-AS2",0.0349197747645142
"IL6R-AS1",0.0349164057315339
"CCNE1",0.0349075349931411
"FEM1A",0.0348795531512586
"EYS",0.0347803143062421
"ARHGEF1",0.0346892638075428
"XXYLT1",0.0345148993615253
"PNKP",0.0343948094463641
"DISP2",0.0341927256986934
"MT-TF",0.0338654487930275
"MINDY2",0.0338434023299006
"CRLF3",0.0338393288980464
"RAB1C",0.0337979727502563
"HMGB1P36",0.0335903555630763
"RNU6-765P",0.0335903555630763
"LINC02489",0.0335903555630763
"NAV2-AS4",0.0335903555630763
"DUXAP11",0.0335903555630763
"SRSF6P2",0.0335903555630763
"LINC01630",0.0335903555630763
"OR1M1",0.0335903555630763
"NPIPB11",0.0335467583761904
"RPS4XP4",0.0335394060661222
"LINC02790",0.0335394060661222
"TRIM43CP",0.0335394060661222
"HNRNPA1P67",0.0335394060661222
"GRXCR1",0.0335394060661222
"PACRG-AS2",0.0335394060661222
"KAT7P1",0.0335394060661222
"CHRNA2",0.0335394060661222
"RPS3AP33",0.0335394060661222
"IFNG-AS1",0.0335394060661222
"LINC01039",0.0335394060661222
"LINC02296",0.0335394060661222
"JDP2-AS1",0.0335394060661222
"CNOT6LP1",0.0335394060661222
"GABRA5",0.0335394060661222
"EIF5AP2",0.0335394060661222
"SLC8A2",0.0335394060661222
"KRBOX5",0.0334981315171394
"TMED7",0.0334957724722955
"CDH19",0.0334922951062474
"SUPT6H",0.0334849197780981
"RPL35P5",0.0334170087166216
"ZSCAN26",0.0333707264739247
"METTL23",0.0332907733182719
"OSTF1",0.0331054899919095
"FAM24B",0.0330693765018248
"PIM1",0.0330411132908132
"CARS1",0.0329962142519413
"NOL10",0.0329110111582751
"CERK",0.0329094374127942
"SKP2",0.0327486687812487
"BIVM",0.0326770568144565
"FZD1",0.0326407689362759
"C9orf43",0.0325450499204922
"NUP98",0.0325201292375222
"CEP76",0.0325184913576972
"HMGN1P7",0.0324546915206747
"CHPF2",0.0323894887580599
"PARP3",0.0323737981454418
"MYH13",0.0322608542020043
"ZBTB11-AS1",0.0321849605289114
"SRD5A3-AS1",0.0320902294139657
"RNF121",0.0320674527890892
"CLN5",0.0319236609773138
"NXT1P1",0.0318683320119987
"LINC01322",0.0318139780799821
"ZFAND5",0.0317885291854209
"PTCD1",0.0317731845058812
"RPL7P12",0.031759813489374
"RARS2",0.0317583413950347
"CRCP",0.0316842284460448
"IRAK4",0.031651678219672
"LINC01968",0.031623762798986
"IKZF5",0.0313352903557609
"CCDC86",0.0313339762092978
"ZNF394",0.0312476481339024
"HIF1AN",0.0310737410985463
"IBTK",0.0310509614908777
"ECD",0.030904575135744
"CLEC4D",0.0308320623265438
"AP4E1",0.0308090890001184
"CSDE1",0.0307773467221651
"MLLT11",0.0307068030991589
"ENOSF1",0.03065824609408
"SENP7",0.0306120540502358
"EPG5",0.0305493257961702
"CCNL1",0.0303842991845059
"ACTR3-AS1",0.0302750357765756
"ETV3",0.030260021441668
"RBBP7",0.0299743155201652
"KIAA1191",0.0299449042117682
"TAF2",0.0299212179854988
"CCDC61",0.0298850700576683
"EIF2AK4",0.0298832215628323
"LINC01643",0.0298046627252646
"ERCC8-AS1",0.0297739307859913
"NDUFA8",0.0295536932670358
"ASF1A",0.0295380257765097
"PPP6C",0.0295307223375456
"CFAP144P1",0.0294874968470868
"RNH1",0.029344892329791
"DPP9",0.029340356938779
"C6orf89",0.0293361171085562
"SOX2-OT",0.0292824786593476
"XRN1",0.029280888297141
"CLPTM1",0.0291011570573285
"FNIP2",0.0290438666791154
"STOML2",0.0290301197870158
"KCNJ10",0.0290171476170294
"ZBTB20-AS5",0.0289818499803803
"SPART-AS1",0.0288136776554587
"EIF4A1",0.0286922316080313
"TRO",0.0286580975032543
"CORO1B",0.0286409036232236
"GLS2",0.0286010827722308
"TOP3A",0.0285764124766274
"SLC2A2",0.0284761641396109
"SCIN",0.0284322615680277
"PLEKHO2",0.0282003106602169
"BTBD6",0.0281975611817957
"CEP104",0.0281070685174275
"RNF25",0.0280830803663931
"SIGIRR",0.0279383978231756
"OR7A10",0.0279367061218693
"PLIN3",0.0278784947870536
"FCHSD2",0.0277712434078696
"TIPARP",0.0277601782173011
"SLC35D2",0.0276369459234773
"ACP1",0.0275930756016544
"JRKL",0.0274180166597981
"NDUFB7",0.027362979658322
"SEC24B",0.0273319398550847
"TMED2",0.0271127556361327
"HMGB1P4",0.0271107773257476
"CRTC3-AS1",0.0270958333257129
"TAS2R30",0.0270545095931619
"ZNF451-AS1",0.0270225467769225
"CARHSP1",0.0269406856298674
"LUC7L2",0.026793945350738
"RPL13AP25",0.0267675506988806
"KIF16B",0.0267534816841781
"EXOG",0.0267047506928137
"ACTG1",0.0266249485274632
"MCL1",0.0266071646752036
"COL19A1",0.0265777137487865
"SMCHD1",0.0264775935651828
"ZNF451",0.0264612818475586
"TTC14-DT",0.0262947063346625
"MARK4",0.0262014577298499
"GNPAT",0.0261942109936269
"ANKRD13A",0.0261311040153886
"CHRFAM7A",0.0260781771320687
"SH3RF2",0.0260620739432882
"LMO7",0.0260541319098414
"HSD17B13",0.0260532869130837
"RPAP1",0.026038302850327
"MTCO1P40",0.0259565499682889
"MAB21L3",0.0258854317027007
"UGT1A9",0.0258854317027007
"LINC01936",0.0258854317027007
"STRIT1",0.0258854317027007
"LINC02283",0.0258854317027007
"CFAP90",0.0258854317027007
"MCIDAS",0.0258854317027007
"PSD2",0.0258854317027007
"LINC03003",0.0258854317027007
"MICALL2-DT",0.0258854317027007
"LINC01447",0.0258854317027007
"CTAGE12P",0.0258854317027007
"RPSAP75",0.0258854317027007
"LINC01926",0.0258854317027007
"CYP4F2",0.0258854317027007
"ZNF117",0.0258039281646817
"SLC66A1",0.0255346771971395
"KANSL3",0.0255330154535325
"LINC01607",0.0255321653494399
"TMEM191C",0.0255020438986629
"PRUNE2",0.0254940293582779
"GIGYF2",0.0254855124724736
"PCCA",0.0254501477526822
"NPFFR1",0.0254083915281809
"CIMAP1B",0.0253857709657321
"ALKBH5",0.025359842170952
"CBARP",0.0252522086340177
"CBX1P1",0.0250881406482001
"ARMCX2",0.025023226402351
"PLXDC2",0.0249446496339161
"STX16",0.0248626326169001
"TMOD3",0.0248304666050498
"CNPY2-AS1",0.0247913336682946
"UFL1",0.0245956442975916
"BTG3",0.0245325832634057
"ALG1",0.0245312630370067
"FLII",0.0245275777538014
"IMP4",0.0243512017782734
"RNU4-5P",0.0243296100895459
"HSD17B12",0.0242200631227811
"ELK1",0.0242196326379088
"MTFR1L",0.0240490777668329
"SLC5A10",0.0240058513742019
"NACA3P",0.0239725441555159
"SNRPA",0.02379520262069
"PPP1R3D",0.0237569555389451
"LINC00115",0.0237313792915671
"SLC35D1",0.0237282776742007
"APOBEC2",0.0235006142709773
"RING1",0.0232825810675994
"PRMT2",0.0231758974870079
"MED16",0.0231610216627239
"NF1",0.0231582262972819
"POLR2G",0.0228998388674382
"CHRAC1",0.0228710848722571
"AKT3-IT1",0.0228614910640808
"SCEL",0.0227783320522211
"GABRA3",0.0227002792642043
"KCNS1",0.0226848259203686
"CDKN2AIPNL",0.0226823257917574
"TET2",0.0226075561510272
"STAMBP",0.0225918425800003
"ASL",0.0225555089697859
"PRELID1P6",0.0225311420808748
"NOCT",0.0224953300712294
"ADD3",0.0224810272509437
"MTRES1",0.0224619872606354
"UBOX5",0.0224004318782977
"NMI",0.0222665575004383
"CMAS",0.0222435199836849
"ZNF846",0.0221776734318396
"NEDD9",0.0221573842454559
"TMEM9B",0.0221468869399766
"RBM17",0.0221384305244631
"TMEM134",0.0221355218609067
"RRM1-AS1",0.0220670724142894
"LINC00458",0.0218957901109492
"TRABD-AS1",0.0218422717211082
"EML2-AS1",0.0217662409966636
"NCOA6",0.0217375636450587
"COPS7B",0.0216943429094651
"PA2G4P1",0.0215611862330944
"ERCC3",0.0214851753983582
"CREBBP",0.0214606205432694
"PCNX2",0.0213061458802985
"DENND11",0.0212530680445609
"GNPDA2",0.021230483153292
"HSPD1P3",0.021205811430932
"ABTB1",0.0209517304470424
"BAZ1A",0.0209128147356167
"EME1",0.02080241544294
"UBE2Q2",0.0207643001404391
"YBX3P1",0.0207076963448213
"ARHGAP15",0.0206860937858532
"CYRIA",0.0206294080079617
"UQCC6",0.0206133156918952
"HMCES",0.0205621893685665
"S100PBP",0.020547340259873
"NOC4L",0.0205466355847094
"NPM1P29",0.0205346274568234
"AKT1S1",0.0204084441383578
"PSMD14",0.0203478699276471
"HSPG2",0.0202259555331178
"CSMD3",0.0200201546902295
"CALHM6",0.0199331183846155
"RAF1",0.0199313641760566
"C14orf39",0.0199183319617496
"AASDHPPT",0.0199043804899468
"S100A11",0.019785400970941
"RASSF2",0.0197570250488896
"YBEY",0.0197052579430623
"VNN2",0.019704983440022
"CSKMT",0.0196339987081486
"PPIL1",0.0195280873333629
"NECAP2",0.0194894377947514
"CAND1",0.0194505730303431
"CADM1",0.019427131396613
"PSMC4",0.0193150832112667
"WDR74",0.0192262339427361
"C8orf82",0.0191795170920578
"PDAP1",0.0191737766638857
"RPL36A",0.0191723498857448
"RABEP1",0.0191189912072825
"YWHAZ",0.0191102588156673
"EEF1D",0.0190933542653786
"MRPL54",0.0190641493805649
"EPHX1",0.0190200008347304
"FTLP2",0.0189830408722893
"TMEM14B",0.0189638102475978
"HNRNPK-AS1",0.0188933501403024
"DIS3",0.0188799379839978
"SPCS1",0.018873043889911
"FIRRM",0.0188533258524566
"PPP2R3A",0.0188334337061511
"HOOK2",0.0188153459604614
"TMBIM6",0.0187340752714214
"CDKN2A",0.018717724149251
"PPP2R3C",0.0186530172964694
"RBMX2",0.0186373146039156
"MORF4L1P1",0.0186065296755208
"TAP2",0.0185677054841788
"PEG3",0.0185003001297846
"MSN",0.0184951663188009
"RILP",0.018490831801613
"FDFT1",0.0183922870489732
"PHC3",0.0183680349015192
"THAP2",0.0182661400716371
"ILRUN",0.0182016523112394
"RPS2",0.0181979808628286
"ZNF281",0.0181673759889
"CPS1",0.0180983531487062
"PSMC1P1",0.0180562379809058
"ATAD3A",0.0178599235026314
"COPB1",0.0178290029065903
"TBCK",0.0177670663713714
"RNF19B",0.0176314845174934
"BHLHA15",0.017606409346642
"EIF3FP3",0.0175874135091543
"SNX10-AS1",0.0174987699648735
"UBR5",0.0174530408146948
"TMEM109",0.0174115218792046
"MEMO1",0.0173669201276464
"TBC1D9B",0.0172805777280584
"GPAT4-AS1",0.0172225517312684
"SMARCA4",0.0171452197912653
"HOXA10",0.0169718375501189
"PKN3",0.0168617327306956
"TM2D3",0.016848385679189
"RPL12P1",0.0166843747804874
"MRAS",0.0166528582107703
"ATXN10",0.0166239401219471
"DPH1-AS1",0.0165605517558849
"RPS27AP5",0.0165575226784414
"TRIM37",0.0165298000985113
"THOC1-DT",0.0164521997385396
"PDK2",0.0164198986482699
"DHX29",0.0162791017858656
"FLYWCH1",0.0161942133427903
"E2F3P2",0.0161425163679844
"GRIN2D",0.0161425163679844
"FAM234A",0.0160165347535883
"EMSLR",0.0159244456172779
"SND1-IT1",0.0158204554967014
"SSR2",0.0158114469393553
"NDUFAF1",0.0157458491170124
"ZNF836",0.0156154133727499
"HIBCH",0.0155861500267174
"ABCF1",0.0155486990380206
"SCD",0.0154283141434836
"TMEM123-DT",0.0153377715507444
"NPM1P6",0.0152468779575842
"DCAF8",0.0150358083211192
"ADD1",0.0149918653566383
"AUNIP",0.0149783807187656
"JRKL-AS1",0.014974389293033
"GATC",0.0149664416180968
"DLD",0.0148685948518504
"PDIA3P1",0.0148635731185173
"SON",0.0148573199035308
"FKBP8",0.014786619476592
"PHOX2A",0.0147707000278972
"AADAT",0.0146303670844147
"WSB1",0.014626262960951
"TAF11",0.0146262481652051
"LINC00899",0.0145428958720576
"CTF1",0.0145233729601107
"RN7SL382P",0.0144702854036518
"SRPRA",0.0144339598093034
"UBL4A",0.0143482475864253
"DNAJA1",0.0143417755143124
"MLST8",0.0143288781002514
"C1orf43",0.0143058602102796
"ZBTB1",0.0142654080199243
"MZF1-AS1",0.0142135296455735
"SNORA84",0.0141927374419146
"MTCO2P12",0.0141749123589964
"TUFM",0.0141745397899048
"RBM33",0.0141214947463849
"STX8",0.0140961798858667
"RPL5P17",0.0140484569126626
"SEL1L",0.0140440492338676
"GLI1",0.014027379129969
"RABL2B",0.0140105467219228
"SNRPA1",0.0139550072001086
"PRDX1",0.0139160027066231
"EEF1A1P1",0.0138934651610132
"MRPS15",0.0138696176692694
"FTH1P23",0.0138646461423216
"VPS11",0.0138520748225374
"EOGT",0.0138337199085531
"TOMM20",0.013792944406277
"LINC02350",0.0137700593806089
"NASPP1",0.0137581843037043
"SEC61B",0.013746915735943
"LINC01036",0.013740856795479
"ABCA13",0.0136255866691984
"TEFM",0.013617627368008
"FEM1C",0.0136090575026297
"CCDC27",0.0135961081118703
"NEK5",0.0135925558041479
"IPO8",0.0135755320977119
"USB1",0.0135248266292149
"GREB1",0.0133610250314041
"RNF214",0.0133054296887253
"RSRP1",0.0132383768364329
"PIGX",0.0132333408507392
"PLEKHA3",0.0132320868955122
"PSMA5",0.0132230952993253
"RNU6-60P",0.0132036393678587
"MIR762HG",0.0131605887332774
"CHUK-DT",0.0131479884768464
"ERMP1",0.0130913983322337
"ASB1",0.0130648019047046
"MT-TK",0.0129988136919347
"RPGRIP1L",0.012976335370065
"ZC3H13",0.0129561469297859
"MIR6126",0.0129512440251557
"CSTF1",0.0128565939693113
"DAPK3",0.0128486848435353
"COPS5",0.0127984326310308
"HUWE1",0.0126857318504403
"DLEU7",0.0126640278221434
"FBXO28",0.0126622121867867
"BAZ1B",0.0126540340750768
"TSEN34",0.0126484134002478
"RTL5",0.0125827761002273
"ABCF3",0.012580275112187
"SBNO1",0.0125510516811403
"UBE2Q1",0.0124720675121266
"PTGES2",0.0124595638823135
"FRRS1",0.0124552496407943
"SLC38A2",0.0124027744877418
"CNPY3",0.0123242567641462
"GTF3A",0.0122995832210471
"DLEU2L",0.0122958034034159
"GPATCH2L",0.0122910330199071
"SAP30",0.0122294266995694
"NPIPA5",0.0121985518261862
"STX17",0.0121336843207076
"ARL6IP6",0.0121336270818876
"STUB1",0.0121079305048856
"ERICH6-AS1",0.012050528239562
"DNAJC2",0.0120362690514084
"CCDC159",0.0119734617080305
"ITPK1",0.0119576714251773
"MRPL19",0.0119024629447374
"MMADHC",0.011876655459452
"RPL26L1-AS1",0.0118696769773028
"SMG7-AS1",0.0117973213004404
"PLD3",0.0117953010864637
"MAP1LC3B2",0.0116724850569252
"GTF2F1",0.011653126916711
"SPPL3",0.011608303869941
"MR1",0.0116051117153479
"TIMM13",0.0115995323258478
"FAM181A-AS1",0.0115957139856037
"DNAJC5",0.0115582415654948
"DCK",0.0115492125385189
"GAS1",0.0114701635461487
"C9orf152",0.0114471614362266
"POTEM",0.0114021059305585
"TM4SF19-AS1",0.0113643175207488
"C11orf98",0.011333280714605
"AGPAT3",0.0113005951473682
"CDC42P6",0.0112725430332226
"SBF2",0.0112401009655749
"TRAF3IP2",0.0112176170160135
"CHMP1B",0.0111880588935428
"RPS9P2",0.010943202537679
"MIR4300HG",0.0107744295826509
"IPO4",0.0105154204678393
"HSDL2-AS1",0.0104859311166459
"ATP6V0A1",0.0104727715968618
"CARS2",0.010472578165618
"DIS3L2",0.0104366762510208
"FAUP1",0.0104136846263598
"SPDYE21",0.0103965141083307
"STMP1",0.0103955510462923
"FAM90A1",0.0103930239035011
"RSL1D1-DT",0.0103620567260668
"HAGHL",0.0103507338966864
"BCL2L2",0.0103031503017968
"NFX1",0.0102760030875699
"AMD1",0.0102628151949261
"HNRNPD",0.0102299105338998
"PARL",0.0102296859647934
"ARIH1",0.0102057373765075
"PFN1",0.010158454771648
"TAF1C",0.0101297334988367
"TDRD9",0.0101065031093915
"CCNI",0.0100967797895519
"NOTCH2NLA",0.010090764429957
"TMPO-AS1",0.0100447941995517
"NIFK",0.00988690812423553
"PEX2",0.00985133190903124
"CPSF7",0.00974466806470078
"NPM1P5",0.00969944454201225
"POMT1",0.00963952568846693
"MEIS2",0.00945265690177696
"LIX1-AS1",0.00941499467642873
"TIMM22",0.00940176858195321
"KPNA2",0.00934850516630346
"EIF4A2P4",0.00926495671763201
"BRF1",0.00923308771188041
"MT-TN",0.0092100951793925
"TRIM8-DT",0.0092055252430566
"PNKD",0.00917570155683743
"TNNC1",0.00915168791918143
"SLC2A8",0.00913550318040862
"KXD1",0.00905633065491537
"PARP10",0.00905025732428736
"SPDYE16",0.00904073379243022
"RRS1-DT",0.00898372789203028
"WDR81",0.00897545567688317
"MAP7D1",0.00891737253858919
"NRAD1",0.0088989948154528
"STK17A",0.0088452005905988
"RAB24",0.00883056850242582
"MLEC",0.00871161916726204
"NRF1",0.00866040091641378
"SNX2",0.00858470209752461
"UBE2MP1",0.00854148405956783
"NAV1",0.00851541429500287
"CNIH4",0.00849029719388701
"MTCO1P2",0.00845530088407938
"ZNF25",0.00838169907060119
"PRDX6",0.00838066667628498
"DUT",0.0083467981085163
"ADPRS",0.00822199835674647
"MRPL37",0.00818969141529289
"CSNK1A1",0.00818653032649273
"TTN-AS1",0.00805320138365936
"ABCA9",0.00805039748250815
"GIT1",0.00803891691580836
"ZCCHC2",0.0079913750500834
"RPH3AL",0.00798887768908054
"MXD3",0.00796522090842253
"ARFGEF2",0.00794822960388902
"FXR1",0.0079174283724629
"AIP",0.00790862817033157
"PPP1R21-DT",0.00788679706588292
"FBXL6",0.00787547663793403
"ANGPTL7",0.00786458818841799
"NOP53-AS1",0.007851119246796
"KLRC1",0.00781950555764662
"RARRES1",0.00778619261066435
"PPT1",0.00777530635856739
"GEMIN7",0.00770802894511969
"VAX1",0.00768844779470461
"CWC15",0.00765163570622303
"CAPN3",0.0076109110101581
"DCPS",0.00755874784445229
"NANS",0.00752194768852849
"ECI1",0.00746115300926187
"CREBL2",0.00741874953986038
"LINC03072",0.0074028852363056
"HMGB1P12",0.00738905719528442
"NSD3",0.00738586485714355
"EWSR1",0.00731865835166189
"DLG1",0.00730313741265627
"WDR31",0.00724800761344176
"MOSPD2",0.00724324576287379
"PRPF39",0.0071109009809265
"ACTR2P1",0.00708701143528073
"PSMB2",0.0069722594584669
"NDUFS7",0.0069593282222945
"STT3B",0.00693793141651687
"ADGRV1",0.00689157623952354
"CUL2",0.00678379612373595
"THOP1",0.00677357296307373
"DUOX1",0.00669714015302454
"SIVA1",0.00666870057112971
"LINC00279",0.00666066399851032
"LRIG1",0.00660308930293584
"CYREN",0.00652150664643755
"YIPF1",0.00649616928229525
"DSCAML1",0.00647041394432861
"DLX6-AS1",0.00644649742288378
"ATF6B",0.00642796939705422
"GLB1",0.00641896857095407
"ACAT2",0.00640872495061667
"TH2LCRR",0.00640339021914038
"EIF4E2",0.00638872614893452
"EPC2",0.00632094808770968
"MIR181A1HG",0.00631129803623761
"TICAM1",0.00630473443828996
"ZNF714",0.00630199451717253
"C22orf39",0.00623888497293988
"TGOLN2",0.00622942722395577
"WBP11",0.0061216250387845
"NOL8",0.00600369277488801
"MAPKAPK5",0.00591845669317806
"AK6",0.00585292713087302
"FAM83E",0.00584507328605944
"DDX18",0.00584474811736209
"GSR",0.00583634016917806
"THOC6",0.00581616315701335
"NOMO3",0.00580448389212476
"PPP1R35",0.00580191325311301
"NAA25",0.00570756574106123
"TMEM165",0.00565397592866357
"CDK6",0.00557941882992191
"SYT11",0.00557879730106106
"PCGF5",0.00554265898718681
"SAXO4",0.00553848741341798
"GOLGA8A",0.00549996677293415
"PARP12",0.00544395661177681
"RAB18",0.00539182260919739
"DMTF1",0.00538189076680676
"PNPLA4",0.00537659180883838
"RPS15AP38",0.0053555985715358
"DENND10",0.00531346545651937
"EIF2AK2",0.00528879006582804
"ZC3H15",0.00525653705078531
"NUP58",0.00524276317974044
"ZNF407",0.00516720516422576
"FAM3A",0.0051605978646686
"TET2-AS1",0.00514712662985284
"SCMH1-DT",0.00514171062539774
"ATPAF2",0.00504542633416416
"SRSF3",0.00492400854419658
"ZNF526",0.00490253679103547
"LINC00951",0.00486237737788071
"POLHP1",0.00485756749214835
"KHDRBS1",0.00485730349001103
"APEX1",0.00485348222601058
"ZBTB25",0.00484378765399452
"PA2G4P5",0.00479860078380228
"LINC00907",0.00479860078380228
"POTEC",0.00476942392709877
"MIR222HG",0.00475526580257348
"RPSAP12",0.00473779753215957
"LRRFIP1",0.00473082132753919
"H3P36",0.00472458004630364
"ARHGAP33",0.00470191994746893
"CCDC33",0.00467110927391462
"EXOSC5",0.00465739175873662
"NPEPPS",0.00464811986005816
"ORAI3",0.00464432247054724
"SETD9",0.0046345043177074
"PP1P",0.00463150224486106
"BORCS7",0.00461672205472209
"HERPUD2",0.0046036944414608
"BOP1",0.00457707700370072
"RPL15P22",0.0045655942171859
"GAPDH",0.00452610447621212
"INSL3",0.00451186792177725
"CCNO-DT",0.00451183995532881
"TCN1",0.00450886104011819
"SERPINB11",0.00450377314999175
"PCA3",0.00448741809389982
"SLC16A10",0.00445250363064857
"CCDC167",0.00444195492483466
"RPL21P60",0.00443502316996379
"TNKS",0.00442473224507342
"ZNF3",0.00439233970054272
"RPL3",0.00438132573803835
"SF3B5",0.00437715708411082
"ZBTB41",0.00436881209366005
"MSH6",0.00435243392808388
"LINC02464",0.00426906183116513
"PPP3CC",0.00424459842244977
"EIF4A3",0.00421930576353025
"APPBP2",0.00418248323719809
"ING2",0.00418192100209691
"CPB2",0.00412232432304109
"PRKDC",0.00408465945267827
"TMEM183A",0.00408106103883938
"ARHGAP26",0.00402025025036113
"DAZAP2P1",0.00401086338249729
"CENPL",0.00397058575352139
"RPL36AP21",0.00388720791949004
"COL4A4",0.00387893971503841
"CD27",0.00387619709272831
"NOP53",0.00386380437019633
"CHST1",0.0038578937691419
"ADIPOR1",0.0038545055015155
"EPHA7",0.00383826853912885
"STAG2",0.00383388762092107
"WDR93",0.0038224141056432
"EVA1B",0.00380658171943343
"SNAPIN",0.00380113268511228
"KLHL21",0.0037622272317907
"SLC1A4",0.00370473489515452
"PWRN1",0.00367722590311555
"FSD1L",0.00367648209430842
"BTN3A3",0.00362337677672376
"PCSK1",0.00360173885659294
"ZNF518B",0.00359662926325725
"ANO5",0.00359360885862033
"ZNF473",0.0035755557984621
"CMPK2",0.00354189713094188
"OR4D1",0.00353162689672353
"RPL21P131",0.00352415825352829
"CD164",0.0035157144351725
"TRAPPC8",0.00349713711435827
"BMS1P20",0.00347903457294808
"RIDA",0.00344484335332527
"HSPD1P12",0.00343849367717392
"PRPS2",0.00339966171816757
"WIPF1",0.0033910982277945
"KIF5A",0.00335398008655995
"NFYC",0.00332222416097789
"RAB1A",0.0033145644530547
"EFCAB12",0.003296052490028
"CFAP36",0.00328590262665729
"JMY",0.00325551822154102
"GRTP1",0.00323886103456521
"MTF2",0.00318968126727792
"ICAM1",0.00317490887118225
"SNORD3A",0.00317276079394488
"MIR548AA2",0.00315146553347807
"PTRH1",0.00313800494765176
"GNAQ",0.00312433936364046
"SURF1",0.00312412458971661
"LAMA1",0.00312326375361649
"SLC3A2",0.00309768090031346
"TLK2P1",0.00308488238577597
"MYO1H",0.00306428860567045
"HTATSF1",0.00306116138646973
"RIOK2",0.00298097905999674
"EXOC3",0.00292471207462005
"PLEKHA8",0.00292029943684186
"NOP2",0.00287966985940187
"COX17P1",0.00285171167905261
"HLA-DRB1",0.00282896613026508
"ORC2",0.00280552670443166
"UFC1",0.00280084057989939
"NEMF",0.00277934072709899
"ANP32E",0.00277548693227895
"SP110",0.00274134132484782
"EPC1",0.00274090811333114
"SPR",0.00273972823668499
"RPS20P2",0.00271782969494328
"EFTUD2",0.00264312205699596
"WAPL",0.00263853205507159
"LINC02405",0.00260228497330197
"LRRC46",0.00260185042725209
"TADA2A",0.0025866141337431
"PSMB8-AS1",0.00257787420381904
"CYP7A1",0.00254553060177551
"CFAP20",0.00252766237310684
"BICD1",0.0025228152720767
"OTUD6B-AS1",0.00251000900735358
"RHBDD3",0.0024947497212438
"PIN1",0.00246600369563271
"SCOC",0.00244038566812387
"SSR4",0.00242411320417786
"PEX10",0.00239722522613677
"EEF1A1P46",0.00237946749562648
"AMN1",0.0023789723097488
"PPIAP74",0.00234997372503397
"HSDL2",0.00227538883098006
"IPO9-AS1",0.00227228338857338
"GNAI3",0.00227069911344013
"GALNT10",0.00226986625322853
"DHX9-AS1",0.00225300164076213
"PPIAP19",0.00224843957897893
"CCDC78",0.00224396686061519
"HNRNPA1P12",0.00224096622706875
"ADGRA2",0.00222979072379286
"EZH2",0.00221973724626394
"AHCY",0.00220269743281713
"MEA1",0.00219705220062024
"UBE2E1",0.00219702381122473
"MTND2P28",0.00218307956998016
"GABBR1",0.00216768109603997
"AP5S1",0.00215663813364175
"MUC4",0.00215600681254113
"DLGAP1-AS2",0.0021501669705692
"CNBP",0.00212461167936535
"SMC5",0.00212432598012705
"RPS4XP1",0.00209705280398611
"RAD21",0.00207832003204875
"TCN2",0.00207162360786207
"EDEM3",0.00205004291913415
"EIF1",0.00203917125161769
"NXT1-AS1",0.00202944104446535
"EID2",0.00198929044945544
"GORAB-AS1",0.00198808162344238
"SNORA16B",0.00196905097575581
"RPSA2",0.00195282481128658
"SNRPB",0.0019526504945421
"TMEM175",0.00192274917763811
"TMSB4XP2",0.00188551463951109
"MCC",0.00187809066395424
"ZSWIM6",0.00185016666754374
"UQCC4",0.00184537966514382
"TNFSF4",0.00184248068684537
"KAT6B",0.00178969049688512
"CCDC24",0.00177681266269908
"MRPL12",0.00177545656735389
"ZNF236",0.00175314246077468
"ACVR1",0.00174943305438935
"RPL37P23",0.00174265584925465
"UBE2J2",0.00173009379423769
"ZNF638",0.00171866334494559
"MT-CYB",0.00171835156701543
"MON1A",0.0017063022250163
"SYTL2",0.00170471693556469
"HPF1",0.00170467471190342
"ULK2",0.00168757358133409
"EIF3D",0.00168508345647209
"RPL29P26",0.00164457051829797
"CRNKL1",0.00161698987739648
"NHP2P1",0.00156782441300826
"HNRNPA3P3",0.00156334335461946
"HEATR6",0.00156023516540645
"ZNF460-AS1",0.00155022638619586
"VOPP1",0.00152962013558758
"ITGA6-AS1",0.00152436185178581
"EIF4BP9",0.0015218430201956
"LRWD1",0.00152151833390373
"TLCD1",0.00151678351842052
"ESYT2",0.0014997561001928
"C5AR1",0.00149580644835337
"NDUFAF6",0.00144640971103259
"SUMO1P3",0.00142652948309125
"LMLN",0.00139060731091665
"MYO1E",0.00138645073445824
"LILRA2",0.00138557881781211
"HNRNPK",0.00136929734639484
"MRTO4",0.00133705689815204
"RRP12",0.00132718263692097
"OXA1L",0.0013172416490465
"TVP23A",0.00130556342182689
"SUGT1",0.00127899538628988
"PTOV1-AS2",0.00127474190203847
"MKRN2",0.00113158633355664
"LINC00581",0.00112617041786904
"RBM26",0.0011210991487999
"GTF3C5",0.00110439617289653
"GADD45GIP1",0.00110439546051721
"COA3",0.00108860779580237
"FRMPD3",0.00108818735531318
"MTCL2",0.00103276127801051
"DND1P1",0.00102700443938514
"HEXIM1",0.00102384559385636
"SAR1B",0.00102214118066503
"TAOK3",0.00101950612486377
"AKIRIN2",0.000989129328330435
"EIF3LP3",0.000966753160273797
"FAM124A",0.00096386594591164
"NASP",0.000939947127261502
"FTSJ3",0.000932862816587419
"TOPORS",0.00093136027384617
"RN7SL750P",0.000926197155024718
"BCL2L12",0.000922400670234104
"PJA2",0.000909612217410357
"SECISBP2L",0.000909550131671626
"ATP5F1C",0.000907819380326318
"BSCL2",0.000905487413776912
"SIAH1",0.00090047944681884
"SPG11",0.000870856310597761
"SAE1",0.000854312412853676
"CLK4",0.000846994437774107
"TMEM245",0.000843510272829099
"BRD3OS",0.000831493241049754
"FAM120C",0.000812179615595148
"ZFAND6",0.00080032047593946
"SUV39H2-DT",0.000799450014017231
"RNASEH1",0.000797025015591085
"DTD1",0.000788208877230914
"ILK",0.000766463208265409
"SRSF4",0.000763705184469586
"RPL21P97",0.000763329927706368
"TRIP12",0.000749971129465517
"INSIG2",0.000749248147012363
"LINC02963",0.000744891101175238
"NPM1P24",0.000741723149226432
"SS18",0.000713166857041206
"DHX9",0.000712847989781895
"RPL10P12",0.000706612263218572
"VPS13B",0.000703837343877035
"QRICH1",0.000700209029110638
"ALKBH2",0.000693822828251132
"ATP5MG",0.000675243997423478
"NHLRC3",0.000670944992924789
"H2AZ2-DT",0.000640853197181554
"NALCN",0.000634231330419473
"NELFCD",0.000626125833415007
"ELAC1",0.00062243965151663
"MED31",0.000607581989352485
"SPEN",0.000603447092058412
"RNF7P1",0.000603319822828485
"ATL1",0.000599510061472163
"DENND4C",0.000585167923472077
"CPEB2",0.000578656895887176
"EPIC1",0.000554003881440561
"NIF3L1",0.000550121416268574
"KCNB1",0.000545763093924749
"SULT1B1",0.000542700384203495
"STAU1",0.000536441278425344
"SELENOT",0.000531962754935742
"RHBG",0.000530674237176209
"MAP1LC3B",0.000528448565033856
"YWHAZP5",0.000523786191941878
"BCAR1",0.000505104471775394
"ACMSD",0.000504632448575518
"RPL21P11",0.000495112540565052
"BANP",0.000491877897561526
"ZFC3H1",0.000491757510667604
"UQCC3",0.000486725609933275
"CHCHD3P3",0.000484153933158825
"MAP3K3",0.000461025096476937
"RNF4",0.000457123466084287
"AHCYL1",0.000451942161829816
"ETFDH",0.000444617534724786
"AP1AR",0.000418883278006414
"ELOVL1",0.000415171020208895
"ATP6V1G1",0.000408904662404407
"AGO1",0.000403571364048582
"ENO3",0.000402809780178315
"ACAP2",0.00039861043850512
"SF3B2",0.00038822315210091
"FARP2",0.000386726336420428
"ETFB",0.000384809801070019
"COMP",0.000383492027350412
"DNAJB5",0.000376236607437999
"SH2B3",0.000375904025946942
"OR2I1P",0.000362587932567795
"APPBP2-DT",0.000359466163577373
"B3GNTL1",0.00035638694209624
"IL18BP",0.000351789302994017
"TRMT2A",0.000344066481083139
"RBM48",0.000343838281254467
"ICAM4-AS1",0.000331474052363041
"RHEBP1",0.000327916705619362
"VAMP4",0.000327648030769323
"PGLS",0.000325434103901079
"VPS72",0.000324819845723278
"ARID4B",0.000314285736419888
"CCNK",0.000313912543661149
"TEX2",0.000313508225318717
"MINDY3",0.000300499210688898
"PAIP2",0.000285193131990894
"CCND2",0.000257018255690155
"KCTD13",0.000251201215495293
"KDM1B",0.000239392961097592
"ARPC3P3",0.000237798809709664
"C2orf49-DT",0.000236329162009708
"SSH1",0.000233432871621904
"RN7SL749P",0.000226174535797634
"HES4",0.000223495501706268
"BLOC1S2",0.000221423266130802
"MPLKIP",0.000215666595413713
"MICALL2",0.000200323708411721
"FEM1B",0.000182650507800864
"NRIP1",0.000178077582638551
"EP300-AS1",0.000177117125634961
"SRP54",0.000172270495508251
"PHF10",0.000164369406261025
"RHOBTB2",0.000162710363795318
"THOC7",0.000156927594915812
"TRIM28",0.000142208598140979
"CHST9",0.000137568848568086
"ZNF335",0.000136669439328974
"AURKAIP1",0.000119706021478739
"TAF1D",0.000118325813498521
"SMIM19",0.000115743311704534
"RENBP",0.000106349591629256
"EIF5",9.33601257218242e-05
"KMT5B",9.24996949351199e-05
"SMARCAL1",8.6874702840148e-05
"SRRT",8.61952302636112e-05
"KLHL17",8.37838055947773e-05
"SULT6B1",8.1154815177863e-05
"PRDM4",7.8076965308346e-05
"UBR3",7.79056437341728e-05
"RXRA",7.78047744903894e-05
"HEATR4",7.7775504682699e-05
"RMND5B",7.77337822656105e-05
"SNORD11",7.7082449611207e-05
"MSRB2",7.4058580462333e-05
"GOLGA5",7.21768349648497e-05
"NFU1",6.6317548067931e-05
"UBE3C",6.59948221671817e-05
"BCL7A",6.17135213519207e-05
"NUP133",6.01238407959498e-05
"HSPD1",5.99017848795749e-05
"PPP1R14B",5.45427303049535e-05
"CDK5RAP3P1",5.09963232679303e-05
"MYO9A",4.82507137375606e-05
"STK11IP",4.7794679702173e-05
"DOCK5",4.51175107359395e-05
"MCRIP1",4.45354502101434e-05
"MAEA",4.3907982799718e-05
"CNBD2",4.38721084020891e-05
"MCU",4.2647000661336e-05
"LUC7L",4.04677817238745e-05
"TNRC6A",3.47317086509111e-05
"MIR374C",3.30112650777525e-05
"TLK2",3.10885454412997e-05
"LINC00960",2.86513421620048e-05
"RPL15P3",2.64933910645092e-05
"SNHG21",2.57829529581064e-05
"CDKN1A",2.41079081597976e-05
"ZNF773",2.38881270057061e-05
"BRAT1",2.12568175838141e-05
"CCDC74BP1",2.11287421693189e-05
"RPL7AP62",1.96768756968507e-05
"IGSF22",1.90262971100985e-05
"RDH11",1.84064065104261e-05
"SMU1",1.52965835616414e-05
"TRADD",1.34696959774143e-05
"SRSF5",1.29143749331663e-05
"MED15",1.25701640043433e-05
"PLBD1",1.00592693269235e-05
"MAILR",9.26702725026044e-06
"ARHGAP35",6.59446793096089e-06
"USP10",6.40679016637124e-06
"TAF10",5.32433997000586e-06
"LINC02202",4.79311386251384e-06
"C14orf93",2.93800896052398e-06
"TOR1AIP1",2.71691359313383e-06
"PNO1",2.20089042675656e-06
"PDK1",1.8031215365602e-06
"PLEKHA2",1.60748685279782e-06
"POLR3C",1.57157027900665e-06
"HORMAD2-AS1",1.45358120541936e-06
"HMGN2P5",6.45096248400921e-07
"MCM3AP-AS1",6.23527762254018e-07
"TBCB",1.8028289152239e-07
"UQCRH",9.40420021179612e-08
"ERGIC3",1.50644550010372e-08
"RPL21P21",0
"EEF1DP6",0
"LINC01646",0
"LINC02782",0
"LINC02781",0
"MTCYBP45",0
"MFFP1",0
"PGAM1P11",0
"DISP3",0
"RPL10P17",0
"NPHP4",0
"PPIAP34",0
"IFITM3P7",0
"ARL8BP2",0
"GJB3",0
"FTLP18",0
"GJB5",0
"LINC02810",0
"GRIK3",0
"HNRNPFP1",0
"GUCA2B",0
"RPS29P6",0
"LINC01654",0
"CFAP144",0
"SHMT1P1",0
"ACTL8",0
"PHB1P12",0
"FCF1P6",0
"TTC22",0
"RPL6P1",0
"DLGAP3",0
"TMA16P2",0
"MRPS6P2",0
"FAM151A",0
"PARS2",0
"CZIB-DT",0
"LAMTOR5P1",0
"KLF17",0
"RPL23AP85",0
"KLF18",0
"GAPDHP51",0
"C1orf87",0
"RNFT1P2",0
"COX6A1P1",0
"ADH5P2",0
"RPL29P5",0
"KRT8P21",0
"DNAJC6",0
"NDUFS5P3",0
"RPL13AP9",0
"MCOLN2",0
"COX6CP13",0
"PDE4B-AS1",0
"GJA9",0
"NEGR1-IT1",0
"PTGFR",0
"PGBD4P8",0
"MTND2P30",0
"GUCA2A",0
"PSAT1P3",0
"SHISAL2A",0
"HMGB1P18",0
"HNRNPA1P64",0
"PHKA1P1",0
"MTCO1P21",0
"MROH7-TTC4",0
"HNRNPCP9",0
"KATNBL1P2",0
"GJB4",0
"DMRTA2",0
"HMGB1P45",0
"MTND4P11",0
"TBCAP2",0
"BARHL2",0
"SNX7-DT",0
"OOSP1P1",0
"RPS20P5",0
"TLCD4",0
"MATR3P3",0
"IGSF21",0
"MTND3P21",0
"RPL21P26",0
"DNAJA1P5",0
"HSP90B3P",0
"LINC01787",0
"LINC02868",0
"CIMAP3",0
"NBPF17P",0
"VPS25P1",0
"MTND5P20",0
"SYCP1",0
"VDAC2P3",0
"FTLP17",0
"TSHB",0
"PSMC1P12",0
"RPS15AP9",0
"MTIF2P1",0
"UBE2WP1",0
"SLC6A17-AS1",0
"CDK4P1",0
"TXNP3",0
"RPS29P29",0
"ELOCP19",0
"LINC02799",0
"OR10AE1P",0
"NR1H5P",0
"MTCO2P21",0
"PFN1P12",0
"NKAIN1P1",0
"FMO8P",0
"TLCD4-RWDD3",0
"FMO11P",0
"FDPSP1",0
"LINC01720",0
"LRRC8D-DT",0
"CNN2P10",0
"LAMC1-AS1",0
"MTCO1P14",0
"CHIA",0
"PRELID1P7",0
"WDR82P2",0
"RPL5P6",0
"OR10J5",0
"EEF1A1P14",0
"GPA33",0
"TDRD5",0
"ISCUP1",0
"HNRNPA1P46",0
"RPS29P5",0
"TFDP1P1",0
"LINC03121",0
"ATP5MC2P1",0
"LMX1A",0
"CAPN8",0
"SPATA17",0
"ASTN1",0
"FMO10P",0
"RPL7AP21",0
"LHX9",0
"CHCHD2P5",0
"SLC26A9",0
"LMX1A-AS2",0
"LINC01035",0
"LINC00210",0
"LINC01653",0
"HMGB1P11",0
"OR2L6P",0
"OR2L9P",0
"RGS18",0
"MORF4L1P7",0
"TGFB2-OT1",0
"TUBB8P10",0
"QRSL1P2",0
"CLPTM1LP1",0
"LRRN2",0
"SPMIP3",0
"TOP1P1",0
"RPS3AP9",0
"SHCBP1L",0
"RPL23AP22",0
"RPL10AP5",0
"DUTP6",0
"PTP4A1P7",0
"SLC4A1APP2",0
"RSL24D1P4",0
"BPNT2P1",0
"LINC01735",0
"LINC01710",0
"RPS26P13",0
"GAPDHP75",0
"CCNQP1",0
"TRNT1P1",0
"TGIF2P1",0
"RPL23AP16",0
"RGS21",0
"EEF1A1P44",0
"RAC1P7",0
"RPL31P13",0
"PLD5",0
"NXNP1",0
"BANF1P4",0
"CHCHD4P5",0
"STYXL2",0
"GAPDHP29",0
"SLC35F3",0
"DPY19L4P1",0
"MAEL",0
"CDC7",0
"NDUFAF4P4",0
"LINC01691",0
"LINC01363",0
"FEN1P1",0
"HMGB3P6",0
"NMNAT1P2",0
"VDAC1P10",0
"LINC01677",0
"PDC",0
"MIR4689",0
"RN7SL614P",0
"RNU6-1265P",0
"RNA5SP40",0
"MIR34A",0
"RNU6-110P",0
"RNU6-176P",0
"MIR552",0
"RNU6-605P",0
"MIR4255",0
"RNU6-636P",0
"RNA5SP43",0
"RNU6-753P",0
"MIR6732",0
"MIR6733",0
"RNU2-30P",0
"RNU6-969P",0
"RNU6-1237P",0
"RNU6-1026P",0
"MIR6079",0
"MIR5581",0
"RNU7-62P",0
"RNU6-414P",0
"RNU6-1177P",0
"RN7SKP19",0
"RNU2-15P",0
"RNU4-88P",0
"RNA5SP23",0
"MIR7156",0
"RN7SL62P",0
"RNU6-503P",0
"RN7SL854P",0
"RNU7-8P",0
"RNA5SP22",0
"RNA5SP52",0
"SNORD3G",0
"RNA5SP50",0
"RN7SL392P",0
"RNA5SP51",0
"RN7SL440P",0
"MIR30E",0
"RNU6-750P",0
"MIR30C1",0
"RNU6-1318P",0
"RNU6-695P",0
"MIR378G",0
"MIR760",0
"RNU4-75P",0
"MIR7852",0
"RNU1-130P",0
"RNU6-965P",0
"MIR320B1",0
"RN7SKP272",0
"RNA5SP56",0
"MIR942",0
"RN7SKP285",0
"RNU4ATAC8P",0
"RNA5SP55",0
"RNA5SP533",0
"MIR4256",0
"RNU6-352P",0
"RNU6-41P",0
"RNU5F-6P",0
"RNU6-983P",0
"RNU6-716P",0
"RNU1-141P",0
"RNU6-778P",0
"RNU2-12P",0
"MIR1255B2",0
"SCARNA3",0
"RNU6-609P",0
"RN7SL299P",0
"MIR3119-1",0
"RNU6-570P",0
"MIR3119-2",0
"SNORA14B",0
"MIR4671",0
"RNU6-465P",0
"MIR205",0
"RN7SL333P",0
"RN7SL668P",0
"RNU6-1283P",0
"RN7SL344P",0
"RNA5SP80",0
"RNU6-1205P",0
"MIR488",0
"RNA5SP73",0
"RN7SKP156",0
"RNA5SP65",0
"RNA5SP62",0
"RNU5A-8P",0
"MIR3122",0
"RNA5SP63",0
"RN7SKP98",0
"RNA5SP77",0
"RN7SKP12",0
"MIR3124",0
"RNU6-1240P",0
"RPL21P27",0
"MIR6084",0
"ZNF101P2",0
"LINC01758",0
"SGO1P1",0
"RN7SL538P",0
"LRRC7-AS1",0
"RN7SL242P",0
"CASP3P1",0
"EEF1A1P48",0
"SEPTIN14P12",0
"MRPS21P3",0
"THAP12P8",0
"RFKP1",0
"HNRNPA1P42",0
"MIR3123",0
"RPL36P6",0
"APCS",0
"CRPP1",0
"CRP",0
"FCRL6",0
"MIR4259",0
"SLAMF9",0
"SNHG28",0
"MIR4254",0
"RNU6-817P",0
"EFNA4",0
"HMGN2P18",0
"MIR92B",0
"PKLR",0
"RNU6-586P",0
"RNU4ATAC4P",0
"DNAJB6P4",0
"RNU6-1031P",0
"CDCA4P3",0
"OR10J6P",0
"RNU6-828P",0
"RN7SL731P",0
"CENPS-CORT",0
"RPL35AP5",0
"KRT8P29",0
"RN7SL559P",0
"MIR1182",0
"LINC01144",0
"PPIAP36",0
"FGFR3P6",0
"MIR3916",0
"RNA5SP82",0
"VN1R17P",0
"OR2G3",0
"OR3D1P",0
"RNU6-991P",0
"ADH5P3",0
"FNDC7",0
"RANP5",0
"SCARNA2",0
"SNORA80E",0
"SCARNA4",0
"MIR6738",0
"ARHGEF2-AS1",0
"PMF1-BGLAP",0
"MIR9-1",0
"CYP4Z1",0
"TUBAP9",0
"MTND1P34",0
"FOXE3",0
"FOXD2-AS1",0
"VHLL",0
"LRRC52",0
"IGSF3",0
"NTMT2",0
"CORT",0
"F13B",0
"NPPB",0
"SBF1P2",0
"RNU5E-1",0
"RNU5E-4P",0
"MIR6729",0
"RN7SL649P",0
"RNU6-777P",0
"RPL23AP89",0
"MIR7846",0
"MIR4632",0
"MIR5187",0
"CFAP126",0
"RNU6-481P",0
"RN7SL261P",0
"RNU1-129P",0
"RNVU1-7",0
"RNU6-1211P",0
"RNU6-809P",0
"SNRPFP2",0
"MIR3917",0
"RNU6-369P",0
"MIR5584",0
"RNU5F-1",0
"SNORD55",0
"SNORD38B",0
"RPS15AP11",0
"RNU5E-6P",0
"RNA5SP47",0
"CCNB1IP1P1",0
"OSTCP5",0
"ZBTB40-IT1",0
"EPHA8",0
"MIR6127",0
"MIR4684",0
"RPSAP21",0
"MT1HL1",0
"RNU6-949P",0
"CHMP1AP1",0
"RNU6-424P",0
"RPEP3",0
"RNU6-1245P",0
"SCARNA1",0
"PDE4DIPP9",0
"MIR3675",0
"RNU1-5P",0
"PADI3",0
"MIR3972",0
"CICP13",0
"HHIPL2",0
"TAF1A",0
"ATP6V0CP4",0
"RNU6-880P",0
"GAPDHP58",0
"HSD3B1",0
"GAPDHP32",0
"HSD3BP3",0
"GAPDHP27",0
"GAPDHP33",0
"LINC00622",0
"HSD3BP5",0
"HMGCS2",0
"REG4",0
"PFN1P9",0
"NOTCH2P1",0
"ADAM30",0
"INSRR",0
"RN7SL831P",0
"RN7SKP270",0
"RPS21P1",0
"MTCYBP14",0
"MTND6P14",0
"MTND4P10",0
"MTND4LP21",0
"MTND3P8",0
"MTCO3P46",0
"MIR6737",0
"RPS7P2",0
"MIR5698",0
"OR13Z1P",0
"OR13Z2P",0
"OR13Z3P",0
"RN7SL654P",0
"RPL29P6",0
"RPL13AP10",0
"RPS23P10",0
"RPS23P9",0
"PROK1",0
"NRBF2P3",0
"KCNA2",0
"RN7SL148P",0
"MIR555",0
"RNU6-106P",0
"RNU6-1297P",0
"POU5F1P4",0
"DAP3P1",0
"RN7SKP247",0
"RNU1-114P",0
"RNVU1-17",0
"RNVU1-23",0
"RNVU1-18",0
"FAM91A3P",0
"RNU1-143P",0
"IGKV1OR1-1",0
"KCNK2",0
"SYT6",0
"ENO1P1",0
"MIR6735",0
"RN7SL657P",0
"ACTG1P4",0
"AMYP1",0
"RNU4-21P",0
"RNA5SP78",0
"KIAA1191P3",0
"HMGB1P26",0
"RNF186",0
"PLA2G2E",0
"RN7SL304P",0
"OR2M7",0
"OR14C36",0
"KNCN",0
"KRT8P47",0
"RN7SL479P",0
"OR2T3",0
"OR2T5",0
"OR2AS2P",0
"OR2AS1P",0
"OR2T34",0
"LCE3B",0
"LCE3A",0
"LCE2D",0
"LCE2B",0
"LCE2A",0
"PRAMEF15",0
"PRAMEF17",0
"EPHX4",0
"LPCAT2BP",0
"GAPDHP46",0
"PRKAR1AP1",0
"MMP23B",0
"HMGN1P5",0
"CD1C",0
"CD1B",0
"CD1E",0
"OR10T2",0
"OR10T1P",0
"EI24P2",0
"OR10R3P",0
"OR10R1P",0
"RNA5SP53",0
"RPL13AP8",0
"ZNF683",0
"RN7SL788P",0
"PDCL3P6",0
"DNAJC19P7",0
"ANAPC10P1",0
"MIXL1",0
"MIR320B2",0
"RNU6-1008P",0
"AKR1B1P1",0
"DNAJB6P6",0
"SNORA55",0
"HPCAL4",0
"RNU7-121P",0
"YBX1P9",0
"RPS3AP7",0
"RN7SKP165",0
"CDKN2AIPNLP1",0
"MIR6878",0
"MIR4257",0
"HORMAD1",0
"RNU6-1042P",0
"UBE2D3P3",0
"LINC02809",0
"MIR3620",0
"CIAO2AP2",0
"MIR6742",0
"RPL23AP15",0
"MIR4666A",0
"RNA5SP19",0
"RNA5SP162",0
"NCMAP",0
"TSSK3",0
"RNU6ATAC35P",0
"RPL7AP81",0
"PRELID3BP1",0
"RN7SL464P",0
"RPL30P1",0
"KCND3-IT1",0
"ITPKB-AS1",0
"RPS27P5",0
"GLRX5P2",0
"NECTIN4",0
"EIF1P2",0
"RNU6-608P",0
"CCNT2P1",0
"RNA5SP54",0
"RNU7-57P",0
"PSMD8P1",0
"RNU6-1309P",0
"CYCSP51",0
"OR10J7P",0
"OR10J8P",0
"OR10J9P",0
"HMGB1P48",0
"KIF17",0
"HSPD1P14",0
"HMGB4",0
"ZNF847P",0
"SNAP47-AS1",0
"PRAMEF27",0
"PRAMEF34P",0
"PRAMEF35P",0
"HNRNPCL4",0
"AMIGO1",0
"RNU6V",0
"MIR197",0
"RPL7P8",0
"AKR7A2P1",0
"HNRNPA1P63",0
"SERPINC1",0
"LINC01737",0
"RNA5SP79",0
"RN7SL837P",0
"NENFP1",0
"RN7SL466P",0
"SNX25P1",0
"ARPC3P2",0
"FDPSP8",0
"DLSTP1",0
"SNORD45C",0
"SNORD45A",0
"SNORD45B",0
"EEF1A1P32",0
"FAM204BP",0
"MIR6734",0
"MIR4677",0
"FABP7P1",0
"MIR4421",0
"MIR6500",0
"CFL1P2",0
"RNU6-877P",0
"RNU6-1281P",0
"TUBB8P11",0
"RNF223",0
"LINC01342",0
"RN7SL653P",0
"RPL23AP90",0
"MIR553",0
"BRDT",0
"MIR5585",0
"LINC01160",0
"SNORD21",0
"RNU6-970P",0
"RN7SL692P",0
"RNU6-210P",0
"RN7SKP123",0
"SH2D5",0
"RNU7-200P",0
"MIR1256",0
"RNU4-57P",0
"CCDC185",0
"RNU1-74P",0
"LRRIQ3",0
"TNNI3K",0
"FPGT-TNNI3K",0
"BRWD1P1",0
"RNA5SP41",0
"RNA5S1",0
"RNA5S2",0
"RNA5S3",0
"RNA5S4",0
"RNA5S5",0
"RNA5S6",0
"RNA5S7",0
"RNA5S8",0
"RNA5S9",0
"RNA5S10",0
"RNA5S11",0
"RNA5S12",0
"RNA5S13",0
"RNA5S14",0
"RNA5S15",0
"RNA5S16",0
"RNA5S17",0
"RNA5SP18",0
"DUSP5P1",0
"RNVU1-30",0
"FAM91A2P",0
"RNU1-68P",0
"GPR25",0
"RNU6-704P",0
"IGFN1",0
"SAMD13",0
"RNA5SP75",0
"RNU6-1304P",0
"LEFTY1",0
"MIR6741",0
"LEFTY2",0
"NDUFA3P3",0
"RNU6-537P",0
"MIR765",0
"RN7SL612P",0
"GREM2",0
"RNU5F-8P",0
"NTNG1",0
"TTC24",0
"IL20",0
"DNASE2B",0
"OR2L3",0
"OR2M4",0
"PRAMEF9",0
"OR2T35",0
"OR10K2",0
"CELF3",0
"RIIAD1",0
"LINGO4",0
"THEM5",0
"KRT8P28",0
"KPLCE",0
"LCEP1",0
"LCE1F",0
"LCE1E",0
"LCE1D",0
"AMY1A",0
"AMY1C",0
"OR2L5",0
"CNTN2",0
"RNU6-180P",0
"RN7SKP276",0
"ACTA1",0
"SNORA73A",0
"PRDX3P2",0
"SNORD99",0
"SNORA61",0
"SNORA44",0
"SNORA16A",0
"RNU11",0
"GOLT1A",0
"LINC00628",0
"RNA5SP74",0
"UBA5P1",0
"RPL12P45",0
"EFCAB14P1",0
"C1orf146",0
"ACTBP12",0
"RN7SL824P",0
"RNU4-59P",0
"H3P3",0
"OR10X1",0
"OR6K1P",0
"OR6K3",0
"OR2AQ1P",0
"OR10AA1P",0
"OR10J3",0
"OR14A16",0
"HSD17B7P1",0
"OR11L1",0
"TRIM58",0
"CLK3P2",0
"OR2X1P",0
"OR2L8",0
"OR6Y1",0
"TLR12P",0
"OR2T6",0
"OR2M1P",0
"OR2M5",0
"GM2AP2",0
"CYCSP53",0
"MYOC",0
"TBC1D3P6",0
"SRARP",0
"CLCNKA",0
"FAM131C",0
"OR2T8",0
"ZBTB2P1",0
"OR6F1",0
"OR2T12",0
"OR2T33",0
"RN7SL432P",0
"RNY1P13",0
"OR2T29",0
"MIR6859-1",0
"MIR1302-2",0
"OR4F5",0
"OR2G6",0
"OR2T2",0
"OR13G1",0
"OR1C1",0
"OR2M3",0
"LINC01788",0
"RNU6-884P",0
"RPL6P3",0
"EXO1",0
"RPL23AP20",0
"BECN2",0
"MAP1LC3C",0
"TUBB8P6",0
"WDR64",0
"MIR3117",0
"DCDC2B",0
"TNFSF18",0
"TRIM67",0
"OR2T4",0
"INSL5",0
"OR6P1",0
"FAM72C",0
"SLC2A7",0
"OR6K2",0
"RNU1-6P",0
"PDE4DIPP8",0
"RNU1-3",0
"ACTRT2",0
"MIR4251",0
"CELA3B",0
"RN7SL386P",0
"RNU6-1022P",0
"CELA3A",0
"RN7SL186P",0
"RNU6-776P",0
"MIR4418",0
"AVPR1B",0
"RPL22P4",0
"MIR6769B",0
"RPL7AP20",0
"RNU1-4",0
"AMPD1",0
"UBE2U",0
"LCE1C",0
"HMGN3P1",0
"CRNN",0
"LCE5A",0
"CRCT1",0
"LCE3E",0
"LCE3D",0
"RN7SL131P",0
"MIR3605",0
"RN7SKP16",0
"RN7SL44P",0
"RNU4-27P",0
"SNORA63C",0
"ASCL5",0
"RPL36AP11",0
"MIR3115",0
"LCE1A",0
"LCE6A",0
"SMCP",0
"IVL",0
"LINC01527",0
"SPRR4",0
"SPRR3",0
"SPRR1B",0
"SPRR2D",0
"SPRR2A",0
"SPRR2B",0
"SPRR2E",0
"SPRR2F",0
"SPRR2G",0
"RNA5SP60",0
"OR10J1",0
"MYOM3-AS1",0
"IL22RA1",0
"IFNLR1",0
"CRIP1P3",0
"MIR1295A",0
"MIR1295B",0
"SMU1P1",0
"KRT8P45",0
"ETV3L",0
"NUCKS1P1",0
"RNA5SP42",0
"C1orf94",0
"DCST2",0
"DCST1",0
"FAM72D",0
"HJV",0
"RNVU1-6",0
"RNU6-1071P",0
"NUDT4P2",0
"RNU6-723P",0
"RNU4-61P",0
"RPL21P25",0
"AGBL4-AS1",0
"ZNF859P",0
"MTND2P29",0
"C1orf185",0
"CFL1P3",0
"RNA5SP529",0
"RNVU1-15",0
"RNVU1-26",0
"RNVU1-2A",0
"CFAP74",0
"MIR4424",0
"ANGPTL1",0
"TCHHL1",0
"RNVU1-14",0
"RN7SL165P",0
"NR0B2",0
"RPL12P13",0
"CATSPER4",0
"LIN28A",0
"RPL17P9",0
"DMRTB1",0
"RNU7-95P",0
"CNR2",0
"MIR378F",0
"RPL36P5",0
"DNM3-IT1",0
"MIR214",0
"MIR199A2",0
"RNU6-157P",0
"C1orf105",0
"RN7SKP55",0
"RNU6-947P",0
"RNU6-1089P",0
"RNU6-999P",0
"RNU1-132P",0
"KIF26B-AS1",0
"DNAJC19P8",0
"H3-4",0
"ABCA4",0
"IGSF9",0
"KISS1",0
"KDF1",0
"VTCN1",0
"ARL5AP3",0
"MIR1262",0
"OR6N2",0
"H2BC21",0
"H4C14",0
"H3C14",0
"OR2T1",0
"SEC16B",0
"LCE2C",0
"HNRNPA3P14",0
"ARID3BP1",0
"CLCNKB",0
"LCE3C",0
"UBE2V1P8",0
"RPL23AP17",0
"LAD1",0
"MIR5191",0
"RNU6-501P",0
"MIR1231",0
"MIR6739",0
"MIR6736",0
"RNU7-70P",0
"TAFA3",0
"NUTF2P4",0
"RNVU1-19",0
"RPL36AP9",0
"MIR215",0
"MIR194-1",0
"MIR664A",0
"SNORA36B",0
"SNX2P1",0
"AURKAP1",0
"XRCC6P3",0
"RPLP0P5",0
"P3R3URF-PIK3R3",0
"TSPAN1",0
"P3R3URF",0
"F5",0
"HMGB3P10",0
"FCGR2C",0
"RN7SKP195",0
"MIR4428",0
"ZP4",0
"RNVU1-4",0
"RPS3AP11",0
"RNU6-536P",0
"PPIAL4C",0
"PPIAL4D",0
"PPIAL4G",0
"PPIAL4H",0
"MYBPH",0
"AKR7L",0
"AKR7A3",0
"RNU6-1099P",0
"RNA5SP66",0
"RNU6-731P",0
"RNU7-13P",0
"LENEP",0
"RPS3AP8",0
"APOBEC4",0
"AKNAD1",0
"LINC00626",0
"SUMO1P2",0
"UBE2FP3",0
"RNU6-792P",0
"RNA5SP45",0
"EDN2",0
"MIR4711",0
"HOOK1",0
"RN7SL475P",0
"FAM229A",0
"S100A5",0
"TCHH",0
"LNCATV",0
"CTXND2",0
"ACO2P2",0
"RNU2-70P",0
"KPRP",0
"RNA5SP59",0
"LINC01686",0
"RGS8",0
"MIR4253",0
"LACTBL1",0
"PYHIN5P",0
"RAD1P2",0
"MIR4735",0
"CFHR3",0
"MIR4260",0
"ADORA2BP1",0
"C8B",0
"RNU4-42P",0
"SLAMF6",0
"SPRR1A",0
"INAVA",0
"MIR7856",0
"RPL7L1P22",0
"CLCA1",0
"CLCA4",0
"CDCA4P2",0
"MIR4753",0
"RNU1-151P",0
"SSBL4P",0
"RNVU1-8",0
"RNU6-1171P",0
"RN7SKP88",0
"RNU2-38P",0
"RNVU1-24",0
"TMEM82",0
"PPP1R11P1",0
"PDE4DIPP10",0
"PFN1P10",0
"OXCT2",0
"BMP8B-AS1",0
"LHX8-AS1",0
"RNU6-622P",0
"DNAI3",0
"MIR4423",0
"PLPPR5",0
"RNU6-239P",0
"RNU6-121P",0
"FCRL5",0
"FCRL4",0
"VDAC1P9",0
"FCRL2",0
"MIR4654",0
"RNA5SP61",0
"MIR556",0
"SPATA46",0
"C1orf226",0
"SH2D1B",0
"TEX35",0
"RNA5SP69",0
"SLC30A10",0
"RNA5SP76",0
"IL12RB2",0
"RN7SL431P",0
"MIR190B",0
"SNORA58B",0
"GAPDHP20",0
"LRRC37A12P",0
"RN7SL122P",0
"MIR551A",0
"TP73-AS3",0
"TP73-AS2",0
"C1orf141",0
"MIR1537",0
"RNU6-968P",0
"RNU6ATAC18P",0
"MIR6730",0
"AADACL3",0
"PRAMEF12",0
"PRAMEF1",0
"PRAMEF11",0
"PRAMEF30P",0
"PRAMEF2",0
"PRAMEF4",0
"RNU6-1072P",0
"PRAMEF6",0
"PRAMEF13",0
"RNU6-771P",0
"PRAMEF33",0
"AADACL4",0
"PRAMEF7",0
"PRAMEF5",0
"IL23R",0
"PRAMEF8",0
"PRAMEF20",0
"LRRC38",0
"RN7SL713P",0
"LINC01647",0
"LINC01555",0
"PRAMEF19",0
"RPL22P6",0
"MIR6068",0
"RNA5SP49",0
"RPSAP65",0
"ATP6V1G3",0
"PEBP1P3",0
"MIR181B1",0
"MIR181A1",0
"RNU6-1062P",0
"RNU6-662P",0
"RORC",0
"SNRPEP10",0
"RNU6-1248P",0
"PHB1P11",0
"CICP5",0
"RNU6-1319P",0
"MIR4426",0
"RN7SKP126",0
"CRYBG2",0
"TRIM67-AS1",0
"RNU7-80P",0
"COX6B1P7",0
"MRPS18BP1",0
"CHRNB2",0
"TMEM275",0
"LELP1",0
"RPLP0P4",0
"LORICRIN",0
"PGLYRP3",0
"PGLYRP4",0
"RNU6-160P",0
"S100A12",0
"S100A15A",0
"S100A7A",0
"S100A7P1",0
"S100A7",0
"S100A7L2",0
"SCNN1D",0
"MIR6726",0
"RN7SL480P",0
"RNU2-17P",0
"MIR6727",0
"TAS1R3",0
"MIR6808",0
"CD164L2",0
"MTCO1P38",0
"MTCYBP15",0
"MTND6P15",0
"MTND5P18",0
"MZT1P1",0
"RN7SKP269",0
"TMEM274P",0
"MIR5697",0
"RNU6-693P",0
"SLC25A38P1",0
"FASLG",0
"RNU1-153P",0
"RNU1-154P",0
"RNVU1-31",0
"PRAMEF25",0
"RPL7AP18",0
"RPL21P24",0
"ATP6V0E1P4",0
"HSPE1P24",0
"CFL1P6",0
"C1orf127",0
"SLC2A3P2",0
"RNU6-1176P",0
"MRPS21P1",0
"RPS29P7",0
"SETSIP",0
"CFHR4",0
"CFHR5",0
"FCGR3B",0
"KLHDC8A",0
"LEMD1",0
"MIR135B",0
"LEMD1-DT",0
"LINC02942",0
"CR1-AS1",0
"RNA5SP534",0
"CFAP97P1",0
"RPL35AP7",0
"RNU6-755P",0
"WNT9A",0
"MIR5008",0
"SNRPEP7",0
"SPRR5",0
"OR2AK2",0
"OR6K6",0
"FCRLB",0
"PRSS38",0
"OR10R2",0
"LCE7A",0
"PRAMEF18",0
"CLEC20A",0
"TAS1R2",0
"CFHR2",0
"AKR1D1P1",0
"LINC01699",0
"RNA5SP70",0
"RN7SKP229",0
"CAMTA1-AS3",0
"MEF2AP1",0
"HNRNPA1P54",0
"NPHS2",0
"RNU5F-2P",0
"RNU6-291P",0
"RPL39P6",0
"RNY4P25",0
"CGN",0
"MIR554",0
"DPPA2P2",0
"MIR1976",0
"RN7SL679P",0
"RNU7-29P",0
"WBP1LP7",0
"NSRP1P1",0
"HSPE1P25",0
"RNU6-1102P",0
"MIR8083",0
"RN7SL372P",0
"GEMIN2P1",0
"IPO8P1",0
"EPS8L3",0
"OR2T7",0
"WBP1LP6",0
"OR4F16",0
"RNU6-1199P",0
"CICP21",0
"RNU6-747P",0
"GYG1P3",0
"MIR4422",0
"PERM1",0
"SMIM42",0
"RNU1-7P",0
"RPL23AP19",0
"MIR6728",0
"RNU6-304P",0
"RN7SL451P",0
"VN1R5",0
"OR10J4",0
"PRKCZ-AS1",0
"MIR5087",0
"RNVU1-21",0
"RNVU1-1",0
"RNU1-155P",0
"MIR6077",0
"RNVU1-2",0
"RNVU1-3",0
"CYCSP4",0
"RNU6-89P",0
"SETP10",0
"COX5BP8",0
"MIR4252",0
"RN7SL230P",0
"RPSAP16",0
"LHX4",0
"YWHAQP9",0
"HNRNPA1P6",0
"PGBP",0
"FMO9P",0
"OR2T32P",0
"OR2L1P",0
"ZNF731P",0
"OR2W5P",0
"PDZK1P1",0
"H2BP2",0
"CHIAP2",0
"PRAMEF36P",0
"PDE4DIPP7",0
"H2BC19P",0
"H2BC20P",0
"DDX11L1",0
"OR4G11P",0
"CROCCP4",0
"MST1L",0
"SLC35E2A",0
"LINC01145",0
"KMT2CP2",0
"PDE4DIPP4",0
"MGAT4FP",0
"SEPTIN7P13",0
"NBPF25P",0
"CLCA3P",0
"GTF2IP20",0
"CROCCP2",0
"H2BP1",0
"MTMR9LP",0
"FCGR1BP",0
"GBA1LP",0
"FAAHP1",0
"EMBP1",0
"LINC00869",0
"SEPTIN14P21",0
"LINC01347",0
"PDE4DIPP6",0
"TUBA5P",0
"MIR6731",0
"RNU4-28P",0
"MICOS10-NBL1",0
"HTR6",0
"RUNX3-AS1",0
"MIR4425",0
"LINC02793",0
"LARP7P1",0
"SEC22B4P",0
"RNVU1-29",0
"RNA5SP536",0
"RPL7AP15",0
"LINC02794",0
"CYP46A4P",0
"SKINT1L",0
"PPP1R8P1",0
"COL11A1",0
"SOD2P1",0
"HES3",0
"MIR200B",0
"MIR200A",0
"MIR429",0
"UBE2V1P13",0
"GAPDHP24",0
"CDCP2",0
"CACNA1E",0
"ZNF648",0
"YPEL5P1",0
"RNU6-152P",0
"MIR4794",0
"ALX3",0
"UBL4B",0
"TTLL7-IT1",0
"ASB17",0
"RNU6-161P",0
"RNU4-77P",0
"KCNK1",0
"MIR4427",0
"CYP4Z2P",0
"TUBAP8",0
"CYP4A26P",0
"CYP4A43P",0
"CYP4A27P",0
"CYP4A44P",0
"BSND",0
"RSPO1",0
"EPHA10",0
"ACTN4P2",0
"RNU6-584P",0
"LINC01343",0
"ERI3-IT1",0
"DMBX1",0
"ZYG11A",0
"H3P2",0
"TUBBP10",0
"HIGD1AP11",0
"PATJ-DT",0
"EIF2S2P5",0
"PKMP1",0
"RPS3AP10",0
"RNA5SP64",0
"FAM78B-AS1",0
"MIR921",0
"FMO7P",0
"RNU6-307P",0
"ENTR1P2",0
"TNN",0
"RPS29P4",0
"LINC01657",0
"TNNI1",0
"SNORA70H",0
"RPL10P4",0
"MIR6740",0
"RFKP5",0
"RN7SKP49",0
"SNRPD2P2",0
"TSNAX-DISC1",0
"LYPD8",0
"MIR29C",0
"MIR29B2",0
"RNA5SP20",0
"ACTG1P21",0
"RNA5SP21",0
"MYCL",0
"RPL23AP23",0
"MED18",0
"NBPF4",0
"SLC25A24P1",0
"NBPF5P",0
"NBPF6",0
"ST13P21",0
"RPL7L1P21",0
"THAP3P1",0
"PIN1P1",0
"RPL31P11",0
"HDAC1P2",0
"MND1P1",0
"PUDPP2",0
"SLC25A3P1",0
"RPS10P7",0
"ACTG1P25",0
"SLC44A3-AS1",0
"PFN1P2",0
"CYMP",0
"BTNL10P",0
"MROH3P",0
"UOX",0
"PTPRVP",0
"MGAT4EP",0
"CRYZL2P",0
"GFOD3P",0
"ZPLD2P",0
"GNRHR2",0
"CALR4P",0
"PRAMEF26",0
"PRAMEF32P",0
"DIO1",0
"MIR4781",0
"COX7BP3",0
"LINC01648",0
"RN7SKP91",0
"RN7SL371P",0
"SELENOWP1",0
"RPL21P22",0
"NKAIN1",0
"RNU6-40P",0
"LDC1P",0
"TP73",0
"OR14A2",0
"EXTL1",0
"C1orf232",0
"CNKSR1",0
"GPR61",0
"ESPNP",0
"RN7SL269P",0
"MRPS10P1",0
"SIGLEC30P",0
"RNA5SP67",0
"RNA5SP68",0
"DYNLL1P3",0
"PAX7",0
"REN",0
"CACNA1S",0
"MIR4422HG",0
"ELOCP18",0
"RPE65",0
"TXNP2",0
"TNR-IT1",0
"GOT2P2",0
"ANKRD45",0
"RNA5SP46",0
"LINC01633",0
"RNA5SP72",0
"FTH1P25",0
"OPTC",0
"MIR761",0
"TSEN15P2",0
"RNA5SP48",0
"RN7SL290P",0
"PM20D1",0
"TTLL10-AS1",0
"MTOR-AS1",0
"RPL17P8",0
"TMCC2-AS1",0
"BLACAT1",0
"RNU2-19P",0
"TNNT2",0
"CROCCP3",0
"PDE4DIPP2",0
"OR14I1",0
"LYPD9P",0
"AHCYP8",0
"LINC00970",0
"ELOCP20",0
"CNOT7P2",0
"RPL31P12",0
"RNU6-1246P",0
"RLIMP2",0
"FLG",0
"FLG2",0
"RNU6-403P",0
"AVPR1B-DT",0
"RPL6P2",0
"LINC01780",0
"RNU1-75P",0
"HAO2",0
"HSD3B2",0
"GAPDHP74",0
"HSD3BP2",0
"GAPDHP23",0
"RNA5SP57",0
"RNVU1-22",0
"LINC01362",0
"RN7SL583P",0
"RPL36AP10",0
"RNU6-725P",0
"KRT18P32",0
"LINC00538",0
"PHB1P3",0
"LINC01761",0
"DPYD-IT1",0
"DPYD-AS2",0
"MIR2682",0
"MIR137",0
"NFU1P2",0
"GOT2P1",0
"MTCO2P34",0
"RN7SKP291",0
"RNU6-830P",0
"PIGQP1",0
"RPSAP20",0
"WARS2-IT1",0
"RBMX2P3",0
"RPS3AP12",0
"RNU6-1310P",0
"MIR557",0
"QRSL1P1",0
"C1orf167-AS1",0
"MIR4695",0
"RN7SL180P",0
"MIR3116-1",0
"MIR3116-2",0
"PIGPP2",0
"RPS15AP7",0
"KANK4",0
"RNU6-371P",0
"RN7SL488P",0
"RNU7-123P",0
"RN7SL130P",0
"RNU5A-5P",0
"DISC1-IT1",0
"GPR88",0
"RPL7AP17",0
"RPL36AP12",0
"C4BPB",0
"C4BPA",0
"FOXD3-AS1",0
"VDAC1P4",0
"MIR3121",0
"LINC02814",0
"ISCA1P2",0
"TMEM78",0
"SETP9",0
"SLAMF7",0
"CD244",0
"PPIAP37",0
"ITLN1",0
"TMCO1-AS1",0
"MIR3658",0
"APOA2",0
"CELA2B",0
"SCARNA21B",0
"RNU7-179P",0
"CD24P1",0
"RSC1A1",0
"TEX50",0
"LINC02961",0
"RNY4P16",0
"ANO7L1",0
"FCRL1",0
"CD5L",0
"MRPS21P2",0
"LINC01762",0
"RNU7-183P",0
"MCRIP2P2",0
"LINC01398",0
"CIMAP2",0
"TMEM61",0
"LINC01307",0
"IGSF21-AS1",0
"WDTC1-DT",0
"NTRAS",0
"LINC01717",0
"TTC39A-AS1",0
"NFIA-AS1",0
"LINC02795",0
"LINC02772",0
"LINC02818",0
"LINC01757",0
"LINC01680",0
"LINC01744",0
"LINC02780",0
"CDC20-DT",0
"LINC01753",0
"LINC02869",0
"USH2A-AS1",0
"LINC01745",0
"LINC01739",0
"LINC01750",0
"LINC02812",0
"LINC02238",0
"CAMTA1-AS2",0
"LINC01702",0
"KCNH1-IT1",0
"LINC01397",0
"GRHL3-AS1",0
"LINC01688",0
"SPATA42",0
"SLC2A1-DT",0
"LINC02783",0
"ARHGEF2-AS2",0
"LINC01701",0
"LINC01703",0
"LINC01763",0
"LINC01361",0
"LINC02786",0
"LINC02805",0
"LINC01786",0
"DHCR24-DT",0
"LINC01356",0
"LINC02784",0
"LINC02769",0
"SLC35F3-AS1",0
"LINC01698",0
"LINC01349",0
"FHAD1-AS1",0
"CYMP-AS1",0
"LINC01675",0
"LINC02770",0
"LINC02606",0
"LINC01776",0
"NECTIN4-AS1",0
"LINC01719",0
"LINC01685",0
"LINC02787",0
"ANKRD65-AS1",0
"LINC01221",0
"BRINP3-DT",0
"LINC02779",0
"LINC01738",0
"LINC01350",0
"LINC01781",0
"LINC02567",0
"LINC03126",0
"SMYD3-AS1",0
"LINC02778",0
"NGF-AS1",0
"LINC01712",0
"MDS2",0
"LINC02792",0
"USH2A-AS2",0
"LINC01732",0
"GNB1-DT",0
"CSMD2-AS1",0
"RNF186-AS1",0
"LINC02800",0
"LINC01696",0
"LINC02897",0
"C1orf21-DT",0
"LINC02811",0
"LINC01645",0
"LINC01741",0
"LINC01661",0
"LINC01222",0
"LINC01632",0
"DCST1-AS1",0
"LINC01676",0
"ZNF692-DT",0
"LINC01345",0
"MICOS10-DT",0
"PRDM16-DT",0
"LINC01784",0
"ROR1-AS1",0
"OVAAL",0
"LINC03102",0
"LINC01774",0
"LINC02591",0
"LINC00582",0
"LINC02791",0
"MAGOH-DT",0
"LINC01708",0
"LINC01748",0
"LINC01777",0
"PHC2-AS1",0
"DAB1-AS1",0
"IBA57-DT",0
"DEPDC1-AS1",0
"TMEM51-AS2",0
"TAF1A-AS1",0
"LINC02789",0
"ELAVL4-AS1",0
"LINC01525",0
"CAMTA1-AS1",0
"ERICH3-AS1",0
"LMX1A-AS1",0
"LINC02596",0
"LINC01768",0
"SPATA17-AS1",0
"CAMTA1-IT1",0
"LINC02808",0
"LINC02771",0
"MIR3659HG",0
"MIR3659",0
"DDX59-AS1",0
"FAM138A",0
"MIR6859-2",0
"NHLH2",0
"HNRNPA1P43",0
"LINC01649",0
"TDRKH-AS1",0
"C2CD4D-AS1",0
"LINC00272",0
"TEDDM2P",0
"HNRNPA1P68",0
"FAM41C",0
"MPTX1",0
"EEF1GP7",0
"OAZ1P1",0
"FTH1P22",0
"CHIAP3",0
"KMT2CP3",0
"RPL7AP19",0
"TUBB8P9",0
"CBX1P3",0
"UBBP2",0
"LINC01743",0
"RPL23AP25",0
"GEMIN8P4",0
"CHORDC1P5",0
"RPS7P5",0
"MSTO2P",0
"PDE4DIPP1",0
"PFN1P4",0
"HSD3BP4",0
"NBPF7P",0
"NDUFS5P2",0
"HSPA7",0
"PDE4DIPP3",0
"FCGR1CP",0
"RPL22P5",0
"SRGAP2D",0
"HMGN2P19",0
"LCEP4",0
"LCEP3",0
"LINC00302",0
"MMP23A",0
"PLA2G12AP1",0
"CHIAP1",0
"RPS27AP6",0
"AIMP1P2",0
"NBPF18P",0
"OR6K4P",0
"OR6K5P",0
"OR6R1P",0
"FAM131C2P",0
"OR4G4P",0
"EIF1AXP1",0
"SPRR2C",0
"LINC01641",0
"KMT2CP1",0
"DRD5P2",0
"SPTLC1P4",0
"PFN1P3",0
"RPL32P6",0
"H3P1",0
"H2BC27P",0
"SEC22B2P",0
"RPL29P7",0
"UQCRBP2",0
"SEC22B3P",0
"CROCCP5",0
"SLAMF6P1",0
"PRAMEF31P",0
"H3P4",0
"PDE4DIPP5",0
"C4BPAP2",0
"SEPTIN14P17",0
"RPL23AP24",0
"CICP7",0
"NDUFA5P10",0
"ABHD17AP3",0
"GCSHP5",0
"SLC25A24P2",0
"WASH7P",0
"HSD3BP1",0
"C4BPAP1",0
"MT1XP1",0
"DDX11L17",0
"WASH9P",0
"CYCSP5",0
"C1orf202",0
"FMO6P",0
"GPR199P",0
"LINC02806",0
"EPHA2-AS1",0
"LINC01650",0
"LINC01740",0
"TPO",0
"LINC01247",0
"MSGN1",0
"EIPR1-IT1",0
"HS1BP3-IT1",0
"CDK8P1",0
"PIK3CDP1",0
"NTSR2",0
"RPS25P3",0
"LINC02850",0
"RPS16P2",0
"VSNL1",0
"LINC01866",0
"CRTC1P1",0
"SLC25A5P2",0
"RPL37P11",0
"RPL36AP14",0
"FTH1P6",0
"LHCGR",0
"LINC01318",0
"ZFYVE9P2",0
"KCNG3",0
"FBXL12P1",0
"FSHR",0
"PRKCE-AS1",0
"RPL21P70",0
"VDAC1P13",0
"DNAJB12P1",0
"RPL37P13",0
"PSMC1P10",0
"SUPT4H1P1",0
"RPS20P9",0
"MTND4P25",0
"RPS15AP15",0
"RPL21P37",0
"ST6GALNAC2P1",0
"MTND5P27",0
"PPIAP64",0
"LRRTM4-AS1",0
"ELOBP3",0
"TPT1P11",0
"REG3G",0
"LINC03050",0
"LINC01809",0
"SMIM7P1",0
"MTND6P7",0
"KMT5AP2",0
"DRD5P1",0
"RPL37P10",0
"LYARP1",0
"SUCLA2P2",0
"RPL26P13",0
"LSM3P3",0
"PAIP2B",0
"EVA1A-AS",0
"ANKRD11P1",0
"ZNF863P",0
"MTCYBP7",0
"MRPL50P1",0
"ANAPC1P3",0
"CRLF3P3",0
"CHMP4AP1",0
"NDUFB4P7",0
"DHFRP3",0
"CCDC12P1",0
"RBX1P1",0
"ABCD1P5",0
"CTBP2P5",0
"LDHAP3",0
"GGT8P",0
"MTFR2P1",0
"LINC01867",0
"PNPP1",0
"PSAT1P2",0
"WBP1P2",0
"CAPZBP1",0
"RPL21P36",0
"RPL37P12",0
"GGCTP3",0
"RPL22P11",0
"OTX1",0
"NKAIN1P2",0
"DBF4P3",0
"ALK",0
"ILRUNP1",0
"DUXAP1",0
"MTCYBP39",0
"ANAPC1P5",0
"RSL24D1P2",0
"CENPNP1",0
"MTND1P29",0
"NPAS2-AS1",0
"ST6GAL2-IT1",0
"SLC5A7",0
"RPS12P4",0
"PPIAP63",0
"LINC01593",0
"MTND4P26",0
"MTND2P21",0
"RPL22P8",0
"SMC3P1",0
"KNOP1P3",0
"TMEM182",0
"BBIP1P1",0
"ACTR3BP2",0
"MTND5P28",0
"DPP10-AS2",0
"IGKV1OR2-1",0
"SMYD1",0
"NT5C1B-RDH14",0
"NXPH2",0
"EIF2S2P7",0
"BTF3P5",0
"MTCO1P43",0
"SRSF3P5",0
"CRYGGP",0
"EN1",0
"KRT18P33",0
"GACAT1",0
"PABPC1P6",0
"XIAPP3",0
"MTND1P28",0
"YY1P2",0
"STON1-GTF2A1L",0
"AHCYP4",0
"MTND6P9",0
"SDHCP3",0
"ISCA1P6",0
"PPP1R2P5",0
"DRC1",0
"GAPDHP57",0
"MRPS18BP2",0
"NPAS2",0
"MTCYBP9",0
"TOMM40P4",0
"DSTNP5",0
"DBF4P2",0
"RPL9P13",0
"LRP1B",0
"RPSAP23",0
"ACTP1",0
"KCNJ3",0
"COPRSP1",0
"SLC6A14P3",0
"MTND2P22",0
"IGKV1OR2-2",0
"RPS21P2",0
"LRRC57P1",0
"JPT1P1",0
"MTCO1P44",0
"RPL27P7",0
"RPS15AP13",0
"RPS16P3",0
"CBY1P1",0
"TBR1",0
"MTND2P19",0
"RPSAP27",0
"MTCO1P7",0
"LINC01832",0
"ALDH7A1P2",0
"BMS1P19",0
"PPIAP66",0
"RPL27AP4",0
"EXTL2P1",0
"MTCO1P45",0
"MTND1P27",0
"LINC01854",0
"RPL17P15",0
"RPS20P12",0
"LY75-CD302",0
"TPT1P2",0
"MTND2P20",0
"HSPE1P9",0
"YWHAEP5",0
"RPL23AP28",0
"MTCO2P7",0
"ELOAP1",0
"SRSF3P6",0
"IDI1P1",0
"VPS26CP1",0
"EDAR",0
"ICOS",0
"PPIAP65",0
"TXNL4AP1",0
"PSMD14P1",0
"MTND4P28",0
"MTATP6P7",0
"RNF14P1",0
"SMC4P1",0
"RPS6P2",0
"MTND5P30",0
"GTF2A1L",0
"ZSWIM2",0
"LINC01826",0
"RPL5P8",0
"MTCO3P7",0
"LINC03097",0
"NCKAP5-AS1",0
"PPIAP67",0
"DPP10",0
"XIRP2-AS1",0
"TANK-AS1",0
"GLULP6",0
"MED15P5",0
"SLC44A3P1",0
"VWC2L-IT1",0
"HNRNPA1P47",0
"MTCO3P43",0
"ENSAP3",0
"SGPP2",0
"DNAJC17P1",0
"NANOGP2",0
"SEC61GP1",0
"GAPDHP49",0
"KRT18P29",0
"MTND3P15",0
"TBC1D8-AS1",0
"LINC01789",0
"MTND3P10",0
"RPS15AP14",0
"C2orf88",0
"CRYGA",0
"MTND4LP14",0
"CRLF3P1",0
"CEP19P1",0
"CRYGB",0
"OR7E89P",0
"TERF1P6",0
"RPL7P61",0
"CDK8P2",0
"RPS17P8",0
"FABP5P10",0
"GSTM3P2",0
"RPL19P4",0
"AHCYP5",0
"LIN28AP1",0
"TEKT4P3",0
"LINC02991",0
"MYL6BP1",0
"ARPC1BP1",0
"MTND4P27",0
"MTND6P8",0
"SPHKAP",0
"RPL21P38",0
"IQCA1-AS1",0
"MTCYBP8",0
"MTND5P29",0
"SNF8P1",0
"RPL3P5",0
"MTND5P22",0
"RNF11P1",0
"MTATP6P26",0
"H3P9",0
"LINC01935",0
"KDM3AP1",0
"LINC03116",0
"ST13P2",0
"KRT18P19",0
"MIR7515",0
"RN7SKP168",0
"MIR548S",0
"MIR7158",0
"RN7SL140P",0
"RNU6-1288P",0
"RNU6-961P",0
"RN7SKP27",0
"RNU6-1215P",0
"MIR4262",0
"MIR3681",0
"MIR4757",0
"RNU6-843P",0
"MIR3125",0
"RNA5SP87",0
"RNA5SP90",0
"RNU6-1117P",0
"MIR548AD",0
"RN7SL602P",0
"RNU4-63P",0
"RN7SL414P",0
"RNU4-49P",0
"RN7SL361P",0
"MIR4432",0
"RNU1-32P",0
"RNU6-634P",0
"RNU6-221P",0
"RN7SL18P",0
"RNU6-282P",0
"RNU6-612P",0
"MIR548BA",0
"RNU6-439P",0
"RN7SL531P",0
"RNA5SP98",0
"RN7SKP203",0
"RNU6-827P",0
"RN7SL201P",0
"RNU6-685P",0
"RNU6-812P",0
"RN7SKP224",0
"RNU6-674P",0
"RN7SKP164",0
"RNA5SP99",0
"RNU6-1312P",0
"MIR4780",0
"MIR4771-1",0
"RNA5SP100",0
"RNU6-775P",0
"MIR5696",0
"RNU4-84P",0
"RNU2-63P",0
"RNU2-41P",0
"MIR4266",0
"RNU7-46P",0
"RNU6-259P",0
"RN7SL635P",0
"RNU7-190P",0
"RNU6-675P",0
"RN7SL111P",0
"MIR4435-2",0
"VTRNA2-2P",0
"RN7SKP102",0
"RNA5SP102",0
"RN7SKP141",0
"RNA5SP103",0
"RNA5SP104",0
"RN7SKP286",0
"MIR7157",0
"RNU6-904P",0
"RNU6-579P",0
"RN7SKP154",0
"RNU6-546P",0
"RNU6-1001P",0
"RNA5SP107",0
"RN7SL423P",0
"RN7SKP93",0
"RNA5SP108",0
"RNU6-627P",0
"RN7SL283P",0
"RNA5SP105",0
"RNU6-182P",0
"RN7SL813P",0
"MIR933",0
"MIR4437",0
"MIR548AE1",0
"RNU6-915P",0
"RN7SKP42",0
"RNU6-989P",0
"RNU6-1045P",0
"RNU6-766P",0
"RNA5SP117",0
"MIR4438",0
"MIR1258",0
"RNU2-21P",0
"SNORA70I",0
"RN7SL807P",0
"RNU6-624P",0
"MIR4268",0
"MIR5702",0
"RNU6-451P",0
"MIR3130-1",0
"MIR3130-2",0
"RN7SL32P",0
"RNU6-1051P",0
"MIR3133",0
"RNU6-619P",0
"RNU6-169P",0
"KCNF1",0
"RPL6P4",0
"RNU6-1081P",0
"AIDAP1",0
"PPIAP60",0
"LINC03037",0
"HEBP2P1",0
"RPLP0P7",0
"RN7SKP179",0
"RNU6-959P",0
"HMGB1P27",0
"NME2P2",0
"RPL36AP15",0
"PPIAP62",0
"RN7SL817P",0
"PPFIA1P1",0
"UGT1A11P",0
"UGT1A13P",0
"RPL17P11",0
"UGT1A2P",0
"UGT1A1",0
"HJURP",0
"TRPM8",0
"ARHGEF4-AS1",0
"RNU6-127P",0
"RPL31P16",0
"RNU6-939P",0
"RNU6-1116P",0
"RN7SL670P",0
"MRPL50P2",0
"NECAP1P2",0
"TAF13P2",0
"HMGA1P8",0
"INO80B-WBP1",0
"MRPL53",0
"TLX2",0
"DQX1",0
"SPC25",0
"G6PC2",0
"UBE2V1P6",0
"RPL23AP33",0
"CD8B2",0
"MIR1245A",0
"MIR1245B",0
"MIR3606",0
"CCDC140",0
"SNORD94",0
"MIR4779",0
"RNU6-1333P",0
"ESPNL",0
"ERFE",0
"MIR1244-1",0
"RPL28P2",0
"MIR1471",0
"MIR562",0
"NRBF2P6",0
"ECEL1P3",0
"ALPP",0
"ALPG",0
"ALPI",0
"PRSS56",0
"CHRND",0
"CHRNG",0
"BNIP3P46",0
"RNU6-1132P",0
"RNA5-8SP5",0
"MIR663B",0
"CDC27P1",0
"FAM201B",0
"RNU6-175P",0
"YBX1P7",0
"LINC00309",0
"MIR4433B",0
"MIR4433A",0
"RN7SKP43",0
"RPL7L1P9",0
"MIR6809",0
"RNU6-848P",0
"GPR148",0
"CYCSP8",0
"SSBP3P2",0
"MTCYBP10",0
"MTND6P10",0
"MTND5P23",0
"MTND3P18",0
"MTCO3P18",0
"MTATP6P4",0
"MTCO2P18",0
"MTCO1P18",0
"MTND2P18",0
"MTND1P26",0
"MED15P3",0
"RHOQP2",0
"MIR4784",0
"UGT1A4",0
"CFC1",0
"PAX3",0
"C2orf72",0
"HTR2B",0
"RNU1-93P",0
"ZBTB8OSP2",0
"SNORA75",0
"SNORD20",0
"SNORD82",0
"RNU2-22P",0
"AQP12B",0
"AGXT",0
"MAB21L4",0
"TANAR",0
"RN7SKP152",0
"RNU6-642P",0
"CDK5R2",0
"CRYBA2",0
"MIR375",0
"CFAP65",0
"IHH",0
"MIR3131",0
"RN7SL764P",0
"PTPRN",0
"RESP18",0
"RPL22P10",0
"SRSF3P4",0
"TUBA3E",0
"RHOQP3",0
"KRT18P52",0
"RNU6-647P",0
"MTCO1P42",0
"MIR8485",0
"RNA5SP111",0
"MAPRE1P3",0
"RNU7-9P",0
"RNU6-613P",0
"RNU6-964P",0
"FBXO36-IT1",0
"RNU6-1027P",0
"RNY4P19",0
"SLC19A3",0
"RNA5SP121",0
"SNRPGP8",0
"CRIPTOP2",0
"DYTN",0
"UBQLN4P2",0
"CDPF1P1",0
"RPL27P6",0
"CSP1",0
"RNU6-111P",0
"RPSAP28",0
"ALMS1-IT1",0
"NAT8",0
"RNU6-986P",0
"RPS17P7",0
"RPL12P15",0
"RNU6-1275P",0
"RPS29P8",0
"RGPD5",0
"GPAA1P1",0
"ZBTB45P1",0
"MIR4267",0
"MIR4436B1",0
"ACTR1AP1",0
"MIR4436B2",0
"ZBTB45P2",0
"MIR4440",0
"MIR4441",0
"MIR2467",0
"TIGD1",0
"RPS20P13",0
"USP8P2",0
"HNRNPA3P15",0
"CFAP144P2",0
"SDR42E1P5",0
"MIR4772",0
"SLC9A4",0
"RN7SL717P",0
"MIR1301",0
"TFCP2L1",0
"TRIM64FP",0
"TRIM43",0
"UBTFL3",0
"RNU6-1029P",0
"HSPE1-MOB4",0
"PTCHD3P2",0
"CYB5AP2",0
"NSA2P5",0
"RNU6-1006P",0
"RPEP5",0
"GCG",0
"RNA5SP112",0
"STUB1P1",0
"KRT8P40",0
"MIR4444-1",0
"MIR6512",0
"H3P7",0
"RPS26P18",0
"RPL21P35",0
"RPL23AP26",0
"RN7SL499P",0
"MIR4786",0
"OR9S24P",0
"OR5S1P",0
"OTOS",0
"BRD7P6",0
"TGFA-IT1",0
"MIR4261",0
"RN7SL66P",0
"MIR3132",0
"INHA",0
"RN7SKP213",0
"SLC4A3",0
"RPS29P10",0
"RNU6-1145P",0
"RNU7-113P",0
"RNA5SP86",0
"RPL5P7",0
"LINC01960",0
"RPSAP24",0
"RN7SL65P",0
"LRRC2P1",0
"SP9",0
"RPA3P1",0
"RNU6-5P",0
"EEF1B2P7",0
"NEU2",0
"NPLP1",0
"ASS1P2",0
"RNU6-851P",0
"RN7SL96P",0
"SOS1-IT1",0
"RNU6-198P",0
"HSPE1P13",0
"RN7SKP38",0
"RNU6-136P",0
"MIR9500",0
"RPL23AP31",0
"DIRC1",0
"RN7SL604P",0
"SNORA36C",0
"C2orf15",0
"RPL22P12",0
"ACOXL-AS1",0
"BMP10",0
"GKN1",0
"MIR3126",0
"RNA5SP96",0
"RNU6-1216P",0
"REG3A",0
"CTNNA2-AS1",0
"GNA13P1",0
"RNU6-561P",0
"MIR4264",0
"MIR8080",0
"LRRTM1",0
"RNA5SP109",0
"RPL31P15",0
"RNU6-1122P",0
"NRIR",0
"BNIP3P45",0
"MIR4773-2",0
"MIR4773-1",0
"RN7SL124P",0
"MOGAT1",0
"RRAS2P2",0
"ACSL3-AS1",0
"KRT18P26",0
"TOR1BP1",0
"TVP23BP2",0
"COX20P2",0
"RNA5SP110",0
"SCYL2P1",0
"MTCO2P16",0
"MTCO3P16",0
"MTND3P16",0
"MTND4LP16",0
"MTND4P29",0
"MTND5P31",0
"ENO1P4",0
"RPS2P16",0
"RNU6-440P",0
"RNU6-936P",0
"RPS13P5",0
"RN7SL856P",0
"SUCLA2P3",0
"ZFP91P1",0
"RNU6-395P",0
"RPS26P19",0
"IGKV1OR2-108",0
"LINC01594",0
"SETD6P1",0
"WASF1P1",0
"SULT1C2P2",0
"GMCL1P2",0
"RNU6-1049P",0
"RBM44",0
"RNA5SP97",0
"RNU2-9P",0
"FAM8A3P",0
"LYPD6",0
"RPL17P13",0
"RNU6-601P",0
"LINC01818",0
"FAM237A",0
"BICD1P1",0
"RNU6-312P",0
"RNU6-762P",0
"RNU6-1206P",0
"MTND4P23",0
"MTND4LP13",0
"RN7SKP66",0
"ABCG5",0
"RNU6-1048P",0
"RN7SL455P",0
"RNU6-566P",0
"C1GALT1C1L",0
"KRT8P52",0
"RPL7P14",0
"RPL12P16",0
"RN7SKP83",0
"SAP18P2",0
"RNU6ATAC19P",0
"MRPL45P1",0
"RNU6-1168P",0
"RNU6-1007P",0
"RPL38P6",0
"FOXI3",0
"SPMIP9",0
"MIR4436A",0
"IGKJ5",0
"IGKJ3",0
"IGKJ2",0
"RPL23AP92",0
"RN7SL470P",0
"MIR1285-2",0
"RPL39P15",0
"RPS26P20",0
"ACVR1C",0
"RNU6-436P",0
"HOXD13",0
"HOXD12",0
"HOXD11",0
"HOXD10",0
"HOXD9",0
"HOXD8",0
"MIR10B",0
"HOXD4",0
"MIR7704",0
"RPSAP25",0
"CYCSP7",0
"RALBP1P2",0
"ASDURF",0
"RNU6-512P",0
"MIR128-1",0
"LCT",0
"TM4SF20",0
"MIR5703",0
"TPM3P7",0
"NDUFB4P4",0
"RPS2P15",0
"EMP2P1",0
"PPIL1P1",0
"RTP5",0
"CICP10",0
"RPL23AP88",0
"MIR6811",0
"VN1R18P",0
"RNU4-48P",0
"NEUROD1",0
"UGT1A3",0
"UGT1A8",0
"UGT1A5",0
"IGKV1-6",0
"IGKV3-7",0
"IGKV1-9",0
"IGKV2-10",0
"IGKV3-11",0
"IGKV1-12",0
"IGKV1-13",0
"IGKV2-14",0
"IGKV1-16",0
"IGKV1-17",0
"IGKV2-18",0
"IGKV2-19",0
"IGKV6-21",0
"IGKV1-22",0
"IGKV2-23",0
"IGKV2-24",0
"IGKV3-25",0
"IGKV2-26",0
"IGKV2-28",0
"IGKV2-29",0
"IGKV2-30",0
"IGKV3-31",0
"IGKV1-32",0
"IGKV1-33",0
"IGKV3-34",0
"IGKV1-35",0
"IGKV2-36",0
"IGKV1-37",0
"IGKV2-38",0
"IGKV2-40",0
"IGKV1D-39",0
"IGKV2D-38",0
"IGKV1D-37",0
"IGKV2D-36",0
"IGKV1D-35",0
"IGKV3D-34",0
"IGKV1D-33",0
"IGKV1D-32",0
"IGKV3D-31",0
"IGKV2D-30",0
"IGKV2D-29",0
"IGKV2D-28",0
"IGKV1D-27",0
"IGKV2D-26",0
"IGKV3D-25",0
"IGKV2D-24",0
"IGKV2D-23",0
"IGKV1D-22",0
"IGKV6D-21",0
"IGKV3D-20",0
"IGKV2D-19",0
"IGKV2D-18",0
"IGKV6D-41",0
"IGKV1D-17",0
"IGKV1D-16",0
"IGKV3D-15",0
"IGKV2D-14",0
"IGKV1D-13",0
"IGKV1D-12",0
"IGKV3D-11",0
"IGKV2D-10",0
"IGKV1D-42",0
"IGKV1D-43",0
"IGKV1D-8",0
"IGKV3D-7",0
"IGKV1OR2-118",0
"PPP1R1C",0
"ASPRV1",0
"SULT1C3",0
"IL37",0
"PROC",0
"MIR4783",0
"GPR17",0
"SPEGNB",0
"SNRPEP5",0
"HMGB1P25",0
"MIR4765",0
"SCARNA5",0
"SCARNA6",0
"SAG",0
"PSMA2P3",0
"RPL39P14",0
"SNORD70",0
"SNORD70B",0
"SNORD11B",0
"RN7SL753P",0
"RN7SL40P",0
"MTCO1P17",0
"MTCO2P17",0
"MTATP6P17",0
"MTCO3P17",0
"MTND3P17",0
"MTND4LP17",0
"MTND4P30",0
"MTCO1P54",0
"RNU7-81P",0
"RN7SL210P",0
"XIRP2",0
"THSD7B",0
"NT5DC4",0
"RNU7-104P",0
"EVX2",0
"UGT1A10",0
"RNU6-1140P",0
"AGBL5-AS1",0
"AGBL5-IT1",0
"SLC30A3",0
"DNAJC5G",0
"IGKV1OR2-9",0
"IGKV2OR2-10",0
"IGKV2OR2-7D",0
"IGKV3OR2-5",0
"IGKV1OR2-6",0
"IGKV2OR2-7",0
"IGKV2OR2-8",0
"IGKV1OR2-11",0
"UBTFL6",0
"MIR5590",0
"PCARE",0
"NDUFB4P6",0
"GCSHP3",0
"SNORA41",0
"RN7SKP200",0
"ATP5POP1",0
"HMGN1P6",0
"RN7SKP260",0
"ACER2P1",0
"RNU1-133P",0
"MIR6513",0
"MIR6810",0
"RPL19P5",0
"RNU7-148P",0
"CTAGE14P",0
"GPR160P1",0
"RNU6-997P",0
"CHAC2",0
"HNRNPA1P61",0
"RN7SL113P",0
"CYS1",0
"MROH2A",0
"LIMS3",0
"API5P2",0
"SDHDP5",0
"RNU6-629P",0
"CYCTP",0
"RNU5E-9P",0
"VAX2",0
"ATP6V1B1",0
"ELOCP21",0
"RN7SL160P",0
"CHORDC1P1",0
"RN7SL575P",0
"SLC2AXP1",0
"PROM2",0
"FABP7P2",0
"RNU7-138P",0
"RNU7-176P",0
"RPL10P5",0
"RNA5SP113",0
"RNU6-107P",0
"SNORC",0
"LINC01805",0
"RPS10P9",0
"NRAL",0
"MIR1246",0
"RNU6ATAC14P",0
"PSMB3P2",0
"RPL31P14",0
"RNA5SP120",0
"FABP5P14",0
"TNP1",0
"NYAP2",0
"UBTFL5",0
"TRIM43B",0
"KRT18P39",0
"NPM1P33",0
"RNU6-474P",0
"CNN2P11",0
"GXYLT1P7",0
"CNN2P8",0
"SGCEP1",0
"LINC01966",0
"METAP2P1",0
"RNU7-2P",0
"RPL17P12",0
"OTX2P2",0
"LINC01911",0
"RNU6-692P",0
"RNU6-715P",0
"RNA5SP106",0
"LIMS4",0
"PRPS1P1",0
"CYP2C56P",0
"CTLA4",0
"RNU6-542P",0
"RPS24P7",0
"IL36G",0
"HMGN2P23",0
"POLR2DP1",0
"IL36A",0
"RNU6-1180P",0
"IL36RN",0
"SCYGR9",0
"PHF5AP5",0
"RUFY4",0
"NLRC4",0
"RNA5SP84",0
"MIR4429",0
"RNU2-13P",0
"RN7SL674P",0
"PROKR1",0
"MANEALP1",0
"M1AP",0
"RPS28P5",0
"RPL23P5",0
"MSTN",0
"UBE2V1P14",0
"RRN3P4",0
"SFXN4P1",0
"MTCYBP11",0
"MTND6P11",0
"MTND5P24",0
"MTND4P22",0
"MTND4LP12",0
"MTND3P9",0
"MTCO3P5",0
"MTATP6P5",0
"MTCO2P5",0
"RPSAP26",0
"MIR5192",0
"RN7SL297P",0
"RTRAFP1",0
"SLC30A6P1",0
"RNU1-38P",0
"MIR6071",0
"MYG1P1",0
"MIR4263",0
"FAM133EP",0
"SNRPGP7",0
"RNA5SP89",0
"SNORD92",0
"SNORD53",0
"SNORD53B",0
"TOGARAM2",0
"ARHGEF33",0
"STPG4",0
"EPCAM",0
"RN7SKP119",0
"MIR559",0
"FUCA1P1",0
"RPL29P8",0
"RNU6-187P",0
"RNU7-96P",0
"RNU6-370P",0
"PFN4",0
"FAM228A",0
"RNU6-640P",0
"MIR149",0
"RN7SL632P",0
"RPL21P33",0
"RPS12P3",0
"RNA5SP95",0
"RNU4-73P",0
"TMSB10P1",0
"RNU7-127P",0
"RN7SL204P",0
"GBX2",0
"RNU1-31P",0
"SCG2",0
"MLXP1",0
"WBP1P1",0
"NDUFB4P5",0
"NT5C1B",0
"C2orf78",0
"SCYGR2",0
"SCYGR5",0
"SCYGR7",0
"SCYGR8",0
"CCDC195",0
"SCYGR1",0
"SCYGR3",0
"SCYGR6",0
"RNF228",0
"RNA5SP114",0
"MIR561",0
"RNU7-147P",0
"H2ACP2",0
"CYP4F32P",0
"RNU6-1320P",0
"SOWAHCP5",0
"TEKT4",0
"MTCO1P48",0
"MTCO3P45",0
"RPS24P6",0
"RNU5E-7P",0
"RPLP1P5",0
"RN7SL104P",0
"MYCN",0
"FSIP2",0
"RPL21P32",0
"RPL23AP35",0
"MED28P3",0
"DPRXP1",0
"CPO",0
"MIR2355",0
"MIR7845",0
"MIR1302-4",0
"FIGLA",0
"HMGN2P21",0
"CLEC4F",0
"MOB4P1",0
"CD207",0
"KRT8P10",0
"RN7SL341P",0
"RN7SL211P",0
"RPL11P1",0
"RNU6-548P",0
"AQP7B",0
"SCYGR10",0
"SCYGR4",0
"CPS1-IT1",0
"HSPA8P6",0
"CRYGFP",0
"MEAF6P1",0
"RNA5SP118",0
"RNU6-242P",0
"RPL21P30",0
"HMGB1P31",0
"RNU7-172P",0
"TSPYL6",0
"RPS6P3",0
"PRCPP1",0
"RGPD1",0
"PLGLB1",0
"RNU7-182P",0
"NIFKP9",0
"CYP27C1",0
"WBP11P2",0
"RNU6-1147P",0
"KMT2CP5",0
"SLC9B1P2",0
"HTR5BP",0
"CDRT15P4",0
"FAR2P2",0
"CYP4F62P",0
"NBEAP2",0
"CDRT15P3",0
"FAR2P4",0
"ECEL1P2",0
"CYP4F30P",0
"FAR2P3",0
"MED15P9",0
"ALMS1P1",0
"REG1CP",0
"SULT1C5P",0
"SLC19A4P",0
"MALLP2",0
"BIRC6-AS2",0
"GPAT2P1",0
"ZNF285CP",0
"AOX3P",0
"AOX2P",0
"OR7E91P",0
"ANAPC1P1",0
"ANKRD20A8P",0
"PLGLA",0
"ANKRD33BP1",0
"BMS1P23",0
"LINC01881",0
"LSP1P4",0
"CT75",0
"FAHD2CP",0
"CXCR2P1",0
"RPL7L1P10",0
"RPL17P14",0
"RN7SKP283",0
"WDR4P2",0
"CACNB4",0
"RPL30P2",0
"RPS27P10",0
"RNA5SP119",0
"MTND2P23",0
"MTCO1P46",0
"MIR548F2",0
"PCED1CP",0
"VDAC2P4",0
"RNU6-763P",0
"PLAC9P1",0
"RPL22P7",0
"RAB6C-AS1",0
"ARHGAP42P2",0
"PRKAG3",0
"OR6B2",0
"YWHAQP5",0
"TEX51",0
"ALLC",0
"GAPDHP48",0
"PRSS40A",0
"AMER3",0
"MTA3P1",0
"RNU6-932P",0
"PTP4A1P1",0
"HNRNPDLP2",0
"RN7SL393P",0
"RNU6-234P",0
"DCDC2C",0
"NPM1P48",0
"RNU6-649P",0
"G3BP1P1",0
"NRP2-AS1",0
"RN7SKP178",0
"PPIAP68",0
"RPL27P8",0
"SIX3",0
"RN7SKP103",0
"CDKN2AIPNLP2",0
"DPYSL5",0
"APOB",0
"RNU6-951P",0
"GAPDHP25",0
"RACK1P2",0
"VIT",0
"ATP5F1BP1",0
"RPL34P8",0
"CENPNP2",0
"MIR4771-2",0
"RNU6-360P",0
"RPL9P14",0
"RNA5SP116",0
"CRYGEP",0
"CRYGD",0
"CRYGC",0
"SMIM39",0
"DBIL5P2",0
"FUNDC2P2",0
"HNRNPA1P57",0
"RPL38P2",0
"PAFAH1B1P2",0
"ATP5F1AP2",0
"DNAJB3",0
"NOC2LP1",0
"RPS4XP5",0
"GPAA1P2",0
"MYADML",0
"VINAC1P",0
"PRORSD1P",0
"AHSA2P",0
"TUBA4B",0
"FAM95A",0
"OR6B3",0
"RNU2-39P",0
"EMX1",0
"NOTO",0
"FBXO41",0
"MIR3129",0
"RN7SL820P",0
"CBX3P6",0
"IGKV3OR2-268",0
"NCAL1",0
"PAFAH1B1P1",0
"MIR4435-1",0
"ANAPC1P4",0
"ITGB6",0
"LINC02478",0
"MIR4785",0
"MIR4776-2",0
"MIR4776-1",0
"MIR5001",0
"POTEF-AS1",0
"RPL30P3",0
"SRD5A2",0
"LINC01946",0
"RPL6P6",0
"ACADL",0
"IGKV2D-40",0
"IL36B",0
"SPTBN1-AS1",0
"DLX2-DT",0
"ELF2P4",0
"MREG",0
"LINC03100",0
"SCN1A",0
"ACTG1P22",0
"GALNT5",0
"RN7SKP281",0
"ERMN",0
"CYTIP",0
"RPL23AP29",0
"TUBAP13",0
"RPRM",0
"DNAJA1P2",0
"PHB1P4",0
"PCBP1-AS1",0
"IGKV5-2",0
"IGKV7-3",0
"PGBD4P5",0
"IGKV2-4",0
"IGKV1-5",0
"SEPHS1P7",0
"MALLP1",0
"RN7SL251P",0
"RN7SL126P",0
"TMEM247",0
"LINC01819",0
"DNER",0
"AHCYP3",0
"LINC01831",0
"LINC01103",0
"HMGB3P11",0
"POU3F3",0
"NUTF2P8",0
"RN7SL117P",0
"RN7SL516P",0
"RNU6-958P",0
"RN7SKP208",0
"MIR217",0
"MIR216A",0
"MIR216B",0
"RNU6-508P",0
"RNA5SP94",0
"RNU6-473P",0
"CFC1B",0
"PRSS40B",0
"MIR5000",0
"RNU6-105P",0
"SMPD4BP",0
"RNU6-617P",0
"LINC01087",0
"GRAMD4P8",0
"NMS",0
"ARPP19P2",0
"HMGN2P22",0
"NANOGNBP1",0
"SRMP3",0
"RPL14P6",0
"RPL21P34",0
"ASTL",0
"MARCO",0
"C1QL2",0
"RN7SL468P",0
"MIR6888",0
"CAPZA1P2",0
"RPS29P9",0
"RNU6-664P",0
"PPP1R14BP2",0
"MIR4775",0
"GPR45",0
"TGFBRAP1-AS1",0
"CD28",0
"GAL3ST2",0
"SCTR-AS1",0
"LINC01853",0
"LINC01813",0
"LINC01304",0
"GALNT13-AS1",0
"LINC01106",0
"DNPEP-AS1",0
"LINC01815",0
"LINC01381",0
"LINC01849",0
"PANTR1",0
"LINC01159",0
"ARNILA",0
"ANKRD44-DT",0
"LINC01143",0
"LINC01850",0
"RAB17-DT",0
"LINC01824",0
"SILC1",0
"LINC00276",0
"LINC01107",0
"LINC01907",0
"MIR7515HG",0
"PIRAT1",0
"LINC01937",0
"MIR217HG",0
"LINC01857",0
"LINC01953",0
"LINC01923",0
"LINC01939",0
"LINC01851",0
"NCKAP5-AS2",0
"LINC01833",0
"LINC01825",0
"SIX3-AS1",0
"DPP10-AS3",0
"GPR155-DT",0
"LINC01885",0
"LINC01886",0
"LINC01614",0
"LINC01173",0
"LINC01856",0
"FSIP2-AS1",0
"LCT-AS1",0
"GCSIR",0
"LINC01804",0
"CMKLR2-AS",0
"MSH2-OT1",0
"LINC01888",0
"UBE2E3-DT",0
"GACAT3",0
"KCNH7-AS1",0
"LINC01795",0
"LINC01792",0
"LINC01812",0
"LINC01913",0
"LINC01807",0
"EIF2AK3-DT",0
"LINC01931",0
"CAPN10-DT",0
"PRKD3-DT",0
"LINC01280",0
"SPATA3-AS1",0
"LINC01878",0
"LINC02862",0
"LINC02612",0
"LINC01823",0
"LINC01803",0
"PSMD14-DT",0
"LINC01806",0
"LINC01817",0
"LINC01875",0
"LINC01827",0
"LINC02572",0
"ANKRD44-AS1",0
"LINC01121",0
"LINC01460",0
"LINC01117",0
"LINC01116",0
"PDE11A-AS1",0
"LINC01810",0
"EML6-AS1",0
"LINC01891",0
"LINC01305",0
"LINC01249",0
"LINC01880",0
"CNTNAP5-DT",0
"PCGEM1",0
"B3GALT1-AS1",0
"LINC01874",0
"DIRC3",0
"LINC01884",0
"SCN1A-AS1",0
"UICLM",0
"LINC02923",0
"LINC01868",0
"LINC02583",0
"NRXN1-DT",0
"LINC01120",0
"LINC01955",0
"MIR4430",0
"ATP6V0E1P3",0
"KIF5C-AS1",0
"SNORA10B",0
"H3P5",0
"RNU6ATAC37P",0
"LINC01871",0
"HK2-DT",0
"MIR4778",0
"LINC01873",0
"MEIS1-AS3",0
"LINC01797",0
"DNMT3AP1",0
"LINC01628",0
"LINC01828",0
"FOXD4L1",0
"LINC01961",0
"MIR1302-3",0
"WASH2P",0
"RPL23AP7",0
"RNU6-744P",0
"MIR4782",0
"LINC01101",0
"LINC00570",0
"USP21P2",0
"IFITM3P9",0
"CYCSP6",0
"IGSF3P2",0
"ANAPC1P6",0
"CHEK2P3",0
"HIGD1AP4",0
"RAD52P1",0
"LLPHP3",0
"USP21P1",0
"RPL10P6",0
"GAPDHP59",0
"LINC01945",0
"OR7E90P",0
"UGT1A12P",0
"NEK2P4",0
"NF1P8",0
"MED15P8",0
"KLF2P4",0
"ECEL1P1",0
"DIS3L2P1",0
"HIGD2AP1",0
"KRT8P30",0
"CDK5R2-AS1",0
"HNRNPA1P66",0
"OR7E102P",0
"TRIM51JP",0
"TIMM8AP1",0
"FNBP1P1",0
"RPL31P17",0
"SMIM12P1",0
"KLF2P1",0
"CYP4F27P",0
"FAR2P1",0
"MRPL36P1",0
"PTGES3P2",0
"UQCRHP2",0
"SEPTIN14P2",0
"KMT2CP4",0
"RPSAP22",0
"OR7E62P",0
"SNX18P14",0
"RPL6P5",0
"RPL31P30",0
"EEF1E1P1",0
"ANAPC1P2",0
"RPS20P10",0
"KRTCAP2P1",0
"MED15P4",0
"PGM5P4",0
"DDX11L2",0
"ACRP1",0
"RNA5SP101",0
"IGKV2OR2-1",0
"IGKV2OR2-2",0
"IGKV1OR2-3",0
"GPAT2P2",0
"RN7SL313P",0
"MSL3B",0
"ST3GAL5-AS1",0
"LINC01127",0
"LINC01883",0
"LINC01250",0
"LINC01954",0
"LINC01822",0
"LINC01800",0
"AOX3P-AOX2P",0
"RPL23AP39",0
"CHL1-AS1",0
"CIAO2AP1",0
"RPL31P20",0
"MESTP4",0
"RPSAP32",0
"C3orf20",0
"FECHP1",0
"RPL21P17",0
"MTND4LP9",0
"ARPP21-AS1",0
"RPS8P6",0
"PNPT1P1",0
"THRB-IT1",0
"SDAD1P3",0
"RPL34P11",0
"SRGAP3-AS3",0
"LINC02011",0
"SGO1",0
"RPL39P18",0
"KRT8P18",0
"RPL36AP17",0
"LINC02033",0
"RBMS3-AS1",0
"HINT2P1",0
"FANCD2P2",0
"SYN2",0
"CYCSP12",0
"POLE4P1",0
"CDC42P7",0
"RFC3P1",0
"HSPA8P18",0
"COX6CP10",0
"HMGB3P12",0
"CRB3P1",0
"NBPF21P",0
"MTARC2P1",0
"CNN2P6",0
"RPL23AP38",0
"RHBDF1P1",0
"VENTXP4",0
"H3P11",0
"KCNH8",0
"RPL31P18",0
"GNAT1",0
"APRG1",0
"ZNF652P1",0
"ILF2P1",0
"DLEC1P1",0
"RPL7AP23",0
"SPATA12",0
"VPS51P4",0
"RPS12P6",0
"CSNKA2IP",0
"PROS2P",0
"TCEAL8P1",0
"MTCO2P6",0
"HNRNPA3P8",0
"HMGB1P38",0
"DOCK3",0
"ICE2P2",0
"RPEP2",0
"OR7E121P",0
"PPATP1",0
"TMEM183AP5",0
"RPL21P41",0
"PSMC1P6",0
"WDR82P1",0
"UNC93B3",0
"OSBPL9P1",0
"SRRM1P2",0
"NDUFA5P5",0
"RARRES2P1",0
"HYDINP1",0
"AGGF1P3",0
"IMPG2",0
"MRPS17P3",0
"HSPE1P19",0
"CLUHP10",0
"TUBBP11",0
"EZRP1",0
"MTCO1P6",0
"ACTR3P3",0
"NDUFA4P2",0
"FEZF2",0
"H3P12",0
"CCDC137P1",0
"BRD7P7",0
"RAP1BP2",0
"RPL14P2",0
"SSX2IPP1",0
"COX6CP6",0
"RPS10P10",0
"TAFA4",0
"KRT8P35",0
"UBE2Q2P9",0
"GAPDHP50",0
"DPPA2",0
"LCORLP1",0
"NFYBP1",0
"TEX55",0
"UBL5P3",0
"C3orf85",0
"OR7E66P",0
"PPIAP15",0
"IGSF11",0
"MORC1",0
"ZFAND2AP1",0
"RPL10P7",0
"DUX4L26",0
"RPSAP29",0
"CCDC137P2",0
"UPK1B",0
"TRAT1",0
"TIMMDC1-DT",0
"RFKP2",0
"NPM1P17",0
"RPL27P9",0
"RPLP0P8",0
"TMEM108-AS1",0
"DIMT1P1",0
"GM2AP1",0
"SOX14",0
"SDHBP1",0
"RLIG1P2",0
"FKBP1AP4",0
"ZIC1",0
"VN2R1P",0
"KCNAB1-AS1",0
"SLC9A9-AS1",0
"MRE11P1",0
"SYNPR",0
"LINC02010",0
"SSBL6P",0
"CYCSP56",0
"SLC9A9-AS2",0
"NPM1P28",0
"RPS6P4",0
"UBTD2P1",0
"KLF7P1",0
"WDR70P1",0
"MTND3P7",0
"MMACHCP1",0
"LARP7P4",0
"EEF1B2P8",0
"SPATA16",0
"NAP1L5P1",0
"MCUR1P2",0
"MTND4P17",0
"KRT18P35",0
"TMEM38BP1",0
"HMGN2P26",0
"SLITRK3",0
"ATP5MC1P4",0
"SLC31A1P1",0
"TPT1P3",0
"MTND4LP10",0
"LINC02006",0
"RPS17P10",0
"NAALADL2-AS2",0
"DDX5P1",0
"RTP1",0
"RPL7AP25",0
"LINC01014",0
"ACTG1P23",0
"MTCH2P1",0
"RASA2-IT1",0
"PCBP2P4",0
"EIF2AK1P1",0
"RPL32P8",0
"NGRNP1",0
"SNRNP40P1",0
"NDUFB4P1",0
"GPR149",0
"RPL21P42",0
"EI24P1",0
"PPIAP75",0
"ADIPOQ-AS1",0
"NMNAT1P3",0
"EEF1A1P45",0
"ALG1L15P",0
"TRIM42",0
"EI24P6",0
"LINC01209",0
"RPL19P2",0
"KCNAB1-AS2",0
"MTAPP2",0
"LINC02041",0
"KLF3P2",0
"RPS29P3",0
"PLAAT1",0
"PYDC2",0
"CRADDP1",0
"ENAHP1",0
"DTWD1P2",0
"ADIPOQ",0
"PLCH1-AS1",0
"RPS27AP8",0
"RPL6P7",0
"GMNC",0
"SMCO1",0
"RPL7AP24",0
"PRICKLE1P1",0
"ETV5-AS1",0
"GAPDHP47",0
"RBM43P1",0
"RNU6-1194P",0
"RN7SKP144",0
"RNU4ATAC17P",0
"RNU6-905P",0
"RN7SL147P",0
"RN7SL120P",0
"MIR4791",0
"MIR3135A",0
"RNU4-85P",0
"RNU6-822P",0
"MIR3714",0
"MIR466",0
"MIR548AY",0
"RNU6-815P",0
"RNU6-243P",0
"RNA5SP127",0
"RN7SKP227",0
"MIR128-2",0
"RNU6-235P",0
"MIR4272",0
"RN7SL863P",0
"RNA5SP134",0
"RN7SL647P",0
"RNU7-119P",0
"RNU2-10P",0
"MIR1324",0
"RN7SKP284",0
"RNU6-739P",0
"RN7SL271P",0
"RNU6-281P",0
"RN7SL751P",0
"RNU6-873P",0
"MIR3923",0
"RNU2-28P",0
"MIR4273",0
"RN7SKP61",0
"RNU6-1129P",0
"MIR548AB",0
"MIR3921",0
"RNU6-1236P",0
"RNU6ATAC15P",0
"RNU6-712P",0
"MIR4445",0
"RNU6-461P",0
"RNU1-43P",0
"MIR567",0
"RNU6-823P",0
"MIR7110",0
"RNA5SP142",0
"RN7SL715P",0
"RNA5SP144",0
"RNU6-425P",0
"RN7SKP46",0
"RNU1-100P",0
"RN7SKP177",0
"RNU7-82P",0
"MIR569",0
"RNU6-637P",0
"MIR1263",0
"MIR7977",0
"SNORA63D",0
"RN7SKP40",0
"RNU6-486P",0
"RNU6-505P",0
"RNU1-70P",0
"MIR944",0
"RNA5SP147",0
"RNU4-4P",0
"MIR4789",0
"RNU6-1233P",0
"RNU4-91P",0
"SNORA63E",0
"RNU6-1317P",0
"RNA5SP148",0
"RNU6-1109P",0
"RN7SL141P",0
"GMFBP1",0
"ABRAXAS1P1",0
"RNU6-865P",0
"MED28P2",0
"POU5F1P6",0
"RPL32P7",0
"RNU6-1256P",0
"RNY1P12",0
"HMGB3P14",0
"HMGN1P9",0
"HMGB3P13",0
"RNU6-1174P",0
"RNA5SP141",0
"CYCSP11",0
"MIR378B",0
"SNTN",0
"H2BP3",0
"ATOSBP1",0
"MIR568",0
"MIR4796",0
"EIF4E2P2",0
"PABPC1P10",0
"MARK3P3",0
"MARK2P6",0
"LINC01327",0
"MIR5002",0
"RPL7P15",0
"MIR4442",0
"TAF9BP1",0
"MIR1224",0
"EEF1AKMT4-ECE2",0
"CAMK2N2",0
"TEDDM3P",0
"LINC01839",0
"PPP2R2DP1",0
"RNU6-1227P",0
"TMIE",0
"PRSS50",0
"BLVRBP1",0
"DDTP1",0
"RPL29P34",0
"MTHFD2P7",0
"CPN2",0
"RNU6-1101P",0
"RPL23AP93",0
"RNF10P1",0
"UBTFL8",0
"CD24P5",0
"MIR4790",0
"RN7SL553P",0
"RNU1-62P",0
"MTCO3P47",0
"WNT5A-AS1",0
"ERC2-IT1",0
"MIR3938",0
"RN7SKP45",0
"RNA5SP133",0
"H1-8P1",0
"RN7SL418P",0
"EHHADH-AS1",0
"EIF2S2P2",0
"MIR5588",0
"RN7SKP212",0
"GSTO3P",0
"RNU6-726P",0
"CLDN1",0
"GCNT1P3",0
"ARPC4-TTLL3",0
"RNA5SP130",0
"AMIGO3",0
"COX6CP14",0
"CIDEC",0
"RPL38P1",0
"SNORD13P3",0
"RNU6-1105P",0
"GPS2P2",0
"SNORD2",0
"SNORA63B",0
"MIR1248",0
"SNORA81",0
"SNORA63",0
"SNORA4",0
"MCF2L2P1",0
"ATP5MC1P3",0
"PRR23A",0
"PRR23B",0
"PRR23C",0
"RPL7L1P7",0
"PISRT1",0
"PTOV1P1",0
"PPDPFP1",0
"MIR198",0
"RPL30P4",0
"SUGT1P2",0
"TRIM71",0
"TIMP4",0
"MTCO1P5",0
"GSTM5P1",0
"RNA5SP123",0
"RNU6-377P",0
"HMGN1P8",0
"MEMO1P3",0
"PLSCR4P1",0
"RNU6-428P",0
"PLSCR5-AS1",0
"MIR15B",0
"B3GAT3P1",0
"RNU7-136P",0
"SCARNA7",0
"RPL6P8",0
"ARL14",0
"MIR4795",0
"KRT8P25",0
"PHB1P8",0
"PARLP1",0
"RN7SL762P",0
"RN7SL397P",0
"CRIP1P1",0
"ABHD14A-ACY1",0
"ALDOAP1",0
"MIRLET7G",0
"RPL29P9",0
"UROC1",0
"C3orf22",0
"RNA5SP138",0
"METTL5P2",0
"SF3A2P1",0
"RCC2P4",0
"RNU6-646P",0
"RNU6-42P",0
"LINC02025",0
"MIR5688",0
"CADM2-AS2",0
"THAP12P2",0
"MIR6890",0
"LAMB2P1",0
"C3orf84",0
"CLRN1",0
"NPHP3-ACAD11",0
"RNU6-787P",0
"RN7SL482P",0
"KIF3AP1",0
"MIR6829",0
"RNU2-11P",0
"PPP4R2P2",0
"PPP4R2P3",0
"ARL8BP1",0
"TMEM40",0
"KRT18P17",0
"SNORA7A",0
"IFT122P1",0
"ACSL3P1",0
"RNA5SP136",0
"U2SURPP1",0
"ECE2",0
"GPR156",0
"RNU6ATAC6P",0
"TP63",0
"RNU6-678P",0
"RNA5SP140",0
"TF",0
"H3P13",0
"PEX5L-AS1",0
"UQCRHP4",0
"WDR53P1",0
"RNA5SP149",0
"HTD2",0
"LINC02051",0
"CRYGS",0
"AHSG",0
"FETUB",0
"HRGP1",0
"DNAJC19P4",0
"CNTN4-AS1",0
"GP9",0
"ISY1-RAB43",0
"SDHDP4",0
"NRBF2P2",0
"RNU6-488P",0
"RNU6-511P",0
"STX19",0
"RPL35AP8",0
"RN7SL567P",0
"KLHL40",0
"HHATL",0
"HHATL-AS1",0
"ACKR2",0
"IQCF1",0
"IQCF2",0
"RN7SL504P",0
"IQCF5",0
"MIR885",0
"ZKSCAN7",0
"SOCS5P3",0
"SCN10A",0
"RNU6-454P",0
"MIR4270",0
"RN7SL110P",0
"MIR6872",0
"PERPP1",0
"RN7SKP222",0
"FGF12-AS1",0
"FGF12-AS2",0
"FGF12-AS3",0
"RNU1-20P",0
"TREX1",0
"MIR6823",0
"UCN2",0
"MIR711",0
"TMEM89",0
"MIR6824",0
"CELSR3",0
"MIR4793",0
"TLR9",0
"OR5K1",0
"STAC",0
"TMEM207",0
"PLSCR5",0
"MRPS10P2",0
"RN7SL870P",0
"CSPG5",0
"RPL15P6",0
"LILRA2P1",0
"RPS12P7",0
"MTAPP1",0
"RFKP6",0
"MIR1226",0
"RPS27P30",0
"RN7SL664P",0
"RPL17P16",0
"CDC25A",0
"SNRPFP4",0
"RNU7-128P",0
"MIR4443",0
"CAMP",0
"FCF1P2",0
"MIR2115",0
"FBXW12",0
"RN7SL321P",0
"RPL6P9",0
"RNA5SP143",0
"PLS1",0
"RN7SKP25",0
"RNU7-47P",0
"RAD23BP1",0
"RNU6-138P",0
"OR5H8",0
"POU5F1P7",0
"OR5H1",0
"OR5H4P",0
"FLT1P1",0
"UQCRC2P1",0
"CCR2",0
"LINC02009",0
"FAM240A",0
"CCR3",0
"RTP3",0
"RPS25P4",0
"MIR6083",0
"RNU6-143P",0
"MIR544B",0
"RPS26P22",0
"ITGB5-AS1",0
"MUC13",0
"PDHA1P1",0
"APOOP2",0
"POU1F1",0
"MIR548I1",0
"RPS3AP14",0
"FBRSL1P1",0
"ARPC1AP1",0
"POLQ",0
"ARGFX",0
"FBXO40",0
"PGAM1P4",0
"DUSP5P2",0
"RETNLB",0
"SLC22A14",0
"GADL1",0
"FRG2C",0
"ARPP21",0
"OSTN",0
"MARK2P3",0
"MARK2P19",0
"RHO",0
"H1-8",0
"RN7SL752P",0
"CARMIL2P1",0
"RNA5SP145",0
"SETP11",0
"GPR87",0
"P2RY13",0
"P2RY12",0
"MRPL42P6",0
"MIR5186",0
"IGSF10",0
"TOPAZ1",0
"MIR548AQ",0
"MIR1284",0
"RPL35AP9",0
"GPR79",0
"MIR3919",0
"C9orf78P1",0
"RNU2-31P",0
"MIR26A1",0
"MIR5704",0
"PSMC2P1",0
"HNRNPA1P17",0
"RPL13P8",0
"VWA5B2",0
"MYH15",0
"RNA5SP139",0
"RNU2-37P",0
"RUVBL1-AS1",0
"SLC15A2",0
"GP5",0
"MAF1P1",0
"FAM76AP1",0
"SPINK8",0
"OR5H15",0
"TAFA1",0
"PRDX5P1",0
"LINC02047",0
"HSP90AB5P",0
"AKR1B1P2",0
"NIPA2P2",0
"RN7SL294P",0
"MIR4444-2",0
"MYLKP1",0
"ATP5MC2P5",0
"MST1",0
"SNORA6",0
"SNORA62",0
"NFU1P1",0
"HTR3C",0
"HTR3C2P",0
"HTR3E",0
"HSP90AA5P",0
"MIR4448",0
"HTR3D",0
"KRT18P43",0
"FAM20BP1",0
"SEC62-AS1",0
"KMT5AP3",0
"LRRIQ4",0
"RNA5SP132",0
"IQCF6",0
"RPSAP69",0
"RN7SL517P",0
"RPL18AP9",0
"CHCHD4P4",0
"CSTBP1",0
"EIF3KP2",0
"RN7SL216P",0
"RNA5SP125",0
"CFL1P7",0
"RNA5SP126",0
"H3P10",0
"MIR5193",0
"TRAIP",0
"CAMKV",0
"RN7SL217P",0
"ACTL11P",0
"CD86",0
"HNRNPA1P23",0
"EIF4BP8",0
"WWP1P1",0
"RNU6-26P",0
"RNU6-1263P",0
"RNU6-342P",0
"RNU1-96P",0
"DCLK3",0
"CCR5",0
"DNAJB8",0
"EEF1GP4",0
"SPTSSB",0
"OTOL1",0
"RPS3AP53",0
"TMEM229BP1",0
"NLGN1-AS1",0
"RN7SKP234",0
"ANAPC15P2",0
"GABRR3",0
"OR5BM1P",0
"RPL39P17",0
"PRR3P1",0
"SERPINI2",0
"RNU6-621P",0
"RNU6-821P",0
"TUBB8P8",0
"RNU6-860P",0
"CICP6",0
"SEPTIN14P3",0
"MIR4797",0
"RBISP6",0
"NPEPPSP2",0
"PDCL3P3",0
"RNU6-670P",0
"RNU6-386P",0
"VDAC1P7",0
"RNU6-217P",0
"RNU6-882P",0
"SLC6A1-AS1",0
"COL6A5",0
"SERBP1P3",0
"CCR8",0
"HNRNPA1P21",0
"CENPPP1",0
"MIR6822",0
"XIRP1",0
"DSTNP4",0
"CX3CR1",0
"THAP5P2",0
"RPL23AP41",0
"RPL31P21",0
"PHF5AP7",0
"RNU4-56P",0
"RN7SL411P",0
"PGAM1P3",0
"RNU5B-2P",0
"RPL5P10",0
"EEF1GP3",0
"MRPS31P1",0
"RN7SKP58",0
"ATP6V0E1P2",0
"RPL36P20",0
"GEMIN2P2",0
"TPMTP2",0
"CCK",0
"EIF4BP4",0
"LYZL4",0
"MIR8060",0
"RBBP4P7",0
"RNU6-1094P",0
"RPL18AP8",0
"RCC2P5",0
"CDV3P1",0
"EPHA6",0
"TPTE2P7",0
"OR5AC1",0
"OR5AC2",0
"OR5H2",0
"OR5K4",0
"OR5K3",0
"UBFD1P1",0
"ZNF587P1",0
"ZNF860",0
"RPL21P40",0
"NIFKP7",0
"RPL21P137",0
"SMIM11P2",0
"CD200R1P1",0
"VPS26AP1",0
"ZDHHC23",0
"ATP5PBP8",0
"DRD3",0
"RNY3P13",0
"TRH",0
"RPS17P9",0
"VPS51P10",0
"OR7E129P",0
"OR7E21P",0
"EVA1CP6",0
"SNRPCP8",0
"PSMG3P1",0
"RN7SL229P",0
"RNF13P1",0
"ACTBP16",0
"FLYWCH1P1",0
"RPL32P10",0
"MATR3P2",0
"RNU6-4P",0
"FAUP2",0
"HHLA2",0
"A4GNT",0
"NME9",0
"CAV3",0
"OXTR",0
"RN7SL145P",0
"SPSB4",0
"RNA5SP129",0
"MIR5092",0
"DUTP1",0
"DNAJB6P7",0
"RNU6-232P",0
"XXYLT1-AS1",0
"MIR3137",0
"RN7SL36P",0
"RNU6-25P",0
"RPL31P22",0
"RNU6ATAC24P",0
"RN7SL73P",0
"RPL31P64",0
"CABYRP1",0
"LRTM1",0
"LINC02017",0
"NDUFS6P1",0
"CRIPTOP6",0
"RPL31P23",0
"KIAA1143P2",0
"EOMES",0
"SLC6A20",0
"RN7SKP265",0
"MPRIPP1",0
"RNA5SP137",0
"SNORD19",0
"SNORD19B",0
"SNORD19C",0
"AK3P7",0
"AKTIPP1",0
"ITIH1",0
"STIMATE-MUSTN1",0
"MIR8064",0
"OR7E55P",0
"EVA1CP5",0
"SNRPCP10",0
"RN7SL767P",0
"RPS10P4",0
"KRBOX1",0
"MTND5P15",0
"RNU6-681P",0
"ASS1P7",0
"RN7SKP52",0
"SDHAP2",0
"SMBD1P",0
"NLGN1",0
"DTWD1P1",0
"RN7SKP124",0
"RN7SL724P",0
"TRMT112P5",0
"RPS27P12",0
"ACP3",0
"G2E3P1",0
"NIP7P2",0
"RNU6ATAC29P",0
"IQCF3",0
"FGD5P1",0
"SDHAP1",0
"OR5AC4P",0
"NMRAL2P",0
"COL6A4P1",0
"FRG2FP",0
"FAM157A",0
"RPL32P3",0
"OR7E122P",0
"INHCAP",0
"FAM86JP",0
"CIDECP1",0
"FAM86HP",0
"ALG1L1P",0
"SNHG33",0
"ANKRD18DP",0
"OR7E22P",0
"FAM86DP",0
"EMC3-AS1",0
"MIR5787",0
"SLC38A3",0
"RNU6-1181P",0
"RNU6-108P",0
"RNU6-483P",0
"RPL12P44",0
"RNU5B-3P",0
"TGM4",0
"ATP2B2-IT1",0
"ATP2B2-IT2",0
"SLC6A11",0
"VENTXP7",0
"ZNF385D-AS2",0
"FCF1P3",0
"MTND4P16",0
"MTND4LP3",0
"MTND3P6",0
"MTCO3P35",0
"MTATP6P22",0
"MTND6P6",0
"MTCO1P35",0
"MTND1P16",0
"MTND2P14",0
"RNU6-1308P",0
"CSP2",0
"CCDC54",0
"CCR9",0
"XCR1",0
"YWHAQP10",0
"GRM7",0
"MRPS36P1",0
"GRM7-AS2",0
"RN7SKP296",0
"LINC02013",0
"CCT6P4",0
"MTCO1P29",0
"MTCO2P29",0
"NAP1L1P3",0
"MIR5682",0
"STXBP5L",0
"MIR6828",0
"SDHAP4",0
"MIR922",0
"EIF4EP3",0
"RPL7L1P8",0
"PLA2G10P1",0
"LAMP3",0
"PRSS45P",0
"SNRPB2P1",0
"MTERF1P1",0
"MIR548BB",0
"TMED2P1",0
"FCRL4P1",0
"RRBP1P2",0
"RANP7",0
"SALL4P5",0
"RPL24P7",0
"C11orf98P3",0
"RNU6-922P",0
"RNU6-788P",0
"ARL4AP4",0
"NPM1P23",0
"RNA5SP135",0
"MIR3136",0
"CD200R1L",0
"GAP43",0
"PSMD12P1",0
"LAPTM4BP2",0
"RNU7-19P",0
"RNU6-557P",0
"RNU2-64P",0
"GPATCH11P1",0
"RNU6-1270P",0
"RNU7-110P",0
"RNA5SP128",0
"NICN1",0
"PLCXD2",0
"TAGLN3",0
"RNU7-73P",0
"MIR28",0
"ENOPH1P1",0
"RPL35AP10",0
"CDK2AP1P1",0
"RPL34P9",0
"SST",0
"RTP2",0
"TBILA",0
"SLC9C1",0
"INAVAP1",0
"HSPD1P6",0
"EEF1A1P23",0
"RPL39P5",0
"PSMD10P2",0
"KRT8P12",0
"BOLA2P2",0
"RPSAP31",0
"PDCL3P4",0
"MTHFD2P1",0
"RPL23AP49",0
"TPM4P2",0
"HMGB1P5",0
"TMEM30CP",0
"CDHR18P",0
"PRSS46P",0
"PRSS43P",0
"PRSS44P",0
"PRSS42P",0
"NRADDP",0
"IQCF4P",0
"C3orf86P",0
"CYP2AB1P",0
"SLC66A1LP",0
"NUDT16L2P",0
"LRRC77P",0
"BTNL12P",0
"CPHL1P",0
"MIR563",0
"CBX3P10",0
"RNU6ATAC4P",0
"DAZL",0
"OR5K2",0
"RPL38P4",0
"GPR15",0
"RPL19P7",0
"ACTG1P13",0
"ARHGEF28P1",0
"ZMYND10-AS1",0
"ZMYND10",0
"MIR4787",0
"PPIAP69",0
"MIR7976",0
"IQCJ-SCHIP1",0
"IQCJ",0
"DUBR",0
"LINC01990",0
"PRR23E",0
"PRR23E2P",0
"RNU6-1047P",0
"PRR20G",0
"LINC02034",0
"LINC02014",0
"COL6A4P2",0
"RNU6-507P",0
"RNU6-720P",0
"PPIAP73",0
"HNRNPA1P24",0
"EIF3JP2",0
"RPL32P9",0
"MINDY4B",0
"YTHDF3P1",0
"OR7E53P",0
"OR7E97P",0
"VPS51P6",0
"SYPL1P1",0
"DYNLL1P5",0
"RPL9P15",0
"MME-AS1",0
"RNU6-348P",0
"MTCO1P58",0
"TMEM212",0
"TMEM212-IT1",0
"RNU6-1120P",0
"SOX2",0
"RN7SL703P",0
"RNA5SP150",0
"PSMG3P2",0
"ZCCHC10P1",0
"AADACL2",0
"AADACP1",0
"AADAC",0
"ATP5MGP5",0
"SRP14P5",0
"MAP6D1",0
"ABCC5-AS1",0
"HTR3E-AS1",0
"LINC01840",0
"RN7SL447P",0
"LINC02012",0
"RN7SKP298",0
"PSAT1P4",0
"CBX1P5",0
"LIPH",0
"RPL34P10",0
"CCDC54-AS1",0
"RN7SL815P",0
"RNU5E-8P",0
"RNU6-1200P",0
"LINC03051",0
"DRG1P2",0
"LINC00903",0
"RN7SL582P",0
"TUSC7",0
"MIR4447",0
"ALDH1L1",0
"RNU1-30P",0
"RNPC3P1",0
"ATP6V0CP2",0
"NECTIN2P1",0
"ZBED2",0
"NT5C3AP2",0
"PLCXD2-AS1",0
"ACVR2B-AS1",0
"THOC7-AS1",0
"THRAP3P1",0
"PPIAP72",0
"RPL23AP40",0
"HMGN2P13",0
"KIAA1328P1",0
"RN7SL300P",0
"LINC02877",0
"RNU6-901P",0
"SUMO2P10",0
"RN7SL296P",0
"ZDHHC19",0
"TM4SF19-DYNLT2B",0
"TM4SF19",0
"RNU6-910P",0
"RNU6-1279P",0
"RN7SL434P",0
"LINC02000",0
"LINC01471",0
"LINC01472",0
"LINC02052",0
"HDAC11-AS1",0
"LINC01213",0
"LINC02008",0
"LINC01998",0
"TNK2-AS1",0
"LINC02045",0
"PLS1-AS1",0
"LINC01487",0
"TERC",0
"LINC01100",0
"LINC00606",0
"LINC00488",0
"LINC00885",0
"PYDC2-AS1",0
"LINC01967",0
"LINC02046",0
"LINC02066",0
"LINC00501",0
"BALR6",0
"OSTN-AS1",0
"LINC02005",0
"LINC02040",0
"SRGAP3-AS4",0
"LINC02004",0
"LINC01994",0
"HLMR1",0
"CD200R1L-AS1",0
"ITPR1-DT",0
"TPRXL",0
"MELTF-AS1",0
"PRRT3-AS1",0
"NAALADL2-AS1",0
"LINC01391",0
"LINC01210",0
"PLCH1-AS2",0
"LARS2-AS1",0
"DENND6A-DT",0
"LINC02029",0
"CFAP20DC-AS1",0
"LINC02044",0
"LPP-AS1",0
"PEX5L-AS2",0
"LINC01983",0
"LINC02054",0
"LINC01997",0
"CCDC39-AS1",0
"LINC02048",0
"LRRC2-AS1",0
"LINC02031",0
"CNTN4-AS2",0
"MORC1-AS1",0
"RARB-AS1",0
"SYNPR-AS1",0
"LINC01205",0
"NAALADL2-AS3",0
"LINC01986",0
"GRM7-AS3",0
"LINC02015",0
"LINC00879",0
"GRM7-AS1",0
"LINC01985",0
"LINC00971",0
"CLSTN2-AS1",0
"ATP13A4-AS1",0
"LINC01192",0
"SRGAP3-AS1",0
"LRRC78P",0
"PIK3CA-DT",0
"ARHGEF3-AS1",0
"DLG1-AS1",0
"LINC01063",0
"TMEM212-AS1",0
"LINC00692",0
"LINC01215",0
"LINC02053",0
"LINC02077",0
"BFSP2-AS1",0
"UBE2E2-DT",0
"GSK3B-DT",0
"LINC02038",0
"IGSF11-AS1",0
"LINC02042",0
"PDZRN3-AS1",0
"LINC00901",0
"LINC01972",0
"LINC02069",0
"LSAMP-AS1",0
"CFAP100-DT",0
"LINC02027",0
"SRGAP3-AS2",0
"LINC02023",0
"VN1R21P",0
"LINC01267",0
"RNA5SP124",0
"MIR8076",0
"SIDT1",0
"MIR4446",0
"CD200LP",0
"BTLA",0
"OR7E100P",0
"UBE2E1-AS1",0
"LINC02084",0
"LINC01981",0
"PRICKLE2-AS2",0
"PRDX3P4",0
"IL20RB",0
"IL20RB-AS1",0
"IGBP1P3",0
"VN1R20P",0
"RPS18P6",0
"KRT18P34",0
"RPL22P1",0
"TVP23CP3",0
"TMED10P2",0
"ARB2BP",0
"CYCSP10",0
"MARK2P17",0
"ACTG1P1",0
"GAPDHP36",0
"OR5H5P",0
"OR5H3P",0
"OR5H7P",0
"RPS24P9",0
"BCL2L12P1",0
"RPL7P16",0
"RPL13AP27",0
"UBA52P4",0
"PSMC1P7",0
"RPS24P10",0
"DNAJB1P2",0
"LOLI1",0
"ENPP7P3",0
"RPS16P4",0
"MUC20P1",0
"LSP1P2",0
"ENPP7P2",0
"PPP4R2P6",0
"RPL36P7",0
"PPP4R2P4",0
"NDUFAF4P3",0
"RPS25P5",0
"IMPDH1P8",0
"CDYLP1",0
"METTL15P1",0
"MYLKP2",0
"OR7E29P",0
"COX6A1P5",0
"DPPA2P3",0
"FAM151AP1",0
"SULT1D1P2",0
"EGFEM1P",0
"RNU2-20P",0
"MIR551B",0
"RPSAP33",0
"RPL21P43",0
"RNU6-367P",0
"MIR138-1",0
"LINC01991",0
"LINC00690",0
"NECTIN3-AS1",0
"LINC00504",0
"CPZ",0
"WEE1P1",0
"DRD5",0
"ECM1P2",0
"VPS51P18",0
"RFPL4AP3",0
"OR7E84P",0
"OR7E86P",0
"MTCO3P44",0
"MTCO3P27",0
"RPS3AP17",0
"MTND4P9",0
"OR7E85P",0
"MTCO3P42",0
"MTND3P24",0
"RPS29P11",0
"HMGN1P11",0
"LINC02271",0
"MTND4LP22",0
"RPL31P31",0
"GABRB1",0
"CORIN",0
"MTCYBP16",0
"SNX18P23",0
"MTCO3P28",0
"TECRL",0
"LINC02483",0
"SNX18P24",0
"LDHAP1",0
"SRIP1",0
"MESTP3",0
"RPS26P24",0
"SNX18P25",0
"HMGB1P44",0
"MTND3P5",0
"MTND6P16",0
"SEC63P2",0
"CABS1",0
"LINC02493",0
"SMR3B",0
"SLIRPP2",0
"COX7B2",0
"UGT2B11",0
"NAA11",0
"LARP1BP1",0
"GK2",0
"LINC00575",0
"MTND3P22",0
"SMR3A",0
"PRDX4P1",0
"NPM1P41",0
"PPBPP1",0
"PPP2R2C",0
"HMGA1P2",0
"UGT2B7",0
"LINC02619",0
"MTND5P4",0
"MTCO3P39",0
"MTND5P13",0
"LINC01217",0
"ATP5F1EP1",0
"TACR3",0
"PABPC1P7",0
"IGBP1P5",0
"DDX3P3",0
"HNRNPA1P56",0
"LINC01216",0
"LINC01218",0
"MTND4LP31",0
"COL25A1-DT",0
"LINC02503",0
"DYNLL1P6",0
"PGAM4P2",0
"TACR3-AS1",0
"ACTN4P1",0
"MRPS33P3",0
"CXCL6",0
"PIMREGP2",0
"NDUFS5P5",0
"RPL6P14",0
"ACTR3BP4",0
"SETP20",0
"TUBB4BP5",0
"TTC39CP1",0
"LTV1P1",0
"KRT18P21",0
"PARM1-AS1",0
"ARHGEF38-IT1",0
"UGT2A3",0
"RAC1P5",0
"MUC7",0
"NDST4",0
"ACTR6P1",0
"SPOPLP3",0
"H3P15",0
"SPOPLP2",0
"TUBAP10",0
"GAPDHP56",0
"TERF1P3",0
"LINC02479",0
"TECRP2",0
"NDST3",0
"RBM48P1",0
"PDHA2",0
"EIF3KP3",0
"QRFPR",0
"LINC02262",0
"NDNF-AS1",0
"DUTP8",0
"SAR1AP3",0
"GABRA4",0
"SPOPLP1",0
"MTCYBP44",0
"NDUFB4P12",0
"OPRPN",0
"TMEM248P1",0
"PGBD4P4",0
"TPI1P4",0
"KRT18P54",0
"GABRG1",0
"SLC10A6",0
"CRYZP2",0
"MAPRE1P2",0
"LINC02429",0
"RPL7L1P14",0
"RPS23P2",0
"SERF1AP1",0
"R3HDM2P1",0
"CDRT15P11",0
"RBM46",0
"COX7A2P2",0
"LINC02511",0
"EEF1GP8",0
"YWHAEP4",0
"STMN1P2",0
"BTF3P13",0
"PTPN11P5",0
"MTATP6P9",0
"GLRA3",0
"JADRR",0
"TARS2P1",0
"RPL31P26",0
"LINC02431",0
"ZSWIM5P3",0
"ADAM20P2",0
"EEF1A1P21",0
"LINC02512",0
"TSEN2P1",0
"MTND6P17",0
"LRAT",0
"FSTL5",0
"MTND2P33",0
"FABP5P12",0
"PRMT5P1",0
"RPL21P48",0
"MTCO2P9",0
"FBLP1",0
"ASS1P8",0
"MYL12BP2",0
"NPY5R",0
"NDUFB2P1",0
"WWC2-AS1",0
"MTND1P22",0
"MTHFD2P4",0
"ADAM29",0
"NDUFB5P1",0
"SPATA4",0
"LINC02504",0
"MTCO1P9",0
"LINC02477",0
"CLDN24",0
"RPL35AP12",0
"SPOCK3",0
"MTND5P9",0
"TOMM22P4",0
"AKIRIN2P1",0
"LINC02514",0
"LINC02430",0
"PHB1P14",0
"RPL6P11",0
"ICE2P1",0
"ADAM20P3",0
"MTND4P8",0
"RPS23P4",0
"ZFP42",0
"MTND3P3",0
"TKTL2",0
"COPS3P1",0
"NWD2",0
"MTCO3P9",0
"LINC02496",0
"ATP5MGP4",0
"NPY2R",0
"SETP12",0
"RPL7AP27",0
"LINC02437",0
"DPP3P1",0
"HSPE1P23",0
"RN7SKP113",0
"MIR548I2",0
"RNA5SP154",0
"RNA5SP156",0
"RNU6-578P",0
"RN7SKP170",0
"MIR572",0
"SNORA75B",0
"RN7SL16P",0
"RNU6-420P",0
"RNA5SP157",0
"RN7SL101P",0
"MIR4275",0
"RNU7-126P",0
"MIR1255B1",0
"RNU6-573P",0
"MIR4801",0
"RNU6-931P",0
"RNU6-412P",0
"RN7SL193P",0
"RN7SKP199",0
"RNU6-158P",0
"MIR8053",0
"MIR548AG1",0
"RNU6-1325P",0
"RNU6-699P",0
"RNU6-191P",0
"RNU1-63P",0
"RNA5SP527",0
"RNU6ATAC5P",0
"RNU4ATAC9P",0
"RNU6-499P",0
"RNU6-774P",0
"RN7SKP48",0
"MIR575",0
"RNU6-615P",0
"RNU6-1059P",0
"MIR4451",0
"RN7SKP28",0
"RNU6-462P",0
"RNU6-551P",0
"RNU6-34P",0
"RNU6-635P",0
"SNORA24",0
"MIR576",0
"MIR1255A",0
"RN7SKP137",0
"RNU6-948P",0
"RNU6-119P",0
"RNU6-550P",0
"RNU1-89P",0
"RNU6-224P",0
"RN7SL808P",0
"RNA5SP166",0
"RNU7-197P",0
"RNU6-1230P",0
"RNA5SP167",0
"RNA5SP165",0
"RN7SKP253",0
"MIR4799",0
"MIR548G",0
"RNU4-79P",0
"RN7SKP188",0
"RNA5SP170",0
"RNU6ATAC13P",0
"RN7SKP105",0
"MIR6082",0
"RN7SL776P",0
"RNA5SP171",0
"RNA5SP173",0
"MIR4454",0
"RNU6-335P",0
"RNU6-1053P",0
"RNU6-479P",0
"RN7SL28P",0
"RNU2-34P",0
"RNU2-66P",0
"RN7SKP67",0
"RNU2-44P",0
"MIR4276",0
"RNU6-173P",0
"RNU1-51P",0
"RNU6-838P",0
"MIR4449",0
"SNORA26",0
"RN7SKP275",0
"RN7SL335P",0
"ADAD1",0
"RNU6-668P",0
"APELA",0
"FAM218BP",0
"TRIM60",0
"AMTN",0
"ENAM",0
"RNU6-520P",0
"RNU6-784P",0
"RNU6-891P",0
"ALG1L14P",0
"USP17L10",0
"USP17L11",0
"USP17L12",0
"USP17L13",0
"USP17L17",0
"USP17L18",0
"USP17L23",0
"USP17L5",0
"USP17L27",0
"USP17L28",0
"USP17L29",0
"USP17L30",0
"DEFB108F",0
"RNA5SP153",0
"DEFB130D",0
"USP17L20",0
"USP17L21",0
"USP17L22",0
"USP17L24",0
"USP17L25",0
"USP17L26",0
"USP17L14P",0
"USP17L16P",0
"USP17L19",0
"USP17L9P",0
"USP17L6P",0
"LINC02173",0
"GIMD1",0
"RNU6-1196P",0
"RN7SL419P",0
"IL2",0
"MYOZ2",0
"MIR548T",0
"RNU6-1096P",0
"HAND2",0
"NACAP5",0
"KRT18P63",0
"RNU6-531P",0
"RNU6-506P",0
"RNU6-1074P",0
"MGARP",0
"RNU6-1214P",0
"PFDN1P2",0
"HPRT1P1",0
"FGFBP1",0
"MIR2054",0
"NUP58P1",0
"RPL17P20",0
"RN7SL492P",0
"RN7SL357P",0
"BBS7-DT",0
"SULT1D1P",0
"SULT1E1",0
"CSN1S1",0
"STATH",0
"HTN1",0
"HTN3",0
"SOWAHB",0
"TXNP6",0
"RPL7P17",0
"RNU6-1187P",0
"RNU6-887P",0
"MIR4452",0
"RNU6-746P",0
"LRRC34P2",0
"FCF1P8",0
"OR7E85BP",0
"UNC93B8",0
"VPS51P7",0
"SNRPCP16",0
"EFL1P2",0
"RNU2-40P",0
"FAM192BP",0
"RPL6P13",0
"ARPC1AP4",0
"GAPDHP60",0
"MIR5705",0
"RN7SL681P",0
"RNU1-44P",0
"POU4F2",0
"USP17L15",0
"BTF3L4P4",0
"PALLD-AS1",0
"CNGA1",0
"HIGD1AP13",0
"MIR3945",0
"TRPC6P7",0
"MIR4455",0
"RNU6-351P",0
"RNU6-553P",0
"IL21",0
"BBS12",0
"SCARNA22",0
"MIR943",0
"NAT8L",0
"RPS15AP17",0
"RPL21P47",0
"RNU2-16P",0
"NKX1-1",0
"MIR95",0
"RNU6-112P",0
"NCOA4P2",0
"PYURF",0
"PIGY",0
"PIGY-DT",0
"RN7SKP244",0
"IQCM",0
"RPSAP34",0
"ZACNP1",0
"EXOC7P1",0
"FTH1P21",0
"RNU6-35P",0
"RN7SL275P",0
"RNF14P2",0
"RNU6-205P",0
"ZBED1P1",0
"RPL7L1P13",0
"ZNF969P",0
"MIR297",0
"RNU6-289P",0
"RPL36AP23",0
"CCDC34P1",0
"TUBB8P3",0
"RNU6-204P",0
"RPL7AP29",0
"SLC25A14P1",0
"RPL30P5",0
"RPL38P3",0
"RNU6-410P",0
"RN7SL424P",0
"RN7SL822P",0
"METTL5P3",0
"RPSAP39",0
"PIMREGP4",0
"LINC02928",0
"SEPSECS-AS1",0
"NDUFB4P9",0
"RPL14P3",0
"UCP1",0
"RN7SL152P",0
"TNRC18P1",0
"RRH",0
"LRIT3",0
"KRT19P3",0
"MTTP",0
"RPL32P13",0
"ANK2-AS1",0
"MIR1243",0
"MIR8082",0
"RN7SL184P",0
"RNU1-138P",0
"RNU6-128P",0
"IBSP",0
"RNU1-36P",0
"RPL31P24",0
"RNU6-818P",0
"RNU6ATAC31P",0
"RNU6-1298P",0
"MIR4274",0
"MICOS10P4",0
"RNU6-733P",0
"RN7SL728P",0
"RPL21P49",0
"LRRC37A15P",0
"RNU7-151P",0
"FTH1P24",0
"RNU6-197P",0
"MRPL22P1",0
"EPGN",0
"RPL36P8",0
"FAM47E",0
"FAM47E-STBD1",0
"RNU6-1000P",0
"RPL36AP18",0
"MIR367",0
"MIR302D",0
"MIR302A",0
"MIR302C",0
"MIR302B",0
"GET1P1",0
"NPFFR2",0
"C4orf54",0
"UGT2B29P",0
"UGT2B17",0
"TRIML2",0
"RNU6-145P",0
"MIR4450",0
"MIR548AH",0
"OR7E103P",0
"OTOP1",0
"STX18-IT1",0
"RPS7P15",0
"LINC02260",0
"RPL6P12",0
"UGT2A2",0
"TIGD2",0
"RNU6-907P",0
"RNU4-33P",0
"COL25A1",0
"AMBN",0
"GBA3",0
"RPS3AP16",0
"VPS51P13",0
"HELT",0
"MEPE",0
"GPM6A",0
"RPL5P13",0
"LSM3P4",0
"MIR7849",0
"HNRNPA1P55",0
"CXCL1P1",0
"PF4",0
"CXCL5",0
"RN7SL218P",0
"HGFAC",0
"DOK7",0
"CSN2",0
"FDCSP",0
"LTO1P1",0
"DEFB131A",0
"FAM53A",0
"NEUROG2",0
"RPL23AP94",0
"ATP5MGP3",0
"HNRNPA1P65",0
"MTCYBP43",0
"TMEM271",0
"PDE6B-AS1",0
"MIR378D1",0
"RNA5SP158",0
"TLR10",0
"MIR574",0
"RNU7-194P",0
"MAB21L2",0
"ZBTB8OSP1",0
"RNA5SP168",0
"AK4P6",0
"RN7SKP248",0
"KRT19P6",0
"MIR578",0
"HADHAP1",0
"SCGB1D5P",0
"NOL8P1",0
"RNU6-1252P",0
"RNU6-1055P",0
"RPS7P6",0
"CLRN2",0
"COX6B1P5",0
"MIR4800",0
"SPICP5",0
"GRID2",0
"MTND1P19",0
"RACK1P3",0
"RNA5SP164",0
"ATOH1",0
"HMGB3P15",0
"RPL35AP11",0
"PHOX2B",0
"RNU1-49P",0
"HMGB1P28",0
"ATP1B1P1",0
"BEND4",0
"RPS7P7",0
"CCNL2P1",0
"RN7SKP82",0
"LINC02383",0
"RN7SL691P",0
"EGF",0
"TRIM75",0
"LINC02600",0
"SMIM43",0
"RNU4-64P",0
"LDHAL6EP",0
"GC",0
"RNA5SP163",0
"MIR1973",0
"TRMT112P1",0
"RPL21P45",0
"PSME2P4",0
"MRPS33P2",0
"PTTG2",0
"DUTP7",0
"LRRC66",0
"SPATA18",0
"RNA5SP160",0
"RNU6-836P",0
"RNU6-1195P",0
"UCHL1-DT",0
"RPL12P20",0
"MIR3138",0
"RNA5SP155",0
"RAF1P1",0
"CSN3",0
"FAM90A26",0
"FREM3",0
"GYPE",0
"GYPA",0
"KRT18P51",0
"RN7SKP235",0
"JAKMIP1",0
"LINC01097",0
"NKX3-2",0
"MIR5091",0
"MTNR1A",0
"RNY1P14",0
"RNU6-310P",0
"COMMD5P1",0
"MORF4L2P1",0
"RN7SL446P",0
"MIR3140",0
"MIR4453",0
"RPS3AP18",0
"SLC10A4",0
"ZAR1",0
"RNU5E-3P",0
"RN7SL253P",0
"RNU6-1054P",0
"GLRB",0
"RNU6-582P",0
"RNU6-1217P",0
"KLKB1",0
"SLC25A31",0
"RNU6-583P",0
"RPL15P8",0
"RNU6-1336P",0
"RPL9P16",0
"RNU6-853P",0
"RNY4P17",0
"OR7E94P",0
"JAKMIP1-DT",0
"PPBPP2",0
"GTF2IP12",0
"SEPTIN7P14",0
"RPL3P13",0
"CDS1",0
"RN7SL552P",0
"PTGES3P3",0
"TMPRSS11GP",0
"RNU6-95P",0
"POLR2MP1",0
"MTND2P41",0
"TMPRSS11F",0
"TMPRSS11BNL",0
"TMPRSS11B",0
"APOOP4",0
"TMPRSS11E",0
"WDR77P1",0
"RNU6-1285P",0
"FGB",0
"FGG",0
"RNU7-11P",0
"ZBTB12BP",0
"ELOCP33",0
"RNA5SP159",0
"KRT18P25",0
"RNU6-1112P",0
"RN7SKP292",0
"CFAP184",0
"RN7SKP36",0
"MIR4798",0
"PSAPL1",0
"GRIA2",0
"RN7SKP30",0
"PDCL2",0
"RNU6-276P",0
"EXOC1L",0
"RNU6-652P",0
"FAM149A",0
"FGF5",0
"SPMAP2L",0
"GLDCP1",0
"GALNTL6",0
"ZNF876P",0
"MIR571",0
"ZNF519P4",0
"GYPB",0
"UGT2B28",0
"UGT2B25P",0
"UGT2B24P",0
"UGT2B4",0
"CFAP299",0
"BMP3",0
"PRKG2-AS1",0
"RNU5A-2P",0
"TBCAP3",0
"FAM177A1P1",0
"RNU7-149P",0
"MIR3684",0
"ABT1P1",0
"ADH4",0
"ADH6",0
"ADH1A",0
"MIR218-1",0
"KCNIP4",0
"MIR7978",0
"RPL31P25",0
"KCNIP4-IT1",0
"DUX4",0
"CHRNA9",0
"RNU7-74P",0
"MIR4802",0
"ADAMTS3",0
"AFM",0
"RNA5SP152",0
"RPPH1-3P",0
"MLLT10P2",0
"RNA5SP174",0
"RNA5SP175",0
"DUX4L9",0
"FRG2",0
"RARRES2P4",0
"AGGF1P1",0
"CLUHP4",0
"DUX4L8",0
"DUX4L7",0
"DUX4L6",0
"DUX4L5",0
"DUX4L4",0
"DUX4L1",0
"DUX4L3",0
"DUX4L2",0
"C4orf50",0
"RNU6-284P",0
"CHORDC1P3",0
"SMIM31",0
"HSP90AB2P",0
"BNIP3P41",0
"AIDAP2",0
"ZEB2P1",0
"CIBAR1P2",0
"HSP90AA4P",0
"MRPL42P1",0
"GUSBP5",0
"SYT14P1",0
"FTLP10",0
"RPSAP36",0
"PCNAP1",0
"CSN1S2AP",0
"CETN4P",0
"TMED11P",0
"VAMP9P",0
"SORCS2",0
"CFAP99",0
"WDR45P1",0
"RNF175",0
"ST3GAL1P1",0
"GNRHR",0
"TMPRSS11CP",0
"TMPRSS11D",0
"TMPRSS11A",0
"EVA1CP2",0
"FAM86EP",0
"MTND2P31",0
"C9orf78P2",0
"LINC01085",0
"RN7SKP13",0
"CCNHP1",0
"MIR1305",0
"RPL22P13",0
"MIR1269A",0
"RPS23P3",0
"RN7SL205P",0
"ELL2P2",0
"AARS1P1",0
"SNORD73B",0
"SNORD73A",0
"RNU6-1282P",0
"FHIP1A",0
"RN7SKP35",0
"RN7SKP136",0
"RNA5SP172",0
"RNU1-45P",0
"RNA5SP169",0
"SCPPPQ1",0
"PPBP",0
"MRPS36P2",0
"RNU7-192P",0
"NT5C3AP1",0
"GSX2",0
"RNU6-33P",0
"LINC02435",0
"PPIAP76",0
"LINC02498",0
"LNCPRESS2",0
"LINC01098",0
"LINC01396",0
"LINC02353",0
"NPY2R-AS1",0
"BMPR1B-DT",0
"SLC7A11-AS1",0
"LINC02481",0
"HTT-AS",0
"FAM218A",0
"LINC02273",0
"LINC02433",0
"LINC02276",0
"LINC02500",0
"LINC02508",0
"LINC02480",0
"LINC02377",0
"LINC02562",0
"LINC01438",0
"SNHG27",0
"MAPK10-AS1",0
"LINC02513",0
"LINC02501",0
"LNX1-AS2",0
"LINC02434",0
"LINC02267",0
"LINC01262",0
"LINC00613",0
"LINC02364",0
"LINC02264",0
"LINC02171",0
"LINC02266",0
"LINC02509",0
"LINC01365",0
"LINC02499",0
"F11-AS1",0
"LINC02172",0
"LINC02502",0
"LINC01258",0
"LINC02360",0
"IL21-AS1",0
"PCAT4",0
"SNCA-AS1",0
"LINC02382",0
"LINC02473",0
"LINC02475",0
"LINC02269",0
"LINC02233",0
"LINC01095",0
"LINC02380",0
"DDIT4L-AS1",0
"LINC02506",0
"LINC02379",0
"CBR4-DT",0
"LINC01259",0
"LINC02515",0
"LINC02438",0
"LINC02945",0
"TSPAN5-DT",0
"LINC02428",0
"LINC02278",0
"STIM2-AS1",0
"LNX1-AS1",0
"LINC02358",0
"LINC02615",0
"LINC02497",0
"LINC02835",0
"LINC02432",0
"UMLILO",0
"LINC02436",0
"LINC02355",0
"LINC02994",0
"LINC02510",0
"AGA-DT",0
"LINC02261",0
"LINC02517",0
"LINC02485",0
"LINC02472",0
"LINC01096",0
"LINC02363",0
"LINC01612",0
"LINC02516",0
"LINC02272",0
"LINC01596",0
"CHAER1",0
"UGT8",0
"MIR577",0
"CIR1P2",0
"EPHA5-AS1",0
"RNU6-431P",0
"ETNPPL",0
"LINC00682",0
"ENPP7P11",0
"RPL15P7",0
"EVA1CP1",0
"UNC93B7",0
"OR7E35P",0
"UGT2B27P",0
"FAM86MP",0
"ALG1L3P",0
"RBMXP4",0
"RPF2P2",0
"UGT2B26P",0
"ANKRD20A17P",0
"RPL6P16",0
"APOBEC3AP1",0
"RPS14P7",0
"NUDT19P5",0
"VTI1BP2",0
"FAM86KP",0
"OR7E111FP",0
"TECRP1",0
"LYPLA1P2",0
"CHCHD2P7",0
"UNC93B4",0
"OR7E99P",0
"OR7E43P",0
"UGT2A3P7",0
"KLHL2P1",0
"H3P14",0
"NEUROG2-AS1",0
"OR7E163P",0
"OR7E162P",0
"SEPTIN14P4",0
"RPL23AP84",0
"DBET",0
"ALG1L7P",0
"ENPP7P9",0
"RPL7AP28",0
"RPL21P50",0
"LINC02616",0
"CXXC4-AS1",0
"LINC02268",0
"LINC03074",0
"LINC00498",0
"PHOX2B-AS1",0
"LINC01099",0
"LINC02063",0
"ADAMTS16",0
"MTCO1P31",0
"MARCHF11",0
"MTCO1P30",0
"RPL32P14",0
"ALG3P1",0
"MTCO2P30",0
"UBE2V1P12",0
"RPS23P5",0
"HPRT1P2",0
"MARK2P5",0
"PTPN11P4",0
"MTND6P2",0
"HSPD1P15",0
"LINC02146",0
"ANKH-DT",0
"ISL1",0
"ADH5P5",0
"GCSHP1",0
"RPL21P56",0
"AK4P2",0
"LINC02120",0
"GCNT1P2",0
"UQCRBP3",0
"CDH9",0
"LINC02225",0
"UGT3A1",0
"CDH18",0
"CDH12",0
"HMGB1P47",0
"LINC00603",0
"SUCLG2P4",0
"RPS17P11",0
"UBL5P1",0
"CAPSL",0
"PPIAP78",0
"KRT18P56",0
"CCNB3P1",0
"GZMK",0
"NT5ELP",0
"RPL5P15",0
"RPS27AP9",0
"RPS2P25",0
"RPL17P22",0
"LINC02118",0
"RPL13AP14",0
"MFSD4BP1",0
"HNRNPKP5",0
"MTND5P10",0
"ANKRD34B",0
"ATG10-IT1",0
"CD180",0
"PPIAP79",0
"MTCO1P22",0
"C1GALT1P2",0
"HMGB3P16",0
"CCNO",0
"DPPA3P12",0
"CRLF3P2",0
"MTCO3P22",0
"HMGN1P14",0
"MTND4P35",0
"RPL5P14",0
"LINC02215",0
"NREP-AS1",0
"MTATP6P2",0
"ZP3P1",0
"TRPC6P6",0
"LSP1P3",0
"SPMIP10",0
"EEF1A1P20",0
"B3GNTL1P1",0
"RPL17P21",0
"PSMC1P4",0
"RPL21P55",0
"HMGN1P13",0
"KRT8P32",0
"BOLA3P3",0
"RPS17P2",0
"MTND4LP5",0
"ZCCHC10P2",0
"MRPL49P1",0
"MTCO2P22",0
"PGAM1P1",0
"MEGF10",0
"KRT18P42",0
"HCN1",0
"MRPS35P2",0
"HMGN1P15",0
"HSPE1P10",0
"LYSETP1",0
"BCL9P1",0
"ATP5PFP4",0
"ASS1P9",0
"LINC02214",0
"MTND3P19",0
"GZMAP1",0
"LSM2P2",0
"TRIM36-IT1",0
"MAN2A1-DT",0
"PCBP2P3",0
"RPSAP37",0
"RPEP1",0
"MTCO2P24",0
"SEPTIN7P10",0
"TILRLS",0
"CATSPER2P2",0
"IL9",0
"BHMT2",0
"LINC02161",0
"MTND6P22",0
"LECT2",0
"ATG10-AS1",0
"RBBP4P6",0
"LAMTOR3P2",0
"COQ10BP2",0
"ACTBP4",0
"CTNNA1P1",0
"OR7H2P",0
"CCT5P1",0
"TOMM40P3",0
"TMEM171",0
"GZMA",0
"MEIKIN",0
"BHMT",0
"HMGB1P29",0
"RPL3P6",0
"TRPC6P9",0
"TRPC6P2",0
"MINAR2",0
"RPL7L1P4",0
"SELENOTP2",0
"AK3P4",0
"HNRNPA3P7",0
"MTCO1P24",0
"EFCAB9",0
"PGAM5P1",0
"ARL2BPP5",0
"MRPS5P3",0
"RPL35AP15",0
"KLF3P1",0
"MARK2P11",0
"LSM1P2",0
"ARGFXP1",0
"GAPDHP71",0
"MRPL57P6",0
"KCTD16",0
"RPL23AP44",0
"RPL21P59",0
"HAND1",0
"CKS1BP5",0
"BTG4P1",0
"IL3",0
"SCGB3A2",0
"GABRA1",0
"RPL12P22",0
"HMGN2P27",0
"RPL7AP33",0
"FTMT",0
"NSG2",0
"RPS29P12",0
"C5orf47",0
"NKX2-5",0
"RPL6P32",0
"ARL2BPP6",0
"TMEM69P2",0
"ARPP19P1",0
"EEF1GP2",0
"BTNL3",0
"SOX30",0
"RPL36AP20",0
"RPL12P21",0
"C5orf52",0
"C5orf46",0
"SOWAHA",0
"IL4",0
"RPL13AP13",0
"SEMA5A-AS1",0
"ARL2BPP4",0
"INTS6P1",0
"MTCYBP37",0
"TMEM174",0
"RPS15AP18",0
"RN7SKP73",0
"MIR4458",0
"RNU1-76P",0
"SNORD123",0
"MIR4636",0
"MIR887",0
"RNU6-679P",0
"RNA5SP178",0
"RNU6-660P",0
"RN7SL58P",0
"RNU4-43P",0
"RNU6-374P",0
"RN7SKP207",0
"RNU6-1079P",0
"RNU6-378P",0
"MIR579",0
"RNU6-358P",0
"RNU6-760P",0
"MIR4279",0
"RNU6-909P",0
"RNU7-130P",0
"RNU1-150P",0
"RNU6-480P",0
"RNU6-1296P",0
"RN7SL801P",0
"RNA5SP185",0
"RNA5SP182",0
"RNU6ATAC2P",0
"MIR449A",0
"MIR449B",0
"MIR449C",0
"RNU6-299P",0
"RNA5SP184",0
"RN7SL169P",0
"RNU6-294P",0
"RNU6-913P",0
"RNU7-196P",0
"RNU4-11P",0
"RNU6-620P",0
"MIR3660",0
"RN7SKP34",0
"MIR4280",0
"RNU6-448P",0
"RNU6-804P",0
"RNY3P1",0
"SNORD138",0
"RN7SL802P",0
"MIR548P",0
"RNU6-1119P",0
"RN7SKP62",0
"RN7SKP68",0
"RNU4-90P",0
"RNU6-47P",0
"RN7SKP230",0
"RN7SKP57",0
"RNA5SP188",0
"RNU1-140P",0
"RN7SL711P",0
"MIR548F3",0
"SNORA13",0
"RNU6-752P",0
"RNU6-373P",0
"RNU6-701P",0
"MIR5706",0
"RNU7-53P",0
"RNU6-718P",0
"RNA5SP189",0
"MIR4460",0
"RNU6-290P",0
"RNU4-69P",0
"RNA5SP191",0
"RNU7-34P",0
"MIR5197",0
"RN7SL87P",0
"RN7SKP246",0
"RNU7-156P",0
"RNU6-588P",0
"RNU6-390P",0
"MIR3142",0
"MIR146A",0
"RNU6-164P",0
"RNU6-260P",0
"RN7SL868P",0
"MIR1294",0
"RN7SKP60",0
"RNU2-48P",0
"RNU6-500P",0
"RNA5SP200",0
"RNU6-209P",0
"MIR8056",0
"RNU6-168P",0
"MIR5003",0
"RNU1-17P",0
"MIR8089",0
"RNU6-525P",0
"MIR340",0
"RNU6-1036P",0
"SLC34A1",0
"PFN3",0
"RPS20P4",0
"LRRC14B",0
"MIR4456",0
"CEP72",0
"BRD9P2",0
"SPICP4",0
"SPCS2P3",0
"RNU6-572P",0
"SNORA74D",0
"SNORA74A",0
"RN7SKP64",0
"RNU5B-4P",0
"RNU6-732P",0
"MIR584",0
"RN7SKP145",0
"HTR1A",0
"ACSL6",0
"FABP6",0
"TRPC7",0
"UBE2QL1",0
"MIR4278",0
"RN7SKP79",0
"GNL3LP1",0
"LINC02159",0
"GABRA6",0
"GABRA6-AS1",0
"GLRXP3",0
"ZNF474-AS1",0
"RNU4-14P",0
"HAUS1P1",0
"PCDHA1",0
"PCDHA2",0
"PCDHA3",0
"PCDHA6",0
"PCDHA8",0
"PCDHA14",0
"PCDHA11",0
"PCDHA12",0
"PCDHA13",0
"PCDHAC2",0
"TLX3",0
"RN7SL339P",0
"RPSAP71",0
"SNORA70J",0
"RPL10P8",0
"MIR3912",0
"FOXI1",0
"KRT18P41",0
"LINC01187",0
"ZRSR2P1",0
"RBISP2",0
"OFD1P17",0
"RN7SL37P",0
"RNU7-75P",0
"KRT8P33",0
"MIR3141",0
"MIR1303",0
"RN7SL803P",0
"RPL21P57",0
"MIR378H",0
"RNU6-661P",0
"CKS1BP3",0
"RPL35AP14",0
"PRELID3BP5",0
"FOXO1B",0
"SNORD63B",0
"SNORD63",0
"LINC01386",0
"USP12P1",0
"RNU6-1311P",0
"RNU6-1164P",0
"RNU6-757P",0
"RN7SKP232",0
"GLRA1",0
"RNA5SP198",0
"RNU6-923P",0
"RXFP3",0
"C1QTNF3-AMACR",0
"FHP2",0
"C1QTNF3",0
"RN7SL684P",0
"SNCB",0
"MIR4281",0
"UGT3A2",0
"MIR580",0
"RNU6-1305P",0
"NADK2-AS1",0
"LSINCT5",0
"SPINK1",0
"MIR6830",0
"MIR3936",0
"RNU6-363P",0
"POU4F3",0
"RNA5SP196",0
"RN7SL791P",0
"RNU6-456P",0
"RN7SL541P",0
"KRT8P48",0
"PPP2R2B-IT1",0
"FNDC9",0
"NIPAL4-DT",0
"NIPAL4",0
"PRDX2P3",0
"CBY3",0
"RNA5SP181",0
"NENFP3",0
"RPL29P13",0
"RPS27AP18",0
"LINC01861",0
"RNA5SP199",0
"RNU6-556P",0
"H2BL1P",0
"MIR4804",0
"RPL35AP13",0
"CTDNEP1P2",0
"CHP1P1",0
"RN7SL782P",0
"RN7SKP122",0
"CUL1P1",0
"GRXCR2",0
"CFL1P5",0
"NDUFB9P1",0
"RPS27P14",0
"RN7SL616P",0
"RNU6-724P",0
"MIR4633",0
"NACAP6",0
"LINC02150",0
"PDCD6-AHRR",0
"OR2V2",0
"TAS2R1",0
"ADAMTS19",0
"MIR548AE2",0
"LINC02108",0
"LINC00492",0
"EIF3KP1",0
"OR2V1",0
"RNU7-175P",0
"SUMO2P5",0
"ANKDD1B",0
"HMGN1P12",0
"CARTPT",0
"RNA5SP190",0
"RPL21P58",0
"FABP5P6",0
"TUBAP15",0
"HMHB1",0
"GPR151",0
"PCDHGA1",0
"PCDHGA2",0
"PCDHGB3",0
"PCDHGA7",0
"PCDHGB4",0
"PCDHGA9",0
"PCDHGA11",0
"PCDHGA12",0
"PCDHGB9P",0
"PCDHGC4",0
"PCDHGC5",0
"RPS27AP10",0
"PCDHGB5",0
"AHRR",0
"MIR4638",0
"SNORD96A",0
"SNORD95",0
"RNU6-705P",0
"DCANP1",0
"TIFAB",0
"PRMT1P1",0
"TRIP13",0
"NKD2",0
"MIR4635",0
"RNA5SP192",0
"CDX1",0
"RN7SKP148",0
"RNU6-226P",0
"PLEKHG4B",0
"ATP6V1G1P6",0
"RNU6-183P",0
"ZDHHC11",0
"PCDHB2",0
"PCDHB6",0
"PCDHB7",0
"SLC25A2",0
"SNRPCP2",0
"F2RL1",0
"RN7SL208P",0
"SNORA74B",0
"CDC42P5",0
"SHISAL2B",0
"RNU6-1148P",0
"WNT8A",0
"RNU6-460P",0
"RNU6-888P",0
"RNU6-658P",0
"RNU6-1330P",0
"ARPC1AP3",0
"ARL14EPL",0
"CTXN3",0
"HMGN1P16",0
"SPINK13",0
"SPINK14",0
"BCLAF1P1",0
"RN7SL153P",0
"OR1X1P",0
"FAM170A",0
"MROH2B",0
"GOLGA5P1",0
"CFAP53P1",0
"RPL7P20",0
"LINC01947",0
"C9",0
"F12",0
"RNU6-477P",0
"MIR378E",0
"SNORD72",0
"RNU7-161P",0
"KRT18P16",0
"RNU4ATAC2P",0
"IL12B",0
"VWA8P1",0
"RN7SKP251",0
"SUMO2P4",0
"SNORA50D",0
"TIMD4",0
"APOOP1",0
"GARIN3",0
"MIR1271",0
"UNC5A",0
"ZNF346-IT1",0
"OR1X5P",0
"SUDS3P1",0
"PROP1",0
"GMCL2",0
"CCT6P2",0
"MIR4637",0
"RNU6-1232P",0
"CPLX2",0
"YBX1P5",0
"PDGFRL2P",0
"SLC36A3",0
"ATP6V1G1P5",0
"RNA5SP197",0
"RPL21P54",0
"RNU6-680P",0
"SLC25A5P9",0
"BIN2P2",0
"SAP18P1",0
"RNA5SP186",0
"PDCD5P2",0
"S100Z",0
"RNU6ATAC36P",0
"CRHBP",0
"SNORA47",0
"HMGB1P35",0
"RPS2P24",0
"OTP",0
"SMIM33",0
"NCOA4P4",0
"RTRAFP2",0
"RNU6-308P",0
"GPR150",0
"DBIP2",0
"LINC01337",0
"DDX4",0
"RNA5SP183",0
"AGXT2",0
"ZNF474",0
"ZNF475",0
"MTND4LP30",0
"MTND3P25",0
"SLC25A48",0
"NEUROG1",0
"SLC25A48-AS1",0
"MIR5692C1",0
"GRM6",0
"LINC02065",0
"RN7SKP157",0
"MIR2277",0
"RNU1-39P",0
"AMACR",0
"SLC6A18",0
"TERT",0
"MIR4457",0
"LINC01511",0
"MTCO2P32",0
"MIR6075",0
"CDH12P1",0
"ACOT12",0
"LINC02222",0
"OR2AI1P",0
"CICP15",0
"MTND6P3",0
"MTND5P12",0
"RPL7P18",0
"MIR6131",0
"PMCHL1",0
"NBPF22P",0
"PMCHL2",0
"PCDHB17P",0
"PCDHB18P",0
"PCDHB19P",0
"CEP192P1",0
"SIMC1P1",0
"AACSP1",0
"SDHAP3",0
"ZNF300P1",0
"SEPTIN14P5",0
"GTF2H2B",0
"NAIPP1",0
"TSSK1B",0
"RNU4ATAC13P",0
"CSNK1A1P3",0
"RNU6-402P",0
"RPL29P14",0
"CTNND2",0
"RNU6-429P",0
"MIR6499",0
"C6",0
"RN7SL177P",0
"PGBD4P3",0
"SPINK9",0
"HTR4",0
"RN7SKP89",0
"LINC01957",0
"MIR9-2",0
"H3Y2",0
"H3P19",0
"H3Y1",0
"H3P22",0
"MIR874",0
"MIR3655",0
"PCDHA4",0
"ANKRD33B-AS1",0
"MIR218-2",0
"MIR585",0
"PPIAP77",0
"PRELID3BP4",0
"MIR6831",0
"MIR1229",0
"RN7SKP150",0
"KCNIP1-AS1",0
"RN7SL623P",0
"RPL29P15",0
"RPL7AP32",0
"RPL6P15",0
"MIR1289-2",0
"PLAC8L1",0
"RPL35AP16",0
"RPL35AP17",0
"RNU7-180P",0
"MIR143",0
"MIR145",0
"PRDM9",0
"MSANTD5",0
"FBLL1",0
"SLC2A3P1",0
"MIR103A1",0
"MIR103B1",0
"RNU6-738P",0
"AIG1P1",0
"CDH12P3",0
"NDUFB4P2",0
"MIR582",0
"RNU6-806P",0
"RPL31P8",0
"CAB39P1",0
"VTRNA1-1",0
"RPLP1P6",0
"HMGB3P22",0
"FBXL21P",0
"ATP6AP1L",0
"NPY6R",0
"SMIM32",0
"RN7SL629P",0
"RNU6-727P",0
"PCDHB8",0
"TAF11L5",0
"TAF11L3",0
"TAF11L7",0
"TAF11L8",0
"TAF11L13",0
"TAF11L4",0
"TAF11L6",0
"TAF11L10",0
"TAF11L9",0
"TAF11L2",0
"TAF11L14",0
"TMEM183AP6",0
"SLC6A3",0
"SETP22",0
"H3P24",0
"RNU2-49P",0
"CDO1",0
"DDX43P1",0
"WBP1LP4",0
"TAF11L11",0
"TAF11L12",0
"IRX1",0
"RN7SL814P",0
"YTHDF1P1",0
"MTCYBP40",0
"RNU6-540P",0
"RPS12P10",0
"RPS3AP22",0
"H3P23",0
"EGFLAM-AS3",0
"RNU6-484P",0
"GDNF",0
"EGFLAM-AS4",0
"KCTD9P5",0
"RNA5SP179",0
"RPL19P11",0
"DUX4L51",0
"PRLR",0
"RPSAP38",0
"MTHFD2P6",0
"DCAF13P2",0
"RNU6-1003P",0
"RN7SKP133",0
"FTH1P10",0
"PDCD6P1",0
"MIR4277",0
"AMD1P3",0
"HMMR-AS1",0
"MIR3977",0
"ST13P12",0
"RNA5SP187",0
"LDHBP3",0
"CCT7P2",0
"RN7SL255P",0
"RNU6-334P",0
"HMGB1P22",0
"RN7SKP117",0
"HSPD1P18",0
"HNRNPA1P13",0
"ANKRD49P3",0
"RNA5SP193",0
"RNU6-236P",0
"IRX4",0
"FAT2",0
"HIGD1AP3",0
"MIR4634",0
"IRGM",0
"NAIPP3",0
"GUSBP3",0
"GUSBP18",0
"GUSBP1",0
"ACTBL2",0
"LNCBRM",0
"RNU6-381P",0
"RN7SL383P",0
"LINC02201",0
"LINC02102",0
"LINC01950",0
"LINC03067",0
"LINCADL",0
"LINC02236",0
"LINC02228",0
"ARHGAP26-AS1",0
"NIHCOLE",0
"LINC01942",0
"LINC02121",0
"ADAMTS16-DT",0
"LINC02220",0
"FAM193B-DT",0
"LINC02059",0
"THOC3-AS1",0
"LINC02112",0
"LINC02221",0
"LINC01846",0
"TERLR1",0
"LINC02106",0
"LINC02103",0
"MIR4280HG",0
"LINC01170",0
"IRX4-AS1",0
"MARCHF11-AS1",0
"MARCHF11-DT",0
"EGFLAM-AS2",0
"STK32A-AS1",0
"LINC02058",0
"LINC02143",0
"LINC02229",0
"LINC00491",0
"LINC01944",0
"RMEL3",0
"LINC02999",0
"LINC02200",0
"LINC01843",0
"LINC02197",0
"ERBIN-DT",0
"LINC02239",0
"LINC01933",0
"ATOX1-AS1",0
"FABP6-AS1",0
"LINC02039",0
"LINC02900",0
"CEP72-DT",0
"LINC02105",0
"LINC02213",0
"LINC01574",0
"GSCAR",0
"LINC02230",0
"ZNF454-DT",0
"LINC02149",0
"LINC02160",0
"TNPO1-DT",0
"LINC01848",0
"CAPSL-DT",0
"LINC02122",0
"LINC02982",0
"EPIST",0
"LINC01938",0
"LINC02227",0
"TRPC7-AS1",0
"LINC02117",0
"LINC01202",0
"LINC01470",0
"PART1",0
"LINC01385",0
"LMNB1-DT",0
"CDH18-AS1",0
"BASP1-AS1",0
"LINC02488",0
"LINC02144",0
"LINC02116",0
"ISL1-DT",0
"LINC02240",0
"LINC02064",0
"SV2C-AS1",0
"LINC00992",0
"LINC01333",0
"LINC02219",0
"PSD2-AS1",0
"LINC02148",0
"LINC02123",0
"LINC01194",0
"LINC02162",0
"ACSL6-AS1",0
"LINC01377",0
"LINC01949",0
"DMXL1-DT",0
"LINC00604",0
"LINC02114",0
"LINC02109",0
"LINC01020",0
"FABP5P5",0
"MIR583",0
"RNU6-524P",0
"TMEM183AP2",0
"LINC02061",0
"HMGN1P17",0
"OTULIN-DT",0
"LINC01455",0
"RBX1P2",0
"TRMT112P2",0
"THBS4-AS1",0
"KRT18P45",0
"SPZ1",0
"RBMX2P5",0
"RNU6-211P",0
"RPL37P25",0
"HSPB3",0
"PTP4A1P4",0
"GUSBP7",0
"GUSBP9",0
"SEPHS2P1",0
"RPL23AP45",0
"RPL36P11",0
"PRELID3BP7",0
"GUSBP17",0
"OCLNP1",0
"CDH12P4",0
"SEM1P1",0
"GUSBP15",0
"H3P18",0
"H3P21",0
"GUSBP14",0
"NAIPP2",0
"SETP21",0
"POLD2P1",0
"HMGB3P17",0
"NIFKP2",0
"GUSBP13",0
"CDH12P2",0
"GUSBP19",0
"GUSBP8",0
"LINC02113",0
"GGCTP1",0
"LINC01338",0
"GUSBP16",0
"FOXF2-DT",0
"JARID2-DT",0
"EEF1E1-BLOC1S5",0
"RPL21P61",0
"BLOC1S5-TXNDC5",0
"SPTLC1P2",0
"PIP5K1P1",0
"TOMM5P1",0
"RPL6P18",0
"HDGFL1",0
"RPL6P17",0
"RPL7AP36",0
"ISG20L2P1",0
"RPL13P",0
"NRSN1",0
"OR2U2P",0
"TFB2MP1",0
"RPS18P8",0
"OR2J4P",0
"HNRNPA1P37",0
"ZNF90P2",0
"KRT18P38",0
"DDX18P3",0
"UQCRFS1P3",0
"RPL21P62",0
"OR2G1P",0
"DCDC2",0
"ACCSLP1",0
"BOLA2P3",0
"IMPDH1P9",0
"HNRNPA1P58",0
"RPL29P17",0
"NHLRC1",0
"RPL36AP25",0
"E2F4P1",0
"WBP1LP12",0
"PGK2",0
"RBBP4P3",0
"NANOGP3",0
"RPL37P15",0
"PRR11P1",0
"TIAL1P1",0
"OR2U1P",0
"MTMR9P1",0
"NUFIP1P1",0
"RBBP4P4",0
"CRISP2",0
"LAP3P1",0
"GCNT1P4",0
"RPS15AP20",0
"LGSN",0
"POU3F2",0
"NDUFA5P9",0
"NPM1P38",0
"RUNX2-AS1",0
"GPR63",0
"RPL35P3",0
"PRDX2P4",0
"HMGB1P20",0
"TXNP7",0
"EEF1GP6",0
"GAPDHP41",0
"EIF4EBP2P3",0
"RPSAP44",0
"RPL31P32",0
"ENPP5",0
"MCHR2",0
"BDH2P1",0
"GAPDHP42",0
"DHFRP5",0
"GFRAL",0
"SOCS5P5",0
"ANKRD39P1",0
"TFAP2B",0
"RPL31P28",0
"LINC02857",0
"RPL5P19",0
"RPS4XP9",0
"EEF1A1P36",0
"VGLL2",0
"RPL35AP18",0
"KRT18P22",0
"RPS17P5",0
"SIM1-AS1",0
"RAP1BP3",0
"SLC25A6P6",0
"BTF3L4P3",0
"TNPO3P2",0
"FCF1P10",0
"RPL21P66",0
"ADGRF1",0
"RPL31P33",0
"FABP7",0
"YAP1P3",0
"KRT18P50",0
"EEF1A1P42",0
"HTR1E",0
"LINC02836",0
"FUT9",0
"FAM136FP",0
"FAM83B",0
"LINC02524",0
"PPP1R14C",0
"TUBB4BP7",0
"RPSAP42",0
"RFPL4B",0
"RPA3P2",0
"TAAR6",0
"NDUFS5P1",0
"PPP1R14BP5",0
"RPL7P29",0
"LINC00242",0
"MTCYBP36",0
"MEMO1P2",0
"MTCO3P31",0
"C11orf98P2",0
"TAAR2",0
"MTATP6P25",0
"RPL12P23",0
"PHB1P1",0
"MTHFD2P2",0
"MTND4LP19",0
"TINAG-AS1",0
"ATF1P1",0
"NUDT19P3",0
"RAET1L",0
"TTK",0
"TUBB8P2",0
"HMGB3P19",0
"HSPD1P10",0
"MTCO1P56",0
"OPRM1",0
"RPL26P20",0
"SSR1P1",0
"SNRPEP6",0
"LDHAL6FP",0
"RAET1M",0
"VIP",0
"MTND3P20",0
"HMGB1P13",0
"RPSAP40",0
"COX6A1P3",0
"KLHL32",0
"H3P27",0
"IMPG1",0
"NIP7P3",0
"COX5BP2",0
"TAAR4P",0
"MTND4LP20",0
"MTCO2P31",0
"MTRES1P1",0
"CLNS1AP1",0
"RPL17P25",0
"MTND4P13",0
"ZC2HC1B",0
"SLC2A12",0
"RPL31P29",0
"TAAR7P",0
"RPL10P10",0
"AK4P5",0
"HMGB1P17",0
"CACYBPP3",0
"RPL17P24",0
"RPL23AP46",0
"CTAGE13P",0
"SSXP10",0
"RPSAP45",0
"NMBR-AS1",0
"RPL7P27",0
"DNAJA1P4",0
"MTATP6P31",0
"KRT18P65",0
"FEM1AP3",0
"OLIG3",0
"HNRNPDP2",0
"RAB1AP2",0
"RPSAP72",0
"DACT2",0
"RN7SL352P",0
"MIR3691",0
"RNU6ATAC21P",0
"RN7SL554P",0
"RNU6-793P",0
"MIR548A1",0
"RN7SL332P",0
"RNA5SP204",0
"RNU6-263P",0
"RN7SKP240",0
"RNA5SP205",0
"RNU6-801P",0
"RNU6-150P",0
"RNU6-930P",0
"RN7SL273P",0
"RNU1-54P",0
"RNU6-754P",0
"RNU7-65P",0
"RNU1-136P",0
"RN7SL580P",0
"RNA5SP208",0
"RNU6-1023P",0
"RNU7-66P",0
"MIR548U",0
"RNU6-84P",0
"RNU6-1338P",0
"RNA5SP209",0
"RNU6-280P",0
"RNU6-130P",0
"RN7SKP256",0
"RNU6-248P",0
"RN7SL643P",0
"RN7SL415P",0
"MIR4643",0
"MIR548AI",0
"RN7SL509P",0
"RNU4-66P",0
"RN7SL797P",0
"RNU7-48P",0
"RNU6-1299P",0
"MIR2113",0
"RNU6-1106P",0
"MIR4464",0
"RN7SL47P",0
"RNU6-344P",0
"RNU6-1163P",0
"RNU6-214P",0
"RNU6-1016P",0
"RN7SKP18",0
"RNU6-897P",0
"RNA5SP215",0
"RN7SKP51",0
"RN7SKP56",0
"RNU6-253P",0
"MIR588",0
"RNU6-200P",0
"RNU4-76P",0
"MIR3144",0
"RNU6-475P",0
"RNU1-18P",0
"MIR3662",0
"RNU6-1222P",0
"MIR548B",0
"RNU6-194P",0
"RNU7-152P",0
"RN7SKP211",0
"RNU6-896P",0
"RNA5SP225",0
"RNU2-8P",0
"RNU4-7P",0
"RNU6-300P",0
"RNA5SP224",0
"RN7SKP106",0
"MIR1202",0
"RN7SL564P",0
"MIR4644",0
"SNORD28B",0
"RNA5SP221",0
"DNAJC19P6",0
"RPL22P14",0
"GJA10",0
"RN7SKP110",0
"RNU1-33P",0
"RN7SK",0
"RN7SL244P",0
"RNU6-464P",0
"SOD1P1",0
"IQCB2P",0
"OR2W2P",0
"OR2B7P",0
"OR2B8P",0
"OR2W6P",0
"OR2B6",0
"RPLP2P1",0
"OR2W4P",0
"MIR7161",0
"MIR3939",0
"UNC93A",0
"SIM1",0
"GPR31",0
"PRDM13",0
"TFAP2D",0
"SLC22A16",0
"RN7SL617P",0
"DDO",0
"MIR4645",0
"FAM136BP",0
"SERPINB8P1",0
"RNA5SP201",0
"RNU6-391P",0
"KRT8P43",0
"RNU1-11P",0
"LINC02530",0
"GPR53P",0
"OR2H5P",0
"TMEM183AP1",0
"SNORD32B",0
"RPL13AP",0
"RPL23AP1",0
"MICE",0
"HCG9P5",0
"HLA-P",0
"GCNT2P1",0
"RNA5SP203",0
"GCM2",0
"ZFP57",0
"HNRNPH1P1",0
"RNU4ATAC18P",0
"SNORA29",0
"PNLDC1",0
"KCNQ5-DT",0
"MIR4282",0
"KNOP1P4",0
"PGAM1P10",0
"RBPMS2P1",0
"KHDC1L",0
"SDCBP2P1",0
"PAICSP3",0
"DPPA5",0
"KHDC3L",0
"RPS6P8",0
"RNA5SP211",0
"RNU6-527P",0
"RNU6-117P",0
"MIR587",0
"SNORA40C",0
"RNU6-1115P",0
"GSTM2P1",0
"MIR1273C",0
"RN7SKP186",0
"MIR4640",0
"GTF2H4",0
"HCG21",0
"NAPGP2",0
"MUC21",0
"RNU6-1133P",0
"C6orf15",0
"CDSN",0
"PSORS1C2",0
"POLR2LP1",0
"VARS2",0
"RNU6-153P",0
"GNG5P1",0
"PRR18",0
"HNRNPA1P49",0
"MIR1913",0
"TBXT",0
"KCNK16",0
"LNCDAT",0
"RN7SL221P",0
"PKMP5",0
"MIR7853",0
"MIR5683",0
"SNAPC5P1",0
"VTA1P1",0
"SMIM15P2",0
"MTCH1P1",0
"ACKR4P1",0
"RPSAP43",0
"RNA5SP213",0
"LINC02536",0
"MRPS17P5",0
"GSTA1",0
"GSTA11P",0
"NCR2",0
"MIR4641",0
"SLC17A4",0
"SLC17A1",0
"SLC17A3",0
"H2AC3P",0
"H2BP5",0
"H3P26",0
"H2AC4",0
"H3C3",0
"H1-6",0
"LARP1P1",0
"H4C4",0
"RPL15P4",0
"ATP6V1G2-DDX39B",0
"SNORD117",0
"SNORD84",0
"SNORA38",0
"MIR6832",0
"MIR4646",0
"LY6G6F",0
"LY6G6F-LY6G6D",0
"MSH5-SAPCD1",0
"RNU6-850P",0
"VWA7",0
"RNU6-975P",0
"USP8P1",0
"WASF5P",0
"LINC02571",0
"MIR6891",0
"RNU6-283P",0
"FGFR3P1",0
"ZDHHC20P2",0
"HLA-S",0
"RPL36AP5",0
"RNU6-890P",0
"ATP6V0CP3",0
"RN7SKP299",0
"RNA5SP219",0
"SLC35D3",0
"RPL35AP3",0
"NHEG1",0
"NPM1P51",0
"PGC",0
"PRICKLE4",0
"SNORD48",0
"SNORD52",0
"ZBTB12",0
"CHP1P2",0
"SLC22A1",0
"C6orf118",0
"RNA5SP226",0
"RNU6-730P",0
"ACTG1P18",0
"RN7SL366P",0
"MICC",0
"SUCLA2P1",0
"MIR877",0
"TOMM6",0
"CRISP3",0
"RN7SKP204",0
"MEP1A",0
"BNIP5",0
"RNU6-906P",0
"MIR4462",0
"PNPLA1",0
"MIR3135B",0
"HLA-Z",0
"RPL27AP7",0
"RBMXP1",0
"MIR548A2",0
"RN7SL183P",0
"SPACA1",0
"AP3S1P1",0
"RNU6-502P",0
"H3C12",0
"RNU7-26P",0
"OR2B2",0
"TRIM31",0
"TRIM40",0
"TRIM15",0
"MIR6721",0
"MIR6833",0
"RNU6-603P",0
"RPL7P4",0
"RN7SL353P",0
"NUP50P4",0
"HMGB1P39",0
"MIR4463",0
"UBE2V1P15",0
"RNU1-34P",0
"TULP1",0
"RPL36P9",0
"ADGRF5-AS1",0
"MIR1236",0
"CYP21A2",0
"RNA5SP206",0
"H3C5P",0
"H2AC9P",0
"H4C6",0
"H4C7",0
"H3C7",0
"H2BC10",0
"COPS5P1",0
"RPL17P26",0
"RNU6-626P",0
"OSTCP6",0
"FTH1P15",0
"MRPL30P1",0
"SLC17A2",0
"HCRTR2",0
"OR2J3",0
"RPS6KA2-AS1",0
"RNU6-1247P",0
"RNY4P20",0
"RNU6-813P",0
"RPS12P14",0
"GPRC6A",0
"RPS29P13",0
"RNA5SP214",0
"RFX6",0
"RNA5SP220",0
"MIR3668",0
"MIR4465",0
"RPL15P9",0
"MIR548H5",0
"SELENOKP2",0
"RN7SKP245",0
"RNA5SP217",0
"RPL5P18",0
"DEFB114",0
"DEFB113",0
"DEFB110",0
"DEFB112",0
"RNA5SP223",0
"NANOGP11",0
"OR12D2",0
"UBDP1",0
"DDX6P1",0
"OR12D3",0
"RPL32P1",0
"HLA-DPA2",0
"RNY4P10",0
"MIR219A1",0
"ZNF70P1",0
"HTATSF1P1",0
"MIR6873",0
"MIR6834",0
"SMIM40",0
"MYL12BP3",0
"SLC22A7",0
"CRIP3",0
"RPL34P14",0
"RPL35AP4",0
"MIR5004",0
"MTCYBP4",0
"HSPE1P21",0
"BTBD10P2",0
"CCT7P1",0
"RAET1E-AS1",0
"RAET1G",0
"PKMP3",0
"SNORD50B",0
"SMIM11P1",0
"RNU4-72P",0
"RNU4-12P",0
"CYCSP17",0
"HNRNPLP1",0
"RPS26P29",0
"IDH1P1",0
"RNU6-761P",0
"ANKRD66",0
"HS3ST5",0
"OR2J1",0
"OR2J2",0
"OR10C1",0
"IL20RA",0
"KRT18P64",0
"DUTP5",0
"NMBR",0
"BTN1A1",0
"TAAR1",0
"GPR6",0
"RNU4-70P",0
"TYMSP1",0
"RN7SL173P",0
"TRIM26BP",0
"TRIM39-RPP21",0
"HLA-N",0
"HCG19P",0
"UBQLN1P1",0
"RPL8P1",0
"RSL24D1P1",0
"H4C10P",0
"H2AC14",0
"H2BC14",0
"CNN3P1",0
"H3C10",0
"HCP5B",0
"MESTP1",0
"BMPR1AP1",0
"RNU6-861P",0
"RPL5P21",0
"RNU1-61P",0
"MTCO3P1",0
"HLA-DQB3",0
"PRL",0
"POU5F1",0
"C6orf141",0
"H2AC13",0
"H2BC7",0
"H3C8",0
"TAAR5",0
"LY6G6D",0
"ADGRF4",0
"ZKSCAN8P2",0
"NKAPL",0
"VN1R11P",0
"RNU2-62P",0
"PRSS16",0
"CDCA7P1",0
"POM121L2",0
"VN1R10P",0
"MCFD2P1",0
"CD83P1",0
"RNU6-471P",0
"RNY3P15",0
"C6orf163",0
"CFAP206",0
"ST13P16",0
"RNU6-444P",0
"RAET1E",0
"ESDP1",0
"COL11A2",0
"BTNL2",0
"THEMIS",0
"IPCEF1",0
"FRMD1",0
"GPR166P",0
"PI16",0
"TMEM217",0
"HLFP1",0
"CCNG1P1",0
"RBM11P1",0
"RNU6-302P",0
"CMPK1P1",0
"CLPSL2",0
"CLPSL1",0
"CLPS",0
"KILH",0
"CALHM4",0
"RNU6-437P",0
"MTHFD2P3",0
"MRPL42P3",0
"RNY3P11",0
"RPL7P28",0
"TSBP1",0
"PRELID1P2",0
"HSPE1P11",0
"TCP11",0
"SREK1IP1P2",0
"GSTA2",0
"OR1F12P",0
"OSTM1-AS1",0
"NR2E1",0
"RNU6-1144P",0
"RPL36AP24",0
"RNU6-770P",0
"RN7SKP209",0
"RCN1P1",0
"MIR206",0
"LINCMD1",0
"MIR133B",0
"SLC25A20P1",0
"IL17F",0
"GJE1",0
"SAPCD1",0
"MUC22",0
"TAAR8",0
"TAAR9",0
"TMEM217B",0
"LRRC73",0
"RNU6-250P",0
"CANT1P1",0
"UBE2D3P5",0
"HNRNPA3P17",0
"RNU6-987P",0
"RNU1-88P",0
"RN7SL234P",0
"FABP12P1",0
"GUCA1ANB-GUCA1A",0
"GUCA1A",0
"PAGE4P1",0
"SCGN",0
"H2BC1",0
"ANKRD18EP",0
"MLN",0
"ANKRD36P2",0
"MIR7159",0
"MIR1275",0
"LINC01015",0
"RPL17P23",0
"C6orf58",0
"GRM4",0
"KRT18P9",0
"MIR6835",0
"MTCL3",0
"TTBK1",0
"H3P28",0
"MIR4466",0
"BECN1P2",0
"KAAG1",0
"RPS10-NUDT3",0
"PACSIN1",0
"SPDEF",0
"IFITM3P3",0
"RPL7P25",0
"RN7SL200P",0
"ATP6V1FP1",0
"OR2H4P",0
"OR2N1P",0
"OR2B4P",0
"TAAR3P",0
"PRIM2BP",0
"HLA-V",0
"TCP10L3",0
"CYP21A1P",0
"H2AC10P",0
"DEFB133",0
"HLA-DRB6",0
"ZNF602P",0
"RAET1K",0
"ZSCAN12P1",0
"GSTA9P",0
"HLA-L",0
"BTN2A3P",0
"HLA-DPB2",0
"ZNF204P",0
"H2AC2P",0
"TCP10L2",0
"MIR548AJ1",0
"SMLR1",0
"DBIP1",0
"GRM1",0
"FUNDC2P3",0
"RNA5SP222",0
"LUADT1",0
"DDX39BP1",0
"MCCD1P1",0
"MICD",0
"HLA-J",0
"PLG",0
"ADGB",0
"RN7SL408P",0
"RPS29P32",0
"RNU6-1286P",0
"RNU4-35P",0
"GUSBP2",0
"POM121L6P",0
"VN1R12P",0
"IL22RA2",0
"B3GALNT2P1",0
"TMEM244",0
"RPL21P67",0
"RNU4-18P",0
"ITGAEP1",0
"TFGP1",0
"DNAJC2P1",0
"SLC22A2",0
"SLC22A3",0
"LPAL2",0
"LPA",0
"KRT8P44",0
"NUDT19P4",0
"RBM22P4",0
"MIR586",0
"B3GNTL1P2",0
"RN7SKP116",0
"OPN5",0
"RNU1-105P",0
"RNU6-960P",0
"FCF1P5",0
"NACAP7",0
"RN7SL11P",0
"ARMH2",0
"RN7SL26P",0
"MIR3934",0
"IP6K3",0
"MIR4642",0
"NPM1P36",0
"DHFRP6",0
"MRAP2",0
"TUBB3P1",0
"NKAIN2",0
"NCOA7-AS1",0
"ATP5PBP6",0
"MLIP",0
"ERHP2",0
"RNU6-411P",0
"MIR30C2",0
"MIR30A",0
"NGRNP2",0
"KRT19P1",0
"CIMIP3",0
"SEPTIN14P6",0
"PRELID1P1",0
"ZPR1P1",0
"RPS3AP23",0
"VDAC1P8",0
"GAPDHP72",0
"RPL7AP37",0
"KATNBL1P6",0
"PPP1R2P1",0
"SELENOKP3",0
"DHFRP2",0
"DPRXP2",0
"OFCC1",0
"TEX56P",0
"ADGRF2P",0
"LY6G6E",0
"CMAHP",0
"VNN3P",0
"POLR1HASP",0
"GGNBP1",0
"GSTA5",0
"RNU6-653P",0
"CCDC162P",0
"TUBBP9",0
"ADCY10P1",0
"ADTRP",0
"SUMO2P12",0
"OR12D1",0
"FNDC1",0
"FNDC1-IT1",0
"SPTLC1P3",0
"EEF1B2P5",0
"RPL9P18",0
"MRPL35P1",0
"LINC01108",0
"HUS1B",0
"RPS25P7",0
"CRIPTOP4",0
"RNA5SP202",0
"MTCO2P33",0
"RN7SL334P",0
"RN7SL471P",0
"ZNF311",0
"OR2AD1P",0
"OR2W1",0
"OR2P1P",0
"SAR1AP1",0
"WBP1LP8",0
"UNC5CL",0
"TSPO2",0
"RPS6P7",0
"LINC02549",0
"RNU1-64P",0
"THAP12P5",0
"TMEM170B",0
"RN7SL128P",0
"E2F3-IT1",0
"RNU6-141P",0
"SAPCD1-AS1",0
"C4A-AS1",0
"HCG24",0
"TREML2",0
"TREML3P",0
"TREML4",0
"RNA5SP207",0
"TREML5P",0
"RNU6-643P",0
"RPL32P15",0
"H3C4",0
"RNU6-293P",0
"LINC02543",0
"MDH1P2",0
"MIR4639",0
"MRPL42P2",0
"RNU6-1114P",0
"FAM8A6P",0
"LINC00240",0
"LINC02941",0
"FOXP4-AS1",0
"LINC01276",0
"MFSD4B-DT",0
"LINC02538",0
"TDRD6-AS1",0
"MCHR2-AS1",0
"LINC00336",0
"FAM135A-AS1",0
"LINC01622",0
"LINC02865",0
"ZBTB24-DT",0
"LINC02529",0
"DNAH8-DT",0
"LINC01623",0
"HCG15",0
"TRDN-AS1",0
"ELOVL2-AS1",0
"MLIP-AS1",0
"DDX39B-AS1",0
"FARS2-AS1",0
"LINC00574",0
"LINC02526",0
"LINC02919",0
"LINC02534",0
"LINC01564",0
"LINC01621",0
"LINC01611",0
"CDYL-AS1",0
"LINC02569",0
"LINC02880",0
"LINC01312",0
"AIRN",0
"UST-AS1",0
"LINC02527",0
"ADGB-DT",0
"LINC02540",0
"PACRG-AS1",0
"MAP3K5-AS1",0
"SYNGAP1-AS1",0
"FNDC1-AS1",0
"LINC01626",0
"LINC02840",0
"LINC02542",0
"LINC02539",0
"LINC03005",0
"SCAT8",0
"FILNC1",0
"HDAC2-AS2",0
"LINC02533",0
"LINC02523",0
"TRIM31-AS1",0
"LIN28B-AS1",0
"DSP-AS1",0
"KCNQ5-AS1",0
"LINC02535",0
"LINC01600",0
"FOXCUT",0
"TAB2-AS1",0
"LINC01526",0
"LINC01610",0
"LINC01512",0
"H4C1",0
"RN7SL502P",0
"RN7SL748P",0
"RNU2-61P",0
"PNRC1-DT",0
"RNU2-45P",0
"ZSCAN23",0
"COX11P1",0
"OR2E1P",0
"GPX6",0
"GPX5",0
"ZBED9-AS1",0
"COX8CP1",0
"LINC00533",0
"RPSAP2",0
"DINOL",0
"RPL7L1P20",0
"TFAP2A-AS1",0
"MIR5689",0
"LINC02522",0
"RPL21P63",0
"GUSBP4",0
"POM121L14P",0
"LINC00680",0
"GAPDHP15",0
"PBOV1",0
"SMIM28",0
"MIR3145",0
"RN7SL811P",0
"MYMX",0
"MIR4647",0
"TMEM151B",0
"TCTE1",0
"SPATS1",0
"MIR6780B",0
"RNU6-1113P",0
"POLH-AS1",0
"ELF2P2",0
"TPI1P3",0
"CYP2AC1P",0
"HMGB3P18",0
"R3HDM2P2",0
"NGRNP4",0
"ATP5MFP2",0
"ARMC2-AS1",0
"ZDHHC20P1",0
"IFITM4P",0
"HCG4",0
"MICG",0
"RPSAP41",0
"EIF3EP1",0
"CNN2P9",0
"RBISP4",0
"GSTA6P",0
"H2AC5P",0
"UQCRHP1",0
"EXOSC8P1",0
"BTN1A1P1",0
"MKRN6P",0
"TNXA",0
"STK19B",0
"RCC2P7",0
"NAA40P1",0
"RPS3AP24",0
"HLA-DPA3",0
"RPL29P1",0
"GPR89P",0
"BTF3P7",0
"HLA-H",0
"HLA-DRB9",0
"SUMO2P13",0
"ANKRD18FP",0
"TPT1P4",0
"PTCHD3P3",0
"GSTA8P",0
"GSTA7P",0
"GSTA12P",0
"GSTA10P",0
"H2BC2P",0
"HLA-K",0
"DDX39BP2",0
"MCCD1P2",0
"HMGA1P7",0
"VN1R13P",0
"LARRPM",0
"AMD1P4",0
"RPL7AP34",0
"PSMC1P11",0
"PPIAP29",0
"RPL23AP47",0
"ARPC3P5",0
"LINC02537",0
"LINC02531",0
"LINC02520",0
"RPL22P16",0
"OR7E59P",0
"PER3P1",0
"CYP3A54P",0
"CCNB2P1",0
"NXPH1",0
"THRAP3P3",0
"RPL36AP26",0
"EVA1CP3",0
"RBMX2P4",0
"NPM1P11",0
"GAPDHP68",0
"GTF3AP5",0
"PRPS1L1",0
"LINC02888",0
"SNRPCP19",0
"RPS26P30",0
"PSMC1P2",0
"EEF1A1P27",0
"ZPBP",0
"RRBP1P1",0
"NPSR1",0
"ROBO2P1",0
"VN1R33P",0
"RPL31P35",0
"HAUS6P1",0
"POM121L12",0
"GNL2P1",0
"HMGN1P19",0
"ARAFP2",0
"GTF2IP9",0
"RPS17P13",0
"ELK1P1",0
"RNF138P2",0
"SLC25A1P2",0
"RPL7P31",0
"ZNF804B",0
"MTATP6P21",0
"MTCO1P57",0
"KPNA2P2",0
"SEPTIN14P1",0
"SEPTIN14P24",0
"ZNF90P3",0
"COX6A1P7",0
"BSNDP4",0
"ARF1P1",0
"NCAPD2P1",0
"EIF4A1P13",0
"DDX43P2",0
"SAPCD2P4",0
"RPL7P30",0
"CICP8",0
"SOCS5P1",0
"ASB4",0
"HMGB3P21",0
"DDX43P3",0
"EEF1A1P28",0
"ERVW-1",0
"TEX47",0
"TAC1",0
"SNRPCP9",0
"MOGAT3",0
"ARAFP3",0
"HAUS6P3",0
"VPS51P2",0
"AP1S2P1",0
"HINT1P2",0
"DYNLL1P7",0
"ASNS",0
"LUARIS",0
"GTF3AP6",0
"LINC03012",0
"ATP5PBP2",0
"SGO1P2",0
"ZNF716",0
"EIF3IP1",0
"SNX2P2",0
"RSL24D1P3",0
"MTND1P3",0
"GRPEL2P3",0
"LINC02903",0
"MYL6P4",0
"RPL3P8",0
"NAT16",0
"RAC1P6",0
"COX6A1P6",0
"TRBV4-2",0
"FMC1-LUC7L2",0
"SUMO2P14",0
"CYCSP19",0
"PRELID3BP10",0
"MTCO3P41",0
"TRBV6-2",0
"DLX6",0
"ERHP1",0
"RPL31P36",0
"PPP1R2P6",0
"TRBV7-2",0
"COL26A1",0
"ZNF619P1",0
"RPL21P76",0
"CCZ1P1",0
"TRBV9",0
"SKP1P1",0
"PAICSP6",0
"TRBV8-1",0
"RCC2P3",0
"MTND4P3",0
"TRBV5-2",0
"CAPZA1P5",0
"CLEC2L",0
"TRBV6-4",0
"TRBV4-1",0
"OR2Q1P",0
"UQCRFS1P2",0
"SLC16A1P1",0
"TAS2R3",0
"EFCAB10-AS1",0
"TRBV3-1",0
"TRBV7-3",0
"RABGEF1P2",0
"TRBV5-1",0
"AKR1B15",0
"TRBV8-2",0
"BUB3P1",0
"TRPC6P8",0
"TAS2R6P",0
"PRSS58",0
"NDUFB9P2",0
"AKR1D1",0
"SMKR1",0
"TRBV5-3",0
"ZP3P2",0
"TAS2R5",0
"TRBV6-1",0
"TRBV2",0
"WNT16",0
"TMEM229A",0
"HMGN1P18",0
"MTCO1P55",0
"IMPDH1P3",0
"RPL7P59",0
"POLR2DP2",0
"MTND2P5",0
"EI24P4",0
"TRBV1",0
"TRBV7-1",0
"AKR1B10",0
"RPL21P73",0
"EIF4EP4",0
"DPY19L4P2",0
"NDUFB10P2",0
"SNRPGP3",0
"COL28A1",0
"PIP5K1P2",0
"MIR3683",0
"RNU6-534P",0
"RN7SKP228",0
"RNU1-15P",0
"MIR1183",0
"RN7SL542P",0
"SNORD65C",0
"RNU6-1103P",0
"MIR550A1",0
"MIR550B1",0
"RNU6-438P",0
"MIR550A2",0
"MIR550B2",0
"RN7SL132P",0
"SNORA20B",0
"MIR1200",0
"RNU6-565P",0
"MIR3943",0
"RNU7-35P",0
"RNU6-575P",0
"SNORA5A",0
"SNORA5C",0
"SNORA5B",0
"SNORA9",0
"RN7SKP218",0
"RN7SL292P",0
"RNU2-29P",0
"RNU1-14P",0
"SNORA22B",0
"RNU6-1125P",0
"RNU6-1052P",0
"RNU6-417P",0
"SNORA22",0
"SNORA15B-2",0
"RNU6-912P",0
"RNA5SP231",0
"RNU6-973P",0
"RNA5SP234",0
"RNU6-849P",0
"RNU6-10P",0
"RN7SKP129",0
"RNU4-16P",0
"RNU6-956P",0
"RN7SKP104",0
"MIR5692A1",0
"MIR5692C2",0
"RNA5SP235",0
"RNU6-532P",0
"RNU6-364P",0
"RN7SL478P",0
"RNU7-188P",0
"MIR591",0
"RN7SL252P",0
"SNORA25B",0
"RNU6-581P",0
"RN7SKP277",0
"RNA5SP241",0
"RNU6-517P",0
"MIR4653",0
"RNA5SP237",0
"RNU1-29P",0
"RNA5SP240",0
"MIR3654",0
"RNU6-797P",0
"RN7SKP223",0
"MIR4468",0
"RNU6-911P",0
"RNU1-72P",0
"RNU1-58P",0
"RNU4-74P",0
"RNA5SP247",0
"RNA5SP248",0
"RNU6-267P",0
"RN7SKP174",0
"THUMPD3P1",0
"SUGCT-AS1",0
"PPP1R3A",0
"RPL36P13",0
"RNA5SP238",0
"MIR3666",0
"BLACE",0
"EN2",0
"RN7SL496P",0
"LINC01450",0
"TAS2R38",0
"RNU6-102P",0
"LINC03043",0
"FDPSP7",0
"UPK3BP1",0
"PMS2P9",0
"RBAK-RBAKDN",0
"MIR106B",0
"MBLAC1",0
"RPL7P60",0
"MIR4658",0
"GPC2",0
"PVRIG2P",0
"MIR6840",0
"RNU6-393P",0
"MIR3609",0
"RNF14P3",0
"MIR1285-1",0
"TUBB3P2",0
"SPMIP7",0
"TAS2R4",0
"RN7SKP187",0
"MTND5P8",0
"MTND6P24",0
"NPM1P14",0
"ASB10",0
"IQCA1L",0
"DDX3ILA1",0
"UFC1P1",0
"MAGI2-AS1",0
"MAGI2-AS2",0
"RNU6-337P",0
"NUP35P2",0
"TRPC6P10",0
"TMX1P1",0
"RNU6-719P",0
"CICP22",0
"MIR653",0
"MIR489",0
"CTAGE6",0
"SAPCD2P3",0
"RNU6-1254P",0
"GIMAP1-GIMAP5",0
"BET1P1",0
"RNA5SP239",0
"TPM3P1",0
"MIR6132",0
"MTND4P6",0
"MTCYBP6",0
"RN7SL771P",0
"RNU6-85P",0
"CPA2",0
"MESTIT1",0
"MIR335",0
"YBX1P4",0
"RPL36AP28",0
"TMEM225B",0
"CYP3A51P",0
"CYP3A7",0
"CYP3A137P",0
"GJC3",0
"CNTNAP2",0
"CNTNAP2-AS1",0
"DUTP3",0
"RANP2",0
"MIR548F4",0
"RNU6-1184P",0
"RNA5SP249",0
"RN7SL456P",0
"RN7SL72P",0
"CALM1P2",0
"RNU6-863P",0
"RABGEF1P3",0
"SRRM3",0
"PPIAP81",0
"SSC4D",0
"FDPSP2",0
"RPL36AP29",0
"LRRC72",0
"MIR589",0
"MIR6874",0
"PIGCP2",0
"RPL15P11",0
"MIR4649",0
"RNA5SP230",0
"MYL7",0
"RN7SL265P",0
"CLDN3",0
"METTL27",0
"TMEM270",0
"RNU7-27P",0
"RNU7-54P",0
"EFCAB3P1",0
"MIR5090",0
"MIR4467",0
"RPL7AP39",0
"MIR4283-1",0
"TNRC18P3",0
"SLC29A4P1",0
"PHKG1P4",0
"GPCPD1P1",0
"MTATP6P8",0
"MTCO3P10",0
"MTND4LP32",0
"MTND4P4",0
"MTND5P6",0
"MTND6P29",0
"MTCYBP29",0
"GUSBP10",0
"MTND1P4",0
"MTND2P6",0
"MTCO1P10",0
"MTCO2P10",0
"MTATP6P10",0
"MTCO3P4",0
"MTND4P5",0
"MTND5P7",0
"MTCYBP5",0
"RNU7-157P",0
"MIR3147",0
"VN1R28P",0
"SAPCD2P2",0
"PTP4A1P3",0
"NIPA2P1",0
"PTTG1IP2",0
"TRBV10-1",0
"TRBV11-1",0
"TRBV12-1",0
"TRBV10-2",0
"TRBV11-2",0
"TRBV12-2",0
"TRBV6-5",0
"TRBV5-4",0
"TRBV6-6",0
"TRBV7-5",0
"TRBV5-5",0
"TRBV6-7",0
"TRBV7-6",0
"TRBV5-6",0
"TRBV6-8",0
"TRBV7-7",0
"TRBV5-7",0
"TRBV7-9",0
"TRBV13",0
"TRBV10-3",0
"TRBV11-3",0
"TRBV12-3",0
"TRBV12-4",0
"TRBV12-5",0
"LINC01448",0
"CRYZP1",0
"S100A11P1",0
"RN7SKP86",0
"ABCB4",0
"HNRNPA1P9",0
"MIR4657",0
"MIR6837",0
"MIR6838",0
"MIR1302-6",0
"RN7SKP266",0
"HDAC9-AS1",0
"NPM1P13",0
"RN7SKP130",0
"INHBA-AS1",0
"HMGN2P30",0
"WBP1LP1",0
"TRBD1",0
"TRBJ1-1",0
"TRBJ1-3",0
"TRBJ1-4",0
"TRBJ1-5",0
"TRBJ1-6",0
"TRBJ2-1",0
"TRBJ2-2",0
"TRBJ2-2P",0
"TRBJ2-3",0
"TRBJ2-6",0
"TRBV30",0
"TRPV6",0
"TRPV5",0
"OR9P1P",0
"PIP",0
"LLCFC1",0
"LYPLA1P1",0
"IQUB",0
"RNU6-296P",0
"LMOD2",0
"RNU6-11P",0
"HYAL6P",0
"HYAL4",0
"EPO",0
"MIR6875",0
"RN7SL549P",0
"RPS29P15",0
"RPL31P34",0
"RNU6-177P",0
"IMP3P2",0
"RNA5SP242",0
"RNA5SP243",0
"FLNC-AS1",0
"SPMIP1",0
"ODCP",0
"CYCSP20",0
"RNY1P11",0
"VSTM2A",0
"RNA5SP227",0
"MTCYBP42",0
"SNORD93",0
"DCAF13P1",0
"RNU6-392P",0
"MIR490",0
"KRT8P51",0
"MZT1P2",0
"RNU6-206P",0
"RNU7-154P",0
"RPL31P37",0
"FEZF1",0
"MIR4285",0
"TFAMP1",0
"LNCRI",0
"MIR4655",0
"MIR6836",0
"IMMP1LP3",0
"NGRNP3",0
"RN7SL556P",0
"INMT-MINDY4",0
"GHRHR",0
"TAS2R39",0
"TAS2R40",0
"TMEM139",0
"RN7SL535P",0
"HINT1P1",0
"FAM131B",0
"MIR6892",0
"TAS2R62P",0
"TAS2R60",0
"OR2R1P",0
"PAICSP5",0
"CTAGE15",0
"RNU6-162P",0
"AK3P3",0
"CLDN4",0
"OR9A4",0
"OR2F1",0
"LRRD1",0
"RNU6-241P",0
"CICP20",0
"RNU6-326P",0
"IGFBP1",0
"FTLP15",0
"RPL7AP78",0
"RNU6-388P",0
"RNA5SP229",0
"SEPHS1P1",0
"EEF1DP4",0
"LHFPL3",0
"RN7SL8P",0
"GCNT1P5",0
"OR6B1",0
"FERD3L",0
"RNF14P4",0
"MIR6509",0
"SSBL5P",0
"TAS2R2P",0
"OR2AO1P",0
"OR2A7",0
"NOBOX",0
"PPIAP83",0
"OR2A5",0
"OR2A41P",0
"OR2A12",0
"OR2A15P",0
"OR2A13P",0
"SHH",0
"LINC00244",0
"RNU4-31P",0
"MNX1",0
"MNX1-AS2",0
"GCK",0
"RPL32P17",0
"RNU7-20P",0
"RN7SL569P",0
"RNY4",0
"RNY3",0
"RNY1",0
"COX6B1P1",0
"MIR4650-2",0
"RN7SL625P",0
"PHB1P5",0
"PHB1P6",0
"PMS2P13",0
"PMS2P10",0
"SPDYE20P",0
"RN7SKP54",0
"NHP2P2",0
"HOXA2",0
"MIR196B",0
"HOXA11",0
"HOXA13",0
"RPL7AP77",0
"TRIM50",0
"FKBP6",0
"RNU6-1080P",0
"HMGN2P11",0
"HSPA8P16",0
"PHB1P15",0
"FZD9",0
"SPDYE19P",0
"OR2F2",0
"H2BK1",0
"C7orf78",0
"ZNF479",0
"SPAM1",0
"ZNF679",0
"TRIM60P18",0
"VN1R40P",0
"ZNF680P1",0
"HNRNPCP7",0
"BNIP3P44",0
"MIR6839",0
"VN1R42P",0
"ZNF775",0
"NEUROD6",0
"MTDHP1",0
"RNU6-1229P",0
"SNORA22C",0
"SNORA15B-1",0
"RNU6-1085P",0
"PPP1R14BP4",0
"RNU7-143P",0
"CLK2P1",0
"FCF1P1",0
"TPM3P4",0
"ABCF2P2",0
"RNU6-1198P",0
"MIR4651",0
"URGCP-MRPS24",0
"TUBG1P",0
"RASA4EP",0
"UPK3BL3P",0
"C7orf57",0
"ABCF2-H2BK1",0
"CLCN1",0
"MIR4648",0
"SP8",0
"CYP3A43",0
"CYP3A4",0
"SUN3",0
"VWDE",0
"TMEM178B",0
"PRSS2",0
"C7orf25",0
"RPL36P12",0
"RNU6-1322P",0
"SPDYE9",0
"SPDYE11",0
"SPDYE13",0
"SPDYE15",0
"PRR15",0
"TMSB4XP3",0
"MIR550A3",0
"TBX20",0
"GBX1",0
"FOXL3",0
"MARK2P10",0
"MIR548N",0
"WNT2",0
"ANKRD49P4",0
"CFTR-AS1",0
"MIR671",0
"SPDYE10",0
"SPDYE8",0
"STRA8",0
"GDI2P1",0
"CDC14C",0
"RNU6-1136P",0
"RN7SKP198",0
"NYAP1",0
"RN7SL416P",0
"SAP25",0
"FBXO24",0
"FAM237B",0
"VN1R37P",0
"VN1R38P",0
"ZNF735",0
"UFSP1",0
"OR9A1P",0
"RNU6-1328P",0
"RN7SL43P",0
"MIR4650-1",0
"PPIAP80",0
"TRGC2",0
"TRGJ2",0
"TRGJP2",0
"TRGJ1",0
"TRGJP",0
"TRGJP1",0
"TRGV9",0
"TRGVA",0
"TRGV8",0
"TRGV7",0
"TRGV6",0
"TRGV5P",0
"TRGV5",0
"TRGV4",0
"TRGV2",0
"TRGV1",0
"ITPRID1",0
"XRCC2",0
"RN7SL845P",0
"RNU6-1091P",0
"DDC",0
"DDC-AS1",0
"TRBV14",0
"TRBV15",0
"TRBV16",0
"TRBV17",0
"TRBV18",0
"TRBV19",0
"TRBV21-1",0
"TRBV22-1",0
"TRBV23-1",0
"TRBV24-1",0
"TRBV25-1",0
"TRBVA",0
"TRBV26",0
"TRBVB",0
"TRBV27",0
"PGBD4P1",0
"BANF1P5",0
"SLC26A4",0
"MIR148A",0
"ZNF425",0
"RN7SL521P",0
"SNORA80D",0
"ANKRD61",0
"RN7SL7P",0
"H4P1",0
"MIR29B1",0
"RAD23BP2",0
"OCM2",0
"TRIM60P16",0
"CICP28",0
"SEPTIN7P5",0
"PHKG1P2",0
"SLC29A4P2",0
"MIR4283-2",0
"CICP24",0
"GABPAP",0
"NMD3P1",0
"SLC25A1P3",0
"VN1R34P",0
"ARAFP1",0
"VN1R35P",0
"VN1R36P",0
"VOPP1-DT",0
"CDC42P2",0
"TUBBP6",0
"RNU6-389P",0
"CICP11",0
"RNU6-1126P",0
"SEPTIN14",0
"CICP12",0
"RPL7L1P2",0
"CICP17",0
"CYP3A7-CYP3A51P",0
"NECAP1P1",0
"GPR141BP",0
"MIR6133",0
"COX5BP3",0
"NMD3P2",0
"OR10AC1",0
"CNPY1",0
"PVRIG",0
"SMIM10L3",0
"MLXIPL",0
"RNA5SP244",0
"MIR182",0
"MIR96",0
"MIR183",0
"UPK3BL2",0
"ADCYAP1R1",0
"INTS4P2",0
"ZNF733P",0
"TCAF2P1",0
"MOXD2P",0
"OR9A3P",0
"OR9N1P",0
"OR10AH1P",0
"STAG3L5P",0
"GTF2IP7",0
"OR6W1P",0
"SLC23A4P",0
"OR2A3P",0
"OR2A20P",0
"OR2A9P",0
"NSUN5P2",0
"STAG3L3",0
"STAG3L2",0
"FKBP6P2",0
"PMS2CL",0
"GTF2IRD2P1",0
"CCT6P3",0
"GTF2IP1",0
"POLR2J4",0
"NUPR2P1",0
"STAG3L1",0
"FKBP9P1",0
"ZNF890P",0
"PMS2P3",0
"ZNF815P",0
"ZNF767P",0
"DPY19L2P4",0
"FAM185BP",0
"CCT6P1",0
"DPY19L2P1",0
"RABGEF1P1",0
"DPY19L2P2",0
"RP9P",0
"NSUN5P1",0
"SBDSP1",0
"STAG3L4",0
"PMS2P4",0
"PMS2P1",0
"GTF2IRD1P1",0
"SEPTIN7P2",0
"DPY19L2P3",0
"MTHFD2P5",0
"PAXBP1P1",0
"HTR5A",0
"CHN2-AS1",0
"NANOGP4",0
"RPL6P21",0
"EEF1A1P26",0
"SPDYE14",0
"GRM8",0
"MIR592",0
"GRM8-AS1",0
"MYL10",0
"MIR3146",0
"TMEM196",0
"CPA1",0
"RNU6-1097P",0
"RPL36AP27",0
"RNU6-215P",0
"PAX4",0
"MIR3914-1",0
"MIR3914-2",0
"MIR153-2",0
"MIR595",0
"MIR5707",0
"THAP5P1",0
"PMS2P2",0
"MARK2P13",0
"FIGNL1",0
"ALDH7A1P3",0
"TRPC6P3",0
"GALNTL5",0
"RN7SKP280",0
"SSU72L6",0
"COPG2IT1",0
"RNA5SP246",0
"TSGA13",0
"KLF14",0
"RN7SKP75",0
"RNA5SP232",0
"MIR593",0
"MIR129-1",0
"LEP",0
"RPL21P72",0
"EPS15P1",0
"RPL13AP17",0
"FABP5P3",0
"TPI1P2",0
"GTF2IP4",0
"ZNRF2P2",0
"CDHR17P",0
"TMBIM7P",0
"PRSS3P3",0
"PRSS59P",0
"KIF19BP",0
"ZBED10P",0
"BICDL3P",0
"RAD17P1",0
"BRWD1P3",0
"SSPOP",0
"OR9A2",0
"RN7SL851P",0
"RNU6-218P",0
"CRYGN",0
"MIR3907",0
"RNU6-604P",0
"RNU6-1154P",0
"SSMEM1",0
"PCMTD1P3",0
"TPT1P7",0
"INTS4P1",0
"RPL7AP38",0
"HMGB3P20",0
"HOXA11-AS",0
"RPL35P4",0
"HNRNPA1P73",0
"TRGV11",0
"TRGVB",0
"TRGV10",0
"RN7SL83P",0
"SNORA15",0
"CCNJP1",0
"KRT8P20",0
"MTCO2P25",0
"MTCO1P25",0
"RNU6-229P",0
"RPL10P11",0
"RN7SL869P",0
"RN7SL35P",0
"SNRPBP1",0
"GNAT3",0
"RNU6-274P",0
"STEAP2-AS1",0
"MIR4652",0
"NDUFAF4P2",0
"RNA5SP228",0
"NPY",0
"RPL7AP41",0
"NPVF",0
"TSEN15P3",0
"NCF1B",0
"AOAH-IT1",0
"NPM1P18",0
"FAM220A",0
"PKD1L1-AS1",0
"OR2A2",0
"LINC02830",0
"MTX2P1",0
"PPIAP93",0
"RNU6-1104P",0
"PNPT1P2",0
"FEZF1-AS1",0
"RNF133",0
"RNF148",0
"TAS2R16",0
"CASTOR3P",0
"LINC02860",0
"LINC02854",0
"POU6F2-AS1",0
"TMEM139-AS1",0
"PPP1R9A-AS1",0
"MACC1-AS1",0
"WDR86-AS1",0
"LINC01162",0
"PRKAR1B-AS2",0
"CPVL-AS1",0
"LINC01392",0
"KLHL7-DT",0
"LINC03010",0
"LINC01446",0
"HECW1-IT1",0
"BET1-AS1",0
"LINC03017",0
"LINC03095",0
"KIAA0087",0
"EN2-DT",0
"ELDR",0
"NFE4",0
"POU6F2-AS2",0
"ZNF775-AS1",0
"LINC01449",0
"LINC00972",0
"LINC02476",0
"LINC01022",0
"SLC12A9-AS1",0
"HOTTIP",0
"LINC02838",0
"CARD11-AS1",0
"TFPI2-DT",0
"ASB15-AS1",0
"SDK1-AS1",0
"LINC02932",0
"HTR5A-AS1",0
"SLC26A5-AS1",0
"FAM131B-AS1",0
"LINC02902",0
"LINC02889",0
"ELFN1-AS1",0
"LNCPRESS1",0
"MYH16",0
"OR2AE1",0
"AZGP1",0
"AZGP1P1",0
"RNU6-92P",0
"CYP2W1",0
"UNCX",0
"LINC03007",0
"MMD2",0
"RBAKDN",0
"RNU1-82P",0
"UNC93B2",0
"ALG1L5P",0
"OR7E39P",0
"OR7E136P",0
"RPL23P8",0
"FAM86LP",0
"VN1R31P",0
"VN1R32P",0
"SEPTIN7P4",0
"SLC25A5P3",0
"LINC03075",0
"PHKG1P1",0
"DGAT2L7P",0
"NCOR1P3",0
"GTF2IP5",0
"OR7E7P",0
"OR7E38P",0
"CDC26P1",0
"MRPL42P4",0
"SRSF8CP",0
"CAPZA1P4",0
"RPL7AP43",0
"MTCYBP24",0
"GTF2IP23",0
"CCT4P1",0
"GUSBP12",0
"RPL23AP95",0
"RPSAP73",0
"RPL12P10",0
"PMS2P12",0
"TCAF1P1",0
"TTC4P1",0
"DPY19L1P2",0
"ARHGEF34P",0
"FKBP6P1",0
"PMS2P7",0
"PMS2P8",0
"PMS2P14",0
"PMS2P6",0
"PMS2P5",0
"HNRNPA1P8",0
"YWHAEP1",0
"GTF2IP14",0
"SEPTIN7P3",0
"NCF1C",0
"STRADBP1",0
"ATP5PBP3",0
"ZNF734P",0
"TNRC18P2",0
"PSPHP1",0
"VN1R25P",0
"RBM22P3",0
"AZGP1P2",0
"LINC01005",0
"TRIM60P17",0
"GUSBP6",0
"MTND4LP2",0
"MTND3P2",0
"MTCO3P8",0
"MTATP6P18",0
"MTCO2P8",0
"MTCO1P8",0
"MTND2P4",0
"MTND1P2",0
"LINC03014",0
"AGK-DT",0
"PPP2R3B",0
"RPL14P5",0
"MTND6P12",0
"HADHBP1",0
"DRAXINP1",0
"VCX2",0
"ANAPC15P1",0
"NOLC1P1",0
"IL3RA",0
"P2RY8",0
"RPS5P8",0
"MTCYBP12",0
"RPS27AP20",0
"RPL6P30",0
"SLC25A6",0
"AMELX",0
"DHRSX-IT1",0
"DHRSX",0
"RARRES2P3",0
"ASMTL",0
"FAM9B",0
"HIKESHIP1",0
"NLGN4X",0
"GOT2P7",0
"FAM9A",0
"LINC00685",0
"TMSB10P2",0
"BEND2",0
"RPL35AP37",0
"CLDN7P1",0
"MDM4P1",0
"BRK1P1",0
"SRSF2P1",0
"KLHL34",0
"SMPX",0
"LINC01283",0
"METTL1P1",0
"SC4MOP",0
"PLLPP1",0
"RPS15AP40",0
"HMGB1P16",0
"PGAM1P7",0
"TNIP2P1",0
"S100G",0
"MKI67P1",0
"H2AP",0
"MOB1AP2",0
"SIAH1P1",0
"MAGEB17",0
"FAM47B",0
"SCML2",0
"CTNNBL1P1",0
"YBX1P8",0
"PYY3",0
"NANOGP10",0
"NFYCP1",0
"CCNYL5",0
"MAGEB10",0
"MTMR8",0
"ZFRP1",0
"CFAP47",0
"FAM236B",0
"NDP",0
"YY2",0
"YWHAZP7",0
"AKAP4",0
"YWHAZP8",0
"RPL19P20",0
"FOXR2",0
"HNRNPDP1",0
"PHKA1-AS1",0
"SMIM15P1",0
"DGKK",0
"NDP-AS1",0
"RPL23AP83",0
"PSMA5P1",0
"EDA2R",0
"MTND1P31",0
"KRT8P27",0
"SFR1P2",0
"HNRNPH3P1",0
"PCNPP4",0
"TPMTP4",0
"SAR1AP4",0
"FGF16",0
"P2RY10BP",0
"CPXCR1",0
"HMGN1P34",0
"TUBB4BP8",0
"SETP4",0
"MTND2P25",0
"CTDSPL2P1",0
"CALM1P1",0
"CORO1CP1",0
"EIF3MP1",0
"UBE2V1P7",0
"CYCSP43",0
"PABPC1L2A",0
"SRIP2",0
"ARL13A",0
"COPS8P1",0
"SHC1P1",0
"STAU2P1",0
"HNRNPA1P25",0
"PPATP2",0
"HNRNPDLP3",0
"FCF1P9",0
"RPS29P28",0
"TEX101P1",0
"STIP1P3",0
"B3GNT2P1",0
"POF1B",0
"CAPZA1P3",0
"RPL6P29",0
"WBP11P3",0
"USP37P1",0
"RPS7P14",0
"FOXN3P2",0
"MAGEE1",0
"ATG4AP1",0
"BUD31P2",0
"PAICSP7",0
"MRPS22P1",0
"RNF19BPX",0
"RTL3",0
"POMPP1",0
"BRAFP1",0
"USP12PX",0
"PDK1P2",0
"TBX22",0
"TGIF2LX",0
"ACTR3P2",0
"DLGAP5P2",0
"KIF4CP",0
"OOEPP1",0
"HMGB1P32",0
"GTF3C6P1",0
"TRAPPC13P1",0
"HK2P1",0
"BRDTP1",0
"LRRFIP2P1",0
"NDUFA5P7",0
"TEX13B",0
"HNRNPDLP1",0
"C3orf49P1",0
"VDAC1P3",0
"XRCC6P5",0
"MAGEE2",0
"CCNB1IP1P3",0
"NT5DC1P1",0
"SERPINA7P1",0
"RPL34P36",0
"NLRP2B",0
"AP2B1P1",0
"MYCLP2",0
"TATDN2P1",0
"TUSC2P2",0
"TUBAP6",0
"ACTRT1P1",0
"EIF3JP1",0
"SNX3P1X",0
"FAM236C",0
"TPT1P13",0
"KRT8P17",0
"MDH1P1",0
"MTCYBP31",0
"PPP1R2C",0
"VEZTP1",0
"RIPPLY1",0
"MTND4P31",0
"PGAM4P1",0
"FDPSP5",0
"DPRXP6",0
"MTND6P13",0
"TMEM230P1",0
"TMEM184CP1",0
"RPL7AP72",0
"NLRP7P1",0
"IMPDH1P4",0
"DCAF8L1",0
"RPL22P22",0
"RRM2P3",0
"RPL7P55",0
"PRPF4BP1",0
"DCAF12L2",0
"COX6CP12",0
"OTUD6A",0
"UBE2V1P16",0
"PNPLA10P",0
"SPRYD7P1",0
"GEMIN8P3",0
"CAPZA1P1",0
"RPS7P13",0
"LUZP4",0
"SPANXB1",0
"RPL26P36",0
"MAGEC2",0
"VKORC1P1",0
"DUTP4",0
"SLITRK4",0
"PHF5AP4",0
"OR11Q1P",0
"BTG3P1",0
"CYCSP44",0
"H2BP8",0
"TFDP3",0
"SNURFL",0
"MTND4LP1",0
"OR5BH1P",0
"SPANXN3",0
"CT47A12",0
"LINC00850",0
"HAX1P1",0
"OR7L1P",0
"TUBB4AP1",0
"ORC1P1",0
"SKP2P1",0
"PWWP3B",0
"STK24P1",0
"LINC01282",0
"CTDSPL2P2",0
"BRS3",0
"ASB12",0
"CT47A11",0
"UFM1P1",0
"ZIC3",0
"RPL32P35",0
"RPL3P12",0
"SPANXC",0
"RPL7L1P11",0
"SPANXN1",0
"PNMA6B",0
"MAGEC3",0
"TRMT1P1",0
"OR11N1P",0
"CMC4",0
"M6PRP1",0
"PGBD4P6",0
"ZFYVE9P1",0
"MAGEA8",0
"CT47A7",0
"HNRNPH1P2",0
"MTND1P33",0
"RBMX2P2",0
"MAGEA11",0
"GPR50",0
"FAM226B",0
"PASD1",0
"IGSF1",0
"MTCYBP38",0
"MAGEA7P",0
"PNMA6F",0
"NDUFB3P5",0
"RPL36AP52",0
"SPANXD",0
"MTND2P39",0
"RRM2P4",0
"ELL2P4",0
"VGLL1",0
"ANKRD11P2",0
"MAGEC1",0
"LHFPL1",0
"NAB1P1",0
"HNRNPCP10",0
"HDGFP1",0
"PRR32",0
"TCERG1P1",0
"CXorf51B",0
"HMGB3P30",0
"DCAF12L1",0
"SETP8",0
"OR1AA1P",0
"TJAP1P1",0
"RUVBL2P1",0
"NDUFB5P2",0
"CSGALNACT2P2",0
"IL13RA2",0
"PHKA1",0
"CD84P1",0
"MATR3P1",0
"ADGRG4",0
"PKMP2",0
"HMGN2P48",0
"SLIRPP1",0
"SLC6A14P2",0
"SLC6A14P1",0
"ACTBP1",0
"OR5AW1P",0
"CT83",0
"OR13K1P",0
"SPANXA2",0
"RNU6-114P",0
"MIR651",0
"SNORA48B",0
"MIR4770",0
"MIR548AX",0
"RNU6-146P",0
"RN7SL658P",0
"MIR548AM",0
"RNA5SP499",0
"RN7SKP183",0
"RNU6-133P",0
"RNU6-641P",0
"RNU6-591P",0
"RNU6-49P",0
"MIR548AJ2",0
"RNU6-1087P",0
"RN7SL732P",0
"MIR3937",0
"RNU7-164P",0
"RNU6-1124P",0
"RNU6-630P",0
"RNU6-50P",0
"SNORA11",0
"MIR532",0
"MIR188",0
"MIR500A",0
"MIR362",0
"MIR501",0
"MIR500B",0
"MIR660",0
"MIR502",0
"RN7SL799P",0
"MIR223",0
"MIR8088",0
"MIR4536-2",0
"MIR676",0
"RNU6-562P",0
"MIR4536-1",0
"RNA5SP509",0
"MIR4328",0
"RN7SL790P",0
"MIR1321",0
"RNU2-26P",0
"RNU6-332P",0
"RNA5SP510",0
"MIR548M",0
"MIR325",0
"RNU1-112P",0
"RNA5SP508",0
"MIR361",0
"RNU6-974P",0
"RNU6-995P",0
"RNU6-345P",0
"RNU6-493P",0
"RNU6-394P",0
"RN7SKP194",0
"RNU6-309P",0
"SNORA35B",0
"RNU6-555P",0
"RN7SL379P",0
"RNU6-1323P",0
"MIR548AN",0
"RNU6-154P",0
"MIR3672",0
"RNU6-1015P",0
"RN7SKP31",0
"MIR934",0
"RNU6-3P",0
"RN7SKP149",0
"RNA5SP517",0
"RNA5SP516",0
"MIR514A2",0
"MIR514A1",0
"RN7SKP81",0
"MIR320D2",0
"RN7SL325P",0
"MIR892C",0
"MIR514A3",0
"MIR890",0
"RNU6-985P",0
"MIR888",0
"MIR892A",0
"MIR892B",0
"MIR891B",0
"RNU1-115P",0
"MIR510",0
"MIR891A",0
"MIR4330",0
"RN7SKP267",0
"RN7SKP189",0
"MIR513C",0
"MIR513B",0
"MIR513A1",0
"MIR513A2",0
"MIR506",0
"MIR507",0
"MIR508",0
"MIR514B",0
"MIR509-3",0
"MIR509-1",0
"RNU6-382P",0
"NICN2P",0
"SNORA11C",0
"MIR4769",0
"SMSP1",0
"RPL7P57",0
"ITGB1BP2",0
"PABPN1P1",0
"SOCS6P1",0
"SRD5A2P1",0
"MIR1184-2",0
"MIR1184-3",0
"H2AB3",0
"AMD1P2",0
"DPH3P2",0
"VAMP7",0
"ELOCP24",0
"TRPC6P1",0
"DDX11L16",0
"OPN1LW",0
"OPN1MW",0
"TEX28P1",0
"TEX28P3",0
"SNORA70",0
"MIR6858",0
"RN7SL697P",0
"ATF4P2",0
"FMN2P1",0
"RPL7P58",0
"HMGA1P1",0
"BMI1P1",0
"RNA5SP511",0
"H2BP9",0
"ELF2P1",0
"SLC25A53P1",0
"DPPA3P1",0
"MSL3-DT",0
"LIMK2P1",0
"FRMPD4-AS1",0
"RPL17P49",0
"RN7SKP290",0
"PSMA6P2",0
"MRPL35P4",0
"TLR7",0
"RBM22P6",0
"XAGE1A",0
"RBM22P7",0
"SSX14P",0
"SSX11P",0
"SSX7",0
"RNA5SP504",0
"SSX15P",0
"S100A11P10",0
"S100A11P8",0
"SSX21P",0
"SPANXN5",0
"PPIHP2",0
"QTRT1P1",0
"RNU1-57P",0
"RN7SL93P",0
"CBX1P4",0
"MIR4768",0
"NHS-AS1",0
"CHP1P3",0
"FAM136GP",0
"PABPC1L2B",0
"RBMXL3",0
"SSX2B",0
"FAM236A",0
"ZNF157",0
"NALF2",0
"RNA5SP502",0
"SHISA5P1",0
"GEMIN7P1",0
"RNU6-1321P",0
"RPS15AP39",0
"RNU6-854P",0
"RN7SL460P",0
"SSX19P",0
"S100A11P9",0
"SSX3",0
"RNU6-800P",0
"ASB11",0
"VEGFD",0
"MIR6895",0
"MIR6894",0
"RPSAP62",0
"MPV17L2P1",0
"MIR6857",0
"RIBC1",0
"TIPINP1",0
"VTRNA3-1P",0
"EEDP1",0
"SOX3",0
"DUSP9",0
"RPL18AP16",0
"RN7SL687P",0
"CYCSP45",0
"L1CAM",0
"MIR3202-1",0
"MIR3202-2",0
"MIR718",0
"RNU6-934P",0
"RPL36A-HNRNPH2",0
"KRT18P48",0
"NUTF2P7",0
"RNU1-56P",0
"CXorf65",0
"PABPC1P3",0
"RNU6-330P",0
"RN7SL291P",0
"DUSP21",0
"CT45A11P",0
"GAPDHP67",0
"E2F6P4",0
"KRT18P49",0
"GAGE2E",0
"GAGE12B",0
"SALL1P1",0
"PAGE1",0
"MIR2114",0
"RPL7P56",0
"RPL22P23",0
"GPR101",0
"TCEAL3-AS1",0
"TMEM31",0
"CACNA1F",0
"HSPB1P2",0
"ZNF630-AS1",0
"RNU6-707P",0
"S100A11P5",0
"RNA5SP503",0
"SSX20P",0
"S100A11P7",0
"VSIG1",0
"TNMD",0
"SPIN2P1",0
"RNU6-935P",0
"SPRING1P2",0
"ARHGAP36",0
"RN7SL191P",0
"NXF2",0
"CTHRC1P1",0
"RNU5F-7P",0
"HDGFL3P1",0
"PAGE2B",0
"PAGE2",0
"MTCO1P52",0
"MTND2P24",0
"MTND1P30",0
"MIR4329",0
"RN7SL266P",0
"ATF4P1",0
"OR3B1P",0
"PNKDP1",0
"RNA5SP514",0
"AP1M2P1",0
"FRMD8P1",0
"CKS1BP6",0
"PCYT1B",0
"H2BP7",0
"PCYT1B-AS1",0
"SCARNA23",0
"ARX",0
"PAFAH1B2P1",0
"RN7SL91P",0
"WASH6P",0
"ZFX-AS1",0
"ARHGEF9-IT1",0
"BTF3P8",0
"MIR1468",0
"ZCCHC18",0
"PAGE5",0
"TEX11",0
"RN7SL712P",0
"AKR1B1P8",0
"API5P1",0
"AGTR2",0
"SALL4P2",0
"ESX1",0
"PLCXD1",0
"CTAG1A",0
"APLN",0
"XPNPEP2",0
"FCF1P4",0
"GLUD1P9",0
"CAPN6",0
"RNU6-496P",0
"RNU7-37P",0
"H3P46",0
"GLRX5P1",0
"MGAT2P2",0
"CT45A3",0
"CT45A6",0
"CT45A2",0
"CT45A8",0
"CT45A9",0
"MIR505",0
"CXorf66",0
"RN7SL727P",0
"MIR652",0
"MIR3978",0
"SNORD96B",0
"AMMECR1-IT1",0
"SOWAHD",0
"SNORA69",0
"AKAP14",0
"MIR1587",0
"RPS11P7",0
"IMPDH1P2",0
"RNU6-894P",0
"RNA5SP501",0
"NPM1P8",0
"MIR3915",0
"MIR548F5",0
"DMD-AS3",0
"RN7SL667P",0
"RNU6-1225P",0
"AKIRIN1P2",0
"SSX5",0
"CLDN2",0
"DRP2",0
"MAGEB18",0
"MAGEB6",0
"MAGEB5",0
"ATXN7L3P1",0
"MTFR1P1",0
"MRRFP1",0
"RPL30P15",0
"MIR6086",0
"RN7SKP20",0
"RNU4-52P",0
"RN7SL262P",0
"MAGEA9",0
"CT47A10",0
"CT47A9",0
"CT47A8",0
"CT47A6",0
"CT47A5",0
"CT47A4",0
"CT47A3",0
"CT47A2",0
"HSFX2",0
"SMIM10L2B",0
"ETDB",0
"CT55",0
"ETDA",0
"ETDC",0
"SMIM10L2A",0
"RNA5SP515",0
"CROCCP1",0
"WDR4P1",0
"CXorf58",0
"HMGN1P37",0
"H2AB1",0
"FOXN3P1",0
"H3P45",0
"RNU6-589P",0
"ARMCX5-GPRASP2",0
"GPRASP3",0
"GAPDHP77",0
"GUCY2F",0
"MFN1P1",0
"RPS5P7",0
"H2AB2",0
"F8A2",0
"TREX2",0
"AKR7A2P2",0
"COBLP1",0
"GYG2-AS1",0
"ARSH",0
"ARSF",0
"RN7SL578P",0
"RPS24P21",0
"FNDC3CP",0
"ARSL",0
"MTCO2P19",0
"MTATP6P19",0
"MTCO3P19",0
"MTND5P26",0
"MTND6P32",0
"RNU6-1130P",0
"GPR119",0
"METTL15P3",0
"RNU6-266P",0
"MAGEB2",0
"MAGEB4",0
"PLCE1P1",0
"MIR224",0
"MIR452",0
"SEPHS1P4",0
"FXYD6P3",0
"SHISA5P2",0
"UHRF2P1",0
"DDX3P2",0
"RPL32P36",0
"CLIC4P3",0
"TRMT2B-AS1",0
"YWHAQP8",0
"MAGEB1",0
"OR13H1",0
"SPACA5B",0
"MAGEB3",0
"CXorf49B",0
"OPN1MW2",0
"MAGEA9B",0
"FAM236D",0
"ACTRT1",0
"CXorf49",0
"CTAG1B",0
"CTAG2",0
"AMOT",0
"PAGE3",0
"SSX4B",0
"CT47A1",0
"MPC1L",0
"DMRTC1B",0
"ZBED1",0
"MIR6089",0
"LINC00102",0
"XG",0
"MRPL32P2",0
"CT45A10",0
"PDZD4",0
"PNMA3",0
"DMRTC1",0
"FAM133A",0
"F9",0
"RNU6ATAC23P",0
"MAGEA4",0
"RPSAP60",0
"TPMTP3",0
"SNORA11E",0
"MAGED4",0
"SNORA11D",0
"RNU6-203P",0
"RPSAP63",0
"GPC3-AS1",0
"LARP1BP3",0
"FMR1NB",0
"RNA5SP524",0
"MAGEA10",0
"XAGE3",0
"FRMD7",0
"ASS1P4",0
"GAGE12C",0
"GAGE12D",0
"GAGE12F",0
"GAGE12E",0
"GAGE12G",0
"GAGE12H",0
"GAGE2A",0
"GAGE1",0
"GAGE10",0
"GAGE12J",0
"GAGE13",0
"GABRQ",0
"MAGEA3",0
"MAGEA2B",0
"MAGEA12",0
"MAGEA2",0
"MAGEA6-DT",0
"PNMA5",0
"PPIAP91",0
"MORF4L1P5",0
"PRXL2CP1",0
"RPL36AP54",0
"MIR450B",0
"MIR450A1",0
"MIR450A2",0
"MIR542",0
"MIR503",0
"MIR424",0
"PLAC1",0
"RPL21P133",0
"RPS7P12",0
"RNU4-44P",0
"MRPS18CP7",0
"RNA5SP505",0
"RPL37P24",0
"RPL7AP71",0
"NYX",0
"DACH2",0
"ATXN3L",0
"VCX3B",0
"VCX3A",0
"PARD6BP1",0
"ZIK1P1",0
"HSPA8P20",0
"TEX13D",0
"NPM1P34",0
"CNGA2",0
"FABP5P13",0
"KRT18P53",0
"SHOX",0
"RPS27AP17",0
"MIR4767",0
"CT47B1",0
"HAPSTR2",0
"FAM156B",0
"DCAF8L2",0
"MAGEA6",0
"MAGED4B",0
"SSX2",0
"VCX",0
"SERTM2",0
"RNU6-1189P",0
"RNU12-2P",0
"NUP62CL",0
"MYCLP1",0
"GJA6P",0
"RS1",0
"BLOC1S6P1",0
"HAUS1P2",0
"RN7SL48P",0
"SUPT20HL1",0
"RNU6-1056P",0
"ERAS",0
"PCSK1N",0
"SNORA11G",0
"PPEF1",0
"SUPT20HL2",0
"SNRPEP9",0
"PRKCIP1",0
"RNU6-30P",0
"RNU6-587P",0
"EIF5P1",0
"HMGN1P33",0
"CLDN34",0
"RPS26P56",0
"RNA5SP513",0
"SNORA36A",0
"MIR664B",0
"SNORA56",0
"SMIM9",0
"XAGE1B",0
"CXorf51A",0
"SPACA5",0
"CT45A7",0
"MAP7D2",0
"MIR23C",0
"RNU6-98P",0
"HS6ST2-AS1",0
"NAA20P1",0
"USP26",0
"TMSB15B-AS1",0
"HS6ST2",0
"H2AL1Q",0
"CCDC160",0
"RN7SL581P",0
"AWAT1",0
"RNA5SP507",0
"ARR3",0
"RAB41",0
"TRAPPC2LP1",0
"RNY4P23",0
"GDPD2",0
"RNU4-81P",0
"RNU6-320P",0
"SNORD61",0
"TRPC5",0
"RTL4",0
"DPRXP7",0
"CCDC121P1",0
"FBLIM1P1",0
"TEX13C",0
"MIR3690",0
"RNA5SP498",0
"TPT1P14",0
"NPM1P9",0
"GRPEL2P2",0
"BLOC1S2P1",0
"NANOGP9",0
"RTL9",0
"MRPL32P1",0
"TFDP1P2",0
"FAM47C",0
"FTH1P29",0
"HNRNPA1P28",0
"NUDT19P6",0
"LINC03098",0
"MRPS17P9",0
"RNU1-67P",0
"RNY3P16",0
"EIF5P2",0
"SLC7A3",0
"GNG5B",0
"MAGEA1",0
"CT47C1",0
"TNPO3P1",0
"SSU72P1",0
"RPL36AP53",0
"SNORA35",0
"MIR764",0
"MIR1912",0
"MIR1264",0
"MIR1298",0
"MIR1911",0
"HSPA8P7",0
"MIR448",0
"RPS26P57",0
"RN7SL190P",0
"FAM9C",0
"RNU7-69P",0
"CHCHD2P1",0
"TUBB4BP3",0
"RPL12P43",0
"SAGE4P",0
"SAGE2P",0
"CT45A1",0
"MGAT2P1",0
"CT45A5",0
"PFKFB1",0
"RPSAP59",0
"TCP11X1",0
"TCP11X2",0
"CRIPTO3",0
"RNA5SP512",0
"TRPC5OS",0
"MIR548I4",0
"MCF2",0
"SPANXN4",0
"MAGEB16",0
"TENT5D",0
"OPN1MW3",0
"H2AL3",0
"MAGEB6B",0
"SPANXA1",0
"NXF2B",0
"TEX28",0
"SPANXN2",0
"RNU7-56P",0
"RNU4-6P",0
"SLC35C2P1",0
"CBX1P2",0
"RNU6-616P",0
"HMGB3P31",0
"RHOXF2B",0
"RHOXF1",0
"SFR1P1",0
"TMEM255A",0
"RNU6-1078P",0
"TPT1P15",0
"CITED1",0
"RNU6-383P",0
"CXXC1P1",0
"TMLHEP1",0
"SSX8P",0
"SSX9P",0
"SSX6P",0
"FSIP2LP",0
"TCP11X3P",0
"CA5BP1",0
"NXF5",0
"NXF4",0
"CSAG4",0
"MAGEA5P",0
"ARMCX7P",0
"CD99P1",0
"TM9SF5P",0
"RHOXF1P1",0
"PNMA6E",0
"SNORD3E",0
"WASHC3P1",0
"NSA2P3",0
"MAGEA13P",0
"KRT8P6",0
"H2AQ1P",0
"MIR504",0
"TPM2P1",0
"GLRA2",0
"RNU6-1044P",0
"CDX4",0
"MORF4L1P6",0
"RPL7P53",0
"ATP5MKP1",0
"BMP2KL",0
"MIR421",0
"MIR374B",0
"MIR545",0
"MIR374A",0
"ZCCHC13",0
"RPS6P26",0
"LNX2BP",0
"H2BW2",0
"ZNF185",0
"TKTL1",0
"MIR6134",0
"H3P43",0
"RNA5SP500",0
"MIR4666B",0
"PIGFP3",0
"IL1RAPL2",0
"PHB1P10",0
"RPL18AP14",0
"TEX13A",0
"RNU6-207P",0
"SERPINA7",0
"NANOGNBP3",0
"RPL21P132",0
"TCEAL6",0
"FAM223B",0
"MIR363",0
"MIR92A2",0
"MIR19B2",0
"MIR20B",0
"MIR18B",0
"MIR106A",0
"CRLF2",0
"XAGE5",0
"SAGE1",0
"RPL12P50",0
"RNA5SP525",0
"MIR105-1",0
"MIR767",0
"MIR105-2",0
"KRT8P8",0
"NAP1L6P",0
"INGX",0
"MRFAP1P1",0
"DENND10P1",0
"VENTXP1",0
"C4orf46P2",0
"NKAPP1",0
"MAP2K4P1",0
"PFN5P",0
"ECMXP",0
"GLRA4",0
"CHMP1B2P",0
"RNU6-434P",0
"CRIPTOP1",0
"BAG1P1",0
"FTLP16",0
"UBTFL11",0
"RNU7-7P",0
"PAGE4",0
"CPSF1P2",0
"RNU6-421P",0
"KPNB1P1",0
"HMGN1P35",0
"MAGEA3-DT",0
"CSAG2",0
"CSAG3",0
"KRT8P14",0
"MFFP3",0
"MIR221",0
"MIR222",0
"SRSF6P1",0
"MED28P4",0
"KRT18P68",0
"DDX53",0
"PDCL2P1",0
"EEF1A1P40",0
"SMIM10L2B-AS1",0
"ETS2P1",0
"AMZ2P3",0
"PTP4A1P5",0
"RDXP2",0
"BMP15",0
"PPP1R11P2",0
"FAAH2",0
"MTHFD1P1",0
"RAB40AL",0
"NUDT19P2",0
"RAB40A",0
"AKAP17A",0
"ASMT",0
"RBBP8P1",0
"CSF2RA",0
"CBLL2",0
"ARL5AP5",0
"MMADHCP1",0
"RNU6-867P",0
"LINC01203",0
"LINC03099",0
"ASMTL-AS1",0
"ACE2-DT",0
"FGF13-AS1",0
"FMR1-AS1",0
"IRS4-AS1",0
"LINC00106",0
"LINC01204",0
"LINC02243",0
"PINCR",0
"LINC01281",0
"LINC03070",0
"LINC02601",0
"MIR325HG",0
"LINC02927",0
"LINC02931",0
"LINC03077",0
"LINC03053",0
"DLG3-AS1",0
"LINC00891",0
"MIR223HG",0
"MIR106AHG",0
"PORCN-DT",0
"PABPC1L2B-AS1",0
"PABPC5-AS1",0
"MAGEA8-AS1",0
"L1CAM-AS1",0
"SYP-AS1",0
"LINC00629",0
"LINC03113",0
"LINC01201",0
"LINC01186",0
"LINC03114",0
"UBE2DNL",0
"LINC00269",0
"PPEF1-AS1",0
"PTCHD1-AS",0
"LINC02968",0
"RHOXF1-AS1",0
"GPR50-AS1",0
"MAGEA4-AS1",0
"FRMPD3-AS1",0
"DANT1",0
"LINC03112",0
"LINC02154",0
"LINC01456",0
"WASIR1",0
"IL9R",0
"NUDT10",0
"EZHIP",0
"NUDT11",0
"LINC01496",0
"CENPVL3",0
"CENPVL2",0
"CENPVL1",0
"IPO7P1",0
"UQCR10P1",0
"GTPBP6",0
"FTH1P14",0
"GOT2P6",0
"UQCRBP1",0
"MKRN4P",0
"NLRP3P1",0
"OR2AF1P",0
"ASS1P5",0
"MCRIP2P1",0
"NAP1L4P2",0
"NUS1P1",0
"RHOG2P",0
"TEX28P2",0
"SOCS5P4",0
"RANP4",0
"CNEP1R1P1",0
"S100A11P6",0
"SSX18P",0
"PPIAP89",0
"IKBKGP1",0
"RPSAP14",0
"VN1R110P",0
"FTHL18P",0
"AKAP17BP",0
"MEMO1P4",0
"RHOXF1P2",0
"H2BW3P",0
"HMGB1P15",0
"FTH1P28",0
"FTH1P19",0
"FTH1P27",0
"FAM47DP",0
"LANCL3",0
"H2AL1MP",0
"RPL23AP54",0
"TMEM97P2",0
"OR6R2P",0
"EIF4EP5",0
"LINC03023",0
"SGCZ",0
"WBP1LP3",0
"LINC02099",0
"MTND6P19",0
"MRPL49P2",0
"DNAJB6P2",0
"HSPA8P13",0
"SINHCAFP3",0
"CCT3P1",0
"HMGB1P23",0
"MTND5P41",0
"RPL17P33",0
"PAICSP4",0
"MTCYBP19",0
"PSME2P5",0
"VENTXP5",0
"MTND6P20",0
"SNX18P27",0
"IDI1P2",0
"COX6B1P4",0
"MAP2K1P1",0
"ATP6V1G1P2",0
"PSAT1P1",0
"RFPL4AP7",0
"NDUFA5P12",0
"RPL6P22",0
"CYCSP22",0
"BUD31P1",0
"KCTD9P6",0
"ZMAT4",0
"NEFM",0
"PDCL3P1",0
"IGLV8OR8-1",0
"MRPL9P1",0
"VENTXP6",0
"COX6CP8",0
"IFITM8P",0
"C8orf34",0
"REXO1L5P",0
"RLIG1P3",0
"DPPA3P9",0
"REXO1L11P",0
"RPL13AP18",0
"HIGD1AP18",0
"RPL31P40",0
"REXO1L8P",0
"SLC2A13P1",0
"ACTBP6",0
"TPM3P3",0
"PRDM14",0
"RPS15AP25",0
"HAUS1P3",0
"JCHAINP1",0
"CDH17",0
"REXO1L4P",0
"PSMA2P2",0
"PSMC2P2",0
"STAU2-AS1",0
"ERICH5",0
"TRIM60P15",0
"IRF5P1",0
"RPS23P1",0
"DCAF4L2",0
"SLCO5A1",0
"RPL6P23",0
"RPS4XP10",0
"MYL12AP1",0
"FSBP",0
"REXO1L12P",0
"RPS29P2",0
"HSPA8P11",0
"TMEM69P1",0
"REXO1L10P",0
"MIR378D2HG",0
"RALYL",0
"UFM1P3",0
"CYP4F44P",0
"KCNV1",0
"MTCYBP20",0
"GAPDHP30",0
"BRIX1P1",0
"RPL10AP3",0
"RPL7L1P17",0
"CHRNB3",0
"MTND2P38",0
"CLXN",0
"SRSF3P2",0
"UBE2HP1",0
"KCNS2",0
"MTCO2P4",0
"DNAJC5B",0
"BTF3P1",0
"NPM1P52",0
"REXO1L9P",0
"RPL30P10",0
"SUMO2P18",0
"RPS12P15",0
"RPL31P41",0
"RPSAP48",0
"REXO1L2P",0
"MTND1P5",0
"NRBF2P4",0
"TMEM74",0
"FER1L6-AS1",0
"MRPS36P3",0
"SUMO2P19",0
"LINC01181",0
"EEF1A1P37",0
"NDUFS5P6",0
"MTND1P7",0
"ARF1P3",0
"ANXA13",0
"RPL29P18",0
"CYCSP23",0
"ODF1",0
"RPS20P20",0
"MTCO1P4",0
"RPL30P16",0
"TRMT10BP1",0
"PRXL2AP2",0
"NACAP10",0
"PPIAP86",0
"SOD1P3",0
"TRAPPC2P2",0
"ATP5PFP3",0
"PGAM1P13",0
"MAL2",0
"NDUFB9P3",0
"KCNB2",0
"BTF3P12",0
"TMCC1P1",0
"RPS26P35",0
"PTCSC1",0
"RPL36AP31",0
"CARS1P2",0
"RPSAP74",0
"IMPDH1P6",0
"LINC01299",0
"RPL32P4",0
"LY6D",0
"GML",0
"TMX1P2",0
"H2AZP7",0
"SLURP2",0
"CYP11B2",0
"ZNHIT1P1",0
"RSPO2",0
"RPL21P78",0
"SLURP1",0
"MAPK6P1",0
"KNOP1P5",0
"DNAJC8P3",0
"RFPL4AP5",0
"NCAPGP1",0
"RPL21P79",0
"PENK",0
"MTCO1P47",0
"TRIM55",0
"CRH",0
"DUTP2",0
"RPL35AP19",0
"RN7SKP159",0
"RN7SL318P",0
"RNA5SP251",0
"RN7SL474P",0
"RNU7-153P",0
"RNU6-397P",0
"MIR383",0
"RNU4-71P",0
"MIR3148",0
"RN7SL621P",0
"RNU6-1218P",0
"MIR548H4",0
"RNA5SP258",0
"RN7SL457P",0
"RNU6-528P",0
"RNU6-533P",0
"SNORD65B",0
"RNU6-295P",0
"RN7SKP32",0
"RNU6-356P",0
"SNORD13",0
"RNA5SP531",0
"RN7SKP294",0
"MIR548AO",0
"RNU6-895P",0
"RNU6-819P",0
"RNA5SP267",0
"RNU6-596P",0
"RNU6-13P",0
"RN7SL675P",0
"RNU1-101P",0
"RN7SKP29",0
"MIR124-2",0
"RN7SL19P",0
"RNU6-656P",0
"RN7SL203P",0
"RNA5SP271",0
"RNA5SP269",0
"RNA5SP270",0
"RNU2-54P",0
"RNA5SP272",0
"MIR8084",0
"MIR5708",0
"RNU6-1040P",0
"RNU6-1172P",0
"RNU6-690P",0
"MIR378D2",0
"RN7SL685P",0
"RNU6-1220P",0
"RNU6-703P",0
"SNORD3H",0
"RNA5SP274",0
"RN7SL41P",0
"SNORD77B",0
"RNU6ATAC8P",0
"RNU6-914P",0
"RNU6-1224P",0
"MIR5680",0
"RNA5SP275",0
"RNA5SP276",0
"RNU6-12P",0
"RN7SKP155",0
"RNU7-67P",0
"RN7SL228P",0
"RN7SL826P",0
"MIR2053",0
"RN7SKP226",0
"RNU6-875P",0
"MIR548AZ",0
"MIR548D1",0
"RNU4-83P",0
"RNU4-37P",0
"MIR7848",0
"MIR3149",0
"MIR1208",0
"MIR1302-7",0
"RNU6-442P",0
"NPBWR1",0
"C8orf17",0
"MIR1205",0
"RNVU1-32",0
"MIR1206",0
"RNU4-25P",0
"MIR1207",0
"LINC02912",0
"LINC00208",0
"RNA5SP264",0
"HIGD1AP6",0
"DPPA3P7",0
"CYP11B1",0
"STMN2",0
"MIR5681A",0
"MIR5681B",0
"MIR2052",0
"FGL1",0
"ABRAXAS1P2",0
"MTND4LP26",0
"XRCC6P4",0
"TTPA",0
"TARDBPP4",0
"RN7SL135P",0
"MIR6841",0
"RN7SKP206",0
"MIR3686",0
"MTRF1LP2",0
"MIR7112",0
"MIR6848",0
"MIR939",0
"MIR1234",0
"MIR6849",0
"SLC45A4-AS1",0
"HNRNPA1P38",0
"RN7SL798P",0
"RN7SL323P",0
"SNORD54",0
"MOS",0
"RNU1-124P",0
"VN1R46P",0
"AFG3L2P1",0
"POTEA",0
"RNU6-104P",0
"PPDPFL",0
"FER1L6",0
"TCF24",0
"RNA5SP268",0
"LINC02878",0
"CCDC166",0
"MAPK15",0
"MIR4664",0
"MIR937",0
"MIR6845",0
"EPPK1",0
"MIR661",0
"OPLAH",0
"MIR6846",0
"MIR6847",0
"TSSK5P",0
"C8orf44-SGK3",0
"PTTG3P",0
"SNORD87",0
"TRHR",0
"MIR7705",0
"RNU6ATAC41P",0
"AURKBP1",0
"RPS17P14",0
"KCNK9",0
"HTRA4",0
"SNORD38D",0
"RPL3P10",0
"RNU6-285P",0
"RPL17P30",0
"DKK4",0
"MIR6844",0
"MIR4662B",0
"MIR4662A",0
"MRS2P1",0
"NPM2",0
"HR",0
"RPL21P77",0
"MRPL57P7",0
"RN7SKP85",0
"MIR599",0
"MIR875",0
"RN7SL350P",0
"NTAN1P2",0
"SLC2A3P4",0
"MIOXP1",0
"UBE2Q2P10",0
"GOLGA2P1",0
"OR7E96P",0
"VPS51P16",0
"MIR548I3",0
"RPS3AP31",0
"SNRPCP17",0
"CNGB3",0
"SLC16A14P1",0
"RNU7-84P",0
"MIR4288",0
"RNA5SP259",0
"RPL36AP32",0
"RPL12P24",0
"HMGB1P46",0
"SDR16C5",0
"OR4F21",0
"RBM12B-AS1",0
"RN7SKP175",0
"POU5F1P2",0
"ADI1P2",0
"RPL5P24",0
"SMARCE1P4",0
"RN7SL395P",0
"MIR6850",0
"SUMO2P16",0
"RPL19P13",0
"RN7SL293P",0
"RNU6-1084P",0
"VPS51P12",0
"RNA5SP253",0
"DEFB108D",0
"USP17L7",0
"MIR3674",0
"MIR7160",0
"SLC30A8",0
"DEFB135",0
"DPYS",0
"DCSTAMP",0
"MIR548A3",0
"MIR8055",0
"MIR4659A",0
"MIR4659B",0
"RPL26P26",0
"RNA5SP254",0
"DEFB108E",0
"ZNF705CP",0
"FAM90A25P",0
"OC90",0
"MIR3610",0
"RN7SL303P",0
"CHILL1",0
"HHLA1",0
"MIR6893",0
"GDF6",0
"C8orf89",0
"RN7SKP153",0
"RN7SL760P",0
"GYG1P1",0
"RPS20P21",0
"RNU6-1300P",0
"RPS3AP32",0
"RNU6-1197P",0
"PPP1R42",0
"RPL34P17",0
"ALKAL1",0
"HMGB1P19",0
"FAM83A-AS2",0
"MIR4663",0
"ZHX1-C8orf76",0
"FAM83A",0
"MIR548V",0
"RNA5SP256",0
"STMN4",0
"FABP9",0
"NIPA2P4",0
"RPS26P34",0
"SLC10A5P1",0
"SLC10A5",0
"KRT18P37",0
"ARHGAP39",0
"IDO2",0
"USP17L2",0
"RNA5SP261",0
"RNA5SP262",0
"RNA5SP263",0
"RNU6-663P",0
"MTND1P6",0
"MTND2P32",0
"RANP9",0
"TMEM249",0
"RNU6-519P",0
"RNU11-4P",0
"CCAT2",0
"ERICD",0
"MIR151A",0
"RNA5SP278",0
"ZNF705D",0
"FGF20",0
"RNU6-1011P",0
"PTMAP15",0
"CPP",0
"MIR4661",0
"COX6B1P6",0
"RNU6-1209P",0
"MIR3150B",0
"MIR3150A",0
"RNU6-665P",0
"RNU6-144P",0
"ZYXP1",0
"PPM1AP1",0
"RPL32P19",0
"RNU6-607P",0
"RN7SL709P",0
"GOT1L1",0
"ADRB3",0
"RPL12P48",0
"RNU6-988P",0
"RNU6-323P",0
"PPIAP84",0
"RNU5A-3P",0
"MIR6842",0
"GULOP",0
"MIR6843",0
"RNU6-1086P",0
"MIR3622B",0
"MIR3622A",0
"RNU6-1276P",0
"PBK",0
"MIR4287",0
"NUGGC",0
"PNOC",0
"FBXO16",0
"RNU6-178P",0
"RNU1-148P",0
"ADAM7",0
"RPL15P12",0
"MIR5194",0
"RNU6-1255P",0
"VXN",0
"RNU6-1324P",0
"RNU2-71P",0
"SLC25A51P3",0
"RN7SL107P",0
"CKS1BP7",0
"RNU11-6P",0
"SNRPCP6",0
"VPS51P8",0
"OR7E125P",0
"FAM90A4P",0
"USP17L1",0
"USP17L4",0
"ZNF705G",0
"DEFB103B",0
"DEFB104B",0
"DEFB106B",0
"DEFB107B",0
"PRR23D1",0
"FAM90A6P",0
"OR7E157P",0
"VPS51P15",0
"VPS51P9",0
"OR7E154P",0
"PRR23D2",0
"DEFB105A",0
"DEFB106A",0
"DEFB103A",0
"HSPD1P2",0
"DEFB4A",0
"ZNF705B",0
"DEFB108A",0
"USP17L8",0
"USP17L3",0
"SYBU-AS1",0
"FAM90A23",0
"FAM90A22",0
"FAM90A7",0
"FAM90A8",0
"FAM90A9",0
"FAM90A17",0
"FAM90A18",0
"FAM90A19",0
"FAM90A14",0
"FAM90A16",0
"FAM90A10",0
"ESRP1",0
"SPAG11A",0
"FABP12",0
"IFITM3P8",0
"VTA1P2",0
"SOX5P1",0
"CNBD1",0
"C8orf90",0
"ZNF572",0
"RN7SL806P",0
"RNU7-85P",0
"MAPRE1P1",0
"RNU1-35P",0
"RNU6-756P",0
"NKX6-3",0
"MIR486-1",0
"MIR486-2",0
"RN7SL149P",0
"ASNSP1",0
"OR7E161P",0
"IMPA1P1",0
"ALG1L13P",0
"ZNF252P",0
"ADAM24P",0
"SLC7A2-IT1",0
"KRT8P3",0
"RN7SKP97",0
"MIR4470",0
"RIMS2",0
"C4orf46P3",0
"THAP12P7",0
"AK3P2",0
"LY6H",0
"DEFA1B",0
"DEFA3",0
"DEFA5",0
"VPS51P14",0
"PRR13P7",0
"MRPS16P1",0
"LY6L",0
"TMEM276-ZFTRAF1",0
"OPRK1",0
"MIR1204",0
"RNU105C",0
"RN7SL250P",0
"TRMT112P7",0
"RPL7L1P18",0
"HPYR1",0
"MIR6876",0
"GNRH1",0
"NAT2",0
"XKR4",0
"SBF1P1",0
"RNA5SP265",0
"SNORA1B",0
"DEFA11P",0
"DEFA7P",0
"DEFB4B",0
"SPAG11B",0
"FAM90A21P",0
"RNU6-1213P",0
"RNU7-174P",0
"MIR3151",0
"MTND2P7",0
"MTCO1P49",0
"BLK",0
"DEFB131C",0
"DEFB130B",0
"FAM135B",0
"ZFAT",0
"ZFAT-AS1",0
"MIR30B",0
"MIR30D",0
"RPL23AP56",0
"ENPP7P1",0
"RNU6-842P",0
"MTND4P7",0
"RNA5SP255",0
"DEFB109C",0
"FAM86B3P",0
"DEFB1",0
"RPL23AP96",0
"DEFA6",0
"DEFA4",0
"DEFA9P",0
"DEFA10P",0
"DEFA1",0
"DEFB109B",0
"DEFB108C",0
"DEFB105B",0
"LINC02949",0
"RN7SL178P",0
"RNU6-682P",0
"MIR4660",0
"RNU7-55P",0
"RNU6-1151P",0
"RNU6-526P",0
"MIR597",0
"MIR124-1",0
"LINC03022",0
"PRSS55",0
"MIR4286",0
"C8orf74",0
"RNA5SP252",0
"PINX1",0
"MIR1322",0
"MIR598",0
"FAM90A2P",0
"RPL23AP53",0
"RPL37P6",0
"REXO1L1P",0
"REXO1L6P",0
"RPS20P22",0
"TPT1P8",0
"TUBBP1",0
"SDAD1P1",0
"DEFB131E",0
"RPL10P19",0
"SDR16C6P",0
"TDH",0
"SMPD5",0
"CALB1",0
"LINC00534",0
"RNA5SP273",0
"RN7SKP231",0
"DEFB131D",0
"DEFB130A",0
"RPS3AP35",0
"VPS51P19",0
"OR7E8P",0
"OR7E10P",0
"MIR5692A2",0
"MIR3926-1",0
"MIR3926-2",0
"FAM90A3",0
"FAM90A15",0
"FAM90A13",0
"FAM90A5",0
"FAM90A11",0
"FAM90A12",0
"FAM90A20",0
"RNU6-220P",0
"RHPN1",0
"LINC02990",0
"FAM90A24",0
"LY6S",0
"MIR4472-1",0
"TSNARE1",0
"RN7SL260P",0
"MROH4P",0
"RPS27AP13",0
"RNU6-1331P",0
"CRIPTOP5",0
"RNU6ATAC32P",0
"C1GALT1P3",0
"NARS1P2",0
"DEFB136",0
"DEFB134",0
"ADAM3A",0
"RPL7AP80",0
"ADAM5",0
"ADAM18",0
"ADAM2",0
"MIR4471",0
"RN7SKP249",0
"ZNNT1",0
"DUXAP2",0
"NACA4P",0
"RN7SL563P",0
"PSCA",0
"SLC18A1",0
"RNU6-892P",0
"RNA5SP257",0
"SMILR",0
"CDK5P1",0
"LINC01111",0
"LINC03024",0
"TDH-AS1",0
"LINC02866",0
"LINC03093",0
"NRG1-IT3",0
"LINC01608",0
"BAALC-AS2",0
"XKR4-AS1",0
"IADEN",0
"LINC03044",0
"LINC03047",0
"LINC02844",0
"SLCO5A1-AS1",0
"MAL2-AS1",0
"LINC00824",0
"LINC03020",0
"FAM87A",0
"LINC00293",0
"LY6S-AS1",0
"LINC02855",0
"MIR124-2HG",0
"WWP1-AS1",0
"LINC01609",0
"ASTILCS",0
"FAM83A-AS1",0
"LINC01300",0
"MAFA-AS1",0
"MIR3150BHG",0
"LINC01414",0
"LINC02947",0
"LINC00051",0
"LINC03019",0
"LINC00681",0
"LINC02847",0
"LINC03054",0
"LINC02599",0
"LINC02153",0
"LINC02948",0
"C8orf34-AS1",0
"SIRLNT",0
"DLGAP2-AS1",0
"LINC01602",0
"SQLE-DT",0
"LINC01288",0
"LINC03071",0
"IKBKB-DT",0
"LINC02950",0
"E2F5-DT",0
"LINC02906",0
"LINC02845",0
"KBTBD11-OT1",0
"KBTBD11-AS1",0
"LINC00588",0
"LINC02894",0
"NRG1-IT1",0
"FAM66E",0
"LINC02964",0
"LINC00861",0
"FER1L6-AS2",0
"LINC02839",0
"LINC01419",0
"RHPN1-AS1",0
"RN7SL396P",0
"RNA5SP277",0
"HRURF",0
"MIR320A",0
"RNU7-102P",0
"RN7SKP135",0
"LINC01289",0
"PTPN11P2",0
"PPIAP85",0
"RNU4-50P",0
"SEPTIN14P8",0
"RPL29P19",0
"ASNSP4",0
"REXO1L3P",0
"HSPE1P14",0
"ZNF317P1",0
"LINC01606",0
"SERPINA15P",0
"LINC02237",0
"SEPTIN10P1",0
"SUB1P1",0
"RPS20P23",0
"OR7E158P",0
"ALG1L12P",0
"SNRPCP15",0
"DEFT1P2",0
"PRR23D3P",0
"DEFA8P",0
"DEFT1P",0
"DEFB109A",0
"PRSS52P",0
"ENPP7P12",0
"ALG1L11P",0
"OR7E15P",0
"RPL30P9",0
"LINC01030",0
"CFAP418-AS1",0
"LINC01151",0
"ADAM7-AS1",0
"H3P29",0
"HNRNPA1P41",0
"RPS29P33",0
"JKAMPP1",0
"PABPC1P11",0
"RPS27AP14",0
"SUMO2P2",0
"AKAP8P1",0
"TMEM215",0
"RPL31P42",0
"MTCO3P30",0
"LINC01242",0
"GARIN3P1",0
"LINC03106",0
"NOP56P2",0
"CHCHD4P3",0
"LINC01627",0
"HMGN2P16",0
"BOLA3P4",0
"ASS1P12",0
"SLC4A1APP1",0
"KCTD9P3",0
"RBPJP6",0
"FTLP4",0
"ATP5F1AP1",0
"FKBP4P7",0
"PAX5",0
"RPL32P21",0
"LYPLA2P3",0
"CDCA7P2",0
"TCEA1P4",0
"RPL21P84",0
"FKBP4P6",0
"SLC28A3",0
"FOXB2",0
"SDR42E1P2",0
"MTCO3P40",0
"HNRNPA1P14",0
"ATP5MFP3",0
"SLC28A3-AS1",0
"RPS20P25",0
"FOXD4L3",0
"ATP5F1AP7",0
"FAM74A7",0
"RPL21P85",0
"RPL21P83",0
"DNAJB5P1",0
"MTCO1P51",0
"CDRT15P7",0
"SDR42E1P4",0
"ASS1P3",0
"OR7E31P",0
"SDR42E1P3",0
"MTND3P4",0
"LINC00583",0
"IL6RP1",0
"RBPJP2",0
"RPL7AP46",0
"CYLC2",0
"OR7E116P",0
"BARX1",0
"LINC02578",0
"GAPDHP26",0
"MTND2P9",0
"TUBB4BP6",0
"ARL2BPP7",0
"SLC25A6P2",0
"BNIP3P4",0
"IGKV1OR-2",0
"KRT18P66",0
"FKBP4P8",0
"RPL21P87",0
"DEPDC1P2",0
"RPS20P24",0
"PHB1P7",0
"LMX1B",0
"RPL36AP6",0
"HMGN2P32",0
"BRINP1",0
"PLPPR1",0
"RPS15AP27",0
"SPATA31A6",0
"RPS27AP15",0
"MYO5BP3",0
"CDRT15P5",0
"CCSER2P1",0
"ZYG11AP1",0
"MSANTD3-TMEFF1",0
"RPL32P22",0
"LINC01243",0
"STK33P1",0
"NUTF2P3",0
"TMEFF1",0
"RPL29P20",0
"MTATP6P30",0
"CHCHD4P2",0
"HSPE1P28",0
"RPL36P14",0
"NPAP1P4",0
"KRT18P24",0
"SPATA31B1P",0
"RFC5P1",0
"CAVIN4",0
"MTND2P8",0
"DDX10P2",0
"RPS19P6",0
"NFYCP2",0
"RNA5SP279",0
"RNU6-1073P",0
"MIR101-2",0
"RNU2-47P",0
"RN7SL98P",0
"RNU6-246P",0
"SCARNA8",0
"RNU6-264P",0
"RN7SL720P",0
"RNU6-14P",0
"RN7SKP120",0
"RN7SL849P",0
"RMRPP5",0
"RNA5SP530",0
"RN7SL565P",0
"MIR4477A",0
"RN7SL343P",0
"RNU6-1293P",0
"RNA5SP285",0
"RN7SL422P",0
"RN7SKP59",0
"RNU6-1303P",0
"RN7SKP242",0
"RNU2-36P",0
"RNU4-29P",0
"RN7SKP264",0
"MIR4290",0
"MIR4291",0
"MIR4289",0
"RNU6-996P",0
"RNU6-329P",0
"RNA5SP291",0
"RN7SL659P",0
"RNU6-1064P",0
"MIR7702",0
"RNU6-855P",0
"RNA5SP293",0
"MIR3927",0
"RNU6-432P",0
"RNY4P18",0
"RNA5SP294",0
"RN7SL430P",0
"MIR147A",0
"RNU6-710P",0
"RNU4-82P",0
"RN7SL302P",0
"MIR455",0
"MIR181A2",0
"MIR181B2",0
"NRON",0
"RN7SL30P",0
"MIR4669",0
"MIR3911",0
"MIR3960",0
"MIR2861",0
"CCIN",0
"RNU4-53P",0
"PTGES2-AS1",0
"LCN2",0
"MIR219A2HG",0
"MIR219A2",0
"MIR219B",0
"SPATA31F3",0
"RNU6-984P",0
"RPL21P82",0
"HSPE1P22",0
"MTATP6P29",0
"MTCO3P29",0
"BEND3P2",0
"MIR3651",0
"MIR4670",0
"RPL21P86",0
"MIR7-1",0
"MIR4667",0
"RN7SL22P",0
"MIR6852",0
"MIR6853",0
"FAM221B",0
"NDUFA5P4",0
"HRCT1",0
"PGAM1P2",0
"OR2S2",0
"MIR4473",0
"RNU4-26P",0
"MIR4474",0
"RPL7AP48",0
"MIR491",0
"SNORA30B",0
"ENTPD8",0
"MIR7114",0
"SETP5",0
"RNU6-86P",0
"RNU6-1327P",0
"EIF1P1",0
"DMRT1",0
"DMRT3",0
"RNU6-829P",0
"MIR548AU",0
"RN7SL181P",0
"TRPC6P4",0
"TRMT112P4",0
"FYTTD1P1",0
"RN7SL100P",0
"LRRC19",0
"RNA5SP280",0
"RPL36AP34",0
"EQTN",0
"GDA",0
"TMC1",0
"TMEM252",0
"C8G",0
"LCN12",0
"FUT7",0
"ENTPD2",0
"TMEM210",0
"SLC34A3",0
"SLC25A6P5",0
"MIR8081",0
"RN7SKP77",0
"RNA5SP292",0
"RPL7AP44",0
"RNA5SP289",0
"PARK7P2",0
"RPL36AP35",0
"ACTL7B",0
"ACTL7A",0
"MIR32",0
"MIR6856",0
"QRFP",0
"PRDM12",0
"RN7SL159P",0
"VN2R3P",0
"RBM17P1",0
"RN7SL640P",0
"SPATA31A1",0
"SKP1P3",0
"FKBP4P2",0
"SDR42E1P1",0
"ATP5F1AP8",0
"RBPJP5",0
"RN7SL763P",0
"MEP1AP1",0
"RNU6-1269P",0
"CNN2P2",0
"SLC46A2",0
"SLC46A2-AS1",0
"MUPP",0
"OR1K1",0
"KRT18P67",0
"SNORD90",0
"RNY1P15",0
"MIR600",0
"RNU6-820P",0
"LSM1P1",0
"SNORA17B",0
"SNORA17A",0
"MIR6722",0
"LCN15",0
"ATP6V1G1P3",0
"MIR4292",0
"MIR4479",0
"TAL2",0
"IZUMO3",0
"SPATA31A5",0
"RN7SKP171",0
"RNU6-881P",0
"SNORD62A",0
"SNORD62B",0
"FAM74A3",0
"MIR2278",0
"MIR6081",0
"MIR24-1",0
"RNA5SP288",0
"MIR4672",0
"YRDCP2",0
"PAPPA-AS2",0
"SNORA70C",0
"RN7SKP128",0
"RN7SKP125",0
"MIR4478",0
"MORN5",0
"TEX53",0
"TEX48",0
"CDCA4P1",0
"CER1",0
"RNU6-1260P",0
"LDHAP4",0
"UBE2V1P10",0
"EIF3JP3",0
"TRBV21OR9-2",0
"TRBV23OR9-2",0
"TRBV24OR9-2",0
"TRBV25OR9-2",0
"TRBV26OR9-2",0
"TRBV29OR9-2",0
"SNORD121B",0
"SNORD121A",0
"OSTCP8",0
"RN7SKP114",0
"TUBB4BP2",0
"RN7SL187P",0
"RN7SL726P",0
"MIR204",0
"PIGUP1",0
"RPL35AP21",0
"OR13F1",0
"OR13C4",0
"OR13C8",0
"OR13D2P",0
"OR13C5",0
"OR13C2",0
"OR13C9",0
"OR13I1P",0
"OR13D3P",0
"MIR3152",0
"RN7SKP258",0
"DNAI1",0
"CCL27",0
"SPATA31F1",0
"MIR6877",0
"CEL",0
"LCN1P1",0
"LCN1P2",0
"SNORD24",0
"SNORD36B",0
"SNORD36A",0
"SNORD36C",0
"TCEA1P1",0
"VN1R51P",0
"FAM220CP",0
"RNU6-798P",0
"OR13C6P",0
"OR2AM1P",0
"PRPS1P2",0
"RPSAP76",0
"RNU6-1020P",0
"RNA5SP281",0
"SLC25A5P8",0
"SNRPCP1",0
"MIR548AW",0
"RNU7-21P",0
"MIR1302-9",0
"FOXD4",0
"RNU7-171P",0
"VTI1BP4",0
"KCNV2",0
"RN7SL560P",0
"SPOUT1",0
"RNA5SP284",0
"MIR4477B",0
"LCN8",0
"SOHLH1",0
"RNU6-694P",0
"PRSS3",0
"OR1J1",0
"OR1J4",0
"OR1Q1",0
"OR1L1",0
"TLK1P1",0
"RNU6-669P",0
"FBP2",0
"MT1P1",0
"RNU2-50P",0
"SERPINH1P1",0
"MYORG",0
"DNAJC25-GNG10",0
"RNU6-1013P",0
"MIR4668",0
"GPRACR",0
"RN7SL665P",0
"ST6GALNAC6",0
"OR2K2",0
"RNU2-25P",0
"RN7SL592P",0
"ATP5PDP2",0
"CDK2AP2P1",0
"MYO5BP1",0
"NDOR1",0
"DMRT2",0
"RNU7-185P",0
"RN7SL5P",0
"RNF183",0
"IMP3P1",0
"RN7SL722P",0
"RN7SL787P",0
"RNU6-368P",0
"IFNNP1",0
"IFNB1",0
"IFNWP4",0
"IFNW1",0
"IFNA21",0
"OR1L3",0
"AMBP",0
"KIF12",0
"LINC02843",0
"OR13J1",0
"ELF2P3",0
"SPATA31E1",0
"WNK2",0
"CA9",0
"MUSK",0
"MIR6851",0
"PAEP",0
"LINC01502",0
"GLT6D1",0
"LCN9",0
"MIR601",0
"MIR7150",0
"PIGFP2",0
"SPATA31C2",0
"ARMC8P1",0
"GAS2L1P1",0
"VN1R48P",0
"FAM220BP",0
"C11orf98P1",0
"AK4P4",0
"AQP7",0
"RNF208",0
"FAM240B",0
"MIR199B",0
"MIR3154",0
"RN7SL75P",0
"RPS2P35",0
"DPPA3P10",0
"NANOGP5",0
"STPG3",0
"NXNL2",0
"RPL7P33",0
"LINC02907",0
"SOCS5P2",0
"OBP2A",0
"MIR4673",0
"MIR4674",0
"IGKV1OR9-1",0
"FOXD4L5",0
"FRG1KP",0
"IGKV1OR-3",0
"FOXD4L4",0
"CARD9",0
"RN7SKP24",0
"ARID3C",0
"NR5A1",0
"IFNWP5",0
"IFNA14",0
"IFNA5",0
"IFNA2",0
"IFNA11P",0
"IFNA12P",0
"IFNA8",0
"IFNWP2",0
"IFNA1",0
"IFNWP19",0
"MIR31",0
"H3P30",0
"STRA6LP",0
"CCDC180",0
"MIR1302-8",0
"RNU6-538P",0
"ANKRD20A1",0
"RNU6-1193P",0
"CYP4F25P",0
"RPL35AP22",0
"RNU6-1082P",0
"KHSRPP1",0
"RN7SL151P",0
"TUBB8P1",0
"ERVFRD-3",0
"UBA52P6",0
"RPL36AP33",0
"RPS29P17",0
"MIR3621",0
"RLN2",0
"HMGN2P31",0
"RNF152P1",0
"PDCD1LG2",0
"IFNK",0
"MIR876",0
"MIR873",0
"ME2P1",0
"LINGO2",0
"MIR3153",0
"RNA5SP290",0
"RN7SL794P",0
"RN7SKP225",0
"KRT8P11",0
"OR13C3",0
"OR13D1",0
"RN7SL544P",0
"RBPJP7",0
"RN7SKP191",0
"UBE2V1P4",0
"MIR6855",0
"MIRLET7A1",0
"MIRLET7F1",0
"MIRLET7D",0
"PRRT1B",0
"SPATA31A7",0
"SPATA31A3",0
"IFNA13",0
"FAM163B",0
"DBH",0
"DBH-AS1",0
"MYMK",0
"CNN2P3",0
"GXYLT1P6",0
"CYP4F33P",0
"ANKRD18B",0
"RNU6-599P",0
"SNX18P5",0
"CNN2P4",0
"RNU6-714P",0
"SNX18P2",0
"ADGRF5P2",0
"MEP1AP4",0
"DIRAS2",0
"RNU6-918P",0
"MIR6854",0
"RNU6-1035P",0
"RNA5SP287",0
"SPATA31D4",0
"SPATA31D3",0
"SPATA31D2P",0
"SPATA31D1",0
"MIR1299",0
"RNU6-559P",0
"OR13C7",0
"CSNK1G2P1",0
"PDSS1P1",0
"MTND6P5",0
"MTCO1P11",0
"MTATP6P11",0
"MTCO3P11",0
"MTND4P14",0
"MTND5P14",0
"TCF3P1",0
"INSL4",0
"RN7SL328P",0
"EIF4A1P3",0
"TNFSF8",0
"BMS1P10",0
"ATP8B5P",0
"LINC00475",0
"PRSS47P",0
"FAM120A2P",0
"ZNF658B",0
"FAM95B1",0
"CTSL3P",0
"OR13C1P",0
"SPATA31F2P",0
"CELP",0
"MFSD14CP",0
"LRRC37A5P",0
"CDRT15P6",0
"FBP2P1",0
"NPAP1P9",0
"PAEPP1",0
"SNX18P3",0
"ANKRD20A2P",0
"CYP4F59P",0
"ANKRD20A3P",0
"ANKRD20A4P",0
"ANKRD20A7P",0
"ANKRD19P",0
"CNTNAP3P7",0
"SPATA31D5P",0
"FGF7P3",0
"CLCN3P1",0
"REXO6P",0
"OR2S1P",0
"COL5A1-AS1",0
"MIR3689C",0
"MIR3689A",0
"MIR3689D1",0
"MIR3689B",0
"MIR3689D2",0
"MIR3689E",0
"MIR3689F",0
"FCN2",0
"FCN1",0
"CARM1P1",0
"LHX3",0
"GRIN1",0
"HSD17B3",0
"RNU6-1160P",0
"NSA2P7",0
"SPATA31C1",0
"RNU4ATAC15P",0
"SPINK4",0
"ADGRD2",0
"OTX2P1",0
"RBM22P5",0
"H3P32",0
"TRBV20OR9-2",0
"ECM1P1",0
"RPL3P11",0
"ATP5PDP3",0
"GALNT12",0
"NME2P3",0
"ADIPINT",0
"OR1N1",0
"OR1N2",0
"OR1L4",0
"OR1L6",0
"OR5C1",0
"OBP2B",0
"RNU6ATAC",0
"RN7SL462P",0
"CFAP77",0
"RNU5D-2P",0
"BARHL1",0
"EPB41L4B",0
"MTND2P11",0
"RMRP",0
"FAM74A6",0
"FAM74A4",0
"RPL12P25",0
"PTENP1",0
"GAS2L1P2",0
"MAP1LC3BP1",0
"GXYLT1P4",0
"TOPORSLP",0
"CUTALP",0
"TXNDC8",0
"RNU6-1039P",0
"RPL23AP57",0
"RN7SL123P",0
"RPS3AP54",0
"RNF2P1",0
"PRELID3BP11",0
"SNRPEP2",0
"PPIAP33",0
"MIR602",0
"CACNA1B",0
"TUBBP5",0
"FAM157B",0
"RNU6-785P",0
"OR4F8BP",0
"CFAP95",0
"RN7SL570P",0
"C9orf57",0
"DPP3P2",0
"RNA5SP286",0
"RORB",0
"RN7SKP47",0
"RNU6-445P",0
"MIR4475",0
"MIR4540",0
"MIR4476",0
"C9orf50",0
"FRG1HP",0
"PGM5P2",0
"FOXD4L6",0
"ARF4P1",0
"LAGE3P1",0
"STPG3-AS1",0
"PAICSP2",0
"MIR3910-1",0
"MIR3910-2",0
"IFNA6",0
"IFNWP15",0
"IFNA4",0
"IFNWP9",0
"IFNA7",0
"IFNA10",0
"IFNWP18",0
"IFNA16",0
"CYP1D1P",0
"KRT18P13",0
"FOXE1",0
"RNU4-15P",0
"PTPRD-DT",0
"LHX2-AS1",0
"UBE2R2-AS1",0
"FAM242D",0
"CFAP95-DT",0
"LINC02846",0
"CDKN2A-AS1",0
"PRRX2-AS1",0
"LINC02834",0
"VLDLR-AS1",0
"NALT1",0
"LINC02692",0
"IFT74-AS1",0
"HSD17B3-AS1",0
"LINC01613",0
"FIBCD1-AS1",0
"LMX1B-DT",0
"LINC01506",0
"TMEM252-DT",0
"LINC01239",0
"MIR4290HG",0
"LINC03094",0
"RORB-AS1",0
"LINC01230",0
"LINC02247",0
"CT70",0
"LINC01508",0
"LINC01501",0
"LINC00092",0
"LINC01451",0
"GLIS3-AS1",0
"LINC01492",0
"MIR1302-9HG",0
"PBX3-DT",0
"SNX30-DT",0
"FOCAD-AS1",0
"LINC03026",0
"LINC03041",0
"LINC00474",0
"FAM74A1",0
"LNCARSR",0
"ASTN2-AS1",0
"LINC02872",0
"LINC03025",0
"FAM138C",0
"LINC01509",0
"LINC01235",0
"CYP4F26P",0
"PTPRD-AS1",0
"LINC02893",0
"FAM225A",0
"TPD52L3",0
"RN7SL25P",0
"RPSAP49",0
"RNA5SP283",0
"PTGER4P2",0
"MYO5BP2",0
"ADGRF5P1",0
"LINC02957",0
"FGF7P6",0
"RBM17P2",0
"PTGER4P3",0
"CNTNAP3P2",0
"RAB28P3",0
"AQP7P4",0
"FGF7P5",0
"RBM17P3",0
"AQP7P1",0
"RPS6P12",0
"BMS1P11",0
"BMS1P9",0
"PPIAP88",0
"CDK2AP2P3",0
"RAB28P4",0
"RPL31P43",0
"YBX1P6",0
"AQP7P2",0
"CDC20P1",0
"ACNATP",0
"RAB28P1",0
"RPL7AP49",0
"CDRT15P14",0
"SNX18P8",0
"AQP7P5",0
"PRDX1P1",0
"SUGT1P1",0
"PRSS3P4",0
"HMGB1P37",0
"SUGT1P4",0
"SUGT1P4-STRA6LP",0
"SUGT1P4-STRA6LP-CCDC180",0
"DDX11L5",0
"FRG1JP",0
"OR1H1P",0
"RPL7AP45",0
"FAM27B",0
"NPAP1P7",0
"CTSLP8",0
"YWHABP1",0
"BMS1P12",0
"ZNG1DP",0
"BMS1P13",0
"AQP7P3",0
"ANKRD18CP",0
"SNX18P4",0
"CDRT15P12",0
"SNX18P9",0
"ZFAND6P1",0
"RPL7AP76",0
"FGF7P7",0
"CNTNAP3P5",0
"RAB28P2",0
"SNX18P7",0
"NPAP1P6",0
"CYP4F60P",0
"FGF7P4",0
"OR7E109P",0
"OR7E108P",0
"RPSAP9",0
"RPL7AP47",0
"RPL35AP20",0
"IL9RP1",0
"CDK2AP2P2",0
"FGF7P8",0
"CNTNAP3P1",0
"IGKV1OR9-2",0
"CNTFR-AS1",0
"LINC00484",0
"LINC01507",0
"LINC01388",0
"MUC5B",0
"MUC5B-AS1",0
"H3P33",0
"CALCB",0
"ZNF214",0
"RBMXL2",0
"ANO3",0
"CYCSP25",0
"SYT9",0
"LINC02745",0
"DNAAF11P1",0
"WIZP1",0
"PAUPAR",0
"DBX1",0
"LUZP2",0
"OR4C13",0
"ANKRD33BP5",0
"OR4C14P",0
"NAV2-AS5",0
"ANKRD33BP6",0
"THAP12P4",0
"OR2BH1P",0
"EIF4A2P5",0
"CBX3P8",0
"TRIM51DP",0
"OR5D15P",0
"OR4A19P",0
"FOLH1",0
"OR10AF1P",0
"OR5D14",0
"OR4A21P",0
"OR4A1P",0
"LINC02735",0
"OR4A7P",0
"OR4A6P",0
"LINC02707",0
"OR5D13",0
"OR9Q1",0
"OR4C16",0
"OR4R3P",0
"OR5D17P",0
"KRT18P14",0
"OR10W1",0
"OR10AK1P",0
"OR5B17",0
"OR4A5",0
"OR4A8",0
"CIR1P3",0
"GLYAT",0
"EEF1A1P47",0
"TRIM48",0
"CCDC179",0
"OR10V3P",0
"SLC17A6-DT",0
"OR5W1P",0
"OR10Q2P",0
"OR5I1",0
"OR5W2",0
"EIF4A2P3",0
"OR10Y1P",0
"ZFP91-CNTF",0
"RPL7AP56",0
"SYT7",0
"TRIM51",0
"SLC5A12",0
"OR5BC1P",0
"OR10V2P",0
"HNRNPRP2",0
"RPL7AP58",0
"EEF1G",0
"OR5D16",0
"OR5B19P",0
"LINC01616",0
"CNTF",0
"OR5L1",0
"TESMIN",0
"WEE2P1",0
"MUC15",0
"UBTFL10",0
"FGF3",0
"ANKRD33BP7",0
"TRIM53BP",0
"LINC02758",0
"MTND4LP18",0
"H3P34",0
"TRIM77",0
"COX6A1P4",0
"CBX3P7",0
"MTMR12P1",0
"RSF1-IT2",0
"HPRT1P3",0
"OSBPL9P2",0
"MMP8",0
"MMP27",0
"TOMM20P1",0
"HMGN2P38",0
"SCARNA9",0
"VSTM5",0
"TRIM49",0
"CARD18",0
"RPA2P3",0
"UBTFL2",0
"MTND6P25",0
"OSBPL9P3",0
"TMPRSS5",0
"HNRNPA1P60",0
"METTL5P4",0
"TRIM29",0
"RPS4XP12",0
"PKNOX2-DT",0
"LINC02697",0
"RPS27P20",0
"PHB1P16",0
"CRTAM",0
"RPL23AP62",0
"SLC17A6",0
"TRPC6P5",0
"LINC01395",0
"SPATA19",0
"PPP1R10P1",0
"PANX3",0
"ELOCP22",0
"TSPAN18-AS1",0
"PKNOX2-AS1",0
"ANGPTL5",0
"MIR6744",0
"MIR4299",0
"MIR8070",0
"RNA5SP332",0
"MIR302E",0
"MIR4486",0
"MIR4694",0
"RNU6-783P",0
"RNA5SP338",0
"RN7SL240P",0
"MIR8054",0
"RNU6-99P",0
"MIR3973",0
"RNU6-365P",0
"RN7SKP158",0
"MIR8068",0
"MIR3162",0
"RN7SKP192",0
"MIR6860",0
"RNU6-544P",0
"MIR708",0
"MIR5579",0
"MIR4300",0
"RNU6-16P",0
"RN7SL223P",0
"RN7SL222P",0
"SNORA25",0
"RN7SKP53",0
"SNORA32",0
"SNORA1",0
"SNORA8",0
"SNORD5",0
"SNORA18",0
"MIR1304",0
"SNORA40",0
"RN7SKP115",0
"MIR4693",0
"MIR4490",0
"MIR1261",0
"MIR4493",0
"RNU4-23P",0
"MIR8052",0
"RN7SL167P",0
"RNU6-1156P",0
"MIR4697",0
"RN7SKP121",0
"RN7SKP279",0
"SNORD15B",0
"MOGAT2",0
"RN7SL786P",0
"POU2F3",0
"KCNK4-CATSPERZ",0
"CATSPERZ",0
"MIR7155",0
"MIR1237",0
"SLC22A11",0
"SLC22A12",0
"NRXN2-AS1",0
"MIR192",0
"MIR194-2",0
"MIR6750",0
"MIR6749",0
"GPHA2",0
"MAJIN",0
"MIR6879",0
"EEF1A1P18",0
"OR51C4P",0
"KRT8P49",0
"OR51F3P",0
"OR51F4P",0
"OR51N1P",0
"OR52Y1P",0
"OR51A6P",0
"OR51G1",0
"OR51A3P",0
"OR51A2",0
"OR51A5P",0
"OR51P1P",0
"OR52J2P",0
"OR52J3",0
"OR52E2",0
"OR52E1",0
"OR52S1P",0
"OR52E3P",0
"OR52J1P",0
"HBB",0
"HBG2",0
"HBE1",0
"OR51AB1P",0
"OR51B4",0
"OR51B3P",0
"OR51B8P",0
"OR51B6",0
"OR51J1",0
"OR51Q1",0
"OR51K1P",0
"OR51A10P",0
"OR52D1",0
"UBQLN3",0
"UBQLNL",0
"OLFM5P",0
"OR52V1P",0
"OR52H2P",0
"OR52T1P",0
"HNRNPA1P53",0
"OR52B6",0
"TRIM6-TRIM34",0
"OR52N3P",0
"OR52E6",0
"OR52E7P",0
"HBG1",0
"MRGPRG",0
"MRGPRE",0
"NDUFA5P8",0
"NDUFA5P1",0
"ENPP7P15",0
"SNRPCP5",0
"RPS3AP39",0
"GLYATL1P4",0
"DTX4",0
"RN7SL42P",0
"SLC25A47P1",0
"RN7SL435P",0
"OR5AN2P",0
"OR5BR1P",0
"OR8F1P",0
"OR8G7P",0
"SLC5A4P1",0
"CEND1",0
"SNORA52",0
"RNU6-876P",0
"HSPB2-C11orf52",0
"C11orf52",0
"PPIHP1",0
"RNU6-893P",0
"TEX12",0
"BCO2",0
"MRPS36P4",0
"RPS12P21",0
"RNU6-1025P",0
"MUC6",0
"MIR4298",0
"MIR7847",0
"LINC01150",0
"MIR675",0
"OR4C50P",0
"OR4C46",0
"OR4C7P",0
"OR4A4P",0
"OR4A3P",0
"OR4A2P",0
"OR52L1",0
"KRT18P58",0
"RNA5SP329",0
"OR56A7P",0
"OR52X1P",0
"OR56B4",0
"OR56B3P",0
"OR52L2P",0
"OR52Z1P",0
"OR5AK1P",0
"OR5BQ1P",0
"RNU6ATAC12P",0
"OR8B6P",0
"OR8B5P",0
"OR8C1P",0
"OR8X1P",0
"OR8B10P",0
"OR8A3P",0
"MIR1343",0
"OR52Q1P",0
"RNU6-1306P",0
"RNU6-45P",0
"RNU6-72P",0
"MIR3165",0
"RPEP6",0
"COX6CP18",0
"KCNQ1DN",0
"RN7SKP50",0
"LINC02709",0
"RNU7-28P",0
"RNU6ATAC33P",0
"MIR4485",0
"MIR7154",0
"FBLIM1P2",0
"MIR4688",0
"RNA5SP345",0
"RPL32P25",0
"GAL3ST3",0
"TMEM151A",0
"BRD9P1",0
"RNU1-84P",0
"MIR611",0
"MIR1908",0
"MIR6746",0
"RNU6-1243P",0
"MYOD1",0
"KCNC1",0
"NXPE2P1",0
"RN7SL828P",0
"HSPE1P18",0
"PRR13P3",0
"OR5AK4P",0
"OR5AO1P",0
"OR5BP1P",0
"LRRC55",0
"PRG3",0
"RNU1-91P",0
"LINC02701",0
"MRGPRD",0
"ALG1L9P",0
"DEFB108B",0
"RNA5SP342",0
"DEFB131B",0
"INSC",0
"MIR6755",0
"SETP17",0
"RN7SL225P",0
"CCDC81",0
"PTP4A1P6",0
"ALG9-IT1",0
"FDXACB1",0
"RPL37AP8",0
"PLAAT2",0
"IMMP1LP1",0
"ATP5MGP1",0
"HIGD1AP5",0
"MRGPRX12P",0
"MRGPRX4",0
"MRGPRX13P",0
"SAA2-SAA4",0
"RNA5SP333",0
"RNA5SP334",0
"OR7E5P",0
"OR5F1",0
"OR5F2P",0
"OR5J1P",0
"OR8I4P",0
"OR5BN2P",0
"OR8H3",0
"OR5BN1P",0
"OR8K4P",0
"OR8K5",0
"OR5J7P",0
"OR5J2",0
"OR8V1P",0
"OR4V1P",0
"OR4P1P",0
"OR5D2P",0
"VN2R9P",0
"OR9L1P",0
"OR9I3P",0
"OR5BL1P",0
"OR10Q1",0
"OR9G3P",0
"MIR6128",0
"OR9G2P",0
"OR5G1P",0
"OR5G4P",0
"OR5G3",0
"NAA50P1",0
"OR8J2",0
"OR8I1P",0
"FAM8A2P",0
"OR8K2P",0
"OR5BB1P",0
"OR4D8P",0
"OR4D11",0
"OR4D7P",0
"OR5B1P",0
"OR5B15P",0
"OR8U1",0
"OR8L1P",0
"OR5AL2P",0
"OR5AL1",0
"OR8U3",0
"OR5M4P",0
"OR5M9",0
"OR5M7P",0
"OR5M6P",0
"OR5M5P",0
"MIR210",0
"SCT",0
"DRD4",0
"LINC02547",0
"OR4A11P",0
"OR4A12P",0
"OR4A9P",0
"OR4X7P",0
"OR4A10P",0
"OR4A17P",0
"OR4A13P",0
"OR4A50P",0
"RPL7AP55",0
"RNU6-943P",0
"OR10G6",0
"OR10G5P",0
"OR10G9",0
"OR10D5P",0
"MIR130A",0
"MIR6748",0
"RNU2-2P",0
"SNORD22",0
"SNORD30",0
"SNORD28",0
"SNORD27",0
"SNORD26",0
"SNORD25",0
"RN7SKP243",0
"DNAJB13",0
"DPPA4P3",0
"KCNJ1",0
"RN7SKP239",0
"PTPRCAP",0
"GPR152",0
"COX6CP5",0
"CASC23",0
"TUB-AS1",0
"RPL35AP26",0
"KIRREL3-AS1",0
"SNORD97",0
"HMGB1P42",0
"TBCEL-TECTA",0
"KCNA4",0
"FSHB",0
"MIR3166",0
"GAPDHP70",0
"GRM5-AS1",0
"KRTAP5-1",0
"KRTAP5-2",0
"KRTAP5-3",0
"FAM99B",0
"KRTAP5-6",0
"ACTN3",0
"MIR4487",0
"RAPSN",0
"RN7SL652P",0
"RNU5E-10P",0
"FAM180B",0
"C1QTNF4",0
"YPEL5P2",0
"CYCSP27",0
"RNA5SP341",0
"RN7SKP259",0
"RN7SL605P",0
"PPIAP42",0
"SCN2B",0
"OR8G3P",0
"TECTA",0
"MIR6503",0
"MS4A13",0
"MMP10",0
"KRT8P26",0
"TUBB4BP4",0
"NDUFB11P1",0
"PGAM1P9",0
"RPS3AP42",0
"SNRPGP16",0
"MTNR1B",0
"RPL26P31",0
"RPL12P30",0
"RPS3AP41",0
"SNRPCP14",0
"PATE1",0
"PATE2",0
"PATE3",0
"PATE4",0
"DDX25",0
"NAP1L1P1",0
"RNU6-933P",0
"LINC02954",0
"OR7E117P",0
"ART1",0
"RNU6-1143P",0
"MIR4687",0
"RPS29P20",0
"SHANK2-AS3",0
"MIR3664",0
"FAM181B",0
"RBMXP3",0
"EIF2S2P6",0
"RPL7AP54",0
"COX5BP4",0
"WBP1LP10",0
"CICP23",0
"SCGB1C1",0
"MIR6743",0
"NLRP6",0
"IFITM5",0
"B4GALNT4",0
"ANO9",0
"RN7SL838P",0
"OR8R1P",0
"RNU1-21P",0
"OR6M3P",0
"DLG2-AS2",0
"LDHAL6DP",0
"HNRNPA1P72",0
"HNRNPCP6",0
"RNU6-1292P",0
"CCDC89",0
"RNU6-126P",0
"RPL21P95",0
"NDUFC2-KCTD14",0
"OMP",0
"MIR1260B",0
"RNA5SP346",0
"RPL34P21",0
"RNA5SP330",0
"MIR5691",0
"KRT8P41",0
"SNORA23",0
"PGA3",0
"PGA5",0
"MIR6747",0
"SNORA57",0
"HNRNPUL2-BSCL2",0
"RN7SL259P",0
"DEUP1",0
"MRGPRX3",0
"OR51L1",0
"OR8J1",0
"OR8D4",0
"OR4S2",0
"OR4C6",0
"OR8H2",0
"OR4D9",0
"OR52N5",0
"OR56A4",0
"OR52A5",0
"OR8D1",0
"OR5B3",0
"OR52N1",0
"OR5B2",0
"OR5M3",0
"OR8B8",0
"CASP5",0
"CASP1P1",0
"OR2AL1P",0
"CENATAC-DT",0
"RNU6-262P",0
"MIR6756",0
"MIR6752",0
"CABP2",0
"ACY3",0
"OR7E145P",0
"OR7E11P",0
"EVA1CP4",0
"SLC22A6",0
"SLC22A8",0
"PTTG1P2",0
"RPL29P22",0
"SLC22A9",0
"OR10A4",0
"OR9G1",0
"OR4D10",0
"SDHCP4",0
"OTOG",0
"OR5P4P",0
"OR5P1P",0
"APOA5",0
"APOC3",0
"RNY4P6",0
"OR56A3",0
"OR51M1",0
"OR51I2",0
"OR52K2",0
"OR52M2P",0
"CCDC87",0
"RNU4-39P",0
"RN7SL12P",0
"C1QBPP2",0
"FTLP6",0
"RNU6-874P",0
"ZNF123P",0
"OR52M1",0
"OR5M13P",0
"OR5M1",0
"OR5AM1P",0
"OR5M12P",0
"OR5AP1P",0
"OR51F2",0
"OR8B3",0
"OR8B2",0
"OR10A3",0
"OR10A2",0
"OR51G2",0
"OR51A7",0
"OR52E4",0
"OR5T1",0
"ART2BP",0
"OR6A2",0
"OR51D1",0
"OR2AG2",0
"OR10G8",0
"OR51A4",0
"MIR6754",0
"KRTAP5-7",0
"KRTAP5-8",0
"KRTAP5-9",0
"KRTAP5-10",0
"KRTAP5-13P",0
"KRTAP5-14P",0
"OR7E87P",0
"OR7E4P",0
"VPS51P11",0
"OR8J3",0
"OR5AZ1P",0
"OR5BD1P",0
"CYCSP26",0
"RNU6-899P",0
"OR51A9P",0
"OR10G4",0
"ALX4",0
"SNORA3A",0
"MMP12",0
"BOLA3P1",0
"RNU7-159P",0
"RPL21P96",0
"MTCO3P15",0
"MTATP6P15",0
"MTCO2P15",0
"MTCO1P15",0
"MTND2P26",0
"MTND1P36",0
"SYT13",0
"OVCH2",0
"OR10A5",0
"OR4D5",0
"OR5D18",0
"OR8K1",0
"OR8I2",0
"OR2D3",0
"OR5AR1",0
"OR4A16",0
"OR8G5",0
"PGA4",0
"OR9Q2",0
"OR5AS1",0
"OR2AG1",0
"OR8G1",0
"OR4C15",0
"OR51T1",0
"OR2D2",0
"OR8D2",0
"OR5M10",0
"OR6T1",0
"OR6X1",0
"OR8B12",0
"OR5M11",0
"OR5M8",0
"OR6M1",0
"OR4C11",0
"OR9I1",0
"TBX10",0
"OR56A1",0
"OR10AG1",0
"OR51B2",0
"OR52H1",0
"OR5T2",0
"OR5AP2",0
"OR4D6",0
"MIR3167",0
"KIRREL3-AS3",0
"RNU6-654P",0
"GRM5",0
"ZDHHC20P3",0
"TPBGL",0
"SNORD14B",0
"RNU6-593P",0
"TTC36",0
"MIR6716",0
"OR51S1",0
"TMA16P1",0
"MIR612",0
"SNRPGP19",0
"MIR4690",0
"MIR4489",0
"MS4A4E",0
"LINC02753",0
"RNU6-1175P",0
"MIR548K",0
"FOLR3",0
"AGBL2",0
"KRTAP5-11",0
"CIMAP1A",0
"P2RX3",0
"OR8H1",0
"MYO7A",0
"HPX",0
"SPICP1",0
"OR10A6",0
"OR5B12",0
"OR51V1",0
"OR8K3",0
"OR9G4",0
"HTR3B",0
"OR5P3",0
"MIR3159",0
"SAA1",0
"MIR4491",0
"POU2AF1",0
"RNU2-60P",0
"MIR34B",0
"MIR34C",0
"RN7SKP273",0
"BTG4",0
"HOATZ",0
"PTPN5",0
"MRGPRX8P",0
"MRGPRX6P",0
"MRGPRX5P",0
"MRGPRX11P",0
"MRGPRX10P",0
"MRGPRX9P",0
"MRGPRX2",0
"MRGPRX1",0
"GLB1L3",0
"OR5T3",0
"OR52E5",0
"IZUMO1R",0
"ASCL3",0
"OR51F1",0
"RNA5SP350",0
"RPS17P15",0
"POU2AF2",0
"RPS2P39",0
"MFRP",0
"DUXAP5",0
"MYEOV",0
"LINC02956",0
"FGF19",0
"DNAJB6P5",0
"FGF4",0
"MIR4492",0
"RN7SL688P",0
"FOXR1",0
"SMIM38",0
"MS4A1",0
"NLRP10",0
"GLYATL1",0
"SMIM35",0
"LMO1",0
"RPL32P24",0
"SYT8",0
"PAX6",0
"CCDC83",0
"USP35",0
"INS-IGF2",0
"MIR483",0
"IGF2-AS",0
"INS",0
"MIR4686",0
"RNU6-878P",0
"NXPE2",0
"ARL2-SNX15",0
"CDCA5",0
"MIR6751",0
"HIGD1AP10",0
"RNU2-23P",0
"PDCL2P2",0
"ANKRD33BP8",0
"TRIM64B",0
"TRPM5",0
"MTND1P35",0
"TRIM49D1",0
"TRIM49D2",0
"ANKRD33BP9",0
"TRIM53AP",0
"TRIM49C",0
"ANKRD33BP10",0
"UBTFL1",0
"TRIM64",0
"FXYD2",0
"FXYD6-FXYD2",0
"AKR1B1P3",0
"RN7SL188P",0
"RN7SKP90",0
"KCNK4",0
"C11orf97",0
"SPDYC",0
"VPS51P5",0
"XNDC1N-ZNF705EP-ALG1L9P",0
"MTRF1LP1",0
"CLDN25",0
"ISG20L2P2",0
"RNU6-1107P",0
"KRT8P7",0
"RNU6-1123P",0
"NECTIN1-AS1",0
"OR5AK3P",0
"OR5AK2",0
"KRTAP5-5",0
"BUD13P1",0
"BGLT3",0
"RNU7-23P",0
"MIR3163",0
"C11orf86",0
"ANKRD33BP2",0
"TRIM51CP",0
"TRIM49B",0
"ANKRD33BP3",0
"TRIM64C",0
"UBTFL7",0
"RNU6-46P",0
"RPS3AP40",0
"VPS51P17",0
"OR7E1P",0
"MIR7113",0
"MIR4691",0
"MIR6753",0
"DDX18P5",0
"RN7SL778P",0
"MIR548L",0
"TRIM51G",0
"ZNF705EP",0
"CYCSP28",0
"MIR3161",0
"OR4B1",0
"OR4B2P",0
"OR4X2",0
"OR4X1",0
"TOMT",0
"OR52E8",0
"RSF1-IT1",0
"OR51C1P",0
"OR10D3",0
"OR4A15",0
"OR56B2P",0
"OR5D3P",0
"OR51B5",0
"OR10S1",0
"RASSF10",0
"MIR6745",0
"MADD-AS1",0
"MIR129-2",0
"RPL23AP63",0
"PHB1P2",0
"RN7SKP151",0
"HMGN2P36",0
"FAR1-IT1",0
"RPL39P26",0
"CENPUP1",0
"RNA5SP331",0
"TMPRSS13",0
"RN7SL239P",0
"RNU6-216P",0
"OR2AT2P",0
"NPM1P50",0
"HSPD1P13",0
"RNU4-55P",0
"RNU6-277P",0
"RN7SKP287",0
"CTBP2P6",0
"MIR670",0
"OR52P1",0
"RPL29P23",0
"OR8G2P",0
"RNU6-256P",0
"BLID",0
"MIRLET7A2",0
"MIR100",0
"RNU4ATAC10P",0
"RNU4ATAC5P",0
"NRXN2",0
"GRM5P1",0
"NOX4P1",0
"OR4C1P",0
"OR9M1P",0
"TRIM51HP",0
"TRIM64DP",0
"FOLH1B",0
"OR51F5P",0
"OR51A8P",0
"OR51H2P",0
"OR52A4P",0
"HBBP1",0
"OR52B5P",0
"OR10N1P",0
"OR8B1P",0
"OR8B9P",0
"DEFB130C",0
"SAA3P",0
"SLC25A51P4",0
"OR5AQ1P",0
"OR5BE1P",0
"OR5G5P",0
"OR2AH1P",0
"OR5M2P",0
"EEF1A1P49",0
"ENPP7P8",0
"OR6M2P",0
"GUCY2EP",0
"CARD17P",0
"OR10AB1P",0
"OR5BA1P",0
"GLYATL1P2",0
"OR7E14P",0
"TSSC2",0
"TRPC2",0
"FAM86C2P",0
"SEPTIN7P11",0
"GVINP1",0
"CASP4LP",0
"FAUP4",0
"FAM86C1P",0
"OR52B1P",0
"OR52B2",0
"OR52W1",0
"CCKBR",0
"RANP3",0
"RN7SKP297",0
"MIR4696",0
"RPL36AP38",0
"CALCP",0
"CALCA",0
"OR7E41P",0
"OR4C9P",0
"OR4R1P",0
"OR4A47",0
"OR4A48P",0
"OR4A46P",0
"OR4A40P",0
"OR4A43P",0
"OR4A45P",0
"OR4A41P",0
"OR4A42P",0
"OR4A44P",0
"ETS1-AS1",0
"LDHC",0
"MS4A8",0
"MS4A10",0
"NTM-IT",0
"OPCML-IT2",0
"OPCML-IT1",0
"GRIA4",0
"F2",0
"SNORD67",0
"SLC25A1P1",0
"MOB4P2",0
"OR7E2P",0
"HNRNPCP8",0
"XIAPP2",0
"OR4S1",0
"OR4C3",0
"OR4C4P",0
"OR4C5",0
"OR4C2P",0
"TRIM77BP",0
"UBTFL9",0
"MS4A19P",0
"OR51H1",0
"RPL15P15",0
"OR52K3P",0
"NPAS4",0
"OR56A5",0
"MIR139",0
"RNU7-105P",0
"PDE2A-AS1",0
"MIR4692",0
"OR4C48P",0
"OR4C45",0
"OR4C49P",0
"RNU6-592P",0
"GLULP3",0
"SRD5A3P1",0
"SSU72L5",0
"SSU72L2",0
"SSU72P6",0
"SSU72L4",0
"SSU72L3",0
"SSU72L1",0
"OR52B4",0
"OR52B3P",0
"OR51R1P",0
"MIR3164",0
"RNA5SP535",0
"RNU6-952P",0
"MMP7",0
"MMP20",0
"RNU7-187P",0
"NCAM1-AS1",0
"TTC12-DT",0
"ANKK1",0
"MIR4301",0
"GLB1L2",0
"B3GAT1",0
"RNU2-35P",0
"ACRV1",0
"KDM4F",0
"OOSP1",0
"OOSP4A",0
"OOSP2",0
"WTAPP1",0
"KRT18P59",0
"UNC93B6",0
"MTCH1P2",0
"ZNF75CP",0
"RPL26P30",0
"PGAM1P8",0
"XNDC1CP",0
"SRSF8BP",0
"RPL31P46",0
"RPLP0P2",0
"THEM7P",0
"OR55B1P",0
"ACTE1P",0
"SLC22A20P",0
"DOC2GP",0
"COX8BP",0
"LINC00301",0
"OR1S2",0
"OR1S1",0
"OR4P4",0
"OR2AT4",0
"MIR4488",0
"TPH1",0
"RNU6-376P",0
"MIR3920",0
"KIAA1191P2",0
"PLS1P1",0
"C11orf87",0
"TFAMP2",0
"ATP5PBP5",0
"RPL34P23",0
"SNORD14D",0
"SNORD14C",0
"PHB1P17",0
"ZP1",0
"LGR4",0
"LGR4-AS1",0
"MIR8087",0
"RNA5SP339",0
"CBX3P1",0
"ATP5MGP8",0
"FLRT1",0
"RPL12P46",0
"PSMA2P1",0
"LINC02757",0
"RASSF10-DT",0
"NELL1",0
"RNA5SP336",0
"RNA5SP337",0
"AKTIPP3",0
"MED28P5",0
"LINC02553",0
"RNA5SP347",0
"MIR6073",0
"LINC01488",0
"MORF4L1P3",0
"RPL7AP79",0
"RPL34P22",0
"EEF1DP8",0
"SCGB1D1",0
"SCGB2A1",0
"SCGB1D2",0
"SCGB2A2",0
"SCGB1D4",0
"PPP1R1AP1",0
"RNA5SP344",0
"RNU6-1135P",0
"MTCYBP41",0
"CSRP3",0
"E2F8",0
"PCNAP4",0
"NAV2-IT1",0
"RNA5SP335",0
"HMGB1P40",0
"SLC6A5",0
"MIR670HG",0
"LINC02952",0
"LMNTD2-AS1",0
"ALKBH3-AS1",0
"LINC02873",0
"LINC02749",0
"LINC02748",0
"LINC02713",0
"LINC02989",0
"MIR34BHG",0
"LINC02711",0
"LINC02751",0
"LINC02702",0
"LINC02727",0
"LINC02548",0
"MRPL23-AS1",0
"LINC01219",0
"LRP4-AS1",0
"KCNQ1-AS1",0
"LINC02688",0
"LINC02551",0
"LINC02720",0
"LINC02546",0
"LINC03096",0
"ANO3-AS1",0
"RIC3-DT",0
"STIM1-AS1",0
"LINC02699",0
"LINC02712",0
"ARHGEF17-AS1",0
"PRPF19-DT",0
"LINC02685",0
"FBXO3-DT",0
"LINC02723",0
"LINC02682",0
"LINC02744",0
"LINC01493",0
"LINC02743",0
"LINC02764",0
"LINC02724",0
"LINC02700",0
"HNRNPKP3",0
"DGAT2-DT",0
"IGSF22-AS1",0
"B3GAT1-DT",0
"LINC02584",0
"LINC02726",0
"LINC02717",0
"MMP20-AS1",0
"LINC02098",0
"LINC02725",0
"LINC02739",0
"H19",0
"LINC02703",0
"LINC02742",0
"IUR1",0
"CSRP3-AS1",0
"LINC02719",0
"LINC02760",0
"KRTAP5-AS1",0
"CCDC15-DT",0
"LINC02704",0
"LINC02683",0
"LINC02953",0
"SHANK2-AS1",0
"LINC02756",0
"FZD4-DT",0
"LINC02759",0
"LINC02689",0
"LINC02721",0
"LINC02747",0
"TSKU-AS1",0
"LINC02714",0
"LINC02730",0
"LINC02731",0
"LINC02718",0
"LINC02716",0
"LINC02710",0
"PDGFDDN",0
"LINC02736",0
"SF1-DT",0
"CADM1-AS1",0
"MIR130AHG",0
"LINC02151",0
"LINC02741",0
"SORL1-AS1",0
"LINC02684",0
"MRGPRG-AS1",0
"FAM99A",0
"LINC02698",0
"MYRF-AS1",0
"LINC02737",0
"LINC02705",0
"LINC02740",0
"SLC1A2-AS2",0
"SLC1A2-AS1",0
"OVOL1-AS1",0
"KIRREL3-AS2",0
"LINC02708",0
"LINC02729",0
"LINC01001",0
"LINC02695",0
"RNU6-44P",0
"RAB39A",0
"TRIM51FP",0
"TYRL",0
"FADS2B",0
"TRIM51BP",0
"PPIAP43",0
"BAK1P2",0
"OR51A1P",0
"FAM86GP",0
"RPS24P14",0
"WARS1P1",0
"RPL36AP39",0
"OR8Q1P",0
"FOLR1P1",0
"OR7E128P",0
"OR5E1P",0
"ARPC3P4",0
"RPL7AP57",0
"RDXP1",0
"C1DP5",0
"GVINP2",0
"CASP1P2",0
"UNC93B5",0
"CCND2P1",0
"ART2P",0
"MRGPRX7P",0
"COX7CP3",0
"SETP16",0
"BCAS2P1",0
"COPS8P3",0
"TRIM51EP",0
"TRIM64EP",0
"TRIM53CP",0
"ALG1L8P",0
"ENPP7P7",0
"CSTF3-DT",0
"OR7E13P",0
"TREHP1",0
"LINC02750",0
"LINC02545",0
"LINC03031",0
"LINC02763",0
"CHCHD3P1",0
"HSP90AB7P",0
"MTND1P37",0
"HMGN1P20",0
"MTND2P16",0
"ZNF33BP1",0
"ARMC3",0
"ACTR3BP5",0
"PABPC1P12",0
"RPS24P13",0
"GDF2",0
"ODAD2",0
"CHEK2P5",0
"CICP9",0
"AMD1P1",0
"FTLP19",0
"PTF1A",0
"RPL36AP55",0
"HIRAP1",0
"CTSLP2",0
"MKX-AS1",0
"ENKUR",0
"MRPL50P4",0
"GPN3P1",0
"MRPS35P3",0
"UBE2V2P1",0
"MYL6P3",0
"RBP3",0
"SNRPEP8",0
"RPL31P44",0
"MRLN",0
"NEK4P3",0
"MRPS21P5",0
"PRELID1P3",0
"RPSAP6",0
"SPAG6",0
"THAP12P3",0
"DKK1",0
"FAM32CP",0
"NUTM2A",0
"NDUFA8P1",0
"FARSBP1",0
"LINC02671",0
"RSU1P3",0
"WARS2P1",0
"EIF2S2P3",0
"ARHGAP19-SLIT1",0
"SDHCP2",0
"ABCD1P2",0
"CYP2C19",0
"LINC02628",0
"MKNK2P1",0
"EIF4A1P8",0
"CYP26C1",0
"RPA2P2",0
"SMARCE1P7",0
"RPLP1P10",0
"KSR1P1",0
"RPL7P37",0
"LINC01514",0
"MRPL35P2",0
"RPS2P36",0
"RPL17P35",0
"DNTT",0
"POLR3DP1",0
"MAPKAPK5P1",0
"MTND5P17",0
"COX7CP4",0
"SNRPGP6",0
"MTND4P18",0
"TOMM22P5",0
"CYP2C61P",0
"RPL21P91",0
"RPS6P15",0
"PHB2P1",0
"IGKV1OR10-1",0
"TIMM9P1",0
"PNLIPRP3",0
"HMGN2P34",0
"LYZL1",0
"PTGES3P5",0
"CYP26A1",0
"RAD1P1",0
"CFAP58",0
"ANXA2P3",0
"LINC02624",0
"BTF3P15",0
"RPL19P16",0
"RPS8P4",0
"RPL12P26",0
"DUX4L24",0
"XIAPP1",0
"PRLHR",0
"BTBD16",0
"FRG2B",0
"SLC25A18P1",0
"DUX4L28",0
"NTAN1P1",0
"LINC01153",0
"TXNP1",0
"KCNK18",0
"NKX1-2",0
"DUX4L14",0
"DUX4L20",0
"RARRES2P2",0
"DUX4L25",0
"DUX4L23",0
"SAR1AP2",0
"AGGF1P2",0
"DUX4L15",0
"DUX4L29",0
"DUX4L21",0
"RPS10P18",0
"GPR26",0
"ATRNL1",0
"DUX4L11",0
"YBX2P1",0
"CLUHP5",0
"ARMS2",0
"DUX4L10",0
"PPIAP38",0
"DUX4L12",0
"NIP7P1",0
"DUX4L22",0
"DUX4L13",0
"RPS26P39",0
"CCDC172",0
"BTBD7P2",0
"MRPL35P3",0
"OPALIN",0
"RPL34P19",0
"HMGB1P7",0
"RNU6-576P",0
"MIR6078",0
"RNU6-163P",0
"MIR6072",0
"RNA5SP299",0
"RNA5SP300",0
"RNU6-1212P",0
"MIR511",0
"MIR4480",0
"MIR4481",0
"MIR548Q",0
"RN7SKP37",0
"RNA5SP306",0
"RNU6-413P",0
"RNA5SP304",0
"RN7SKP132",0
"MIR604",0
"RNU6-632P",0
"RN7SL825P",0
"RN7SKP220",0
"RNU7-22P",0
"RN7SL398P",0
"RNU6-1118P",0
"RNU6-1170P",0
"RNA5SP312",0
"MIR605",0
"RNA5SP318",0
"RN7SKP196",0
"RNU6-543P",0
"MIR3924",0
"RN7SL840P",0
"RNU6-325P",0
"RNU6-478P",0
"RN7SKP238",0
"RNA5SP322",0
"MIR346",0
"RNU6-129P",0
"MIR4678",0
"RNA5SP324",0
"RNU2-43P",0
"RN7SKP278",0
"RNA5SP326",0
"RNU5B-6P",0
"RNU6-463P",0
"RNU6-1165P",0
"RNU2-59P",0
"MIR3663",0
"RNU6-839P",0
"MIR3158-1",0
"MIR3158-2",0
"MIR609",0
"RNU6-728P",0
"MIR378C",0
"LINC01165",0
"MIR146B",0
"RNU6-43P",0
"EIF4BP2",0
"LUZP4P1",0
"RNU6-15P",0
"LINC03089",0
"RPL9P21",0
"ANKRD1",0
"RNU6-740P",0
"DDX18P6",0
"RPL35AP24",0
"SNORA74C-2",0
"SLC9A3P3",0
"SLC9A3P1",0
"LINC02621",0
"RN7SL591P",0
"ZNF365",0
"LINC02929",0
"ALDH7A1P4",0
"MIR4675",0
"MTND1P21",0
"MRM3P1",0
"MIR1915",0
"SKIDA1",0
"RNU6-306P",0
"NPS",0
"NRAP",0
"RNU6-490P",0
"RNU2-24P",0
"RNU7-12P",0
"RPL7AP8",0
"RPAP2P1",0
"RNU6-1274P",0
"MIR607",0
"HMGN2P35",0
"CALML5",0
"CALML3",0
"RN7SL445P",0
"NRBF2P5",0
"RPL12P28",0
"RNA5SP323",0
"FFAR4",0
"RAB11AP1",0
"RPSAP7",0
"RPS15AP29",0
"MARCKSL1P1",0
"ST13P13",0
"INA",0
"RNU11-3P",0
"MIR1307",0
"HDAC1P1",0
"RNU6-657P",0
"CTBP2P2",0
"TUBB8",0
"DDX20P1",0
"RNA5SP297",0
"RNA5SP298",0
"RN7SL754P",0
"ATP5MC1P8",0
"KCNMA1-AS1",0
"COX6CP15",0
"RNA5SP321",0
"KCNMA1-AS3",0
"MBL2",0
"RN7SL453P",0
"FAM25C",0
"RPL7P34",0
"LIPF",0
"NAPGP1",0
"KRT8P38",0
"RCBTB2P1",0
"LIPM",0
"RNU6-598P",0
"EEF1A1P39",0
"DNM1P17",0
"GOLGA2P6",0
"RN7SL241P",0
"MIR7162",0
"NIFKP1",0
"CCND3P1",0
"HNRNPA1P32",0
"RN7SL63P",0
"SNRPGP12",0
"HMGB3P5",0
"RNU6-571P",0
"MED28P1",0
"ACTBP14",0
"RPS12P17",0
"RPS26P41",0
"SYNPO2L",0
"BMS1P4-AGAP5",0
"RNA5SP320",0
"RPL35AP23",0
"SNORA74C-1",0
"MSMB",0
"LINC00200",0
"RPS15AP28",0
"ATP5MC1P7",0
"TMEM256P1",0
"MTATP6P23",0
"MTCO2P23",0
"MTND2P15",0
"MTND1P20",0
"RNU6-666P",0
"RNU6-452P",0
"LINC02673",0
"TRIAP1P1",0
"PTCHD3",0
"RPL11P4",0
"RNA5SP309",0
"SPTLC1P1",0
"RPS15AP5",0
"ELOVL3",0
"MTND4LP11",0
"RPL7AP53",0
"RNU6-687P",0
"NEFMP1",0
"MIR548F1",0
"GAPDHP21",0
"NPAP1P2",0
"PGGT1BP2",0
"BMS1P21",0
"SFTPD",0
"ZNRF2P3",0
"DPY19L2P5",0
"C1DP3",0
"RPL22P18",0
"CABCOCO1",0
"NUTM2D",0
"IFIT1B",0
"SLC16A12",0
"RPL15P14",0
"RNU6-805P",0
"SNX19P4",0
"RNA5SP305",0
"RN7SKP241",0
"NPY4R",0
"RNU6-697P",0
"CDH23-AS1",0
"C10orf105",0
"MIR7152",0
"RNU7-38P",0
"TPRX1P1",0
"RPS12P18",0
"MBL3P",0
"SFTPA3P",0
"LINC02679",0
"RNU6-780P",0
"CYP2C58P",0
"RPL7AP52",0
"CYP2C9",0
"MTND4P20",0
"CYP2C59P",0
"CYP2C60P",0
"PAWRP1",0
"RPS3AP36",0
"MIR1287",0
"MIR4685",0
"LINC02620",0
"MIR4682",0
"NACAP2",0
"OGDHL",0
"MAPK6P6",0
"RPL21P89",0
"RNU7-107P",0
"RPS26P38",0
"RN7SL78P",0
"MSS51",0
"MIR608",0
"MIR8086",0
"MPP7-DT",0
"ZNF101P1",0
"RN7SKP39",0
"RNU4ATAC6P",0
"TPRKBP1",0
"RNU6-1067P",0
"RNU6-270P",0
"UTF1",0
"VENTX",0
"MIR202",0
"ZNF511-PRAP1",0
"CALY",0
"BANF1P2",0
"PRAP1",0
"MIR3944",0
"HMGB1P50",0
"CHAT",0
"SLC18A3",0
"DRGX",0
"HMX2",0
"KCNIP2",0
"FGF8",0
"RNU1-19P",0
"BMS1P3",0
"AGAP11",0
"FAM25A",0
"RN7SL733P",0
"ADGRA1",0
"TECTB",0
"MIR6715B",0
"MIR6715A",0
"ARL6IP1P2",0
"RNU6-811P",0
"RN7SL314P",0
"TMEM161BP1",0
"VN1R53P",0
"NODAL",0
"YY1P1",0
"PPIAP32",0
"RPL6P24",0
"RNA5SP301",0
"MIR107",0
"MIR5100",0
"RNU6ATAC11P",0
"RPL5P26",0
"COX6CP17",0
"RNU6-535P",0
"RN7SKP167",0
"MIR5699",0
"RPL7AP51",0
"MIR7151",0
"AKR1B10P1",0
"RPL21P92",0
"RNU6-1250P",0
"RN7SL394P",0
"DNAJC19P1",0
"RNU6-523P",0
"AGAP5",0
"LBX1",0
"FAM25G",0
"LIPK",0
"ASAH2",0
"FXYD4",0
"SNORD3J",0
"RNU7-193P",0
"RPL21P88",0
"MIR3157",0
"RNU6-271P",0
"NPM1P25",0
"RPS26P40",0
"TLX1",0
"CALHM1",0
"CALHM3",0
"SH3PXD2A-AS1",0
"RN7SL524P",0
"MED6P1",0
"MLDHR",0
"RNA5SP311",0
"OR6L2P",0
"OR7M1P",0
"SYCE1",0
"OR6L1P",0
"RN7SKP202",0
"ATOH7",0
"KRT19P4",0
"TACR2",0
"RBP4",0
"RPL7P35",0
"JAKMIP3",0
"RN7SKP288",0
"RNA5SP327",0
"MIR4680",0
"BMS1P7",0
"FRMPD2",0
"RPS6P14",0
"COX7BP6",0
"RPL13AP19",0
"LINC02635",0
"MIR3611",0
"ATP6V1G1P4",0
"PTCD2P2",0
"MIR4679-2",0
"MIR4679-1",0
"EIF4A2P2",0
"RNU6-833P",0
"RNU1-65P",0
"GPR15LG",0
"LRIT2",0
"RGR",0
"LRIT1",0
"CACYBPP1",0
"ADIPOR1P1",0
"EBLN1",0
"PSME2P6",0
"RPL31P45",0
"COMMD3-BMI1",0
"RNU6-709P",0
"UBE2V1P5",0
"MIR2110",0
"AURKAP2",0
"RNU6-794P",0
"RNU6-1167P",0
"RN7SL248P",0
"GPRIN2",0
"EPC1-AS1",0
"RNU6-1244P",0
"MIR4483",0
"TDRD1",0
"RNU7-165P",0
"LYZL2",0
"DDX10P1",0
"NUP35P1",0
"MIR603",0
"RPL23P11",0
"LINC02629",0
"RPL37P18",0
"SS18L2P1",0
"RNU6-847P",0
"RNU6-193P",0
"PRDX2P2",0
"ANKRD30A",0
"CNNM1",0
"RN7SL384P",0
"RPL5P25",0
"RPL36AP36",0
"RBISP1",0
"RNA5SP302",0
"MEIG1",0
"OR7E110P",0
"OR7E115P",0
"RPL32P23",0
"RN7SKP78",0
"SDCBPP1",0
"RNU6-1231P",0
"PTGES3P4",0
"BORCS7-ASMT",0
"AS3MT",0
"RPL22P17",0
"MIR936",0
"MIR4294",0
"LRRC18",0
"CYP2C18",0
"MTND4P19",0
"TACC1P1",0
"MTND1P18",0
"PNLIPRP1",0
"RPL5P27",0
"RNU6-1266P",0
"IMPDH1P5",0
"RN7SL284P",0
"H2AZP5",0
"GNAI2P2",0
"RNU6-1090P",0
"PNLIP",0
"PNLIPP1",0
"PNLIPRP2",0
"NPY4R2",0
"NKX2-3",0
"NANOGP6",0
"ARL4AP1",0
"ANK3-DT",0
"RNU2-72P",0
"RNA5SP308",0
"NUTF2P5",0
"MIR4293",0
"MIR1265",0
"TPT1P10",0
"PRPF38AP1",0
"MARK2P15",0
"RPS27P1",0
"GAPDHP28",0
"SLC39A12-AS1",0
"RN7SL846P",0
"HSD17B7P2",0
"CCNYL2",0
"BMS1P2",0
"FAM21FP",0
"FAM238C",0
"BMS1P4",0
"FAM25EP",0
"FAM25BP",0
"CFL1P1",0
"ODAD2P1",0
"CTSLP3",0
"GLUD1P2",0
"CCNYL4",0
"AGAP12P",0
"PTPN20CP",0
"PARGP1",0
"FAM21EP",0
"GLUD1P3",0
"SEPTIN7P9",0
"BMS1P1",0
"SVIL-AS1",0
"MIR4295",0
"MRPS21P6",0
"NEUROG3",0
"RN7SL847P",0
"NUDT9P1",0
"PLA2G12B",0
"HTR7",0
"NUTM2HP",0
"PGGT1BP1",0
"MIX23P2",0
"RNA5SP307",0
"LINC03028",0
"FAM238A",0
"FAM238B",0
"HSPA8P3",0
"TAF9BP2",0
"RPL15P13",0
"RNU6-1121P",0
"LINC02626",0
"DUSP29",0
"PPIAP13",0
"RPS26P42",0
"BUB1P1",0
"CLRN3",0
"RPL21P90",0
"HOGA1",0
"C10orf62",0
"SFRP5",0
"HPSE2",0
"MIR6507",0
"ARL5AP2",0
"RPL7P36",0
"CPN1",0
"SPCS2P2",0
"SNORA12",0
"PHB1P9",0
"RNU6-422P",0
"PKD2L1",0
"RPL39P25",0
"HMGA1P5",0
"SPA17P1",0
"MIR606",0
"RN7SL518P",0
"RNA5SP325",0
"RNU6-1095P",0
"RNU6-88P",0
"MIR548AK",0
"RN7SL198P",0
"C10orf53",0
"RPL26P29",0
"RNA5SP319",0
"SNORD98",0
"PITX3",0
"MIR4681",0
"LRRC37A6P",0
"PIPSL",0
"ZNF37BP",0
"PHACTR2P1",0
"BEND3P1",0
"MBL1P",0
"GUCY2GP",0
"FRMPD2B",0
"DMBT1",0
"SPADH",0
"DUSP13B",0
"DUSP13A",0
"C10orf120",0
"DMBT1L1",0
"CUZD1",0
"FAM24A",0
"ENO4",0
"RNA5SP315",0
"VN1R54P",0
"CUBNP1",0
"DUXAP3",0
"RNU6-885P",0
"RPS12P2",0
"MAT1A",0
"DYDC1",0
"DYDC2",0
"RPS7P9",0
"RPS27P18",0
"TEX36",0
"ALDOAP2",0
"MIR4484",0
"RNU2-42P",0
"GNG10P1",0
"FANK1-AS1",0
"RNA5SP328",0
"SNRPD2P1",0
"RN7SKP143",0
"SPRING1P1",0
"UQCRHP3",0
"ELOCP30",0
"HNRNPA3P1",0
"GJD4",0
"MIR4683",0
"LINC00842",0
"FAM245B",0
"ELOCP3",0
"CUX2P1",0
"EIF2AP4",0
"LINC02622",0
"DUXAP4",0
"CEP164P1",0
"RSU1P2",0
"MIR3156-1",0
"RNU6-1207P",0
"CUBNP2",0
"OR6D1P",0
"OR13A1",0
"RNU6-441P",0
"MTND5P42",0
"MARK2P16",0
"RBM20",0
"ATE1OSP",0
"SELENOOLP",0
"RNU6-1075P",0
"RNU2-18P",0
"C1QL3",0
"LINC00701",0
"JAKMIP3-AS1",0
"ZNF25-DT",0
"SLIT1-AS1",0
"LINC00837",0
"GOLGA7B-DT",0
"LINC02660",0
"LINC02681",0
"LINC02636",0
"PLCE1-AS2",0
"LINC02654",0
"LINC00709",0
"LINC02642",0
"LINC02651",0
"LINC02666",0
"LINC02639",0
"LINC01518",0
"LINC02643",0
"LINC00705",0
"LINC02670",0
"LINC02881",0
"LINC02623",0
"LINC02633",0
"MIR3663HG",0
"TLX1NB",0
"C10orf71-AS1",0
"LINC00865",0
"LINC01375",0
"LINC01164",0
"LINC02870",0
"LINC00845",0
"LINC02655",0
"KCNMA1-AS2",0
"LINC02667",0
"SLC16A12-AS1",0
"LINC02672",0
"LINC02647",0
"LINC00601",0
"CALML3-AS1",0
"DUSP5-DT",0
"LINC02662",0
"LINC02944",0
"LINC02658",0
"LINC03036",0
"LINC00836",0
"PANK1-AS1",0
"NEURL1-AS1",0
"ADARB2-AS1",0
"LINC01553",0
"LINC02675",0
"LINC02646",0
"LINC01475",0
"CSGALNACT2-DT",0
"SORCS3-AS1",0
"LINC03029",0
"TCERG1L-AS1",0
"LINC02930",0
"GPR158-AS1",0
"LINC02644",0
"ADGRA1-AS1",0
"LINC01166",0
"LINC01168",0
"FAM170B-AS1",0
"TEX36-AS1",0
"ARHGAP22-IT1",0
"LBX1-AS1",0
"CERNA2",0
"LINC00841",0
"LINC02659",0
"LINP1",0
"LINC00706",0
"LASTR",0
"LINC02625",0
"LINC02665",0
"GATA3-AS1",0
"KCNIP2-AS1",0
"PARD3-DT",0
"CCEPR",0
"LINC02627",0
"TSPAN14-AS1",0
"LINC01163",0
"ZEBTR",0
"LINC02663",0
"GRID1-AS1",0
"DLG5-AS1",0
"LINC02630",0
"PCAT5",0
"LINC00502",0
"LINC02632",0
"UNC5B-AS1",0
"CYP26C1-DT",0
"LINC02652",0
"LINC02648",0
"AKR1C5P",0
"AKR1C8",0
"AKR1C4",0
"ARL4AP3",0
"LINC02561",0
"AKR1C7P",0
"ANTXRL",0
"LINC02668",0
"FRMD4A-AS1",0
"KRT8P37",0
"PABPC1P8",0
"CTSLP1",0
"FAM245A",0
"DUSP8P1",0
"PPIAP39",0
"RPL23AP60",0
"TRAF6P1",0
"XRCC6P1",0
"NPM1P30",0
"IL9RP2",0
"SHLD2P3",0
"RHEBP2",0
"AGAP7P",0
"MARK2P9",0
"CTSLP6",0
"C1DP2",0
"C1DP4",0
"ANTXRLP1",0
"PLD5P1",0
"ORMDL1P1",0
"AKR1C6P",0
"AGAP13P",0
"OR7E26P",0
"DCLRE1CP1",0
"PFN1P11",0
"FAF2P1",0
"CTSLP4",0
"CUBNP3",0
"ANKRD30BP3",0
"RPL12P27",0
"RPL26P28",0
"LINC02641",0
"DDX11L8",0
"OR7E149P",0
"OR7E140P",0
"A2ML1-AS1",0
"GAPDHP31",0
"A2ML1-AS2",0
"GDF3",0
"OR7E148P",0
"RPL7P40",0
"SKP1P2",0
"APOBEC1",0
"OTUD4P1",0
"HNRNPABP1",0
"RPSAP51",0
"PRB2",0
"A2ML1",0
"HIGD1AP8",0
"SLC15A5",0
"GYS2",0
"CLEC6A",0
"DPPA3",0
"SUPT4H1P2",0
"RPL23AP66",0
"SYT10",0
"PSMC1P8",0
"B4GALNT3",0
"EGLN3P1",0
"NANOGNB",0
"RPL7AP74",0
"SPMIP11",0
"AK6P2",0
"CLUHP8",0
"MRPS36P5",0
"DUX4L27",0
"TUBB8P4",0
"MTND2P17",0
"NF1P12",0
"LINC02461",0
"KRT125P",0
"KLF17P1",0
"BTBD10P1",0
"RSL24D1P5",0
"KRT8P39",0
"KRT127P",0
"MRPL40P1",0
"MTND1P24",0
"KRT2",0
"HNRNPA1P69",0
"ARL2BPP2",0
"BEST3",0
"LNCHR1",0
"SPIC",0
"SNRPGP20",0
"DUX4L52",0
"FAM186A",0
"NSA2P2",0
"CCER1",0
"C1GALT1P1",0
"NTAN1P3",0
"RPL21P104",0
"SOAT2",0
"RPL7P42",0
"MYBPC1",0
"LINC02426",0
"SUCLG2P2",0
"AK6P1",0
"HAL",0
"KRT8P19",0
"KRT77",0
"PPFIA2-AS1",0
"RPL23AP68",0
"PCNPP1",0
"GGTA2P",0
"SZRD1P1",0
"CCDC38",0
"PIGAP1",0
"LINC00615",0
"RPL21P106",0
"LINC02392",0
"HAUS8P1",0
"C12orf75-AS1",0
"MYF6",0
"DYNLL1P4",0
"RPL7P43",0
"GLULP5",0
"CYCSP30",0
"RPL13AP21",0
"SLC5A8",0
"USP44",0
"LRRC10",0
"MYF5",0
"RPL23AP67",0
"SETP7",0
"NENFP2",0
"GALNT9",0
"PRXL2AP1",0
"LSM3P2",0
"KRT18P60",0
"PRELID2P1",0
"YPEL5P3",0
"ASCL1",0
"VPS51P3",0
"LINC02463",0
"RPS6P20",0
"KRT18P20",0
"RPH3A",0
"RPS26P45",0
"TMEM132D",0
"SLC17A8",0
"LINC02460",0
"RPL17P37",0
"LINC02393",0
"SVOP",0
"ANHX",0
"CASC18",0
"ABCD2",0
"RNU6-275P",0
"RN7SKP161",0
"RNU7-60P",0
"RNU6-837P",0
"RNU6-545P",0
"MIR3974",0
"RNU6-251P",0
"RN7SL38P",0
"RNU6-318P",0
"RNA5SP357",0
"RNA5SP360",0
"RNA5SP356",0
"RNA5SP358",0
"RNA5SP359",0
"RNU6-472P",0
"RNU6-1093P",0
"RNU6-333P",0
"RNU6-400P",0
"RNU6-871P",0
"RNU6-279P",0
"RNU4-20P",0
"MIR1228",0
"RNU6-595P",0
"RNU1-83P",0
"MIR6125",0
"RN7SL804P",0
"RNU6-769P",0
"MIR6757",0
"RN7SKP172",0
"MIR3913-1",0
"RN7SL737P",0
"MIR3913-2",0
"RNU7-4P",0
"MIR617",0
"MIR618",0
"MIR4699",0
"MIR331",0
"RNU6-808P",0
"MIR5700",0
"MIR4495",0
"RNU6-768P",0
"RN7SL88P",0
"RN7SL483P",0
"RNA5SP367",0
"MIR3685",0
"RNU6-1183P",0
"RNU5E-5P",0
"RNU4-41P",0
"RNA5SP369",0
"MIR7844",0
"RN7SL330P",0
"RNU6-735P",0
"MIR4303",0
"RNY1P16",0
"RN7SL630P",0
"RNU6-1068P",0
"RNU6-247P",0
"MIR4472-2",0
"MIR1302-1",0
"RNA5SP371",0
"MIR620",0
"RN7SKP11",0
"RNA5SP374",0
"RN7SL865P",0
"RNA5SP372",0
"RNA5SP376",0
"MIR3612",0
"RNU6-717P",0
"RN7SL508P",0
"MIR3922",0
"MIR135A2",0
"MIR3649",0
"LRTM2",0
"LINC00940",0
"CACNA1C-IT1",0
"HNRNPA1P34",0
"VDAC2P2",0
"TPT1P12",0
"RN7SKP216",0
"OSTF1P1",0
"RNU6-879P",0
"MIR6758",0
"RNU6-1083P",0
"RNU6-713P",0
"MTCH2P2",0
"RPS4XP15",0
"C12orf50",0
"RNA5SP364",0
"LRRC43",0
"IL31",0
"RPL21P1",0
"PPIAP8",0
"SNORA53",0
"RNU6-485P",0
"RNU4-65P",0
"KCNC2",0
"RNU4ATAC16P",0
"MIR4497",0
"RBISP3",0
"RN7SL441P",0
"MIRLET7I",0
"TRPV4",0
"NDFIP1P1",0
"ZKSCAN7P1",0
"CAPZA3",0
"PIK3C2G",0
"EPYC",0
"IMMP1LP2",0
"RPL29P24",0
"RPL11P5",0
"RNU6-600P",0
"WNT10B",0
"RNU6-940P",0
"DDN",0
"RNU6-781P",0
"RN7SL380P",0
"RNU7-1",0
"MIR200C",0
"MIR141",0
"SCARNA12",0
"RN7SL734P",0
"RNU6-1271P",0
"OLA1P3",0
"GSTP1P1",0
"SDR9C7",0
"GPR182",0
"ZBTB39",0
"COL2A1",0
"RNU6-1203P",0
"MIR6505",0
"MIR3908",0
"SNORA9B",0
"RPL27P12",0
"RARS1P1",0
"HMGB1P49",0
"RN7SKP15",0
"MIR6074",0
"RPL21P18",0
"RNA5SP362",0
"RN7SL69P",0
"ATP5MFP5",0
"RN7SL391P",0
"MIR4496",0
"RNU7-169P",0
"LINC01559",0
"RNA5SP353",0
"RNU6-590P",0
"RN7SKP162",0
"KERA",0
"LINC02909",0
"CENPUP2",0
"RNU4-67P",0
"FAM133GP",0
"TUBB4BP1",0
"FAHD2P1",0
"RNU4-32P",0
"RN7SKP250",0
"HCAR2",0
"HCAR3",0
"MIR4304",0
"ANKRD33",0
"OR10AE3P",0
"PSMB3P1",0
"RNU6-558P",0
"OR6C70",0
"OR6C68",0
"OR6C64P",0
"VAMP1-AS1",0
"RNU6-343P",0
"ESPL1",0
"MYG1",0
"MIR3198-2",0
"RN7SL390P",0
"RNU6-950P",0
"RN7SL744P",0
"GPR84",0
"SCARNA10",0
"SCARNA11",0
"MIR7851",0
"RN7SKP197",0
"MIR1178",0
"RPL35AP30",0
"RNU6-1009P",0
"RNU5A-7P",0
"C12orf56",0
"ATP6V1E1P3",0
"RASSF3-DT",0
"PIANP",0
"CLEC4C",0
"RPL7P39",0
"RNU6ATAC42P",0
"WIF1",0
"RNU6-166P",0
"APOOP3",0
"MIR5188",0
"RPL35AP29",0
"RNA5SP377",0
"RPS6P21",0
"RNU6-1017P",0
"MMP17",0
"MIR6763",0
"P2RX2",0
"RNA5SP379",0
"RPL30P13",0
"TSPAN19",0
"MIR3652",0
"RNU7-106P",0
"RN7SKP261",0
"AKIRIN1P1",0
"OASL2P",0
"PPDPFP2",0
"MESDP1",0
"RNU6-494P",0
"HMGA1P3",0
"RN7SL387P",0
"RPL29P25",0
"TROAP",0
"C1QL4",0
"MIR6762",0
"IL23A",0
"APOF",0
"APONP",0
"SLCO1B1",0
"IAPP",0
"ELOCP31",0
"RPL35AP27",0
"MIR4701",0
"RNA5SP375",0
"MIR8072",0
"MIR6502",0
"PDCL3P7",0
"RN7SKP166",0
"OSBPL9P5",0
"OSBPL9P4",0
"RAB11AP2",0
"RDH16",0
"OR2AP1",0
"OR6C2",0
"CLLU1",0
"MIR492",0
"RPL21P136",0
"MIR613",0
"STX8P1",0
"RN7SL769P",0
"H3P35",0
"CHCHD3P2",0
"TRHDE",0
"OR6C7P",0
"OR6C75",0
"OR6C73P",0
"OR6C76",0
"ASS1P14",0
"OR6C69P",0
"OR6C72P",0
"OR6C6",0
"OR6C5P",0
"ANP32D",0
"C12orf54",0
"RPS10P20",0
"LALBA",0
"NEUROD4",0
"OR9K2",0
"OR9R1P",0
"MIR614",0
"RNA5SP366",0
"MIR3657",0
"MIR6861",0
"RN7SKP71",0
"RPL7AP60",0
"IQSEC3P1",0
"FGF6",0
"SLCO1A2",0
"TMEM52B",0
"RPL17P38",0
"ASCL4",0
"TMEM132B",0
"ATF7-NPFF",0
"RPL31P51",0
"NTS",0
"BRI3P2",0
"NPFF",0
"IFT57P1",0
"RNU4-54P",0
"RNA5SP355",0
"RPL29P27",0
"OR6C3",0
"KRT4",0
"KRT79",0
"KRT78",0
"RPL7P41",0
"SMCO3",0
"PDE6H",0
"OR10P1",0
"RN7SKP134",0
"MIR4700",0
"CCNG2P1",0
"WNT1",0
"ADAMTS20",0
"NOS1",0
"LMO3",0
"OR6C1",0
"ACSM4",0
"PIWIL1",0
"RNU6-1077P",0
"RPS27P24",0
"RNU6-1004P",0
"MIR4498",0
"RPS20P31",0
"RNU6-700P",0
"GOT2P3",0
"NPM1P7",0
"LINC02390",0
"GCNAP1",0
"KLRF1",0
"KLRF2",0
"CLEC2A",0
"CLEC12A-AS1",0
"RNU6-327P",0
"NANOGNBP2",0
"RNU4ATAC12P",0
"PPIAP44",0
"RNU5F-4P",0
"RPL31P50",0
"GPRC5D",0
"AKAP3",0
"GALNT8",0
"KCNA6",0
"KCNA1",0
"RNU6-87P",0
"RNU6-1273P",0
"RN7SL519P",0
"HIGD1C",0
"POU5F1P3",0
"GCSHP4",0
"AICDA",0
"CLEC4A",0
"ZNF75BP",0
"KRT80",0
"TMT1AP1",0
"KRT88P",0
"KRT81",0
"KRT83",0
"KRT84",0
"KRT82",0
"KRT90P",0
"KRT71",0
"KRT74",0
"KRT72",0
"OVCH1",0
"TAS2R7",0
"TAS2R8",0
"TAS2R9",0
"PRR4",0
"TAS2R13",0
"MIR4698",0
"MIR4494",0
"MIR6880",0
"RNU6-834P",0
"HOXC13",0
"HOXC12",0
"HOXC11",0
"HOXC10",0
"HOXC6",0
"MIR196A2",0
"HOXC8",0
"MIR615",0
"RNU7-103P",0
"RPL23AP14",0
"TEX52",0
"TSPAN9-IT1",0
"PRMT8",0
"RNU6-174P",0
"OR8S1",0
"OR5BS1P",0
"TAS2R10",0
"KNOP1P2",0
"BORCS8P1",0
"PDCD5P1",0
"SNORA49",0
"RPL39P28",0
"HNRNPA1P70",0
"IL26",0
"HOXC5",0
"TAS2R50",0
"TAS2R19",0
"TAS2R31",0
"TAS2R63P",0
"TAS2R46",0
"TAS2R43",0
"HNRNPA3P10",0
"SLC6A13",0
"KNOP1P1",0
"PMCH",0
"RN7SL793P",0
"MIR1252",0
"NOP56P3",0
"DSTNP2",0
"OR6U2P",0
"OR6C71P",0
"OR6C66P",0
"DEFB109F",0
"FAM86FP",0
"OR7E47P",0
"KRT87P",0
"KRT89P",0
"EP400P1",0
"TAS2R64P",0
"RERG-IT1",0
"RERG-AS1",0
"METTL8P1",0
"RNA5SP365",0
"MRPL2P1",0
"RNU6-148P",0
"CNTN1",0
"MREGP1",0
"PRPH",0
"RNU6-1088P",0
"PLA2G1B",0
"RNU1-146P",0
"PHB1P18",0
"OR5BK1P",0
"OR5BT1P",0
"OR5BJ1P",0
"OR8S21P",0
"OR8T1P",0
"OR10AD1",0
"H1-7",0
"RPL21P99",0
"NANOGP1",0
"LMNTD1",0
"GSG1",0
"GLT1D1",0
"AK3P6",0
"NLRP9P1",0
"TMEM132D-AS2",0
"TAS2R42",0
"PRB3",0
"PRB1",0
"RPL35AP28",0
"AQP2",0
"AQP6",0
"RNU7-170P",0
"LDHAL6CP",0
"MKRN9P",0
"SLC9A7P1",0
"RPL13P5",0
"RPSAP52",0
"RPL22P19",0
"KRT19P2",0
"HTR7P1",0
"PHB1P19",0
"RPL30P11",0
"PGAM1P5",0
"CBX3P4",0
"PAFAH1B2P2",0
"PLEKHA8P1",0
"RPS27P25",0
"SLC26A10P",0
"OR9K1P",0
"CLECL1P",0
"MRPS18CP4",0
"RNU6-491P",0
"RPL30P12",0
"SMIM41",0
"PKP2",0
"MIR6760",0
"CCDC63",0
"DPPA3P5",0
"TTC41P",0
"HOXC-AS2",0
"GTSF1",0
"GLYCAM1",0
"CACNA1C-AS3",0
"RNU1-149P",0
"LRRC34P1",0
"RPS27P22",0
"LINC02566",0
"LACRT",0
"DCD",0
"VDAC1P5",0
"MUCL1",0
"OR10U1P",0
"OR10A7",0
"OR6C65",0
"RN7SKP65",0
"RPS6P22",0
"RNU7-120P",0
"MRPS6P4",0
"LINC02444",0
"RNU6-977P",0
"RPL6P25",0
"RNU1-117P",0
"UBE2L2",0
"SLCO1B3",0
"SLCO1B3-SLCO1B7",0
"SLCO1B7",0
"MIR1251",0
"RFX4",0
"RPL21P103",0
"RN7SKP262",0
"MIR4302",0
"ITPR2-AS1",0
"RNA5SP354",0
"DBX2",0
"RACGAP1P1",0
"SSBL3P",0
"RNA5SP361",0
"OR7A19P",0
"MARK3P1",0
"OR11M1P",0
"SNORA2C",0
"MIR1291",0
"SNORA2A",0
"RN7SKP289",0
"LINC02598",0
"KLRC4-KLRK1",0
"KLRC3",0
"TSPAN11-AS1",0
"DDX11-AS1",0
"IFITM3P6",0
"LINC02416",0
"LINC02156",0
"ADI1P3",0
"STBD1P1",0
"KLRC2",0
"SLC25A39P2",0
"KLRA1P",0
"STYK1",0
"HSPE1P12",0
"MIR6761",0
"RPS2P41",0
"ADAM1A",0
"ADAM1B",0
"DAO",0
"RNU6-361P",0
"RNU7-94P",0
"RPL31P48",0
"RNU6-1012P",0
"LINC02394",0
"VENTXP3",0
"GOLGA2P5",0
"RN7SL176P",0
"MIR1827",0
"LINC02448",0
"LINC02452",0
"LINC02423",0
"LINC02617",0
"R3HDM2-DT",0
"LINC03056",0
"HOXC-AS3",0
"LINC02389",0
"LINC02400",0
"LINC02231",0
"LINC02446",0
"LINC00485",0
"LINC02439",0
"LINC02441",0
"LINC00508",0
"LINC02370",0
"LHX5-AS1",0
"LINC02411",0
"TMEM132D-AS1",0
"LINC02417",0
"LINC02823",0
"IQSEC3-AS2",0
"LINC02406",0
"CAPS2-AS1",0
"LINC02413",0
"LINC02882",0
"LRP1-AS",0
"HNF1A-AS1",0
"CEP83-DT",0
"LINC02425",0
"LINC00477",0
"HOTAIR",0
"LINC02385",0
"LINC01489",0
"LINC02373",0
"LINC02455",0
"LINC01405",0
"LINC01404",0
"FIGNL2-DT",0
"LINC02471",0
"LINC02555",0
"CACNA1C-IT3",0
"LINC02468",0
"LINC00934",0
"LINC02418",0
"TRHDE-AS1",0
"TROAP-AS1",0
"LINC02366",0
"LINC02404",0
"LINC00592",0
"LINC02874",0
"LINC02821",0
"LINC02445",0
"HOXC13-AS",0
"LINC02459",0
"PARP11-AS1",0
"LINC02424",0
"KRT73-AS1",0
"CISTR",0
"LINC02403",0
"C12orf42-AS1",0
"SLC4A8-AS1",0
"LINC02386",0
"LINC02442",0
"PITPNM2-AS1",0
"PUS1-AS1",0
"LINC02396",0
"LINC02368",0
"LINC02409",0
"GALNT9-AS1",0
"LINC02420",0
"USP30-AS1",0
"LINC02456",0
"CHFR-DT",0
"LNCOG",0
"LINC02371",0
"LINC01234",0
"LINC02985",0
"LINC02258",0
"LINC01257",0
"LINC02458",0
"LINC02391",0
"LINC02419",0
"LINC02401",0
"LINC00939",0
"LINC02359",0
"LINC02825",0
"LINC02347",0
"FAM32EP",0
"NDUFA5P6",0
"LINC02824",0
"HSPE1P20",0
"LINC02376",0
"RNU1-104P",0
"COPS5P2",0
"CLLU1-AS1",0
"LINC02397",0
"DDX12P",0
"NIFKP3",0
"RPS3AP43",0
"WASH8P",0
"TUBB8P5",0
"ZNF970P",0
"VTI1BP3",0
"RPL7AP9",0
"RPL10P13",0
"YWHAQP7",0
"KRT17P8",0
"BTG1P1",0
"RPL13AP23",0
"RPL36P15",0
"OOEPP2",0
"RPL7P38",0
"RPL13AP20",0
"ALG1L10P",0
"ENPP7P5",0
"PPIAP45",0
"BRWD1P2",0
"GNAI2P1",0
"EEF1B2P4",0
"NACAP8",0
"PCNPP3",0
"LINC02375",0
"MIR7107",0
"RNU6-1069P",0
"LINC03088",0
"LINC02827",0
"TIALD",0
"LINC02415",0
"LSP1P1",0
"ZNF962P",0
"RPL17P51",0
"HSPD1P9",0
"C1QTNF9-AS1",0
"MTCO3P2",0
"RPS20P32",0
"FABP3P2",0
"MTUS2-AS1",0
"LINC00562",0
"RPS21P8",0
"TIMM9P3",0
"GPR12",0
"ZNF646P1",0
"RPP40P2",0
"GAMTP2",0
"GNG5P5",0
"FHP1",0
"FREM2-AS1",0
"POLR3KP1",0
"SLC25A5P4",0
"SPATA13-AS1",0
"PRR20FP",0
"DNAJA1P1",0
"ELL2P3",0
"LINC00374",0
"RPL37P21",0
"ERICH6B",0
"LINC00547",0
"MARK2P12",0
"LINC01442",0
"HNF4GP1",0
"RPL12P34",0
"HMGN2P39",0
"COX4I1P2",0
"FGFR1OP2P1",0
"NPM1P22",0
"NIPA2P5",0
"RPL31P53",0
"RPL18AP17",0
"SPATA2P1",0
"HSPD1P8",0
"MTCL1P1",0
"PRR20B",0
"HNRNPA1P18",0
"VDAC1P12",0
"CTAGE16P",0
"LINC00333",0
"PRR20D",0
"PRR20E",0
"MTCO2P3",0
"OR7E111P",0
"RPL31P54",0
"CBY2",0
"UBE2D3P4",0
"WASF3-AS1",0
"LINC00377",0
"BCAS2P3",0
"RABEPKP1",0
"ANKRD26P2",0
"POU4F1",0
"OLFM4",0
"ARF4P3",0
"CCT5P2",0
"PRR20A",0
"LINC01078",0
"SNRPFP3",0
"SRSF1P1",0
"SP3P",0
"LINC00440",0
"RPS12P24",0
"HIGD1AP2",0
"HNRNPA1P31",0
"SERTM1",0
"ELOCP23",0
"MTND5P3",0
"SLC15A1",0
"VENTXP2",0
"ATP6V1G1P7",0
"ARF4P4",0
"LINC01309",0
"GAPDHP34",0
"SCEL-AS1",0
"COX5BP6",0
"FTLP8",0
"DDX6P2",0
"LINC00351",0
"LINC00383",0
"LINC00353",0
"PEX12P1",0
"PRR20C",0
"TCEAL4P1",0
"GAPDHP69",0
"NUS1P4",0
"RPL27AP8",0
"CYCSP35",0
"NUS1P3",0
"NALF1-IT1",0
"SOX1",0
"CALM2P4",0
"RPL7AP61",0
"DPPA3P3",0
"AKR1B1P4",0
"SPACA7",0
"GYG1P2",0
"RIOK3P1",0
"STOML3",0
"LINC01043",0
"LINC01044",0
"SSR1P2",0
"RPL7L1P1",0
"RPL7P45",0
"GRK1",0
"TRIM60P13",0
"AZU1P1",0
"BNIP3P7",0
"MOB1AP1",0
"LINC01040",0
"TIMM8BP1",0
"MLNR",0
"FLT3",0
"GRPEL2P1",0
"MIR4499",0
"RNU5A-4P",0
"RNA5SP26",0
"RNU6-56P",0
"RN7SKP1",0
"RNY3P9",0
"RN7SKP2",0
"RNA5SP27",0
"RN7SL700P",0
"RNY3P2",0
"RN7SL618P",0
"MIR5007",0
"RN7SKP6",0
"RNA5SP30",0
"RNY4P29",0
"MIR3169",0
"RNU7-88P",0
"RNY3P5",0
"RN7SL375P",0
"RN7SL761P",0
"RNU6-80P",0
"RNY1P8",0
"RNU4-10P",0
"RNU6-66P",0
"RNY3P10",0
"RN7SL571P",0
"RNA5SP33",0
"RNU6-61P",0
"RNU6-54P",0
"RNY3P7",0
"RNU6-77P",0
"RNY3P3",0
"RNU6-38P",0
"RNU6-67P",0
"RN7SL60P",0
"SNORD31B",0
"MIR1267",0
"RNA5SP38",0
"NME1P1",0
"MTND3P1",0
"DDX39AP1",0
"IPMKP1",0
"RFESDP1",0
"BASP1P1",0
"HMGA1P6",0
"RNY3P4",0
"RNU6-58P",0
"TATDN2P3",0
"SDAD1P4",0
"LINC00352",0
"PPP1R26P1",0
"MIR3613",0
"MIR15A",0
"RPL34P26",0
"RNA5SP28",0
"RNA5SP29",0
"RPL5P31",0
"PRELID3BP2",0
"IPO7P2",0
"ZAR1L",0
"IFIT1P1",0
"NDE1P2",0
"SMAD9-IT1",0
"LAMTOR3P1",0
"RPL29P28",0
"CSNK1A1L",0
"TMEM272",0
"CTAGE3P",0
"RN7SL288P",0
"RN7SKP5",0
"ABITRAMP1",0
"RNU2-6P",0
"RNU6-68P",0
"PPP1R2P4",0
"OR7E101P",0
"FKBP1AP3",0
"SIAH3",0
"LINC00555",0
"BIVM-ERCC5",0
"POLR2KP2",0
"SGCG",0
"FAM204CP",0
"RN7SKP9",0
"SNORA31B",0
"RNA5SP39",0
"HCFC2P1",0
"RNY4P28",0
"TARDBPP2",0
"RNA5SP31",0
"EIF4A1P6",0
"RNU6-71P",0
"PSMC1P13",0
"RN7SL597P",0
"MORF4L1P4",0
"RAC1P3",0
"RNU6-57P",0
"OR7E37P",0
"MIR5006",0
"RN7SL515P",0
"RNU6-74P",0
"KARS1P1",0
"RPS28P8",0
"MAPK6P3",0
"PSMA6P4",0
"KRR1P1",0
"GJA3",0
"GJB6",0
"SLC35E1P1",0
"RNU2-7P",0
"RANP8",0
"PPIAP27",0
"RNU4-9P",0
"RPS12P23",0
"IPPKP1",0
"RNU6-78P",0
"RN7SL741P",0
"RNY1P3",0
"EEF1DP3",0
"RNY1P4",0
"PHB1P13",0
"RNY4P30",0
"RNY4P9",0
"DAOA-AS1",0
"UTP14C",0
"THSD1P1",0
"RN7SL320P",0
"SNRPGP11",0
"MIR4703",0
"RNU6-65P",0
"RNY1P6",0
"CCDC70",0
"MTUS2",0
"PRUNE1P1",0
"THAP12P6",0
"PARP1P1",0
"TEX29",0
"BTF3P11",0
"RPL7P44",0
"DHX9P1",0
"ATP11AUN",0
"SLC10A2",0
"HNRNPA1L2",0
"DAOA",0
"ZIC2",0
"LINC00554",0
"NDUFA12P1",0
"ASNSP3",0
"ZIC5",0
"NPM1P4",0
"GSX1",0
"PLUT",0
"RNU6-73P",0
"PDX1",0
"CFL1P8",0
"MIR4306",0
"SNRPGP14",0
"GRK6P1",0
"RNA5SP25",0
"ZDHHC20-IT1",0
"H2BP6",0
"FNTAP2",0
"RNU6-59P",0
"RN7SL766P",0
"LINC00400",0
"RPL36P19",0
"ENOX1-AS1",0
"MIR8075",0
"LDHBP1",0
"MRPL3P1",0
"CCNQP3",0
"SLC25A15P2",0
"CYCSP32",0
"MRPS31P2",0
"GOLM2P1",0
"FABP5P2",0
"LINC02339",0
"RAC1P8",0
"LINC01074",0
"LINC00459",0
"RPL32P28",0
"SQSTM1P1",0
"RNU6-81P",0
"STARP1",0
"MIR548X2",0
"MIR4704",0
"TRIM60P19",0
"LINC00561",0
"TPTE2",0
"EIF4A1P7",0
"RNU6-53P",0
"POM121L13P",0
"C1QTNF9",0
"LRRC63",0
"PCDH20",0
"IRX1P1",0
"ANKRD20A10P",0
"ATP12A",0
"RNY1P7",0
"RPL26P34",0
"RPS3AP44",0
"CFAP97D2",0
"MIR548AR",0
"MIR4502",0
"CLCP2",0
"RNU6-83P",0
"DOCK9-DT",0
"RPS6P23",0
"HSP90AB6P",0
"RN7SKP7",0
"ANKRD26P4",0
"RNY1P5",0
"F7",0
"KARS1P2",0
"ATP4B",0
"ANKRD20A19P",0
"SPACA7BP",0
"LINC00431",0
"TPTE2P3",0
"MRPS31P4",0
"OR7E156P",0
"OR7E104P",0
"MRPS31P5",0
"TPTE2P1",0
"MIPEPP3",0
"SPTLC1P5",0
"MIR3665",0
"RN7SL810P",0
"TOMM22P3",0
"STARD13-IT1",0
"CNMD",0
"MIR759",0
"PCDH8",0
"LONRF2P2",0
"LINC00388",0
"FEM1AP4",0
"LINC00387",0
"FAM207BP",0
"GXYLT1P1",0
"CNN2P12",0
"ZNF965P",0
"SNX18P26",0
"LINC00328-2P",0
"RHOT1P3",0
"RNU6-55P",0
"RNU6-76P",0
"SNX19P2",0
"USP24P1",0
"GTF2IP3",0
"RNA5SP24",0
"CENPIP1",0
"SMPD4P2",0
"RPL21P109",0
"RPL35AP31",0
"RPS10P21",0
"RNU1-24P",0
"HMGB3P7",0
"MIR2681",0
"LIPT1P1",0
"RNY1P2",0
"MIR4705",0
"RPL39P29",0
"FGF14-IT1",0
"KATNBL1P1",0
"CHCHD2P8",0
"RN7SL49P",0
"RN7SKP3",0
"RN7SKP4",0
"KCTD4",0
"PABPC3",0
"AMER2",0
"RPL23AP69",0
"MIR623",0
"HMGB3P4",0
"CCR12P",0
"LNCARGI",0
"SOHLH2",0
"CCDC169-SOHLH2",0
"LINC00558",0
"MIR1297",0
"MIR320D1",0
"MIR621",0
"MAB21L1",0
"ACOD1",0
"LINC00559",0
"RNA5SP34",0
"FAR1P1",0
"KRT18P27",0
"MIR622",0
"RNU6-75P",0
"LINC00410",0
"BRK1P2",0
"HNRNPA1P29",0
"GPC6-AS2",0
"RNA5SP35",0
"GPC6-AS1",0
"RNA5SP36",0
"RN7SL585P",0
"SOX21-AS1",0
"SOX21",0
"BRD7P5",0
"RPL21P112",0
"LINC00557",0
"RNU6-62P",0
"RNY4P27",0
"MEMO1P5",0
"CLDN10",0
"CLDN10-AS1",0
"HMGN1P24",0
"HS6ST3",0
"RN7SL164P",0
"MIR4501",0
"AMMECR1LP1",0
"TPTE2P2",0
"RPL21P107",0
"LINC00567",0
"CCNA1",0
"H2ACP1",0
"GPC5",0
"RNU4ATAC3P",0
"FABP5P4",0
"GPC5-IT1",0
"MIR548AS",0
"GPC5-AS1",0
"PTMAP5",0
"ARL2BPP3",0
"HNRNPA1P30",0
"LINC00367",0
"RPS4XP16",0
"ESRRAP2",0
"TULP3P1",0
"GUCY1B2",0
"CDX2",0
"URAD",0
"RN7SL272P",0
"C1QTNF9B",0
"CYCSP33",0
"TPTE2P6",0
"PSPC1P2",0
"PHF2P2",0
"MYO16-AS2",0
"MYO16-AS1",0
"LINC01067",0
"RPL35P9",0
"PPIAP24",0
"LINC00373",0
"RPL29P29",0
"LINC00330",0
"RBM22P2",0
"MFAP1P1",0
"TEX26",0
"RNY1P1",0
"RNU6-63P",0
"LINC00402",0
"RPL21P108",0
"LINC00347",0
"RNF113B",0
"RN7SKP8",0
"MIR3170",0
"LINC00552",0
"LINC00452",0
"C13orf46",0
"ARHGEF7-AS1",0
"RN7SKP10",0
"LINC00396",0
"RN7SL783P",0
"MIR8073",0
"TXNL1P1",0
"UBBP5",0
"LIN28AP2",0
"MIR4500",0
"SLITRK5",0
"LINC00397",0
"TET1P1",0
"C13orf42",0
"MIR17",0
"MIR18A",0
"MIR19A",0
"MIR20A",0
"MIR19B1",0
"MIR92A1",0
"MIR4305",0
"RNY4P14",0
"CDKN2AIPNLP3",0
"RNU6-64P",0
"PRDX2P1",0
"LINC00427",0
"LINC00426",0
"SNORD102",0
"SNORA27",0
"RNU6-70P",0
"VWA8-AS1",0
"LINC00540",0
"LINC02335",0
"LINC01075",0
"SOX1-OT",0
"LINC00446",0
"LINC00415",0
"LINC01046",0
"LINC00345",0
"LINC00362",0
"F10-AS1",0
"CKAP2-DT",0
"GRTP1-AS1",0
"LINC01054",0
"LINC00399",0
"LINC02338",0
"DCUN1D2-AS",0
"LINC00460",0
"LINC00564",0
"LINC00424",0
"LINC00366",0
"ATXN8OS",0
"LINC00448",0
"LINC00572",0
"GAS6-DT",0
"LINC00454",0
"LINC02333",0
"LINC00368",0
"LINC01049",0
"LINC00408",0
"LINC02341",0
"LINC00297",0
"LINC00430",0
"LINC00411",0
"LINC01072",0
"LINC00395",0
"LINC00349",0
"LINC00359",0
"LINC00363",0
"LINC01080",0
"LINC00382",0
"HTR2A-AS1",0
"LINC00348",0
"DIAPH3-AS2",0
"LINC01198",0
"LINC00380",0
"NALCN-AS1",0
"FAM230C",0
"LINC00379",0
"LINC00393",0
"LINC01077",0
"SWINGN",0
"ENOX1-AS2",0
"LINC00370",0
"LMO7DN",0
"LINC01066",0
"FGF14-AS2",0
"LINC01053",0
"LINC00463",0
"LINC00384",0
"LINC00385",0
"LINC00423",0
"LINC01034",0
"LINC01065",0
"LINC00462",0
"GPC5-AS2",0
"PAN3-AS1",0
"FGF14-AS1",0
"CLYBL-AS1",0
"LINC01070",0
"LINC01058",0
"LINC01038",0
"LINC01047",0
"LINC00364",0
"LINC01050",0
"LINC00563",0
"LINC00421",0
"LINC01048",0
"LINC00428",0
"LINC00331",0
"LINC00391",0
"LINC00343",0
"LINC01079",0
"LINC00543",0
"LINC00358",0
"LINC00445",0
"LINC00376",0
"LINC02334",0
"LINC00566",0
"LINC01068",0
"TPTE2-AS1",0
"LINC02342",0
"LINC00433",0
"SACS-AS1",0
"LINC00390",0
"MIR8079",0
"SUGT1P3",0
"PCDH9-AS1",0
"RNU7-87P",0
"PCDH9-AS2",0
"PCDH9-AS3",0
"LINC02337",0
"LINC01052",0
"LINC03032",0
"GGT4P",0
"IGSF3P1",0
"PRDX3P3",0
"BCRP9",0
"COX7CP1",0
"PWWP2AP1",0
"OR7E33P",0
"OGFOD1P1",0
"RPL7AP73",0
"NUS1P2",0
"OR7E36P",0
"OR7E155P",0
"PPIAP28",0
"SLC25A15P3",0
"GAPDHP52",0
"PPP1R2P10",0
"GAPDHP22",0
"PPIAP26",0
"CYP4F34P",0
"ANKRD20A9P",0
"PSPC1P1",0
"PPIAP25",0
"ATP5MC1P5",0
"ANKRD26P3",0
"BNIP3P6",0
"TRDJ1",0
"TRDV2",0
"TRAJ60",0
"TRDD1",0
"TRAJ54",0
"TRDJ3",0
"TRDD3",0
"TRAJ48",0
"TRAJ59",0
"TRAJ61",0
"TRDC",0
"TRAJ58",0
"TRDJ4",0
"TRAJ47",0
"TRDJ2",0
"TRAJ56",0
"KIAA1143P1",0
"ARHGAP16P",0
"TRDD2",0
"TRAJ53",0
"KRT8P2",0
"TRAJ45",0
"TRAJ52",0
"TRAJ55",0
"GLRX5P3",0
"TRDV3",0
"LINC02307",0
"KRT8P1",0
"TRAJ51",0
"RPS3AP46",0
"PSMA3P1",0
"PPIAP5",0
"TRAJ57",0
"MAD2L1P1",0
"EIF1AXP2",0
"RPL17P2",0
"SIX6",0
"SCOCP1",0
"GPHB5",0
"ATP5F1AP4",0
"SALRNA1",0
"CCDC177",0
"KCNH5",0
"PARP1P2",0
"AKR1B1P5",0
"PTTG1P1",0
"RAP1AP",0
"TUBBP3",0
"NCOA4P1",0
"RPL23AP71",0
"GTF3AP2",0
"RPL9P6",0
"CYCSP1",0
"RPL21P8",0
"FTH1P13",0
"OR7E159P",0
"EIF3LP1",0
"COILP1",0
"TRAJ50",0
"FKBP1BP1",0
"CAP2P1",0
"RAB42P1",0
"CYB5AP5",0
"SYNDIG1L",0
"MTCYBP27",0
"EEF1A1P2",0
"YWHAQP1",0
"SSTR1",0
"MTND4P33",0
"DNAJC19P9",0
"MTND5P35",0
"CHORDC2P",0
"RPL23AP10",0
"IGHVIII-16-1",0
"IGHVIII-22-2",0
"IGHV4-34",0
"IGHV1-12",0
"IGHVII-30-1",0
"IGHVII-15-1",0
"IGHV3-38",0
"IGHV3-22",0
"IGHV3-37",0
"IGHV4-28",0
"IGHV7-34-1",0
"IGHVIII-11-1",0
"IGHV3-21",0
"IGHVII-26-2",0
"IGHV3-64D",0
"IGHVII-30-21",0
"IGHV1-17",0
"PEBP1P1",0
"IGHV3-35",0
"ELK2AP",0
"IGHV7-27",0
"IGHV3-36",0
"IGHV3-25",0
"IGHV1-14",0
"IGHV3-33-2",0
"GLRXP2",0
"IGHVIII-25-1",0
"IGHV3-33",0
"IGHVIII-38-1",0
"IGHV3-30",0
"OR7E105P",0
"SLC20A1P2",0
"IGHV5-10-1",0
"KCNK13",0
"IGHV3-32",0
"IGHVII-33-1",0
"IGHV2-26",0
"IGHVIII-13-1",0
"HOMER2P2",0
"IGHV3-19",0
"IGHV4-31",0
"LINC00226",0
"IGHV3-29",0
"FOXN3-AS2",0
"IGHV3-13",0
"IGHV3-30-2",0
"IGHVII-22-1",0
"IGHVIII-26-1",0
"IGHVII-28-1",0
"TRAJ46",0
"RNU6-458P",0
"RNU1-27P",0
"RN7SL660P",0
"MIR3171",0
"RNU6-1261P",0
"RNA5SP385",0
"RNU6-7",0
"RNU6-301P",0
"MIR5580",0
"MIR4708",0
"RN7SL598P",0
"RN7SKP99",0
"MIR5586",0
"RNU1-28P",0
"RNU6-552P",0
"MIR625",0
"RNU6-976P",0
"RNU6ATAC28P",0
"MIR4709",0
"RNU7-30P",0
"RN7SKP107",0
"RN7SKP255",0
"RN7SL714P",0
"RNU2-33P",0
"TRAJ44",0
"TRAJ43",0
"TRAJ42",0
"TRAJ41",0
"TRAJ40",0
"TRAJ39",0
"TRAJ37",0
"TRAJ36",0
"TRAJ34",0
"TRAJ33",0
"TRAJ32",0
"TRAJ31",0
"TRAJ30",0
"TRAJ29",0
"TRAJ28",0
"TRAJ27",0
"TRAJ26",0
"TRAJ25",0
"TRAJ24",0
"TRAJ23",0
"TRAJ22",0
"TRAJ21",0
"TRAJ20",0
"TRAJ19",0
"TRAJ18",0
"TRAJ17",0
"TRAJ16",0
"TRAJ14",0
"TRAJ13",0
"TRAJ12",0
"TRAJ11",0
"TRAJ10",0
"TRAJ9",0
"TRAJ8",0
"TRAJ7",0
"TRAJ6",0
"TRAJ5",0
"TRAJ3",0
"TRAJ2",0
"TRAJ1",0
"OR6E1P",0
"REM2",0
"PSMB11",0
"CIROP",0
"EFS",0
"BRD7P1",0
"RN7SKP205",0
"TRAJ38",0
"LINC02287",0
"CHGA",0
"CYB5AP3",0
"RPL36AP4",0
"COX6CP11",0
"LINC02914",0
"SNRPGP1",0
"ZFP64P1",0
"ABHD12B",0
"METTL5P1",0
"RPS6KL1",0
"RNU6-689P",0
"RNU4ATAC14P",0
"SERPINA4",0
"SERPINA5",0
"SERPINA3",0
"RPSAP4",0
"ADIPOR1P2",0
"FDPSP3",0
"RPSAP13",0
"DHRS2",0
"OR4U1P",0
"OR4L1",0
"OR4T1P",0
"PSMB7P1",0
"GTF2IP22",0
"OR11G1P",0
"OR11P1P",0
"OR11H6",0
"OR11H7",0
"SNORD126",0
"RPPH1",0
"RNA5SP382",0
"PTCD2P1",0
"SETP1",0
"RNASE11-AS1",0
"RNASE4",0
"RANBP20P",0
"EDDM3DP",0
"EDDM3B",0
"RNASE2",0
"RN7SL189P",0
"MIR6717",0
"RNASE13",0
"RNASE7",0
"RNASE8",0
"CKAP2P1",0
"RNU6-252P",0
"SMARCE1P3",0
"SNORD9",0
"HMGB3P26",0
"RPSAP5",0
"RPL10AP1",0
"TRMT61A-DT",0
"RNU7-160P",0
"RNU4-68P",0
"EIF4A1P12",0
"BTF3P2",0
"LBHD2",0
"GCSHP2",0
"RPL21P13",0
"RPL17P4",0
"CEND1P1",0
"TMEM179",0
"LINC02280",0
"MIR4710",0
"RNU4-22P",0
"RNU4-92P",0
"RPL31P5",0
"GCATP1",0
"RNU6-1162P",0
"EIF2S2P1",0
"RNU7-116P",0
"RPS28P1",0
"MIR548H1",0
"DLK1",0
"MIR2392",0
"MIR770",0
"MIR493",0
"MIR337",0
"MIR665",0
"MIR431",0
"MIR433",0
"MIR127",0
"MIR432",0
"MIR136",0
"SNORD112",0
"MIR370",0
"SNORD113-1",0
"SNORD113-2",0
"SNORD113-3",0
"SNORD113-4",0
"SNORD113-5",0
"SNORD113-6",0
"SNORD113-7",0
"SNORD113-8",0
"SNORD113-9",0
"SNORD114-1",0
"SNORD114-2",0
"SNORD114-4",0
"SNORD114-5",0
"SNORD114-6",0
"SNORD114-7",0
"SNORD114-9",0
"SNORD114-10",0
"SNORD114-11",0
"SNORD114-12",0
"SNORD114-13",0
"SNORD114-14",0
"SNORD114-15",0
"SNORD114-16",0
"SNORD114-17",0
"SNORD114-18",0
"SNORD114-19",0
"SNORD114-20",0
"SNORD114-21",0
"SNORD114-22",0
"SNORD114-23",0
"SNORD114-24",0
"SNORD114-25",0
"SNORD114-26",0
"SNORD114-27",0
"SNORD114-28",0
"SNORD114-29",0
"SNORD114-30",0
"SNORD114-31",0
"MIR379",0
"MIR411",0
"MIR299",0
"MIR380",0
"MIR1197",0
"MIR323A",0
"MIR758",0
"MIR329-1",0
"MIR329-2",0
"MIR494",0
"MIR1193",0
"MIR543",0
"MIR495",0
"MIR376C",0
"MIR376A2",0
"MIR654",0
"MIR376B",0
"MIR376A1",0
"MIR300",0
"MIR1185-1",0
"MIR1185-2",0
"MIR381",0
"MIR487B",0
"MIR539",0
"MIR889",0
"MIR544A",0
"MIR655",0
"MIR487A",0
"MIR382",0
"MIR134",0
"MIR668",0
"MIR485",0
"MIR323B",0
"MIR154",0
"MIR496",0
"MIR377",0
"MIR541",0
"MIR409",0
"MIR412",0
"MIR369",0
"MIR410",0
"MIR656",0
"GRAMD4P3",0
"RNU6-1268P",0
"SSBP3P5",0
"OR4N2",0
"OR11K2P",0
"OR4H12P",0
"OR4K4P",0
"DHRS4L1",0
"MIR7703",0
"RNA5SP383",0
"NEDD8-MDP1",0
"SNORD8",0
"RN7SL650P",0
"RNU6-366P",0
"RNU6-341P",0
"HSBP1P1",0
"HNRNPCP1",0
"RPL9P5",0
"C14orf180",0
"CCDC198",0
"RBBP4P5",0
"OR10G1P",0
"UBE2NP1",0
"OR10G2",0
"ARL6IP1P1",0
"TRAV2",0
"TRAV3",0
"TRAV5",0
"RPL4P1",0
"HMGN2P2",0
"GPRASP3P1",0
"RPL17P3",0
"NMNAT1P1",0
"SNORA79",0
"UNGP3",0
"MIR5694",0
"RNA5SP387",0
"RDH12",0
"RN7SL369P",0
"RPL21P9",0
"RN7SL213P",0
"IGBP1P1",0
"RNU7-93P",0
"PHKBP2",0
"RPL29P3",0
"NKX2-8",0
"RN7SKP257",0
"IGHV7-40",0
"IGHVII-40-1",0
"IGHV3-41",0
"HOMER2P1",0
"IGHV3-42",0
"IGHVII-43-1",0
"IGHVIII-44",0
"LINC00221",0
"IGHVIV-44-1",0
"IGHVII-44-2",0
"IGHV1-45",0
"IGHV1-46",0
"IGHVII-46-1",0
"IGHV3-47",0
"IGHVIII-47-1",0
"IGHVII-49-1",0
"IGHV3-50",0
"IGHV5-51",0
"IGHVII-51-2",0
"IGHV3-52",0
"IGHVII-53-1",0
"IGHV3-54",0
"IGHV4-55",0
"IGHV7-56",0
"IGHV3-57",0
"IGHV1-58",0
"IGHV4-59",0
"IGHV3-60",0
"IGHV8-51-1",0
"VESTAR",0
"RPS26P49",0
"FXNP1",0
"RNA5SP388",0
"RPS26P48",0
"RNU6-921P",0
"HMGN1P3",0
"RPS29P1",0
"SYF2P1",0
"RPL12P5",0
"SERPINA10",0
"SERPINA6",0
"SERPINA9",0
"SERPINA12",0
"RN7SKP193",0
"MIR4504",0
"RPGRIP1",0
"RNU2-51P",0
"RNU6-659P",0
"TTC9-DT",0
"RN7SL77P",0
"TTC9",0
"RN7SKP108",0
"MAP3K9",0
"RPL7AP2",0
"COX5AP1",0
"HMGN1P1",0
"RPL7AP4",0
"ABI1P1",0
"RN7SL706P",0
"RN7SL108P",0
"RPLP0P3",0
"DNAJC8P1",0
"RPS3AP4",0
"KRT18P6",0
"INSM2",0
"NUTF2P2",0
"ILF2P2",0
"FITM1",0
"OR4M1",0
"OR4K14",0
"OR6J1",0
"OR4K13",0
"OR4K1",0
"OR10G3",0
"NF1P11",0
"CHURC1-FNTB",0
"MIR4706",0
"CCDC196",0
"ZDHHC22",0
"FAM204DP",0
"MIR1260A",0
"RN7SKP92",0
"RPL26P3",0
"RNU6-864P",0
"RNU11-5P",0
"RNU6-1234P",0
"NUP50P1",0
"MIR7855",0
"OR4E2",0
"OR11H4",0
"RNU6-541P",0
"LINC02329",0
"MIR7843",0
"RPL36P3",0
"OR11G2",0
"NGB",0
"RNASE3",0
"TRAV7",0
"TRAV9-1",0
"TRAV10",0
"TRAV11",0
"TRAV8-2",0
"TRAV8-3",0
"TRAV12-2",0
"TRAV8-4",0
"TRAV8-5",0
"TRAV13-2",0
"TRAV14DV4",0
"TRAV15",0
"TRAV8-6",0
"TRAV16",0
"TRAV17",0
"TRAV18",0
"TRAV19",0
"TRAV20",0
"TRAV22",0
"TRAV23DV6",0
"TRAV24",0
"TRAV25",0
"TRAV26-1",0
"TRAV8-7",0
"TRAV27",0
"TRAV28",0
"TRAV29DV5",0
"TRAV31",0
"TRAV32",0
"TRAV33",0
"TRAV34",0
"TRAV35",0
"TRAV36DV7",0
"TRAV37",0
"TRAV38-1",0
"TRAV40",0
"TRAV41",0
"ATP6V1G1P1",0
"IGHD",0
"MIR4539",0
"MIR4507",0
"MIR4538",0
"MIR4537",0
"IGHJ6",0
"IGHJ3P",0
"IGHJ4",0
"IGHJ3",0
"IGHJ2P",0
"IGHJ2",0
"IGHJ1",0
"IGHD7-27",0
"IGHJ1P",0
"IGHD1-26",0
"IGHD6-25",0
"IGHD5-24",0
"IGHD4-23",0
"IGHD3-22",0
"IGHD2-21",0
"IGHD1-20",0
"IGHD6-19",0
"IGHD5-18",0
"IGHD4-17",0
"IGHD3-16",0
"IGHD2-15",0
"IGHD1-14",0
"IGHD6-13",0
"IGHD5-12",0
"IGHD4-11",0
"IGHD2-8",0
"IGHD1-7",0
"IGHD6-6",0
"IGHD5-5",0
"IGHD4-4",0
"IGHD3-3",0
"IGHD1-1",0
"IGHV6-1",0
"IGHVII-1-1",0
"IGHV1-2",0
"IGHVIII-2-1",0
"IGHV1-3",0
"IGHV4-4",0
"IGHVIII-5-1",0
"IGHVIII-5-2",0
"IGHV3-6",0
"RNA5SP389",0
"IGHVII-60-1",0
"IGHV4-61",0
"IGHV3-62",0
"IGHVII-62-1",0
"IGHV3-63",0
"IGHV3-65",0
"IGHVII-65-1",0
"IGHV1-67",0
"SLC20A1P1",0
"IGHVII-67-1",0
"IGHVIII-67-2",0
"IGHVIII-67-3",0
"IGHVIII-67-4",0
"IGHV1-68",0
"IGHV1-69",0
"IGHV2-70D",0
"IGHV3-69-1",0
"IGHV1-69-2",0
"IGHV1-69D",0
"IGHV2-70",0
"IGHV3-71",0
"IGHV3-72",0
"IGHV3-73",0
"IGHVII-74-1",0
"IGHV3-75",0
"IGHV3-76",0
"IGHVIII-76-1",0
"MIR5195",0
"IGHV5-78",0
"IGHVII-78-1",0
"IGHV3-79",0
"IGHV4-80",0
"IGHV7-81",0
"IGHVIII-82",0
"COX4I1P1",0
"CPNE6",0
"CCDC197",0
"PPP4R4",0
"NKX2-1",0
"RPL36AP1",0
"RN7SL461P",0
"RNU6-1204P",0
"MIR6765",0
"IGHA2",0
"IGHE",0
"MIR8071-1",0
"MIR8071-2",0
"COPDA1",0
"H1-8P2",0
"RN7SKP17",0
"RN7SL356P",0
"LRRC74A",0
"OR4K17",0
"RN7SL530P",0
"VRTN",0
"SUB1P2",0
"RPS2P2",0
"STK16P1",0
"RNU6ATAC30P",0
"RNU6-539P",0
"RN7SL2",0
"RNU6-189P",0
"MIR6076",0
"PDLIM1P1",0
"RPL23AP8",0
"MRPL57P8",0
"DPRXP3",0
"RPL7AP3",0
"SYT16",0
"OR4K15",0
"OR4Q2",0
"ISM2",0
"EXOC3L4",0
"ATP5MC1P2",0
"NT5CP2",0
"NT5CP1",0
"NDUFB8P1",0
"RNU6-240P",0
"MIR4505",0
"LINC02274",0
"NOXRED1",0
"SLC25A21-AS1",0
"RNU6-273P",0
"RNU6-886P",0
"FOXA1",0
"COX8C",0
"RNU6-1258P",0
"PRIMA1",0
"FAM181A",0
"RPL21P6",0
"TBPL2",0
"MIR4503",0
"RNU6-1046P",0
"MIR208A",0
"MIR208B",0
"RNU6-1277P",0
"LINC00517",0
"TTC6",0
"SNORD127",0
"RNASE10",0
"RNASE12",0
"CYP46A1",0
"VDAC3P1",0
"RD3L",0
"RN7SL634P",0
"MIR203A",0
"MIR203B",0
"SETP2",0
"RNU6-1291P",0
"TMEM183AP4",0
"MIR1247",0
"RN7SL586P",0
"RNU6-419P",0
"MIR4707",0
"RNU6-244P",0
"MIR4309",0
"RN7SL546P",0
"RPL23AP11",0
"NPAS3",0
"RPL32P29",0
"BCL2L2-PABPN1",0
"RNU6-398P",0
"KCNK10",0
"NEK2P1",0
"NF1P7",0
"RNU6-1239P",0
"NBEAP5",0
"OR11H13P",0
"CDRT15P13",0
"NBEAP6",0
"TOMM40P1",0
"MIR6764",0
"MIR345",0
"RN7SL523P",0
"SERPINA2",0
"ZFAND2AP2",0
"H3P37",0
"SERPINA13P",0
"OR4K16P",0
"OR11H5P",0
"DPPA3P2",0
"ADAM20P1",0
"ADAM6",0
"MED15P1",0
"BMS1P17",0
"OR4K3",0
"OR4K5",0
"IL25",0
"CATSPERB",0
"POLR3GP1",0
"NANOGP7",0
"RN7SKP21",0
"IGHD3-10",0
"IGHD3-9",0
"OR4E1",0
"MDGA2",0
"RPA2P1",0
"RPL13AP2",0
"RPS15AP3",0
"MIR548Y",0
"OR11H2",0
"MIR4506",0
"RNU2-14P",0
"RPL21P7",0
"RPL36AP2",0
"RPPH1-2P",0
"TUNAR",0
"RNASE9",0
"RPL13AP3",0
"NDUFB4P11",0
"RAP2CP1",0
"MED15P6",0
"BNIP3P1",0
"DUXAP9",0
"ADAM21P1",0
"SERTAD4BP",0
"TEX21P",0
"SRP54-AS1",0
"FOXG1",0
"MYH7",0
"RNASE11",0
"OR4Q3",0
"DOCK11P1",0
"RRAGAP1",0
"LINC02294",0
"MIR4307HG",0
"MIR4307",0
"MIR3171HG",0
"GPR33",0
"RNU6-602P",0
"RNU6-455P",0
"NKX2-1-AS1",0
"EIF4BP1",0
"YWHAZP1",0
"FSCB",0
"RNU6-297P",0
"RPL18P1",0
"LINC03059",0
"RNU6-684P",0
"IGHEP1",0
"TMEM63C",0
"RNU7-51P",0
"LINC01148",0
"LINC02330",0
"SHLD2P2",0
"SCARNA13",0
"TCL1B",0
"ARHGAP42P5",0
"LINC02297",0
"SSBP3P4",0
"NF1P10",0
"DUXAP10",0
"DPPA5P4",0
"COX5AP2",0
"LINC02833",0
"LINC02319",0
"LINC02331",0
"SYNE3-AS1",0
"LINC02309",0
"LINC02295",0
"MTA1-DT",0
"LINC02322",0
"MIR493HG",0
"LRFN5-DT",0
"LINC02316",0
"LINC02320",0
"LINC02300",0
"CCDC88C-DT",0
"LINC02303",0
"LINC02308",0
"LINC00871",0
"NUBPL-DT",0
"LINC02306",0
"LINC02281",0
"LINC02282",0
"LINC00519",0
"FLRT2-AS1",0
"LINC00911",0
"LINC01629",0
"LINC00645",0
"LINC02277",0
"RNASE2CP",0
"LINC02332",0
"DIO2-AS1",0
"LINC02292",0
"LINC01467",0
"MAP3K9-DT",0
"PTCSC3",0
"LINC02298",0
"LINC00523",0
"MIA2-AS1",0
"LINC00644",0
"LINC02325",0
"LINC02299",0
"LINC02279",0
"LINC02301",0
"OTX2-AS1",0
"LINC02293",0
"G2E3-AS1",0
"LINC00642",0
"LINC02317",0
"OR7E106P",0
"DDX18P1",0
"PPIAP4",0
"RPL12P7",0
"ATP5MC1P1",0
"ELK2BP",0
"RPL3P4",0
"GRAMD4P4",0
"PTBP1P",0
"OR11H12",0
"LINC02314",0
"LINC00609",0
"LINC00605",0
"EIF5-DT",0
"LINC00677",0
"OR11H3P",0
"OR11J6P",0
"IGHV1OR15-1",0
"MPHOSPH10P5",0
"OR4M2-OT1",0
"GOLGA6L1",0
"OR4N3P",0
"OR11J7P",0
"IGHV1OR15-3",0
"SERPINE4P",0
"NF1P2",0
"RPL5P32",0
"ABCB10P1",0
"ZNF519P3",0
"OR4H6P",0
"C15orf62",0
"GABRG3",0
"HNRNPA1P71",0
"DNAAF4-CCPG1",0
"OR11K1P",0
"FRMD5",0
"OR4Q1P",0
"CCNB2",0
"LDHAL6B",0
"GAPDHP43",0
"SKOR1",0
"FOXB1",0
"HNRNPA1P45",0
"MESTP2",0
"MAP2K5-DT",0
"GEMIN8P1",0
"KRT8P9",0
"BUB1B-PAK6",0
"PLCB2-AS1",0
"TBC1D21",0
"SALRNA3",0
"HNRNPA1P5",0
"NDUFAF4P1",0
"HCN4",0
"MRPS15P1",0
"PAK6-AS1",0
"FKBP1AP2",0
"CPLX3",0
"GOLGA6A",0
"LIPC",0
"LIPC-AS1",0
"RPL21P14",0
"LINC02204",0
"LMAN1L",0
"MTND5P40",0
"CHRNA3",0
"ZNF444P1",0
"DCAF13P3",0
"IGDCC3",0
"CRABP1",0
"WDR72",0
"SUMO2P15",0
"THRAP3P2",0
"RPL7L1P15",0
"LINC02157",0
"PGAM1P12",0
"TUBAP4",0
"KRT8P24",0
"TUBAP12",0
"NSA2P4",0
"TFDP1P3",0
"NMNAT1P5",0
"MIR5701-3",0
"RNU6-631P",0
"RN7SL106P",0
"RNA5SP390",0
"MIR4715",0
"MIR3118-4",0
"MIR4509-1",0
"MIR4510",0
"MIR3942",0
"RNU6-1014P",0
"RNU1-119P",0
"RN7SKP139",0
"RNA5SP394",0
"RN7SL577P",0
"MIR4716",0
"RN7SL307P",0
"MIR4712",0
"RNU2-53P",0
"RN7SL568P",0
"RN7SKP95",0
"SNORD3P1",0
"RNA5SP397",0
"RNU5B-1",0
"RNU6-1",0
"RNU6-745P",0
"RN7SL429P",0
"MIR6882",0
"RNU6-19P",0
"RNU6-380P",0
"MIR4513",0
"MIR5572",0
"RNU6-401P",0
"RNU6-1339P",0
"MIR3713",0
"RN7SKP217",0
"MIR1179",0
"RNU6-185P",0
"MIR7-2",0
"MIR3529",0
"MIR1469",0
"RN7SKP254",0
"RNU2-3P",0
"SNORD116-29",0
"SNORD116-30",0
"PWAR1",0
"DMAC1P1",0
"SNORD115-1",0
"SNORD115-2",0
"SNORD115-3",0
"SNORD115-4",0
"SNORD115-5",0
"SNORD115-6",0
"SNORD115-7",0
"SNORD115-8",0
"SNORD115-9",0
"SNORD115-10",0
"SNORD115-11",0
"SNORD115-12",0
"SNORD115-13",0
"SNORD115-14",0
"SNORD115-15",0
"SNORD115-16",0
"SNORD115-17",0
"SNORD115-18",0
"SNORD115-19",0
"SNORD115-20",0
"SNORD115-21",0
"SNORD115-22",0
"SNORD115-23",0
"SNORD115-24",0
"SNORD115-25",0
"SNORD115-26",0
"SNORD115-27",0
"SNORD115-28",0
"SNORD115-29",0
"SNORD115-30",0
"SNORD115-31",0
"SNORD115-32",0
"SNORD115-33",0
"SNORD115-34",0
"SNORD115-35",0
"SNORD115-36",0
"SNORD115-37",0
"SNORD115-38",0
"SNORD115-39",0
"SNORD115-40",0
"SNORD115-41",0
"SNORD115-42",0
"SNORD115-43",0
"SNORD115-44",0
"SNORD115-45",0
"SNORD115-46",0
"SNORD115-47",0
"SNORD115-48",0
"SNORD109B",0
"CKMT1B",0
"STRC",0
"RNU6-554P",0
"RNU6-610P",0
"CKMT1A",0
"RNU6-353P",0
"RNU6-354P",0
"MIR4511",0
"HNRNPA1P44",0
"RNU6-18P",0
"DNM1P31",0
"RN7SL185P",0
"GOLGA8O",0
"RN7SL539P",0
"GOLGA6L23P",0
"RN7SL214P",0
"RPL5P3",0
"RN7SL331P",0
"UBE2Q2P8",0
"RN7SL417P",0
"CSPG4P5",0
"UBE2Q2P11",0
"POTEB",0
"PPP1R14D",0
"CATSPER2",0
"DEPDC1P1",0
"RPL32P2",0
"MIR1233-1",0
"RNU7-195P",0
"RLBP1",0
"MIR6766",0
"MIR9-3",0
"H3P39",0
"SLC28A2",0
"RNU6-953P",0
"MIR147B",0
"SNORA41B",0
"DPPA5P2",0
"AHCYP7",0
"RNA5SP395",0
"RPL32P30",0
"MIR549A",0
"MIR4514",0
"SLC28A1",0
"RNU6-339P",0
"RNU6-796P",0
"MIR422A",0
"RN7SL796P",0
"RN7SL628P",0
"RN7SL82P",0
"ATP5PDP1",0
"TGM7",0
"MIR7973-2",0
"MIR7973-1",0
"PLIN1",0
"RPL36AP43",0
"JMJD7",0
"RNA5SP393",0
"MIR4310",0
"CYCSP38",0
"RNU6-132P",0
"MRPL15P1",0
"ARPIN-AP3S2",0
"RNU6-1111P",0
"RNU7-111P",0
"RNU6-667P",0
"ST20-MTHFS",0
"RNU6-686P",0
"SNORA24B",0
"MIR4508",0
"RNU6-741P",0
"LINC02896",0
"MIR1266",0
"RPSAP55",0
"KBTBD13",0
"SNRPCP18",0
"MIR628",0
"NUSAP1",0
"LTK",0
"UBE2CP4",0
"RNU6-415P",0
"MKRN3",0
"TUBBP8",0
"NCAPGP2",0
"KRT18P47",0
"RN7SL484P",0
"RNA5SP402",0
"CERS3-AS1",0
"RNU6-322P",0
"PRKXP1",0
"RNU6-181P",0
"RPS24P16",0
"ADAMTS17",0
"CERS3",0
"SCARNA15",0
"SENP8",0
"GRAMD2A",0
"CELF6",0
"RPL12P35",0
"RNU6-231P",0
"MIR548AP",0
"RNA5SP400",0
"RNU6-1108P",0
"RNU6-966P",0
"RNU1-78P",0
"TERB2",0
"INSYN1",0
"EXD1",0
"PLA2G4B",0
"BCL2L10",0
"DUOX2",0
"DUOXA2",0
"COX6CP4",0
"LARP4P",0
"TPST2P1",0
"MIR8063",0
"MIR630",0
"RN7SL853P",0
"HIGD2B",0
"NPM1P42",0
"FABP5P8",0
"MIR4515",0
"BNC1",0
"MIR626",0
"TMC3",0
"PERPP2",0
"MIR1302-10",0
"MIR6859-3",0
"CTXND1",0
"CD24P2",0
"RNU6-1287P",0
"HMGB1P33",0
"TMEM183AP3",0
"RNU6-466P",0
"MIR211",0
"TMEM202",0
"PHB1P20",0
"MIR3174",0
"NDUFA3P4",0
"SH2D7",0
"ENTREP2",0
"ANKRD63",0
"RNU6-449P",0
"HNRNPA1P74",0
"DUOXA1",0
"DNM1P5",0
"MIR1233-2",0
"LINC02252",0
"BCAR1P1",0
"RN7SL584P",0
"SCARNA14",0
"RPL9P25",0
"ATP5MFP6",0
"SNORD18C",0
"SNORD18B",0
"SNORD16",0
"SNORD18A",0
"RN7SL286P",0
"ARHGAP11A",0
"GREM1-AS1",0
"GOLGA8F",0
"ABCB10P3",0
"ABCB10P4",0
"RN7SL719P",0
"GOLGA8M",0
"MIR4311",0
"RNA5SP392",0
"PHGR1",0
"CYP1A1",0
"OR4M2",0
"GOLGA6B",0
"RPL7P5",0
"H3P40",0
"GOLGA6L7",0
"RNA5SP399",0
"GOLGA6L2",0
"GOLGA8G",0
"GOLGA6L25",0
"GOLGA6L26",0
"GOLGA6L24",0
"TYRO3P",0
"ISL2",0
"MIR6085",0
"MIR190A",0
"SCG5",0
"MESP1",0
"OR4F4",0
"RN7SL536P",0
"PLA2G4D",0
"PLA2G4E",0
"LINC01583",0
"RNU1-77P",0
"GOLGA6L9-AS1",0
"LINC00928",0
"CYCSP2",0
"RN7SL497P",0
"RN7SL278P",0
"KRT8P23",0
"GOLGA8Q",0
"RN7SL673P",0
"RN7SL469P",0
"DNM1P30",0
"RNU6-17P",0
"RN7SL196P",0
"RN7SL346P",0
"RN7SL736P",0
"RPL21P114",0
"RPL21P117",0
"RNA5SP396",0
"PIGHP1",0
"RNU6-516P",0
"RN7SL376P",0
"IGHV4OR15-8",0
"IGHV1OR15-4",0
"MIR1268A",0
"SPATA31E3P",0
"RN7SL545P",0
"MPHOSPH10P9",0
"RN7SL495P",0
"GOLGA6L22",0
"CIMAP1C",0
"MIR4313",0
"RN7SL319P",0
"DNM1P49",0
"RN7SL510P",0
"GOLGA8S",0
"OR4N4",0
"NPM1P47",0
"MIR8067",0
"MIR1272",0
"GOLGA8K",0
"FTLP20",0
"ASB9P1",0
"MIR3175",0
"YBX2P2",0
"EGLN1P1",0
"RN7SL238P",0
"MIR4509-2",0
"MIR4509-3",0
"RPL31P6",0
"FAM149B1P1",0
"RN7SKP181",0
"SEPHS1P2",0
"RN7SL209P",0
"OR4F6",0
"OR4F15",0
"OR4F14P",0
"OR4F28P",0
"WBP1LP5",0
"SNORD13D",0
"NDUFB10P1",0
"RNU6-844P",0
"MYL12BP1",0
"KRT8P50",0
"RN7SL428P",0
"MIR7706",0
"GOLGA8VP",0
"GOLGA6C",0
"RN7SL489P",0
"RN7SL327P",0
"MIR631",0
"RPL13P4",0
"MIR627",0
"BNIP3P5",0
"CARS1P1",0
"ELMO2P1",0
"GOLGA8DP",0
"SORD2P",0
"CSPG4P13",0
"GOLGA6FP",0
"COMMD4P1",0
"UBE2Q2P16",0
"GOLGA2P7",0
"DNM1P51",0
"STRCP1",0
"ULK4P2",0
"UBE2Q2P13",0
"DNM1P46",0
"OR4G2P",0
"WASH3P",0
"DDX11L9",0
"CHEK2P2",0
"WHAMMP4",0
"WHAMMP2",0
"ADAMTS7P1",0
"UBE2Q2P6",0
"GOLGA2P10",0
"GOLGA6L17P",0
"ULK4P3",0
"GOLGA8EP",0
"HERC2P2",0
"GOLGA8IP",0
"ULK4P1",0
"GOLGA6L5P",0
"UBE2Q2P1",0
"LINC00933",0
"CATSPER2P1",0
"PDCD6IPP2",0
"EFL1P1",0
"HERC2P9",0
"SCAND2P",0
"OR4F13P",0
"CSPG4P12",0
"ADAMTS7P4",0
"DNM1P47",0
"GOLGA2P11",0
"DNM1P34",0
"CYP11A1",0
"MIR6881",0
"MIR4714",0
"HNRNPA1P62",0
"WHAMMP3",0
"PDCD6IPP1",0
"TVP23BP1",0
"RNA5SP391",0
"RHCG",0
"MED28P6",0
"RN7SL487P",0
"GOLGA6D",0
"ACTBP7",0
"GAPDHP55",0
"GJD2",0
"TUBAP11",0
"PRELID1P4",0
"H3P38",0
"RNU6-188P",0
"ALDH1A2-AS1",0
"MTCO3P23",0
"MTCYBP23",0
"RNU2-65P",0
"NUTM1",0
"DUXAP6",0
"ENO1P2",0
"NOX5",0
"RPL29P30",0
"HMGN2P46",0
"ACTG1P17",0
"CSNK1A1P1",0
"H2AZ2P1",0
"ANP32BP1",0
"PPIAP46",0
"TMCO5B",0
"MIR184",0
"HNRNPCP3",0
"ANKRD34C",0
"GCOM1",0
"EPB42",0
"LINC01581",0
"LONRF2P4",0
"CXADRP2",0
"GRAMD4P6",0
"POTEB3",0
"MIR3118-3",0
"NF1P9",0
"MIR5701-2",0
"LINC02203",0
"OR11K1BP",0
"OR1Q1BP",0
"OR4H6BP",0
"OR4M2B",0
"OR4N4C",0
"OR4N3BP",0
"PWRN2",0
"NPAP1",0
"SNORD107",0
"PWAR5",0
"SNORD64",0
"SNORD108",0
"SNORD109A",0
"SNORD116-1",0
"SNORD116-2",0
"SNORD116-3",0
"SNORD116-4",0
"SNORD116-5",0
"SNORD116-6",0
"SNORD116-7",0
"SNORD116-8",0
"SNORD116-9",0
"SNORD116-10",0
"SNORD116-11",0
"SNORD116-12",0
"SNORD116-13",0
"SNORD116-14",0
"SNORD116-15",0
"SNORD116-16",0
"SNORD116-17",0
"SNORD116-18",0
"SNORD116-19",0
"SNORD116-20",0
"SNORD116-21",0
"SNORD116-22",0
"SNORD116-23",0
"SNORD116-24",0
"SNORD116-25",0
"SNORD116-26",0
"SNORD116-27",0
"SNORD116-28",0
"ANP32AP1",0
"NUTF2P6",0
"RBM17P4",0
"MIR9-3HG",0
"RN7SL677P",0
"RNA5SP401",0
"LINC01582",0
"RNU6-1186P",0
"FAM169BP",0
"CHRNB4",0
"RPL18P11",0
"GOLGA6GP",0
"RPL21P15",0
"RNU6-549P",0
"AGBL1-AS1",0
"GABRG3-AS1",0
"SPATA8-AS1",0
"SPATA8",0
"PWRN4",0
"LINGO1-AS2",0
"LINGO1-AS1",0
"C15orf32",0
"SPATA41",0
"LINC02348",0
"FAM138E",0
"PAQR5-DT",0
"IRAIN",0
"LINC02349",0
"SKOR1-AS1",0
"FBN1-DT",0
"SCG5-AS1",0
"SLC28A2-AS1",0
"LUNAR1",0
"LINC02205",0
"RORA-AS2",0
"LINC01413",0
"LINC02490",0
"NTRK3-AS1",0
"DIS3L-AS1",0
"LINC02852",0
"LINC00052",0
"LINC01491",0
"ATP10A-DT",0
"LINC02351",0
"DNM1P35",0
"CPEB1-AS1",0
"LINC01586",0
"CTXN2-AS1",0
"VPS13C-DT",0
"LINC02853",0
"LINC02568",0
"IDH2-DT",0
"GCAWKR",0
"LINC02248",0
"LINC03065",0
"LINC02251",0
"INSYN1-AS1",0
"POLGARF",0
"RNU6-978P",0
"IGHV1OR15-9",0
"SLC20A1P3",0
"IGHV1OR15-2",0
"IGHV3OR15-7",0
"IGHD5OR15-5A",0
"IGHD4OR15-4A",0
"IGHD3OR15-3A",0
"IGHD2OR15-2A",0
"IGHD1OR15-1A",0
"FAM30B",0
"HERC2P3",0
"GOLGA6L6",0
"MPHOSPH10P4",0
"RN7SL759P",0
"SPATA31E2P",0
"IGHV1OR15-6",0
"NBEAP1",0
"RNU6-498P",0
"LONRF2P3",0
"GRAMD4P5",0
"MIR3118-2",0
"POTEB2",0
"RNU6-749P",0
"ZNF519P2",0
"MIR5701-1",0
"LINC01193",0
"OR11J2P",0
"OR11J5P",0
"IGHD5OR15-5B",0
"IGHD4OR15-4B",0
"IGHD3OR15-3B",0
"IGHD2OR15-2B",0
"IGHD1OR15-1B",0
"FAM30C",0
"BCAR1P2",0
"RN7SL400P",0
"NBEAP4",0
"RNU6-1235P",0
"GPR176-DT",0
"BMF-AS1",0
"RPL7AP75",0
"DNM1P33",0
"DNM1P32",0
"MPHOSPH10P2",0
"DNM1P50",0
"GOLGA8UP",0
"HMGN2P47",0
"HMGN2P40",0
"GABARAPL3",0
"FSCN1P1",0
"BMS1P15",0
"MPHOSPH10P3",0
"HERC2P1",0
"MPHOSPH10P7",0
"HERC2P11",0
"MPHOSPH10P6",0
"HERC2P6",0
"HMGN1P26",0
"DNM1P38",0
"ISCA1P4",0
"HERC2P7",0
"UBE2Q2P12",0
"NIFKP8",0
"GOLGA6L3P",0
"DNM1P28",0
"RPL36AP45",0
"COMMD4P2",0
"DNM1P41",0
"GOLGA8CP",0
"NF1P1",0
"BMS1P16",0
"PCSK6-AS1",0
"MIR4713HG",0
"NHLRC4",0
"SMIM22",0
"LINC02152",0
"ARHGDIG",0
"SUB1P3",0
"HS3ST4",0
"LINC01195",0
"CYCSP39",0
"LINC01177",0
"PCMTD1P2",0
"DUX4L46",0
"DUX4L47",0
"PPP1R1AP2",0
"DUX4L45",0
"TCERG1P2",0
"TMF1P1",0
"LINC00273",0
"RPL23AP72",0
"GSG1L",0
"SPRING1P3",0
"HSPE1P16",0
"CCL17",0
"NPAP1L",0
"RPS27P27",0
"LINC02141",0
"PLA2G10GP",0
"VAT1L",0
"CNTNAP4",0
"DPPA3P11",0
"ATP2C2-AS1",0
"HSPE1P7",0
"RPL7AP63",0
"ADGRG5",0
"HCCAT5",0
"LINC02135",0
"NUDT7",0
"VN2R10P",0
"TMPOP2",0
"GNPATP",0
"MIR6859-4",0
"MIR6769A",0
"RNU6-1340P",0
"MIR548W",0
"RNA5SP405",0
"RNA5-8SP2",0
"RNU4-58P",0
"RNU6-21P",0
"RN7SKP76",0
"RNA5SP430",0
"RNU6-758P",0
"RN7SKP233",0
"RNA5SP433",0
"MIR4719",0
"CLDN9",0
"CLDN6",0
"RNU1-125P",0
"RNU1-22P",0
"ZSCAN10",0
"OR1F2P",0
"RPL7L1P19",0
"OR2C1",0
"MTND1P8",0
"C16orf90",0
"CORO7-PAM16",0
"SNORA30",0
"TMEM265",0
"MIR4519",0
"CTF2P",0
"NDUFA3P6",0
"ZP2",0
"ENPP7P14",0
"LINC02164",0
"SNRPCP20",0
"NPM1P3",0
"LINC01570",0
"MIR8065",0
"RNU7-99P",0
"RNU6-457P",0
"RNU6-328P",0
"MT4",0
"MT1CP",0
"MT1B",0
"RNU6-196P",0
"RNY1P10",0
"SBK1",0
"CDC37P2",0
"IL27",0
"CDC37P1",0
"MIR6862-2",0
"MIR4721",0
"MIR4517",0
"SLC7A5P1",0
"SLX1A-SULT1A3",0
"GPR139",0
"SULT1A4",0
"ZNF469",0
"MT1H",0
"MT3",0
"PDIA2",0
"SEPTIN12",0
"PYDC1",0
"SULT1A3",0
"TNP2",0
"PRM3",0
"PRM2",0
"PRM1",0
"MIR548H2",0
"C16orf46-DT",0
"RNU6-1191P",0
"MIR4720",0
"MIR7854",0
"RN7SL279P",0
"RPS27P26",0
"RNU6-23P",0
"SNORD111B",0
"SNORD111",0
"DUXB",0
"RN7SL520P",0
"ATP5PBP7",0
"CPHXL",0
"RNA5SP403",0
"IMPDH1P11",0
"RN7SL493P",0
"MIR3935",0
"HBZ",0
"HBM",0
"HBZP1",0
"HBAP1",0
"HBA2",0
"HBA1",0
"HBQ1",0
"RNU6-359P",0
"MIR6773",0
"RNU6-1262P",0
"RNU4-30P",0
"RPL35AP33",0
"RNU4-36P",0
"RNA5SP432",0
"ADAD2",0
"SLC38A8",0
"COX6A2",0
"AHSP",0
"VN1R64P",0
"VN1R65P",0
"KRBOX5P1",0
"VN1R66P",0
"IGFALS",0
"LINC00254",0
"HS3ST6",0
"RNU6ATAC25P",0
"TEKT5",0
"MTND4P34",0
"MTND4LP24",0
"MTND3P13",0
"MTCO3P24",0
"MTATP6P24",0
"CCNYL7",0
"SUB1P4",0
"MIR3177",0
"MIR6767",0
"TEDC2",0
"MIR6768",0
"NTN3",0
"ATP6V0C",0
"MIR3178",0
"MIR6506",0
"MIR484",0
"MIR662",0
"SNORD68",0
"CPNE7",0
"PDZD9",0
"C16orf46",0
"ZNF205",0
"CLEC18C",0
"MIR3181",0
"RNA5SP426",0
"HMGB3P32",0
"ADGRG3",0
"DRC7",0
"MTCH2P3",0
"MIR6772",0
"RNU6-20P",0
"CICP25",0
"ACTG1P16",0
"RNY4P3",0
"RPL10P14",0
"MIR138-2",0
"SLC12A3",0
"MIR6863",0
"RPS24P17",0
"CFAP69P1",0
"RPL23AP91",0
"RN7SKP118",0
"RNU1-123P",0
"AGRP",0
"MIR3179-2",0
"MIR3670-2",0
"MIR3180-2",0
"MIR6511A2",0
"MIR6770-2",0
"MIR6511A3",0
"TMED6",0
"MIR1538",0
"LNCPTCTS",0
"SNORA80C",0
"RNU7-61P",0
"MIR4518",0
"RNU6-416P",0
"RN7SL645P",0
"PRSS54",0
"PLA2G10FP",0
"C16orf78",0
"LINC02179",0
"MRPS21P7",0
"RPL34P29",0
"MIR6771",0
"SNORA3C",0
"EIF1P4",0
"HSPE1P5",0
"CDH1",0
"RNA5SP429",0
"SNRPEP3",0
"GP2",0
"ACSM2A",0
"C16orf92",0
"RNU6-269P",0
"RNU6-1110P",0
"RNU6-103P",0
"SNORA50A",0
"RNU6-1155P",0
"RN7SL143P",0
"GEMIN8P2",0
"RPL12P36",0
"CNGB1",0
"LINC01290",0
"C16orf82",0
"PRDM7",0
"ACSM2B",0
"ACSM5P1",0
"RNU6-944P",0
"RNU7-63P",0
"CHST4",0
"TAT",0
"RNU6-208P",0
"SNORA70D",0
"SNORD71",0
"PHB1P21",0
"MTCH2P4",0
"SLC6A2",0
"CLEC3A",0
"KRT8P22",0
"WWOX-AS1",0
"LSM3P5",0
"RPS3P7",0
"RNA5SP431",0
"RPS26P52",0
"LINC02186",0
"PPL",0
"ERN2",0
"CHP2",0
"MIR1273H",0
"CACNG3",0
"RNU7-24P",0
"RPL39P31",0
"CDH16",0
"CES3",0
"RN7SL543P",0
"SPMIP8",0
"RBM22P13",0
"IGHV1OR16-1",0
"IGHV1OR16-3",0
"IGHV3OR16-9",0
"ABHD17AP8",0
"PRSS33",0
"SEZ6L2",0
"RN7SKP127",0
"ZG16",0
"COX6CP16",0
"LINC00311",0
"MIR5093",0
"LINC02890",0
"TBX6",0
"HPR",0
"CFAP263",0
"SOD1P2",0
"SALL1",0
"NECAB2",0
"RNU6-237P",0
"ABCC12",0
"RNU6-898P",0
"RNU6-22P",0
"DERPC",0
"SNORA10",0
"SNORA64",0
"SNORA78",0
"SYNGR3",0
"RN7SL219P",0
"MIR1225",0
"PERCC1",0
"CCDC154",0
"LINC01567",0
"DPEP1",0
"TMEM114",0
"MIR8058",0
"RN7SL134P",0
"MIR3182",0
"LARP7P2",0
"NRN1L",0
"DPEP3",0
"KARS1P3",0
"PLA2G10EP",0
"MIR3179-1",0
"ZFPM1",0
"MIR5189",0
"ZFPM1-AS1",0
"IL17C",0
"MIR4722",0
"RN7SL274P",0
"RNU7-125P",0
"PLA2G10",0
"RNU6-159P",0
"RNU6-1241P",0
"RNA5SP425",0
"MIR1910",0
"RPL10AP12",0
"MIR6774",0
"SLC7A5P2",0
"CCNYL1B",0
"MIR193B",0
"MIR365A",0
"RN7SKP176",0
"SDR42E1",0
"HSD17B2",0
"MTCYBP28",0
"RN7SKP190",0
"ACTR3BP3",0
"PABPC1P13",0
"ABCD1P3",0
"FAM153DP",0
"ABHD17AP7",0
"IGHV2OR16-5",0
"BCAP31P2",0
"IGHV3OR16-6",0
"IGHV1OR16-2",0
"IGHV3OR16-10",0
"IGHV1OR16-4",0
"IGHV3OR16-8",0
"RN7SKP142",0
"TNFRSF17",0
"UBL5P4",0
"TIPINP2",0
"RPS3AP2",0
"CHD9NB",0
"PRSS41",0
"TP53TG3D",0
"PABPN1L",0
"TP53TG3",0
"CPHXL2",0
"RNA5SP428",0
"BOLA2",0
"RN7SL557P",0
"AQP8",0
"MIR6511B1",0
"MIR4516",0
"MIR3180-5",0
"SNORD60",0
"DNASE1L2",0
"MIR3677",0
"MIR940",0
"MIR4717",0
"LINC00235",0
"MIR5587",0
"PRR35",0
"RBFOX1",0
"DDX11L10",0
"MT1JP",0
"MT1IP",0
"ABCA3P1",0
"PLA2G10CP",0
"SNX29P2",0
"PDXDC2P",0
"FRG2KP",0
"PDPK2P",0
"URAHP",0
"TUBB8P7",0
"RRN3P3",0
"OTOAP1",0
"PDPR2P",0
"ABCC6P2",0
"HERC2P5",0
"SLC6A10P",0
"HERC2P8",0
"SMG1P5",0
"TMEM231P1",0
"SMG1P1",0
"RRN3P1",0
"SMG1P3",0
"MT1DP",0
"MT1L",0
"SMG1P7",0
"MIR140",0
"NPIPB14P",0
"TP53TG3F",0
"CHEK2P6",0
"BMS1P8",0
"ENPP7P13",0
"IGHV3OR16-12",0
"IGHV3OR16-13",0
"IGHV3OR16-17",0
"IGHV3OR16-11",0
"ARHGAP23P1",0
"IGHV3OR16-7",0
"IGHV3OR16-16",0
"ABHD17AP9",0
"TP53TG3C",0
"PLA2G10IP",0
"NPIPA8",0
"PKD1P4",0
"MIR6511A4",0
"PKD1P5",0
"MIR6770-3",0
"MIR3180-3",0
"MIR3670-3",0
"MIR3179-3",0
"MIR3670-4",0
"MIR3179-4",0
"ABCC6P1",0
"MIR3670-1",0
"MIR3180-1",0
"PKD1P3",0
"MIR6511A1",0
"MIR6770-1",0
"NPIPP1",0
"MIR6511B2",0
"MIR3180-4",0
"PRSS30P",0
"NPW",0
"NPIPB9",0
"RNU6-355P",0
"MIR4718",0
"RPL35AP34",0
"SHISA9",0
"NPIPB7",0
"ANKRD26P1",0
"RNU6-845P",0
"SHCBP1",0
"CKBP1",0
"RBM22P12",0
"CLUHP3",0
"VN1R67P",0
"VN1R3",0
"RPL23AP86",0
"KREMEN2",0
"FBXL16",0
"MSLNL",0
"MTND4LP25",0
"CBLN1",0
"TERB1",0
"CA7",0
"CIBAR2",0
"PRSS22",0
"PRSS29P",0
"CEROX1",0
"SOX8",0
"SSTR5",0
"APOOP5",0
"PPIAP48",0
"RPS27AP16",0
"RPS2P45",0
"CASP16P",0
"ABCA15P",0
"ABCA17P",0
"MFSD13B",0
"CENPBD1P",0
"CDIPTOSP",0
"FBXL9P",0
"AFG3L1P",0
"SULT1A1",0
"RPS15AP34",0
"PKD1P6",0
"NPIPA9",0
"CES1P1",0
"CES5A",0
"TEDC2-AS1",0
"TP53TG3E",0
"TP53TG3B",0
"CCNYL3",0
"CLUHP11",0
"NAMPTP3",0
"VN1R68P",0
"VN1R69P",0
"SLC25A1P4",0
"RARRES2P5",0
"FGFR3P5",0
"AGGF1P8",0
"RARRES2P9",0
"AGGF1P9",0
"C2orf69P4",0
"FRG2GP",0
"AGGF1P4",0
"RARRES2P7",0
"C2orf69P3",0
"ZNF971P",0
"FRG2DP",0
"RARRES2P10",0
"AGGF1P6",0
"C2orf69P2",0
"TP53TG3HP",0
"RARRES2P8",0
"AGGF1P7",0
"C1QL1P1",0
"KIF18BP1",0
"RNA5SP406",0
"RNA5SP407",0
"RNA5SP408",0
"RNA5SP409",0
"LINC02167",0
"RNA5SP410",0
"RNA5SP411",0
"RNA5SP412",0
"RNA5SP413",0
"RNA5SP414",0
"RNA5SP415",0
"RNA5SP416",0
"RNA5SP417",0
"RNA5SP418",0
"RNA5SP419",0
"RNA5SP420",0
"RNA5SP421",0
"RNA5SP422",0
"RNA5SP423",0
"VN1R70P",0
"UBA52P8",0
"MOCS1P1",0
"KLF8P1",0
"RNU6-257P",0
"UNGP1",0
"CASC22",0
"TOX3",0
"IRX3",0
"IRX5",0
"MTND5P34",0
"RN7SL841P",0
"IRX6",0
"RPL31P56",0
"CLEC19A",0
"RNU4-46P",0
"CEDORA",0
"RN7SL381P",0
"C16orf74",0
"VPS9D1-AS1",0
"SCNN1B",0
"DYNLRB2",0
"LINC01227",0
"LINC02191",0
"HSD17B2-AS1",0
"STUB1-DT",0
"LINC02137",0
"LINC01566",0
"LINC02195",0
"LINC02132",0
"LINC02131",0
"MAPK8IP3-AS1",0
"CDH13-AS1",0
"LINC02189",0
"ZCCHC14-DT",0
"LINC02129",0
"LINC02192",0
"LINC02138",0
"TAT-AS1",0
"NUP93-DT",0
"LOHAN2",0
"LINC00922",0
"LINC01228",0
"LINC02181",0
"LINC02134",0
"LINC02176",0
"CDH8-AS1",0
"DNAJA2-DT",0
"LINC02169",0
"LINC01081",0
"LINC01082",0
"ARLNC1",0
"LINC02133",0
"LINC02127",0
"LINC00919",0
"LINC02180",0
"ATP2A1-AS1",0
"LINC02183",0
"CASC16",0
"LINC03064",0
"LINC02184",0
"LINC01571",0
"SRRM2-AS1",0
"SLX1A",0
"C4orf46P1",0
"WASH4P",0
"BCAP31P1",0
"HMGN2P3",0
"RPL18P13",0
"SNX29P1",0
"VPS51P1",0
"DPPA2P4",0
"GAPDHP35",0
"PLA2G10KP",0
"SMG1P6",0
"PLA2G10HP",0
"CA5AP1",0
"PLA2G10JP",0
"PKD1P1",0
"NCOA5LP",0
"CES1P2",0
"ATP5F1AP3",0
"PLA2G10BP",0
"SCML2P2",0
"CHEK2P7",0
"TP53TG3GP",0
"FRG2JP",0
"RARRES2P6",0
"FRG2HP",0
"FRG2IP",0
"AGGF1P5",0
"LINC02125",0
"RNU7-90P",0
"KRT18P18",0
"RNU7-71P",0
"CARHSP1-DT",0
"LITAFD",0
"RPS16P8",0
"SYPL1P2",0
"CCT6B",0
"TUFMP1",0
"G6PC1",0
"TMIGD1",0
"ZNF624",0
"VN1R71P",0
"WNK4",0
"SMCR2",0
"B4GALNT2P1",0
"RPS2P48",0
"WFIKKN2",0
"RPL5P33",0
"ABCC3",0
"KIF2B",0
"NME1-NME2",0
"ATG12P1",0
"LINC02071",0
"ARL2BPP8",0
"RPL7P48",0
"PDLIM1P3",0
"ISCA1P3",0
"IGF2BP1",0
"MARCHF10",0
"LINC02594",0
"RNU6-468P",0
"RNU6-990P",0
"MIR4522",0
"RNU6-1267P",0
"RNA5SP526",0
"MIR423",0
"RNU6-287P",0
"MIR6781",0
"MIR3184",0
"MIR8059",0
"MIR6129",0
"RNU6-928P",0
"RNA5SP445",0
"MIR634",0
"RN7SKP14",0
"RNU7-155P",0
"PTGES3L-AARSD1",0
"SNORA38B",0
"RPSAP67",0
"RPL17P41",0
"RN7SL622P",0
"FBXO36P1",0
"ARHGAP27P2",0
"MIR635",0
"ALDH3A1",0
"NDUFB4P3",0
"RN7SL449P",0
"RNU7-134P",0
"CCDC182",0
"RN7SKP94",0
"EVPLL",0
"TBC1D3P4",0
"YWHAEP2",0
"TNPO1P2",0
"LGALS9C",0
"SRP68P2",0
"FBXW10",0
"RN7SL627P",0
"SENP3-EIF4A1",0
"SNORA48",0
"SNORD10",0
"SNORA67",0
"OR1D5",0
"OR1P1",0
"OR1E3",0
"RPS29P22",0
"MIR4723",0
"RN7SL105P",0
"MIR22",0
"RNFT1P3",0
"HNRNPA1P19",0
"OLA1P2",0
"SCDP1",0
"RNU6-1178P",0
"RNASEH1P1",0
"SPECC1P2",0
"LINC02097",0
"SPPL2C",0
"MAPT-IT1",0
"STH",0
"MIR6165",0
"RNU6-1313P",0
"DLX3",0
"MIR3186",0
"TNFRSF13B",0
"RNU6-767P",0
"ACTG1P24",0
"TSEN15P1",0
"B4GALNT2",0
"TMEM132E",0
"PLSCR3",0
"TMEM256-PLSCR3",0
"SPEM2",0
"SPEM3",0
"FGF11",0
"SCARNA21",0
"ALOX15B",0
"ALOXE3P1",0
"ALOX12B",0
"MIR4314",0
"HES7",0
"MIR6883",0
"SNORD118",0
"MIR4521",0
"AURKB",0
"ODF4",0
"RNU7-43P",0
"PPIAP52",0
"CCDC42",0
"CFAP52",0
"RPL19P18",0
"USP43",0
"GLP2R",0
"NPM1P45",0
"RCVRN",0
"MYH8",0
"MYH4",0
"MYH2",0
"PIRT",0
"RNU6-1065P",0
"RPL15P21",0
"RN7SL601P",0
"DNAH9",0
"RNU11-2P",0
"MIR744",0
"ARHGAP44-AS1",0
"MIR1269B",0
"HS3ST3A1",0
"MIR548H3",0
"CDRT15",0
"RPL23AP76",0
"CDRT7",0
"RNU6-24P",0
"RPL7P49",0
"SNORD1C",0
"SNORD1B",0
"SNORD1A",0
"RNU6-227P",0
"RNY4P36",0
"MIR636",0
"SCARNA16",0
"MIR6516",0
"MIR4316",0
"SMCO4P1",0
"RN7SL819P",0
"RPL6P26",0
"ADAM11",0
"KIF18B-DT",0
"LINC01970",0
"TEX19",0
"NARF-AS1",0
"RNU6-799P",0
"RN7SL792P",0
"MIR1180",0
"LINC02094",0
"RPL17P43",0
"MIR6786",0
"FSCN2",0
"SMIM6",0
"MIR4738",0
"RN7SL33P",0
"EIF4A1P9",0
"RN7SL608P",0
"MIR6776",0
"MIR1253",0
"RNU6-1158P",0
"MIR3614",0
"MSX2P1",0
"EPX",0
"AANAT",0
"TMEM95",0
"H3P41",0
"RPS12P28",0
"SNORD42B",0
"SNORD42A",0
"SNORD4B",0
"RPL31P58",0
"GALR2",0
"MIR6868",0
"OR1D3P",0
"RNU2-58P",0
"MIR454",0
"MIR301A",0
"RTN4RL1",0
"OVCA2",0
"MIR132",0
"MIR212",0
"MCUR1P1",0
"RN7SL624P",0
"SMG6-IT1",0
"SNORD91B",0
"SNORD91A",0
"DENRP3",0
"PPIAP55",0
"ACE3P",0
"FAM136DP",0
"EEF1DP7",0
"MIR3064",0
"MIR5047",0
"KPNA2P3",0
"TRIM80P",0
"MIR3678",0
"RNU6-938P",0
"OOSP1P2",0
"LINC02075",0
"GGT6",0
"RNU6-955P",0
"TM4SF5",0
"GLTPD2",0
"ATP6V0CP1",0
"MIR5010",0
"ATP5MGP7",0
"HMGB3P27",0
"RNU1-80P",0
"RNU7-97P",0
"KCNH4",0
"HCRT",0
"SPECC1-DT",0
"RNU6-258P",0
"RNU6-467P",0
"DHRS7C",0
"RNA5SP443",0
"KRT222",0
"KRT224P",0
"KRT25",0
"KRT28",0
"KRT12",0
"KRT20",0
"KRT23",0
"GH1",0
"SCN4A",0
"SNORD104",0
"SNORA50C",0
"PPY",0
"RNU6-131P",0
"MIR6782",0
"LHX1",0
"MIR2909",0
"GCGR",0
"PPP1R27",0
"MYADML2",0
"NOTUM",0
"MIR6780A",0
"RPS4XP17",0
"RNU6-840P",0
"UNC45B",0
"SPICP2",0
"TBC1D3P7",0
"KRT33A",0
"KRT33B",0
"KRT31",0
"KRT37",0
"MIR6785",0
"KCTD11",0
"OR4D2",0
"MIR657",0
"MIR3065",0
"MIR338",0
"MIR1250",0
"MIR3183",0
"BHLHA9",0
"TRARG1",0
"MIR4525",0
"SUMO2P7",0
"USP32P4",0
"RPL36AP47",0
"EFCAB3",0
"RNU7-52P",0
"RPS23P7",0
"RNU6-446P",0
"SLC4A1",0
"RN7SL507P",0
"RNU6-453P",0
"FAM171A2",0
"RPL7L1P5",0
"MIR378J",0
"RNU6-489P",0
"MIR451A",0
"MIR451B",0
"MIR144",0
"MIR4732",0
"DHRS13",0
"USH1G",0
"OTOP2",0
"RNU6-362P",0
"RN7SL573P",0
"NACA2",0
"SETP3",0
"OR1AC1P",0
"OR1E1",0
"OR1E2",0
"RNASEK-C17orf49",0
"MIR195",0
"MIR497",0
"CLEC10A",0
"QRICH2",0
"GAS2L2",0
"C17orf50",0
"HEATR9",0
"RPL21P123",0
"PIPOX",0
"KRT34",0
"KCNJ16",0
"TBC1D3E",0
"TBC1D3C",0
"TBC1D3",0
"RN7SL716P",0
"SNRPGP17",0
"RNU4-13P",0
"CD300LD",0
"KRTAP3-3",0
"KRTAP3-2",0
"KRTAP3-4P",0
"KRTAP3-1",0
"KRTAP1-5",0
"KRTAP1-3",0
"KRTAP1-1",0
"KRTAP2-3",0
"KRTAP2-4",0
"KRTAP2-5P",0
"KRTAP4-11",0
"KRTAP4-5",0
"KRTAP4-4",0
"OR1A1",0
"ZNF29P",0
"ZNF286A-TBC1D26",0
"TBC1D26",0
"E2F3P1",0
"TAF5LP1",0
"TOMM20P2",0
"SNORD7",0
"RN7SL138P",0
"DPRXP4",0
"MIR4733",0
"SEC24AP1",0
"MIR4524B",0
"MIR4524A",0
"SNRPGP4",0
"UFM1P2",0
"KRT38",0
"KRT43P",0
"KRT32",0
"RNU2-32P",0
"KRT36",0
"MIR6510",0
"LINC00974",0
"KRT9",0
"KRT35",0
"BTBD17",0
"RNA5SP448",0
"MIR4739",0
"RN7SL79P",0
"MIR4724",0
"RNU6ATAC7P",0
"MIR4725",0
"MIR365B",0
"TBC1D3L",0
"LINC02080",0
"RNU6-1264P",0
"BTF3P14",0
"MIR4315-1",0
"RDM1P1",0
"CHCT1",0
"RPSAP66",0
"RNU6-623P",0
"RN7SL606P",0
"RPL36AP46",0
"HMGN1P28",0
"RN7SL448P",0
"RPLP1P11",0
"RNU6-314P",0
"RN7SL442P",0
"MIR1288",0
"SNORD49B",0
"SNORD49A",0
"SNORD65",0
"KRTAP2-1",0
"KRTAP4-8",0
"KRTAP1-4",0
"KLHL10",0
"ODAD4",0
"CSHL1",0
"POLR3KP2",0
"KRTAP16-1",0
"RNF222",0
"C17orf99",0
"GSG1L2",0
"ASGR2",0
"PYY",0
"MIR4726",0
"RNA5SP440",0
"MIR4727",0
"KCNH6",0
"MIR633",0
"TRMT112P3",0
"DNAJB6P8",0
"SLC35G6",0
"GPR142",0
"SLC35G3",0
"MIR6864",0
"MIR6865",0
"SLC52A1",0
"ZFP3",0
"INCA1",0
"MIR4730",0
"RPL32P31",0
"RPL31P7",0
"MIR1268B",0
"RNA5SP438",0
"CCL7",0
"CCL11",0
"TBC1D28",0
"RNU1-108P",0
"RNU1-52P",0
"RNVU1-34",0
"RNU6-518P",0
"RPL35AP35",0
"ITM2BP1",0
"CPDP1",0
"RNA5SP437",0
"ARGFXP2",0
"LINC02887",0
"SCGB1C2",0
"HASPIN",0
"RN7SL236P",0
"TMEM235",0
"NEK4P2",0
"RNASEH1P2",0
"RNU6-405P",0
"RN7SL620P",0
"SRP68P1",0
"FAM106C",0
"COTL1P1",0
"WNT9B",0
"RNU6ATAC3P",0
"MIR5089",0
"RPRML",0
"RN7SL270P",0
"KRTAP4-3",0
"KRTAP4-2",0
"KRTAP4-1",0
"KRTAP4-17P",0
"KRTAP9-2",0
"KRTAP9-3",0
"KRTAP9-8",0
"KRTAP9-4",0
"KRTAP9-11P",0
"KRTAP29-1",0
"PPM1E",0
"CSH2",0
"GH2",0
"KRTAP9-6",0
"KRTAP9-7",0
"TBC1D3G",0
"TBC1D3H",0
"RNU6-1192P",0
"TBC1D3F",0
"TBC1D3JP",0
"RNA5SP439",0
"MTND6P35",0
"MTCYBP13",0
"MTND2P13",0
"NMTRS-TGA3-1",0
"MTATP6P3",0
"MTCO3P13",0
"CSH1",0
"SLC13A2",0
"FOXN1",0
"MPO",0
"MIR142",0
"MIR4736",0
"RNF43",0
"KRTAP4-6",0
"IGBP1C",0
"KRTAP4-9",0
"TBC1D3K",0
"KRTAP4-7",0
"OR1R1P",0
"KRTAP2-2",0
"KRT26",0
"KRTAP4-16",0
"TBC1D3D",0
"TNFSF12-TNFSF13",0
"BRCA1P1",0
"RNU2-1",0
"MRPS21P9",0
"CHAD",0
"ANKFN1",0
"RPL39P33",0
"PDLIM1P2",0
"KCNJ18",0
"WHSC1L2P",0
"SOST",0
"CFAP97D1",0
"CD300LG",0
"TVP23C-CDRT4",0
"RPL9P2",0
"PPIAP53",0
"LYZL6",0
"CCL16",0
"CCL15-CCL14",0
"CCL15",0
"RN7SL301P",0
"TBC1D3I",0
"RNU4-34P",0
"MIR4523",0
"RNU6-711P",0
"RNU6-1034P",0
"SRP68P3",0
"FAM106B",0
"LGALS9B",0
"TBC1D3P3",0
"MIR6778",0
"SRCIN1",0
"SPACA3",0
"MAPT",0
"HOXB1",0
"MIR10A",0
"HOXB9",0
"MIR196A1",0
"MIR3615",0
"KRT17P5",0
"KRT17P2",0
"KRT16P1",0
"NOS2P2",0
"USP32P2",0
"PYY2",0
"PPY2P",0
"ZNF286B",0
"TBC1D27P",0
"OR1D4",0
"TBC1D3P2",0
"YWHAEP7",0
"OR3A4P",0
"KRT42P",0
"UBBP4",0
"LRRC37A11P",0
"NOS2P1",0
"USP32P1",0
"KRT16P6",0
"KRT16P2",0
"KRT17P1",0
"KRT17P4",0
"AOC4P",0
"CCDC144NL",0
"NPEPPSP1",0
"CCDC144BP",0
"TRIM16L",0
"KRT223P",0
"USP32P3",0
"NOS2P3",0
"KRT16P3",0
"KRT17P6",0
"KRT17P7",0
"LINC00674",0
"RN7SL454P",0
"MIR6787",0
"RNU2-4P",0
"RNU6-1137P",0
"RNU6-470P",0
"MIR2117HG",0
"MIR2117",0
"RNU6-406P",0
"RNU6-971P",0
"CRHR1",0
"RAC3",0
"RNA5SP442",0
"RN7SL399P",0
"LINC02563",0
"PSMD7P1",0
"APOH",0
"RNA5SP444",0
"GARS1P1",0
"RNU6-1249P",0
"SMIM36",0
"MYCBPAP",0
"RN7SL405P",0
"MIR6783",0
"SUZ12P1",0
"RNU6-298P",0
"RNU6-1134P",0
"GPR160P2",0
"OR3A1",0
"SCARNA20",0
"SEPTIN7P12",0
"H3P42",0
"KRTAP9-1",0
"TBC1D3P5",0
"RND2",0
"RNU6-233P",0
"FAM187A",0
"DHX40P1",0
"TBC1D3P1",0
"MIR4737",0
"RHBDL3",0
"RN7SL800P",0
"POLRMTP1",0
"WEE1P2",0
"RPL23AP87",0
"KRT16P4",0
"RPL29P2",0
"RPL21P122",0
"RNF126P1",0
"RDM1P5",0
"UPF3AP2",0
"HMGB1P24",0
"RPL12P38",0
"SH3GL1P1",0
"KRT18P55",0
"DBIL5P",0
"LINC02210",0
"TCAM1P",0
"H1-9P",0
"WFDC21P",0
"KRTAP9-9",0
"AIPL1",0
"KIAA0753",0
"MIR4520-1",0
"MIR4520-2",0
"ALOX15P1",0
"SLC13A5",0
"RPL23AP73",0
"OR3A2",0
"OR3A3",0
"C17orf114",0
"RNY4P13",0
"H2BN1",0
"ALOXE3",0
"RN7SL774P",0
"SNORD3B-2",0
"SNORD3D",0
"RPL32P33",0
"RN7SKP180",0
"ROCR",0
"SOX9-AS1",0
"ALOX12P2",0
"MRPL45P2",0
"ALOX12P1",0
"TBC1D29P",0
"SMURF2P1",0
"SH3GL1P2",0
"LRRC37BP1",0
"RN7SL316P",0
"SNORA21B",0
"SNORA21",0
"MIR6779",0
"FBXO47",0
"TBX4",0
"MILIP",0
"LINC02210-CRHR1",0
"MIR4315-2",0
"RN7SL404P",0
"RDM1P4",0
"SLC16A6P1",0
"AMZ2P1",0
"CACNG5",0
"RNA5SP446",0
"CACNG4",0
"CACNG1",0
"RNA5SP447",0
"SLC47A1",0
"SNORA59B",0
"MTND1P14",0
"NMTRQ-TTG12-1",0
"MTND2P12",0
"MTCO1P39",0
"SLC47A1P2",0
"HOXB-AS2",0
"HOXB-AS4",0
"FBXW10B",0
"ZSWIM5P1",0
"RNA5SP436",0
"SPECC1P1",0
"ZFP3-DT",0
"COX6B1P2",0
"PRAC1",0
"PRAC2",0
"MIR3185",0
"HOXB13",0
"TTLL6",0
"RN7SL125P",0
"RNU1-42P",0
"GIP",0
"RNU6-826P",0
"CD300E",0
"MIR152",0
"RNU6-1201P",0
"MIR1203",0
"SKAP1-AS1",0
"SKAP1-AS2",0
"PPP1R1B",0
"MIR4728",0
"KRT8P34",0
"LRRC3C",0
"CDRT8",0
"LINC01180",0
"LINC00469",0
"LINC01497",0
"LINC02079",0
"LINC01992",0
"LINC01976",0
"FMNL1-AS1",0
"LINC01971",0
"LINC02089",0
"LINC02096",0
"ABCA9-AS1",0
"LINC02073",0
"LINC01987",0
"LINC02086",0
"LINC00868",0
"LINC01979",0
"FAM27E5",0
"LINC01982",0
"LINC02087",0
"LINC01989",0
"LINC02003",0
"ERVE-1",0
"LINC02091",0
"RPH3AL-AS1",0
"MAPT-AS1",0
"TMEM132E-DT",0
"LINC00671",0
"LINC01028",0
"LINC01563",0
"LHX1-DT",0
"MIR365BHG",0
"LINC02078",0
"LINC01996",0
"LINC02093",0
"PICART1",0
"C1QTNF1-AS1",0
"DYNLL2-DT",0
"MARCHF10-DT",0
"ABR-AS1",0
"SEPTIN9-DT",0
"LINC01152",0
"FAM215A",0
"LINC02090",0
"CACNA1G-AS1",0
"DCXR-DT",0
"MIR21",0
"SMCR5",0
"MIR6777",0
"BRI3P3",0
"MIR6884",0
"SNORD124",0
"MIR6866",0
"MIR6867",0
"PPIAP54",0
"RNA5SP441",0
"RPL23AP75",0
"TMEM92-AS1",0
"GTF2IP6",0
"RDM1P3",0
"ABHD17AP6",0
"CDRT15P1",0
"NSFP1",0
"PTP4A2P1",0
"HSD17B1P1",0
"THA1P",0
"RPL7AP64",0
"SPDYE22P",0
"TBC1D26-AS1",0
"NCOR1P2",0
"FTLP13",0
"RPS26P8",0
"FTLP12",0
"NOS2P4",0
"KRTAP9-12P",0
"YWHAEP3",0
"KRT16P5",0
"COTL1P2",0
"LRRC37A9P",0
"RPL29P31",0
"MSANTD3P1",0
"SPICP3",0
"KRT17P3",0
"RPL36AP48",0
"CDRT15P2",0
"LINC01999",0
"CCDC144CP",0
"CDRT15L2",0
"ZSWIM5P2",0
"LINC02088",0
"RNA5SP434",0
"LINC02092",0
"CD300LD-AS1",0
"LINC01928",0
"SLC25A3P3",0
"COP1P1",0
"COX6CP3",0
"RPS4XP18",0
"PPIAP57",0
"BOD1P2",0
"LINC01543",0
"AKAIN1",0
"SLC14A2",0
"TPMTP1",0
"RPS8P3",0
"NPM1P1",0
"ZBTB7C-AS1",0
"MTCO2P2",0
"RPS24P18",0
"MAP1LC3P",0
"RIT2",0
"POLR3GP2",0
"HRH4",0
"L3MBTL4-AS1",0
"ATP7BP1",0
"RPSAP57",0
"RPLP0P11",0
"MRPS5P4",0
"ARIH2P1",0
"HMGN1P31",0
"RPIAP1",0
"BOD1L2",0
"FBXO15",0
"WDR7-OT1",0
"MC4R",0
"LINC01903",0
"RPL31P9",0
"LINC03111",0
"CTBP2P3",0
"DHFRP1",0
"BDP1P",0
"MTL3P",0
"RPL30P14",0
"LINC02565",0
"RAC1P1",0
"RPS2P6",0
"NRBF2P1",0
"AIDAP3",0
"NPM1P2",0
"LINC02974",0
"AKR1B10P2",0
"PLEKHB2P1",0
"SDHCP1",0
"CBLN2",0
"KRT8P5",0
"LINC01898",0
"HNRNPA1P11",0
"KRT18P8",0
"EIF4A3P1",0
"PRPF19P1",0
"NETO1",0
"LARP7P3",0
"RPL12P40",0
"RPL17P45",0
"LINC01916",0
"LINC01922",0
"ENTR1P1",0
"RN7SKP72",0
"RNU6-349P",0
"RN7SL282P",0
"RN7SL50P",0
"MIR4317",0
"RNU6-916P",0
"RNU6-903P",0
"RN7SL97P",0
"RNU6-1289P",0
"MIR302F",0
"RNU6-408P",0
"MIR3975",0
"MIR3929",0
"MIR4318",0
"MIR924",0
"MIR5583-2",0
"MIR5583-1",0
"RNU6-1242P",0
"RN7SKP182",0
"RNA5SP454",0
"RNA5SP455",0
"MIR187",0
"MIR4743",0
"MIR4527",0
"RNU6-706P",0
"RNA5SP458",0
"RNU6-737P",0
"RNU6-116P",0
"RN7SL342P",0
"RNA5SP456",0
"RNU4-17P",0
"RNU6-567P",0
"MIR5011",0
"RNU6-1037P",0
"RN7SL705P",0
"RN7SL795P",0
"RNA5SP460",0
"MIR548AV",0
"RNU6-39P",0
"RNU6-655P",0
"RPL31P59",0
"IGLJCOR18",0
"RPL21P127",0
"BOD1P1",0
"RNU6-1131P",0
"SKOR2",0
"RN7SKP44",0
"TTR",0
"MIR4744",0
"PRR13P4",0
"RPL17-C18orf32",0
"MIR1539",0
"SNORD58C",0
"SNORD58A",0
"SNORD58B",0
"SRP72P1",0
"SRSF10P1",0
"RNU1-46P",0
"RNA5SP459",0
"TCF4-AS1",0
"RPL21P126",0
"AQP4",0
"RSL24D1P11",0
"LINC01897",0
"HMGN1P30",0
"MIR122",0
"MIR3591",0
"ALPK2",0
"SNORA108",0
"RPL9P31",0
"RNU6-219P",0
"RNU2-69P",0
"MIX23P1",0
"PMM2P1",0
"MIR6788",0
"RPL21P128",0
"RNU6-120P",0
"EXOGP1",0
"MIR320C1",0
"SERPINB5",0
"ATP5MC1P6",0
"ANKRD62",0
"RNU6-324P",0
"PMM2P2",0
"MIX23P3",0
"PPIAP56",0
"CIDEA",0
"RNU6-170P",0
"MLECP1",0
"MIR4319",0
"MIR5190",0
"MIR4526",0
"RN7SL362P",0
"SNRPCP4",0
"RNU7-25P",0
"RNU6-857P",0
"DSC1",0
"RNU6-167P",0
"RNA5SP453",0
"MEP1B",0
"CLUHP6",0
"SERPINB13",0
"SERPINB3",0
"ASXL3-DT",0
"DYNAPP2",0
"DYNAPP3",0
"DYNAP",0
"DIPK1C",0
"RN7SL551P",0
"C18orf63",0
"SERPINB12",0
"RNU7-129P",0
"THEMIS3P",0
"AKR1B1P6",0
"ELOA2",0
"SLC25A6P4",0
"IL9RP4",0
"MIR8078",0
"BOLA2P1",0
"LINC01904",0
"KATNBL1P3",0
"RNU6-340P",0
"SALL3",0
"CETN1",0
"RN7SKP146",0
"LRRC30",0
"FHOD3",0
"LINC03101",0
"LONRF2P1",0
"GRAMD4P7",0
"RNU6-1021P",0
"OR4K7P",0
"OR4K8P",0
"SNX19P3",0
"VN1R74P",0
"GTF2IP8",0
"RNU6-1210P",0
"MIR3156-2",0
"LINC01906",0
"RN7SL862P",0
"RNA5SP449",0
"PIGPP4",0
"TXNDC2",0
"RNA5SP450",0
"RPS27P28",0
"MC5R",0
"SNORA37",0
"MIR133A1",0
"MIR1-2",0
"RNU6-1038P",0
"RNA5SP451",0
"TOMM20P3",0
"RPS4XP19",0
"RNU5F-3P",0
"MIR3976",0
"GRP",0
"RAX",0
"CPLX4",0
"RPS26P54",0
"GLUD1P4",0
"SIGLEC15",0
"RN7SKP26",0
"RNY4P37",0
"RNU6-1278P",0
"GREB1L",0
"ASXL3",0
"ELOA3DP",0
"ELOA3BP",0
"ELOA3P",0
"SERPINB7",0
"HMSD",0
"RPL12P39",0
"SCARNA17",0
"RNA5SP457",0
"ADAD1P2",0
"MIR4320",0
"RN7SL310P",0
"MYO5B",0
"STK25P1",0
"EIF4A2P1",0
"MC2R",0
"FRG2LP",0
"SERPINB10",0
"RPL17P44",0
"SLC35G4",0
"MIR7153",0
"ASNSP6",0
"GAD3P",0
"ROCK1P1",0
"NPIPB1P",0
"RNU6-346P",0
"RPL26P35",0
"ANKRD20A5P",0
"RNU6-316P",0
"RHOT1P1",0
"CYP4F35P",0
"FEM1AP2",0
"TUBB8B",0
"SYT4",0
"RN7SL39P",0
"DLGAP1-AS3",0
"MIR6718",0
"RNU6-831P",0
"GAPDHP66",0
"ELOCP27",0
"DCC",0
"VN1R76P",0
"MIR4528",0
"RPL29P32",0
"CUPIN1P",0
"DYNAPP1",0
"ZNF396",0
"RPL7AP67",0
"HNRNPA3P16",0
"RPL17P46",0
"SS18L2P2",0
"RSL24D1P9",0
"RPS10P27",0
"KIAA0895LP1",0
"ADGRA3P1",0
"CHORDC1P4",0
"CBX3P2",0
"CXADRP3",0
"RPLP0P12",0
"ELOA3CP",0
"RPL6P27",0
"LRRC37A7P",0
"OACYLP",0
"ZNF271P",0
"RN7SL401P",0
"SMIM21",0
"CCND3P2",0
"ZNF516-DT",0
"ARL2BPP1",0
"RNA5SP461",0
"BNIP3P3",0
"RNU6-721P",0
"RNU6ATAC20P",0
"RNU6-702P",0
"RNU6-1032P",0
"UBE2CP2",0
"MIR4741",0
"MIR8057",0
"CIAPIN1P",0
"ATP6V1E1P2",0
"UBA52P9",0
"RBM22P1",0
"PA2G4P3",0
"WBP11P1",0
"KLHL14",0
"SLC14A2-AS1",0
"DSCAS",0
"LINC01538",0
"SLC25A52",0
"RNU6-1050P",0
"RNU5A-6P",0
"RNA5SP452",0
"RNU6-435P",0
"MIR320C2",0
"PARD6G-AS1",0
"LINC01415",0
"GACAT2",0
"LINC01882",0
"LINC02958",0
"LINC01443",0
"LINC01444",0
"COSMOC",0
"LINC-ROR",0
"LINC01254",0
"LINC01541",0
"LINC01925",0
"LINC01899",0
"ARHGAP28-AS1",0
"DLGAP1-AS4",0
"MIR122HG",0
"LINC01917",0
"LINC01919",0
"ZNF24TR",0
"LINC01478",0
"LINC01895",0
"LINC01900",0
"SNHG22",0
"LIVAR",0
"GAPLINC",0
"ZNF516-AS1",0
"LINC01902",0
"LINC01912",0
"MIR924HG",0
"LINC00683",0
"LINC01927",0
"LINC03110",0
"DSG1-AS1",0
"LINC01029",0
"LINC01896",0
"PCAT18",0
"DLGAP1-AS5",0
"NETO1-DT",0
"MIR4527HG",0
"GREB1L-DT",0
"LINC02564",0
"LINC02837",0
"LINC01924",0
"LINC02864",0
"TCF4-AS2",0
"PPIAP14",0
"FAM32DP",0
"WBP2P1",0
"LINC01894",0
"SDHDP1",0
"FGF7P1",0
"SMUG1P1",0
"NF1P5",0
"RPL23AP77",0
"LINC01887",0
"ADRA1D",0
"RSPO4",0
"DEFB129",0
"DYNLT3P1",0
"EEF1A1P34",0
"DEFB125",0
"SRSF10P2",0
"LIN28AP3",0
"DEFB128",0
"DEFB126",0
"RPL7P2",0
"EIF4E2P1",0
"PA2G4P2",0
"CST5",0
"RPL7AP13",0
"CENATACP1",0
"PGAM3P",0
"RPS11P1",0
"GAPDHP2",0
"PCMTD1P7",0
"PDYN-AS1",0
"CFTRP2",0
"POM121L3P",0
"CST2",0
"CFTRP3",0
"SCRT2",0
"DEFB127",0
"DUX4L33",0
"DEFB115",0
"CST2P1",0
"CST9L",0
"LINC01734",0
"WFDC10A",0
"DHX35-DT",0
"GAPDHP54",0
"WFDC11",0
"CDC27P3",0
"RPL35AP",0
"ATG3P1",0
"CFAP61-AS1",0
"RPL27AP9",0
"MC3R",0
"RPL13P14",0
"DKKL1P1",0
"GAPDHP53",0
"CST9LP2",0
"RBBP8NL",0
"CSTP2",0
"PHACTR3-AS1",0
"LINC01056",0
"LINC01429",0
"ANAPC13P1",0
"SALL4",0
"SCP2D1",0
"BHLHE23",0
"RPSAP1",0
"RPL29P35",0
"FRG2EP",0
"GATA5",0
"AGGF1P10",0
"EDN3",0
"RPL7P3",0
"PIEZO1P1",0
"LLPHP1",0
"MRPS11P1",0
"RN7SL547P",0
"RN7SL607P",0
"RN7SKP111",0
"RN7SL690P",0
"RNU1-23P",0
"RNA5SP528",0
"MIR4755",0
"RNU6-639P",0
"RNA5SP532",0
"RN7SL116P",0
"RN7SL680P",0
"RNU7-144P",0
"RNU6-347P",0
"RNU7-6P",0
"RNU6-497P",0
"RNA5SP487",0
"MIR3194",0
"RNU6-929P",0
"RNU4ATAC7P",0
"RNU7-141P",0
"MIR1-1",0
"MIR133A2",0
"RN7SKP33",0
"MIR4758",0
"RNU6-563P",0
"RBPJL",0
"SYS1-DBNDD2",0
"LINC01711",0
"STX16-NPEPL1",0
"MIR296",0
"MIR298",0
"MRPS16P2",0
"GDF5-AS1",0
"GDF5",0
"MIR1289-1",0
"C20orf173",0
"RPL36P4",0
"RPL37P1",0
"RN7SL156P",0
"RPS3AP3",0
"RPS27AP3",0
"RN7SL443P",0
"RNU6-743P",0
"EIF4EBP2P1",0
"RPL27AP",0
"GTSF1L",0
"CST9",0
"R3HDML",0
"MIR124-3",0
"BIRC7",0
"MIR3196",0
"NKAIN4",0
"MIR4326",0
"RNU6-994P",0
"CHRNA4",0
"HIGD1AP15",0
"RPL23AP6",0
"SDAD1P2",0
"FNDC11",0
"RNU1-94P",0
"XKR7",0
"RNA5SP482",0
"RSL24D1P6",0
"MIR1825",0
"RNA5SP483",0
"MT1P3",0
"FAM83C",0
"GDAP1L1",0
"TGIF2-RAB5IF",0
"HNRNPA3P2",0
"AVP",0
"RN7SL555P",0
"HM13-IT1",0
"RNU6-384P",0
"MIR3193",0
"ATP5MFP7",0
"MYLK2",0
"ZNF877P",0
"RNU6-192P",0
"OVOL2",0
"SNORD17",0
"PTMAP3",0
"RPL15P1",0
"RNU7-137P",0
"GGCTP2",0
"RN7SL14P",0
"RNU2-56P",0
"RN7SKP74",0
"SNPH",0
"MIR6869",0
"SIRPB2",0
"RNU6-917P",0
"SIRPD",0
"TVP23BP3",0
"ZSWIM3",0
"FTLP1",0
"SLC12A5-AS1",0
"TCEAL9P1",0
"SLC4A11",0
"C20orf144",0
"RPL31P2",0
"RN7SL666P",0
"PPIAP21",0
"PROKR2",0
"RNA5-8SP7",0
"GNRH2",0
"BANF2",0
"RNU2-52P",0
"MIR6871",0
"RPL23AP81",0
"RN7SL615P",0
"RPL7AP12",0
"PRND",0
"PRNT",0
"IDI1P3",0
"RPF2P1",0
"RNA5SP484",0
"ADI1P1",0
"RPL12P11",0
"RNU6-1018P",0
"RPL5P2",0
"SPINT3",0
"EPPIN-WFDC6",0
"HSPD1P21",0
"EPPIN",0
"RNA5SP485",0
"HNRNPA1P3",0
"SPINT5P",0
"RNU6ATAC38P",0
"NTSR1",0
"ARF4P2",0
"SPEF1",0
"MIR103B2",0
"HMGB3P2",0
"RPL39P",0
"FAM209A",0
"FAM209B",0
"SNORD12C",0
"SNORD12B",0
"SNORD12",0
"PSMD10P1",0
"RPL21P2",0
"CST1",0
"CST4",0
"NEURL2",0
"WFDC13",0
"MIR3617",0
"SPINT4",0
"RPL13P2",0
"TNFRSF6B",0
"RPL19P1",0
"C20orf141",0
"TMEM239",0
"SPATA25",0
"RAD21L1",0
"ZNF831",0
"ACTL10",0
"TPM3P2",0
"RNU7-173P",0
"SRMP1",0
"RNA5SP486",0
"RNU7-92P",0
"PEDS1-UBE2V1",0
"RN7SL636P",0
"COX6CP2",0
"RN7SL672P",0
"MIR1302-5",0
"RPL36P2",0
"CST11",0
"SLC25A6P1",0
"GHRH",0
"ANKEF1",0
"OCSTAMP",0
"HRH3",0
"TGM3",0
"TGM6",0
"SNORA71E",0
"SNORA60",0
"MIR548O2",0
"SLC32A1",0
"RN7SKP173",0
"MIR1257",0
"RPL17P48",0
"MIR3195",0
"WFDC8",0
"CCNB1IP1P2",0
"ADIG",0
"SUMO1P1",0
"MIR4756",0
"CYP24A1",0
"BCAS1",0
"MIR499A",0
"MIR499B",0
"RNU6-407P",0
"HSPD1P19",0
"CIMIP1",0
"ANKRD60",0
"MIR6812",0
"MATN4",0
"SUN5",0
"BPIFB2",0
"BPIFB6",0
"PUDPP3",0
"BPIFB4",0
"BPIFA2",0
"SOCS2P1",0
"BPIFA3",0
"RPL12P3",0
"BPIFB1",0
"BPIFB5P",0
"BPIFB3",0
"DNMT3B",0
"ASIP",0
"XPOTP1",0
"CDC42P1",0
"ITCH-IT1",0
"FOXA2",0
"KRT18P3",0
"GCNT1P1",0
"RNA5SP476",0
"MIR3192",0
"RPL21P3",0
"RN7SL638P",0
"RNU6ATAC34P",0
"DUXAP7",0
"DTD1-AS1",0
"MIR4325",0
"RPL39P39",0
"SPO11",0
"MTND1P9",0
"DEFB121",0
"DEFB123",0
"WFDC12",0
"PI3",0
"SEMG2",0
"DEFB116",0
"RPL31P3",0
"HAUS6P2",0
"RNA5SP480",0
"DEFB117",0
"DEFB118",0
"DEFB119",0
"PAX1",0
"CHGB",0
"KANK1P1",0
"RN7SL498P",0
"TARDBPP1",0
"RNU1-55P",0
"FGFR3P3",0
"GFRA4",0
"MIR3646",0
"WFDC5",0
"MYT1",0
"IL9RP5",0
"CICP4",0
"IQSEC3P3",0
"CYB5AP4",0
"SSTR4",0
"RNA5SP478",0
"MIR6813",0
"RPS18P1",0
"LIME1",0
"C20orf181",0
"MIR941-1",0
"MIR941-2",0
"MIR941-3",0
"MIR941-4",0
"MIR941-5",0
"MIR1914",0
"MIR647",0
"SAMD10",0
"PPIAP17",0
"RPLP0P1",0
"SEL1L2",0
"RNU6-278P",0
"MACROD2",0
"RPS3P1",0
"AIMP1P1",0
"RN7SL864P",0
"FLRT3",0
"RNU6-228P",0
"RNF11P2",0
"MACROD2-IT1",0
"RNU6-1159P",0
"RNU6-115P",0
"RNA5SP475",0
"ENSAP1",0
"CST13P",0
"CSTP1",0
"ANKRD20A21P",0
"ZNF285DP",0
"BPIFA4P",0
"DEFB122",0
"PPP4R1L",0
"FRG1CP",0
"RNU6ATAC17P",0
"RN7SL594P",0
"MED28P7",0
"BSNDP1",0
"BSNDP2",0
"EEF1A2",0
"NNAT",0
"PPIAP3",0
"GLRXP1",0
"LINC00489",0
"HSPBAP1P1",0
"HAO1",0
"PHKBP1",0
"RNU105B",0
"RPL36P1",0
"RN7SKP184",0
"PPIAP10",0
"ZNF217-AS1",0
"RNU7-14P",0
"HMGB3P1",0
"NEFHP2",0
"PTPRT-AS1",0
"RN7SKP100",0
"PTPRT",0
"BPIFA1",0
"APCDD1L",0
"RPS4XP2",0
"MKRN7P",0
"FER1L4",0
"ZNF663P",0
"WFDC6",0
"RN7SL197P",0
"SNRPFP1",0
"RNU6-919P",0
"RPS21P7",0
"RNA5SP474",0
"MIR646",0
"MTCO2P1",0
"MIR4533",0
"MIR548AG2",0
"RIMS4",0
"PGBD4P2",0
"SIRPG-AS1",0
"RN7SL561P",0
"CKAP2LP1",0
"PDYN",0
"LINC01751",0
"MIR8062",0
"DNAJC9P1",0
"MIR6870",0
"FAT1P1",0
"LINC01722",0
"RNU6-27P",0
"RNU1-131P",0
"CST12P",0
"CST8",0
"CFTRP1",0
"BSNDP3",0
"NCOR1P1",0
"MIR663A",0
"RN7SKP185",0
"RN7SL237P",0
"BPI",0
"HSPE1P1",0
"RPS2P54",0
"MIR3616",0
"LINC03079",0
"MRPS33P4",0
"ZNF840P",0
"C20orf203",0
"SNORA71A",0
"SNORA71C",0
"SNORA71D",0
"KCNQ2-AS1",0
"GNAS-AS1",0
"KIZ-AS1",0
"MIR1292",0
"SNORD110",0
"SNORA51",0
"SNORD86",0
"SNORD56",0
"SNORD57",0
"BMP7-AS1",0
"LINC01370",0
"LINC01427",0
"LINC00686",0
"SCP2D1-AS1",0
"APCDD1L-DT",0
"R3HDML-AS1",0
"LINC00851",0
"LINC01713",0
"RIPOR3-AS1",0
"LINC03083",0
"STK4-DT",0
"LINC00659",0
"HM13-AS1",0
"LINC01718",0
"EYA2-AS1",0
"LINC00029",0
"LINC01620",0
"LINC01747",0
"NOL4L-DT",0
"HAR1B",0
"LINC01749",0
"LINC01432",0
"LINC00658",0
"LINC00654",0
"LNCNEF",0
"ISM1-AS1",0
"LAMA5-AS1",0
"LINC00261",0
"LINC01441",0
"FAM242A",0
"LINC01597",0
"LINC00237",0
"LINC01742",0
"LINC01523",0
"PLCB1-IT1",0
"PTPRT-DT",0
"NKX2-4",0
"GSTM3P1",0
"NKX2-2",0
"NKX2-2-AS1",0
"LINC01727",0
"BETALINC1",0
"LINC01726",0
"VTCN1P1",0
"KRT18P4",0
"RNU6-147P",0
"SCREEM1",0
"TRERNA1",0
"LINC00656",0
"BBLNP1",0
"FRG1EP",0
"CST9LP1",0
"RPS27AP2",0
"MLLT10P1",0
"FRG1BP",0
"RARRES2P11",0
"PIEZO1P2",0
"RPS10P5",0
"VN1R108P",0
"SIRPB3P",0
"NIPAL1P1",0
"RPS4XP3",0
"TFAP2C",0
"RNU6-1146P",0
"RN7SL170P",0
"PTMAP6",0
"OR4F8P",0
"WBP1LP11",0
"C2CD4C",0
"ONECUT3",0
"TJP3",0
"ELOCP28",0
"ZNRF4",0
"CELF5",0
"ZFR2",0
"RPS2P52",0
"CYP4F10P",0
"TEKTL1",0
"OR7C2",0
"OR7A11P",0
"CYP4F8",0
"OR7A3P",0
"PGLYRP2",0
"OR7A15P",0
"CASP14",0
"OR10H4",0
"NCAN",0
"BORCS8-MEF2B",0
"VN1R80P",0
"MTDHP2",0
"BNIP3P24",0
"VN1R79P",0
"VN1R82P",0
"VN1R78P",0
"ZNF729",0
"CPSF6P1",0
"VN1R84P",0
"BNIP3P28",0
"BNIP3P32",0
"KRT18P40",0
"BNIP3P36",0
"CYP4F3",0
"VN1R90P",0
"BNIP3P35",0
"BNIP3P8",0
"CDC42EP3P1",0
"BNIP3P31",0
"RPL7AP10",0
"MEF2B",0
"MTDHP4",0
"BNIP3P30",0
"ERVK-28",0
"BNIP3P33",0
"VN1R91P",0
"BNIP3P29",0
"ZNF98",0
"MTDHP5",0
"BNIP3P40",0
"VN1R85P",0
"ZNF92P2",0
"BNIP3P38",0
"HAPLN4",0
"MTDHP3",0
"RPL36AP51",0
"BRI3BPP1",0
"RPS4XP20",0
"PPIAP58",0
"VN1R92P",0
"DMKN",0
"TAF9P3",0
"RPS4XP23",0
"RPS26P55",0
"RAB4B-EGLN2",0
"SNX6P1",0
"RPL29P33",0
"NLRP4",0
"IRGC",0
"CYP2A6",0
"CYP2A7P2",0
"CKM",0
"CYP2G2P",0
"BNIP3P34",0
"CYP2A13",0
"BSPH1",0
"KRTDAP",0
"RPL36P16",0
"RPS10P28",0
"KLK2",0
"MIA-RAB4B",0
"SUMO1P4",0
"VN1R88P",0
"BRSK1",0
"VN1R81P",0
"LINC01782",0
"CHCHD2P3",0
"RPS4XP21",0
"RNU6-2",0
"MIR1302-11",0
"RN7SL121P",0
"MIR7850",0
"RNU6-782P",0
"MIR1470",0
"RNU6-1028P",0
"RNA5SP469",0
"RNA5-8SP4",0
"RNU6-967P",0
"RNA5SP471",0
"RNA5SP472",0
"RN7SL154P",0
"MIR4324",0
"IFNL3P1",0
"MSRB1P1",0
"IFNL4P1",0
"IFNL1",0
"RN7SL566P",0
"RPS29P24",0
"RPS29P25",0
"PNMA8B",0
"GAPDHP38",0
"LRFN1",0
"CRB3",0
"RPL7P50",0
"MIR6791",0
"MIR4745",0
"MIR3187",0
"NANOS2",0
"MIR769",0
"PGLYRP1",0
"IGFL3",0
"TGIF1P1",0
"RSPH6A",0
"UBE2L4",0
"SNORD23",0
"MIR4750",0
"MIR4751",0
"ASPDH",0
"GPR32P1",0
"GPR32",0
"SNORD88B",0
"SNORD88A",0
"SNORD88C",0
"CYP4F36P",0
"ZNF861P",0
"CTBP2P7",0
"RN7SL192P",0
"MIR6886",0
"MIR6796",0
"HIPK4",0
"SERTAD3-AS1",0
"PSG6",0
"SYCN",0
"CLEC17A",0
"RAX2",0
"IFNL2",0
"FGF21",0
"RNU6-317P",0
"LINC00904",0
"MIR6887",0
"FXYD7",0
"MIR5695",0
"MIR6515",0
"TMEM150B",0
"COX6B2",0
"GARIN5B",0
"IL11",0
"TMEM190",0
"MIR6805",0
"ZNF628-DT",0
"SBK3",0
"ZNF579",0
"NLRP9",0
"RN7SKP109",0
"RFPL4AL1",0
"RFPL4AP1",0
"RN7SL477P",0
"OR7D1P",0
"OR7E18P",0
"OR7H1P",0
"ZNF560",0
"ZSCAN5DP",0
"VN2R17P",0
"SLC25A36P1",0
"RDH8",0
"MIR5589",0
"PPAN-P2RY11",0
"SNORD105",0
"SNORD105B",0
"MIR4322",0
"RPL39P34",0
"ZNF607",0
"WDR87",0
"RN7SL718P",0
"ERICH4",0
"SIGLEC29P",0
"RPL9P33",0
"MIR99B",0
"MIRLET7E",0
"MIR125A",0
"RNA5SP468",0
"RPL39P38",0
"MIR6799",0
"MIR6800",0
"MIR4749",0
"FXYD1",0
"PRAM1",0
"SYNGR4",0
"SULT2B1",0
"SPACA4",0
"ELAVL3",0
"RPL18AP13",0
"PTH2",0
"FLT3LG",0
"SNORD32A",0
"SNORD33",0
"SNORD34",0
"SNORD35A",0
"SNORD35B",0
"MIR150",0
"MIR5088",0
"TSKS",0
"RNU6-841P",0
"TMEM145",0
"EIF1P6",0
"MIR4746",0
"ARPC1AP2",0
"MIR6798",0
"NTF6A",0
"NTF6G",0
"NTF6B",0
"CGB5",0
"RN7SL708P",0
"VN1R6P",0
"RN7SL317P",0
"RNU6-698P",0
"MIR512-1",0
"MIR512-2",0
"MIR1323",0
"MIR498",0
"MIR520E",0
"MIR515-1",0
"MIR519E",0
"MIR520F",0
"MIR515-2",0
"MIR519C",0
"MIR1283-1",0
"MIR520A",0
"MIR526B",0
"MIR519B",0
"MIR525",0
"MIR523",0
"MIR518F",0
"MIR520B",0
"MIR518B",0
"MIR526A1",0
"MIR520C",0
"MIR518C",0
"MIR524",0
"MIR517A",0
"MIR519D",0
"MIR521-2",0
"RNU6-803P",0
"MIR520D",0
"MIR517B",0
"MIR520G",0
"MIR516B2",0
"MIR526A2",0
"MIR518E",0
"MIR518A1",0
"RNU6-980P",0
"MIR518D",0
"MIR516B1",0
"MIR518A2",0
"MIR517C",0
"MIR520H",0
"RNU6-982P",0
"MIR521-1",0
"RNU6-751P",0
"MIR522",0
"MIR519A1",0
"MIR527",0
"MIR516A1",0
"MIR1283-2",0
"RNU6-1041P",0
"MIR516A2",0
"MIR519A2",0
"MIR1909",0
"RPL23AP78",0
"MIR7108",0
"GALP",0
"MIR639",0
"RN7SL337P",0
"MIR8077",0
"CXCL17",0
"RNU4-60P",0
"CEACAMP2",0
"CEACAM8",0
"CEACAMP1",0
"CAMSAP3",0
"MIR6792",0
"RPS27AP19",0
"RETN",0
"FCER2",0
"EXOSC3P2",0
"PRR36",0
"LYPLA2P2",0
"LRRC8E",0
"ISCA1P7",0
"BNIP3P26",0
"CD209",0
"SAXO5",0
"CLEC4M",0
"LINC02926",0
"WDR83OS",0
"SNORD41",0
"BEST2",0
"MIR5684",0
"MIR6794",0
"MIR6795",0
"EPHX3",0
"RNU6-195P",0
"RPL21P130",0
"MIR24-2",0
"MIR27A",0
"MIR23A",0
"MIR181C",0
"MIR181D",0
"RLN3",0
"PALM3",0
"MIR1199",0
"C19orf67",0
"RN7SL231P",0
"GDF1",0
"RPL35AP38",0
"RNU7-140P",0
"MIR1238",0
"AP1M2",0
"LSM2P1",0
"MIR199A1",0
"MIR6793",0
"C19orf38",0
"HIKESHIP2",0
"MIR4323",0
"RN7SL836P",0
"MIR642A",0
"MIR642B",0
"OR7A5",0
"CGB2",0
"LGALS7B",0
"RNU6-140P",0
"LGALS4",0
"RPS15P9",0
"NXNL1",0
"FUT6",0
"FUT5",0
"RNA5SP462",0
"MADCAM1",0
"ACER1",0
"MIR6885",0
"MIR6790",0
"MIR3940",0
"SLC25A41",0
"RN7SL663P",0
"LILRB5",0
"RNU6-1307P",0
"MIR4752",0
"CYP2A7",0
"RTBDN",0
"HPN",0
"GFY",0
"OR10H3",0
"OR7E24",0
"APOC4",0
"APOC4-APOC2",0
"APOC2",0
"RPS29P23",0
"MTND2P40",0
"MTCO1P27",0
"MTCO2P27",0
"MTATP6P27",0
"PPIAP20",0
"RNU6-165P",0
"MIR371A",0
"MIR371B",0
"MIR372",0
"MIR373",0
"CACNG7",0
"CACNG8",0
"MIR935",0
"CACNG6",0
"VSTM1",0
"TMEM59L",0
"RN7SL155P",0
"RNA5SP465",0
"RNA5SP466",0
"ZNF20",0
"RSL24D1P8",0
"RNA5SP467",0
"ZNF625-ZNF20",0
"ZNF625",0
"RPS16P9",0
"OR7G1",0
"OR7G15P",0
"OR7G3",0
"OR7D2",0
"ELOCP29",0
"OR7E16P",0
"OR7D4",0
"OR7A17",0
"OR7A18P",0
"RN7SL835P",0
"RN7SL823P",0
"SHISA7",0
"C19orf85",0
"THSD8",0
"MEX3D",0
"CERS1",0
"CGB8",0
"LGALS7",0
"KCNA7",0
"CYP4F11",0
"LMTK3",0
"CGB3",0
"SLC1A6",0
"ZNF816-ZNF321P",0
"VN1R2",0
"RNU6-902P",0
"ZNF225",0
"ZNF233",0
"KLK9",0
"KLK11",0
"KLK13",0
"KLK14",0
"SIGLEC9",0
"SIGLEC7",0
"SIGLEC21P",0
"IGLON5",0
"CLDND2",0
"LIM2",0
"NIFKP6",0
"TARM1",0
"LILRA5",0
"VN1R104P",0
"LILRA4",0
"LINC02959",0
"KCNC3",0
"MYBPC2",0
"HNRNPDLP4",0
"RN7SL526P",0
"PRR22",0
"ATCAY",0
"RN7SL202P",0
"MIR637",0
"SNORD37",0
"CREB3L3",0
"HMGB2P1",0
"VN1R93P",0
"BNIP3P39",0
"TYMSP2",0
"OR5AH1P",0
"MIR1227",0
"MIR6789",0
"MIR4321",0
"LEUTX",0
"MBD3L5",0
"MBD3L4",0
"MBD3L2",0
"GNG8",0
"KLK3",0
"ELSPBP1",0
"SPTBN4",0
"IGFL4",0
"IGFL1P1",0
"RPL12P41",0
"IGFL1",0
"MBD3L3",0
"OR2Z1",0
"OR7G2",0
"OR4F17",0
"MISP3",0
"ERVV-1",0
"NMRK2",0
"CLEC4G",0
"DPF1",0
"ATP8B3",0
"IFNL3",0
"HCN2",0
"TSPAN16",0
"ANKRD24",0
"RPL32P34",0
"RN7SL525P",0
"MIR6807",0
"BICRA",0
"SYNE4",0
"MCEMP1",0
"B3GNT3",0
"KCNN1",0
"ZNF541",0
"RN7SL322P",0
"NFILZ",0
"PPIAP59",0
"KLK5",0
"KLK6",0
"KLK7",0
"OSCAR",0
"KLK4",0
"LILRA1",0
"LILRB1",0
"MIR8061",0
"VN1R105P",0
"KIR2DL3",0
"KIR2DP1",0
"KIR3DP1",0
"RNU6-222P",0
"FCAR",0
"LILRB4",0
"NLRP8",0
"NLRP5",0
"ZSCAN5B",0
"MIR5196",0
"KLK8",0
"RNU6-9",0
"PRTN3",0
"KLK15",0
"CGB1",0
"NTF4",0
"SHD",0
"FSD1",0
"ELANE",0
"RTN2",0
"MIR330",0
"SNORA68",0
"RPL36AP50",0
"IGFL1P2",0
"RNU6-924P",0
"FAM90A27P",0
"ZSCAN4",0
"MIR4747",0
"RNU6-1223P",0
"RN7SL150P",0
"SUNO1",0
"WDR88",0
"RPS3AP50",0
"AKR1B1P7",0
"PRODH2",0
"FAM187B",0
"FAM187B2P",0
"HAMP",0
"MAG",0
"DNAJC19P2",0
"DNAJC19P3",0
"CEACAM7",0
"CEACAM5",0
"LYPD4",0
"DMRTC2",0
"MIR6797",0
"ERFL",0
"ATP1A3",0
"MIR7974",0
"RN7SL833P",0
"CRX",0
"TPRX1",0
"LINC03085",0
"TPRX2",0
"SULT2A1",0
"MIA",0
"ZNF114",0
"RPL31P60",0
"FAAP24",0
"PCSK4",0
"SELENOV",0
"NLRP11",0
"VN1R4",0
"NPAS1",0
"MIR3191",0
"IZUMO2",0
"MIR641",0
"MIR7-3",0
"EFNA2",0
"MIR6801",0
"MIR643",0
"DPPA5P1",0
"ZNF534",0
"BNIP3P9",0
"BNIP3P10",0
"BNIP3P47",0
"IFNL4",0
"KIR2DS4",0
"MIR6806",0
"ZNF837",0
"RNF225",0
"LINC02560",0
"ZNF132-DT",0
"ZNF324B",0
"RNU6-1337P",0
"RN7SL693P",0
"CYP4F9P",0
"SNX33P1",0
"PMIS2",0
"CEACAMP7",0
"CEACAMP8",0
"PSG2",0
"CEACAMP9",0
"PSG3",0
"PSG8",0
"PSG1",0
"OR1AB1P",0
"OR4G1P",0
"OR7A1P",0
"CYP4F23P",0
"CYP2G1P",0
"OR7A2P",0
"OR7E19P",0
"ZNF542P",0
"ZNF137P",0
"ZNF788P",0
"OR7E25P",0
"SIGLEC22P",0
"KLKP1",0
"KIR3DX1",0
"FAM90A28P",0
"CEACAMP3",0
"CLEC4OP",0
"CYP2B7P",0
"SIGLEC17P",0
"APOC1P1",0
"ZNF818P",0
"C3P1",0
"ZNF56P",0
"NAPSB",0
"ZNF812P",0
"PSG10P",0
"SIGLEC5",0
"RPS29P27",0
"LGALS14",0
"CLC",0
"CGB7",0
"SBSN",0
"ATP4A",0
"ZNF177",0
"NDUFA3P1",0
"ZNF112",0
"ZNF285BP",0
"CEACAM20",0
"CEACAM22P",0
"IGSF23",0
"MIR4531",0
"CEACAM16",0
"MIR8085",0
"CBLC",0
"CCER2",0
"ERVK9-11",0
"ZGLP1",0
"PPP5D1P",0
"HNRNPMP2",0
"NWD1",0
"ACTL9",0
"RFPL4A",0
"BNIP3P13",0
"RPS8P11",0
"BNIP3P14",0
"BNIP3P15",0
"GNG14",0
"MIR3188",0
"RN7SL513P",0
"DPRX",0
"ADGRE4P",0
"MBD3L2B",0
"ANKLE1",0
"RPL7AP69",0
"USP29",0
"ZIM3",0
"DPPA3P8",0
"DUXA",0
"MIR6088",0
"BOLA3P2",0
"OR1M4P",0
"WASH5P",0
"CCNYL6",0
"IPO5P1",0
"UBE2CP5",0
"TPM3P9",0
"RPL17P47",0
"ZNF321P",0
"BIRC8",0
"LILRP2",0
"ZNF702P",0
"CYP2T1P",0
"TMEM277P",0
"C19orf48P",0
"LILRA6",0
"KIR3DL1",0
"VN2R19P",0
"CSNK1G2-AS1",0
"MIR7975",0
"TNNI3",0
"DNAAF3",0
"MIR6804",0
"MIR6802",0
"MIR6803",0
"RPS29P30",0
"CALR3",0
"SMIM46",0
"ZIM2",0
"GP6",0
"MIR640",0
"YJEFN3",0
"SEPTIN14P19",0
"CICP19",0
"RNU6-1076P",0
"SPMAP2",0
"ZNF887P",0
"ZNF833P",0
"LINC00663",0
"BNIP3P18",0
"BNIP3P19",0
"BNIP3P20",0
"ZNF826P",0
"MIR1270",0
"BNIP3P23",0
"FIGLAP1",0
"RNU6-1179P",0
"GOLGA2P9",0
"RN7SL860P",0
"RAD54L2P1",0
"ZNF492",0
"ZNF849P",0
"VN1R87P",0
"MAN1A2P1",0
"LINC00906",0
"RNA5SP470",0
"RN7SL340P",0
"VSTM2B",0
"FFAR3",0
"GPR42",0
"EEF1A1P7",0
"RN7SL491P",0
"FFAR2",0
"LGALS16",0
"MIR8074",0
"LILRB1-AS1",0
"SIGLEC31P",0
"ZIM2-AS1",0
"SMIM17",0
"SIGLEC24P",0
"ADGRE3",0
"YPEL5P4",0
"RPS29P26",0
"LGALS13",0
"CENPBD2P",0
"CIB3",0
"RNU6-993P",0
"KIR3DL2",0
"COX16P1",0
"VN1R83P",0
"BNIP3P25",0
"ZNF221",0
"ZNF222-DT",0
"SCGB2B2",0
"ZNF30-AS1",0
"SEC1P",0
"SMIM24",0
"SMIM44",0
"PTPRS-AS1",0
"MIR1181",0
"CEBPA-DT",0
"BSG-AS1",0
"BICRA-AS2",0
"PSG8-AS1",0
"UPK1A-AS1",0
"LINC02965",0
"LINC01838",0
"FAM138F",0
"LINC00905",0
"UQCRFS1-DT",0
"LINC01842",0
"LINC01233",0
"LINC01791",0
"LNROP",0
"GRAMD1A-AS1",0
"ZFP28-DT",0
"LINC01532",0
"LINC01775",0
"TSHZ3-AS1",0
"PKMYT1AR",0
"LINC01837",0
"ARHGEF18-AS1",0
"LINC01864",0
"DNAAF3-AS1",0
"LINC01595",0
"ILVBL-AS1",0
"LINC01785",0
"LINC01224",0
"SCGB1B2P",0
"IGFL2-AS1",0
"HAUS5-DT",0
"LINC01872",0
"LINC01834",0
"PSG11-AS1",0
"LINC01859",0
"LINC01858",0
"LINC01766",0
"LINC02841",0
"LINC03103",0
"MIMT1",0
"PSG5",0
"PSG9",0
"CEACAMP10",0
"CEACAMP11",0
"CEACAMP4",0
"LINC03078",0
"CD177",0
"AURKC",0
"VN1R1",0
"VN1R107P",0
"RPL23AP2",0
"CYP4F24P",0
"ZNF725P",0
"CYP2A7P1",0
"CEACAMP5",0
"CRIPTOP7",0
"RPL10P15",0
"TMEM167AP2",0
"OR7A8P",0
"VN1R96P",0
"TPRG1LP1",0
"SIGLEC27P",0
"RPL7P51",0
"SAXO3",0
"CLEC4GP1",0
"RPL28P5",0
"LETM1P2",0
"LILRP1",0
"SCGB2B3P",0
"MARK2P21",0
"HNRNPA1P10",0
"VN1R95P",0
"CD177P1",0
"SNORA68B",0
"RPS12P31",0
"RN7SL789P",0
"SLC7A9",0
"RN7SKP22",0
"TSPY24P",0
"ZNF92P1Y",0
"SERBP1P2",0
"TSPY12P",0
"DUX4L19",0
"OFD1P3Y",0
"RBMY2HP",0
"ELOCP35",0
"SLC9B1P1",0
"USP12PY",0
"KDM5DP1",0
"DUX4L17",0
"PRY",0
"ZNF736P6Y",0
"TUSC2P1",0
"PUDPP1",0
"CDRT15P10",0
"PRY2",0
"OFD1P8Y",0
"RNF19BPY",0
"TSPY23P",0
"TUBB1P2",0
"ACTR3BP1",0
"RPS24P1",0
"RCC2P2",0
"ZNF736P8Y",0
"BPY2",0
"MTND1P12",0
"CTBP2P1",0
"MTND6P1",0
"PABPC1P5",0
"TSPY22P",0
"RCC2P1",0
"SHROOM2P1",0
"DUX4L18",0
"ZNF736P11Y",0
"OFD1P9Y",0
"BPY2DP",0
"CHEK2P1",0
"RBMY2UP",0
"ZNF886P",0
"ELOCP8",0
"OFD1P16Y",0
"TTTY25P",0
"ASS1P6",0
"SNX18P1Y",0
"MED14P1",0
"ZNF885P",0
"ARSFP1",0
"ZNF736P7Y",0
"SURF6P1",0
"ANKRD20A6P",0
"RBMY2KP",0
"TSPY21P",0
"TTTY19",0
"TTTY4",0
"MXRA5Y",0
"DUX4L16",0
"MTCYBP1",0
"USP9YP17",0
"TTTY17A",0
"AGPAT5P1",0
"FAM41AY1",0
"ELOCP15",0
"TRIM60P3Y",0
"MTND1P1",0
"PRRC2CP1",0
"ZNF736P10Y",0
"CDY12P",0
"MTND2P3",0
"CDY13P",0
"RBMY1KP",0
"ARSDP1",0
"TTTY5",0
"RBMY1D",0
"USP9YP24",0
"UBE2V1P3",0
"FAM8A4P",0
"TRIM60P8Y",0
"MED13P1",0
"CYCSP46",0
"RNU6-303P",0
"RN7SL702P",0
"RNA5SP520",0
"RNA5SP521",0
"RNU6-109P",0
"RNU6-184P",0
"HSFY2",0
"GPM6BP2",0
"USP9YP2",0
"ELOCP14",0
"PRYP6",0
"XKRYP2",0
"USP9YP10",0
"RNU1-41P",0
"OFD1P7Y",0
"MTCYBP2",0
"CD24P4",0
"RNU6-255P",0
"GAPDHP19",0
"CLUHP1",0
"TAF9P1",0
"CDY5P",0
"ELOCP36",0
"ACTG1P2",0
"USP9YP23",0
"USP9YP27",0
"RNU1-128P",0
"TRAPPC2P3",0
"ELOCP6",0
"CDY6P",0
"USP9YP7",0
"USP9YP6",0
"CDY7P",0
"USP9YP34",0
"USP9YP32",0
"CDY8P",0
"ELOCP12",0
"TRAPPC2P8",0
"USP9YP15",0
"RNU1-95P",0
"USP9YP16",0
"ELOCP26",0
"CDY9P",0
"TAF9P2",0
"CLUHP2",0
"RNA5SP522",0
"RNA5SP523",0
"TUBB1P1",0
"ELOCP13",0
"OFD1P4Y",0
"RNU1-48P",0
"USP9YP5",0
"XKRYP1",0
"PRYP5",0
"ELOCP7",0
"USP9YP1",0
"GPM6BP1",0
"TRAPPC2P7",0
"HSFY1",0
"TGIF2LY",0
"RBMY1F",0
"CDY2A",0
"ZNF736P3Y",0
"TRIM60P9Y",0
"RN7SKP282",0
"RNU6-941P",0
"RNU6-521P",0
"SRIP3",0
"GOT2P5",0
"ATP5PFP1",0
"TRIM60P10Y",0
"ZNF736P2Y",0
"TRIM60P11Y",0
"ZNF736P1Y",0
"ZNF736P5Y",0
"BPY2C",0
"TTTY4C",0
"DAZ4",0
"CDY2B",0
"RNU6-1334P",0
"SRY",0
"TOMM22P2",0
"NAP1L1P2",0
"EEF1A1P41",0
"SFPQP1",0
"DPPA2P1",0
"TMSB4Y",0
"VCY",0
"DAZ3",0
"DAZ1",0
"AMELY",0
"TBL1Y",0
"DAZ2",0
"AGKP1",0
"NLGN4Y-AS1",0
"RBMY1E",0
"NLGN4Y",0
"CDY22P",0
"ELOCP17",0
"OFD1P18Y",0
"TRAPPC2P4",0
"RAB9AP3",0
"USP9YP20",0
"RNU1-40P",0
"USP9YP21",0
"XKRYP6",0
"PRYP4",0
"ELOCP11",0
"CDY23P",0
"USP9YP26",0
"HSFY8P",0
"RNU6-1314P",0
"CYCSP48",0
"VCY1B",0
"PNPLA4P1",0
"TBL1YP1",0
"RPS4Y2",0
"HSFY4P",0
"GAPDHP17",0
"TMEM167AP1",0
"TOMM22P1",0
"NEFLP1",0
"PRORY",0
"TSPY14P",0
"RBMY1HP",0
"TTTY13",0
"ELOCP5",0
"CDY10P",0
"USP9YP3",0
"CDY11P",0
"HSFY6P",0
"USP9YP18",0
"CDY14P",0
"ELOCP16",0
"XKRYP3",0
"USP9YP25",0
"USP9YP29",0
"RNU1-97P",0
"RAB9AP1",0
"TRAPPC2P9",0
"OFD1P11Y",0
"PRYP3",0
"RNU2-57P",0
"VDAC1P6",0
"KRT18P10",0
"SNX3P1Y",0
"PCDH11Y",0
"ELOCP9",0
"CDY15P",0
"XKRYP4",0
"USP9YP13",0
"USP9YP11",0
"TTTY3B",0
"USP9YP12",0
"RNU1-86P",0
"RAB9AP5",0
"TRAPPC2P10",0
"OFD1P12Y",0
"ELOCP10",0
"CDY1B",0
"CDY17P",0
"USP9YP35",0
"USP9YP31",0
"CDY18P",0
"RN7SL818P",0
"UBE2Q2P4Y",0
"LINC00265-2P",0
"CICP2",0
"RBMY2XP",0
"TTTY17B",0
"TRIM60P5Y",0
"ZNF736P12Y",0
"TTTY4B",0
"BPY2B",0
"ZNF736P4Y",0
"RBMY2YP",0
"CICP1",0
"LINC00265-3P",0
"UBE2Q2P5Y",0
"GOLGA2P3Y",0
"RN7SL725P",0
"CDY19P",0
"USP9YP36",0
"USP9YP33",0
"CDY20P",0
"ELOCP34",0
"OFD1P13Y",0
"TRAPPC2P5",0
"RAB9AP2",0
"USP9YP30",0
"RNU1-107P",0
"TTTY3",0
"USP9YP9",0
"USP9YP19",0
"XKRYP5",0
"CYCSP49",0
"SLC25A15P1",0
"PARP4P1",0
"CCNQP2",0
"CDY1",0
"RBMY1J",0
"RBMY1B",0
"RBMY1A1",0
"RFTN1P1",0
"RBMY2FP",0
"RBMY2BP",0
"TTTY11",0
"ARSLP1",0
"OFD1P6Y",0
"TTTY9A",0
"XKRY",0
"XKRYP7",0
"HSFY3P",0
"TAB3P1",0
"ANOS2P",0
"RBMY2EP",0
"GOLGA2P2Y",0
"TXLNGY",0
"GYG2P1",0
"CDY3P",0
"USP9YP22",0
"USP9YP4",0
"ELOCP4",0
"TTTY20",0
"TSPY4",0
"FAM197Y7",0
"FAM197Y6",0
"TSPY8",0
"TSPY3",0
"RBMY2CP",0
"RBMY2DP",0
"ZNF736P9Y",0
"FAM197Y8",0
"PRKY",0
"FAM197Y5",0
"TSPY1",0
"FAM197Y4",0
"TSPY9",0
"FAM197Y3",0
"FAM197Y2",0
"TSPY10",0
"FAM197Y1",0
"TSPY25P",0
"TSPY16P",0
"TTTY22",0
"TSPY18P",0
"RBMY2OP",0
"RBMY2QP",0
"TSPY20P",0
"TSPY5P",0
"RNA5SP518",0
"RNA5SP519",0
"DUX4L31",0
"PCMTD1P1",0
"CDC27P2",0
"RNA5-8SP6",0
"DLGAP5P1",0
"TTTY23B",0
"TSPY2",0
"FAM197Y9",0
"TSPY19P",0
"LINC00280",0
"TSPY17P",0
"TTTY23",0
"FAM224B",0
"TTTY2B",0
"TTTY1B",0
"TTTY7",0
"TTTY8B",0
"TTTY10",0
"TTTY16",0
"TTTY12",0
"TTTY2",0
"TTTY7B",0
"TTTY6",0
"TTTY17C",0
"TTTY6B",0
"SEPTIN14P23",0
"FAM224A",0
"FAM41AY2",0
"TTTY1",0
"TTTY18",0
"TTTY8",0
"HSFY7P",0
"RBMY2AP",0
"STSP1",0
"RBMY2JP",0
"HSFY5P",0
"XGY1",0
"RBMY2WP",0
"USP9YP28",0
"PRYP1",0
"OFD1P1Y",0
"PRYP2",0
"USP9YP14",0
"RNASEH2CP1",0
"XGY2",0
"PPP1R12BP2",0
"REREP1Y",0
"GPR143YP",0
"OFD1P15Y",0
"REREP2Y",0
"PPP1R12BP1",0
"ANKRD36P1",0
"OFD1P2Y",0
"OFD1P5Y",0
"TTTY9B",0
"RBMY2TP",0
"OFD1P10Y",0
"GOLGA6L11P",0
"DNM1P24",0
"CSPG4P2Y",0
"CSPG4P3Y",0
"SEPTIN14P22",0
"CSPG4P4Y",0
"CSPG4P1Y",0
"DNM1P48",0
"GOLGA6L16P",0
"TPTE2P4",0
"RBMY1A3P",0
"TSPY7P",0
"TSPY6P",0
"TSPY15P",0
"RBMY3AP",0
"RBMY2NP",0
"TSPY13P",0
"TSPY11P",0
"RBMY2GP",0
"ACTR3BP7",0
"BNIP3P2",0
"ZNF72BP",0
"IGLV2-11",0
"RPS10P30",0
"ACO2P1",0
"CACNA1I",0
"ISX",0
"PNPLA3",0
"MRPS18CP6",0
"COX5BP7",0
"MTFR2P2",0
"RPL35AP36",0
"FUNDC2P4",0
"SKP1P4",0
"IGLV3-13",0
"SCUBE1-AS1",0
"RNA5SP494",0
"RNU6-1066P",0
"RN7SKP169",0
"MIR5739",0
"SNORD83A",0
"MIR6821",0
"SNORD83B",0
"SNORD43",0
"MIR4535",0
"MIR3201",0
"RN7SKP214",0
"IGLCOR22-1",0
"CPSF1P1",0
"RFPL3",0
"IGLCOR22-2",0
"IGLVIVOR22-2",0
"RGL4P1",0
"RN7SL305P",0
"RPS3AP55",0
"MIR548J",0
"CRYBA4",0
"SSTR3",0
"RPL39P41",0
"RPS10P29",0
"ARL5AP4",0
"TAFA5",0
"MIR3200",0
"EIF4HP2",0
"PPP1R26P4",0
"E2F6P1",0
"DGCR6",0
"CELSR1P1",0
"RPL28P6",0
"DNAJA1P6",0
"MIR648",0
"RHEBP3",0
"ACR",0
"MIR4764",0
"SNORA50B",0
"LARGE-IT1",0
"FAM136EP",0
"CELSR1",0
"YME1L1P1",0
"ARHGAP42P3",0
"USP10P3",0
"SSBP3P3",0
"RN7SKP221",0
"RNU6-495P",0
"RNU6-476P",0
"RNU6ATAC22P",0
"RN7SL162P",0
"RPL8P5",0
"MIR4761",0
"MIR185",0
"MIR3618",0
"MIR1306",0
"MIR6816",0
"SNORA77B",0
"CCDC188",0
"KRT18P62",0
"RN7SL168P",0
"GP1BB",0
"RTN4R",0
"MIR1286",0
"PRODHLP",0
"PANX2",0
"MIR33A",0
"MIR378I",0
"SNORD13P1",0
"RNU7-167P",0
"MIR3909",0
"MIR6069",0
"CACNG2",0
"SLC5A4",0
"CIMIP4",0
"RNU6-900P",0
"MIR6820",0
"MIR4534",0
"MIR301B",0
"MIR130B",0
"RN7SL280P",0
"RNU6-225P",0
"KLHL12P1",0
"RNY1P9",0
"RN7SL812P",0
"GSTT3P",0
"RNU6-810P",0
"RNU6-1219P",0
"SNORD125",0
"RPEP4",0
"SLC39A1P1",0
"SEC14L3",0
"SDC4P",0
"SEC14L4",0
"GAL3ST1",0
"RN7SL268P",0
"KLHL5P1",0
"RPS29P31",0
"MLC1",0
"PPP1R26P3",0
"TUBA8",0
"ATP5PFP2",0
"BCRP8",0
"GALR3",0
"MIR659",0
"PRODH",0
"IGLVIVOR22-1",0
"MIR6817",0
"MIR649",0
"TUBA3GP",0
"MTCO1P20",0
"MTCO2P20",0
"MTATP6P20",0
"MTCO3P20",0
"MTCYBP34",0
"MTND1P10",0
"TERF2IPP1",0
"CLCP1",0
"SYCE3",0
"CHKB-CPT1B",0
"MAPK8IP2",0
"RAB36",0
"RIMBP3C",0
"C22orf31",0
"MPPE1P2",0
"IGLVI-70",0
"IGLV4-69",0
"IGLVI-68",0
"IGLV10-54",0
"IGLV10-67",0
"IGLVIV-66-1",0
"IGLVV-66",0
"IGLVIV-65",0
"IGLVIV-64",0
"IGLVI-63",0
"IGLV1-62",0
"IGLV8-61",0
"ABHD17AP5",0
"IGLV4-60",0
"SOCS2P2",0
"IGLVIV-59",0
"IGLVV-58",0
"BMP6P1",0
"IGLV6-57",0
"IGLVI-56",0
"IGLV11-55",0
"IGLVIV-53",0
"TOP3BP1",0
"IGLV5-52",0
"IGLV1-51",0
"IGLV1-50",0
"IGLV9-49",0
"IGLV5-48",0
"IGLV1-47",0
"ASH2LP2",0
"IGLV7-46",0
"IGLV5-45",0
"IGLV7-43",0
"IGLVI-42",0
"IGLVVII-41-1",0
"IGLV1-41",0
"IGLV1-40",0
"ASH2LP1",0
"IGLVI-38",0
"IGLV5-37",0
"ASH2LP4",0
"IGLV7-35",0
"SHISA8",0
"HMGN2P9",0
"SULT4A1",0
"PNPLA5",0
"MB",0
"MRPS16P3",0
"MIR6819",0
"STMN3P1",0
"CRYBB3",0
"CRYBB2",0
"OR11H1",0
"BPIFC",0
"ADM2",0
"MIOX",0
"MIRLET7A3",0
"MIR4763",0
"MIRLET7B",0
"RNU6-513P",0
"RNU12",0
"PIWIL3",0
"RFPL2",0
"SLC16A8",0
"TMEM121B",0
"RPL31P62",0
"IL17REL",0
"RPL32P5",0
"FAM32BP",0
"CECR9",0
"RN7SL843P",0
"LINC02557",0
"POM121L7P",0
"E2F6P2",0
"SLC9A3P2",0
"E2F6P3",0
"PPP1R26P5",0
"LINC01651",0
"SUSD2P1",0
"RN7SKP63",0
"RN7SKP210",0
"FAM246C",0
"ZNF280A",0
"IGLV2-34",0
"IGLV2-33",0
"IGLV3-32",0
"IGLV3-31",0
"IGLV3-30",0
"BCRP4",0
"IGLV3-29",0
"IGLV2-28",0
"IGLV3-27",0
"IGLV3-26",0
"IGLVVI-25-1",0
"IGLV3-25",0
"IGLV3-24",0
"IGLV2-23",0
"IGLVVI-22-1",0
"IGLV3-22",0
"IGLV3-21",0
"IGLVI-20",0
"IGLV3-19",0
"IGLV2-18",0
"IGLV3-17",0
"IGLV3-16",0
"IGLV3-15",0
"RNU6-331P",0
"RNU6-375P",0
"MIR6889",0
"MCHR1",0
"SH3BP1",0
"RN7SL385P",0
"TPTEP2-CSNK1E",0
"KCNJ4",0
"TST",0
"ELFN2",0
"TTLL8",0
"RIMBP3B",0
"FAM246A",0
"CPMER",0
"RN7SL757P",0
"MIR1281",0
"POTEH",0
"POTEH-AS1",0
"RNU6-816P",0
"IGLV3-10",0
"IGLV3-9",0
"IGLV2-8",0
"MIR650",0
"IGLV3-7",0
"IGLV3-6",0
"IGLV2-5",0
"IGLV3-4",0
"IGLV4-3",0
"IGLV3-2",0
"IGLV3-1",0
"MIR5571",0
"IGLL5",0
"IGLJ1",0
"IGLC1",0
"IGLJ4",0
"IGLC4",0
"IGLJ5",0
"IGLC5",0
"IGLJ6",0
"IGLJ7",0
"IGLC7",0
"POM121L9P",0
"BCRP3",0
"GGT3P",0
"LRP5L",0
"P2RX6P",0
"PRAMENP",0
"CECR7",0
"USP41P",0
"FAM247A",0
"SMPD4P1",0
"POM121L4P",0
"GGT2P",0
"POM121L1P",0
"TPTEP2",0
"RRP7BP",0
"BCRP2",0
"RPL23AP82",0
"TMEM191A",0
"CRYBB2P1",0
"AP1B1P1",0
"AP1B1P2",0
"GGTLC3",0
"PI4KAP1",0
"RN7SKP131",0
"RIMBP3",0
"SUSD2P2",0
"FAM246B",0
"CA15P2",0
"PPP1R26P2",0
"GUSBP11",0
"ZNF70",0
"VPREB3",0
"MIR1249",0
"RNU6-1161P",0
"C22orf42",0
"RFPL1",0
"RPL34P35",0
"RN7SL633P",0
"PLA2G3",0
"SNRPNP2",0
"MIR3928",0
"RNU6-1128P",0
"RNA5SP496",0
"SEPTIN3",0
"RN7SL20P",0
"RPL17P52",0
"RNU6-201P",0
"SLC5A1",0
"RNA5SP497",0
"ETFRF1P1",0
"DRICH1",0
"WNT7B",0
"APOBEC3A",0
"MOV10L1",0
"CYP2D7",0
"PHF21B",0
"TMEM191B",0
"POM121L15P",0
"SLC25A5P1",0
"LINC01399",0
"PI4KAP2",0
"C22orf46P",0
"SERHL",0
"SMIM45",0
"HDAC10",0
"RNU6-409P",0
"KRT18P23",0
"ANP32BP2",0
"PRR5-ARHGAP8",0
"RPL6P28",0
"MIR4766",0
"RNU6-379P",0
"RNU6-338P",0
"RNU6-28P",0
"H2AZP6",0
"RPS26P59",0
"MIR7109",0
"SEZ6L",0
"SEZ6L-AS1",0
"RNA5SP495",0
"CPT1B",0
"VPREB1",0
"RPS25P10",0
"SCUBE1-AS2",0
"CES5AP1",0
"ZDHHC8BP",0
"RPL35P8",0
"MIR3667",0
"BMS1P22",0
"DUXAP8",0
"TOMM40P2",0
"NEK2P2",0
"MIR6818",0
"CNN2P1",0
"HORMAD2",0
"RPL36P17",0
"RPS3AP51",0
"MIR3619",0
"ABCD1P4",0
"PABPC1P9",0
"ACTR3BP6",0
"CHEK2P4",0
"KCNMB3P1",0
"CCT8L2",0
"TPTEP1",0
"SLC25A15P5",0
"PARP4P3",0
"ANKRD62P1-PARP4P3",0
"ANKRD62P1",0
"VWFP1",0
"XKR3",0
"HSFY1P1",0
"GPM6BP3",0
"ZNF402P",0
"MTND1P17",0
"IGKV1OR22-5",0
"IGKV2OR22-4",0
"IGKV2OR22-3",0
"IGKV3OR22-2",0
"IGKV1OR22-1",0
"GAB4",0
"IL9RP6",0
"LINC01521",0
"LINC01640",0
"CACNG2-DT",0
"LINC01656",0
"LINC00207",0
"CECR3",0
"RFPL3S",0
"LINC02558",0
"EFCAB6-DT",0
"FAM230F",0
"SYN3-AS1",0
"LINC01637",0
"LINC01644",0
"LARGE1-AS1",0
"DGCR5",0
"LINC01310",0
"FAM230H",0
"LINC01589",0
"LINC01639",0
"LINC02939",0
"ZNRF3-AS1",0
"LINC02885",0
"LINC01634",0
"LINC01311",0
"LINC01638",0
"PSLNR",0
"LINC00898",0
"LINC00895",0
"LINC02925",0
"GRK3-AS1",0
"LINC02891",0
"NHIP",0
"MYO18B-AS1",0
"FAM230D",0
"FAM230J",0
"LINC00229",0
"EFCAB6-AS1",0
"LINC02554",0
"LINC02559",0
"PDXP-DT",0
"LINC00528",0
"FAM247B",0
"FAM230G",0
"LINC01664",0
"RN7SKP252",0
"RPL5P35",0
"MGAT3-AS1",0
"LINC01659",0
"FAM230B",0
"NBEAP3",0
"FRG1FP",0
"HMGB1P10",0
"GGTLC4P",0
"POM121L10P",0
"GAPDHP37",0
"BCRP7",0
"CYP2D8P",0
"RFPL4AP6",0
"TSSK1A",0
"IGLL3P",0
"GOLGA2P4",0
"BCRP1",0
"IGLL4P",0
"BCRP5",0
"POM121L8P",0
"BCRP6",0
"CSF2RBP1",0
"GRAMD4P2",0
"CCDC188BP",0
"FABP5P11",0
"VN1R9P",0
"CYCSP41",0
"OR4K11P",0
"CTBP2P10",0
"RBPMSLP",0
"SREK1IP1P1",0
"MIR548XHG",0
"FDPSP6",0
"NEK4P1",0
"SLC6A6P1",0
"CTBP2P9",0
"VN1R7P",0
"ZNF299P",0
"SLC25A15P4",0
"GPX1P2",0
"IGHV1OR21-1",0
"MSANTD2P1",0
"C1QBPP1",0
"LINC00317",0
"LINC01689",0
"KRT18P2",0
"KRTAP25-1",0
"RPSAP68",0
"CLDN17",0
"BTF3L4P1",0
"THUMPD1P1",0
"PPIAP1",0
"LLPHP2",0
"KRTAP24-1",0
"NCSTNP1",0
"RPS3AP1",0
"EIF4A1P1",0
"LINC00307",0
"RNGTTP1",0
"OR4K12P",0
"RPSAP64",0
"TPT1P1",0
"LINC01423",0
"CLDN8",0
"LINC02943",0
"HUNK-AS1",0
"EIF3FP1",0
"LINC00308",0
"SNX18P12",0
"NIPA2P3",0
"RPL23AP12",0
"LINC01700",0
"FDX1P2",0
"SPATA20P1",0
"PSMA6P3",0
"ZNF355P",0
"BNIP3P43",0
"ANKRD30BP1",0
"VN1R8P",0
"GTF2IP2",0
"SNRPGP13",0
"MIR6724-2",0
"MIR6724-3",0
"RNA5-8SN3",0
"MIR6724-4",0
"RNA5-8SN1",0
"MIR6724-1",0
"MIR3648-1",0
"RNA5-8SN2",0
"MIR3118-1",0
"RNU6-286P",0
"RN7SL52P",0
"RNU6-113P",0
"RN7SKP147",0
"RNU6-772P",0
"RNU2-55P",0
"RNU1-139P",0
"RNU4-45P",0
"MIR3156-3",0
"RN7SKP236",0
"RN7SL163P",0
"MIR155",0
"MIR6130",0
"RNA5SP489",0
"MIR4759",0
"MIR548X",0
"RNU6-614P",0
"RN7SL740P",0
"UMODL1-AS1",0
"RPL34P3",0
"EZH2P1",0
"MIR802",0
"RPS20P1",0
"PPP1R2P2",0
"RPL23AP3",0
"RIMKLBP1",0
"RNU6-992P",0
"RPS9P1",0
"EXOSC3P1",0
"RNA5SP490",0
"OR7E23P",0
"TCP10L",0
"SIM2",0
"HLCS-IT1",0
"RNA5SP491",0
"DPRXP5",0
"MRPL20P1",0
"RIPPLY3",0
"RNU6-696P",0
"TMEM97P1",0
"MYL6P1",0
"RNU6-859P",0
"H2AZP1",0
"MIR5692B",0
"CBS",0
"MRPL51P2",0
"MTCO1P3",0
"COL18A1-AS2",0
"MIR6815",0
"FAM3B",0
"TPTE",0
"RNU6-954P",0
"NF1P3",0
"PPP6R2P1",0
"FRG2MP",0
"RNA5SP488",0
"RBM11",0
"METTL21AP1",0
"RNF6P1",0
"GET1-SH3BGR",0
"MIR6508",0
"MYL6P2",0
"RPS26P4",0
"JCADP1",0
"PCP4",0
"DSCAM",0
"MIR4760",0
"DSCAM-IT1",0
"MIR3197",0
"PCSEAT",0
"LINC00111",0
"MIR6814",0
"RNA5SP492",0
"TFF2",0
"TFF1",0
"UBASH3A",0
"RNU6-1149P",0
"RSPH1",0
"RSPH1-DT",0
"LINC00322",0
"HSF2BP",0
"RPL31P1",0
"H2BC12L",0
"MIR6070",0
"DNMT3L",0
"DNMT3L-AS1",0
"AIRE",0
"TSPEAR",0
"KRTAP10-1",0
"KRTAP10-2",0
"KRTAP10-3",0
"KRTAP10-5",0
"KRTAP10-6",0
"KRTAP10-7",0
"KRTAP10-8",0
"KRTAP10-10",0
"KRTAP10-11",0
"KRTAP12-4",0
"KRTAP12-3",0
"KRTAP12-2",0
"IMMTP1",0
"KRTAP12-1",0
"KRTAP12-5P",0
"KRTAP10-13P",0
"LINC00163",0
"LINC00165",0
"TMPRSS2",0
"FTCD-AS1",0
"KCNE1",0
"OLIG2",0
"OLIG1",0
"TFF3",0
"POTED",0
"KRTAP8-2P",0
"KRTAP8-3P",0
"KRTAP8-1",0
"KRTAP7-1",0
"KRTAP11-1",0
"KRTAP19-8",0
"UBE3AP2",0
"TIAM1-AS1",0
"FBXW11P1",0
"HMGN1P2",0
"ERVH48-1",0
"LIPI",0
"KRTAP10-9",0
"KRTAP10-4",0
"IGSF5",0
"RPL18AP2",0
"RNU6-396P",0
"MIR6501",0
"RN7SL678P",0
"KRTAP26-1",0
"KRTAP27-1",0
"KRTAP13-2",0
"MIR4327",0
"KRTAP13-1",0
"KRTAP13-5P",0
"KRTAP15-1",0
"KRTAP19-1",0
"KRTAP19-2",0
"KRTAP19-3",0
"KRTAP19-4",0
"KRTAP19-5",0
"KRTAP19-9P",0
"KRTAP19-10P",0
"KRTAP19-11P",0
"KRTAP19-6",0
"KRTAP19-7",0
"KRTAP22-2",0
"KRTAP6-3",0
"KRTAP22-1",0
"KRTAP20-1",0
"KRTAP20-4",0
"KRTAP20-2",0
"KRTAP20-3",0
"KRTAP21-3",0
"KRTAP21-4P",0
"KRTAP21-2",0
"KRTAP21-1",0
"KRTAP23-1",0
"KRTAP13-3",0
"RNU6-426P",0
"VDAC2P1",0
"RPS26P5",0
"SNORD74B",0
"MIR99A",0
"MIRLET7C",0
"MIR125B2",0
"RNU1-98P",0
"KRTAP13-4",0
"KRTAP6-2",0
"KRTAP6-1",0
"LINC01671",0
"MTND6P21",0
"BAGE2",0
"ANKRD30BP2",0
"ABCC13",0
"GRAMD4P1",0
"CXADRP1",0
"LONRF2P5",0
"MIR8069",0
"FEM1AP1",0
"TERF1P1",0
"FAM207CP",0
"CNN2P7",0
"ZNF114P1",0
"CYP4F29P",0
"SNX18P13",0
"ANKRD20A11P",0
"RHOT1P2",0
"POLR2CP1",0
"GAPDHP16",0
"RBMX2P1",0
"LINC02920",0
"BACH1-AS1",0
"BACH1-IT3",0
"GRIK1-AS1",0
"RNU6-123P",0
"RNU6-926P",0
"KRTAP10-12",0
"GAPDHP14",0
"DSCR4-IT1",0
"DSCR10",0
"LINC01667",0
"NCOR1P4",0
"SSR4P1",0
"CYCSP42",0
"RNU6-1326P",0
"RAD23BP3",0
"ATP5MFP1",0
"CLDN14",0
"TRPM2-AS",0
"KCNE2",0
"SNX18P10",0
"MTCO1P1",0
"MIR3648-2",0
"CDRT15P9",0
"SOWAHCP2",0
"LINC00314",0
"CRYAA",0
"CBR1-AS1",0
"RPL23AP4",0
"LINC01683",0
"CYYR1-AS1",0
"LINC01426",0
"APP-DT",0
"LINC01549",0
"LINC01670",0
"BRWD1-AS1",0
"LINC02573",0
"SAMSN1-AS1",0
"PDE9A-AS1",0
"SOD1-DT",0
"LINC00316",0
"LINC00315",0
"PICSAR",0
"LINC03105",0
"LINC01692",0
"DSCAM-AS1",0
"DSCR8",0
"LINC01436",0
"FRGCA",0
"LINC00945",0
"LINC01690",0
"LINC00313",0
"LINC00479",0
"MIS18A-AS1",0
"TSPEAR-AS1",0
"LINC01548",0
"HEPFAL",0
"AATBC",0
"LINC00112",0
"LINC00161",0
"MRAP-AS1",0
"ITGB2-AS1",0
"LINC01424",0
"LINC01547",0
"LRRC3-DT",0
"LINC00158",0
"LINC00160",0
"LINC00319",0
"CDRT15P8",0
"RPL39P40",0
"RPL37P4",0
"FGF7P2",0
"ANKRD20A18P",0
"ERLEC1P1",0
"MTCYBP21",0
"MTND5P1",0
"RPL23P2",0
"C21orf140",0
"SMIM34",0
"MT-TR",0
"MT-TH",0
"MT-TL2",0
"MAFIP",0
"RNA5-8SN4",0
"RNA5-8SN5",0
"METTL26",-6.29883097812115e-08
"GOLGA7",-6.82137244836548e-08
"PTER",-3.65382331066609e-07
"SNW1",-5.52465575426278e-07
"ZNF700",-2.70970052652765e-06
"DGCR6L",-2.91636868446598e-06
"DANCR",-2.9954385734235e-06
"CAT",-3.60133262950366e-06
"ORAI2",-4.13971223138978e-06
"CCT3",-6.59019979643251e-06
"TXLNG",-6.65553609322934e-06
"MT-ND1",-8.0205935540222e-06
"SPSB1",-1.0742831846674e-05
"RAC1P2",-1.11216622643432e-05
"SEH1L",-1.64592890945029e-05
"LASP1NB",-2.637347007508e-05
"UBXN1",-2.86082339703199e-05
"SHF",-3.39746333939438e-05
"MATK",-3.58201726946051e-05
"CYC1",-3.90862881881259e-05
"ZFYVE19",-3.95766726883659e-05
"CPAMD8",-3.99980606951174e-05
"ORMDL2",-4.12564060850947e-05
"ACTR2",-4.34109054128151e-05
"MIEN1",-4.39392486811589e-05
"HERC4",-4.86263635290569e-05
"ARCN1",-5.51340863975799e-05
"TP53RK",-5.62243286938e-05
"HADHAP2",-6.09082376617396e-05
"SNX14",-6.46239068030283e-05
"ARMC6",-6.55200677299094e-05
"MED24",-7.07711594989355e-05
"RBM23",-7.89304971234839e-05
"STARD3NL",-8.44879859719766e-05
"TP53I13",-8.63183090328748e-05
"KLF2",-8.82769403717604e-05
"ANKRD13C",-9.1178733906878e-05
"CYTH2",-9.22455793239655e-05
"CLUAP1",-9.77248552855794e-05
"PRRC2C",-9.90505219739233e-05
"PLEKHJ1",-9.99612706669353e-05
"LSM5",-0.000100110105817657
"DACH1",-0.00010070874067573
"RNU1-1",-0.000103250391673265
"METTL15",-0.000106868153110718
"VDAC2",-0.000107953767898924
"SLC24A2",-0.000113803045128365
"CDK16",-0.000121755673114675
"PPP3CB",-0.000126532619634132
"DEK",-0.000129445311375117
"YME1L1",-0.000132472435877184
"CDC73",-0.0001364908853102
"FIS1",-0.000141757727681598
"TRAK2",-0.000148286911519932
"HIGD2A",-0.000149072538220572
"RAB11FIP1",-0.000151978739421165
"MED12",-0.000153608360685546
"PLEKHH1",-0.000157323200276998
"DOCK8-AS1",-0.000158864428077537
"SLC19A2",-0.000168079113448752
"TTC33",-0.000168549478126886
"TTC3P1",-0.000170731238433124
"BCL2L13",-0.000185806139535072
"MIR425",-0.0001959902919406
"JAML",-0.000198382854027997
"VEZF1",-0.000200912212113684
"LARP4B",-0.000203698993211953
"ARID3A",-0.000211683444038353
"SLC23A1",-0.000214280902352957
"NDUFA3",-0.000219177146640343
"SMN1",-0.000224789629556255
"HMGN2P4",-0.000232778100341005
"KRBOX4",-0.000232923193257441
"MAP3K1",-0.000238168674113444
"NEDD4L",-0.000248618375072262
"PJVK",-0.000257117217397994
"S1PR2",-0.00026040796507381
"TYW5",-0.000266017032147778
"SNAPC2",-0.000269268493510382
"SBNO1-AS1",-0.000276980910731143
"RPS2P55",-0.00027943670120751
"MED13",-0.000295391063054577
"RFX5",-0.000297684920581692
"NTMT1",-0.000311459643250211
"DNAAF5",-0.000314389427782816
"PHF23",-0.00032619703962608
"ZBTB38",-0.000328471911027077
"CENPE",-0.000333852195822778
"BRD3",-0.00033691686102086
"POGLUT1",-0.000342211148241045
"SYF2",-0.000349060353354907
"RP2",-0.000350810614042768
"SSBP3P6",-0.000355506137660743
"GNG10",-0.000358248879357941
"CCT2",-0.000361667660812419
"LMNB2",-0.000364931714056009
"PRRC2B",-0.000366409525979033
"RSL1D1",-0.000382159962502618
"LINC02245",-0.000397411738976861
"PFKL",-0.000414670892096165
"EEF2",-0.000417802780189345
"SLAIN2",-0.000422649606555245
"CDC34",-0.000426153869727229
"RN7SL3",-0.000430732553068915
"NPM1P37",-0.000433864206017418
"CFAP210",-0.000434248226327537
"DPH6",-0.000440393406961177
"DPM1",-0.00044110938703071
"ALG8",-0.000473630990532549
"RMND5A",-0.000501510868325746
"CYB5R3",-0.000518231490330222
"ABCB10",-0.000524923047113322
"ZC3H11C",-0.000525222182153103
"TBK1",-0.000526962674444501
"MAN1C1",-0.000535045237943447
"NSUN2",-0.000547839465133935
"COQ10B",-0.000565395953886128
"MCM7",-0.000576099051637638
"DESI1",-0.000602543999853105
"TRAPPC3",-0.000606128611022113
"ARL13B",-0.000633935918086766
"NIPSNAP2",-0.000635729955452922
"DPF2",-0.000636872914611846
"KPNB1-DT",-0.000644978210689421
"ELF3-AS1",-0.000649592024273618
"BRD8",-0.000653083880875641
"FAHD1",-0.000664273123416219
"PRXL2A",-0.000679831678862058
"TNIP1",-0.000688355451697529
"ATG4D",-0.000688818006083406
"EI24",-0.000710703369709997
"LMBRD2",-0.000745189300189534
"FKBP14",-0.000751670582200028
"NR2C2AP",-0.000760690934225613
"EIF4G2",-0.00077824836888999
"SGMS1",-0.00078165986432214
"LINC02691",-0.000787859208418765
"TAOK1",-0.000788176382265728
"TUT7",-0.000810465016286306
"MFSD6",-0.000823014692728583
"RPN2",-0.000831783505475093
"FRYL",-0.000838999282884025
"TRNT1",-0.000843912861731409
"HADHB",-0.000861039995286297
"RBM25-AS1",-0.000872547943530697
"DARS2",-0.000890632525980214
"OSBPL11",-0.000912293277730723
"STKLD1",-0.00091660323045124
"SYS1",-0.000921333519259969
"RPL12P4",-0.000951251777577982
"CCDC71",-0.000954885565383225
"DIAPH1",-0.00098005345651845
"AAGAB",-0.000980527303195172
"PQBP1",-0.00099855867991774
"MTERF4",-0.00101014633976773
"DPH3",-0.00101431435567782
"GUCD1",-0.00101970200977679
"ZUP1",-0.0010438810678637
"SLC37A3",-0.00105448760783951
"ANAPC13",-0.00106905561243895
"DYNC1H1",-0.00109532990127204
"PTMAP12",-0.00110027749911654
"ZNF362",-0.0011067809259941
"ZSCAN2-AS1",-0.00110746843635309
"SLC22A15",-0.00111015366465262
"HSPA8P9",-0.00111275684752078
"RCSD1",-0.001130353445868
"PHKB",-0.00114606930439484
"NOL3",-0.00115613398476942
"GDF11",-0.00115652630583751
"EIF3J",-0.00115815144799648
"TEX10",-0.00123475709176954
"MTCYBP18",-0.00125809348912014
"NUDC",-0.00126732435429985
"RPL21P98",-0.00127877753603252
"RNPC3",-0.00130266854851739
"ORMDL1",-0.00130332223556513
"XPA",-0.00131369104379668
"ALG11",-0.00131899286278373
"ZNF823",-0.00133714869641853
"PDGFA-DT",-0.00136737019268306
"LYAR",-0.00138887454919758
"LHFPL2",-0.00139309367946288
"GGT7",-0.00139684505052478
"CAP1",-0.00141365288975516
"RIPK2",-0.00142084455086751
"ARPC2",-0.00142689961782823
"LEF1-AS1",-0.00146738405590347
"NCL",-0.0014834317588878
"NMT2",-0.00154048067790064
"VPS29",-0.00156385297185604
"TTC28",-0.00156896370348286
"ZHX1",-0.00157456951244011
"GPR135",-0.00158017125281092
"ZNF34",-0.00159258221599726
"LINC01504",-0.00159706443977379
"DENND3",-0.00160866944735992
"GOLGA2",-0.0016179675028897
"TGIF1",-0.00163136246862471
"TRAC",-0.00163873244627938
"WSB2",-0.00168024441668793
"LINC02746",-0.00168951303589738
"HMGN2P17",-0.00169092428749971
"FKBP5",-0.0016995085547159
"ATF7IP",-0.00170613220339239
"SRP9P1",-0.00170745686186541
"PTPRN2",-0.00170885602099349
"ATP6V1B2",-0.00170892056584732
"POGK",-0.00172142726781752
"PPIAP22",-0.00178641296649152
"CNDP2",-0.00178769748565725
"LIMS1",-0.00181300267794658
"GABARAPL2",-0.00183136408963447
"PNN-AS1",-0.00183861410205964
"ATE1",-0.00184191492302102
"SGO2",-0.00184369124532503
"SSH3",-0.00187175385049653
"PANK3",-0.00188963424692533
"GAS2",-0.00189790733108637
"TM2D1",-0.00190414374874694
"RBM25",-0.00193620172697493
"NDUFAF3",-0.00193958333477268
"FAM83H",-0.0019657217470917
"DNAJB6P1",-0.00196606862630982
"ENPP2",-0.00196815225510476
"PPP1R2",-0.00201208400818198
"N4BP1",-0.00202296216841991
"ALDH1A2",-0.0020519077026934
"GLRX5",-0.00205776562854409
"ECHS1",-0.00206545834778274
"CARD16",-0.00206873215355857
"ATAD2B",-0.0020880349674768
"MED4-AS1",-0.00210002266402352
"RRAGC",-0.00212702517434942
"KDSR",-0.00213877388381158
"RIPOR1",-0.00215559756961578
"XRCC4",-0.0021749864781485
"ZFHX3-AS1",-0.00217714146016132
"ZNF555",-0.00221886954236867
"DENND3-AS1",-0.00222958897812554
"RPIA",-0.00224571581471434
"MAD2L2",-0.00225093220413519
"C1QBP",-0.00229442902726266
"CIDEB",-0.00231369613187303
"CD27-AS1",-0.00231605043382388
"HMGN2P41",-0.00232419392551908
"DUSP22",-0.00233853147310584
"SRSF1",-0.00234221594709953
"DTWD2",-0.00237626281801368
"ABCD4",-0.00240110442146518
"PRIMPOL",-0.00243526132696635
"ZNF12",-0.00246444074892527
"PRR12",-0.00247121681120737
"CFAP298",-0.00247911656009579
"OGA",-0.00248575244049336
"DHDDS-AS1",-0.00250072212151655
"RPL9P3",-0.00253379632119991
"CASK",-0.00253992341688155
"GGCX",-0.00254701711039052
"CLN8",-0.00256593830265974
"JAK1",-0.00265699071850898
"HCN3",-0.00266660445699934
"CAPZB",-0.00267202610573544
"TMEM167B",-0.00267763791194916
"BAG5",-0.00274338825875024
"SMIM10L1",-0.00276684936161699
"FAM133CP",-0.00277043950868234
"SPRYD7",-0.00279988591979494
"RMND1",-0.00280001259207767
"RSPH3",-0.00284876862392006
"CCDC90B-AS1",-0.00287401860807236
"MNAT1",-0.0028842037265684
"RNF216P1",-0.00289199729083428
"TOR1A",-0.00289720048592006
"H2BC13",-0.00290446071124239
"MESD",-0.00292223430271744
"PMM2",-0.00292490526437714
"NUTM2B-AS1",-0.00295112126403611
"UBE2G2",-0.00295822423525929
"PNMA1",-0.00298296561429448
"WASHC4",-0.00298565435818494
"H2AZP3",-0.0029978400853377
"PKNOX2",-0.00301475739585001
"RPS3AP6",-0.00303842444531005
"ID2B",-0.00305797243150619
"RREB1",-0.00307812002439693
"GRIK2",-0.00311085910125347
"PEBP1P2",-0.00311115696975965
"HECTD2-AS1",-0.0031262418882155
"MIDEAS-AS1",-0.00314385236349
"C14orf178",-0.00315518455220265
"CAMTA1",-0.00318444272216641
"PRKCSH",-0.00319361898642643
"PHF6",-0.00319441334504243
"PLIN5",-0.00320403782625695
"MYDGF",-0.0032177141205425
"ATP5MC2P4",-0.00324010440964496
"CARS1-AS1",-0.00325146015461884
"C11orf65",-0.00325564394315884
"ARFGAP1",-0.00325749016525289
"MTND6P18",-0.00326212834243272
"RPL28",-0.00328433002047404
"PPP4R2",-0.00328887310756577
"ZNF131",-0.00335625723711526
"TMEM11-DT",-0.00336236218323906
"POLR1E",-0.00340404182695799
"CSAD",-0.00343067005557037
"C1DP1",-0.00353918984462881
"GON4L",-0.00357541419634154
"TARBP2",-0.00357877376299181
"PNISR-AS1",-0.00363880383444917
"RPS3AP5",-0.00367286639558054
"ATAD1",-0.0036857034685281
"DHRS7",-0.0036894995070844
"SLC16A7",-0.00369983152070744
"YWHAQ",-0.0037307370649942
"TMEM18",-0.00373661055497162
"PPP2R2A",-0.00376662621850198
"SPTLC1",-0.00380567853365245
"EID3",-0.00381458370016413
"TIMMDC1",-0.00381971611792446
"UVRAG-DT",-0.00383975112766202
"NAA15",-0.00385189567474896
"GARS1",-0.00387710080847943
"SRSF2",-0.00388218281234338
"MRPL32",-0.00390522636156617
"GRIPAP1",-0.00395280048286653
"PIGB",-0.00398050393842994
"PSMB9",-0.00398345464366116
"CHMP1A",-0.00398934669528603
"MMACHC",-0.00400658262657034
"SNF8",-0.00401388220125572
"LIG3",-0.00406015992021365
"LINC02987",-0.00406506807005902
"PHF20L1",-0.00408119255292305
"RFTN1",-0.00408810057512408
"WDR45",-0.00409131465373353
"MOSPD3",-0.00411487380217495
"KLHL22",-0.00412339547017512
"LMAN2L",-0.00412949489649936
"NAA10",-0.00414741652433552
"CHASERR",-0.00416930979721233
"KASH5",-0.00417645188699134
"AQP3",-0.00418219429519817
"PA2G4P4",-0.00420736462821058
"MRPL23",-0.00422567487296301
"RARS1",-0.00424270391414932
"IDH2",-0.00425326999382852
"HEMK1",-0.00428360282056978
"VEZT",-0.00435962023046555
"BIRC6",-0.00439610633090863
"CEP43",-0.00440512718981764
"RPL21P53",-0.0044600270045488
"EIF1AD",-0.00452996521774826
"SPAG9",-0.00459329529340289
"LINC00571",-0.0045951969215629
"DNAJC8",-0.00461082831760183
"ARB2A",-0.00468691929117573
"FERMT2",-0.00469327953047861
"OTUD4",-0.00472697432563525
"NECAP1",-0.004771077647636
"SCRN3",-0.00481156596844224
"FSD2",-0.0048224572469511
"CDK6-AS1",-0.0048462522468173
"COPS6",-0.00484716007118344
"VPS26A",-0.00484865785861976
"SPCS3-AS1",-0.00485046691729938
"FADS1",-0.00485994055719449
"NMB",-0.00486521908456525
"NSD1",-0.0048933332124476
"MRPS34",-0.00489796964986846
"ZNF43",-0.00491637516498325
"ZBTB20-AS2",-0.00492950786748379
"SSBP1",-0.00493320397847935
"IREB2",-0.00495656396042244
"TENT2",-0.00495703798959997
"WDR38",-0.00496768477816597
"LINC00989",-0.0049709181547031
"GTF2I-AS1",-0.00499328000345978
"EEF1A1P25",-0.00507517910055553
"HINFP",-0.00512736990174482
"TRIM27",-0.00513569179421046
"EFNB1",-0.00516666482878612
"SDHA",-0.00516930412571581
"DXO",-0.005177880689642
"CHD1",-0.00518262527254593
"CD2BP2",-0.00519690884081955
"TNS1",-0.00521829670542089
"S100A4",-0.00524374767537752
"RPS5P3",-0.00527496974089765
"LONRF1",-0.00528138203537035
"RPS2P46",-0.00528541326495256
"RPL17P28",-0.00529428628155544
"RPAP3-DT",-0.00530583452930617
"YPEL5",-0.00530583858404692
"SEC11C",-0.00537796699865986
"AIF1",-0.00538706074337457
"CCDC28B",-0.0053942558738668
"TBCD",-0.005446366961727
"PHLDA2",-0.00545421215519171
"SLC12A6",-0.00552264125524133
"TARS1-DT",-0.00556175622445337
"RPSAP47",-0.00559005367898612
"PMFBP1",-0.00559575868365562
"PTMAP10",-0.00560588239945335
"ANXA6",-0.00565813935875448
"DLC1",-0.00579491474396062
"FTH1P4",-0.00581154617492075
"CENATAC",-0.00583703856296385
"POLR1G",-0.00586366817970351
"RPS3P4",-0.00586707104085152
"MAP4K4",-0.00588345883528198
"CCZ1",-0.00592094389687965
"C1orf52",-0.00603589504166038
"MED21",-0.00604204425235396
"SH3RF1",-0.00604309600491854
"GOT2",-0.00606641963392375
"DPEP2",-0.00609127364672373
"MTHFSD",-0.00611784221466907
"PRKAR2A",-0.0061682574814293
"TMEM203",-0.00617908839412702
"STX4",-0.00625664480906731
"HDGFL3",-0.00626531790506287
"NFATC2IP-AS1",-0.00628265182399591
"C19orf44",-0.00629872930117777
"YWHAZP2",-0.00632834624357489
"MINPP1",-0.00639949370037972
"SMC6",-0.00644222120004972
"NUB1",-0.00648679175696777
"ANAPC4",-0.00650212405767067
"UBAC1",-0.00652820272101065
"PARP11",-0.00653701681742844
"VBP1",-0.00655337652744639
"KATNBL1",-0.0065689100249266
"C16orf86",-0.00657842219151346
"DARS1",-0.00661107447802977
"PIK3R3",-0.00661844659744619
"SLC45A4",-0.00662142911472766
"YLPM1",-0.00671276217907881
"ARFGAP3",-0.00673447405727054
"DUSP3",-0.00675525310898366
"AIMP1",-0.0067574114027832
"LONP1",-0.00675967512971445
"ILVBL",-0.00677170987403659
"CCDC18",-0.00685836753094114
"TMED9",-0.00686045125142067
"RPS6KB1",-0.00691308181738912
"ARV1",-0.00701465583717408
"SAFB",-0.00708244454259277
"USP47",-0.007088399013436
"NIP7",-0.00710561305252117
"ZNF516",-0.00711965701046916
"FAM43A",-0.00717687544441362
"EDRF1",-0.00732423762243581
"RAD9B",-0.00733327073149236
"PREB",-0.00736379170617919
"CS",-0.00742257038452555
"BLOC1S3",-0.00743166176853206
"TBC1D3P1-DHX40P1",-0.0074489831078386
"SETX",-0.00752729075188841
"SMDT1",-0.00758560308420782
"TRIP11",-0.00760991863622386
"RERE",-0.00763754961070434
"CHMP2B",-0.00764148425016513
"ANO10",-0.00772537497185401
"CSNK1G1",-0.00773838881056456
"RAB6A",-0.00780216723559587
"OR14K1",-0.00787428210891743
"OR2T11",-0.00787428210891743
"NBPF13P",-0.00787428210891743
"MYO3B",-0.00787428210891743
"SNAI1P1",-0.00787428210891743
"LINC02049",-0.00787428210891743
"PRR27",-0.00787428210891743
"HSBP1P2",-0.00787428210891743
"PLK4",-0.00787428210891743
"RPL7P24",-0.00787428210891743
"ASS1P10",-0.00787428210891743
"RNA5SP177",-0.00787428210891743
"EIF4E1B",-0.00787428210891743
"GRIA1",-0.00787428210891743
"HNRNPA3P4",-0.00787428210891743
"TREML1",-0.00787428210891743
"MTND4P24",-0.00787428210891743
"NOX1",-0.00787428210891743
"OTC",-0.00787428210891743
"RPL17P31",-0.00787428210891743
"DEFB107A",-0.00787428210891743
"ASIC1",-0.00787428210891743
"LINC02402",-0.00787428210891743
"TRAV38-2DV8",-0.00787428210891743
"PPIAP49",-0.00787428210891743
"FAM242B",-0.00787428210891743
"FRG1DP",-0.00787428210891743
"CLIC4P2",-0.00787428210891743
"SLC5A5",-0.00787428210891743
"RPL7AP31",-0.00792365154007946
"SLC22A13",-0.00802152805661318
"ZNF573",-0.00805216527069496
"RPS26P6",-0.0080608152364002
"ATP5PO",-0.00811732833450309
"ZKSCAN1",-0.00811790825157024
"SNRPGP5",-0.00815431131661885
"PCNP",-0.00817774864974816
"RAB2B",-0.00822819680049842
"PAAF1",-0.00827707450790329
"ARL1",-0.0083313388985595
"RNU6-1190P",-0.00839728154141276
"C2orf49",-0.00866253752070593
"NDUFA2",-0.0086759015601424
"MEX3C",-0.00870168500650262
"IFT25",-0.00871626655402947
"DDHD2",-0.00873430528737683
"DNAJC3",-0.00878231452051249
"FXYD6P2",-0.00878986266350411
"CRELD2",-0.00879103653388342
"RAD18",-0.00879809867973885
"OGFOD3",-0.00893346163665032
"NIN",-0.00895100548131553
"MATR3",-0.00905271461695146
"NOP58",-0.00911045579043117
"STRAP",-0.0091557890549306
"SLX9",-0.00919768707492057
"THRA",-0.00921483177785473
"ZFR",-0.00921669073691161
"MEAF6",-0.00921896805850498
"UBAP2",-0.00925577100279096
"TRIM14",-0.00942693914886901
"SARS1",-0.00943252775125478
"FBXW4",-0.00943961726019552
"SH3GL1",-0.00947375809873387
"WRNIP1",-0.0095111999581454
"MTATP8P2",-0.00962069687222349
"MACROH2A1",-0.00966978897638364
"PMM1",-0.00971593602070183
"NUBP1",-0.00972105349259758
"CDC27",-0.00974486635984178
"HIKESHI",-0.00980819742762956
"C6orf226",-0.00981984168983723
"MT-TC",-0.00988073981426341
"CHROMR",-0.00988153867670985
"DDB1",-0.00990852418727279
"ZNF286A",-0.00993702055662664
"WTAPP2",-0.00998518535521948
"APPL1",-0.0100004017000215
"ACTBP2",-0.0100402950032602
"BDP1",-0.0100592312908513
"CUL9",-0.0101211742163672
"FAM133B",-0.0101681703888653
"SDHB",-0.0101702145722335
"SERTAD2",-0.0103779624530213
"PPFIA4",-0.0104428713604477
"USP53",-0.0104614000750648
"ST7L",-0.0104885715340714
"PAX8",-0.0105059456571053
"PMP22",-0.0105400526085044
"JMJD8",-0.0105768521954801
"DNAJC30",-0.0106149463958018
"CNOT7",-0.0106813797128398
"COPB2-DT",-0.0106831830469952
"RUFY1",-0.0107556430499033
"POLE4",-0.0107599132328794
"ZNF717",-0.0108419995133225
"CASP10",-0.0109324459246974
"DCTN3",-0.0109355653747695
"SARM1",-0.0110005107333354
"BRD7",-0.0110519775734663
"NAP1L4",-0.0110542632748238
"MAPKAP1",-0.0110943227615071
"RPL13AP22",-0.0111345435282998
"PRKACB",-0.0112928451628448
"CYTH1",-0.0113058369669503
"HSD17B11",-0.0114345391199952
"CXCL3",-0.0114947316001436
"ATPAF1",-0.0115045555102924
"ATP5F1CP1",-0.0115053453413156
"PPP1R15B",-0.0115338917369185
"RFC2",-0.0115709112244811
"ATXN7L3-AS1",-0.011575629364196
"MICU1",-0.0115756528010792
"COQ2",-0.0115964023107071
"NUDT21",-0.0116914792161652
"MBD4",-0.0117324311050534
"MYO19",-0.011753650462926
"CHD9",-0.0118191482454869
"PSEN1",-0.0119049018967622
"RPL4",-0.0119449926093062
"WDR48",-0.0120073684249665
"CMC2",-0.0120127623891216
"PARN",-0.0120584508330597
"EPB41L5",-0.0120751990547812
"CHCHD2",-0.0121032881611631
"PITRM1-AS1",-0.0121376695460222
"GTPBP8",-0.0121997184878924
"TERF1",-0.0122132955681522
"C17orf107",-0.0122374647576125
"MTHFD1",-0.0124382048849737
"RARG",-0.0124402221584969
"KRTCAP2",-0.0124437132402206
"RNF168",-0.0124542604051914
"ZNF92",-0.012456465068017
"SLC25A17",-0.0127308819409435
"ASPSCR1",-0.0127326599624432
"PPM1F",-0.0128097852385477
"COQ5",-0.0128513366607365
"GSTK1",-0.0128877653736188
"MPZ",-0.0129203533924471
"CLN3",-0.0129260003712309
"MFSD8",-0.0129610200572185
"USP7",-0.012965640798466
"SLC35F5",-0.0129695814008708
"SCCPDH",-0.0131254059794981
"ZNF664",-0.0131278001389397
"NIPAL3",-0.0131491918070795
"URB2",-0.0132317783523758
"CDKN1B",-0.0132944169862199
"ZRANB2",-0.0132969354917847
"LMAN1",-0.013374312847701
"ZC3H14",-0.0133898341006971
"ATP6V1D",-0.0135645098957497
"AQR",-0.0135721375349675
"PPCDC",-0.0136302911372115
"RRP15",-0.0137828290636457
"PRPF31-AS1",-0.0138851065299634
"ZNF248",-0.0139115089301477
"ZBTB47-AS1",-0.0140033234523485
"EPHX2",-0.0140184688065896
"MATCAP1",-0.0140254819081747
"NF2",-0.0140401931799152
"MAST4",-0.0140487747118367
"DARS1-AS1",-0.0140737027745035
"PPT2-EGFL8",-0.0140763129894377
"TMEM97",-0.0141177907998385
"KCNMB2-AS1",-0.0141779548791454
"GYS1",-0.0142132651739434
"RNU6-1092P",-0.0142277466954536
"LIG1",-0.0142847636319838
"RNA5SP161",-0.01429463046389
"S100A9",-0.0143119641243296
"ZNF567-DT",-0.0143981141271418
"ANAPC15",-0.0145853153110875
"KLHDC1",-0.0147522574492768
"PGS1",-0.0148876432754127
"SAV1",-0.0148902367738794
"DDX3X",-0.0149434193158099
"SLC39A13",-0.0150021868994086
"BTN3A2",-0.0150158117829643
"LTO1",-0.0150874172116015
"LINC01756",-0.0151168294703659
"ELAVL4",-0.0151168294703659
"OLFM3",-0.0151168294703659
"RNA5SP44",-0.0151168294703659
"ERICH3",-0.0151168294703659
"LCEP2",-0.0151168294703659
"OR2M2",-0.0151168294703659
"GLIS1",-0.0151168294703659
"OR2L13",-0.0151168294703659
"RPS13P3",-0.0151168294703659
"UBE2F-SCLY",-0.0151168294703659
"RPL23AP37",-0.0151168294703659
"DAW1",-0.0151168294703659
"NRXN1",-0.0151168294703659
"ANKRD36BP2",-0.0151168294703659
"RMDN2-AS1",-0.0151168294703659
"ILDR1",-0.0151168294703659
"ADGRG7",-0.0151168294703659
"NUP210P3",-0.0151168294703659
"TMPRSS7",-0.0151168294703659
"LINC01326",-0.0151168294703659
"LINC01324",-0.0151168294703659
"AFP",-0.0151168294703659
"LINC00616",-0.0151168294703659
"LINC00290",-0.0151168294703659
"RCC2P8",-0.0151168294703659
"LINC03000",-0.0151168294703659
"OOEP-AS1",-0.0151168294703659
"RPS27P15",-0.0151168294703659
"RHAG",-0.0151168294703659
"RPL7P26",-0.0151168294703659
"LINC01016",-0.0151168294703659
"LNCPOIR",-0.0151168294703659
"PRSS37",-0.0151168294703659
"RPS17P17",-0.0151168294703659
"ZNF630",-0.0151168294703659
"HTR2C",-0.0151168294703659
"RPS6KA6",-0.0151168294703659
"RNU6-764P",-0.0151168294703659
"LINC00251",-0.0151168294703659
"DENRP4",-0.0151168294703659
"RNU2-46P",-0.0151168294703659
"PHF24",-0.0151168294703659
"HEMGN",-0.0151168294703659
"LINC00587",-0.0151168294703659
"BARX1-DT",-0.0151168294703659
"MIR31HG",-0.0151168294703659
"RPL36AP40",-0.0151168294703659
"TMEM258P1",-0.0151168294703659
"MUC2",-0.0151168294703659
"GDPD4",-0.0151168294703659
"LINC00958",-0.0151168294703659
"LRRTM3",-0.0151168294703659
"UCMA",-0.0151168294703659
"LINC01516",-0.0151168294703659
"PTP4A1P2",-0.0151168294703659
"IL22",-0.0151168294703659
"FAM242C",-0.0151168294703659
"LINC02826",-0.0151168294703659
"CNOT4P1",-0.0151168294703659
"ELOBP1",-0.0151168294703659
"RPS27P2",-0.0151168294703659
"ZNF843",-0.0151168294703659
"KRTAP9-10P",-0.0151168294703659
"WFDC9",-0.0151168294703659
"LINC01746",-0.0151168294703659
"LINC00664",-0.0151168294703659
"NLRP13",-0.0151168294703659
"PCAT14",-0.0151168294703659
"MT-TL1",-0.0151393819245527
"FAM118B",-0.015165879376892
"TNPO2",-0.0151965028885046
"RPL7P13",-0.0152123321577345
"RPS27P23",-0.0152124216716363
"AKAP9",-0.0152160710433002
"TXNDC15",-0.0152194860662281
"COPS8P2",-0.0152259934927656
"RPS18P9",-0.015231190681912
"FTLP5",-0.0152343250613654
"C17orf113",-0.0153066651504181
"HECTD3",-0.0153147441975098
"CASC11",-0.015333144954469
"MATCAP2",-0.0153373124301
"LINC02798",-0.0153506492947941
"ZC3H11B",-0.0154218346038891
"PIMREGP1",-0.015425762453428
"GAPDHP65",-0.0154835449437881
"TOP1MT",-0.0155792645182206
"C2CD6",-0.0156681491094102
"STARD5",-0.0156703064026501
"CNOT10-AS1",-0.0157271038266188
"ZNF148",-0.0157727940418556
"IER2",-0.015808155804159
"PAXBP1",-0.0158276381330306
"POLD1",-0.0158499883549237
"AIMP2",-0.0158712900048328
"PDIA4",-0.015874206020411
"SUPT16H",-0.0158906306011067
"ZNF512B",-0.0159122064800648
"RTL1",-0.0159170043825144
"ANXA10",-0.0159235319279639
"UQCR10",-0.0159679213845239
"THOC2",-0.0160150985190167
"GATD3",-0.0160443449681389
"NCLP1",-0.0160558370814713
"FBXL15",-0.0160603514098692
"GATB",-0.0160907954389677
"MRPL42",-0.0161069745963534
"RRAGA",-0.0161176165986041
"ANKLE2",-0.0162558379962966
"CEP250-AS1",-0.0162896586972087
"CCDC85C",-0.0163264100945447
"SHC1",-0.0164557892487192
"CARD11",-0.0164758814001166
"DCUN1D3",-0.0164901367823116
"XAB2",-0.016589550992256
"SBNO2",-0.0166805124346858
"DBF4P1",-0.0168184945219615
"ING3",-0.0168597442110693
"EXOSC1",-0.0169542402560361
"TP53",-0.0169843086922425
"SMIM26",-0.0169984487791824
"POLD2",-0.0170274912328067
"MED28",-0.0170970778344069
"DCTN2",-0.017113745021769
"STAG1-DT",-0.0171265472082724
"TBP",-0.0171509364320866
"FTL",-0.0172508441085099
"KLF11",-0.017423805405298
"SCUBE3",-0.0174939290963484
"MARCHF5",-0.0175374000394694
"SMARCD3",-0.0175601232696936
"SMG5",-0.0176124960798967
"ACE",-0.0176856098199356
"UFD1",-0.0178944065787276
"PRR15L",-0.0179521293553487
"SDHC",-0.0181706168444564
"EGFL7",-0.0184543042052217
"PLCZ1",-0.0184804185483779
"APMAP",-0.0185088573951909
"KLF7",-0.0186874866778006
"COG8",-0.0187233844262402
"PCED1A",-0.0188463029150911
"IFT81",-0.0188563533850914
"C6orf62",-0.0188854685128442
"LDHAP5",-0.0190540735841485
"RPL23AP65",-0.0190705315928329
"ITGAE",-0.0190778083755436
"INCENP",-0.0191036962084275
"SNRNP27",-0.0192105215832901
"EIF4E3",-0.0192467816631145
"ATP8A1",-0.0193124906983354
"RC3H2",-0.0193338772793385
"MCM8",-0.0193881158100123
"CCT5",-0.0194636903533448
"NSMCE4A",-0.0194872646956486
"USP15",-0.0196699682764857
"ISOC2",-0.0197632845041536
"EIF2D",-0.0197914048414126
"RPL13AP24",-0.0198309645560597
"C19orf12",-0.0198441380544574
"SMARCE1P2",-0.0199202560905404
"SUPT20H",-0.0199582674238116
"MASP2",-0.0200658734467877
"ERP29",-0.020188988375084
"FUBP1",-0.0202033389769504
"ITPRIP-AS1",-0.020303467307816
"NKTR",-0.0203272580997159
"NAXE",-0.0203615600208964
"ENPP6",-0.0203819290705542
"PPIAP35",-0.0205304974051536
"IFT70B",-0.0205304974051536
"SAMD7",-0.0205304974051536
"LINC02265",-0.0205304974051536
"MTCYBP22",-0.0205304974051536
"CIR1P1",-0.0205304974051536
"SLC6A19",-0.0205304974051536
"CCDC170",-0.0205304974051536
"SYTL5",-0.0205304974051536
"UBE2V1P9",-0.0205304974051536
"PPP4R3C",-0.0205304974051536
"CLIC4P1",-0.0205304974051536
"TRBV22OR9-2",-0.0205304974051536
"MMP3",-0.0205304974051536
"CNTN5",-0.0205304974051536
"EBAG9P1",-0.0205304974051536
"LINC00507",-0.0205304974051536
"RPL12P32",-0.0205304974051536
"CTAGE10P",-0.0205304974051536
"LINC00354",-0.0205304974051536
"ENSAP2",-0.0205304974051536
"RPL21P4",-0.0205304974051536
"TNPO1P3",-0.0205304974051536
"PARAL1",-0.0205304974051536
"OSTCP3",-0.0205304974051536
"UCA1",-0.0205304974051536
"PSG4",-0.0205304974051536
"EEF1A1P10",-0.0205922518521195
"RPL35P10",-0.0206417533607607
"TMEM221",-0.0206543872376507
"NDUFB1P1",-0.0206621958230958
"RPL13P6",-0.0206630657249786
"CLIP2",-0.020682173787833
"ALDH5A1",-0.0207193120293401
"GALNT16-AS1",-0.0207564682161243
"THBS4",-0.0207839227027884
"RPS15AP24",-0.0207867060314267
"MT-TS2",-0.0207867060314267
"MYH10",-0.020832652754708
"TMEM147",-0.0208328029290697
"C2orf50",-0.0209340924411769
"EPSTI1",-0.0210016329771676
"PGBD1",-0.0210118871956319
"GANAB",-0.0210225049038121
"UBE2D2",-0.0210311838100775
"GIMAP3P",-0.0210648222662394
"SEC63",-0.0210866979406132
"MACIR",-0.0210970632423992
"NUDT9",-0.0211036467930614
"ANKRD36C",-0.0211514125476857
"DHCR7-DT",-0.0211691465520536
"RABL3",-0.0212231503210496
"HDHD2",-0.0212907449598073
"CUL4A",-0.0212979599727309
"ATP5F1D",-0.0213096755156578
"MMP25-AS1",-0.0213937121570744
"LINC02082",-0.0214242822670798
"TMPO",-0.021456116160431
"TSN",-0.0214889999210344
"RPP30",-0.0215362673803287
"FAF1",-0.0216015680552694
"OSBPL1A",-0.0216477880255488
"SLC16A1-AS1",-0.0217322004842163
"LMBRD1",-0.0217582085704013
"LRP10",-0.021784591157896
"RGPD2",-0.0220014893372484
"HEIH",-0.0220109649930028
"POLR3K",-0.0220186516354664
"HPCA",-0.0220217784681267
"RNA5SP282",-0.022091971992495
"RTRAF",-0.0221618726700442
"CBR1",-0.0221625300327307
"FDPS",-0.0223634461367116
"DVL2",-0.0224508286466665
"FAHD2A",-0.0225535952582425
"JMJD4",-0.0226065486710064
"HAGH",-0.0227173010038135
"MKRN1",-0.0228471677055073
"WARS1",-0.0228614668206858
"SLC25A25-AS1",-0.0230887914717
"KCTD20",-0.0232829100394451
"KIAA2012-AS1",-0.0234808711367578
"IER5L-AS1",-0.0235060506758386
"CIAO2A",-0.0235454506659465
"ANKRD13B",-0.0236114157440871
"ZNF480",-0.0236359175958358
"MTA2",-0.0236387835674887
"PNN",-0.0237502291190803
"KPNB1",-0.0237942484009554
"ACADM",-0.0239212170076768
"METTL9",-0.0239294830525748
"PRR7",-0.0239435440647774
"CLIC6",-0.0239790320678173
"DDX41",-0.0239966900626441
"NHP2",-0.0240114862836292
"UCHL5",-0.0240425584756364
"SLTM",-0.0240876622859352
"CDK5RAP2",-0.0241065749958745
"HDDC2",-0.0241074499584511
"USP39",-0.0241483748256241
"RPS10P3",-0.0242032291716317
"MIDEAS",-0.0243561630553218
"EIF4A1P4",-0.0244105348802714
"HLA-F-AS1",-0.0245564952174084
"KLHL31",-0.0245644392815464
"B3GAT3",-0.0246195612945873
"TSNAXIP1",-0.0246638752974669
"ENTPD5",-0.0247537152500275
"LARS1",-0.0247644234277385
"GAPDHP1",-0.0247905127968259
"SEC61A1",-0.0248596384019419
"RPL18AP3",-0.0249105473204409
"FNTAP1",-0.0249372597512712
"FTLP3",-0.0250309567635706
"RPS10P13",-0.0250323424776226
"CLNS1A",-0.0251899071449519
"CBX3",-0.0252812761778029
"RAB1B",-0.0253337565987755
"EEF1DP1",-0.025368076301142
"ZFTA",-0.0253771974081275
"NGEF",-0.0256104236283118
"ZSCAN30",-0.0256693373295889
"STX5",-0.0257537176186607
"SNX6",-0.0258392369917427
"ETFRF1",-0.0258471018561579
"PPP2R5D",-0.0258714012332356
"RHOT1",-0.0259100460895321
"C22orf15",-0.0259126836451577
"CLSTN3",-0.0260053702033559
"GUK1",-0.0260161036062019
"YWHAG",-0.026071877212076
"GTF3C6",-0.0261523543703168
"ARPP19",-0.0261590102062008
"ZNF442",-0.0263539787859125
"TMEM276",-0.0264499885287821
"GATAD2B",-0.0264879005889449
"CTDNEP1",-0.0265413775907954
"ARHGAP5",-0.0266991794473355
"LMF2",-0.0268564341217938
"CEP78",-0.0269519191939707
"TMEM242",-0.0269736027340783
"ZCCHC4",-0.0270125075712733
"GNA12",-0.027039096921696
"RARB",-0.027077888214736
"PRR14",-0.0271040612997931
"LRRC28",-0.0272093059892245
"IFRD1",-0.0274221957604966
"MPG",-0.0275402504714961
"EIF4BP7",-0.0276734340667532
"RPS19P1",-0.0277046019094526
"TNFRSF4",-0.0277464100943331
"TSR2",-0.0280709000237842
"EEF1A1P11",-0.0280773454328082
"CCDC175",-0.0280844841833917
"COQ3",-0.0280948973156694
"CCDC26",-0.028260305950537
"PHKG1",-0.0282757779071741
"MIDN",-0.028353936641772
"GMFG",-0.0283736392024685
"ZNF470",-0.0283738166847043
"MRPL47",-0.0285038171280728
"HEBP2",-0.0285339279795169
"MUC20-OT1",-0.0286972159074697
"PTOV1",-0.0287471676810324
"RPL13P12",-0.0289253342184535
"ADH5P4",-0.0289263522860112
"PATL1",-0.0290189347844502
"STARD3",-0.0290433473834047
"RASSF1",-0.0290708007725558
"XKR8",-0.0291725727488985
"SNORA71B",-0.0292488622483161
"ARMH3",-0.0292539114435705
"TMEM218",-0.0292742720661472
"WDR33",-0.0293442846292338
"SLC25A45",-0.02936593218459
"SERPINB9",-0.0294517181485374
"PGD",-0.0295636669753987
"MPPE1",-0.0298254552480274
"LPCAT4",-0.0298513452187606
"TTC14",-0.0298530971848452
"MRPS16",-0.0298774593572186
"RIC8B",-0.0298917647166989
"HNRNPKP4",-0.0298927596375424
"EIF3G",-0.0299991030217156
"SLFN11",-0.0300156242626446
"ELOBP2",-0.0301670314385625
"ZBTB8OS",-0.0302840279963039
"ARMCX4",-0.0303103800311962
"ZBED5",-0.0304313264915435
"PSMB6",-0.0306354261089589
"TMEM262",-0.0306519168360752
"HLA-DRB5",-0.0306614752551934
"ALG12",-0.0306796974373025
"PTENP1-AS",-0.030767468601821
"ARF1",-0.0308703580312025
"AGO2",-0.030886490960163
"EEF1DP2",-0.0311176092078262
"PCM1",-0.0311176880089491
"GAB1",-0.0311487961459067
"TM9SF3",-0.0313305205522065
"VAV3",-0.0315508925815709
"LDAF1",-0.0315857447242417
"ASB16-AS1",-0.0316364370803685
"MISFA",-0.031685737013601
"RECQL",-0.0317711913610241
"POTEF",-0.0318902629880362
"COMMD6",-0.0319455432373047
"SNRPG",-0.0319512430066334
"ZNF706",-0.0320754386998896
"TNPO3",-0.032187514516846
"SUPT16HP1",-0.0323243302299645
"DOCK11",-0.0324879712513028
"COP1-DT",-0.0325206948926063
"KAT5",-0.0325471547313666
"NDUFB2",-0.0326066856621614
"ADGRB3-DT",-0.0327455244922502
"SNORA70G",-0.0328596915712863
"CAB39",-0.0328968560457727
"FADD",-0.0331578694526088
"BISPR",-0.0333550751183636
"RPL5P9",-0.0333721449298613
"CASKIN1",-0.0335780843086286
"NELFE",-0.0337297357469868
"FUT10",-0.0337632454545494
"THAP12",-0.0338696767586535
"HNRNPDL",-0.0339084304320018
"DNAJC1",-0.0339158054251361
"STK31",-0.0339355228878962
"ANP32B",-0.0340430445936686
"GAR1-DT",-0.0342319179819481
"RPL13AP16",-0.0342633328537628
"OLA1",-0.0344605338730652
"NDUFA4P1",-0.0347089968182108
"VMA21",-0.0347097466478645
"DNAJC16",-0.0347178321622022
"SDAD1",-0.0347366850030357
"RPS27P21",-0.0348744963823761
"PMPCB",-0.0350078325112892
"CCDC47",-0.0350505025622165
"GOPC",-0.0351275652447164
"TUBAP2",-0.0351940010193354
"AGBL4-IT1",-0.0352821762932582
"RNU6-651P",-0.0352821762932582
"PLB1",-0.0352821762932582
"MME",-0.0352821762932582
"TRPC7-AS2",-0.0352821762932582
"NMUR2",-0.0352821762932582
"LVRN",-0.0352821762932582
"MGAM",-0.0352821762932582
"ST18",-0.0352821762932582
"KRT85",-0.0352821762932582
"PCTP",-0.0354309634452143
"LINC01704",-0.0354667592248015
"CFAP92",-0.0355395598585368
"HM13",-0.0355545629354686
"PIP4P2",-0.0355651531499864
"MAFA",-0.0357040889269198
"NDUFS3",-0.0357188658940193
"ITGA3",-0.0357601182196358
"CYP27B1",-0.0358159827835567
"GPKOW",-0.0358250067554747
"RB1CC1",-0.0358547564870159
"SPNS2-AS1",-0.0359855054391815
"RPL13",-0.0360154452614115
"IRF2",-0.0361340524924471
"ETS1",-0.036216469791066
"DOLPP1",-0.0364345860935486
"ZNF599",-0.0365598597793235
"C1orf167",-0.0367512714992506
"INO80C",-0.0367652807286216
"MAPK1IP1L",-0.0368674156428831
"BUD31",-0.0368873721131194
"TSPO",-0.0368903352255507
"SLC5A9",-0.0369092363881792
"MX2",-0.0369434913267294
"RPL5P29",-0.0369728671234322
"DAGLB",-0.0370773214838524
"NUF2",-0.0372629244214423
"GLYATL2",-0.0374262128654743
"BBIP1",-0.0374267070469385
"CHCHD2P6",-0.0377505899290918
"GALT",-0.0377866724436533
"EIF3E",-0.0379265415207522
"RPL7AP11",-0.0379382154959135
"RPL21P113",-0.0379566243221928
"STK19",-0.0379794375968176
"CIAO2B",-0.0379869639953052
"E2F5",-0.0379875754987988
"TTC21A",-0.0380172405489888
"LSG1",-0.0380258085937118
"ZNF821",-0.0380295180891031
"LINC02967",-0.0380406384855683
"PAN3",-0.0380539983507545
"RNPEP",-0.0381666986419556
"HPCAL1",-0.0382592519334229
"STXBP5-AS1",-0.038346422794304
"PPP2CB",-0.0385272621283512
"NPM1P40",-0.0385311754416225
"SLC25A35",-0.0386727528461034
"OAZ2",-0.0386982925068023
"FGF2",-0.0386996345314596
"CCND3",-0.0387934395173628
"OR1B1",-0.0389374540523725
"BPTF",-0.0390065898330691
"SMC3",-0.0390330047279101
"MIR3976HG",-0.0391274037700682
"TMEM238L",-0.0391838123912614
"LINC01498",-0.0391883300692287
"SURF2",-0.0391920741332601
"DDX1",-0.0393851330547221
"ANO4",-0.039403318527215
"RPS3AP47",-0.0394511852812446
"TMEM107",-0.0395964663040593
"MALRD1",-0.0396291418838024
"EFCAB7",-0.0396655832555921
"ENC1",-0.0397036381270374
"UTS2",-0.039715049815404
"PSMG2",-0.0400076536864219
"ST6GALNAC5",-0.0400362964390221
"SLC6A17",-0.0400362964390221
"XCL1",-0.0400362964390221
"BRINP2",-0.0400362964390221
"PLA2G2F",-0.0400362964390221
"CLCA2",-0.0400362964390221
"PRAMEF10",-0.0400362964390221
"CIART",-0.0400362964390221
"RPL26P9",-0.0400362964390221
"LRRC52-AS1",-0.0400362964390221
"LINC02813",-0.0400362964390221
"DOCK7-DT",-0.0400362964390221
"RGSL1",-0.0400362964390221
"LINC01794",-0.0400362964390221
"PLCH1",-0.0400362964390221
"HNRNPA1P22",-0.0400362964390221
"SUCNR1",-0.0400362964390221
"ALDH1L1-AS2",-0.0400362964390221
"LINC02050",-0.0400362964390221
"UGT2B10",-0.0400362964390221
"CUL4AP1",-0.0400362964390221
"LINC02505",-0.0400362964390221
"LINC02174",-0.0400362964390221
"CPEB2-DT",-0.0400362964390221
"LINC02494",-0.0400362964390221
"SLCO6A1",-0.0400362964390221
"RNA5SP176",-0.0400362964390221
"LINC02996",-0.0400362964390221
"LINC03122",-0.0400362964390221
"LINC01951",-0.0400362964390221
"LINC02216",-0.0400362964390221
"CSPG4BP",-0.0400362964390221
"LIN28B",-0.0400362964390221
"RNU6-261P",-0.0400362964390221
"RPL7AP7",-0.0400362964390221
"IL17A",-0.0400362964390221
"SCML4",-0.0400362964390221
"LINC02532",-0.0400362964390221
"PON1",-0.0400362964390221
"RNU6-832P",-0.0400362964390221
"LINC01287",-0.0400362964390221
"CYLC1",-0.0400362964390221
"MIR384",-0.0400362964390221
"TAF7L",-0.0400362964390221
"FBXO43",-0.0400362964390221
"NATP",-0.0400362964390221
"LINC01592",-0.0400362964390221
"HMGB3P23",-0.0400362964390221
"IFNE",-0.0400362964390221
"RNA5SP349",-0.0400362964390221
"OR8A2P",-0.0400362964390221
"OR52A1",-0.0400362964390221
"RNU6-311P",-0.0400362964390221
"OR52I1",-0.0400362964390221
"ITIH2",-0.0400362964390221
"LIPN",-0.0400362964390221
"RPSAP10",-0.0400362964390221
"AKR1C2",-0.0400362964390221
"RNU6-673P",-0.0400362964390221
"LINC02649",-0.0400362964390221
"MFAP5",-0.0400362964390221
"TPH2",-0.0400362964390221
"MYRFL",-0.0400362964390221
"ZNF705A",-0.0400362964390221
"LINC00378",-0.0400362964390221
"EDDM3A",-0.0400362964390221
"SLC39A2",-0.0400362964390221
"EGLN3-AS1",-0.0400362964390221
"RPL22P20",-0.0400362964390221
"LINC02304",-0.0400362964390221
"FOXG1-AS1",-0.0400362964390221
"RN7SKP101",-0.0400362964390221
"TMCO5A",-0.0400362964390221
"DRAIC",-0.0400362964390221
"HS3ST3B1",-0.0400362964390221
"KRT41P",-0.0400362964390221
"KRT39",-0.0400362964390221
"KRTAP4-12",-0.0400362964390221
"SPMAP1",-0.0400362964390221
"SLC25A51P2",-0.0400362964390221
"SERPINB4",-0.0400362964390221
"LINC01544",-0.0400362964390221
"LINC02856",-0.0400362964390221
"RNU6-1019P",-0.0400362964390221
"PCK1",-0.0400362964390221
"TMC2",-0.0400362964390221
"MIR663AHG",-0.0400362964390221
"LINC01428",-0.0400362964390221
"ZNF728",-0.0400362964390221
"RPS4XP22",-0.0400362964390221
"CEACAMP6",-0.0400362964390221
"IGLV3-12",-0.0400362964390221
"IGLL1",-0.0400362964390221
"PPM1K-DT",-0.0400567282310631
"ITPR3",-0.0400817001611929
"DENR",-0.0401467910593449
"NT5DC3",-0.0402977062700062
"PTPN2P2",-0.0403411338549163
"SUMO2",-0.0403910628453188
"PLCH2",-0.0404074989884167
"RBM4",-0.040507173640445
"KTI12",-0.0407458639083936
"SLC10A1",-0.0408159484670584
"C18orf54",-0.040826889762222
"ANGPTL3",-0.0408467661621969
"ZNF695",-0.0408467661621969
"FYB2",-0.0408467661621969
"MYBPHL",-0.0408467661621969
"CFAP107",-0.0408467661621969
"CA6",-0.0408467661621969
"CAPNS1P1",-0.0408467661621969
"LYPLAL1-AS1",-0.0408467661621969
"LINC02607",-0.0408467661621969
"CAPN13",-0.0408467661621969
"TEX44",-0.0408467661621969
"RPL21P31",-0.0408467661621969
"LINC01877",-0.0408467661621969
"ST13P14",-0.0408467661621969
"MTCO3P38",-0.0408467661621969
"ATP13A5-AS1",-0.0408467661621969
"HSPA8P19",-0.0408467661621969
"RPS27P11",-0.0408467661621969
"LINC01980",-0.0408467661621969
"LINC02024",-0.0408467661621969
"KIF4B",-0.0408467661621969
"SPINK5",-0.0408467661621969
"H3P20",-0.0408467661621969
"RAB9BP1",-0.0408467661621969
"RPL21P64",-0.0408467661621969
"SIMALR",-0.0408467661621969
"RPL7AP40",-0.0408467661621969
"RNU6-650P",-0.0408467661621969
"TRGC1",-0.0408467661621969
"RHOXF2",-0.0408467661621969
"SLC7A13",-0.0408467661621969
"JPH1",-0.0408467661621969
"RGS22",-0.0408467661621969
"LINC03090",-0.0408467661621969
"IFNA22P",-0.0408467661621969
"GABBR2",-0.0408467661621969
"PHKG1P3",-0.0408467661621969
"OR5P2",-0.0408467661621969
"MIR5582",-0.0408467661621969
"NRG3",-0.0408467661621969
"RNA5SP303",-0.0408467661621969
"A1CF",-0.0408467661621969
"RPL12P33",-0.0408467661621969
"LINC00457",-0.0408467661621969
"MTUS2-AS2",-0.0408467661621969
"PLA2G12AP2",-0.0408467661621969
"PCDH8P1",-0.0408467661621969
"PPIAP23",-0.0408467661621969
"LINC00434",-0.0408467661621969
"WDR95P",-0.0408467661621969
"IGHV1-24",-0.0408467661621969
"RPL21P12",-0.0408467661621969
"TRAV8-1",-0.0408467661621969
"CEBPE",-0.0408467661621969
"LRRC9",-0.0408467661621969
"NOVA1-DT",-0.0408467661621969
"IQCH",-0.0408467661621969
"AP3B2",-0.0408467661621969
"RPL21P115",-0.0408467661621969
"VWA3A",-0.0408467661621969
"UBE2FP2",-0.0408467661621969
"TMEM92",-0.0408467661621969
"DSG1",-0.0408467661621969
"NOL4",-0.0408467661621969
"GSTT4",-0.0408467661621969
"GXYLT1P2",-0.0408467661621969
"LINC01697",-0.0408467661621969
"ISCA1",-0.0408599781178857
"ZNF227",-0.0409675245466271
"TMPRSS15",-0.0410587539091793
"PTP4A2",-0.0410804568008322
"RPS27P13",-0.0411114263492546
"ALAD",-0.041136322880607
"BOD1",-0.0411399560324131
"MPP2",-0.0411418899146877
"IP6K1",-0.0411560314482407
"ANKUB1",-0.0412268500679353
"CNPY2",-0.0413635260060756
"RPL12P42",-0.0413925923484787
"H3P44",-0.041418801711526
"UBE2E3",-0.0414686974226982
"UBL5P2",-0.0414806517956713
"SPTA1",-0.0414830520271295
"GMCL1",-0.0415339945203044
"RPL21P116",-0.0415680288572544
"ZFP28",-0.041665035091555
"ZNF610",-0.041817012778921
"NPHP3",-0.0419317134984193
"MAPRE2",-0.0419750427628507
"STK24",-0.0420460368888409
"RN7SL473P",-0.0420890145044596
"KDM5B",-0.0422307394484583
"SPIDR",-0.0423264664482562
"STAM",-0.0424456134242688
"YIF1B",-0.0424558271362048
"PIBF1",-0.0426090521856151
"IARS2",-0.0426143343463071
"C2CD3",-0.0426663341466115
"SFTPA2",-0.0426730987221596
"GAN",-0.0427978039898998
"SRP72",-0.0429503275425396
"NKIRAS2",-0.0429760697469924
"CABIN1",-0.0431988799904975
"SMIM14-DT",-0.0432690891852828
"ATP6V0E1",-0.0433371405443012
"RRP36",-0.0433763013192252
"ATG7",-0.0433830603161923
"RPS5",-0.0434449757821033
"NUDCP2",-0.0434918754705864
"MRPL18",-0.0435471096497345
"MAP7-AS1",-0.0438102243341691
"TNS2-AS1",-0.043840058679346
"CC2D1B",-0.0439042399728411
"UVRAG",-0.0439250751621865
"RSRC2",-0.044047959227829
"STAT3",-0.0440924826541659
"CPLX1",-0.0442431458003622
"LLGL1",-0.0445936995889811
"LINC02018",-0.0446462209827853
"BST2",-0.0446777424190134
"SERBP1",-0.0446958849155735
"PIGU",-0.0447339935689889
"LMBR1",-0.0449119725321527
"DGKD",-0.0449407619624371
"PTPRA",-0.0449415326676862
"SHISA5",-0.045043118078181
"NID2",-0.045156858391459
"DNAH17",-0.0452088642168105
"TMX3",-0.0452952547904384
"AGAP4",-0.045326255214752
"DTYMK",-0.0453373871184519
"DCHS2",-0.0454798203615394
"CHCHD4",-0.0455748208319887
"FLVCR2",-0.0456766589167989
"METTL2A",-0.0458566225238964
"EMD",-0.0459564540859935
"RPL17P6",-0.0459962580860955
"RPS3AP15",-0.0463576536419279
"ERVH-1",-0.0463576536419279
"PPIAP87",-0.0463576536419279
"LPAR2",-0.046360711965423
"CCL23",-0.0464418540831779
"OVOL1",-0.0464622895383922
"TRIM59-IFT80",-0.0464999771284964
"SPIN1",-0.046502759263483
"TAF7",-0.0465085904684101
"GLUD1",-0.0465742841826804
"CWF19L1",-0.0467244487058269
"FTH1P1",-0.0467368682723414
"ATF6",-0.0471464620898559
"GRHL1",-0.0472892006679864
"PTDSS2",-0.0473345055014783
"EMC9",-0.0473421522498434
"LAS1L",-0.0473963602089939
"SNRPE",-0.0475291355108256
"ARFIP1",-0.0475389378289583
"APRT",-0.0477375942443807
"PKNOX1",-0.0478431873310509
"C19orf53",-0.048084059023222
"PITPNC1",-0.04816740442691
"TMEM60",-0.0481828616814503
"FER1L5",-0.0485038571400455
"ZBTB10",-0.0485301750317813
"MIR6514",-0.0485438489968908
"RPL7P7",-0.0485765310417557
"INO80E",-0.0486871693175152
"ASCC3",-0.0487139992993714
"CALR",-0.0487250226512134
"TNIP2",-0.0487901289123768
"ELOCP2",-0.0488340219567795
"PDS5B",-0.0489943293827774
"LCLAT1",-0.0491501140903057
"N4BP2L2-IT2",-0.0493597498065055
"SLBP",-0.0493931260323731
"THRAP3",-0.0495225721129202
"ELAPOR1",-0.0496999331376497
"SNHG12",-0.0497282550057504
"DNAJC11",-0.0497743558546165
"RLIG1",-0.0498035668744134
"ZNF256",-0.0499378125047071
"KXD1-AS1",-0.0499719663773183
"HLA-DMA",-0.0501821514898764
"LRP4",-0.0501880272865585
"GLA",-0.0503092246029416
"H4C15",-0.0503463130935035
"MYOG",-0.0503463130935035
"RBISP5",-0.0503463130935035
"RPS3AP19",-0.0503463130935035
"HCFC1-AS1",-0.0503463130935035
"MIR6862-1",-0.0503463130935035
"RPL8P2",-0.0503463130935035
"CPNE1",-0.0507739728151519
"THAP7-AS1",-0.0508753811993049
"PADI6",-0.0508927655435917
"ACOT8",-0.0510262566220165
"TGS1",-0.0510892831544335
"GPATCH4",-0.0511765577348304
"FCF1",-0.0512018335128023
"RGPD4-AS1",-0.0512042898021398
"SATB1-AS1",-0.0512042898021398
"THAP12P9",-0.0512042898021398
"ODAM",-0.0512042898021398
"LINC02218",-0.0512042898021398
"TDRD6",-0.0512042898021398
"DMRTA1",-0.0512042898021398
"SHQ1P1",-0.0512042898021398
"RMST",-0.0512042898021398
"LINC02421",-0.0512042898021398
"SLITRK1",-0.0512042898021398
"OR4K2",-0.0512042898021398
"OR4N5",-0.0512042898021398
"SGK2",-0.0512042898021398
"UNK",-0.0512954964191869
"ARF5",-0.0513336495897685
"CRPPA",-0.0513966737713196
"PPP6R3",-0.0514203633849501
"DDI2",-0.0515468391009812
"ESCO2",-0.0515906832251333
"CHMP3",-0.051617087669818
"ANKRD34C-AS1",-0.0516285527442671
"DPH2",-0.0516290117582114
"STARD7",-0.0516420272811996
"STK25",-0.0516529704834779
"SNAPC3",-0.0517337041394851
"FAM32A",-0.0517512118627209
"UGDH",-0.0517830200638064
"TNFSF13",-0.0519076390109604
"BAZ2B-AS1",-0.052010571678244
"AK1",-0.0520155616663598
"MS4A4A",-0.0520934850631928
"ENKD1",-0.052187719284704
"MICOS10P2",-0.0522707013128639
"PURPL",-0.0526244873543333
"EEF1B2P6",-0.0526429081644502
"SLC4A9",-0.05270727478845
"KLF13",-0.0527110617473882
"LINC01579",-0.0527273514881306
"PPP2R5C",-0.0528412179791457
"GAPDHP64",-0.0529075775152628
"ACOXL",-0.0529075775152628
"RPL31P38",-0.0529075775152628
"KRT18P11",-0.0529075775152628
"HNRNPA1P26",-0.0529075775152628
"LRRIQ1",-0.0529075775152628
"RPS15AP32",-0.0529075775152628
"CDH4",-0.0529075775152628
"ZNF419",-0.0529782845328868
"MSANTD3",-0.0529977947929166
"DCAF6",-0.0532411882662261
"ANKHD1",-0.0533092809001879
"POTEI",-0.0535402584325835
"FBXO11",-0.0535519496276056
"TNKS1BP1",-0.0536191595300374
"LSM12",-0.0537636738234657
"FANCD2OS",-0.0537840441117892
"KBTBD2",-0.0538165683046396
"LINC02223",-0.0538625195217941
"NPM1P12",-0.0538625195217941
"IGHV7-4-1",-0.0538625195217941
"IRF2BPL",-0.0538901843432795
"LAPTM4B",-0.0539017335950909
"ACP7",-0.0539120630309916
"SPDL1",-0.0539724931089597
"PAM16",-0.0539765335299594
"CUTA",-0.0542080241437442
"RNF114",-0.0543139094040435
"DIP2B",-0.0543619125816227
"NOMO1",-0.0548282247647497
"ANKRD11",-0.0550858614300058
"MED4",-0.0552435400611024
"VRK2",-0.0553121187778648
"ACAP3",-0.0553360016475874
"TXN2",-0.0557092706656021
"RABAC1",-0.055831490339642
"H3-3A-DT",-0.055833145966739
"TXNRD1",-0.0559350732437666
"PCMT1",-0.0559945852558135
"MMADHC-DT",-0.056169052404338
"BLOC1S5",-0.0563365378351297
"TAF8",-0.0565449727346804
"POLR2I",-0.0565706755802381
"IER3IP1",-0.0566476993869021
"PPP1R2B",-0.056647935647856
"NEK8",-0.0566538677963609
"OAF",-0.0566981808920359
"EMC4",-0.0567578294268384
"C9orf78",-0.0569285204581782
"BAG1",-0.0569413255666237
"DEGS1",-0.0569460149637388
"MAGOHB",-0.0569951109967617
"AP4S1",-0.057303752109149
"PRRG4",-0.0573285912283337
"AGPAT1",-0.0573450102808926
"ABHD6",-0.0575468324173647
"HMGCS1",-0.0576625927325159
"LINC01666",-0.057665114246989
"LINC02605",-0.0579166023711468
"RNVU1-28",-0.0582236727179451
"EIF4A1P11",-0.0582236727179451
"LINC02802",-0.0582236727179451
"ZPLD1",-0.0582236727179451
"WSPAR",-0.0582236727179451
"LRRC37A13P",-0.0582236727179451
"ATF4P4",-0.0582236727179451
"CCL5",-0.0582888827266096
"ETF1",-0.0582986775909454
"FARS2",-0.0584706574220255
"FAM114A2",-0.0588032537934902
"POLR3GL",-0.058851432800203
"ACTG1P15",-0.0589357550822135
"ACOT9",-0.0590228716955462
"SNORA3B",-0.0590859766478909
"ZNF500",-0.0591486366292991
"ANKRD46",-0.0591527295499586
"NDUFC2",-0.059194632557693
"BLTP3B-DT",-0.0592462189726942
"KIAA2013",-0.0592607252085637
"SMYD2",-0.0594818571879282
"PSMC3IP",-0.059536971077797
"ZNF791",-0.0596158332069999
"SNORD14E",-0.0596241578589751
"CKS1B",-0.0597042421916967
"CARNMT1",-0.0597732023466834
"MOB1B",-0.059853425129636
"CD81-AS1",-0.059916393310124
"CCNL2",-0.0599701585933651
"HNRNPA1P52",-0.0600577411288401
"OTULINL",-0.0601378206991644
"SH3D21",-0.0602117941383644
"NOA1",-0.0602282455907647
"ATP2B1-AS1",-0.0605084633938543
"EDF1",-0.0606612625989622
"ATXN1L",-0.0606929719596121
"CENPO",-0.060813527786971
"ZNF875",-0.0610296796004208
"MOCOS",-0.0614635906353056
"RAB20",-0.0614957508909828
"C9orf72",-0.0615018095852864
"GPR171",-0.0615887854490288
"RPL37AP1",-0.061798718393334
"ARSG",-0.0618605679564028
"ERLEC1",-0.0619564320294495
"PPIEL",-0.0619602037978106
"TPT1P6",-0.0619602037978106
"RPS24P8",-0.061973968728274
"ASNSD1",-0.0620392622055885
"PTGES3",-0.0621319900504992
"SCN5A",-0.0621811127523786
"DPP9-AS1",-0.0621897909068661
"KDM6A",-0.0622757538433633
"COG7",-0.0624186689326521
"ACO1",-0.0624308493118857
"ANAPC16",-0.0625249220846286
"FAM210A",-0.0625301160606868
"CCM2",-0.0626675320313967
"MTX3",-0.0630902913934628
"PRC1",-0.0631203736306331
"TBC1D16",-0.0631859777349315
"DCTN6",-0.0633811698571433
"RBMS1",-0.06341562162159
"FAM177A1",-0.0634430331376539
"PPID",-0.0636859017468557
"SNX8",-0.0637117623102994
"TXN",-0.0638229020457155
"ERI2",-0.0639072473749488
"STAMBPL1",-0.0639272333476916
"MTND1P23",-0.0639335693722205
"RPL13AP5",-0.0639405036381439
"ZNF598",-0.0639815960561272
"TXNIP",-0.0640450521580713
"LSM12P1",-0.064191123998541
"FAM174A",-0.0642152229948124
"FBXO30",-0.0642246281391587
"GTF2H2C",-0.0642636579647771
"EP300",-0.0643038358523816
"EVL",-0.0643845090357478
"KDELR1",-0.0644213707739034
"ARHGAP17",-0.0644326737203419
"SRGAP2",-0.064448910267433
"SETD1A",-0.0644734077817865
"PSMD1",-0.0645518890163284
"YPEL3",-0.0647339053544804
"RAD50",-0.0647803019768032
"PSMC3",-0.0648227336321993
"VDAC2P5",-0.0648694783367176
"SPANXA2-OT1",-0.0650623227763743
"ZNF350",-0.0651262579630214
"CHST5",-0.0651931587836213
"MCM6",-0.0652548933921766
"RPL12P17",-0.0653070283050662
"FAM223A",-0.0653070283050662
"FGF23",-0.0653070283050662
"RIPK3",-0.0656438221752137
"MACROH2A2",-0.0657483137837015
"EIF2S1",-0.0658727710468662
"PSMC6",-0.0659126885448279
"NIT2",-0.0659920191655437
"TIRAP-AS1",-0.066028319287375
"RPL12P8",-0.066033659891256
"CEP192",-0.0664091814779237
"RADX",-0.0664853692882021
"PRP4K",-0.066586305576468
"NXPE1",-0.0668901492846427
"TRIM44",-0.0670734342184831
"C19orf73",-0.067112411220741
"RPL10P3",-0.0672402347161975
"THAP12P1",-0.0672934414619673
"ZBTB44-DT",-0.0672934414619673
"TC2N",-0.0672934414619673
"LINC01482",-0.0672934414619673
"LINC00687",-0.0672934414619673
"BLTP2",-0.0673129827156976
"PNISR",-0.0673493284829133
"EIF1AX-AS1",-0.0674180577863437
"ZNF594",-0.067419465225081
"RPS7P11",-0.06748800807587
"CSTB",-0.0675011852731496
"ZBTB2",-0.067572593361811
"NXPE3",-0.0676331225675987
"HYI",-0.0676537711926725
"LANCL1-AS1",-0.0677560980951133
"TPRG1-AS2",-0.0677560980951133
"KRT40",-0.0677560980951133
"PML",-0.0678529798557448
"GPSM1",-0.0679187599551832
"ERC1",-0.0679862531269439
"MRPS21",-0.0680046793885956
"KIAA0040",-0.0682271917958221
"APOBEC3C",-0.0684661068752257
"UQCRC1",-0.0684926298212458
"OLA1P1",-0.0685098246722886
"BCKDHA",-0.0685165240997816
"SDHDP3",-0.0685781916507116
"DDX19A",-0.0685820381629052
"LINC01517",-0.0686008214797393
"ANAPC5",-0.0686044437455006
"FTH1P2",-0.0688182426810214
"EPN1",-0.0688936969053848
"CCDC150",-0.0690777953604063
"OR7E46P",-0.0690777953604063
"LINC02030",-0.0690777953604063
"LINC02032",-0.0690777953604063
"ENPP7P10",-0.0690777953604063
"LINC02465",-0.0690777953604063
"HMGB3P3",-0.0690777953604063
"RNU1-142P",-0.0690777953604063
"RDXP3",-0.0690777953604063
"PRPF38AP2",-0.0690777953604063
"LINC02378",-0.0690777953604063
"MYCBP2-AS2",-0.0690777953604063
"ST6GALNAC4P1",-0.0690777953604063
"OR4K6P",-0.0690777953604063
"LINC02286",-0.0690777953604063
"CYP1A2",-0.0690777953604063
"SPDYE4",-0.0690777953604063
"CEACAM4",-0.0690777953604063
"LINC01674",-0.0690777953604063
"CPT2",-0.0690832737384735
"CTDSP2",-0.0691223079433277
"LDHBP2",-0.0694671534881151
"TMEM269",-0.0695864162057461
"COPRS",-0.0697531185786269
"REEP5",-0.0697636089822122
"LINC02327",-0.0697692550836695
"MOCS2-DT",-0.0697920987790129
"TRIM25",-0.0698751736345643
"MSRA-DT",-0.0699179281879658
"RPS15AP12",-0.0699457987094013
"KCTD9P4",-0.0699776692062371
"PPIAP50",-0.0701408282164813
"GLT8D1",-0.0702855547336321
"GPR137B",-0.0702980217528594
"SLC26A1",-0.0703050460650092
"RNF10",-0.0703304253755091
"OSBPL10",-0.0703739841027473
"PHB1",-0.0705778208117828
"CCDC32",-0.070679670837431
"ZNF484",-0.0708390482525883
"PPEF2",-0.071027760182807
"RPS10P14",-0.071027760182807
"RNU6-36P",-0.071027760182807
"RPL6",-0.0712773586995459
"PTMAP2",-0.0713118286992899
"MED30",-0.0714617840750234
"SLC38A11",-0.0715083913534267
"HEATR5A-DT",-0.0715368379830401
"MT-TM",-0.0717162046748118
"ZNF768",-0.0717868672204379
"IVNS1ABP",-0.0718122468520846
"PSMD7",-0.0719356603446496
"TEKT2",-0.0719750275650223
"PFDN1P1",-0.0719750275650223
"LINC01847",-0.0719750275650223
"MTCYBP32",-0.0719750275650223
"PES1P2",-0.0719750275650223
"PLEKHM1P1",-0.0719750275650223
"ST8SIA5",-0.0719750275650223
"CCL25",-0.0719750275650223
"C19orf33",-0.0719750275650223
"LINC00635",-0.0720197815628136
"MTND3P12",-0.0720197815628136
"GSC2",-0.0720197815628136
"G2E3",-0.0720686694544366
"ATP1B3-AS1",-0.0721938593566102
"SNRPC",-0.07232332738238
"CHADL",-0.0724032368416431
"LINC01123",-0.0725895454916666
"RNA5SP378",-0.0726956568758105
"BRWD1",-0.0727697181181019
"WNT4",-0.0730551621996188
"SPOPL",-0.073079584717233
"ETFA",-0.0733795711556579
"ATP6V1E1P1",-0.0735332135521013
"OR5H14",-0.0735332135521013
"RNU6-202P",-0.0735332135521013
"HSPA8P5",-0.0735760626386781
"TPI1P1",-0.0736386607218636
"TTC13",-0.0736473684455949
"BAP1",-0.0738618619654284
"NDUFS8",-0.0740189583518112
"RNA5SP373",-0.0742812956154877
"POLR1H",-0.0743633422076157
"SLC66A3",-0.0746542811629211
"TENT4B",-0.074698199715516
"TRMT10A",-0.0747224567655057
"MRPL17",-0.0749298114681098
"ARPC5",-0.0749748256547323
"OR9H1P",-0.0753748440197822
"SNORD51",-0.0753748440197822
"SATB2-AS1",-0.0753748440197822
"BSN-AS1",-0.0753748440197822
"RNU6ATAC10P",-0.0753748440197822
"RN7SL403P",-0.0753748440197822
"ADAM32",-0.0753748440197822
"RN7SL596P",-0.0753748440197822
"IFITM9P",-0.0753748440197822
"COX20P1",-0.0753748440197822
"NPBWR2",-0.0753748440197822
"NKPD1",-0.0753748440197822
"MUC1",-0.0754169319359284
"GYG1",-0.0755405246889194
"PFN1P6",-0.0755517364246434
"HOXB-AS3",-0.0755811345598902
"CAVIN2",-0.0757338418533189
"TIPRL",-0.075868215034532
"IL10RB",-0.075914845429249
"UBE3B",-0.0761143832385825
"LINC02637",-0.0761625726266268
"MIR17HG",-0.0761824360131947
"LINC01248",-0.0763010952673677
"PTMAP8",-0.0764603062820389
"RPS19P3",-0.0767069102600981
"PSMD9",-0.0767685918769533
"KLF6",-0.0770418025646247
"ACTR8",-0.0770531943001361
"NACC1",-0.0775412666960927
"BICD1-AS1",-0.0776186026221415
"ATP11A",-0.0778848733962661
"STYX",-0.0780198352838594
"MPC1",-0.0780220030207958
"PGGHG",-0.0781949794150587
"PPIB",-0.0782419494474886
"ZNF581",-0.0784028934892222
"ZNF521",-0.0787221385124754
"DAP3P2",-0.078843566356667
"LINC01124",-0.078843566356667
"ZC3H12D",-0.078843566356667
"MTND4P32",-0.078843566356667
"ZNF473CR",-0.078843566356667
"WDR5B",-0.0788611947799449
"MIR194-2HG",-0.0790326906620191
"STX18",-0.0791036329532215
"HDAC3",-0.0793862923574102
"ZNF226",-0.0795337604355768
"TMEM253",-0.079710962615054
"VAMP3",-0.0797810242248911
"PLA2G6",-0.079902155501852
"RN7SL338P",-0.07996115130756
"MATN3",-0.0801884258701214
"ARHGAP31",-0.0802965638562226
"EPM2A",-0.0805135292019137
"IKBKG",-0.0806118183285272
"STS",-0.0808195510319188
"DNAJC3-DT",-0.0808382097596436
"ARHGEF26-AS1",-0.0808390642831264
"LYNX1-SLURP2",-0.0808390642831264
"RNU6-889P",-0.0808390642831264
"RPL21P100",-0.0808390642831264
"MIR920",-0.0808390642831264
"LINC02313",-0.0808390642831264
"CDK3",-0.0808390642831264
"NACA",-0.0810442082840882
"GOT1",-0.0811761725827531
"THAP6",-0.0812843312409838
"RPL22P2",-0.0814958550959203
"CAPNS2",-0.081529289407867
"MIA3",-0.0815697595169811
"CHEK2",-0.0816001921967315
"FAM53C",-0.0816602311128052
"RUSC1",-0.0817023570289647
"SLC38A4",-0.0818787788573571
"MEF2D",-0.0819256994329066
"TRAJ49",-0.0819549366305135
"RNU6-1251P",-0.0819549366305135
"RPL31P61",-0.0819549366305135
"ACBD3",-0.0819575723445088
"TERF2",-0.0819811955470553
"ATP6V0E1P1",-0.0820179012237413
"LSP1",-0.0820256604854185
"SEC31B",-0.0821835198312802
"ATP13A2",-0.0822310711894381
"CCDC28A-AS1",-0.0823268490854819
"MT-ATP8",-0.0823900449502165
"LINC02291",-0.0824571225831584
"NANOGP8",-0.0824571225831584
"COMT",-0.0825801100969983
"GKN3P",-0.0826360222111585
"MND1",-0.0826360222111585
"SLC36A2",-0.0826360222111585
"TBX18-AS1",-0.0826360222111585
"RPS29P16",-0.0826360222111585
"SSX13P",-0.0826360222111585
"LRRC26",-0.0826360222111585
"FRMPD4",-0.0826382219508399
"SHTN1",-0.0827042745846227
"ASIC4-AS1",-0.0827270362477852
"COMMD10",-0.0828579053048217
"MIX23",-0.0828952304147901
"CRADD-AS1",-0.0829061786430689
"TASOR",-0.0829248023461712
"DTHD1",-0.0829363738753822
"P2RX7",-0.0829949309203685
"TMEM105",-0.0832302294928474
"CARINH",-0.0832579292776499
"NKG7",-0.0833398956575461
"ALDH6A1",-0.0834626334103696
"SRCAP",-0.0835140365383881
"ADNP",-0.0835340955164655
"N4BP2L2",-0.0835405048677049
"GHR",-0.0836244946398179
"SAA4",-0.0836244946398179
"DSG4",-0.0836244946398179
"MIR1244-2",-0.0837147368322396
"URI1",-0.0838054288922546
"SPCS2",-0.0838284040250954
"RBM6",-0.0840670806961451
"RPL31P10",-0.0841186919840993
"TIGD3",-0.0841327252667204
"APOD",-0.0842099378142069
"RN7SL644P",-0.0843372133005973
"HNRNPA1P2",-0.084342632333804
"NMNAT1P4",-0.0845666328140242
"OR5V1",-0.0845666328140242
"LINC00326",-0.0845666328140242
"LINC02525",-0.0845666328140242
"PTCHD1",-0.0845666328140242
"NRG3-AS1",-0.0845666328140242
"OR1A2",-0.0845666328140242
"NANP",-0.0845666328140242
"MYO18B",-0.0845666328140242
"COPS3",-0.084732107459566
"ANAPC10",-0.0849725523445164
"PPFIBP2",-0.0849937034462988
"MYT1L",-0.0850444548271705
"PCGF7P",-0.0850643139718358
"CALM2P1",-0.0854589107486957
"SEPTIN5",-0.0854589107486957
"RABEPK",-0.0855265664905155
"KCTD9P2",-0.0856580073132227
"MIR6504",-0.0856580073132227
"ZNF730",-0.0856580073132227
"FAM242F",-0.0857665703020446
"EIF3I",-0.0857968608771036
"CUTC",-0.0858114544551423
"SH3BGRL",-0.0860422884159021
"ALB",-0.0861220394310839
"SAMD11P1",-0.0862323956465014
"TMEM126A",-0.0863550802979659
"DCUN1D1",-0.0868679539719976
"MTR",-0.0869361009614869
"CES2",-0.0869456483692473
"IRAK2",-0.0870958106577247
"VPS36",-0.0871754005435919
"KDM3B",-0.087242360910035
"MST1R",-0.0874386611105197
"IL21R-AS1",-0.0874386611105197
"SLC17A7",-0.0874386611105197
"MIR658",-0.0874386611105197
"NUDCD1",-0.0874481022148948
"SPDYE12",-0.0874782863214683
"ATF1",-0.0874889797042507
"RNY4P34",-0.0878093792365716
"SORT1",-0.0878637658654958
"UBE2D3-AS1",-0.0878742222702661
"LINC00938",-0.0879151950092876
"TOP1",-0.0880114143270218
"DSCR9",-0.0882684930382555
"ALDH18A1",-0.0883382038330432
"TARS2",-0.0884108454730786
"BNIP3",-0.0886319025882838
"PICALM",-0.0886567686972433
"CSDC2",-0.088768350632624
"PIGR",-0.08891847814044
"PSMB8",-0.0889763384889604
"MYRIP",-0.0889831269160164
"FSTL4",-0.0890369175962747
"LINC02253",-0.0890369175962747
"SUZ12",-0.0890460628314847
"DNAJA1P3",-0.0890906866230473
"ZNF578",-0.0891122040074075
"LDAH",-0.0891291343733705
"JTB-DT",-0.0892415022432966
"SLIRP",-0.0892834160695421
"GCFC2",-0.0893391152932037
"FRAT2",-0.0895185739977226
"IGHV4-39",-0.0896007223464466
"HMGN2P10",-0.089632280495223
"ZNF518A",-0.0896692802376275
"MIR7-3HG",-0.0896887451105225
"RUSC1-AS1",-0.0897856611050326
"TMSB4XP1",-0.0900624500173314
"ACTMAP",-0.0900909510521463
"RN7SL600P",-0.090180404309157
"PSMA4",-0.0903638495967708
"SLC40A1",-0.0904556535863048
"LINC02343",-0.0906603922010579
"RPL8P4",-0.0907070615052213
"RPL13AP11",-0.0908277054122488
"CT62",-0.0908277054122488
"MIR632",-0.0908277054122488
"OSER1",-0.0908533464460067
"LINC03016",-0.090910935134754
"MIR23AHG",-0.0909928556523576
"PAIP1P1",-0.0910555416929409
"SCART1",-0.0910579568292155
"CXADR",-0.0910810068070617
"SMIM15",-0.0913107526030066
"PPM1N",-0.0913173509630826
"TNIP3",-0.0913881822331619
"NDUFA13",-0.0913973283857524
"TNRC6B",-0.0914875574245367
"RPL5P34",-0.0915238756929286
"RPL17P39",-0.0916209798261441
"PTPRJ",-0.0919009777153553
"RPL24P9",-0.0920621743980988
"LINC02326",-0.0920621743980988
"NPM1P43",-0.0920621743980988
"SELENOKP1",-0.0920621743980988
"KNDC1",-0.0921289397937205
"SDHDP6",-0.092149688406727
"PCED1B-AS1",-0.0922942944448875
"TLCD3B",-0.0924652761806015
"HIPK1-AS1",-0.0925907382021686
"RPL21P119",-0.0926879483513501
"B4GALT4",-0.0927410812386695
"WDR1",-0.0927929886172379
"PDHA1",-0.0928045974039749
"HNRNPUP1",-0.0929992518903767
"VWA5B1",-0.0930804503292266
"EXOSC6",-0.0932078777231393
"SLC1A2",-0.0932188303137901
"SEC23A",-0.0933076573090009
"MRPL40",-0.0934583888333057
"RPL7AP6",-0.0937045114473524
"RIOK3",-0.0937472627587335
"SLC9C2",-0.0937921217314231
"SLC23A3",-0.0937921217314231
"GFI1",-0.0940526068460412
"BTBD18",-0.0941080604567175
"MIR4733HG",-0.0941080604567175
"HNRNPA1P7",-0.0941936345766816
"AK3",-0.0942891284054899
"DYRK1A",-0.0945328122089568
"NDUFAF2P1",-0.0945432752257135
"SAMMSON",-0.0946016453017801
"ZMYND19",-0.0946041533846233
"POLR1D",-0.0949876423823638
"RXYLT1-AS1",-0.0949971119133714
"DSTYK",-0.094997340961156
"ADHFE1",-0.0950528846943481
"SNORD38A",-0.0953814233480643
"LINC00955",-0.0953814233480643
"TCP1P1",-0.0953814233480643
"SP7",-0.0953814233480643
"TRMT112P8",-0.0953814233480643
"CXCL8",-0.0956578929078347
"DPP8",-0.0956946228370662
"DNAH6",-0.0958809624709631
"CSNK2A1",-0.0960092068856834
"ITIH4",-0.0960515812592886
"SUPT4H1",-0.0961046671641913
"FAM98C",-0.0963387323180607
"CTRL",-0.0963477012883927
"WDR41",-0.0963752626920092
"SLMAP",-0.0964003584888186
"PPIH",-0.0964089761920815
"UXS1",-0.096484369796735
"STX7",-0.0965441562969556
"TONSL-AS1",-0.0965810854704179
"MBNL1",-0.0968165792850424
"ZNF274",-0.0970348696238638
"MTLN",-0.0970378238168093
"MPHOSPH8",-0.0970647805708941
"SPCS2P1",-0.0970711481164384
"CD47",-0.0971321602347382
"RNU6-580P",-0.097271104153386
"HMGN2P24",-0.097271104153386
"TPPP2",-0.097271104153386
"COX7BP4",-0.0972953262937012
"SLC25A18",-0.0972953262937012
"RNU6-31P",-0.0973229416019261
"FTH1P26",-0.0973229416019261
"OR4G3P",-0.0973229416019261
"KNSTRN",-0.0973267073582808
"SNORD38C",-0.097389296227917
"EIF2B3",-0.0974498294733834
"LINC01339",-0.0976323365669452
"MIR4762",-0.0976323365669452
"PHF14",-0.0980219357739991
"HAUS4",-0.09809649294106
"LRRK2",-0.0981143925093541
"ARHGAP21",-0.0981262982013558
"ERG28",-0.0981877565628458
"TMEM231",-0.0983364924816533
"LINC02611",-0.0983422088951604
"KRR1",-0.0984604510093206
"PEX14",-0.0984883492885847
"HUS1",-0.0986679919329682
"REXO1",-0.0987161088905742
"TRAM1",-0.0988308981393043
"HSPA2",-0.0988612629368113
"CRIPT",-0.0990811830584329
"MBTPS1",-0.0991077766673367
"SUMO2P3",-0.0991367580263115
"BFAR",-0.0993471645358082
"BCAT2",-0.0994116263401789
"NUP107",-0.0994261852939575
"NUDT4B",-0.0998218728676389
"UPK3BL1",-0.0998664426613801
"HLA-E",-0.099874649812601
"TIMM9",-0.100010996998811
"AVL9",-0.100050252479995
"SLC22A18",-0.10016557052509
"TUT1",-0.100193953897275
"NQO2",-0.100241194886332
"TCERG1L",-0.100244972143024
"ZNF490",-0.100292805212972
"KRT18P28",-0.100310751814951
"CD1A",-0.100310751814951
"RPL27P5",-0.100310751814951
"MYO3B-AS1",-0.100310751814951
"VWA3B",-0.100310751814951
"KBTBD12",-0.100310751814951
"OR7E130P",-0.100310751814951
"UGT2B15",-0.100310751814951
"SMARCAD1-DT",-0.100310751814951
"TIGD4",-0.100310751814951
"SLC27A6",-0.100310751814951
"COL11A2P1",-0.100310751814951
"KRT18P1",-0.100310751814951
"NCLP2",-0.100310751814951
"NCKAP1P1",-0.100310751814951
"LINC00536",-0.100310751814951
"DDI1",-0.100310751814951
"OR5AN1",-0.100310751814951
"TSGA10IP",-0.100310751814951
"LINC02733",-0.100310751814951
"LINC01520",-0.100310751814951
"MYPN",-0.100310751814951
"LINC00700",-0.100310751814951
"LGR5",-0.100310751814951
"ELOCP32",-0.100310751814951
"KLHL1",-0.100310751814951
"MTND4P1",-0.100310751814951
"LINC02305",-0.100310751814951
"SAXO2",-0.100310751814951
"CFAP61",-0.100310751814951
"OTOR",-0.100310751814951
"MACROD2-AS1",-0.100310751814951
"ASB16",-0.100430528117169
"ROCK2",-0.100492680241338
"WWC2-AS2",-0.100502633349337
"CR2",-0.10064773400394
"RNU6ATAC40P",-0.10064773400394
"NPIPA7",-0.10064773400394
"DMC1",-0.10064773400394
"ELP1",-0.100823199541693
"FAM136A",-0.10095169194561
"TLE7",-0.100980571101144
"OSTCP1",-0.101080184571879
"NDUFB10",-0.101167640796523
"ESS2",-0.101233709276949
"ANKRD36B",-0.101293414046686
"LINC01716",-0.10180978960513
"CAVIN2-AS1",-0.101830152920191
"RBM41",-0.10186532118499
"OR6N1",-0.101922176392111
"EIF4A1P2",-0.102209187251829
"HLA-DPB1",-0.102395419273938
"PGGT1B",-0.102755647391283
"DAP3",-0.10281915720774
"BNIP3P42",-0.103001984062059
"RNA5SP351",-0.103001984062059
"KYNUP1",-0.103001984062059
"IL6STP1",-0.103001984062059
"POLR2C",-0.103024048617389
"BLOC1S1",-0.103221395329856
"GMPR2",-0.103355750727275
"CCNT1",-0.103559581323399
"ZDHHC14",-0.10358289876942
"KRT10",-0.103746361978365
"PANDAR",-0.103848873890703
"CTSS",-0.104048771428676
"ATP13A4",-0.104078591694628
"LINC02345",-0.104511921212817
"INPP5K",-0.104707183066462
"TMEM141",-0.104837668343942
"RPS27P4",-0.104937187629777
"DHCR7",-0.105175554354312
"KCNA10",-0.105361378669344
"SLC25A5P7",-0.105361378669344
"RPL23P10",-0.105361378669344
"DEFB104A",-0.105361378669344
"RCOR2",-0.105361378669344
"TAC3",-0.105361378669344
"LINC02440",-0.105361378669344
"ADAMTS7P3",-0.105361378669344
"BLMH",-0.105417296369018
"PCNT",-0.105607615083372
"LINC02585",-0.105751791816389
"TAPT1",-0.105885473179311
"RPL23AP18",-0.105913119459236
"TNFRSF10A-DT",-0.105923070089184
"IGHG2",-0.105998186529704
"RPL15P17",-0.106227578348376
"RPSA",-0.106652643224891
"ZC3H18",-0.10684042425976
"CD302",-0.106873597237355
"HSPD1P4",-0.106914219086976
"SLC29A1",-0.107115444751857
"DNAH8-AS1",-0.107557196483641
"KLC2-AS1",-0.107726168120249
"TTL",-0.1077777068034
"COL20A1",-0.107958948276635
"RPL19",-0.10810087852705
"MCTP1-AS1",-0.108129647288
"RPL9P28",-0.108186957720796
"DIP2A",-0.108245935723205
"HMGB1P30",-0.108251701568973
"ACACB",-0.108406896153528
"RN7SL351P",-0.108432243960103
"HTATIP2",-0.109117283381984
"NENF",-0.109126327489424
"HNRNPA3",-0.109131376043719
"RPS2P7",-0.109321424784802
"TMEM88",-0.109634454924203
"RBBP6",-0.109858576632411
"SMAD4",-0.10994827482427
"NMRAL1",-0.110007848382403
"RPL12P19",-0.110217223531383
"MIR6720",-0.110217223531383
"RPL23AP52",-0.110217223531383
"MAGOH2P",-0.110217223531383
"ARHGAP8",-0.110217223531383
"UBTF",-0.110478107830431
"CSRNP3",-0.110547071288313
"GLOD4",-0.110672038198502
"PIK3IP1",-0.110725703028044
"GAL3ST4",-0.110786940277109
"TPI1",-0.110893749590611
"INIP",-0.11115414084483
"CLCN2",-0.111220127890467
"ZBTB47",-0.111517845621545
"DNAJB6P3",-0.111982315644727
"LIPT2",-0.111982315644727
"RPL15P19",-0.111982315644727
"TMPRSS3",-0.111982315644727
"MTATP6P14",-0.112058737834998
"CAMK1G",-0.112058737834998
"OR2AJ1",-0.112058737834998
"PRAMEF29P",-0.112058737834998
"CFAP221",-0.112058737834998
"ABCB11",-0.112058737834998
"MIR4777",-0.112058737834998
"EIF3EP2",-0.112058737834998
"SPATA3",-0.112058737834998
"LINC01956",-0.112058737834998
"LINC01808",-0.112058737834998
"LINC01830",-0.112058737834998
"MDFIC2",-0.112058737834998
"ATP13A5",-0.112058737834998
"MTND5P5",-0.112058737834998
"LINC01179",-0.112058737834998
"RN7SL311P",-0.112058737834998
"OR5M14P",-0.112058737834998
"CRACD",-0.112058737834998
"RPSAP35",-0.112058737834998
"SLCO4C1",-0.112058737834998
"MIR9-2HG",-0.112058737834998
"LINC02997",-0.112058737834998
"GSTA3",-0.112058737834998
"KIAA0319",-0.112058737834998
"LINC03066",-0.112058737834998
"H2BC3",-0.112058737834998
"ASS1P11",-0.112058737834998
"MGAM2",-0.112058737834998
"NPC1L1",-0.112058737834998
"EEF1GP1",-0.112058737834998
"GRPR",-0.112058737834998
"XK",-0.112058737834998
"POU3F4",-0.112058737834998
"SRD5A1P1",-0.112058737834998
"ZCRB1P1",-0.112058737834998
"RAD21P1",-0.112058737834998
"AGKP2",-0.112058737834998
"SSX1",-0.112058737834998
"IRS4",-0.112058737834998
"GPRASP2",-0.112058737834998
"FAM47A",-0.112058737834998
"SAGE3P",-0.112058737834998
"LINC02842",-0.112058737834998
"GRIN3A",-0.112058737834998
"IFNA17",-0.112058737834998
"OR4A49P",-0.112058737834998
"OR5B10P",-0.112058737834998
"TMEM225",-0.112058737834998
"OR4R2P",-0.112058737834998
"TP53AIP1",-0.112058737834998
"OR52N2",-0.112058737834998
"MMP26",-0.112058737834998
"KDM4E",-0.112058737834998
"OR4C12",-0.112058737834998
"OOSP3",-0.112058737834998
"LINC02686",-0.112058737834998
"MYO3A",-0.112058737834998
"LINC02661",-0.112058737834998
"ANKRD54P1",-0.112058737834998
"GAD2",-0.112058737834998
"LINC00710",-0.112058737834998
"RN7SKP263",-0.112058737834998
"MYO1A",-0.112058737834998
"GLIPR1-AS1",-0.112058737834998
"C12orf42",-0.112058737834998
"CUX2",-0.112058737834998
"LINC01069",-0.112058737834998
"LINC02336",-0.112058737834998
"RPLP0P10",-0.112058737834998
"TGM5",-0.112058737834998
"PKD1L2",-0.112058737834998
"ANKRD40CL",-0.112058737834998
"KRTAP17-1",-0.112058737834998
"RPL12P37",-0.112058737834998
"OR1G1",-0.112058737834998
"HOXB8",-0.112058737834998
"LINC01929",-0.112058737834998
"LINC00494",-0.112058737834998
"PSG11",-0.112058737834998
"MTRES1P2",-0.112058737834998
"MAP1A",-0.112116931356511
"RNA5SP368",-0.112152535365957
"ASB8",-0.112228968730857
"SMC1A",-0.112333081431222
"EHBP1-AS1",-0.112406197994386
"SOD1",-0.112429291993204
"TNFAIP1",-0.1125006379053
"DYNLL1P1",-0.112573075899597
"ZNF317",-0.112634568715074
"LINC00840",-0.112695924318652
"DIPK2A",-0.112726570208017
"CNGA4",-0.112761583421502
"CD81",-0.112810882154946
"RPL21P39",-0.11283388620819
"RPL12P9",-0.11290219257832
"PSMD12",-0.113136594877643
"RNF17",-0.113148308803645
"LRRFIP2",-0.113206816795117
"HNRNPA1P59",-0.113261293400665
"CDH7",-0.113261293400665
"ZCRB1",-0.113303486649441
"RPL36AP13",-0.113321056160805
"PYROXD1",-0.113325934917501
"DPP6",-0.113362139868625
"UBOX5-AS1",-0.113476940775565
"NPM1P46",-0.113506289800574
"PHF5AP3",-0.113742147323174
"SNHG20",-0.113903198086244
"MCTP1",-0.113946827380597
"ZC3H3",-0.11399539776285
"GNA13",-0.114149373987662
"DLGAP2",-0.114212702935476
"HSPD1P1",-0.114310641437698
"RPL21P129",-0.114572601934415
"EME2",-0.114651285380318
"STT3A",-0.114791344386258
"DFFA",-0.1148861691828
"CCNT2-AS1",-0.115007560810926
"NKX6-2",-0.115039776618168
"PRSS8",-0.11519531359136
"LINC01122",-0.115327507558285
"DYNLT1",-0.115339863657215
"SENP5",-0.115355205053509
"LINC02315",-0.115485311317755
"LINC02450",-0.115656684272076
"FUZ",-0.115667316814872
"IL17RA",-0.116002406530058
"GNL3",-0.116125358256067
"RPS28P4",-0.116209542184048
"DPY19L1",-0.116333385094298
"ZNF829",-0.116651030837436
"ATP5MC2",-0.116835527565754
"OARD1",-0.116984370876011
"PRPF18",-0.117041661286083
"LGALSL-DT",-0.117054348260279
"CTBP2P4",-0.117054348260279
"MTCP1",-0.117054348260279
"MTND3P23",-0.117054348260279
"MTND4P15",-0.117054348260279
"LINC02454",-0.117054348260279
"RASA3-IT1",-0.117054348260279
"SMASR",-0.117054348260279
"SIRPB1",-0.117087107207593
"EML5",-0.117119781076757
"BFSP2",-0.117371406483019
"RNF7",-0.11814186924963
"PRR14L",-0.118268054263537
"RASA3",-0.118389088756121
"PKDREJ",-0.118684320490612
"RRM2P2",-0.118705599693789
"PRKCI",-0.11874287884259
"CTSZ",-0.118812032607621
"CLPP",-0.11900419442632
"SLC13A1",-0.119171535970455
"DSTNP3",-0.119171535970455
"DBN1",-0.119272953090013
"TCTA",-0.120048335060153
"CD74",-0.120256932221757
"RPL23AP27",-0.120279328401385
"LINC01055",-0.120279328401385
"CYCSP34",-0.120279328401385
"LINC00649",-0.120332186699215
"AFF1",-0.120682875554201
"LOXL4",-0.120728658015858
"UBTD1",-0.120916450208814
"MRPL36",-0.120919742460635
"PAFAH1B2",-0.120940568647333
"HNRNPF",-0.120992234459928
"CMTM4",-0.121077430206979
"CLDN15",-0.121160848508428
"IQCB1",-0.121162347110392
"RASAL2-AS1",-0.121439620355973
"BTF3L4",-0.121809432227942
"DCBLD2",-0.121899525570284
"MIR3679",-0.122131258159922
"ASS1P13",-0.122184489608716
"RPS6KA2",-0.122349009949427
"RPS3AP20",-0.122471210423827
"RPL10P2",-0.122503463534077
"FAM111B",-0.122503463534077
"SNORD4A",-0.122503463534077
"BCLAF3",-0.123083904419523
"ARFGEF1",-0.12318021856771
"ANXA5",-0.1234574788265
"SLC17A5",-0.123621829766966
"CDPF1",-0.123685345127366
"MED17",-0.123805927100337
"MMGT1",-0.123817601407652
"ARSB",-0.124367681676929
"RPS6P16",-0.124692147332219
"NDUFA5",-0.124826734778126
"ABALON",-0.125096992120826
"MBIP",-0.125813974670296
"ERBB2",-0.126096857675217
"HOXA10-AS",-0.126458695512303
"VPS35",-0.126459952346335
"RELT",-0.126553490757618
"WASHC2C",-0.126908645975672
"VKORC1",-0.126924233666659
"RPL15P5",-0.127009997951946
"MICA-AS1",-0.127213612447155
"FYTTD1",-0.127268488271908
"KRT10-AS1",-0.127296544610705
"RBFADN",-0.127474942431935
"ATXN3",-0.127492280103644
"USP6",-0.127639430879207
"LRPAP1",-0.127662516513936
"PHKG2",-0.127803237647818
"RAP2B",-0.128005717694253
"LINC02374",-0.128044031942675
"CYP2C8",-0.128044031942675
"PTPN20",-0.128044031942675
"LINC02165",-0.128044031942675
"KRTAP13-6P",-0.128044031942675
"MEIOC",-0.128137772529877
"G3BP1",-0.128162968256606
"QKI",-0.128416097985642
"TSPAN7",-0.128605070694589
"ZNF688",-0.128696783446888
"TUBG1",-0.128731470232438
"ABHD16B",-0.128760252304078
"SLC5A6",-0.128831889499281
"TBC1D1",-0.129214060251049
"FARP1",-0.129248607277442
"FBLN2",-0.129269949765969
"ZNF600",-0.129645807183321
"RPL4P4",-0.12973226474324
"LINC02290",-0.129971080906401
"RNU6-135P",-0.130012567997598
"RUFY3",-0.130360474446576
"RPL39L",-0.130589639254445
"PLEKHA5",-0.130723166146235
"VPS11-DT",-0.130778148314655
"G6PC3",-0.130843159065212
"MYO7B",-0.131022111761577
"HMOX2",-0.131277148658763
"ATP2B3",-0.131717217074418
"NME4",-0.131950367147974
"RACK1P1",-0.132075821628099
"CCDC39",-0.132165205556645
"SLC39A6",-0.132198001949851
"RPL7P9",-0.132483932733765
"LCE1B",-0.132594323274246
"EDDM3CP",-0.132594323274246
"RN7SL610P",-0.132594323274246
"GUCA1C",-0.132594323274246
"LINC02541",-0.132594323274246
"LINC03046",-0.132594323274246
"LINC02653",-0.132594323274246
"SLITRK6",-0.132594323274246
"LINC02311",-0.132594323274246
"RNA5SP435",-0.132594323274246
"LINC01440",-0.132594323274246
"MRPL34",-0.132893779812948
"RAB11A",-0.132973973412584
"RPL5P11",-0.133340377138025
"NUDT16",-0.133343619314267
"CAPN12",-0.133448766090758
"SDCBP2",-0.133648749699838
"C5orf34",-0.133711386412364
"MRPL57",-0.133791295676338
"MON1B",-0.134018440513981
"YTHDF2",-0.134041296047175
"TOGARAM1",-0.134196143892744
"DLEU2",-0.13436172239952
"YWHAH",-0.134408448386622
"MPV17",-0.13449915534687
"GAPDHP39",-0.135687403100721
"AQP9",-0.135687403100721
"LINC02895",-0.135687403100721
"MIR23B",-0.135795005261475
"TARS3",-0.135824486758355
"MRFAP1",-0.136971025441787
"UBP1",-0.137614074889723
"COPS8",-0.137615842557565
"SRSF10",-0.137867227285686
"HMGB1P9",-0.137978646966783
"DDX17",-0.138119926531583
"IMPA1",-0.138383168389021
"CZIB",-0.13851311124259
"THUMPD1",-0.138549812743742
"OSTC",-0.138585287746015
"SNHG17",-0.138906628304076
"PHF19",-0.138946317182402
"ZNF652",-0.139100525652063
"YES1",-0.139363817719189
"TBX19",-0.13974954844574
"RPL32P12",-0.13974954844574
"IGBP1P4",-0.13974954844574
"RPL32P20",-0.13974954844574
"SETBP1-DT",-0.13974954844574
"IDH3B-DT",-0.13974954844574
"PGRMC2",-0.139854698753548
"ADCY3",-0.140435144141451
"EEF1B2P2",-0.140458391027646
"HMGN2P7",-0.140473684527038
"GPR62",-0.140557649313425
"ODAD1",-0.140893866020165
"OGFOD1",-0.141100648332003
"ZDHHC9",-0.141351566900713
"EFCAB13",-0.141502741739992
"PRR19",-0.141539319965685
"NDRG2",-0.141940532919335
"SERTAD1",-0.141948658414271
"CEACAM3",-0.141976016290446
"PDCD6IP-DT",-0.142065738607835
"PRADC1P1",-0.142128359501045
"NBEAL1",-0.142180903058259
"NLRC5",-0.142281883129196
"RPL34P1",-0.14255223253136
"RPS12P26",-0.142593840487987
"UTP18",-0.142968061979373
"CCDST",-0.143180197436153
"DUSP1",-0.14327107746356
"CTNNA2",-0.143344601077619
"LINC00867",-0.143368467465305
"TUBAP14",-0.143487350272459
"RPS7P1",-0.143521573722903
"LY6E",-0.143613456577464
"CLOCK",-0.144018932612134
"IFT122P2",-0.144140837375673
"USP25",-0.144494512660786
"NAPB",-0.144536663650425
"PTGER3",-0.144629503404523
"REV1",-0.144848925551896
"CCPG1",-0.144947340100141
"COPS7A",-0.145164697498864
"FBXO9",-0.145254847929388
"ZFX",-0.14560373343001
"DHX15",-0.145894158420442
"FAM210B",-0.146177232908866
"TRIM59",-0.146251466381332
"RWDD1",-0.146426143469204
"TENT4A",-0.146437269049263
"XACT",-0.146443522395792
"DNAJC9-AS1",-0.146555860130183
"DNMT3A",-0.146872517206574
"UQCC1",-0.146940787452311
"DMTF1-AS1",-0.147092738632951
"DDX21",-0.147102861722531
"CLCC1",-0.147137993939777
"RPL12P14",-0.147315882709932
"XDH",-0.147328726743972
"RPL23P4",-0.147328726743972
"RAPGEF4-AS1",-0.147328726743972
"KLF2P2",-0.147328726743972
"DDX18P4",-0.147328726743972
"SSX4",-0.147328726743972
"SLC13A3",-0.147328726743972
"NIPAL2",-0.147474709544335
"TUBA1A",-0.147485287677178
"TMEM18-DT",-0.147600882689624
"KIAA1328",-0.147893330137259
"KRIT1",-0.148109697491254
"NUMB",-0.148118115301514
"LINC01705",-0.148185258086497
"SINHCAFP2",-0.148368213445826
"MIR497HG",-0.148423847088128
"SLC25A36",-0.148426605129225
"TUBB",-0.14844245759718
"AQP4-AS1",-0.148850025387478
"BTBD9",-0.149580035911742
"RCAN1",-0.149596961725853
"SNX22",-0.149749444003981
"SEPTIN11",-0.149804712189026
"QTRT1",-0.149852396520337
"EBPL",-0.149922986575814
"CUL5",-0.149991535737551
"JPT1",-0.150002671658202
"MCFD2",-0.150076822028349
"SNHG1",-0.150106516469466
"VAV3-AS1",-0.150110181506207
"CLCA4-AS1",-0.150167423994951
"MT-TG",-0.150167423994951
"NOS3",-0.150225234062016
"TTC19",-0.15038084715934
"WDR13",-0.150751558149484
"OXER1",-0.150979586553091
"PTPN9",-0.151131968031373
"YWHAZP6",-0.151424748848532
"LINC01499",-0.151617466401666
"PIAS1",-0.151674469848412
"IFI35",-0.152043780177138
"RYKP1",-0.152222606509289
"MT-CO2",-0.152230466747861
"LINC01760",-0.152259323153939
"LINC02518",-0.152259323153939
"NUDT17",-0.1524623837155
"TRAPPC2",-0.152995480662396
"CALCOCO1",-0.153048327862708
"DDR1-DT",-0.153314876117874
"HDAC8",-0.153327244422469
"ZNF807P",-0.153425529198799
"USP24",-0.153480444755377
"PAPOLA",-0.15350280123946
"MAP2K4",-0.153532818306736
"YIPF4",-0.153835055587321
"TOLLIP",-0.154489651617476
"GDI2",-0.154726950267823
"INO80D",-0.154809157058106
"RIOK1",-0.154935214484635
"IQGAP1",-0.155157074744082
"OSBPL9",-0.155308356880927
"HNRNPR",-0.155393947387796
"PMEPA1",-0.155543560310037
"MRPS35-DT",-0.156124754453958
"N4BP2L1",-0.156273117103575
"SIPA1",-0.156497870902655
"ALG6",-0.156800548294769
"EIF4EBP1",-0.156953899707937
"NUDT5",-0.156973039299361
"MAP9",-0.157136559123281
"GGCT",-0.157301317411005
"TP53I11",-0.157903215972694
"TBC1D25",-0.157971870120276
"DDX52",-0.158144288331404
"PFKFB2",-0.158278732167038
"PEMT",-0.158309133157921
"HEXD",-0.158569948760403
"RPS18P5",-0.158573533710612
"GNB5",-0.158841769448629
"HSPE1P6",-0.158919515096846
"CCP110",-0.159134098283521
"OVGP1",-0.159282885152027
"EPM2AIP1",-0.159292960131452
"HMBS",-0.15992948359599
"POMC",-0.160188884271636
"CCSAP",-0.160271872938975
"ENTREP3",-0.160336204215813
"TPM3P5",-0.160383096231758
"HDGFL2",-0.160458040946276
"GPR143",-0.160659209755985
"RPS27P19",-0.160757875450509
"PABPC1",-0.160809733860385
"PSME2",-0.161301902243885
"LINC00870",-0.161425162933257
"CSF1R",-0.161669153033633
"ELF2",-0.162193550103662
"CASP2",-0.162234149743053
"EIF3M",-0.162273820081323
"ABCC8",-0.162340520558948
"LY6G5B",-0.162946796338792
"RPL21P134",-0.163185334847841
"NSDHL",-0.1631930383208
"MORF4L1",-0.163210404205648
"TTC39DP",-0.163223058130596
"LINC01425",-0.163223058130596
"MIR29B2CHG",-0.163660660246659
"TSPAN11",-0.163769589026094
"TMEM161A",-0.163912636147645
"FBXW11",-0.163971393856606
"RBM45",-0.164148107398813
"RSBN1L",-0.164203450754727
"MFF-DT",-0.164412754295408
"UQCRB",-0.16449885273667
"GIPC1",-0.164632602766235
"GPR137",-0.164985499977108
"CDCA4P4",-0.165375708030945
"PRAMEF14",-0.165375708030945
"VWC2L",-0.165375708030945
"MYL1",-0.165375708030945
"PABPC1P2",-0.165375708030945
"DDX50P2",-0.165375708030945
"ACAP2-IT1",-0.165375708030945
"OR7E93P",-0.165375708030945
"ATP8A1-DT",-0.165375708030945
"ZFP92",-0.165375708030945
"SLEAR",-0.165375708030945
"NLRP14",-0.165375708030945
"JMJD1C-AS2",-0.165375708030945
"ATP8A2P2",-0.165375708030945
"METTL21EP",-0.165375708030945
"OR4N1P",-0.165375708030945
"LINC01706",-0.165375708030945
"LINC01721",-0.165375708030945
"ZNF723",-0.165375708030945
"NLRP7",-0.165375708030945
"FAM230E",-0.165375708030945
"KDM4A-AS1",-0.165436426537083
"PRPSAP1",-0.165473900941967
"CRBN",-0.165489816801469
"FAM13A-AS1",-0.165577541842508
"PBX2",-0.165613310037901
"FOSL1",-0.16629757642201
"NCBP2-AS1",-0.166341062810981
"DDX23",-0.166371136482572
"GCC2-AS1",-0.166548246397775
"BRD7P2",-0.166629861445737
"CCT8",-0.166716060588258
"KCNMB2",-0.16678445807086
"PACSIN2",-0.166922390801334
"NUDT19-DT",-0.16725823462243
"SMIM15-AS1",-0.167589764280056
"ZMYM6",-0.167949838037397
"CLDND1",-0.168017232470994
"ZNF576",-0.168173770895526
"CLUL1",-0.168351057827128
"SPOP",-0.168503508995243
"VPS9D1",-0.16862972024873
"EIF2S3B",-0.168748581712724
"INPP5B-AS1",-0.169113262266818
"HIF1A-AS3",-0.169210324929121
"SLU7",-0.169730330889452
"YWHAB",-0.169822466559378
"ZHX2",-0.169987418143132
"PTPMT1",-0.170148842010771
"NCF1",-0.170229772015167
"C1GALT1",-0.170417763765809
"DNAH12",-0.170571589974498
"HMGCR",-0.170654424329116
"RPL4P5",-0.170744575436949
"CALCOCO2",-0.1709256692608
"SAMD9L",-0.170952462421476
"METTL18",-0.171033313647884
"FAM133DP",-0.171042675124649
"CYBB",-0.171187787338868
"NSMCE2",-0.171255528436043
"PITRM1",-0.171465701034963
"TRIM33",-0.171601316811961
"TRAPPC4",-0.171902121220955
"RPL34P31",-0.172265404595879
"KLF3",-0.172362548076031
"KARS1",-0.17249314674555
"ARL16",-0.172582759504558
"HSPA8P14",-0.172608478446126
"RPL21P51",-0.172689056213588
"SHFL",-0.172724292999788
"ZNF358",-0.172862568802138
"CCDC6",-0.172878680928503
"ANKH",-0.173137227324291
"RPL15",-0.173487528783971
"MT-ND4",-0.173497948263653
"COX17",-0.173613778687217
"WARS2-AS1",-0.173746386981772
"ITFG2",-0.173778262053617
"PTTG1",-0.173802337106641
"CDKN2D",-0.174078417798219
"MRPL20",-0.174119447851421
"NAP1L1",-0.17423491997916
"KDELR2",-0.174599754012971
"MSRB3-AS1",-0.17487103772949
"MFAP3",-0.174893743711093
"NME2",-0.17524870049911
"ARPC3P1",-0.175407648771538
"CBX7",-0.175782091953099
"VCPIP1",-0.176118609719991
"CEP170P1",-0.176341686203856
"VDAC3",-0.17649329048332
"NONO",-0.176914015039522
"LCOR",-0.177026146142447
"WDR5B-DT",-0.177113430522534
"SLC39A14",-0.177642334295581
"KCTD9",-0.177732495373401
"FZD3",-0.177871886406466
"SPSB2",-0.178049240925638
"SH3GLB1",-0.178068540971771
"UBE2H-DT",-0.178084805426751
"TAX1BP3",-0.178163618436455
"GCC2",-0.17835007982091
"SERPINB9P1",-0.178499590335054
"RBM8A",-0.178609705887151
"ZYX",-0.178633764941362
"RPL37P2",-0.17885930344717
"MTAP",-0.179006175326736
"EEF1E1",-0.179095317533806
"CIAO1",-0.179331773948942
"PTPRU",-0.179362213323159
"NPTN-IT1",-0.179447506174352
"ARL5A",-0.179476962538374
"CCDC158",-0.179985278320709
"PDXDC1",-0.179986065254216
"BCL6-AS1",-0.180281850397242
"PPME1",-0.180392701213931
"RPAIN",-0.180591649327083
"UBD",-0.180626312882204
"HIF1A",-0.180769265142025
"RPL7P11",-0.181396441317359
"TMEM19",-0.181403791138391
"ZBTB42",-0.18176472826997
"NPM1P32",-0.182035010345012
"SLC25A26",-0.182242577442792
"MELK",-0.182274321873856
"SMIM7",-0.182280162765346
"BUB1",-0.182354226080634
"RPL7P6",-0.182545377611825
"SH2D4B",-0.182649564510071
"LYPD5",-0.183087059735716
"PSMG3-AS1",-0.183096916271466
"IFT20",-0.183148933724741
"MLLT3",-0.183157732356139
"TRIM3",-0.183321216418678
"CRIP1",-0.183452892427336
"INSIG1-DT",-0.183524224659993
"MTND1P11",-0.183965094218714
"RBM4B",-0.184065803629892
"DDX10",-0.184139670288726
"TMEM230P2",-0.184366507105757
"HSPE1P8",-0.184668446966516
"LINC01132",-0.184668446966516
"HNF4A-AS1",-0.184668446966516
"LINC00529",-0.185601676895857
"ITGAL",-0.185982344542784
"HSPA4L",-0.186051343486062
"RMB8AP1",-0.186092508790085
"SURF6",-0.186277204235032
"SPTAN1",-0.186393366242708
"ZMYM1",-0.186407228396994
"DECR1",-0.186442419347389
"OR14J1",-0.18661281237364
"PUM3",-0.186757813737063
"SPG21",-0.187439585564752
"PRORP",-0.187440144574145
"MORN4",-0.18755721437223
"RIT1",-0.187601372580892
"JUN",-0.187768726911063
"XPOT",-0.188230356634049
"GNAS",-0.18865539187395
"IFTAP",-0.188674966133419
"MAGI3",-0.188753282450215
"RNU6-238P",-0.188934173043669
"ARL2BP",-0.189413217497851
"XCL2",-0.189537918711072
"OR2Y1",-0.189537918711072
"LY86-AS1",-0.189537918711072
"APOBEC3H",-0.189537918711072
"GSTT2",-0.189537918711072
"RNU7-77P",-0.189704224577681
"PSME1",-0.189835848790364
"TAX1BP1-AS1",-0.189889243427742
"GPR84-AS1",-0.190090774917729
"LINC02021",-0.190157016883886
"ATRX",-0.190494964097384
"TMEM128",-0.190521275407649
"USP30",-0.19056134279929
"CMKLR2",-0.190698373218944
"FAM110C",-0.190781988479258
"RAC1P9",-0.190781988479258
"RPL3L",-0.190781988479258
"ZNF470-DT",-0.190781988479258
"MAP1S",-0.190878869683961
"MIR3173",-0.191300786093687
"ZNF263",-0.191363377997066
"UPF3AP3",-0.192203282884431
"SH3PXD2A",-0.192739257122016
"C11orf58",-0.193287853275439
"AMBRA1",-0.193372560939423
"ADGRL1",-0.193419818455068
"LINC03082",-0.193987406194132
"EIF2B5-DT",-0.194271481482875
"UPP1",-0.194408542574941
"LYPLA2P1",-0.194431449751999
"DYNLT3",-0.194464756852272
"RPS10P16",-0.194787442998408
"CDK13-DT",-0.194800267908419
"ZDHHC20",-0.195207820390795
"CHP1",-0.195585135429774
"TATDN1",-0.195642833583475
"TBC1D15",-0.195656445484493
"AP1G1",-0.195677522571523
"HS1BP3",-0.195848026063572
"MTCO3P21",-0.195877684347951
"C1orf220",-0.195877684347951
"DEPDC1",-0.195877684347951
"ABCF2P1",-0.195877684347951
"ASIC5",-0.195877684347951
"NAMPTP2",-0.195877684347951
"LINC02057",-0.195877684347951
"RNA5SP210",-0.195877684347951
"RN7SKP293",-0.195877684347951
"OR2W1-AS1",-0.195877684347951
"ANKRD7",-0.195877684347951
"SETP15",-0.195877684347951
"P2RY4",-0.195877684347951
"ATP6V0D2",-0.195877684347951
"RNA5SP266",-0.195877684347951
"OR4A18P",-0.195877684347951
"RN7SL309P",-0.195877684347951
"ARL14EP-DT",-0.195877684347951
"LINC00838",-0.195877684347951
"LINC00437",-0.195877684347951
"GOLGA6L4",-0.195877684347951
"RPS3AP48",-0.195877684347951
"DYNLRB2-AS1",-0.195877684347951
"LINC01892",-0.195877684347951
"SF3A3P1",-0.195877684347951
"LAMP1",-0.196375465896772
"NDUFV2P1",-0.196661435689068
"NDUFV2",-0.196825165919936
"CA1",-0.196864139534137
"NME2P1",-0.197061739401795
"FAM118A",-0.197074025153113
"STK38L",-0.197198810526209
"HMGN2P6",-0.197318168726703
"MAPK8IP3",-0.197412767206541
"CDC42EP2",-0.197935683744861
"ANKRD17",-0.198046126679142
"LINC01920",-0.198146224297324
"LINC02462",-0.198146224297324
"PHEX",-0.198146224297324
"CLTC",-0.198420762276368
"SRGAP2C",-0.198437329021895
"SNHG19",-0.198482947242729
"RPL7L1",-0.198719297969228
"PTBP2",-0.198841291797711
"NSMF",-0.199129939654819
"DHX16",-0.199451361352083
"TMLHE",-0.199777289130667
"MRPS28",-0.199884108901796
"TMEM248",-0.199893767162965
"SF1",-0.200001996864181
"MARCHF1",-0.200013221271968
"BLTP3B",-0.200193290689593
"CMPK1",-0.200284485529494
"NPRL3",-0.200328425547654
"SIN3A",-0.200679084899046
"YBX3",-0.200895346680446
"GDNF-AS1",-0.201042747129495
"MZT2B",-0.20108769991955
"CUEDC2",-0.201154393138663
"PAGR1",-0.201732819340991
"CYB5R1",-0.201832793951178
"EIF2AK1",-0.20195206000271
"TNFAIP2",-0.202054704752638
"FRG1GP",-0.202147532028899
"TERF1P2",-0.202372559673541
"LHB",-0.202372559673541
"ZNF431",-0.202575976120059
"RUBCN",-0.203201491859623
"FERP1",-0.203463312466116
"NAE1",-0.203526990086799
"METTL3",-0.203928118770696
"RN7SKP80",-0.204002646765829
"SHISAL1",-0.204022526560993
"UBE2J1",-0.204419569539179
"GRINA",-0.204599520683506
"CCT6A",-0.204765370024146
"KIAA0586",-0.204782852847118
"CD46",-0.205087004838234
"TMEM101",-0.205179138453566
"RNU5D-1",-0.205333497152617
"LINC00303",-0.205333497152617
"BTF3L4P2",-0.205333497152617
"LINC02922",-0.205333497152617
"PABPC4L",-0.205333497152617
"MTND1P32",-0.205333497152617
"FAM86B2",-0.205333497152617
"EHF",-0.205333497152617
"SMPD3",-0.205333497152617
"NPIPA6",-0.205333497152617
"USP7-AS1",-0.205333497152617
"RNU6-611P",-0.205333497152617
"IGLV2-14",-0.205333497152617
"SMIM14",-0.205413374786913
"LINC01479",-0.205473600214758
"UGT1A6",-0.206103926264051
"NDUFV3",-0.206156572013852
"RAN",-0.206452262549963
"RPL19P6",-0.206463333161754
"RBM34",-0.206559062901276
"CATIP-AS2",-0.206563318902517
"TM9SF1",-0.206738694888661
"XRCC5",-0.206740857806338
"RPL23AP59",-0.206761503346684
"KRCC1",-0.20686145099577
"RAB21",-0.207179591751501
"LINC02938",-0.207280841714575
"TMEM54",-0.207617383661606
"WDR47",-0.207721805293859
"RPL18P10",-0.208394408099966
"ZSCAN31",-0.208901798959155
"AJUBA-DT",-0.208925881236518
"PKP1",-0.208926415670548
"PSMA7",-0.209650558181882
"LINC02208",-0.209700252461251
"PSMB3",-0.209840701734155
"ACTBP8",-0.210181755203594
"AK8",-0.210222827971345
"C12orf71",-0.210222827971345
"MIR6080",-0.210222827971345
"KIR2DL4",-0.210222827971345
"GASAL1",-0.211539473385911
"TIMM8A",-0.211827880516611
"CDC123",-0.212036939328899
"CCDC43",-0.212153402472469
"SNORA19",-0.21225596063675
"ADCY2",-0.212277446726248
"LINC00466",-0.21257861177376
"LINC00691",-0.21257861177376
"LINC02177",-0.212842420078418
"KSR2",-0.213346768530774
"MAFF",-0.213381031732188
"DCAF17",-0.213484572518874
"PSMB7",-0.213585089540444
"JKAMP",-0.213846109473899
"JADE1",-0.214275697114936
"EIF3J-DT",-0.214349015394059
"HMGB2",-0.214476211043047
"MGME1",-0.214622064748537
"EIF1P3",-0.214703520347638
"YWHAQP4",-0.215020138422971
"CTNNB1",-0.215333576245134
"EYA3",-0.215796624838595
"XRN2",-0.215868414695872
"PLPPR2",-0.215920153136284
"MGAT4D",-0.216032282387815
"C4orf51",-0.216032282387815
"ISCA1P1",-0.216032282387815
"FCHO2-DT",-0.216032282387815
"FOXH1",-0.216032282387815
"SLC22A25",-0.216032282387815
"IGHV3-66",-0.216032282387815
"FXYD3",-0.216032282387815
"KISS1R",-0.216032282387815
"ABHD17AP4",-0.216032282387815
"TBC1D22A",-0.216549626829187
"LYSET",-0.216617126307215
"WDR83",-0.216632785237656
"KCTD10P1",-0.217151987291466
"HUNK",-0.217151987291466
"FMR1",-0.217182898193752
"TMSB4XP6",-0.218214262623221
"LINC01473",-0.218269500964906
"ZNF121",-0.218287308044019
"HMGN2P28",-0.218334687698698
"ATP6V1C2",-0.218472743510977
"FABP5P15",-0.21878304403952
"PRMT1",-0.21929082655866
"CACNB2",-0.219335461734172
"ARHGEF18",-0.219535252302007
"SNORA70B",-0.219761661247599
"GSN-AS1",-0.219813001472048
"TMEM184C",-0.219845263149119
"UFM1",-0.220004468368764
"RPL34P34",-0.220080576358505
"TULP4",-0.220235089291746
"LCA5L",-0.220315822996857
"TBC1D7",-0.220657856768634
"YIPF3",-0.22070069794197
"MAP3K4",-0.220760099823189
"PUM1",-0.220951306024009
"MNT",-0.22107586185542
"NFE2L1",-0.221627094292514
"ZDHHC4P1",-0.221651887541747
"YBX1",-0.222464742128924
"LINC03052",-0.222917593439967
"RPL41P5",-0.223435037985552
"KLF3-AS1",-0.223700489627193
"SRF",-0.223715020032455
"IFNGR1",-0.223767844327359
"ENY2",-0.223785660705428
"PSENEN",-0.224002662459975
"ECHDC1",-0.224129443199505
"MYG1-AS1",-0.224388121837047
"ITGB3BP",-0.22440370120648
"RABEP2",-0.225046558652271
"LTA4H",-0.225120183457455
"ATP23",-0.225479405937186
"CENPB",-0.225533429270244
"LIPA",-0.225782145484834
"UBAP2L",-0.22610529252058
"SEPHS1P6",-0.227067539192304
"TLR8-AS1",-0.227067539192304
"VWCE",-0.227067539192304
"GFAP",-0.227067539192304
"HEATR6-DT",-0.227067539192304
"UNC13A",-0.227067539192304
"PWWP2B",-0.228187665943809
"CDC40",-0.228261763588444
"DNAH8",-0.229030844297071
"GBA1",-0.229141857036917
"UBE3A",-0.229286186271394
"ACTR2P2",-0.229394981368629
"BTF3-DT",-0.229457776061797
"EHD4",-0.229609353367165
"MAGOH",-0.229761458151992
"MARCOL",-0.230310580008505
"HSPD1P16",-0.230310580008505
"CLVS2",-0.230310580008505
"BBOX1",-0.230310580008505
"GPR179",-0.230310580008505
"MT-ND4L",-0.230380362985295
"SMNDC1",-0.230478537664719
"SGO1-AS1",-0.230658336254887
"LINC00550",-0.23155147928643
"NRM",-0.231656169982418
"MFSD14B",-0.231750193487915
"ACADSB",-0.231892924712512
"KDM7A",-0.23211044163875
"NOSIP",-0.232773895366746
"CFAP68",-0.232789199611095
"IFITM3P4",-0.232914795893311
"PROSER2-AS1",-0.233083286022603
"SFRP1",-0.233472862446422
"SKA2P1",-0.233472862446422
"OR6C74",-0.233472862446422
"NPIPB10P",-0.233472862446422
"RPL3P1",-0.233472862446422
"ERGIC2",-0.234377766617212
"RAB29",-0.234952940872247
"RRAGB",-0.235049322960224
"RWDD4",-0.235232144382858
"PGM2",-0.235426484910635
"NOX3",-0.235497352386975
"KDM4C",-0.235623687356806
"TRIM8",-0.235861739144909
"LYRM1",-0.235989597992528
"CD320",-0.236309745192768
"LINC02774",-0.236825659243259
"LINC01256",-0.236827191276372
"CPA4",-0.236827191276372
"MIR339",-0.236827191276372
"LINC00442",-0.236827191276372
"SHLD2P1",-0.237073354906532
"NDUFB4",-0.237600806156818
"CFAP119",-0.237639578748494
"MTX2",-0.237822153705867
"PDIA6",-0.237919178722387
"ME2",-0.238016352075484
"GRIK4",-0.238140117199149
"MRPS9-AS2",-0.238698158244267
"MIR548O",-0.238698158244267
"LINC02587",-0.238698158244267
"SCNN1G",-0.238698158244267
"HMGB3P9",-0.239277652687244
"H3C15",-0.239277652687244
"GAD1",-0.239277652687244
"CNOT7P1",-0.239277652687244
"ABTB3",-0.239277652687244
"BNIP3P22",-0.239277652687244
"EEF1DP5",-0.239572602647121
"MRPL24",-0.239664449690149
"IFT43",-0.239978427587943
"RUNX1",-0.239994024667341
"SKA1",-0.240007481083865
"TERF2IP",-0.240064257869948
"BCL10",-0.240154740949604
"TIMM8BP2",-0.240188803910242
"PAFAH1B3",-0.240204692797669
"LINC01865",-0.24059182429534
"RPS10P2",-0.240819242822942
"PIGN",-0.241176029600829
"NSA2",-0.241621169909943
"CYP51A1",-0.2418510101273
"UBE2R2",-0.241880545050545
"LETM1",-0.242010317384335
"RFK",-0.24212258979648
"SLC27A1",-0.242189652847943
"SNHG6",-0.242407128116599
"KIF26A-DT",-0.24248593736976
"NQO1",-0.242542277056774
"C1orf21",-0.24274283879179
"LRCH1",-0.24299763219757
"PHF13",-0.243128464811373
"TSC22D1",-0.243141765592724
"ZNF106",-0.243433971601048
"EVI5L",-0.243481058587514
"UBXN7",-0.243610242043736
"LINC00880",-0.244277555991246
"NLRX1",-0.244281544736676
"RPL36AP44",-0.244431350681669
"LDHAP7",-0.244455793292313
"LINC02570",-0.244780810288586
"MYO1C",-0.244792133679725
"ZNF367",-0.244806002251043
"RAB43P1",-0.244806002251043
"RNU6-920P",-0.244806002251043
"TMEM205",-0.244999196228404
"BLTP1",-0.24521676151579
"HDAC1",-0.245248452071398
"IL17RD",-0.245501724323236
"SERBP1P4",-0.245501724323236
"LIMS1-AS1",-0.245526270573523
"LINC00994",-0.245920633826819
"PELP1-DT",-0.246243640003
"RPL7P1",-0.246243742372164
"PLRG1",-0.246302420030488
"PKP4",-0.246892581031848
"SAT2",-0.24695320253262
"TIMM29",-0.247190619542703
"OSGEPL1-AS1",-0.247574984718704
"TXLNA",-0.247822400785508
"ZCCHC17",-0.24787826061509
"CAP1P1",-0.247958129010553
"KRT18P46",-0.248469072326807
"RPL21P111",-0.248469072326807
"RNU6-82P",-0.248469072326807
"RPSAP61",-0.248728238935223
"AGL",-0.249062769470158
"RABGAP1L-DT",-0.249120759467532
"ADAD1P1",-0.249120759467532
"PCDH19",-0.249120759467532
"ABRA",-0.249120759467532
"RPL29P21",-0.249120759467532
"MIR148B",-0.249120759467532
"MIR193A",-0.249120759467532
"CYP4A11",-0.249476302968858
"RN7SL267P",-0.249476302968858
"RN7SKP295",-0.249476302968858
"NKX2-6",-0.249476302968858
"HCAR1",-0.249476302968858
"MIR3680-2",-0.249476302968858
"OTUD1",-0.249762259429415
"INTS13",-0.249775989637057
"SLC22A4",-0.250041485122689
"RAC1P4",-0.250151041489278
"TBPL1P1",-0.250507934036547
"TMEM132A",-0.250894181335435
"ITGA5",-0.25106732868934
"MED27",-0.251116321924506
"CEP70",-0.25143807389719
"POLA1",-0.251570463939794
"IFT57",-0.251572404126552
"SNX3",-0.252075052873687
"APTX",-0.25214821398431
"IDH1-AS1",-0.252549180431173
"SND1-DT",-0.253312584268266
"NFIA-AS2",-0.253410049564594
"ZNF503",-0.253757602423002
"HYDIN",-0.25454470072569
"RPL34P18",-0.254601591178665
"RPL13AP7",-0.254606322840265
"RPS27P7",-0.254643871022951
"MAN1A2",-0.254673141063839
"RPS20P14",-0.254798265536142
"LAPTM4BP1",-0.254969746945283
"COX5BP1",-0.254969746945283
"KPNA2P1",-0.254969746945283
"UPF3AP1",-0.254969746945283
"LYRM2",-0.255712748526217
"RPL7P10",-0.255820603801944
"MRPS11",-0.256121670396476
"TERF1P4",-0.256717432238442
"HMGN1P10",-0.256989622520165
"PLPP7",-0.257153051068002
"LOXHD1",-0.257164207284749
"TOMM22-DT",-0.257607621474018
"ATP5MF-PTCD1",-0.257665553259012
"ESF1",-0.257678355500496
"PSMD11",-0.25841715797367
"SLC14A1",-0.258495534852136
"PCDHGC3",-0.258593631649531
"CD4",-0.259137518454874
"PPP2R1B",-0.259221228060523
"ADNP-AS1",-0.259325156529435
"H4C8",-0.259383813115285
"SLC7A15P",-0.259775221475986
"SPINK7",-0.259775221475986
"TRDN",-0.259775221475986
"CWF19L2",-0.259788400561839
"HARS1",-0.260113145840482
"DNAJC27",-0.260130999150283
"COPS4",-0.260156872134196
"OR10K1",-0.260251580297092
"RPL26P15",-0.260251580297092
"CHMP5P1",-0.260251580297092
"KLRC4",-0.260251580297092
"ZNRD2",-0.260617011506283
"RXYLT1",-0.260654530993872
"PCBP2",-0.260825315780778
"SNRPD1",-0.260932347055587
"ZNF609",-0.261166652027331
"MYOSLID",-0.261395680463674
"ZNF223",-0.261791623039693
"RPL22L1",-0.261883690525965
"FANCL",-0.262019329004581
"PCSK9",-0.262046101411331
"LINC02142",-0.262046101411331
"NF1P4",-0.262046101411331
"MT-ND3",-0.262084164319989
"RPS26P2",-0.262122169746509
"MIR4271",-0.262226987897316
"MIR548AT",-0.262226987897316
"WT1-AS",-0.262287469584169
"EML4",-0.262501943893582
"HIVEP1",-0.262596095651089
"PLSCR1",-0.262972796138098
"ZNF488",-0.263159687099983
"PITPNM1",-0.263833789119562
"ACYP1",-0.263889545307683
"LAMTOR5",-0.26441381877308
"PSIP1P1",-0.264556460892165
"BOK-AS1",-0.265143419390378
"LCAL1",-0.265475028966916
"FMO5",-0.266146463995903
"KLHDC7A",-0.266206536237114
"RGPD6",-0.266206536237114
"RPS12P5",-0.266206536237114
"GAPDHP73",-0.266206536237114
"LINC01533",-0.266206536237114
"UNC80",-0.266868475760591
"KLC2-AS2",-0.267537899962013
"LARP1",-0.267903387277171
"DRAXIN",-0.268078466492114
"NCAPH",-0.268078466492114
"ZNF603P",-0.268078466492114
"TAS2R14",-0.268486964833207
"DCTN1-AS1",-0.268586525936146
"KLHL7",-0.268988412215733
"FAM167A-AS1",-0.269336314847931
"DYNC1I2",-0.269834053960994
"RTN1",-0.269862100933068
"RPL21P75",-0.270117028659107
"ZNRD2-DT",-0.270143303099765
"H2BC17",-0.270334757028387
"HSFX3",-0.270334757028387
"BARX2",-0.270334757028387
"OR52K1",-0.270334757028387
"CABP1-DT",-0.270334757028387
"RPL3P3",-0.270334757028387
"CHST6",-0.270334757028387
"SYT5",-0.270334757028387
"KRT18P5",-0.270334757028387
"TRRAP",-0.270450008593042
"XAGE2",-0.270502362398252
"HSF4",-0.270502362398252
"NCOR1",-0.27080136379136
"RPL5P22",-0.27087454393399
"CCT4",-0.270887171220463
"USP45",-0.271042221485778
"RN7SL15P",-0.271106100571839
"GTF2I",-0.271409762985674
"OSTCP2",-0.271550637321872
"RN7SL689P",-0.271686953970263
"OR51I1",-0.271686953970263
"RPL23AP61",-0.271686953970263
"HNRNPA1P33",-0.271686953970263
"MICB",-0.271785027631892
"TRMT1L",-0.271845765146732
"UBB",-0.27201423746067
"STAG3",-0.272355077485962
"USP12",-0.272363197168855
"FOS",-0.272363862573639
"LINC02242",-0.273067658851904
"RPL21P20",-0.273099492184282
"LINC02817",-0.27348136370934
"HELQ",-0.273482204966609
"CCNC",-0.27354241140099
"SUSD3",-0.273684096353348
"TENM3",-0.273760941130463
"PATL2",-0.273859248316189
"TARBP1",-0.273907766412496
"LYPD2",-0.273969758345386
"RPS12P32",-0.274032050614929
"RN7SL127P",-0.274795338412405
"DDX51",-0.275249837853763
"NDUFAB1",-0.275621520899059
"SCHLAP1",-0.276152565039062
"LIAT1",-0.276152565039062
"GNAL",-0.276253306707381
"MVB12A",-0.27673350633997
"OGFRL1",-0.27676766343466
"RPL7P22",-0.277219250486542
"CLEC18B",-0.277219250486542
"ZNF235",-0.277870844064445
"RNU6-37P",-0.278090167095924
"ABCA12",-0.27820843851536
"VDAC1P2",-0.278414707008224
"UQCC2",-0.278472859174918
"PTGES3P1",-0.27852132417858
"TCEAL5",-0.278677383174684
"BRMS1L",-0.279855301918537
"ARPC4",-0.279939707047589
"POP7",-0.280038325186368
"SUMO2P20",-0.280195209872215
"SAMHD1",-0.280437286984652
"CRKL",-0.280844428478336
"CATIP-AS1",-0.280883016086063
"MMP15",-0.281165873453093
"COX5A",-0.28118837415089
"C2orf73",-0.281531760165192
"PKHD1L1",-0.281531760165192
"MIR124-1HG",-0.281531760165192
"EIF2B4",-0.281897050284132
"LRTOMT",-0.281953099147269
"MTRFR",-0.2823596470023
"CNOT4",-0.282542595142471
"RPS26P31",-0.282586860049194
"RRAGC-DT",-0.28359497286505
"SF3A3P2",-0.283810070954462
"CTXN1",-0.283810070954462
"NUFIP2",-0.28420390842929
"SRPK2",-0.284270838589997
"TNFRSF10B-AS1",-0.284399034249982
"MT-ND2",-0.284500497735875
"CCDC126",-0.284707741498142
"OR1L8",-0.284748241888293
"EDEM1",-0.285238178975826
"AADACL2-AS1",-0.285614496143927
"NCOA4P3",-0.285614496143927
"MTATP6P13",-0.285851782302413
"OR10Z1",-0.285851782302413
"AXDND1",-0.285851782302413
"LEMD1-AS1",-0.285851782302413
"LINC02819",-0.285851782302413
"MYCNUT",-0.285851782302413
"MYCNOS",-0.285851782302413
"WNT7A",-0.285851782302413
"HRG",-0.285851782302413
"LINC02270",-0.285851782302413
"PES1P1",-0.285851782302413
"C4orf17",-0.285851782302413
"LINC02466",-0.285851782302413
"STPG2-AS1",-0.285851782302413
"FTH1P9",-0.285851782302413
"HSPA8P4",-0.285851782302413
"LINC02217",-0.285851782302413
"GLYATL3",-0.285851782302413
"ROS1",-0.285851782302413
"OR2B3",-0.285851782302413
"LINC01445",-0.285851782302413
"BEND7P1",-0.285851782302413
"KIAA1210",-0.285851782302413
"PSKH2",-0.285851782302413
"PMP2",-0.285851782302413
"RPL35P6",-0.285851782302413
"COL22A1",-0.285851782302413
"SH3GL2",-0.285851782302413
"ELAVL2",-0.285851782302413
"HSPA8P17",-0.285851782302413
"KRT18P36",-0.285851782302413
"SEPTIN7P7",-0.285851782302413
"LINC00993",-0.285851782302413
"CYP2C23P",-0.285851782302413
"RSU1P1",-0.285851782302413
"LINC02955",-0.285851782302413
"LINC00927",-0.285851782302413
"LINC02346",-0.285851782302413
"VPS35P1",-0.285851782302413
"CASC17",-0.285851782302413
"KCNJ2-AS1",-0.285851782302413
"SCML2P1",-0.285851782302413
"PSG7",-0.285851782302413
"LINC00896",-0.285851782302413
"NF1P6",-0.285851782302413
"LINC00320",-0.285851782302413
"CD151",-0.285984445599505
"UBQLN1-AS1",-0.286062605270006
"RPS3AP25",-0.286222271986344
"PSMG3",-0.286231733533033
"ELOA-AS1",-0.28660504480313
"PPP1R35-AS1",-0.287141132500508
"KLHL33",-0.287177031733363
"LINC01821",-0.287283939465902
"CENPN-AS1",-0.287631286551877
"HMGA2",-0.287663281370102
"LINC01206",-0.287884409733696
"ZBTB33",-0.287939102152399
"LINC01778",-0.287971656769846
"POLE",-0.287971656769846
"LINC02275",-0.288019777392562
"OSBPL10-AS1",-0.288054520396736
"PDZRN4",-0.288054520396736
"LINC01723",-0.288054520396736
"ATG12P2",-0.288149001876357
"AFF4P1",-0.288149001876357
"GTF3C6P3",-0.288149001876357
"TCEANC",-0.288149001876357
"LINC00917",-0.288149001876357
"STARD6",-0.288149001876357
"PCSK2",-0.288149001876357
"LINC01754",-0.288149001876357
"LINC01412",-0.288402716749915
"RPS4XP6",-0.28914736366664
"RNA5SP88",-0.289208268887236
"LINC02100",-0.289208268887236
"CD24",-0.289208268887236
"LINC02986",-0.289208268887236
"ACBD7",-0.289208268887236
"MACORIS",-0.289208268887236
"NDUFA5P11",-0.289208268887236
"SHROOM3-AS1",-0.289496679361638
"ST13P3",-0.289635685594138
"IL2RB",-0.289771495348526
"DCTN1",-0.289882726409922
"YY1",-0.29040508906429
"NME6",-0.290408285175956
"RSPRY1",-0.291287758532802
"EEA1",-0.291436136102148
"ADGRG2",-0.291719368528951
"C2CD5",-0.292588947096682
"OR2T10",-0.292598466164533
"PFKM",-0.292727842738743
"KIF9-AS1",-0.292986301262751
"RGP1",-0.293182595304763
"RPL27AP3",-0.293407468769329
"FHL1",-0.29357698111376
"EAPP",-0.293813137974004
"PIP4K2B",-0.293998204657053
"LPP-AS2",-0.294255696084175
"NPM1",-0.294271895908006
"FAM204A",-0.294452417906654
"DDX50",-0.295319873469731
"RMI1",-0.296217235277302
"PLBD1-AS1",-0.296465352108979
"SRPK1",-0.296524364668891
"PRDX5",-0.2972457403857
"PINK1-AS",-0.297264867720322
"EIF4B",-0.298234635512588
"LINC01378",-0.298819902666084
"RPS7P3",-0.299052884219594
"OR2L2",-0.299602542323618
"MTND4P21",-0.299602542323618
"ZIC4",-0.299602542323618
"ERC2",-0.299602542323618
"ZIC4-AS1",-0.299602542323618
"S100P",-0.299602542323618
"JARID2-AS1",-0.299602542323618
"SNAP91",-0.299602542323618
"YAP1P1",-0.299602542323618
"TMPRSS4",-0.299602542323618
"SLC6A12-AS1",-0.299602542323618
"DHX34",-0.299603209615868
"HINT2",-0.299898812495633
"GNPNAT1",-0.30028352184359
"ZNF146",-0.300294722805114
"SPPL2B",-0.300633847916361
"TMA7",-0.301010338883697
"ADH5",-0.301351335083667
"PSMA6P1",-0.301455821359457
"MXD4",-0.301920486025746
"PKIA-AS1",-0.302084562157213
"ZNHIT1",-0.302247925088016
"MRPL14",-0.302578315062066
"RTCB",-0.303000445200809
"MRPS12",-0.303082087908003
"CDYL",-0.303194598642113
"ZNF778-DT",-0.303383030505368
"DYNC1LI1",-0.303498100949337
"ABCA7",-0.304371317210277
"DROSHA",-0.304387319754213
"FBH1",-0.305100020269212
"EIF3K",-0.305778389615153
"ARHGEF28",-0.306343511711233
"TRAP1",-0.306361376857137
"RFESD",-0.306869095158758
"COQ7-DT",-0.30706570465762
"MEFV",-0.307598142082856
"RPL21P23",-0.307809599581635
"LINC01707",-0.307809599581635
"RPL23AP50",-0.307809599581635
"SEMA3E",-0.307809599581635
"HTR3A",-0.307809599581635
"PPAT",-0.308037162367649
"NECTIN2",-0.308107095910469
"KBTBD7",-0.308955149363907
"SRSF6",-0.309109495289766
"BCO1",-0.309308891803175
"ZNF454",-0.309917138856182
"RANP6",-0.310688667457011
"ETNK1",-0.310765577318203
"ZNF880",-0.310862554351438
"NOVA1",-0.310905686947229
"PRDX3",-0.311396720250464
"GBP4",-0.311414431542103
"EEIG2",-0.311442598045598
"RECK",-0.312019874433225
"HOTAIRM1",-0.312202514878379
"TMEM241",-0.312247769746656
"COL4A3",-0.312278477372151
"NDUFB11",-0.312556961735416
"IMMP2L",-0.312916181655962
"RNU6-97P",-0.312989301926918
"RFFL",-0.313077869056087
"EIF4ENIF1",-0.313094629613121
"SMIM27",-0.313291028433375
"ARIH2",-0.31332098121862
"PIMREG",-0.313958637646471
"EIF2S3",-0.315053423095853
"LINC01118",-0.315432146474488
"PENK-AS1",-0.315834353256925
"C8A",-0.316118976813155
"SPP2",-0.316118976813155
"HNRNPA1P20",-0.316118976813155
"NUP210P1",-0.316118976813155
"HNRNPH1P3",-0.316118976813155
"RPS6KA2-IT1",-0.316118976813155
"CASC6",-0.316118976813155
"RNU6-972P",-0.316118976813155
"RAP1BP1",-0.316118976813155
"LINC02975",-0.316118976813155
"SAA2",-0.316118976813155
"UCP3",-0.316118976813155
"MS4A18",-0.316118976813155
"BSX",-0.316118976813155
"LINC02640",-0.316118976813155
"UBA52P7",-0.316118976813155
"TNFSF11",-0.316118976813155
"CA10",-0.316118976813155
"B3GALNT2",-0.316299420583689
"RPL14",-0.316754919137529
"DVL3",-0.3170556305991
"FHAD1",-0.317525755069281
"MAU2",-0.31758277937143
"PIN4P1",-0.318076863681194
"AGBL4",-0.318371790483172
"ZNF292",-0.318489065848342
"UNKL",-0.31882876666452
"RPP21",-0.319531584115771
"RPSAP17",-0.319548214704739
"EIF4EBP2",-0.319937678070014
"MT-ATP6",-0.320528368032221
"SNRPD3",-0.320578198281614
"HAS3",-0.321042301377177
"GPATCH11",-0.321133689525867
"CCDC171",-0.321555260004037
"RSRC1",-0.32190123385459
"SLC7A1",-0.322315277646845
"LERFS",-0.322584924208364
"LINC01733",-0.322584924208364
"WASF4P",-0.322676069003047
"LINC00910",-0.323046863787138
"ZFP69B",-0.323109412164274
"RBCK1",-0.32373914738342
"EYA4",-0.323931292030094
"SAMD3",-0.323931292030094
"LINC02387",-0.323931292030094
"DBX2-AS1",-0.323931292030094
"ARHGAP42P4",-0.323931292030094
"CNTN6",-0.323961651749053
"RPL35P2",-0.324039632983217
"GPR107",-0.324518019265642
"HNRNPA1P35",-0.324872101058095
"TOM1L1",-0.325435521576197
"ZDHHC1",-0.325440272452886
"SLC7A14-AS1",-0.325519105178929
"PKIG",-0.32589184157391
"LINC02395",-0.325958912658964
"AP2A2",-0.326046092815927
"BMI1",-0.326542186783604
"RALGAPA2",-0.327533087649217
"RPSAP3",-0.327570061652782
"RPL21P65",-0.32859495805884
"KCNK7",-0.328619081378236
"PWP2",-0.328807812194545
"ARHGEF35",-0.329056803755406
"HIKESHIP3",-0.329056803755406
"TMIGD2",-0.329223550071987
"LNPK",-0.32940231235708
"RBX1",-0.32944399357651
"PCAT6",-0.329454354521261
"HNRNPA1",-0.329581839839684
"ASAH2B",-0.329645521768642
"SNRPA1P1",-0.329712958567071
"P3H1",-0.330118538332782
"RLIM",-0.33116381807422
"LINC02323",-0.332076202064753
"NUDT18",-0.332275746162864
"RPL14P1",-0.332308744074747
"FZR1",-0.332597104916027
"RPS27P29",-0.3329547237584
"MAP3K7",-0.333271871754833
"MDC1-AS1",-0.333436400916131
"FCGR2B",-0.333501767866575
"PPP1R3G",-0.333501767866575
"LINC01394",-0.333501767866575
"PNCK",-0.333501767866575
"UMOD",-0.333501767866575
"UPK3A",-0.333501767866575
"PPP4R2P5",-0.333519859054065
"MTX1LP",-0.333552710532353
"BRK1",-0.333708262913821
"PSPH",-0.334141720851305
"SUMO2P21",-0.334927098479339
"NBPF3",-0.334986775101067
"SRM",-0.335058724195984
"TIMELESS",-0.335514079887084
"HYCC1",-0.33629062645731
"COX5B",-0.336345396145246
"PAXIP1-AS2",-0.336695782028628
"SPSB3",-0.3370267519786
"COX11",-0.33752786431699
"ANO6",-0.337587662792571
"LINC01893",-0.338247495386232
"CRYZL1",-0.338556573885423
"CEP290",-0.339625968387009
"IQCC",-0.339919522579779
"CD101",-0.339919522579779
"LINC01765",-0.339919522579779
"NHERF4",-0.339919522579779
"RNA5SP404",-0.339919522579779
"WFDC10B",-0.339919522579779
"ZNF174",-0.340576113653328
"PGBD2",-0.34059802763578
"CALML6",-0.34060135710493
"RNU6-492P",-0.34060135710493
"FAM230I",-0.34060135710493
"CA15P1",-0.34060135710493
"OPTN",-0.340940952182227
"ZDHHC5",-0.341247684248883
"RPL7AP16",-0.341759572537613
"POLR2H",-0.342031371044856
"RN7SL336P",-0.342864298512859
"CYP2B6",-0.343475188304662
"PHB2",-0.344650098795067
"PRDX4",-0.344727885130248
"EGR1",-0.345013128845766
"SCAND1",-0.345489252569629
"YTHDF2P1",-0.345702591696498
"TRUB2",-0.345961136022909
"TNR",-0.346171403973107
"FAM161B",-0.346653007152785
"WHAMMP1",-0.346700148274924
"BCLAF1",-0.347116733650101
"C2",-0.347172715392981
"LINC02232",-0.347336825250713
"TMX1",-0.347345585439718
"RPL17P5",-0.347907524291454
"MCMDC2",-0.348303590539402
"COL7A1",-0.34833274232259
"H1-10",-0.348412942544943
"RAB22A",-0.349393347364213
"GTPBP1",-0.349489402224896
"RPL36AL",-0.349854629705203
"BCLAF1P2",-0.350072539216098
"PSMC5",-0.350140745546789
"DCX",-0.350298573660336
"ZBTB4",-0.350335163395171
"ZNF32",-0.35064928733059
"TUBB1",-0.351289109374357
"TMED10P1",-0.351662513702478
"TCF20",-0.3517322778917
"SC5D",-0.35201115683178
"TFAP2E",-0.352094418796186
"SLC16A1",-0.352376139537749
"CDC14B",-0.352471760821117
"RNASEK",-0.352676400128777
"HCCS",-0.353024613784268
"RN7SL861P",-0.353084230301242
"GLIPR2",-0.353625324789207
"APOC1",-0.353663654248281
"LIN7C",-0.35375510809464
"DNAJC14",-0.354623919863915
"FIBP",-0.35466446294138
"RPS2P32",-0.35481251904865
"PRG4",-0.354928628777825
"PSMA3-AS1",-0.354937974121031
"ZFHX3",-0.355310668653213
"NPPC",-0.355363130799904
"PHAX",-0.355708351325628
"GNPTG",-0.355826393277631
"LINC02936",-0.356558591955196
"GRHPR",-0.357086126412871
"MUTYH",-0.357417102442363
"RNF8",-0.357500282770111
"OXSR1",-0.357587763387609
"PAXX",-0.357858778018589
"MBD6",-0.35788233043533
"SDC3",-0.358040076863697
"PFAS",-0.358620311667939
"ANKRD36",-0.358629762611791
"KLF2P3",-0.358678108353805
"FOXL2",-0.358678108353805
"KIAA1191P1",-0.358678108353805
"FAM241B",-0.358678108353805
"SEC23A-AS1",-0.358678108353805
"NPM1P21",-0.359088515312039
"SYNGR1",-0.359150301294008
"RNASEH2C",-0.359157629700594
"LIAS",-0.359667817255647
"LINC01779",-0.359867106963447
"AOX1",-0.359867106963447
"EPHA3",-0.359867106963447
"DNAAF6",-0.359867106963447
"ART5",-0.359867106963447
"TNNT3",-0.359867106963447
"COA6",-0.360186297695741
"MAP9-AS1",-0.360531508713119
"RNFT1-DT",-0.360688634507547
"LINC02556",-0.361027095700181
"GAPDHP40",-0.361175208924647
"TLR1",-0.361492155153879
"SDF2",-0.361575460484987
"FGFR1",-0.361611189169738
"NT5C2",-0.361866042732979
"RNU7-49P",-0.362271079270457
"PPIAP7",-0.362611229199493
"FAM200A",-0.362778374540803
"UBBP1",-0.363284169082081
"PDCD6IP",-0.363976559512488
"HSPE1P3",-0.36467599865847
"SNHG3",-0.365235653763715
"RPS27P3",-0.365279987056882
"TOX4",-0.365435573598025
"DCP2",-0.365651378738547
"GMPS",-0.365805409864147
"DNLZ",-0.365825291662032
"BTN3A1",-0.366019709195375
"RTN3P1",-0.366077507316541
"HOXB3",-0.366329279987648
"SAMD14",-0.367343876662592
"LRRC31",-0.367440703432563
"MVP",-0.36801903191364
"ATP5ME",-0.368082374039614
"CRNDE",-0.368176267872659
"RNA5SP93",-0.368313736929025
"MTND2P2",-0.368313736929025
"AQP5-AS1",-0.368313736929025
"TMEM86A",-0.368392809187199
"KANK2",-0.368434368501398
"MYH1",-0.368538175025056
"ODAPH",-0.368582199946959
"HLA-DQA1",-0.36913849839424
"NRDC",-0.369670821323074
"PNRC2",-0.369804098514039
"EIF4EP2",-0.370317042772764
"LINC02453",-0.370770113032733
"MAP3K19",-0.370867249089549
"CGA",-0.370867249089549
"NUTM2F",-0.370867249089549
"C2orf69P1",-0.370867249089549
"KLF1",-0.370867249089549
"MFN1",-0.372366571470554
"SMURF2",-0.372648955802218
"CAPZA2",-0.372897454524737
"ZNF207",-0.373468153033324
"TMEM170A",-0.373625019979325
"CASP9",-0.373958619468676
"NLN",-0.374112495055607
"SLCO4A1",-0.374245517164318
"LINC00957",-0.374718954599318
"SCAF1",-0.374945670813176
"TMEM185A",-0.375805742803091
"RO60",-0.375951031184473
"FABP5",-0.376105614981732
"LAP3P2",-0.376938326095947
"FKBP3",-0.377253714516529
"JDP2",-0.378150911030662
"BMPR1B",-0.378695357417475
"LINC01060",-0.378695357417475
"C7orf33",-0.378695357417475
"SLC6A14",-0.378695357417475
"RNU6-648P",-0.378695357417475
"RN7SL388P",-0.378695357417475
"NDUFV1-DT",-0.378695357417475
"TMC5",-0.378695357417475
"RPL37P3",-0.378695357417475
"KAT7",-0.378808010894126
"HMGN2P25",-0.379401175906857
"CD163L1",-0.379401175906857
"RNU6-90P",-0.379401175906857
"DPPA3P6",-0.379401175906857
"DYNC1LI2-DT",-0.379401175906857
"GTF2A2",-0.379462253648502
"KCTD8",-0.380575935603459
"SLC39A12",-0.380782900047722
"ATP5PBP4",-0.380843344882308
"SALL4P1",-0.380843344882308
"OR2A14",-0.380843344882308
"PTCSC2",-0.380843344882308
"UBE2B",-0.380905660070416
"DONSON",-0.381065300862957
"PCP2",-0.381169632106698
"C12orf57",-0.381461248398632
"FAM72A",-0.381679371916085
"UFSP2",-0.381732107937741
"RPL21P71",-0.382239052476563
"SLC26A8",-0.382239052476563
"TRPS1",-0.382821834549682
"HMGA2-AS1",-0.383510999000811
"NPIPB4",-0.38362481361959
"TCEAL3",-0.383774117116425
"KPNA6",-0.384053675720527
"VPS35L",-0.384638133367235
"GTF3C6P2",-0.385352962443902
"PEX11B",-0.385780818407845
"DISP1",-0.38737538598318
"NDUFB8",-0.387605657233463
"B3GNT5",-0.387790617573755
"MIRLET7BHG",-0.387952711741236
"LINC02650",-0.388670288967377
"MCMBP",-0.389389560940082
"TRIM5",-0.389565921867246
"PSMG1",-0.389649540462235
"CHTF18",-0.390195684106455
"ATP5MGL",-0.390355093729259
"HNRNPA1P36",-0.390526141860454
"BMP8B",-0.391025529893614
"FOXO3",-0.391749014108255
"APC",-0.392432750002793
"USP22",-0.392861944075472
"LURAP1L",-0.393969239063434
"SERBP1P1",-0.394041112429031
"UQCRB-AS1",-0.394275299317898
"LIN7B",-0.394373653270619
"KNG1",-0.394450614542262
"MAGEB17-AS1",-0.394958619078344
"TCF25",-0.395208447716367
"DNAL1",-0.395422112694561
"FTX",-0.395440531108402
"ATP13A3",-0.395585058735575
"MTND6P4",-0.396161703155938
"SLC6A1",-0.396250948430335
"SLF2",-0.396367512327607
"RPL6P19",-0.396555227797506
"ZRANB2-DT",-0.396688373246061
"TTC29",-0.39735526187172
"ZNF383",-0.39809122804296
"TMEM44-AS1",-0.398162906232621
"DHRS4-AS1",-0.398906033609257
"SCAMP3",-0.399267180853049
"ARPC5L",-0.399587940939719
"POLR2J",-0.399777852439606
"COX8A",-0.400992078489301
"NARF",-0.401068181896025
"THADA",-0.40136985154961
"RAPGEF1",-0.401921171548081
"OSCP1",-0.402578759504485
"BYSL",-0.40276753770409
"MYH9-DT",-0.402776885234286
"ABITRAM",-0.402938817308386
"LINC02196",-0.403344016137722
"PRKAR2B",-0.403526632773152
"GTF2H5",-0.403621167127851
"ACBD3-AS1",-0.403950377743003
"RPL5P5",-0.403991590574704
"DNAH5",-0.404014023043504
"LINC01091",-0.404173223141321
"NUP210L",-0.404636350405294
"IFIT6P",-0.404878687251028
"RNA5SP481",-0.40506925188404
"RPS27L",-0.405092387698356
"ZNF674-AS1",-0.405300061886681
"RPL23AP74",-0.405510537747209
"RNF138",-0.406024071915693
"MYH9",-0.406270656367502
"BPGM",-0.406563006115337
"GPATCH3",-0.406944143367268
"ARHGEF38",-0.407239189812113
"NCKAP5",-0.407267850990565
"MKLN1",-0.407525021083024
"MMD",-0.407603611080191
"NTAQ1",-0.407647522106514
"AK3P5",-0.408086000673593
"MTCO1P19",-0.41035362948054
"BAMBI",-0.410545858481293
"ATOX1",-0.410827020254596
"TAF15",-0.411011177446362
"SFMBT2",-0.411091436501898
"LSM3",-0.412327134573177
"ACSS1",-0.412466029355223
"LTBP3",-0.412767796527745
"RNA5SP195",-0.413158125227264
"CCL22",-0.413158125227264
"ATP5MGP6",-0.413158125227264
"LINC03057",-0.413158125227264
"ST13P5",-0.41325534295276
"CDKN2B-AS1",-0.413960093965022
"SVBP",-0.414090050487439
"MECR",-0.414416139372871
"KBTBD6-DT",-0.415329993826279
"SYCP2L",-0.415399886788789
"INSIG1",-0.415830259741705
"TPK1",-0.416258771343818
"BIRC2",-0.416936876702885
"ACTN4",-0.41719817982129
"ARHGAP31-AS1",-0.417449321028676
"NLRP12",-0.41751574551653
"SEC31A",-0.417764819910529
"RPAP2",-0.418274186319127
"NCR3",-0.418747379573377
"MYOSLID-AS1",-0.419035593809244
"PDZD11",-0.41918881405208
"DNM1L",-0.419558957944696
"WASHC5-AS1",-0.419582290949559
"NABP2",-0.420146375932208
"R3HDM2",-0.420300495157348
"PHKA2",-0.420632309185073
"TMEM140",-0.42103248615243
"HMGN2",-0.421238622164237
"ANKHD1-EIF4EBP3",-0.421599818344261
"SARDH",-0.422395171611838
"MIR5685",-0.422589621585891
"OR6V1",-0.422589621585891
"LINC02690",-0.422589621585891
"HNF4G",-0.42267173978047
"RPL17P18",-0.42282832888718
"ARSD-AS1",-0.422964836829008
"RPL7AP5",-0.423482526938871
"IRAK1BP1",-0.424132422120363
"GTF2IP11",-0.424796806006459
"HHIP",-0.425044874768591
"SENP1",-0.425348705514276
"NPHP1",-0.42562413003436
"NFE2",-0.425666865084352
"CD63-AS1",-0.425733288144928
"TMEM43",-0.425906752211103
"INPP1",-0.42615868863068
"ACTL6A",-0.426457199109399
"PXDC1",-0.427402655171301
"DNAJB4",-0.427708186403612
"UBE2E4P",-0.4280281888914
"STK35",-0.428177471630128
"PDP1",-0.428472429838962
"TUSC8",-0.428684842355262
"HOXB4",-0.428705874641985
"RTL8C",-0.430141204648818
"KIRREL3",-0.430149233352582
"SDK1",-0.430160310578203
"FOXK2",-0.430618535766497
"HERC5",-0.430919271258391
"DDT",-0.431479506381688
"MPC2",-0.431844997216723
"CBX5",-0.432085851229519
"RPL7P47",-0.432101779981965
"IGLJ3",-0.432178046997761
"PURA",-0.43225162419417
"TMED4",-0.432765303156658
"LINC03109",-0.432869658321187
"MPHOSPH6-DT",-0.432869658321187
"RPS4XP7",-0.433016236754957
"ZNF628",-0.433168025591629
"CHRNA5",-0.433528462322124
"FAM177B",-0.433901947331371
"IRX2-DT",-0.434012838611566
"RASGRF1",-0.434012838611566
"TMEM167A",-0.43409427837085
"HSF5",-0.434439012269861
"IFITM3P1",-0.434550579266569
"CYP4V2",-0.43459447137852
"UBL3",-0.434861915418087
"PPFIA1",-0.436343864736299
"MYC",-0.437071874194293
"EEF1A1P8",-0.437466198403618
"EEF1A1P3",-0.437520539599001
"BZW2",-0.437937920690273
"NPIPB8",-0.438336921216783
"BIRC6-AS1",-0.4383972660568
"DSC3",-0.438739288360318
"RPL31P63",-0.438834581600654
"TLE1",-0.438938426100994
"DDX46",-0.439776087508068
"GIRGL",-0.439869236426379
"SBF2-AS1",-0.440557423339604
"RNU6-807P",-0.440646753085678
"TNRC18",-0.441654352961918
"LINC02256",-0.442389167835084
"WTAP",-0.442438716585212
"RNU7-40P",-0.44303984605898
"DOCK6",-0.443072019353049
"IPP",-0.443206598918577
"SCNM1",-0.4432226836846
"LRRC58",-0.443495277088085
"SPTSSA",-0.443768212317001
"CERS5",-0.444432332753397
"CTBP2",-0.445096370406455
"RPL21P120",-0.445398777612167
"HDAC6",-0.445496016085541
"ARL2",-0.446409060521336
"SRP9",-0.446542633971064
"ZFPL1",-0.44675719418047
"PROCA1",-0.447465496984732
"INTS12",-0.447742426321915
"SFTPA1",-0.447750212893106
"DPP3",-0.447783906232803
"RNU6-759P",-0.447958736904058
"ILF3-DT",-0.448810399587291
"CBX1",-0.449051345700761
"CYP7B1",-0.44949670965554
"ARRDC1-AS1",-0.44961599155636
"NOP16",-0.45043359035788
"GTF3C2-AS2",-0.450462177703458
"STAG3L5P-PVRIG2P-PILRB",-0.45108113140531
"DNASE1",-0.451412856718366
"SRP14P1",-0.451505297683843
"NGFR-AS1",-0.452229501026336
"KLHL24",-0.452899644070497
"DGCR2",-0.453213512940684
"IL31RA",-0.453527215622286
"SNORD101",-0.453527215622286
"RFLNA",-0.454235561212195
"GAS8-AS1",-0.454235561212195
"DYNC1LI2",-0.455140735153505
"FOXK1",-0.455679735207671
"HAPSTR1",-0.455687141474526
"PARP2",-0.45569222111573
"HNRNPA1L3",-0.455917388598776
"CRK",-0.455987220786007
"RPL32P18",-0.456102942900153
"TRMT6",-0.456148110277898
"WDR19",-0.456266930433373
"SUFU",-0.456483426650461
"FRA10AC1",-0.456728554551989
"CACTIN-AS1",-0.457248079756702
"ARHGEF39",-0.457437512152195
"GCDH",-0.457557327245655
"ALDH4A1",-0.457786320742882
"PALLD",-0.45788917194314
"TMEM117",-0.458039105969215
"METTL1",-0.458396342918358
"MRPL35",-0.458525835576626
"GABRG2",-0.459570776662109
"EIF4BP3",-0.460781346648746
"TRIAP1",-0.461489121240194
"METTL4",-0.461527320286675
"MYO10",-0.461579384430117
"PROX1-AS1",-0.461697296509318
"ZNF608",-0.461884138512795
"TMX4",-0.462221449450946
"C1QTNF5",-0.462651880443293
"COPS9",-0.462874123838187
"STAC2",-0.463024959259477
"CNP",-0.463389558325552
"AP1S2",-0.463572810528933
"WDR43",-0.463722951681527
"FGD1",-0.464530271050903
"ZNF761",-0.464782603297823
"NCBP2",-0.46479085009986
"STK24-AS1",-0.465211434102624
"PRSS53",-0.465211434102624
"TMEM263",-0.465304870342105
"TNFRSF10A-AS1",-0.465454568682866
"SPACA6-AS1",-0.466349061387268
"KBTBD4",-0.466671404448934
"MPV17L2",-0.466809980441873
"TRMT112",-0.46723915125383
"WHAMM",-0.467419869408527
"APTR",-0.467832875868511
"SWI5",-0.46831276568207
"CSNK2A3",-0.468743839841728
"TIMM23",-0.468788650327171
"APBB3",-0.469680720311982
"MTCH1",-0.470131571155906
"TUBB2A",-0.470598532805846
"H1-4",-0.4710331351738
"HABP4",-0.471213485276372
"LINC00602",-0.472139547711795
"GTF2F2P2",-0.472162929620778
"OR11I1P",-0.472162929620778
"CTSE",-0.472162929620778
"HTR1D",-0.472162929620778
"PDSS1P2",-0.472162929620778
"THRB-AS1",-0.472162929620778
"HRGP2",-0.472162929620778
"FKBP4P1",-0.472162929620778
"KATNBL1P4",-0.472162929620778
"TINAG",-0.472162929620778
"RPL6P20",-0.472162929620778
"LINC02849",-0.472162929620778
"ATP5F1AP10",-0.472162929620778
"LINC00596",-0.472162929620778
"TSHR",-0.472162929620778
"DET1",-0.472162929620778
"LINC02250",-0.472162929620778
"LINC00668",-0.472162929620778
"COX14",-0.472464815423174
"ARK2N",-0.47261639178444
"SFSWAP",-0.472629474999741
"B4GALT4-AS1",-0.472913101964476
"KPNA4",-0.472944178516956
"HACE1",-0.473133973753308
"STARD4",-0.47326837418981
"SF3B6",-0.473464656246278
"SMC2-DT",-0.475361307009635
"LINC02443",-0.47577126169653
"HMGN1P32",-0.475820841389878
"GLIPR1",-0.476134942495619
"CHMP4BP1",-0.477640635362248
"SYTL1",-0.47779390205621
"RSU1",-0.478095794913339
"LATS2",-0.478274633287289
"RABIF",-0.478338938270427
"BOLA2-SMG1P6",-0.478818163116742
"SCIRT",-0.479150442498002
"CINP",-0.479208566661489
"ZC3HAV1",-0.479328925973644
"RAB3GAP1",-0.479663206798857
"RN7SKP87",-0.47980319218883
"MIR1296",-0.47980319218883
"RNU6-172P",-0.47980319218883
"RPL19P21",-0.480495047666926
"TMEM168",-0.480506202329146
"WASF2",-0.481099989971772
"RPL34P33",-0.481115199227493
"SP2",-0.481656259274578
"EHMT2",-0.482141531229874
"SART1",-0.48224329341922
"NNT-AS1",-0.482690430374362
"ILKAP",-0.483202781753552
"RPS27P9",-0.483371789497738
"NRARP",-0.483898226729494
"ZNF558",-0.484378265885761
"HLA-W",-0.484418674241003
"EEF1A1P17",-0.484449142498992
"TFAP4",-0.48569836272765
"KCNQ2",-0.48569836272765
"MIR3190",-0.48569836272765
"SCAF8",-0.485769970742581
"HINT3",-0.486430322264792
"DDHD1",-0.486542696250803
"MX1",-0.486627301188655
"RPL7AP30",-0.486857802122685
"MSANTD7",-0.487255905479122
"MTATP6P1",-0.487288028683453
"TMEM230",-0.487461803916032
"LINC02249",-0.48830217566599
"RTF1",-0.488332406422478
"ATP8B1",-0.488527558870865
"AGPAT5",-0.48890604489023
"EIF4BP5",-0.488927803544501
"MYL5",-0.489156721710432
"HSF2",-0.491312398529657
"CHRM5",-0.491403433633779
"SCO2",-0.492365732562408
"BEX5",-0.492739777152569
"SGSH",-0.492867889018409
"LINC02755",-0.492938894206546
"TMEM86B",-0.494154627473981
"NEXMIF",-0.495514347433669
"MX1-AS1",-0.495935468535526
"ROCK1",-0.496049364256036
"RN7SL254P",-0.496325787676274
"CTC1",-0.496357682358685
"TSGA10",-0.496438457328306
"TRMT112P6",-0.496564043205042
"IFT22",-0.496761942363877
"MAIP1",-0.497082916199183
"PPP2R5E",-0.497551670584835
"NME3",-0.497654257831806
"GTF2A1-AS1",-0.497839364570502
"IBA57",-0.497949025870183
"NOLC1",-0.498010540368538
"RCBTB1",-0.498059707585814
"RPS4XP13",-0.498480977751427
"CYP2F1",-0.49859342324059
"ALG1L2",-0.498735891232374
"ANKRD30B",-0.498735891232374
"ANGEL2",-0.498799834449523
"RANP1",-0.499324773946147
"RAB3B",-0.499914883990913
"SRRD",-0.50040444214
"SEPTIN7P15",-0.500721380753037
"HEY1",-0.500910342477095
"EED",-0.501609442723522
"TPM4P3",-0.501611044267103
"TMEM72",-0.502709037593788
"EIF2B2",-0.502790902017408
"LDLRAD3",-0.503281464473271
"NUDCD2",-0.503384673289881
"EEF1B2",-0.503724371742515
"WDR37",-0.503917467976213
"ZCCHC24",-0.504088316836631
"RPS4XP11",-0.504780774066049
"RPL21P28",-0.504894887623585
"CBLN3",-0.504930681856267
"ZNF738",-0.505012447408285
"ACOX1",-0.507014232717266
"C2CD4A",-0.507064204912004
"MSL2",-0.507251406319923
"CSNK2A2",-0.507726374333621
"RNF170",-0.507758891198398
"CAMK4",-0.508714006987578
"TMEM167B-DT",-0.508944404024637
"SYNCRIPP1",-0.509160015833483
"HMGN2P8",-0.509504634167246
"LINC01515",-0.509868486933252
"RPL32P27",-0.510031026668648
"PPP2R2D",-0.510052508885125
"EPB41L2",-0.510134995859435
"SLC44A4",-0.510530605107853
"LINC00184",-0.512146496445551
"SPAG8",-0.512173010528035
"RHBDD1",-0.51334307787524
"NDUFA1",-0.513808135101556
"PIGH",-0.513995742110266
"SDHAF3",-0.514112968620029
"GOLM1",-0.515217411721019
"ZNF253",-0.516359495629838
"LINC01010",-0.517874123556531
"ABCB7",-0.518272046724677
"SNRPF-DT",-0.51856790651913
"FAU",-0.518859672161038
"ZNF718",-0.519236101950371
"GAA",-0.519402516117035
"SORBS1",-0.519974651372834
"MBD5",-0.520568629658859
"ZNF793",-0.521769359859965
"RPP40P1",-0.522124117798368
"CHAMP1",-0.522418755543248
"NAA38",-0.522600257579933
"CPLANE1",-0.522647841257087
"ECEL1",-0.523373130147424
"LINC02388",-0.523552765980113
"MIR5591",-0.523573661242987
"MIR509-2",-0.523573661242987
"ZNF793-AS1",-0.523573661242987
"MTMR12",-0.52420809291465
"SPACDR",-0.524497431232208
"ITGB3",-0.52583848361571
"ATF6-DT",-0.526099459732182
"PINK1",-0.52618359859519
"NUP42",-0.526883652216784
"RAB28",-0.526999210492593
"SLC25A13",-0.527172973858744
"FABP5P9",-0.528168566464523
"CCND2-AS1",-0.528601083592154
"SAP18",-0.528820895618857
"SKAP2",-0.529623465150809
"NEK1",-0.529704469788622
"EAF1",-0.529783977458695
"SAMD4A",-0.529926873971112
"TRIB1AL",-0.532174213148189
"HSPA12A-AS1",-0.532345857915284
"DUSP23",-0.532369608231675
"STK32B",-0.532541586954675
"OR5A1",-0.532541586954675
"LINC01901",-0.532541586954675
"VANGL1",-0.533565939036677
"PARP9",-0.533730113839617
"LINC01730",-0.534587386370714
"CANT1",-0.53464555129451
"NXPE4",-0.534737359268008
"ERV3-1",-0.534745239549421
"AASDH",-0.535079484727901
"CCDC51",-0.535566226388968
"ARHGAP6",-0.536156284201413
"SENCR",-0.536574628053253
"RNF40",-0.536659421798514
"CEP95",-0.536975158952504
"KCTD15",-0.537721080508422
"RPS15AP1",-0.537929260487071
"PJA1",-0.538065142822608
"MFF",-0.538628650637391
"LINC02993",-0.539779419220065
"PLAA",-0.54017556604625
"VMP1",-0.540790084642401
"RPL37",-0.541391963507973
"CLMP",-0.541503456879588
"ZNF614",-0.541668251061543
"ZBED4",-0.541847090659859
"C15orf40",-0.543269537334229
"CCDC60",-0.543742736618209
"SLC25A5-AS1",-0.543815514585471
"C9orf163",-0.544259859214646
"HELZ2",-0.544374054982763
"WNT10A",-0.546211518620639
"FGFR3",-0.546211518620639
"PRSS1",-0.546211518620639
"KRT6B",-0.546211518620639
"TRAV6",-0.546211518620639
"RNU6-708P",-0.546211518620639
"MIR3199-1",-0.54662804087167
"SFT2D2",-0.547632741873039
"CFAP54",-0.548815151247429
"CCDC115",-0.549224281872128
"NR1H3",-0.549347236017607
"ATP8B1-AS1",-0.549542849553455
"SUDS3",-0.550467519977017
"ADNP2",-0.55103350747923
"RAP2A",-0.551608755470203
"PDK3",-0.551770374026915
"HLA-DPA1",-0.551962570143093
"MRPS14",-0.552357498649551
"RPL3P9",-0.552580447152013
"ZDHHC7",-0.552874130606848
"ZNF747-DT",-0.553451323914741
"UGP2",-0.553515475017984
"QRSL1P3",-0.553973804846169
"TUBB2BP1",-0.554576111047576
"UNC45A",-0.556247746924349
"SLC46A1",-0.556339074166532
"SLK",-0.558796327584389
"LINC00923",-0.559035363212426
"OIT3",-0.55909327612305
"EPS8L1",-0.559347560154089
"OFD1",-0.559391836870607
"PURB",-0.559929871353046
"LINC01486",-0.560530796545315
"RIMBP2",-0.560544091532
"PBXIP1",-0.560772644728017
"MIR3120",-0.560799328374735
"GSTCD-AS1",-0.560799328374735
"LINC00640",-0.560799328374735
"POMP",-0.561068951967307
"REXO2",-0.561699158111108
"TRMT13",-0.56258963641711
"OAT",-0.5627534727551
"RPL35P1",-0.562794520230017
"ZNF528",-0.562863249493713
"JOSD2",-0.563090243785052
"SV2B",-0.563480941373146
"ABCA6",-0.563520549726131
"ADGRE1",-0.563520549726131
"GPSM2",-0.563616191055938
"PSME2P2",-0.563847241395248
"INTS7",-0.564114808139927
"SLC30A9",-0.564814659514823
"LINC00702",-0.565116045571502
"POTEG",-0.56534305872168
"ATP11B-DT",-0.565554210028749
"HMX1",-0.565554210028749
"PIGS",-0.565624782411065
"EEF1A1P12",-0.565949740016386
"SNX33",-0.566416219928677
"ACSL3",-0.566963180187131
"ZNF397",-0.567504664883056
"OR6C4",-0.567722702663259
"MIR4258",-0.568352671275102
"DSG2",-0.569347233960078
"LAMTOR2",-0.569842650420821
"TBC1D13",-0.571472202380485
"ABRAXAS1",-0.571730457081648
"CSPP1",-0.572781470038422
"MTATP6P16",-0.573352999905087
"CHCHD3",-0.573590720287555
"TIMM17A",-0.576076706633895
"ASB3",-0.57621893279648
"EPN3",-0.5762597161565
"H3C9P",-0.576272065351839
"LINC01500",-0.57690189610858
"COPZ2",-0.577076695032225
"UPF3A",-0.57712828808443
"VPS37C",-0.577169093006761
"DPH5",-0.577360148909052
"PIK3R2",-0.577599231301285
"RNU6-137P",-0.577913118073065
"PGM5P3-AS1",-0.577913118073065
"ZNF28",-0.578469512416845
"CCNF",-0.579765579850721
"RPS21",-0.580036340608127
"EDIL3-DT",-0.580624202135339
"LINC02139",-0.580756303744286
"PIAS4",-0.580758198357046
"LOXL3",-0.580998632426772
"CHCHD6",-0.581424779848252
"RAP1GDS1",-0.582359809293465
"ZNF737",-0.58280330800882
"MRPL11",-0.583100006450487
"RAB3IP",-0.583109264744866
"RPS26P3",-0.583936699798068
"LINC00499",-0.584268981840057
"SLC47A2",-0.58439323712811
"ZCCHC7",-0.585334796032506
"NTN1",-0.585506565486331
"C10orf90",-0.588457735078772
"POLR2L",-0.589085499380985
"TMEM53",-0.5891427825527
"ZNRF2P1",-0.589507257682074
"ANKS6",-0.590166474452147
"TSC2",-0.590658685929405
"MYT1L-AS1",-0.591028998264668
"LRRC24",-0.591028998264668
"RN7SL45P",-0.591028998264668
"VGLL4",-0.591413547774422
"LAMTOR5-AS1",-0.591561443862047
"PSPC1",-0.592259724448468
"ORC6",-0.592447195349049
"CTXN2",-0.592706239969048
"SPEN-AS1",-0.592841301676099
"NOP9",-0.593898435073763
"MIR1244-4",-0.594165565373829
"NUP50-DT",-0.595083557090712
"MAGED2",-0.595108160285381
"SMG9",-0.596106166690355
"TOP2A",-0.596135754785811
"PSMD4P1",-0.596193275657025
"SPIN4",-0.596555791585596
"MXRA7P1",-0.596876496878432
"TMEM17",-0.597034306759746
"MTND5P16",-0.597034306759746
"LINC01284",-0.597034306759746
"FAM174A-DT",-0.597037733543837
"LARGE2",-0.598291013591728
"KIFC2",-0.598407515776445
"SELENOTP1",-0.599385087069102
"PHLPP1",-0.599885164156706
"PITPNB",-0.599912220350362
"SSBL2P",-0.600443527031587
"NBPF20",-0.600907054376105
"HCK",-0.601456227251676
"ZC4H2",-0.601467690232204
"POP5",-0.601904486111849
"SOCS7",-0.602209854568983
"ZNF91",-0.602255687029938
"CMTM8",-0.602401767269049
"AKR1E2",-0.602853523711822
"TYMS",-0.603373332822675
"LTB4R",-0.603767841745693
"WDR55",-0.603803182415416
"SSR1",-0.603966383403223
"FAM27E3",-0.604739917058295
"REST",-0.606045106891692
"MBOAT2",-0.606842494056505
"MAP3K13",-0.607108285084527
"PARD6B",-0.608294816010458
"RPL5P1",-0.608340966762755
"CFAP97",-0.609206801867885
"RBM5-AS1",-0.609723069320691
"ZNF160",-0.609946297813885
"TBC1D20",-0.610182388585202
"CNIH3-AS1",-0.610207097063704
"TTI2",-0.610325785358757
"GAPDHP76",-0.610914817115179
"FNIP1",-0.61128661288725
"H3P8",-0.611531085534895
"TPR",-0.612109995203269
"PCED1B",-0.612650668682562
"ATR",-0.612654797107884
"MIR3671",-0.612771691374019
"CDV3",-0.613285649552767
"ARMCX1",-0.613431084754849
"PAQR7",-0.613498331891184
"DENRP1",-0.613659629220344
"UBE2L5",-0.614865013261089
"CRIP1P2",-0.61574922039393
"ANKRD39",-0.615766621590729
"XIAP-AS1",-0.616231195928737
"PSMD5",-0.616245628264527
"CIAPIN1",-0.616729402739816
"PRRX2",-0.618622093062135
"H3C6",-0.618622772663648
"DNPEP",-0.619720788326022
"PAIP1P2",-0.620576855572677
"DCAF13",-0.621230043560228
"PDSS1",-0.622076369900521
"ATRAID",-0.62214665113246
"NOM1",-0.623881015931478
"TMEM38B",-0.62403265878577
"RGS7",-0.625987931673996
"FGF10-AS1",-0.628587025668029
"PCNPP2",-0.628587025668029
"P4HA3-AS1",-0.628587025668029
"TMEM69",-0.628730232027608
"PIGC",-0.630454121756123
"B3GAT2",-0.630509239883331
"IQSEC1",-0.63118649204796
"RNF182",-0.631319927567603
"AKAP13-AS1",-0.631345693843407
"PPIA",-0.632033826153394
"NT5C3A",-0.632091039268106
"TIMM23B",-0.632172918473041
"SNX9",-0.633294037428397
"FNTA",-0.633755098642967
"CAMK1D",-0.633846104823393
"CARD8-AS1",-0.634701631394863
"TMED1",-0.634925620449238
"HIRA",-0.635354990268066
"TTC5",-0.6361379976202
"RPL5P12",-0.63655720350451
"LAMA2",-0.637151356192737
"RNU6-645P",-0.637219854685872
"YBX1P2",-0.637804074827005
"LINC01560",-0.637860221881591
"FRMD8",-0.639394658152308
"GPN1",-0.641052654094901
"ACTBP15",-0.64110097933625
"TUG1",-0.641168590028426
"FAM131B-AS2",-0.641506693836
"FABP5P7",-0.641995496727794
"RPS29",-0.642267994561465
"SMPDL3B",-0.642535376840784
"MS4A15",-0.642535376840784
"LINC01783",-0.64266237943236
"ITGAL-AS1",-0.64266237943236
"MYOCD-AS1",-0.64266237943236
"LINC01226",-0.644560173890477
"TMEM106C",-0.64467300226526
"CD8B",-0.645316035258962
"TOM1L2",-0.6455065067005
"C11orf42",-0.645788871154237
"H3P16",-0.646078809842343
"TLE1P1",-0.647565736602351
"DSG2-AS1",-0.647736314485285
"DNAAF1",-0.648870665623276
"CCDC65",-0.649422106798213
"ORC1",-0.649435027649341
"SLC20A1-DT",-0.649435027649341
"COL9A1",-0.649435027649341
"PSMA1P1",-0.649435027649341
"CENPW",-0.650299472435796
"UMODL1",-0.650360186079592
"CAP1P2",-0.656452403594391
"GPI",-0.656543957676995
"ETV2",-0.656794355325417
"PLPPR5-AS1",-0.656878785483784
"CNTNAP5",-0.656878785483784
"RALBP1P1",-0.656878785483784
"ARL5AP1",-0.656878785483784
"FAM201A",-0.656878785483784
"SHANK2",-0.656878785483784
"HMGB3P8",-0.656878785483784
"GARIN6",-0.656878785483784
"LINC00639",-0.656878785483784
"SMC1B",-0.656878785483784
"ANP32CP",-0.657091515566847
"TRIM56",-0.657277397235449
"KCTD2",-0.658331047891444
"ATP6V0E2",-0.658841538458612
"RETSAT",-0.658996579566857
"KHDC1P1",-0.659077524039933
"RB1-DT",-0.659077524039933
"CSE1L",-0.659309796705565
"LINC02861",-0.659523130601468
"HMG20B",-0.659689591221265
"SFXN3",-0.659865025453281
"PDLIM7-AS1",-0.660086466183616
"CALM1",-0.66013940866254
"TLNRD1",-0.660772086303248
"KIR3DL3",-0.661535670316952
"SLC44A2",-0.662334293397945
"TIGD7",-0.662617096282613
"TMEM129",-0.662882553578507
"RPL7A",-0.663379929098785
"BAD",-0.663704177076944
"COL18A1",-0.664759027001092
"LINC00375",-0.665435181712359
"PDE11A",-0.665591641398526
"RFT1",-0.666063261532879
"RIMS3",-0.666570138413571
"PTPN13",-0.667149504193416
"VSIG4",-0.667727640222619
"MTIF3",-0.667965032260187
"LMO2",-0.668177222886119
"TMEM256",-0.668975463937452
"CBL",-0.669633346613235
"SPP1",-0.669721944839374
"PNPT1",-0.670227280341916
"SEPTIN7P1",-0.670749604096165
"MTMR6",-0.673081922382559
"INPP5A",-0.674714595545774
"FLI1",-0.676121805979016
"MOSPD1",-0.676767322250611
"ATF7",-0.67795529161685
"GMDS-DT",-0.678978266737178
"TBX5-AS1",-0.68087904860704
"SLC26A7",-0.681076605887014
"GPR89B",-0.681083267330265
"BNIP3P27",-0.681348670579175
"MAGEH1",-0.681634635175668
"LY6E-DT",-0.681643604839167
"MIR2052HG",-0.681802929846827
"MAPK3",-0.682039342061416
"LINC01285",-0.682311941888819
"ZNF497-AS1",-0.683077178365909
"RPL24P4",-0.683754927743846
"MBD2",-0.684292979283058
"H2AZ2",-0.684407242751706
"SLIT2-IT1",-0.684496124277485
"OTOGL",-0.684496124277485
"TMEM14C",-0.684559060207746
"MIR302CHG",-0.685581247807103
"SPRING1",-0.686160094828588
"ZNF804A",-0.686536743700087
"RAB19",-0.68771044259876
"MAPK8IP1",-0.688099041632218
"ABHD15-AS1",-0.688589364618754
"CCDC66",-0.689133022160114
"ASAP1-IT2",-0.689245047088126
"B4GALT1-AS1",-0.690104971701484
"SEPTIN7-DT",-0.69019667468442
"RPP14",-0.690316225228489
"CALU",-0.690335134083707
"MRPL55",-0.690516514663311
"ZC2HC1A",-0.691354593870173
"PHLDA1-DT",-0.692159666031318
"CHMP2A",-0.692435569263952
"USP33",-0.693334470609461
"KMT5AP1",-0.693634324054487
"LRRC8A",-0.695956615405295
"LRRC37A2",-0.697066472804578
"LINC02211",-0.697449553935694
"AK7",-0.698701766648202
"RAD51AP1P1",-0.698961439496324
"RPS25P9",-0.698961439496324
"MEIS3P2",-0.698961439496324
"SESN2",-0.699181002685398
"RPSAP53",-0.69933735112726
"EFCAB5",-0.699394893861289
"FAM219B",-0.700200421946094
"DICER1",-0.700249033362359
"PPIAP6",-0.70142454423928
"HLA-DRA",-0.701445452628231
"IL11RA",-0.701539567923388
"FLYWCH2",-0.702224092337641
"HMGXB3",-0.702494959647757
"SEC22A",-0.70325193025525
"ME1",-0.705428141239714
"SPTBN5",-0.706174064863602
"CHD8",-0.706330877396683
"RPL10AP2",-0.706556825373667
"ERRFI1",-0.706739319428461
"KDM4A",-0.706764573907244
"NDUFA4",-0.707066031818132
"RASL11B",-0.707276557709149
"LINC00857",-0.707530650731088
"DRAM2",-0.708321408210531
"TONSL",-0.708530950685768
"XPO5",-0.709377872361723
"RHOT2",-0.710052037072919
"TAF13",-0.710243486799232
"DEFB109D",-0.71190709417835
"ZFHX4-AS1",-0.71190709417835
"ZNF420",-0.71200427867515
"BSG",-0.712479855406612
"SP100",-0.712559899621329
"NRK",-0.712838368701071
"MVB12B",-0.714335321023749
"DENND2A",-0.715063690475237
"GRAPL",-0.715597813213266
"ZNF32-AS1",-0.717405990751802
"PRKRA",-0.718066472874788
"KYNUP3",-0.718941771134303
"MIR1244-3",-0.719511949784208
"RNU1-47P",-0.71997458848874
"ABCC11",-0.72007920208733
"MIB1",-0.720133830122826
"ADORA2A",-0.720138094047106
"SGMS1-AS1",-0.72043297888621
"DPH6-DT",-0.720526351517676
"DMPK",-0.721075547905882
"GLRX3P2",-0.721590653319141
"SCG3",-0.721858066858862
"RPS7P8",-0.722153791065907
"MIR548AA1",-0.722153791065907
"ASPA",-0.722153791065907
"TNS4",-0.722495912836121
"LINC03104",-0.722495912836121
"CFAP20DC-DT",-0.72384337392848
"UGGT2",-0.723879781458691
"LSP1P5",-0.724202839532807
"LAMTOR4",-0.724551634267212
"CNOT6L",-0.725180596058904
"NDUFB6",-0.72530545548999
"IK",-0.725372297616158
"RAB11FIP2",-0.725661822046722
"MAPK12",-0.725668923248401
"POMGNT1",-0.726795903113697
"RPS9",-0.727160840012807
"NCK1-DT",-0.727948574266844
"JPX",-0.727958577692845
"LINC00467",-0.73011830839141
"BNIP3P11",-0.731072999433117
"LINC02734",-0.731072999433117
"DISC1",-0.731207245312696
"SNORD100",-0.731626473721374
"MIR4729",-0.731648776861419
"MIR3199-2",-0.731648776861419
"CPSF2",-0.731975662448811
"DNA2",-0.73262505811083
"FREM2",-0.733319512190438
"SENP3",-0.733667802246915
"HAUS5",-0.734206671766426
"TMCO3",-0.734822562878663
"BRCC3P1",-0.735719905520283
"SPATA9",-0.735941736299715
"HCFC2",-0.737011516840461
"MCOLN3",-0.738018528826799
"NRAV",-0.738354338060734
"FDX2",-0.738508199972887
"DCDC1",-0.738831202376165
"RNF13",-0.739375900420361
"NELL2",-0.739814241671703
"ANKRD30BL",-0.740335746606925
"SEC23IP",-0.740835153793606
"GSS",-0.740866243328761
"KNOP1",-0.741315543063594
"CENPQ",-0.741699815231801
"MRPS26",-0.742538493639232
"LSM2",-0.742623140402033
"PPP1R13B",-0.743212013083948
"MYSM1",-0.744668208365621
"TRPM4",-0.745228780905583
"LINC00294",-0.745747505152588
"MTARC1",-0.746012552299246
"DDX31",-0.746266805455063
"POTEKP",-0.746814425517372
"FABP1",-0.747422685515857
"LINC01208",-0.747422685515857
"SUSD6",-0.748812354707135
"AMY2A",-0.749160569761941
"RBBP4P2",-0.749160569761941
"EEF1A1P33",-0.749160569761941
"BLVRB",-0.749214529089027
"ZNF287",-0.749767578604775
"KANSL1-AS1",-0.750286392605386
"ZFAS1",-0.75047569713939
"RNF135",-0.750979833173055
"RPL10P18",-0.751262129403156
"RNU6-142P",-0.751262129403156
"KIFAP3-AS1",-0.75259329611501
"ANKRD40",-0.75335506039887
"TMED7-TICAM2",-0.75364695005182
"PCNAP3",-0.75364695005182
"HKDC1",-0.754126265400041
"PSMD10",-0.754694702313623
"CCDC7",-0.754704985382044
"RNF141",-0.754888206300701
"ZAP70",-0.755142395175041
"SAT1-DT",-0.756286137624124
"NPM1P26",-0.757558386628891
"PLLP",-0.758580817344265
"RFX8",-0.75971427179206
"PRKD3",-0.76027193630222
"PDLIM4",-0.760854562342422
"EIF5B",-0.761165148737235
"MIR4435-2HG",-0.761766071067325
"C1orf216",-0.762652525563149
"RPL7AP66",-0.7628149473706
"RPS6KC1",-0.76299653441697
"RPUSD4",-0.7633082304905
"ST6GAL2",-0.763621155803077
"RPL29P11",-0.763712676158913
"CRTAP",-0.76474432904031
"SRI-AS1",-0.765161859179347
"PEX19",-0.765209975171686
"TGFBR2",-0.765817310609304
"PARVB",-0.766223034588414
"TPT1",-0.76645112560167
"MS4A7",-0.767140611655736
"LINC02832",-0.767710549053573
"VTRNA2-1",-0.767710549053573
"LHX2",-0.767710549053573
"SMARCB1",-0.768577904925268
"RETREG1",-0.769806649056659
"RANBP1P1",-0.771076427267234
"PROK2",-0.77128452308974
"SH3TC2-DT",-0.77128452308974
"EOLA1-DT",-0.77160969183824
"TRIP10",-0.772399824171527
"BCL2L1-AS1",-0.773325537569829
"U2SURP",-0.773591014309577
"ZNF322P1",-0.774162067571997
"LPAR6",-0.774354062978417
"ATP6V1C1",-0.774387843468924
"LINC01572",-0.774419573664518
"UBE2NL",-0.774577501283289
"FEV",-0.775511613965657
"KCNH7",-0.775511613965657
"RNU6ATAC26P",-0.775511613965657
"LRRC3B-AS1",-0.775511613965657
"IYD",-0.775511613965657
"TMEM14B-DT",-0.775511613965657
"ZNF415P1",-0.775511613965657
"TSC1",-0.775883972636817
"ATG9A",-0.776346266524808
"WDR54",-0.778224597760214
"APPL2",-0.778383499568263
"TK2",-0.778424148600312
"GNA14",-0.778609434986082
"MYHAS",-0.780158536331546
"OR9I2P",-0.780187462307093
"TMEM26-AS1",-0.780699163783517
"ABL1",-0.781423173298518
"HSPA8P1",-0.781941647379277
"ZNF438",-0.781991116082063
"HIVEP2",-0.78233556255863
"CHID1",-0.782749678690116
"PNRC2P1",-0.782908653565831
"STAM2",-0.783050925137611
"ODF2",-0.783605177293824
"RSF1",-0.785294892886514
"BUD13",-0.785674290197101
"GLTPP1",-0.785809445953826
"APOA4",-0.785809445953826
"ISYNA1",-0.787299284395895
"MRPL51",-0.787407074223825
"ATP5PBP1",-0.787438151408731
"DUSP5",-0.789594558041992
"SNORA28",-0.790729649086348
"SMAGP",-0.790731114423501
"RANBP3L",-0.791073512773617
"TAF12-DT",-0.792585230456442
"GALNT17",-0.793532668142343
"MTCYBP33",-0.793532668142343
"MTND6P33",-0.793532668142343
"UBIAD1",-0.794045517787555
"RNF14",-0.794203078419109
"FAR1",-0.794549633562206
"CMIP",-0.795106717491701
"TP53INP2",-0.796996446767086
"C15orf61",-0.798004843220149
"RHPN2P1",-0.79849747978275
"PHLDB3",-0.799164143508781
"RBMS3-AS3",-0.799674208233437
"FLICR",-0.800588191806701
"ING1",-0.800978943482133
"RPS27P8",-0.801153626464625
"IL17D",-0.80161828239883
"DUSP11",-0.80206992335165
"TSTD3",-0.802288861630332
"PSTK",-0.803050868947476
"SLC25A5",-0.804421221538019
"CALHM2",-0.804955465611914
"NDUFA11",-0.805025453493252
"AIFM3",-0.805387657298666
"ODAD3",-0.805811407209085
"RPS27P17",-0.806365185842311
"CLTA",-0.806389375814642
"GBP2",-0.806643138215021
"NTPCR",-0.806997983329373
"MARCKSL1",-0.807568446478187
"RNU6-1169P",-0.807730365397801
"RN7SL51P",-0.808014263812367
"ACAD11",-0.808029394765239
"UGT1A7",-0.808338023695056
"CALCR",-0.808338023695056
"CRPPA-AS1",-0.808338023695056
"ELF5",-0.808338023695056
"MIR1293",-0.808338023695056
"SUCLA2",-0.808828413199536
"EBNA1BP2",-0.809305110317932
"MDP1",-0.809666753971612
"HARS2",-0.810269538237187
"POLR2F",-0.81192497593722
"LRRN1",-0.811972029465686
"SHISA3",-0.811972029465686
"PSMC3P1",-0.811972029465686
"NUDT4",-0.812022234206057
"CHCHD7",-0.812351912922421
"RAMACL",-0.813148790656018
"SLC12A5",-0.813319513734872
"ATP5IF1",-0.813641274577016
"RPL15P2",-0.814156853786987
"SRR",-0.814603426451204
"TMSB4XP4",-0.814769063115197
"RPS13P2",-0.816217074919917
"BRIX1",-0.816842852473035
"MRPS33",-0.816865151787524
"ATP1A1",-0.816929174672995
"H2AZ1-DT",-0.817283203454597
"ARPC1A",-0.817543649328457
"ABR",-0.817671413483996
"MRE11",-0.817949944905448
"GOLT1B",-0.819268974067367
"BLOC1S4",-0.819539606649471
"COL27A1",-0.819635718873412
"HELZ",-0.820223950428385
"UGGT1",-0.821397695873071
"PDLIM5",-0.821579248160307
"CRADD",-0.821778246474809
"GLDC",-0.821881764730122
"SLC25A10",-0.821961537584031
"SNORD66",-0.822072829702625
"GANC",-0.822320980245913
"RASSF7",-0.823331486609945
"GORASP1",-0.824651218821796
"DUSP12",-0.824699384310452
"MTPAP",-0.82499594472937
"STON1",-0.826007210044274
"SCARB2",-0.826186274862573
"LLPH-DT",-0.826453782780354
"SMURF1",-0.826932915563558
"PRNCR1",-0.827168507802443
"ZNF189",-0.82961571995296
"PIAS3",-0.829779521226085
"ITIH6",-0.830619899703718
"GTDC1",-0.831093933112872
"FAM13A",-0.831519311895742
"MRPL48",-0.831978981589409
"DDN-AS1",-0.832607032647211
"SPIN4-AS1",-0.833026230287378
"CNDP1",-0.834088679327587
"TNFRSF1B",-0.834423443527173
"RPL26L1",-0.834518445766718
"LINC01360",-0.834752958968826
"LINC01519",-0.834752958968826
"DDX55P1",-0.834752958968826
"ZNF99",-0.834752958968826
"CCDC148-AS1",-0.835928409609032
"SKP1",-0.83648745020307
"PTCD3",-0.836599188976618
"GRB14",-0.83667059595777
"TM9SF2",-0.837190906984099
"RPL17P34",-0.837508402556472
"PHC2",-0.838264474088703
"RCN3",-0.839223714402587
"AIDA",-0.839223905318915
"COX7C",-0.839238580744168
"RPL27A",-0.839512310517409
"EEF1AKMT2",-0.839686083699403
"RPS3AP26",-0.839986412605004
"SNRNP25",-0.840511166066999
"MIR103A2",-0.840654171557041
"LINC01149",-0.841469835407772
"EIF2S2P4",-0.841567476549422
"SLC35F2",-0.842156989065593
"RTEL1P1",-0.842631863022634
"BEX1",-0.842721743319091
"ZNF566",-0.843415658247897
"DNAJB14",-0.843976514459357
"CALM2",-0.844206506530473
"FTH1P5",-0.844275347934237
"LARP1B",-0.84469136757724
"CCDC144NL-AS1",-0.84491289192047
"LINC02474",-0.845743701082377
"PGAP2",-0.84645833713279
"DCUN1D2",-0.846865813891258
"ENOX2",-0.847423959234492
"FAM216A",-0.847544739604792
"OR7E83P",-0.848050779625188
"ITPRIP",-0.84870341808762
"AEBP2",-0.848815198092443
"MFHAS1",-0.84938731962649
"SLC2A13",-0.849415957335394
"RN7SL378P",-0.849429247985848
"ATP1A1-AS1",-0.849481858535202
"COPS8-DT",-0.849799594655246
"PTPRH",-0.852175869699676
"FGF22",-0.852637401970762
"GPR157",-0.852935270355815
"EXOSC8",-0.853489237873003
"IRS3P",-0.853951595154597
"MIRLET7A1HG",-0.855006337589675
"RPS2P5",-0.855047473459344
"TTC16",-0.855278476362944
"NKILA",-0.8559430308212
"NDUFB4P8",-0.856253346293601
"TMCC1",-0.85741370706075
"FBXL20",-0.8582871006961
"HDAC5",-0.85834834452273
"CWC27",-0.85852851038721
"CPNE4",-0.860231035412665
"NME5",-0.860555281022534
"CTAGE8",-0.862992445603638
"RN7SL465P",-0.864190023707208
"LINC03006",-0.864419537072993
"BTF3",-0.865050614188295
"RPH3AL-AS2",-0.865271695583844
"PDHB",-0.865849498319407
"LRPPRC",-0.866760009635929
"SLC9A6",-0.866809783146238
"SNRPB2",-0.867128648311115
"IQCD",-0.867876587752122
"BARD1",-0.867882162278428
"ZNF814",-0.868240402241516
"ZDHHC11B",-0.868424686169595
"GRAP",-0.86898305648983
"UBE2A",-0.869508548401741
"PNP",-0.86971509830382
"ZNG1C",-0.873196583056518
"HCG4P8",-0.874059966161687
"CHRNA1",-0.874104636754718
"TYMP",-0.875232480740437
"NBPF1",-0.87550718671558
"PEBP4",-0.876716520162033
"FAM111A",-0.877026262883122
"RNF181",-0.877141363469825
"HMGN3-AS1",-0.877188516931145
"ATP6AP1-DT",-0.877488975985325
"RPS2P17",-0.877636608857516
"FGR",-0.878058501314398
"ZNF324",-0.87834353427501
"ASXL1",-0.878546516556756
"FOXRED1",-0.878615010274524
"PAXBP1-AS1",-0.879630167955414
"INHBE",-0.879794367545852
"SLFN12",-0.879890941318885
"NDUFB1",-0.880119289153419
"CBFA2T2",-0.880336882373618
"IFNG",-0.880387875925349
"RALGPS1",-0.880452502406628
"LTBR",-0.883002482150087
"DGKA",-0.88317441612359
"RPLP0P6",-0.883915954455587
"ZNF433",-0.883939579435201
"SELENOS",-0.884752518430937
"MIR101-1",-0.885420391601699
"TSPYL1",-0.886258668245247
"GOLGA6L10",-0.88684313558718
"RCCD1-AS1",-0.887153451184701
"RNF11",-0.887182857257762
"RNU6-1005P",-0.887449466424599
"FANCB",-0.887749203085365
"ZNF33A",-0.887893462133847
"MIR645",-0.88920843268354
"DDTL",-0.889239672207408
"GAR1",-0.89157237717225
"GOLGB1",-0.892299884473459
"S100A1",-0.893873558332663
"C1D",-0.896955720032715
"PPA2",-0.897611400229309
"TRIM52-AS1",-0.898883263225773
"LRRC37A4P",-0.899559879242547
"C3orf33",-0.900099814724684
"GTPBP2",-0.902362851717891
"RPL29",-0.902767491864714
"CSNK1E",-0.902868171040393
"ELP4",-0.905351878093365
"TNFRSF10B",-0.905494399928943
"PUS7L",-0.906195234100912
"KDM5C",-0.906466591358698
"SV2C",-0.906766399730433
"BTF3P4",-0.906766399730433
"OR5L2",-0.906766399730433
"EIF4A1P5",-0.906766399730433
"ADM",-0.9073771447384
"RPAP3",-0.909029142299611
"GGH",-0.90973871917439
"DMTN",-0.910851214505883
"SELENOF",-0.911105100064103
"KLC4",-0.911397910794309
"DPY30",-0.911957904083161
"HDAC2",-0.91219331256816
"PHTF2",-0.912318403547045
"TMEM68",-0.912817318567962
"LINC01255",-0.913728038525664
"SLCO3A1",-0.913998172306
"LETMD1",-0.914070824737422
"CEP57L1",-0.914090546227961
"SAP130",-0.915659856797893
"INO80B",-0.915924273364139
"MANBAL",-0.916989531430641
"ZNF354C",-0.917290668901559
"BBX",-0.917470128547451
"ZNF23",-0.918929319499915
"CADM2-AS1",-0.918959906685181
"RPS16P5",-0.920504586970014
"LINC01801",-0.920972997933308
"PITPNA",-0.922653672831038
"PIGO",-0.923057947667334
"BRPF3-AS1",-0.92715572797872
"UQCRC2",-0.928989373087759
"PTOV1-AS1",-0.93127768957389
"HINT1",-0.931771294436693
"TTF1",-0.931828225285519
"TRMT44",-0.932578711820094
"KIF5B",-0.932850090144455
"LDHA",-0.932983400992452
"NRG1",-0.933307923054205
"EIF3H",-0.933552440403533
"KCTD3",-0.933890793972527
"NAMPT",-0.934227232181183
"ANAPC2",-0.934673305477608
"MTMR2",-0.934831592353301
"CEP162",-0.935183075672894
"SUV39H1",-0.935188820752913
"VEZF1P1",-0.93519010084271
"ETF1P1",-0.93519010084271
"IPO11",-0.935873737608978
"PRXL2C",-0.936931877757579
"SFTPB",-0.93710433167719
"PGM1",-0.937122678744921
"RPL36AP8",-0.937217409369495
"NDUFC1",-0.937242304621284
"BPNT1",-0.937328940156234
"CFDP1",-0.93814522157291
"UVSSA",-0.939262751332454
"MTERF3",-0.93974992330913
"LINC01934",-0.940524733184521
"SNCAIP",-0.940524733184521
"RPL7P32",-0.94070101829839
"EFCAB13-DT",-0.940793308097697
"THBS1-AS1",-0.941726848534699
"LINC01275",-0.943284952178481
"MIF",-0.943492210998753
"BCAS4",-0.943944459628157
"FALEC",-0.944694573396302
"BMS1P14",-0.944955303459882
"RNU6-824P",-0.945326323350788
"CASC8",-0.945326323350788
"MAGED1",-0.946080093906524
"PAQR9-AS1",-0.94651658109879
"SIGLEC16",-0.946716312330301
"ZBTB24",-0.946740570261126
"MIR126",-0.946813962939547
"FGGY-DT",-0.947244862038602
"CFAP20DC",-0.949144626528535
"NDUFAF5",-0.95044267466414
"RPS23P8",-0.95138180465268
"TRAPPC13",-0.951746771804898
"FOXJ2",-0.954311239681518
"RDX",-0.954878751092089
"CCDC116",-0.957339618152938
"SPIRE1",-0.957614087399132
"FNDC3B",-0.958376291642756
"FAM91A1",-0.959140951773621
"MINCR",-0.959471145706058
"RETREG2",-0.961000668564597
"CTNNBIP1",-0.962015361531754
"HNRNPD-DT",-0.963342276836996
"NUPR2",-0.963906992616899
"CTDP1",-0.964901054844736
"LINC00967",-0.965885945134113
"CDHR2",-0.967219756147226
"CORO1C",-0.967737160692038
"ADH7",-0.969013148215076
"LRRC57",-0.970428403060863
"ADGRB2",-0.971039935793186
"KIAA0408",-0.971039935793186
"NDUFB9",-0.971314536613109
"GATA3",-0.971480845801989
"ZNF658",-0.971634105742942
"TACC1",-0.97170609796364
"MSMO1",-0.97293642037364
"TNFRSF13C",-0.974657152033259
"AKAP12",-0.975559633530916
"NKIRAS1",-0.975622921336275
"CCL24",-0.976021421681586
"ERCC6L",-0.977618628998938
"ZBTB46-AS1",-0.977618628998938
"LINC01668",-0.977618628998938
"DIAPH3",-0.978077456962143
"LINC02255",-0.978179230361503
"LINC02979",-0.978199548653959
"TBCCD1",-0.978300057264798
"PRXL2B",-0.980013065572278
"CEP164",-0.982828216279355
"PKHD1",-0.983043461660166
"ARID4A",-0.983950606347343
"ADA",-0.984953018480719
"TBC1D22A-DT",-0.986139694541458
"TMEM219",-0.98745613265067
"CEP44",-0.987632504622083
"BTN2A1",-0.988777582379053
"DDX56",-0.988914460641459
"IFI27L1",-0.989173755137648
"RBBP4P1",-0.989344931178829
"STOX2",-0.989379540806512
"GBP3",-0.99091960366787
"CECR2",-0.991218671425485
"ZNF594-DT",-0.991561185799452
"LINC01709",-0.991827332062173
"L3MBTL4",-0.992219883514659
"WASHC2A",-0.993442118562862
"APOL3",-0.993653755602337
"UGDH-AS1",-0.994055996760041
"HLA-T",-0.995366465374756
"ITPRIPL1",-0.995545446800941
"LINC02145",-0.995545446800941
"LINC02124",-0.995545446800941
"RDM1",-0.995545446800941
"PCID2",-0.995858249706279
"MED28P8",-0.99832392627486
"GABPB2",-0.999737701110261
"APLP2",-0.999840929462509
"LCMT1",-1.00110013846918
"H3C13",-1.00179297188338
"METAP2",-1.00214519518288
"ZMYND12",-1.00277115806803
"HNRNPA3P13",-1.00277115806803
"LINC01007",-1.00277115806803
"CCNB3",-1.00277115806803
"MTCO1P23",-1.00277115806803
"WDR87BP",-1.00277115806803
"MTND4P12",-1.00284824038027
"GABPA",-1.00309627756672
"RFXAP",-1.00313148246031
"VPS25",-1.00439355216256
"ZNF525",-1.00439590153677
"RPL12P6",-1.00453961885281
"CICP14",-1.00456689380525
"OR2A1-AS1",-1.00499670684589
"CASC3",-1.00605432919806
"CDKL2",-1.00685595191419
"EIF1AX",-1.00707838909388
"STAM-DT",-1.00766799338516
"RPL24",-1.00800108187535
"DTX3L",-1.00810641799437
"HMGB1P14",-1.00829175611111
"SYNCRIP",-1.00952165625039
"DPY19L3",-1.01189952420749
"PLEKHA4",-1.01348952120287
"LARP7",-1.01355602448169
"SNRPGP10",-1.01485023213845
"DDX60",-1.01497789443759
"HMGN3",-1.01568836634033
"LINC02898",-1.0159225495448
"LINC00520",-1.01616361379428
"USP16",-1.01673664260424
"CAPN2",-1.01679992837191
"NOP56P1",-1.01777643175667
"ACSL1",-1.01791973221371
"C5orf67",-1.01860119491981
"ZNF696",-1.02017985541892
"CACNA2D2",-1.02050059240341
"ATP5MK",-1.02152059058799
"LSM7",-1.02198992108332
"ARHGAP26-IT1",-1.02214028086035
"CARD8",-1.02227697169074
"ACTG1P3",-1.02415796718434
"TTC3",-1.02481485056364
"SNHG29",-1.02507196251307
"ELOC",-1.02756070368289
"SLC25A4",-1.02825732258658
"AUH",-1.02843430092273
"PDPK1",-1.02861102873108
"SYPL1",-1.02881114467025
"FAM184B",-1.0289779916836
"SRSF12",-1.03058239144233
"CYFIP1",-1.03199281908738
"TERF1P5",-1.03257650387643
"SLC7A14",-1.03332915655813
"RAB4A",-1.03357310169615
"BACE2-IT1",-1.03412606150792
"SLC35F6",-1.03469823256504
"PTTG1IP",-1.03475635370619
"MIR4434",-1.03526507255075
"CEP85",-1.03552103801648
"MYL12A",-1.03555541862224
"LRRC37A14P",-1.03657658922341
"CYP20A1",-1.03720727608038
"POP4",-1.0378509962461
"LUCAT1",-1.03806157594124
"DTWD1",-1.03872548628481
"RPL7P23",-1.04174969485204
"NEMP2",-1.04183705119683
"PTMS",-1.04200679360307
"PRSS3P1",-1.04332425767834
"TMEM59",-1.04413594327244
"ERP27",-1.04432538189793
"BCAR3",-1.04449006948044
"PPCS",-1.04468711380914
"SACM1L",-1.04504947523407
"NEDD8P1",-1.04526442971956
"NACC2",-1.04528225984014
"ZNF320",-1.04562748652714
"CD2AP",-1.04595465493434
"RPS12P27",-1.04735015482315
"ZBTB43",-1.04885624589233
"KDELR3",-1.04964903567285
"PIGCP1",-1.05110032350017
"EMC2",-1.05392116113204
"POGZ",-1.05791728536311
"TMEM41A",-1.05944116872856
"ADAM10",-1.05996124308671
"NDFIP1",-1.06032113848655
"RPL21P69",-1.06215367170284
"MRPL9",-1.06364542788478
"SREK1",-1.06492674909323
"NIBAN3",-1.06559171229534
"CORO2A",-1.06619666252902
"LINC02796",-1.06864140254134
"EI24P3",-1.06864140254134
"VWA2",-1.06864140254134
"LINC00708",-1.06864140254134
"SLC7A10",-1.06864140254134
"MAMLD1",-1.06934322349274
"KAZN-AS1",-1.07005617678044
"LYPLAL1",-1.07035974936147
"GSPT2",-1.07088933730956
"MEPCE",-1.07113233274899
"ARRDC4",-1.07218465842331
"KRBOX1-AS1",-1.07247280715085
"MRM3P2",-1.07267171638282
"LINC01975",-1.07345171256217
"PDE1B",-1.07399378026671
"RPS3A",-1.07621539419499
"CYSTM1",-1.07649644661
"RAB8B",-1.07663826952544
"MACF1",-1.07668924129774
"SLC43A1",-1.07742696014716
"EIF4A1P10",-1.07808975293267
"MT1G",-1.07852276335514
"MCTS1",-1.07903829660575
"HNRNPA1P39",-1.07915990246292
"TUBB6",-1.07951617503927
"UBR2",-1.07956230934101
"ATF5",-1.07964037642911
"MSRB1",-1.08015185336697
"RNF103-CHMP3",-1.08020269494213
"ZKSCAN7-AS1",-1.08040997081795
"OAZ3",-1.08269421642149
"GLO1",-1.08296571433045
"DCLK2",-1.08414755464703
"XPO4",-1.08614671352742
"CLHC1",-1.08672949662157
"SMAD5",-1.086997201905
"GAS6-AS1",-1.08720388324525
"SEC61A2",-1.08776554792885
"PTPRZ1",-1.08846565216085
"PPIAP11",-1.09027725509382
"NUP107-DT",-1.0913379849581
"OR6Q1",-1.09161554642446
"MTO1",-1.09310694723003
"TCEANC2",-1.09338327696645
"KIAA1614-AS1",-1.09387852448206
"LILRB3",-1.09419740345178
"YIPF7",-1.09541164111679
"GAS2L1",-1.0957580949979
"SLC35C1",-1.0959343364853
"C3orf52",-1.09614287626773
"TBL1XR1",-1.09639420746362
"UPK2",-1.0980230224914
"DND1",-1.09831559687671
"NEDD8",-1.09908862204171
"ESD",-1.10186994687481
"IGBP1-AS1",-1.1023754926674
"RNA5SP380",-1.10280462928494
"MED8-AS1",-1.10294164264496
"MIR624",-1.10457742199969
"DSG3",-1.10502478533819
"GSTP1",-1.1053539652675
"RPL7AP22",-1.10571927583984
"SMAP1",-1.10737435139019
"TOMM7",-1.10762050688096
"CTAGE4",-1.10787658365441
"CCR6",-1.10810232057636
"RPL30-AS1",-1.1098806729265
"IKBIP",-1.11115037306499
"PRPF19",-1.11157701349925
"CRY2",-1.11235646911282
"MZT2A",-1.1124282227153
"RDH14",-1.11266694313827
"JUP",-1.11321124666277
"WBP4",-1.11331712578837
"OXGR1",-1.11470152576748
"TOR1AIP2",-1.11532788697542
"C1orf210",-1.11569180625192
"CBARP-DT",-1.11575322736802
"RASA4DP",-1.11637412003422
"SOCS2-AS1",-1.11778823171851
"LINC02576",-1.11855613482825
"LINC01829",-1.11855613482825
"ADRA2C",-1.11855613482825
"LTB",-1.11889241197657
"TIA1",-1.12071315336625
"ELP3",-1.12118195245733
"YWHABP2",-1.12457183723042
"PLGLB2",-1.12464016934807
"ENDOG",-1.12516088723902
"PCYOX1",-1.12660340154669
"IZUMO4",-1.12665913842992
"COX6A1",-1.12733281506492
"POLK",-1.12792381178667
"ACAD9",-1.12884809784236
"SLC41A2",-1.1293188856933
"RNU6-1228P",-1.13088901412694
"LYSMD2",-1.13099771007854
"RNU6-1316P",-1.13300376449473
"LINC00159",-1.13337747295555
"MRPS10",-1.13349155021202
"RPL9P32",-1.13487593851457
"MPPED1",-1.13491464309812
"UBE2K",-1.13652448489464
"MIR1972-1",-1.13657441946118
"NAP1L4P3",-1.13658769209616
"NFE2L1-DT",-1.13708147603335
"ARHGEF12",-1.13769072694022
"TEAD2",-1.13779667336683
"LGALS3BP",-1.13853854679247
"LRRC71",-1.1388334093537
"CTDNEP1P1",-1.14026569574837
"RNU4ATAC11P",-1.14026569574837
"TCEAL1",-1.14144690778829
"TBCA",-1.1414711095713
"RPL38",-1.14225173480394
"SHMT1",-1.14264411857496
"ENTR1",-1.14326902595918
"TSKU",-1.14357772745416
"ABCA5",-1.1440266888225
"LINC00339",-1.14464323210641
"CCND1",-1.14490332398513
"ECI2",-1.14896844523316
"TUBG2",-1.14899513383027
"DST",-1.14988787135756
"BOLA3-DT",-1.15209413152011
"SEC61G",-1.15311991523631
"DLEU1",-1.15340140857324
"TPP2",-1.15386491946973
"NUDT19",-1.15397166598928
"PFDN1",-1.1540011628992
"ITPK1P1",-1.15468665274804
"BTF3P9",-1.15852301050106
"SAP30P1",-1.15852301050106
"DST-AS1",-1.15852301050106
"PPIAP31",-1.15919882832252
"NDUFS6",-1.15966691784047
"RPS6P25",-1.15981956683711
"SAMD12-AS1",-1.1601177786763
"FAM225B",-1.1601177786763
"NEFH",-1.1601177786763
"GOLGA6EP",-1.16078169684464
"NR1D1",-1.16284955705644
"ITM2B",-1.16296174787162
"NCOA7",-1.16512728679875
"GSEC",-1.16526953934602
"GMDS",-1.16548213488729
"RNU6-8",-1.16756924661608
"SLC4A7",-1.16765598243536
"NOL7",-1.16798168142883
"LDHD",-1.16902518080853
"ZC3H7B",-1.17094832886951
"PGM2L1",-1.17121326964756
"SEC63P1",-1.17188473914864
"SNAP23P1",-1.17301669893437
"APOO",-1.17328777672006
"HCG4B",-1.17342991389941
"KRT8P15",-1.173876569945
"EPHA1",-1.17503142993365
"ITFG1",-1.17566706641551
"DSPP",-1.1757839325569
"ATP5MFP4",-1.1757839325569
"PPP1R9B",-1.1762210843007
"PAK1IP1",-1.1762656376079
"TRAF3IP1",-1.17632274077218
"TRIM62",-1.17684967639644
"GBP6",-1.17727411351418
"MIR581",-1.17735277618265
"ZNF611",-1.17795103055527
"EEF1A1P16",-1.17889055146384
"CERKL",-1.18097023345155
"PPP1R7",-1.18215621281975
"IAH1",-1.18315040096124
"LSM10",-1.18490601287324
"LINC01724",-1.1849922084054
"RPL17P29",-1.1849922084054
"SLC47A1P1",-1.1849922084054
"PSPN",-1.18697025007145
"ZFYVE21",-1.18744375952046
"ZDHHC18",-1.1874578045624
"TMEM258",-1.18804189188088
"MIR3667HG",-1.18908850280575
"TNRC6C",-1.18978440649618
"EEF1AKMT3",-1.18995642234907
"COPZ1",-1.19139079986428
"PYCR1-AS1",-1.1937864693501
"FGD5-AS1",-1.19394771692766
"HSPA4",-1.19476526687715
"ZNF439",-1.19506512069086
"LINC01965",-1.19670563099589
"CPEB3",-1.19692753851782
"C3orf36",-1.19722377586519
"KIAA0232",-1.19732141940732
"SCYL2",-1.20146579703968
"BRI3",-1.20150331460173
"DNAJC8P2",-1.20163484569502
"TCEAL8",-1.20178356485874
"SMCO2",-1.20279000560373
"EXOSC7",-1.20339078544091
"ZNF783",-1.20443718874386
"HMCN2",-1.20473898423816
"LINC02937",-1.20708772174277
"LRRC7",-1.21066074053322
"SCAANT1",-1.21139407059867
"BRPF3",-1.21175249938572
"RGS12",-1.21395580784098
"ATP5MC3",-1.21536849354587
"RRS1",-1.21537941272583
"BTF3P10",-1.21565187834978
"FCGR1A",-1.21571769163291
"TNFSF10",-1.2162391423708
"CYB561A3",-1.21814868337986
"SCRG1",-1.2199786336423
"TMEM50A",-1.22043038531235
"GNL1",-1.22138318124112
"RNU6-1098P",-1.22140623829951
"LINC02687",-1.22193356851816
"FOXN2",-1.22194865075844
"ZNF565",-1.22334159112127
"LSM8",-1.2238262396867
"SPPL2A",-1.22399867711953
"CALM2P3",-1.2243647097545
"SLC26A6",-1.22529087638476
"SEPHS2",-1.22623724165964
"TTC28-AS1",-1.22645964228366
"FSIP1",-1.22791469044228
"LINC03011",-1.22891129903603
"LINC00997",-1.22936319147488
"CSTL1",-1.22936319147488
"APAF1",-1.22986946700092
"LINC01480",-1.22989615917948
"CLN6",-1.23017878006122
"BMAL2-AS1",-1.23117643902593
"RNF5",-1.23164482332604
"PRH1",-1.23321512000508
"NDUFS1",-1.23553744188756
"MAPKAPK2",-1.23596494579861
"ECI2-DT",-1.23626324641682
"TRIM35",-1.23637964852182
"UBXN2A",-1.23830704854135
"LIX1L",-1.23933065716208
"TMEM267",-1.23935346115136
"MROH6",-1.2398036861539
"RNA5SP91",-1.24136670185594
"PSMB5",-1.24225495993397
"STARD4-AS1",-1.24243789807488
"OGT",-1.24302480258984
"PSME3IP1",-1.24322246952055
"VLDLR",-1.24340260085046
"MYL6P5",-1.24366517432588
"HOXD3",-1.24389926493728
"LGMNP1",-1.24548515882957
"CSTA",-1.24607929235904
"FAM3C",-1.24678951310276
"ACTG1P11",-1.24717166034666
"SCP2",-1.24819542092486
"RPL41P2",-1.24856000541741
"CENPS",-1.24957120493675
"CBX6",-1.25256083590659
"TMEM39B",-1.25258709507819
"C16orf95",-1.25445825073067
"LINC02328",-1.25488190053137
"TMEM108",-1.25489829793147
"MAMDC4",-1.25499334094531
"SRP14P2",-1.25618280676375
"FZD2",-1.25953747036017
"MSNP1",-1.25971040977612
"ASB14",-1.25999605482508
"JPT2",-1.26021243592505
"TRPM7",-1.26048726867744
"RPS15P4",-1.26091794380395
"ANP32BP3",-1.26235810923354
"AAMDC",-1.2640664729957
"PHACTR2",-1.26431409224292
"SCARF1",-1.26559740425806
"RGS5-AS1",-1.26607707268317
"GFER",-1.26715785021406
"YIPF5",-1.26889645951232
"ABHD18",-1.26899311109076
"WDR76",-1.26935976469024
"FTH1P16",-1.27029542080827
"PET100P1",-1.27126894729668
"KYNUP2",-1.27128143081306
"ZRSR2",-1.27179637383537
"ITFG1-AS1",-1.27197229854996
"UBFD1",-1.27258730175584
"DCAF10",-1.2742565091584
"EIF4E",-1.27701347591629
"DDX50P1",-1.2778050126919
"LRRC15",-1.2778050126919
"ZKSCAN8P1",-1.2778050126919
"FUT8-AS1",-1.27781368536008
"OSTM1",-1.27870439865414
"RPL7AP70",-1.27979684055193
"SPATS2",-1.27984953173843
"PEDS1",-1.28029524116161
"PPP1R16A",-1.28362824391078
"FKBP1A",-1.2854445434999
"RAD54L2",-1.28687076570657
"GOLIM4",-1.28744043653052
"HOXB2",-1.28746173841837
"NREP",-1.28770000569343
"RPS15",-1.28788264982092
"IFI44",-1.28823666452181
"ENPP7P4",-1.29010489848671
"C8orf33",-1.29033132370636
"HCP5",-1.29124394626736
"KRT6C",-1.29203155321978
"VPS52",-1.29284251149548
"OCIAD2",-1.29304685576162
"SEC24B-AS1",-1.29333638431283
"RNU2-68P",-1.29386908457938
"RPL21P16",-1.29503349701084
"APC2",-1.29639482819431
"SPINT1-AS1",-1.29742904505754
"CABLES2",-1.29825108369748
"NME1",-1.29994499254777
"CPD",-1.30008019129226
"ASAP1",-1.30010249694009
"APOM",-1.30023584752659
"DPY19L1P1",-1.30048067127907
"CHTOP",-1.30156055355272
"RPL26P19",-1.30388965473119
"RAB2A",-1.30611431520638
"GPR174",-1.30668826779564
"ANGPTL8",-1.30668826779564
"ZNF655",-1.30678542461753
"CASZ1",-1.30982928544153
"WDR18",-1.31039675556114
"BICDL2",-1.31509145699124
"NET1",-1.31521259657995
"HNRNPU",-1.31604937039489
"CMTM5",-1.31746439093785
"MAP3K12",-1.31850531982796
"SLC25A30-AS1",-1.31868587658253
"ATP5PD",-1.31879642010507
"NPC1",-1.3191594516886
"LINC02550",-1.32128220316115
"H3-3A",-1.32271234510262
"ZNF501",-1.32520445263966
"RPS7",-1.32538092960653
"KIF3A",-1.32780910915299
"WEE2-AS1",-1.32789775100779
"ST3GAL2",-1.32799319400482
"RPL38P5",-1.32803484482444
"FOXO6",-1.32832804905547
"SMOC1",-1.32832804905547
"NDUFA12",-1.33053012703707
"IGSF6",-1.33234525440947
"BAIAP2-DT",-1.33463801783617
"SEMA6D",-1.33471188128422
"EPB41L4A-AS1",-1.33500621539525
"PLPP1",-1.33548219385749
"ENEMAL",-1.33562496699638
"COPS2",-1.33595860872776
"PRKN",-1.33613403736042
"MIR4740",-1.33717276934989
"RPS26",-1.3379217451678
"BDNF",-1.33929077600283
"DHX37",-1.34222029904633
"RNU4-80P",-1.34413210801944
"TIPIN",-1.3451277069799
"CNOT3",-1.34639808958806
"ARL4D",-1.34742103580367
"PFDN2",-1.35001014583855
"MPHOSPH10",-1.35013105733344
"CIRBP-AS1",-1.35176505430121
"MIF4GD",-1.35268046047453
"SNORA33",-1.35279488765906
"N4BP2",-1.35343306471021
"MARVELD1",-1.35411321233373
"NOC2L",-1.3545596318572
"TWF1P1",-1.35498329350067
"BATF3",-1.3552751262911
"MRGBP",-1.355505285727
"PHLPP2",-1.35605718752169
"MTFMT",-1.35717902121132
"ABL2",-1.35730492829901
"CHTF8",-1.35746832944038
"AKR1C1",-1.35760909810333
"ADGRL3-AS1",-1.35834297129759
"GSN",-1.35837549549772
"MIR320E",-1.35907922053491
"GALNT4",-1.36018438210344
"RPS28P7",-1.3605408228602
"PCDHAC1",-1.36176307618489
"LRP12",-1.36207437825769
"YAP1P2",-1.3632019698724
"CDC42-AS1",-1.36365534028415
"ACOT1",-1.36435625388271
"EVA1C",-1.36634394454975
"CFAP53",-1.36707379475914
"NCOA3",-1.36726648465939
"CFP",-1.36789229086959
"RPL23P6",-1.36964836531039
"UNG",-1.37096858256876
"HEG1",-1.37329456995869
"KRT75",-1.3734527385664
"LBHD1",-1.373729915587
"CLCN4",-1.37502453219332
"GAU1",-1.3759645834864
"RALGAPB",-1.37616655158453
"ORC3",-1.37680698166243
"RNY4P24",-1.37753906003266
"LINC01433",-1.37753906003266
"RAB3A",-1.37805645558996
"IL19",-1.37821111920502
"DGAT2L6",-1.37821111920502
"PPIAP70",-1.37854405252411
"PPIAP71",-1.37854405252411
"CERS6-AS1",-1.37983222910546
"KIF3C",-1.38159530463339
"ATL3",-1.38237326347488
"ARF4",-1.38245438725226
"SULT1A2",-1.38354547320308
"NKD1",-1.38525831067619
"EBLN2",-1.38775847161067
"PCDHB1-AS1",-1.38849663264974
"CROCC2",-1.39017932503755
"GIGYF1",-1.39039354237587
"R3HDM1",-1.39164674276785
"RCOR1",-1.39255359951423
"ZFP69",-1.39298025195998
"C1GALT1C1",-1.39439458728281
"DMAC2L",-1.39488690972297
"MMEL1",-1.39672442995127
"LRRC75A",-1.3968519631292
"ZNF675",-1.39735463289659
"PCGF6",-1.39799069410339
"SQLE",-1.39848524901547
"RNU6-946P",-1.39949403048717
"OTULIN",-1.39973569543001
"HPS5",-1.40067390955999
"ACTR10",-1.40193679823127
"RFX3",-1.40285800295065
"CD79A",-1.40292693607405
"LINC02831",-1.40387684948464
"ISCU",-1.4063675344484
"RPL6P31",-1.40702061415915
"LINC00636",-1.40702061415915
"LINC01477",-1.40702061415915
"H2AZP2",-1.40737706384908
"RHOA",-1.40743104529078
"H2AC6",-1.40832708147914
"RTKN",-1.40851950729841
"NEBL-AS1",-1.40870165881588
"LCK",-1.40936682309253
"DBF4B",-1.41172528781286
"AP5M1",-1.41243884178882
"HHEX",-1.4131077172495
"ARHGAP11A-SCG5",-1.41414415830665
"FBXO48",-1.41532805735133
"SPRED1",-1.41573509221968
"SCAI",-1.4160141703837
"RPL35",-1.4165279494063
"HAND2-AS1",-1.41761417579756
"PRDM8-AS1",-1.41876316191881
"SUCLG2",-1.41879569742771
"EIPR1",-1.4189263828195
"SLC25A30",-1.42088223856258
"MANCR",-1.42249772363317
"TMT1B",-1.42310554985342
"ARHGAP42-AS1",-1.42430973125598
"GIMAP6",-1.42567167511672
"RPL18A",-1.42622755292056
"METTL5",-1.42744290357518
"SERPINA1",-1.42746298508083
"RAC1",-1.43155661573516
"MRPL43",-1.4315866927788
"WDR35",-1.43322766784899
"LIX1L-AS1",-1.43369817625324
"CCDC168",-1.43823447786415
"RBIS",-1.44281909175582
"HP1BP3",-1.44365602869661
"ATP5MJ",-1.44538927078804
"NINJ2-AS1",-1.44542279767694
"PRPF6",-1.44663474699655
"MT-TV",-1.44680656535985
"COA6-AS1",-1.44712284289431
"LTV1",-1.44757117677352
"CPSF4L",-1.44781200200775
"ARMC2",-1.44889333179214
"MRPL2",-1.44913438978824
"RPL23AP42",-1.45317642797681
"ADAP1",-1.4539144401369
"SMIM13",-1.45493847044582
"SEC22B",-1.45529547742077
"SINHCAFP1",-1.45568652563788
"SERP2",-1.45672237684651
"PPM1B-DT",-1.4582421731318
"RPS11P5",-1.45934361769138
"EEF1A1P38",-1.4605552211303
"H2BC18",-1.46125031769084
"MED25",-1.46199075896622
"PDLIM2",-1.46471862356416
"RNU6-1024P",-1.46535440901173
"RNU6-869P",-1.46608720616543
"CDC6",-1.46784705646925
"NAV2",-1.46794789107691
"ZNF385A",-1.46917773335113
"GABARAPL1",-1.47060920853768
"SRMP2",-1.47265315223175
"IPO9",-1.47759583077277
"RAB43",-1.47817324425872
"CHRM1",-1.47817324425872
"RPS27A",-1.47873602222197
"XPO6",-1.47912440339279
"WFDC3",-1.47967493489363
"TMEM51-AS1",-1.4812279938148
"AGBL5",-1.48277226270147
"HSPA13",-1.48423296787477
"CLEC12B",-1.48471020981447
"LINC00652",-1.48564469468977
"IMPDH1P7",-1.48726875328892
"DGKZP1",-1.48794717498389
"OXR1",-1.48814506222481
"PLOD3",-1.48824922495399
"KIAA0825",-1.4888007010118
"RPS13",-1.48933101317082
"RDH5",-1.49026316672722
"KMT5A",-1.49083911534862
"DNAJA3",-1.49194995712402
"LGALSL",-1.49283281691276
"TRBJ2-5",-1.49474448370213
"MIR6759",-1.49520817210925
"SLC25A34",-1.49542054110128
"TMEM109-DT",-1.49579974157655
"CBLL1-AS1",-1.497748430397
"UTRN",-1.49821796785515
"MIR22HG",-1.50027981586271
"METAP1",-1.50055632760623
"RNU2-5P",-1.50226077362762
"HEPHL1",-1.50309793877915
"B3GALNT1P1",-1.50422304428489
"TULP2",-1.50506371805675
"ATXN7L3B",-1.50544891065741
"RNASEH1-DT",-1.50769042826112
"POLD3",-1.5088525273204
"MED13L",-1.50945319483397
"ACACA",-1.51024565790363
"LINC01618",-1.5111142484286
"SLC25A25",-1.51158284557964
"SLC23A2",-1.51207622380776
"SERHL2",-1.51236555332701
"SYNGR2P1",-1.51328057883227
"ZNF850",-1.51345784777723
"GIHCG",-1.51353370536189
"STAU2",-1.51508308968218
"TAX1BP1",-1.51547636796094
"SPRY3",-1.51579103905803
"HIF1AP1",-1.5160248411431
"ATP5F1EP2",-1.51693909856705
"F11",-1.51948636932966
"WNT8B",-1.51948636932966
"GAL",-1.51983896013023
"PUS7",-1.52119594612588
"LINC00847",-1.5266128476938
"LACTB2-AS1",-1.5270284964143
"C2orf69",-1.52944492143548
"DCBLD1",-1.53264561790275
"HAT1",-1.53611985862899
"SRSF3P1",-1.53637027256711
"EDIL3",-1.53818501936509
"APOL1",-1.54000570421089
"ETV6",-1.54006643751535
"SYNJ2BP",-1.54125506460382
"LANCL1",-1.54170822093366
"BBOF1",-1.54189309411268
"CNTNAP3C",-1.54283242315815
"CALN1",-1.54312165302696
"SLC8B1",-1.54356326769917
"ABCG1",-1.545285326822
"HSP90AB4P",-1.54642504515102
"ARHGAP40",-1.54787007282679
"ROM1",-1.54994853364032
"SNORA46",-1.55018893368022
"MYLK4",-1.5515413310202
"LINC01820",-1.55216901099315
"XPO1",-1.55260374140931
"LCN1",-1.55279645278614
"ERO1A",-1.55355565930074
"NAB1",-1.55412950627218
"GABRP",-1.55545539861883
"GOLGA8H",-1.55577540174522
"BUD13-DT",-1.55811635933381
"SS18L2",-1.56224857683614
"ANXA2P1",-1.56274145821232
"A2M-AS1",-1.56298700705709
"RPL7AP65",-1.56323577122655
"FBXO32",-1.56329081033496
"ST13P15",-1.56458585115006
"THORLNC",-1.56816584616738
"RNU6-529P",-1.56816584616738
"LKAAEAR1",-1.56816584616738
"ZNF74",-1.56816584616738
"PPP2R5A",-1.56867273068325
"TNFRSF10A",-1.56907504188396
"NUCB2",-1.56982109070934
"PDCD11",-1.57012149112071
"STRADB",-1.5708535929753
"ZNF141",-1.57229740190486
"ZNF114-AS1",-1.57289252619213
"RHD",-1.57599324635873
"SRPRB",-1.57614865138577
"MTREX",-1.57783985285222
"PKD1-AS1",-1.57829148627742
"ALDH9A1",-1.58138583553881
"RNU6-998P",-1.58146295147683
"YPEL4",-1.58299335565355
"MAP1LC3A",-1.58314582074534
"NPM1P39",-1.58320162233816
"C4orf3",-1.58415534101232
"MCCC2",-1.58417746534713
"MATN2",-1.58424878576602
"HULC",-1.5872025468905
"SPATC1L",-1.58726244688816
"PPP1R12A-AS1",-1.58821166199429
"UQCR11",-1.58943022103871
"NBPF9",-1.59001400754289
"CCR5AS",-1.59049943254425
"XYLT2",-1.59075031379554
"LINC01128",-1.59080039582327
"LINC01836",-1.59205630443919
"PTMA",-1.59226604745884
"SPOCK2",-1.5940308345563
"HAUS4P1",-1.59586626158083
"CACTIN",-1.59784745777167
"LINC02773",-1.59905605317653
"ENPP1",-1.59917329730402
"ZNF891",-1.60177913932686
"SRBD1",-1.60285152333238
"MPEG1",-1.60364644731935
"RRBP1",-1.60891446225507
"HERC2",-1.60948905293741
"RPSAP70",-1.6099558981293
"ZNF343",-1.61160346093173
"HRAS",-1.61417681224656
"HERC2P4",-1.61690777638512
"TSPAN3",-1.61712852119427
"HOXD1",-1.61739903230544
"TMEM222",-1.61959365796835
"RPL24P2",-1.62021025743943
"SAP30BP-AS1",-1.62128285444172
"EEF1A1P22",-1.62142695245639
"LINC02728",-1.62143723674248
"LYPLAL1-DT",-1.62268299647228
"PDCD6-DT",-1.62330749833644
"RPS8P10",-1.62330969482221
"TMLHE-AS1",-1.62375784651375
"TEKTIP1",-1.62607487651976
"SNHG32",-1.62712653824556
"TAF12",-1.62759938883533
"TRIL",-1.62958486337527
"PRELID1P5",-1.62963670955301
"PAIP1",-1.62975101128887
"RPL26P37",-1.6298266405322
"POLR2KP1",-1.63092392232787
"MIR4665",-1.63156936153657
"BCCIP",-1.63165902942997
"ZEB2-AS1",-1.63183123753078
"CFHR1",-1.63261268767123
"VASH2",-1.63304892335052
"LRRC25",-1.63432430065005
"COPG2",-1.63611247101929
"SDC4",-1.63760184241973
"BMP8A",-1.63787160042482
"YBX1P10",-1.63947803355347
"SCAT2",-1.6434877703252
"ZNF570",-1.64602549657186
"SETP14",-1.6471488596927
"TBCAP1",-1.64792531400068
"GRIN2B",-1.64847684686897
"PCBP3",-1.64847684686897
"SHISA4",-1.64917444188061
"CRYZL2P-SEC16B",-1.65428567660112
"ERRFI1-DT",-1.65459845100035
"NPM1P19",-1.65586256871246
"RPS21-DT",-1.65586256871246
"ERBIN",-1.65594370497695
"RPL11",-1.65625950848375
"ANKMY1",-1.65643727029545
"LONP2",-1.65738015605734
"RN7SL370P",-1.65746055071997
"LINC02312",-1.6582079977579
"TMEM123",-1.65949349223179
"MLF1-DT",-1.65960698572497
"STX10",-1.65976788283028
"CTU1",-1.6601543591718
"NXT2",-1.66058778079134
"RNU6-272P",-1.66075955414931
"AKR7A2",-1.66153644602441
"RPS6KA4",-1.66184994636287
"CATSPERE",-1.66201649556703
"MS4A5",-1.66209749361186
"LINC02408",-1.66209749361186
"HSD11B1L",-1.66504486677111
"ROMO1",-1.66505498050756
"TRA2A",-1.66822185748878
"TIGD6",-1.66895162085769
"GINM1",-1.66991231028664
"MIR6090",-1.67033168632228
"PRMT5-DT",-1.6718533382901
"SIRPG",-1.67314831792282
"SNHG25",-1.67334113730945
"KLF7-IT1",-1.67644675692834
"SH3TC2",-1.6768537965448
"SMAD1-AS2",-1.67806852211385
"TMED8",-1.67846949342967
"MTND5P33",-1.68014447620779
"SH2B2",-1.68185109134657
"DSTNP1",-1.68400604055667
"PYCR1",-1.68981753286207
"ISY1",-1.69027632525668
"UBXN4",-1.69055029460296
"SLC48A1",-1.69099072695139
"PTGDS",-1.69198123468291
"HACD3",-1.69300360526305
"TPM4",-1.69561077820748
"PIGM",-1.69588102975621
"GPNMB",-1.69617161255305
"SNORA11F",-1.6962604921844
"USP34-DT",-1.69781155845084
"IRF2BP2",-1.69784555401022
"HAUS6",-1.69851606461223
"ZBTB11",-1.69853401987936
"GOSR2",-1.69987231859815
"CCDC85B",-1.70225547051589
"NAGS",-1.70255123997231
"RNF125",-1.7042453821996
"LINC01798",-1.70541478035256
"CFL1P4",-1.70625740642942
"BPTFP1",-1.70625740642942
"SSBP2",-1.70675983552332
"TYW1",-1.70704360458993
"MPC1-DT",-1.70818662097207
"ZC3H12C",-1.70880686851686
"MIR558",-1.70941602476098
"TCF15",-1.70941602476098
"SMIM20",-1.71062623950213
"SNAI1",-1.7112588650283
"FEZ2",-1.71179562263055
"LINC02199",-1.71204916669344
"MIR3945HG",-1.71684235651846
"DIAPH2",-1.71735188987631
"ZNF280C",-1.71916198651492
"CCDC124",-1.72054621617339
"RPL36",-1.72134024913658
"DLST",-1.72160586088087
"GDPGP1",-1.72648573788133
"CATIP",-1.72725059044775
"USP31",-1.72731718333781
"NOP10",-1.72771773945646
"ZFP36L1",-1.72771998990404
"RNU6-510P",-1.72865851908418
"SDHAF1",-1.73062275169135
"HCG27",-1.73179094470731
"POLA2",-1.73233670833433
"TMEM44-AS2",-1.73248478474834
"SNORA59A",-1.73279146104532
"TRABD2A",-1.7337704720538
"KCNQ4",-1.73708652559012
"LY9",-1.73708652559012
"MAL-AS1",-1.73708652559012
"RPL18",-1.73724315764258
"MPHOSPH6",-1.73952746092011
"TRAK1",-1.74039613928006
"WASHC1",-1.7404604750956
"MIR27B",-1.74390429904054
"LINC01943",-1.74497755452276
"WIZ",-1.75240376605361
"KIF28P",-1.75486580308475
"TMEM30A",-1.76026195526879
"RPL26",-1.7608272800529
"LINC02354",-1.76243807408202
"KCNJ6",-1.76243807408202
"SLFN12L",-1.76353967204815
"AGRN",-1.76358098591266
"MYL6B",-1.7681421106273
"B3GNT9",-1.76961712364099
"SNED1",-1.76976350532453
"LINC00862",-1.76997390134123
"EPHA5",-1.76997390134123
"ZNF180",-1.77142362922439
"DOC2B",-1.77150267074375
"FOXD3",-1.7723415178758
"RNU1-109P",-1.7723415178758
"HEATR5A",-1.77241099512813
"DAD1",-1.77268961703756
"EEF1B2P3",-1.77281203970386
"RNU6-230P",-1.77332446280972
"TRAV21",-1.77332446280972
"ECHDC2",-1.77403623077961
"RPS18",-1.7746371315565
"PPP3CA",-1.77551402632202
"POU2F1-DT",-1.77683650428274
"ZNF84",-1.77809058864831
"CEP126",-1.77823846280463
"UIMC1",-1.7785075465699
"SLCO4A1-AS1",-1.77851703888894
"DHX40",-1.78009154758765
"ERMAP",-1.78371565333015
"AGT",-1.78437096406219
"LINC01344",-1.78451864885351
"GGT1",-1.78477506126318
"PTEN",-1.78600078438251
"RNA5SP310",-1.78865122779188
"HNF4A",-1.78946542776095
"NTAN1",-1.79235962226052
"COX7A2",-1.79312156676387
"TUBE1",-1.79596328179534
"FARSB",-1.79676307912666
"ARTN",-1.79956400640175
"PNMA8C",-1.80042271647699
"MRI1",-1.80100886139364
"USP46-DT",-1.8021310057586
"RNF213",-1.80367099631536
"ACAT1",-1.80502150829119
"ARHGEF7",-1.80551864171979
"DECR2",-1.80656919657747
"GABARAPL1-AS1",-1.80791578744595
"CNKSR3",-1.80815535435504
"ADAMTS12",-1.81016421953673
"ZNF641",-1.81032580353804
"SDHD",-1.81054487013183
"CDK8",-1.8108991469817
"SPHK2",-1.81136915492215
"ALDH8A1",-1.81469110062411
"SCPEP1",-1.81497438718324
"LAPTM4A-DT",-1.81645990266241
"PPP1CB",-1.81694451270302
"OS9",-1.81738486878111
"RPL13AP6",-1.81835439297092
"MRPL27",-1.81897644707799
"DSN1",-1.82172323761088
"SLFN13",-1.82495901240271
"P2RY1",-1.82555451197898
"ZNF587",-1.82596377533655
"RBM33-DT",-1.82743619224378
"LINC01505",-1.82814157675242
"MAK",-1.82815497326508
"PCMTD1",-1.82997721586966
"COX6B1",-1.82998697123919
"RPLP1",-1.83512756269077
"ZC3H8",-1.83528772230928
"JAZF1-AS1",-1.83608640598984
"KCNH3",-1.83686656526027
"ANKRD22",-1.84022648080059
"LINC02603",-1.84067791157555
"ARNT",-1.8408760714408
"TRAPPC2L",-1.8420407781785
"CHRM3-AS1",-1.84246221516123
"RIOX2",-1.84880553358782
"ERICH1",-1.8495117170869
"VASH1",-1.84971442095556
"ITCH",-1.85017932999874
"SEMG1",-1.85152426637098
"TBL2",-1.85581458933292
"ANGEL1",-1.86051586030799
"C21orf58",-1.86449421515386
"AFG2A",-1.86616135507567
"GLMN",-1.86778950312549
"HMGXB4",-1.87007191480233
"ZNF283",-1.8740578386229
"CPA5",-1.87518224436369
"RAD54B",-1.87954728265912
"SLC19A1",-1.88041946484771
"MIR93",-1.88059375353217
"HMGB1",-1.88165397502459
"ZNF79",-1.88306286738396
"GXYLT1P3",-1.88384981881677
"CCDC107",-1.88603964340433
"RASSF8-AS1",-1.88719706412598
"LINC00456",-1.88759202566514
"CLK2",-1.89301336594812
"CLEC7A",-1.89443612919614
"GAST",-1.89634038121487
"MYO18A",-1.89749431667015
"RNU7-124P",-1.89752814857375
"MTHFR",-1.89875848955106
"FAM242E",-1.90124934481987
"HIGD1AP9",-1.90124934481987
"KIFAP3",-1.90230796371888
"TP53TG1",-1.90276818167591
"MANSC1",-1.90479188557326
"CTSA",-1.90748801907504
"DYRK4",-1.90913157144049
"LZIC",-1.90973075005807
"HMGB1P1",-1.90988304761032
"UBE2G1",-1.91001456579223
"ABCB6",-1.91135932874209
"RPL4P3",-1.91322859704197
"KRT13",-1.91470418974186
"LINC01910",-1.9154568399133
"ZNF302",-1.91683764274345
"AGBL1",-1.9175622578527
"MED9",-1.91813001888553
"NDUFB3",-1.9183131651288
"AKAP7",-1.92109874783868
"ABHD5",-1.92428866232123
"PRKX-AS1",-1.9273136291339
"ARGLU1-DT",-1.92930348513863
"COX6A1P2",-1.93016980829101
"ICA1-AS1",-1.93059363982666
"TRAF3IP2-AS1",-1.93247121425297
"CCDC186",-1.93577644787822
"RPS23",-1.93648070266728
"TMSB4XP8",-1.93957801998561
"ZNF181",-1.94095643816407
"LDLRAD4",-1.94108836918496
"SRFBP1",-1.94120231242571
"UTP20",-1.94221062400042
"SNTB2",-1.94552310590369
"FBXO22",-1.94627537680529
"GAMT",-1.94838916640432
"ZNF496-DT",-1.94867939766036
"LINC-PINT",-1.94875822482444
"ZNF140",-1.94960264714783
"FAM78A",-1.94973388365439
"HSD17B7",-1.95144367774518
"SMTNL1",-1.95208633743904
"KATNAL2",-1.95342740673859
"RNU6-628P",-1.95526162060257
"RPL41P1",-1.95643062255867
"PPIAP9",-1.95644683307649
"NAT9",-1.95651004279191
"TAF1B",-1.95689394325775
"LINC01978",-1.9590120495979
"GJA8",-1.95956456297266
"H2AC17",-1.95956456297266
"PCDH10-DT",-1.96007937590881
"RPSAP15",-1.96034996107469
"NEIL3",-1.96047705029567
"LINC03080",-1.96094137781669
"MICALL1",-1.96335173344142
"ADCY9",-1.96418632945399
"NBPF15",-1.96539470138819
"OCIAD1-AS1",-1.96542612811377
"CERS6",-1.96811413057668
"SMAD3-DT",-1.96845168218019
"TCAF1",-1.9697818504634
"SIK1",-1.96992558903747
"SHB",-1.97008059082706
"GSK3B",-1.97267083822864
"TXNP5",-1.97363394240814
"RARA-AS1",-1.97371627095019
"BCL9",-1.97374842676548
"TOR2A",-1.97432220543542
"DDX42",-1.97474125176876
"MXI1",-1.97501663205007
"TNFRSF10D",-1.97676150418139
"ZBTB34",-1.97699889636846
"PPIAP82",-1.97721355254488
"HDAC11",-1.98099292248473
"FMO4",-1.98281022042482
"CICP3",-1.98281022042482
"PARAIL",-1.98404278522715
"OR5H6",-1.98680759083213
"FDPSP4",-1.98680759083213
"GOLGA2P8",-1.98680759083213
"RN7SL364P",-1.98680759083213
"COX6C",-1.98708029499997
"MDM4",-1.99085782974945
"LRIG3-DT",-1.9936319461643
"CELF2-DT",-1.9957430267137
"MEF2A",-1.99944020866385
"NLE1",-2.00122635712964
"DRD1",-2.00135667822072
"ZCWPW2",-2.00233692765704
"ACTR3B",-2.00248276127447
"KCNE3",-2.00366605656109
"UBBP3",-2.00393551096617
"OGFOD2",-2.0054554315448
"PIR",-2.00571446132
"NAA20",-2.00746265912773
"SLX4IP",-2.0099162793038
"TEN1-CDK3",-2.01070685151483
"EPM2A-DT",-2.01087313884189
"TRBV20-1",-2.01136536391576
"LINC01546",-2.01247577787918
"UBE2V1P2",-2.01426944245173
"MAGI2-AS3",-2.0150157679132
"PCDHGB6",-2.01652103196231
"LRRC39",-2.0189245079125
"MRPL33",-2.01900507012695
"CDC5L",-2.01938216872961
"HSBP1",-2.02112045330811
"CAMTA2-AS1",-2.02158262413301
"MYO1B-AS1",-2.0232652299007
"ROPN1L-AS1",-2.02333989172852
"TRIM26",-2.02464512147083
"CLTRN",-2.02557016479777
"RNF112",-2.02667087888025
"HEBP1",-2.02746723296901
"TAFAZZIN",-2.030072714616
"RPL24P8",-2.03056799152035
"CCZ1B",-2.03092258986222
"LINC02664",-2.03108181830247
"TUBGCP5",-2.03113878962528
"MIR4312",-2.03594715769393
"MUC12",-2.03688145847857
"COIL",-2.03755846984272
"LINGO1",-2.0375776475553
"GDF9",-2.04141563339368
"IFT122",-2.04296903513544
"GRAMD2B",-2.04342910612338
"LINC03004",-2.04471029688284
"ELOB",-2.04492538874294
"PRDX2",-2.0492347517324
"SKA3",-2.05126299851935
"DHRS4",-2.05292266655997
"RAB11B-AS1",-2.05317019211451
"ADAMTS6",-2.05658023606151
"ADRA2A",-2.05884293742094
"SLC12A4",-2.05929612243097
"BCAN-AS1",-2.06047277322041
"RNU6-1061P",-2.06047277322041
"MRPL48P1",-2.06200351083341
"ADAMTS18",-2.06200351083341
"PPARGC1A",-2.06290887393758
"GPR137C",-2.0638764232245
"BTBD10",-2.06482789321707
"BRME1",-2.06511219163867
"LBH",-2.0705394652362
"UROD",-2.07099210711937
"ZNF620",-2.07158108459502
"LINC01767",-2.07227623214281
"LINC01271",-2.07393554328448
"TDRD10",-2.07393574561698
"MIR646HG",-2.07424304776427
"PEX1",-2.07634760447872
"SAXO1",-2.07651724381662
"SIKE1",-2.07891354216006
"SUMO2P17",-2.08556498540792
"RABGAP1L-IT1",-2.0862302161544
"DUSP8",-2.08672364460381
"TIMM50",-2.08836309933603
"IGKV3-20",-2.08857492271075
"RNU6-908P",-2.09244770438885
"NCDN",-2.09270232899802
"ZNF66",-2.09388373364368
"VAPB",-2.09584940876034
"PSPC1-AS2",-2.09647458560785
"SP1",-2.09720849216682
"RPL22",-2.09863889728831
"WDR5-DT",-2.09887230461774
"YWHAE",-2.10164371420815
"LINC01182",-2.10225215786285
"E2F7",-2.10346359880078
"PLXNA4",-2.10667771883348
"AMMECR1L",-2.11140277634766
"ATP8B2",-2.11569732640317
"GPD2",-2.1159631131314
"GTF2F2",-2.11620788150659
"RNU6-514P",-2.11704902816503
"RPL30",-2.12086925221389
"MSANTD4",-2.12097428273401
"SLC35A1",-2.12132293150432
"CBLB",-2.12248857020435
"PRR11-AS1",-2.12451373028937
"HNRNPH1",-2.12663617940129
"RNU6-574P",-2.12813908302655
"LINC02427",-2.13003505758024
"CD80",-2.13075282329847
"C1orf50",-2.13143601599603
"CNOT6",-2.13393552370613
"NCR3LG1",-2.13418057487549
"EDC4",-2.13459639008814
"MPI",-2.13477502683735
"RNU6-1208P",-2.13716520844715
"MIR4731",-2.13857384128392
"RTTN",-2.13936807925641
"GFOD2",-2.13940970109612
"AKT3",-2.14000059003125
"IFITM3P5",-2.14045159527095
"EVX1-AS",-2.1428496694058
"XAF1",-2.14295335378193
"RGS6",-2.14323077608328
"TMEM161B",-2.14328834790345
"LINC01962",-2.14547801775375
"RPLP2",-2.14555662141788
"HDHD5-AS1",-2.14592613214537
"SP6",-2.14780227090454
"SLC9A2",-2.15011464706786
"NPAP1P3",-2.15011464706786
"SLC15A4",-2.15039376725553
"RPL7AP35",-2.15167533642031
"HNRNPA3P6",-2.15172518083223
"MTA1",-2.15625840396833
"TPT1P9",-2.15759623381833
"CTCF-DT",-2.15811007166057
"PCNPP5",-2.15875348510113
"HIGD1AP14",-2.15899437685755
"GNG7",-2.15997853625272
"OST4",-2.16170007303273
"ARL4A",-2.16245918102237
"CENPX",-2.16301108845367
"NFIA",-2.16325767022948
"ZNF322",-2.16402403857717
"ZNG1F",-2.16474356529699
"MLF1",-2.16742293743694
"COCH",-2.16954031306006
"RNU6-6P",-2.17034902328219
"SNHG30",-2.17073829457085
"RPL13AP12",-2.17287454572045
"SLC25A34-AS1",-2.17312468581002
"RTL8A",-2.17449911821267
"PGRMC1",-2.17529508201969
"ST6GALNAC4",-2.17799545111382
"MYBBP1A",-2.17824701395291
"SSNA1",-2.17840218033416
"MIR4529",-2.1812602778569
"LHFPL5",-2.18208004872633
"LINC02487",-2.18241051313444
"USP12-AS1",-2.18515383121185
"RBM18",-2.18525048651438
"PANK2",-2.18653373476864
"ARMC1",-2.18737251224342
"SNRNP35",-2.18784417618766
"PDE6D",-2.18977778939395
"DKKL1",-2.19033441695714
"PPP4R1-AS1",-2.19470575490091
"MRPS17",-2.19503560309609
"APOL5",-2.1951236231442
"COMMD9",-2.2011858082174
"RPL21P29",-2.20600483706574
"ZNF703",-2.20837389457164
"LYRM9",-2.21026881947808
"TMEM254",-2.21139530329554
"POT1",-2.21522500178999
"CRAMP1",-2.21553646548352
"PDCD5",-2.21636711350276
"SCLT1",-2.21775397334257
"LRRFIP1P1",-2.22091373331315
"ATG10",-2.22580441004453
"ZNF217",-2.22728290527939
"BMP6",-2.23094098315116
"INTS2",-2.23198099544576
"HSCB",-2.23280136025665
"THAP8",-2.23506302420098
"FLNA",-2.23647152208894
"ALDH2",-2.23868488064857
"IDI2",-2.24240487985663
"BTBD9-AS1",-2.24447589856626
"MRPL58",-2.24535886168174
"TM4SF4",-2.24797451801147
"MIR378A",-2.24797451801147
"RTEL1",-2.25090939419656
"APOOL",-2.25167347731913
"RPL32P16",-2.25475493329637
"RUFY2",-2.25596203107062
"GAS5-AS1",-2.25664031877267
"ASMER1",-2.25863576437441
"RNVU1-27",-2.25867296465442
"FOXN3-AS1",-2.25944108922075
"NXPH3",-2.26399737932097
"RIPK1",-2.26439222625375
"SIAE",-2.27512665252442
"SUN1",-2.27560357607515
"SNHG15",-2.27954402046075
"HLA-DQB1-AS1",-2.28108169852285
"SUMO1",-2.28459886541706
"RPL23AP80",-2.28791536660552
"ZMIZ1-AS1",-2.28894214297033
"SPTB",-2.2916622786547
"MUSTN1",-2.29266545291584
"CREBZF",-2.29276607240228
"TTC9B",-2.29406224510153
"ZCCHC9",-2.29429087641604
"FICD",-2.29697831365744
"POLI",-2.29718224750844
"RGS4",-2.2992282459954
"ADGRG6",-2.30146318423045
"SEMA6B",-2.30170306604539
"PIGPP3",-2.30332013191009
"TOB1",-2.30464296166762
"GATAD2A",-2.3050858722075
"LINC02067",-2.30796594350455
"LINC01320",-2.30942417502971
"SLC7A6",-2.31039256090915
"TMEM131L",-2.3118493569025
"LEPROT",-2.31666759513072
"TMEM234",-2.31711520827242
"TGFBR3L",-2.31724439372024
"FAS",-2.31986288135545
"LRIG2",-2.32135506972377
"HAGLROS",-2.32184308923588
"MIR6826",-2.32298635373533
"RANBP1",-2.32510633725392
"MAFK",-2.32614686562001
"CPVL-AS2",-2.32660439325429
"KHDRBS3",-2.32799225332879
"NEBL",-2.329706680075
"RMDN1",-2.3303886414327
"SH3YL1",-2.33054356591871
"AGAP1-IT1",-2.33071726289388
"CCKAR",-2.33071726289388
"SESN1",-2.33386879640465
"EEF1A1P24",-2.33606469920649
"EDNRB-AS1",-2.3374391516277
"IRS1",-2.33794182941955
"HEPACAM2",-2.33812103516683
"PCBP3-AS1",-2.33812103516683
"TIMM10",-2.33843049115297
"LSM14A",-2.33893453675259
"MRPL39",-2.33965961047362
"RPLP0P9",-2.34139889612223
"PLA2G4E-AS1",-2.34333817296989
"SOAT1",-2.34508627482879
"UBE2V2",-2.34900751040028
"CACUL1",-2.3496047628072
"KPNA4P1",-2.34988319846339
"STARD13",-2.35007660929753
"RNU4-78P",-2.35468542462336
"C17orf67",-2.35737538126902
"CHRM4",-2.35901026052928
"KIAA0513",-2.35993920650554
"LINC02356",-2.36216100619739
"TMEM9",-2.36224175545133
"LINC03062",-2.36423485893594
"DUSP28",-2.36485353691093
"PIGF",-2.36513890808746
"EEF1A1P29",-2.3668643883378
"LINC01870",-2.36802910376108
"PFN1P8",-2.37196568769508
"BMX",-2.37211410815705
"TRAV12-1",-2.37419980993837
"PCDHGA6",-2.37557492919695
"TOMM5",-2.37756939515685
"CERNA3",-2.37785456301477
"BEX3",-2.3798332487346
"FRMD4B",-2.38022217591792
"CHURC1",-2.38102463953496
"LINC02178",-2.38271800087678
"SERBP1P5",-2.38272847159664
"RGPD3",-2.38363597239309
"RPS6",-2.38726520984397
"UPF2",-2.38753401117626
"TRNAU1AP",-2.39281390368563
"STXBP1",-2.39639067898773
"FAM89A",-2.3996830705482
"H2AZ1",-2.40027745764632
"LAP3",-2.40041680204304
"HMGB1P6",-2.40388113745676
"PDLIM7",-2.40513716783314
"RPS15A",-2.40593641152997
"ZAN",-2.4059932762638
"LINC01714",-2.40759014743148
"ICAM2",-2.40772788266128
"H1-12P",-2.40934486678052
"THAP5",-2.41157573217087
"RBM26-AS1",-2.41726933849652
"RASSF4",-2.41796530028653
"PEX5L",-2.4204768072986
"ISLR2",-2.4204768072986
"PTRH2",-2.42067871008889
"FAM138D",-2.4213554645966
"GRIN2C",-2.4213554645966
"DCLRE1C",-2.42482872311202
"COL16A1",-2.42751129685451
"SFTPC",-2.42952637100426
"RAD51",-2.42996787518176
"RNU6ATAC39P",-2.43033527974554
"AGMAT",-2.43077173292148
"EYA1",-2.43310856253183
"SYCE2",-2.43486513986426
"RPS10",-2.43540673522346
"KHDC4",-2.43677357844959
"RPS15AP19",-2.43844085654313
"MIER2",-2.44034080416609
"PHLDA1-AS1",-2.44270150280786
"PELO",-2.4428729539591
"MANEA-DT",-2.44528422986633
"TMCO1",-2.44660950711432
"HIC2",-2.44749604685203
"VPS37D",-2.44799861959419
"SOCS2",-2.44888285442408
"SRP14",-2.45048795073918
"LRP11",-2.45159109705418
"BNC2",-2.45514777485342
"SCOC-AS1",-2.45562065872234
"LINC01376",-2.457954674726
"INKA2-AS1",-2.46517409908622
"LINC01587",-2.46517409908622
"BNIP3P16",-2.46517409908622
"KLF4",-2.46863936761128
"RPL9",-2.46906411227832
"HENMT1",-2.46920340405354
"GNA14-AS1",-2.4694391433978
"CAVIN1",-2.47112716696728
"CAPN1-AS1",-2.4730974107125
"TSPAN18",-2.48111643807952
"SNRPGP2",-2.48188388849371
"CBX5P1",-2.48352454952156
"MIR7111",-2.48403995219336
"RPL10L",-2.48602881030596
"HEATR3",-2.4860320313592
"GJC2",-2.48865756095905
"COLGALT1",-2.49043651109282
"BCL2",-2.49506963412457
"WRN",-2.49507455651284
"RAB4A-AS1",-2.4977168278661
"EVI5",-2.50085345047889
"PRAL",-2.50114548871856
"MRPS21P8",-2.50839141926147
"SREK1IP1",-2.50852506495597
"GBP1",-2.50937759239441
"CLEC2B",-2.51090927110536
"PLEK2",-2.51162665860074
"IPO13",-2.51184307833276
"RN7SL558P",-2.51282037610744
"MMADHCP2",-2.51413121588383
"RNF169",-2.51672616732049
"MYL2",-2.51714747065766
"RPL32",-2.51817683935582
"TPCN2",-2.51969780907248
"PTPN2P1",-2.52292168276686
"BHLHE41",-2.52390701468912
"PCNA",-2.52656418402189
"MEI4",-2.53032146137314
"PROSER3",-2.53103853493607
"VPS37A",-2.53520535159788
"TUBA3FP",-2.53611723258348
"CCDC192",-2.53728895571184
"SETD3",-2.5393024726414
"NUP205",-2.53935153528008
"ISG20",-2.54325552909165
"PPM1D",-2.54349251916858
"VANGL2",-2.54356345918834
"PTCHD4",-2.54479527134983
"CDR2",-2.54490894433053
"ZNF282",-2.54513066095846
"SNORD89",-2.54750171380597
"FBXO3",-2.54829715352513
"R3HCC1",-2.5488525184409
"ATP6AP2",-2.55195182842349
"TNKS2-DT",-2.55338701379059
"CHD5",-2.55515057902741
"CCDC201",-2.55515057902741
"RPL37A",-2.55544376997305
"RAB40B",-2.55675045403246
"NDRG4",-2.55746201913809
"CNNM3-DT",-2.55817028500442
"PRKAG1",-2.56158085053254
"ERVMER34-1",-2.56376048463901
"KCNMB1",-2.56651182363382
"PRANCR",-2.56822792776989
"PLEKHA3P1",-2.56836490732596
"TSPAN14",-2.57115748184491
"EVA1A",-2.57155274687935
"RPS12",-2.57243640353106
"U2AF2",-2.57425974331332
"RNASEH2A",-2.57873856250404
"ECE1",-2.58112245828238
"ZNF563",-2.58326504032073
"CCDC120",-2.58663560670913
"HHAT",-2.58674415108772
"TOMM20P4",-2.58682296723094
"RND1",-2.58726097779653
"GOLGA8R",-2.58791774862733
"GATA6-AS1",-2.59217207508388
"VTRNA1-3",-2.59220294442087
"CC2D1A",-2.59270015061076
"ZNF691",-2.59543589165399
"KIF20A",-2.59572402155359
"ESAM-AS1",-2.59789215390588
"LRP8",-2.59803328300259
"BMT2",-2.59913783027453
"CTSO",-2.60001892743573
"SNORD14A",-2.60023339391308
"NPIPB13",-2.60224831714035
"RNF5P1",-2.60715118639506
"TMEM8B",-2.60917257949025
"XKR6",-2.60957985093435
"CDKN1C",-2.60994309908449
"ARMC9",-2.61090122245962
"CYP4A22",-2.61455179955424
"LNMICC",-2.61494276089031
"HIVEP3",-2.61652251072389
"CPSF4",-2.61902549495683
"IQCH-AS1",-2.62581523941877
"NUP155",-2.62947454139965
"MYO6",-2.63466570322295
"ADAT2",-2.63641612655112
"CARMIL1",-2.63757860813235
"GADD45B",-2.63773086589661
"DNAJC15",-2.63838095024206
"RNU1-73P",-2.64073711975783
"TMCO6",-2.64413615859731
"EEPD1",-2.64425358316054
"PDZK1IP1",-2.64462611704912
"SNX11",-2.64523183259227
"CTNNA1",-2.64558239034113
"PPP1R3E",-2.64569965002826
"VSTM2A-OT1",-2.64714338384049
"GRASLND",-2.65128778891558
"LYPD6B",-2.65192540276868
"UHRF2",-2.65329236503971
"MDN1",-2.65333263627296
"OR2A25",-2.65346986268717
"HSPA8P15",-2.65564819466634
"TUBB3",-2.6577269859764
"ZNF346",-2.65973285813361
"SIPA1L3",-2.65978426536277
"PFN1P1",-2.66161999371814
"UPB1",-2.66293868797976
"PRR29",-2.66313726460352
"ZBTB14",-2.6656382383473
"LACTB2",-2.66781306763987
"SFMBT1",-2.67332226390666
"RNU6-1043P",-2.67561673052405
"WASHC5",-2.67657039254777
"SNX9-AS1",-2.6767470348013
"TSPAN6",-2.67764576757322
"FKBP1C",-2.67932960629214
"MIR2116",-2.67955337484428
"SH2D4A",-2.68067620796594
"WDFY3",-2.68140440613127
"EMX2",-2.68158590429611
"FAM89B",-2.68278836035916
"LYRM4",-2.68292740104919
"TMCO2",-2.68345501487177
"HLA-DMB",-2.68416856236017
"TBC1D5",-2.68444545579157
"DLX2",-2.68539287431201
"GLI4",-2.6905079122386
"TAF4",-2.69064145759291
"XPR1",-2.69452011051931
"OR52U1P",-2.69829675627621
"XBP1P1",-2.70509839773141
"DIS3L",-2.70688407638937
"AKAP1",-2.70814019231596
"HEXA",-2.71022188269709
"ZBED3-AS1",-2.71129864216707
"NSRP1",-2.71178793431992
"SNX30",-2.71333345734515
"LINC03015",-2.71364081178603
"PPP5C",-2.71395083774052
"ZSWIM5",-2.72353663019145
"IER5L",-2.72519221145478
"AKTIPP2",-2.72644252598477
"PLCG1",-2.73009348551658
"MAPK8IP1P1",-2.73285471162695
"SNHG10",-2.73451113674031
"UTP15",-2.73859160877408
"FH",-2.74332838689365
"ITGB1BP1",-2.74620809842585
"SLCO4A1-AS2",-2.74714234185787
"RPL7AP82",-2.7490483647853
"TEKT3",-2.74995526106471
"NCKAP1",-2.75090028704568
"PRPH2",-2.75391569170969
"PRRT1",-2.75411396778769
"LDOC1",-2.75424029872051
"GBX2-AS1",-2.75521739590354
"LTA",-2.75785591220763
"MT-RNR2",-2.75834480317246
"CORO2B",-2.76214539690246
"RNA5SP473",-2.76215350699473
"NFIC",-2.76230713152422
"CRLS1",-2.76292298193803
"KLHL5",-2.76325932242766
"GNL3L",-2.76439013194454
"EID1",-2.7643948080793
"RPL35A",-2.76627510062172
"HSPB1",-2.7696407079716
"PRKCE",-2.77024444914432
"EFNA3",-2.77027861671911
"HNF1A",-2.77036719429477
"CSTF3",-2.77095575433265
"MAF",-2.77207151453067
"SLC25A28",-2.77458582969989
"MED19",-2.77465502789669
"SYNRG",-2.77577697952761
"SLC9A3-OT1",-2.77856604504079
"STRN3",-2.77913086560958
"TMEM70",-2.77978825673069
"TMEM126B",-2.78159349900926
"MIR5690",-2.78231741172487
"LINC01093",-2.78323331871001
"TYMSOS",-2.78397024674979
"NAPG",-2.78691973440809
"RPL23AP97",-2.78704611393476
"HECA",-2.78766502948279
"NOL11",-2.79698276197343
"RHOC",-2.79993297531289
"PPDPF",-2.80211652024673
"PKN2",-2.80786624562885
"C6orf120",-2.80841435182451
"LINC01941",-2.81484681254332
"HLA-DQB1",-2.81676510525805
"RALGPS2-AS1",-2.81889230813368
"LINC01483",-2.81889230813368
"KLHL11",-2.81966490336577
"FAM151B",-2.82211950702029
"CNIH3-AS2",-2.82334158015058
"ZNF653",-2.82535101536097
"RAB30",-2.82910427485666
"NHEJ1",-2.83532315442906
"STAT4-AS1",-2.83659696344863
"ABCD3",-2.83752227296165
"FYCO1",-2.8409072880416
"NEMP2-DT",-2.8417963206434
"H2AJ",-2.84684921333428
"CCNY",-2.84826106638946
"HPDL",-2.8494821726294
"OTUB2",-2.85289978833332
"ZNF429",-2.85547781078803
"MEN1",-2.85932045656181
"P4HA2-AS1",-2.85938682186637
"CBLIF",-2.86029991429101
"LINC02908",-2.86438649901329
"GTF3C3",-2.86503336698479
"RNU6ATAC9P",-2.86855066903138
"UBA52",-2.86870238277178
"GNA11",-2.8723571098912
"BRSK2",-2.87278390388217
"MIR3650",-2.87298050026733
"IFITM2",-2.87308590470219
"ZNF597",-2.87559623598377
"ATP10D",-2.87606584622924
"NOXO1",-2.8776127726495
"ATF3",-2.8788646545378
"SYNPO2L-AS1",-2.88097326945225
"DNAJC10",-2.88136356722304
"ZFP62",-2.88469640758685
"SLC12A2-DT",-2.88485899405002
"ETV7-AS1",-2.88510183412316
"RNF207-AS1",-2.88616067532464
"SNUPN",-2.886501446198
"RNU6-433P",-2.88707830813505
"SPC24",-2.88903586812193
"PER2",-2.88976449659566
"ITPKB-IT1",-2.8905463270368
"OPN1SW",-2.89162804135526
"ERICH2",-2.89309690059973
"ZC3HC1",-2.89313667233766
"NOMO2",-2.89407551942631
"MRPL16",-2.89479528298267
"RNU6-1315P",-2.8980741315384
"ARL17B",-2.90073304869803
"PARTICL",-2.902602204509
"RBM12B-DT",-2.90346792388877
"PYGO2-AS1",-2.90347488596173
"CIITA",-2.90351407203113
"CELA2A",-2.90768801158879
"ADAT1",-2.91026331697516
"HLA-G",-2.9126877991102
"MRPS25",-2.91303230355664
"LINC00987",-2.9136116530782
"POC1B-AS1",-2.91750861377567
"XPNPEP3",-2.91836402468294
"PRRG1",-2.92040126910921
"TRIM16",-2.92102099092946
"RPL10AP6",-2.92142040651147
"ZNF404",-2.92376904080972
"ANKRD26",-2.92444104537241
"GAS2L3",-2.92478304479395
"MESP2",-2.92591414026047
"RPL36AP49",-2.94065169457684
"LINC02235",-2.94069729871601
"SLC25A40",-2.94088893523501
"PTX3",-2.94319606031602
"MTCYBP3",-2.94680965333156
"PRKCH",-2.94684905298871
"TMEM184C-DT",-2.95095912395728
"PDCD7",-2.95178117504005
"SBDS",-2.95198345883764
"TAF1",-2.95250967123348
"GPR160",-2.95375555779096
"PTS",-2.95408972812275
"SORBS2-AS1",-2.95844435302104
"OOEP",-2.95880236178509
"PELATON",-2.9625179557825
"LINC01556",-2.96684036369633
"FXN",-2.96807360440455
"SSRP1",-2.97001084731715
"MICAL2",-2.97450335848286
"MIF-AS1",-2.98105052622775
"CCDC86-AS1",-2.98258524163829
"SYP",-2.98850611962836
"SLC25A12",-2.98927242764057
"TPGS1",-2.99337606960623
"TMC3-AS1",-2.99828273639314
"CCDC122",-2.9988746539977
"ALG5",-3.00103110796242
"ARSD",-3.00238493977191
"CTSF",-3.0028166504325
"ITIH3",-3.00453110827355
"ZNF671",-3.00597846351025
"MCEE",-3.0068346119929
"GJB7",-3.00900063547706
"UBL5",-3.00954013979824
"YTHDC2",-3.01091798790763
"ANAPC11",-3.01177092489337
"TEX26-AS1",-3.01213542448927
"POLR2B",-3.0124414314277
"ALG10",-3.01257443126142
"NUTF2",-3.01267946469363
"SLAMF8",-3.01490951774532
"B3GALT1",-3.01840057287297
"MTERF2",-3.01867414761793
"NMD3",-3.02304867723031
"ARHGAP5-AS1",-3.02394352658809
"C4orf36",-3.02515687128986
"ISCA2",-3.02796808651174
"RASSF3",-3.03151380831809
"FN3K",-3.03338191166128
"EXD3",-3.0358599239088
"EFNB2",-3.03688892912203
"HMGB1P41",-3.03723671537818
"NARF-IT1",-3.03871156165278
"AGAP2-AS1",-3.04274688510095
"RPL39",-3.04622617367884
"RNU4-8P",-3.04768551990828
"FXR2",-3.05045603283685
"PTPN12",-3.05161233482627
"MANSC4",-3.05193321842274
"SNRPGP18",-3.05470214281421
"SRD5A1",-3.05573863321731
"ARMH4",-3.05610227931832
"FPGT",-3.05732277710736
"KIF27",-3.05895918031413
"RN7SL505P",-3.05945959315838
"BNIP3P37",-3.05945959315838
"CD1D",-3.06224996334562
"HES2",-3.06224996334562
"PROSER2",-3.06224996334562
"ZNF354A",-3.06423064419173
"SH3D19",-3.06640090746157
"ZMAT1",-3.06729360634452
"BMPR2",-3.06960226687852
"RPL7AP50",-3.07059701839499
"LRRC27",-3.07383889595505
"LINC00513",-3.07400066160646
"LINC01530",-3.07577201793484
"PSORS1C1",-3.07578120078266
"KRT27",-3.07578120078266
"DAAM2",-3.07850291045724
"C1orf54",-3.08143155474017
"SLC13A4",-3.08514143256623
"GPR162",-3.08790426542806
"TBL3",-3.087907848498
"RPL13A",-3.08906894066308
"S100A13",-3.08951546880143
"NDUFS4",-3.08956108781428
"YBX2",-3.09147314288077
"CEP68",-3.09573301032605
"FCGRT",-3.09697593854649
"DNAH3",-3.10071829638891
"GCLC",-3.10243228764623
"SDHAF4",-3.10322161106212
"RXRG",-3.10657554130731
"LINC01341",-3.10768534579321
"GPM6B",-3.10787110889561
"LEFTY3P",-3.10858244965769
"KIFC3",-3.11493650006579
"YAE1",-3.11571069925636
"CHD1L",-3.1200566300038
"GLIPR1L2",-3.12129107632972
"ATP5PF",-3.12148474001092
"CTRB2",-3.1223666521653
"EGFL8",-3.12332055012537
"RFX2",-3.12409381959322
"TMEM198B",-3.1279951353473
"RNF41",-3.12845776480177
"SLC7A6OS",-3.12993823726678
"NKX3-1",-3.13040008458797
"AGGF1",-3.13539287224377
"RPL9P7",-3.13572294454654
"PXMP2",-3.13990445266702
"FAM241A",-3.14187360383615
"PRICKLE2-DT",-3.1463402485421
"ANKRD50",-3.14835001064533
"MTUS1-DT",-3.14880482017497
"TEX14",-3.15417752975155
"TECPR1",-3.15589690558531
"IMMP1L",-3.15649353257881
"CELA1",-3.16215946334067
"N4BP3",-3.16429312200307
"POLG2",-3.1655089265925
"JMJD4P1",-3.16660639770319
"PTPN11",-3.16872955309414
"LTBP4",-3.17552678332814
"ACE2",-3.17658855472476
"S100A6",-3.18204650357563
"SNORA70F",-3.18529691902997
"BTF3P16",-3.1887725119618
"MTCH2",-3.19292936138906
"DHX33",-3.19438601658072
"A2MP1",-3.19584440626474
"SUCLG1",-3.20540857113461
"PHGDH",-3.20643070538688
"FBXO46",-3.20788180947576
"RPL23AP34",-3.20936490639845
"SPAAR",-3.20936490639845
"TMC7",-3.21043331614877
"EDDM13",-3.21611692822894
"APOE",-3.21715029447434
"RGS16",-3.2196301508599
"TIAL1",-3.22381992779318
"COL5A3",-3.23630601912529
"H1-2",-3.23854385879545
"GPD1L",-3.24101987646745
"NHLRC2",-3.24600061909635
"C1orf53",-3.24692577122948
"HOXC-AS1",-3.24692577122948
"LINC01241",-3.24921466086477
"MVD",-3.25785952011292
"MMAA",-3.25950863641239
"RCN1P2",-3.25963843013724
"HPN-AS1",-3.26088280427576
"RGS20",-3.2616514840275
"SNED1-AS1",-3.2631991942866
"TUBA3D",-3.26390176485021
"AKT1",-3.26573228512119
"STEAP3",-3.26667962056408
"SHPRH",-3.26844445479784
"CEP295",-3.27027592320669
"MALSU1",-3.27835673544022
"CLIC2",-3.27909129044007
"LINC01191",-3.28409784128845
"PAQR4",-3.28531267988832
"IFIT2",-3.28842815806483
"GLCCI1-DT",-3.28851518772622
"NQO2-AS1",-3.28871495274037
"ASB18",-3.28961035960746
"FBXL19",-3.29023522278892
"NAV2-AS1",-3.29399678303865
"CYFIP2",-3.29451301941382
"ERCC6",-3.29627379901632
"PIK3CD-AS2",-3.29707097014976
"HSPB2",-3.29739225655954
"NETO2",-3.2980532406422
"MYL11",-3.29822323776231
"NSF",-3.29904949790467
"LRRC3B",-3.29981828262628
"BMF",-3.30112684268492
"GAREM2",-3.30381645718995
"CYP2F2P",-3.30714086185689
"CPNE8",-3.30741245871705
"SMPD1",-3.30743792460086
"NFYB",-3.3088980256164
"SNHG7",-3.30932887171726
"ZNF524",-3.30982007099535
"C4B-AS1",-3.31080191738783
"BCYRN1",-3.3135369574857
"ATP5F1E",-3.31640526989168
"TRAPPC6B",-3.31718361960356
"ZNF667",-3.31972310393224
"LINC01545",-3.32220562109968
"PKMYT1",-3.32400176204598
"ISG15",-3.32549924753863
"ONECUT1",-3.32666053694061
"GOLGA8T",-3.32819942881892
"RPL31P39",-3.33063687521847
"UCK2",-3.33139538132673
"CKAP5",-3.33310057501518
"NR1D2",-3.33484722019239
"IGF2R",-3.33805771442153
"ZDHHC1P1",-3.33805832689165
"CISD3",-3.33877413322316
"KIFC1",-3.33943646237356
"ZHX3",-3.34531510915272
"LGALS2",-3.35236447315942
"CHDH",-3.35414451917626
"MIR4297",-3.35500962406222
"PCMTD1-DT",-3.35617632762506
"BORCS8",-3.36078072009082
"SLC10A7",-3.36254545511995
"SNX13",-3.36919033245468
"SLC12A2",-3.36979074110342
"EPB41L4A-DT",-3.37099260029843
"TXNDC9",-3.3718959788573
"KIF5C",-3.37567562516687
"SCMH1",-3.37627088066265
"EAF1-AS1",-3.37749138067444
"SH3GL3",-3.37939997315424
"ITPKA",-3.37939997315424
"UQCRHL",-3.38527756716137
"LEF1",-3.38598686670275
"PPIAP41",-3.38689137749048
"ITGB1P1",-3.38719087503105
"TIMP3",-3.39108337566939
"S100A10",-3.39151867760204
"MBNL2",-3.39321619468111
"MIR6124",-3.39666152445352
"EIF4EBP1P1",-3.39666152445352
"RPS25",-3.39781255894102
"PHF10P2",-3.39863590579692
"ULBP1",-3.39977869694748
"HTR1DP1",-3.40093784887743
"ADD3-AS1",-3.40124316047769
"CTPS2",-3.40140903391761
"IGHV2-5",-3.40395501032392
"SNTG2",-3.40500577186747
"EXT2",-3.40955750967452
"SMYD4",-3.409645558853
"AQP12A",-3.41175831187241
"CHKA-DT",-3.41175831187241
"DHPS",-3.41285780398191
"PPP1R12A",-3.42551469960356
"SIRT1",-3.42759741416677
"ROPN1L",-3.43274219676176
"LRRC8B",-3.43648762395062
"TWF1P2",-3.43860330213143
"PTMAP9",-3.44057968270314
"CFLAR",-3.44285313841061
"BRAP",-3.44572618636437
"NUDT8",-3.44644110261828
"MSRB3",-3.44995945238532
"RPS7P10",-3.45191224684563
"SEC14L1",-3.4568372020042
"RXFP4",-3.45853247066431
"RNF227",-3.46093004734673
"FOXO6-AS1",-3.46190242378778
"TMEM45B",-3.46222365805147
"XYLB",-3.47087481115659
"IFNAR1",-3.470944617583
"C9orf85P2",-3.47192540694231
"MICA",-3.47306769883718
"TMEM200C",-3.47571803722697
"LSM6",-3.47982611970252
"DNPH1",-3.48295619465328
"RBMS1P1",-3.48305757415537
"NRP2",-3.48494593282436
"MAP4K3",-3.50089338457414
"TRIM22",-3.50353563078247
"H4C3",-3.50523785361797
"RPL9P29",-3.50644816689306
"A1BG",-3.50976586053442
"SLC25A46",-3.5099329939812
"PLXNB1",-3.51573122355775
"HCG25",-3.51675192120212
"ADD2",-3.51691153253013
"CENPI",-3.52165717006756
"RNU6-790P",-3.52213718244678
"TAF6L",-3.52279827220031
"PIN1-DT",-3.52405406206334
"BLCAP",-3.52460696981714
"MLLT10",-3.52676522779508
"SNHG4",-3.5355611806727
"CASP1",-3.54098192220001
"CCDC190",-3.5410926850698
"TARDBP",-3.54424256844224
"NAP1L3",-3.5481315465101
"RAB39B",-3.55152270024124
"MAN2A2",-3.55152863527062
"TTLL11",-3.55250832225735
"B3GNT2",-3.55599020200838
"GPRASP1",-3.55939760199984
"LINC03076",-3.56120115529497
"ASPM",-3.56394591640612
"MFSD1P1",-3.56449000889414
"LINC01841",-3.5654628458462
"LINC00703",-3.56564678161407
"CETN2",-3.56578999055174
"RDUR",-3.56704928453474
"BAHCC1",-3.56808047670033
"CIBAR1P1",-3.57307043779047
"WBP1LP2",-3.57444454267336
"ALKBH6",-3.57569302287861
"NUMBL",-3.5771152369873
"NSUN3",-3.57794781294812
"FOXP1-DT",-3.57816904091126
"MAPK9",-3.58550792412421
"RPL29P4",-3.58639757973888
"RPL34",-3.5948348977379
"IL15",-3.59659986399982
"FAT3",-3.59929817143915
"HID1-AS1",-3.6004384186264
"DGUOK",-3.60066292427893
"SNRPEP4",-3.6034458675439
"PREX1",-3.60425898125006
"EIF2S2",-3.61223153980663
"TUSC1",-3.61325774611097
"ZNF517",-3.61394956304016
"CD40",-3.61408137908037
"RANBP9",-3.61795650895506
"FAM200C",-3.61995785408657
"RGS9BP",-3.62940945206747
"PEAK1",-3.62941534622571
"EBF3-AS1",-3.63464495711542
"BACE1",-3.6371593277397
"FAM27C",-3.63726707322633
"MADCAM1-AS1",-3.64339848301775
"RP1L1",-3.6443222799533
"MIR548Z",-3.6443222799533
"IARS2P1",-3.64723427599416
"CBX8",-3.64723427599416
"MIR135A1",-3.64755176882027
"ANXA9",-3.65324276620901
"CEP97",-3.6544454634691
"TOP3B",-3.65472723532014
"ZNF101",-3.65967906259444
"SYT15-AS1",-3.66163691404539
"GATA2-AS1",-3.66303128229111
"LINC01816",-3.66475652054254
"POFUT1",-3.66481915332446
"DOLK",-3.66629341295267
"TFEB",-3.67074583282922
"SINHCAF",-3.6710347981024
"HBEGF",-3.67593979522094
"ETNK1-DT",-3.67732089075751
"MIR3155A",-3.67748402916983
"ZW10",-3.67901380008416
"ZNF844",-3.68288652285002
"MIR596",-3.68774342987589
"RABGAP1L-AS1",-3.69230641393872
"RTEL1-TNFRSF6B",-3.69241514993795
"ICA1",-3.69261267060906
"SAR1A",-3.69322943621301
"NBR1",-3.69483529026971
"RPS14",-3.69522983205289
"MYOT",-3.70023071754084
"TUBGCP4",-3.70113459995926
"MYL12-AS1",-3.70207850065866
"MAK16",-3.70442674714896
"HSFX4",-3.70963093841312
"SLC6A9",-3.71317943843836
"GRK6",-3.71668004176796
"RPS19",-3.71681989934412
"C1orf35",-3.71989361795454
"HVCN1",-3.72018779453565
"CHCHD2P4",-3.72614823952365
"TP53RK-DT",-3.72614823952365
"TFIP11-DT",-3.72614823952365
"KTN1",-3.72936410383442
"CA5B",-3.73287366988641
"SOX9",-3.7364434706528
"PRR7-AS1",-3.74236282597647
"TTLL1-AS1",-3.74424314031186
"MAMSTR",-3.74482935074506
"LINC02933",-3.74671436131337
"SMG6",-3.74823293075016
"HNRNPA1P50",-3.75158339170019
"POLR3D",-3.75373719482382
"COL23A1",-3.7556291345018
"MT2P1",-3.7585395610579
"ZNF662",-3.75886167142475
"EIF1P7",-3.75950759690821
"PLPBP",-3.75955391797251
"RN7SL263P",-3.76149407156197
"LATS2-AS1",-3.76669752879066
"PTPRF",-3.76951034028997
"RNU6-1010P",-3.76989578169058
"MMP19",-3.77159965978058
"MINAR1",-3.77225319653825
"SNRPA1-DT",-3.77226756966942
"PDK4-AS1",-3.7766526448146
"DSP",-3.77702088974303
"JCAD",-3.78353393958656
"ATP2B1",-3.78373955974119
"SMIM11",-3.78647171193516
"SPTBN1-AS2",-3.79111449927346
"OR7C1",-3.79180635129184
"MIR3155B",-3.79204795213308
"MAD2L1",-3.79286084469117
"DOC2A",-3.79489749338035
"DEPDC4",-3.80225326068413
"TMTC3",-3.81119146819612
"RNU6-79P",-3.81288745361178
"NAPSA",-3.81731157761774
"AZI2",-3.82455225830016
"FZD7",-3.82694051011445
"PPP3R2",-3.83238539640385
"MIR2276",-3.83238539640385
"HSD11B1-AS1",-3.83699315456181
"SYCE1L",-3.83866760797809
"NUS1",-3.83919169526854
"ACTG1P9",-3.83953079432428
"ASCL2",-3.84616427609435
"PIEZO1",-3.84785461577128
"SERPINB6",-3.84934878022287
"ASLP1",-3.8547154904231
"SYDE2",-3.85593768183638
"FGFR3P4",-3.85593768183638
"H3C1",-3.85913756025634
"PER3",-3.86326913428095
"CEMIP2",-3.86377472959187
"GNG13",-3.86714287767942
"BFSP1",-3.86976809343247
"TYRO3",-3.87090103538599
"ZNF557",-3.87109198835936
"TTC3-AS1",-3.87113549185874
"MTMR7",-3.87698137843788
"PRDX6-AS1",-3.88025536512583
"MIR3692",-3.8803188630796
"JAG2",-3.88065468119582
"ARHGAP11B",-3.8843524163189
"CRABP2",-3.88713419530125
"SUSD4",-3.88713419530125
"MUC20",-3.88713419530125
"VIPR2",-3.88713419530125
"MTND4LP7",-3.88713419530125
"ARHGAP29-AS1",-3.88815991652315
"FRAS1",-3.88963332060389
"ARL6IP4",-3.89103797725958
"SH3GL1P3",-3.89382499313841
"TNK2",-3.89639314011159
"RPL12",-3.89650082925151
"TAS1R1",-3.89761179700594
"VAMP5",-3.90186683614979
"NDUFS5",-3.90395941049706
"ALDH1L2",-3.90645664454516
"IGLC3",-3.90754048745597
"NIPAL1",-3.91127465969364
"RAB26",-3.912314386878
"PLTP",-3.91234782673744
"RPL10A",-3.91568062388381
"MLH3",-3.91908689482393
"CLCN5",-3.92109657365958
"FBXW7",-3.92387409228329
"TRBV28",-3.92868429929724
"SIX5",-3.92938822976399
"GRAMD1A",-3.92962281501771
"TPT1-AS1",-3.93128625972422
"ERG",-3.93192838370424
"PLK1",-3.93252558401016
"ZNHIT6",-3.93891083266802
"TTLL3",-3.93912160850138
"ZNF580",-3.93966932709305
"GPCPD1",-3.94326322971354
"LINC01635",-3.94417656571338
"CHSY1",-3.9445662202421
"SYNE1",-3.950234956872
"THRB-AS2",-3.95576864848331
"PLBD2",-3.95669857202306
"GOLGA8J",-3.95737213370241
"CYB5RL",-3.95938511894054
"RN7SL354P",-3.96097219927038
"RNF122",-3.96173658337017
"PPIAP51",-3.96317084158224
"MDGA1",-3.96389241217573
"SNAPC4",-3.96656711265298
"TCL1A",-3.97043211316716
"MCM9",-3.97084008269818
"HNRNPA3P5",-3.97517722429453
"LIG4",-3.98753315142796
"GTF2E2",-3.98864535995321
"RN7SL587P",-3.98872508554351
"ST3GAL6-AS1",-3.99452232125555
"AK4P1",-3.99625739588922
"SHANK1",-3.99703872364758
"ZNF613",-3.99879482320558
"MYL6",-3.99909474571082
"TCP11L2",-4.00035598306098
"PKIA",-4.00271192917389
"KLB",-4.00318145367394
"DPY19L4",-4.0036700557708
"RPS20",-4.00492900910495
"ANKRD49",-4.00688727073901
"SUV39H2",-4.00786321345411
"FAM120AOS",-4.00813845841689
"SNRPCP3",-4.00853371116557
"RNU4-38P",-4.01340863055484
"GTF2IRD2B",-4.01769228917346
"CYTOR",-4.02066850014613
"RPS27AP1",-4.02257806064688
"GRPEL2",-4.02824939177645
"ADGRL1-AS1",-4.02941301483962
"WNT3A",-4.03042584523029
"RN7SL359P",-4.03042584523029
"GLIS3-AS2",-4.03090954244201
"AP3M2",-4.03167640956764
"H1-1",-4.03420949430102
"HRH1",-4.03435223476625
"PET100",-4.03940654479545
"EDRF1-DT",-4.04229911080282
"SLC43A2",-4.04352139803472
"PLPPR3",-4.04456478480674
"CSE1L-DT",-4.05009695554943
"RNF217-AS1",-4.05437430107674
"BOLL",-4.05557740673888
"PRDM16",-4.06364860476552
"IKZF2",-4.06595651631315
"PAICS",-4.0662395594815
"ZNF888-AS1",-4.06732353361718
"MPRIP",-4.06822348632431
"ZNF784",-4.06976814436001
"HCCS-DT",-4.07269810508218
"MCM8-AS1",-4.0727418423287
"AIG1",-4.0765578496507
"CCNP",-4.08112185817911
"NOG",-4.08874257696117
"COX20",-4.09219582150144
"COQ7",-4.09511132040725
"SLC31A2",-4.09699679436334
"GJD2-DT",-4.10046287264711
"ERAL1",-4.10546685449555
"TRIM46",-4.10584588044214
"GRK5-IT1",-4.1086049099809
"TMPPE",-4.11044109179862
"OASL",-4.1121617550834
"CA13",-4.1254500726121
"ZNF606",-4.1276191879163
"NRGN",-4.12974793631634
"EFHD2-AS1",-4.12991219939302
"TCAF2",-4.13406038455865
"NUCKS1",-4.1342105487925
"YAE1-DT",-4.13994104419454
"FZD8",-4.14807110535627
"CHRNB1",-4.15031667571034
"TTLL1",-4.15246233190332
"HNMT",-4.15586536288521
"PYGM",-4.15874889735849
"DMAC1",-4.16162318860324
"PANX1",-4.1635481941121
"CCDC142",-4.16423440949152
"SRD5A3",-4.1710546080709
"ZBTB21",-4.17729447030974
"RNU7-45P",-4.18139414052518
"COX6CP1",-4.18483031115235
"LTBP2",-4.18579693152443
"PEA15",-4.1948403724306
"ZNF467",-4.19524960274637
"MDH2",-4.20152788723614
"LGR6",-4.20593916497674
"PIMREGP3",-4.21733959847621
"UQCRQ",-4.21812710907335
"THSD4-AS1",-4.21845797923669
"NPM1P49",-4.21850777731374
"CIB4",-4.21896428233844
"DTX3",-4.22119239720987
"AMY1B",-4.22355509444294
"HIC1",-4.22666827589484
"VWA1",-4.22740597807794
"SLC11A1",-4.22903434736311
"RN7SL74P",-4.22958393099297
"SERPINI1",-4.23199114588425
"HLA-DQB2",-4.23811251680246
"ELP6",-4.25770959320865
"TIMM9P2",-4.26078202062253
"RDH13",-4.26593093507275
"CEP128",-4.27285371411179
"DBNDD1",-4.27397210136444
"C9orf40",-4.27428067309123
"STMN3",-4.27644455650298
"ZNF75A",-4.27740254461988
"TUBB2B",-4.28341859276107
"AMIGO2",-4.28554786462062
"RPS20P33",-4.28798732044678
"TFB2M",-4.29432224702882
"KLHDC8B",-4.2958123057753
"KCNAB1",-4.29609935648851
"NDRG3",-4.29666364426385
"MAPK7",-4.29688389890805
"AQP5",-4.2975066192146
"CAMK2G",-4.30426254140413
"LINC03008",-4.30869921785004
"LINC01011",-4.31409615341775
"TRIM7-AS2",-4.31707641184737
"RPL36AP37",-4.31797625420384
"SNTG2-AS1",-4.32502611269175
"ZNF213",-4.33281621707041
"NFATC2",-4.33711395781923
"RPL31P4",-4.33738233860393
"SLC27A4",-4.33828480750111
"ZNF232",-4.3433866238375
"TAS2R15P",-4.34454233887501
"SVIL2P",-4.34483201369262
"RNA5SP386",-4.34483201369262
"EFL1",-4.35283318835828
"RPL21",-4.35425300407967
"TAF4B",-4.35537277171137
"LPAR4",-4.35735772057541
"PET117",-4.35913891221139
"ZNF528-AS1",-4.36515885202664
"ATP2A1",-4.36573972510757
"SMIM10",-4.36911639342754
"BAALC-AS1",-4.37153289727824
"ANKRD10",-4.3725455061096
"MRPL37P1",-4.37328297168232
"MTX1",-4.37660577945615
"C1QL1",-4.37687908080731
"RWDD3",-4.38455118768282
"SYT1",-4.38499407970526
"LYSMD3",-4.38917200896984
"C20orf204",-4.39863772412912
"NFS1",-4.40295020121093
"THG1L",-4.40382139053702
"PIK3C2A",-4.41226095908167
"OR7E28P",-4.4124938004741
"CYCSP40",-4.41557875456617
"SLC9A3-AS1",-4.4178829321298
"POU5F1B",-4.41915698606562
"TPRG1L",-4.41951140069143
"PDHX",-4.42199420693086
"MICOS13",-4.425849418763
"TRIOBP",-4.4263540732259
"FGF9",-4.42862088105163
"G0S2",-4.43033464968765
"ZNF852",-4.4313619063417
"C1RL",-4.4314704147013
"ACTG1P10",-4.43203305203729
"AP3S2",-4.4330606330476
"CD19",-4.43427454156015
"LINC02357",-4.43448240556087
"ZNF865",-4.43648445428384
"RN7SL503P",-4.4410678594642
"PPM1J-DT",-4.44805979981132
"RPS14P4",-4.44972412360205
"RGMB-AS1",-4.4521678099987
"GPRC5C",-4.45226503768081
"ATF7IP2",-4.45257158060905
"TMCO4",-4.45551766166609
"MGST3",-4.45565396879209
"SLIT3-AS2",-4.45574517938949
"OPN4",-4.45951176619877
"P4HA2",-4.45983481448734
"C1QTNF12",-4.46165403331116
"ADPRHL1",-4.46256594549909
"NDUFA6",-4.47413429140337
"HAPLN3",-4.47502959917629
"FSCN1",-4.4752161332824
"POLRMT",-4.47624690594678
"UNC5C-AS1",-4.47658008573716
"CIPC",-4.47926802310788
"SNRNP48",-4.48020021331963
"ARMT1",-4.48433264256119
"OTUD7A",-4.4887616376763
"RPL27",-4.49593491724722
"GRIA3",-4.50203095931034
"VTRNA1-2",-4.50600156336426
"SETD7",-4.50823925558826
"DOP1B",-4.51054831512228
"PVR",-4.51058730179315
"ZDHHC21",-4.51434626264102
"LDLRAP1",-4.51488015637915
"NUP153-AS1",-4.51659271744382
"TVP23C",-4.52553331055412
"BNIP3P17",-4.53491693866912
"TMEM30A-DT",-4.53855409106335
"RPS15AP6",-4.54395658744942
"ZNF251",-4.54580437499634
"NCAPG2",-4.5550381635773
"FBXO38",-4.55545212034826
"TMEM158",-4.55614729220653
"TBC1D24",-4.55822823399925
"H2BC8",-4.55921702852419
"RPL15P16",-4.56215335698093
"GASK1B-AS1",-4.57600261682446
"ETS2-AS1",-4.57705370140355
"RASSF8",-4.58005545749836
"ARHGAP1",-4.58134273857454
"P4HA3",-4.58219174713695
"STEAP3-AS1",-4.58307722591586
"LINC01416",-4.58568064300167
"DNAH2",-4.58806190969929
"PODNL1",-4.58859968938796
"INPP5E",-4.58861964776165
"RNA5SP317",-4.59577571575686
"COX16",-4.5994864922547
"SYDE1",-4.60022060350702
"CXCR5",-4.60249378675393
"NMRK1",-4.60633672441835
"GIPC3",-4.60807824922358
"PCDHGA10",-4.62107676229555
"RLIMP1",-4.62406171463954
"STK3",-4.62519228569776
"SAT1",-4.62553817151898
"CSRP1",-4.62856941602649
"KALRN",-4.63306508350172
"YPEL3-DT",-4.63553229455749
"NFIX",-4.64131437265845
"KIF19",-4.64627591831757
"RPL5",-4.64949433790245
"SNORA58",-4.6512384454817
"RABGAP1L",-4.65401555462054
"DNASE1L1",-4.65445909339875
"RASGRP3",-4.66128224326264
"EPB41L4A",-4.66177361147707
"BPHL",-4.66779846279541
"RPL36AP19",-4.67155985551329
"CYP51A1-AS1",-4.6772997713385
"XXYLT1-AS2",-4.68008139452654
"ZNF853",-4.68037699184996
"FAM161A",-4.68378669514189
"SLC20A1",-4.68667785657401
"NUDT15",-4.68851064260688
"MAP4",-4.68950059585606
"DHX33-DT",-4.69074502280072
"SLC45A1",-4.69120575106204
"CPNE2-DT",-4.69616346335496
"PELI2",-4.70000789792311
"RNF151",-4.70185163549355
"MYO5C",-4.70409295902018
"GSTZ1",-4.70510343554742
"BAG3",-4.70594518103811
"GZMH",-4.70949742581481
"FMC1",-4.7158509287219
"DRG1P1",-4.72040945677419
"RNU4-47P",-4.72166306528939
"UHRF1",-4.72187877733479
"CYP3A5",-4.7281360941901
"CHL1-AS2",-4.72947742135617
"GNGT1",-4.73590288433181
"PLEC",-4.74137142101045
"PDE10A",-4.74295746939999
"RPP25",-4.74395029138888
"RB1",-4.74569237227143
"RALGAPA1P1",-4.74818734531676
"TMEM88B",-4.74990857461636
"NEK11",-4.7504763362246
"TIE1",-4.76336801752897
"RNU1-103P",-4.77542158309769
"C2CD5-AS1",-4.7796828872604
"SOCAR",-4.78070148764488
"CDKL4",-4.78806485886352
"RNGTT",-4.78872166463466
"TRAPPC5",-4.7891465982296
"PIGP",-4.79317658340399
"LAG3",-4.80810615743961
"ADM-DT",-4.80984067043031
"RBPJ",-4.8135246046456
"PHF10P1",-4.81409946282384
"RNA5SP296",-4.82038290609915
"PIK3C2B",-4.82275220416189
"RPL31",-4.83026549827225
"RANBP17",-4.83073830803838
"DUSP12P1",-4.83141418650497
"TRAM2-AS1",-4.83372546236654
"RNU6-418P",-4.835646745268
"GORAB",-4.83572786840946
"RSPH10B2",-4.83863974445049
"SOX4",-4.8395532870505
"DOCK6-AS1",-4.84207225370855
"LDLRAD1",-4.84300562483004
"URB1-AS1",-4.84300562483004
"CNIH3",-4.84867935086338
"ETS2",-4.85135714606004
"TIRAP",-4.85260238594081
"LINC02037",-4.85450573901008
"ZBTB46-AS2",-4.85569258130316
"SET",-4.85975427321779
"EVC",-4.86276128438093
"LINC02988",-4.8641113311631
"PRX",-4.86626505861528
"DLGAP1",-4.86792126784587
"ANKHD1-DT",-4.86894086662476
"ALCAM",-4.86907865491217
"TRBJ1-2",-4.87625639674379
"TMEM106B",-4.87863236836476
"SDS",-4.8817593044219
"SLC25A5P5",-4.88272359289216
"HIPK3",-4.88776166819148
"MANF",-4.88842990828179
"RPL21P125",-4.89270659000575
"NPPA",-4.89291742361195
"AARSD1",-4.89418465633376
"CDC45",-4.89744527389455
"TNKS2",-4.90158836722331
"RIF1",-4.90398051174167
"DUSP7",-4.90672380602987
"FGA",-4.90727370757343
"RNU6-638P",-4.90950156279521
"B4GAT1",-4.90979426289053
"C2-AS1",-4.9135158224333
"KCNK15-AS1",-4.91813790330954
"HSFX1",-4.92007986947276
"CDHR5",-4.92257511799093
"BANCR",-4.92383643230297
"CEP120",-4.93958079643425
"ZNF827",-4.9402082982355
"SLC26A4-AS1",-4.94175673010024
"SUMO2P8",-4.94288993563388
"PTMAP11",-4.94496992706074
"GNAI1",-4.94879563521052
"LRRC56",-4.95169044633533
"P2RX6",-4.95331817382379
"PALB2",-4.95900165167276
"NFIL3",-4.96181383379347
"HAPLN2",-4.96492661694702
"SMARCE1",-4.96662377575129
"SELENOI",-4.96790956655517
"RPS15AP36",-4.96839334692465
"EGFR-AS1",-4.97394877062435
"MIR3680-1",-4.97426873703881
"MFAP3L",-4.97602362560474
"RNU6-862P",-4.97673562079469
"SGSM2-AS1",-4.97866117167409
"FAM76A",-4.97963402933012
"C2orf68",-4.98131054212461
"ICAM5",-4.98343882384727
"NDUFB5",-4.98640962228759
"KLHL25P1",-4.98814634628655
"RPS27",-4.99252062415496
"SNHG16",-4.99707147189017
"SEPTIN7",-5.00083961804055
"SELENOW",-5.0092421065867
"MIAT",-5.01174401968595
"MYOM3",-5.01258374173993
"RNU6-1280P",-5.01277375593236
"RPS15AP30",-5.01422187936131
"DNALI1",-5.01555887963961
"KANTR",-5.01746211107267
"TCL6",-5.03186872797353
"MTMR1",-5.0319566934318
"GP6-AS1",-5.03374322467296
"NDUFAF7",-5.03707392890843
"HTR2A",-5.03921636812333
"MIR3936HG",-5.04161065869612
"ARFGEF3",-5.0431438328805
"SNORA73B",-5.04988243169943
"THBS1-IT1",-5.04994533084253
"QSOX1",-5.05270799187859
"SCN1B",-5.05345968008581
"SNRPD2",-5.05468107572263
"LINC02884",-5.05596396684567
"HSPA6",-5.05993065823327
"SNHG26",-5.0663473079481
"TWF1",-5.06814713417739
"NAA16",-5.07171956109684
"SHC3",-5.07200940446323
"RNA5SP212",-5.07297752480099
"TRMT12",-5.07452391161927
"APBA1",-5.07610221861243
"TGFB1I1",-5.07763815931008
"HNRNPA3P11",-5.07798883300477
"SSB",-5.07808608433724
"UNC13B",-5.08244149011496
"PLAGL1",-5.09111932126207
"CHMP5",-5.0930378116176
"EPB41L3",-5.09466577090412
"MIR548C",-5.09745386857329
"CDC42BPB",-5.1012667088865
"ACP6",-5.10313550206893
"OPHN1",-5.10587120709533
"DPH3P1",-5.10951409590153
"DEAF1",-5.1112116936523
"MMP16",-5.11360781781368
"RALA",-5.12025687330244
"OR1F1",-5.12200372693394
"PSMB4",-5.12551559328735
"BMERB1",-5.13476920442488
"ZCCHC14",-5.13528523484759
"MYL12B",-5.1397167606678
"APOBEC3B-AS1",-5.14000439684413
"IL1RAP",-5.14019856466289
"VNN1",-5.14472470358974
"MFSD3",-5.14485193672331
"DNAJC25",-5.15023993244185
"ST3GAL1-DT",-5.15030080938002
"MZB1",-5.15231431742149
"ZBED3",-5.15418118009198
"BLZF2P",-5.15636125653482
"TRNT1P2",-5.15754499425003
"RIGI",-5.1577390989274
"ESPN",-5.15778133689038
"PTPN11P3",-5.160884772511
"CCNJP2",-5.1612538821911
"MAGI1-AS1",-5.16164912594506
"LSM14B",-5.16317134834817
"GAS1RR",-5.16924075367217
"DGUOK-AS1",-5.16988292182149
"UBE2O",-5.17042209273203
"NKRF",-5.17828897518646
"LINC02344",-5.18598661204866
"RN7SL1",-5.18738156794026
"RPS8",-5.19085509774015
"PGPEP1L",-5.19482229493668
"GLIS2-AS1",-5.19595388046568
"PPP1R3F",-5.19771570662815
"CCDC25",-5.19830105877425
"PLA2G12A",-5.20265296314807
"IFI16",-5.20420011562996
"BAAT",-5.20497054942963
"SERF2",-5.20844673519362
"TMEM254-AS1",-5.21333302857632
"CEP15",-5.21548211944909
"CCDC148",-5.21939809948962
"TRG-AS1",-5.21982833796984
"RNU6-1188P",-5.22321427864993
"PGP",-5.22436381691169
"UST",-5.22468465359776
"OSBPL3",-5.22912332787101
"CUBN",-5.23191417018292
"RPS4X",-5.23224449832904
"COLCA1",-5.23436620597916
"CCDC184",-5.23702687715089
"ETNK2",-5.23787769127355
"LINC00539",-5.24392461134523
"SLC35A3",-5.24556933892561
"CFLAR-AS1",-5.24815122923783
"MIR1282",-5.25324035427718
"PLPP4",-5.25349937890832
"DUSP8P5",-5.25360631510906
"C2orf81",-5.25654856127392
"FCF1P7",-5.25758843996423
"DANT2",-5.25874080608755
"MOK",-5.261296017262
"BICRAL",-5.26192012533898
"EIF4EBP3",-5.26232072501954
"RTP4",-5.26574213014985
"CSNK1G3",-5.27060334921688
"OR7E126P",-5.2717540043376
"INSR",-5.27611901601257
"MIR326",-5.28115343167191
"STEEP1",-5.29467070191564
"GUF1",-5.30387163196226
"CXCR1",-5.30481801790063
"DDIAS",-5.30521169290603
"KCNRG",-5.3056723673931
"SELENOH",-5.31714323702878
"IFI27L2",-5.31864089820361
"CBY1",-5.32455645539803
"BCAS2P2",-5.33281706600313
"LHX6",-5.33438873062739
"PRMT5-AS1",-5.33538165836788
"GTSE1",-5.3357380259361
"GUCY2C",-5.34069481008386
"FUCA1",-5.342159768509
"MIOS-DT",-5.34560734996819
"KCNK5",-5.34652102375845
"FAM8A1",-5.35321254812962
"PSIP1",-5.36264262317719
"CHCHD5",-5.36601302349265
"B3GALNT1",-5.36662826135188
"PEAR1",-5.36727105610205
"MIR125B1",-5.38172945240154
"DUSP18",-5.38294824356875
"ARHGAP44",-5.38451409785559
"MYOM2",-5.38874513175481
"GRHL2",-5.39188815198489
"RYK",-5.39460740603946
"DTL",-5.39489069194102
"FAXC",-5.39518292684083
"RPS17P16",-5.39665360171015
"CXCR2",-5.4021739033023
"ELFN1",-5.40220593873837
"USP27X-DT",-5.40220593873837
"KIR2DL1",-5.40220593873837
"POLR3G",-5.41406432510835
"ZNF559-ZNF177",-5.42703048303791
"RNU6-597P",-5.43987666291167
"ELK3",-5.44254315113399
"HSPE1P26",-5.44575161884145
"SLC2A9",-5.44647517223828
"GLTP",-5.44836701475152
"BTF3P6",-5.45285838057632
"SUGCT",-5.45673973237612
"PRAF2",-5.45713087922408
"PDGFC",-5.46393346389119
"MIR4265",-5.46440473402866
"SEMA3B",-5.46497746874451
"MIR210HG",-5.46652885076372
"LPGAT1-AS1",-5.47172516276575
"OAS1",-5.47529741947949
"BCKDK",-5.47538828506834
"KLRD1",-5.48706170000755
"C6orf52",-5.48904329765328
"ELOBP4",-5.48904329765328
"DAB2",-5.50522593049758
"RN7SL655P",-5.50669881739829
"RPL19P14",-5.50669881739829
"RN7SL57P",-5.51617169596142
"LINC02995",-5.52138597849424
"FRMD6-AS2",-5.530994898457
"XPC-AS1",-5.53204940252974
"PRDM15",-5.53271924476305
"MIR99AHG",-5.53288382938842
"LINC02981",-5.5377250378375
"PLOD1",-5.54037329375081
"GARIN4",-5.54087937173829
"NAT8B",-5.54259739903041
"ARHGEF10L",-5.54401762443847
"H3-7",-5.54701945304791
"PABPC1P1",-5.54893125169558
"PLEKHD1",-5.56158023922513
"EBLN3P",-5.57449637115175
"ERCC6L2",-5.57969982334238
"SIRT6",-5.58038404753784
"TULP3",-5.5816494086494
"ATP6V1E2",-5.58398028631292
"MMAB",-5.58660399148744
"RPL12P18",-5.58720154447744
"GGTA1",-5.58838652792597
"PHKA2-AS1",-5.58840436000313
"CRLF1",-5.59199686314811
"ZNF260",-5.59578626057018
"SNRPEP11",-5.59626443485148
"BSN",-5.59803484575729
"UNC5D",-5.60104399496181
"CCDC50",-5.60255756744168
"SNX25",-5.61632666939358
"KCNT1",-5.62236434788566
"UAP1L1",-5.62979296929606
"UNC79",-5.63468278475983
"RN7SL426P",-5.64275631203955
"H4C13",-5.64838384841387
"BIN3",-5.65059944237559
"RPL12P49",-5.66279901180942
"RPL31P52",-5.6678659138107
"SCAPER",-5.66955540325983
"SYT15",-5.67133203772883
"PCK2",-5.67457917638312
"PRELID3BP8",-5.67754888927416
"LINC01270",-5.67754888927416
"GSTCD",-5.68469891216201
"PABPC1P4",-5.68591524186515
"CMC1",-5.68943845282763
"NCKAP5-IT1",-5.69346593195707
"ZNF83",-5.69352970113669
"RPL23A",-5.69460844641203
"ANKRD10-IT1",-5.69464141816458
"DPYD-AS1",-5.69660136304316
"EFEMP2",-5.70378868319622
"FHIP1B",-5.71185045396828
"ADCY6",-5.71192741099664
"ZNF133-AS1",-5.71605985616581
"PDXDC2P-NPIPB14P",-5.71618559084479
"HSD11B1",-5.71648888518986
"BMAL2",-5.71743988545602
"MAP3K15",-5.71747649549975
"ZNF713",-5.71772088105695
"LDLR",-5.71969866089533
"ACBD5",-5.72177780573113
"RNU6-1294P",-5.72551429084808
"EPRS1",-5.72659177319129
"GRPEL2-AS1",-5.72785669679717
"NAA35",-5.73037402097767
"VASH1-DT",-5.74242543358403
"CD14",-5.74371174036681
"MTRR",-5.75357389768954
"RPL35AP6",-5.76064527094851
"NAV2-AS2",-5.76064527094851
"NPDC1",-5.76674916685412
"MIR4308",-5.76704109328016
"PPP1R12B",-5.7772625697507
"RTCA-AS1",-5.77799374945404
"CMKLR1",-5.77986035233111
"RNU6-48P",-5.78000498967522
"LINC01772",-5.7866629137135
"LINC00305",-5.7878442853675
"GOLGA6L9",-5.79247867561231
"BHLHE22",-5.80708363948093
"RPL12P12",-5.81257861566622
"SNORA65",-5.81359854910109
"ARMC10P1",-5.81435942361159
"ATP7A",-5.8168311519597
"SPMIP4",-5.82655501576305
"LINC02422",-5.82733208888335
"CDC20",-5.82814954080186
"AFAP1",-5.82915417570174
"DACT1",-5.83081844088166
"PSMA2",-5.85033355809563
"CAMK2G-AS1",-5.85677184835557
"SMO",-5.86257548545489
"ARL3",-5.86493171607158
"NOB1",-5.87348667172647
"PIGW",-5.87357445254958
"ARRDC3-AS1",-5.87671888583958
"CCL2",-5.87775531536067
"ETV5",-5.88224370706869
"CRIPTO",-5.88251916948741
"MRPL46",-5.88881469536813
"TTC8",-5.89041156721863
"ADGRB1",-5.89198786065327
"NOTCH2NLR",-5.8971753823689
"MEIOB",-5.89767952072341
"WAPL-DT",-5.9040745120221
"MUC12-AS1",-5.90488808096761
"RPL39P3",-5.9061124095171
"THRB",-5.9068730221988
"CDK2AP1",-5.91027683206703
"MCM4",-5.91432619156453
"COMMD1",-5.92647461862611
"RNU6-487P",-5.93325369033203
"DHX30",-5.93380783220892
"LPGAT1",-5.93382614315525
"PACS2",-5.94224707082502
"TUBA4A",-5.95135997992708
"EPCAM-DT",-5.95771309528236
"LINC01963",-5.9650506927117
"GATD1",-5.97113094166309
"FNDC4",-5.9811857870408
"RASA4B",-6.00219565411341
"CLASP1-AS1",-6.0071802927276
"MIR644A",-6.00984628241528
"NPAT",-6.01074892879347
"LINC02412",-6.03156672470402
"C17orf78",-6.03158778062274
"ARMC10",-6.04033310715004
"KLC4-AS1",-6.04145332738579
"DIPK1A",-6.04496956075801
"SLFNL1-AS1",-6.0521782331244
"RPL13AP26",-6.05694944920113
"MIR1-1HG",-6.05859754759492
"RBM19",-6.06501119206057
"MSL1",-6.06691450239844
"SCARNA18",-6.07604846363835
"MORF4L2-AS1",-6.07979171528685
"RN7SL67P",-6.08365467192007
"UBE2SP2",-6.08939868184396
"CDH15",-6.09192014067818
"SNRPCP11",-6.09414390691497
"MTRF1",-6.10079483948753
"AK2P2",-6.10607855299685
"FAM136CP",-6.10657572310861
"AMDHD1",-6.11470401559109
"PAPLN-AS1",-6.12233926999977
"CTSK",-6.12485110035064
"PCCA-DT",-6.13102278983166
"RNU6-927P",-6.1323648150622
"MYOZ3-AS1",-6.13331953774501
"SIT1",-6.13614408595129
"LINC01605",-6.14165768351891
"HIBADH",-6.14284423149029
"BOLA3",-6.14361463972174
"PSTPIP1",-6.1485722150661
"PCDHGB2",-6.1512479960707
"FAM221A",-6.15246301640249
"GPR21",-6.1532926345307
"PDZD7",-6.15796962454491
"RHOB",-6.16004682015991
"RNU6-748P",-6.16528015724837
"CA8",-6.17040534367422
"NDRG1",-6.17245321944124
"RPL21P121",-6.17288041783983
"TTC23",-6.17547585506192
"SPINK6",-6.18219899426214
"PKP3",-6.18219899426214
"PPP1R13L",-6.18934566623493
"GPC1",-6.19071831765819
"RPS15AP16",-6.19278051205644
"MIR25",-6.20236012799496
"CC2D2A",-6.20277952411292
"SCML1",-6.20465176393813
"PLA2G2A",-6.20655183185079
"IFIT1",-6.21043171786864
"TTBK2",-6.21583046143612
"TWSG1",-6.21615648206833
"ATP6V0E2-AS1",-6.21925169766712
"RNU4-86P",-6.22743046773168
"RNU6-1060P",-6.22867455504412
"AJM1",-6.23227034225691
"SEC61G-DT",-6.24112953098094
"YRDCP1",-6.24307356887495
"COL18A1-AS1",-6.2506988080925
"PARD6G",-6.2575799499468
"FKBP7",-6.26274343568995
"AFMID",-6.26610667414846
"NOL4L",-6.28000178461629
"OSMR-DT",-6.2823327930765
"ARHGAP11B-DT",-6.28821224461725
"MDN1-AS1",-6.28938779810942
"ASPH",-6.29206301931471
"CISD1P1",-6.29312962514711
"COX7A2P1",-6.29364410956696
"MAGI1-IT1",-6.30876556847851
"MKRN2OS",-6.311480264903
"COX4I1",-6.31246411383041
"CLEC9A",-6.31274006802501
"SCN9A",-6.31445811947657
"GRM3-AS1",-6.32134094661082
"ANKRD34A",-6.32328949358907
"LINC02447",-6.33285486966283
"CLDN7",-6.33496891215158
"FRY",-6.33554068831156
"IFT88",-6.33598759620429
"BCL6",-6.341335007434
"NDUFAF2",-6.35032565079243
"SMUG1",-6.35433854540675
"SOX6",-6.35533768441862
"RNVU1-33",-6.35560498255946
"IL1B",-6.35785252877953
"LINC00887",-6.36180672250754
"SYNM",-6.36251261282695
"NR2F6",-6.36805846463602
"ST7-OT4",-6.36911986363992
"LINC01537",-6.37080894882747
"NRSN2",-6.37158897493466
"SIMC1",-6.37916223105164
"SFTPD-AS1",-6.37967888423909
"ZSCAN12",-6.38116246081511
"FOXD1",-6.38559425036022
"DUS2",-6.3862911871906
"ANXA2P2",-6.38808184457492
"PCP4L1",-6.39663328977847
"PNPO",-6.41416635125372
"NQO1-DT",-6.41826305150644
"ZNF596",-6.41859192333601
"HECW2",-6.42451253676178
"RPS27AP12",-6.4290362142546
"SPRY4-AS1",-6.43441699229853
"DENND5B-AS1",-6.4347666268277
"LINC00173",-6.43710576450377
"NR2E3",-6.44529943288835
"PLS3-AS1",-6.44756741400531
"LINC02026",-6.44903555910427
"KLHL42",-6.45157150989617
"SCIMP",-6.45253741967514
"SOCS3",-6.45595674759372
"INTS9-AS1",-6.4576585469404
"SEMA3B-AS1",-6.46277414316608
"DNAJB8-AS1",-6.4655299030417
"SMARCD1",-6.47107984412017
"SPEF2",-6.47505883966547
"ADSS2",-6.47874275560233
"RCAN2-DT",-6.48055411564472
"SLC6A21P",-6.48064389191419
"CYTL1",-6.48376191926218
"MPRIP-AS1",-6.49285868159823
"TSSK6",-6.49383369905583
"RIMKLB",-6.49763028381083
"CPLANE1-AS1",-6.5007801247192
"WWC1",-6.50170942142727
"NAMPT-AS1",-6.5065992453654
"OR10B1P",-6.50687274800448
"RPL7",-6.51262021482118
"LINC01909",-6.5155801525049
"OTUD6B",-6.51647946570878
"ST6GALNAC1",-6.51808933892637
"CCDC74B",-6.51922999243144
"LAMP5-AS1",-6.52066670871737
"ARHGAP22",-6.52824626560165
"KIF15",-6.53287940992231
"WWTR1-AS1",-6.54554906173331
"PROS1",-6.5462662202945
"QARS1",-6.55458304221024
"OPCML",-6.55835518505572
"CTSL",-6.57181950867732
"LINC00398",-6.57662570726855
"RPL32P32",-6.57873043169425
"SAMD11",-6.57887861876401
"FAXDC2",-6.58783031876452
"RPS3AP13",-6.58805326412757
"FAM81A",-6.59176076522881
"DKK2",-6.59188340956796
"SOCS3-DT",-6.59424623437589
"DHRS3",-6.59521363538209
"ZZZ3",-6.60661633046125
"ZNF37CP",-6.6116682780458
"LINC00665",-6.62498572747032
"KNL1",-6.62608048893306
"PAX9",-6.63089619580366
"ZNF652-AS1",-6.63839687313786
"RBM47",-6.64065433594717
"AMY2B",-6.64365388294582
"NDUFA7",-6.64407813391629
"LIPT2-AS1",-6.64446187744207
"RN7SKP271",-6.64446187744207
"RPS14P8",-6.64454152929674
"TMEM200A",-6.64748137084734
"THBS3",-6.64850764039294
"UBE2W",-6.65016010135108
"SLC25A51",-6.65040931354611
"TMEM209",-6.65524962796133
"RGS3",-6.67260926836411
"ALG10B",-6.67461409905002
"PHF11",-6.67640627237173
"SLC44A3",-6.68627733524884
"THAP9-AS1",-6.69120720605786
"RAB42",-6.69240374174999
"PRELID3A",-6.69793723235014
"ATAD3C",-6.70140264554304
"UBE2V1P1",-6.70185307936262
"DLGAP1-AS1",-6.70255656516592
"DCUN1D4",-6.70591836353311
"LINC00189",-6.71271475242122
"LIMK2",-6.718240280025
"B4GALT1",-6.72401351039155
"GEMIN5",-6.72499258431374
"MIR3189",-6.72667734983615
"BEND7",-6.73176086066277
"PRR13P2",-6.73767935157597
"ARVCF",-6.74647380600396
"HLA-DOA",-6.74942651192588
"RNU6-321P",-6.76111512435713
"ERLIN1",-6.77671126538433
"CEP192-DT",-6.77808957005031
"EEF1A1P31",-6.77894087127379
"GREM1",-6.77933730242264
"CLDN22",-6.7800954436305
"SSTR2",-6.78124226716419
"NXPH4",-6.78416354230283
"LINC02768",-6.78691167561091
"RNU6-1301P",-6.79225017509693
"CYB5R2",-6.79372658136754
"LINC01624",-6.79415216180498
"GPRIN1",-6.8075480283928
"ICE1",-6.8133527660797
"CUL4B",-6.81370324834917
"MSH2",-6.82141816332703
"NOD1",-6.82465345642991
"CNTNAP3",-6.82652951582894
"AATF",-6.82752844038387
"NEMP1",-6.83116630562373
"HOXA5",-6.8333259282306
"JMJD1C",-6.83493682634527
"LINC01176",-6.83525306588611
"POTEE",-6.83700968053867
"IL6-AS1",-6.8384678516803
"LCDR",-6.83945650196341
"HYCC2",-6.84662058781185
"CIB2",-6.84960299274037
"GAS5",-6.85682661775003
"YY1-DT",-6.85758915127298
"TCF3",-6.86084198171165
"RNF24",-6.86390807511093
"LSAMP",-6.8676309640385
"LCN6",-6.86860300713647
"FOXD1-AS1",-6.87119469161773
"MCF2L-AS1",-6.87259630017478
"RNU6-223P",-6.88218383645135
"ZNF747",-6.88457815456258
"DDX55",-6.88465997675484
"TBL1XR1-AS1",-6.89192469455611
"RELL1",-6.89206314072559
"NOTCH1",-6.90022185752816
"WWC2",-6.91220590658267
"GFPT2",-6.91556931836988
"SLC37A1",-6.92790465811055
"PLEKHG5",-6.92806464133532
"POGLUT3",-6.93667328023651
"THAP10",-6.94216352125813
"ICMT",-6.94546580301249
"KIRREL1-IT1",-6.9458142223949
"FAM88E",-6.94649412453062
"ENDOD1",-6.94680068772825
"GRM2",-6.94713333350006
"CT66",-6.95418765361774
"LRRC4C",-6.95452250560321
"LINC01141",-6.96180910441678
"LINC00921",-6.97376993469662
"SERINC4",-6.97661895610398
"PCMTD2",-6.97900901162873
"MIR4999",-6.98236801638307
"TMEM156",-6.98844209969622
"RNU6-1226P",-6.98974486651782
"PFN2",-6.99141638637237
"TACR1",-7.00508541268189
"SGIP1",-7.00560645030256
"PTK7",-7.00732119064064
"ZNF266",-7.01365431907503
"NPTN",-7.01587853772577
"RPL23AP55",-7.01752758954871
"TASP1",-7.02076294366006
"ARHGAP11A-DT",-7.020824133554
"SYNJ2BP-COX16",-7.02802480372401
"ASAP2",-7.02869755239462
"TTC39C-AS1",-7.0356223194758
"AMT",-7.03585431855674
"PDE3A",-7.03838435671268
"LINC01958",-7.0457302821601
"PDGFA",-7.04600037545887
"SLC29A4",-7.04653241048994
"IL10RA",-7.05834209152219
"ENTPD1-AS1",-7.06050908573332
"TXNDC12-AS1",-7.07138712939331
"TPST1",-7.0719440483788
"ASPG",-7.0796326639141
"SEMA4G",-7.08214890119896
"NRAS",-7.08812713700024
"LZTS2",-7.08908565866234
"TMEM184A",-7.09633271516043
"CIMAP1D",-7.12303543686429
"METTL8",-7.13410493963982
"KRT18P61",-7.13860187640476
"SLC5A4-AS1",-7.14384532553964
"MEX3A",-7.14541496580068
"SCGB3A1",-7.14873421627792
"COX10-DT",-7.1496203487557
"KIF1C-AS1",-7.16209071226832
"OR2A1",-7.16369586038658
"VPS16",-7.17005577714868
"SNORA79B",-7.17186468429611
"TMEM71",-7.17701271145841
"SIX2",-7.17758479328642
"ELOVL2",-7.1780526533161
"RIMKLBP2",-7.17882035659667
"THPO",-7.185889962349
"APOBEC3D",-7.18942177465495
"KCNK17",-7.19049544609063
"OXA1L-DT",-7.19241980090809
"TOB1-AS1",-7.20794972186627
"RN7SL68P",-7.21067062783106
"CRHR2",-7.21179372425467
"SOS2",-7.21193307269282
"VIRMA",-7.21353989145838
"SLC2A11",-7.2161421810188
"NEURL4",-7.21635382536618
"TAB3-AS2",-7.21847694748709
"CFAP298-TCP10L",-7.21921689957617
"RPS13P4",-7.21933617153649
"CD2AP-DT",-7.2291510292842
"MIR4803",-7.23570384687953
"LZTS3",-7.23720003520551
"MIR3941",-7.23842024745244
"POU5F1P5",-7.24397989269391
"CTDSPL2",-7.24543959270352
"ANGPT1",-7.24791326845161
"PARP14",-7.24960662876021
"RN7SL832P",-7.259614409611
"CCDC73",-7.25982007229296
"GDPD3",-7.26350315255969
"ZNF169",-7.26628725072169
"DAAM1",-7.28337965731596
"WNT5B",-7.28425680828404
"RPL41",-7.28756331000228
"PHLDB1",-7.29277910266876
"RGL4",-7.29320624543564
"ARHGAP27",-7.30050976921883
"TNFSF13B",-7.30855926902485
"PPP1R16B",-7.31960394255671
"CLVS1",-7.3213494121439
"GNGT2",-7.32668811428375
"PTGDR",-7.33098546981986
"WDR5",-7.34384631617781
"CDHR3",-7.34500761272543
"SNORA2B",-7.35264789699117
"UBA2",-7.3526939580104
"TRIM38",-7.35435629788646
"ZNF487",-7.35492473447013
"USH1C",-7.35946804551242
"SLC52A3",-7.36806021871966
"PITPNA-AS1",-7.36938519260243
"DYNLRB1",-7.37031805521305
"SALL2",-7.37045604424499
"FOXO1",-7.37119640455262
"CRYM",-7.40551063022242
"CNTNAP1",-7.40818684878856
"MTHFD2L",-7.41446288724947
"QPRT",-7.41485963275665
"RHOXF1P3",-7.41804116509813
"LINC02507",-7.42383136207133
"ZNF584-DT",-7.42502462704021
"MROH5",-7.4271843022325
"TSR1",-7.43237367092701
"E2F1",-7.43347107427374
"PGM5-AS1",-7.4342568466693
"CFAP45",-7.43604324523922
"CDC26",-7.43635468769948
"LINC00689",-7.44479559373633
"SPIN2A",-7.44479559373633
"GIMAP1",-7.45511877639832
"APIP",-7.46082629817573
"LINC01876",-7.46094095239072
"ANK1",-7.46287905897416
"NME7",-7.4661522151229
"ZNF124",-7.46623553748614
"MT2A",-7.47167134609877
"CENPH",-7.47208045240467
"HCG11",-7.47584194255107
"IFI6",-7.48073739722461
"E2F2",-7.48217302614878
"RPL36AP16",-7.48268276782975
"MSTO1",-7.49233218568744
"NR2F1-AS1",-7.49310556993719
"MICOS10P3",-7.49976578731375
"RNU6-979P",-7.50255916244761
"RPL21P5",-7.50344938060662
"SULT1C2",-7.51095864655582
"RPLP0",-7.51951613837356
"TSPAN13",-7.52579378186706
"LOXL1",-7.53136364195502
"PHPT1",-7.53218841282258
"TEX54",-7.53520156656564
"HDX",-7.53915025633757
"REC114",-7.54103881155138
"SEPTIN7P6",-7.54470063640366
"NKX6-1",-7.54829959574748
"NPB",-7.55338727497219
"RHPN2",-7.56257697063552
"RNU6-101P",-7.57287962830616
"TPM1-AS",-7.57312075666465
"LHFPL7",-7.57372712765467
"SPMIP5",-7.57529183284921
"RBM15B",-7.57831004070996
"MIR4453HG",-7.58422930037622
"PKP4-AS1",-7.58615273744547
"FATE1",-7.59453111432592
"BACH2",-7.59509316247362
"HMGCLL1",-7.59527297270123
"SHROOM3",-7.60108419643026
"RPS2P1",-7.60113676293185
"PGR-AS1",-7.60133606760582
"LRP3",-7.60329534906209
"ZNF19",-7.60929126252225
"FBXO10",-7.6095681989915
"THBS1",-7.61464833357881
"TAS2R20",-7.6160641894377
"TTLL7",-7.61817143118147
"ZNF7",-7.6188301520499
"LINC01303",-7.62021332371619
"ITGA7",-7.62529318839728
"ABCD1",-7.62978414647432
"CBX2",-7.63881964118873
"ABHD11",-7.63982090280105
"RRAS2P1",-7.64342489146997
"NAALAD2",-7.64625081369784
"MFN2",-7.64845471214343
"PIK3C3",-7.6490473094686
"CMTM2",-7.65320720812326
"PUM2",-7.65407548706126
"PPFIA2",-7.65718871923623
"ADAM17",-7.65864967506102
"FOXL1",-7.66367415797738
"CA11",-7.66367415797738
"CBR4",-7.66628739132357
"SERBP1P6",-7.66712659224574
"FBLN7",-7.67617896832446
"MAGOH3P",-7.68151114550858
"ISM1",-7.68400194229923
"IL1RL2",-7.69136713711247
"SNHG31",-7.69184169999888
"NUP133-DT",-7.69473913657977
"DNM3OS",-7.6959340536937
"ZNF676",-7.69757410676755
"ADRA1B",-7.69835978765663
"SLC25A43",-7.70158913165474
"LXN",-7.7020779175339
"GALNT14",-7.70452327394212
"ZNF407-AS1",-7.7252070004357
"INSYN2A",-7.72812188702044
"DSTN",-7.73489088042028
"NECAB1",-7.73567045527049
"CXCL2",-7.73653775264165
"ATL2",-7.74119610874285
"PPM1F-AS1",-7.74217039617285
"L3MBTL1",-7.74307413444441
"DERL1",-7.74518356243167
"PECR",-7.75003035782218
"PKD2",-7.75536914729691
"CCNJ",-7.75650944145765
"OAS2",-7.75663929534122
"RASGRF2",-7.75931177835936
"KLF4P1",-7.7644235346536
"RN7SL81P",-7.76669152957955
"LINC02828",-7.77096767419357
"EHD4-AS1",-7.7726666440115
"IQCE",-7.77396012336502
"WWTR1",-7.77582966334884
"UBXN6",-7.77877451717433
"BCL9L",-7.78324068850787
"LOXL2-AS1",-7.78613493004404
"COL8A2",-7.79035313515659
"PITPNM2",-7.79252257299651
"MKLN1-AS",-7.80353358801938
"HAGLR",-7.80451824331688
"DNM1",-7.82110360786474
"TIMP1",-7.82622197315836
"GEM",-7.82818097257522
"CABP1",-7.83509087106038
"MIR153-1",-7.8447447867426
"TWIST2",-7.84482152159373
"DDIT4L",-7.84777966409947
"ST8SIA3",-7.85109350228933
"STARD8",-7.8515896349209
"PROX2",-7.85507826352764
"THBS3-AS1",-7.86613536683599
"CADM2",-7.87915837848729
"EGFLAM-AS1",-7.89186985260859
"CAND2",-7.89441484509724
"GRK5",-7.90305988042161
"SCHIP1",-7.90616163959991
"ID2-AS1",-7.90788730206474
"FAHD2B",-7.90817473793189
"KLHL3",-7.91405750165188
"FBXO21",-7.9144388206634
"MUC3A",-7.91533451863819
"PTK2",-7.92013345178796
"CABLES1",-7.92444927619873
"POLR3A",-7.92953380200564
"C2orf66",-7.9299309391971
"ICMT-DT",-7.93091239888277
"CTTNBP2NL",-7.93346820574249
"RPL23",-7.93465698881032
"FRS3",-7.93597312989384
"CPOX",-7.93671585235792
"SFXN2",-7.94434976709604
"DGKG",-7.95158315930775
"SLC22A5",-7.95855548091992
"BDNF-AS",-7.9639850310828
"PPP4R2P1",-7.96404835499159
"CHM",-7.96523035807276
"RN7SL834P",-7.96811862807298
"DNAJC24",-7.97117335354731
"PROX1",-7.97163853731023
"SEMA6A-AS1",-7.97526404434459
"SLC16A2",-7.98226488296303
"LINC03018",-7.98281316362114
"SVIL",-7.98347312755075
"FTOP1",-7.99830476591123
"SPRY1",-8.00427510559364
"DCLRE1B",-8.0050113093621
"CRYBG3",-8.01318462034694
"RPL12P31",-8.02434651824774
"GLIPR1L1",-8.04425833345358
"EEF1B2P1",-8.04739258699342
"PM20D2",-8.05299314952983
"XPC",-8.05543967499881
"USP2-AS1",-8.07168393238784
"H2BC5",-8.07672453465888
"PCSK7",-8.08214256734977
"NDST1-AS1",-8.08413092495154
"COX6CP7",-8.08533019714639
"CCDC163",-8.08920756590536
"TWNK",-8.09382149309628
"LINC00482",-8.09456681695571
"NDC1",-8.09460158188315
"ADAMTSL1",-8.11798347380157
"UTS2B",-8.1207968458124
"CKAP4",-8.13103499153552
"TPRKBP2",-8.13234125502509
"COX7B",-8.13805407722916
"FDX1P1",-8.14342071913869
"DIPK1B",-8.14509143105026
"NAA80",-8.14591480029609
"CHCHD2P11",-8.14711127734506
"LOX",-8.15601507860158
"LAMA4-AS1",-8.15767922229336
"WNT6",-8.15859078542088
"SOD2",-8.16844421092412
"ZNF2",-8.17077990141274
"PDZRN3",-8.17402535765546
"INPP4B",-8.17448193149201
"TMEM87B",-8.17757753160869
"TMEM52",-8.20203414463999
"TICRR",-8.20203414463999
"KLRB1",-8.20361862371186
"LINC00526",-8.21825306222179
"RNU6-722P",-8.22642188877341
"DHRS4L2",-8.23250503896959
"SLC16A11",-8.23644185542707
"TSSK4",-8.24436398194233
"H2BW1",-8.26186813783348
"PIK3R5",-8.26186813783348
"PDCD6",-8.26191750630185
"PFDN4",-8.26241332496743
"SESTD1",-8.2746367683398
"CTBP2P8",-8.27881314463438
"RN7SL233P",-8.28405744922368
"LRRC4",-8.28534236349109
"SLC22A31",-8.29040900619042
"MIR503HG",-8.29207583980753
"SCARB1",-8.29602952759364
"MAPKAPK5-AS1",-8.30811707589268
"NEPNP",-8.32367962341174
"LAMP2",-8.3297118418104
"ARRDC3",-8.33703429922742
"RUSF1-DT",-8.33769241562315
"FOXQ1",-8.34120397011634
"LGALS1",-8.3575420138957
"FIGN",-8.35775576022418
"PLEKHG7",-8.36787677411737
"CKS1BP1",-8.36939716615746
"TMEM200B",-8.3696572008016
"OBSL1",-8.38332946785996
"FRK",-8.38798570368333
"TREM2",-8.39305033163846
"RPS28",-8.3955878038402
"GJD3",-8.39786074141401
"RPL12P29",-8.39794281246665
"RPS27AP7",-8.4107853996108
"NDST1",-8.41610380104054
"CDH2",-8.42124927541526
"SH3BP5-AS1",-8.42552940169823
"CFAP161",-8.42562788173912
"DHFR",-8.42588200310559
"CARNMT1-AS1",-8.4379035825104
"SPECC1L-ADORA2A",-8.43980450589505
"TRPC4",-8.44279566285619
"FMR1-IT1",-8.44658420895169
"CASC19",-8.45333676041872
"RANBP6",-8.4570071020661
"KIAA2012",-8.46970440250457
"STUM",-8.47454523350087
"THNSL2",-8.47575736371105
"RN7SL326P",-8.47873254733716
"ARHGAP28",-8.48516943324726
"RNU1-16P",-8.48827582364268
"DHFR2",-8.49723840129399
"IFIT3",-8.49772490211105
"RRAGAP1-AS1",-8.50126388240249
"PLK2",-8.50755411617456
"SNRPGP9",-8.5201669044547
"CDC42BPA",-8.52322892655073
"EPHB3",-8.53219829020822
"RPL17P19",-8.55669707387941
"H3C11",-8.55961879102636
"RILPL1",-8.56074378911321
"ZNG1A",-8.56236118620568
"TRMT10B",-8.56333838401893
"ACTN1",-8.56434162904362
"KRT6A",-8.56580945426771
"EPN2-AS1",-8.5679317608428
"NAGPA",-8.57227586544817
"KIAA1143",-8.57581388475496
"RN7SL182P",-8.57630922155439
"COLGALT2",-8.57729174829624
"TIMP2",-8.58693026980074
"MTSS2",-8.59234523492286
"MOXD1",-8.59681288773546
"NPL",-8.59756863965971
"TTBK2-AS1",-8.59996719135323
"AGMO",-8.60495154793419
"PNMA2",-8.60715339711694
"H2AC11",-8.61367431370123
"H2BC6",-8.61635827862598
"LEPR",-8.62830069576847
"RPS24",-8.6414699597942
"PRB4",-8.64426947560474
"FGFR2",-8.64442922317251
"DNAH7",-8.65945967091839
"KIAA1586",-8.66875439827015
"AIFM2",-8.66972770759666
"PHLDA1",-8.67427839684171
"SNRPF",-8.67739746024555
"SNORA31",-8.68542099512133
"GRAMD1C",-8.6903011406401
"TRIM17",-8.70025778803619
"GCNT2",-8.70897444316321
"MOCS1",-8.71185530381632
"HMGB1P51",-8.71965253449794
"RPL34P24",-8.72234143414253
"ZNF835",-8.73070992268415
"HCG9",-8.73673604931209
"MIR3160-1",-8.75391528699086
"RNU4-87P",-8.75702474466177
"LINC02614",-8.763029873638
"COL17A1",-8.76470026107889
"STMN1P1",-8.77614852420711
"RPL36AP41",-8.77726864556163
"LURAP1",-8.77756749231495
"PARD3",-8.77876902762478
"ACTG1P12",-8.7820946512084
"C1orf198",-8.78238088141605
"ZNF724",-8.79486082414705
"PIWIL4-AS1",-8.79628049749101
"RN7SL589P",-8.79803942283097
"FKBPL",-8.79998453651033
"CLYBL-AS2",-8.8014309230786
"NTN5",-8.810318532585
"CARNS1",-8.81400497021446
"NEXN",-8.82876839655762
"MAP4K3-DT",-8.83106411681485
"KRT7-AS",-8.83114613868077
"UTP25",-8.83235460037215
"CELF2-AS2",-8.83569537231012
"GFOD1-AS1",-8.84000089526815
"RPL7AP42",-8.84186558154049
"CCDC194",-8.84527162572117
"ACSS2",-8.85098915950213
"FTCD",-8.85392930160856
"ARGLU1",-8.86716608568479
"LAMB4",-8.87294681803843
"PRTG",-8.87575909347984
"FAM3C2P",-8.88659789145176
"QKILA",-8.88867618384222
"MIR181A2HG",-8.89576010065033
"LRRC2",-8.8964855097169
"LINC01352",-8.91117307540248
"STAT2",-8.92369142426542
"BMP5",-8.92424339105049
"CPLANE2",-8.92800334362846
"CARF",-8.92922435174934
"PIGBOS1",-8.93768553051257
"MRPL45",-8.94137434395321
"FBN2",-8.9418516450394
"C4orf46",-8.94527158320829
"ZNF385D-AS1",-8.94648386360919
"CKB",-8.94742999653043
"RPL22P24",-8.94798970194256
"ARPIN",-8.95100247969155
"CEP131",-8.95362237528212
"TMEM79",-8.95980856164813
"ULBP2",-8.96544207737471
"INHBB",-8.96544277087538
"GOLGA7B",-8.96580724535281
"SRGAP1",-8.97043419069682
"RPL39P16",-8.97238006846476
"MVK",-8.97855002303389
"RNU6-249P",-8.99068581260272
"TNFRSF10C",-8.9935813188061
"DCAF16",-9.0016521843756
"RBM12B",-9.00283001120629
"KATNAL1",-9.00644946379049
"EPHA1-AS1",-9.00750130624488
"DMGDH",-9.00820795324411
"ZNF582-DT",-9.00946364784816
"NDE1",-9.01081460934876
"DYNLT2B",-9.01385378024962
"ACTN1-DT",-9.01676850068793
"XNDC1N",-9.02300686923137
"RIPPLY2",-9.0251227388492
"GABRD",-9.02635960761863
"TET1",-9.03611081981936
"ALG9",-9.03634294200542
"WLS",-9.03679266892524
"CD3D",-9.04326978277037
"COL4A5",-9.04693504904618
"HOXD-AS2",-9.0476138808695
"AP1AR-DT",-9.05047160903707
"CLEC4E",-9.05388606632099
"CACNA1C-AS4",-9.08186814039989
"ABCF2",-9.08779266724705
"KCTD21-AS1",-9.08867432235903
"RPGR",-9.09354014469495
"SH3PXD2B",-9.09369824731111
"GUCY1B1",-9.10247826841161
"ITIH4-AS1",-9.11085406681675
"TMOD2",-9.11213971422353
"CSMD2",-9.11812778682946
"NCBP2L",-9.12234125022388
"GPR27",-9.12250767897119
"ZNF208",-9.12639382148649
"POGLUT2",-9.13089285044642
"HP",-9.13267404652119
"ARHGEF7-AS2",-9.13765476342243
"C16orf95-DT",-9.13881484910912
"FBXL7",-9.14233110358934
"NDUFV2-AS1",-9.14717283562543
"PPIE",-9.14872567879122
"PABPC5",-9.15249186619159
"LINC01914",-9.16037722949539
"LRP2BP-AS1",-9.16556704915128
"FAM83D",-9.16579307770526
"INSL6",-9.17121776047905
"VWA8",-9.17198053099366
"MPPED2-AS1",-9.17873747952671
"ERICH2-DT",-9.18320502738675
"TRIB1",-9.20696262142627
"RN7SL146P",-9.21298854999231
"MYL3",-9.21467407999942
"ZNF585A",-9.22322899138395
"B9D1",-9.22678758742798
"ATP5PDP4",-9.22710215558453
"MEGF11",-9.22724019672181
"RPL17P17",-9.22813582126689
"DHX58",-9.22939896467049
"ZNF554",-9.23505789616386
"ALPL",-9.23633498655255
"SEMA6A-AS2",-9.24289890600586
"SNORA77",-9.24963562555965
"CNTLN",-9.25599041118336
"RIBC2",-9.26001280119777
"MIR3147HG",-9.2663492312827
"NXF3",-9.26798814078405
"PLSCR4",-9.28517886302881
"IRF4",-9.28694183630631
"F2R",-9.2919393776859
"H2AC25",-9.29569208651088
"MDH1B",-9.29731334626096
"CENPV",-9.29741015704906
"RASD1",-9.29871014986563
"LINC03125",-9.30384652424906
"CTNNA3",-9.32257888410971
"KRTCAP3",-9.33533722005879
"MIR3160-2",-9.3449344615568
"LINC02915",-9.34517835109832
"CMTR1",-9.34698257045059
"LINC01476",-9.34719083149725
"SSU72-AS1",-9.34900073304186
"FAT1",-9.34908634147964
"RAB3IL1",-9.34921903735524
"EVC2",-9.35087330304539
"EPAS1",-9.35663310483573
"SNHG5",-9.36296504444963
"RIPK4",-9.37269819540123
"ZNF202",-9.38994996063875
"C16orf89",-9.39420139769523
"USP21",-9.40152675293144
"LINC01503",-9.40337534907123
"SNORD46",-9.40379960747769
"APOL2",-9.40434752677815
"NRTN",-9.40626949986731
"KIF25-AS1",-9.40963566309828
"CCDC68",-9.42281190913444
"SHROOM2",-9.42370222509448
"FAM78B",-9.44965044377092
"RASGRF2-AS1",-9.45995040387067
"BMP1",-9.46028655919182
"SEM1",-9.46036950101026
"CLDN11",-9.46201977383204
"NIFK-AS1",-9.468712239315
"HK3",-9.47115134235798
"SPESP1",-9.47179204201316
"ADAP2",-9.47655378165368
"SPINT1",-9.48262207236929
"CAMSAP2",-9.48439859231488
"TRIM7-AS1",-9.48960397518593
"BEAN1-AS1",-9.50473688681614
"LRRC37B",-9.50649579152375
"OMD",-9.50713092759711
"ARF1P2",-9.50713092759711
"WWTR1-IT1",-9.51633059614525
"MDK",-9.52896456613373
"TWSG1-DT",-9.53432111970447
"SLC22A17",-9.53456364908292
"BDH1",-9.53665620620668
"LINC03073",-9.53965285790195
"MSMP",-9.54465234979632
"GSDME",-9.55266766641419
"GLE1",-9.5596595003947
"GALM",-9.56397241911701
"SELENOM",-9.5664989591387
"TOB2P1",-9.56879674513674
"BCS1L",-9.58813617188183
"SRL",-9.59595729869579
"RAB28P5",-9.60342481122935
"CFAP69",-9.6063830226157
"TPM1",-9.60659793448673
"DRC12",-9.60674711715804
"CABP7-DT",-9.60877600184322
"CREB5",-9.6331762065444
"LITATS1",-9.63422237637389
"PPP2CA-DT",-9.63485535531221
"C12orf43",-9.6353720798391
"SECTM1",-9.63593093089951
"TEDDM1",-9.6389668897572
"PEG10",-9.6389668897572
"DNAJC12",-9.64107795230269
"TMEM30BP1",-9.64565904060586
"MAP3K5",-9.65526904776512
"IGF2BP2-AS1",-9.67317860446026
"MEST",-9.67321701127756
"HOXA3",-9.67914109818594
"RPL36P18",-9.6888498247693
"IRX2",-9.68947334039052
"LINC02289",-9.69324876409038
"MRM3",-9.70122376000963
"PCDHB10",-9.70153673868412
"MGST2",-9.70582657802401
"OR52N4",-9.71015610012047
"MIR200CHG",-9.71078456947255
"LINC01301",-9.71088156749791
"KIF6",-9.7112042118027
"TP53INP1",-9.71350060516306
"SUCLG2-DT",-9.7166112865713
"ANXA2",-9.71802948386999
"ASB5",-9.72635006101717
"FOXF2",-9.72635006101717
"FAM66D",-9.73770119465029
"EEF1AKMT4",-9.73783134287572
"LINC01535",-9.74609423394096
"RNA5SP363",-9.74610534968582
"TGFB3-AS1",-9.74684396040773
"LINC00670",-9.75319597762214
"RPS3P2",-9.75699212872589
"APOBEC3B",-9.76257628887932
"RGMA",-9.76484111180687
"PDGFRA",-9.76849516517331
"TLR3",-9.77780341203861
"REEP2",-9.78084163984675
"C10orf88",-9.78307742371264
"KIF3B",-9.79061052472039
"PRMT5",-9.79272934524368
"RCN1",-9.79337136255882
"RPL21P94",-9.79561047641294
"BRIP1",-9.80163589244302
"QNG1",-9.81002979700029
"PUS3",-9.82564982473263
"GSTA4",-9.825710255207
"HTR1F",-9.83009266097441
"ETV1",-9.8397002351716
"BHLHE22-AS1",-9.84550720795206
"MTHFD1L",-9.845946761916
"TRAPPC2B",-9.8462958603622
"MIR619",-9.84772634839328
"LINC01139",-9.85134040658508
"KDM5C-IT1",-9.85591165968275
"PDF",-9.86166364520221
"CORO6",-9.86800334906353
"PPM1L-DT",-9.86872910820328
"NKAP",-9.8712074505291
"PHOSPHO2",-9.87159359545952
"LMCD1-AS1",-9.87189168367152
"EVX1",-9.87485233660491
"ZNF750",-9.88619822784352
"SYPL2",-9.8979149116332
"WASF1",-9.90524105115074
"CC2D2B",-9.91262222901024
"KLHL30-AS1",-9.91343922969174
"LCMT1-AS1",-9.9140172243498
"TLL1",-9.91712589578219
"CEP295NL",-9.91827070113926
"PTHLH",-9.93710464808782
"OR2A42",-9.94108917402572
"SEMA3F",-9.94291193583087
"OTUD7B",-9.94705984472328
"TRAV1-1",-9.95172172051123
"LINC00667",-9.95421457614548
"GFRA2",-9.96292238941716
"KAZN",-9.96968401953391
"AOAH",-9.97480437151076
"C18orf15",-9.97672287625888
"AFDN",-9.97924884732393
"BTF3P3",-9.9799820014766
"LINC02104",-9.98684499364551
"MIR9-1HG",-9.98899162472585
"SEMA3D",-9.99602973331551
"AGR2",-10.0025279958159
"AJAP1",-10.0140098626878
"ACER2",-10.0336758071976
"AUTS2",-10.0346054637861
"PPP1R14BP3",-10.0389204098095
"KL",-10.0422602854278
"ZNF687-AS1",-10.053938748908
"TRAM2",-10.0543907225601
"PITX2",-10.0561980395238
"ZNF295-AS1",-10.0582466170053
"NCR1",-10.0649213829302
"ZBTB37",-10.078239598563
"FAM217B",-10.084309775204
"RMDN2",-10.0872576860435
"CREB3L1",-10.0950619147788
"GSC",-10.1085541035338
"SORCS1",-10.1226665356428
"ZNF781",-10.1328696779592
"ZNF385C",-10.1350325247772
"PRR5L",-10.1359680047988
"KCNK15",-10.1365884497919
"MANEAL",-10.1376747645126
"DIO3OS",-10.1566403624222
"IFT56",-10.1614165462826
"KIAA1549L",-10.1636335481768
"STEAP1B-AS1",-10.1639628259807
"PTGR1",-10.1708235600761
"ZNF75D",-10.1711110950843
"RAG2",-10.1803561992498
"ANAPC1",-10.1835648976352
"FAM20B",-10.1880807417853
"TRIB2",-10.2015935450789
"RALY-AS1",-10.205659462662
"LINC01993",-10.2149283039098
"KCND3",-10.2175582378613
"IL6ST",-10.2200789445519
"SPAG5",-10.2257596609572
"HYDIN2",-10.2286172577949
"COMETT",-10.2375774130508
"RPS27P16",-10.2388492797309
"C1orf131",-10.2393472602371
"LINC02035",-10.2463371243671
"CARMAL",-10.250378312979
"ROR2",-10.2511568797517
"CFAP96",-10.2707580595151
"SCAMP5",-10.2710822162282
"IGF2BP2",-10.3044629604065
"OAS3",-10.31280033789
"WSCD1",-10.3313884385006
"WT1",-10.346009391147
"TCEAL4",-10.3521973674647
"CBR3-AS1",-10.3525782569905
"PTGER1",-10.3539459646775
"SNX21",-10.3681895722137
"COL4A2-AS2",-10.3774194633374
"RPL31P19",-10.3774899000266
"LNCOC1",-10.3782323865755
"WDFY3-AS1",-10.3807905182213
"RAPGEF3",-10.3894024670411
"DDHD1-DT",-10.4005239964262
"CD59",-10.412411726866
"PAICSP1",-10.4129562978847
"CYSLTR2",-10.4130447150768
"HMGB3P24",-10.4209083848655
"NAA40",-10.4217198087285
"NCAM1",-10.4227697051299
"SCN8A",-10.4229358589563
"CAMKK2",-10.4230493649604
"MEGF9",-10.4340375942176
"GRB10",-10.4812074396962
"FUT8",-10.4816008389327
"CCL13",-10.4860233886784
"PON2",-10.4879105202615
"PPM1L",-10.4974396327924
"CEP19",-10.5031108615669
"RHOQ",-10.5110490868587
"SPNS3",-10.5114968075876
"DESI2",-10.5115651307953
"PELO-AS1",-10.5160940167302
"CFAP91",-10.5162468552369
"IL7",-10.5204931327546
"ABCA8",-10.5255010792858
"PLA2R1",-10.5349245199547
"VSIG10",-10.5366116087072
"XKRX",-10.5376284860759
"SLC5A11",-10.5423768985002
"LINC02492",-10.5445234588167
"LZTS1-AS1",-10.5491688870701
"TRIM45",-10.5552956621319
"HMOX1",-10.5612332334492
"MTG2",-10.5722346356418
"TSHZ3",-10.5780950462341
"SPACA9",-10.5957756615068
"HLA-DQA2",-10.5977862097524
"MINDY1",-10.6035697883162
"SLFN14",-10.6056656548887
"FOXP1-IT1",-10.6084221983575
"MOSMO",-10.6113522034529
"PITX1",-10.6289469741985
"PLET1",-10.6310146790622
"PTP4A2P2",-10.6406156808501
"RHOU",-10.6418981018453
"KIAA1958",-10.6442008987162
"BICC1",-10.6457565679171
"TMTC2",-10.6538735646031
"DERL3",-10.6545799382626
"PAK3",-10.6549593160478
"PAPPA-AS1",-10.6553498138326
"GPX8",-10.6667835541746
"BTC",-10.6770003497429
"FKBP1B",-10.6818415811956
"RASAL2",-10.6979666848688
"VPS33B",-10.7009246746179
"RBPMS2",-10.7041322085105
"MET",-10.7064687632759
"SGPP1",-10.7113451261252
"MGLL",-10.7258348550584
"SF3A2",-10.7259605261759
"RPS26P28",-10.7408983221146
"MFSD4A-AS1",-10.7423678547471
"LRP2",-10.742464611349
"CKAP2L",-10.742961786017
"B3GALT2",-10.7434073719423
"PPIAP30",-10.7460763383011
"OSR1",-10.7502178392368
"XIST",-10.7587507436791
"PDGFRL",-10.7667838233528
"AKTIP",-10.7701305931197
"NVL",-10.7783106901131
"SCNN1A",-10.7901099763157
"SGCD",-10.7956112681611
"LINC02978",-10.8094647200875
"MTBP",-10.8125658926134
"PUS1",-10.8139742917011
"TEKT1",-10.814947273056
"HSPA5-DT",-10.8227342648465
"SFN",-10.8256671529065
"APOL6",-10.827711060988
"WDFY1",-10.8283595892974
"PIERCE1",-10.8405205275935
"C1RL-AS1",-10.852320532198
"CRISPLD2",-10.8583935463211
"LDLRAD4-AS1",-10.8810157345981
"KIF2C",-10.8855562897593
"DZIP1L",-10.887358720718
"C2orf92",-10.8890032783064
"MYH6",-10.8931426552036
"PPP1R13B-DT",-10.8944771083175
"KIF1B",-10.8956521543457
"SCD5",-10.9071610935482
"PRDM10-DT",-10.9165023152732
"MHENCR",-10.9193631693854
"PRCD",-10.9201354910717
"IQGAP3",-10.9217363341097
"LRRN3",-10.9246265891653
"SNX24",-10.9273633811936
"EIF5A2P1",-10.9278775859652
"CARD10",-10.9330345881726
"ADCY10",-10.9348185957037
"SV2A",-10.9371546739227
"HAR1A",-10.9371546739227
"ANKRD49P2",-10.9417986591231
"SCTR",-10.9450028465804
"EMX2OS",-10.9476706642444
"GSDMA",-10.9487104821535
"ZNF436",-10.9547580984793
"CLPX",-10.955831777815
"CARD6",-10.9565427801691
"DLX5",-10.962329913893
"CPNE8-AS1",-10.981257603127
"C19orf18",-10.9852485834637
"PFKP-DT",-10.9885455642685
"RAB35-AS1",-10.9898474401209
"ZNF436-AS1",-10.9998748134006
"PCDHA7",-11.0059142382929
"CRYBB1",-11.0269940775003
"ZNF790-AS1",-11.0311021475836
"PALS2",-11.03773316375
"MINDY4",-11.0426580731986
"MUCL3",-11.0477587285264
"SMN2",-11.0502207641976
"CRIM1-DT",-11.0530404430311
"ZNF236-DT",-11.0533774625417
"FLNC",-11.0639819067176
"PIF1",-11.064887239036
"IQCJ-SCHIP1-AS1",-11.0687665223514
"DEFB124",-11.0767237550351
"PRKAA2",-11.0793420259611
"RBM14-RBM4",-11.0795122162559
"MARF1",-11.0815953589131
"CMYA5",-11.0865418695575
"BDKRB1",-11.0935738695421
"GET1",-11.0949099154926
"KANK1",-11.0996987224446
"PIWIL2-DT",-11.1030033227223
"HMGN2P15",-11.1077247836314
"RPS20P15",-11.1101255585459
"ARHGEF3",-11.1106510872355
"LYRM4-AS1",-11.1235846721707
"TRPM3",-11.126221744247
"FOXN4",-11.1300800060326
"PTPRB",-11.1379277099269
"SARS2",-11.1472203704125
"NPTXR",-11.1551677908995
"IL33",-11.1637251886172
"SLAIN1",-11.1697649278965
"SIGMAR1",-11.1846164977863
"SHC2",-11.1871913526914
"TNNC2",-11.1932634397893
"CCDC8",-11.1953044863648
"MFSD9",-11.1964561166098
"CAPN11",-11.1989707024859
"APLF",-11.1995190922664
"RAB13",-11.205171743592
"LINC02147",-11.2110554176863
"RAB1AP1",-11.2310050570611
"GPR161",-11.233840688883
"CIT",-11.2467345920143
"IGHV1-18",-11.2646731770465
"KLHL29",-11.2663657869904
"TSBP1-AS1",-11.2694595246267
"ZNF792",-11.2807690724604
"LDHAL6A",-11.2936753073229
"COX18",-11.3097756138545
"B4GALNT1",-11.3166133629392
"WDR27",-11.3297628198775
"ESR1",-11.339264466363
"H1-5",-11.3447844634747
"CD3E",-11.3447844634747
"LINC00943",-11.3456480497544
"RRM2",-11.3477716709632
"RHEBL1",-11.3494680662903
"TEAD3",-11.3671069510245
"ADGRB3",-11.3706170600143
"INE2",-11.3729963175148
"CLYBL",-11.3737511818262
"RPL37A-DT",-11.3746626903385
"OCRL",-11.3826323081066
"PSRC1",-11.3874194756229
"BCR",-11.3886659140497
"RNF207",-11.4001501747768
"KIF18B",-11.4209810457587
"KAT2A",-11.4225090029019
"KIF26A",-11.4338732648055
"BBS7",-11.4402567551821
"ANKRD2",-11.4489239307805
"RNU6-179P",-11.4497854738049
"RAB15",-11.4518509316556
"KRT18P12",-11.45448680967
"TCEAL2",-11.4546132892362
"ANKRD35",-11.4559637142941
"ITGB1-DT",-11.4577182173373
"SNTA1",-11.467963960979
"PLEKHA7",-11.4703335434183
"CLMN",-11.4713047410314
"FILIP1L",-11.4788314862873
"LARGE1",-11.4820745587371
"LINC00578",-11.4838640471379
"UBE2D3P2",-11.493338419766
"HCG22",-11.5006252734554
"PMS2",-11.5134622813912
"PDCL3P2",-11.5191261708998
"ZNF443",-11.5282072667169
"ATP8A2P3",-11.5299091432957
"ACAN",-11.5335989650992
"CCDC34",-11.5548089520011
"FGF17",-11.5610951632484
"DDX47",-11.5654480382639
"RNU6-786P",-11.5690528025432
"GABRB2",-11.569476093693
"RNU6-313P",-11.5713628133688
"RN7SL285P",-11.5755556447009
"USP12P2",-11.5759076543564
"DELEC1",-11.584455729979
"NDUFA3P2",-11.5863541108797
"PLEKHG3",-11.5881309781623
"AMER1",-11.5936454935503
"CDAN1",-11.6086494596829
"RPLP1P13",-11.6097218657817
"TALAM1",-11.6175422851129
"LRRC8C-DT",-11.6199149264106
"LINC02126",-11.6302691551309
"PAPSS2",-11.6391533138065
"ZNF417",-11.6408961949087
"KCNE5",-11.6521228373754
"FIBCD1",-11.6559659128195
"GLMP",-11.6606299353048
"COX6B1P3",-11.6767444412902
"RNU7-10P",-11.6838065347222
"TRUB1",-11.6982465172176
"MALAT1",-11.7104818317755
"ODF2L",-11.7167991001739
"PCDH11X",-11.7176884552141
"ENTPD3",-11.7246216875447
"HNRNPRP1",-11.7524331061237
"RSPH14",-11.7524331061237
"LINC02449",-11.7582957343831
"SLC22A10",-11.7723269400584
"NHSL1-AS1",-11.8244229406237
"NAV3",-11.8264963919026
"ZNF681",-11.8343025253216
"LINC00028",-11.8368599387933
"PCDH10",-11.8369497614904
"TTLL5",-11.8369875853026
"KLF9",-11.8417358581505
"GOLGA8N",-11.8471649995524
"BTNL8",-11.8519350186441
"EDNRB",-11.8519541310289
"LRRC70",-11.8544210257289
"CISD1",-11.8641807388568
"C10orf95-AS1",-11.8657212779564
"AKAP1-DT",-11.8682464335051
"DNAJB7",-11.8821321480016
"COL6A2-DT",-11.8899389290225
"LINC00920",-11.8900308774664
"ALDH1A3-AS1",-11.9013617780842
"AIF1L",-11.9112323779284
"GPR39",-11.924122241676
"OLFM2",-11.9336970812008
"LINC01684",-11.946289885641
"FOXC2-AS1",-11.9498108951873
"DFFB",-11.9557110347171
"FGFR4",-11.9614134178969
"EBF3",-11.9678484078688
"CDH20",-11.977146975511
"HAUS3",-11.9800324207888
"ELL",-11.9946374439911
"TRAPPC3L",-11.9949076596445
"TMEM143",-11.9983493374623
"CYTH1P1",-11.9990323726126
"ITGBL1",-12.0039127746043
"SLC25A27",-12.0136536874976
"SKA2",-12.0198076339501
"GLI2",-12.0198639872883
"KCNA3",-12.024649908007
"EXD2",-12.0377389317581
"HNRNPMP1",-12.0446179338678
"TCF23",-12.0489297152443
"TRAPPC14",-12.0656191286276
"CSTF2T",-12.0656973028615
"TMEM72-AS1",-12.0724576371384
"ELOVL4",-12.0751276668053
"GULP1",-12.0927357061499
"RELA-DT",-12.1067611282578
"PCDHB15",-12.1140886235097
"NADK",-12.1169667199139
"RAPGEF5",-12.1252373074399
"OXCT2P1",-12.136028250537
"PRRG2",-12.1581177918926
"ACOX2",-12.1657566031603
"STX12",-12.1788911037677
"TM6SF2",-12.1895997398478
"ANKS3",-12.1912118671299
"SNRK",-12.1939337638268
"SLIT3-AS1",-12.1943155946349
"PTPRK-AS1",-12.221711750589
"HFM1",-12.2219394295329
"PGM3",-12.2299472988157
"PF4V1",-12.2311985601182
"C17orf100",-12.2447774426076
"RPL5P23",-12.2510173969451
"TMEM263-DT",-12.2543309733671
"KLHL2",-12.2670919095228
"FITM2",-12.2686384497031
"RBM24",-12.2726652932093
"ZNF8-DT",-12.282460667135
"TRMT1",-12.2830153536385
"CLIP1-AS1",-12.285774739151
"TFR2",-12.2993301496479
"CCDC74A",-12.2998509002491
"B4GAT1-DT",-12.3153382143167
"CHRDL1",-12.3279346184549
"TNPO1P1",-12.3316563253803
"GIN1",-12.3336076149631
"TMEM125",-12.3337450936695
"GATM",-12.3338391026944
"RETREG3",-12.3353721584212
"RNU6-399P",-12.3552479165781
"UACA",-12.3612598292211
"FAM178B",-12.3642172861233
"PI4K2B",-12.3649669163238
"PCDHB9",-12.3728927823888
"SERINC5",-12.3785167565004
"RHOA-IT1",-12.3812290441904
"LNCTAM34A",-12.3821417194055
"ENG",-12.3881223356629
"GLYCTK-AS1",-12.3890580253433
"ERLNC1",-12.3927885868681
"MROH9",-12.405228899784
"RPL31P57",-12.4142629526372
"PEG13",-12.4151246857921
"RNFT2",-12.4228756209084
"ADAM9",-12.4299102723934
"MECOM-AS1",-12.4328611743545
"NRIP2",-12.4411050497084
"PCAT1",-12.4470010041307
"DUS4L",-12.4479816268746
"CTNND1",-12.4497373416571
"PRECSIT",-12.4539061192892
"KIAA1671-AS1",-12.4584780940374
"CYP2U1",-12.4652537163961
"REG1A",-12.4803952591451
"TSPAN15",-12.4860671561758
"CIMIP2B",-12.4862613978463
"LIPG",-12.4932909892071
"PLCD4",-12.5000747877839
"AFDN-DT",-12.5018456439335
"WDR53",-12.5589860722864
"FARP1-AS1",-12.563749123079
"PIERCE2",-12.5649445591862
"CDC42EP5",-12.5652453174274
"ORMDL3",-12.5653346699216
"ACTC1",-12.6018255173289
"COL6A6",-12.6061419698575
"RAPH1",-12.6073998783833
"SLC25A1P5",-12.6145961547612
"ESR2",-12.6208697312279
"PDZK1",-12.6254347502103
"CDK18",-12.6337011721279
"LRRC69",-12.6350220390056
"LINC02361",-12.6376997307997
"DGCR8",-12.6623584196423
"EHHADH",-12.664851496005
"JRK",-12.6752674348478
"KHK",-12.6788881124986
"KDM7A-DT",-12.6879267561619
"TBC1D19",-12.6963739723665
"ITPA",-12.7033068760064
"DNAL4",-12.7092217007296
"CEACAM16-AS1",-12.7219977414012
"SPATA6L",-12.7310459311683
"TMEM30B",-12.7430015684224
"ARNT2",-12.7430015684224
"SYNM-AS1",-12.7481493302515
"HMGN2P20",-12.75499502316
"ALKBH4",-12.7581457578156
"PLXND1",-12.7586508147157
"SLC51B",-12.7713315495972
"RNU6-212P",-12.7738692746914
"GNB3",-12.7816528510951
"GGTLC2",-12.7866650782479
"LINC00607",-12.7905241352854
"HLF",-12.8063337145797
"SNORD69",-12.8203507554999
"PKD1L3",-12.8255338805286
"CYP39A1",-12.8378407786635
"CABYR",-12.8380584074484
"CAGE1",-12.8626054030038
"KIF23",-12.8868289152723
"SEMA4B",-12.8894225383804
"TSLP",-12.8969727075719
"BNAT1",-12.9072768046125
"RPS16",-12.9113436256829
"TNXB",-12.9141314865042
"USP46",-12.9251821895369
"SOX5-AS1",-12.9301859752891
"C10orf95",-12.9432699798846
"PPP1R1A",-12.9662235789606
"C8orf48",-12.9760968725006
"CNOT8",-12.9836101987527
"IQCA1",-12.9859799014093
"HES5",-12.9901032665846
"H4C2",-12.9937679298238
"KRT18P57",-12.9981636876841
"ZNF626",-12.9996288279426
"FAM200B",-13.0017463824049
"ZNF423",-13.0092060034593
"LINC01400",-13.0199683315493
"KIZ",-13.025130851747
"ITPR3-AS1",-13.0430653106816
"PTPRR",-13.0468286662664
"MB21D2",-13.0528574606242
"TP53I3",-13.053348189651
"MYL4",-13.0554271136204
"UBE2C",-13.0561266760618
"ASAP3",-13.0622767356776
"LNX2",-13.0648120282122
"EID2B",-13.0671052126596
"SVEP1",-13.0790579262007
"NFXL1",-13.0914440233619
"IGIP",-13.091488799
"ZNF132",-13.1016013091029
"GIMAP5",-13.1066246433394
"PBLD",-13.1182145507942
"IL17B",-13.126409940765
"LIN9",-13.1303860390807
"TPX2",-13.1315422370416
"SEMA6C",-13.1320789514404
"LRRCC1",-13.1323717999805
"GLP1R",-13.1376101561413
"TOP6BL",-13.1633752735901
"AZU1",-13.1649779119238
"TBC1D22B",-13.1736367703821
"GPATCH2",-13.1794227465189
"CDKAL1",-13.1812933617288
"COLQ",-13.1987706448387
"EXOC6",-13.2091418219391
"POU2AF3",-13.2206097972889
"ERVV-2",-13.2263660616915
"THOC5",-13.2275285127067
"LINC01393",-13.2349448557619
"LNCSRLR",-13.2374030113556
"PDPN",-13.2419442230855
"ZNF530",-13.2430526296651
"EMSY-DT",-13.2430542105427
"CSAG1",-13.2443848650993
"SRGNP1",-13.2470570275164
"STEAP1B",-13.2545419012194
"RRAS",-13.255671653737
"RPL7L1P12",-13.2579892628607
"DNMBP",-13.2604827077032
"NCF2",-13.2725492812342
"ATAD5",-13.2731773491644
"FABP2",-13.2762884226292
"KCNQ3",-13.2801738215524
"DPYD",-13.2805751590702
"ZNF10",-13.2811113638548
"PRKAB2",-13.2825116105647
"CEBPA",-13.2901278660827
"WDR97",-13.291851987056
"FBXW4P1",-13.2990585153135
"CHRNA7",-13.3075809268443
"SERTAD4-AS1",-13.3127129139514
"IGHM",-13.3301037992828
"HOXA4",-13.3364473937066
"RAD51AP2",-13.3449391052911
"HIGD1AP17",-13.3561883575456
"PKN2-AS1",-13.3712445197726
"OXLD1",-13.3761748457001
"SLC25A14",-13.3799890624634
"HTR1B",-13.4083020117761
"APOBEC3F",-13.422311091061
"CLSTN2",-13.423610448254
"DVL1",-13.4633131073465
"SRP14P3",-13.4676343246725
"MAMDC2-AS1",-13.4786143836932
"ANKRD55",-13.4799771803716
"WDR49",-13.4815462877973
"PYGO1",-13.4842574519956
"POC1A",-13.4849302651681
"ID1",-13.4949274727235
"ZNF774",-13.4964668016023
"GATD1-DT",-13.5011728969234
"FZD10-AS1",-13.5121358080422
"CCDC191",-13.5187884422284
"SLC9A7",-13.5280246860755
"PELI1",-13.5292087799389
"RPS11",-13.535780025449
"OXCT1",-13.5367745595537
"LY6K",-13.5428029212611
"ACHE",-13.5473408883328
"ZNF571-AS1",-13.5489378751546
"ADAM23",-13.5544148664475
"ACBD4",-13.5622084627189
"ZNF41",-13.5815360300651
"SLC26A11",-13.5926668669439
"EFNA5",-13.6073420131145
"ZNF536",-13.6075035409178
"TLN2",-13.6267344287704
"ANKS1A",-13.6513331805407
"PYCR3",-13.6518561048996
"RNF212B",-13.6528827847283
"LINC02848",-13.6532227974089
"LINC03124",-13.6585717538247
"DNMBP-AS1",-13.6640794086513
"ENO1P3",-13.670226869438
"MYOZ3",-13.6761726509298
"ZNF622P1",-13.6908016016188
"STK33",-13.6938037973434
"NOL9",-13.6982470683672
"GLYCTK",-13.7028130790359
"NEK2",-13.7096292407392
"CLIC4",-13.7124081682698
"PHF8",-13.7250337098801
"CCDC178",-13.7259483511409
"RPL36P10",-13.73517791968
"ENOX1",-13.7668702889724
"ZNF277-AS1",-13.7778197275114
"KLHL13",-13.7850896581806
"MEF2C-AS1",-13.7949164889947
"SLC1A1",-13.8080252243923
"RNA5SP92",-13.810108287836
"KPNA7",-13.8167686271382
"TSPYL5",-13.8178200969764
"PASK",-13.8239297109812
"PLCD1",-13.8369939461808
"MAN1A1",-13.8388549726846
"RPS3AP38",-13.8446999946717
"TRBC1",-13.8484235144006
"KCTD9P1",-13.8492775514901
"CIR1",-13.8521938272436
"ZNF441",-13.8600345674061
"B3GNT8",-13.8623833845821
"RN7SL459P",-13.8778968397372
"CYP1B1-AS1",-13.8969899756512
"ZBTB7C-AS2",-13.9031737085482
"EOLA2-DT",-13.9046152891637
"CMSS1",-13.9075569814696
"KCNIP3",-13.9077367090482
"NPIPA1",-13.9156346278436
"ZNF841",-13.9256628339114
"DSC2",-13.9526135149625
"MAPK8IP1P2",-13.953075704988
"KLHDC9",-13.961408480448
"CHSY3",-13.9622629573226
"ARHGEF7-IT1",-13.9705238751405
"TRMT5",-13.9758909196253
"PCDHB4",-13.9996186706086
"RGS7BP",-13.9996974820358
"DUSP26",-14.0225111902173
"ATP11C",-14.0333703685008
"RPL22P21",-14.037216145335
"CDCA3",-14.0377954130134
"PTCH1",-14.040056936769
"HDAC9",-14.0673036995093
"PRSS23-AS1",-14.0812152880497
"ZNF200",-14.0821073165316
"FKBP10",-14.0829312848274
"C10orf143",-14.0859536470584
"VPS26BP1",-14.0859938451736
"CD109-AS1",-14.0869624042349
"SEPTIN8",-14.1015955224596
"HMCN1",-14.1044850271431
"LRRC45",-14.1045080399267
"METTL24",-14.1098673274229
"ZNF175",-14.1112634222181
"CYB5A",-14.1131210066856
"RORA",-14.1154179545874
"NOX4",-14.1273147706905
"NT5C3B",-14.1346202194842
"S1PR5",-14.150950118335
"ANKFY1",-14.1555297003401
"DONSONP1",-14.1713009536581
"WDPCP",-14.1821740741414
"LINC02946",-14.1985726534242
"MRPL15",-14.1987788351125
"ADGRF3",-14.2023451766381
"GDF7",-14.2036404787583
"RECQL4",-14.211211960251
"FIBIN",-14.2149278665086
"HAFML",-14.2241900901108
"SNAI2",-14.2441429103439
"RN7SKP69",-14.2446958477214
"HYAL2",-14.2490516183132
"KRT16",-14.2533360473542
"DPYSL4",-14.2636572407264
"ST13P20",-14.2690110691719
"COX7A1",-14.2814139948622
"USP38-DT",-14.2885116199082
"TOLLIP-DT",-14.303221222617
"LINC00630",-14.3108867571786
"DFFBP1",-14.3137800341955
"SLC12A9",-14.3142948796604
"TCEAL9",-14.3206326453355
"AK5",-14.3232760419647
"LYPD1",-14.3265925192358
"TRIM65",-14.3298957347475
"LINC01770",-14.3373351768477
"FABP4",-14.3406674848136
"BBS4",-14.3511451327817
"NT5C1A",-14.3633721482368
"PRDM6-AS1",-14.3655797241992
"TMEM14A",-14.366821315605
"OMG",-14.385327830979
"TRIM2",-14.3925472188288
"SFXN5",-14.42334804626
"FAM138B",-14.4516915361094
"B3GLCT",-14.4591951670845
"FGGY",-14.4628832343654
"PINLYP",-14.4679420571538
"WDR89",-14.471675790096
"PEX5",-14.4807352877169
"S1PR1",-14.4821592059233
"FBXL4",-14.5148937315191
"PALM",-14.5274439374168
"RPL5P16",-14.5404409897319
"REP15",-14.5475476612061
"MKX",-14.5618518900814
"KCTD10",-14.5698311532572
"SLC1A7",-14.5953210508331
"P3H2-AS1",-14.5977716756777
"PLCE1-AS1",-14.6031080321039
"MED14OS",-14.6412447358524
"MBLAC2",-14.674782416307
"RFTN2",-14.6896370627691
"SERPINF2",-14.6938898288559
"PCDHGA5",-14.6950650350579
"CNTNAP3B",-14.6972493833679
"PCLAF",-14.7063419017345
"RNF212",-14.7446341898158
"LRATD1",-14.7536078117244
"ZNF540",-14.7773556270432
"ZNF133",-14.7805458457931
"ENTREP1",-14.7819420731509
"ABHD10",-14.7968459466755
"HGF",-14.8075540116861
"NAALADL2",-14.8075866008501
"RSPH10B",-14.8140791024051
"PDK4",-14.8228098139181
"ECM1",-14.8231975088671
"ZFHX4",-14.8320309886278
"GLIS2",-14.8790171556511
"UPK3B",-14.8855485381247
"ECE1-AS1",-14.8930432462684
"HMMR",-14.9009157080417
"RNU6-1284P",-14.9030963743148
"FMO1",-14.909195265437
"CSF3R",-14.9277845541648
"TILAM",-14.9282300517263
"MARK2P8",-14.9363834806499
"SMYD3-IT1",-14.939732884191
"HSPB7",-14.9473942462775
"BTBD8",-14.9701926604875
"VSIG10L2",-14.9733662240444
"FAM199X",-14.9763070048375
"ADGRD1-AS1",-14.9770740438792
"LINC00525",-14.9797021603823
"MYL6B-AS1",-15.0062442070728
"BBOX1-AS1",-15.0074388830677
"TMEM236",-15.0113500543014
"GNB4",-15.0208763582307
"GINS1",-15.0272403454346
"IFI44L",-15.0348895592148
"CHRDL2",-15.0499992843128
"IL21R",-15.0509684557996
"FAM216B",-15.0651790548748
"RASL10A",-15.0700310943538
"VCL",-15.074155543513
"CHEK1",-15.0797157982115
"PODXL",-15.0907997945483
"KIF7",-15.133535312969
"ARHGEF25",-15.1504138078281
"SERPIND1",-15.160320590532
"CCL28",-15.1631743035461
"LINC01273",-15.1704223615081
"SLC6A8",-15.1707561925501
"CDK20",-15.1728478348645
"PPP1R36",-15.1766912264201
"ISCA2P1",-15.1815565481601
"CELF4",-15.1866179950028
"SRGAP2B",-15.1920235220642
"FBXW7-AS1",-15.2045957350022
"LINC01915",-15.2157568193086
"SPIN2B",-15.2177462825668
"LRRC20",-15.2353405583926
"NINJ2",-15.2537162125905
"SLC2A4RG",-15.2605263231845
"LINC03033",-15.2794975597821
"RCBTB2",-15.2849469438318
"ATAT1",-15.2874930018416
"P3H2",-15.2913921019031
"ARL15",-15.2997030500713
"EML6",-15.3437174891476
"GPR3",-15.3475510294181
"HOXC9",-15.3607284801067
"LINC02693",-15.3801052145085
"PAPPA",-15.3933871575374
"ADORA2A-AS1",-15.3961315984804
"SLC31A1",-15.4035942354645
"CDK5R1",-15.4158330572378
"HHIPL1",-15.4457353820708
"GDPD5",-15.4473119575893
"CYP26B1",-15.4541678646884
"NRBP2",-15.4687146118482
"WTIP",-15.4798524638542
"HTRA3",-15.4857381145441
"CDCA7",-15.4880617347993
"TEX9",-15.4946551997746
"TRAM1L1",-15.49796309052
"TBKBP1",-15.5031568167917
"LDB2",-15.5048774144991
"TTC39A",-15.5102244137537
"ZNF337-AS1",-15.5115046039981
"NCAPD3",-15.5185457387824
"POMT2",-15.5200994997694
"LENG8-AS1",-15.5312341500987
"SCARNA18B",-15.5401592690384
"P2RY2",-15.5561851042061
"PAPOLA-DT",-15.5651305791298
"MTMR11",-15.5697286348914
"SERPINF1",-15.588476732156
"EPS8L2",-15.5914164227888
"ZNF543",-15.6102032204088
"DAPK1-IT1",-15.6110533055728
"CCDC146",-15.616220925306
"HSDL1",-15.6170642965221
"PARPBP",-15.6358353005498
"SNURF",-15.6686247540311
"DOK5",-15.6762288632998
"TGFB2-AS1",-15.6830441355124
"MIR600HG",-15.6831656712285
"LINC02019",-15.6835722793124
"TNFSF15",-15.6913003445426
"CCHCR1",-15.691724862674
"RNASEH2B-AS1",-15.7101730716854
"KCTD17",-15.7101733156086
"CYB5D2",-15.7113214954016
"ANKRD49P1",-15.7190289100263
"ZNF878",-15.7354096438182
"LZTR1",-15.7365480784635
"IGHV3-74",-15.7377783734766
"PGM5P4-AS1",-15.7443675478166
"KCNMB4",-15.7494141091544
"RPL7AP83",-15.7617527591813
"FSCN3",-15.7671877860108
"FBXL19-AS1",-15.8053395411614
"ANKRD17-DT",-15.8059264853025
"FOXC1",-15.812498357922
"DNAJC28",-15.840992066612
"SLC18B1",-15.8525139808508
"LINC01539",-15.8642637537834
"PTGIS",-15.8680254871484
"KLLN",-15.868336982691
"TREH",-15.8711421736478
"ARHGEF35-AS1",-15.8778643334576
"C8orf44",-15.8871162863218
"PFN2-AS1",-15.890183597248
"SPATA33",-15.8958387898253
"RNLS",-15.9355145205956
"SLC9A9",-15.9395219371948
"WDR86",-15.9515279390006
"ZNF577",-15.9561406325995
"HIGD1B",-15.9738455849955
"PYDC5",-15.974433410877
"CSRP1-AS1",-16.010776469042
"RENO1",-16.0108830484567
"HNRNPA1P16",-16.0123838462463
"SAMD15",-16.0180550180898
"FAAH",-16.0240757610766
"CHKB-DT",-16.0242630749004
"FUNDC1",-16.0513924126939
"AR",-16.0624862514704
"PPARG",-16.0637182125885
"CEMP1",-16.0680344771088
"FBXL8",-16.0705194118562
"SBSPON",-16.080999676159
"DOCK9",-16.0886843540429
"IQCK",-16.094016350186
"HAPLN1",-16.0970893916135
"SMAD6",-16.1015262970786
"APCDD1",-16.1061354208113
"NALF1",-16.1091127845017
"TESC-AS1",-16.1135677249576
"UGCG",-16.1209170115616
"LRRTM2",-16.1229381929915
"TMEM38A",-16.1244943128287
"ABCG8",-16.1317808803102
"LYSMD1",-16.1533890603618
"ZBTB6",-16.1536906211309
"TREM1",-16.1552088034834
"ZNF341",-16.1680117058851
"MMP21",-16.1702913830028
"RPS3AP37",-16.1860175183715
"TEX46",-16.2168294842066
"ADGRL3",-16.2194201712066
"COLEC10",-16.2239551789987
"SP5",-16.2240353431608
"LOH12CR2",-16.2251239072313
"CENPJ",-16.2263619173027
"DOK6",-16.2319971592723
"RNU2-27P",-16.2428441594665
"APOA1",-16.2446445962432
"ZFP37",-16.2613385335167
"NCK2",-16.2650996857519
"GKN2",-16.2690495377423
"EPN2",-16.2698009581792
"LINC00487",-16.2811554395821
"NDUFA9P1",-16.2838520956107
"RPL17P10",-16.2892664714155
"STEAP1",-16.3038660678605
"CHST10",-16.3183611437691
"SLC9A3",-16.3487210593863
"FAM20A",-16.3719592134507
"SORBS3",-16.3728271122082
"DLG2",-16.3839112555313
"IQSEC3-AS1",-16.3899829013255
"DCHS1-AS1",-16.3915673602643
"ADCY4",-16.4028330965998
"NINL",-16.4047164404092
"LINC01852",-16.4061411967659
"RORA-AS1",-16.4123212403722
"ADRA1A",-16.4263691799743
"PHYHIP",-16.4310739478466
"EXOC3-AS1",-16.433551743404
"UBE2T",-16.438770633693
"LINC01752",-16.4434716508874
"FANCC",-16.4519071346436
"TBX5",-16.4579204517108
"OBI1-AS1",-16.4606669043721
"BCAR4",-16.4614968537728
"ELF3",-16.4751177216338
"RASSF9",-16.483888670124
"CAMK2D",-16.4888629091301
"FLVCR1",-16.4900597950991
"CDR1",-16.4960496996428
"KRT5",-16.5123947364584
"NEGR1",-16.5136627044796
"GSDMC",-16.5209626656573
"TRNP1",-16.5494036318689
"NEURL3",-16.5755173132338
"CCN4",-16.5839995942545
"MAP3K20",-16.6026023775516
"BDKRB2",-16.6163588504392
"DENND2C",-16.6203015212923
"TRDV1",-16.6396647256482
"HMX3",-16.6425292973334
"ATXN7L1",-16.6472964546961
"GJB2",-16.6585971402879
"ZNF93",-16.6658947338804
"LINC02519",-16.6776397071189
"RN7SL738P",-16.6831293083939
"SLN",-16.6908705034846
"DNAAF10",-16.7010055932426
"LRFN5",-16.7078452268575
"METAP1D",-16.7311884808369
"BTBD3-AS1",-16.7317362508236
"SAMD5",-16.7374257810413
"FAM3D-AS1",-16.7418636736654
"TBC1D2",-16.742583191431
"RNU6-155P",-16.7432772178568
"PLPP6",-16.7495796303619
"H2BC4",-16.7521872590417
"SNX18",-16.7553283528835
"LOXL1-AS1",-16.7682493037696
"TMSB10",-16.7777398405447
"DENND2B-AS1",-16.7785564516403
"MARCHF9",-16.7837787974029
"ZNF229",-16.8111842898901
"EEF1AKMT1",-16.8166955762258
"ARL4AP5",-16.8322181742921
"LCIIAR",-16.8495152175258
"FAM217A",-16.8560013241321
"KCNJ5-AS1",-16.8581136627371
"FOLR1",-16.8638313916218
"RALGPS2",-16.8657624395292
"FNTB",-16.883832517126
"VASN",-16.8939208749535
"ZBTB3",-16.9128813281161
"GPR173",-16.9139073188221
"PRRT2",-16.9192134069346
"DENND5B",-16.9344248127174
"CCN3",-16.9488354725542
"CBX3P5",-16.9500922796706
"LINC03042",-16.9552359453224
"ZBTB7C",-16.9563204455308
"CHST14",-16.9564562523575
"RPL7P19",-16.965439507893
"RNA5SP122",-16.984383613016
"CAMTA2",-16.9897208593918
"ZNF585B",-16.9953732889311
"RPL21P44",-16.9972062370343
"MIR3139",-17.0066479653726
"CEACAM6",-17.013586050022
"FBXO5",-17.0157131517068
"OBSCN-AS1",-17.0163281207259
"GCNT1",-17.0302286060581
"KCNN4",-17.0317939585432
"CNPY4",-17.0424431235718
"GPR68",-17.0447101509549
"MANEA",-17.0847308427443
"A4GALT",-17.0932093986969
"PI4K2A",-17.1036942885903
"RPL34-DT",-17.1069651852834
"MT1X",-17.1077262174874
"NECAB3",-17.1222853903088
"OSGIN1",-17.1332733321516
"RPS15AP37",-17.139410734754
"TMX2P1",-17.1458682380378
"MDFI",-17.1503142346469
"SLC16A4",-17.1510698847671
"DCLRE1A",-17.1591932640886
"PXDNL",-17.1598191154829
"KCNN2",-17.1738811807493
"RNA5SP352",-17.1764089387824
"TCFL5",-17.1847876061118
"COLEC12",-17.1898443444284
"PARD6A",-17.2144700697495
"KLF12",-17.2238374538883
"CD99L2",-17.2428958622733
"COLEC11",-17.243418540121
"MIATNB",-17.2478195699347
"XRRA1",-17.2622303413837
"FAM182B",-17.2695431954193
"LINC02777",-17.2703916995887
"RPS8P5",-17.2712053566426
"CCR1",-17.276970443125
"H2BC11",-17.2942078712126
"HPD",-17.2967934702802
"VILL",-17.3047450774711
"RPL26P6",-17.3081498481465
"LGI2",-17.3238983643642
"PROB1",-17.3292864359344
"SGMS2",-17.3350452554465
"MKI67",-17.3394144162312
"ROR1",-17.3410480556662
"PRTFDC1",-17.3412474786544
"SSPN",-17.3426080549591
"TSPAN17",-17.3643186987575
"METTL6",-17.3686203451106
"GPRIN3",-17.388641228253
"NMU",-17.3913393493109
"TRIM72",-17.3927809019813
"DIO3",-17.3929944687212
"FGFRL1",-17.4044908140455
"CDON",-17.4423238562772
"DOK4",-17.482662331246
"FCHO2",-17.4834520410441
"RTL6",-17.4836381990148
"PSMD10P3",-17.508063372788
"DTD2",-17.5477902827325
"MKKS",-17.5941413807694
"CDYL2",-17.5953299153022
"HYLS1",-17.5972719250606
"DACT3",-17.6103938237883
"CENPM",-17.6139802456214
"RIMS1",-17.626243853171
"NR2C1",-17.6334714630537
"ALDH7A1P1",-17.6352076137339
"SYT15B",-17.6547550831215
"PXT1",-17.658852280635
"MRGPRF-AS1",-17.6668056570824
"TLE2",-17.6750335327266
"CTH",-17.6772750459207
"FBXO25",-17.710709911736
"SMCO4",-17.7141916049303
"SPTBN1",-17.7155414345102
"ZNHIT2",-17.7177631711512
"ADSS1",-17.7323305492189
"ZNF277",-17.7430751303611
"CASP4",-17.7437400368748
"RHOQ-AS1",-17.7502288022732
"PRKAR1B",-17.7586639953985
"CACNB1",-17.7692903417106
"OSBPL7",-17.7738419597321
"LINC01169",-17.7894131385977
"ZNF727",-17.7946273441964
"NSA2P6",-17.8069620117379
"UBQLN2",-17.8181277858679
"LINC01905",-17.8347157352816
"B3GALT5",-17.8517072098219
"SAMD9",-17.8598195720603
"NCAPG",-17.8743887014081
"SEC62",-17.8867080723224
"CERCAM",-17.9033016900247
"LMCD1",-17.917445092556
"SATB2",-17.9291063714522
"TRIM7",-17.9443145677318
"SCAMP1-AS1",-17.9453266901745
"ODF2-AS1",-17.9750097322409
"ADAM3B",-17.9822362414572
"SH3RF3-AS1",-17.9874726755585
"UBXN2AP1",-18.0001812625662
"IFT140",-18.0122751087902
"ZNF284",-18.0167902235463
"SLC25A53",-18.0183913031083
"GTF2IRD1",-18.0287010726744
"ARHGEF16",-18.0421168920289
"PTPN21",-18.046649786977
"CPNE2",-18.0546110328008
"EXO5-DT",-18.0621493114299
"PTPN3",-18.0642143570266
"CHI3L2",-18.0762693409476
"NMNAT2",-18.0779270106156
"LINC01695",-18.0868403877543
"DNASE1L3",-18.1077172053721
"GARIN1A",-18.1188936609591
"RFX5-AS1",-18.1605630921345
"HNRNPA1P27",-18.1631250288981
"NPTX2",-18.1682310081495
"KMT5C",-18.1704327293698
"HPS3",-18.1765448494512
"USP40",-18.1771986872654
"MAFB",-18.2048851573229
"CDH24",-18.2131408061026
"ACSM1",-18.2227088226855
"ATG16L1",-18.2287544918626
"SH3BP5L",-18.2332973311658
"CCL20",-18.2447584385391
"SRPX",-18.2490865837488
"NPIPB2",-18.264303150281
"BOK",-18.2649636502148
"PPM1J",-18.2810615296345
"LINC01679",-18.2816650171492
"IZUMO1",-18.2931313386762
"KIF25",-18.3248648185646
"POPDC2",-18.3254661735917
"LINC02244",-18.3524656537083
"TMEM135",-18.3599797432549
"GPR155",-18.3634619204102
"DNAJC22",-18.3752736723319
"CASP12",-18.3820880525365
"CYP17A1",-18.3832121669925
"LINC01755",-18.3934921483072
"PRRT4",-18.4090649585217
"SYCP2",-18.409818734518
"PON3",-18.4109131450204
"ACKR3",-18.4246801257644
"ZFPM2",-18.4351127671429
"ADAMTSL5",-18.4474609478255
"C4orf19",-18.4485865025551
"MT1A",-18.4673242217554
"CRIM1",-18.4750414510793
"WDFY3-AS2",-18.5075402217439
"KRT17",-18.5104450837958
"SAMD12",-18.5122867020183
"SFTA2",-18.518089874236
"PDE8B",-18.5204390818503
"NUP85",-18.530150247393
"B3GNT7",-18.5322888216928
"IL15RA",-18.5427849404835
"TOMM40L",-18.5486727455174
"IGFBPL1",-18.5507141151096
"PANK4",-18.5636904708475
"OXNAD1",-18.5739985835591
"PDGFD",-18.5769225120324
"FUT4",-18.5838295753101
"CTPS1",-18.5900942585367
"LINC02016",-18.5951120874883
"ZBTB20-AS4",-18.6016754517415
"ALKAL2",-18.6068929309655
"BANF1P1",-18.617187276024
"EBF4",-18.6192200238593
"TNS2",-18.653007947341
"PRPF39-DT",-18.6638652781228
"ZNF230",-18.6647067636225
"RGL3",-18.667386173595
"ACSS3",-18.6825576673071
"PRICKLE2-AS3",-18.6897079715387
"NR3C2",-18.7082623287175
"BIN1",-18.710599107925
"WNT5A",-18.7118146424234
"ACVR2B",-18.7122832330531
"SLC35G1",-18.7145954560489
"SMAD1",-18.7182800396149
"TEKT4P2",-18.7460078609857
"TMEM130",-18.7550709918533
"MAP2K6",-18.7841612238542
"LINC02940",-18.7865164816205
"RHOJ",-18.7960655984151
"GGTLC1",-18.8065573933143
"DOCK9-AS1",-18.8171516040256
"MED14",-18.8240248974349
"RAD51-AS1",-18.8304261298069
"PPP1R12A-AS2",-18.8462549126956
"PCDHB14",-18.8491713470501
"DPEP2NB",-18.875401578647
"CCL14",-18.8759983806527
"ARHGAP24",-18.8775430192802
"KCND2",-18.8949144664024
"DLG3",-18.9100202192644
"AVPR1A",-18.9118655165338
"CSRP2P2",-18.916991279478
"RBMS3-AS2",-18.9181276981993
"TRMU",-18.9221803052708
"ZNF660",-18.928420416817
"LINC00944",-18.984803190267
"ITGA6",-18.9913341968756
"SEMA6A",-18.9984366326301
"IGF1",-19.0064644001661
"HEY2-AS1",-19.0131037778593
"KIF4A",-19.0349787382245
"LINC02579",-19.0398682702037
"RNU6-32P",-19.0550474897589
"ITGB1",-19.0647704558853
"OBI1",-19.0665090268878
"ANO1-AS1",-19.0733969025979
"CAPS2",-19.0846473042384
"CFAP44",-19.0882951494345
"CRACR2B",-19.0930437367806
"DZIP1",-19.1128938795379
"THAP9",-19.118191520958
"ZMPSTE24-DT",-19.1218042599111
"LINC01681",-19.1267970231219
"MXRA7",-19.1283907271983
"PIP5K1B",-19.135381069634
"RAI14-DT",-19.1424990547054
"FAM3D",-19.1479106698146
"PCDHB5",-19.193486497187
"SDC1",-19.2059837023898
"JCHAIN",-19.2120407697595
"CYGB",-19.2195607119641
"WASL",-19.2203199134865
"SFTA3",-19.2206845434323
"RN7SL220P",-19.237463805726
"GPAM",-19.2436970520661
"RAMP1",-19.2444161053465
"STOM",-19.2454387201309
"HMGN5",-19.2499264670677
"MIR4458HG",-19.2518364551277
"NPY1R",-19.2568453086506
"GALNT15",-19.2587092863175
"TGFBI",-19.2707747186766
"RPS3AP29",-19.2765109433787
"PLAG1",-19.2931566090236
"FNBP1L",-19.2970907638094
"VIL1",-19.3044905366843
"TMEM35A",-19.3056373677831
"DHRS11",-19.3148740957415
"TRPC1",-19.3153036027195
"OCLN",-19.321345263297
"NUDT5P1",-19.3664210767488
"RHOD",-19.3716795490741
"FNDC5",-19.3730850291115
"SPNS2",-19.3911577719025
"CCBE1",-19.3973549097395
"LINC00858",-19.4011266240867
"CYP27A1",-19.408289873439
"ST6GALNAC3",-19.4209663502558
"PRDM5",-19.4235212696898
"MYBL1",-19.426599220528
"DYNC2I1",-19.4329089074579
"LINC00924",-19.4341399072803
"THSD7A",-19.462484644017
"RGS9",-19.4665941793364
"VAV2",-19.4710415235339
"KAZALD1",-19.4757041586758
"EGFLAM",-19.4764419396986
"BRINP3",-19.4916765975326
"ARHGAP20",-19.4987364601626
"CDH8",-19.5045197275321
"ZNF254",-19.5066464069287
"ATG2A",-19.5074324872171
"EML3",-19.5160396204413
"PCDHGA3",-19.516054679254
"BUB1B",-19.5313480540155
"ZNF197",-19.5361647468924
"TMEM98",-19.5497669772146
"LINC02182",-19.5597294413254
"GSTT2B",-19.5804854191989
"LRCH2",-19.5998489891325
"WFS1",-19.6072976073732
"PLOD2",-19.6328817672689
"LINC02863",-19.6365268419894
"CYP51A1P3",-19.6476992556782
"PTCHD3P1",-19.6597471376685
"BVES",-19.6605528176314
"SIX4",-19.6740811429525
"CFL2",-19.6814203159041
"ANG",-19.6856362936227
"GJD3-AS1",-19.6934811764102
"H4C16",-19.7082588828161
"ARHGAP27P1-BPTFP1-KPNA2P3",-19.7187720952127
"STAR",-19.7194431454705
"GRIN2A",-19.722005768164
"RNU6-633P",-19.7402587559379
"SCN3B",-19.7713842621794
"MORC4",-19.7798110646403
"GMEB2",-19.7971843455933
"DAB1",-19.8016552099537
"TFPI2",-19.8052622629757
"IFITM1",-19.8096707901846
"RELN",-19.8192866470994
"ADRA2B",-19.8457180520954
"C20orf202",-19.846977944573
"RASA4",-19.85568800847
"LEISA1",-19.8618586072642
"GPC4",-19.8646940871089
"HLCS-AS1",-19.8758473940415
"SPOCK1",-19.9001055934665
"NHSL1",-19.914965219991
"PCDHGA4",-19.9246603789832
"PRR11",-19.9491444810486
"MIR3074",-19.9600980331236
"ACSF2",-19.9604547605181
"TENM1",-19.9617458168613
"ZBTB8A",-19.9889297012528
"B4GALT2",-20.007317093803
"RBPMS-AS1",-20.0136759176404
"PLEKHF1",-20.0298483771974
"TNFAIP8L3",-20.0495444808253
"C8orf58",-20.0530074519216
"ST7-AS1",-20.0541350803238
"LRRC10B",-20.0771595758183
"CDT1",-20.07760164249
"DPY19L2",-20.0843242322281
"PRKCH-AS1",-20.1171953765884
"PEX11G",-20.1189485709913
"SLC38A9",-20.1502240168799
"LIFR-AS1",-20.1695119127956
"CFB",-20.1764746628633
"MMS22L",-20.1885075296898
"PDE4B",-20.1935174774312
"SYNE1-AS1",-20.2026067353696
"ZNF497",-20.2070023365325
"GPR52",-20.2073115967835
"ZNF143",-20.2314018658543
"PCDHB3",-20.2327957398101
"GABRE",-20.2448510781718
"TBXA2R",-20.2623134737542
"TSIX",-20.2669460183356
"TMEM201",-20.2777546003751
"MARVELD3",-20.2826645144731
"APOA1-AS",-20.2876316365481
"RAB40C",-20.2880051166825
"CEBPD",-20.2966172920635
"DPCD",-20.2999431821781
"CXCL11",-20.3549931326421
"CXXC4",-20.3602022580928
"PPIAP2",-20.3655048318816
"DKK3",-20.3669632243621
"INTS3",-20.3933986685789
"LGMN",-20.4177693883563
"BMS1",-20.4207023755009
"HLX-AS1",-20.4502069059037
"USP6NL-AS1",-20.4585320605907
"TCF4",-20.4701223344097
"ZWINT",-20.4705744876788
"LINC02984",-20.4726390460189
"TMPOP1",-20.4752573998977
"MBOAT4",-20.4989679002644
"GKAP1",-20.4993606758472
"SHE",-20.4999054144021
"TNNT1",-20.5040520263992
"CILP",-20.5053063257018
"PPFIA3",-20.5115365709559
"RNF150",-20.5348938436886
"FPR1",-20.540270096581
"NECTIN3",-20.5458552040858
"CETN3",-20.5808263776058
"SANBR",-20.5834748195743
"GDE1",-20.6024568054469
"TRAPPC11",-20.6196637912766
"LINC01615",-20.620609033968
"TDO2",-20.6265288839444
"MAD2L1-DT",-20.6310498332956
"WFDC2",-20.6360537243605
"TNS1-AS1",-20.6416370923494
"C11orf68",-20.6454861182369
"SGSM1",-20.647722314869
"SRPX2",-20.6685165525748
"MACROD1",-20.672212673268
"ZNF410",-20.6841259173623
"STN1",-20.6888943452457
"TCEAL7",-20.6958228666712
"HOXA7",-20.7038934448171
"POU3F1",-20.7294977788804
"PARLP2",-20.7456963071404
"PIEZO2",-20.7597965895209
"INHBA",-20.7623034976302
"PTH1R",-20.7671689213093
"ATP11A-AS1",-20.7790367476474
"MSANTD2-AS1",-20.7821586944336
"RIMKLA",-20.7949884798067
"GK5",-20.8022638049262
"COL5A1",-20.8060200276813
"LRRTM4",-20.8061980966009
"SHANK3",-20.8207078460041
"CCDC102A",-20.8318882072537
"RNU6-254P",-20.8522374137373
"BRD7P3",-20.8532893766949
"GPRC5D-AS1",-20.8828572942401
"MEOX1",-20.9015944583402
"PCDHB13",-20.9140909431039
"ACVR2A",-20.9173448736281
"CDK14",-20.9236012587051
"SIX1",-20.9392697511675
"LINC02875",-20.9776397055858
"CHIT1",-20.9824057729261
"CCDC85A",-20.9979636586287
"BANK1",-21.0075786193359
"ZNF385B",-21.0802661885247
"TMEM26",-21.086448737434
"CIBAR1-DT",-21.0893383849898
"GNLY",-21.0906112913503
"RPL11P3",-21.090636832094
"MAP3K7CL",-21.1425517103071
"INTU",-21.153526641256
"FGF12",-21.1554389636768
"KCNT2",-21.1583454907143
"MID1",-21.1767111947125
"GSTM3",-21.1839311235036
"URB1",-21.1909522113425
"S100A8",-21.2019675304236
"ASB13",-21.204310737914
"GTSE1-DT",-21.2054070654307
"LRRC75B",-21.2059361131488
"LETR1",-21.207048292551
"ZNF691-DT",-21.2130218519793
"DGKB",-21.2156804139048
"ATP6V0D1-DT",-21.2175591640957
"EMICERI",-21.2478177895471
"CLEC3B",-21.2567174358322
"NTF3",-21.2682385619377
"H2BC6-AS1",-21.2931340075886
"GPER1",-21.3084709833983
"TINAGL1",-21.3103290749622
"FRMD3-AS1",-21.3368502374199
"LINC02609",-21.3469705085312
"IDE",-21.3656208472651
"LTF",-21.3722596146516
"ZNF8-ERVK3-1",-21.3787226887531
"ALDH7A1",-21.3825126777267
"MRPL10",-21.4180717618033
"DAB2IP",-21.4207747842056
"ACKR4",-21.433172866335
"IFT172",-21.4369069031884
"AFG1L",-21.4536406383158
"ZCCHC12",-21.4706446389236
"PHYHIPL",-21.4781320522304
"DYNC2I2",-21.4885030831369
"KLF15",-21.4912365866672
"NAPEPLD",-21.492878037538
"MMP11",-21.4942313615703
"PLEKHO1",-21.5130704145401
"CGREF1",-21.522862069761
"BCAS3-AS1",-21.5260833590944
"MORN2",-21.5314332767175
"LINC02288",-21.5353292063536
"FBXL13",-21.5567102997176
"NARF-AS2",-21.5611742734578
"CFAP300",-21.5822949302275
"HOXB7",-21.586390508784
"ZNF337",-21.5893966676774
"ACSM6",-21.5924942255011
"FCMR",-21.6024556235571
"MPP7",-21.6135759886492
"CRAT",-21.6226064504873
"LINC02582",-21.6306996871864
"PRSS35",-21.6362010773362
"FZD10",-21.6620472944175
"CUEDC1",-21.6784277302463
"MMRN1",-21.7156038684804
"MYH14",-21.7172157246491
"DPYSL2",-21.7198439845063
"ASAH1-AS1",-21.7299032583719
"KLF8",-21.7304734607062
"PITPNM3",-21.7441588488114
"MSX2",-21.7456924258138
"TCF7L1-IT1",-21.7679026387691
"NGFR",-21.7729154771208
"DDX43",-21.7853101387082
"MCM2",-21.7917396056922
"AFAP1-AS1",-21.794626299476
"HEY2",-21.7994623113924
"CLDN12",-21.8025415441665
"S100A14",-21.8343526645691
"S100A2",-21.8540038173878
"SYNDIG1",-21.8559378957907
"ADAMTS8",-21.8618435649122
"EPHB6",-21.8668682911588
"LBP",-21.8672352239507
"TTYH1",-21.9037515519302
"TNFRSF1A",-21.9073397640858
"FGD4",-21.9087100631363
"TBCEL",-21.9339046469513
"ATP7B",-21.9414940268488
"LINC01561",-21.9472980106658
"P3H4",-21.9635988147477
"CHST3",-21.969671719246
"EBF2",-21.9741381297159
"DGKI",-21.9762972195905
"FXYD6",-21.9835706527441
"DENND6A",-21.9838437384425
"ZNF446",-22.0085577879778
"LCA5",-22.0174861008696
"ELMOD1",-22.0629135142655
"PLPP2",-22.0912786885102
"GNAZ",-22.0991182952824
"SEMA4C",-22.1012050939756
"FBXO45",-22.1038353190641
"TMEM121",-22.1096026110519
"LINC01619",-22.1120629585849
"MNS1",-22.1415931901351
"ABCB1",-22.1581914251047
"ABLIM3",-22.1968423878411
"VIPAS39",-22.1988314017022
"TMEM37",-22.204236569847
"MYOM1",-22.2096453841698
"LY96",-22.236435796371
"ITGB4",-22.2482843786265
"LINC00205",-22.2560284519957
"ACSBG2",-22.2939823070347
"NAV2-AS3",-22.3027713424991
"TMEM81",-22.3039821337349
"CCDC40",-22.3139227966964
"HDAC4-AS1",-22.3267877437654
"ZNF512",-22.3471716809517
"HOXA6",-22.3478449220465
"USP13",-22.3524176295129
"MIR133A1HG",-22.3538294913897
"RWDD2A",-22.3794156811743
"RGS11",-22.3805616230524
"SCARF2",-22.3972974418204
"PODXL2",-22.4262961790908
"GNG12-AS1",-22.4384628683572
"ZNF510",-22.4418372769645
"DENND2B",-22.4472606928522
"STRA6",-22.4667171723714
"MPDZ",-22.515062100144
"TARID",-22.5614092320907
"C17orf58",-22.5625477049306
"MASP1",-22.5699885921428
"ALPK3",-22.5781088617075
"DIO2",-22.589321241332
"CDC23",-22.5963603662544
"RPS12P16",-22.6031000145563
"NMNAT1",-22.6042368221096
"FAT4",-22.6086259113164
"LINC02410",-22.6102515649247
"DBNDD2",-22.6103304571167
"LINC01603",-22.6169227372196
"PABPC1L",-22.6259954091649
"GPR176",-22.635352298452
"MAP6",-22.6431757368683
"CLDN18",-22.6435626175555
"REEP1",-22.6521556860136
"A1BG-AS1",-22.65333945223
"CYP4F12",-22.6954115542133
"DAAM2-AS1",-22.703743848678
"KLHL38",-22.7139292274868
"INTS4",-22.7218842288542
"ANKRD65",-22.7259581894425
"ASB9",-22.7294888176965
"FGF18",-22.7472749693634
"BRCA1",-22.7613571240472
"TNS3",-22.7792896015205
"SNTB1",-22.808536181609
"NR2F1",-22.8262163995561
"KMO",-22.8339210915493
"SLC34A2",-22.8459032441759
"GAS8",-22.849282003573
"STAP2",-22.858611476481
"JADE3",-22.8619412524073
"KCTD12",-22.8765284473639
"NXN",-22.8823287458513
"MRAP",-22.9023314170241
"CHODL",-22.9054484540234
"LRCOL1",-22.9629324910854
"KIF13A",-22.9945194230336
"SUSD5",-22.9989513486868
"HYKK",-23.0017225952144
"PDE3A-AS1",-23.0377906725356
"AMPH",-23.0650060848663
"RADIL",-23.0694775515245
"SNRK-AS1",-23.088487438963
"FST",-23.0889163457293
"DIRAS3",-23.0955566240905
"KLHL4",-23.0955566240905
"CRMA",-23.1414101825078
"SEL1L3",-23.1532749930617
"MXD1",-23.185751118362
"CCDC169",-23.1883123151552
"LAMC3",-23.2042911731698
"MEIS3P1",-23.2112089254739
"CLTCL1",-23.2234222965326
"PGR",-23.2265891589156
"HILPDA",-23.2316914997217
"FGF13",-23.2610573357338
"SCARA5",-23.2996323541103
"SYBU",-23.3000306897069
"DSCC1",-23.3083524187869
"ZNF483",-23.3134465619386
"PLEKHH3",-23.3165447587153
"CSGALNACT1",-23.3289463925118
"ZNF350-AS1",-23.332617691257
"TNFRSF19",-23.3395870449777
"ZNF415",-23.3543017061026
"SLC8A1-AS1",-23.3552902308505
"TMSB15A",-23.3784355865842
"BTBD3",-23.3987832837268
"VPS50",-23.4087676112894
"CAVIN3",-23.4112390130275
"ITGA8",-23.4193427453786
"LPAR1",-23.4242774131957
"RASL11A",-23.4257894508259
"ECT2",-23.4414437824047
"DCHS1",-23.4685778738992
"ADCK5",-23.4719213953124
"HAS2-AS1",-23.5398222148973
"FRY-AS1",-23.5403058731547
"AGAP9",-23.5612638016235
"AGAP2",-23.5709528526486
"MARK1",-23.5988618266607
"AGBL3",-23.6192498838834
"RGCC",-23.6367899873726
"RPL34P6",-23.6416808363687
"SOWAHC",-23.6586480549642
"POMGNT2",-23.6618874620129
"WNT3",-23.6707782586229
"AJUBA",-23.6751960169205
"ING4",-23.6790185254769
"BIRC5",-23.6826778961431
"LINC03013",-23.699409608452
"EXT1",-23.7237329089534
"ZFP64",-23.7261893401088
"FOXP2",-23.7374546192048
"AXIN2",-23.7939666757342
"BAG2",-23.8242726519483
"ZNF680",-23.8262649006385
"GAPDHP62",-23.8354349088111
"SLC4A4",-23.8384870912859
"LINC02381",-23.8431658458505
"CHST7",-23.8566344075053
"TRIQK",-23.8785581399715
"LINC01003",-23.9092880696876
"CLCF1",-23.9100745300579
"CLIP3",-23.9341723084208
"PANCR",-23.9625209975694
"KRT8P36",-23.9671226358995
"MFGE8",-23.9813049676289
"ECRG4",-23.9824813201403
"MARCKS",-24.0094974792386
"SMARCE1P6",-24.0167647693273
"NOVA2",-24.0339261631047
"RBBP9",-24.0357478018338
"MSI1",-24.0581546760332
"EZH1",-24.0584212665474
"CHST8",-24.0592218814202
"HELLS",-24.0686976697571
"ZNF503-AS1",-24.1173784459002
"AKAP6",-24.1235118277599
"ANK2",-24.1382228345628
"SCN7A",-24.1542587126214
"TBX18",-24.1657808890819
"HOXB6",-24.1892700059871
"BCAT1",-24.2461699201804
"CCDC121",-24.2492340353635
"SRP72P2",-24.2516901311311
"RASEF",-24.2649159439345
"DM1-AS",-24.2664276428265
"LINC00882",-24.2702644524974
"LPP",-24.2800985253165
"SLC16A13",-24.2812387264076
"MAP2K5",-24.3187459834386
"TET3",-24.3394979205435
"SLC29A2",-24.3612305924638
"KLRG2",-24.3656827370731
"ATOSA",-24.3671892076286
"PGM5",-24.3744804324128
"PCOLCE",-24.38510557183
"PXMP4",-24.3863623889441
"TCTN2",-24.3905184490892
"CNTN3",-24.3986285766346
"LINC02980",-24.438736912064
"CHL1",-24.4470774350423
"ABCG2",-24.4483629015335
"HNRNPLL",-24.4648187192598
"REM1",-24.4860342447116
"ALDH1A3",-24.4882822291352
"LINC02951",-24.4909177601085
"AVEN",-24.4949640661298
"FBXO31",-24.4961252686371
"PDE5A",-24.4971348274684
"RHBDF2",-24.4988375619392
"FGF10",-24.5132863113446
"CCNI2",-24.537362107475
"ZNF772",-24.6243880696235
"HERPUD2-AS1",-24.6443927432139
"SLC35G2",-24.6460393965991
"SOBP",-24.6473660510364
"MN1",-24.7016852416598
"CALHM5",-24.7251794464269
"RBFA",-24.7290513465979
"LINC00222",-24.733503374318
"NPR1",-24.7552368798496
"ITGA2",-24.7563013505899
"RBMS2",-24.7594504199552
"NCOA2",-24.765164038775
"TLCD2",-24.7791849643896
"NEXN-AS1",-24.7871474840775
"RIN1",-24.8057942545842
"KYNU",-24.8386648108317
"KIAA1755",-24.8486724685487
"CCN5",-24.8607704314323
"ABHD15",-24.8702506812502
"LINC02185",-24.8709719514078
"WASL-DT",-24.8711320996219
"PAPLN",-24.8765407280166
"ARL6",-24.8917146499479
"RAB7B",-24.9231904690918
"ARSJ",-24.9353173479346
"ZFAND2A-DT",-24.941000333028
"STARD9",-24.9592825269733
"MITD1",-24.9802320261594
"SMAD1-AS1",-24.9886425693465
"BORA",-25.0113090587959
"EPS8",-25.0142189490532
"LNP1",-25.0174920531772
"CETP",-25.0287570426119
"PDE9A",-25.0325699453818
"SLITRK2",-25.0389711810094
"RPL9P30",-25.0651075856159
"PRDM6",-25.1238295356435
"CBLN4",-25.126233758481
"ADAMTS5",-25.1264586051464
"EXOC3L2",-25.1832210101534
"DUSP19",-25.1941601157627
"GTPBP3",-25.2006194712924
"BET1",-25.2472162305597
"LAMP5",-25.2890847180131
"ADCY1",-25.3200843933175
"PLA2G5",-25.3364301981022
"CCL8",-25.3632833077037
"MITA1",-25.3864169046032
"NDC80",-25.3913343174991
"ABI2",-25.3988316857475
"CLIC3",-25.4147387798445
"HOXA-AS3",-25.4257412078777
"PLCE1",-25.4372802924785
"ADAMTS15",-25.4643364086544
"ADAMTSL3",-25.4660996589546
"BOC",-25.4707487729428
"HOXA-AS2",-25.4800392096528
"ASIC2",-25.5085625725713
"MYBL2",-25.5089883902621
"SLC25A23",-25.5213622961697
"RCCD1",-25.536405561257
"SACS",-25.54369466432
"LINC02521",-25.5520274083967
"EPCIP-AS1",-25.5521894429798
"MAP2",-25.5871363983329
"RIN2",-25.6066137903288
"TMSB4X",-25.6084950071759
"ADAMTS2",-25.6400557645022
"TBC1D9",-25.652973973652
"CITED4",-25.6547500833781
"KBTBD6",-25.681641392995
"CTTN-DT",-25.686320269741
"LRRC17",-25.7022005566567
"GAS6",-25.7115506414027
"DSEL-AS1",-25.7129002773119
"OR51E1",-25.7318496057985
"PAMR1",-25.7535397525844
"EPCIP",-25.7589070718269
"HIP1",-25.7685812402808
"RPS2P44",-25.7853781286242
"KLHL30",-25.8109726272336
"CHRD",-25.8119140847899
"IL1R1-AS1",-25.8161904702231
"COA5",-25.822169299425
"ZNF345",-25.8232862323711
"DGAT2",-25.8393058360439
"FAM184A",-25.8524122315331
"NLGN2",-25.8621692369963
"THSD4",-25.9418718240832
"TACC2",-25.9681108868642
"CCDC110",-25.9782093183465
"PKD1L1",-25.9847883040406
"ODC1-DT",-25.9915433361278
"TMEM144",-26.0394713229512
"IGF2",-26.0478661815201
"HEPH",-26.0580125793171
"INPP5F",-26.0642513776221
"SHLD3",-26.0687519868433
"SLC38A5",-26.08779464813
"KPTN",-26.0928589384517
"PRDM1",-26.0986448725033
"SPATA7",-26.118440329278
"ADA2",-26.1474132993255
"SLC25A37",-26.1518058735196
"EPHA2",-26.176576598713
"ZKSCAN3",-26.2260726855066
"TMEM186",-26.2500781922429
"PPP1R15B-AS1",-26.2548717946575
"TTC12",-26.2607902351894
"PRCP",-26.2644078060495
"SIDT1-AS1",-26.2646214536157
"SULF2",-26.2785876881171
"SYNM-AS2",-26.2840852047734
"P2RY6",-26.2842672341684
"GINS3",-26.2883021421792
"NBAT1",-26.2885716792012
"SIPA1L2",-26.2890446575633
"RPP40",-26.3058201740031
"BMPER",-26.3079956557915
"MAL",-26.3110276462759
"RSPO3",-26.3116604934373
"CTSH",-26.3238310373997
"MIPOL1",-26.3326528777496
"PDCL3P5",-26.3478651532592
"SYT12",-26.3654926916479
"SPON2",-26.4227816873181
"LINC02068",-26.4233007973828
"ATP2B4",-26.4619357298085
"NR6A1",-26.4877429722844
"ELN-AS1",-26.4897930049349
"MCM10",-26.495641478026
"TMEM119",-26.5003325408375
"PCSK5",-26.5126856024232
"REEP3",-26.5222741252537
"WIPF3",-26.528141021679
"SPOCD1",-26.5405204795917
"LRFN3",-26.5464045491887
"NHS",-26.5477023050376
"ANGPT4",-26.5508418609638
"FBXO4",-26.555399783596
"LNC-LBCS",-26.561265850443
"LRRC8C",-26.5618682224534
"TATDN1P1",-26.5748498355479
"C10orf67",-26.5905487506833
"ZNF567",-26.5967611505431
"AASS",-26.5985237714345
"CTIF",-26.5991168731238
"SHOX2",-26.6026916236748
"SMIM8",-26.6278007556479
"GLIS3",-26.7043770528519
"TMEM237",-26.7059480659429
"TBC1D12",-26.7099689391513
"GLDN",-26.7497764349116
"GCAT",-26.7810297007789
"RXFP1",-26.7951719523845
"CENPF",-26.8127382718263
"VSIG2",-26.8147459091171
"JPH2",-26.8341032705588
"CCR10",-26.860388229879
"TPD52L1",-26.8871259609738
"PIGL",-26.8934956287019
"ERCC4",-26.9045519155026
"TSPAN9",-26.9232052738221
"CA12",-26.935918668039
"CYP4B1",-26.945381437399
"NTRK3",-26.94561586652
"KIF1C",-26.954058559471
"CH25H",-26.9645814258893
"MAPK11",-26.9723446203404
"LINC02767",-26.9833512988082
"C1orf159",-27.0290503473071
"OSBPL5",-27.0539611835149
"RRAS2",-27.0652301233026
"ADGRD1",-27.0818150677326
"CDH13-AS2",-27.0969485644575
"LIN54",-27.1100849075481
"HEPACAM",-27.1172036863062
"PACSIN3",-27.1268521757917
"SERPING1",-27.1387119724352
"ITGB5",-27.1542263015306
"SOX5",-27.1737404567321
"MGAT4A",-27.1916424968229
"FN1-DT",-27.2336790707941
"TPD52",-27.2499479873909
"CDKN2B",-27.2945424508139
"CD109",-27.3052900926056
"TLR5",-27.3227928334454
"DOCK4-AS1",-27.3809729651305
"L3HYPDH",-27.3815667863465
"STK32A",-27.4046881726552
"LCAT",-27.4434888411213
"LINC02820",-27.4858183362802
"BACE1-AS",-27.4911050900663
"SYTL4",-27.4961175687574
"GTF2F2P1",-27.5019313741078
"POLM",-27.5073625440677
"IRF2-DT",-27.511147382894
"PPA1",-27.5235968175196
"PCDHGA8",-27.5280157349713
"UEVLD",-27.5767778326438
"PCOLCE-AS1",-27.5772174364531
"TCF21",-27.578112393391
"GHET1",-27.5852415487149
"PCDHB16",-27.6063761300004
"MIEF2",-27.6277473652993
"SNAP25",-27.6366313365918
"FUT2",-27.6419010288913
"PPP1R3C",-27.6423793982455
"PLPPR4",-27.6475635960917
"PDSS2",-27.6728238797625
"PCDHB12",-27.6793630081951
"ALS2CL",-27.682482740089
"ADAMTSL2",-27.6892571083362
"TMEM25",-27.7005272257593
"MEF2C-AS2",-27.7018884939074
"EPHB2",-27.7058531380662
"SATL1",-27.7240348425271
"GPX3",-27.7684119351023
"ZNF571",-27.8622085881796
"PID1",-27.8731937851558
"TM4SF18-AS1",-27.9055518822752
"SELENBP1",-27.9152876982784
"HRNR",-27.9156220667396
"TSPAN5",-27.9202287140936
"RAB23",-27.9259013646844
"ATP1A2",-27.9283451754856
"SMTNL2",-27.944633195994
"CKMT2",-27.954333751768
"IL17RE",-27.9812844663871
"HRC",-27.9976392779982
"PLD2",-28.0032110387065
"VEGFC",-28.0328982153609
"NMUR1",-28.0404787421363
"RFC3",-28.0646629828961
"KCNA5",-28.0781101188599
"MALL",-28.112157786654
"EPHB4",-28.115014152598
"CASC2",-28.1180497706208
"A2M",-28.1317174678931
"ATOH8",-28.1549407306443
"SSC5D",-28.1711534772594
"ZNF418",-28.1793523587595
"TBX3-AS1",-28.1851859347708
"TRPA1",-28.1989764446375
"RAVER2",-28.2170829024589
"TCF7L1",-28.2284351080568
"PRF1",-28.3428190029827
"MEDAG",-28.3572557015358
"ACAD10",-28.3648106207795
"CRACDL",-28.3786874119006
"FOXRED2",-28.3793826365042
"TDRP",-28.40660768138
"TRIM23",-28.4189278629551
"PDC-AS1",-28.4476227367974
"CADM3",-28.477831932813
"HEPN1",-28.4894661745105
"ULK4",-28.5026436739569
"TTC23-AS1",-28.5059976935501
"PLXNA2",-28.5127715058734
"MMP14",-28.5391182352746
"SLC6A16",-28.5601790740575
"CYBRD1",-28.5630162006181
"OPN3",-28.5832588148339
"UNC119B",-28.59708832626
"RBP7",-28.6353483351954
"MROCKI",-28.6573726605082
"CYP2S1",-28.6707694514464
"FAM114A1",-28.7029539266562
"ZNF684",-28.7103883024424
"ITLN2",-28.7120620753099
"SERTAD4",-28.714207569337
"ITGA10",-28.7414776021743
"MFSD4A",-28.7613946925392
"ACSM5",-28.7648301032181
"IHO1",-28.7769299524887
"FAM171A1",-28.7772343485003
"GIMAP8",-28.7972299450452
"DGKH",-28.8152860296186
"ART4",-28.8267189649123
"EDA",-28.845589959329
"IGFBP6",-28.8742084950662
"LIPT1",-28.8977686740956
"FAP",-28.9099792732093
"OR51E2",-28.9113513285321
"GDF10",-28.9217172734013
"WRAP73",-28.926204369828
"TBC1D8",-28.9412818276528
"MYH11",-28.946597055377
"CPNE3",-28.9575775878228
"KLK10",-29.0134203091206
"CACNA1C",-29.0747085108156
"KRT7",-29.0812393855238
"DEGS2",-29.1101703095894
"FGF14",-29.1149356685691
"KLHL23",-29.1173710852162
"RHOBTB1",-29.121258396029
"TWIST1",-29.1353227174681
"CACHD1",-29.2210301235686
"ABHD17C",-29.2697236240837
"LRRC49",-29.2837210171065
"COL8A1",-29.3019313212501
"CIBAR1",-29.3032736317689
"GFRA1",-29.3103231237414
"CCNE2",-29.3233015471473
"GALNT18",-29.3399029085427
"RPL23AP32",-29.3435827936047
"RHBDF1",-29.3721321029318
"C9orf153",-29.4002790403767
"NRXN3",-29.4064515616609
"MYOCD",-29.4305952589527
"TUSC3",-29.4362151219701
"PTPN14",-29.4430355652082
"COL10A1",-29.5064579349678
"UNC5C",-29.5076545068237
"ARK2C",-29.5165532751616
"L2HGDH",-29.5492821099571
"LRIG3",-29.5668850406336
"LYG2",-29.5746115762772
"RTL8B",-29.5844777022557
"TNFAIP6",-29.5946145664552
"LINC01359",-29.5985772785269
"DYRK3-AS1",-29.6171268618127
"SLC16A14",-29.6594567523554
"CHRM3",-29.6659236422531
"TRPC6",-29.6824295273019
"SIRT5",-29.697508392459
"MYOZ1",-29.7169958916166
"FOXD2",-29.7727833004954
"RAB31",-29.8088052943849
"AVPR2",-29.8152725864286
"IL34",-29.8217851787761
"BAIAP2L2",-29.8523695277573
"IRF8",-29.8556481949546
"VIPR1-AS1",-29.8817506975376
"DOCK4",-29.9051801356084
"MRC2",-29.9176888477939
"SEPSECS",-29.9304314075104
"BMP2",-29.9439626069152
"MRTFA-AS1",-29.9718947247914
"MAOA",-29.9786188121906
"FOXC2",-29.9913523695649
"ATP6V1FP2",-30.0232158433327
"CDIN1",-30.0310214040667
"PSD3",-30.0522487774275
"TSEN2",-30.0630866847251
"IGFBP2",-30.1127112907616
"MPPED2",-30.128821328418
"UBE2E2",-30.1297500470477
"CPXM2",-30.1482231035683
"RESF1",-30.1597369351032
"ABCC9",-30.1652788767724
"S1PR3",-30.1708819339493
"SLC16A9",-30.178714017291
"GZMB",-30.2215220528806
"RAI2",-30.2302715152524
"TCEA3",-30.2521163360386
"GRID1",-30.2697261695033
"ARHGEF19",-30.3334109890093
"PARVA",-30.3372243773019
"TEAD4",-30.3397953978363
"GOT1-DT",-30.3471209344667
"ARHGAP10",-30.3509538916958
"RASD2",-30.4187523693054
"RASL10B",-30.4325949754105
"ALG14",-30.4390288018387
"RPA4",-30.4502495054675
"CPT1C",-30.4638409348584
"LRRC51",-30.4731827465391
"ID3",-30.5008169195279
"F10",-30.5214981713935
"EIF5A2",-30.5953102951976
"HYI-AS1",-30.6132913391628
"GOLGA8B",-30.6191607002993
"IFITM3",-30.6605610050474
"COL21A1",-30.67633523196
"TGDS",-30.682870732123
"IGDCC4",-30.7094135663951
"ILDR2",-30.766423737469
"IRAG1-AS1",-30.8019906671963
"CYP2U1-AS1",-30.8111896220258
"CES1",-30.8692169561987
"PRUNE1",-30.9244635176981
"ANGPTL2",-30.9256022286121
"HSPB6",-30.9315512559925
"C1orf116",-30.9432442310561
"ABO",-30.9734013060962
"GPX7",-30.9909395404368
"C2orf74-AS1",-31.0060152407414
"HNRNPA1P40",-31.0080356132019
"DIXDC1",-31.0547507054677
"RNU6-125P",-31.085082590494
"GASK1B",-31.1174818089872
"FLRT2",-31.1191987756401
"SCUBE3-AS1",-31.1741429661148
"HLX",-31.1848093628364
"FZD6",-31.2283504693314
"WEE2",-31.2295334672701
"CD200",-31.2439987896713
"SLPI",-31.2491510070936
"C1QTNF2",-31.2583814850083
"CNR1",-31.2684309357954
"PPP1R9A",-31.2960378292349
"PRICKLE2",-31.3374252732952
"TESHL",-31.3425870653932
"HAUS1",-31.3434915361145
"ZNF432",-31.3472077054887
"MEF2C",-31.369545037277
"PANK1",-31.372726027715
"EMILIN1",-31.3927318865009
"MID2",-31.4123932956521
"FAM117B",-31.4334474493236
"SEMA3C",-31.4716876934372
"FAM20C",-31.4909958002119
"NOS2",-31.5059080385385
"PLAC8",-31.5516472205773
"HERC6",-31.6191527214219
"CCDC102B",-31.6231048400274
"PCDHB11",-31.6402034039149
"SH3BP5",-31.6547679755006
"F3",-31.6640521133464
"PKDCC",-31.6650755374691
"APLNR",-31.6798592594221
"DCLK1",-31.6882159504867
"ZNF569",-31.783849010156
"PRKD1",-31.8124115546091
"RASGRP2",-31.8373531070077
"ABI3",-31.8433096143611
"ITIH5",-31.8620826407184
"TVP23CP1",-31.873850306552
"PRKG1-AS1",-31.8782452400471
"MCF2L",-31.946003161433
"ANXA3",-31.9934310538188
"HS3ST2",-32.0155741852358
"TK1",-32.0286128999984
"STX18-AS1",-32.0419721753499
"PLCXD3",-32.0511500551696
"PERP",-32.1107504252683
"RBPMS",-32.1108081514939
"OSGEP",-32.1565128241119
"HOXB5",-32.1773203320778
"MTARC2",-32.1804454131072
"ZNRF3",-32.1950460343029
"PPP2R5B",-32.2020164509051
"GLG1",-32.203314199851
"SPEG",-32.2114189599504
"LPIN3",-32.2247932848069
"MAPK10",-32.3172064214455
"SOX12",-32.4004449931545
"ZNF502",-32.4010729204282
"ZNF347",-32.4457685305835
"PPFIBP1",-32.4489261921821
"NOL12",-32.4608483921825
"USP6NL",-32.4880365086745
"GMNN",-32.557730127516
"OGN",-32.596817787581
"ABLIM2",-32.6032531417669
"DCAF4",-32.60881399465
"TENT5B",-32.6197557892708
"GPC6",-32.6431943245386
"NFATC4",-32.657539649462
"PARD3B",-32.6629590139089
"TMCC3",-32.7195127914243
"SFT2D3",-32.7584002765261
"BMP4",-32.7873320415263
"ANKS1B",-32.8067912312408
"CCM2L",-32.8157737700958
"CADM3-AS1",-32.8458251201525
"HSPA12A",-32.8794616258829
"INVS",-32.8826444304766
"FBXO17",-32.8855906914017
"FAM180A",-32.895588079453
"SLC35F1",-32.9489155175237
"RPL23AP58",-32.9531259565551
"RAD51AP1",-32.9938737646129
"RPL18AP7",-33.007958202914
"GIMAP7",-33.0105490076087
"TEX41",-33.0171770245706
"SLC7A2",-33.0228434319625
"NYNRIN",-33.0238059292856
"ANO2",-33.0412823743779
"FRMD6",-33.0597097164367
"LINC01348",-33.0897363048768
"HSPA12B",-33.110014000574
"CDKL1",-33.1101347972755
"KANK3",-33.120531392812
"RERGL",-33.1339310669437
"RGN",-33.1589485092307
"SNX7",-33.1615814730939
"LINC02608",-33.1681554609901
"JAM3",-33.1811125737547
"JMJD1C-AS1",-33.1965827736685
"ARAP3",-33.2490786862499
"TPRG1",-33.2877690816946
"MERTK",-33.2975881853004
"CASKIN2",-33.302225508022
"DGCR11",-33.3045614943595
"PPT2",-33.3259517348199
"EML1",-33.361003139233
"LINC02574",-33.3679573285132
"NT5E",-33.3743397024189
"OSR2",-33.375913021064
"ZNF782",-33.3937607456529
"GPAT2",-33.4038375441029
"F2RL3",-33.4163872228133
"RASIP1",-33.4298156173979
"MEOX2",-33.4481929601907
"TMEM256P2",-33.5557693102193
"LINC00839",-33.5580479011883
"EXTL2",-33.5625047508957
"EFCC1",-33.5649888387749
"FSTL1",-33.6257088001701
"CTNNAL1",-33.6268912901234
"NR5A2",-33.6351333816977
"HFE",-33.6531471567978
"MORC2-AS1",-33.6568557522988
"AGTR1",-33.6974037285769
"CXCL1",-33.7407793824684
"MSC-AS1",-33.7666070870075
"LGI4",-33.8430515437134
"TUB",-33.8474772609658
"CCDC9B",-33.8722451971387
"MRS2P2",-33.8761270730976
"H1-0",-33.9120668275431
"TRPC3",-33.9128104437717
"TOX2",-33.9910439543232
"STARD13-AS",-34.021041801801
"PGAP1",-34.0293368496506
"KIRREL1",-34.0660223804938
"SLC9B2",-34.0903044958845
"MMP13",-34.1246352587771
"IMPDH1P10",-34.1292028127283
"VGLL3",-34.1577964130253
"CAMTA1-DT",-34.1626437504875
"LDB3",-34.164552227652
"NTHL1",-34.2236227337709
"EEF1A1P4",-34.2384814734613
"RAB12",-34.2529899934959
"RNF180",-34.260735350866
"NOC3L",-34.317609802346
"CARMN",-34.3728004002306
"NCALD",-34.4003573745083
"C1QTNF6",-34.4074304545283
"KCTD21",-34.4543429788496
"PRICKLE1",-34.5318481145319
"CBR3",-34.5402707264089
"GTPBP10",-34.5406374131429
"BCAM",-34.6901884575303
"TMEM51",-34.6939977896263
"SEMA5B",-34.7038318038535
"DSEL",-34.732267260554
"MORC2",-34.768781702114
"DLG5",-34.823338862289
"DMD",-34.8301835915758
"ZDHHC17",-34.8341212172801
"STOX1",-34.8603900836011
"FAM110D",-34.8845175499662
"ZNF486",-34.9009625370173
"MAMDC2",-34.9639750822775
"KHDRBS2",-34.9968868757457
"SHISA2",-35.0669807542826
"TNC",-35.0783380347881
"GATA6",-35.0983387914997
"NSUN7",-35.1132419994754
"SYT17",-35.1491386833807
"CMBL",-35.1743142630139
"PLCB4",-35.1793367845894
"MSC",-35.1962943319011
"SNHG18",-35.2331905112111
"EFR3B",-35.247282415611
"IGHEP2",-35.2780118694357
"RFLNB",-35.2892760815377
"MPZL1",-35.3373373177995
"CYP4X1",-35.4095071534634
"C14orf28",-35.4258899682124
"TRIM47",-35.4412444070145
"TMEM45A",-35.4641536904698
"FGF7",-35.4806481200546
"RHBDL2",-35.4925550884044
"NHSL2",-35.4968291401112
"ADAMTS9-AS2",-35.5064200560993
"PHLDB2",-35.5104107785183
"GPR146",-35.547617082631
"PTGES",-35.5539228849784
"TGFBR3",-35.5780057477617
"CGNL1",-35.6126458919605
"LYSMD4",-35.6146404674314
"FUT1",-35.631011010652
"LAMC2",-35.7302990470209
"LNPPS",-35.7480950449829
"C3",-35.7513403759002
"TMEM65",-35.7883329506855
"CCL26",-35.7963064104181
"LIMA1",-35.8632001999994
"PHYHD1",-35.8736182730333
"SLC15A3",-35.8945892685534
"PEX11A",-36.1234423659983
"GPIHBP1",-36.1778110128758
"FRMD4A",-36.2591405449516
"RGMB",-36.2724291371774
"MIR1915HG",-36.28943704152
"MEIS3",-36.2918282658541
"PALD1",-36.3283562038772
"CASQ2",-36.3512222526897
"PLXNB2",-36.3843223310531
"C10orf67-AS1",-36.4642987475384
"LSMEM1",-36.4834857622867
"PXDN",-36.5445072740823
"FGD5",-36.5717330278606
"WASF3",-36.5838184657826
"SH3RF3",-36.6611455998113
"FMO3",-36.7043213879105
"DNAJC18",-36.7242488906509
"NRG4",-36.7439958289996
"TBX15",-36.7482343103028
"SYNE2",-36.7957988046853
"GIPC2",-36.8559720569619
"RWDD2B",-36.8866354861813
"C12orf71BP",-36.9220765112734
"ARAP2",-36.9267193438956
"PLS3",-36.9272540970306
"TEX38",-36.989935166215
"CRMP1",-37.0183380356441
"AK4",-37.0356092041351
"LRG1",-37.0511624346033
"PICK1",-37.0653183111883
"S1PR1-DT",-37.1132841396027
"DPYSL3",-37.1467537911085
"ARHGEF15",-37.2438576150871
"NGF",-37.2491369170938
"RAB30-DT",-37.2725838846474
"ZNF30",-37.2742506827409
"PTGIR",-37.2744326877065
"CNN3-DT",-37.2961220699439
"FAM110B",-37.2997694671504
"ZNF711",-37.3186281594735
"TRPV1",-37.3529858778022
"ZNF90",-37.3556781391345
"AFF3",-37.364837809909
"TPBG",-37.3677749826724
"NEK10",-37.5053114336499
"PRELP",-37.5428565426695
"CNTN4",-37.5918933956806
"ADAM33",-37.6136054689097
"P3H3",-37.6616572914042
"BAIAP2L1",-37.6844535646255
"ITGA2-AS1",-37.7019564800182
"PPIC-AS1",-37.7625257862403
"AMOTL2",-37.7688187135342
"ZBTB46",-37.8043475048595
"MLKL",-37.8529046772448
"GNG12",-37.8943119095163
"TIGAR",-37.9128741195664
"PDGFB",-37.9576193853782
"PAXIP1-DT",-38.0494420810144
"CA3-AS1",-38.1050202754357
"SCN4B",-38.1243883058205
"SMOX",-38.1287939361149
"HIVEP2-DT",-38.1720515048875
"PHLDA3",-38.2035247589209
"FMO2",-38.2043344992725
"FJX1",-38.2168191310328
"GLI3",-38.2545669266747
"KCNS3",-38.3144868096553
"RBP5",-38.3924885636737
"SERPINH1",-38.4291888830612
"DTNA",-38.4547741008956
"LBR",-38.4747381248595
"CEP85L",-38.4895203583237
"TSHZ2",-38.5679748753666
"F8",-38.5716861419906
"SLC8A1",-38.5784409421978
"EHD2",-38.6233074453645
"GLCE",-38.6501670537038
"NBL1",-38.67610393602
"NES",-38.6955487879967
"ZEB1",-38.7245587323105
"CCDC149",-38.7295852558156
"PLEKHA1",-38.7581619664174
"FXYD6-AS1",-38.7767395612951
"ZNF366",-38.7955968224447
"EMP1",-38.8168321059711
"PCGF1",-38.8224543880637
"ADCY5",-38.8305446685463
"LRATD2",-38.9615933395227
"ARHGAP42",-38.9999196064295
"DNM3",-39.0031508186164
"TSPAN8",-39.0239182677508
"FGD6",-39.0521188038991
"ZNF250",-39.0571257123134
"FAM162B",-39.141178758265
"TNFRSF11B",-39.1436087682126
"ARHGEF37",-39.2004503394555
"C14orf132",-39.2613493020689
"WWP1",-39.3097714258459
"RBP2",-39.3405650800482
"PCGF2",-39.3424983131609
"ZNF532",-39.3438608334032
"STEAP2",-39.3855948960652
"ECM2",-39.4234880453576
"PRR16",-39.425987626666
"CA3",-39.5041290340488
"TRMT9B",-39.5334365256206
"EGILA",-39.5481690535493
"MAP3K6",-39.5806399693858
"ADRB1",-39.6397809308345
"ACVRL1",-39.6786765788412
"MOB3B",-39.6913637107585
"SNCG",-39.7505063197211
"STON2",-39.7725129330716
"MDFIC",-39.7748869834778
"MOB2",-39.8658680886906
"AKR1C3",-39.8752086255753
"ITPKC",-39.8789592929578
"LRRC1",-39.9349378906245
"CAMK2N1",-39.9398440145288
"PDE1A",-39.9635197188935
"CD2",-39.9825901436949
"RAPGEF4",-40.0073658000197
"PTPRG-AS1",-40.0440339389783
"ANGPTL4",-40.0859908778271
"HOMEZ",-40.1341936065774
"CXCL14",-40.1350289606487
"RNF217",-40.284633702014
"EXOC3L1",-40.3057273110229
"NEK3",-40.3176275788539
"NSA2P1",-40.3420496658126
"TLCD5",-40.3490153463611
"ADGRG1",-40.354435069769
"ATAD2",-40.3924076492923
"ATRIP",-40.3965075397168
"THEM6",-40.4379235395207
"ZBED5-AS1",-40.4643068118023
"CRTAC1",-40.4719358201344
"INAFM1",-40.4784187663926
"TCTN1",-40.4816817245261
"KCNN3",-40.5008980917341
"PAM",-40.5715569163432
"KRT8",-40.5833941806931
"BCHE",-40.6224055779127
"CFI",-40.6705840011761
"LAYN",-40.7255553960653
"CLMAT3",-40.7785616527413
"C12orf75",-40.794804064745
"SFTA1P",-40.8054266689456
"LPL",-41.0224904246743
"SPATA6",-41.0358272558215
"SOX11",-41.0536540571611
"ROBO1",-41.061532355806
"C1QTNF1",-41.1873250906761
"EXPH5",-41.2120051304858
"BRCA2",-41.2362229460202
"MIR100HG",-41.2717442571528
"CPED1",-41.3003200634749
"KIAA1671",-41.3027524114588
"PECAM1",-41.3257258462636
"DICER1-AS1",-41.357805160703
"SEMA3A",-41.4637672990238
"ANO1",-41.4996303054639
"VCAN-AS1",-41.5843673601194
"WWP2",-41.7113974729937
"AFAP1L2",-41.7146421324934
"GFOD1",-41.7159115048171
"LIN52",-41.7385867305832
"LARP6",-41.8186601726461
"MAML2",-41.8212684913364
"PAWR",-41.8212786407872
"CDA",-42.0077700323168
"GUCY1A2",-42.1308985201695
"PPP1R14A",-42.1587166216272
"TLR8",-42.1644808161728
"MAGI1",-42.169771864929
"MSX1",-42.2513878210181
"USHBP1",-42.2826324824978
"TACSTD2",-42.3096524685543
"ME3",-42.3213169751862
"TGFB2",-42.3440562858811
"TNFRSF25",-42.4387624121351
"TBX2-AS1",-42.4448964949972
"CCDC152",-42.4689886711893
"TIMM21",-42.5295554972482
"FAM167B",-42.5564797803312
"FAM13C",-42.5637329503392
"RAI14",-42.6023642060572
"PRRG3",-42.6991217582605
"IQSEC2",-42.6998739443373
"TRPM6",-42.7941913287996
"OLFM1",-42.9775291726327
"NUAK2",-43.0819549302732
"PPP1R21",-43.1478926768415
"EMILIN3",-43.2519120433778
"ZNF385D",-43.2598691888183
"TSPAN2",-43.2709617610544
"CLIC5",-43.2958817504754
"ADAMTS9-AS1",-43.323262398586
"FLT4",-43.399691187374
"VPS45",-43.4233217469788
"RPL7P52",-43.4429547701195
"ERCC6L2-AS1",-43.4440557271589
"HID1",-43.5217480059645
"LRP6",-43.6394725229874
"ZNF615",-43.6827758744338
"KRT18",-43.70059928847
"SEMA3G",-43.7869246048523
"CDKL5",-43.7920371407918
"SELP",-43.8147160520566
"FHL2",-43.8442178135174
"DYSF",-43.8909532410987
"C2CD2",-43.9589052428381
"NUAK1",-43.9781966576213
"MYOF",-44.0521038852545
"CHI3L1",-44.0544966509627
"MT1E",-44.0550518445693
"FBLN5",-44.1560950526948
"BCAS3",-44.1815510585858
"NUP35",-44.230371140256
"SMAD9",-44.2491052916015
"DDR2",-44.2752003248978
"MMP28",-44.3156479812761
"GXYLT2",-44.3717634954233
"LIMCH1",-44.3857027476556
"CADPS2",-44.4189842974546
"MXRA5",-44.4297406932503
"FOXS1",-44.4496746257271
"SULF1",-44.5005663403565
"TRIP6",-44.5678969151174
"FBLN1",-44.5936406330587
"PCDH18",-44.6186386406294
"PLA2G4C-AS1",-44.6284028779206
"SMARCA1",-44.6779023076219
"FSTL3",-44.7030084283664
"SGCB",-44.7256336270262
"PDIA5",-44.7546569030315
"VWF",-44.7689104829163
"BAALC",-44.7872048331815
"LIN7A",-44.8220397404525
"NPNT",-44.8403363633007
"KRT14",-44.9473091055308
"NHERF2",-45.0109100193865
"PLCB1",-45.0683475768697
"HAS2",-45.0938329667982
"COL5A2",-45.1687283409551
"PRKG1",-45.1969123140652
"NRN1",-45.198421251569
"ANKRD29",-45.2200021456486
"EDN1",-45.2656613040056
"COL15A1",-45.4517876810686
"GIMAP4",-45.4636049196902
"TJP1",-45.5312011767186
"TAGLN",-45.5807623556752
"EFEMP1",-45.5984593325812
"ZDHHC3",-45.665855993766
"EPHA4",-45.6755750625213
"MMP1",-45.7045492654674
"LZTS1",-45.86350823516
"DOCK1",-45.9156985924374
"SLC6A4",-45.956840214022
"GARRE1",-46.1027797295296
"SPRY4",-46.1253637565657
"MRTFB",-46.1551459375231
"CHRM3-AS2",-46.2163671375173
"RYR2",-46.3063747572851
"FAM234B",-46.4010948884166
"IL13RA1",-46.442008645608
"CEP112",-46.5457716346189
"SFR1",-46.5583292555692
"ARC",-46.5795020809153
"SYNPO",-46.6618694225498
"NEURL1B",-46.6898408061424
"STX2",-46.7500682502082
"ITSN1",-46.7833131147163
"COL4A2-AS1",-46.7911801459924
"SELL",-46.8274625935931
"LAMA3",-46.9283827643317
"GALNT16",-47.1255585124966
"CDC42EP1",-47.133505551919
"MFAP2",-47.1573252083431
"HDAC7",-47.1632934196624
"YAP1",-47.1689783181644
"CDH13",-47.1838736116591
"SEPTIN4-AS1",-47.2508288645526
"VIPR1",-47.2709643065459
"USP2",-47.3698014771607
"LOXL2",-47.3823153269767
"ABLIM1",-47.4421165972175
"NID1",-47.6407504425236
"CPXM1",-47.6422639742242
"HRH2",-47.6490375604385
"NFASC",-47.6594429240131
"CLEC1A",-47.7852812619267
"KCNJ2",-47.7996323404634
"CXCR6",-47.815528379044
"SFRP4",-47.8799213522014
"COL4A2",-47.9206875343745
"C2CD4B",-47.9943759469025
"PRSS48",-48.0914512422488
"IGF1R",-48.1043997246711
"DPT",-48.1982932597995
"STC2",-48.2622855660776
"LYVE1",-48.3182252391232
"OSMR",-48.3206286151537
"MEIS1-AS2",-48.3976701419274
"SOX17",-48.4604266571491
"COL12A1",-48.4964464394246
"RBP1",-48.5530795147948
"DLL1",-48.5573347852265
"NPR3",-48.6141656352196
"FEZ1",-48.6153302804274
"EPDR1",-48.7717113655297
"SOX18",-48.8055640122114
"CDC25B",-48.8574504345692
"DYRK3",-48.8993267317664
"SEPTIN4",-48.9822566065068
"MAGEF1",-49.0234040331696
"MYZAP",-49.0975574481741
"RUNDC3B",-49.1143004141059
"MYLK",-49.1259017942021
"TMTC1",-49.1511565679893
"ECSCR",-49.1519262196809
"PLEKHG1",-49.1721544392673
"RND3",-49.3034288187422
"OLFML3",-49.310988120706
"TCF7L2",-49.3504212071462
"MECOM",-49.4355381941496
"ZNF14",-49.521131316214
"GDF15",-49.5844042163049
"MAP3K20-AS1",-49.5849399595098
"FHL5",-49.6332591060245
"SPARC",-49.6688040208952
"THSD1",-49.7150088312846
"CAP2",-49.7183548228175
"ZNF670",-49.8903897145169
"LAMB1",-49.9184451268654
"HYAL1",-49.9490281628889
"NOTCH4",-49.9501833482212
"NDNF",-49.9521008624211
"SETBP1",-49.9848712639672
"ULBP3",-50.1036230357594
"MPZL2",-50.2115289698922
"AOC3",-50.234166183995
"COX4I2",-50.3440498363201
"KCNK3",-50.4885139547878
"SGCE",-50.5994601457112
"PLA1A",-50.6610438625231
"NCEH1",-50.6645312874449
"GPR20",-50.7021618188787
"SH2D3C",-50.7699144346745
"NIBAN1",-50.8527422491402
"C4A",-50.9360046146042
"IDO1",-51.0040962924097
"PDE1C",-51.0529938454513
"SMTN",-51.1328254900411
"CXCL10",-51.141436772089
"YPEL2",-51.2036129921561
"IGFBP7",-51.3506092331337
"PRRX1",-51.6550348928833
"SGCA",-51.8480173578806
"KCNJ8",-51.9202118279193
"RBMS3",-51.923483362482
"ADAM19",-51.9927106315005
"CD248",-52.0277173645834
"C11orf96",-52.1052906984751
"PCAT19",-52.135904716065
"ARHGEF17",-52.1679404188448
"NTN4",-52.2711902911611
"GLT8D2",-52.2876238526902
"LUM",-52.3393872708905
"TEK",-52.3747536783005
"FKBP9",-52.3823216072715
"FRMD3",-52.51639089712
"C4B",-52.5818815113791
"GJA5",-52.9310585941211
"PIGK",-53.0522520194852
"ATP1B2",-53.1589034989398
"ANGPT2",-53.2612925772401
"MRGPRF",-53.3333105021123
"EGLN3",-53.3778821461688
"SH3BGRL2",-53.3962803670959
"SOSTDC1",-53.409860600262
"RGL1",-53.4759510097373
"TEAD1",-53.4998513616912
"AFAP1L1",-53.5058844506277
"NDUFA4L2",-53.9751518260832
"ZNF33B",-54.1074201394964
"PTN",-54.1757640530611
"IL1R1",-54.341039136456
"LAMB2",-54.4128930939498
"CSPG4",-54.4628994711823
"CFH",-54.5576118318099
"DLL4",-54.7163602070383
"SCARA3",-54.7931836850489
"DGKE",-54.8521679577188
"PGF",-54.9066483005215
"DDAH1",-54.9701246621568
"CCN1",-54.978247701415
"ITPRIPL2",-55.0004153490319
"BCL6B",-55.0104214354445
"OLFML1",-55.0233766851451
"SHROOM4",-55.1039354182528
"PCDH1",-55.1575306488481
"PODN",-55.2935538181099
"CTDSPL",-55.3069038054269
"MTUS1",-55.3515018313847
"LINC00632",-55.4107385889445
"THBS2",-55.4720186519027
"CASC15",-55.7170278762407
"CLSPN",-55.7974630798068
"STEAP4",-55.8259423033418
"EGFR",-55.8570373061325
"MT-RNR1",-55.9191147644436
"IL6",-55.955443630467
"FAM171B",-56.0155244934074
"PTP4A3",-56.1618276522528
"ESM1",-56.2745877445556
"ARHGAP12",-56.6295694760333
"DES",-56.6691976899368
"NOSTRIN",-56.9224635623343
"RASL12",-56.9936658696644
"PREX2",-56.9994163373803
"PCDH17",-57.0464285754085
"TM4SF18",-57.2902763544747
"MYLK-AS1",-57.3396490584567
"FENDRR",-57.3839244639986
"CTTN",-57.6418313882253
"KITLG",-57.7308374725207
"CDR2L",-57.8283507260824
"ISLR",-57.9549071670824
"TGFB3",-58.0153256863451
"PLXDC1",-58.0583910622798
"SELE",-58.0687021580116
"PTPRM",-58.0755834626786
"PLN",-58.1103703383569
"PTPRS",-58.2326595103067
"CXCL13",-58.3217654796788
"RUNX1T1",-58.3248619282175
"PLPP3",-58.4510504396833
"IL7R",-58.5823596098941
"CCL21",-58.6291989335348
"CSF3",-58.6473708713957
"COL6A3",-58.731843812594
"ELN",-58.7706334776693
"MCAM",-58.7726746391259
"S100A3",-58.8389494927625
"DIPK2B",-59.0415207006588
"TMEM100",-59.1792994995484
"NRP1",-59.257636775893
"LINC01354",-59.2631922501615
"VCAM1",-59.6656565680547
"CXCL12",-59.8394059703439
"SUSD2",-60.1924082598492
"C1orf115",-60.2102358247
"HIF3A",-60.4756486336928
"MMP2",-60.605096279776
"RERG",-60.6382265618014
"RCAN2",-60.6643246694293
"FBLIM1",-60.8340398987291
"THBD",-60.894563912552
"MAP1B",-60.9996285371273
"APBB2",-61.0490761216306
"PTGFRN",-61.0755526812072
"FZD4",-61.096145677848
"PTPRK",-61.1207205631985
"FMOD",-61.134531197835
"ENPEP",-61.1370636023522
"GPR4",-61.1716113793407
"PLAC9",-61.2880347593873
"TBX2",-61.291578081568
"POSTN",-61.3291401368344
"GJA1",-61.6612496430943
"HOPX",-61.9239919466531
"ADH1B",-61.9578385795256
"APP",-62.0188971318498
"ABI3BP",-62.237070867839
"ARID5B",-62.4380931585
"NUPR1",-62.4788134690777
"ENAH",-62.5067043640608
"MT1M",-62.6650837325929
"MYL9",-62.9539002824142
"OLFML2B",-62.9752572261373
"LINC00472",-63.0784865636804
"SLIT2",-63.1440737004293
"NDN",-63.2991356382835
"GPRC5B",-63.5763328348189
"GGT5",-63.578562965773
"PARM1",-63.6310349407435
"NR2F2",-63.6481922983198
"FOXF1",-63.8975298297361
"VSTM4",-63.9173455191454
"FILIP1",-64.0714132322317
"RBFOX2",-64.1696018275785
"ANTXR1",-64.1739664066438
"IFI27",-64.3013447182959
"MYCT1",-64.3274036646366
"ARHGEF10",-65.0726911326961
"CX3CL1",-65.6522905207256
"CCDC3",-65.6895142599718
"CA2",-65.7982900706039
"MARVELD2",-65.831446995692
"SULT1C4",-65.9146873118286
"PLEKHH2",-66.6434186021232
"ADAM15",-66.7869106204951
"WFDC1",-66.816985179741
"RAB11FIP5",-67.3718499055698
"ROBO4",-67.3899825430357
"KLHL12",-67.9414470163814
"LAMC1",-67.9598595732378
"LINC01013",-68.0817744318679
"LIFR",-68.0828086360679
"ADAMTS9",-68.2009808951827
"IGFBP3",-68.6891681012445
"AEBP1",-68.8945426779691
"SOX7",-68.9520219970905
"OLFML2A",-69.0659959647333
"BATF2",-69.106015174435
"EFHD1",-69.1546402792276
"HSPB8",-69.3278056516475
"PPIC",-69.4894115028115
"SLC2A4",-69.7516855689468
"THY1-AS1",-69.8750128911858
"FBN1",-69.9664409223806
"AOPEP",-70.1580016341516
"ACTA2",-70.5520379035467
"LHFPL6",-70.7458328031164
"HEYL",-70.7937121820046
"CNN3",-70.9735501414417
"EDNRA",-70.9943180254853
"TSPAN12",-71.5794363004159
"ADGRL4",-71.7524094501245
"ASPN",-71.9299124382177
"CD36",-72.2464799222808
"CYYR1",-72.3003805301071
"TMEM47",-72.5653580306559
"LIMS2",-72.5804384381977
"GJC1",-72.6633352452487
"STC1",-72.6850043469914
"RNASE1",-72.789100625018
"CYP1B1",-74.1017921273899
"CDH11",-74.2091778479396
"RAMP2-AS1",-74.274960902201
"CNN1",-74.2768481852144
"PALMD",-75.2625869101046
"AGER",-75.3652524669274
"PLVAP",-75.8823427734488
"KDR",-75.8897053768289
"SERPINE1",-76.1961828368007
"RNF144B",-76.3031155756914
"APOLD1",-76.3777578127516
"SEPTIN10",-76.7397184631759
"KCNE4",-76.8092316021785
"C3orf70",-76.8582795483787
"THBS2-AS1",-76.9487221344056
"ADGRL2",-77.1536994586226
"PI15",-77.340658433137
"FCN3",-77.3794519110651
"MXRA8",-78.2565973852249
"ASS1",-78.7256002759895
"CCDC80",-79.0474235042923
"IRAG1",-79.4100682566264
"CCL19",-79.828650526417
"SLIT3",-79.893652816226
"CTHRC1",-80.0095676198514
"CALCRL-AS1",-80.5922334836791
"ENTPD1",-80.6752642082664
"MMRN2",-80.9513566580121
"LTBP1",-81.9966150710463
"SASH1",-82.266678101947
"BTNL9",-82.6209569558696
"LMOD1",-82.9946035650303
"CD93",-83.3033902142272
"TBX3",-83.6408173858083
"NOTCH3",-84.1480122883765
"FN1",-84.188290562049
"PRSS23",-84.7992345375218
"CA4",-84.9084199962067
"SEMA5A",-84.9384884936917
"C7",-84.965605241607
"IGFBP7-AS1",-85.8365156088068
"COL6A1",-85.9040428654214
"EBF1",-86.0770806520148
"TMEM204",-86.2009698950889
"TPPP3",-86.2033191306526
"S100A16",-86.3563086931793
"PLA2G4C",-86.7150467897397
"SLCO2A1",-86.7331247244638
"MFAP4",-87.2660777630656
"JAG1",-87.5164905357663
"SFRP2",-87.7411562281086
"PTPRG",-88.0820867886714
"NR2F2-AS1",-88.3221414142314
"MYO1B",-89.0055454231843
"IL32",-89.0564864891402
"RARRES2",-89.1353787461819
"VCAN",-89.212395599714
"CAV1",-89.282449206093
"SDC2",-89.5839341865886
"NTRK2",-89.8570622899319
"LRRC32",-90.6931823712473
"CRYAB",-90.8311563699957
"CSRP2",-90.8745885104435
"CALCRL",-91.8673660095209
"FLT1",-91.9529857762954
"CHN1",-92.3880995555236
"MEIS1",-92.8639232594215
"CD34",-92.9311338418385
"CALD1",-94.1526169066459
"FAM107A",-94.822651116346
"RAMP2",-96.237932919875
"TGM2",-97.0746412163843
"ARHGAP29",-97.6733456324777
"KIAA1217",-97.8846429851271
"ACTA2-AS1",-97.9621949401753
"TPM2",-98.0037643163799
"SOD3",-98.3993778987014
"IGFBP5",-98.8614403386793
"PDGFRB",-98.9042705497666
"GUCY1A1",-98.9607170222535
"RAMP3",-100.436891844051
"GJA4",-101.123973146662
"COL6A2",-101.24409774963
"GPRC5A",-101.876331542181
"LAMA4",-102.624236414927
"CDH6",-102.656298286555
"FRZB",-103.406697771904
"JAM2",-103.513574001009
"ACTG2",-103.522225453713
"SORBS2",-103.77622645547
"CDH5",-103.919652197048
"SYNPO2",-104.474247683257
"THY1",-104.768020504995
"GNG11",-104.774395694476
"PDLIM3",-106.050531211111
"CPE",-106.109942573563
"AXL",-106.896054134452
"RNF152",-108.352513446345
"ADGRF5",-109.814252682503
"COL14A1",-110.34599161371
"EMCN",-110.371615126495
"ACKR1",-110.695765520645
"ITGA1",-111.457681282048
"CLDN5",-112.248913140875
"INMT",-115.24274814433
"EGFL6",-115.494129297103
"EFNA1",-118.964789754409
"SMOC2",-121.175197676988
"SELENOP",-121.199133735459
"ID4",-121.864773475168
"CLEC14A",-129.55625974423
"DCN",-133.811367897402
"HTRA1",-136.148534761388
"RGS5",-137.452447779984
"CRIP2",-137.610048222729
"TM4SF1-AS1",-137.819620196965
"COL1A1",-145.393085907386
"COL3A1",-145.476978575547
"COL1A2",-150.018223245399
"C1S",-151.347163125213
"CCN2",-151.425289165594
"AQP1",-151.650753887348
"ADAMTS1",-152.471693435875
"COL4A1",-153.131932815061
"C1R",-153.247955001731
"C12orf60",-155.669291849733
"PDLIM1",-159.054898118467
"TCIM",-164.856949264462
"IGFBP4",-168.344439290288
"EMP2",-168.955366244597
"ADAMTS4",-171.002604372661
"BGN",-171.24522703424
"DEPP1",-177.008761558166
"ADIRF-AS1",-182.91242329631
"CAV2",-185.125515359375
"NNMT",-190.419395492004
"ADIRF",-200.789587454758
"TM4SF1",-221.685548755041
"ESAM",-233.089613470913
"TFPI",-240.287772069523
"NFIB",-248.333303789906
"MGP",-492.751607804389
"SPARCL1",-844.230642160399
