"gene","rank_metric"
"FCRL5",578.103870220686
"IGKC",559.435345119599
"IGKV3-20",456.131652093016
"DERL3",446.388130135102
"IGHG2",441.024711064841
"CD79A",430.633426441393
"IGKV3-15",410.360588791188
"IGKV4-1",407.620501164054
"IGHV3-7",375.06354274467
"IGKV1-39",363.109675400173
"IGLV2-14",362.378725454587
"IGHV3-23",346.824583342217
"IGHV4-34",338.610337689372
"IGHV4-39",335.427930541339
"IGKV1-5",333.080067847546
"IGHV3-30",321.16190330737
"IGLV3-19",320.572052545833
"IGHV3-74",318.158800493612
"IGHV3-20",317.307196868393
"IGKV1-16",316.96442816929
"IGHJ6",314.972497911346
"IGLL5",314.304307441102
"IGLV3-1",313.831273040363
"IGLV2-11",313.586653345944
"IGKV1-9",310.106314861153
"IGHA2",308.579312690062
"IGHGP",307.924675425558
"IGKV1-27",304.333676066483
"IGLV6-57",299.683508502707
"IGHG3",295.799426291178
"IGKV1-8",295.09227791131
"PLCG2",294.328432291065
"IGHV3-15",290.030314194046
"IGHJ5",289.611510364017
"IGHV3-48",283.864522950524
"IGKV1-12",282.137757248646
"IGHV3-21",281.433245863993
"IGHV3-43",281.355191721851
"IGKV2-28",279.099135478679
"IGHV2-5",278.161349548816
"IGKV1-6",278.150816819075
"IGKJ1",275.018245640839
"IGHV4-59",274.531920585975
"IGKJ4",273.252884358856
"TNFRSF17",265.858372816716
"IGKV2-30",263.66577015848
"IGHG1",261.762520956189
"COBLL1",261.07229276867
"IGHV3-11",260.488594034159
"IGKV1-17",259.165521629851
"IGHV4-4",254.668257784796
"IGHV3-49",252.881760472625
"IGLV10-54",252.844146411258
"IGLV3-9",252.26090036994
"IGHV3-64D",251.088047852431
"IGHV2-26",250.455660718745
"IGHM",250.240237354179
"LINC02362",245.641343476389
"IGLV3-25",241.364308282297
"IGHJ3",236.595453012551
"IGLJ2",231.500214060435
"IGHV3-66",229.663523298446
"IGLV2-18",227.368500612662
"IGHV1-69D",225.997636724581
"IGKV3-7",224.13111711546
"HSPA6",224.114813209021
"IGLV3-10",223.329188657093
"IGKV1-33",222.897120579858
"IGKV3-11",220.794907784435
"IGHV4-28",220.64276731744
"SDC1",220.521380523714
"IGHV4-31",219.063972289717
"IGKJ5",217.97405311704
"PARM1",217.494213497071
"IGHV3-53",210.23568313319
"IGLV1-51",209.291750391873
"CARMIL1",209.250046219845
"IGHV1-2",207.187625109211
"IGHV3-13",205.511942820775
"IGHV1-18",202.86722633695
"IGLV3-12",202.769139448918
"BMP6",201.185186570272
"LINC03034",198.28859406017
"KCNN3",196.415133841417
"IGHV3-33",195.961008509175
"JCHAIN",195.703001342898
"TNFAIP2",194.278950830676
"IGHG4",188.612475691736
"CYRIA",180.029489124018
"IGLV3-21",179.032129148744
"IGHV3-69-1",177.102314812844
"SLC17A9",173.13754744462
"IGKV7-3",172.08006774306
"IGKV1D-39",171.7565747322
"SSR4",170.507252390458
"IGHV4-61",170.394896472457
"SMPDL3B",170.038034687832
"BHLHA15",165.986367010413
"IGKV1-13",165.459861496031
"DOK3",161.860569116093
"IGHV4-55",161.259427610362
"FCRL2",160.548341226502
"SPAG4",156.540223597871
"TRPV3",155.385176475627
"FCGR2B",155.362532922338
"IGHV7-4-1",153.822692867497
"PYCR1",153.628127703008
"RASSF6",153.007358959418
"IGKJ3",152.94899582944
"DENND5B",152.044675023697
"PLA2G2D",150.978616998548
"IGLV2-28",150.882020364567
"IGKV3D-20",148.936165387612
"LRRK1",145.44973683752
"IGLV1-40",144.845879149625
"GAB1",144.804467792307
"IGHV6-1",143.672478138014
"APOBEC3B",143.53142724481
"DNAAF1",143.055907493369
"ST6GALNAC4",143.008845835218
"HERPUD1",141.075291397147
"IGLV2-5",139.218191768693
"XIST",139.195612697364
"COL4A4",139.11969272733
"IGKV1D-16",137.865129592786
"CKAP4",136.294733153206
"EVI5",136.213421766782
"IGHA1",134.270285580792
"BLNK",133.136330298426
"DEPP1",132.71187548403
"TBC1D9",132.700593831575
"IGLV1-41",132.685341765016
"IGKV3D-11",131.142650825409
"CABLES1",131.077911593013
"BHLHE41",126.832036596121
"PNOC",126.242043290651
"FOXRED2",125.155585891706
"HID1",124.847377378888
"TLE1",122.80155996185
"P2RX1",122.123802797458
"ZNF215",121.579579066645
"SCNN1B",120.477657523447
"MEF2C",119.564270197958
"CHST2",118.679645225444
"IGLJ3",118.354217001016
"IGHV1-58",118.105333285476
"CCL19",117.028907460176
"IGLV1-47",117.020765378205
"TWSG1",116.760853424189
"PKHD1L1",116.711272043774
"C1R",116.288066943179
"TSPAN13",115.593894082789
"TXNDC5",115.177525918905
"IGHV3-62",114.611977086514
"TM7SF2",114.290007109971
"CD19",114.213537700303
"LILRB1",113.848226107606
"H2BC4",113.402127584672
"IGKV3D-15",112.830267034302
"PYCR1-AS1",112.722836645639
"CLDN3",112.061223262406
"AMPD1",112.034954126877
"DLL4",111.891226738965
"MTUS1",111.442997648993
"TMEM45A",111.064101498549
"SCAMP5",110.848087812747
"CADPS2",110.263808240025
"IGHJ4",110.215944428008
"CSF2RB",110.045599761043
"CD180",109.939973353699
"LINC02352",109.587040681209
"IGHV3-19",109.541404543931
"XCL2",108.668100303239
"MRPS6",108.578944836115
"LGALSL",108.521180983087
"ITGA8",108.345215727006
"TLCD4",108.069369604518
"SPHK1",107.708040656746
"IGHV1-24",107.198883499662
"DPEP1",107.198848423925
"SLC22A1",107.116369148765
"IGKV3D-7",106.117196284716
"MIXL1",105.599450268231
"APOBEC3B-AS1",105.262694577053
"STAP1",105.140401927628
"IGHV3-16",102.471736361391
"ADGRG5",102.074124282539
"C4B",102.0086820347
"BCAR3",101.922432270773
"GLDC",101.563318813326
"LINC02363",101.541348423929
"SIK1",101.058251864411
"PRSS16",100.955462259937
"IGKV2-26",100.528705868686
"B9D1",100.419138722141
"LINC01484",100.190942992355
"CIBAR2",99.4598823217892
"GATD3",99.1599888997548
"LINC00877",98.8150169609631
"TAS1R3",98.0241595321885
"SLC47A1",97.7133711351813
"MZB1",96.6940819604526
"IGKV1D-8",96.3445977272435
"C1S",95.4129900478418
"FUCA1",95.4055042053482
"CEP128",95.1860026802353
"EFHC1",95.0579596141624
"COL9A3",95.0176444258332
"CNKSR1",95.0001897772164
"TFPI",94.9992825164617
"IGHV1-67",94.915381346711
"LINC01502",94.4096753252767
"GEN1",94.30930348437
"PGGT1B",94.2830979727376
"GSTM2",94.0604779435499
"OSR2",93.8832217640541
"CDK14",93.7852598341321
"RAB39B",93.5918764369353
"POU2AF1",93.5742360389208
"PIP5K1B",93.4149600324675
"XBP1",93.0864871113551
"IGHV3-65",93.0578131645642
"IGLC2",93.0150449427889
"IGHV3-38",92.6420708886418
"CLIC4",92.3127298363774
"GAS6-AS1",91.8947050719624
"OR10A2",91.7607207547423
"QPRT",91.7367826160587
"NEXN",91.5447973218731
"TMC3-AS1",91.5284073076646
"MINPP1",91.4277249478827
"VEGFA",91.3622656609478
"FCRLA",91.2815156751868
"TCN2",91.1606873684265
"LINC00525",91.0573189120172
"HYLS1",90.1843435140668
"IGKV2-40",90.167262298375
"DYRK3",89.8967813827655
"HLA-DOB",89.4909064447529
"PAIP2B",89.0591733180098
"CFAP54",88.8252185408273
"IGKV2-18",88.4378247949396
"UGGT2",88.191028502094
"RWDD2A",88.1736154465883
"LINC02576",88.1656981338879
"IGF1",87.8405034877701
"APOBEC3A",87.6510918876366
"GIRGL",87.633941279831
"ZNF34",87.5895537632459
"ANKRD53",87.4112123171598
"IGHV3-25",87.2214321697679
"SLC22A17",87.169228555134
"RCN3",86.9403722224689
"IGKV2D-28",86.5549497546088
"FAM8A1",86.5226991614332
"IL6",86.3698757481258
"ESR1",86.1408437076411
"LINC00973",86.0537769057358
"PI15",85.9510720739536
"MYBL2",85.5013557180627
"IGHV1-14",85.4986581648529
"IGHV3-64",85.3451614109992
"SCRN2",85.114619715815
"P2RY6",85.109118845148
"LILRB4",84.8886400438479
"CERCAM",83.7119865839834
"PHACTR1",83.6814276852005
"WFS1",83.6462212463642
"SSTR2",82.9821924893577
"IGLC6",82.8304778640195
"CDC20",82.2141551531382
"RMDN2",82.2073844435226
"TSIX",82.0242341513922
"MEF2C-AS2",81.6039016285586
"MACC1",81.2478360036356
"ILDR1",81.1247159892212
"IGHV1OR15-9",80.9055102685369
"IGHV1OR15-2",80.890530610966
"WNT5B",80.8333710546255
"IGHV3-52",80.5801259292943
"TSHR",80.3505707050436
"DDR2",80.0267155565509
"CHDH",79.9894465674928
"NLRP7",79.9845060935861
"CDH13-AS2",79.7889966972728
"P3H3",79.6681499025594
"ADAM28",79.529419204191
"SMG8",78.4100782247625
"TCEANC",78.3426202061087
"TULP2",78.1642305679088
"IGLV4-60",78.1588734776886
"NEIL2",77.8864289741
"IGHV3-72",77.8745018283774
"TXLNB",77.8267046789604
"LINC01679",77.7846217921673
"IGHV3OR16-13",77.7275910889719
"H2BC11",77.5890797754853
"SLC16A14",77.2705548570924
"LINC01681",77.1273786849425
"MTCL1",77.1095353880314
"OSTN-AS1",77.1072282846369
"BTK",76.703359081709
"ZNF324",76.5013132821089
"PECAM1",76.4738253569916
"HSPA13",76.2753042647644
"IGLV5-48",76.024648631291
"LINC01252",75.8378443176422
"CHMP4C",75.7766982130817
"F3",75.7723344593035
"MOXD1",75.5706081770702
"IGKV1D-13",75.4522810154102
"ST7-OT4",75.0265197482874
"IGHV3-41",75.0249236334371
"SLC25A23",74.1157650088112
"RPL21P60",73.9251763839609
"IGHV1-3",73.8607175817527
"SLAMF7",73.8518481256434
"IGHV3-71",73.804840979605
"CPED1",73.7969607085114
"JDP2",73.762281024221
"L3MBTL2-AS1",73.521160648368
"IGHV3-22",72.9866667827344
"TAF1C",72.9172977578265
"KIF19",72.9089783153959
"C16orf74",72.8264514222001
"CACNA2D1",72.5455846725194
"OR5AN1",72.5294263295677
"ZFAT",72.5112532366373
"CHIT1",72.4406147113768
"WBP2NL",72.3490788148646
"IGHJ3P",72.3377413931058
"VPREB3",72.2455430854489
"GABRR2",71.9220713880874
"IGHD3-3",71.8326385001439
"MPZL1",71.8079686217768
"TRIM36-IT1",71.4602414756206
"BSPRY",71.4467240063339
"IGLV2-33",71.2623092471229
"LINC03047",71.0599711517331
"GPR176",71.0047749750993
"TMT1A",70.7069096025127
"RAB40B",70.3508028543459
"TOMM20P3",70.3240555346845
"SLC43A2",70.2280301453635
"ST7-AS2",70.1281876782375
"CAV2",70.1275976249754
"H2BC26",70.0034112627758
"ZNF664",69.9532287344018
"IGHV3-73",69.5954193028352
"MB21D2",69.4682924920065
"ICAM4",69.4474362428824
"CXCR1",69.3386528776549
"PUDP",69.2374093783215
"ADM2",68.9032946003507
"F2RL2",68.8475802326601
"GTF2H3",68.6047407687438
"RN7SL28P",68.5849702812717
"CLDN14",68.5119596345339
"IGLV2-8",68.4261101535474
"KANTR",68.4201106064803
"MT1G",68.1952388115068
"DUSP26",68.1641213018885
"PKD1",68.1554962290548
"OAF",67.9786875896668
"TOP6BL",67.8709556181242
"PHYHD1",67.7445021617614
"RN7SL57P",67.1949615907571
"SLCO5A1",67.1701136147469
"FAM174A-DT",67.0954758972277
"RNU6-60P",67.0698684226469
"CPEB4",67.0300928188078
"RHBDD1",66.8332919211117
"VCPKMT",66.4690610258375
"DNAJC30",65.9123319447592
"IGLV9-49",65.7744654788913
"RNVU1-26",65.6609336119157
"LUM",65.5959867316563
"IGHV1-69",65.4784649689552
"NOL3",65.4420239310409
"IGHV3OR16-6",65.0870356711486
"SMARCE1P6",65.0496081211493
"TXNDC11",64.9143488411189
"OSGIN1",64.7820505601064
"HMMR",64.7697209648636
"RRAD",64.7608468917277
"DBT",64.7257789914825
"ZSCAN26",64.4717031754173
"PARD6G-AS1",64.334303688775
"FNDC3B",64.3320595356184
"RNF26",64.3062944030314
"GBA3",64.1888636652316
"DAPK1",64.0206613145151
"LAMC1",64.0116741548759
"CRACR2B",63.9670616697432
"CBFA2T3",63.7649342954776
"C7",63.5660207130024
"HTT-AS",63.5572632498318
"DHRS9",63.4876044296655
"PDSS2",63.4480379600363
"LINC00582",63.3649459938004
"BLK",63.1964208174856
"FMNL2",63.1386616639833
"PDK1",63.0979738345726
"LINC02541",63.0652404174443
"FAM174A",62.9208137376837
"NEIL1",62.8556932012103
"LINC01353",62.8230685349494
"PAK6",62.8178617092963
"CD1D",62.8156335074631
"SMARCB1",62.5931057655723
"C17orf107",62.342478951124
"LRP5",62.2541586871848
"LAMP5",62.0919739258023
"IGKV3-31",62.0288650749971
"FBXO2",61.9663546651349
"ZNF460-AS1",61.7000716305467
"CCDC200",61.6885306672872
"SCRN1",61.5754336531803
"SNORD3B-1",61.4568614323014
"GAS6",61.3528381459575
"LARGE-AS1",61.0643079980592
"NT5DC2",61.0547626891629
"RNA5SP37",60.7988638191077
"RPP25",60.7215008926222
"ELL2",60.7125395848306
"IGKV1D-12",60.7092448875687
"IGHV7-56",60.5888513627793
"SUOX",60.4923433621612
"IGKV1OR2-118",60.4415136026648
"GIGYF1",60.4061614091746
"ASNS",60.3396035356825
"HMOX1",60.2264989473361
"TRIP13",60.1921080642382
"ITPRID2",60.1596784130521
"NRARP",59.8912382553152
"ZNF587B",59.8871747983173
"SEPTIN10",59.8340880266184
"TMEM52",59.7354556903241
"SRC",59.6318572021303
"DICER1-AS1",59.5327850606307
"LINC01055",59.515473542739
"SLC16A6",59.11736655926
"LNP1",59.1091818606692
"ALG6",58.9822297811405
"LINC02427",58.7621422729972
"MCTP2",58.7417540959212
"ARSK",58.7236359462144
"TCEAL3",58.4965908989453
"TMEM51",58.4760987947793
"CALU",58.452178961237
"RPS3AP18",58.4280391080374
"ACOXL",58.3751379439195
"SOD1-DT",58.3519623187852
"AMER2",58.2689701454912
"ZKSCAN8",58.0108980778884
"ZKSCAN8P1",57.8486281852739
"LARGE1",57.826748702286
"ARHGAP44",57.7337147429275
"SRMS",57.7158246927923
"COL8A1",57.7100566696583
"UBE2QL1",57.6260965628424
"C14orf28",57.5642683771158
"FBXL22",57.5576974901235
"IGHJ1",57.4549452501415
"GJB2",57.4519175404696
"LINC02711",57.3501002406553
"NIPSNAP3B",57.3347155686992
"ALKBH8",57.2153487860524
"ITGA6-AS1",57.207133140631
"SNN",57.1364030134509
"IGHV7-81",57.0564218042052
"UBC",56.8283709455044
"MIR210HG",56.7964940454387
"IGHV1OR15-1",56.7825710915674
"B4GALT2",56.7471896859988
"PSPH",56.7406817602606
"ZYG11A",56.7392096111441
"GNB3",56.5190291455005
"IGLV1-50",56.4630045723653
"CTNNAL1",56.4121470944924
"FGL2",56.402676952861
"RP2",56.3997038178156
"SH3BGRL2",56.2985756003369
"SCPEP1",56.1640305488769
"MBTPS1-DT",56.1549562811655
"E2F6",56.0752837052019
"ALAD",56.0145982423367
"FUT8-AS1",55.8631031404673
"KIF3C",55.7920751157532
"EEF1AKMT1",55.7759030468731
"CR2",55.7747615641902
"GTF2H2C",55.7532109328112
"RPS8P5",55.7221853534458
"BBC3",55.5557954755987
"GTF2E1",55.4730767905465
"STS",55.4577318951032
"CC2D2B",55.4148915948521
"LINC01182",55.3288610832566
"GSTO2",55.3154908284886
"MYO1D",55.2323274151411
"SLC10A5",55.2224721013767
"NUS1",55.1963506627186
"SLC4A8",55.1152678296435
"AVEN",55.094263229085
"IGKV1D-33",55.0381000731262
"HSP90B1",54.9707484881779
"ITGB8-AS1",54.9469559760583
"DCC",54.906029184372
"EPN2",54.8556974961675
"LINC01556",54.836169650132
"DIO2",54.7899933017004
"IGHJ2",54.750314351842
"CHAC1",54.7115237122379
"NEK3",54.6286881850145
"SCIN",54.6245142359576
"TMEM198",54.6222811942928
"CDKN3",54.54100864715
"APBB3",54.4954083320881
"ZFTA",54.4579705127409
"LINC02642",54.415312652288
"MPC1-DT",54.4080199323764
"IGLV2-23",54.3690138249827
"TMC3",54.2969185222027
"IGLC3",54.292091268401
"ACP3",54.2830662843659
"PLBD1",54.2653785215857
"ZNF211",53.8760577267931
"MYO1B",53.8696471993354
"CCL25",53.8577715675661
"LRRC23",53.760672111903
"OR2AG1",53.7595547479718
"FBXO16",53.6946749051251
"ZIK1",53.5933788794921
"TFAP2C",53.5420245479554
"GEMIN5",53.4711358399883
"FBXO36",53.4247323013996
"RHOB",53.4175975767255
"LINC00309",53.2907528231424
"ESR2",53.2516568811787
"CTHRC1",53.2392959729291
"COL4A3",53.2248999666562
"MICALL1",53.1532322134624
"RGS13",53.0797978208971
"NAV2",53.0577583150125
"IGKV1D-27",53.0159641534479
"ANKRD28",52.9964751416594
"MED12L",52.9802438307721
"NRSN2",52.9157545259083
"IFT140",52.8918735681558
"NUBPL",52.5389817072829
"ZNF546",52.5332431127226
"DOCK8-AS1",52.4703515034582
"ORAI3",52.4565787395674
"IFNG-AS1",52.2572711094606
"IDH2-DT",52.1720741193313
"FOXH1",52.1294388514563
"ITGAV",52.0520345936963
"EI24P3",52.0282176141453
"PLPP5",51.9057859880838
"FCGR2C",51.8901459003979
"FBXO30",51.8402674787788
"LINC01562",51.8335256390695
"DDX11",51.8189927555369
"CDH13",51.7485288854703
"ISM2",51.7110796668081
"CDCA3",51.6534710772471
"UGT8",51.6333187257587
"EML6",51.5791795671675
"CYP27B1",51.556476553295
"SNHG10",51.5411536691035
"FCRLB",51.462085798695
"CDC42BPB",51.3798212341356
"LINC00526",51.3623577160028
"SERPINB8",51.3564557363365
"SLC15A2",51.2411168780508
"TSPAN5-DT",51.1963095741229
"IGKV1-37",51.1865674226274
"IGHV3-35",51.021623687989
"SRPK3",51.0011483475357
"EPB41L4A",50.893209178989
"ASB15",50.8507199214288
"FCHSD2",50.7933220964237
"RPS6KL1",50.7766832306644
"TMEM234",50.6820153847091
"FZD6",50.6530414776029
"NET1",50.5650427996291
"PLEKHA8",50.5594534225403
"PCDHGA10",50.5296967013819
"PIERCE2",50.5111214003523
"NXPE4",50.4538551920194
"IGHV1-12",50.2838591430554
"STOML1",50.1846125001045
"NTNG1",50.1448283172901
"LINC00158",50.138077456088
"UNC13B",50.1268794117013
"FAM185A",50.0770304831282
"TMEM38A",50.0654518307112
"IGKV2D-40",49.9495196700059
"ZNF710-AS1",49.8888912988209
"H4C9",49.7537448945389
"PICK1",49.6860556397696
"IGLV5-45",49.5872571399492
"SIX5",49.5501979868088
"SNRPA1P2",49.5172636990233
"FMO3",49.5076713611369
"SNORA59B",49.5056107822744
"TEC",49.4837760029306
"PRDX4",49.4440817351022
"LRRK2",49.3925651460752
"MOCS3",49.299860783878
"PPP1R9A",49.2374464944154
"SOD3",49.1651472737834
"BGN",49.1289800430056
"SOX5",49.0244187454929
"VILL",48.9757823930291
"ZNF77",48.955736079681
"SLC33A1",48.9391637207467
"VLDLR",48.8919299567693
"LINC00222",48.8519702814448
"SOX9",48.7467029508783
"FBP1",48.6375774759029
"RBM47",48.6267333108206
"LINC01013",48.6092875776617
"DAB2IP",48.5388927472514
"CLDN19",48.4095936427838
"IQSEC3-AS2",48.3692451306846
"SLC10A7",48.3493312847559
"C2-AS1",48.3156262119167
"RAB3B",48.2666740301234
"IGLV3-27",48.1703749371689
"NTAQ1",48.0964209389942
"SRGAP3-AS4",47.9785416063625
"MIR34AHG",47.9318267506742
"PER3",47.8703939949678
"MGAT2",47.8000741906158
"PRSS21",47.6181790319695
"SMPD3",47.6125239683811
"MKI67",47.6080302323033
"ADCK5",47.5493834197802
"IL6R-AS1",47.3744437866796
"DUSP5-DT",47.3434410017213
"PCAT7",47.3404629942296
"LINC01426",47.2339084796551
"OMG",47.1486516238763
"SYNE3-AS1",47.1480227574963
"ZNF460",47.1105470237421
"ABCA6",47.1047064550073
"TNFRSF10D",47.064733030088
"UQCC6",47.0145280236415
"CICP14",46.8999116553205
"TMPOP2",46.8597154839468
"ZNF283",46.8516466407308
"LMLN",46.8411984230356
"TRIB1",46.7096156937829
"SLC30A6-DT",46.6946546315185
"PRICKLE1",46.6878493025652
"EPS8",46.6813731583219
"LINC02256",46.6749287544954
"TAFA5",46.6201576493739
"SANBR",46.6092638288053
"MYOF",46.5877246109262
"RBM26-AS1",46.5827081961145
"ISL2",46.5546769944927
"DSN1",46.4725818039161
"KCNIP2",46.3754171982618
"ACAD8",46.3381745226314
"CEMP1",46.3306651571559
"KLHL14",46.3138673097521
"GFPT1",46.3036154327425
"TIPIN",46.2321577299165
"CDC6",46.2015310246827
"C1QTNF7-AS1",46.1369204688788
"POU2AF3",46.0696149496965
"ZNF398",46.0397344078884
"BCL9",46.0343980669302
"RASSF4",46.0147987948779
"RNU6-1158P",45.9910617565584
"BTG2",45.921176868994
"SLC37A4",45.8223472510263
"C4A",45.7911263857246
"CAV1",45.7795294565394
"COX20P2",45.7564134524592
"MIR155HG",45.6608587029654
"PSD2-AS1",45.6495510900353
"FBXO10",45.555991966557
"LINC00471",45.5077960132115
"STBD1",45.4410173368071
"COPB2-DT",45.1679210091629
"IFNGR2",45.1540524127981
"RASSF8",44.9785662110888
"CRISPLD2",44.9690755278327
"PAEP",44.9629535094986
"FCRL4",44.9189425278036
"STEAP1B",44.8571951520528
"ZNF275",44.8322414729464
"SPATA3-AS1",44.8223775876213
"RAB30",44.8178021543078
"WDR36",44.7186673349296
"ODAPH",44.6539221501123
"CCNJP2",44.5324339423605
"DDAH1",44.5163387683987
"POLR3G",44.4954298847558
"EEF1A1P32",44.4639321291765
"HSPA5",44.4445998322313
"HS1BP3",44.4445637758013
"LINC03106",44.4244762427259
"CPEB3",44.4075149884605
"TEX9",44.3699204623545
"MYL4",44.3614634631442
"MYO1D-DT",44.3580786354934
"SPTLC1",44.3304964870606
"NTNG2",44.2859617246046
"LINC02999",44.2474541644428
"RHBDF1",44.1905191503456
"LCMT2",44.141155925175
"IGKV1-35",44.1260682799697
"AFMID",44.1083723039842
"CCR1",44.0379126417675
"TPRG1",44.0372102287996
"RIMKLB",44.0221976012866
"AEBP1",44.0145500327105
"LYPD6B",44.0138617638295
"WDR24",44.0042583474256
"CLEC4A",43.9753105180983
"IGKV6-21",43.9200390849282
"GLS2",43.8618125275518
"STEAP1B-AS1",43.7885518998081
"GRHL1",43.7487633453051
"FAM27C",43.744350469054
"RAPGEF3",43.7303131848034
"WDR41",43.6979270049984
"MELTF",43.6155033811461
"EEF1B2P7",43.5571894460281
"NUDT6",43.4822534042684
"INHBA",43.4019732283744
"LINC01942",43.2541971699385
"ABCD3",43.2493872850232
"RPL22P21",43.2080272190108
"MED20",43.1614598261916
"RN7SL328P",43.1525454480577
"FAM124A",43.1468167137604
"BRAT1",43.1309335249726
"SLC37A1",43.0310019595741
"IGHV1-45",42.9689589353468
"KIFC2",42.9398320355478
"GZF1",42.8865078992838
"NUP210L",42.8723458338578
"WDFY4",42.858060793736
"OTUD1",42.8485616253288
"DEPDC1B",42.8307348089219
"TRIM55",42.8295617565054
"C19orf67",42.8247220671637
"SLC7A11",42.8068044357768
"RRP12",42.7545679327862
"MGAT3",42.7404891305424
"LRRN1",42.7197944120611
"ZNF736",42.6875039977696
"MINAR1",42.6743722826328
"POGLUT2P1",42.6667342173454
"SNORD14E",42.6455287245851
"IGLV3-6",42.6377375306962
"PIERCE1",42.5894360005014
"TEF",42.5173702401582
"KIF13A",42.5056742888195
"RN7SKP127",42.4669219927098
"DNMBP",42.4264009333657
"PTPRB",42.4186152209685
"CRNDE",42.3981796006102
"OPLAH",42.3789480772875
"ZNF517",42.3572718171167
"RNF222",42.2809605895471
"LIG1",42.1665874733153
"EAF2",42.1652792553394
"RALGPS2-AS1",42.1452713452347
"LOXL4",41.9986445149055
"POLI",41.9976315480879
"IFNLR1",41.9416180677314
"SEPTIN3",41.9384938553048
"H4C16",41.9135316833761
"IL13RA1",41.9051080799348
"IGHV3-47",41.8932878563368
"ZNF3",41.8705471296049
"MMADHCP2",41.8565539015519
"RYR3",41.8111496360728
"TOR3A",41.7962015518723
"NRROS",41.735545573883
"ARHGAP21",41.6669981335159
"OR2D3",41.6564406804674
"WIPI1",41.6369719036497
"ANKEF1",41.5884798717305
"CAGE1",41.4181371910856
"MEF2C-AS1",41.3917897588484
"IGHV3-6",41.337175715719
"UFM1",41.313737068656
"AKAP1",41.3119490783421
"TMEM125",41.2837202932123
"GPT2",41.2704329210489
"MYCL",41.2602619222742
"ZNF547",41.2283027299906
"IGKV2D-30",41.2242611452606
"FGD4",41.1331931217233
"SPART-AS1",41.1216862296977
"LRRTM2",41.1205557325913
"ELOVL3",41.0729627223377
"TBC1D22A-AS1",41.0463722584674
"ITFG1-AS1",41.0035046242471
"LINC02955",40.9741987841185
"SLC46A2",40.9731223149263
"ZNF248",40.9706173680582
"RPL9P2",40.934853388425
"SPRN",40.8912924236037
"KRT18P5",40.7809571873883
"COL4A2",40.7769718735034
"CRYBA4",40.6200201565475
"PHLDA2",40.5803322362402
"MARCKS",40.5766176942973
"STT3A",40.5481476213279
"NHERF2",40.5370173856337
"LIN9",40.5368956948046
"ARC",40.4816759366378
"POC1A",40.4713738333622
"C3orf62",40.4538409860013
"HK3",40.4351219063141
"LINC02960",40.3148166191892
"LMO7DN",40.2938109128663
"ZNF628",40.2425852455467
"MOCOS",40.2415522350248
"FDXACB1",40.2164372037693
"MBLAC2",40.2154163039662
"GREB1L",40.0996110675962
"GALNT2",40.0883572246192
"CDCA5",40.0841428859759
"LIFR",40.0633676248922
"SLC6A12",40.032839722288
"RPL36A",40.0326444412828
"STEAP2",39.8552141338311
"LINC01970",39.8395722217616
"UBTD1",39.7879729282494
"OVOL3",39.7730623692224
"RCBTB1",39.7603835144966
"LINC02245",39.6747079476244
"TP53I3",39.5944884571728
"SKA1",39.5928492433267
"LINC01634",39.4978061923303
"PITRM1-AS1",39.4319944021165
"IGHV3-76",39.3513766052453
"SPATS2",39.3015438132834
"DYNC2LI1",39.2967795096244
"SELENOO-AS1",39.2807831788016
"FAM184B",39.2376189364449
"ZNF345",39.2371586344117
"LINC02966",39.2035982148511
"IGHV3OR16-7",39.1998769540418
"CCN2",39.1597093950064
"C12orf71BP",39.1410338831454
"TNC",39.0780495827649
"IGHV2-70",39.0663086172455
"SLC26A11",38.9880556106114
"SLC41A2",38.9856023794124
"H2AC8",38.9576594676062
"TSGA10",38.9353978182168
"SEMA4A",38.9135471993503
"URB1-AS1",38.8936537494391
"CDK18",38.8918915625885
"SUV39H1",38.8737946743896
"APRG1",38.8551398870674
"PIP5KL1",38.8376351938116
"SOWAHC",38.8274256726553
"CHST15",38.8185234084152
"TCF7L2",38.7053840079897
"BTD",38.6757775897827
"BACH1-IT1",38.535269935856
"DNAAF9",38.4923497504101
"DEPTOR",38.48142749246
"PCBP1-AS1",38.4165140907802
"SLC27A1",38.3805904728899
"NECAB1",38.3387289679754
"SOCS6",38.3303426995689
"CIT",38.306267466315
"MESP1",38.2706766784505
"HNRNPH1",38.1981442836021
"FMNL1-AS1",38.1834582343714
"C2orf88",38.1310283221369
"MDK",38.1258298265862
"CCDC194",38.0733643428043
"ANKRD49P2",38.0257616917219
"SEC14L1P1",37.9727385061318
"TFAP2E-AS1",37.9182408824521
"EFCAB7",37.8945843158218
"IGHV1-69-2",37.8575752277779
"RGL4P1",37.8365616140646
"CCT6B",37.8184674145568
"PPP1R3B",37.8182744032062
"EFNA4",37.8025329809004
"DTNB-AS1",37.7918667345847
"GOLGA5",37.785653035376
"TCAF1",37.729958708266
"AARS2",37.6789120195363
"KHDC1",37.5954374363552
"COL14A1",37.5869642855311
"ADM-DT",37.487920482462
"ARMCX2",37.4473061879415
"KCNQ1OT1",37.4078449798077
"DZANK1",37.4061951520827
"NIPA1",37.4034314485372
"FAM149A",37.395629440406
"NMNAT1P1",37.392165105311
"PCTP",37.3383098353086
"PABPC4-AS1",37.3077628793871
"CD200",37.2940175373689
"FUT8",37.248463698067
"LRRC8B",37.2356205318683
"TRGV3",37.2334323582379
"C2orf92",37.1215471309626
"IGLVI-70",37.1137178706412
"TDRD15",37.0881681420988
"BATF2",37.0748551402668
"PTPRG-AS1",37.0518474735647
"DENND2C",37.0445464990408
"TBC1D12",37.0368060800817
"BMT2",37.0227052483427
"ADRB1",36.9828023435622
"TBCEL",36.9710695668441
"KCNJ11",36.9253195789502
"RN7SL827P",36.9047594712311
"LINC02772",36.8245274690343
"LINC01816",36.8009116229327
"H2BC6-AS1",36.8003671362776
"BUB1",36.7978012440898
"CLPTM1L",36.7654173152544
"SEL1L",36.7561552559734
"MRNIP",36.752856197625
"IGLV4-69",36.74804856576
"QRICH2",36.740317203057
"IGHV7-27",36.737403396223
"SEC24D",36.683764266787
"NEB",36.6663494915797
"RHOD",36.6365870611199
"NOMO2",36.5993491960052
"NR4A1",36.5972272968222
"ATF7",36.587841617942
"NR6A1",36.5731621912755
"IGHV4-80",36.5527292155324
"ARSA",36.5492881154749
"AHCYL2",36.5340128362116
"UCHL1",36.5116903781986
"SQSTM1",36.4677811561849
"ZDHHC8",36.4565376633013
"FOSL1",36.4362295792049
"TRAM2",36.4252206196649
"EXD2",36.4052002928642
"JUN",36.379433594639
"BCL2L14",36.3723888453524
"DMWD",36.2959927936914
"NCAPG",36.2802984686866
"RPS3AP29",36.2697235140357
"NDST1",36.1706495714659
"IDO1",36.1697677580984
"MIR193BHG",36.1293926846438
"FCER2",36.1208688912909
"CCNY-AS1",36.0974367075498
"BTG2-DT",36.0949919801472
"FBXL4",36.0829194921
"SCGB2B2",36.0714338840755
"NARF-AS2",36.0594623465985
"DPH5-DT",36.0561168767534
"DPY19L4",36.0502571518807
"TBL2",36.0323274345892
"MCF2L-AS1",36.0020585424946
"LUCAT1",35.9670665743745
"IGHD3-9",35.9515599186756
"STARD13",35.9497831515197
"H1-10-AS1",35.949172371667
"TBX15",35.8759442020156
"ZNF674-AS1",35.8401828009048
"ZNF213-AS1",35.76222065976
"PTHLH",35.761434553048
"DENND5B-AS1",35.753565237888
"CXCL3",35.7423030455643
"SSBL4P",35.7394686993758
"GRK4",35.6956445330928
"FATE1",35.6547521738795
"LINP1",35.6315869886857
"APLN",35.6286491239899
"NRTN",35.6268793211891
"KDELR3",35.6239577242329
"ESAM",35.6197848459199
"SMOX",35.6056144623362
"FILIP1L",35.6047949950502
"PHGDH",35.565256812951
"SOX8",35.5611635943617
"ARMC2",35.5463801188416
"SLC22A5",35.5381411247164
"IGHV3OR15-7",35.5277241566472
"PARTICL",35.4487640895236
"ZNF584",35.4481341175151
"ARHGAP31-AS1",35.3723964413786
"REPS2",35.321964142186
"PDIA4",35.3172292856797
"TCF21",35.2690392896291
"PEX6",35.1917329108602
"TWF2-DT",35.11118161246
"SLC2A5",35.0926133703535
"HM13-AS1",35.0195100562156
"NFKBIL1",35.0072876906559
"RPL21P1",34.9815528306342
"UCN",34.9243956443056
"IPP",34.8910560762688
"INSYN2B",34.8871248985954
"SPTBN2",34.8826965229431
"LAMB1",34.8541959531433
"DUSP8P5",34.8144754470051
"SSR3",34.813955052854
"DINOL",34.7869619768637
"TMEM183AP3",34.7679521403613
"RNU6-1188P",34.750409241575
"C1orf50",34.7043942927343
"RAMAC",34.6897822177019
"IGHV1-17",34.6779983764214
"LHFPL3",34.6548923980153
"ZNF66",34.6178488496843
"LIN7A",34.6131595449042
"MYL2",34.6009464900152
"CSNK1E",34.5373711706101
"NUDT19P2",34.5252751833264
"OR2AT4",34.5183250262734
"SLIT2",34.5003411938052
"GPR55",34.4424861973649
"LINC01301",34.421656520567
"RPL15P8",34.4125623206861
"RBMS2",34.3905641185978
"PRX",34.3904208449653
"APLF",34.3901033330305
"PPP1R26",34.3737057520565
"ATP2A1",34.2962165521129
"ZNF550",34.2551288098533
"PA2G4P6",34.2201766329203
"C5orf67",34.1932065764272
"USP40",34.1727758244265
"OR13A1",34.1649622931871
"ZNF282",34.1576455728859
"TBC1D14",34.144844374379
"FAM114A1",34.0702322773306
"MFSD2B",34.0628736504778
"RHOBTB3",34.0421854636724
"MMP11",34.0086578461394
"TEX14",33.997856383238
"SNORD70",33.9412533393596
"IGFBP6",33.8560671687348
"BCAR3-AS1",33.853123829625
"RPN1",33.8275224007866
"FZD7",33.8265497184707
"MAGEF1",33.8179669316961
"PDE4A",33.8086921802337
"FAM110B",33.7501270867309
"LCORL",33.7437341107898
"FDPSP5",33.7315397354066
"RUFY4",33.7251351535681
"SPIN3",33.7162622035504
"CRB3",33.7023587870591
"SLC37A2",33.675686521877
"FGF18",33.669981011599
"NOTCH2NLA",33.6543884782476
"H2BC16P",33.6517019350543
"VSX1",33.5915065782665
"SH3RF1",33.5790180935446
"PDLIM1",33.5574163524401
"CDH23",33.5481943461573
"H3-3A-DT",33.5015071820353
"EPN2-AS1",33.4755020248489
"IGLC7",33.4592302966907
"SCARB1",33.457777528434
"DIAPH3",33.4457729671426
"KDM5D",33.4363327006232
"SLC39A7",33.3814860953588
"SHH",33.3689994800451
"RNU6-686P",33.2712566619639
"LINC01355",33.2101238820605
"NNMT",33.1973271150189
"LZTS3",33.177889357655
"MIR570",33.1776808606427
"PDGFRA",33.175051737363
"FBXW9",33.137713450372
"PLPP6",33.1003197574186
"RPL21P90",33.0939694324339
"CABLES2",33.0735775970249
"MTMR8",33.0183233802694
"GARIN4",32.9894992564218
"LINC03050",32.9442667233782
"DMPK",32.9370135352098
"C17orf58",32.9153201738195
"MPZL2",32.879774820276
"DLG3",32.8613607700686
"OVOL1",32.8404357119437
"ATAD3C",32.7979003501157
"ART3",32.797547317934
"PRMT6",32.739384628423
"RPL7P57",32.7288591080631
"PACSIN2",32.6361925714979
"SLC12A4",32.6074851524328
"LINC01625",32.599426111404
"CLMN",32.5838316531023
"TMEM117",32.5815168691961
"FAM32BP",32.5467414533811
"NRBP2",32.525103900095
"PTOV1-AS1",32.5188941867203
"PHETA2",32.4516043423157
"B3GALNT1",32.4269351216669
"SNX16",32.4267277942178
"RNF152",32.373442799543
"ERVV-1",32.3573123334253
"TRPV1",32.3571913052535
"RBBP4P1",32.3147205382714
"UFSP1",32.2969377200561
"CADM1",32.296103954029
"IGHV2-70D",32.2808013838392
"ASPM",32.2704397845795
"LACTB2-AS1",32.2637441474303
"C11orf24",32.2300916083013
"CYP2E1",32.2274678445908
"ZNF358",32.1611368830444
"RPL22P3",32.14587271447
"FCRL1",32.1366284989277
"CACFD1",32.0684931740824
"RPS21-DT",32.0575250702203
"TNN",32.0419659985705
"SNORD3B-2",32.0305221919891
"ARMCX5",31.979827054331
"NCF1",31.950695074398
"USP54",31.9439164355324
"RASGEF1A",31.939404190653
"KCNMA1-AS1",31.9207856545268
"ENTPD3",31.8742858471923
"FRS2",31.8223818359709
"SEMA7A",31.8053895581385
"SLC6A9",31.7880501618916
"LINC00571",31.7789342536105
"TARID",31.7423971480138
"OR4C6",31.7168006367841
"CCDC50",31.6837533398956
"ZNF329",31.6746858820432
"ERV3-1",31.6459387967744
"FLT3",31.6315889796931
"MANEAL",31.6048441346171
"ANKLE1",31.5939188033855
"PSAP",31.5618620837852
"CDR2L",31.5554587456468
"TTLL11",31.5452783027552
"NEURL1",31.5429192562052
"RPL21P125",31.5225214344367
"OR10AD1",31.4551436467852
"EPB41L1",31.4212930618048
"RHBDL1",31.4026328201181
"RPL23AP55",31.3962163392922
"CHPF",31.3587044512732
"NPHP4",31.3030917640971
"PRELID2",31.2871953094089
"MTND5P25",31.2470256692182
"KIRREL2",31.2149874526125
"NBR2",30.9572200724902
"H2BC8",30.9246486426743
"DNAJB9",30.9120982120031
"KPNA1",30.905375896058
"ASAP1-IT2",30.9047469509665
"FGF2",30.904383552313
"ICAM1",30.8729277410469
"BICD2",30.8674332314175
"ATP6V1G2",30.8387623906285
"AASS",30.8386755748304
"C2CD4A",30.8384768532632
"SLC28A3",30.8175198908389
"GHDC",30.8128026290685
"MAP4K3",30.804850492899
"IGHV5-78",30.782851548537
"LIMCH1",30.7580013940266
"XAB2",30.7239472699523
"PLXNA1",30.6980332275441
"DCLK1",30.550640939759
"DDIT4L",30.4852077333028
"OS9",30.4718053421754
"ZNF154",30.4686076624227
"TRIM36",30.4458239415924
"LINC01547",30.4380751428256
"SPINT1-AS1",30.4229311288601
"NAV1",30.4180148551792
"CCDC126",30.4178556690635
"CCHCR1",30.4170432443036
"UMODL1-AS1",30.4030631229833
"RNASEH2B-AS1",30.4004598276103
"ZNF134",30.3980422609461
"EPB41L4A-AS1",30.3884730417102
"DCBLD2",30.3757306748571
"DLEU2L",30.3753004192291
"ACVR1",30.3527786628658
"CPNE5",30.3480037197508
"STAB1",30.3442838067957
"CARNS1",30.2863236687215
"TENT5C",30.2374168253757
"TOR4A",30.2321174628694
"ATE1",30.2313853180366
"MTND4P9",30.2147021634415
"ZNF16",30.2027971101614
"CHRDL2",30.148125381593
"EMILIN1",30.1442600346048
"C3orf70",30.1084552867213
"LCN8",30.0995939184471
"CH25H",30.0932059205174
"CABP1-DT",30.0670998219798
"ALDH2",30.0608732416475
"WDR27",30.0592344383747
"C16orf86",30.0550058529299
"SPMIP10",30.05173449695
"ZNF232",30.0504058457541
"PCMTD1-DT",30.0378567739023
"PPFIBP2",30.035526387856
"SPR",30.0329706962765
"ZNF630",29.9877748995497
"RN7SL4P",29.9666769271244
"MAP10",29.966176082575
"RNU6-681P",29.929349501167
"IGKV2-24",29.9215286868871
"ZNF214",29.9089682605169
"VPS9D1-AS1",29.9044300013646
"LINC01569",29.8934616686034
"LINC01118",29.870132749545
"NUP50-DT",29.8606870871671
"ACSM6",29.846993895755
"ATP13A1",29.8303127217408
"PLD6",29.6803199282682
"CELSR1",29.6574735958315
"VPS9D1",29.6548930347432
"VPS52",29.5857313162687
"ELOVL7",29.5816267841854
"IGHD3-10",29.5551512853928
"RUNDC3B",29.5426872526346
"LINC02972",29.5286646648208
"AOC3",29.5014348813315
"GPRC5D",29.4589236737811
"ZNF787",29.4402311995234
"SLC49A3",29.4122601859229
"TMEM54",29.3900528459948
"ZKSCAN3",29.3883390407351
"COPG1",29.3430493214309
"LDHD",29.3042335086272
"SEC24A",29.2915034995758
"SPOPL-DT",29.2754105502793
"FA2H",29.1822400012397
"BMP2K-DT",29.1782810801846
"COPG2IT1",29.1566248537492
"INTS7",29.1515336408686
"CLASP1-AS1",29.1331446107757
"C4orf50",29.0826713644414
"ZNF440",29.0463833601777
"H4C8",28.9806675733526
"XKR6",28.9657839318783
"SHROOM1",28.935749861677
"RNU4-1",28.9274459165238
"H2BC3",28.9064677753385
"RNVU1-29",28.8723333492443
"RAPGEF4",28.8458390523853
"NAA30",28.8209600113173
"MMP21",28.776886271249
"C2CD2",28.745786126439
"SLC38A5",28.7378600793182
"SBF2-AS1",28.7356333290057
"TTLL13",28.7314020665178
"WDR5B-DT",28.7193632844501
"ZNF225",28.709690494646
"CALM2P2",28.687963763873
"ADAM22",28.664160992416
"MALL",28.6578753965752
"PPP2CA-DT",28.6400995144849
"AK4P3",28.6204747341946
"ARHGEF35-AS1",28.6030939771382
"DDX11-AS1",28.5843843424226
"LYSMD3",28.5665897351635
"SYK",28.5580705275042
"TRIM2",28.5510197529687
"MESP2",28.5469568688785
"HOMEZ",28.5404608527207
"ITM2C",28.5223349011304
"FERP1",28.5217130984425
"ST7-AS1",28.4845582865484
"FBXO43",28.4676266043685
"RN7SL449P",28.4661526935893
"GPLD1",28.4546931248892
"RAG1",28.4466211084848
"AKAP12",28.4291287359434
"TVP23C",28.4248869951037
"TNFRSF12A",28.4136536094136
"RNU6-1208P",28.3764599571102
"CEP55",28.3750065943415
"VDAC2P3",28.3254183807351
"CCPG1",28.2985208450803
"ODAD3",28.2340860174276
"SLC1A4",28.1997013344482
"MGLL",28.1960070506813
"ANKRD37",28.1871619417484
"PIEZO2",28.1834071450428
"TUFT1",28.1772327094414
"HESX1",28.1642283179228
"LINC03002",28.1572671132366
"SOWAHD",28.1248167251038
"TSLP",28.1221054793746
"BZW1",28.1033832949017
"SMIM18",28.0741110531508
"ITIH5",28.0446915621926
"C19orf38",28.0431656519672
"CECR2",28.0106996272807
"HSPG2",27.9822659609536
"RNF151",27.9675345192957
"TPD52",27.9568639630983
"TUBB3",27.9541996753742
"ANKRD40",27.9415516439139
"TCF4",27.9116048152187
"PDLIM3",27.9041871680929
"ACVR2B",27.8322752256811
"FRMPD4",27.8127672744439
"MTRF1L",27.8100857990153
"HIVEP2-DT",27.7907499817998
"CILK1",27.7799535603637
"DYRK4",27.7453784479626
"CTSV",27.7347081516142
"LINC01277",27.7024342970883
"INSR",27.6937893919275
"LINC00484",27.6750798918028
"MIR29B2CHG",27.6582022938508
"PLIN5",27.6298601207237
"PPP1R13B-DT",27.5810759681564
"WWC3-AS1",27.5659679868315
"NME2P1",27.5628656187927
"TSKS",27.5491081057485
"EDC3",27.5394880755926
"RPL35AP2",27.5131600828168
"IGLV3-2",27.4954931559259
"TRAM2-AS1",27.4640422822164
"ANGPTL1",27.4469248465423
"S100Z",27.4140876969577
"TMEM241",27.4120560702539
"PLBD1-AS1",27.3422015138693
"STEAP1",27.3216674900666
"CDCA8",27.281598292654
"C6orf47-AS1",27.2594690692013
"VARS1",27.2429154532105
"UBE2B",27.2285497274908
"HELLPAR",27.2192395646343
"WAPL-DT",27.2166615828325
"ZMIZ1-AS1",27.2152870700014
"POMT2",27.1904000910617
"KLF7",27.1747937551164
"RALGPS2",27.1538624393172
"HYAL1",27.1411517174472
"DNAJC25",27.1402963724872
"VWA5A",27.1377561621702
"MSH4",27.1314283694172
"RPL10P14",27.0949482906659
"PDGFRL",27.0734779360003
"TSBP1-AS1",27.0684928546697
"MYL3",27.0416734543511
"ZBTB20-AS2",27.0271463222834
"PLS3",26.9981709857138
"H2BC18",26.9652946915418
"APOBEC2",26.9324560251896
"HCFC1-AS1",26.9243162626588
"CHRNE",26.9163693485649
"PIM2",26.9042987893097
"PGAM2",26.8746833579492
"ASS1",26.8725385662351
"ST7",26.8720556681353
"MBTPS1",26.8679022012339
"CHML",26.8609333246085
"PAQR6",26.8553412471199
"CALR",26.8269750392829
"RPL36AP7",26.8163014094382
"CXXC5-AS1",26.7775040012562
"USP46-DT",26.7658612613458
"IGKV1-22",26.683701620765
"RNF8",26.6693505174261
"CCNI2",26.6581943013096
"FICD",26.6530288796599
"BCL11A",26.6431536160158
"SCARA3",26.5722088672328
"SPARCL1",26.5479880887612
"POU3F1",26.5094662339562
"CNN3-DT",26.4932109897377
"GALNT5",26.4926551673185
"MIR3139",26.4784612886917
"KLHL6",26.4437967554767
"UAP1",26.4233419584572
"ITFG1",26.4133573127754
"PTPRG",26.4085211561447
"RNU6-1112P",26.3877334842273
"HPS4",26.3857180903824
"RHOQ-AS1",26.3795427113261
"UBXN7",26.3793695877441
"CENPJ",26.3741598492416
"ZNF837",26.3721674230091
"IGKV2D-26",26.353924964286
"WASF1",26.3481455471335
"HSD11B1-AS1",26.3202265104532
"GRM2",26.3033090397748
"SAPCD2",26.2883017254819
"ALDH8A1",26.2802826713195
"PARD6A",26.2630828185931
"DHCR24",26.217523515212
"LINC02416",26.197451076678
"PDE7B",26.1895384035703
"DHRS11",26.1394233370059
"UBE2E2",26.1194355956415
"ANKRD36B",26.1174103086658
"CEP295NL",26.1091020064698
"KLF5",26.1003468476463
"NR4A1AS",26.0970721323118
"CD302",26.0935847848026
"IGSF10",26.0114528626357
"H3C5P",26.0084152137991
"HSPA1B",25.9815468670304
"PABPC4",25.9525009326561
"TMEM238",25.94914075705
"FBXO38-DT",25.9104686767832
"ZNF670",25.8774027351239
"RN7SL587P",25.856269355061
"LINC01717",25.8447466950966
"FBXO28",25.843083165728
"PRR29-AS1",25.8285930077389
"ACVR1C",25.7872910872419
"POMZP3",25.7786930085814
"DGKI",25.7782414432507
"SLC7A7",25.7643216336138
"VSIG10",25.7534604452982
"CATIP",25.7528954026702
"RNF122",25.735822426407
"FSIP2",25.7335098102781
"IGKV2-4",25.7107589466564
"RASSF8-AS1",25.6825518673074
"H2AC16",25.6367742745055
"SFPQP1",25.6272100193692
"THRB",25.6140996857517
"MRPL40P1",25.6078026471321
"PTPRS",25.592195472893
"FNTB",25.587916691916
"RTKN",25.5848809804097
"PIK3CG",25.551574035622
"CSRP2",25.5080951029846
"ATP8B1",25.4938780287041
"ZBTB8OSP2",25.4761764148354
"OR6A2",25.3998999815548
"TGFB3",25.3836640950919
"EPIC1",25.366106570654
"RNASE6",25.2872115273235
"RNU1-1",25.2867527768244
"NAXD",25.2522731348035
"CBX6",25.2438455512812
"ZBTB20-AS5",25.2168931550797
"FOXO3",25.162410443099
"MAMSTR",25.1548738153714
"FAM89A",25.1537732548942
"RASL11A",25.1489347813936
"SETD4-AS1",25.1456767307242
"BIRC5",25.1432494246477
"H4C11",25.1283144325096
"H3C4",25.1242168840253
"CWF19L2",25.1176303044514
"ZNF669",25.1070525229297
"PCOLCE",25.1038523225674
"LNROP",25.0981912633941
"FEZF1",25.0912524822606
"ARGFX",25.084167490989
"IGLV3-17",25.047168602603
"ARHGAP23",25.0362949730599
"FAM30A",25.0216674434007
"TMCC2",25.0179785762569
"GJC1",25.0146029675461
"FGD2",25.0136476047425
"IL17RB",24.9723304767493
"FRMD8",24.9551783589908
"TMEM38B",24.9246478466113
"KCNA2",24.915944823532
"NRSN2-AS1",24.894354521097
"DMXL1-DT",24.8741465358493
"POU6F1",24.8597031162635
"MAML3",24.8530337531495
"RPL13AP15",24.8227551358208
"NEMP1",24.8153062170826
"ACCS",24.8145466691561
"LINC01800",24.8069882405371
"DLGAP5",24.7720384255055
"HM13-IT1",24.7600787938727
"ALDH1A3-AS1",24.7500684846765
"YWHAQP6",24.7270371192485
"FAM53B-AS1",24.7053831302
"CCDC110",24.6529273585766
"RB1-DT",24.6469667729158
"RNU2-70P",24.6376339298093
"EFCAB10",24.6362588788053
"KRT8P42",24.6237181812854
"TMEM184B",24.612314648359
"CCT8P1",24.5950985563987
"GRIK4",24.5932056142615
"SAMD4A",24.563740907399
"TRAM1",24.5567782765148
"SMG6-IT1",24.5489728246312
"SMIM1",24.5225370217746
"BRD7P3",24.501055981333
"LYVE1",24.4870082642261
"SSPN",24.4624853555999
"CETP",24.4317912965571
"C1orf53",24.4285898638513
"SNORD3A",24.3884029437877
"STARD5",24.3548642318638
"MIR4453HG",24.3524916489402
"TRAPPC9",24.3401335864498
"WDR44",24.3380434593677
"PRDM5",24.3316181716258
"CXXC5",24.3066499548179
"B4GALT7",24.292829568176
"SND1-IT1",24.2630206705626
"FRRS1",24.2510661787167
"MID1",24.2342978941378
"C5orf60",24.2329542689578
"SEC11C",24.2193329506728
"CYTOR",24.2163947352324
"SEC14L1",24.189629712031
"BTF3P12",24.148982455167
"UBE2J1",24.1456130224055
"RRM2",24.1419424694569
"LINC00221",24.1357742962871
"PCDHGB2",24.1100697257712
"P4HB",24.0903752298314
"SET",24.0826401389938
"MAFF",24.0515464759369
"NUCB2",24.0310208763114
"FAM135A",24.0076508905583
"CDKL2",24.0051075603298
"FGFRL1",24.0004098114454
"MYB",23.9959839803669
"HEYL",23.9725855392038
"DCAF4",23.964344772611
"SLC39A13-AS1",23.9553721800861
"LINC02133",23.9428626759316
"C11orf98P3",23.9096593139797
"LGALSL-DT",23.9015940972006
"RAB23",23.8973247748998
"NEXMIF",23.8846596814232
"EGR1",23.8670702773138
"NARS2",23.8431973313881
"CCNC",23.8239897217404
"LINC00595",23.8065624105133
"H2BC5",23.7829944348514
"CXorf58",23.7817312504796
"PELI1",23.7524846942668
"NIPAL4",23.7254738083715
"PTPDC1",23.6704996597128
"C16orf46-DT",23.6641433277452
"ZFP69B",23.6413144036639
"NT5E",23.638859015666
"SUMO2P8",23.6095454404873
"PRDM14",23.6016404823324
"SLC38A4",23.5992026333418
"LINC01781",23.5969705538843
"CEP192-DT",23.58975403922
"KRT8P39",23.5869188102843
"GAS1RR",23.5774653693469
"ADAMTS7P5",23.5191224734829
"ACSS2",23.4751488554663
"SLC1A3-AS1",23.4596144373787
"CAMSAP2",23.4482907970139
"KDM5C-IT1",23.4085198210302
"ANKHD1-DT",23.4048061104206
"RBM5-AS1",23.4043429394805
"LRRN2",23.3406445636812
"FAM204BP",23.3244360845327
"FGD6",23.3103254848926
"LINC02090",23.3081765901288
"RN7SL130P",23.3077711835885
"MACROD2",23.2883268373407
"EDEM1",23.2744594834862
"LOH12CR2",23.2593797300289
"HEY2",23.2582692215277
"CYLD-AS1",23.2302640654979
"LINC01354",23.2226703428665
"ECHDC3",23.2052486008726
"PRDM1",23.1889806919542
"KLF10",23.1599723627778
"EFNB2",23.1415387716639
"CEBPZOS",23.1140620450899
"GPR157",23.0936525369598
"PGF",23.089822519683
"RN7SL803P",23.0869024221174
"NPAS1",23.0553046944904
"DDIAS",23.0458705397665
"RN7SL338P",22.963414943592
"POLQ",22.9531288876847
"CECR3",22.9419987448759
"TLL2",22.9263827180447
"ZNF189",22.9072008216284
"MIR8071-2",22.9036812016262
"GMPPA",22.8957527218911
"MEX3C",22.8731799022413
"FAM193B-DT",22.8667626603197
"PARLP2",22.8534952962406
"ADGRF3",22.8519365736775
"SLC36A1",22.8465103110274
"MTCYBP41",22.8406988657029
"ZNF681",22.8141613761779
"AATK",22.813125721695
"RUSF1",22.8057164736123
"HSH2D",22.7920618068882
"ZFAT-AS1",22.7881912226008
"SUV39H2",22.7816996314947
"SEC61A1",22.7718261780894
"MMP7",22.7597505761419
"GMPPB",22.7592881569041
"LY9",22.75388691044
"ZNF786",22.7491874342134
"PDCD1LG2",22.7425082289427
"BCL7A",22.7393838072444
"ZP3",22.7384689610726
"IFT172",22.6967364698997
"MIR17HG",22.6745482360147
"IL5RA",22.6663045969109
"SGCD",22.6653464757788
"NUP107",22.6514880051786
"PRKCG",22.648784678269
"GTDC1",22.6406453992088
"DENND3-AS1",22.6240868898867
"KCNK9",22.6114891315345
"CAHM",22.5980983400342
"CT69",22.5975790669326
"MIR616",22.5805320718717
"PRKAR2B",22.5785818015311
"TMCC1-DT",22.566336531142
"ZBTB34",22.5633727369252
"BRF2",22.5384193215659
"SORBS2-AS1",22.5380128779865
"NECAP1",22.5190131673381
"PAPLN-AS1",22.5063840051803
"DTWD2",22.5017911348779
"PTPN2P1",22.4971765008386
"ALG2",22.4971459792656
"SLC30A5",22.4762924845209
"TRPM2",22.4750298024212
"CFAP44",22.4709924902108
"RYBP",22.4580130456086
"BCAS1",22.4517988474686
"UMODL1",22.4321384584764
"ACTL10",22.4296696612723
"ZNF70",22.4256456434214
"ZNF548",22.4090171384743
"TMED2",22.3910483334727
"SAT1",22.3856149384957
"TMEM232",22.3367718537358
"SLC12A2",22.3315425968739
"ZNF587P1",22.3124881663502
"CDC42P1",22.3059866025282
"TXNDC11-AS1",22.2827408250806
"PTGDR",22.2792093475863
"GHSR",22.2520331158332
"LINC01480",22.2499389808461
"IGHV3-60",22.227969025316
"TSPAN3",22.2219820030766
"ALG11",22.2110437094679
"NEMP2",22.1959465562112
"AMD1P3",22.1925434397089
"ZNF614",22.1851418300899
"CENPA",22.184981727752
"ABTB2",22.1765904157928
"FAM3C",22.1738817464783
"LETM1",22.1683975344917
"UBTD2",22.157517579361
"ILVBL",22.1565457428697
"TRMT112P8",22.1535679512724
"NUF2",22.1418073585478
"KPTN",22.1406071509993
"DENRP2",22.1283064729914
"TPTE2",22.1047872498527
"RPL35AP23",22.0962393973726
"RSPH1",22.0752135760893
"COL15A1",22.0619251061913
"ALDH1L2",22.0521211651249
"MERTK",22.0413820770824
"ESRRB",22.0353439178519
"RIPOR3",22.0230604070788
"SLC19A2",22.0198646941913
"RPS27AP8",21.9896473983054
"LRRC3",21.9892899427862
"MAP2",21.9403514009732
"NEAT1",21.930671573024
"PROSER2",21.8845643205414
"PEAK3",21.8764078990929
"ATP10B",21.8708583666819
"F2RL1",21.8630319303205
"BMP1",21.8547671810121
"WASHC5-AS1",21.8450669397085
"FKBP1AP1",21.8430854284034
"ZFP41",21.8395705653432
"SLC44A1",21.8331562991019
"ZNG1B",21.8280837829648
"FAM229B",21.8160059299798
"TINCR",21.8138129086457
"KDF1",21.8079090100482
"RPL11P1",21.7823521367723
"TMEM30A-DT",21.7616563886831
"IL6-AS1",21.7541580939661
"ZNF383",21.7383830619135
"TRA2A",21.7191477810443
"RPL23AP64",21.7174546985544
"SLC25A25",21.6906425422597
"DRAM1",21.6794393232259
"CABP4",21.6322035167378
"CFAP184",21.6251281505589
"PGM3",21.6229544394731
"LEMD3",21.6122620654123
"SLC16A10",21.6110635930674
"ICAM4-AS1",21.6078839276471
"FGF14",21.5986433356916
"ZNF439",21.5958813361406
"DBN1",21.5588200361157
"RN7SL472P",21.5365562103011
"PA2G4P4",21.5191832954061
"RAB31",21.5154172957981
"SPIRE2",21.4620025106665
"IGHV3OR16-15",21.4572339067433
"IGHV1-68",21.4425411658527
"PHKA1",21.4376931389851
"SHANK2",21.4375758724505
"TENT5C-DT",21.416753713522
"B4GALT4-AS1",21.3812562360753
"KIAA1614",21.3770535238002
"G0S2",21.3545910795469
"NCR3LG1",21.3481968919555
"ANKRD36BP2",21.3136785132111
"H3P8",21.2991704789515
"CZIB-DT",21.2914927547773
"IGHV3OR16-11",21.277435696567
"IGBP1C",21.2656541109254
"LYSMD4",21.260795679826
"MMP19",21.2188183833114
"RN7SL8P",21.2092893962741
"ITPRIP-AS1",21.2081945130912
"GAB2",21.2054816551254
"AFG3L2",21.2023784766165
"IGHV3-36",21.1911588054935
"GSTM5",21.1904227823446
"PLPP2",21.1898218986217
"TAS2R14",21.1874161348753
"CFAP70",21.1864704305118
"LINC02227",21.1501991870231
"SCNN1G",21.1385801747722
"SPATA6L",21.1345664748998
"RAB3A",21.1238484794796
"HOTAIRM1",21.1116942550313
"ITPR1-DT",21.0989944792492
"INKA2",21.0899332819878
"CTBP2P2",21.0855288114165
"C6orf47",21.0845073712631
"ZNF878",21.0715093948366
"LTBP2",21.0701312897804
"RPL21P94",21.0645185441597
"NKAPL",21.0587063841922
"HECTD3",21.0431046156795
"LRGUK",21.0373109419217
"ADAMTS4",21.011464705033
"ARHGEF17",20.9754308177271
"POLR1F",20.9587285938214
"EXOSC6",20.9436482803859
"PDIA5",20.9308560789772
"LINC00216",20.8980409439126
"ZCCHC12",20.8937443897549
"MIR3681HG",20.8793332666386
"ETF1P2",20.8671712964162
"LAMB2",20.8651879381482
"B4GALT6",20.8585701574522
"CDS1",20.8496651174411
"STK4-DT",20.8471199932941
"CBX3P5",20.8461544732253
"RNU5B-1",20.8434221651659
"CDK8",20.8079768647035
"ELF3-AS1",20.7986465378261
"ID1",20.7751077127106
"LINC00641",20.7647723072729
"LY6K",20.7267216302389
"SYCE2",20.6552890026247
"AARS1",20.6493775163064
"ODF1",20.6224315355703
"JADE3",20.6217391074486
"RPL7AP11",20.6203751014668
"DNM3",20.6031990212956
"PAPSS1",20.5766847321691
"FAM218A",20.5640133776448
"AKAP1-DT",20.5569411773548
"KISS1R",20.5500561646188
"FBXL19-AS1",20.5057407029921
"ZNF582",20.5054143935177
"ARRDC3",20.4976115243349
"HBD",20.4513256177902
"ELAC1",20.4508917722015
"ERMARD",20.4483145247392
"ABCG2",20.4264887814164
"KLHDC8B",20.4129164639913
"DNAJC5B",20.3807217889727
"ABCA10",20.3742729993897
"CCDC88A",20.3569835710602
"CDKL5",20.3196793604586
"TVP23C-CDRT4",20.3186029980035
"RNU6-757P",20.3092330372225
"CASC3",20.2997423153793
"ZBTB32",20.25576849604
"NDFIP2-AS1",20.233712999383
"NEDD4L",20.2322848677823
"PANK1",20.2206417892543
"SLC25A10",20.2124204232492
"KDELR1",20.2057135203917
"ZRANB2-AS1",20.2050884235292
"JRKL",20.1970945424532
"OSER1-DT",20.1644504426278
"THEMIS2",20.1610235610536
"NPM1P14",20.1518189841923
"KLHL21",20.1466995862022
"DTL",20.129045030246
"RAB3D",20.1261941025146
"LETM2",20.106109248308
"SPON2",20.1011332082761
"GRAPL-AS1",20.0971816553099
"OSTN",20.0965720809203
"ALCAM",20.0898603513224
"C4orf46",20.0843122268842
"FKBP11",20.0241213165253
"METTL25B",20.0180457598012
"LINC01485",20.0074084286893
"TLK2",19.9895477493564
"RNU2-17P",19.9852602653333
"LCN12",19.9791066104354
"COLCA1",19.9790656192528
"GGT5",19.9213252793169
"WDR88",19.904933335077
"PDLIM7-AS1",19.8743385587864
"C9orf85P2",19.842862399533
"IGHV1-46",19.8407520452588
"SRPRA",19.838238522498
"HCAR3",19.8053127373804
"MIR5195",19.7917337320438
"RN7SL37P",19.7900860263867
"SPIRE1",19.7875428712427
"SLC25A4",19.7782126363359
"PIGU",19.7761074492836
"FAM85B",19.7680511899567
"IGHV3OR16-17",19.7664649234905
"DUOX1",19.7604626244203
"L2HGDH",19.7521450172671
"RN7SL34P",19.7518245035819
"CDRT4",19.7472437600393
"IGHD3-22",19.6985755741109
"TRAPPC4",19.6892402376402
"RPH3A",19.6706691558481
"DAAM2",19.6691319941994
"OPRD1",19.6643645937458
"PPIAP71",19.6553660987037
"PAWR",19.6545024430668
"SELENOS",19.6532642052793
"WHAMMP1",19.6488229074653
"WEE2",19.6440195031071
"DM1-AS",19.6347202274119
"TNFRSF13C",19.6118980874889
"IGKV2OR22-4",19.6022309141865
"CTTN",19.5871579537357
"PLK1",19.5675980287437
"NOXRED1",19.5671448034436
"THAP2",19.5651786777876
"ZNF22",19.5536036743633
"ECI1-AS1",19.5384539160013
"UTS2B",19.5157446842351
"ARSG",19.4853936590661
"PKIA-AS1",19.4361050352566
"ATL2",19.4277081105388
"FAM83G",19.4233139826716
"CCDC150",19.3992938920927
"RNU6-1289P",19.3889682023112
"ATP2C2",19.388412440668
"THBS1-IT1",19.3447384365198
"HSPA4L",19.2814844751808
"RNU2-62P",19.279039326534
"TMEM184B-AS1",19.2519814804622
"PDGFRB",19.240081917328
"SGCE",19.2227583244943
"IGKV2-14",19.222328026031
"POM121L10P",19.2180090508243
"LINC00322",19.1977893642433
"LINC01467",19.1868409560713
"CD38",19.1824847743546
"SRSF6",19.174666638537
"KIAA2012",19.1678924533684
"LRIG2-DT",19.1576962861701
"METTL1",19.1556490584148
"LCA5L",19.1401653142544
"SYNPO",19.1286336400598
"HRH1",19.1200454914262
"TTYH2",19.1087586367437
"CSGALNACT2-DT",19.0999100895118
"ZNF772",19.0822653124896
"NUP62CL",19.0459050911608
"REPIN1-AS1",19.0422560656541
"RPS6KA4",19.0144177703153
"USP38-DT",18.9957497812745
"LINC02963",18.9927614408712
"GPX7",18.9642430719423
"SERPINE1",18.9493256548273
"MAN2B1",18.9272381624903
"GAPDHP49",18.9101068928376
"MAGED1",18.8856337479163
"GAA",18.8808396464831
"MAP3K1",18.8612451436299
"TIGD6",18.8463962179262
"PCOLCE-AS1",18.8359961356511
"LINC01479",18.8359458488372
"IGLV1-62",18.8242082030708
"OSBPL10",18.8233694387058
"UTS2",18.8063933472881
"ARPC1AP4",18.7914035891235
"DOCK9-DT",18.7864322847299
"OXR1-AS1",18.7842307049067
"RN7SL277P",18.7677246466737
"ARMCX3",18.759059851869
"EXT1",18.7581345114883
"POLR1B",18.7401138189575
"ESRRG",18.7321293043115
"NPC2",18.72717261343
"FBLN2",18.698435418583
"GORAB-AS1",18.6876647859538
"DIPK1A",18.650739559084
"ARRDC3-AS1",18.6405326096718
"RET",18.6395968672187
"CHRD",18.6353915284579
"SLC7A5",18.6339958961985
"LRIG2",18.612095417694
"WEE2-AS1",18.5853206243209
"NCBP2L",18.5790137909878
"PEG13",18.5772463507041
"TMED2-DT",18.5710935971128
"SOSTDC1",18.5702034086568
"LINC02068",18.5651262308203
"ALDH4A1",18.5364615902259
"SIL1",18.5206110227428
"STX18-AS1",18.4684972262683
"FRAT1",18.4589390484648
"CABP5",18.4445992703495
"IGLV1-44",18.434105074849
"FBXL16",18.4274759720048
"STK33",18.423460949509
"LRRC2-AS1",18.4112065825418
"RBM15-AS1",18.406736524548
"COL24A1",18.4011501802184
"GMDS-DT",18.3915377056039
"EIF1AX-AS1",18.3865951073597
"MCF2L",18.3802066166295
"RPL6P13",18.3784280722217
"TARS1",18.3764132542284
"DNAJC3",18.3549336555182
"HPN-AS1",18.3527852589194
"LINC01447",18.3483162618648
"CFB",18.3452934463394
"PLOD1",18.3323097676985
"RRBP1",18.2964621264306
"PIGK",18.2666766449297
"GADD45A",18.2597858679856
"ZNF561",18.2513731427062
"LINC00513",18.2408296065529
"TUBGCP5",18.2216243391083
"MTCL2",18.2151393150161
"SNX19",18.2093674747686
"TAF5L",18.2073281781382
"CHTF18",18.2057171572874
"KIF11",18.183525496764
"PCSK6",18.1751709371775
"KIAA1958",18.1464364698799
"GOLPH3-DT",18.129190023603
"PAH",18.1033609886473
"LRP2",18.0966969462991
"LINC00463",18.0838872404796
"PPAT",18.0796209956829
"RPN2",18.074924856843
"MXRA7P1",18.0722121998848
"TADA1",18.055485504655
"RNU6-1010P",18.0538674478066
"LINC01191",18.0506312121414
"ATP9B",18.0493705992306
"CACHD1",18.0493091702033
"GVQW3",18.0473162302823
"LNCTSI",18.0430828908534
"HSPA1A",18.0301851255909
"DNAJC3-DT",18.0152085242429
"SNORD89",18.00755270976
"INPP5A",18.005815741471
"MNS1",17.9928234644047
"TTC21B-AS1",17.9886329696049
"ZBTB8A",17.9744465264071
"MFSD9",17.9627750750325
"YIPF2",17.9550869759139
"MAILR",17.9477503161602
"CD24",17.935288685733
"IGKV2-29",17.9183408327158
"RNU6-672P",17.8743364174907
"DDX52",17.8554872746663
"ZNF665",17.8343623024592
"RPL13AP16",17.8247305981927
"HMCES",17.7990062780249
"CREB3L2",17.7951622849903
"AKR1D1",17.7941805556454
"OLFML1",17.7928399513434
"KLC4-AS1",17.7776038052657
"ZNF696",17.7647104821985
"LAMP5-AS1",17.7588745054778
"TEPSIN",17.7528091727522
"TTC8",17.7261590313088
"CYB5RL",17.7154000429602
"NOD2",17.7103947964451
"ATP2B3",17.689180370385
"UBE2CP1",17.6809593027141
"ZPR1",17.6791149494587
"GARNL3",17.6501390600148
"SLC45A4",17.6473154060747
"CARF",17.5748811656053
"MIR646HG",17.5477943051936
"GARIN1A",17.5451796770064
"RPS26P13",17.5238490289439
"SLC7A1",17.495966732503
"PODXL2",17.4844236694028
"SHISA4",17.4833113562906
"ITGA6",17.4626071927778
"MINDY1",17.4530730211954
"DRC12",17.4385047829335
"ZNF22-AS1",17.4272312441251
"PTP4A3",17.4240614483472
"PINK1-AS",17.4221951906289
"UFSP2",17.4155379991531
"LARP4",17.3954502479355
"LNX2",17.3899474551455
"TMEM169",17.3886470491013
"HIPK2",17.3584917524669
"H4C14",17.3561897915171
"C8orf88",17.3540544912049
"FOXN3-AS1",17.3532968175766
"ZNF768",17.3448567837127
"ITPR3-AS1",17.3352341738678
"H2AC6",17.3327318697098
"SEC61G-DT",17.3121561185207
"GAS2L1",17.3118937162875
"SLC14A1",17.3107069918687
"UGT3A2",17.3005534910178
"GAPDHP60",17.2809370464013
"PRMT5-AS1",17.28074905717
"COL1A1",17.2767794432719
"CTSS",17.2550876045867
"STARD4",17.250697689238
"RNU7-169P",17.2432726215276
"PCCA-DT",17.2405445554121
"LONRF1",17.2358286152521
"KREMEN1",17.2275248567265
"H2AC17",17.2214040096085
"RETSAT",17.1904982150681
"SRRM2-AS1",17.1731854699119
"BCO2",17.1730814092903
"LINC01819",17.1678348984678
"EIF2AK3",17.1630810580996
"AEN",17.1532351859007
"MT-RNR1",17.1245528982909
"HAS2",17.0927330500044
"ROBO1",17.0890778267366
"PARS2",17.0875914191939
"CIB3",17.084478078276
"SLC2A13",17.0740015996241
"CC2D2A",17.0620824461281
"LINC01975",17.0523915715468
"VOPP1-DT",17.0341414246272
"GADD45B",17.0095122046298
"ACSM3",17.0014912668811
"PCDHGA3",16.9796968671749
"INTS6-AS1",16.9774800395295
"CALB1",16.972481092261
"CDH17",16.9661123934419
"PANK4",16.9554342037516
"ARHGEF12",16.9241516521918
"C4B-AS1",16.9094915044153
"DPEP3",16.9055525027058
"ST14",16.8983138579987
"NUP43",16.8659099260683
"IGHV4OR15-8",16.8199408653657
"TJP2",16.8159526236595
"SIAE",16.8072795444247
"PLVAP",16.8006212551277
"NSG2",16.7709882900286
"MYRFL",16.7569974687386
"CCDC62",16.7483115338084
"GTF3C2",16.747081719542
"SCRG1",16.7372233059075
"COL1A2",16.7369827050737
"LINC01864",16.7244656258164
"ARHGAP6",16.7162455533242
"DNAJC12",16.7114433870695
"REM1",16.7113038769629
"ETNK1-DT",16.698580637562
"IGHV5-51",16.673037505514
"ADA2",16.664236661256
"H3C12",16.657831579336
"FTOP1",16.6535782013054
"SEL1L3",16.6430218912977
"GNAS-AS1",16.6021014852773
"DCDC2B",16.6006374246378
"TFB2M",16.6006206406056
"FAM131A",16.5960057477221
"SNORD6",16.5906782964943
"IGHV3-63",16.571009517021
"KCTD3",16.5587424083682
"FNDC3A",16.5568154638752
"IGHV3OR16-8",16.5458132110543
"ZNF180",16.5412736896833
"OTOP2",16.538427122463
"ZNF182",16.5163130710719
"REPIN1",16.5105084473907
"KRT18P4",16.5088960004638
"HLA-DOA",16.4984288569146
"MAP3K9-DT",16.4957787803666
"GNG7",16.4886374900869
"FRK",16.4869973482549
"SMARCE1P5",16.4799239682443
"AVPR1B",16.4797579236026
"RPL23AP36",16.4494641368479
"GSTP1",16.4484343813333
"SCYL1",16.4477478499845
"BASP1",16.441409198742
"H2AC14",16.437548888679
"ASAP2",16.4257838140911
"MDM2",16.4165999824127
"LINC01560",16.4092150266643
"ACRV1",16.40679005881
"LVRN",16.3974406588644
"SUN1",16.3824716936276
"SCGB1A1",16.367526807495
"VN1R76P",16.3586767344333
"RAB13",16.354995249524
"RILPL1",16.3428292437618
"EFEMP1",16.3317411651588
"LINC00667",16.3271665529981
"KIR2DL4",16.3248864759754
"WASL-DT",16.3069324019986
"HMGN2P2",16.2689422832984
"PPRC1",16.2274371982737
"RNU6-450P",16.2239602769124
"RAB9B",16.2094744526697
"DOLPP1",16.1812864003604
"BMP8A",16.1703039862112
"EPB41L5",16.1627225701793
"KIF18A",16.1517508719646
"FAM219B",16.1480886144899
"SRP54",16.1478935909882
"LINC01011",16.1470994973078
"CDYL",16.1453275769665
"LINC00996",16.1410463206556
"STRADA",16.1348838105926
"IGHJ2P",16.1329948832307
"NCLN",16.120929833503
"KRTAP5-3",16.1036178667325
"XKR8",16.1006117544936
"SPECC1",16.0735188358
"EEF2",16.0651188116415
"MYBBP1A",16.0584015814351
"CLDN23",16.044680497418
"ARHGAP42-AS1",16.0433887113309
"P2RY14",16.0256373981244
"MOSPD2",16.0039214823489
"LCA5",16.0011584254841
"CDKL1",15.9995221151935
"RSPH3",15.9971101035695
"PACSIN3",15.9968062719056
"CLCN2",15.9919461352849
"KDELR2",15.9855933231666
"PACSIN1",15.9837582076226
"GDF7",15.974474701439
"PSEN2",15.9622978647623
"TMEM156",15.951630968214
"RAB36",15.9499307799298
"RNU4-38P",15.9455615336059
"EEF1A1P50",15.9448060995064
"PDK4-AS1",15.9249606287538
"HES6",15.9131763508466
"IGLL1",15.9035499950011
"ATP6V1C2",15.9003582494417
"EGLN3",15.8978120664104
"FGF7",15.8801978436089
"MTARC2",15.8715617915836
"EIF4ENIF1",15.8409017653742
"PFKM",15.8304370513708
"RGS6",15.8202165330795
"PET117",15.81296737166
"IGFLR1",15.7982328483898
"RPL21P85",15.7885336077373
"FBXL14",15.7578393728849
"ZXDA",15.7573168389282
"GRB14",15.7548639722142
"IL1B",15.7427180386004
"FZD3",15.7406618818282
"HDAC6",15.7316541627644
"LINC00632",15.7240492364392
"ZBP1",15.7165276856136
"HDAC4-AS1",15.7149360363224
"LTC4S",15.7056591085303
"ABCA5",15.7011885588382
"TWSG1-DT",15.6952315976052
"IGKV5-2",15.6888797964538
"QPCT",15.679389185002
"OBP2A",15.677580842729
"SELENOM",15.6712383320535
"C1orf220",15.6636178386805
"AKNA",15.6521380067168
"SLCO4A1",15.6328349391833
"LRRIQ3",15.6320169758054
"FAM151B",15.6284594848862
"CDKN1A",15.6249147540786
"IGKV3OR2-268",15.6005881408424
"LINC02609",15.5910336130105
"PEX12",15.5741540848978
"VHLL",15.5707371217472
"WARS1",15.5354888902647
"RDH10-AS1",15.5271468448808
"CENATAC-DT",15.5212290220926
"FAM3C2P",15.5190207166377
"DTD2",15.5184086105778
"RPL32P11",15.5111906656611
"RNF103",15.5097718991793
"IMPDH1P10",15.5082605311173
"ALPK2",15.5073902453907
"LINC01273",15.4976812026856
"OR2W6P",15.4955196029965
"GDPD1",15.4867043067206
"MCU",15.4782673702163
"SDF2L1",15.4714418812371
"PHF7",15.4618723847662
"LAMP2",15.4550824879076
"LINC02021",15.4347485001914
"PDXK",15.4327036220324
"FADS2",15.429799626768
"MSMP",15.4193444674577
"SDR42E1",15.3948485654931
"LINC02728",15.3918659630274
"ARID3A",15.3893355261172
"EBF1",15.3754252370552
"KCND1",15.3719280139442
"E2F5",15.3603095408594
"PPEF2",15.3439262428993
"PDIA6",15.3169136363999
"RNVU1-31",15.3167824658564
"NUFIP1",15.3154558762866
"ZNF17",15.3035687867779
"RABGAP1L-AS1",15.3024443349586
"PLD3",15.3019714602749
"LACTB2",15.2956093789604
"ASB16-AS1",15.2699099107901
"BOK-AS1",15.2670710463611
"WNT5A",15.2401683951493
"SMAD3-AS1",15.238228529981
"TM9SF2",15.2363512669192
"HNRNPA1P50",15.2309528483525
"CALHM1",15.230671950556
"RBPMS",15.2150036979171
"SPCS2",15.2057714769033
"ERI1",15.1843331129566
"MISFA",15.1836841544598
"VTRNA1-2",15.1570048262681
"KCNMA1",15.1565475374203
"MIR5571",15.1522001963078
"TTLL8",15.1506419910106
"GTF2F2",15.1485372724931
"CNNM3-DT",15.0941484349821
"SLC5A3",15.0651711270677
"RPL5P18",15.0258797597236
"NR2F6",15.0244214691037
"TMEM144",15.0204591428347
"PLEKHH3",15.0079098352095
"C18orf54",14.9962796769666
"UBQLN2",14.9666919293583
"CC2D1B",14.9554327577269
"MIR3134",14.9503168568267
"TSPAN12",14.9490676601639
"MFSD4B-DT",14.9484167793941
"MOB3B",14.9420162247286
"KDSR-DT",14.941568531213
"PCDHGB6",14.9411397045231
"CD55",14.9296188195018
"RPL17P50",14.9124491278067
"EXTL2",14.909388295164
"TMEM74",14.9082802240577
"TJAP1",14.90775733779
"CAPN1-AS1",14.9066596998791
"CYB5D2",14.8844150112991
"MINDY3",14.8657993534754
"HCG25",14.8631811152441
"MANEA",14.8606309093605
"LRRCC1",14.8579075143728
"SYT2",14.8467491103419
"TICAM2",14.8383430245232
"EDC4",14.8248693458638
"TP53INP1",14.822795907344
"BCAR4",14.815112218391
"NAT14",14.8103335661873
"FTL",14.7874024571514
"SLC22A31",14.7822774026578
"LINC02288",14.7318811794645
"RN7SL442P",14.7262330792114
"ARHGAP26",14.6948339948576
"RLIMP1",14.6783251127073
"HDLBP",14.6724829340327
"IGLV1-36",14.6675123396928
"CAD",14.6639543226008
"ACSL4",14.6560266479604
"CATIP-AS1",14.6502166616392
"DNAH14",14.6498954320438
"ERGIC3",14.6362808033391
"OR2A1-AS1",14.6150231582288
"MAMLD1",14.5965899280912
"PLPPR2",14.5796907858639
"PGAM1P4",14.5594744182208
"SLC38A4-AS1",14.5585384787197
"ZSCAN2",14.5517627732162
"SNORD3C",14.5352000313193
"SPI1",14.5275224702364
"LINC01752",14.5160942405352
"C15orf40",14.5142057533162
"C6orf52",14.493371172318
"LDLRAD2",14.4863961678837
"TMED7",14.4648579295696
"LMTK2",14.4633769891805
"H1-6",14.4619326522395
"LINC02641",14.4523477661683
"PAAF1",14.4506342802693
"CLEC18B",14.4503491975465
"ATAT1",14.4374592381761
"RNU7-79P",14.4340864075295
"SLC38A7",14.4207372144088
"GRIN2C",14.4122573926207
"CHRNA5",14.4122340875751
"MKX",14.3960912427805
"LINC02934",14.3896120585676
"C21orf58",14.3839363187866
"C10orf88",14.3805421254242
"H3C1",14.3731833253575
"EXT2",14.3672621263052
"TONSL",14.3627539190297
"PLEKHA7",14.3609788643301
"HEATR6",14.3494619206486
"ELMO1-AS1",14.3477946356418
"DNAJC9-AS1",14.3272139149683
"FKBP7",14.3174584805718
"LINC02328",14.3158523071508
"UHRF1",14.3131316919524
"MILIP",14.3113522018729
"NOPCHAP1",14.3023689956546
"MTUS1-DT",14.2984938428976
"CFAP119",14.2978969749181
"CFLAR",14.2912790941482
"C5AR2",14.2908355531002
"FN1-DT",14.2837475258584
"SHCBP1",14.2798856682067
"ICOSLG",14.2778281439341
"DNAJB1",14.2676888433843
"ZNF273",14.2620037041432
"JRK",14.2574086502539
"LERFS",14.2540467302198
"GPAM",14.2499077653014
"PAX8-AS1",14.2477939648095
"LINC00957",14.2320559255191
"SNORA80B",14.2269882794067
"SERPINI1",14.2269657953268
"DPY19L3",14.2217242624751
"AGAP1",14.207539887231
"SHPK",14.2056024676843
"CENPB",14.1772429677012
"SEC22B",14.1741814091376
"C3orf20",14.1540830785235
"TBCE",14.1517613368033
"GTSE1",14.1428568275325
"CALHM3",14.1378059499799
"NPM1P40",14.1364743286172
"ZBTB40",14.1356774646023
"GFPT2",14.131326620733
"TMEM244",14.116887517966
"BCL2L11",14.1138253523664
"ZNF184",14.1009886451115
"RNU6-1209P",14.0990251855387
"ZDHHC9",14.0881492563758
"ANO8",14.0786430538494
"SLC31A1",14.0730750805994
"KCNAB1",14.065844867402
"PCCA",14.0496904236599
"SPATA33",14.0359205192448
"CTBP1",14.034067675699
"EHMT1",13.9997610722194
"IFI30",13.9968535497851
"LRWD1",13.9954216642338
"LINC00910",13.9896041818034
"TTLL12",13.9846310983047
"GAPDHP62",13.9580249758853
"NANOS1",13.9478552351205
"ZNF26",13.9428128138924
"NUP35",13.9043348767327
"CPVL",13.8876301747647
"LINC01063",13.8812563012529
"FASTKD2",13.8718137827599
"ZNF300",13.8638552727949
"DDX50P1",13.8627624884397
"ITGA10",13.8189959833898
"NTRK3",13.814928219501
"SCAPER",13.8085755511921
"FN1",13.8084581902771
"CDH1",13.7841326808725
"PDLIM5",13.7775345419629
"CD276",13.7744958101481
"TSEN2",13.7729069566887
"MKRN2",13.7557676634867
"EEF1A2",13.751787394725
"LINC02812",13.7326828048083
"SCARB2",13.7204646794593
"VSIG8",13.7196083646807
"ARSB",13.6990093626544
"TOB1-AS1",13.6988839220341
"IKBIP",13.6904475189045
"MTMR12",13.6729721177647
"SEPSECS",13.6678637737424
"COPZ2",13.6601857188936
"ST6GAL1",13.6594058934841
"RABEP2",13.6538646473666
"NDUFA4L2",13.6534770007029
"NAMPT",13.6424694957197
"OSBPL9",13.6418075609953
"TNFRSF13B",13.6162859433386
"LINC01735",13.6155804318645
"GPR22",13.6149683401127
"SERPINF2",13.6110589401122
"H2BP6",13.6098537882108
"XXYLT1-AS2",13.6057374345639
"TEAD3",13.6041318573437
"CDR1",13.598693521037
"MIR1972-1",13.5938493850757
"GRN",13.5830866758541
"ERLEC1",13.5751678305313
"OR10A5",13.5409345900342
"HEATR5A-DT",13.5371072209157
"OSBPL3",13.5300825407228
"RNU6-611P",13.5226997770089
"KLF15",13.506489474848
"SNHG26",13.4992292027606
"ADGRL1-AS1",13.4883534942771
"SHOC1",13.4758579230423
"MIR6514",13.4569066609048
"ACER2",13.4522024709177
"PPP1R26P1",13.4442249287794
"ICA1L",13.4393494485975
"RGS17P1",13.4031129956324
"POGLUT3",13.3617379228276
"UNC79",13.3613404630618
"IGLV3-16",13.3601371638087
"IER3",13.3509395731387
"TNS3",13.3434345977317
"BTF3P3",13.3379743801474
"AXDND1",13.3173334148171
"MATCAP2",13.3021666063443
"COSMOC",13.2973064909254
"SLCO4A1-AS1",13.2915014187217
"UBE3B",13.2866871390541
"C11orf96",13.2702507895376
"PTK2B",13.2567479821372
"RNA5SP352",13.2542715486484
"MCL1",13.2408802275021
"PLPP3",13.2351833562917
"SRPRB",13.2314794546684
"ZFC3H1",13.2190690851458
"GID4",13.2138145342102
"SSR1",13.2023518551899
"MUC4",13.2010323628971
"RIMKLA",13.1995249130035
"H1-4",13.1898210704042
"MRPS31",13.1727245189868
"DEPDC1",13.1691477638346
"GTF2A1",13.1683661967293
"SLC5A2",13.1616648339718
"PIGZ",13.1561400996389
"ENPP6",13.1385507943686
"ADPGK-AS1",13.1214507426613
"ANKRD46",13.118899524458
"SIDT1-AS1",13.0972168737279
"PPIL2",13.095530199875
"ATP6V0CP4",13.0897451406933
"TES",13.0834652613087
"ZNF157",13.0731116306726
"ZNF200",13.0697030176266
"NXT2",13.0675964755942
"CREB3L2-AS1",13.0525340988466
"ANKDD1A",13.0406607954746
"CASP10",13.032757833429
"MCOLN1",13.0303972974264
"DAPK1-IT1",13.0208468865653
"RNVU1-27",13.0194299413468
"RBFOX2",13.0068738553973
"NPIPB14P",13.005867721451
"KMO",12.9946643398991
"EPS15-AS1",12.9834331320496
"IGKV1D-42",12.9737796048012
"H2BC9",12.9734494578536
"MGAT3-AS1",12.9443912343426
"TLNRD1",12.9324950477925
"RPL12P21",12.9312624634464
"PRIMPOL",12.9227599054025
"GLT8D1",12.915025660595
"ZNF174",12.912905987679
"FUT10",12.9081335211773
"PHETA1",12.8881592331907
"RPSAP70",12.8777025797927
"PI4K2B",12.8553809939927
"RRN3P2",12.8505688521319
"IGKV3-25",12.8405288668779
"PKP2",12.839711665669
"ZNF449",12.8179837536803
"CNR1",12.8160701880544
"UBA7",12.8067697250991
"HIGD1AP10",12.8027515237354
"LINC00581",12.801689138962
"CLCC1",12.7958735111072
"LMAN1",12.7874070583775
"OOEP",12.7827720314625
"ZKSCAN7-AS1",12.7748506942305
"C1QTNF4",12.7691148930797
"IL10RB",12.7665851149204
"TXNDC16",12.7544114327168
"SMPD1",12.7496130159964
"DAPP1",12.7449418051655
"KCTD10",12.7404005905493
"LINC02520",12.7315346654522
"MECR",12.7288325332188
"ANKRD16",12.7265015438212
"SGK1",12.7158962870394
"RNU6-1135P",12.6808876783815
"SETD9",12.6765862432254
"DMGDH",12.6744480870869
"RSL1D1",12.6713752570407
"DPP9-AS1",12.6711627921025
"ZNF608",12.6635195644289
"RPS3AP28",12.6487452009812
"FRGCA",12.6460402383052
"STPG1",12.641105970939
"AZIN1",12.6301298786891
"MYEOV",12.6169501018271
"EXOC3L4",12.5991523861587
"LMF1",12.5891651359359
"CST6",12.5653999010341
"RPL24P6",12.5437684385094
"SPDYC",12.5319307149427
"FBXO34-AS1",12.5270097868585
"SORT1",12.5242676925934
"TGM2",12.5219418898986
"PAOX",12.5009465577051
"AGAP6",12.4805076423056
"ARNT2",12.4687513387042
"DDX47",12.4620230897751
"LINC01431",12.454768401731
"TUBB6",12.4472983128758
"FZD4-DT",12.4371690399375
"MC1R",12.4130289077915
"FAM234B",12.4055472021965
"APPAT",12.4028121477956
"LINC02734",12.4016155590788
"C10orf55",12.4006302811226
"EFCC1",12.3984460237627
"AANAT",12.3976878482652
"SEPTIN8",12.3828972850153
"RARB",12.382031869949
"BEND5",12.3795221466186
"ZNF69",12.3706406476729
"LINC01962",12.3611556756577
"CRACDL",12.359356705312
"ORC1",12.3558871465295
"CTRL",12.3351149886631
"RPL18P10",12.3259353691235
"IGKV1D-17",12.3255458445609
"ANO10",12.3243522794803
"LINC01697",12.3235849379754
"CABP1",12.2762961599579
"TAS2R30",12.2605709900268
"LIF-AS1",12.243295417314
"UAP1L1",12.2284631509414
"KNSTRN",12.2227021140714
"OR10AC1",12.2173923651713
"HSFX3",12.2114869525624
"ZSCAN2-AS1",12.2063945094468
"LINC03076",12.1957906754212
"MIS12",12.1839792566298
"LINC02937",12.1836527041519
"ERO1B",12.1770405503614
"SAT1-DT",12.1644457367489
"IGLC5",12.1630094273457
"HDAC9",12.1598840523277
"UBE2E1-AS1",12.1516775462157
"KLK1",12.1449131224187
"MIR9-3HG",12.1132273108259
"CELF4",12.1054241867549
"ANAPC2",12.098611323895
"LNCOC1",12.0882502634534
"OR2B2",12.0657873708092
"EYA2",12.0464676838248
"RNU6-451P",12.0430106349225
"GLA",12.0267724962672
"MYH3",12.0251125326017
"BICD1P1",12.0184300056767
"MRPL37P1",12.0027124328497
"DPY19L3-DT",11.9988013414942
"RNF144B",11.9927592812976
"RNA5SP29",11.9911012862298
"MORN1",11.9787436263574
"LINC03067",11.9637205727844
"GARIN2",11.9587375390619
"FAM106A",11.9524197779228
"FN3K",11.9480294837453
"NQO2-AS1",11.9468510344829
"GOLPH3",11.9444165810032
"CFLAR-AS1",11.931267509083
"NUDT2",11.9292069331054
"ITGB8",11.9275139534857
"DOP1A",11.9095998232844
"SYT1",11.9030184673277
"ZNHIT2",11.9012552307229
"RBM33",11.900925254726
"ZNF235",11.9001628871346
"PLPP7",11.8882555360952
"RAMP2",11.8830878084998
"MEP1B",11.8721029766306
"NCAPG2",11.8587008488435
"TESK2",11.8583923494306
"TMEM19",11.8538129578394
"BMF-AS1",11.8442732123156
"H1-10",11.8343142669387
"ZBTB39",11.8331824193007
"ARHGAP42",11.8157277809199
"ERN1",11.7976524314489
"ALDH1B1",11.7857710906609
"MAPKAPK2",11.7552517226733
"ABCC10",11.7544281366078
"IDH1",11.7536468972809
"MUC20-OT1",11.7310382345923
"PIGG",11.7218433248235
"GOLGA3",11.6797778909978
"PPM1L",11.6786377411787
"CCNYL1",11.6782693624381
"NBEA",11.6782484126659
"TAS2R20",11.6769815529209
"INGX",11.6634487680508
"FRAT2",11.662055981268
"CIITA",11.6603235444495
"ZFP69",11.6574983689008
"CDC16",11.6558327839797
"ANKS1A",11.6485565898642
"COL4A6",11.6387168868517
"RNA5SP165",11.6347911863736
"LRRC24",11.6303242476408
"SCARNA14",11.6223024479087
"TLE1P1",11.6207127329136
"RPL21P123",11.6092176358974
"LRRFIP1P1",11.6036147133014
"MROH8",11.6001939301293
"SFT2D3",11.5738277551967
"H4P1",11.5664317943768
"IRAK1",11.5623857046138
"GNA14",11.5503946187531
"PNLDC1",11.5493759214121
"NIP7P3",11.5482038719918
"SCMH1-DT",11.5361599918975
"OLAH",11.5340353093043
"LINC02202",11.5287749560186
"NLRP14",11.5267964966844
"DIP2C",11.5258827750264
"ETF1",11.5182179898197
"CTH",11.5160735476867
"PRCD",11.5075127430778
"HSD17B12",11.5005572144967
"USO1",11.4989059438916
"L3MBTL2",11.4972499660526
"IQCC",11.4963109354068
"OGFR",11.4909412232434
"IER3-AS1",11.4849503484332
"SGK3",11.4815071462522
"ZNF181",11.4800634753065
"P4HA3",11.4597413018046
"MTHFD1L",11.4568558994074
"SLC30A1",11.4524140575253
"LINC01977",11.4511079803626
"SPATA2L",11.4491463545983
"SMAD5",11.4259571396389
"TEP1",11.4246992556232
"CDKN2AIP",11.420183789753
"MAU2",11.4192591787381
"RN7SL285P",11.4101226272967
"LARP1B",11.4004269425153
"EHHADH",11.3975826966387
"H2BC12",11.3870327291202
"SNORD11B",11.3819590762204
"LARP1P1",11.3818426655602
"PDGFRL2P",11.3637589933659
"TENT5B",11.3602069823648
"MIB1",11.348899522232
"ZMYND10",11.3487873631438
"CPT1A",11.3459602128585
"KICS2",11.3392098531421
"IGHD5-12",11.3386212748774
"ABCC2",11.3380794122384
"MT-ND5",11.3322609320848
"SLC16A1",11.3300210639168
"GPC3",11.3161273782073
"NEK5",11.3006491720654
"RUFY1-AS1",11.3003244305877
"RPL36P2",11.2868503094579
"ADPGK",11.269210135134
"KCNB1",11.2463780220294
"RBM14-RBM4",11.246040700049
"SLC25A6P3",11.2339880940915
"BANK1",11.225719184654
"FAM157D",11.2133687842637
"TSNAXIP1",11.2047785880793
"FAM20A",11.1843158139388
"EIF1B-AS1",11.1589106459825
"KLF8",11.1569939973824
"FOXN4",11.1479479257753
"CHMP4B",11.1423375785464
"DQX1",11.1343266381506
"UBE2V1P5",11.1290567100561
"LINC-PINT",11.1261709409473
"ATP11A",11.1165630787193
"LAMA5-AS1",11.1133408014698
"TCEA2",11.1114518604001
"SLC11A2",11.0914534009707
"RGS9",11.0784711717929
"RAD17P2",11.0713483027978
"RN7SL268P",11.0663373511952
"HYKK",11.0653135660732
"SETD7",11.0428825184802
"CGB7",11.0303831884204
"NDUFAB1P1",11.0288137260399
"C8orf58",11.027521211015
"HSDL1",11.0259250232291
"ISLR2",11.0188608331578
"LINC03011",11.0121400934327
"IGLV3-32",10.9911169720785
"ODF2-AS1",10.9872802737541
"COL7A1",10.9813867112775
"RBM19",10.9784284345182
"SLC25A28-DT",10.9740147391718
"MACROD1",10.9675751313085
"CAST",10.9657408269475
"ATP8B2",10.9643744091153
"ANKRD39",10.9596691416661
"MAGIX",10.9503754867108
"GET1",10.946542733415
"NFX1",10.9334573050587
"SCARNA18",10.933261063989
"EDEM2",10.9316343187168
"TMX1P2",10.9249145653017
"IRF4",10.9185929900379
"FBXL2",10.9052105618258
"SMIM41",10.896734093109
"FAM133DP",10.8660879514639
"FBXO42",10.8569254312706
"ATP5MC2P3",10.853615778617
"RAPGEF2",10.85208923385
"GRWD1",10.8386896042733
"IP6K3",10.8378041125332
"ALDH18A1",10.8346049252243
"SCFD2",10.817054023329
"VNN2",10.8136945027934
"GFM1",10.8120925511929
"FAM124B",10.8094701136713
"SVIL2P",10.8056523611443
"RPL7P21",10.8014048105493
"CFAP418-AS1",10.7960080691841
"WDR19",10.7903292762941
"SPCS3",10.7886096142787
"KMT2C",10.7844041995627
"GORASP2",10.7678176715372
"LRRC17",10.761963597212
"SHQ1",10.7568747350302
"TRIM72",10.7494646822983
"MRPL32P1",10.73078270716
"ALG1L9P",10.723758805965
"ASAH1",10.7234765095133
"RABGGTB",10.7190397547584
"RNU6-118P",10.7175249447513
"SLC25A1P5",10.7076594255322
"VAC14-AS1",10.6983635174165
"C19orf84",10.6887510342017
"LY96",10.6863603475689
"LINC01772",10.6860967460902
"AATBC",10.6835081261812
"LRRC59",10.682495578728
"NPW",10.6810587353232
"NEU4",10.6784780956742
"VOPP1",10.6767833627114
"PSMA8",10.6549424747671
"MNX1-AS2",10.6393413237402
"SEMA4B",10.6388462027704
"ALKBH3",10.6317567288518
"OXR1",10.6214969562842
"LMBRD1",10.6166759504481
"PANK1-AS1",10.6121256436066
"BNIP3P5",10.6060223907351
"ZDHHC23",10.6035744782315
"DHRS3",10.6017336071731
"DNAJB12P1",10.6009485611303
"DAAM2-AS1",10.5925200248543
"ZNF250",10.5907825284354
"KRT18",10.5887970145713
"DSP-AS1",10.5839072117736
"NUP210P3",10.5836578154828
"BACH1",10.5734450281391
"LCLAT1",10.5573493409316
"LINC01565",10.5564476653789
"AP1AR-DT",10.5564476653789
"MIR29A",10.5376362432377
"NAGLU",10.5299081679787
"PIK3CA",10.5203697990141
"CCDC24",10.5068893541161
"ADGRE3",10.5061649372191
"MEF2A",10.5046883318948
"ITGB5",10.500245658656
"TMEM121",10.4982269529723
"ACOXL-AS1",10.4976249943602
"TNK1",10.4967268661263
"KDM7A-DT",10.4873385131027
"RPS6P25",10.4846238549583
"HDAC9-AS1",10.4560402239988
"DNAH12",10.4558995325354
"ASB5",10.4518129742502
"IFT46",10.4449189556562
"NUFIP2",10.441007184105
"LATS2",10.437391958669
"THAP8",10.4307800982276
"NXPE3",10.4271109005249
"EFEMP2",10.4269482903427
"ASPH",10.4184129425331
"LINC01410",10.4102332666963
"MIEF2",10.3982338444568
"ACHE",10.3827238448603
"RPL7P50",10.382556437768
"FOXRED1",10.3754878320879
"PHYH",10.3722349492933
"RNVU1-28",10.3698349381654
"HILPDA",10.3676937133335
"IGFBP5",10.3600234981152
"ADAMTSL5",10.3590086712601
"IGHV7-34-1",10.3589918142362
"HNRNPA1P68",10.3391879984203
"RNVU1-2A",10.3384660536301
"DTX1",10.3362272655258
"GM2A",10.3309377832013
"TRIP10",10.3259533558281
"SNORD46",10.3237106084341
"C16orf95-DT",10.3200341401023
"TMEM59",10.3164112161713
"CKAP2-DT",10.3164040658626
"SIPA1L3",10.310769045394
"CPSF4L",10.3056186263151
"ABHD4",10.2966378758959
"IGKV2D-18",10.2843532437228
"LINC01993",10.2799320434611
"DEXI",10.2773462341546
"SPCS1",10.2772644247694
"MEST",10.2678135344774
"PRADC1",10.2670720934614
"CCDC144A",10.2660580608234
"ADAMTS9-AS2",10.2655637414347
"PHACTR3",10.2628222291411
"NHEJ1",10.2550408149566
"ZNF557",10.252523409249
"RECQL5",10.2444173897236
"RPL17P10",10.2411573875854
"CPLANE2",10.2370344546952
"RNGTT",10.2315214667864
"MEX3A",10.2228465161116
"CCNB1IP1",10.2215407534418
"ACSS1",10.1984034898428
"BCL2L2",10.1983250361139
"LINC00662",10.1964374785174
"ITCH-AS1",10.1956994734069
"DVL1",10.1746886110072
"BSG",10.1691204546398
"ZNF441",10.1637840473558
"FZD2",10.1635905004418
"MARS1",10.1596834031556
"IGLV3-7",10.1578116824636
"PALS1",10.153926560511
"MIR573",10.1482947420537
"FAM227A",10.1375660971893
"STXBP4",10.1337698638588
"PCED1A",10.1306360315996
"MRPS9-AS1",10.1086525187802
"ZNF251",10.1076972276869
"PPIF",10.1034469974622
"PADI6",10.1027359841173
"RRP9",10.1003949279633
"SLC44A4",10.0919387307593
"PDK2",10.0804188425735
"MIR933",10.0767314700671
"SNAP25-AS1",10.0754039804703
"USP13",10.0717827421392
"PER2",10.0628727070517
"RAB42",10.058247628552
"MIR186",10.0560339599879
"SLC35G2",10.0550504625945
"CCDC127",10.052404108174
"FAM27E3",10.0505275652192
"AMIGO2",10.0445680582079
"RN7SKP56",10.034746950369
"SOAT1",10.0327825438718
"TAFA2",10.0233401022835
"IL22",10.016938471168
"PMVK",9.9993250688037
"UBE2D3P2",9.99545008413632
"TRPM5",9.99471798199231
"ARMCX3-AS1",9.9944233552302
"RNU4ATAC",9.98153133154342
"LINC01841",9.9571868803426
"HNRNPA1P37",9.95676176584699
"PAK1IP1",9.95005269818575
"TBC1D1",9.94886886642999
"TCF19",9.93620276459294
"PPP1R15A",9.93558043547521
"EHD4",9.93161995621989
"YKT6",9.92842073138951
"IGHV3OR16-16",9.92766053757988
"FOCAD-AS1",9.92702681684629
"RPL36AP46",9.92302565733361
"PTMAP1",9.91942097371265
"RBMX2P3",9.87876445104346
"GSTM3",9.85905002885503
"JMJD1C-AS2",9.85817032361047
"ZMYM4",9.85382780353178
"LINC01725",9.84330511877726
"XRN1",9.83936190530942
"EOLA2-DT",9.83449678610323
"COG2",9.83399312136159
"CBX4",9.82982267218764
"CNOT10-AS1",9.82611193940928
"RN7SL832P",9.81733670231081
"FRMD6",9.8116725464181
"RNU6-238P",9.80722484021463
"MAK",9.8058637813826
"IGHV3-33-2",9.80086952884698
"RPS3AP36",9.79798653292453
"ZBTB46",9.79731504929262
"ERC2-IT1",9.79673034942768
"DDIT3",9.79503816626244
"PPIB",9.78793297884672
"MIR148A",9.78781247668052
"TMEM168",9.78378075037961
"CCDC106",9.78232707349766
"PLET1",9.77269420171667
"PINK1",9.76448106763687
"NPIPB11",9.7553697811294
"BYSL",9.75267132797132
"ERMP1",9.74880942717912
"NCKAP1",9.74732912461813
"TBC1D9B",9.74678010446782
"MIR4435-2HG",9.74650736813524
"BAIAP2",9.74549952948113
"DUSP1",9.74515820298689
"MET",9.73799000677783
"ZNF629",9.72646036982558
"SPATA31G1",9.71628045129636
"MBNL2",9.71237135243818
"SLC35A4",9.7047577580648
"INKA1",9.69542635590319
"NFIL3",9.69424398135964
"ADM",9.69312563025549
"KLHL15",9.68819236095696
"LINC03110",9.68260798904899
"MAMDC2-AS1",9.67761327848404
"PDXDC1",9.67421658658921
"ABCC5",9.66562968141432
"LRPAP1",9.64671441084247
"ACADVL",9.6461153107686
"LINC01018",9.63889270020809
"SFXN4",9.63475821571402
"EGILA",9.6305262561851
"MNAT1",9.62704820479625
"THNSL1",9.62246022870866
"MANF",9.61500403617352
"WNT10A",9.6040792803566
"LINC02664",9.5995853301647
"IGLV3-13",9.59697735895852
"INE1",9.58550032823917
"CEP20",9.58263131798433
"MARCHF6-DT",9.58069431065961
"SH2D4A",9.5700312739809
"DPPA2P4",9.56177093759943
"MYH10",9.5605763359253
"FUCA2",9.55868682677762
"GOLGA8B",9.55342434546213
"GLTC1",9.54188825498567
"HPDL",9.54073026674988
"GRIK1",9.53765287159812
"RBMS3",9.53481065463284
"NDUFA6-DT",9.52429139229509
"FAM81A",9.51414140497397
"SURF6",9.50742293528467
"INTS9",9.50483490639363
"LCTL",9.49756565859188
"ANG",9.49751842970436
"MGAT1",9.49701845936652
"NEURL4",9.49369386149793
"NPTXR",9.48291109132659
"GPR63",9.48023064048706
"RN7SKP151",9.47650410737895
"DFFB",9.47581452813381
"ZNF185",9.47550368924576
"FHL1P1",9.46707510256169
"ZBTB20-AS3",9.452294529705
"ZC2HC1A",9.45144161441861
"STK36",9.42983046407132
"VWCE",9.42400003245372
"ICAM5",9.42367397045808
"EMC1",9.42068626016616
"LAMA2",9.41102996285367
"RPL36AP8",9.40631934135425
"SNORD13D",9.38506171177455
"FAM107A",9.37592659484144
"CYP26A1",9.37592659484144
"BOD1L1",9.37525198477537
"SOCS3",9.36941861947749
"UCK1",9.36525914935289
"HIBADH",9.35996649332801
"GPSM1",9.35862974767347
"RETREG3",9.35848830395776
"TEKT2",9.35375000854159
"RARS1P1",9.35375000854159
"LINC02939",9.3467381283607
"PSMD10",9.34363417240916
"UBE2H",9.32633650370176
"INSIG2",9.32548381124001
"ZNF346",9.32532906043517
"ESYT3",9.31240517447583
"KDM4D",9.30341561694452
"INPP5B-AS1",9.29433792304199
"SNX2P1",9.29131773544873
"PIF1",9.28942090536975
"RNU4-78P",9.28730006749042
"ELMO1",9.27872610483697
"TRIM62",9.27789865103531
"LBR",9.27624289187564
"NEK2",9.27527471734679
"MAPK13",9.26874213218811
"RPH3AL",9.2584327627078
"ING3",9.25526686837954
"TPTEP2",9.25302256299048
"LAP3",9.24705234872488
"AGA",9.2444888727445
"MDC1-AS1",9.24171443361791
"WDR64",9.22913648668521
"RNU6-431P",9.22828081183572
"ST20-AS1",9.22329200277598
"ATAD5",9.22133419845974
"CAPS2",9.2210652388964
"CYCSP34",9.21618100578142
"ACTMAP",9.21371722239472
"ARFGAP1",9.21356970857175
"CERNA1",9.21231296600471
"EEF1A1P17",9.21189273850911
"MAN1A1",9.2082074124472
"LINC01220",9.1922257923297
"NFKBIA",9.18027666234302
"LRRC75B",9.1737606992833
"SMURF2",9.1722544438666
"CLASP2",9.16467573745509
"MYO10",9.16192555057741
"DNAH10OS",9.15450496511314
"LINC02585",9.15381464710485
"WDR5B",9.14558305615888
"KCTD4",9.13631748304395
"CFH",9.12782340099566
"ERAP1",9.12674763264478
"CAPN10-DT",9.12655038629059
"CTPS2",9.11550168398962
"SVOP",9.10938731114975
"ZNF75D",9.10397271279143
"DNAJC4",9.09499730199262
"ODF2",9.09279093477288
"DDOST",9.09050803913471
"FAAP24",9.09040700675119
"IGLV3-31",9.07751966986318
"SNX22",9.07529091435864
"CADM1-AS1",9.06553336194665
"BMI1",9.05594777025264
"FBXW7",9.05551714503739
"GPAT2",9.05124757163759
"PGBD2",9.04288943881757
"RIC1",9.02891782075387
"GSAP",9.02649711952832
"MIR3174",9.00552879929644
"SLC9A5",8.99276408854469
"ABCC6",8.98646204958736
"RNU6-91P",8.97105509168013
"CPLX4",8.97063598772389
"SLC37A3",8.95609920919568
"SERTAD2",8.94374622370142
"CORO1C",8.94047619703512
"MAPK6",8.94045983980133
"PTCHD3P1",8.9400527949435
"GANAB",8.93831543704715
"NARS1",8.93641954282768
"PRKCD",8.93606351293794
"TMEM176A",8.93249572386973
"ADGRA2",8.93066579051255
"GUSB",8.92703211329253
"OLA1P1",8.91873886979174
"MYO15A",8.91567030584419
"EXD3",8.91158908565065
"IGKV1D-43",8.91079693097555
"DISP1",8.90525392631068
"MPV17L2",8.88858075577811
"GOLGA8H",8.87495012707722
"MIR9-2HG",8.86204951950982
"DNASE1L3",8.86144181342016
"RNVU1-7",8.85836771949814
"ZDHHC21",8.84442556808497
"UBALD2",8.84362542924551
"SLC13A5",8.84246380409794
"ALS2",8.84029479983039
"MARCHF6",8.83543922044566
"MYO16",8.82992573499227
"ADIPOR1",8.7813039596362
"LINC02384",8.78081627357918
"ARHGAP24",8.77553326372363
"PSMD11",8.77265712640873
"RNFT1",8.77151507325539
"RNU6-529P",8.76208645518245
"MIR5188",8.76187273381091
"LINC01311",8.75465138667298
"L3MBTL1",8.74973083038053
"SYNGAP1-AS1",8.74617548666893
"ASTN2",8.74396358483777
"TNNC1",8.73032803559084
"LRRC41",8.72715948442489
"DSP",8.71691941972892
"SIRPA",8.71618928850605
"EIF5",8.71560912709413
"TMEM62",8.70519476029713
"DNAAF8",8.70171687522193
"PAGR1",8.6966034092598
"CPEB2",8.68499385042506
"RN7SL541P",8.6731808338816
"LRRC45",8.67157146546781
"KCTD16",8.66720533293015
"VAV2",8.66645671402314
"PXK",8.66482724159816
"CHRNA1",8.65665047957191
"ALOX5",8.64117277939098
"FKBP8",8.63798818376317
"GATAD1",8.62772743309614
"C1orf56",8.62403661236225
"SMYD3",8.62188521580694
"DDX43",8.6213721971649
"DYRK3-AS1",8.59992621748384
"PREB",8.5959797844461
"ADCY9",8.59536673950285
"INKA2-AS1",8.58345133381101
"TMEM214",8.57742522755176
"PRKACB-DT",8.57504399026576
"KIAA0930",8.57344593119877
"LYPLAL1-DT",8.57018064575719
"CLN3",8.56879707151673
"SOX2",8.56727262478146
"ZNF761",8.5578900727038
"CREG1",8.55407636264394
"ATF4",8.53758427743174
"TMEM220",8.52904499655317
"STPG2",8.50235712180474
"ALG14",8.49321784305773
"LINC02970",8.48785847796089
"RPL22P24",8.48326795992673
"RPL31P47",8.48088391525316
"ZNF212",8.47567162798679
"GLCCI1-DT",8.4734776163222
"HSD17B4",8.4663259904179
"DPCD",8.46418730213678
"IGLV4-3",8.45379197457354
"TFEC",8.45252863583906
"JUND",8.44166703850348
"NEXN-AS1",8.44093337219003
"WLS",8.43714735299305
"ZSCAN16",8.4311065978581
"TMEM101",8.43033226768355
"RNU6-748P",8.42941758432036
"PHF24",8.42731270851447
"BCORL1",8.41925636671869
"SMARCE1",8.40602640124038
"LINC02240",8.40424604045173
"HOMER2",8.40300191713304
"LINC01883",8.39688334528271
"PRMT5",8.39627566452594
"L3HYPDH",8.39333732912054
"RND3",8.38984451600844
"ATG9A",8.36664869861338
"TCL6",8.36283418880716
"SCARNA8",8.35884929055248
"CFL2",8.35777092951061
"SMG5",8.34892906879823
"AIFM2",8.34294263373762
"SEC24B-AS1",8.34249320901173
"PLXNB2",8.34138617808614
"TP73",8.33883098995159
"GORAB",8.33263180928376
"NRN1",8.33246793222713
"SPCS3-AS1",8.32838225006527
"SLC25A1P1",8.32707409266002
"PPIAP16",8.32477539219796
"STON1",8.3202663247647
"GLCCI1",8.3122652317235
"ZNF780B",8.30831897644808
"ZNF138",8.29810737890999
"NUDT5P1",8.29026831076803
"MIR645",8.28820333609263
"ANKRD18EP",8.28719643088578
"TRAV24",8.28660233506834
"ERCC6L",8.28551879196458
"HDAC11",8.28435068663201
"MYCBP2-AS1",8.28397845474169
"RN7SL443P",8.2826584460151
"CSRP1-AS1",8.28062808411541
"RNPEP",8.27940290789512
"DZIP3",8.27890421560476
"DNAJC11",8.27810388361032
"H1-12P",8.27145339805751
"TUBB3P1",8.27003820134138
"AKT1S1",8.26904597360165
"MYOSLID",8.25232298029163
"BCDIN3D",8.2487769102612
"LINC01774",8.23074758572987
"LINC01189",8.22942165730693
"PPIAP53",8.22693450613287
"IGKV2-10",8.22662991039543
"RAPGEF5",8.22428442129006
"IGKV1OR2-108",8.21910124360544
"NUGGC",8.21316794751427
"TMEM119",8.21127585190315
"MYF6",8.2059443966136
"CASP3",8.19806046203344
"SHBG",8.19556662934244
"GSCAR",8.19542518056054
"ZHX3",8.18736384818907
"B4GALT4",8.18695601066052
"IL6ST",8.1868657828251
"PIAS3",8.16409027165414
"SMTN",8.16348544056562
"LTN1",8.16277910663202
"LINC00342",8.16225651592756
"LINC01237",8.16141490822679
"H2BC6",8.15659289357114
"PYGB",8.15474679245898
"RAP1GAP",8.14624740963582
"SUCO",8.14491646854468
"SHOX2",8.14429767563208
"MAGOH-DT",8.14293190520484
"NGLY1",8.13782608646123
"PNPLA7",8.137325824949
"PARVB",8.13569136159995
"GNA12",8.13537242442913
"GARS1",8.13197784653862
"RNVU1-18",8.12332746627572
"ADIRF-AS1",8.12256065742295
"LAT2",8.11803096414531
"C7orf57",8.1172712597213
"DEFB124",8.10451146899576
"ABCA9",8.10286195178428
"FBH1",8.09894317748271
"ZNF799",8.09581305050514
"CPSF7",8.08968458940363
"PTDSS2",8.07684218239842
"NHP2P1",8.07625643367963
"FBLIM1",8.06558092222124
"FCGRT",8.05990441301121
"LINC02332",8.0582048923926
"APPBP2-DT",8.05633823658691
"PJVK",8.05318878676799
"DMXL1",8.04165780282615
"HIPK4",8.0382059390178
"TEX54",8.0211128396939
"MYO5A",8.01203800156218
"ERC2",8.01202859035828
"NDUFAF6",8.00056995362223
"ZNF395",7.99786301796579
"ZNF501",7.99660206713788
"SRM",7.99225020254925
"DOK5",7.99151409571366
"MFSD8",7.98640260741219
"CDH15",7.98619139539993
"ATP5PDP4",7.98523661318244
"ABT1P1",7.97936575919092
"LIF",7.97495448868326
"DNAH3",7.96711436494546
"ERVMER34-1",7.95950504851329
"C9orf153",7.95722671911422
"TTL",7.95586629687799
"NAMPTP1",7.9513124824364
"HINT3",7.950346975784
"ICMT-DT",7.94915672798443
"PIWIL2",7.94863244630198
"RRAGD",7.94667577098802
"CCN1",7.94546335187604
"IFIT1",7.94077534187721
"NPB",7.93670431173469
"PIP5K1A",7.93638415380396
"KARS1P1",7.93606159833379
"GNPTAB",7.93507922182818
"LRRC66",7.93448937355239
"LCDR",7.93332119738194
"SNORA84",7.93279802415215
"MT-ND6",7.92365947556933
"SOCS3-DT",7.9070611205795
"VASN",7.90577675067463
"SYVN1",7.90500299372975
"STARD7-AS1",7.90437443528742
"KAT14",7.9005548239118
"LINC01160",7.89791640693366
"PID1",7.88940639850411
"RFX5",7.88849111876711
"RPL21P10",7.88466618715739
"RARA-AS1",7.87622916392522
"TUBB1",7.86854689199522
"LINC02456",7.8587976573211
"EPB41L4A-DT",7.85560179522128
"SORBS2",7.85491977323813
"LINC00960",7.85286952046197
"USP48",7.84641697863485
"NUCKS1",7.83372556661067
"DHX15",7.83346898683665
"COCH",7.83099798009352
"TM9SF3",7.82943657852843
"TRBV4-2",7.82924199858468
"NEIL3",7.82800499023625
"SLC50A1",7.82069989250958
"TLK1",7.81823681066592
"LINC00529",7.81501400808591
"SLC2A9",7.810009441546
"CBX7",7.80926450652166
"SETBP1",7.79815885771703
"RPL7P24",7.79599606152563
"PCDHB15",7.79384057121816
"CALCB",7.77481538666982
"PCGF1",7.76349167501859
"HSD11B1L",7.76061671127623
"GOLGA2P8",7.75973789613968
"EOGT",7.75321702427591
"MIR642A",7.75105299004973
"NOTCH2NLB",7.74876901623228
"ARFGAP3",7.74665741075513
"ADRB2",7.73364741944186
"CEBPB-AS1",7.72776479662351
"MIR4539",7.72702885540396
"TTC9B",7.72279173079074
"RNU6-1164P",7.71886180136432
"LINC01888",7.71644468640639
"LRRC8A",7.71161750756685
"PIKFYVE",7.70554621778012
"C5orf15",7.70506240948895
"PIGHP1",7.69824138145756
"HSCB",7.69373221143831
"CLDN12",7.69098545972568
"VPS54",7.69063400683444
"CDK16",7.69053920293825
"ABCA12",7.68804231497425
"CELSR2",7.6841124748679
"VPS18",7.68195938022638
"INTS8",7.67757524752361
"ZNF227",7.67693063347135
"TCF25",7.67511166854247
"CLDN11",7.66600651521623
"MPDU1-AS1",7.66316450056801
"PPARGC1B",7.65797102504849
"MCPH1-AS1",7.65398576118245
"TLE2",7.65330273614965
"LRRC46",7.64850769218273
"LINC00652",7.6459199428016
"AP5B1",7.64431983246665
"LRRC20",7.64207765799152
"MIRLET7IHG",7.63544003291432
"TBC1D24",7.61913643252786
"KLC2",7.6116573474184
"SPG11",7.61066359007998
"ABL1",7.60972959293754
"SAT2",7.60297016148808
"FOXM1",7.59661367972243
"VPS36",7.59659252073767
"CYP51A1",7.59487440546224
"ARL1",7.59369769733485
"ELFN1-AS1",7.58904720163137
"SHF",7.58707047863834
"RPL7L1P11",7.58072156540534
"CLPX",7.57715678641656
"BTN3A3",7.57227532716746
"PPP3CA",7.57138417303612
"MDP1",7.56994100834681
"ZNF671",7.56608875818621
"RN7SL225P",7.56522883213307
"ATMIN",7.55639727402206
"REV3L-IT1",7.55532961463912
"ZNF485",7.55500831268488
"ZNF749",7.55264185348507
"CPSF3",7.54185614164743
"IL6R",7.54016185693442
"RNF212B",7.52271904334891
"ZDHHC11",7.5183830228154
"BET1-AS1",7.51719874368611
"SULF1",7.51475792872978
"GRB2",7.50924232688295
"MAP3K2-DT",7.50789295946842
"LINC01749",7.50787977299849
"RPL29P15",7.50651158473056
"ZBTB3",7.4812913065371
"LINC02168",7.48044497215498
"RNU6ATAC",7.47408310478962
"ZBTB43",7.4737869902224
"EHD4-AS1",7.47083610909288
"FUBP3",7.47014304172924
"HSD3BP5",7.463312765128
"POLE2",7.45393319455375
"IRS1",7.45218623558639
"ATP11C",7.44726756859044
"PDE3A",7.44615593835522
"AHDC1",7.43692107569626
"NBPF1",7.43498677904481
"BARX2",7.43017198278071
"GLIS2-AS1",7.42955286084815
"NOMO3",7.42610369539372
"ARHGAP15-AS1",7.42455453673663
"PPP2R5C",7.4127201693952
"PAQR4",7.4087089340036
"PARP2",7.40540622564918
"PPP1CC",7.39845191705127
"SRP14-DT",7.39206261033043
"TNFRSF10A-AS1",7.38898083995012
"SPINT1",7.37862058665743
"CCR10",7.36596659255352
"MTND5P28",7.35864999345351
"SLC1A5",7.35122866010257
"RN7SKP271",7.3434368132565
"FSIP2-AS1",7.32869208397514
"RPL31P22",7.32079756105685
"GPR176-DT",7.31834418046653
"MTFMT",7.31784340556836
"IGHV3OR16-9",7.31676202689812
"USP38",7.30112017574159
"MYOT",7.30066796965639
"MYDGF",7.29956843501878
"ZNF442",7.29805661783491
"CTNNA1",7.28699718988354
"TMED10P1",7.28229134598258
"GRAMD1C",7.27773556641329
"CD99L2",7.27447459233439
"TALAM1",7.263305542869
"MELK",7.25834305757303
"NCOA3",7.25098775876693
"DAAM1",7.24323382226202
"RNU4-39P",7.24182777757303
"ID4",7.24061772983026
"CNOT9",7.22983741841445
"ZNF514",7.22575967710876
"EIF2AK3-DT",7.22191339517499
"DOCK7",7.20645466637414
"PRCP",7.20390329448888
"MAPK8",7.19465038676056
"KLHL17",7.19460583306846
"LBX2-AS1",7.18676800262362
"MYO5C",7.18608388222373
"BFSP1",7.18210074464816
"G6PC3",7.15640023987164
"GPX2",7.15065637911532
"ZBTB38",7.14271988104944
"ARL6IP4",7.13671409048767
"TMC5",7.13100591066894
"DNAJB4",7.11904845803193
"RUBCN",7.09720461390016
"DNA2",7.09570336728846
"ZNF436-AS1",7.09454834297186
"ZNF350-AS1",7.09077652267933
"BLTP3B-DT",7.08938919522641
"RNU6-1262P",7.08639693456191
"MAMDC4",7.08012398865971
"ATP5MF-PTCD1",7.06858503751384
"SNORA1B",7.06406281670774
"CARS1-AS1",7.0592603842649
"MIR3127",7.05651645785143
"DCBLD1",7.0535747691501
"SNIP1",7.05219769830657
"NLRP2",7.05097419870134
"CIB2",7.04953714018911
"KCTD11",7.02698976671084
"RPL12P44",7.02267233041034
"CBR4-DT",7.01873415595252
"SLC26A6",7.01105121202053
"SMIM13",7.01003038341413
"DEPTOR-AS1",7.00905891639488
"RNU6-638P",7.00834362509467
"TRAP1",7.00269999675998
"SCYGR2",6.99854820161797
"CHST6",6.99854820161797
"H1-5",6.99448845796521
"SEPSECS-AS1",6.99130416027647
"OAT",6.98568562649559
"PCBP2",6.9773100604791
"PIK3R5-DT",6.97028645508474
"GOLGB1",6.96717519177802
"CCDC144NL-AS1",6.96542008857041
"IGHD6-19",6.96339011755073
"RNU6-504P",6.95917724171498
"SYNC",6.95272568220971
"FAM83C-AS1",6.95253089559827
"KATNBL1",6.95114011256296
"MDC1",6.94407805786528
"CBS",6.93134342338886
"METRN",6.93013442810108
"LINC01664",6.92957947683615
"SEPTIN2",6.92945499881345
"CYCSP38",6.92591763447154
"DNMT3B",6.90624603084304
"MARCKSL1",6.90490386911855
"SNORA7B",6.90328832711121
"PDE4B",6.89862126739059
"RNVU1-25",6.87564587402066
"HSF4",6.86072524508597
"VEGFD",6.85895757959517
"DCAF4L1",6.85786098462114
"TSSK6",6.85397663305653
"ADGRV1",6.85080765202879
"EIF4EP1",6.848490028007
"COA7",6.8444238332368
"ATF3",6.83666302690932
"TAPBPL",6.83603450018103
"LINC02099",6.83270610780735
"PET100",6.83146767846521
"POMK",6.83004673745631
"TTC14-DT",6.82185299718216
"OCEL1",6.81192588782398
"LYN",6.807991096461
"C1orf198",6.80554920065221
"ODAD1",6.80149626181283
"TSTD3",6.8001817176681
"LINC02334",6.79703511196489
"MATCAP1",6.79383432929111
"CREB3L4",6.79357311241805
"H2AC11",6.79291392492119
"LINC01023",6.79174646139056
"GAR1-DT",6.7912068051095
"ZNF268",6.78738884007052
"KANK3",6.78694313652708
"RBM7",6.78003174169844
"IFNAR1",6.77320030874511
"RPL9P7",6.77223528506394
"CDC14B",6.77191924102928
"KRT8",6.77063013677278
"CEBPB",6.76914224626478
"FGF13",6.76589440977995
"ITPKC",6.7657551481417
"RSPH10B",6.76461191795043
"BDH1",6.76405590383688
"IRAG2",6.76065384072535
"NFXL1",6.75832965187512
"MATR3P1",6.75685509085524
"CUX1",6.75323939038484
"MIR4439",6.74692435259519
"ARID1B",6.74312453832079
"TMTC3",6.7426512776208
"LINC00467",6.73793142639982
"ZNF510",6.73528345197467
"GATM",6.72371921763071
"ANKHD1",6.72189512396256
"ARCN1",6.71487921381831
"GALNT16-AS1",6.708141362105
"ZMYND8",6.70357208487544
"LINC00115",6.68006291999038
"GPRASP1",6.67979663480181
"SLC38A10",6.67713081034609
"CLINT1",6.67144086309291
"EEF1AKMT4",6.66885052519278
"NENFP2",6.66740657012583
"RN7SL211P",6.66052262195705
"ABCA9-AS1",6.65515461231415
"HPCA",6.65029661408518
"IGHV1OR21-1",6.64976160206847
"C4orf36",6.64699856807444
"INTS5",6.64332695374493
"PUSL1",6.64120686356227
"HSD17B8",6.63841754626575
"ARHGEF38",6.63336116544087
"RAMACL",6.6313714432575
"BMPR1A",6.63106888864063
"CHSY1",6.63032689031085
"PARN",6.62925677273525
"TRIM61",6.6273342669838
"TNFSF9",6.61957727222565
"OLMALINC",6.61384351205496
"RN7SL809P",6.61285435638711
"ELOCP22",6.60789941559495
"ST3GAL6-AS1",6.6016609885966
"LINC02703",6.59627024949418
"RNASEH1",6.59532281840832
"RARRES1",6.59440516402068
"LINC01010",6.59150064716851
"NRG2",6.5816257198826
"SEC23B",6.57869644446698
"EME1",6.57544398118497
"INCENP",6.57485016157471
"ZNF507",6.57188294408201
"KLHL11",6.56621597903015
"MED28-DT",6.56193064469027
"RTTN",6.55811451365422
"CRELD2",6.55681174681153
"EIF6",6.55612841887601
"SPG7",6.554672389396
"DAPK3",6.54102855816274
"SPTBN4",6.53546258796351
"MIR548P",6.53124832576755
"RASD1",6.5265686039446
"RAMP2-AS1",6.52432969498559
"AOC1",6.52395253748853
"RPL36P9",6.522080217122
"NUAK2",6.51960326806134
"CA11",6.51479097365153
"BMAL2",6.51454180221991
"PSAT1",6.51109997382057
"GGH",6.50899728831497
"RARS2",6.50004809192784
"IGLV8-61",6.49338398794554
"SSC4D",6.49222084530421
"GNL3",6.48507552211408
"PIGBOS1",6.48105578340233
"NADK",6.47765485151357
"TMED10",6.47074863700465
"SOCS5",6.46908987181523
"SLFN11",6.46813609273394
"TAB1",6.46376417914497
"CRY2",6.45423243827869
"IL12A-AS1",6.45173814029106
"MYB-AS1",6.44352458399788
"FAM72C",6.43396802244105
"MTURN",6.42564856765885
"GSTM4",6.42377194133031
"SLC9A3-AS1",6.42366174178616
"THUMPD3",6.41540676193037
"LMLN-AS1",6.40946812680771
"ATG4A",6.40907046753505
"TRIM39",6.4086242666786
"THY1",6.39953888780773
"CRNKL1",6.3869392112857
"TPM4",6.38314535880678
"COL4A2-AS1",6.38305632592259
"ZNF133-AS1",6.37817091943092
"DDX10",6.37656477722197
"MCMBP",6.37606443667983
"PLAAT2",6.37515725804215
"TAGAP-AS1",6.37471202419322
"ARF4",6.37435253039417
"PLA2G6",6.37394870545227
"APOM",6.37153010094501
"PCSK1",6.36633334597698
"SMIM5",6.35898454199845
"SAMD14",6.35150917943429
"C20orf96",6.35126523198423
"ABI3BP",6.34469062764821
"LINC02579",6.34120160222591
"GABARAPL1-AS1",6.33446565765613
"LINC01545",6.33325745662587
"CUL5",6.33114578053987
"TNXB",6.32623193007019
"MED16",6.31022130189564
"MYCBPAP",6.30759168852507
"ZNF709",6.29970380597507
"RNA5SP180",6.29094506317063
"GLO1",6.28439770157995
"PYGO2",6.27406388404146
"RNY4P25",6.27074356442636
"EZR-AS1",6.2698817486479
"PCGF3-AS1",6.26423763569916
"MALAT1",6.25857239078625
"USHBP1",6.25222976421434
"CSRP1",6.24480733510157
"CRYBG3",6.24119701195
"MLLT11",6.24107867168393
"RNA5SP195",6.2404508393833
"CYP2D8P",6.23889071630956
"NEU3",6.23384074487347
"FERRY3",6.21045638842979
"ELMO3",6.20530899715268
"COG1",6.19995521516647
"AMDHD1",6.19670266907277
"LIME1",6.19622513059208
"NCAM2",6.19579844677626
"TOMM20L",6.18953108905651
"DYM",6.16796613364899
"WNT6",6.16408144824317
"SNORA71B",6.1556549474339
"RRAGAP1-AS1",6.153928250279
"BAMBI",6.12879738762038
"MMUT",6.12692391759372
"TRMT2A",6.12663976330304
"MED29",6.11109968124058
"UBR3",6.10988630115574
"LINC02811",6.10877146191843
"FAM171A2",6.10338473221608
"ADGRL1",6.10260611807443
"RNU6-32P",6.09173169617279
"FBXO4",6.09005313603198
"RNVU1-8",6.08919586326499
"CYP2D6",6.08297291062378
"CISD2",6.08019455533935
"LINC01001",6.07897310736033
"LCAL1",6.07879385738028
"SPAST",6.07499557400067
"EXO1",6.07476571408843
"LINC00423",6.07350260529786
"MYO1C",6.06834773703426
"RNU4-14P",6.06123576174862
"CCNE2",6.06116597092647
"TMEM63B",6.05874008067211
"FYTTD1",6.05762647397686
"DYNLT3P2",6.05551851530665
"SUMF1",6.0516695561123
"PXDC1",6.05109435863907
"ZNF552",6.05077886173974
"ANP32BP3",6.04470252990869
"MAP3K12",6.03535893789091
"RTN3",6.03187561335192
"CREB1",6.03008427714996
"LINC01376",6.02671525525737
"USP6NL",6.02278166265445
"VAPB",6.01981140069856
"SAR1B",6.01960565439691
"KDM4B",5.98961583081774
"VEZT",5.986007048687
"NPTN",5.98249535099992
"H4C15",5.98031128807868
"IGHV3-32",5.97940170368134
"KRTCAP3",5.96662314415939
"RPL6P24",5.96617316711431
"TRIM32",5.96512296880404
"ZCWPW1",5.96438118448894
"ING2",5.9640117321307
"ENTPD4",5.95890378055547
"XYLB",5.95592437489844
"ASPA",5.95428457576687
"MIR1261",5.95365500451299
"INPP5B",5.94687873393686
"SPSB1",5.94578046295314
"HLCS",5.94547869272966
"ITGB3",5.93732297717267
"OR2A7",5.93536318860705
"TMEM220-AS1",5.9327927828076
"ERLIN1",5.93249573306489
"TMEM268",5.93180399881837
"PCDHGC3",5.93043068875812
"ACSL3",5.93034323300477
"SPTSSA",5.92864380727005
"OSMR",5.9274912498402
"TMEM143",5.9269919573954
"RPL22P17",5.92145869055522
"EEF1AKMT3",5.92082207167298
"SEC63",5.91505267759537
"ABHD3",5.91295523835863
"MTRES1",5.91221887660147
"PNMA6A",5.90655047094304
"GACAT2",5.90565239048711
"DENND3",5.9002994044609
"PPM1B-DT",5.89704612381376
"IFITM5",5.89514283854828
"NPPC",5.89354076286576
"MRPS2",5.88690421089678
"HS2ST1",5.88512241133276
"NOM1",5.87906216953963
"TIGD3",5.87637021492356
"FBLN5",5.87462818029382
"GPR3",5.86959950247755
"FAM86B2",5.86619656274243
"BTN3A2",5.86010508976379
"ODR4",5.85954003124515
"PPP6R3",5.8538979406814
"OCA2",5.8518506328734
"SH3GLB2",5.85059898992625
"TENT2",5.84047785271028
"VPS13C-DT",5.8384108363913
"RPS11",5.83818119120454
"TBC1D19",5.83487371180138
"CNP",5.82081540805155
"STX8P1",5.81924948977371
"FAM157C",5.81907715847322
"ADAMTS6",5.81860443564499
"MRTFB",5.8178725274216
"C2orf49-DT",5.8131752523819
"CAMK2B",5.81138018924177
"MRPS9",5.81102575491486
"LARGE-IT1",5.80641989065794
"LRRIQ4",5.80533651117495
"SCARNA18B",5.8035195322212
"NOL12",5.79989441751438
"SLC30A4",5.79815597674024
"ARFIP1",5.79160677408276
"METAP1",5.79060042211831
"RNA5SP194",5.78640832303168
"CBFA2T2",5.78091914648128
"EOLA1-DT",5.7796915239386
"THA1P",5.77107912154102
"EFCAB13-DT",5.76908085072477
"TRAF3IP2",5.76384107559052
"KIF14",5.75851917690754
"RN7SL1",5.75666555727528
"LANCL2",5.75560711252093
"FAM222A-AS1",5.75134629526257
"CTDP1-DT",5.74489098172556
"SRD5A3-AS1",5.73754864865394
"NIPAL1",5.73569298546559
"RAB11B",5.73299326180691
"PACC1",5.73156067331434
"DHTKD1",5.71070607384558
"CD46",5.70068594091753
"LIG4",5.69883185781382
"BCKDK",5.69549543429239
"SACS",5.69520087158192
"ITGB6",5.68589036888657
"HMGB3",5.68381309711574
"TMED9",5.68317786090477
"PRPS1P2",5.68298493577797
"GFI1B",5.68220172187163
"MT-TY",5.67604087155565
"SLC36A3",5.67598609056962
"NRG1",5.67398996508135
"ARIH2OS",5.67129015326333
"MAP3K8",5.66920399829956
"DUSP22",5.663638382112
"DNAJC15",5.66020345211194
"EIF2S3B",5.65183083349094
"SLC45A2",5.64960742077085
"TMEM35B",5.64710327874921
"ERLIN2",5.64664404117487
"TOR1AIP2",5.64416955924004
"DDX3P2",5.64252059425389
"SLC9B1",5.64123279497616
"TECPR2",5.63884733777024
"CCDC83",5.63763407417156
"TMEM150B",5.63519310625304
"MIR7845",5.6315068736475
"NCSTN",5.63102253811046
"SRSF12",5.62933390384526
"APOOL",5.62674415851566
"RPL3P9",5.61795003652262
"IFRD1",5.61647383105602
"EZR",5.61593072599467
"NSD2",5.60813012103523
"ZNG1A",5.60563298837506
"MRAS",5.60557152609999
"RPS2P1",5.60374175979488
"BICD1",5.60365029770535
"NOX3",5.60291180350758
"GPS2P2",5.60245885918227
"LINCADL",5.60245885918227
"TICAM2-AS1",5.60145825701578
"OR7C1",5.59576703235269
"SEC62",5.58911709605084
"SLC49A4",5.58802738725504
"RPL34P20",5.58385376605422
"RNY4P10",5.58276249506218
"CLCA4-AS1",5.58157531033233
"LINC01275",5.57504296561825
"MCCC1",5.57033651233628
"ANGPTL4",5.56732401243641
"GGT1",5.56689024605637
"RBM23",5.56030711669599
"MICU3",5.5558110428361
"MOCS1",5.55102679028276
"HM13",5.54989011686152
"RAB1A",5.54952061819672
"MTA1",5.5471090410203
"ZSWIM4",5.54527940544889
"LRRC39",5.54206660487957
"SHMT2",5.53942196619853
"GPR160",5.53439057741226
"CDV3",5.53203508871405
"PROSER2-AS1",5.52578315992093
"PAPPA",5.52407542420496
"EIF4A3",5.52003727387681
"NCKAP5L",5.51753984375308
"LMNA",5.51539432298812
"FBXL13",5.51270143198388
"MTG2",5.50823481604892
"RPL7AP82",5.50629896804932
"DTX4",5.50398726242928
"TAMALIN",5.49710883046407
"METTL17",5.48837242578688
"RAB4A",5.48456709213878
"MACROH2A2",5.48385998766688
"RNU6-82P",5.482928314641
"MIR602",5.47228451116271
"TTC3P1",5.47154383362381
"RNA5SP427",5.46386609146288
"FKTN-AS1",5.4606733258112
"PTPN14",5.46022607009061
"ELOCP28",5.45415348492852
"CHD4",5.45103601786081
"ZNF222",5.45049227754539
"CCDC39",5.44723035712634
"RN7SKP16",5.44638828140238
"ZNF763",5.44404389709795
"TATDN2P2",5.43858023066854
"COQ7-DT",5.43506303758817
"ZNF747",5.42722800797352
"CCDC117",5.42408266445146
"FGGY",5.42285604545291
"BIK",5.42194701782939
"ACBD7",5.42138645520205
"RNU6ATAC23P",5.42047911769479
"MIR631",5.4179174578295
"SOS2",5.41543651997911
"CEP78",5.41501546492036
"B3GALT1-AS1",5.41452178663618
"VPS39",5.41146742007188
"F12",5.40934945806128
"ADGRB2",5.40159048725575
"SYNPO2L-AS1",5.40155673591175
"RPS29P16",5.40020262201089
"TMC7",5.40014409622023
"C1orf159",5.39489933566639
"SERPING1",5.39414906470473
"BPNT2",5.38548632548562
"KCNC4-DT",5.38390451708269
"MIR3198-1",5.38281671872456
"RNU6-10P",5.36954446605062
"HOXB8",5.36840426843588
"PDXDC2P-NPIPB14P",5.3642063853018
"CTBS",5.36419721103479
"ZNRF2P1",5.3621543810231
"OR10P1",5.35585203081055
"CREB3",5.34769607618281
"JDP2-AS1",5.34357107242264
"CYB561",5.34315161094776
"ATPSCKMT",5.34280012932608
"TYW1B",5.34209820475976
"MT-RNR2",5.33596284114145
"ASIC3",5.33293712144336
"GOLIM4",5.32177867720253
"AACS",5.31453744922885
"CNDP1",5.31402122614689
"HEPHL1",5.31330143047588
"ZNF766",5.31158900210262
"AGL",5.31031595984268
"STK38L",5.30889430966207
"TMEM221",5.2934581385843
"RNU6-998P",5.28619677892667
"PCMTD1",5.28548842006031
"ARRDC5",5.2830470852789
"STN1",5.28072442534342
"SLC28A3-AS1",5.27537927921225
"RASGRP3",5.26979300580183
"CLIP1-AS1",5.26870773910818
"NMD3",5.26763560826497
"TPST2",5.26691657860723
"RPL21P86",5.26680809113104
"COPB2",5.26455506705209
"TMEM205",5.26423336150688
"RN7SL674P",5.26247040701443
"ZNF814",5.25548622538593
"RUNDC1",5.24624920324232
"CHEK1",5.22513260761423
"DCTN4",5.22197119775115
"EIF4BP5",5.21543695430126
"RB1",5.21360212491466
"ENTPD1-AS1",5.20833355795589
"FAM227B",5.20245228276134
"ATP11B",5.20219244302391
"PLIN3",5.19863286974911
"ECI2-DT",5.19772085106195
"PIGH",5.19676129918929
"LINC02773",5.19546693971887
"SSBP3-AS1",5.19019338140908
"SNORD69",5.18590547008388
"TMEM242-DT",5.18572920974217
"SCG5-AS1",5.18468868099898
"NDST1-AS1",5.18238165363252
"COX6CP14",5.18220422797714
"THAP3",5.18204689699098
"TMED4",5.18113741465372
"MIR4482",5.16983964843747
"B4GAT1",5.16688820633847
"LINC02470",5.16667882164591
"ADORA2A-AS1",5.16468688809614
"RPL22P18",5.16325944394823
"UBQLN1-AS1",5.16259239870664
"ZHX2",5.1523322021158
"CCDC163",5.15200937119409
"DIABLO",5.15143591327364
"LINC01053",5.14648505428584
"SELENOI",5.1449448058838
"ABHD12",5.14118168812283
"GAS2",5.14108168300338
"UGDH",5.13013413789492
"NT5DC3",5.12838989318924
"SETD4",5.12792657177248
"PLA2G15",5.12761256864457
"SNHG14",5.12538726037209
"CARHSP1",5.12506150905733
"TMEM129",5.1247316925867
"HILPDA-AS1",5.12469477810322
"GDF15",5.1230275532684
"PCDHB9",5.1178361957427
"HSALR1",5.11455615773414
"MIR4494",5.11052042966987
"ZNF75A",5.1084613675061
"CYB5R2",5.10484651482953
"SOD2",5.1046279730779
"RNF185-AS1",5.102196393133
"ATOSA",5.09584393632592
"HSP90AA1",5.09263705359332
"STAG3L5P-PVRIG2P-PILRB",5.09026884836252
"SMG1P4",5.09013648126304
"MTA3",5.08807138873117
"SLC4A9",5.08508460851897
"DHRS12",5.08418856550144
"CIDECP2",5.07381253399019
"SPEN-AS1",5.06015296825413
"ZNF791",5.05529182342025
"THSD1",5.0455499798065
"ZNF296",5.03768182914067
"ATXN7L3B",5.03630290167176
"TRIM46",5.03570344792305
"PIGCP1",5.03146938523579
"CYP2D7",5.02920799597549
"RNU6-942P",5.02892709648963
"COL6A1",5.0281374605729
"PPCDC",5.02771488327023
"ECE1",5.0273677757163
"SLC18B1",5.02698149535089
"CDKL3",5.02466954090088
"CIP2A",5.02327212971027
"PELP1",5.02146717209189
"ATP6V1G1P6",5.02122613490721
"RPS15AP29",5.02122613490721
"RIOK1",5.02027944673148
"RCOR3",5.01829841602099
"TVP23B",5.01407601512365
"RND1",5.01234623251473
"HSP90B2P",4.99889433804123
"MT1E",4.99887577136673
"DCAF12",4.99694473707875
"MIA2",4.99658931670785
"KLHL30",4.99496865531054
"RNU6-37P",4.99278757239423
"DLX4",4.9876379943315
"ACBD3-AS1",4.98591542487342
"MYO1E",4.97789729848123
"STRIP1",4.97530403178521
"OPN1SW",4.9736321809055
"RNU6-564P",4.97325871395162
"FOSB",4.97025809082027
"ASCC2",4.96697229749872
"POMC",4.9635223371896
"ADAM9",4.96285599224468
"SMCR8",4.96160891860486
"PPP4R1",4.96052562919518
"ARHGAP12",4.95612668333158
"POFUT1",4.9549624525642
"TPM3P1",4.95470997783822
"TADA2B",4.95444954683019
"MAP4K3-DT",4.95153222179729
"KRTAP5-1",4.9505380263807
"GPSM2",4.94970458370116
"ZNF252P-AS1",4.94928103417822
"NUDT13",4.94719923582814
"NUDCD1",4.94586051493662
"DANCR",4.94329653906029
"NANS",4.93724914979051
"MIR642B",4.9371234609708
"RTN2",4.93620526503804
"MLKL",4.92997895619462
"CCDC14",4.92956273461266
"HSPE1P13",4.92829845498718
"PRKG1",4.92771670318379
"IFT122",4.92460094897419
"FKBP14",4.92061334611129
"GOLGA8A",4.91947930034116
"IGHD",4.91691009679286
"LYPLAL1",4.91610749253832
"POLL",4.91106777030615
"LTK",4.91001809703129
"SLC39A13",4.902187744812
"RAB6B",4.89949256099986
"NYAP2",4.89736741866497
"CHN2",4.88965995299829
"SPINT2",4.88845622834323
"TIMMDC1-DT",4.88748161595628
"SYT9-AS1",4.87715127731278
"YWHAE",4.87459812449272
"COG7",4.87259034292154
"PKMYT1",4.87178867345953
"TMCO4",4.87071613581884
"NRP1",4.87046469682073
"BPNT1",4.87019686927835
"MKNK2",4.8664505528639
"RNU1-73P",4.86452272518775
"IMPA1",4.85847108247706
"EIF4A1P9",4.85675217719114
"ATF6",4.85225107233844
"BCAN-AS1",4.85156592097767
"FALEC",4.84675397560469
"LINC01320",4.84069315195641
"ZBTB7B",4.83907190267401
"POLR1G",4.83843717365832
"PCCB",4.83812584554587
"POC1B-GALNT4",4.83785322331519
"NSMF",4.83652151916528
"TRIM27",4.82759220754193
"ZNF248-AS1",4.82675573764667
"POTEF",4.826571082494
"NUDT15",4.8231274598737
"LINC00938",4.82161037933667
"TMEM276",4.8201633731727
"LINC00592",4.81715111971473
"RPS16P5",4.81606105668977
"HCG14",4.8147965507035
"OXCT2",4.81039608284486
"IL19",4.80987042663125
"BRSK1",4.80544407054107
"TANGO6",4.8037099433922
"ZFP1",4.80349074939809
"SERP1",4.79435315138071
"STARD7",4.783598142765
"IDUA",4.78277661660842
"CRCP",4.7746347492589
"RAB2B",4.77349741281361
"ETV5",4.77144925064501
"ETFDH",4.7701147863389
"IRF8",4.76664113546542
"TNRC6A",4.76578782962341
"CUL4A",4.76137902965392
"HCG15",4.75481249517533
"IGLC4",4.75120438881134
"LINC00570",4.75066985972912
"PAK4",4.75047110337403
"LINC02241",4.74465751522292
"DNAJB11",4.74345756825137
"NUDT9P1",4.74297104786814
"ANKFN1",4.74283783029165
"ZNF710",4.74213814523592
"ZRANB2",4.74170149841958
"LINC01829",4.73383423678708
"FAM222A",4.7321531394906
"TMEM14EP",4.72940506009567
"KLC2-AS1",4.72657336479361
"MIR4526",4.72428388215346
"RAB24",4.72051593285101
"PPIC-AS1",4.71915796006518
"EFCAB13",4.71364814078558
"PRKCI",4.70480323292796
"CD40",4.69964643548126
"PICALM",4.69678140823856
"KLHL35",4.69456660926587
"SPATA1",4.69201290771015
"DCTN1",4.68852022059097
"A4GALT",4.68827765727686
"TTPAL",4.68467522695448
"RPL10P18",4.68143629126504
"MVK",4.68041275424903
"ACADSB",4.67915829564436
"MIR7106",4.67834908503394
"BCL2L1",4.67576344553369
"TXLNA",4.67473808231723
"RBPMS-AS1",4.67344068469197
"WDR35",4.67339597280803
"RCN1",4.67265277696333
"SEC13",4.66360682636758
"TRIO",4.66210087927281
"RMC1",4.66021472161645
"C6orf62",4.65878299117811
"NAT9",4.65365746080872
"SNORA70E",4.65352636118857
"RAB5A",4.64968312620624
"SELENOO",4.64665826330691
"IGHD2-2",4.64254823771652
"MTERF3",4.64252923607654
"LINC02580",4.64242610323469
"AUH",4.63641414747348
"HOXC4",4.63621240453399
"TIMM44",4.63449474075131
"FAF1",4.6320888011544
"CANX",4.6310232902471
"ASAH2",4.63033227722776
"PNPLA4",4.62607231873002
"SNRPGP18",4.62599078793405
"IMPDH2",4.62595488125218
"IQGAP3",4.6244978831488
"RNU6-1337P",4.62300067382673
"LINC02916",4.62099924022262
"SLC10A1",4.61494045832907
"MAP2K3",4.61476875869857
"SOX4",4.61472809757259
"HLCS-AS1",4.6116881423803
"ABHD1",4.61146639450347
"G6PD",4.6091339319647
"PRELID3BP11",4.60485031613047
"ZSCAN30",4.60425751564498
"BMS1P20",4.60232297467709
"LIN54",4.60105937459901
"SND1",4.59612813004847
"JSRP1",4.59574472712092
"TMEM33",4.59379962528144
"TMEM263",4.59189437002727
"RN7SL200P",4.5875263518445
"DENND6B",4.57725224613832
"LHX4",4.57329350880204
"SERPINB9",4.57086957902902
"ARHGAP11B-DT",4.56325626377381
"DOK4",4.56295929787747
"ZNF316",4.55525803638663
"TMEM263-DT",4.55138062058785
"ZFHX3-AS1",4.5489725323456
"ABALON",4.54866074837912
"RNU6-1111P",4.54645397019317
"MAFG",4.53934840463552
"SOX30",4.5391469947937
"LILRB1-AS1",4.53016995203848
"C5orf22",4.52503976626004
"MISP3",4.52441133777168
"SLC26A1",4.52425374690003
"DARS2",4.52397700021458
"ZNF254",4.5214675579338
"RNF25",4.52049894239337
"PJA2",4.5179961532513
"STAMBPL1",4.51676279994827
"AHNAK",4.51337213488445
"FMR1",4.5029151384385
"RPS4XP14",4.50062249574885
"FAM88C",4.49973341524713
"RPS27P6",4.49891237971982
"HSPD1P5",4.49739771144588
"IGHV3-42",4.49320264306047
"ATP2C2-AS1",4.49066173819997
"SRP68",4.48873020703095
"MARCKSL1P2",4.48522339472346
"NIPAL2",4.48419994305416
"PIGM",4.47713406317237
"DNAI7",4.47115604080355
"RN7SL199P",4.46700564602478
"ANGPT1",4.46671070315775
"PDCD6",4.4591580335849
"DNAJC1",4.45839233949155
"ZNF587",4.45321004318048
"PALM2AKAP2",4.45271292690803
"NUMB",4.45147640838932
"SNAP47-AS1",4.44629582155186
"SAMD12",4.43895661349671
"RNU4-2",4.43260498026682
"RNU6-1057P",4.43091294167797
"LINC01318",4.4275151749222
"PFKFB1",4.4275151749222
"USH2A",4.42702480226491
"FBXO32",4.42674990992719
"IGLVI-63",4.42593403799655
"RNU6-390P",4.42545089280768
"SRP72P2",4.42455026600102
"ABHD11",4.42444870031734
"PCP2",4.42382343672088
"THRIL",4.42164029058023
"PROCA1",4.41948381049324
"SAR1A",4.41774956894321
"FAM136A",4.41653279131719
"SSTR3",4.41391866338875
"RNU6-936P",4.40774416778799
"CHCHD10",4.40604611133373
"MAFA",4.40135536701773
"HYOU1",4.40021121649752
"PMFBP1",4.39951101664252
"SP2",4.39676784439276
"LINC00528",4.39519811764053
"PARP6",4.38947790505443
"SNX12",4.38308035657071
"MDM4",4.38017520682585
"TUBB4A",4.38000182449332
"DCAF1",4.37699095170423
"OCLN",4.37606898829388
"ZG16",4.37194420455948
"DUSP5",4.36874565450738
"ADAP2",4.3659534673336
"TFG",4.36396397479762
"DERL1",4.36073813597149
"NRIP3",4.35817348329222
"PPIC",4.3562007517849
"LMAN2",4.35559972312825
"ACTBP8",4.35531653001885
"S100G",4.35278414365873
"LINC02716",4.34628833255378
"HIP1R",4.34540756799536
"HERC5",4.33425866123697
"PDIK1L",4.33306360383787
"NME4",4.33095299056747
"MROH1",4.32988862244092
"WDR33",4.32304841627625
"LINC00174",4.32290395129391
"MUC12-AS1",4.31798866587367
"EPRS1",4.31375841858588
"CDPF1",4.3121200366644
"TTC27",4.30917613913401
"NFKBIE",4.30811423904723
"CMKLR1",4.30536109577288
"ZNF432",4.30495536486105
"RNU7-56P",4.30455355138661
"HDAC5",4.30183210055305
"ADAM20",4.30103849296231
"ZNF583",4.29955856412705
"MARCHF8",4.28840630481323
"TBXAS1",4.27768710850713
"FBXL19",4.27681815613039
"CYGB",4.27526836774886
"NFIB",4.27413516447592
"DNAJC10",4.27407702506373
"SNAI1",4.26744754823453
"MYOCOS",4.26342988493003
"CLVS1",4.26205369796081
"DPAGT1",4.26063386490362
"SLC35B1",4.25863220699617
"RGS2",4.25416124139397
"IGLV2-34",4.25249216728395
"TECR",4.24990266966556
"DDIT4L-AS1",4.24371999333759
"RN7SL174P",4.24330583662769
"TP53I13",4.24201895141096
"PMAIP1",4.24095801091225
"LINC01498",4.24057791140545
"ANKRD6",4.23820686087322
"HEXIM2",4.23418220202258
"RN7SL589P",4.22467722790798
"MIR1972-2",4.22194291590545
"SERF1B",4.22011905639731
"ZNF430",4.21894383486693
"RILP",4.21807614372375
"P3H4",4.2141963404075
"CTCF-DT",4.21407245223945
"ZNF616",4.21053682826649
"KLF2-DT",4.20934080150527
"RBKS",4.20556384443682
"MCTS2",4.20553559548606
"ARHGAP26-AS1",4.19916606411995
"DDB1",4.1953786389495
"ACSBG2",4.19456560535028
"IGKV1D-37",4.19142860028339
"MORC2-AS1",4.18898202535062
"USP18",4.18803831393924
"RHOQ",4.18452599883835
"H3P36",4.17975342113272
"TMEM271",4.17916708670948
"VPS51",4.17767042981182
"EMP1",4.17471720588352
"MICALL2",4.17463457946817
"BET1L",4.17005089814496
"PSME3",4.16998230544945
"EGFL7",4.16293865191703
"ZNF90",4.16141602535929
"CLTC",4.16074659357949
"LACTB",4.15821525963647
"SRBD1",4.15304900269816
"BBS9",4.14710855714003
"NCAM1",4.14490082078172
"TBC1D8",4.13400205459625
"LINC00891",4.12413526274849
"ZNF576",4.11817873324114
"LRRC2",4.1165278764858
"OMD",4.1113322545782
"SLC35B3",4.10706221477995
"RRN3",4.10252715270429
"TRAJ34",4.10183559104636
"MYL12BP2",4.09475397207482
"TARS1-DT",4.09465179710416
"CD63",4.09432379559039
"PCGF3",4.09128189773581
"ASB7",4.08789748942474
"LINC02574",4.08770415384221
"IMMP1LP3",4.08174133475678
"ETAA1",4.07763944781472
"USP11",4.06825976652184
"RNU6-1316P",4.06158727968515
"C2",4.06040043267959
"THAP12",4.05971144878205
"SPINK4",4.05818643900978
"CCNT2",4.05644670914244
"RPL3P6",4.05638069111108
"AFTPH-DT",4.05519175295565
"MAP3K9",4.05391248756946
"DHX33",4.0520619480331
"LINC01802",4.04772505662363
"PARD6B",4.04708211813301
"KLF2",4.04566505793058
"CSNK2A1",4.03807472217051
"EML2-AS1",4.03805913738986
"ZMYM6",4.03804943646925
"LGMN",4.03157210083836
"SLC45A4-AS1",4.02726303031473
"ALG10B",4.01953131565219
"TMEM108",4.01494701244599
"IGHV3-29",4.01383217105379
"IGHV3-30-2",4.013306187566
"LINC01967",4.00924121525712
"GOLPH3L",4.00915222161711
"TOP3B",4.00807257129053
"ZNF10",4.00216677574591
"UVRAG",3.99958064558657
"CARD14",3.99837292181662
"OR2D2",3.9969281012586
"CTC1",3.995679716394
"ZW10",3.99464386282592
"WDR17",3.99341751635751
"DDX1",3.99310275976626
"REM2",3.99050056425734
"MTMR3",3.99006294140571
"RNU4-40P",3.98870551091909
"CCDC3",3.98435909227085
"TAOK3",3.98331340012123
"IFT70A",3.98145534768758
"GMDS",3.97820790610335
"TMEM147-AS1",3.97412889323574
"IGKV1-32",3.97410245835964
"YBX3",3.97090915000575
"ACOX3",3.97075173168441
"GLRX",3.96739961790897
"SRXN1",3.96070364932653
"RIOK2",3.95669723523221
"GULP1",3.95523023303518
"ZNF526",3.95222577676613
"RAD17",3.94961760729969
"BRCA1",3.93197979897528
"KIAA0040",3.92620204251514
"PTPN1",3.92037706161935
"BCL10-AS1",3.9162214227757
"GJA1",3.91263746337201
"LONRF3",3.91231747317003
"CLOCK",3.91038131524678
"TICAM1",3.90752408361041
"RINT1",3.90431027877787
"EIF4E",3.9039091691302
"DEF8",3.90235079387174
"KANK2",3.90079551008456
"PJA1",3.89912445576344
"RIMOC1",3.89776148857751
"ANKRD20A11P",3.89773150407283
"VGLL4",3.89693325235359
"RTEL1",3.88777560161618
"SCYL2",3.88650389200184
"FADS1",3.88523862636176
"ANAPC5",3.88506659015275
"HCK",3.88261172731998
"TXNDC15",3.87959083593188
"BMP2K",3.87668830140499
"MIR3155A",3.87468260070892
"TRPC4AP",3.87370368965362
"UBN2",3.87286255265789
"LSS",3.86926875819463
"LINC02915",3.86690286342987
"TBC1D23",3.86418185489794
"MEI1",3.86417749374593
"BEX5",3.86339249336003
"KLHL6-AS1",3.86206139256482
"STIMATE",3.86203527219352
"KCNMB3",3.86129389707315
"MTFR1",3.86108874015752
"MGP",3.86065955136333
"CPSF4",3.85845233042591
"PRDX5",3.85784900756128
"LINC01730",3.85231757783759
"ITPRIPL2",3.84416489616619
"HULC",3.84399055870194
"CNGA1",3.84356930899955
"DPP7",3.83143155470872
"UBAP1L",3.83081110408603
"XPO7",3.82477586254887
"MSRA",3.82225354254463
"MANEA-DT",3.82008363184027
"ITGA3",3.81996625303877
"TAF4B",3.81832012994006
"STX11",3.80595010138802
"PGAM5",3.80418509976248
"C2orf74-AS1",3.80359834264456
"SOD1P3",3.8024194730883
"ADI1",3.80141124276323
"RNVU1-15",3.79953431098205
"SAXO4",3.79660296482269
"ZFP91P1",3.79044851658173
"SEC31A",3.78743694709028
"AFG2B",3.78462869014295
"LIAS",3.78325684160464
"MXD1",3.78312152186742
"DCLRE1A",3.78296584462994
"NXF1",3.781865784051
"SKIL",3.77890084679569
"MTG1",3.77877856709671
"APOLD1",3.77345137747578
"LINC01138",3.77213155993345
"CEP97",3.77052214427655
"IL10RA",3.76824258352557
"HERC4",3.76495429358403
"DNAJC13",3.76465150186625
"CNEP1R1",3.76441931528211
"LINC00921",3.75963070846784
"MAFG-AS1",3.75938141504542
"PLK2",3.75916982311908
"ACY3",3.75892890390735
"OR2T1",3.75861930353368
"RBBP4",3.7556799893023
"MFSD3",3.75510945535728
"TRAK1",3.74301306050291
"CLK4",3.7429554945431
"RNU5A-1",3.73961740951718
"RFNG",3.73574128862432
"LINC02863",3.73536547668237
"FARP1-AS1",3.73485423785678
"ELL2P1",3.73198439358676
"ZC3H12C",3.73190928877846
"MED14OS",3.73012737776919
"PRKAR2A-AS1",3.72513072474791
"ACBD3",3.72356821412832
"PPM1A",3.72183075920288
"GRIN2D",3.71992654594086
"SYNM-AS1",3.71869995675811
"RSKR",3.71835682121604
"ZC2HC1C",3.71775657293705
"INTS4",3.71404688297678
"COX5BP6",3.71311621401406
"TPRG1L",3.71274642875797
"PPP3CC",3.71085109205245
"MCEE",3.70652096144509
"LINC01409",3.70506062602445
"PYCR3",3.7046978819208
"NUP98",3.70135426637264
"BCDIN3D-AS1",3.70119915725982
"EFTUD2",3.70063600033757
"TMEM182",3.70020318782358
"DNASE1",3.6977606611036
"CINP",3.69631473487435
"TEX22",3.69418541113016
"UBE2F",3.69123916818265
"ZSCAN16-AS1",3.69101671730135
"HSPA5P1",3.68896843437631
"SLC9A3",3.68620495395546
"TMEM100",3.68606128125694
"PTGS1",3.68434094043501
"NR2F1-AS1",3.6815731394258
"RENBP",3.67989710702186
"TYRO3P",3.67804542311547
"PCBP4",3.67663080601763
"AK7",3.67473307710173
"ACAD9-DT",3.67320385645495
"SOHLH2",3.66993109672516
"GDPD4",3.66733549897697
"RAPGEF1",3.66618125074845
"MCM2",3.66226981812945
"NAXD-AS1",3.66202406025849
"COX6CP13",3.66191118128682
"RAD54L2",3.66108545665573
"BBS2",3.65528160676623
"RSAD1",3.65233017047194
"ZNF165",3.65014871247797
"STARD4-AS1",3.64499557205759
"DRG2",3.64483523103717
"UBE4B",3.64237319340745
"LIN52",3.64053483855734
"SMAP2",3.63991964242157
"MIR1202",3.6387532574752
"KCNK6",3.63857430332345
"HSPA8P1",3.63782321225622
"TMEM147",3.63309629109296
"RBM22P2",3.63112327334215
"SEC24C",3.630960065603
"CBX8",3.62670089634384
"SYNGAP1",3.62667544611594
"RPL39P26",3.62560086921781
"MRPS15P1",3.62348049647455
"MAP2K5-DT",3.62138810601941
"TGFB3-AS1",3.62125113284164
"RFESD",3.61618914749272
"DCTPP1",3.61381952368002
"CRK",3.61294268152301
"NUDT17",3.60622259734169
"ITCH",3.60580136857595
"SRSF3",3.60232610041258
"LIMASI",3.6003289364954
"TIMM23B",3.59861098200173
"RPL17P36",3.59769185408042
"RNF121",3.59738503946454
"SIAH2-AS1",3.59519402004853
"C3",3.59126961384123
"BCLAF1P2",3.58208137387594
"RCAN1",3.57966347908856
"SYTL4",3.57784968723374
"SIMC1P1",3.57763519145483
"CAB39",3.57668266065935
"B3GLCT",3.5764011533952
"H3C10",3.57394740536961
"F11R",3.57233749944453
"ARL16",3.57192849771503
"CREBZF",3.57135819300918
"ZC3HAV1L",3.5675654676752
"CARS1",3.56025877397128
"HTR1DP1",3.55902120319156
"IFNAR2",3.55699610999024
"RNU6-122P",3.55461509930361
"TTC13",3.54907117609992
"RNASEH1-DT",3.54861495359961
"S1PR5",3.5448536831485
"PLEKHM1",3.5390182036504
"MTO1",3.53683015220309
"CPLANE1",3.5340698924877
"MDM1",3.53134440999935
"SCFD1",3.52927288102786
"HPS5",3.52333250198787
"USP3-AS1",3.52272214879457
"PPP4R2P6",3.50491522694078
"STUB1-DT",3.50124850594855
"RPL23",3.50026474889568
"TXNRD1",3.49899313051169
"LOXL2",3.49892578263172
"DAP",3.49799367569896
"PLEKHG4B",3.49763900129223
"NOL9",3.49536870440808
"TIGD4",3.49524994207128
"CAPN5",3.49519070357277
"DNLZ",3.49498438019762
"GTF3C2-AS1",3.48865206784282
"UBA5",3.48758560817866
"LINC01266",3.48566915142312
"KLHL5",3.48381099012502
"CIMAP3",3.48365891632108
"NBN",3.47932984542388
"ARMC1",3.47278598974272
"BCL2",3.47223792274051
"RN7SL775P",3.4654134424628
"TMEM39A",3.46417861978213
"RNU1-101P",3.4612130652584
"FOXN3",3.46051768708645
"ALG12",3.45989559140164
"CMTM3",3.4598527606298
"DPH2",3.45862945930204
"RN7SL648P",3.44872930148362
"RAB19",3.4427721071338
"FHIT",3.43990374799197
"DERL2",3.43807565209535
"PKD1L1-AS1",3.43200355381451
"C16orf54",3.42964095962335
"DLG5",3.42923469273314
"MBD6",3.4291461250303
"TWF1P1",3.42712857602468
"RN7SL230P",3.42531641846449
"ABHD8",3.42394697172555
"PPOX",3.42095792156327
"AK4P1",3.417716449528
"FUOM",3.41723059855255
"PNPLA2",3.41451036023759
"ARPC4",3.41313242664895
"SLC26A2",3.40989225397057
"COPE",3.40798588356957
"RNF170",3.40332771692877
"CDHR5",3.4010183109167
"PMM2",3.40087098244233
"OR7G2",3.39926018805474
"MAP3K13",3.39663880814016
"GOSR2-DT",3.38754388995829
"IGHV1OR16-3",3.38709458727605
"NTM",3.38321641130538
"SYNGR1",3.38269565182063
"FEM1B",3.3822799263764
"TNNC2",3.37117292645201
"MFAP3",3.37028635441628
"VCL",3.36695483901115
"SIRT3",3.36407227153768
"ZSCAN1",3.3634048316357
"GALNT4",3.36208673002483
"PXYLP1",3.3554055713758
"ZNF431",3.35468064849056
"LBX2",3.34569665200616
"PIM1",3.34517043363104
"ANKRD54",3.34239919872593
"ZNF574",3.34201197628008
"PPIAP78",3.33991452086792
"LINC03072",3.33921378014732
"ZNF721",3.33867966611024
"LIPT1",3.33818812514242
"TSC22D3",3.33784479339813
"OGFRL1",3.33303143359274
"PLOD2",3.32937832334146
"UGCG",3.32826075339489
"ABCA1",3.32709033107773
"TUBA3D",3.32671439544808
"TIPARP-AS1",3.32498107777889
"BRWD3",3.32391598841367
"MTOR-AS1",3.31833524297329
"ANKRD61",3.31833524297329
"ZNF628-DT",3.31833524297329
"DNAAF5",3.31668028361843
"USP3",3.31597958279599
"MRPL55",3.3153195722951
"RNU6-824P",3.31362143405384
"DNASE2",3.31185628520834
"CERS2",3.30973530529771
"FAM171A1",3.3046665903204
"ELK1",3.301687375209
"ACYP2",3.30087073504528
"NDEL1",3.29921774428343
"CERKL",3.29866752035216
"HEXIM1",3.29855189890609
"TRGV5",3.29804823990131
"COG6",3.29279118627162
"PIK3CD-AS2",3.29277842795779
"TMBIM6",3.2900560327068
"ZNF415P1",3.28896922451721
"AGTPBP1",3.28611567529123
"CEBPZ",3.2817583564078
"CTSZ",3.28101907792717
"PPP1R15B",3.27799485976379
"RNU1-2",3.2746172785925
"LIMK1",3.27404811848131
"ENKD1",3.27344752878416
"AMN",3.25740786258786
"ZNF621",3.25499556333621
"SPTY2D1",3.25466272807741
"LINC00954",3.25026587866894
"WWOX",3.24886281417865
"H2AX",3.24872161285148
"PAQR3",3.24809427568349
"ISG20L2",3.24407902021785
"PYGL",3.2414374433752
"TNNI2",3.23903281205103
"RPUSD1",3.23355274685911
"MTF1",3.2318084180609
"CPQ",3.23155346087675
"MXRA8",3.22942892906025
"MEPCE",3.2287441063482
"CFAP90",3.22484831915722
"REELD1",3.22472651683178
"SETP14",3.22415062578685
"WBP1",3.22244293461701
"ECT2L",3.22045776524652
"HSP90AB1",3.21620533092498
"KLF4P1",3.21575493831583
"ZNF571-AS1",3.21162280118627
"SNORA70F",3.21145367471535
"DNAH8",3.2113908833701
"STRBP",3.20481548154259
"HEXB",3.20299242307489
"DMRTA2",3.19934818320055
"H2BC21",3.19216303915289
"TMEM154",3.19008403828453
"TOM1L2",3.18903073492448
"NOS3",3.18858174876553
"SRRT",3.18729866728969
"FSTL3",3.18708487237392
"IRF7",3.17940825890014
"NT5C3B",3.17860872128399
"ITPRIP",3.17441004510164
"TNFRSF10A-DT",3.1710124798255
"CDAN1",3.16862410769503
"ISOC1",3.16105988865915
"RABL2A",3.16040913493509
"OXA1L-DT",3.159774728973
"HNRNPCP4",3.15604635478835
"UBE2H-DT",3.1556053765796
"IGHD1-26",3.14892362230326
"RELT",3.14697338495191
"PGBD1",3.1464794861886
"RAB8A",3.14446817875231
"EMC1-AS1",3.14384941675032
"GPR4",3.14176147110833
"MIR3150BHG",3.14021429255074
"CCNB1",3.13846735297672
"CACNB4",3.13323558002562
"EEF1A1P19",3.13181664698374
"FLVCR1",3.13042249156724
"LIMS1-AS1",3.1276459921578
"B4GALT1-AS1",3.12749536290027
"SLC6A13",3.12694367141323
"SPARC",3.12388774843814
"EXOSC4",3.12255447983312
"DHX37",3.12139304783875
"AGAP9",3.11767304710583
"ATP13A3",3.11687652572043
"CDK13-DT",3.11381331221871
"FMNL1-DT",3.10988898656753
"SLC6A8",3.10393102976699
"CD68",3.10317445088033
"CACNA1H",3.10245986409919
"MEF2B",3.1017264733975
"CTBP1-AS",3.09755662046339
"GPR107",3.0956513346674
"SLC29A3",3.09399193650598
"NANOS3",3.08967993867552
"COL5A2",3.08909698983455
"PHKB",3.08868363423528
"TM9SF4",3.08318044233611
"TMEM132A",3.08105276024812
"LINC02901",3.08026273765697
"POLK",3.07945198897494
"TLCD3A",3.07770649129946
"PTPRK",3.07446536813287
"DNAJB12",3.07016126385732
"MORC2",3.06928684884565
"RN7SL23P",3.06678658014944
"RAB9A",3.06672801125477
"AGAP14P",3.06469885084382
"TPCN2",3.06229675903375
"RHOH",3.06175258322154
"POC1B-AS1",3.0594388303604
"SFN",3.05925132180615
"CHEK2",3.05537478791546
"GNPAT",3.05513151083445
"TRAPPC11",3.05392044838896
"BMF",3.05373112699161
"EDEM3",3.05050358290941
"NUP133",3.0475992252381
"UCP3",3.04702619517934
"KIFC1",3.04603411435671
"BICD1-AS1",3.04553428890781
"LINC01291",3.04363966915186
"CELF3",3.04154266856719
"PDCL2P2",3.03769944823606
"CDK20",3.03743595795577
"SNX29",3.03705285846318
"ZFYVE1",3.03365540016138
"MSL3",3.03313179846174
"FABP5P15",3.03248442767456
"ZSCAN22",3.03107248186187
"CD63-AS1",3.02937630251961
"CCDC125",3.02791553833719
"SSR2",3.02727958504683
"CCNJ",3.0236681886757
"ANKRD36",3.02304977440356
"CYBC1",3.02070323449557
"LDHAP2",3.01661669691809
"NKAIN1",3.01325682996878
"AHCTF1",3.00908522798333
"PGRMC2",3.00732431654719
"GPAA1",3.00236963160678
"SEPTIN4-AS1",3.00006548713152
"FAM76B",2.99941458785226
"LINC00472",2.99913650531899
"SDCBP2-AS1",2.99589418063043
"CDC37P2",2.99576245731896
"METTL14-DT",2.99377162924422
"DDX5",2.99362780739524
"NHLRC3",2.99103497607643
"DUSP14",2.98878401966184
"MRPS22",2.98733037297075
"LINC00161",2.98644693924699
"P4HA1",2.98617898976355
"ACOX1",2.98561487554568
"DHX32",2.98459103495577
"SAMD11P1",2.98341063835741
"ALG10",2.97746031874574
"SFRP2",2.9755206610465
"PABPC1L",2.97472587752696
"CDKAL1",2.97466559053854
"CNTLN",2.97425047648972
"LINC02840",2.97209314111238
"AP1S3",2.9718884341762
"MRPL40",2.97088400621091
"HMGCS1",2.97027733678647
"TIMD4",2.96916411202941
"LINC03009",2.96880849984349
"GNL3L",2.96540617629598
"SHROOM3",2.96467331491461
"LAPTM4A",2.95932062475843
"SMARCA2-AS1",2.95737594204137
"LTBR",2.95652085239005
"NMT1",2.95039210429141
"RPL7L1P14",2.94908028185701
"FAIM",2.94728601002969
"IRAK1BP1",2.9432730569458
"CHRM4",2.93849968962534
"RIPK2",2.93593897563291
"AK5",2.92914447002422
"GRIA2",2.92737316603288
"MOGS",2.92518361410126
"ETV2",2.92484412617395
"ZYG11B",2.91933119426328
"PLK5",2.91750745815609
"PROS1",2.91616648911163
"TRABD-AS1",2.91457453235366
"PCGF5",2.91182499991986
"CCDC159",2.90647801160218
"FZD5",2.90382699912603
"FAM168A",2.89980331906049
"IRAK3",2.89606720980857
"MIR6747",2.89409156481158
"LINC00113",2.89298152694334
"PAQR7",2.89221756975316
"MPND",2.89076605482183
"NOC2L",2.88961124084902
"ZNF682",2.88810761689822
"NT5C3A",2.88781146476446
"RHBDL3",2.88595963260943
"ABCC4",2.88579674058344
"MIR98",2.88468674478105
"JMJD4",2.88432316369031
"WEE1",2.88242343480085
"TEAD1",2.88221756545722
"SYCE1",2.88109818193538
"MAJIN",2.87894687408641
"EIF2S3",2.87835251274875
"ANKRD44-IT1",2.87774487527934
"PPP1R13B",2.87703747403331
"PTRH2",2.87688889593829
"AP3D1",2.87663407995194
"NENF",2.87510593203839
"RAB3C",2.87348263209031
"USP46",2.8729097556843
"ZNF2",2.87183252036138
"ZNF780A",2.87045490496773
"FKBP14-AS1",2.86635429516213
"PRKAR1A",2.86629380101502
"ZFX-AS1",2.86521467574103
"CEP85",2.86387509282381
"SPCS2P4",2.86181330154409
"SPRYD4",2.85903724391693
"EFCAB12",2.85885276773393
"RNU6-722P",2.85813388642094
"AHCY",2.85598241919274
"PIM3",2.85594281507494
"ZNF565",2.85147479675853
"ZNF706",2.85036316681214
"MUC20",2.84814655764378
"MIR3155B",2.84509955652845
"ZNF264",2.84360407773778
"DENND6A",2.84150428410069
"RPS2P17",2.84010612110862
"EIF3A",2.83778724694048
"RPRD2",2.83647569475538
"TRABD",2.83626856264024
"HMGXB3",2.83431659384596
"TRMT13",2.83329722641372
"USP45",2.83173627928391
"EIF2D",2.82845524472773
"SNORA31",2.8268917962593
"ZWILCH",2.82359493957184
"FBXL3",2.8222533291999
"ZNHIT1",2.82130694219332
"TNFSF13",2.81599253601994
"SLC29A1",2.81543497981994
"PDE8A",2.81454707071553
"INTS2",2.81386375062989
"CAPN12",2.81052781988097
"KCTD5",2.80791106367963
"EIF1P7",2.80636278424748
"MRS2",2.80615178488213
"ZNF322",2.80525888227302
"NIN",2.80107550707792
"DLL3",2.79996658199882
"ATP2A3",2.79670531828011
"RPS3P7",2.79663749038154
"RNU6-206P",2.79622714657507
"CLN6",2.79398663700388
"SLC35A2",2.79241021703201
"LARP1",2.79180598428335
"OAS2",2.7886975951704
"LINS1",2.7875850902635
"RBMXL2",2.784270404229
"TRIM80P",2.78419025844633
"TMEM50B",2.77658412881739
"DIO1",2.77638268818155
"DRC1",2.77395688337887
"LRFN1",2.7723008431583
"ABCD2",2.77223284589444
"ZBTB22",2.7722203825612
"ZFP64",2.77097949008391
"MAGT1",2.76940952809372
"NOCT",2.76935612274805
"SNORA74D",2.76934032996092
"HMCN1",2.76802181492545
"SNORA3B",2.76629847798242
"RREB1",2.76539941733696
"ZNF585A",2.76488809796557
"PPP1CB",2.76463014104794
"CRAT",2.76425661377803
"ANKRD17-DT",2.76335319062837
"PPP1R10",2.76183507839847
"MAP3K4-AS1",2.76075617184512
"RNU6-1327P",2.76057100083713
"VCP",2.76017351389684
"GNL2",2.75957561552168
"TMEM31",2.75803357449303
"USP5",2.75634232420504
"MCM8-AS1",2.7550657459165
"LMNTD2-AS1",2.75096828943438
"RNU6ATAC29P",2.74978462279442
"SRSF1",2.748894728728
"SRP72",2.74869134865703
"DHFR2",2.74544245333219
"PAQR9-AS1",2.74296220404908
"ASPHD2",2.74064724043185
"NPRL2",2.73880904043273
"IMPDH1P8",2.73656362887142
"LCN15",2.73538299716453
"RPS3AP27",2.73436569227837
"FIRRM",2.7322579465001
"ENPP2",2.72740611662335
"CHKA",2.72498075801968
"UMAD1",2.72393404811759
"CALCOCO1",2.7235328091594
"TRAJ55",2.72212992765638
"PAN3-AS1",2.71494703668805
"EBLN3P",2.71415398229541
"FAM66D",2.71043648792755
"LSMEM1",2.70498470362289
"CDK5RAP3",2.70418808686873
"RN7SL337P",2.70390056597138
"TEFM",2.70310866626395
"MS4A14",2.70036923967049
"ALDH5A1",2.69773491953437
"AZI2",2.69742932989216
"CSRNP2",2.69729150831935
"ANKRD30B",2.69670684765394
"DIDO1",2.69622747325233
"JAZF1-AS1",2.69552297568143
"RAD1",2.69519866130244
"EIF2S2P4",2.69486585164382
"ETDC",2.69302870210565
"PPIAP11",2.69216903873277
"MIDN",2.6910959723888
"GINM1",2.69091934101918
"PRPF19-DT",2.69069576043445
"NAGS",2.69010769990713
"SERPINB9P1",2.68816280643403
"NRIP1",2.68790586096449
"GPS2P1",2.68703873428541
"PMCH",2.68155782862058
"HECA",2.67907227142607
"HSD17B1",2.67659310219354
"RANBP10",2.67452457432399
"RHOQP1",2.67336878125766
"PURB",2.67175007336253
"MAP1B",2.67016625653858
"FER",2.66659689950426
"HMGN2P20",2.66485220820696
"LINC01126",2.66192402729835
"ERAP2",2.65899074415417
"KANSL1L",2.65822834466412
"ERAL1",2.6554834430245
"KIF7",2.6541083402843
"LINC00494",2.65408354223154
"EHD2",2.65253725614375
"TMEM107",2.6512560559161
"AKR1A1",2.64892296946241
"CHP1",2.64865963196424
"FBXL5",2.6478136931007
"TMED5",2.64653915907325
"FBXO22",2.64389190961379
"PRR15-DT",2.64386206666631
"TMEM186",2.64327843054196
"ZNF771",2.64205201885214
"RPS3AP20",2.6407102849698
"LINC02205",2.63988093360225
"ERGIC1",2.63658863833001
"SKAP2",2.63480395203397
"NEDD9",2.6342342147318
"PEX7",2.63367388468827
"FAM88F",2.63351580155963
"RN7SL141P",2.63312758938233
"PCK2",2.63288719228572
"FAR2",2.6248436748034
"GOLGA8UP",2.62138255939983
"POLG-DT",2.62037485561631
"ZNF827",2.6193521912725
"RN7SL306P",2.61703140893119
"WDR6",2.61673135696167
"PCHILR",2.61615712990132
"KBTBD3",2.61399715820021
"TENM3",2.6131742788183
"GRID2IP",2.6096813827993
"LPP-AS2",2.60111546080297
"NAPEPLD",2.60014492530903
"ATN1",2.59983730374235
"IL7",2.59736036910235
"ITPR2",2.59646264078884
"ABCF2",2.59501775981319
"ZFTRAF1",2.59091618068228
"HCAR2",2.58839932344242
"FREM3",2.58641378824919
"FAAH2",2.58633678445469
"TMEM14C",2.58575218768466
"IRF2",2.58136531810906
"PCYOX1L",2.58114425359271
"ZNF821",2.58025630683349
"CENPN-AS1",2.57915073670281
"PITX1",2.57746429760721
"LINC02922",2.57731854506146
"NSMCE2",2.57282460211331
"KLF6",2.57214518276307
"GOSR2",2.57000797618017
"NUPR2",2.56871817353268
"MUC6",2.56793252968423
"TMEM88",2.56770693076447
"LRRC19",2.56551143052075
"TSC22D1",2.56351129066704
"DYNC1LI2",2.56322574107884
"MTERF2",2.56200130177941
"AP4S1",2.56089026425664
"RPL32P27",2.55798296852757
"DNAJB6P2",2.55767851522767
"ZBTB26",2.55518791134011
"CEP57L1",2.5512870632388
"ZNF793-AS1",2.5479320033785
"HAUS3",2.54781611800504
"LINC01400",2.54542346997525
"TRMT44",2.54255319607547
"LRP1",2.54039364172912
"OR51L1",2.53729946111215
"CCDC112",2.53639266288631
"ARHGAP11A-DT",2.53458844927669
"TJP1",2.53194814489821
"ECT2",2.53112440987251
"ARSI",2.52998283897627
"SERF1A",2.52544540865342
"SFRP5",2.52273884425742
"CHM",2.52208888486074
"OR13E1P",2.52116404465365
"RBIS",2.52017709490646
"TTC39A",2.51702928111355
"BTBD9",2.51542289324388
"QRICH1",2.51140965139134
"DFFBP1",2.50992740908283
"RNU6-26P",2.50706811220072
"TAPT1",2.50537366310757
"LAMP3",2.50481538541621
"NDRG3",2.498727561471
"WTAP",2.49708209401888
"ATP7A",2.4937559003152
"GPR180",2.49188169118613
"FAM107B",2.4909740525656
"COQ9",2.48795670097636
"MACIR",2.48737142525791
"CPM",2.48714423683508
"ZC3H11C",2.48536399452421
"CYTH4",2.48326975736595
"PCNPP1",2.47779613860054
"CHKB",2.47066164167557
"TASOR2",2.47042631995714
"RNA5SP201",2.47025730822839
"KRT8P33",2.46981134484307
"GPD2",2.46907734021384
"LAX1",2.4688933067752
"ATF6-DT",2.4686686483277
"PDE10A",2.46595270592433
"VAMP1",2.46486343448938
"ADO",2.46078030819689
"ABR-AS1",2.45974635178571
"KLHDC2",2.45843606362681
"MINDY2",2.45820955324955
"LEKR1",2.4561714198044
"MLEC",2.45561055909353
"GRK3",2.45501830283636
"MIR3936HG",2.45500876457751
"RNA5SP370",2.45325131286478
"NETO2",2.45070019290323
"MED12",2.44875155287679
"OPN3",2.44821260566557
"EEF1A1P16",2.44741515520453
"HEATR5A",2.4473998396593
"CCNE1",2.44687226126953
"SELENOK",2.44436678205536
"ODC1",2.44353521886822
"TOP1",2.4433013680389
"ECI1",2.44307993837668
"TMEM258",2.44107732320628
"MAGED2",2.44062029048805
"FOS",2.44013019461813
"RNF5P1",2.43720164291872
"WASHC4",2.43524412565352
"UBQLN1",2.43487226999034
"DDX56",2.43208482405364
"CD59",2.42972838791256
"RYK",2.4280559632402
"STRIP2",2.427492646167
"TBC1D20",2.42355503876935
"MIR4434",2.42290678138703
"ZNF562",2.42011687314895
"NRBF2",2.41984305277376
"KCNA1",2.41900922407125
"MAK16",2.41802013513939
"ATXN7L2",2.41633675849566
"SH3PXD2A",2.4153562133366
"GOLT1B",2.41474264773565
"ALG5",2.40909323737886
"RENO1",2.40823674092315
"PLEKHF2",2.40524084879423
"SNORA80A",2.40344240274849
"CIZ1",2.39728821895785
"IGKV2-19",2.39718597110415
"SEC61G",2.39684809120689
"IGHV3-75",2.39545563569037
"REDIC1",2.39507542147843
"CYCSP28",2.39280801783008
"SKIC2",2.39171292202285
"SPATA22",2.39093161731775
"RNU11-2P",2.39050592043959
"MAPK10",2.38836560383197
"CCDC80",2.38789060260807
"TYMP",2.38758894305531
"BLOC1S6",2.38745499847847
"FTCDNL1",2.38643771369006
"LY6G5B",2.38399013290249
"NSF",2.38033599340623
"TULP4",2.37843602511052
"ZNF436",2.37826439704368
"FANCB",2.37801742244841
"PIMREGP3",2.37450190361791
"YTHDF1",2.37324277030842
"GGA2",2.37303154853633
"SLC3A2",2.37008459899529
"MRPS33",2.37003169943265
"DCAF8-DT",2.3689634807223
"STX12",2.36706325636103
"KLHDC10",2.36581479860021
"EIF2AK1",2.36493481880653
"WASHC5",2.36402563740072
"NPIPB2",2.3619328511184
"ELOVL2",2.36138263058033
"SLC25A15",2.36120755020884
"CAPN7",2.35878499591091
"KCTD18",2.3577356549621
"PCDHA9",2.35768493530085
"DHX35",2.35709682012609
"ALG8",2.35369011212995
"NAA15",2.35281189427805
"LMF1-AS1",2.35094303179905
"PGPEP1",2.35020868546928
"LINC01030",2.35003526709046
"SIAH2",2.34994853606443
"TCIRG1",2.34822433814044
"ZBED3-AS1",2.34489024662093
"USF1",2.34248086851195
"POLR1C",2.34246541079885
"KY",2.34212122465292
"C1QTNF6",2.33763589389023
"HOXA6",2.33691521244573
"ZNF232-AS1",2.33533168909881
"ARHGAP26-IT1",2.33233810711334
"OR7A19P",2.3320220222186
"GLYR1",2.33152236777591
"RNU6-378P",2.33011132390065
"AGR2",2.32978071609569
"SLC40A1",2.32680542621119
"FZD9",2.3253867757557
"ZNF580",2.32331622108467
"IGHD5-18",2.32252142849212
"ATAD3A",2.32171182778037
"MYO6",2.31672520238077
"LRCH3",2.30959053362093
"CENPQ",2.30825983563902
"ATP5F1A",2.30787615205997
"IRAK2",2.30735087538332
"RAB20",2.30533359774151
"DCAF5",2.30483288286536
"PFN2-AS1",2.30411802192037
"CYB5R4",2.30345036390554
"C15orf62",2.29811427142508
"ZNF384",2.2978349015419
"ULK1",2.29290533853726
"CCDC47",2.29244401477479
"DNM3-IT1",2.29220844310864
"EEF2K",2.29076409396778
"FPGT",2.29055693282215
"MED13L",2.28733497601826
"PLXNC1",2.28726149048612
"ACD",2.28610257920385
"PARAIL",2.28552674877292
"COMMD3",2.28412263213933
"CTU1",2.28142913766704
"RPL4P3",2.2759927459637
"MFSD1",2.27467154997876
"UBE2MP1",2.27322450497699
"CDCA2",2.2671892322519
"MED8",2.26610969004306
"DHDDS",2.2655367962104
"ADCK1",2.26481803478549
"MTMR4",2.26442742340798
"FAM53C",2.26435215137474
"ANKZF1",2.26352809752984
"ATG12",2.2606059022674
"OTUD6B-AS1",2.26041671899554
"COX15",2.2602882656913
"PRKCZ",2.25946374112703
"USP12-AS1",2.25704565474486
"ATRAID",2.25522480488257
"HEMK1",2.2546626879721
"DNAJB13",2.2527918180828
"GAPDHP17",2.2527918180828
"MIR324",2.25258997703802
"SNX8",2.25179009965979
"CES3",2.25118297518832
"SLC30A9",2.25073001237476
"ZNF594",2.25068483879417
"SORBS1",2.2504778948259
"PDPR",2.24965577045184
"ZBTB20",2.24835304976823
"TRGV5P",2.24830881910827
"HDHD2",2.24805417481847
"CLCN5",2.24282239062335
"HLA-DQB2",2.24099312440648
"WASL",2.2407121896167
"XRRA1",2.23934832440706
"SOCS1",2.2378639185408
"TTC14",2.23652910729808
"MIR4748",2.23603142361823
"TMEM175",2.22856956487023
"MRPL3P1",2.22819715993404
"SLC23A1",2.22722034367161
"IGHVII-43-1",2.22642325245591
"R3HCC1",2.22579574169249
"ST3GAL2",2.22404525554811
"DNTT",2.2225177524714
"FSCN2",2.2225177524714
"CRTAC1",2.22212156211347
"CHPF2",2.22010643627746
"FRA10AC1",2.21705688744745
"PDE4DIP",2.21629256504669
"PLS1",2.21604045781684
"TSNARE1",2.21292551530391
"PRKAR1B-AS1",2.21253963561364
"CEP192",2.2096549740987
"KIAA1191",2.20923196158394
"SMC1B",2.20558847614388
"HTR4",2.2047308120794
"VMP1",2.20052239594121
"LMO2",2.20024034372935
"GIPR",2.20022963429334
"SKOR1",2.19814178438774
"IL16",2.19771331878786
"PRPSAP2",2.19730304625012
"RNU7-20P",2.19704956482037
"ZFHX3",2.19549351586714
"IGHV3-54",2.19329619474335
"CRTAP",2.19324087061249
"CCDC32",2.19158507915165
"ST8SIA4",2.19125019758714
"EP300",2.1896100398518
"PISD",2.18875876209273
"GBF1",2.18799439292482
"IGF2R",2.18546187867981
"DSG2",2.18487948338221
"FCHO2",2.18478766516454
"KLHDC7B-DT",2.18442838820899
"SLCO4A1-AS2",2.18178570516489
"BRCA2",2.18041842900218
"MPP1",2.18002261499908
"MROH9",2.17930661739068
"PRDX1",2.17710365743358
"SELENOT",2.17501886924747
"ARIH2",2.17383871196903
"CLCN7",2.17299659135651
"RBM33-DT",2.17289661177417
"NRBP1",2.17188825059681
"RNU2-22P",2.1679285543608
"ELOCP31",2.16762095654716
"PPP3CB-AS1",2.16449512731585
"TTC21B",2.16447909504492
"NCAL1",2.1635599126294
"TMCO5A",2.1633267772325
"GNAS",2.16296149534929
"RAB21",2.1609800087967
"SMARCC1",2.16078745224063
"TRIM35",2.15832010330611
"RNU6-343P",2.15762457144917
"SLC30A7",2.15669565355694
"HAGHL",2.15605936880567
"GALNT1",2.15498308160826
"CALD1",2.15461005186933
"ERGIC2",2.15398425828655
"CHRNB1",2.15123132300951
"POMT1",2.151047658926
"STK32B",2.15087203079461
"RNFT1-DT",2.15066786994676
"PABIR2",2.14782878862121
"RABAC1",2.14746066514597
"SUMO4",2.14720998748466
"PEBP4",2.1471038840793
"HAUS6P1",2.14445035728833
"ZNRF2",2.14424904221594
"ZNF593OS",2.14387766145879
"COPB1",2.14364651862642
"PDE7B-AS1",2.13926949213879
"RAB6A",2.13916560944548
"TMEM161B",2.13916370904986
"TRMT2B",2.13866657254085
"CAMSAP3",2.1382249752877
"CBX3",2.13728164910212
"ZHX1-C8orf76",2.13596035593821
"PTPN3",2.1335880265132
"CYTIP",2.13218799275089
"H3P3",2.13180469976114
"VPS35L",2.13094287050841
"SPATC1L",2.13044303844554
"CYP2U1-AS1",2.13005355874296
"ANKS3",2.12987113327405
"ZMAT3",2.127798797602
"RNU7-40P",2.12777253551515
"YWHAH-AS1",2.12776080733117
"NEMP2-DT",2.12704840171645
"CNN3",2.12672127108905
"CRLF1",2.12359384005782
"FILIP1",2.12203367336709
"MAPK8IP1P2",2.12105988523716
"HYCC2",2.11905803392104
"RNU6-336P",2.11857543663715
"TMEM30A",2.11834880583434
"CEP83",2.1174146843164
"SH3BP5L",2.11521628157315
"C16orf95",2.11489770764008
"NOL11",2.1144752465599
"C19orf47",2.11438694893144
"DBF4B",2.11223282610728
"SLC17A5",2.11188148829101
"B4GALT3",2.11185095568954
"VWA7",2.11181319278731
"BMP8B",2.11139621761343
"ENTPD1",2.11034818243447
"ICAM2",2.10969395459625
"IQCB1",2.10920581690466
"COMMD2",2.10668212018923
"PFKL",2.10536393578801
"CLIP2",2.10455062537604
"RBM6",2.09999342475431
"MYCL-AS1",2.09901319695152
"RPL39P16",2.09839350749055
"STXBP1",2.09673586861372
"RN7SL55P",2.09645566337068
"PTS",2.09618733598214
"NMRK1",2.09598466549648
"GDAP2",2.095922334834
"HNRNPA3P15",2.09431536667289
"ATXN1",2.09241959183027
"MSRB1",2.09188476044216
"MFSD12-AS1",2.08899266466196
"TGFBR1",2.08806721761728
"TM9SF1",2.08697215860613
"H4C2",2.08449979076886
"SAP130",2.08337717533218
"AFTPH",2.08321778655375
"ZNF420",2.08224522208423
"POTEI",2.08202041831484
"EEF1A1P8",2.07914763797759
"TASP1",2.07702819419768
"MIOS",2.07538772462816
"CTBP1-DT",2.07294567974296
"LINC01943",2.07064924975685
"MINDY4",2.0682966004544
"RPS19P1",2.06671618529654
"CDK2",2.06363646974185
"CYBA",2.06222757525632
"USP6",2.06196527671232
"PLXNA3",2.0601546392045
"SUSD1",2.06013808323935
"TCTN1",2.06008783664973
"SNORD72",2.05672393554893
"PRPF4",2.05485527384428
"UNC5D",2.05110672698852
"ELN",2.0510607928005
"ZNF385C",2.04938757347126
"SLC7A6OS",2.04925574274796
"PRKCSH",2.04092002576297
"LINC00517",2.04004649790603
"IGHV7-40",2.03729284962501
"ASH1L-AS1",2.03465757212175
"SLC25A21-AS1",2.03341256989123
"EEF1A1P25",2.03260817612798
"PPIAP74",2.03136606480949
"NME1",2.03117362553204
"MTMR2",2.02967269517311
"KIFBP",2.02903133376561
"C17orf49",2.02882126659757
"IGKV2-23",2.02828212504456
"POTEJ",2.02621697265705
"IRF2BP1",2.02548731216014
"SLX9",2.02503716059844
"NBPF10",2.0249709148815
"LIF-AS2",2.02266766474459
"SLC12A6",2.02143163325997
"PHYHIP",2.01930577300635
"RSPH10B2",2.01831782223677
"SMAD5-AS1",2.01812433805138
"PRR7-AS1",2.01783246300576
"CDKN2B",2.0170422131665
"CXCL8",2.01624143668456
"SLC35E3",2.01539222752713
"RNF32-AS1",2.01460997425909
"RPL10P12",2.01432524792534
"VPS16",2.01341667336758
"ADAMTS17",2.01250069835443
"CHADL",2.0123856436107
"USP7-AS1",2.01115789490573
"LAMA1",2.01076562409188
"POGK",2.01028418409527
"BTF3P10",2.00871814114834
"PPP1R12B",2.00851559739745
"CHID1",2.00847965107895
"ELAC2",2.00780721052368
"TTTY10",2.00680614015264
"MORN2",2.00462966490613
"NFKB1",2.0027937759737
"DNTTIP1",2.00205791457758
"PAIP1P1",2.00121658924027
"SIN3B",2.00032816826688
"CD27",2.00004417157997
"LSR",1.99842965355254
"FAM106C",1.9966130910177
"RHPN1-AS1",1.99630180291305
"EBAG9",1.99298227431815
"CHUK",1.99163208560453
"SHOC2",1.99058193202721
"AP3S1",1.98977260812411
"SLC15A4",1.98950230001515
"LIN7B",1.98931520324869
"RPL34P10",1.98903826304121
"MMACHC",1.98786323982458
"SLC6A4",1.98672106597434
"RBFOX3",1.98342480585074
"ROR2",1.9830591488968
"CDK2AP1",1.98296486232928
"GAMT",1.98244776992609
"APPBP2",1.98179938892347
"LINC01998",1.98144019657059
"OR4K13",1.98144019657059
"C9orf72",1.97971706875124
"LXN",1.97877454995796
"UIMC1",1.97860040218842
"HNRNPA1P5",1.97847880799519
"ZFAND2A-DT",1.97842838620606
"FBXW7-AS1",1.97703366421059
"RWDD2B",1.97609947503531
"SLC35A3",1.97541488333565
"LINC01917",1.97362045358094
"SCCPDH",1.97321397541796
"HSPD1",1.97308546299165
"SLX1B",1.97278533943991
"PPIAP40",1.97226436125177
"MITA1",1.96959874543593
"MZF1",1.96921701241998
"RAB5B",1.96502586819939
"UFD1",1.96306259030676
"PIGP",1.96242561410988
"STAC2",1.96240270257364
"MTND2P12",1.96218066815774
"PRKACA",1.96127364619837
"METAP1D",1.96082064750157
"HELQ",1.95945341742952
"IDH3A",1.9590259440455
"GSPT2",1.95842344956125
"SPHKAP",1.95819993685041
"TIALD",1.95783380726645
"HEXIM2-AS1",1.95713897458142
"HMBS",1.95430994494072
"MOB3A",1.95244072994071
"POU2F2",1.95175099894517
"CLDN7",1.95151196162502
"ZBED4",1.95073405572705
"XACT",1.95061348550331
"RNU7-181P",1.94970005172933
"PRRT3-AS1",1.94828840123535
"PTK7",1.9480645775984
"QARS1",1.94757365086549
"RTN4IP1",1.94740354171112
"CHMP7",1.94711175009761
"ZFP3",1.94493518663139
"CRYGS",1.94318877225211
"BLTP3A",1.94248793731525
"C2orf81",1.94064550595387
"DYNLT2",1.93841382923851
"ERCC2",1.93814700639792
"ZDBF2",1.93790527119348
"ZSCAN20",1.93496222288875
"ELP5",1.93466228281462
"NDUFAF4P1",1.93392090315777
"TMEM170B",1.92983218768359
"PDCL3P5",1.92972778951035
"PAK1",1.92942101131421
"UBE2F-SCLY",1.92889453263497
"ETNK1",1.9281301037146
"ARAP1-AS1",1.92751823092771
"HMMR-AS1",1.92533394429222
"CLPTM1",1.92199509244235
"METTL14",1.92007963820811
"MFGE8",1.91814630234452
"WNK2",1.91758132907301
"RLF",1.91536736402758
"THAP1",1.91505960009521
"SIRT2",1.91311153900993
"LINC01825",1.91185797844253
"MIR5690",1.91033750368366
"CORO2B",1.90731243760349
"BCAS2",1.90719269074903
"PIK3C2A",1.90657271563637
"BAIAP2L1",1.90353156579143
"ARMC9",1.90195487358933
"NCMAP",1.89921981390941
"HSPA4",1.89767184759209
"RPL39P38",1.89710510473703
"NAMPT-AS1",1.89604458494292
"MED24",1.8935752942587
"SH2B2",1.89251235522172
"YIPF3",1.88925455601008
"CD81-AS1",1.8876578110084
"POGZ",1.88725666372589
"MSI2",1.88685188072712
"IARS1",1.88668059159661
"UBE2E3",1.88552838796189
"IDI1P3",1.88164356567149
"PTGES2",1.88055590553485
"NLRP8",1.88041547121002
"ZNF704",1.88031874642945
"ZCWPW2",1.88009467574221
"SEPTIN9-DT",1.87807984563413
"FAM88B",1.87775207681778
"IQCD",1.87659497908388
"ADTRP",1.8759515404067
"TSC2",1.87463843484435
"RMI1",1.87163657151441
"PSMC6",1.8714191505749
"TAGAP",1.8706530719941
"APOL2",1.86942692348802
"ZBTB20-AS4",1.86726775849311
"SLC24A5",1.86467076046905
"KLHL33",1.861857891676
"RTN4",1.85944849427551
"RAF1",1.85836747809668
"NPIPB6",1.85743693454019
"PSMD10P2",1.85698158002169
"CBX2",1.85698158002169
"NBAS",1.85667203399476
"CDC42BPG",1.85485475152177
"EI24",1.85296465491149
"DGAT2",1.85269726784955
"NEK8",1.85227760380156
"RNU1-4",1.85211919991561
"PPIP5K1",1.8466711677917
"KDM6A",1.84626676005925
"RNLS",1.8462468996194
"IDH1-AS1",1.84377653887558
"NCBP1",1.84009325870261
"SAMD4B",1.83583272667654
"EHBP1",1.83567143023003
"HMGN5",1.83483844160231
"SLC20A1",1.82979264340435
"MXI1",1.82895392261679
"KLHL8",1.82871196063018
"PARG",1.82680994035417
"RANBP1P1",1.82672582842865
"IGLJ1",1.82567001058045
"MPRIPP1",1.82418673136193
"ECI2",1.82273209086676
"C1GALT1C1",1.82222335842783
"PTOV1-AS2",1.82182108394525
"CDC23",1.82137218038751
"OPA3",1.82089588060304
"MIR644A",1.81917069167533
"TREML2",1.81892902372819
"CRYZ",1.81808402113899
"ZRANB2-DT",1.81585269777863
"TBX1",1.81476933011066
"TRDMT1",1.81454686703929
"ZNF84",1.81391804721651
"CHST12",1.81351338237246
"PDXP",1.81094500141929
"TMEM161B-DT",1.80922704253942
"ZNF124",1.80880075958603
"RNF32",1.80835767615576
"U2SURP",1.80742869784045
"ZNF74",1.80694531451458
"ABCF3",1.80665422582892
"PKD2L2-DT",1.80630134457969
"BTN2A2",1.80593390786162
"ERO1A",1.80457531062017
"CKMT2",1.80304828826919
"UBR5-DT",1.80134995858981
"SLC12A5",1.8000115980173
"DENND1B",1.79845321063405
"EIF2AK4",1.79420661519984
"KIF21A",1.79391764066788
"SLC25A30-AS1",1.79353967884769
"ENC1",1.79242215612632
"TRAPPC12",1.79206198690679
"NKIRAS1",1.79185563982782
"MIR4754",1.79169451292342
"MOB1B",1.79086315127191
"SLC46A1",1.79074608430295
"SCLY",1.79036525281191
"SENP2",1.78787824291565
"TBC1D15",1.78751484129892
"MIR103A2",1.78658994269457
"C5orf34",1.78476751704908
"PTP4A1P3",1.78468842997069
"MORF4L2-AS1",1.78079734322951
"IGLV3-22",1.78026429056473
"ORC3",1.77977143906229
"DIS3",1.77832608408855
"SRRM2",1.77815999107973
"LYG2",1.77566251610525
"KLHL24",1.77397808483749
"SLC48A1",1.77354602759981
"ADK",1.7728849498951
"CDC42P6",1.77214218928645
"BCAT1",1.77103590908958
"RNU1-3",1.77019449113031
"INPP4A",1.76954393079916
"TMTC4",1.76875342025769
"PI4KA",1.76439012023242
"HEXD-IT1",1.76423059395797
"HERC2",1.76226093152076
"CMPK1",1.76197828624155
"ABHD15",1.76185992336421
"XPNPEP3",1.75898413308107
"NR1H3",1.75628948838776
"GPATCH3",1.75627811346223
"RASA4",1.75537650331937
"HSP90AB2P",1.75388973965673
"TRNAU1AP",1.75360261034546
"RNU7-77P",1.75259323790886
"LIN28A",1.75073357334789
"CHST11",1.75038530541583
"HSPA8",1.75019879623148
"CICP27",1.74878173948465
"MIR100HG",1.74841587039519
"AIFM1",1.74839617413422
"KBTBD6",1.74807829229487
"VWA2",1.74804110117914
"RPSAP11",1.74644785427826
"RIPOR3-AS1",1.74524373283012
"RPS19BP1",1.74505254516203
"PPT2",1.7443849841363
"TMEM242",1.74385747931116
"MIR4796",1.7437468874307
"PAEPP1",1.7437468874307
"COPRS",1.74329573881295
"NEU1",1.7426192141098
"LINC00304",1.74248542935088
"TERF1P5",1.74239122258641
"EIF3C",1.74110866455477
"NOP14",1.73975394598723
"MTHFD1P1",1.73954254990232
"TMEM106A",1.73880415716395
"ERCC8",1.73726003880648
"TRPM7",1.73660072828455
"DCUN1D4",1.73601000222579
"RBMXP2",1.73490986455782
"RNU6-194P",1.73456184095182
"STK40",1.73234481257168
"CLDND2",1.73067041349445
"IGHD2-21",1.73012861979242
"CNDP2",1.7288604459791
"PAFAH1B2",1.72846211905193
"SARNP",1.72714068382387
"NAGA",1.72243926479548
"ZNF691",1.7205328477699
"ABCB9",1.7199588211179
"ARHGEF10",1.71993482657047
"SIM2",1.71926657626393
"PRPF18",1.71854663707658
"ANKK1",1.71796119062302
"MIR548Q",1.71790126999409
"NOP53-AS1",1.71789120888218
"TAF1D",1.71738885417126
"DUSP12",1.71735349725013
"WNK4",1.71678762782135
"PTGES3L",1.71665980289388
"ZFP36L2",1.71567298626185
"CTTN-DT",1.71498920526506
"PDE7A-DT",1.71483197399771
"IDE",1.71413522983612
"LINC01755",1.71134542405887
"CYC1",1.71100239286696
"TSEN34",1.71094656471546
"AIG1",1.70906583792651
"CD27-AS1",1.70889666346666
"EPHX3",1.70748898637468
"PROX2",1.70704158203329
"DLG1-AS1",1.70620600136767
"XYLT2",1.70473567215242
"CCDC18",1.70306262768691
"ACY1",1.70112301989791
"SEC23A",1.69954605469187
"RNF19B",1.69901046221858
"RPL22L1",1.69552216628313
"FAHD2A",1.69488218416114
"TSPYL1",1.69461170443026
"PPIAP82",1.6936748452781
"H1-2",1.69346880485
"B3GALNT2",1.69236916682497
"SLC9A8",1.69105309726012
"IGKV1D-22",1.68983667954853
"TENM3-AS1",1.68851493362974
"PITRM1",1.68835672642747
"CSE1L-DT",1.68709203544512
"ZDHHC13",1.68575340562756
"RACGAP1",1.68188167367322
"POLR2D",1.68167438104358
"GID8",1.67876447536942
"COA5",1.67809781068704
"GLIDR",1.67719414702344
"CDR2",1.67659357558116
"COX6CP6",1.67615470061241
"IGHD6-25",1.67563062459244
"NOP53",1.67536934691514
"TMEM208",1.66889430311457
"CDK13",1.66870808339681
"SECISBP2L",1.6607588817485
"LARRPM",1.6604539563237
"PRR29",1.65841967656472
"TBC1D31",1.65722236518095
"KMT2E-AS1",1.65705582118334
"AGAP10P",1.65574869649037
"MED13",1.65518453854657
"NPIPB5",1.65503474161036
"ELOCP33",1.6544971244772
"GGCX",1.65403870737021
"TTC3",1.65349902797729
"MELTF-AS1",1.65257954076518
"PRR3",1.65257468552086
"GRAMD2B",1.65134809307756
"KEAP1",1.65112845999713
"EXOC4",1.6507963824373
"NSUN2",1.6493223959218
"ZNF561-AS1",1.64925510842238
"NCAPD2",1.64900290901865
"SULT1C2",1.64885949271269
"PLEKHA3",1.6475964947895
"NPLOC4",1.64751680256147
"UPP2",1.64227805301952
"EOLA1",1.64220903472267
"UGGT1",1.64184200882718
"SLC35F2",1.64143579100272
"WWP2",1.63977589534845
"ZNF586",1.63924175691134
"VAMP3",1.6361248995308
"CCDC186",1.63586293177986
"RPLP0P6",1.63583663132643
"PIGQ",1.63525653155004
"STAM2",1.63501794664824
"VCAN-AS1",1.63425411610071
"FBXW5",1.63378380530039
"ORC5",1.63259591915339
"COPG2",1.63144998662585
"LPCAT4",1.63122664299827
"PRDX2",1.6305898141986
"COQ10A",1.6301268209168
"LINC00313",1.62956519523766
"PRPS2",1.62673149814557
"ZFAND1",1.62380974068794
"MIR624",1.62304389281265
"POR",1.62242933035689
"NCOR2",1.62227156634395
"SKIC3",1.62210848483384
"PRR7",1.62171214143928
"PDZD8",1.62124711273828
"ACP1",1.61981751577799
"LOLI1",1.61971080626696
"AGBL5-IT1",1.61782111091479
"PLCD1",1.61766664853164
"RASL11B",1.61752567507843
"CDK6-AS1",1.6174947308734
"UNKL",1.61631786488893
"NID2",1.61617661474636
"SELENOTP1",1.6158344943546
"CYP7A1",1.61525773084269
"TAF9BP1",1.61412451268504
"RN7SKP23",1.61368525263764
"WFDC3",1.61312262302703
"TMEM255B",1.61245695215441
"NETO1",1.61245695215441
"IGHV2OR16-5",1.61152504672768
"MRPL38",1.61114625742639
"HAS2-AS1",1.6111135113776
"DTX3",1.61013651244636
"DNHD1",1.60964670140119
"ZNF350",1.60910693277335
"PPFIA1",1.60865185232536
"UBAP2",1.60858933949933
"AP3B1",1.60798591963507
"CRPPA-AS1",1.60793472919675
"TNNI3",1.60387511200616
"LINC01666",1.60286173368997
"PTGDR2",1.60256927318622
"ZNF404",1.60200450676894
"NSUN6",1.60152265766106
"IDSP1",1.60058811923235
"IGKV3-34",1.60057738280912
"ZNF33B",1.59893990246723
"RN7SL414P",1.5957092394018
"KANK1",1.59317187872274
"OMA1",1.59216405060925
"LINC00339",1.59131289094383
"ZNF518A",1.58931876087057
"UGP2",1.58805665469283
"ZNF544",1.58709762318704
"ATL1",1.58666998043572
"IGKV2-36",1.5865262045337
"ZNF543",1.58533824167557
"GSTM3P1",1.58391046049466
"SNORA38B",1.58072171542372
"MIR4466",1.57899963190346
"SKP2",1.57812694013351
"PPME1",1.57768698902889
"DDX17",1.57748143263093
"BCAP29",1.57640636529989
"MFSD2A",1.57464903415764
"SLC39A3",1.57121254484722
"RNA5SP78",1.57001546866393
"ACO2",1.56873255467368
"DUS1L",1.5676277137848
"DNAJC8P4",1.56639933845448
"PPP1R2B",1.56637522496008
"FAM98A",1.56476022160097
"NMRAL1",1.55995480214456
"RN7SL166P",1.55978329894774
"SPNS2",1.55942535622961
"DDX18",1.55813029698692
"HIVEP1",1.55704908815178
"MINDY2-DT",1.55699706684484
"SCN2A",1.55652068644672
"MRPS9-AS2",1.55449412919465
"ADD1",1.55363028480283
"C1QBPP2",1.55332481456745
"USP47",1.55285989473359
"RNA5SP477",1.55168189675069
"PRMT7",1.5504617039142
"COP1",1.55040665481936
"PPIAP2",1.54995487552142
"ANAPC10",1.54964384127478
"ZNF804A",1.54806283064043
"CLMAT3",1.54657007651771
"CGAS",1.54626897007605
"PRRG2",1.54607794148848
"KIZ",1.54435248754978
"YES1",1.54418624552717
"TMEM202-AS1",1.54403992246169
"OXSM",1.54355857567643
"ASB1",1.54238846643151
"PARP16",1.53971746464513
"RNU6-1127P",1.53860631276201
"MAPK9",1.53806403689895
"CLN8-AS1",1.5374507290365
"RNA5SP466",1.53712508713818
"NDUFS2",1.53528266870588
"EZRP1",1.53368721578159
"MIR4537",1.53368721578159
"VPS13B",1.53325051377894
"C11orf68",1.53270317800477
"DCTD",1.53174658804168
"RAB11FIP1",1.53019206528245
"SLC4A2",1.52857493633305
"NANP",1.52854468749437
"MBD4",1.52727570007109
"GSR",1.52501011121262
"SNORA70G",1.5244961307662
"NPIPB3",1.5244436577729
"ZNF532",1.52311472061486
"ZCCHC24",1.52278537968982
"RN7SL602P",1.52213805348261
"LINC03060",1.52066653742269
"TANK-AS1",1.51913239834177
"ILRUN-AS1",1.51902154506746
"KLC4",1.51871290120481
"RAP2C-AS1",1.51736316935075
"EEF1B2P6",1.51596973459645
"ASB3",1.51543318725527
"DNAJB14",1.51158126720974
"ZNF890P",1.51108660933778
"EFCAB14",1.5097103167587
"ANTKMT",1.50886966496619
"FBXL6",1.50826353717822
"MICU2",1.50774537995378
"UBE3C",1.50612676540287
"TRIP12",1.50585057446918
"MCF2L2",1.50525837968108
"ABHD18",1.50200745206869
"AGA-DT",1.50183026178759
"ZDHHC11B",1.50095945689013
"MTERF4",1.49956347261104
"CFAP97D1",1.49784795157808
"PNMA1",1.49766476173383
"RPLP0",1.49753366739241
"YTHDF2",1.49648060981907
"SYNM-AS2",1.4952478057649
"FAXC",1.49475620414309
"ZFP36",1.49285918167851
"TARS3",1.49169421378449
"SLC15A3",1.49169371263132
"TSACC",1.49140106967593
"SSBP2",1.49083445640856
"TCF3",1.48939147781735
"PKD2",1.48601692168259
"SORL1-AS1",1.48573085847473
"MIR7848",1.48528653872315
"ZNF318",1.48353937057895
"FASTKD5",1.48290010148746
"BCAM",1.48183252930943
"ZNF385B",1.47905539853833
"TECPR1",1.47891376634917
"KCNC1",1.47718671097978
"LINC00184",1.47662863766
"ARHGEF35",1.47641058239925
"NPIPB12",1.47630691949566
"SRSF2",1.47567691161256
"MIR1302-2HG",1.47550712337302
"KRT10",1.47538102347701
"ZNG1C",1.47377367663547
"AAR2",1.47355317454022
"PDGFA-DT",1.47333687553292
"SNAP29",1.47189365851098
"PQBP1",1.47040500329379
"ZNF599",1.46515618339668
"SPRY2",1.46508558290885
"PMS2",1.46314930031259
"UTP20",1.46184130619514
"PKD1-AS1",1.46022275445488
"GNL1",1.45951833101439
"RPL36P8",1.45926217920484
"FABP5P9",1.45887811044981
"PPIAP9",1.45771287453938
"BRPF3",1.45666502176322
"WHRN",1.45656541147617
"CIMIP2A",1.4563400179757
"POM121L3P",1.45558244300338
"CNGB3",1.45302755623087
"SNHG20",1.45153700195635
"TMEM87A",1.45122108540932
"ARPC1A",1.45119786926298
"OGT",1.4507550962653
"LRRC8D",1.45000633195329
"QKI",1.4489292174178
"LAS1L",1.44786517473314
"POU3F3",1.44744348404546
"SLC25A19",1.4465057087844
"GORASP1",1.4464355456153
"EEF1A1",1.44623064086188
"SULF2",1.44433194865658
"COX18",1.44416112358112
"ZGRF1",1.44325615124935
"RPL35AP32",1.44323527944357
"GDI2",1.44231232272688
"MLF1-DT",1.44202973029325
"ANLN",1.44093288883666
"ZNF592",1.44064226466792
"TTBK2",1.44049220138331
"SUGP2",1.43964980253272
"DNAH11",1.43939479361817
"EEF1B2P1",1.4392553217782
"PIGT",1.43825422415889
"PDHX",1.43819469646849
"MILR1",1.43764849103743
"VSIR",1.43612076851021
"ARHGEF11",1.43551993349877
"RNU6-548P",1.43546717658755
"CFAP68",1.43491271800818
"CPLANE1-AS1",1.43217862889299
"PIGN",1.43057655162178
"NT5C2",1.4295968336482
"SMDT1",1.42948229320488
"DNAH5",1.429445791594
"FAAP20",1.42929081293486
"MED14",1.42686134262751
"EGR3",1.42655492497979
"CUL4B",1.42581469918621
"SOX5-AS1",1.42423139817375
"PPP1R14B-AS1",1.42382226145111
"RNU7-18P",1.42345094754754
"LMBRD2",1.42106583491997
"CUTA",1.42081675427879
"PAFAH2",1.42075575246757
"TIPARP",1.41978637156062
"ELAVL1",1.41976825884646
"MIR600HG",1.41920818915619
"CHMP3-AS1",1.4188605892343
"RBM5",1.41740597852639
"DEFB118",1.41686933924563
"RB1CC1",1.41653280435954
"RPS27L",1.41637352672141
"PDC",1.41429251760871
"MIR875",1.41238663327915
"FAM242B",1.41238663327915
"C3orf18",1.4117635196642
"ABHD5",1.41046085037789
"PSMG3-AS1",1.40899324914398
"ENTPD7",1.4082606630548
"VAC14",1.40796481491221
"VDR",1.40793995561264
"ISCU",1.40782767805172
"PSMD7-DT",1.40746610199126
"PPP1R14C",1.40737722541693
"PYCR2",1.40514920241804
"ERCC8-AS1",1.40242484827517
"RIOX1",1.40186711129122
"ACOT13",1.40004210679718
"RNU6-558P",1.39941207385792
"NDRG1",1.39784231591249
"TOP2B",1.39652014822966
"SPAG8",1.39598462628377
"TSG101",1.39313278763417
"MIA3",1.38712989909935
"PAICSP1",1.38650670031804
"RPL7L1P3",1.38408791052538
"MTND1P5",1.3828706023232
"BRD7P4",1.38224954197296
"LINC02750",1.38194461949044
"PSMC3",1.37979590060633
"NOLC1",1.37907044668185
"RGP1",1.37897481296568
"CIR1",1.3781284306863
"NOC3L",1.375530275475
"TFEB",1.37461413667367
"FDX2",1.37423938745366
"TSC1",1.37360987545701
"CCP110",1.37097952100035
"SCO2",1.37072880371949
"PRKD3",1.3706137912826
"CD2BP2",1.36579137188477
"PRNP",1.36568921450734
"EIF2S2",1.3638637748773
"ADIPOR2",1.36364784433884
"COMMD4",1.3628673975126
"KIT",1.36213794230232
"LINC01973",1.36154218600477
"GLE1",1.36109102050219
"MYH15",1.35630799075401
"CEP43",1.35506093694859
"HPS6",1.35480750421594
"STAP2",1.35321840257423
"SNORD11",1.35218969139956
"TTLL5",1.35150328574269
"RNU6-1294P",1.35000559854143
"COPS8",1.34903284138042
"OVCH1-AS1",1.34896122180404
"ZMPSTE24-DT",1.34892756219757
"PTMS",1.34875258618565
"WAC",1.34874534857163
"ALKBH5",1.34780090624266
"ZKSCAN2",1.34745687449828
"BMS1P14",1.34705181024894
"SMARCAL1-AS1",1.34703920887425
"SP4",1.34589487939682
"IRF5",1.3449878616784
"ZC3H11B",1.34347117329673
"PIGB",1.34282046532181
"NDUFV3",1.34237081367552
"VWA8",1.34231651611926
"RER1",1.34189355499212
"CCNL2",1.34051208111925
"C4orf51",1.33902912074589
"NIFKP4",1.33896105811158
"TTLL1-AS1",1.3388226011758
"EIF5B",1.33775374943432
"FBXL17",1.33742997729828
"UBQLN4",1.33737131678795
"EPM2A",1.33644422740854
"SLC16A7",1.3356903905372
"NRCAM",1.33551668894462
"DNAJC16",1.33493580059467
"TRPM4",1.33368156815611
"MTREX",1.33366312329779
"ENOPH1",1.3336156399493
"TIMM17A",1.33346143831141
"IFNA20P",1.33219595867736
"OBSCN-AS1",1.33126943634228
"EIF1AD",1.33067562517448
"CIAO3",1.32944204384623
"GLIPR1L1",1.32912599067751
"KMT5AP1",1.32904999127982
"IFIT5",1.32802842378707
"RAB14",1.32793156829819
"PCA3",1.32739754882032
"ZNF117",1.3255785779037
"PHPT1",1.32298004652584
"RNU6-759P",1.3229753279002
"BEGAIN",1.32269341613613
"MIR8071-1",1.32130909125513
"PKD1L2",1.32110687502497
"UFL1",1.31798620405971
"KCTD21",1.31568936067499
"SNAPC3",1.31413272168595
"RGS1",1.3137512397655
"INPP5K",1.3129313515465
"MRPL17",1.31026986361713
"ATP6V0E1P1",1.30598024664053
"CGREF1",1.30563790152663
"ATRNL1",1.3051081640265
"MARK2P9",1.30486589765213
"ASF1B",1.3044579501841
"TNS2-AS1",1.30399105347472
"ZNF860",1.30202615375738
"ATP2B1-AS1",1.3014874271634
"ZMIZ2",1.30080848076506
"SYAP1",1.30061175770994
"ARFGEF2",1.30036212553973
"STX1A",1.29988600215721
"SNX1",1.2982583517481
"RSPRY1",1.29659617656083
"KMT5AP3",1.29658051041367
"NAE1",1.29595672408982
"MIR3680-1",1.29557321525878
"RARS1",1.29535426388265
"PLAG1",1.29461524382586
"FBXO31",1.2944778215575
"ZNF627",1.29402621542877
"CLASRP",1.29216105254481
"MCCC2",1.29203092346165
"CSE1L",1.29182346560467
"GEMIN4",1.29001626095335
"LGALS8-AS1",1.28998253136824
"ZNF107",1.28943536936507
"FRG1-DT",1.2892758445452
"REPS1",1.28899705110545
"KANSL1-AS1",1.28854637871784
"LINC02880",1.28768434693226
"BMS1P1",1.28768434693226
"DUSP13B",1.28768434693226
"PNPO",1.28609067838629
"ERP44",1.28534443281997
"THY1-AS1",1.28492677923021
"FEM1A",1.28461594975308
"MIR23AHG",1.28425105585181
"ING2-DT",1.28215744111435
"STX4",1.28201225361273
"INSIG1",1.28199861625273
"WDR70",1.27995767027371
"MIR3153",1.27972263350595
"LDB2",1.27817520506483
"RPL17P18",1.2774055877472
"POLG2",1.2752023218096
"TTC38",1.27434153451275
"CASP5",1.27365684972501
"RHOT1P1",1.27365684972501
"YIPF6",1.27249214304823
"PCNA",1.2723982206451
"NNT-AS1",1.27142529156906
"DPP10-AS1",1.27127749954464
"RPL24P2",1.27082187765681
"LINC01579",1.27080247596088
"UNC93B1",1.270799082375
"TRIM54",1.26956453646094
"ACADM",1.26947028465271
"IGSF9",1.26900327870681
"HSPD1P1",1.26814428336319
"KANSL3",1.26745524057966
"ALDH3B1",1.26721985161799
"TENT4A",1.26720275158357
"CFAP57",1.26409289324494
"TIMM8A",1.26389279042992
"DERA",1.26336401484234
"CATSPERG",1.26271982270804
"CTSH",1.26138509094651
"RAVER1",1.26123369009598
"ZMYND10-AS1",1.25825199008545
"SURF1",1.25791293273686
"CYP51A1P2",1.25723040803679
"LMO4",1.25696682258745
"MFN1",1.25545947264177
"IGLV5-37",1.25485983786758
"SCGB1B2P",1.25444390692662
"NAXE",1.2535260911777
"CHPT1",1.25338707401433
"TRPM1",1.25231532543841
"GABRP",1.25178296526178
"FST",1.25143277651406
"PUS3",1.25131089485298
"MAST4-IT1",1.24919247492997
"SUPT5H",1.24865178692013
"TLK2P1",1.24798769712617
"TIRAP-AS1",1.24797304584508
"DENND2B",1.2465513684756
"VPS26AP1",1.2462929912632
"DHX40",1.24529500861641
"SLC25A40",1.24451290435266
"NADSYN1",1.24258710798692
"MAN1A2",1.24257149077238
"TASL",1.24151329004745
"TAP1",1.24138595776504
"NEK6",1.24091710486067
"CDCA7L",1.23962502159724
"COPDA1",1.23962480024593
"GALK2",1.237553659814
"HIRIP3",1.23704225315815
"LPAR5",1.2357054518457
"AK3",1.2350489014017
"TMEM18-DT",1.23437359526702
"FOXP4",1.234099384377
"TCP11L1",1.23162849955769
"ZSCAN21",1.2314482777864
"RPS6KA6",1.2313184585899
"FAF1-AS1",1.22955640245837
"DNAH2",1.22544913754762
"CHMP3",1.22527768357636
"LRP10",1.22467138134248
"MRE11",1.22453144539881
"CPNE2-DT",1.22447742929601
"ANKRD33B",1.22363518951193
"PCDHGA5",1.22263024842571
"HORMAD2-AS1",1.2226052988024
"SCN3B",1.22205040034834
"RTP4",1.22176645675828
"CDC25C",1.22136217760292
"ATF4P4",1.21947570142511
"SCAF1",1.21934936599847
"LIMS2",1.21661708360242
"TRG-AS1",1.21567894561556
"ERCC6L2",1.21560013385587
"CNOT11",1.21501048903049
"IVD",1.21423195723009
"TMEM11",1.21397020169222
"COG3",1.21377518112585
"LRRIQ1",1.21271785355393
"MAT2A",1.21269645326357
"FAM120B",1.21245823947908
"INTS12",1.21133693555385
"SS18",1.21099325847587
"SLC25A33",1.2099397276622
"PEA15",1.20960071546043
"PAICS",1.20959186962709
"COQ4",1.2094579604313
"PPP1R37",1.20850966592369
"ARHGAP22",1.2075887485084
"ANO5",1.20474991654671
"UTP18",1.20429935750238
"SNHG4",1.2037172433795
"PRCC",1.20333128536366
"FAM117B",1.20195878046206
"INTS6",1.20167000171006
"ITGA9",1.20113260760777
"SERINC1",1.20030892221305
"RUNX1T1",1.19875812989006
"VPS39-DT",1.19792102149118
"FTX",1.19626093713414
"TDRKH",1.19390420590111
"MCM5",1.19321260897573
"DEGS1",1.19316875095486
"SNED1-AS1",1.19045150468065
"FDX1",1.18960019022651
"SBNO2",1.18956125769998
"P3H1",1.18942536961782
"CCDC18-AS1",1.18684663538119
"RNU6-510P",1.1865175770926
"GTSF1",1.18640583264697
"WDR62",1.18594037795955
"GDAP1",1.18539906365534
"ZBTB20-AS1",1.18150358765605
"KNTC1",1.18084693054047
"LAMTOR5-AS1",1.18080172065024
"PTP4A1",1.1806097111805
"LAPTM4A-DT",1.17992407264014
"LINC03074",1.17981176279018
"MARK3P1",1.17947303284206
"ZNF773",1.17740178451011
"CENPS",1.17672955581687
"SMARCD1",1.17657520136917
"MYL6P5",1.17491851088091
"SPOPL",1.17377105256956
"KIAA2013",1.17334429772575
"STX5",1.17275210110346
"C6orf226",1.17273827224229
"HIVEP2",1.17154257703014
"UPF3A",1.17120460852972
"PTGR3",1.17075475105263
"BTNL9",1.17037890636442
"LINC00706",1.17037890636442
"IGHV1OR15-3",1.17037890636442
"GALK1",1.16986375411224
"DNAH10",1.16982548438331
"GPATCH1",1.1695351721072
"PIGA",1.16941912112238
"RBP1",1.16882592347166
"RPS3AP19",1.16876146040673
"GSEC",1.16744295530233
"LNX1-AS1",1.16724325454052
"ING1",1.16710147674246
"NR1D1",1.16673793430347
"OSTC",1.16664378536172
"ICMT",1.16644222823982
"COPS7A",1.1650081642823
"FAM240C",1.16408783502496
"MLX",1.16335285916514
"ORAI2",1.16200563070026
"TGIF2",1.16139020523909
"MGAT4B",1.16000895412424
"MVP-DT",1.15953754899121
"TRIM47",1.15838533300711
"NPHP3",1.15808664513296
"FANCI",1.15560210225408
"RNU6-1255P",1.154877405339
"BTBD7P1",1.154877405339
"HEIH",1.15225389453821
"H1-3",1.15199588301616
"LHFPL3-AS1",1.1516814205728
"MON2",1.15076368260789
"CDK11A",1.15054426868592
"CTSO",1.15033655372907
"HOMER1",1.14982921785137
"NCAPH2",1.14972182052218
"USP7",1.14936635073188
"IL12B",1.14931929851472
"CNOT4",1.14912580631764
"MPHOSPH10",1.14849906840333
"GTF2A1-AS1",1.14822188205668
"SLC36A4",1.14763986414228
"NCOA2",1.14659809062734
"C6orf132",1.14623553884902
"KLF16",1.14510852004336
"CSMD1",1.14418231919707
"LGR4",1.14351374795384
"ZNF469",1.14305271227236
"ANO3",1.14238474772452
"HARS1",1.13949766976352
"NPL",1.1388109795992
"GSK3B-DT",1.13854273721377
"PIGL",1.13710317333813
"KHK",1.13697007114571
"EEF1A1-AS1",1.13685456200559
"ARHGEF34P",1.13574886155667
"RNU6-172P",1.13548223430593
"SLC25A28",1.13517038815499
"MED7",1.13389321731291
"MIF4GD-DT",1.13383073539853
"CCDC51",1.13362147259845
"MEDAG",1.1333570370895
"ZSCAN32",1.13281834984546
"KRIT1",1.13120109833177
"LINC01754",1.13113260370271
"OTUD7A",1.13035555594395
"OSBPL11",1.13026268962429
"SOCS4",1.12981763824649
"VPS13C",1.12915380529273
"OCIAD1",1.12791012478484
"VTI1A",1.12760933665271
"RNU5F-1",1.1275424943787
"TMEM132B",1.12529286755362
"ACACB",1.12521651218021
"CTDSPL2-DT",1.12516393261852
"OIP5",1.12513592905673
"BET1",1.12497830346416
"SUCLG2P2",1.12401745384014
"MAN1B1",1.12370586194208
"ATP2A2",1.12354259759281
"STT3B",1.12327987188423
"NRF1",1.12307362244629
"MIR761",1.12253837761366
"PCLAF",1.12252714563989
"EMC2",1.12206086866514
"ETNPPL",1.12161728246185
"MIR639",1.12161728246185
"GCDH",1.12136134814416
"TMEM131",1.12047393309638
"MIR6759",1.1197593469265
"ADAM17",1.11955921478631
"CYB5D1",1.11843907029741
"DDX59-AS1",1.11842177872615
"PPM1K-DT",1.1181231158696
"LTBP3",1.11667771900232
"RNU6-610P",1.1102058466571
"DNAJC6",1.11003957248367
"DOCK1",1.10958016104145
"POMGNT1",1.1082175237618
"RPS11P5",1.10759937935167
"MTIF3",1.10758345429487
"DYNC1I1",1.10682054227798
"RAI14",1.1056838280417
"NOP56P3",1.10552664254274
"SLC29A2",1.1053498390646
"PRUNE1",1.10393411526127
"KIF5A",1.10274671618963
"PNN",1.10166790889844
"GINS3",1.10149814549893
"OPA1",1.09909806098921
"SNHG5",1.09831202470049
"RAD51AP1",1.09705385175431
"C2CD4B",1.09525942900847
"HS3ST1",1.09523790543002
"LINC01429",1.09487866687636
"WDR72",1.09473849416354
"EEF1A1P12",1.09470150692324
"RN7SL785P",1.09464003106945
"GSN-AS1",1.09339028367101
"PRR34",1.09298616294136
"LRPPRC",1.09145812374077
"ATP1A3",1.08927497266438
"SPIN2B",1.08786145777279
"XPO6",1.08727817275711
"PLOD3",1.08685643207869
"DLAT",1.08599398027861
"FGFR1OP2",1.0856644062013
"ELMOD2",1.08538141353624
"TSPAN9",1.08492364869862
"GOLGA8R",1.08478095621981
"ACSBG1",1.08456515039838
"RNF141",1.08265123400597
"OR10H5",1.0826359086766
"NPIPA5",1.08225414868123
"PARD6BP1",1.08016665781193
"ZNF549",1.0796938561594
"PRR5",1.07965497723652
"MTCO2P2",1.07948985078642
"FCF1P7",1.07928655127082
"ZMYM1",1.07912264006556
"JUP",1.07818701071552
"FBXO15",1.07700419646539
"PHC3",1.07658689241627
"PDGFA",1.0764159925627
"BLZF1",1.07332522569662
"RABL2B",1.0730650799574
"ZNF738",1.07257361482979
"HSPA8P8",1.07204005416709
"GPR15",1.07188108321369
"PRC1-AS1",1.07169008026588
"AAMP",1.07091539159912
"ME2",1.07077605725742
"SBDS",1.07004488995618
"IFT52",1.06950803686698
"H2AC15",1.06834757005629
"QTRT1",1.0681812888449
"BUD13-DT",1.06795025720399
"ATAD3B",1.06782671797246
"RDH12",1.06668153080914
"BAZ2A",1.06643744640088
"LINC01964",1.06488202899414
"ATXN1-AS1",1.06477292400071
"HTR1D",1.06437836409931
"LTBP1",1.06382164111395
"NECTIN1-DT",1.06181259799279
"RN7SL745P",1.06178715694856
"GBA1",1.06116235938253
"IER3IP1",1.06114671652115
"GYS1",1.06083798276241
"ADNP2",1.0606952567363
"RBM15B",1.06038877606563
"BNIP2",1.06006688100658
"PART1",1.05961545697834
"AATF",1.05865000791919
"RNU6-33P",1.05817359639937
"MIR1200",1.05817359639937
"HOXB4",1.05802978242485
"IL17D",1.05715701237743
"TAS2R42",1.05592724503055
"PIGF",1.05392622264608
"GNPNAT1",1.05353690525935
"RIPK1",1.05334934308221
"AKAP6",1.05242371089843
"SAP30BP-AS1",1.05210747479571
"THORLNC",1.0515646221438
"CDT1",1.051139114413
"BTN1A1",1.05098444806119
"MTHFD2",1.04966384916588
"PLCL1",1.04966304873033
"RUVBL2",1.04879545179822
"MDGA1",1.04787773673369
"CAMKK1",1.04739516445588
"MIR599",1.04619164328277
"RBBP7",1.04615069467348
"IST1",1.0452489840468
"PSKH1",1.04457418690749
"ZNF496-DT",1.04226039019325
"MCTS1",1.04223601435586
"ZNF37A",1.04127882116237
"CPHL1P",1.04107349547189
"ZFYVE16",1.04086598514167
"PSME4",1.03838788431787
"HS6ST1",1.03832766320115
"RCSD1",1.03730691345307
"MAPK1IP1L",1.03699989548606
"SFMBT2",1.03691055595907
"ZCCHC3",1.03469823109503
"TUFM",1.0341572696549
"SLC25A42",1.03400363580884
"KBTBD7",1.0336960400937
"ANKRD42-DT",1.03155686222571
"KLF3",1.03113535753258
"LINC01732",1.03062284706958
"SMYD5",1.03028587150418
"F8",1.02919876862876
"NSUN4",1.02907749276558
"MATN1",1.02882539735716
"IFT27",1.0284488448137
"GSE1",1.02814730342044
"PRRC1",1.02606102090718
"MRPL3",1.02377323982538
"CNPPD1",1.0231674227966
"ARHGAP1",1.02274737834489
"HK2-DT",1.02234553701879
"TMEM198B",1.02234553701879
"CAVIN3",1.02056914763297
"TUBB2BP1",1.02013769492644
"ABHD16B",1.01924065240951
"DGAT1",1.01842647494114
"UBXN7-AS1",1.01824162176179
"WDR55",1.01823925097993
"CCDC73",1.01806671692721
"PSPN",1.01747839366199
"JPH3",1.01735942673858
"ADORA2A",1.01711890059436
"MIR4271",1.01623556427
"NUP37",1.01543418146531
"FAM174B",1.01529508867248
"LEPR",1.01505185338574
"MYADM",1.01431358628274
"ZNF417",1.01411375911187
"ZNF451",1.01394523512453
"WDR45B",1.01389769116106
"TMEM41B",1.01387881509828
"TMEM183BP",1.01334599743073
"PCYOX1",1.01258289017189
"GRM8",1.01236227013547
"MIR3944",1.01173445818556
"PKD1P3",1.01173445818556
"CANT1",1.01039876188222
"FBXO25",1.00990649646394
"STX3",1.00912485951164
"TRIM8",1.00884425970555
"RAB2A",1.00708145798024
"TPP2",1.0062537771918
"PTOV1",1.00534624935487
"ZNF76",1.00451251515462
"EIF2A",1.00297488991779
"CAMKMT",1.00267381421178
"PAN3",1.00247617925179
"PMS2P3",1.00174250296669
"RANGAP1",1.00117588217957
"EVI5L",1.0004777611084
"ERICH6",1.00000408171048
"RAB28",0.999142428870375
"HAAO",0.999077212514134
"TCEAL4",0.998881936282147
"LINC02591",0.996805936088304
"RD3",0.995896437601077
"RNY1P14",0.993682360227379
"NCK1",0.993215407616449
"ERCC1",0.99254838673937
"BZW1P1",0.991766153953729
"GBE1",0.991631943337586
"RPS10P28",0.989713529537973
"ATP23",0.988811522151382
"PHF1",0.988478641209017
"TMEM225B",0.988372307394612
"ZNF391",0.986540603227034
"WWTR1-AS1",0.986309976272202
"FTLP3",0.985522732897385
"AMFR",0.985338711239155
"LNCATV",0.984216779243659
"EZH2",0.983076769350838
"ERICH2-DT",0.983060991316149
"SLC16A5",0.982919583137803
"LINC01002",0.98271829502849
"OSTM1",0.982091688672694
"IGHV3OR16-12",0.981449851065684
"GSN",0.980851708760401
"LINC01271",0.979252080599924
"CTDP1",0.978768295914594
"NUDT4B",0.978431733086702
"CBX5P1",0.978190581509285
"FBXO3",0.977706777114155
"SNORA28",0.97724313004803
"FGF9",0.976919421052023
"PNKP",0.976667654658901
"ARL6IP1",0.975982196509976
"MANBAL",0.975804477863103
"IL6ST-DT",0.974816968057479
"FAM118B",0.974534179827773
"LINC02250",0.974465203197845
"GOT2",0.97283146883325
"HNRNPH1P1",0.972807711252665
"UBA2",0.972799440365482
"APOL1",0.972003260210799
"ZNF142",0.971595382009099
"DNAH6",0.971329622842927
"TEX261",0.970146407042881
"ZFAND3",0.969964999511009
"LINC01503",0.969539641732434
"FAM199X",0.969293807764368
"SPSB2",0.969175849481783
"FBXO38",0.96882018082521
"RECQL4",0.967725105627138
"PRDM4",0.967494918923936
"MTDH",0.966087169248207
"NAPA-AS1",0.9660253087145
"JPT2",0.96558301204545
"CXCR5",0.96465016516343
"ADGRD2",0.964402281846387
"KCNC4",0.963972827593227
"KRT17P3",0.963965819976272
"ZFAND2A",0.963809019590298
"MRPS17",0.963390693414252
"MTA1-DT",0.963083193543515
"RNFT2",0.962963245542345
"TTC28",0.962390854038625
"CUL1",0.961461829650072
"PHLDB2",0.958655781753098
"NDUFB2-AS1",0.958360430447791
"GFRA2",0.958222298570466
"RIPOR1",0.957779890953258
"SNORA70D",0.957405414085882
"MGAT4C",0.95734008360437
"HSPA9",0.95726546633451
"AP3M1",0.957225446254938
"EXOC6",0.957122845046801
"NELFCD",0.956363825006978
"TMEM150A",0.955949678860795
"LEFTY2",0.95396219309794
"UBE2E2-DT",0.95396219309794
"INPP5E",0.953904597805085
"IFIH1",0.953674115571859
"OR4Q3",0.953514532085118
"CFAP410",0.952965249548378
"PPP1R21",0.952840939296087
"UGT1A6",0.950495005775728
"LINC00499",0.950495005775728
"SLITRK2",0.950495005775728
"DRD2",0.950495005775728
"LINC02706",0.950495005775728
"A1CF",0.950495005775728
"TUBA3C",0.950495005775728
"AGKP1",0.950495005775728
"PRR14",0.949892195159724
"SMPD5",0.94963997757266
"HYOU1-AS1",0.949213618664479
"EMC9",0.949109922720085
"HAGH",0.948891301984753
"TMEM9",0.948743179225886
"IER2",0.947553553867199
"BUD23",0.947194753021737
"GPANK1",0.946492994513598
"AKT1",0.945746331230136
"OGA",0.940725277831259
"ICAM3",0.939826259598968
"PURPL",0.939412743103736
"IMMT",0.939003739819236
"ERI2",0.938541678165501
"FAM120AOS",0.938492472299376
"CCDC187",0.938428327833363
"EDRF1-AS1",0.938135219403297
"ARAP1",0.93657907094356
"MYC",0.934665930509477
"AGBL3",0.934432160386467
"GJC2",0.9320730028226
"PCMTD2",0.931969162676944
"DCAF12L2",0.931964806528322
"PGLYRP1",0.931964806528322
"PITPNA-AS1",0.931386886057222
"OR7E21P",0.930667243844617
"SERBP1P5",0.930661036192046
"MORF4L2",0.930390269190922
"AIM2",0.929879190029833
"TTC4",0.927935183581214
"ZNRD2",0.926954285747071
"UFC1",0.926297605888356
"ZNF205",0.925729130404663
"GLCE",0.925570480300791
"C16orf46",0.924999617249753
"SPEN",0.924707029379101
"SH3GL1",0.924326591800887
"LINC00458",0.924241464912489
"CLEC17A",0.923502133239342
"ATF6B",0.923016153063537
"C2orf42",0.923008481957751
"RS1",0.922777841527858
"BBS4",0.921806258118969
"NADK2",0.921432101390643
"ADIG",0.921351176277529
"UEVLD",0.920122244780867
"RWDD3",0.919448598242435
"LSM14B",0.91792540463338
"POLR3H",0.917412075295554
"FANCL",0.917204988578651
"HACD3",0.916753303429068
"UBXN4",0.916089134720393
"GTF2H1",0.915944832474748
"RUNX2",0.914716222327377
"MIR3651",0.914553319648331
"VKORC1",0.914475941126328
"PABPN1",0.912666165384775
"SUPV3L1",0.912600205954126
"NPAT",0.911380455844855
"ATP5MC1",0.911042225943525
"ITGB3BP",0.910986858128758
"HSD17B1-AS1",0.910830332744777
"ZNF805",0.910326096646707
"MFSD1P1",0.909638688701914
"EIF2B5",0.909413564576703
"ACTG1P20",0.909269403446509
"SWAP70",0.909018066054998
"RNVU1-33",0.908658239481729
"TPBGL-AS1",0.907253064443061
"CSGALNACT1",0.907209081189867
"ZNF676",0.906645821545314
"FXR2",0.905850416947565
"WDR5",0.905304725562067
"TAF9",0.90273695773873
"LRRC73",0.900849224018813
"TCTN3",0.899746818237662
"NEURL2",0.899150761054127
"ZNF564",0.897628667482877
"TEX35",0.897368569469118
"TAC4",0.897368569469118
"ABCB6",0.896198564693882
"IFI27L1",0.896092533865381
"RPS25P3",0.896004759271888
"NDUFAF1",0.895940662936822
"ZBTB37",0.895348426844461
"CPHXL2",0.893726751059043
"DPH1-AS1",0.8934404366797
"IBTK",0.89123636468268
"TRIM14",0.891211008611389
"NPEPL1",0.891056408978641
"SPRYD7",0.888815022974817
"RPS27P9",0.888045799711689
"MBD1",0.887939321301206
"LINC02775",0.887922681402361
"XRCC6P2",0.887623572211322
"SMYD2",0.887267399815303
"GFER",0.88661689782692
"C4orf33",0.885671639763178
"CCDC15",0.88534590917705
"AKR1E2",0.884835701107661
"PPP6R2",0.884822959345132
"CCNY",0.882623355246365
"SRSF4",0.882164839213591
"ASB16",0.88119455077773
"TICRR",0.880803197528818
"ABHD17B",0.879637211424323
"ANXA2R-AS1",0.878137167297796
"SCGB3A1",0.875951474134914
"ENTR1",0.875738749645804
"GUCD1",0.874788236589088
"HARBI1",0.874047130078201
"RPL26L1-AS1",0.873349921482744
"RN7SL473P",0.872816547383909
"TARDBP",0.872597103982077
"RPL38P5",0.872342647077023
"LINC02301",0.87225196531614
"RBM27",0.870676174200894
"AP4E1",0.870576631206502
"ZNF605",0.870481424387353
"GOLGA1",0.869115560990505
"LSM12",0.869082783614836
"ZNG1F",0.868012090852513
"TFIP11-DT",0.867482950132387
"TRMO",0.867250994219969
"LACC1",0.867114674599155
"ST20-MTHFS",0.867104720691484
"RTL8C",0.866949333126027
"EIF4BP6",0.865878252032343
"CBY1",0.865653660292151
"NFE2L1",0.865608628317382
"ARID5B",0.865480618760097
"WDR83",0.864323954067834
"LINC00847",0.863447563192773
"SP3",0.863331756710672
"USP15",0.862098725966258
"LINC02948",0.861976153232151
"NPM1P38",0.861549943621366
"CLIC5",0.861331249955734
"RDUR",0.859454718273108
"CCDC192",0.859397415817825
"KIF13B",0.859390062943333
"RCCD1-AS1",0.859202290326839
"USP36",0.858664769622864
"PABPC1P4",0.858502473606917
"RNF123",0.858115513605315
"LINC01610",0.857731940882717
"ISG20",0.856243760833331
"CTRC",0.855438654080866
"GSTA8P",0.855438654080866
"C16orf78",0.855438654080866
"LINC01892",0.855438654080866
"CYYR1",0.855438654080866
"CCZ1",0.852790725358043
"TLR6",0.852089263564672
"PPM1F-AS1",0.851174387722103
"VRK2",0.850064951003658
"ZMYND19",0.849550116217533
"NT5DC1",0.849539379982688
"RNF149",0.849245861846471
"SLC36A2",0.848952619741622
"LSM10",0.848079722209182
"PMPCB",0.84779514244193
"RARRES2",0.846499878948404
"LINC00336",0.84635488753796
"CIMAP1B",0.846056442746353
"ZNF8",0.843067322713422
"PHYKPL",0.842195652666895
"TTC33",0.841951359767626
"LINC02690",0.841231388443373
"CNNM4",0.840544144405187
"P2RX4",0.840270409633066
"OGFOD3",0.839516482448463
"NRDC",0.83894841382653
"CRYL1",0.837851959340345
"ATP6V0D1-DT",0.837227763575732
"SCOC",0.836692843185797
"ARFIP2",0.836624023367144
"ASPN",0.836287820813044
"PPP4R2P2",0.835854957311048
"MPRIP-AS1",0.835105691728715
"GRPEL2",0.835096870975839
"RUFY1",0.834198496880175
"CRYBB1",0.833945622704679
"LINC01554",0.833551130814269
"UBE2G1",0.833087724044096
"CCSAP",0.832002728432272
"MYCNOS",0.83124152612294
"LINC00879",0.831011647985957
"STXBP6",0.830518378981938
"C6orf120",0.830288935937465
"EMC4",0.829374303770162
"CTR9",0.82890872667168
"NUCB1-AS1",0.828867458499354
"GATC",0.828770034120637
"SRP19",0.828678569200956
"ZNF836",0.828542360410915
"ITGB7",0.82758463877258
"TATDN3",0.825778863347782
"SEC61B",0.8257200209589
"SNORD19",0.824573931553917
"DENND4A",0.82431329784532
"CLK1",0.824052232850214
"TLR10",0.823942253828472
"MTHFSD",0.82342469569401
"BTAF1",0.822995221167142
"EYS",0.822651476907297
"ARFGEF3",0.822215587192071
"GLB1",0.821905152589546
"CEP126",0.820162717655793
"RASA4CP",0.819793986772456
"RNFT1P3",0.819442761655683
"IL15",0.817862571918212
"TRAF1",0.817154913530278
"IPO8",0.816874250426977
"SMARCAL1",0.816649195927717
"LINC02694",0.816273025015036
"APOL4",0.815226465458247
"CPXM2",0.814778476217838
"MUC19",0.814522413594742
"ZNF429",0.814371068066668
"RPL21P137",0.813579239405205
"NUP205",0.812610968523724
"ABCB7",0.812478314021566
"SFPQ",0.811622276173152
"TMEM256",0.810484729801513
"INTS15",0.809132089001599
"C14orf93",0.807582928155576
"DAD1",0.807502456587662
"IQCK",0.805062027563361
"ATP10D",0.805051853974247
"POLR3E",0.804896592625537
"STX17",0.804611264851078
"CYP4V2",0.804019497743689
"DLK2",0.803451748829864
"ATP5IF1",0.802654503524893
"SETDB1",0.802602650288441
"DAP-DT",0.802277293071178
"LINC01088",0.80219856851001
"DCPS",0.801947996548214
"SNX15",0.801791173309694
"ZZEF1",0.801414250644626
"SLC25A16",0.80126578938432
"FBXO6",0.801202511813571
"IQGAP1",0.801164981147826
"BCL10",0.800603172903279
"PPP2R1B",0.800229269399424
"USP9Y",0.799983736422488
"ALG13-AS1",0.799684448880914
"INTS6L",0.799331501708589
"RN7SL697P",0.798435421292175
"MIR635",0.798435421292175
"LIN37",0.798218964881254
"BCL2L1-AS1",0.798013807972272
"MIR9-1HG",0.797503040487708
"PRR11",0.795516072726468
"NRAV",0.795470361491448
"PKN1",0.794753040853519
"SENP5",0.794435043788731
"RNU5D-1",0.793761062319253
"LTA4H",0.791951947767128
"SSU72",0.791014111529464
"SLC2A11",0.790257033448594
"SEMA6A",0.788681451953743
"PP2D1",0.788546315912498
"EDRF1-DT",0.787670781892719
"HHIP-AS1",0.787337981066688
"CFAP73",0.786025764176723
"MT-TF",0.785606746551662
"IGHV3-50",0.785538323452656
"DNAJA3",0.785308800720263
"PITPNM2",0.784665233383313
"YRDC",0.783898031694561
"ADAM11",0.782902929267976
"PSMC1",0.782677892661927
"PTCH2",0.78265187791744
"PLEKHG7",0.782632451590084
"BRWD1",0.782564177584574
"FARSA-AS1",0.782543449526288
"HBS1L",0.78238984320306
"ZC3HC1",0.781601137827189
"MIR3140",0.780806571448685
"NBPF20",0.78066443938503
"PLLP",0.779533815139965
"CXCL10",0.778432278350664
"B3GALT4",0.778169775786988
"LINC01880",0.776931683391345
"COX5BP3",0.776931683391345
"HIPK3",0.776636478989309
"UNK",0.7761638690161
"SRSF5",0.775626129761623
"SLC35F5",0.775581288679796
"RPL10AP2",0.774989193251189
"MYH9-DT",0.773992396781684
"FAM114A2",0.773985509624253
"FBXW11",0.773471842803865
"ZNG1E",0.773366741205134
"PPM1E",0.772492932902104
"ANKMY2",0.772277498532917
"RASSF5",0.772130636404631
"INTS10",0.772042250539953
"ATR",0.77184009011304
"PRSS37",0.771806378211951
"BARD1",0.771620479730669
"HMBOX1",0.771358517615852
"CTDSPL",0.771010002591395
"ERN2",0.770521427265891
"PRTG",0.770479050071071
"DNAJB2",0.770343970352467
"USP4",0.770054913744414
"JAGN1",0.768478605141488
"CYSLTR1",0.768447939388564
"MAGEE1",0.768275132043669
"NDUFV2-AS1",0.765658300608995
"HASPIN",0.765409352709525
"NRG4",0.765202000784845
"FKBP5",0.764973390239512
"HP1BP3",0.764886109866665
"VSTM2B-DT",0.764836282330551
"KAT5",0.7645239140491
"BRI3BP",0.764498112983897
"NIPA2",0.763973398491341
"GTPBP1",0.763946315855317
"WDR45",0.763670131375855
"SLC38A2",0.761105091304343
"NSMCE4A",0.760072321136401
"UBB",0.759835657371513
"DOK1",0.759821214390082
"NLRP1",0.759634989071022
"RNU6-260P",0.759578318583553
"RNU6-386P",0.759511058738548
"MIR1587",0.759511058738548
"PHF5AP7",0.759222378100855
"H3C3",0.759222378100855
"TXNIP",0.758923561997299
"ANKRD49",0.757242933381626
"ZNF593",0.756986005409928
"PSME2P1",0.755192492334831
"OLA1",0.754765467549039
"LAMTOR3",0.754705997661235
"HSFX4",0.753100083496111
"QNG1",0.752623186201679
"GOLM2",0.752201590895898
"KLC3",0.751643913118944
"RPL36AP44",0.750481291817115
"ZNF491",0.749974295498376
"SNAP47",0.749917016940326
"RGS5",0.749829207594386
"POU2F1",0.749110836273899
"ZNF433-AS1",0.748714823409089
"USP28",0.747446163986908
"CNTROB",0.747231323029616
"EPM2AIP1",0.746074656781151
"SLC5A6",0.745796018622421
"TCFL5",0.745244411501619
"SYDE1",0.7451822296583
"KRBOX5",0.744984790929733
"RWDD4P1",0.744677023683357
"FKBP1B",0.744137641538661
"TMEM209",0.744134027336559
"DDN",0.743715572647524
"BTF3P16",0.742397164409532
"CBLL1P1",0.741349845406781
"LINC01471",0.740252462046525
"BARX1",0.740248940738549
"SRSF9",0.740123658290973
"ZAR1L",0.740053978243131
"SAMSN1-AS1",0.740053978243131
"TUT1",0.739188219250701
"CASC11",0.738970700177405
"KAZN-AS1",0.738018552458964
"STRN3",0.737897259461865
"TARBP2",0.737541884134315
"COQ10B",0.737269358549492
"BAG3",0.736915715634407
"NTMT1",0.735226810486939
"LINC01786",0.734868532778611
"ZC3H11A",0.734024610437402
"TWF1",0.73372172282988
"SNX27",0.733576840186858
"TTC17",0.733559254191157
"TOPORS",0.733427252935345
"MT1H",0.733389242517893
"HLX-AS1",0.732151261685527
"HSPE1",0.730440858756465
"TOB2P1",0.730274271430285
"UPF3AP1",0.729112635976858
"PLEKHN1",0.728587880535822
"ZC3H3",0.728350293498753
"PRKRA",0.727623023444495
"MORN4",0.726955917521045
"RRAGB",0.726849121541376
"FARSA",0.726435663700694
"TMEM248",0.725584150139771
"GTF2IP13",0.725401107564504
"ARMC6",0.725098763631815
"RN7SL620P",0.724670481359354
"B4GALT1",0.724606012906781
"RAB30-DT",0.724485801680151
"CLCN3P1",0.724005192070903
"LPAR1",0.723985496915004
"DDT",0.723852363791724
"RPL23AP30",0.72363265984943
"TYSND1",0.723376778452167
"C17orf50",0.723215079175315
"AQP7B",0.723199400201351
"OR8B10P",0.723199400201351
"LINC03125",0.723199400201351
"CDC42P2",0.723148651910735
"SMPD4",0.723072455282723
"ACTL8",0.722777242240116
"IL1F10",0.722777242240116
"GATA2-AS1",0.722777242240116
"FNDC1",0.722777242240116
"GABRG3",0.722777242240116
"CLEC3A",0.722777242240116
"FENDRR",0.722777242240116
"LINC01543",0.722777242240116
"ST8SIA5",0.722777242240116
"RC3H1",0.722216640045895
"RNU5E-4P",0.721655416138442
"IGKV1OR1-1",0.721484830845531
"RNU6-476P",0.7213683245969
"CYP2R1",0.721091800617565
"SH3TC1",0.72109037799152
"NCF4",0.720691412327705
"EP400",0.719364532522263
"SLC39A9",0.719078670397414
"ELP2",0.718857854724005
"ZDHHC8BP",0.718731885963665
"NKILA",0.718602111521846
"RPL9P29",0.717888062065116
"COPZ1",0.717080223650528
"CCDC138",0.71607448281233
"GTF3C3",0.715662054748615
"STXBP3",0.715149875902402
"BRD9",0.715082732286697
"MIR191",0.714992656509222
"ADAMDEC1",0.712916847412034
"WDFY2",0.71217319170269
"ACTG2",0.711615895788698
"DYRK1A",0.710768597142346
"FAM117A",0.710608836434608
"SMARCA5",0.710079627751644
"JMY",0.709851201037977
"VPS26A",0.709518913510603
"VPS11-DT",0.708338591031892
"GPBP1L1",0.70817047264568
"NDUFV2P1",0.707787154761945
"VN1R1",0.707596250339461
"CRIPT",0.706961956088358
"ZNF473",0.706515272252696
"SPATA2",0.706134489034943
"SUDS3P1",0.70576027859386
"NUP54",0.704680539236959
"DENND1A",0.704399896395696
"TBP",0.704231033790088
"HMGN1P15",0.702242133969677
"FBXO11",0.701682920049925
"FAM90A1",0.701360101976343
"IPO9-AS1",0.701291104585177
"POU5F1",0.700197635960255
"BNIP3",0.70011698587946
"CTNNA1P1",0.700085939561241
"ARHGAP11B",0.700081272060603
"MDFIC",0.700049255815479
"SDCBP2",0.699695653831832
"MMAB",0.699127466233524
"LPIN1",0.698803349136443
"THPO",0.698547824497964
"PDCD6IP-DT",0.697524860814052
"MAN2A1",0.697245112708962
"MARK3",0.697180034586284
"DST",0.696823708661369
"CD2BP2-DT",0.69663530551829
"ZBTB12",0.696538288858798
"TMEM132E",0.696538288858798
"GOLGA4",0.696430782364292
"PTP4A2",0.695372319287119
"PPIAP21",0.693429998864224
"SUMO2P21",0.692953785774207
"YIF1A",0.69116806110687
"TRABD2B",0.691063186158423
"MIR548AK",0.690901946345528
"GACAT3",0.690837862441898
"MCAM",0.690346506569346
"UNC45A",0.69006767931725
"PHIP",0.688615911373453
"SDHA",0.688448838978142
"NUP153-AS1",0.688347306096398
"MT-TI",0.688179973880044
"RPL19P6",0.686286845328437
"MAGEH1",0.686188219974135
"GEMIN7",0.686071604811983
"DKK2",0.685918031447364
"PRKCIP1",0.685718485801713
"CENPW",0.685407493718883
"PERP",0.685300141437474
"OSGEPL1",0.683989294347049
"PPM1N",0.683788963687424
"GRIA4",0.682865142184808
"KCNJ13",0.682592784174659
"AGPAT3",0.682485522689579
"EIF3B",0.682415768509536
"ZNF253",0.682275327483767
"POLR2C",0.682144761719862
"RPL30P13",0.682136227037793
"TENT5A",0.681744598607624
"MAPKAP1",0.681735650469036
"GEM",0.681492644374355
"ABCE1",0.679669473032997
"MMGT1",0.679243836213854
"CSDE1",0.679139929211125
"SOX12",0.678194310189238
"BRAF",0.678175544855331
"ANKS4B",0.678141029214039
"MED23",0.678112168147036
"RNU6-927P",0.677968026360251
"SPRYD3",0.677876147026177
"STOX1",0.677097832940688
"RNU4ATAC16P",0.676954683341759
"HBA2",0.676954683341759
"CHI3L2",0.67644882777804
"RAB15",0.67577254313205
"PSMD12",0.675557641971687
"ZNF490",0.675235754204752
"BBOF1",0.675139578250282
"RNF216P1",0.674705437019614
"IRF2-DT",0.674383531073856
"DCHS2",0.673892315286367
"SOX9-AS1",0.673892315286367
"PPIAP15",0.673594261722663
"NUDT4",0.673372015325285
"GCFC2",0.673156452885313
"CDC20-DT",0.672782757246163
"ZNF782",0.672507074753514
"NDUFS8",0.672003509495618
"C15orf39",0.67146946924569
"C12orf56",0.670352087096028
"ST13P5",0.669998126023578
"PCYT2",0.66992193961699
"H2BC13",0.668504940890953
"BAZ2B-AS1",0.668114489835615
"MIS18BP1",0.667987800522865
"CCT8L1P",0.667973725384249
"WNT5A-AS1",0.667965042927356
"LILRB2",0.667963786651517
"GXYLT1",0.667250427128713
"C12orf50",0.667148743439431
"KCNA3",0.667062327648623
"MFSD6",0.666097001707924
"SH3BGR",0.664130334001495
"MRI1",0.663309968340243
"LINC02345",0.662302849607442
"SLC16A3",0.66228961337514
"NEK1",0.66223331055488
"HBA1",0.662192653916043
"UBE2CP5",0.661995229925766
"NPM1P43",0.661151988199245
"KCNG4",0.660432206069634
"BRMS1L",0.660164825378197
"CEP170",0.659887982704308
"TAF1A",0.659771400331617
"LINC02268",0.659635592280525
"SNRPC",0.659613183232449
"TNPO1",0.659206010501238
"PGRMC1",0.658509079760542
"IGHVII-22-1",0.658220804955009
"SARS1",0.658130019768095
"TUBB8P2",0.657855363914316
"SLC22A10",0.657855363914316
"LINC02177",0.657668108541083
"FOXK2",0.656753997207281
"VDAC2",0.656409461954117
"EIF4G1",0.656238252191818
"DPH7",0.654377533472419
"EARS2",0.653598339665358
"CCSER1",0.653020882629656
"RFT1",0.652268210705278
"CYCSP24",0.652153293097693
"LINC01176",0.651837571677181
"ZNF718",0.651590035363412
"TRMT61B",0.650571328114964
"MBTPS2",0.650379568011238
"GGT7",0.650324297979951
"RNU6-789P",0.649753827550973
"NPM1P42",0.649616310720032
"POLR1E",0.648904766088397
"CPT2",0.648458984485329
"CNTNAP5-DT",0.648144286168957
"NKX6-3",0.647490043942246
"MIR3661",0.647283595894288
"PDIA3",0.646731972093027
"MARCHF7",0.646655171114412
"TGDS",0.646104914322707
"RN7SL68P",0.64538565104687
"BCL2L10",0.644965659264791
"IGKV6D-41",0.644501458546415
"TRUB2",0.643764565652829
"LDLRAP1",0.643547812007607
"SLC35E2B",0.643464483651789
"HSPH1",0.642989399883537
"METTL21A",0.642425135581079
"PPIAP58",0.642356612918175
"SNHG12",0.641140587929132
"RNU6-151P",0.639255612787474
"TLE4",0.638954621752529
"KMT5A",0.638619945580845
"RASSF1",0.638331313343551
"RPL10P3",0.638230133731801
"EPM2A-DT",0.638183478442664
"LENG8-AS1",0.636765137310686
"ATP6V0A1",0.636670815231889
"HSD3B7",0.636115114772236
"MAP1LC3B",0.636069218111626
"YTHDF3-DT",0.634739656087976
"RPS2P29",0.634590969670485
"NOC2LP1",0.634497655803979
"HSD17B11",0.63441539900819
"TMPO",0.634361330967429
"ZNF230",0.634290970940968
"HNRNPH2",0.634056015096778
"ATP1B2",0.633546486929397
"CACNA1C",0.633409925662032
"RNU6-415P",0.633212207188591
"TRAJ46",0.633174735272884
"MAP3K14-AS1",0.633172830026194
"ATPAF2",0.63290408289658
"LEAP2",0.632428077154632
"BPIFB1",0.632408643150793
"DCAF8",0.632132663920997
"SARS2",0.631049586441783
"THAP7",0.630814279921982
"PI4KB",0.630587139298417
"BISPR",0.630495375921132
"COG8",0.630494285487959
"CSRNP1",0.629179141276865
"ANKRD36C",0.62890703149612
"MTPAP",0.628760853771233
"LINC02370",0.628606203619659
"ATG7",0.628247113961271
"CD164",0.627718646693839
"SEMA4G",0.62748089838883
"TMEM70",0.627117924187625
"NABP1",0.626683217494414
"TMCO3",0.626568026599804
"DTNB",0.626539770734412
"OSBPL2",0.626164639187939
"RNF13",0.625948936586431
"DDX12B",0.625945065695434
"BRWD1-IT1",0.624912107074397
"KIAA1328",0.624390527333341
"SMAD2",0.624112254503538
"BSG-AS1",0.623869822254515
"VTRNA1-3",0.623800703370586
"CCDC30",0.623603384320934
"TMED3",0.623587467014707
"LRRC14",0.622880719190694
"CNTNAP1",0.622434741913634
"TLCD2",0.621416857725819
"GSKIP",0.621169795858724
"LINC02356",0.621161749787462
"BORA",0.619805964696231
"PIGW",0.619569331862645
"MYADM-AS1",0.619401343511916
"LINC02987",0.618595918129266
"EMP2",0.618342460464762
"MOSPD1",0.61818417152908
"REV1",0.617203118338254
"EFHB",0.616948320814881
"DDX42",0.616733920301354
"NKRF",0.616088878377869
"NPIPB8",0.616004191583786
"LINC03080",0.615735949776316
"PTCD3",0.615542714016342
"LRRC8C",0.614997183761406
"KIFAP3",0.613834552808724
"MON1A",0.613466690760414
"PEX13",0.613367661358615
"MYO3A",0.613231014865574
"NUDT9",0.612730252324844
"REXO2",0.612068153567557
"SCAF8",0.611730620504359
"LIN7C",0.611325323699671
"ISOC2",0.610220557431427
"YTHDF2P1",0.609657750503256
"ALOX15",0.609572550705626
"DENRP1",0.609572550705626
"CDC42SE1",0.609500737016811
"EFCAB5",0.608987236952661
"ABCB4",0.608965683366934
"EXOSC3P2",0.608965683366934
"CASP7",0.608527577671916
"DDIT4",0.608510445750962
"SNHG8",0.607549454313534
"KYAT1",0.607500478325122
"GPR62",0.606863398889979
"HSPA8P5",0.606677608870661
"ZNF487",0.606416927036415
"MIR4511",0.605648063788404
"NAPG",0.605608074942398
"G3BP1",0.605257536542917
"CCNL1",0.604920003350351
"SPATA9",0.604771387314614
"EIF4BP7",0.603876519228181
"EEA1",0.6038434821252
"MT1X",0.603491532126266
"AGGF1",0.60325638907775
"ACAP3",0.603055636670481
"LRRC51",0.602819136032818
"BCR",0.602611343944303
"CEP83-DT",0.602435597686535
"AMPH",0.602164057730018
"HSP90AB3P",0.598634690305723
"ERG28",0.597024949268467
"ZRANB3",0.596925210480692
"ITGA2B",0.596893393915039
"RPS4XP3",0.59622945131947
"HMGN4",0.596044577476797
"TLE3",0.595505500433984
"FUT11",0.595410008303965
"FBXL18",0.595323406718405
"TRIM28",0.594094797373322
"PPWD1",0.594036444029402
"PPP2CA",0.593894876666003
"UBL4A",0.593854236235882
"DNAJC28",0.59377512998494
"TRIM3",0.593711284014715
"EPPK1",0.592288655259405
"RNU6-6P",0.59140427650517
"ARHGEF40",0.591191813291848
"KIF20A",0.590650114656031
"SCN1A",0.590441529478479
"SCD5",0.590112426149157
"DMP1",0.590085513339885
"CHD9",0.588822321187657
"TMED1",0.588736444859125
"SUDS3",0.588580940721541
"CDC42EP4",0.588421645561193
"ABCB5",0.588221987268658
"WDR75",0.58778866436081
"MIR4538",0.587666353920577
"PSMB4",0.587064830343735
"IDH2",0.587038340136538
"FXYD6",0.586755666469759
"NOC4L",0.586455685019058
"OGFOD1",0.586143946931931
"LINC02605",0.586053051031806
"RHOBTB2",0.585977048827398
"RHEX",0.585804020382951
"TOR1AIP1",0.585775982356275
"UGDH-AS1",0.585567770806617
"MT-TE",0.585273906001621
"EMD",0.584724902325416
"BROX",0.583951858990469
"RAP1B",0.583701191710019
"ABCB8",0.583097987641361
"TXNDC12",0.582501683063856
"RLN1",0.582050719093378
"DTWD1",0.581955813584468
"RNU7-41P",0.58182166665736
"MNX1",0.581801161947026
"LINC02732",0.581801161947026
"SHC4",0.581801161947026
"NFIX",0.581452331039311
"QSER1",0.581245194708624
"MRPS18A",0.580628208070292
"SESN1",0.580619885500922
"GPRACR",0.580456302441353
"ATM",0.580294296434946
"FAM151B-DT",0.579086126386848
"KIF26B",0.578871096324945
"DNAJC18",0.578588142941812
"EEF1A1P6",0.578511197162078
"PSD2",0.578060504802212
"ERICD",0.578060504802212
"ATG13",0.577543525685874
"PANO1",0.577203204923925
"PGD",0.577032188670182
"NHLRC2",0.576436559494262
"TRPS1-AS1",0.576255994798917
"HMGCL",0.576089668215471
"ABHD10",0.57572088519743
"MARVELD1",0.575637788497736
"GASK1A",0.575393620850625
"MBOAT7",0.575133542745242
"THOC5",0.574925106057373
"TAF7L",0.574578344478207
"LAP3P2",0.574483719978432
"MGAM2",0.57442851771984
"YIPF7",0.573982238253748
"NDUFB2",0.573796222781502
"FHIP2A",0.573649335198129
"FEN1",0.573526635141128
"CHD7",0.572924250236098
"CEP44",0.572868841445439
"CFD",0.572842726483931
"ARHGAP31",0.572396605822694
"MYO15B",0.572196966271958
"MAP3K20",0.570944850176983
"SEC23IP",0.570846198584403
"MBD2",0.569941839920559
"TM7SF3",0.569820156089995
"BTF3P4",0.569764680254441
"RN7SL835P",0.569553188408469
"NTN1",0.568858244038418
"ARL2BP",0.567867647255313
"SLC35G6",0.56750597540442
"IPO13",0.566820872662144
"BMAL1",0.566380601739077
"RABGGTA",0.565936121269199
"HMGN2P28",0.565356817826139
"TMC4",0.565198024140858
"TTC9",0.56483070169023
"PRDX3",0.564373981646641
"IFFO2",0.564354510097293
"LINC00857",0.564180362081902
"DNAH17-AS1",0.564043866959634
"MALLP2",0.563999625412414
"EPS15L1",0.563981708459919
"IGSF8",0.563886763076934
"ENTREP3",0.563807571310953
"RAB18",0.563607967702132
"TUBB4B",0.56292471267557
"MFSD11",0.562562513606969
"MLST8",0.562426744400945
"EBF2",0.56029887872865
"DIP2B",0.560244358223153
"ZBTB2",0.559956532271872
"CNST",0.559312235048863
"RNU6-1300P",0.559271013313874
"CHAC2",0.559179981778257
"GSK3A",0.559003392899541
"ERCC6L2-AS1",0.558046912918254
"ARHGAP18",0.557616943186967
"IYD",0.557555172652571
"LINC02484",0.556893057217622
"FBXW11P1",0.556893057217622
"GNAT2",0.556713824261117
"NSMAF",0.556466812361151
"SIX4",0.555892703842065
"TPPP",0.555742811265099
"PTPRF",0.555500831311857
"DCAF17",0.554407161737138
"MYADM-AS2",0.554220670091004
"A1BG",0.553682793547956
"RALY",0.553591596964812
"SPIN2A",0.552524656117673
"RPRD1A",0.552253254029961
"ZBTB21",0.551982779581406
"FAM13A-AS1",0.551757586084989
"SRR",0.551703749378232
"GLUD1",0.551690051413443
"STAM",0.550705579591223
"LINC00881",0.550172634661239
"ST13P6",0.549268897715771
"SERINC3",0.549212490302384
"PMS1",0.548789635192516
"DHX38",0.54852150926035
"TLE6",0.548312355126523
"BICRA-AS1",0.548137044730106
"NDUFS1",0.548081056920076
"ARID2",0.547769637242447
"ETFA",0.547192424489308
"SLC66A1",0.546845063183415
"EIF1AX",0.546596386447632
"FCGBP",0.546558183289549
"DUS3L",0.546168177638165
"ALG1",0.546033522352109
"DHRS13",0.545507304844144
"EIF4A2",0.545435289185746
"SUV39H2-DT",0.545169067109667
"S100A3",0.544680271366987
"PGM2",0.54432235392021
"ZDHHC4",0.544168039559729
"ATP6V0E1P3",0.543094097565547
"CAND1",0.54293325166631
"CAPNS1",0.542861812665474
"TBC1D30",0.542578326356034
"RPS29P19",0.541386539051797
"NLK",0.541011062747523
"ICA1",0.540782187503503
"FAM135B",0.540606652205883
"VCPIP1",0.540396344112936
"VMAC",0.540009848101295
"MSS51",0.539906447441624
"RPL21P80",0.539797202033857
"ATPAF1",0.538766860003763
"PSMD1",0.537965654471536
"CCDC69",0.537522771637687
"INTS13",0.537495867503282
"PANX1",0.536832549911033
"TTC31",0.536224312606989
"SYNGR2",0.536144830946915
"RPUSD4",0.535321461204901
"ZNF263",0.535000887175894
"CLIC2",0.534725613038265
"NLGN3",0.53448879600809
"PTPA",0.534454439114107
"RGPD3",0.534346816219629
"RBM10",0.534214335747307
"RN7SL629P",0.534171082341921
"CCDC97",0.533405718187573
"LINC01141",0.533378986966484
"MTNAP1",0.532945732046775
"HNRNPDL",0.532819720504755
"LINC01608",0.532568478152897
"ZCRB1",0.531734263648298
"TMEM218",0.531576862131026
"GAPDH-DT",0.531518453019173
"HEATR4",0.530726811518198
"FAXDC2",0.530088414186126
"ITPRID1",0.53007004208977
"TRAPPC2B",0.529729667707747
"NME2",0.529699957069164
"MIR4507",0.529599140091442
"OR10Z1",0.529212292739108
"RPS6KA5",0.529183098754327
"SH3RF3-AS1",0.528593819104664
"THSD7B",0.528454904556135
"RAB3GAP2",0.528438452412914
"ELL3",0.527649912807925
"HEXA",0.52761224896386
"PUS7L",0.527565750901472
"SAP30L",0.526918205522804
"WASHC2C",0.526203611599129
"PSMD3",0.526165022546678
"LINC00896",0.526103660059155
"DDX41",0.525996573209845
"NPM1P21",0.525947831034592
"MAN2C1",0.525748940973751
"RPS12P16",0.525700127966839
"CD79B",0.525585327840343
"NELFB",0.525353626504124
"DSCAML1",0.524994244318356
"RNU7-60P",0.52465024943496
"SMO",0.524634003390793
"DPP6",0.523783117381894
"PCIF1",0.523028242721484
"SLC25A46",0.522249795756114
"ABRAXAS2",0.522209417677369
"RNF169",0.52167534061962
"GRIK1-AS1",0.521543044587771
"PIAS1",0.52147887126004
"DNAJB5-DT",0.521452521623823
"PFN4",0.521299157155153
"RAD23B",0.520549043792941
"GCSHP1",0.520420257060117
"TENM2-AS1",0.520420257060117
"VIP",0.520420257060117
"SEMA3D",0.520420257060117
"SNURFL",0.520420257060117
"OR8B6P",0.520420257060117
"TMEM132D",0.520420257060117
"LINC02341",0.520420257060117
"ENPP7P14",0.520420257060117
"LINC02097",0.520420257060117
"PTPRT",0.520420257060117
"PEX10",0.520215234491373
"B3GNT4",0.520079049588478
"TP53BP2",0.519959954372032
"GPR75",0.519577592918853
"RELN",0.519153737417885
"PLEKHO1",0.518997584619225
"ZNF843",0.518943970789592
"ZNF91",0.518300936180286
"PBRM1",0.518119218780363
"C11orf54",0.517484760497267
"CHRFAM7A",0.517166360721617
"STAT2",0.516252438189477
"PRDM13",0.515454384421028
"WDR54",0.515370061371562
"TMEM115",0.515015660456877
"PITPNB",0.514504833514402
"PALS2",0.513993332430227
"ADGRL4",0.513702280267849
"ELAVL4",0.513702280267849
"ST13P19",0.513702280267849
"TTLL10-AS1",0.513702280267849
"SLC45A3",0.513702280267849
"LINC02593",0.513702280267849
"LINC03126",0.513702280267849
"IGKV1OR2-3",0.513702280267849
"KCNAB1-AS1",0.513702280267849
"MGARP",0.513702280267849
"DRD1",0.513702280267849
"TRAPPC3L",0.513702280267849
"TRIM40",0.513702280267849
"DUSP21",0.513702280267849
"SSX13P",0.513702280267849
"XKR5",0.513702280267849
"DEFB1",0.513702280267849
"STK33P1",0.513702280267849
"MUC5AC",0.513702280267849
"GPR182",0.513702280267849
"ANKRD33",0.513702280267849
"LINC00508",0.513702280267849
"TATDN2P3",0.513702280267849
"ANKRD63",0.513702280267849
"LINC01177",0.513702280267849
"C1QTNF8",0.513702280267849
"CTCFL",0.513702280267849
"MTDHP4",0.513702280267849
"CYTH2",0.513700384410967
"CFAP221",0.512602748857808
"SLC39A4",0.512594227208775
"CENPP",0.512429636738762
"RPSAP46",0.511976375647016
"LINC02454",0.510991706742314
"MLXIPL",0.510895036339945
"SRP9",0.510856975353926
"BRIP1",0.510555634999295
"C3orf38",0.510512354319409
"RPL5P24",0.510067418280166
"MRRF",0.509471175215266
"MIR1302-9HG",0.508708335806379
"BOLA2-SMG1P6",0.508452284124735
"LILRA2",0.508223815330734
"MRPL39",0.507918787984239
"IGHV3-57",0.50748036210862
"NCF4-AS1",0.507444988227384
"LRRC58",0.507016191500979
"RPS6KB2-AS1",0.506548253138226
"NOL6",0.506334066075979
"GABPB1",0.506144515244305
"RPA1",0.505465512675851
"TET2",0.505067203814704
"TMEM243",0.504849493646061
"EIF4BP3",0.504776576771731
"MBOAT2",0.504483518200011
"KIF1C-AS1",0.504350716961121
"BCLAF1",0.504303924901754
"CCDC149",0.504201813007521
"PHRF1",0.503955959090611
"LINC00639",0.503945573523114
"TP73-AS3",0.502914330667976
"FKBP10",0.502142496390098
"TCEA1",0.500571020009856
"CLPB",0.499895965746579
"H2AC7",0.49987046214897
"USP39",0.49950124837648
"CTNNA1-AS1",0.498988482374917
"MYO19",0.498970107382039
"ELF2",0.498931575772911
"NBR1",0.498665087129625
"MX1",0.498582145154713
"YIPF1",0.49821128685572
"LONRF2",0.497677279542558
"CPTP",0.497067557480766
"KHDRBS3",0.496409909744465
"ZMYND11",0.495648918267907
"NXN",0.495097227311995
"TUG1",0.493495501943996
"MAGI2",0.493266283104009
"SLC38A2-AS1",0.492829359701847
"RNF168",0.492821768890596
"BRD2",0.492484250596545
"RNU7-175P",0.492286774236808
"RGL1",0.492252439916302
"CEPT1",0.491804644020928
"FAM20C",0.491743346760547
"GPAT4",0.491655422730023
"SDE2",0.491158473692986
"PES1",0.491130210558066
"HGS",0.490737651076767
"COL3A1",0.489944196333626
"USP22",0.489229262459858
"PSMD5",0.489048917010623
"LPCAT3",0.488878591698541
"CHMP4A",0.48863714496015
"RHBDF2",0.48862469427789
"CSPP1",0.488539707470041
"RORB",0.488263685587107
"KDM4C",0.488099150052407
"ZNF331",0.48809001271935
"SPPL2B",0.488022823419799
"PARP4",0.48773607936534
"ELP3",0.487430100767235
"MT-TR",0.487177395748884
"PRDX3P2",0.487135252328161
"ARSL",0.486325295137296
"SYNCRIPP1",0.486275638843635
"FDPSP1",0.486020021760681
"LINC01103",0.486020021760681
"SLC66A2P1",0.486020021760681
"CCDC175",0.485917729223186
"USPL1",0.485818998884498
"USP6NL-AS1",0.485174142365831
"LINC01504",0.48516248689913
"RPS27AP1",0.485026009000272
"POTEKP",0.484495984611042
"ZC3H14",0.484486709276079
"PANK2-AS1",0.484437126055518
"IPPK",0.483492074654993
"INAFM2",0.483461649148284
"OSTCP2",0.483166175229427
"HSPB1",0.48309213529791
"RBBP8",0.482755275285071
"WIPF3",0.48237720511674
"TTI1",0.481994038698454
"LTB4R2",0.481918861867242
"CLCN3",0.481761321574876
"TRIB2",0.481065300869014
"ANKRD13C",0.480734733037473
"RPL5P6",0.480582349403691
"GEMIN7P1",0.480582349403691
"NYX",0.480582349403691
"RNU6-430P",0.480582349403691
"MFAP2",0.480344021972425
"SERTAD3",0.480172780273573
"MCCC1-AS1",0.4796053362539
"MIR574",0.478478963201868
"PDK1P2",0.478478963201868
"VPS35",0.478312284373242
"MAP2K1",0.477776835688643
"MSH5",0.477748794778026
"XPA",0.477653841626488
"PIANP",0.477603959807255
"SAMD7",0.47699836296545
"UVRAG-DT",0.476793637232839
"JMJD1C-AS1",0.47671588784608
"KCNJ14",0.476544384752244
"MIR4676",0.476030652662126
"GOLGA6L9",0.475943189240427
"MORF4",0.475886447175979
"RPL6P19",0.47556189709273
"COL12A1",0.475402777507785
"DAG1",0.47492911996206
"MRPL35",0.474574206215423
"PPP2R5B",0.47425304188056
"RPL17P22",0.473873136728147
"CRACR2A",0.473562545065605
"STIP1P3",0.473257527358027
"MIR2467",0.473081292259259
"RPL7AP70",0.472311324814696
"SOS1",0.471576939310829
"ZNF730",0.471462040383033
"BCCIP",0.471094651165883
"RNU6-1003P",0.470792370371156
"LONP2",0.470621082553325
"ITFG2",0.470369532608671
"DBNDD1",0.470307128915223
"ECHDC1",0.469722939483265
"NBPF3",0.46957692259889
"GNB1L",0.469341993247066
"ELOA-AS1",0.469197686477411
"CHIC1",0.468981501741161
"ATP1B3P1",0.468399273710611
"NPRL3",0.468282219178152
"ALDH1L1-AS1",0.467990675701634
"CNTN4",0.467612871973984
"E4F1",0.467507932524771
"SPTBN1",0.466805195409733
"PITPNM1",0.46671875391017
"DDX3X",0.465171731376149
"LIX1-AS1",0.464510232416622
"RPL19P16",0.464354580518862
"HSPA14",0.464164015533177
"CYP26B1",0.462957547199215
"IGHD5-24",0.462957547199215
"DLEC1P1",0.462910156687957
"ZFP42",0.462910156687957
"COX17P1",0.462743316330174
"EXOC1",0.462729390412379
"FAM204A",0.462652650564368
"POLR2J2",0.462173249121367
"SLC66A3",0.462049824813023
"SMIM26",0.461989534189554
"SPCS2P1",0.461236643341272
"YLPM1",0.460996602347797
"RNU6-834P",0.460228266975903
"CASC19",0.459424977428559
"MAPK14",0.459329611503174
"NOP56",0.459321122071681
"APOL6",0.458546014770448
"LINC02160",0.458356124241191
"GAPDHP51",0.458294052117183
"RN7SL627P",0.458294052117183
"RPL7AP30",0.457696598393349
"NUDT22",0.456717231818868
"TRPT1",0.456530353401771
"CRTC1",0.456016904904238
"DCAF16",0.455839879150289
"WNT8A",0.455244835399561
"MFFP2",0.455244835399561
"ASH1L",0.454380468829169
"RN7SKP95",0.454357655443571
"NDUFAF3",0.454044630164834
"GTF3AP6",0.453833104911066
"RNU1-63P",0.453724692722304
"LINC02465",0.453022700899892
"SLC2A8",0.452996211900689
"DNAJC7",0.452988858974062
"FKRP",0.452927324451455
"UBE2M",0.452846038609983
"ASTL",0.452675345008935
"RPTOR",0.451894667726246
"MCM4",0.451873324716796
"UMPS",0.451170182482644
"CHCHD6",0.451070922434496
"CCDC102A",0.450016765831101
"TRIP11",0.449992344936586
"MIR4734",0.449172890591392
"KHDC4",0.449109326606757
"LINC02188",0.448969924957146
"FUZ",0.448922189336691
"CUL7",0.448366444660758
"DNAJB6P4",0.448148565451441
"LMF2",0.448121467210463
"TMEM64",0.448115894413143
"CCDC93",0.447463079486789
"ABI2",0.446860858224218
"PRMT5-DT",0.446318619935508
"HIP1",0.446293016074773
"TTI2",0.446239932914083
"LINC02980",0.446139445972802
"FAM171B",0.44602762602346
"SUMO1P3",0.445903069940905
"GNB4",0.445841806474204
"RBAK",0.445456723194795
"TMEM95",0.44532252535571
"SUGT1P4-STRA6LP-CCDC180",0.445270707110219
"OR5B21",0.445270707110219
"DDX23",0.445251129821306
"CYP20A1",0.4444920501997
"CAMK2A",0.444414324844222
"ADAMTS18",0.443838677326992
"FCGR1A",0.442877703824605
"TUBGCP6",0.442726760228545
"CFAP74",0.442319725699069
"MSL2",0.442076949852334
"UQCRQ",0.441765209235916
"ST3GAL4",0.441737475466086
"BMPR2",0.441515605097616
"OBSL1",0.441447553382379
"PBXIP1",0.441288220313496
"CNNM2",0.439804565274154
"ALDH16A1",0.439760125520709
"ZNF717",0.439448507328739
"YWHAG",0.439353012330107
"ZMYM3",0.438596763625141
"HAX1",0.438376332895611
"ITGA7",0.438055841470286
"TUT7",0.437922437972545
"SIKE1",0.437669609937057
"B3GNT9",0.437280963982017
"RGMA",0.436739574298167
"PSG7",0.436640216418832
"TLR1",0.436048326149072
"FBXO46",0.4358760716921
"MPL",0.435692981524318
"HSPA12A-AS1",0.434096947946732
"RNU6-1201P",0.434096947946732
"BCORP1",0.434096947946732
"SHLD2",0.433798472997808
"ECE1-AS1",0.433378471375884
"TINF2",0.433322757351115
"MESD",0.433169630885065
"KPNA6",0.433119008076369
"C8orf82",0.43289578983914
"RBFA",0.431964944093296
"HELLS",0.431633697732234
"TSBP1",0.431557682533801
"RFX3-DT",0.431527899782339
"SLC39A11",0.429969282864508
"MTCO3P12",0.429892623170873
"PCNP",0.429647451852601
"ARHGAP33",0.42954805420163
"BIVM",0.429493744159529
"RIOX2",0.428348034912532
"USP50",0.426760931623814
"FAM193B",0.426620725179013
"BCAS3-AS1",0.426605748500229
"ATG4C",0.426203759782266
"PDCD11",0.425950829993039
"SAAL1",0.425774358518643
"RNU7-84P",0.425716936164011
"NCOA1",0.425435949517416
"CAPN1",0.42513998225839
"EAPP",0.42479633236901
"ADAT3",0.42473809979728
"RPL3P2",0.42453426388371
"U2AF1L4",0.424146967920819
"SLC39A8",0.423553587390429
"TIGAR",0.42274366219416
"ZNF662",0.422160809871695
"FDX1P1",0.422135379762429
"SUGT1-DT",0.421290283700176
"GPATCH2L",0.421205881543638
"IGHD7-27",0.421199894080692
"DUSP28",0.420953574120087
"FAM200C",0.420904471717425
"PAK6-AS1",0.42082350408195
"MLH3",0.420728008099522
"TSPAN14-AS1",0.420455036953729
"MAGED4B",0.420198106707225
"MAP3K14",0.42016168619867
"ERF",0.420089321640911
"MYO1B-AS1",0.419454123147536
"EFNA1",0.419260076517482
"SPRTN",0.4190443546637
"H3C2",0.418769228804565
"RNU4-89P",0.418293441541742
"LINC02708",0.417081990711811
"ZBTB10",0.415721812621386
"KTN1-AS1",0.415691042179844
"YARS1",0.415572788569966
"TRIM65",0.414958695786368
"RNU6-4P",0.414891824757926
"YAE1-DT",0.414734271362464
"TBC1D8B",0.41456444443508
"CCDC38",0.414410644428842
"RAB33B",0.414365625431128
"HAS3",0.413898940987774
"ZNF274",0.41388474082043
"MIR25",0.413388175113647
"GRK6",0.413300964807001
"AMD1",0.413237854743051
"CD74",0.413147384696174
"PEX26",0.413031071171522
"SHLD3",0.412797647136687
"LINC02709",0.412704136449771
"SH2D3A",0.412481137201251
"TRIM38",0.412370258801229
"ALPL",0.412290311181922
"NXNL2",0.411555951413185
"PRRX2",0.411555951413185
"RECQL",0.411159304502645
"ANXA9",0.411119191721169
"RBM15",0.410634096144553
"GABARAPL1",0.410585650676558
"SNRPCP19",0.41008041158169
"THAP5P1",0.409488111922217
"PHLPP2",0.4093893522187
"TMEM8B",0.409328340979138
"ACSF2",0.409100807762674
"CALN1",0.409096429601695
"TRIM49",0.409096429601695
"SDCBPP1",0.409096429601695
"RPLP1P13",0.408911723377606
"HROB",0.408871281848589
"MIR6780B",0.40841610781896
"CAMK2D",0.407875688033137
"SPAG5",0.407853394668547
"LINC01714",0.407604008007754
"SEZ6",0.407339837219444
"MTCYBP3",0.406879262438037
"PPIAP13",0.406729944547712
"TRIB3",0.40667888691538
"MIB2",0.406542009096463
"TOP3BP1",0.406524491865275
"DUBR",0.406450561330309
"CBLN1",0.405956723572054
"NIF3L1",0.405468850075353
"CYB561D2",0.404560045040549
"GIGYF2",0.404527234070294
"SLC39A1",0.404493269860946
"MYLK-AS1",0.404431780281619
"MED26",0.403815579976946
"EIF4EP2",0.403293631300231
"MIR3143",0.402298611467582
"TKT",0.402066726661068
"FERMT2",0.401827336924928
"KBTBD6-DT",0.401549743229925
"GPC6",0.401368635774249
"DHPS",0.401280650722983
"CAPN2",0.3996643410289
"INPP1",0.399286600134943
"UBE2G2",0.398490817774112
"SEPTIN4",0.398488680470851
"AUP1",0.398317712182696
"GLI2",0.398040778559313
"GAPDHP63",0.397525285614176
"SNX25",0.396928848444304
"ELP6",0.395921781174864
"MPST",0.395682945976578
"RN7SL749P",0.395274760973857
"RN7SL672P",0.395034882935513
"DYNC1I2P1",0.394957910966781
"SLC35E1",0.39470045162786
"MRPS27",0.39469761569
"CSNK1G3",0.394626316324157
"SMC2",0.394520264965993
"IPO8P1",0.394234164783417
"NCKIPSD",0.394179596623517
"NRAS",0.393868021376733
"TDP1",0.393813683158199
"IGHVIII-44",0.39350377743719
"YBEY",0.392462057686236
"VTRNA2-1",0.392409906972985
"SMG7-AS1",0.392247014117406
"IGHV3-79",0.391998120999584
"H2AC12",0.391507725101349
"RALGAPA2",0.390621586940081
"ZNF807P",0.389972294807048
"ANKUB1",0.389205835612881
"SLC41A3",0.389139996045572
"FNDC4",0.389002599978439
"GPBP1",0.388886585253913
"PIEZO1",0.388817262349405
"LINC00620",0.38853250648992
"UBE2D4",0.388375155979811
"ABHD6",0.387938507880417
"FAM13A",0.387878997373223
"ENTPD6",0.387569971878982
"PWWP3A",0.387538645828071
"NRAP",0.387537620299165
"EEF1A1P5",0.387507677553633
"PSME3IP1",0.38718481896086
"SHISA2",0.386332873645799
"PLEKHA3P1",0.385977514146156
"STAG1",0.384794931436441
"ARF1",0.3847311721882
"ATP6V1B1",0.384358626219038
"ABITRAM",0.384356226935479
"SNHG7",0.383945152782446
"TOMM22-DT",0.38375936824362
"LINC02367",0.383617104275002
"ACOT9",0.383575447381691
"PROX1",0.383003969068434
"KRT6A",0.382870622274344
"APOBEC3F",0.382827840050195
"RMI2",0.382803867247215
"NT5CP1",0.382292376085635
"ATP8A1-DT",0.3821421697685
"RASA1",0.381972534043775
"RANBP2",0.381917265230114
"CAPN10",0.381636258148162
"ARL9",0.381418749630203
"HARS2",0.38119672538491
"RANBP3",0.380787301127532
"KLF3-AS1",0.380718771781979
"RNY3",0.380364159388681
"GEMIN7-AS1",0.379787064494339
"BAG5",0.379540635175013
"ZNF555",0.378860481817237
"LINC00310",0.378073413122937
"MIR320E",0.37805452633938
"MAP7D3",0.377693082519937
"STIM1-AS1",0.377633008968702
"RPS2P55",0.376942866338076
"UQCRHL",0.376591810296053
"NUDT3",0.376404797390645
"AQP6",0.375949092817275
"SREK1IP1",0.3758216849286
"FLOT1",0.375767751683765
"OR2AG2",0.375727109566831
"XYLT1",0.375626504707429
"KCNQ2",0.37559586090718
"TK2",0.374077307528212
"NDUFC1",0.373989507908116
"NDUFAF2P2",0.373307302152508
"ARL8B",0.373257364032047
"MIR4491",0.373073407627813
"TSPAN31",0.37228582219841
"OR2G3",0.371834075803493
"PRAME",0.371834075803493
"HCCS",0.371750289132936
"ERI3",0.37135214555557
"EMC7",0.37112750878309
"TXNL4A",0.370292966481566
"PSMA3-AS1",0.369951607977704
"CPOX",0.369550610306902
"PIGX",0.369267992082643
"ATP6V0B",0.369109276673243
"CEP68",0.368959291877176
"CCT8",0.368931143957057
"ETV6",0.368708940397537
"RPL21P83",0.368427799460234
"VN1R107P",0.368427799460234
"FAM88D",0.368415563403069
"GABRB3",0.368031835596579
"WDR25",0.367894088764952
"ZNF18",0.367191765683521
"ZNF20",0.367071099496995
"CELF2-AS1",0.366797067557023
"EML6-AS1",0.366565294084679
"RCC2",0.366481006914047
"RAB11B-AS1",0.366427779542935
"RNA5SP48",0.366292321171018
"ATP5PBP8",0.366242974857506
"SLC25A32",0.366068600599181
"SFRP4",0.365724360893216
"CAPN15",0.365645248121365
"COMTD1",0.365264053078209
"GXYLT2",0.365261737356702
"SNX5",0.364877869905683
"CHAMP1",0.364291493818066
"ZFPL1",0.364286068202647
"IPO5",0.363850247653399
"DND1P1",0.363608394356363
"RNF14",0.362050488602366
"TOMM70",0.361938131650332
"RNU6-987P",0.361207369350567
"SLC19A3",0.361156884154531
"NLGN4X",0.361037347900792
"ACSF3",0.360716183763738
"EGR2",0.36062726594086
"SDK1",0.360367829601688
"HIBCH",0.359647124770681
"ARNT",0.358019536702196
"POGLUT2",0.357958225443411
"YME1L1",0.357830877615772
"C4orf17",0.35768630359555
"ARL10",0.35700600839071
"NPIPB15",0.356852293122867
"LRRC37A13P",0.356754303905457
"FARP2",0.356656884958232
"HCG18",0.355729373506108
"PPP3CB",0.354995980091655
"ZNF136",0.354930618121608
"HECTD1",0.354773436634956
"ZNF71",0.354598158444077
"SETDB2",0.354108660637778
"LINC02028",0.353702772665071
"USP51",0.352387702933528
"PSMB5",0.351959759953791
"EIPR1",0.351627640215847
"GLRX3P2",0.351585256470273
"BSCL2",0.351463145148478
"GHITM",0.351345085985047
"GCLM",0.350907731421796
"RUSC1-AS1",0.350861908386289
"DMC1",0.35074130795857
"NOP2",0.350698224666271
"AGPS",0.348767339040738
"MIR199A1",0.348668922554767
"OAZ2",0.348652978131188
"MTMR6",0.348468070060072
"IDI1",0.347745046846095
"DMAC2L",0.347590751141977
"SULT1C4",0.347477285481905
"LLPH-DT",0.347209982937207
"PSMD4",0.346772412975186
"EXOSC10",0.345840534171973
"BLVRB",0.345219640676046
"CCN6",0.345155912968486
"ANO2",0.345155912968486
"GOPC",0.345058604527168
"CCN4",0.34487202567018
"TUBG1P",0.344243464602131
"VDAC2P5",0.344066332166775
"OLFML2B",0.343463541178028
"DSTN",0.342999574713972
"NARS1P2",0.341457795772385
"ALKBH7",0.341451285072294
"PCAT4",0.341249616999346
"TAC3",0.340970288221227
"MIR1290",0.340929604420126
"RRAS2",0.339424845716038
"RIOK3",0.33939028522775
"TIAL1",0.339234800814885
"PIEZO1P2",0.339206582799484
"MEGF9",0.338285467538909
"PFN2",0.338151784861864
"WDR83OS",0.337938992067228
"NUS1P1",0.337860271685304
"MYH6",0.337662502697351
"NOL7",0.337470984007267
"RALY-AS1",0.33729524565148
"BLMH",0.337031000011992
"KIF16B",0.336846393700232
"RBM26",0.336532747624144
"SH2D6",0.336525329374412
"TMEM18",0.336465482741726
"TET3",0.336226413766898
"PTPN2",0.33619103984677
"ATP9A",0.336168275031945
"KPNB1",0.336167843409893
"PCBD2",0.33565594946921
"NDUFB4",0.335638160272688
"RPL5P23",0.335313903154462
"ZNF852",0.33487121807388
"LAMTOR3P2",0.334756370494198
"PTGES3",0.334650412974861
"CICP3",0.33455487176676
"TRA2B",0.334194064290218
"RPL10P1",0.333897169342895
"ASNSD1",0.333894017905206
"KCMF1",0.333775273442436
"ARG2",0.33357847625922
"VRK3",0.33333077647783
"CSMD2",0.332419257410731
"UBA1",0.332260622837096
"LINC01588",0.331819305614985
"AFF1",0.331575958428689
"COL6A3",0.331326012603496
"ANKRD1",0.331250740078578
"LMX1B",0.330949855191174
"SHISA9",0.330878452550054
"OR10H1",0.330835038319281
"TMEM161A",0.330827458711607
"RNY3P2",0.33049732139796
"IL15RA",0.330426932817199
"MUL1",0.330317791323235
"LIMA1",0.330248343139811
"GCA",0.330069028167315
"PABPC1P10",0.330018802492753
"ZNF12",0.329580354007497
"RCN2",0.329500840517295
"SGTB",0.329462476951178
"CAPN9",0.328236051481569
"COX5BP8",0.328236051481569
"PTGER3",0.328236051481569
"LRP1B",0.328236051481569
"UNC80",0.328236051481569
"NRXN1-DT",0.328236051481569
"LYZL4",0.328236051481569
"GATA2",0.328236051481569
"SNHG27",0.328236051481569
"LINC02428",0.328236051481569
"GARIN3",0.328236051481569
"SGO1P2",0.328236051481569
"LINC01602",0.328236051481569
"RNU6-783P",0.328236051481569
"SLC22A12",0.328236051481569
"RAB3IL1",0.328236051481569
"LINC02723",0.328236051481569
"NOS1",0.328236051481569
"LINC02409",0.328236051481569
"LNCOG",0.328236051481569
"RTN1",0.328236051481569
"LINC00524",0.328236051481569
"LINC01551",0.328236051481569
"FOXB1",0.328236051481569
"LINC02348",0.328236051481569
"GDAP1L1",0.328236051481569
"LINC01522",0.328236051481569
"SLC7A9",0.328236051481569
"IGLJ5",0.328236051481569
"METTL18",0.328202263522199
"QPCTL",0.328037299616552
"CCNA2",0.32769952694468
"FDPS",0.327547462775095
"TRIM52-AS1",0.327156406883124
"RNF115",0.327146262075203
"GPR89B",0.326992224870209
"DAP3",0.326355007111323
"EP300-AS1",0.326312261555999
"SLC30A2",0.32575377972882
"PPP4R3A",0.325490227342394
"RBM22",0.325403545662565
"LSG1",0.325032117685615
"FAR1",0.324720889890991
"ATXN2-AS",0.324580199401296
"COL16A1",0.324499633221549
"TMEM269",0.323722089444463
"TUB",0.323457749284857
"SLC35A5",0.323445088251095
"MAVS",0.323319127910019
"MGME1",0.323288986614006
"ATL3",0.323239245769004
"ZBTB7C",0.323134792541879
"RUVBL1",0.323060230124859
"RNU6-16P",0.322880011736058
"GAPDHP70",0.322880011736058
"KRBOX5P1",0.322880011736058
"RNU6-62P",0.322865281460809
"NDUFA5P11",0.322524376020577
"TAF12-DT",0.322136264161801
"STX1B",0.321795071486685
"MZT1",0.321204570733587
"MSRB3-AS1",0.320989596848006
"CXXC1",0.320870266420061
"VIM-AS1",0.320828213450074
"STK11",0.32072189131922
"SARM1",0.32025674768138
"RAD54L",0.319416718966184
"LIPH",0.319077045292508
"KCTD12",0.318773885633649
"LY6G5C",0.318568186215099
"DDHD1",0.318453232352382
"ARF6",0.318417688454899
"FBRSL1",0.318358222024761
"CAPZA2",0.318282592332506
"SBF2",0.3179469011917
"DNAJB5",0.317864293350933
"KLHL7",0.317671674365045
"C2CD4D",0.317517452789876
"UBE2Q2",0.317468154078526
"SNX5P1",0.316810204368948
"FEM1C",0.316551900610399
"REEP3",0.316533525505537
"OPA1-AS1",0.316442520955564
"GANC",0.315818559887535
"ZNF221",0.315509159651282
"CIAPIN1P",0.315348449202223
"EEF1B2",0.315255763417937
"HNRNPA1P16",0.315055860961004
"LARS1",0.314965291006188
"FOXJ1",0.314772054906042
"ARHGAP8",0.314365444424112
"CNBP",0.31436124366168
"ACTBP15",0.314095188452797
"MSMO1",0.313863847842712
"ABCC11",0.313625900125245
"ANGPTL6",0.313590864482526
"PCNT",0.313577935391828
"SGSM3-AS1",0.313472973920541
"RABGAP1",0.31326364758132
"COG5",0.313060875337834
"NOC2LP2",0.31299764517779
"HSPE1P6",0.312875515267278
"HSP90AA2P",0.312729284382902
"MTND5P15",0.312640676297154
"IMPDH1P5",0.312640676297154
"EFCAB6-AS1",0.312640676297154
"CLHC1",0.312512916938398
"FES",0.312403070573167
"SNORA24B",0.312242914365426
"PTAFR",0.312050220486693
"SMU1P1",0.311534263522194
"RMND5A",0.311438079786648
"KCTD13",0.311396296073354
"ASXL1",0.31105972175921
"LINC00504",0.311000125551568
"TMEM184C",0.310881029377374
"CHCHD7",0.310559571120861
"NPIPA6",0.310237736553999
"SRGAP3-AS1",0.309932753851159
"LINC02683",0.309932753851159
"FANCG",0.30931959592736
"PPIP5K2",0.309179936138374
"IGKV2-38",0.309009771094682
"RTCA",0.308603058884895
"PIP4K2C",0.308076844416375
"CYLD",0.307592827376859
"AKR1B1",0.306939211029861
"COQ5",0.306265919387844
"ADCY10P1",0.306134090317149
"IGLV3-26",0.306031392910855
"CLCN4",0.306003963380513
"MT-TW",0.305967241642531
"PSMB6",0.305525724689335
"BMPER",0.305015616396605
"HMGB1P41",0.305015616396605
"PRKAG2",0.304899009421908
"TFB1M",0.304891992257298
"PNPLA8",0.304803910089462
"PRDM4-AS1",0.30475932409294
"EXTL3",0.3047416779357
"CYCS",0.304604157887581
"ZNF577",0.304396513338042
"MIATNB",0.304322903730625
"RCC2-AS1",0.304060728904478
"KSR1",0.303864478209067
"DDX3P1",0.303674947639674
"RN7SL5P",0.303466788950908
"ABCA7",0.303390955608465
"BSN-DT",0.303214592775001
"PNKD",0.302791741885955
"HSPE1P2",0.302359662796364
"CS",0.30220513271566
"BRD7",0.301793187030089
"METTL2B",0.301424532872586
"LANCL1",0.30139256611306
"RPL36P14",0.300831267565465
"AGMAT",0.300640555551167
"PPP2R2A",0.300470152048059
"ETFB",0.299934706018576
"ZUP1",0.299712508268855
"NHLRC1",0.298771830890999
"ZNF644",0.298613704805981
"SOX13",0.298561446405036
"RASA2-IT1",0.298300340642224
"LINC01229",0.298273045122419
"NDUFAF8",0.29825101129427
"STXBP2",0.297981183870206
"CASC15",0.297529849709971
"MOB3C",0.297127254288279
"RHOT1P2",0.296830993505901
"DALRD3",0.295974242950815
"ZNF699",0.29591149492352
"TFIP11",0.295899923926342
"HSPB8",0.295649248799079
"TIAM2",0.295225260243334
"LINC00578",0.295155038787745
"CMC1",0.294834279026998
"MTMR1",0.294309999243599
"FBXO8",0.294219851472446
"RNASEH2A",0.293692967141713
"RHO",0.293651311270007
"CPEB2-DT",0.29358406690262
"MMADHC",0.293531117750331
"CDK17",0.293397868516953
"LINC00710",0.293046376071346
"GFOD1-AS1",0.292583389541588
"MRPL36",0.292462587179441
"RSPO2",0.291690523915952
"GTF3C4",0.291680301034912
"ZNF236-DT",0.291058974657819
"H2AZ1-DT",0.290740616900588
"CASKIN1",0.2907168106034
"RN7SL74P",0.290371408759432
"AFAP1L1",0.290272244347219
"RBM28",0.29001154108989
"MYOSLID-AS1",0.289942851701433
"ZNF92",0.289331226795849
"ATP6AP1",0.28924457638254
"NUDCD2",0.288989120865426
"POGLUT1",0.28806493344941
"RPS6KA2",0.287209524483
"TPM4P3",0.287016426305896
"IGLVI-20",0.286982907429434
"TSC22D2",0.286903457763934
"BCKDHA",0.286672327083206
"HSPD1P4",0.28629359357897
"PLBD2",0.28600494417305
"RAB34",0.285626649936427
"ZBTB48",0.285050194209236
"HIF1A-AS3",0.284755828562882
"APIP",0.284437244801967
"BVES-AS1",0.283721741228626
"ACAT1",0.283381234247205
"WNK1",0.2832370183956
"ZFAND5",0.283088891640163
"AKAP9",0.28301559144423
"CRYZL1",0.282748200020615
"MYO9A",0.282721800430525
"OR1F1",0.282648963000824
"HCAR1",0.282431088164684
"CDKN1B",0.282088466243919
"SMN1",0.281858767723238
"VDAC1P2",0.281686644960464
"MIR425",0.281617408303685
"C18orf21",0.281482753641512
"TMEM163",0.281406108111596
"RBM3",0.281224531295666
"MAP3K2",0.281087064506471
"TET2-AS1",0.280962174485059
"GNB5",0.280888670632542
"RBM8A",0.280265984285814
"MTSS1",0.280022633362205
"SMPD2",0.279600283704564
"RPS6KB2",0.279584530861653
"EEF1A1P33",0.279505987422372
"UBE2J2",0.278995005423634
"NUDT16-DT",0.278960695648524
"LINC03068",0.278784968770263
"NASP",0.278406710995836
"CAT",0.278392165731246
"UBL7-DT",0.277926659167612
"FAM229A",0.277696927782895
"SCN11A",0.277689815836414
"ALMS1",0.277637308794689
"GALNT12",0.27664964365443
"SPX",0.276359308077036
"KLF13",0.27616609201155
"UBAC1",0.275786015485311
"FLAD1",0.275670996818229
"INSIG1-DT",0.275645153745526
"CMTR2",0.275566250001119
"USP16",0.275436915345701
"EPC2",0.274802100190392
"UBA5P1",0.274410922139066
"TRAPPC14",0.27437226239255
"GNPTG",0.274031627012115
"NORAD",0.27393697316448
"MRPS7",0.273493443020634
"RNF216-IT1",0.273434936321802
"UROS",0.273386950997434
"GRPEL1",0.273171974768921
"BRD3OS",0.2727980761864
"TIMM50",0.272752976255144
"ETFRF1",0.27268181999531
"CHRM3",0.272659147536818
"UBR5",0.272626536201244
"IGLV10-67",0.272619840911806
"NAP1L5",0.272355862524452
"RBBP5",0.272197077962119
"RPS10P4",0.27200931702344
"IRAG1-AS1",0.27083761468965
"CCT6P1",0.27078140550539
"LINC02832",0.270530122219088
"TERF2IP",0.270493215286778
"CREB5",0.270404557245209
"ZNF500",0.270398096451641
"RRM2B",0.270376801372414
"MFSD12",0.270152433314396
"UPK1A",0.269738797535162
"ASB15-AS1",0.269554738966788
"VEZF1P1",0.269265180792095
"EIF4HP1",0.268828177876198
"MT-TQ",0.268451317812156
"EPHA10",0.268427776216753
"LINC02806",0.26842458500461
"GK3",0.268277058510628
"L3MBTL4-AS1",0.26814756700459
"CCM2",0.268018252679252
"NTN5",0.267857579906999
"SLC12A8",0.267708177222532
"SNX33",0.267653836868052
"IFNK",0.267643636505288
"DCTN5",0.267554354655136
"HNRNPD",0.267445614496997
"AMZ2",0.267192014822186
"LINC00670",0.266844239033778
"AMBRA1",0.266839052949741
"PPP2R5CP",0.266331317156264
"MLYCD",0.266222596716556
"LDB3",0.266071388961231
"RNU6-419P",0.265928584437767
"SFI1",0.26536204347684
"MME",0.26518631271249
"PAX2",0.26518631271249
"LINC00871",0.26518631271249
"IMPDH1P11",0.26518631271249
"BSDC1",0.265145985321618
"MIR128-1",0.264837316468726
"SERINC2",0.264773140984904
"HRAS",0.264727295728007
"EGFL6",0.264492793366034
"CITED2",0.26444078593879
"SLC25A45",0.264411786848397
"RNU6-36P",0.263847486751228
"FHDC1",0.263819564253521
"NPC1",0.263785896115774
"DGLUCY",0.263434982519487
"SLC2A6",0.263270585925542
"STC1",0.263127599744614
"STOML2",0.262991502340285
"SMIM7",0.26265506374724
"XKR4",0.26254109522211
"RFC3",0.261739668560153
"LINC02418",0.26166683258696
"ACTR3BP2",0.261478283009857
"KNCN",0.261422564681206
"C1orf146",0.261422564681206
"CA6",0.261422564681206
"LMOD1",0.261422564681206
"NPY1R",0.261422564681206
"LINC00616",0.261422564681206
"RPS20P4",0.261422564681206
"GABRG2",0.261422564681206
"ADAMTS19",0.261422564681206
"HSPA8P16",0.261422564681206
"NPVF",0.261422564681206
"TEX101P1",0.261422564681206
"MIR219A2HG",0.261422564681206
"LINC01506",0.261422564681206
"SLC15A5",0.261422564681206
"SYT10",0.261422564681206
"RN7SKP172",0.261422564681206
"AVPR1A",0.261422564681206
"TMEM132D-AS1",0.261422564681206
"LINC02443",0.261422564681206
"ZDHHC4P1",0.261422564681206
"TGM5",0.261422564681206
"OCSTAMP",0.261422564681206
"SNAP25",0.261422564681206
"OR7A5",0.261422564681206
"KLK3",0.261422564681206
"ARHGAP42P3",0.261422564681206
"SEZ6L",0.261422564681206
"DPM3",0.260887532705885
"GRK3-AS1",0.260444486448915
"NCBP2",0.260246661310907
"GPX3",0.259683490665222
"RGS16",0.25957193297491
"LINC02043",0.259068214067874
"TBL1XR1",0.259032813751959
"TP53TG5",0.258969336890236
"LINC02249",0.258490893852292
"CREB3L1",0.258389010604847
"MIR5739",0.25795062966422
"UBE2R2",0.257685999919164
"LINC00924",0.257362809833416
"CENPC",0.257300936689797
"LINC02846",0.257267464865614
"LINC02042",0.257263780869012
"MMEL1",0.257194036556036
"KIAA1614-AS1",0.257147306289451
"IMPDH1",0.25688186838665
"H2BC15",0.256271307094996
"SLC30A6",0.256252654422651
"WDR13",0.25551122363718
"HPCAL1",0.255397476943089
"TBC1D13",0.255178252683664
"FARSB",0.255153298612377
"PDZD2",0.254924823089291
"CPVL-AS2",0.254791188299466
"SURF4",0.254516619543376
"PACRG",0.254162581278442
"STUM",0.254141257012701
"AP1G1",0.254088165964029
"B3GNT2",0.253616284194166
"SNRPGP9",0.253539081906899
"ME3",0.253162683501167
"LMO7-AS1",0.253010972431639
"CCDC142",0.252734204637815
"APLP2",0.251864990737092
"SMARCAD1-DT",0.251375069610489
"MIR1302-6",0.251375069610489
"MED8-AS1",0.251280683591272
"TNS2",0.251049441852694
"SERINC4",0.250863436430095
"IL1RL2",0.250780346944375
"SLC7A11-AS1",0.250303631427044
"SMIM20",0.249882884461077
"HYI",0.249856781179451
"NFE4",0.249818427063017
"TERF1P7",0.249818427063017
"C1GALT1P3",0.249818427063017
"RNU7-28P",0.249818427063017
"SMCO2",0.249818427063017
"RGPD5",0.249811878763806
"MAT2B",0.249444665186684
"LINC01139",0.24921318038726
"SPIN4",0.248600440686671
"RAB12",0.248522426790892
"AQP11",0.247836038180452
"DLG2",0.247776051693671
"SNHG31",0.247365216053494
"NID1",0.246918708882553
"SMURF1",0.246466883731175
"ZNF875",0.246383822708345
"APEX1",0.246058987481759
"PRSS12",0.2459614338764
"TM2D3",0.245742403920082
"ZNF233",0.245494444577201
"ELFN1",0.24481620372911
"RNU6-855P",0.244031615105035
"SNORD42B",0.244031615105035
"TBC1D3E",0.244031615105035
"PKMYT1AR",0.244031615105035
"SLC25A5P7",0.243815050832613
"SMIM15-AS1",0.24365724873673
"ATF4P3",0.243306066213225
"PRKD3-DT",0.243098575361583
"RPL21P17",0.243098575361583
"GABRA4",0.243098575361583
"XKR7",0.243098575361583
"NPNT",0.243054857471426
"VAT1",0.242680056696248
"SDF4",0.242664205509638
"GALR2",0.242566078307469
"GOLGA8O",0.242538361107299
"GREB1",0.242490936653895
"RNF5",0.242323558265914
"PRSS27",0.242256182568825
"RN7SL270P",0.241804004616
"PRPF8",0.241790320571457
"RNU6-689P",0.241787990794827
"CHIAP3",0.241396638833684
"LINC01821",0.241396638833684
"SLC24A3",0.241286198309705
"RHOT2",0.240991650337324
"RPSAP19",0.240937072987365
"DDX19A",0.240829083720429
"SREBF2",0.240828591307103
"HLA-DMA",0.240790044588023
"BTBD6",0.240753175114208
"PABPC1",0.240256912768748
"FAM193A",0.23999207076576
"CADM4",0.239668768922666
"TYW1",0.239616708512516
"LRRC56",0.23909323261466
"CBFB",0.23902958515705
"TRIM44",0.238861506792197
"ZNF45",0.238847906937352
"KCTD21-AS1",0.238494335639345
"AP4M1",0.23840705978303
"MFF-DT",0.237901244417621
"PPP2R3A",0.237830422837091
"IER5",0.237814632279336
"RUFY3",0.237496624537268
"SV2C",0.237463671839996
"ABCG8",0.237318848099333
"RAD52",0.236900025627306
"UNC13C",0.236262523267464
"OR4F1P",0.236198691941315
"SNX21",0.235989712065121
"RNF185",0.235717458965778
"CAAP1",0.235609363790014
"PTPN11",0.23483518064558
"FMC1",0.234762765283015
"HINFP",0.23429132790431
"RPL12P11",0.234290969927473
"USP37",0.234276102008834
"SERBP1P6",0.234095668379935
"SLC1A2",0.233972257981864
"CACNA2D3",0.23383503440185
"SAMD11",0.233556628445047
"ZNF639",0.23346789797336
"FTO",0.233425945133495
"MYPOP",0.232977302864043
"FAT1",0.232855492773835
"LINC01214",0.232649005109577
"CCDC22",0.232570592294675
"FTSJ1",0.232354254673422
"MTND6P12",0.232296692874283
"RN7SL351P",0.232103431012415
"INTS6L-AS1",0.232021450439497
"USP12P2",0.231519585042173
"HOOK1",0.231498222863813
"ARGLU1",0.231429173404948
"NPIPA2",0.231419796168232
"ANKRD55",0.231350973265293
"PCBP2-OT1",0.230518814700913
"LRRC42",0.230479165324576
"C11orf16",0.230419246372471
"RPS4XP13",0.230061522690079
"DIO2-AS1",0.230061522690079
"CYCSP39",0.230061522690079
"RAD23A",0.229947943937566
"LINC01849",0.229858846706379
"IRS4",0.229858846706379
"SPAG6",0.229858846706379
"LINC01067",0.229858846706379
"DHRS7C",0.229858846706379
"TBC1D3D",0.229858846706379
"OR3A3",0.229858846706379
"MARS2",0.229719125060109
"ZNF30",0.229474316952334
"RSPH9",0.229386329657078
"NKIRAS2",0.229241170228341
"SMAD4",0.229160968603051
"LRCH1",0.22909081110564
"RPL7AP39",0.229033192707913
"RFTN1",0.22890810258907
"RANBP17",0.228556854814821
"ELOCP3",0.228480975373228
"ATP8A2",0.228092088667225
"ZBED5-AS1",0.227814442423108
"AGAP3",0.227519901281414
"MN1",0.227506054586462
"CDKN2AIPNL",0.227502037108971
"WDR90",0.227416493714178
"RPSAP6",0.227326348509038
"OTUD3",0.227215690306603
"KCTD6",0.227087377415655
"RPL24P8",0.227007480408295
"DHFR",0.22689113803221
"DNAAF2",0.226858321204268
"TATDN2",0.226838068776516
"KLHL36",0.226760761146052
"ORC2",0.226622657380988
"CCDC183-AS1",0.226477593837239
"HDDC3",0.22629767278428
"CEBPG",0.226261021679326
"HRK",0.22604081066824
"SLC44A2",0.225700543873291
"ZBTB46-AS1",0.225440951772946
"RGMB",0.22523754802072
"GLMP",0.225107649407421
"CDKN2A",0.225081185974929
"GNS",0.224917231586287
"MFSD4A",0.224731333145351
"YPEL5",0.224088152847421
"RAB5CP2",0.223154475531797
"PTTG1P2",0.223082661941334
"FUT4",0.223041585150093
"PDF",0.222527898242446
"LINC02292",0.222492682183868
"THOC1-DT",0.22247195468952
"MRGBP",0.221993909959978
"GLRX5",0.221973477593992
"CDK2AP2",0.221710990333887
"HLA-G",0.221308707368593
"ZNF133",0.221288545801354
"RASGEF1B",0.221268402788306
"LZTFL1",0.221223261158292
"BTBD7",0.221176355683897
"SGSH",0.220828677753327
"OR6J1",0.220695325573304
"WAPL",0.220662258764373
"SART1",0.220658766388478
"ANKH",0.22060287905103
"PGM1",0.220445799544687
"PSMG3",0.220396183785512
"RNF126",0.220103783071795
"TIMM22",0.220022265551577
"ACOT1",0.219976839781642
"HNF1A",0.219648159119656
"CSTF3-DT",0.219605372638319
"GP1BA",0.219280289041615
"STK17B",0.218886624670672
"GOLGA8T",0.218719351636434
"RNU6-1",0.218714403431185
"ARHGAP27",0.21861983644202
"ARRDC1-AS1",0.218545222741183
"GALNS",0.218540250706512
"POM121B",0.218374843836615
"SFXN2",0.218137990053391
"RNU6-236P",0.21801878822071
"RCC2P6",0.21801878822071
"FKBP2",0.217921760101518
"GOLGA4-AS1",0.217911919996776
"SNORD38A",0.217749656133704
"SPATA6",0.217478753278143
"ANXA6",0.217462506527361
"SIRT6",0.217383717330323
"HSPD1P11",0.21721208822789
"ZNF784",0.217196983182633
"ZNF33A",0.21694666978243
"CHRM3-AS2",0.216644354685909
"CCR9",0.216335956372316
"DIO3OS",0.215642492479374
"NLN",0.215212736898216
"PGM5P3-AS1",0.215161442910314
"STK16",0.215088451647117
"RBM41",0.215050234338761
"MX1-AS1",0.21474690989251
"VIM",0.214596867138178
"LINC02050",0.21415351547828
"CDC14C",0.21415351547828
"ZSCAN5A",0.214043684896379
"EEF1A1P15",0.213886763276101
"LINC02627",0.213683942399505
"RNU6-1034P",0.213683942399505
"SVEP1",0.213609186916531
"BANP",0.213407555008963
"LONP1",0.213363186715298
"LIMD1",0.2127951485732
"BABAM1",0.212729794702894
"ILF2",0.212310706597307
"EIF3LP1",0.211887476351408
"TUBGCP4",0.211746158039475
"PLEK",0.211450396698721
"RNU7-49P",0.21138547863617
"TAS2R13",0.211225849343644
"CLECL1P",0.211225849343644
"DOCK8",0.21101383023439
"USP49",0.210948276985377
"HAGLROS",0.210864553454584
"EIF2AK1P1",0.210586958085333
"MTIF2P1",0.210436840405289
"CFAP141",0.210436840405289
"MTND4LP13",0.210436840405289
"IGKV1OR-2",0.210436840405289
"IGKV1OR9-2",0.210436840405289
"TRAF7",0.210348787817597
"MGA",0.210270132940688
"VCF1",0.210106728467671
"NCKAP5",0.210080865352638
"NOVA2",0.209965524941581
"HSPA1L",0.209942095443419
"METTL3",0.209877178048051
"GRIP1",0.209766581003515
"GLTPD2",0.209593989808897
"HSBP1L1",0.209568254319415
"RPS2P54",0.209467008203224
"KANSL2",0.209226185862626
"RNU2-28P",0.208817581526436
"CEP104",0.208734772215942
"EFR3B",0.208589098082958
"LEPROT",0.208572831330396
"PLXNA2",0.20767244896663
"LINC00574",0.207651389621119
"MIF-AS1",0.207180353871546
"SPRY4",0.207119387465268
"LINC01297",0.207096873251707
"GSTO3P",0.206871194300947
"ATG12P2",0.20673970140946
"LINC01359",0.206673109253194
"MTHFD2P6",0.206435542964817
"TCF24",0.206435542964817
"LINC01695",0.206435542964817
"RPA2",0.206358273917534
"DCN",0.206108827548966
"FAM76A",0.205770164816145
"ZNF700",0.205669457490184
"GDF9",0.205590852869857
"MZT2B",0.205389170536512
"AKR7A2",0.205362883196009
"SDR9C7",0.205206011189797
"PWP2",0.205105539367266
"ARL6IP6",0.205071024084564
"LEMD2",0.204858338854746
"EPB41L2",0.204661845987455
"LINC01418",0.204660988390548
"PRRT3",0.204568101415343
"REEP5",0.204190969868145
"SLC27A3",0.204104424241163
"LINC02551",0.203768927296331
"RDX",0.203723530096767
"POLR2H",0.203476996662572
"BAHCC1",0.203469752300054
"TMUB2",0.202674652429618
"LINC01284",0.202638663042359
"IFT20",0.202620086119414
"ZNF740",0.202482782054427
"CFTR",0.202370901447574
"NUP210",0.202274731214719
"MAPT-AS1",0.202126944117254
"DRG1P1",0.20211790940632
"GABPA",0.201993814897262
"RNU2-27P",0.201782178377753
"ROCR",0.201697957314159
"FAM106B",0.201684986987478
"ASH1L-IT1",0.201555490624819
"GRSF1",0.201298890391871
"NYNRIN",0.201296927388015
"RAB33B-AS1",0.201255445550741
"FGD5-AS1",0.200868693529559
"ARL17A",0.200562283778662
"KRTCAP2",0.200561518672672
"NNT",0.200338155975891
"PDHA1",0.20017801376359
"STMP1",0.199955779972556
"RN7SL220P",0.199876130433633
"NRG3",0.199871105320362
"SCAMP3",0.199625816462681
"PDP2",0.199577199848922
"ZNF525",0.199520330060873
"RPL7P56",0.198968132233503
"SIPA1L1-AS1",0.198281499702169
"CTSF",0.198229324044674
"PLCL2-AS1",0.197746702538438
"GFI1",0.197417681555429
"CASD1",0.197084360887555
"POP7",0.196706907847839
"POLH-AS1",0.196621935343312
"SAFB2",0.196619486609278
"RPL17P34",0.196527712568593
"ATP6V1C1",0.19620055060068
"DDHD1-DT",0.195997511337364
"LINC01435",0.195856378028874
"HMGCR",0.195805548754543
"EIF2B3",0.195764432638155
"DYNLRB1",0.195414365788616
"NSA2P7",0.195127831979119
"HMGA1",0.195100543522353
"FNIP1",0.195002671704077
"RPL37A-DT",0.194839929911754
"YBX1P10",0.194798033792987
"GALNT11",0.194774563007264
"F11-AS1",0.194044606073208
"ACP2",0.193635858033322
"RPP14",0.19359231947093
"ADD3-AS1",0.193467563828641
"GLYCTK",0.193174486693084
"ANXA7",0.192785974801149
"METTL8",0.192752782563797
"EMC3",0.19266511396856
"H3P25",0.192636448152454
"MAP4K5",0.192421537775296
"PCOLCE2",0.192384744924101
"P2RY12",0.192384744924101
"GYG2",0.192384744924101
"TRIM51",0.192384744924101
"PLPP4",0.192384744924101
"SLC24A4",0.192384744924101
"NCCRP1",0.192384744924101
"NOTCH2NLC",0.192270440239991
"SEMA4D",0.192204103626249
"BCAN-AS2",0.191908682099173
"BOK",0.19147913462026
"ECEL1P3",0.191366040371008
"MAGEA4-AS1",0.191366040371008
"LINC01926",0.191366040371008
"FRG1BP",0.191366040371008
"EIF2S2P1",0.191342485562973
"KCNA7",0.191342485562973
"MRPL54",0.191292055205949
"BAD",0.19106759069537
"IPMK",0.191054311533238
"EIF1P5",0.191004077121454
"KRT18P22",0.190744911585827
"ZNRD2-DT",0.190562398815851
"ZNF257",0.190387813266385
"EPS15",0.190359556215063
"MUC16",0.190244634408341
"TTLL7",0.190215292077268
"ZFYVE27",0.189864348838028
"GFM2",0.189782310417799
"TTLL9",0.189733049521606
"PSME2P6",0.189619035617816
"C8orf34",0.189609554907619
"C8orf34-AS1",0.189573006809726
"SPPL2A",0.189521608634001
"OLR1",0.189458700479535
"MBNL3",0.189415002026877
"JTB",0.189122189629303
"HERC3",0.18901337733076
"COASY",0.188989974844948
"LOX",0.188814599027278
"SLC35C1",0.188745564276437
"ADAM7-AS1",0.188736439830788
"ATG2B",0.188527995365695
"H4C13",0.188440786952942
"MMADHC-DT",0.188318993870777
"CHUK-DT",0.188017387095999
"ADGRG6",0.187885809454
"FAM136CP",0.18740655547309
"ASS1P12",0.187401536903454
"IGDCC3",0.187401536903454
"RPSAP67",0.187401536903454
"LINC02088",0.187401536903454
"MAPK8IP2",0.187262371500308
"EIF4A2P4",0.187032668750911
"ZNF611",0.186973213372785
"RFKP4",0.186910365403773
"DDX21",0.186828345352321
"PRDM6",0.186586568835758
"PKP3",0.186522045346
"TRIP6",0.186493083570685
"ELL",0.186238549129384
"LINC01338",0.186068003727341
"ABHD14A",0.185781925664352
"RNASEH2B",0.185648814388229
"MTND1P23",0.185642863555797
"SCARA5",0.1856212832078
"IGLV3-15",0.18541817342808
"ANKRD13C-DT",0.185355604003502
"MYO1A",0.18532602512019
"XPO1",0.185232560042031
"PABPC1P1",0.185108219146806
"IMMP2L",0.184896565489925
"ZBED5",0.18486024822561
"ATG4D",0.18483220668405
"POLH",0.18480476263975
"ZFX",0.184705687041703
"TREH",0.184689912195025
"IGHMBP2",0.184470134409476
"MAP1LC3B2",0.184316249980633
"MAP1S",0.184194108904428
"POLE4P1",0.184011873153455
"GRPEL2P3",0.184011873153455
"PPIAP33",0.184011873153455
"RPS23P7",0.184011873153455
"IGLV3-29",0.184011873153455
"TPRA1",0.184009352503288
"LINC01583",0.183622183060496
"CAPN14",0.183329289598608
"MYRIP",0.18321748879314
"ROCK2",0.183189769196878
"FAM91A3P",0.182911788563637
"IQCB2P",0.182911788563637
"IGHE",0.18281673407308
"NIPSNAP2",0.182643401390021
"MUC3A",0.182228539328272
"EDA",0.182182913069957
"TRUB1",0.182072689293746
"LINC01976",0.181701856051041
"PRKAG3",0.181636458812831
"SMAD1-AS2",0.181483660619142
"RNU6-934P",0.181474722310944
"NUP50P1",0.181474722310944
"TRAIP",0.18136666580299
"RELA",0.181300961611777
"RPS2P18",0.181216571112267
"EIF2S2P3",0.181216571112267
"PACERR",0.181121025460735
"GOT1-DT",0.181050107798861
"MIR503HG",0.181040198361778
"RN7SKP230",0.180846222651543
"CA8",0.180814309718657
"NAP1L1P3",0.180764163743255
"PHB1P21",0.180764163743255
"ZNF736P1Y",0.180764163743255
"ANKRD44",0.180723688401486
"ANAPC7",0.18059396091619
"KLHL12",0.18047938219516
"RN7SL76P",0.180381983991393
"ACTR3BP4",0.180209487410357
"MTND5P10",0.180082917160266
"TMEM51-AS1",0.179919155398632
"RCHY1",0.179905859106901
"FAM178B",0.179592679477681
"RGSL1",0.179514591131573
"RSF1-IT1",0.179505231550488
"PSMD8P1",0.179377173183179
"KIRREL3",0.179375272488138
"SNX7",0.179227952400104
"ST3GAL1-DT",0.179188661302031
"BCL3",0.179174157755948
"SPDYE10",0.179126750019886
"SMC2-DT",0.179090103512427
"RPL39L",0.179065414277529
"IRF2BPL",0.178833681858863
"PDGFB",0.178647555206932
"AP3B2",0.178580733993717
"MCUR1",0.178504843064349
"AFDN-DT",0.178502728560893
"CCDC169",0.178463566760888
"TNFSF18",0.178426960223203
"ARHGEF4",0.178253022994624
"LINC01677",0.178090191064715
"GPR34",0.177865111875358
"CCDC90B-AS1",0.177731806815906
"METAP2",0.177731681112097
"NPR3",0.177632375136321
"NR5A2",0.177587361778715
"KIAA0513",0.177384899309313
"LINC02891",0.177244887540494
"DSCR4",0.177220123390045
"CTIF",0.177185033500802
"LINC02261",0.176680224490182
"DDX6",0.176670297874322
"PIRAT1",0.176637896201025
"ACBD4",0.176582601394583
"TRIM37",0.17649070831553
"LINC00323",0.176425924990682
"CROCCP1",0.17641895485908
"TRPV2",0.176416304857677
"CSTF3",0.17623012230674
"NTPCR",0.176208941608349
"RANP6",0.176179073474328
"DEFB108B",0.176179073474328
"ADCY6-DT",0.176064047594912
"IGLV3-30",0.176024818938585
"IDI1P1",0.175997821575088
"APOA4",0.175837921349252
"DTX2P1",0.175736442964742
"PTPRQ",0.175589799893758
"LASTR",0.175504015351153
"FNDC11",0.175473433141517
"CCT7P1",0.175303632103482
"POLR2DP2",0.175271622543227
"CDC27P2",0.175271622543227
"NDUFB6",0.175209335767204
"ARHGAP32",0.175169757802365
"CYB5R1",0.175073946357767
"DDX25",0.174957293019746
"TOX4P1",0.174653580298587
"GTPBP4",0.174584091940775
"VN1R7P",0.174471918636381
"ADAT2",0.174465366444478
"SRSF9P1",0.174330662378062
"HCFC2",0.174245637287508
"CSRP3",0.174107804353667
"HES7",0.174036314454537
"TXNL1",0.17390807757766
"IQCH-AS1",0.173775391422611
"NAALADL2",0.173771764397133
"ARHGAP39",0.173760764940166
"MED9",0.173603620142377
"RPL36P3",0.17351685031668
"MPPED1",0.17351685031668
"TRPC7",0.173326293850533
"SUMF2",0.173280014231487
"KCNIP3",0.173104228635944
"ASIC1",0.173048552258596
"DLGAP3",0.173006175558874
"ANGPTL3",0.173006175558874
"LINC01653",0.173006175558874
"FAM43B",0.173006175558874
"NES",0.173006175558874
"AMY2A",0.173006175558874
"OR6K1P",0.173006175558874
"SPTA1",0.173006175558874
"SGIP1",0.173006175558874
"OR2C3",0.173006175558874
"FAM110D",0.173006175558874
"AHCYP5",0.173006175558874
"IFT70B",0.173006175558874
"ANKRD30BL",0.173006175558874
"SLC30A3",0.173006175558874
"IGKV1OR2-11",0.173006175558874
"LINC01966",0.173006175558874
"GPAT2P1",0.173006175558874
"GPR45",0.173006175558874
"MAL-AS1",0.173006175558874
"LINC01965",0.173006175558874
"CLUHP10",0.173006175558874
"RNU6ATAC15P",0.173006175558874
"MASP1",0.173006175558874
"CELSR3",0.173006175558874
"HTR3C",0.173006175558874
"INHCAP",0.173006175558874
"ROBO2",0.173006175558874
"OR7E130P",0.173006175558874
"SLC7A14-AS1",0.173006175558874
"CFAP20DC-AS1",0.173006175558874
"ADAM29",0.173006175558874
"NAT8L",0.173006175558874
"LGI2",0.173006175558874
"IBSP",0.173006175558874
"MARK2P5",0.173006175558874
"LINC02146",0.173006175558874
"BHMT2",0.173006175558874
"SLCO6A1",0.173006175558874
"RPL13AP13",0.173006175558874
"IL13",0.173006175558874
"PCDHB8",0.173006175558874
"LINC01411",0.173006175558874
"LINC03122",0.173006175558874
"ZFP57",0.173006175558874
"PRR18",0.173006175558874
"BEND6",0.173006175558874
"CRIP3",0.173006175558874
"TCP11",0.173006175558874
"ADGB",0.173006175558874
"OR2AD1P",0.173006175558874
"EEF1A1P27",0.173006175558874
"VSTM2A",0.173006175558874
"OR2A1",0.173006175558874
"RNU6-1091P",0.173006175558874
"TSGA13",0.173006175558874
"FOXR2",0.173006175558874
"IGSF1",0.173006175558874
"PNMA6F",0.173006175558874
"MAP7D2",0.173006175558874
"RPL18AP14",0.173006175558874
"LINC01203",0.173006175558874
"LINC03070",0.173006175558874
"REXO1L8P",0.173006175558874
"RPL10AP3",0.173006175558874
"RPS3AP32",0.173006175558874
"SLC26A7",0.173006175558874
"SBF1P1",0.173006175558874
"FAM87A",0.173006175558874
"AKAP8P1",0.173006175558874
"SLC34A3",0.173006175558874
"TCEA1P3",0.173006175558874
"RNU6-714P",0.173006175558874
"FGF3",0.173006175558874
"HMGN2P38",0.173006175558874
"PKNOX2",0.173006175558874
"OR8D4",0.173006175558874
"HTR3B",0.173006175558874
"POU2AF2",0.173006175558874
"NLRP10",0.173006175558874
"OR5AK3P",0.173006175558874
"ENPP7P8",0.173006175558874
"CCKBR",0.173006175558874
"B3GAT1",0.173006175558874
"LINC02704",0.173006175558874
"OPALIN",0.173006175558874
"SLC16A12",0.173006175558874
"JAKMIP3",0.173006175558874
"GNAI2P2",0.173006175558874
"PTPRR",0.173006175558874
"ASCL1",0.173006175558874
"VWF",0.173006175558874
"KRT81",0.173006175558874
"FZD10",0.173006175558874
"GALNT9-AS1",0.173006175558874
"LINC02376",0.173006175558874
"ARHGEF7-AS2",0.173006175558874
"LINC01058",0.173006175558874
"LINC02337",0.173006175558874
"RNASE11-AS1",0.173006175558874
"ADAM21",0.173006175558874
"TGM7",0.173006175558874
"LINGO1",0.173006175558874
"CTXN2-AS1",0.173006175558874
"LINC02179",0.173006175558874
"GP2",0.173006175558874
"RBFOX1",0.173006175558874
"ARHGAP23P1",0.173006175558874
"RNU6-227P",0.173006175558874
"KRT38",0.173006175558874
"MPP2",0.173006175558874
"MTATP6P3",0.173006175558874
"CCL23",0.173006175558874
"LINC02089",0.173006175558874
"COTL1P2",0.173006175558874
"GALR1",0.173006175558874
"LOXHD1",0.173006175558874
"RPS10P27",0.173006175558874
"LINC01444",0.173006175558874
"LINC01254",0.173006175558874
"PHACTR3-AS1",0.173006175558874
"JPH2",0.173006175558874
"C20orf202",0.173006175558874
"RN7SL561P",0.173006175558874
"RN7SL155P",0.173006175558874
"RPS3AP50",0.173006175558874
"ZIM2",0.173006175558874
"KIR3DL2",0.173006175558874
"LINC00661",0.173006175558874
"SLC5A1",0.173006175558874
"ETV3",0.172873840592917
"CDC42P5",0.172845862221511
"HDAC3",0.172767103338484
"ZSCAN25",0.172678493983886
"CERT1",0.172520368821854
"CCDC121",0.172257556151874
"RPL12P50",0.172217222270995
"CENPI",0.172138173787353
"DLGAP4",0.172093309399103
"TIMP1",0.17207524008453
"EDIL3-DT",0.171918821358301
"COL27A1",0.171760328898493
"ZNF551",0.171386080451466
"LINC02866",0.171369236242162
"RPSAP56",0.171220318842394
"PDE8B",0.170902160428191
"H2AC13",0.17084930995105
"RCL1",0.17070504229761
"MAP2K1P1",0.170398459233475
"RNA5SP425",0.170384361656162
"HIF1A",0.170332693910241
"EPHA2-AS1",0.170165104674724
"SNX3",0.169901893488248
"GLG1",0.169736279488918
"EEF1A1P38",0.169616371157569
"IRAG1",0.169460008953465
"LINC01762",0.169425335590503
"NCOA4P4",0.16927763314454
"LINC02355",0.169149465596405
"MPHOSPH9",0.169100186538731
"FBXL12",0.169048934167926
"ADCY4",0.168870105267419
"PHLDA3",0.168858545370319
"RWDD4P2",0.168626789624198
"EMSY",0.168538427931833
"TMEM181",0.168189152128735
"IGLVIV-66-1",0.16804113434732
"MIR3677HG",0.16767987469138
"ATXN1L",0.167638636834394
"MS4A4A",0.167281725688876
"PGAP3",0.166861774828007
"AVIL",0.166824992492924
"ERCC3",0.166755524528575
"INPPL1",0.166754177464655
"PRSS3P1",0.166353317409745
"TPP1",0.166272376808004
"CHMP4BP1",0.166170005340327
"EXO5-DT",0.166065597407035
"GKAP1",0.165802215529872
"DGCR11",0.165290188029007
"CAMK1G",0.165024523143015
"LATS1",0.165022833622618
"MT-ND2",0.165015348853793
"EIF4B",0.165014389960636
"RPL5P8",0.16499064372409
"LRRC63",0.16499064372409
"LINC02639",0.164973194653863
"CCDC8",0.164938783304432
"RFX8",0.164885783413354
"ICE2P2",0.164885783413354
"TERLR1",0.164885783413354
"PPP1R10P1",0.164885783413354
"TBX4",0.164885783413354
"C14orf39",0.1648820712684
"NELFE",0.164856542594558
"FER1L5",0.164660633263163
"TRMT9B",0.16445055378073
"CHIA",0.164189926973418
"CD200R1L",0.164040693218958
"UCHL1-DT",0.164040693218958
"MTSS2",0.163949324284242
"SPC24",0.163839319833906
"LINC00466",0.163660357345434
"VAMP4",0.163656966700293
"LRRC37A",0.163618905807499
"GTF3C2-AS2",0.163466613971891
"CASP4",0.163190381005689
"THAP5",0.163037968145157
"NUFIP1P1",0.163000286796004
"OLFML3",0.16287065878274
"EDRF1",0.162633521722301
"WRN",0.16251459551849
"TDRD5",0.162408896397534
"MAPK15",0.16208840723425
"PDCD7",0.162036921095435
"DRAM2",0.16190760996719
"PELO",0.161836300036294
"POF1B",0.161789115932606
"ELAVL2",0.161777791238946
"PLEKHA6",0.161766639155433
"LHFPL4",0.161514555754539
"SLC3A1",0.161496620083159
"FBLN1",0.161271144646407
"SMAD6",0.161170456544394
"NAMA",0.161157842610876
"NMT2",0.160844635506755
"RPL32P20",0.160762070700869
"TNFRSF10C",0.160713819100685
"ZNF697",0.160637593648067
"MRRFP1",0.160382232880527
"DCLRE1C",0.160379169072388
"TSN",0.160231927848012
"HNRNPM",0.15999192611205
"ASRGL1",0.159955770254872
"CEACAM19",0.159820544045799
"FRAS1",0.15976217280753
"RIC8A",0.159668489602007
"UQCRC1",0.159363997871338
"FBXL15",0.159329847288142
"SDHAF3",0.159170360177999
"TCF12-DT",0.159019349289319
"LSM12P1",0.158952284802661
"STAT3",0.158482029999896
"RN7SL239P",0.15845492686411
"NAV2-AS4",0.158433149074555
"CPNE6",0.158433149074555
"HOXA7",0.158310652481444
"TAF1L",0.158014148760679
"PNMA2",0.158010800218343
"RN7SL275P",0.15799992913126
"PRSS2",0.15799992913126
"CAND2",0.157868631526017
"LINC01743",0.1575706248582
"UNC45B",0.1575706248582
"AKR1B1P7",0.1575706248582
"NAA38",0.15750427586292
"OR10A4",0.157405619448356
"OR51D1",0.157405619448356
"PSAT1P3",0.157326743459374
"RNU6-648P",0.157326743459374
"ZPBP2",0.157326743459374
"ADAMTSL3",0.157236325024236
"SPOP",0.156865738801539
"DCDC2",0.156664636301649
"SLC26A4-AS1",0.156648567635394
"SKA2",0.156496907110193
"RNU2-11P",0.155830965654919
"RN7SL600P",0.155783253464699
"SCRN3",0.155682505494277
"SART3",0.155568053206621
"LINC03000",0.155479769841353
"PDS5B",0.155189421743475
"SERTM1",0.154502189997926
"SLC35B2",0.154453569315532
"H4C5",0.154213981096337
"RLIG1",0.154194049648107
"KIFAP3-AS1",0.153997309515825
"TMEM106B",0.153966221678963
"SMYD3-AS1",0.153672524011136
"PHAF1",0.153590495277658
"PSD",0.153561183609833
"CARD8",0.153544480578131
"N4BP3",0.153442187713403
"SAMM50",0.153375927213065
"SH3GLB1",0.15284635805803
"LMBR1",0.15280703360623
"CARM1",0.152806132807533
"IL17RC",0.152722206841779
"PPP4R2P4",0.152678962922636
"BMP4",0.152656208133252
"RPL7P19",0.152525401498977
"UNC50",0.152233895537469
"SUSD6",0.151648963511633
"SRSF8",0.151274066321368
"ACAD10",0.15123902833815
"C19orf12",0.151130253255043
"SMIM27",0.151128188940842
"PLXNB3",0.151074767727521
"MTMR11",0.15098697042979
"BOP1",0.150975834921154
"CDC73",0.150968081429608
"RCC2P8",0.150838590416169
"RPS3AP30",0.150838590416169
"RANP3",0.150838590416169
"RPLP0P12",0.150838590416169
"SKA3",0.150558464491486
"ALAS1",0.150456689027478
"SENP6",0.149853654056409
"IQSEC1",0.149618388324345
"E2F6P3",0.149593692518748
"IL21R",0.149514646230584
"LINC00173",0.149459426303372
"RAD51B",0.149345769007002
"RPS20P14",0.149308711320695
"THOC1",0.149014606108858
"MRPL58",0.148816437610004
"TCEANC2",0.148758741472419
"USP14",0.148324374346762
"ENAM",0.148197872390933
"PRLR",0.148186644788476
"MALT1-AS1",0.147943645451477
"DNAJC5G",0.147868143839754
"CRX",0.147827803974351
"DAZAP1",0.147735082184138
"DEAF1",0.146958313021524
"CABIN1",0.14681201195008
"NR3C1",0.146672442608151
"HCG4P8",0.145865279285853
"UBE3A",0.145839417356056
"TPTE2P1",0.145693920712309
"TNPO1P2",0.145693920712309
"BDNF-AS",0.14556873870708
"DRAIC",0.145556054464027
"CFL1P5",0.145551333949661
"SF3B2",0.145349147631695
"CCDC103",0.14523904387899
"SNRNP27",0.14464001560953
"GYG1P3",0.14457926726716
"LINC02242",0.14457926726716
"CBX3P9",0.14457926726716
"USP8P1",0.14457926726716
"RRM2P3",0.14457926726716
"ARMCX5-GPRASP2",0.14457926726716
"SLCO5A1-AS1",0.14457926726716
"SNORA11F",0.14457926726716
"MCAT",0.144458158514035
"ZNF451-AS1",0.144232608875858
"IGKV2D-24",0.144059316965207
"C1QTNF7",0.144059316965207
"RPL19P20",0.144059316965207
"IMMP1LP1",0.144059316965207
"CYB561D1",0.143765082703147
"OSGEP",0.143730447098972
"CDC42-AS1",0.143647799352128
"MTND6P4",0.143588157055647
"NR1D2",0.143413031056939
"PNP",0.143373477164449
"RPL24P4",0.143348525323506
"RHOA-IT1",0.143141300182087
"TENT4B",0.14304745702138
"NARF",0.143038083627293
"OXER1",0.142886492135144
"WDR45BP1",0.142797655381953
"LINC02512",0.142527175951958
"MTX2",0.142480854442868
"INTS6P1",0.142352799944205
"PAPPA-AS1",0.142352799944205
"RN7SL317P",0.142352799944205
"CHMP5P1",0.142134907589552
"APH1B",0.142066414642787
"LPP",0.142012033212492
"USP33",0.141979065623743
"OSMR-DT",0.141975872369715
"SPATA20",0.141947895290721
"OSBP",0.141937232831373
"KCTD9P6",0.14173983891645
"LINC01012",0.141591504475662
"HHLA1",0.141591504475662
"TRMT61A-DT",0.141591504475662
"RNA5SP437",0.141591504475662
"IPO9",0.141403875593916
"CAMTA1-DT",0.141185847927872
"INTS14",0.141057259757466
"DGKD",0.140960102826328
"LINC02447",0.140934230522872
"SECISBP2",0.140741500678537
"DDX28",0.140706244550597
"LMBR1L",0.140376005195
"POLR3B",0.140292633540768
"C5AR1",0.140219950134618
"SLC22A15",0.140137718900585
"RABEPK",0.140046043115312
"SUCLG2",0.139918200251056
"TBL3",0.139850397382765
"RERE",0.139754370512589
"NUTM2E",0.139435112750754
"ORMDL3",0.139416226766273
"JMJD8",0.139394223747667
"TAF11",0.139219788443764
"FBXO7",0.138701712940091
"GPC1",0.138672204716524
"TMLHE",0.138512923357549
"FSCN1",0.138268391281246
"RPL7P58",0.138160687015353
"ZNF44",0.138116885897129
"ZNF529-AS1",0.137927584702821
"MIR22HG",0.137830722739289
"RN7SL753P",0.137804961308612
"FRG1HP",0.137728814700767
"EIF2S1",0.137667110943298
"OSBP2",0.137582480629935
"DBF4",0.137536305794513
"PGP",0.137370144763483
"MTIF2",0.137281810263515
"USP8P2",0.137096062774392
"SSBP3P1",0.137096062774392
"MRS2P2",0.137047448234671
"SLC31A2",0.137040281050089
"OR10T1P",0.13696813714475
"PRMT1",0.136925846070116
"PPP1R12A-AS1",0.136727187325715
"NQO2",0.136551599391909
"FOSL2",0.136215888026086
"HOOK3",0.136089212906956
"NPIPB10P",0.136041067966606
"TRIM33",0.136035503868757
"POFUT2",0.136006485147496
"TP53I11",0.135820375736773
"MTMR9",0.135727752666144
"POLDIP2",0.135694838429011
"MT1M",0.135544113865286
"FGFBP2",0.135534048130481
"GUCY2C",0.135450820740878
"IQCG",0.135385972988536
"SMIM6",0.135281510182303
"SGPL1",0.13519565981705
"C8orf76",0.134922969134903
"KCP",0.13480982165817
"ESRP2",0.134785000431139
"EEF1A1P24",0.134682843356411
"TLR2",0.134329565695611
"MIR7-3HG",0.134139770923792
"KLC1",0.133966172149867
"ZNF410",0.133711372975165
"ZC3H4",0.133600975525789
"SKIC8",0.133578074152398
"FBXL8",0.133555164385931
"RAB5IF",0.133462725073769
"CMTM4",0.133276798593265
"PCBP1",0.133039232649207
"NDUFV1",0.132884829713304
"RBM45",0.132784467345235
"KRT8P3",0.132778948111352
"NDUFB7",0.132310300102273
"BIRC2",0.132122246113853
"MUC17",0.131992227263512
"ARFRP1",0.131671144876055
"PEX5L",0.131421266243822
"COQ7",0.131275301251916
"LINC00412",0.131006387873433
"SH3TC2",0.130950208353603
"SETD5",0.130737705872175
"LHPP",0.130063086129704
"LINC01393",0.13002755295628
"PPEF1",0.12992534775429
"GOLGA8S",0.12992534775429
"RNASEH1P2",0.12992534775429
"YJEFN3",0.12992534775429
"VSIG2",0.129869143245097
"MIR3142HG",0.129740229839134
"FAM98B",0.129727637955382
"LINC01389",0.129722584633378
"RNU6-890P",0.129643551914178
"SNORA2C",0.129605970049259
"SAFB",0.129426734137934
"INE2",0.129416310541895
"TMF1",0.129397518391901
"CFAP58-DT",0.12936890195903
"ZNF302",0.129244934394029
"ZSWIM6",0.129115281644494
"OTUD4",0.128955492734163
"OSTCP6",0.12882813691026
"OR13C7",0.12882813691026
"GOLGA8Q",0.12882813691026
"IMP3",0.128653092145799
"RIGI",0.128577346471549
"WDR45P1",0.128552536380248
"FBN1",0.128521441198348
"DNAJC14",0.128270892433687
"EIF4BP8",0.128255811908975
"LINC01081",0.128255811908975
"KIF1B",0.128136968518462
"RAPH1",0.127878377742667
"NCOA4",0.127819450581065
"OGDH",0.127787279107361
"DACH1",0.127669697669543
"WBP2",0.126881691090619
"EXOC5",0.12677610310226
"KIF15",0.126609100097621
"FADS3",0.126482042920767
"FBXO40",0.126431067936135
"CEP170P1",0.125730715966766
"CENPT",0.12572125714992
"P4HTM",0.125604544720675
"CASTOR1",0.124765510605502
"ARL8A",0.124749902650297
"SNX24",0.124442770009115
"MRPS35",0.124334402931168
"ZSCAN31",0.124325645010763
"RPS4XP7",0.124098928209625
"ARMC2-AS1",0.123947434172023
"NACA3P",0.123917191529295
"CST3",0.123796529024825
"TMEM167B-DT",0.123433702515039
"SPART",0.123228665866189
"NAGK",0.123178389484424
"MACORIS",0.123037393222941
"GFRAL",0.123026386690924
"PCBD1",0.122794305058027
"KRT16",0.122684682893715
"NDUFA11",0.122382448660811
"DHX29",0.122166216701878
"UBE2C",0.122062779039014
"KRT18P28",0.121877503559832
"PLEKHD1",0.121722293208347
"KAT2B",0.121615187744097
"MVP",0.121581991521636
"WWOX-AS1",0.12137930401967
"TIGD7",0.121314933014062
"TMEM179B",0.121182965637716
"TRIM16",0.121182561526407
"ZNF672",0.121018584167403
"LINC02606",0.120902594661449
"NAP1L1P1",0.120819650741385
"POMGNT2",0.12075382978248
"RPL12P8",0.12073977914546
"FAHD1",0.120738897033768
"RNASEH2C",0.120409344719402
"LINC00326",0.12038194425157
"DOLK",0.120201315998306
"NSA2P4",0.120165248902239
"RNU6-379P",0.120165248902239
"H2BP3",0.120062250718492
"TCP1P1",0.120062250718492
"RPL37AP1",0.11996459864448
"PET100P1",0.119826519215681
"GLRX2",0.119780892303042
"ZSCAN29",0.119576715681203
"ATP6AP2",0.119193064832996
"FAM200A",0.119024606436967
"HPS3",0.118872642080358
"CDK5",0.118868999157817
"KLHL42",0.118804007460418
"RPL32P12",0.118797056807177
"LYPLA1",0.118742246063028
"CD2AP",0.118646545935659
"HYPK",0.118431019537543
"OXCT1-AS1",0.118218683525929
"HSD17B6",0.118206517556791
"PELP1-DT",0.118196455532215
"RNF114",0.117981230063945
"HSBP1",0.117722376776352
"DLST",0.117684060639691
"ZC3H15",0.117446669430189
"XRCC6",0.117315792900689
"ANKRD13D",0.117057982060434
"TARS2",0.116887472063404
"PKD2L2",0.11661658777
"PPIAP85",0.116539717791392
"RN7SL63P",0.116539717791392
"RPL23AP12",0.116539717791392
"TMEM79",0.116442342244697
"VPS37B",0.116328748705872
"SEC16A",0.116199489020287
"SLIRP",0.116060030880499
"UBBP1",0.11605634048214
"AIRIM",0.115795444090603
"MSRB3",0.11575231100108
"PAN2",0.115719660566294
"AGT",0.11543525078823
"PPFIA4",0.115371981860449
"CHCHD4",0.115215156376963
"DLG1",0.115193671699654
"GJC3",0.115009073808399
"CCDC168",0.114663964478754
"IL10RB-DT",0.114264753474433
"BCAS3",0.114244693962711
"MTRR",0.114134194316712
"S1PR2",0.113987293053173
"BID",0.113739090229599
"SLX4IP",0.113697546871488
"LINC01574",0.113635569901286
"SLC25A34",0.113422871355278
"THAP9",0.11337002408127
"RALGPS1",0.113034420508647
"RAB28P5",0.112687174161338
"MPI",0.112410268395417
"PPA2",0.11239188082959
"POLR2I",0.112183078262543
"ARL5A",0.112150074569675
"ZNF808",0.112107859353792
"PPP4R3B",0.112080773132817
"SAMD1",0.111616803688054
"UBLCP1",0.111517081571325
"ERVK13-1",0.11119044840404
"ZC3H18",0.110995252640463
"C7orf50",0.11090948485908
"ZFAND6",0.110908405237126
"RPL7L1P21",0.110885917316015
"LINC02217",0.110885917316015
"CILP2",0.110885917316015
"EIF3LP3",0.110785910994052
"STUB1",0.110761757617693
"PPIL4",0.110699070891607
"RRP8",0.110627092770504
"AAAS",0.110470884543378
"PPARD",0.11026717150664
"CCDC102B",0.11021820696426
"USP30-AS1",0.110203347924793
"LY6S-AS1",0.109878143275197
"LINC01089",0.109748727662502
"ERBIN",0.109382102464571
"CHROMR",0.109346612998715
"DNAH9",0.109319077026973
"GPN3",0.109123722298014
"EID2B",0.10899447995751
"ZNF678",0.108775090126594
"ZNF844",0.108768976848248
"RPS5P8",0.108721728398562
"OBP2B",0.108721728398562
"FASTK",0.10866454843886
"SEC24B",0.108491272389018
"SLC25A51",0.108403455765155
"VIPR2",0.108388436812996
"ZNF7",0.108222536629487
"RNU6-858P",0.108213303394201
"SIDT1",0.108055776798538
"NKAPD1",0.107896546388807
"CRYBA1",0.107895309225148
"ACTL6A",0.107758812588806
"RAP1BL",0.107493987596228
"FRG1",0.107444913417356
"CCDC34",0.107211699691808
"MIER1",0.10718837657748
"ZSCAN12",0.106963081419288
"OTUD5",0.106786483362914
"WDR20",0.106725380414557
"PEDS1",0.106630149263448
"FAM133B",0.106152640775151
"UBE2V1P2",0.106124577086074
"BACE1-AS",0.106094864487953
"MPG",0.105971232793656
"FOXN2",0.105773318365743
"PPM1K",0.105572141263092
"LAMC3",0.105571632372615
"GNAI3",0.105373950795793
"SYTL3",0.105356274734009
"TPTE2P5",0.105346375154277
"PLK3",0.105052802479346
"TMX2",0.104977517052167
"SORD",0.104823654931047
"ASCC3",0.104809500226772
"KMT5B",0.104775160617194
"GPX1",0.104591683694079
"MAP3K11",0.104495621162446
"SFSWAP",0.104066311829735
"ZNF711",0.104022864823208
"PHOSPHO2",0.103876932176498
"IMPA2",0.103844458387351
"ATF5",0.103738605224988
"MIR3682",0.10347060995699
"KPNA3",0.10344430809335
"TMEM185A",0.103404373198748
"NPM1P37",0.103356479001431
"THBS3",0.103266354832511
"PLEKHA4",0.103253905837846
"TMEM230",0.103098769782715
"RPL3",0.103003261037935
"PARL",0.102993406726415
"CMPK1P2",0.102773468891413
"PAX6",0.102412508084374
"SRA1",0.102305397612644
"NUP58",0.102272914164538
"MOV10",0.102074584639419
"SRF",0.101959413447741
"SATB2",0.101814501403328
"MEF2D",0.101726569393857
"SLC38A6",0.101018933048929
"CYP2U1",0.100897361495131
"H4C3",0.100655524812093
"LRRFIP2",0.100480792693149
"IGFBP2",0.100369020944716
"RPL13AP14",0.100316860421709
"GDE1",0.100194273593187
"CMTR1",0.100138159637979
"ELK3",0.100094065879123
"ZNF8-DT",0.0999091849601987
"OR2A25",0.0996814888199125
"IADEN",0.0996814888199125
"AMIGO1",0.0995960536000408
"PIK3R5",0.0995104410809337
"FNTA",0.0993245601703604
"TUBGCP2",0.0992984556220803
"SPIN1",0.099127938469992
"BOD1",0.0989489232097689
"SLC9A4",0.0987288931391191
"ST7L",0.0986439904129494
"RFC2",0.0986288368952552
"MAEA",0.0984467708757098
"LGALS3BP",0.0984268209101961
"ATP5MC2P1",0.0983782793381999
"APPL2",0.0982952270989318
"MRPS34",0.0980753073614289
"PXN-AS1",0.0979750246427655
"CCL22",0.0977681641874468
"FUNDC2P1",0.0977599993438188
"NFYB",0.0977090034760264
"CCNO-DT",0.0976717924968014
"RSL24D1",0.0976157578854724
"CATSPERD",0.0975655577317542
"DDX3Y",0.0975206651630015
"CD9",0.0975159394559058
"CCDC88C",0.0974060492109225
"MRPL24",0.0973883244496764
"PSMC1P1",0.0973244809510091
"MPC1",0.0971626282979748
"CCDC134",0.0970459961167898
"PUM1",0.0966214643823994
"UQCR11",0.0964457958946644
"YTHDC1",0.0963992631820398
"PGLYRP2",0.0961673355678389
"CPEB1",0.0961154996757683
"GNG12",0.0961095969435252
"RHPN2",0.0960919659006397
"PSMF1",0.0956089208130751
"P4HA2-AS1",0.0952823908558796
"GABPB1-IT1",0.0951798939048149
"TAF7",0.0950358224286349
"KATNB1",0.0949564195774303
"TTC19",0.094252641220687
"AP2A1",0.094210970979048
"GTF2IRD2B",0.0940424166113787
"GARS1-DT",0.0932271674432904
"SYCE1L",0.0931709822197703
"HLA-DQA2",0.0931490187179683
"IL1RAP",0.0930880741096429
"PTMAP12",0.0926402568040661
"KBTBD2",0.0926110037226941
"KNOP1",0.0925533211302451
"GK-IT1",0.0924597435261415
"MARCHF3",0.0920790350794748
"C8orf33",0.0919650882265535
"MARK4",0.0918730741586327
"XRCC4",0.0918285831151978
"AK6",0.0916470103758618
"NDUFB11",0.0915591381872819
"TST",0.0914830167651834
"STIM2",0.091233286522486
"ABHD17AP6",0.0906189481415355
"CDKN2B-AS1",0.090385724038786
"GTF3C1",0.090370889308276
"ERCC6",0.0901860031132326
"AURKAIP1",0.0900953213172374
"PILRB",0.0900096637049281
"APAF1",0.0898709415042019
"NEDD1",0.089723131165843
"KLHDC4",0.0897025936390086
"NKD1",0.0895814483949835
"SELENOF",0.0894025186644827
"PPP6C",0.0893935690946079
"LARGE2",0.0893676394765525
"MYL6B",0.0890925281415217
"CHCHD2P2",0.0889633648925418
"COPA",0.0888991927762846
"TRAF3",0.0887734413429252
"SGTA",0.088647837949512
"ZNF594-DT",0.088591844282339
"CNOT10",0.0883766824291992
"BAZ2B",0.0882788557215656
"PSEN1",0.0877203561415122
"XPR1",0.087604450818779
"STPG4",0.0875655931864782
"RAP2A",0.0875115560435721
"GLUL",0.0874419119015159
"KIF1C",0.0872875464179198
"DDX11L8",0.0872538985371048
"PMPCA",0.0872515044533926
"PGK1P1",0.0872227599006895
"C5orf24",0.0872024704489157
"MIR3074",0.0870700726758275
"TPM2",0.0869909141110563
"DPM2",0.0869727445828215
"SNORA22",0.086962237643421
"CYLD-AS2",0.0868499326243104
"FAM230C",0.0867688934201147
"BMP7",0.0865814787841745
"FRMPD3-AS1",0.0865069367648963
"SREBF2-AS1",0.0864446915498622
"HDAC2-AS2",0.0863927732091982
"PLCG1-AS1",0.0862039891824534
"TTC9C",0.0861992332043746
"PRORP",0.0861046769527088
"CTSK",0.0860171949505408
"FTCD",0.0859745818608966
"PLEKHG2",0.0858920405724587
"ANKRD65-AS1",0.0858601234155064
"SEMA3G",0.0857825388610577
"MAPT",0.0857670630951793
"ZBTB11",0.0854765240934089
"R3HDM1",0.0854584539120697
"PPID",0.0854020087479492
"DHDH",0.085330218551256
"PCAT6",0.0852885841689823
"FRMPD3",0.0850939240169521
"LINC00882",0.0846242723870685
"GRIA1",0.0845814289103616
"MLF2",0.0845587687572207
"FAM3A",0.0844565905306029
"NUDCD3",0.0843942645763182
"ARID1A",0.0843638125647415
"ADIPOQ",0.0843412147561591
"MYO18A",0.0843244102021482
"TTC36-AS1",0.0840171029872429
"ORC4",0.0839578778083397
"PADI4",0.0839417987403048
"CAVIN4",0.0839417987403048
"ZNF512",0.0837571737885856
"KPNA2",0.0836825469092484
"PRDX3P1",0.0835776978212624
"TRGV4",0.0835393690931247
"TMEM123",0.0835132357346247
"IMMP1L",0.0834669784687017
"EEF1A1P4",0.0834148688635392
"EFR3A",0.0834064488553948
"MRPL49",0.0833787366872665
"DCD",0.083234973597542
"OR2T8",0.0829289044669625
"LINC01356",0.0829289044669625
"LINC00303",0.0829289044669625
"TVP23BP2",0.0829289044669625
"RNU6-377P",0.0829289044669625
"PDCL3P3",0.0829289044669625
"ACAP2-IT1",0.0829289044669625
"GRM7-AS1",0.0829289044669625
"KDR",0.0829289044669625
"RPL30P6",0.0829289044669625
"ADAMTS3",0.0829289044669625
"LINC02103",0.0829289044669625
"LINC01526",0.0829289044669625
"ZAN",0.0829289044669625
"TUSC2P2",0.0829289044669625
"EEF1A1P31",0.0829289044669625
"MIR5194",0.0829289044669625
"TCEA1P1",0.0829289044669625
"EIF4A2P5",0.0829289044669625
"SNORD15B",0.0829289044669625
"HBG1",0.0829289044669625
"RPL29P23",0.0829289044669625
"LINC02737",0.0829289044669625
"LINC02733",0.0829289044669625
"MIR6507",0.0829289044669625
"LINC01518",0.0829289044669625
"TMEM26-AS1",0.0829289044669625
"TUBAL3",0.0829289044669625
"LGR5",0.0829289044669625
"LINC00507",0.0829289044669625
"RNY1P3",0.0829289044669625
"MDGA2",0.0829289044669625
"RPL5P32",0.0829289044669625
"SCG5",0.0829289044669625
"CSTP2",0.0829289044669625
"RPS29P26",0.0829289044669625
"GNG5",0.0828579943983704
"CIAO1",0.0826926327376923
"ST6GALNAC6",0.0826812079502584
"LRIG3-DT",0.082671805862181
"YBX1P1",0.0826399520989499
"MFF",0.0825701157676892
"SPINK13",0.0825047650353884
"RMDN1",0.082452864785493
"BICC1",0.0824078089376296
"CES4A",0.0823940294504695
"BNIPL",0.0819995139948904
"EIF3FP1",0.0819438597100493
"CNTNAP3B",0.0816428351213268
"LINC02842",0.0816097223477182
"RAB43",0.0815663600062878
"BTG3-AS1",0.0814652427400081
"DEF6",0.0813125532234884
"UBALD1",0.0812941586030881
"HNRNPKP4",0.0809583668540512
"GCM1",0.0808982250961292
"SCAMP2",0.0807897752936445
"LINC02964",0.080778900180007
"SLC25A17",0.0807011637275578
"GGNBP2",0.0805478939470559
"SYNE1-AS1",0.0804819939967512
"UBE2T",0.0803255511697534
"CMAS",0.0803070952781678
"C8A",0.0801922797595263
"MAPRE1P1",0.0801922797595263
"BPIFB6",0.0801922797595263
"USP9YP22",0.0801922797595263
"DDX20",0.0801005624234395
"GOLGA2",0.0800959333909634
"C1orf43",0.0798209242385565
"LINC02462",0.0797641534621343
"ZFP82",0.0796547481800373
"NLRC4",0.0795503525367964
"POM121",0.0795325820761917
"HSD11B2",0.0794774241806875
"SLC25A35",0.0794051391242631
"DICER1",0.0793969410310291
"CMSS1",0.0790842308611817
"BLM",0.0788643126056538
"CEACAM4",0.0788490661549534
"ISCA1",0.0782356607363431
"DMBX1",0.0781631066755579
"RNU1-20P",0.0781631066755579
"UNC5A",0.0781401500655751
"TNIP1",0.078111717723648
"PROM2",0.0779766934164986
"NOTCH2P1",0.0779035785730008
"CHRM3-AS1",0.0779035785730008
"FGF12-AS3",0.0779035785730008
"CAMKV",0.0779035785730008
"RPF2P2",0.0779035785730008
"IQUB",0.0779035785730008
"RNA5SP258",0.0779035785730008
"OR1S1",0.0779035785730008
"OR11H4",0.0779035785730008
"PERCC1",0.0779035785730008
"LINC01416",0.0779035785730008
"APEH",0.077853788684219
"LRRC28",0.0777720872156208
"PARP14",0.0777703621289153
"TSPAN8",0.0775964117405048
"NTRK3-AS1",0.0774292029916614
"PRSS33",0.0774292029916614
"KLHL10",0.0774292029916614
"MIR122HG",0.0774292029916614
"CDK4",0.0772502948248794
"LINC02945",0.0770827299128895
"CLCF1",0.0770086962206294
"EXOC5P1",0.0768899661510628
"RPL5P4",0.0768898380223141
"RPL21P89",0.0767451897544057
"PLSCR4",0.0767215723279565
"CSPG4",0.0767013492770008
"PKIB",0.0765762290520545
"IQCE",0.0765719865877432
"BTBD19",0.0765562006608048
"EOGT-DT",0.0763715487064706
"LRRC47",0.0763570562304461
"ZNF419",0.0763470706021102
"DARS1",0.0763109869905426
"SP7",0.0763075977981346
"TSR1",0.0761861443938942
"RN7SL525P",0.0761652677853596
"TMEM127",0.0760759810996115
"ZMYM5",0.0758362278140961
"CCT6P3",0.0755709933665172
"LINC02420",0.0755709933665172
"RPP21",0.0753846846596677
"KLHL28",0.0753765982922686
"RNU6-879P",0.0753734759099899
"BAG1",0.0752911317436618
"MRPL2",0.0751971890532607
"MRPS16",0.075196979456878
"HADH",0.0750993657035772
"CICP7",0.0748717733103086
"SLC25A6P2",0.0748717733103086
"IGHVII-60-1",0.0748717733103086
"ZNF280A",0.0748717733103086
"ZNF397",0.0745778585429866
"TMED8",0.0745474330274771
"SEC63P1",0.0745070915372088
"POLR3D",0.0744562606293182
"LENG9",0.0743977693271489
"DOK7",0.074331215651408
"ADAMTS8",0.0742931234556721
"SLC25A5-AS1",0.074270015674604
"MBD3L3",0.0741807449931216
"SMIM15",0.0740917774082123
"TIMM10B",0.073949226224833
"MTHFD1",0.0739432881754372
"ZNF497-AS1",0.0737661793813777
"GALC",0.073665821679777
"EEF1A1P29",0.0736037818245798
"OAZ1",0.0735974296552948
"BRI3P1",0.0735746261472898
"GMFB",0.0735689548852764
"APP",0.0733499858795536
"TCEAL8",0.0732146238236631
"TOMM20P4",0.0732119943179364
"SFXN5",0.0731746188853651
"BRD10",0.0730060156537812
"CXXC4-AS1",0.0729945438005893
"LINC02018",0.0729551216199176
"LETMD1",0.0729400766471442
"TSPAN6",0.0727950667630964
"ZNF725P",0.0727732442133245
"MANSC4",0.0726094902161556
"WDTC1",0.0724906634185514
"ZNF114-AS1",0.0723382799790987
"TRAJ2",0.0722472245247458
"PSG8",0.0722472245247458
"RBMX",0.0722002679316749
"ADPRH",0.0720626256587087
"SLC25A30",0.0719622478694336
"MRPS23",0.0719253515850514
"ARHGAP20",0.0718307225783487
"VN1R32P",0.0718270412442026
"MIR378A",0.0718263516766219
"CPN1",0.0718263516766219
"LUNAR1",0.0718263516766219
"TAPBP",0.0717104245977339
"ATP13A5",0.0715165646639251
"ARMC8",0.0712206989950645
"MSANTD4",0.0711337836986257
"CD207",0.0709730867886158
"ENOX1",0.0709730867886158
"IGKV2D-19",0.0707902997028876
"ACCSLP1",0.0707902997028876
"OR1E2",0.0707902997028876
"ASB6",0.0706507481785218
"SLAMF1",0.0706156861283405
"LINC02743",0.0705371693980257
"NPEPPS",0.070467397271254
"GNB1",0.0704385761389228
"MGST3",0.0704089193623669
"RNY4",0.070375695464481
"CTAGE12P",0.070375695464481
"FH",0.0703707454807713
"OSBPL6",0.0703610456067668
"CREBBP",0.0702830308983656
"F8A3",0.0701937401379897
"ARHGEF7",0.0701692146554036
"SPAG9",0.0698447008915674
"MKLN1",0.0697581014574794
"RNY4P6",0.0696714730033725
"RNU6-314P",0.0696714730033725
"SGMS2",0.0696600846035963
"SPATA4",0.06962445842255
"LINC02266",0.0695351594171241
"SP1",0.0695012767115738
"RN7SL655P",0.0693570785391809
"RPL21P2",0.0692152409678464
"CPSF1",0.0690579068937294
"SLC35F1",0.0690128799332207
"RARRES2P11",0.0690128799332207
"NEK9",0.0688674711373755
"RPS17",0.0687657144781607
"DLD",0.068600644813122
"RN7SL861P",0.068590246017254
"CHRNA9",0.068590246017254
"KRTAP5-13P",0.068590246017254
"STOML3",0.068590246017254
"PHF21B",0.068590246017254
"C1orf210",0.0685612446986291
"ABHD16A",0.0685573804876591
"GPR39",0.0685078814269156
"MT1P1",0.0685060689913797
"TRIM25",0.0685021477147205
"DOCK6-AS1",0.0683111314104756
"LINC03007",0.0683093338834351
"LINC00501",0.0683072473607717
"RAVER2",0.0682718357868694
"TMEM92",0.068270358770934
"EIF4G3",0.0682614087079046
"GALE",0.0682403546874661
"SMIM10L1",0.068075768231104
"TMEM14B",0.0680417326366523
"TCF7L1",0.0679904374960416
"HMGN3",0.0679579204477917
"CENPCP1",0.0679059048671528
"APBA2",0.0676904871195558
"BPGM",0.0676394619102116
"MIR4505",0.0674203843883606
"RNU6-19P",0.0674203843883606
"AKAP14",0.0673136911331693
"ABTB1",0.0671922128284599
"HSF2",0.0671365584049835
"KLHL30-AS1",0.0670597058018739
"TUBB7P",0.0670597058018739
"RNU6-761P",0.0670597058018739
"IGHVIII-22-2",0.0670597058018739
"RPS12P27",0.067018012882163
"DMRTC1",0.0669166240972503
"ZNRF3",0.0669059766954297
"SHMT1",0.0668486929018803
"SNORA73B",0.0667376588764182
"PCBP2P2",0.066711216476937
"ZMYM4-AS1",0.0666370576704835
"RGPD4",0.0666251228898675
"LMOD2",0.0666102334093833
"ZNF286A",0.0664966004331211
"ANAPC10P1",0.0664790707041563
"FAM182A",0.0663780459036761
"SRSF10",0.0660733339523617
"TMEM165",0.0660072939276559
"CHIC2",0.0659819242359813
"FDPSP4",0.0659667375831165
"PTPN12",0.0657326295138338
"DDX19A-DT",0.0657180375952314
"UFD1-AS1",0.0657085603759742
"ENOX2",0.0656316754014855
"CA12",0.0655832048891706
"LINC02637",0.0654781357235319
"MEAF6",0.0654609759195457
"TRMU",0.0654168613941568
"EXOSC7",0.065317629302363
"C19orf33",0.065237832596786
"ACKR1",0.0652212985868547
"SETX",0.0651576650669159
"GET4",0.0651562182706589
"RAB17-DT",0.0651540869166627
"HUWE1",0.0651100157266735
"ACKR4",0.0650813350709962
"CHCHD2P6",0.0650803666483432
"NDUFB10",0.064578273329612
"SNRNP25",0.0644936176880058
"ATF7IP2",0.0644679277832406
"TIRAP",0.0643811901122607
"MSANTD3",0.0643657175708111
"JADE1",0.0642735786056143
"FOXD3",0.064228559251736
"LINC02767",0.0640947729886822
"DGKE",0.0640458140200382
"STK24-AS1",0.0639875952479804
"LINC01324",0.0639245520727328
"AKR1B1P3",0.0639245520727328
"RNA5SP305",0.0639245520727328
"CTNS-AS1",0.0639112445096175
"RPL7L1P16",0.0638678277506716
"MAP4K1",0.0638341883985786
"COMP",0.0638180227099224
"PRC1",0.0637735848303527
"HDGFL2",0.0637251984013
"PTPRA",0.0636341764939645
"PIPOX",0.0635508385959691
"LINC01836",0.0635204341393385
"THRB-AS2",0.0634781424017869
"COLGALT1",0.0634320353052453
"TMEM14B-DT",0.0634147133642902
"CNTD1",0.0632765020108791
"RN7SL300P",0.0632658777937544
"GOLGA6GP",0.0632658777937544
"RN7SL368P",0.0632658777937544
"YEATS2-AS1",0.0632057595612458
"ACLY",0.0631698568035164
"KPNA4P1",0.0629619321690297
"UFM1P2",0.0629619321690297
"GRIN1",0.0629548999568167
"GCSAM",0.0628481566954567
"TFRC",0.0627929032016315
"EIF3L",0.0625164245149134
"C1QTNF9-AS1",0.0623728269137013
"NACC2",0.0623498738444842
"PNPT1",0.0622811755849346
"CYP3A43",0.0619393428440289
"ZBTB8OS",0.0619264906828112
"ITPR3",0.0619030289909744
"THAP9-AS1",0.0617956085913239
"LINC02710",0.0617756338878621
"HSPE1P5",0.0617756338878621
"SMIM2-AS1",0.061711940406549
"PKHD1",0.0616093865788187
"PBX1",0.0616091746022223
"GPR137",0.0616050671912049
"ZNF341",0.0615898100990331
"GALNT3",0.0614720762608895
"ZNF394",0.0613373919691648
"RNA5SP183",0.0611734070335771
"CACUL1",0.061162255043431
"NUDCP1",0.0608803740663488
"RPS8P10",0.0608600865818593
"CACNA1B",0.0608573250056231
"MTCO1P2",0.0608307532253843
"MRFAP1",0.0607984933789083
"GPS1",0.0607609497044401
"RNA5SP172",0.0607570671326832
"IGHVIII-38-1",0.0607570671326832
"ANKRD11",0.0605013960207045
"PPFIA2",0.0604342890886883
"CICP26",0.0604256628390158
"RNA5SP355",0.0604256628390158
"LINC00273",0.0604256628390158
"VN1R96P",0.0604256628390158
"SMG1P2",0.0604044309718826
"LINC01361",0.0603276773442308
"MEIOB",0.0602747697900209
"PPP1R1C",0.0602743440805896
"NPM1P6",0.0602509739728722
"POLD4",0.0602123288861373
"EVA1CP5",0.060121496476371
"TBKBP1",0.0600944929184107
"RELL1",0.0600286685407454
"PRKAG2-AS2",0.059992128285168
"RNU6-30P",0.059992128285168
"RNU6-301P",0.059992128285168
"HS6ST3",0.0599695696162896
"NIT1",0.0599152064314743
"IGHVII-78-1",0.0599141758200311
"EEF2KMT",0.0599000419996574
"WAKMAR2",0.059884055878649
"CLBA1",0.0598184924538002
"TDRD12",0.0598070553126235
"ZFAS1",0.0596229488946292
"CASK-AS1",0.0596093340341853
"SUGT1P4-STRA6LP",0.0594853433082977
"MIR3120",0.0594755150373071
"DTX2",0.0594531967046825
"JAG1",0.0594252168301376
"ATP8B3",0.0593940643358362
"LINC00474",0.0593704022001922
"PPT2-EGFL8",0.059319507603682
"HMGB1P20",0.0593073928983723
"CFAP65",0.0592536881623655
"AP5Z1",0.0591411208747961
"PRKCA-AS1",0.0591289755099113
"FAM182B",0.0590476144727249
"TMPRSS11CP",0.0590327992406454
"UBE2R2-AS1",0.0589514384690107
"RTN3P1",0.0589476063991668
"LINC01615",0.058904065371345
"HIGD1A",0.0588510175696912
"TNFAIP8L1",0.0588441473429623
"ABCB11",0.0588286848375621
"IGLJ7",0.0588007179635598
"LINC01907",0.0586637611886146
"SCIRT",0.0586040254227928
"CUX2",0.0585397773158055
"MON2-AS1",0.0585058032982757
"XDH",0.0584788909698207
"PAMR1",0.0584782424345152
"FILNC1",0.058477747079843
"B4GALNT4",0.0584751691551846
"LINC02113",0.0584566674234984
"NDST3",0.0584544585029467
"DNAJC8P2",0.0584060674408781
"OR10W1",0.058388601223486
"IGHVII-1-1",0.058388601223486
"CASP14",0.058388601223486
"FABP6",0.0583831601999319
"LINC02413",0.05837662401177
"PLCB4",0.0583621527385353
"GHR",0.0583300142885078
"ACER3",0.0582944750352038
"P2RX6",0.0582579244087348
"LPA",0.0582462893415613
"MAMDC2",0.0582280349071227
"BSN-AS1",0.0581988509516905
"ARHGEF28",0.058118535145941
"CD300C",0.0581128970875246
"ANKRD18A",0.0581065687894176
"SMIM14",0.0581038770979518
"ATP5PO",0.0581030039690998
"CCEPR",0.0580898994019546
"ZDHHC12",0.0580552308452481
"SNRPN",0.0580175546136305
"SLIT3",0.0579722186500594
"CTNNA2",0.0579601899609406
"PPP1R3B-DT",0.0579115187940443
"EVI2B",0.0578685747701066
"GVINP2",0.0577589096411934
"HMGN2P10",0.0577589096411934
"ADGRL3",0.0577461544171978
"CD163L1",0.0577461544171978
"MIDEAS",0.0577232246511239
"RHEB",0.0577032314242778
"MYLK3",0.0576839598913749
"GTF3C5",0.0575954338929061
"SFRP1",0.0575869338892185
"IGKV2D-29",0.0575789962882661
"HHATL-AS1",0.0575789962882661
"LINC01623",0.0575789962882661
"NOP58",0.0575189165203849
"LINC03044",0.0574821709513549
"IFT88",0.0574502243947837
"RPL21P26",0.0574234324638365
"MAEL",0.0574234324638365
"FGFR3P6",0.0574234324638365
"PLA2G2F",0.0574234324638365
"EPHX4",0.0574234324638365
"FAM131C",0.0574234324638365
"ETV3L",0.0574234324638365
"FHAD1",0.0574234324638365
"VWA5B1",0.0574234324638365
"SLC25A39P1",0.0574234324638365
"FOXO6",0.0574234324638365
"CHD5",0.0574234324638365
"GPR153",0.0574234324638365
"GRHL3-AS1",0.0574234324638365
"MTND4P28",0.0574234324638365
"MOGAT1",0.0574234324638365
"IGKV1OR2-9",0.0574234324638365
"MROH2A",0.0574234324638365
"IL36G",0.0574234324638365
"IL36RN",0.0574234324638365
"GAD1",0.0574234324638365
"RN7SL341P",0.0574234324638365
"SRD5A2",0.0574234324638365
"MIR7515HG",0.0574234324638365
"LINC01102",0.0574234324638365
"LINC01117",0.0574234324638365
"CNN2P6",0.0574234324638365
"EPHA3",0.0574234324638365
"TAFA4",0.0574234324638365
"OR5K1",0.0574234324638365
"DSTNP4",0.0574234324638365
"OR7E129P",0.0574234324638365
"AADACL2-AS1",0.0574234324638365
"HLMR1",0.0574234324638365
"LINC02027",0.0574234324638365
"CDRT15P11",0.0574234324638365
"LINC02430",0.0574234324638365
"LINC02437",0.0574234324638365
"LINC02469",0.0574234324638365
"LINC01060",0.0574234324638365
"UQCRBP3",0.0574234324638365
"LINC00603",0.0574234324638365
"MEGF10",0.0574234324638365
"NENFP3",0.0574234324638365
"NR2F1",0.0574234324638365
"LIX1",0.0574234324638365
"LINC00242",0.0574234324638365
"KRT8P43",0.0574234324638365
"GCM2",0.0574234324638365
"POM121L2",0.0574234324638365
"HECW1",0.0574234324638365
"HAUS6P3",0.0574234324638365
"MIR106B",0.0574234324638365
"CLCN1",0.0574234324638365
"XRCC2",0.0574234324638365
"ARAFP1",0.0574234324638365
"CNPY1",0.0574234324638365
"RN7SKP75",0.0574234324638365
"TNIP2P1",0.0574234324638365
"IL13RA2",0.0574234324638365
"PLCE1P1",0.0574234324638365
"POTEA",0.0574234324638365
"PPP1R42",0.0574234324638365
"MROH5",0.0574234324638365
"MIR486-1",0.0574234324638365
"RN7SL250P",0.0574234324638365
"LINC01414",0.0574234324638365
"HNRNPA1P14",0.0574234324638365
"RNA5SP296",0.0574234324638365
"CNTFR",0.0574234324638365
"IFNA8",0.0574234324638365
"MIR4290HG",0.0574234324638365
"LNCARSR",0.0574234324638365
"PDGFD",0.0574234324638365
"OR51F4P",0.0574234324638365
"RNU6ATAC12P",0.0574234324638365
"SETP17",0.0574234324638365
"OR4A12P",0.0574234324638365
"LINC02746",0.0574234324638365
"SLC22A8",0.0574234324638365
"DCDC1",0.0574234324638365
"NRXN2",0.0574234324638365
"MIR34BHG",0.0574234324638365
"LINC02744",0.0574234324638365
"FAM13C",0.0574234324638365
"ZNF488",0.0574234324638365
"RN7SL394P",0.0574234324638365
"RN7SL524P",0.0574234324638365
"SLIT1-AS1",0.0574234324638365
"NEURL1-AS1",0.0574234324638365
"LINC01475",0.0574234324638365
"LINC01168",0.0574234324638365
"ANHX",0.0574234324638365
"RIMBP2",0.0574234324638365
"CACNA1C-AS4",0.0574234324638365
"LINC02448",0.0574234324638365
"SLC4A8-AS1",0.0574234324638365
"LINC00377",0.0574234324638365
"RPL29P28",0.0574234324638365
"RNA5SP31",0.0574234324638365
"ANKRD26P4",0.0574234324638365
"PCDH8",0.0574234324638365
"SMPD4P2",0.0574234324638365
"PHF2P2",0.0574234324638365
"SALL4P7",0.0574234324638365
"GPHB5",0.0574234324638365
"SLC35F4",0.0574234324638365
"TBPL2",0.0574234324638365
"KIF26A",0.0574234324638365
"NOVA1-DT",0.0574234324638365
"LINC01148",0.0574234324638365
"ABCB10P1",0.0574234324638365
"SV2B",0.0574234324638365
"CA5A",0.0574234324638365
"CDH5",0.0574234324638365
"LINC01571",0.0574234324638365
"MYH4",0.0574234324638365
"GPR179",0.0574234324638365
"RPLP0P11",0.0574234324638365
"LRRC30",0.0574234324638365
"RNU6-1021P",0.0574234324638365
"LINC01255",0.0574234324638365
"CENATACP1",0.0574234324638365
"CST2",0.0574234324638365
"CST9L",0.0574234324638365
"BANF2",0.0574234324638365
"GHRH",0.0574234324638365
"PLCB1",0.0574234324638365
"BNIP3P31",0.0574234324638365
"GAPDHP38",0.0574234324638365
"RN7SL842P",0.0574234324638365
"RN7SL823P",0.0574234324638365
"KLK14",0.0574234324638365
"ZSCAN5B",0.0574234324638365
"C3P1",0.0574234324638365
"ZFP28-DT",0.0574234324638365
"LINC01837",0.0574234324638365
"LINC01858",0.0574234324638365
"SLC9B1P1",0.0574234324638365
"DUX4L16",0.0574234324638365
"GSTT3P",0.0574234324638365
"ANKRD30BP1",0.0574234324638365
"PSMD4P1",0.0574234324638365
"LINC00114",0.0574234324638365
"LINC00520",0.0574097350558879
"ATP6V0A4",0.0574064255429303
"LGMNP1",0.0573400818198779
"CDC37L1-DT",0.0572334556293962
"CDH11",0.0572308864355725
"HSPA8P7",0.0571829325994863
"ADAM6",0.0571829325994863
"PABPN1P1",0.0571671396760556
"RPS6KC1",0.057127837342228
"LINC02015",0.0569040916517008
"NAA10",0.0568303105473278
"TMEM92-AS1",0.0567694154147842
"C18orf32",0.0567524855895051
"ELFN2",0.0566754116600722
"RN7SL96P",0.0566234408351247
"JPH1",0.0566216027668213
"SNRPGP4",0.0565656088596262
"LINC01876",0.0565277711505628
"WDR89",0.0565246007288412
"HAT1",0.0564358393075697
"OVGP1",0.0564075903721581
"CEP72",0.0563343403802227
"ACTR1A",0.0562747680178854
"USP2-AS1",0.0562650986741446
"FOXS1",0.0561803470619789
"CD46P1",0.0561603937164286
"IGHVII-26-2",0.0561603937164286
"GAS6-DT",0.0560957145209273
"RNU6-516P",0.05607114899277
"BRAP",0.0560497555230851
"HES1",0.0560170907059368
"SUPT7L",0.0559875663361245
"CEROX1",0.0558905950336165
"CYP2C18",0.0558440335619419
"SEMA6D",0.0558296326274187
"RFPL3",0.055814492094969
"RHOA",0.0555842820434197
"TGFBR1P1",0.0555201175623163
"RAB6D",0.0552989440593879
"CICP12",0.0552989440593879
"UBE2V1P9",0.0552989440593879
"SPATA31D1",0.0552989440593879
"SIAH1",0.0552844921073848
"CCT7",0.0552751764001176
"GLI3",0.05521936082809
"LRRC31",0.0551601289107714
"COL4A5",0.0551187221288891
"NPTX2",0.0550781487179091
"AQP5",0.0549850877791733
"PDZRN4",0.0549707689000401
"GAPDHP55",0.0549707689000401
"GALNT13",0.0549623322758792
"CETN3",0.0549558192393365
"SIGLEC30P",0.0549385480464152
"BPI",0.0549385480464152
"ZNF454",0.0548165524377571
"TIMM8B",0.0547818763553023
"GABARAP",0.0547433984206863
"KRT18P51",0.0546787481697118
"RBPMS2",0.0546662882286761
"USP10",0.0546273782468785
"DDTL",0.0546223897729644
"TPMT",0.0545294339050377
"HCG22",0.0545128995938349
"SLC41A1",0.0544951779882321
"CTRB1",0.0544899285273942
"EIF1P3",0.0544009998678182
"NOP56P1",0.0543660322306621
"NAA16",0.0543595658563035
"PDCD5",0.0543505654037971
"WDSUB1",0.0542989144260796
"CHFR-DT",0.0542291439549033
"PRKN",0.0542149995913018
"LINC02289",0.0542002022957851
"WFDC1",0.0541879863313115
"PXDNL",0.0541471980844593
"LNCTAM34A",0.0541452152557284
"RPL7AP53",0.054024750766643
"PGBD4P3",0.053999630769936
"RPSAP4",0.0539624055432844
"ANAPC11",0.0539465106478819
"AURKB",0.0539091307069153
"TCEAL5",0.0538813953164521
"FBXO27",0.0538660308146753
"PTP4A2P2",0.0538470516375711
"AKNAD1",0.0537552344022575
"IGHV5-10-1",0.0537552344022575
"PTCHD4",0.0535996701689194
"ANKMY1",0.0535185436096709
"CYP2J2",0.0534288730548649
"CCDC60",0.0534047320720308
"KLF3P1",0.0533605509671118
"SPOCD1",0.0532677528548908
"NPM1P29",0.0532115683520855
"STARD3NL",0.0531398624857534
"LINC02523",0.0531023329478928
"NKTR",0.053047549763757
"PCAT19",0.0529735857965413
"MT1P3",0.0529492490150889
"CETN2",0.0529374442371446
"RNU6-1224P",0.0528196310905967
"CYSLTR2",0.0528196310905967
"SMR3B",0.0528152313020188
"GREM1",0.0528152313020188
"PCNPP5",0.0526823684284365
"KRT8P1",0.0526823684284365
"KCNJ16",0.0526823684284365
"PRDM7",0.0526630618540258
"FOXI3",0.0526312869276007
"IGKV2D-36",0.0526312869276007
"IGKV2OR22-3",0.0526312869276007
"C12orf71",0.0525292984241291
"DONSON",0.0524859883198581
"BRICD5",0.0524472946943186
"LINC01705",0.0523991490811413
"LITAFD",0.052308412499026
"SNX30",0.0522902659247487
"TDRD1",0.0522860013796873
"NONOP2",0.052244504521982
"RDH14",0.0522408172259377
"VPS13A-AS1",0.0522404517758234
"LINC01709",0.0520660130654154
"CTDNEP1",0.0519920762274266
"CES1",0.0518947668428145
"GABPAP",0.0518531187786995
"RNU4-5P",0.0517826923972487
"ARL5B",0.0517405736186392
"KMT2B",0.0517249060769038
"CRTC3",0.0517148361965336
"TDRKH-AS1",0.0516963480149141
"MYEF2",0.0516902306937431
"RNF135",0.0514596509882279
"LINC02244",0.0514579972042661
"IKZF3",0.0513439739212064
"MACO1",0.0512121682441712
"PICSAR",0.051163712114238
"CHD2",0.0510050521348729
"CFAP20",0.0510003332426213
"NRDE2",0.0508031653168734
"ZNF121",0.0507604042021468
"DNM2",0.0507579435059025
"TRIM26",0.0507318528699007
"LINC00887",0.0506966725191603
"MTA2",0.0506455833884275
"ADD2",0.0505760248252926
"USF1P1",0.0505078492345959
"SH3GL2",0.0504231766851506
"MCC",0.0503962301285743
"ATP6V0A2",0.0503853867308907
"CCS",0.0503433522089772
"AMZ1",0.050103137332478
"SEPHS2",0.0501001302337242
"PTCHD1",0.0500763530667012
"PPP1R12A-AS2",0.0500587992027925
"EPCIP-AS1",0.0500307082800936
"ZNF195",0.0500154047677797
"RDH11",0.0500026637022966
"TRIM4",0.0499916997766419
"NSA2P6",0.0498632412229123
"IGBP1-AS2",0.0496753082338242
"ELMOD3",0.0496286931663377
"RNU6-288P",0.0495092182465701
"TMEM65",0.0495063015764135
"SLC7A14",0.0493812503855311
"GDF11",0.0493658989874551
"ANKRD24",0.049274995725386
"LMNTD2",0.0492702666599922
"IKZF5",0.0492225532718312
"MRPL42",0.0490872793964625
"RBISP5",0.0490492901048129
"TRIM10",0.0489847626197445
"BTF3P5",0.0489485333121427
"TAP2",0.0488331699270098
"SPMAP2L",0.0486355935665263
"DYNLL2-DT",0.0486355935665263
"SFT2D1",0.0485159306718796
"TUBB8P11",0.0484847471231652
"RNY4P34",0.0484725936012522
"MLIP",0.0484725936012522
"RNU2-45P",0.0484725936012522
"HMGN1P37",0.0484546477742909
"QRSL1",0.0484246334924073
"GLTPP1",0.0483893586450233
"TOX4",0.0483286299990063
"KRCC1",0.0482990577221974
"CCDC27",0.0482613705578953
"GTF2I-AS1",0.0482262802995555
"EHD1",0.0480303445044721
"DYRK2",0.047951410122161
"AASDHPPT",0.047781951584473
"PTPRN",0.0477445024452824
"NBAT1",0.0477445024452824
"HMGN3-AS1",0.0477379556608027
"MIR4437",0.047697886926501
"RPL21P41",0.047697886926501
"SLC18A1",0.047697886926501
"ATP12A",0.047697886926501
"NR4A3",0.0476402817616701
"KANSL1",0.0475481525477654
"MIR3665",0.0475474594173766
"DCAF11",0.0474850938231238
"ILVBL-AS1",0.0474566761849726
"PLPBP",0.0473550379012524
"IGKV3D-25",0.0471656521150195
"FBP2",0.0471656521150195
"IGHEP1",0.0471656521150195
"RPS24P16",0.0471656521150195
"LINC02125",0.0471656521150195
"XPNPEP1",0.0471498503773715
"MRPS26",0.0470182198030642
"FAM118A",0.0470038144534886
"RAB3IP",0.046991391443996
"USP30",0.0469370261747376
"NOL10",0.0468997474682553
"MOGAT3",0.0468168014798169
"MTCO1P22",0.0467107663688421
"PHKG1",0.0466984403273342
"SEPHS1",0.0466641015934479
"PHKG2",0.0465787259016794
"FAHD2B",0.0464737193992361
"GRM1",0.0464671493756914
"TUT4",0.0464076538058336
"BLTP2",0.0463839274709691
"THAP4",0.0463583995373817
"MIF",0.0463313342215959
"EIF3JP1",0.0463278029920586
"AGK",0.0462908249736447
"ARPP19P1",0.0462821571712833
"GJA10",0.0462417857006744
"HERC2P6",0.0462417857006744
"RPL21P115",0.0458746610940813
"LIX1L-AS1",0.0458039000232493
"PDE12",0.045729591625063
"PRSS36",0.0456732852957104
"YY1AP1",0.0455298657524446
"AP1AR",0.045391997665806
"UQCRH",0.0453830603349071
"MCRIP2",0.0453603005825763
"MMP24",0.04516829761092
"NPM1P19",0.0449530682726991
"ATG5",0.0448756459841759
"RFPL3S",0.0448734072505505
"CTU2",0.0447165635334852
"EIF3LP2",0.0445514196880492
"RPL5P30",0.0445498629714782
"HMGB1P9",0.0444348592755388
"ACTR5",0.0443109359811806
"ZNRF3-AS1",0.0442952461230612
"DHODH",0.0442255242318352
"GLT8D2",0.0442039653657699
"CACNB2",0.0441279291395297
"RN7SL128P",0.04401205825922
"SGCG",0.04401205825922
"WDR4",0.0438484461710866
"WTAPP2",0.0438296640565656
"MAZ",0.043632427395819
"PDIA3P2",0.0435737289741685
"MAT2AP1",0.0434814523951405
"OR6Q1",0.0434814523951405
"GPX1P2",0.0434814523951405
"RHBDD3",0.0434351816733485
"GTPBP2",0.0433743006936283
"CASP6",0.0432572646181709
"BRD8",0.0432457832545695
"EMC10",0.0432270479731215
"CFAP251",0.0431875505397153
"ANXA2",0.0430056599972683
"SLAIN2",0.0427347808552265
"CCRL2",0.04272554574911
"KRT75",0.0426925069701472
"FAM120A",0.0426725200418501
"LINC02101",0.0426271912779703
"RNU6-268P",0.0424421036851437
"MTHFR",0.0421662733264932
"AKT2",0.042116392273426
"SLC39A6",0.0421070797959293
"RPL23P6",0.0420717271433204
"ATXN2L",0.0419890867654195
"FIG4",0.0419816843063478
"XCL1",0.0418503032407009
"PPP1R14A",0.0418307637500991
"SLC25A14",0.041584688665604
"ENSA",0.0415383033099474
"H2AZP3",0.0415249829178912
"PSME2",0.041480358705291
"NINL",0.0414384561192788
"SATL1",0.0414378885245139
"FAM83E",0.0411567318799393
"MFFP3",0.0411353211537272
"CLIC4P1",0.0411353211537272
"IGHVII-62-1",0.0411353211537272
"GJD2-DT",0.0411353211537272
"MOB4",0.041105056415334
"SNORA40B",0.0410876355643243
"WASF3-AS1",0.0409420568140038
"CASC8",0.0408992448806116
"LINC02752",0.0408992448806116
"LINC00939",0.0408992448806116
"PDE6G",0.0408662561222385
"NDUFA1",0.0408090464462297
"PSMC3IP",0.0407024466084056
"CCDC144CP",0.0406606751213558
"PPM1D",0.0404824348721675
"HNRNPUL1",0.0404702650457314
"MIP",0.0404545815520753
"CDNF",0.0404156619164646
"DCAF10",0.040341891674084
"TOE1",0.0402654874829
"CCNH",0.0401786193551532
"GRAMD1A",0.040084403512495
"PHF20L1",0.0400757983640625
"GOLM1",0.0399623435425314
"EEF1A1P10",0.0398945072838485
"PRXL2B",0.0398449476820804
"NRL",0.0398220758482922
"SPATS1",0.0397363072579172
"RPL7P37",0.0397363072579172
"DPP9",0.0396192198498124
"NT5DC4",0.0396160913725441
"FANCD2",0.0393392384415789
"SRRM5",0.0392812415858557
"YTHDC2",0.0392617522686638
"XPOT",0.0391797067763232
"EEF1B2P3",0.0390810582721007
"IMP4",0.0390789395129915
"WTIP",0.0390302254616437
"BHLHE40",0.0389494365959192
"JKAMP",0.0388778291744892
"GNRHR",0.0388275333118615
"LAMA3",0.0387425162976133
"LSM3",0.0387141873708372
"RPL7L1",0.0386499629716615
"TCP1",0.0386302012575066
"GALNT16",0.0386200600312121
"TELO2",0.0385265127051581
"FUNDC2",0.0385088502019374
"WASHC3",0.038389784613189
"HAVCR1",0.0383417995087531
"CHMP5",0.0382360458481925
"ATAD2",0.0380278155979021
"RN7SL870P",0.0379156847301119
"ISL1-DT",0.0379156847301119
"UQCRBP1",0.0379156847301119
"FNTAP2",0.0379156847301119
"RPS24P17",0.0379156847301119
"SNX17",0.0377351591460799
"CLUH",0.0377184095688961
"KDM5A",0.037607049011315
"WSB1",0.037581249489731
"SAG",0.0373569975168396
"ADSS2",0.0373514373898765
"IKBKG",0.0372235067630817
"IGHVIV-44-1",0.0372165039221024
"IGHJ1P",0.0372165039221024
"UBR7",0.037090368731838
"UBAP2L",0.0370049749064484
"LINC02532",0.0369490306888118
"ZNF518B",0.0369111641536599
"GTF2IRD2",0.0368554764755014
"CYREN",0.0366331241377155
"CRYM",0.036484531660045
"LINC01331",0.0364484212209693
"PPIAP6",0.0362686569350464
"COL4A1",0.0361637711238245
"EEF1A1P11",0.0361012089923883
"U2AF1",0.0360943339951015
"GCSH",0.036067652287922
"ZBTB17",0.0359765435504112
"DRC3",0.0358440274002611
"UBL3",0.0355877796921721
"RTL10",0.0355601995593873
"HMG20A",0.0354489880892918
"SNORA66",0.0352639118236958
"HNRNPA0",0.0352410758985894
"TIGD5",0.0351809006051051
"RNF146",0.0351496180580938
"REC8",0.0350782086095756
"CHST7",0.0349528783047787
"RNH1",0.0348376028434857
"WIPI2",0.0347823365422236
"CNPY2",0.0347048258623487
"IL1RN",0.0346990063456855
"ST13P7",0.0344573233977692
"BOC",0.0343869545622343
"ATG4B",0.0341710579221022
"LPAR6",0.0341686597998306
"ATG9B",0.0340552266860807
"ECHS1",0.0339218111138371
"GPR37L1",0.0339136774762236
"ACTBP11",0.0338268921683397
"ATRIP",0.0338035872008179
"ANGPT2",0.0337399896621907
"HSPA8P9",0.0336538015642143
"CDC42",0.0336223532654166
"BRCC3",0.0334640649882688
"SNHG16",0.0334428490263429
"ENDOV",0.0332645272989449
"HEXD",0.0332079636678824
"LINC01915",0.0330803740100138
"ATP6V1F",0.0330383402179082
"CAB39L",0.0329504613844982
"COPS6",0.0329273478110363
"ADAM15",0.0329084609989175
"RGPD1",0.0328596947515761
"RXRA",0.0327729012928318
"GSTCD",0.032665040900519
"LYRM1",0.0325974616827804
"SREK1",0.032417235457025
"PAIP2",0.0324049184602284
"EEF1A1P7",0.032341914185113
"MRPL16",0.032272432606401
"ZNF496",0.032105316590941
"TMEM134",0.0320634150627493
"RNF139-DT",0.0320480151811615
"ELOC",0.032021955780039
"CDK11B",0.0320165118710392
"CNOT8",0.0318899955343289
"SKAP1-AS2",0.0318485100503397
"MEN1",0.0318013778146726
"NCOA6",0.0317682883712927
"RNU6-1152P",0.0317657955914191
"IL21R-AS1",0.0317048424690102
"LPXN",0.0316588300961181
"SPG21",0.0312959859355722
"PEX2",0.0311847452403001
"DYNLT3",0.0310890996516924
"SDCCAG8",0.0309976621475186
"MFSD14A",0.0308906903454911
"UPF1",0.0307453297185461
"HACL1",0.0305836679384482
"ZNF148",0.0305457218916329
"CASTOR2",0.0304745931229585
"COX5A",0.030331443526369
"HLA-C",0.0302148557837966
"GBP3",0.0301061929410485
"CNOT3",0.0300497718848153
"PLEKHH1",0.0299067988210273
"CALM3",0.0298770045125887
"BTBD1",0.0298394922288921
"CDK5RAP2",0.0298377571790207
"THOC2",0.029776488268661
"ELOF1",0.0296896591843383
"LINC01278",0.029665598428241
"PSMD2",0.0296625865777208
"CLN5",0.0295597795320595
"NOA1",0.0295456517069524
"NDUFB5",0.0295259639683338
"MRFAP1L1",0.0295075579685988
"LINC00863",0.0294735674650239
"EIF3D",0.0293822966549742
"ATG2A",0.0293586606370977
"STRN4",0.029217460302842
"SLC52A2",0.0292135575359617
"UCHL3",0.0292040814200207
"ANKIB1",0.029168495696083
"KHNYN",0.029033790833779
"CRLF3",0.0288445990933221
"KLHDC7B",0.02882781584761
"EEF1A1P22",0.0287608690607703
"SLC25A3",0.0287070802537704
"GPC4",0.0285964223128908
"EIF5AL1",0.0285682925789994
"PRKAB2",0.0283182119079389
"HMG20B",0.0282496905939711
"PCNX4",0.0282373936969482
"STIM2-AS1",0.0281636956752359
"FBRS",0.0281029401967014
"TAF13",0.0280556763431652
"NCK2",0.0279882109604201
"RPS24P19",0.0279268995155366
"WDHD1",0.0278999024796175
"DDX50",0.0278701515280587
"NDUFAB1",0.0276814278351714
"H2AZ1",0.0276161153308671
"NPIPA1",0.0275156683729201
"METTL26",0.0274271182267981
"PTPN9",0.0272976289902311
"RPUSD3",0.0272671918356397
"USP34-DT",0.027208439265911
"C1orf122",0.0271991661798062
"RNU7-115P",0.027098355583443
"RCC1L",0.0270314639447028
"PAPOLA",0.0268704849330945
"SSBP3",0.0268551954189511
"VKORC1L1",0.0267055600675735
"TMEM86A",0.0266987410797719
"GPR89A",0.0266104794574244
"GPCPD1",0.0265668095348214
"ELK4",0.0265485888313114
"RAB27B",0.0265265589227716
"TAF6L",0.0265064186547657
"TSFM",0.0263939624730278
"RNF10",0.026150906925159
"IRF1",0.0261014430014187
"AP5S1",0.0260855983688721
"PTDSS1",0.0259913743791435
"APPL1",0.0259001816598899
"RAB1AP1",0.0258955991627151
"CDC42EP2",0.0258717634928306
"TMEM254-AS1",0.0257679769407154
"ITGB1",0.0256967694920225
"CD22",0.0256628906056618
"TOB1",0.0256126157647311
"INTS1",0.0256108423480449
"TOMM34",0.025594694290474
"BUB1B",0.0254837751294324
"MRPL51",0.0254774279594049
"PIGFP1",0.0254185998387065
"ZNF213",0.0251841079985621
"RNASEH1P1",0.0251116419895995
"PDE11A",0.0250583867121422
"MFAP3L",0.0250159203310141
"TIMM9",0.0249324424177209
"ALG13",0.0249020076986547
"CSNK2A2",0.0248855638715295
"NPM1P8",0.0248492680235743
"OR6C2",0.0248185341959813
"IGHD6-13",0.0248185341959813
"KRT18P61",0.0248185341959813
"CSF2RBP1",0.0248185341959813
"PREPL",0.0247346747035473
"NOMO1",0.0246377410926857
"RPS4X",0.0246363748843579
"CCDC190",0.0246191734270467
"AMBN",0.0246191734270467
"MTND6P22",0.0246191734270467
"MAN1C1",0.0245571835840966
"PAIP1",0.0245477913429139
"FAM133CP",0.0244914266010692
"RFX3",0.0244388635136979
"MICB-DT",0.0243407813130724
"FKBP15",0.0243094421906226
"FN3KRP",0.0242348685795949
"SASS6",0.024093496829317
"ANKRD13A",0.0240864852213327
"HAUS5",0.0240516635526978
"FLOT2",0.024044263696516
"SSNA1",0.0240372850773953
"HNRNPA2B1",0.0240208603656256
"ARL5AP4",0.0240068135492137
"PABIR1",0.0239677210670419
"CDK6",0.0239164610195734
"IQSEC2",0.0238803601545087
"RNF208",0.0238668595151908
"CEP89",0.023850049238283
"PANTR1",0.0238008670114538
"DHX40P1",0.0237995025217628
"OR5H2",0.0237811769872005
"METTL24",0.0237811769872005
"PCAT14",0.0237811769872005
"ZNF675",0.023722732716691
"HNRNPA1P54",0.0235341896697617
"BLOC1S3",0.0233919126747404
"CHCHD3",0.0232805279902409
"TSSC4",0.0232081473852037
"FAM43A",0.0231651110561671
"RPL31P45",0.0231344163676374
"AVP",0.0231344163676374
"TYW3",0.0231303418988174
"ATP5MKP1",0.023039883545865
"SNRPA1",0.0230011916776907
"IGF2BP3",0.0229088455613317
"ACOX2",0.0228921491930359
"UAP1-DT",0.0228716469089346
"DSE",0.0228445777249052
"GPKOW",0.0228303324315444
"MPRIP",0.0227836518787416
"NDUFA8",0.0227692265463828
"MRPS18C",0.0226451840676906
"SUB1",0.022640807213507
"ARRDC1",0.0225861221878148
"DPH5",0.0224541485941199
"RCBTB2",0.0223691657547707
"MASP2",0.0223480963186538
"LINC02676",0.0222570737586866
"SPDYE3",0.0221926530412775
"CDC20B",0.0221139174078984
"HAUS4",0.0221024157812959
"MKRN1",0.0220473215269045
"WRAP73",0.0219340376461097
"USP53",0.0218068128364509
"EPGN",0.0217801221699129
"DHRS1",0.021736135049712
"PHF21A",0.0217220569742212
"SMU1",0.0216894971698679
"YTHDF3",0.0216682167131232
"TMX1",0.0215713818731952
"CNBD2",0.0215367359562111
"DEPDC5",0.0215348008957435
"ZNF598",0.0214677939722461
"TIMM17B",0.021392942818151
"SNHG22",0.0213013856981073
"UBE2O",0.0210666660473419
"SAMD8",0.0208896418563342
"FSTL1",0.020880296775686
"EEF1A1P9",0.0207507130498041
"RPS15AP24",0.0206846500016324
"SUGT1P2",0.0206635888937524
"PARP10",0.0206505209014518
"SNRPA",0.020627154225435
"LAMC2",0.0205877754977837
"EMILIN3",0.0205358008730515
"PRPF6",0.0204987117512794
"ZNF32",0.0201627235799289
"NAPA",0.0200885905961337
"FGD1",0.0199684197943505
"FASTKD3",0.0198966261668658
"RPS26P20",0.0198933143201989
"EMG1",0.0197581583818332
"DHX30",0.0197455220229588
"FRG1GP",0.0197413143571358
"MRPS10",0.0196391661771433
"RPL7AP18",0.0195523340645886
"WBP1P1",0.0195523340645886
"SNORD36C",0.0195523340645886
"CCNQP3",0.0195523340645886
"IGHVIII-76-1",0.0195523340645886
"SMIM36",0.0195523340645886
"PDZRN3",0.0193985174917627
"ZC3H7A",0.0193875223501911
"MR1",0.0193566887071751
"LGALS1",0.0192583113349845
"TMEM223",0.0192350671571019
"CWF19L1",0.0191966279050041
"SH3D21",0.0191750197641058
"NUP155",0.0191317737908234
"OPHN1",0.0190349958556838
"TRIM29",0.0189967155806106
"CCAR1",0.0189554464225964
"LINC00630",0.0189011079659673
"MIR3667HG",0.0188754031968541
"FEZ1",0.0188733530589833
"MOB2",0.0188611508795247
"SNHG1",0.0188015892122909
"PRELID1P5",0.0187621765396586
"EVA1B",0.0186518009671465
"THG1L",0.0186324529995433
"SMCHD1",0.0184277939053441
"AP1S2",0.0183869627717785
"MFSD14B",0.0183174360961378
"CD151",0.0182459366776776
"PTER",0.0182003244282424
"TAX1BP3",0.0181823583037786
"RPL30P14",0.0181458612176789
"UHMK1",0.018114250049366
"ZDHHC1",0.0180487450823739
"KRBOX4",0.0180199611854048
"MMS19",0.018002613846389
"HNRNPL",0.0180002779553688
"SEMA5B",0.0179947200700723
"PARP1",0.0179280668262315
"TPD52L2",0.0178536271494797
"DPP10",0.0178380665806112
"ATP5F1CP1",0.0174101403218954
"STK19",0.017319991838613
"MBIP",0.0172979248979502
"MUS81",0.0171830101561904
"FAM20B",0.0171598218288097
"PFDN6",0.0170620892102211
"RASA2",0.0169800413036468
"CDK5RAP1",0.0169310909103569
"HNRNPK-AS1",0.0168900181975952
"JAK2",0.0168693024188114
"SLMAP",0.0167782977342812
"CDADC1",0.0166941532161745
"LUC7L2",0.0166911580591241
"HIPK1-AS1",0.0166016888762067
"ZC3H6",0.0165785456845076
"RPL7P23",0.0164995890390091
"DYNC2I1",0.0163888668786612
"RASSF7",0.0163809077859597
"TMEM45B",0.0163586242429643
"RABEP1",0.0163064114420295
"LINC01572",0.0162980650557668
"TBC1D17",0.0162866431717387
"ZNF362",0.0161428608941563
"YIPF4",0.0160658698191607
"TPRN",0.0159582440353915
"LRG1",0.0159069036663801
"MSRB2",0.015905838331761
"LLGL2",0.0158712128581905
"BBS7",0.01587080672318
"TNKS",0.0158430700166025
"TSPAN10",0.0158280396141838
"FAM210A",0.0157122371980696
"ALDH6A1",0.0157052631174321
"HOXA-AS3",0.0156551191668094
"ZNF620",0.0156304971761844
"PMEL",0.0155846415563033
"UBE2E1",0.0154291363955273
"CYP3A5",0.0154179743631084
"NUP88",0.0153833615265046
"DDX60L",0.0153644098755173
"REXO4",0.015300444253739
"RN7SL630P",0.0152991395088363
"GBA2",0.0152648120011539
"FLI1",0.0152207459078787
"RPS2P7",0.0151448922692249
"PSMA7",0.0151392534561237
"ARMC10P1",0.0150023262667887
"ZCCHC4",0.014996651656629
"ALOX12",0.0149392391532966
"SLC35F6",0.0149325758736119
"ZNF707",0.0148538229700081
"PGR-AS1",0.0148143017747877
"FIRRE",0.014807533844022
"TRIM13",0.0147697351873906
"HNRNPK",0.0147326054890378
"PSPC1",0.0147084527642574
"MRPL45",0.0146921410644564
"TMEM68",0.0146880888881353
"SHPRH",0.014638906715211
"DNAJC21",0.0146188535947647
"SLC7A6",0.0145958855234509
"MRPL20-AS1",0.0143409305338498
"CHRNA3",0.0143258171717428
"KXD1-AS1",0.0142959387769087
"THBS3-AS1",0.0142651216941674
"GUCY2C-AS1",0.0142356419793107
"ARPP21",0.0142214570507025
"RPL21P95",0.0141889280084671
"METTL15",0.0141757255676307
"TAF5",0.0141622980464732
"NR4A2",0.0141120200144683
"UBL7",0.0140789173051887
"SPEG",0.0140589205010278
"SLC25A39",0.0140496708004424
"EPCIP",0.014021075939992
"CEP95",0.0139822201022309
"ENG",0.0139484467967933
"ZZZ3",0.0139105047061664
"RFLNB",0.0139011044839859
"RPLP0P9",0.0138880809851874
"KDM3B",0.0138450463274353
"ATP6V0D1",0.0138386059583588
"TRAPPC6B",0.0138250890660368
"CNIH2",0.0137399238191423
"SNRNP200",0.0137273828128754
"DKC1",0.0137202804263508
"FANCE",0.0136863775909009
"MAD2L1-DT",0.0136659246974551
"MPC2",0.0135540528918547
"ALG9",0.0134947065552286
"SYT3",0.0134632696151072
"KRT18P62",0.0134576405211492
"FOXC1",0.0134566322182766
"RRAGC",0.0134363293687992
"UTP11",0.0134270918332384
"NCOA7",0.0134170898570495
"DNAJB6",0.0133828561187042
"SEMA3F-AS1",0.0133828010078523
"METTL25",0.0133108760267708
"RPL24",0.0132799709031685
"ZXDB",0.0132696822517529
"FUBP1",0.0131648297338159
"TUBA4A",0.0130473429496355
"CALM1",0.0129911642190457
"ITSN1",0.0129519628972031
"RHOJ",0.0129404561732975
"NSFL1C",0.0128071605267172
"VPS37A",0.0128047174572367
"TBC1D7",0.0126944240281052
"CD70",0.0126590272425552
"MFNG",0.0126525808208817
"SEPTIN7P8",0.0126335948996552
"C2CD5",0.0126301379376078
"CHCHD1",0.0126080156605775
"ARMCX6",0.0125752013004639
"TFAP2B",0.0125539356244934
"TOR1A",0.0124273932505462
"AXL",0.0123541302990429
"MOCS2",0.0123528336488983
"NDUFB3",0.0123269618547449
"ZNF589",0.0122659133625371
"SOX15",0.01224638837544
"COL19A1",0.0122052303836884
"ASH2L",0.0121997135904827
"RWDD4",0.0121693558152345
"NDUFA10",0.0121329149726082
"AQR",0.0120952662016436
"MRPS18B",0.0120400475588335
"HNRNPF",0.0120185436164735
"ZNF830",0.0119435879676947
"HPS1",0.011919536788859
"ABHD17AP1",0.0118892131976966
"RANBP1",0.0118379691572325
"RPS15AP1",0.0118298753337877
"GAS5",0.0118179511257839
"NFYC",0.0118133738506807
"PLAUR",0.0118020009039575
"CASP2",0.0117643307943625
"PNISR-AS1",0.0117636145705818
"PSMB8-AS1",0.0117294548446997
"UBL5P2",0.0116762223412843
"FIS1",0.0116662450979737
"DHRS7",0.0115024141860243
"ZNF566",0.0114757108325882
"JUN-DT",0.0114612296347395
"SNORA70B",0.011443228269572
"TAF8",0.0113478899818958
"RNPEPL1",0.0113214395831548
"RPF2P1",0.0112123193390872
"SHC1",0.0111993762951684
"MPPE1",0.0111993400167208
"SVIP",0.0111958505848977
"CKS1BP3",0.0111639000075257
"YJU2",0.0111286241714731
"FLVCR1-DT",0.0110408613102869
"FNDC7",0.0110044251898495
"EIF2B1",0.0109858012016108
"UBA3",0.0109162559178319
"PRDX6",0.0107288139789175
"GPR137B",0.0106160921029678
"PDPK1",0.0104780659325954
"NCOA5",0.0103752324219205
"CARMN",0.0103457707511002
"THRAP3",0.0103084110883593
"MATR3",0.010296040476354
"SETD3",0.0102176497236469
"MAP2K2",0.0101898366806772
"UBOX5-AS1",0.0100780576316545
"RALGAPA1",0.0100120086537398
"RPL5P34",0.00996214341114509
"KREMEN2",0.00992500923639463
"RAP1GAP2",0.00982434591367156
"PIP4P2",0.00979558124555664
"TRAPPC13",0.00978258315351602
"LINC02577",0.00971544547259331
"BECN1",0.00969394420138997
"ZNF433",0.00966041270139622
"NFATC2IP-AS1",0.00965662719145006
"RPS20P2",0.0096390192065995
"CCDC6",0.00955766124334903
"ADAM10",0.009491378245177
"LINC02080",0.00946972410408633
"CSKMT",0.00941988427979755
"HSP90B3P",0.00940054712950843
"SGSM3",0.00936718063666642
"TGFB1",0.00934820573335387
"NUCB1",0.00930523123210285
"GFOD2",0.00916726938274643
"SNX13",0.00915328427976969
"IAH1",0.00909986303623327
"PGAP1",0.00895609514708377
"ATP8A1",0.00893662925798837
"CDC37L1",0.00892689446999067
"CA13",0.00885163107439369
"LINC01128",0.00876795365841029
"DESI2",0.00872455746487897
"ILRUN",0.00869732505480343
"CFDP1",0.00861340134032093
"ZC3H10",0.00859535146425313
"YPEL3",0.00849198764708722
"NME7",0.0084185931976416
"TSPAN33",0.00840671654011437
"KPNB1-DT",0.00837127461461214
"DYNLL1P2",0.00836121589488659
"TNRC6B",0.00834717272156166
"CLP1",0.008254723799508
"ARF4P1",0.00821672802731293
"SF3A1",0.0081891770386497
"USP19",0.00814395793581884
"NTAN1",0.00809041633031624
"SUMO2P20",0.00800618654528365
"KHSRP",0.00796693834206985
"NOL8",0.00793055535240668
"SEC22A",0.0078838099693305
"TMPO-AS1",0.00776704456482522
"HNRNPA1P2",0.00770470503810737
"STIP1",0.00770025218089608
"HNRNPR",0.0076843361030267
"TMEM201",0.00765747803081013
"HNRNPA1P27",0.00756458948722201
"UBE2D3-AS1",0.00741390719242324
"RNMT",0.00739641130444212
"XIAP",0.00728829624148793
"PAF1",0.00727717708778882
"SNX20",0.00711546895439688
"SRGAP3",0.0071014723030019
"ARIH1",0.00706512070240455
"OXA1L",0.00701856109101195
"SAPCD2P3",0.00701723157141537
"HSPD1P7",0.00701639770576861
"TMEM53",0.00696354197911281
"ZBTB45",0.00690629102418013
"METTL23",0.00688356916969563
"TMEM44-AS2",0.00687916613420132
"CCDC191",0.00687767355147887
"FBXO9",0.00686945933645142
"TMEM230P2",0.00681420238184181
"ZNF638",0.00673758845273034
"HIGD1B",0.00670390253902008
"TP53BP1",0.0066907554929845
"PLCG1",0.00655403791895474
"HNRNPKP2",0.00651247752792547
"BRD7P2",0.00648244343252443
"N6AMT1",0.0063165747765111
"EIF2B2",0.00616296860764045
"SDR39U1",0.00616232160870926
"LINC02983",0.00605995591159078
"PUS1-AS1",0.0060406284748696
"ATXN10",0.00600520388262031
"MT2A",0.00598787472287447
"LARP4B",0.00597546125499288
"PVT1",0.00593845422243785
"N4BP2",0.00589162005329675
"ESYT2",0.00588041642910718
"EME2",0.00584559146425959
"TMPRSS3",0.00577866589934503
"PCID2",0.00574415866733899
"ABCC12",0.00572433782588934
"FLII",0.00571818817901737
"LARS2",0.00569275392369003
"NVL",0.00562702856374606
"MALSU1",0.00562584966668923
"ZNF280D",0.00562408155601322
"CTNNBL1",0.00559928091357914
"RGS14",0.00559542829690514
"NDUFA6",0.00554401337616892
"FREM1",0.00553587230299874
"HLTF",0.00546783813320418
"SOCAR",0.00542890729955701
"ACTBP7",0.00539479803360723
"APOB",0.00539091236256257
"LINC01482",0.00535986512707898
"CIRBP",0.0052794634729256
"CD14",0.00526741113887875
"RPAP2",0.00523902880780141
"TMEM183A",0.00518922042923306
"L3MBTL4",0.00518868443445909
"TMEM167A",0.00518301168421305
"GADD45GIP1",0.00518285007566871
"PRELID3B",0.00515358769813608
"ANAPC13",0.00513305789416589
"FAM219A",0.00510069354447691
"EPN1",0.00508812805474425
"RPS2P32",0.00506879025834906
"NLRP6",0.0050397224269739
"DUSP6",0.00499656246169719
"E2F5-DT",0.00484194949464469
"METTL13",0.00482451537100868
"ANKRD26",0.00481633936875543
"EMSY-DT",0.00481040386655928
"ATRX",0.00475778494700722
"CPNE1",0.0047315873397537
"EAF1-AS1",0.00472601719471687
"ATOX1",0.00467265380692348
"PDCD6IP",0.00467163158500255
"RPL10P9",0.00465746388937339
"CCDC82",0.00465376655777741
"TOR1B",0.00464590189088654
"CPNE3",0.00464509215514877
"ZGPAT",0.00459965969160635
"VPS4A",0.004573499770046
"SYTL1",0.00456167840991543
"JAZF1",0.00453599688312876
"TMEM160",0.00450492021901091
"SPDYE12",0.00448505714916002
"TUBG1",0.00448333830823255
"ANXA2P1",0.004430838012866
"SLC35C2",0.00440516794357527
"RPL35AP7",0.00439930125821487
"KARS1",0.00438865988304343
"SEPTIN7P1",0.00436793883146314
"ZKSCAN5",0.00436402539909679
"ALG3",0.00434216510702217
"RGL2",0.0043389111336701
"RRP1",0.00429142548757766
"STK25",0.00427250076330602
"TRAJ43",0.0042108238536449
"GDI1",0.00419940424634452
"LRRC43",0.00418438336869748
"MX2",0.00415450502456758
"RPL36AL",0.00413070613827028
"NFKBIZ",0.0040774806150599
"RAB3GAP1",0.00407228400283402
"ISCA1P1",0.0040689243053121
"NUP107-DT",0.00405549972469714
"ACTBP2",0.0040519059381124
"PKN3",0.00404442926498136
"C12orf57",0.00404067646247476
"KHDC1-AS1",0.00400025151099146
"RPL27AP5",0.0039771580517915
"CPSF2",0.00397524127433433
"SLC2A4RG",0.00395218543557296
"IFI35",0.00394529339202564
"RNF20",0.00392380973811752
"ERC1",0.0039232222667684
"FIZ1",0.00389866732487991
"LINC02583",0.00389187227053659
"UROD",0.00385295458716056
"NINJ2-AS1",0.00381505402179861
"IQGAP2",0.00375587407870163
"PPP1R15B-AS1",0.00375125089811498
"MLLT10",0.00374607327405918
"NBEAL1",0.00371920408166331
"KDM1A",0.00368967021254275
"ZNF850",0.0036858403582511
"LINC02608",0.00368150885080369
"URGCP",0.00368093571571749
"NME3",0.00366265096867354
"ZDHHC17",0.00361821546976295
"KRBA2",0.00361413755305286
"LEO1",0.00357193802892199
"DISC1",0.0035564821371005
"MED28",0.00353304483623394
"CCDC122",0.00346339687847483
"TMEM262",0.00344472921588093
"ASAP1",0.00342657661526374
"SYNJ2BP",0.00340895457459822
"CUBN",0.00338275152644235
"RPAP1",0.00337835464986673
"MYREM",0.00330846243244756
"CEP152",0.00330833400683576
"RHCE",0.00325287778770368
"COL6A5",0.00324624220475541
"UTP3",0.00323736233550757
"RPL34P1",0.00321656911196594
"ARAP1-AS2",0.00319691181638113
"GCNA",0.00317703837400063
"PPL",0.00316469294449864
"TVP23CP2",0.00307797504561903
"NF1",0.00307222071399051
"ELP1",0.00304425603105988
"ACTR10",0.00288029151850555
"SUPT16HP1",0.00283882417145176
"SHKBP1",0.00282087936550453
"ABHD17AP5",0.00281918269552232
"SNRK",0.0028073579295802
"NSD3",0.00262323259188669
"CFAP96",0.00260324534036801
"TMEM219",0.00258691297041217
"THBS1",0.00252652635927185
"RPL15P11",0.0025258021905069
"ARL14EPP1",0.00251313374562798
"RMDN3",0.00250873644813268
"RPS25",0.00249218111962049
"TRAF6",0.00246806151189469
"RN7SL404P",0.00246314407520119
"AFF4",0.00245265394002968
"SPA17",0.00242436001048898
"AGRN",0.00241280453647969
"TMEM44-AS1",0.00240005565784801
"MB",0.00237556231245773
"ARAF",0.00237265457712025
"SPTLC2",0.00232319042063573
"MKLN1-AS",0.00232070849567768
"WBP4",0.0023158238393061
"RPS15AP17",0.00230928682539987
"HSD17B7",0.00228911253448332
"AVPI1",0.00227249293390365
"RPL26L1",0.0022659724421659
"MORF4L1P3",0.00220699825454104
"DNAL1",0.00219938879184784
"REV3L",0.00213285539699765
"EIF3E",0.00212895255768201
"BCL7B",0.0021254441644472
"SELENOP",0.00209917725659662
"ACTG1P10",0.00205194157773622
"RPSAP61",0.00204948076053008
"MIR4485",0.00203244815335877
"CCDC90B",0.00199155085859307
"TOLLIP",0.00199028568417833
"KIN",0.00198142552278665
"CARMIL3",0.00197495563802046
"RNASEK",0.00197413073624997
"KLHL22",0.0019321072102698
"TK1",0.00191172088646424
"HCG20",0.00189523582782181
"FKBP4P6",0.00187379203221055
"SUGT1",0.00185352612090686
"NLRP12",0.00185170158814015
"MED17",0.00184657493293514
"NUDT16",0.00182815745676317
"MAGI3",0.0018144146612133
"DHRS4",0.00181200977133526
"TRIQK",0.0018115067999482
"KDM2A",0.00180984093794095
"RPS27AP5",0.00175508454306549
"ARFGEF1-DT",0.00173002714083376
"MICALL2-DT",0.00171955842193469
"BLOC1S5",0.0017150725608509
"RPS29P3",0.00170931872092929
"GTF2I",0.00167123162638222
"RPL36AP13",0.00166705148806336
"IDS",0.0016431839001265
"RAB4B",0.00161464673226797
"IFNG",0.00161148128823594
"FECH",0.00159181249401436
"LINC02762",0.00158127194165097
"LINC02449",0.00156592181182377
"NBPF11",0.00156116461637293
"NR1H2",0.00155943817817798
"FOCAD",0.00154664034993981
"CPEB1-AS1",0.00153723446420653
"CHORDC1",0.00153659756331345
"MEGF8",0.00153399874176426
"BOLA3",0.00153134049414964
"RABGAP1L",0.00152716654992215
"CCNI",0.00151783652166874
"LINC02803",0.00151108103122086
"SCAND1",0.00147138363665006
"GRINA",0.00145140573175418
"HMCN2",0.00144416704249766
"TNFAIP1",0.00143491579353548
"CHASERR",0.00142997802219063
"POT1",0.00142475826831845
"ZFAND4",0.00141279574362758
"PSME2P2",0.00140971395003547
"MED1",0.00140836187132553
"RBMXP5",0.00139175201565068
"TANGO2",0.00133022671749135
"LINC02981",0.00130512155734942
"CRLS1",0.00129327107841098
"HRG-AS1",0.00125326572420575
"RAB1B",0.00124901273495142
"REXO1",0.00122446274951146
"KIAA1586",0.00122361521598963
"HCFC1",0.00121958196610899
"TG",0.00121263647851929
"PFKFB3",0.00119403625300732
"BCL2L12",0.00116913128224797
"NEK7",0.00116747761789704
"RPL14P3",0.0011651044181901
"SYNPO2",0.00115794284199596
"VASP",0.00113708392259574
"VCAN",0.00113446750191303
"S100PBP",0.00112130108286146
"CAPRIN1",0.00111977050911637
"RPL23AP75",0.00109501520554819
"ATF1",0.00108159543293303
"TIMM21",0.00105515306404254
"NDUFB1P1",0.00105488006688856
"STRADB",0.00103531627048805
"RPL35AP5",0.00100370413217821
"PITPNA",0.00100125788696664
"RNF139",0.000997460142633086
"SECTM1",0.000991716805459499
"DRG1",0.000991233949808352
"ZBTB1",0.000968906034966147
"ZNF692",0.000956796966035643
"AHCTF1P1",0.000956304960506349
"RAP2C",0.00095123901281861
"RBM39",0.000938130159912712
"RNU6-18P",0.000927664174056689
"RPL8",0.000911610888634111
"LINC02211",0.000904682710603357
"AADAT",0.00090417332265033
"RPS2P5",0.000890175532803243
"RPL21P39",0.000870682974551014
"RALGAPB",0.000867637337945698
"THOP1",0.000866748267199318
"MAD2L1",0.000852239149808853
"ARV1",0.000850435950609434
"SDAD1",0.000839637410018816
"PRELID1P4",0.000836297231647611
"SRRM1P3",0.000827213035664808
"RPL4P6",0.00082202081396224
"RPS14P4",0.00081579294279152
"VPS13B-DT",0.000792689028265046
"COLQ",0.000791485412723188
"TTYH3",0.00078871675074466
"PUS7",0.000775640987364682
"CNTN6",0.000774081409115473
"HBP1",0.000771908544863357
"PLXDC2",0.000768710234930441
"FANCF",0.000768403242857323
"MPPED2-AS1",0.000743294082420258
"SPTAN1",0.000714284480232033
"METTL9",0.000713953453970794
"RLIM",0.000713650251318644
"SF3A3P2",0.000664335008048081
"MRPS24",0.000646488027546094
"CDC25B",0.000629144083032423
"INO80D-AS1",0.000628175547545041
"C2orf69",0.000621776732663399
"RPS7P10",0.000620362127359285
"MRPL10",0.000612985279873024
"CACNB1",0.000611347461202548
"PIAS2",0.000604701961868596
"PRKD2",0.000603377780511105
"LINC01366",0.000589092987361763
"CCDC146",0.000586606984102363
"RNF181",0.000585531617174749
"REX1BD",0.000579257683940505
"EMC6",0.000563603841740126
"ANK2",0.000543321260061814
"CNNM3",0.000541455096503408
"TRRAP",0.000523777421255721
"MTRFR",0.000523479227141406
"HSPD1P12",0.000509290892812924
"MFSD5",0.00050600995168225
"MUTYH",0.000503419511536698
"KCNQ5",0.000496003578608681
"VTA1",0.000495193796208527
"CCDC157",0.000488824992268568
"PRPSAP1",0.000480423756970311
"USP8",0.000480018206428744
"ZNF98",0.000477610836421427
"RSRC1",0.000465070742017552
"UBE2Z",0.000454313088324484
"NUTM2B-AS1",0.000453691225026613
"MAD2L2",0.000450899148213808
"RPL5P27",0.000446300362052801
"RN7SL656P",0.00044495759235129
"ARL2",0.000423433307207376
"FLRT2",0.000413262700272314
"TPM3P8",0.000408738860436776
"BMS1",0.000397877622279824
"MT2P1",0.00037041381742756
"SLC25A36",0.000367516170709863
"STK4",0.000367280035653155
"HYAL2",0.000357520166223483
"CWC22",0.000354224422024644
"SSH3",0.000353261544680216
"CP",0.000348764060603498
"ZNF554",0.000344851805460962
"UQCRFS1",0.000328249368747777
"FHL1",0.000322608410325269
"AGAP2-AS1",0.000321667897914184
"PHOX2A",0.000320436973516444
"ZNF385D",0.00030812959346594
"CCR2",0.000303156348414981
"GOSR1",0.000300837622885955
"BZW2",0.000286432854497636
"C6orf89",0.00027759789610789
"FBXL20",0.000276901839810353
"BAZ1B",0.000272158435731615
"ELOA",0.000271212641927311
"KHDRBS1",0.000269069366104962
"CEP350",0.000268694778343055
"TMEM87B",0.000268527335402463
"SNAP23",0.000263741653644407
"EIF4G2",0.000260992771269035
"EIF2B4",0.000250930104143733
"IRF3",0.000243862301291364
"SEPHS1P4",0.000235541961564811
"RPS26P38",0.000226132773612901
"CCDC26",0.000220027753047247
"FHOD3",0.000217980358964687
"LRRC37A17P",0.000211870392320596
"ABCA2",0.000210285253456285
"PSORS1C1",0.000205617037794298
"SEPTIN7P6",0.000203858347534256
"ADPRHL1",0.000201320781965795
"COX7B",0.000201057523599408
"SLC25A5P5",0.00019635965757541
"GLRX3",0.000178257514571752
"RWDD1",0.00017782513308746
"ZNF622",0.000177207881595202
"DENND5A",0.000174812299215589
"MICU1",0.000167649943799136
"SF1-DT",0.000161317625259325
"NIFK-AS1",0.000159533399431522
"ANAPC1",0.000158457270130694
"RABGEF1",0.000158234190276481
"P2RY11",0.000156492501776615
"USP34",0.000149736751187948
"UTS2R",0.000149471414550661
"KRT17",0.00014841832981498
"RPL12P17",0.000148052315462128
"CNIH1",0.00013193781092135
"ICE2",0.000118033942037724
"PEX11G",0.000116782914311024
"CEP135",0.000109390635842729
"KIF9-AS1",0.000107865527736178
"MAPK8IP3",9.7821500392227e-05
"CTCF",8.89944827373066e-05
"SLC38A9",8.57064747031266e-05
"ALDH9A1",8.36119990472005e-05
"CYFIP1",7.96843075453688e-05
"ANAPC4",7.69249337936933e-05
"DMAP1",7.53849591901323e-05
"PAIP1P2",7.22566373651789e-05
"OTULIN-DT",7.2068005423443e-05
"GNA11",7.0740644975423e-05
"FDFT1",7.03443662028975e-05
"TRMT112",6.71615405138686e-05
"RRAGA",6.41856150984858e-05
"OAS1",6.29064492748458e-05
"CLDND1",5.88919751529861e-05
"DDX59",5.88251910340553e-05
"SDHD",5.63793531189299e-05
"NUDT19",5.29982019670429e-05
"SHISAL2A",3.82988723248617e-05
"RAP1GDS1",3.77534472966478e-05
"ANXA2R",3.69151639269061e-05
"RUFY2",3.67330071970637e-05
"MYCBP2",3.66879808793225e-05
"SLC25A5",3.6123138338464e-05
"HK2",3.20131934562807e-05
"TRANK1",2.94775805045935e-05
"EPHA4",2.80135432663114e-05
"JAM3",2.63150793490187e-05
"SEC61A2",2.57992236305778e-05
"IPO7",2.57305304349347e-05
"NDUFA9",1.98574544353057e-05
"LINC02951",1.88185479895569e-05
"FAN1",1.87004425275146e-05
"PRKD1",1.67690696209486e-05
"MAP7D1",1.63610887062434e-05
"TUBGCP3",1.60898319406364e-05
"TMEM192",1.58481183919888e-05
"REEP6",1.39443850234828e-05
"ATG3",1.23823348137473e-05
"YWHAZP3",1.04132324992995e-05
"GTF2A2",1.01672188964933e-05
"PPIL1",8.43107755379756e-06
"DOT1L",7.83281565447377e-06
"SLC18A2",6.3421068873368e-06
"BEND4",4.34941232217723e-06
"H2BC7",2.99074766928033e-06
"WRAP53",2.13062205384584e-06
"RDH10",5.40210701871448e-07
"PIAS4",2.33033696050081e-07
"SMC5",2.15642051059318e-07
"MRPL52",1.22586556522615e-07
"PRDM16",0
"RPL21P21",0
"EEF1DP6",0
"LINC02782",0
"LINC02781",0
"MTCYBP45",0
"MFFP1",0
"PGAM1P11",0
"DISP3",0
"RPL10P17",0
"RBP7",0
"HES5",0
"PPIAP34",0
"IFITM3P7",0
"ARL8BP2",0
"AJAP1",0
"GJB3",0
"LINC01756",0
"PLA2G5",0
"PTPRU",0
"FTLP18",0
"LINC02810",0
"GRIK3",0
"HNRNPFP1",0
"GUCA2B",0
"RPS29P6",0
"LINC01654",0
"CFAP144",0
"SHMT1P1",0
"PHB1P12",0
"FCF1P6",0
"RPL6P1",0
"TMA16P2",0
"RIMS3",0
"MRPS6P2",0
"FAM151A",0
"LAMTOR5P1",0
"KLF17",0
"RPL23AP85",0
"GTF2F2P2",0
"KLF18",0
"C1orf87",0
"ZSWIM5",0
"GDI2P2",0
"RNFT1P2",0
"COX6A1P1",0
"ADH5P2",0
"RPL29P5",0
"GIPC2",0
"KRT8P21",0
"NDUFS5P3",0
"RPL13AP9",0
"ST6GALNAC5",0
"PDE4B-AS1",0
"GJA9",0
"NEGR1-IT1",0
"MROH7",0
"PTGFR",0
"PGBD4P8",0
"MTND2P30",0
"GUCA2A",0
"NEGR1",0
"HMGB1P18",0
"PHKA1P1",0
"SLC44A3",0
"MTCO1P21",0
"MROH7-TTC4",0
"HNRNPCP9",0
"KATNBL1P2",0
"GJB4",0
"HMGB1P45",0
"MTND4P11",0
"MTCO3P21",0
"TBCAP2",0
"BARHL2",0
"SNX7-DT",0
"OOSP1P1",0
"IGSF21",0
"RPL21P23",0
"MTND3P21",0
"DNAJA1P5",0
"LINC01787",0
"MTATP6P13",0
"LINC02868",0
"GAPDHP64",0
"TRIM45",0
"SEPTIN2P1",0
"LINC02788",0
"VPS25P1",0
"MTND5P20",0
"SYCP1",0
"NEFHP1",0
"FTLP17",0
"HIGD1AP12",0
"TSHB",0
"PSMC1P12",0
"RPS15AP9",0
"UBE2WP1",0
"SLC6A17-AS1",0
"CDK4P1",0
"TXNP3",0
"RPS29P29",0
"ELOCP19",0
"LINC02799",0
"PPIAP7",0
"OR10AE1P",0
"NR1H5P",0
"MTCO2P21",0
"PFN1P12",0
"MTATP6P14",0
"NKAIN1P1",0
"FMO8P",0
"FMO11P",0
"LINC01720",0
"LRRC8D-DT",0
"CNN2P10",0
"LAMC1-AS1",0
"MTCO1P14",0
"PRELID1P7",0
"WDR82P2",0
"OR10J5",0
"GPA33",0
"NMNAT2",0
"ISCUP1",0
"HNRNPA1P46",0
"RPS29P5",0
"TFDP1P1",0
"LINC03121",0
"BRINP3",0
"LMX1A",0
"SELE",0
"SPATA17",0
"PRRX1",0
"ASTN1",0
"FMO10P",0
"MIPEPP2",0
"SRP14P4",0
"RPL7AP21",0
"LHX9",0
"CHCHD2P5",0
"ILDR2",0
"PRR13P1",0
"LMX1A-AS2",0
"LINC01035",0
"LINC00210",0
"OR2L6P",0
"RPL4P2",0
"OR2L9P",0
"RGS18",0
"TGFB2",0
"HFM1",0
"MORF4L1P7",0
"TGFB2-OT1",0
"TUBB8P10",0
"QRSL1P2",0
"CLPTM1LP1",0
"SPMIP3",0
"SPATA45",0
"PLA2G4A",0
"TOP1P1",0
"RPS3AP9",0
"SHCBP1L",0
"RPL23AP22",0
"RPL10AP5",0
"DUTP6",0
"PTP4A1P7",0
"SELP",0
"SLC4A1APP2",0
"RSL24D1P4",0
"BPNT2P1",0
"LAMB3",0
"LINC01710",0
"GAPDHP75",0
"CCNQP1",0
"BRINP2",0
"PGBD5",0
"TRNT1P1",0
"ZNF695",0
"SMYD3-IT1",0
"TGIF2P1",0
"RPL23AP16",0
"ZNF670-ZNF695",0
"RGS21",0
"EEF1A1P44",0
"RAC1P7",0
"RPL31P13",0
"PLD5",0
"NXNP1",0
"CHCHD4P5",0
"STYXL2",0
"GAPDHP29",0
"SLC35F3",0
"DPY19L4P1",0
"FYB2",0
"NDUFAF4P4",0
"LINC01691",0
"GPR52",0
"FEN1P1",0
"HMGB3P6",0
"NMNAT1P2",0
"VDAC1P10",0
"MIR4689",0
"RN7SL614P",0
"RNU6-1265P",0
"RNA5SP40",0
"MIR34A",0
"RNU6-110P",0
"RNU6-176P",0
"MIR552",0
"RNU6-605P",0
"MIR4255",0
"RNU6-636P",0
"RNA5SP43",0
"RNU6-753P",0
"MIR6732",0
"MIR6733",0
"RNU6-969P",0
"RNU6-1237P",0
"RNU6-1026P",0
"MIR6079",0
"MIR5581",0
"RNU7-62P",0
"RNU6-414P",0
"RNU6-1177P",0
"RN7SKP19",0
"RNU2-15P",0
"RNU4-88P",0
"RNA5SP23",0
"MIR7156",0
"RN7SL62P",0
"RNU6-503P",0
"RN7SL854P",0
"RNU7-8P",0
"RNA5SP22",0
"RNA5SP52",0
"SNORD3G",0
"RNA5SP50",0
"RN7SL392P",0
"RNA5SP51",0
"RN7SL440P",0
"MIR30E",0
"RNU6-750P",0
"MIR30C1",0
"RNU6-125P",0
"RNU6-1318P",0
"RNU6-695P",0
"MIR378G",0
"MIR760",0
"RNU4-75P",0
"MIR7852",0
"RNU1-130P",0
"RNU6-965P",0
"MIR320B1",0
"RN7SKP272",0
"RNA5SP56",0
"MIR942",0
"RN7SKP285",0
"RNU4ATAC8P",0
"RNA5SP55",0
"RNA5SP533",0
"MIR4256",0
"RNU6-352P",0
"RNU6-41P",0
"RNU5F-6P",0
"RNU6-983P",0
"RNU6-716P",0
"RNU1-141P",0
"RNU6-778P",0
"RNU2-12P",0
"SNORA16B",0
"MIR1255B2",0
"SCARNA3",0
"RNU6-609P",0
"RN7SL299P",0
"MIR3119-1",0
"RNU6-570P",0
"MIR3119-2",0
"SNORA14B",0
"MIR4671",0
"RNU6-465P",0
"MIR205",0
"RN7SL668P",0
"RNU6-1283P",0
"RN7SL344P",0
"RNA5SP80",0
"RNU6-1205P",0
"MIR488",0
"RNA5SP73",0
"RN7SKP156",0
"RNA5SP65",0
"RNA5SP62",0
"RNU5A-8P",0
"MIR3122",0
"RNA5SP63",0
"RN7SKP98",0
"RNA5SP77",0
"RN7SKP12",0
"MIR3124",0
"RNU6-1240P",0
"RPL21P27",0
"RPS4XP4",0
"MIR6084",0
"ZNF101P2",0
"MIR1278",0
"SGO1P1",0
"RN7SL538P",0
"LRRC7-AS1",0
"RN7SL242P",0
"CASP3P1",0
"EEF1A1P48",0
"SEPTIN14P12",0
"MRPS21P3",0
"THAP12P8",0
"RFKP1",0
"HNRNPA1P42",0
"MIR3123",0
"RPL36P6",0
"CRPP1",0
"CRP",0
"CFAP45",0
"MIR4259",0
"SLAMF9",0
"SNHG28",0
"MIR4254",0
"RNU6-817P",0
"MIR92B",0
"HCN3",0
"PKLR",0
"RNU6-586P",0
"RNU4ATAC4P",0
"RNU6-1031P",0
"CR1L",0
"CDCA4P3",0
"CDCA4P4",0
"OR10J6P",0
"RNU6-828P",0
"RN7SL731P",0
"CENPS-CORT",0
"KRT8P29",0
"RN7SL559P",0
"MIR1182",0
"MIR3916",0
"RNA5SP82",0
"VN1R17P",0
"GCSAML",0
"OR2G2",0
"OR3D1P",0
"RNU6-991P",0
"ADH5P3",0
"RANP5",0
"SCARNA2",0
"SNORA80E",0
"SCARNA4",0
"MIR6738",0
"ARHGEF2-AS1",0
"PMF1-BGLAP",0
"BGLAP",0
"RHBG",0
"MIR9-1",0
"CYP4X1",0
"CYP4Z1",0
"TUBAP9",0
"MTND1P34",0
"PDZK1IP1",0
"FOXE3",0
"LRRC52",0
"IGSF3",0
"NTMT2",0
"CORT",0
"F13B",0
"FOXD2",0
"OLFM3",0
"RXFP4",0
"NPPB",0
"SBF1P2",0
"RNU5E-1",0
"MIR6729",0
"RN7SL649P",0
"RNU6-777P",0
"RPL23AP89",0
"MIR7846",0
"MIR4632",0
"MIR5187",0
"PCP4L1",0
"CFAP126",0
"RRM2P2",0
"RNU6-481P",0
"RN7SL261P",0
"GJA5",0
"GJA8",0
"RNU1-129P",0
"RNU6-1211P",0
"RNU6-809P",0
"TMCO2",0
"SNRPFP2",0
"MIR3917",0
"RNU6-369P",0
"MIR5584",0
"SNORD55",0
"SNORD38B",0
"RNU5E-6P",0
"RNA5SP47",0
"CCNB1IP1P1",0
"OSTCP5",0
"TAS1R1",0
"ZBTB40-IT1",0
"EPHA8",0
"MIR6127",0
"MIR4684",0
"RPSAP21",0
"MT1HL1",0
"RNU6-949P",0
"CHMP1AP1",0
"RNU6-424P",0
"RPEP3",0
"RNU6-1245P",0
"SCARNA1",0
"PDE4DIPP9",0
"MIR3675",0
"RNU1-5P",0
"PADI3",0
"MIR3972",0
"CICP13",0
"RNU6-791P",0
"HHIPL2",0
"NDUFB1P2",0
"RNU6-880P",0
"HAUS4P1",0
"GAPDHP58",0
"HSD3B1",0
"GAPDHP32",0
"HSD3BP3",0
"GAPDHP27",0
"GAPDHP33",0
"LINC00622",0
"INSRR",0
"RN7SL831P",0
"RN7SKP270",0
"RN7SL574P",0
"RPS21P1",0
"MTCYBP14",0
"MTND6P14",0
"MTND5P19",0
"MTND4P10",0
"MTND4LP21",0
"MTND3P8",0
"MTCO3P46",0
"MIR6737",0
"RNU6-179P",0
"RPS7P2",0
"MIR5698",0
"OR13Z1P",0
"OR13Z2P",0
"OR13Z3P",0
"RN7SL654P",0
"RPL13AP10",0
"MRPL57P1",0
"RPS23P9",0
"PROK1",0
"KCNA10",0
"NRBF2P3",0
"OR11I1P",0
"RN7SL148P",0
"MIR555",0
"RNU6-1297P",0
"DAP3P1",0
"RN7SKP247",0
"RNU1-114P",0
"RNVU1-17",0
"RNVU1-23",0
"RNU1-143P",0
"KCNK2",0
"SYT6",0
"CFAP276",0
"ENO1P1",0
"MIR6735",0
"HYI-AS1",0
"RN7SL657P",0
"MRPL20-DT",0
"ACTG1P4",0
"AMYP1",0
"KIAA1191P3",0
"RNF186",0
"PLA2G2E",0
"RN7SL304P",0
"OR2M7",0
"OR14C36",0
"ARTN",0
"KRT8P47",0
"RN7SL479P",0
"OR2T3",0
"OR2T5",0
"OR2AS2P",0
"OR2AS1P",0
"OR2T34",0
"LCE3B",0
"LCE3A",0
"LCE2D",0
"LCE2B",0
"LCE2A",0
"PRAMEF15",0
"PRAMEF14",0
"PRAMEF17",0
"LPCAT2BP",0
"GAPDHP46",0
"PRKAR1AP1",0
"MMP23B",0
"CD1A",0
"HMGN1P5",0
"CD1C",0
"CD1B",0
"OR10T2",0
"EI24P2",0
"OR10R3P",0
"RNA5SP53",0
"FCAMR",0
"RN7SL788P",0
"PDCL3P6",0
"DNAJC19P7",0
"MIR320B2",0
"RNU6-1008P",0
"MIR4742",0
"AKR1B1P1",0
"OXCT2P1",0
"SNORA55",0
"HPCAL4",0
"RNU7-121P",0
"YBX1P9",0
"RPS3AP7",0
"RN7SKP165",0
"CDKN2AIPNLP1",0
"MIR6878",0
"MIR4257",0
"RNU6-1042P",0
"UBE2D3P3",0
"WNT3A",0
"LINC02809",0
"MIR3620",0
"CIAO2AP2",0
"MIR6742",0
"RPL23AP15",0
"MIR4666A",0
"RNA5SP19",0
"RNA5SP162",0
"TSSK3",0
"RNU6ATAC35P",0
"LINC01352",0
"HLX",0
"RPL7AP81",0
"PRELID3BP1",0
"MARK1",0
"RN7SL464P",0
"RPL30P1",0
"KRT18P57",0
"KCND3-IT1",0
"KCND3-AS1",0
"ITPKB-AS1",0
"RPS27P5",0
"GLRX5P2",0
"NECTIN4",0
"EIF1P2",0
"RNU6-608P",0
"RNA5SP44",0
"CCNT2P1",0
"RNA5SP54",0
"RNU7-57P",0
"SHE",0
"RNU6-1309P",0
"OR10J2P",0
"OR10J7P",0
"OR10J8P",0
"OR10J9P",0
"HMGB1P48",0
"CCDC17",0
"DAB1",0
"EPHB2",0
"ACOT11",0
"KCNT2",0
"HSPD1P14",0
"HMGB4",0
"FAM133FP",0
"ZNF847P",0
"PRAMEF28P",0
"PRAMEF27",0
"PRAMEF34P",0
"HNRNPCL2",0
"HNRNPCL4",0
"RNU6V",0
"MIR197",0
"RPL7P8",0
"AKR7A2P1",0
"NGF",0
"LINC01737",0
"RNA5SP79",0
"RN7SL837P",0
"NENFP1",0
"TEX38",0
"RN7SL466P",0
"ARPC3P2",0
"FDPSP8",0
"DLSTP1",0
"SNORD45C",0
"SNORD45A",0
"SNORD45B",0
"CRB1",0
"MIR6734",0
"MIR4677",0
"FABP7P1",0
"HAPLN2",0
"MIR4421",0
"MIR6500",0
"RNU6-877P",0
"RNF223",0
"LINC01342",0
"RN7SL653P",0
"RPL23AP90",0
"MIR553",0
"MIR5585",0
"SNORD21",0
"RNU6-970P",0
"RN7SL692P",0
"RNU6-210P",0
"RN7SKP123",0
"SH2D5",0
"RNU7-200P",0
"MIR1256",0
"RNU4-57P",0
"CCDC185",0
"RNU1-74P",0
"TNNI3K",0
"LRRC53",0
"ERICH3",0
"FPGT-TNNI3K",0
"BRWD1P1",0
"RNA5SP41",0
"RNA5S1",0
"RNA5S2",0
"RNA5S3",0
"RNA5S4",0
"RNA5S5",0
"RNA5S6",0
"RNA5S7",0
"RNA5S8",0
"RNA5S9",0
"RNA5S10",0
"RNA5S11",0
"RNA5S12",0
"RNA5S13",0
"RNA5S14",0
"RNA5S15",0
"RNA5S16",0
"RNA5S17",0
"RNA5SP18",0
"DUSP5P1",0
"RNVU1-30",0
"FAM91A2P",0
"RNU1-68P",0
"H2AC21",0
"RNU6-704P",0
"IGFN1",0
"SAMD13",0
"RNA5SP75",0
"RPL13AP11",0
"RNU6-1304P",0
"LEFTY3P",0
"LEFTY1",0
"MIR6741",0
"NDUFA3P3",0
"RNU6-537P",0
"LRRC71",0
"MIR765",0
"RN7SL612P",0
"FMN2",0
"RNU5F-8P",0
"IL20",0
"DNASE2B",0
"OR2L2",0
"OR2L3",0
"PRAMEF9",0
"OR2T35",0
"OR10K2",0
"KLHDC7A",0
"RIIAD1",0
"LINGO4",0
"KRT8P28",0
"LCEP2",0
"LCEP1",0
"LCE1F",0
"LCE1E",0
"LCE1D",0
"AMY1A",0
"AMY1C",0
"OR2L5",0
"SYPL2",0
"RNU6-180P",0
"RN7SKP276",0
"SNORA73A",0
"SNORD99",0
"SNORA61",0
"SNORA44",0
"SNORA16A",0
"RNU11",0
"GOLT1A",0
"RNA5SP74",0
"RPL12P45",0
"RN7SL503P",0
"ACTBP12",0
"RN7SL824P",0
"HMGB3P9",0
"RNU4-59P",0
"OR10X1",0
"OR2T27",0
"OR2AQ1P",0
"OR10AA1P",0
"MNDA",0
"OR14A16",0
"HSD17B7P1",0
"OR11L1",0
"TRIM58",0
"OR2W3",0
"OR2AJ1",0
"CLK3P2",0
"OR2X1P",0
"OR2L8",0
"OR6Y1",0
"OR2T6",0
"OR2M1P",0
"OR2M5",0
"OR2M2",0
"GM2AP2",0
"CYCSP53",0
"MYOC",0
"GABRD",0
"TBC1D3P6",0
"SRARP",0
"HSPB7",0
"CLCNKA",0
"ZBTB2P1",0
"OR6F1",0
"OR14K1",0
"OR9H1P",0
"OR2T12",0
"OR2T33",0
"RNY1P13",0
"OR2T29",0
"MIR6859-1",0
"MIR1302-2",0
"OR4F5",0
"RNU6-1100P",0
"OR2G6",0
"OR2T2",0
"OR13G1",0
"OR1C1",0
"OR2M3",0
"OR2T10",0
"OR6N1",0
"OR2T11",0
"LINC01788",0
"RNU6-884P",0
"RPL6P3",0
"RPL23AP20",0
"BECN2",0
"CFL1P4",0
"MAP1LC3C",0
"TUBB8P6",0
"MIR3117",0
"DYNLT5",0
"DNAI4",0
"CNIH3-AS1",0
"TRIM67",0
"OR2T4",0
"INSL5",0
"OR6P1",0
"OR6K2",0
"LCE4A",0
"RNU1-6P",0
"PDE4DIPP8",0
"ACTRT2",0
"MIR4251",0
"CELA3B",0
"RN7SL386P",0
"RNU6-1022P",0
"CELA3A",0
"RN7SL186P",0
"RNU6-776P",0
"MPHOSPH6P1",0
"MIR4418",0
"RPL22P4",0
"MIR6769B",0
"UBE2U",0
"LCE1C",0
"HMGN3P1",0
"CRNN",0
"LCE5A",0
"CRCT1",0
"LCE3E",0
"LCE3D",0
"COL8A2",0
"RN7SL131P",0
"A3GALT2",0
"MIR3605",0
"RN7SL44P",0
"RNU4-27P",0
"OSCP1",0
"SNORA63C",0
"ASCL5",0
"RPL36AP11",0
"MIR3115",0
"RNU6-514P",0
"RNU6-135P",0
"LCE1B",0
"LCE1A",0
"LCE6A",0
"SMCP",0
"IVL",0
"LINC01527",0
"SPRR4",0
"SPRR3",0
"SPRR1B",0
"SPRR2D",0
"SPRR2A",0
"SPRR2B",0
"SPRR2E",0
"SPRR2F",0
"SPRR2G",0
"RNA5SP60",0
"OR10J1",0
"FCER1A",0
"MYOM3-AS1",0
"CRIP1P3",0
"LGR6",0
"MIR1295A",0
"MIR1295B",0
"FMO2",0
"PEAR1",0
"KRT8P45",0
"NUCKS1P1",0
"BTF3P9",0
"RNA5SP42",0
"C1orf94",0
"DCST1",0
"RPL6P31",0
"FAM72D",0
"RNVU1-6",0
"RNU6-1071P",0
"NUDT4P2",0
"TEX46",0
"RNU6-723P",0
"RNU4-61P",0
"RPL21P25",0
"AGBL4-AS1",0
"AGBL4-IT1",0
"ZNF859P",0
"MTND2P29",0
"C1orf185",0
"ROR1",0
"RNA5SP529",0
"MIR4424",0
"TCHHL1",0
"RPTN",0
"HRNR",0
"RNVU1-14",0
"RN7SL165P",0
"RPL12P13",0
"CATSPER4",0
"DMRTB1",0
"GLIS1",0
"RNU7-95P",0
"RGS7",0
"MIR378F",0
"RPL36P5",0
"GRHL3",0
"MIR214",0
"MIR199A2",0
"RNU6-157P",0
"C1orf105",0
"RN7SKP55",0
"RNU6-947P",0
"RNU6-1089P",0
"RNU6-999P",0
"RNU1-132P",0
"KIF26B-AS1",0
"DNAJC19P8",0
"H3-4",0
"KISS1",0
"VTCN1",0
"ARL5AP3",0
"CTBP2P8",0
"MIR1262",0
"OR2B11",0
"OR6N2",0
"H3C14",0
"SEC16B",0
"LCE2C",0
"HNRNPA3P14",0
"ARID3BP1",0
"ST13P20",0
"CLCNKB",0
"LCE3C",0
"UBE2V1P8",0
"SLFNL1",0
"RPL23AP17",0
"MIR5191",0
"RNU6-501P",0
"MIR1231",0
"MIR6739",0
"MIR6736",0
"RNU7-70P",0
"TAFA3",0
"NUTF2P4",0
"RNVU1-19",0
"RPL36AP9",0
"FOXO6-AS1",0
"MIR664A",0
"SNORA36B",0
"AURKAP1",0
"XRCC6P3",0
"P3R3URF-PIK3R3",0
"COX7BP4",0
"P3R3URF",0
"CCDC181",0
"HMGB3P10",0
"RN7SKP195",0
"MIR4428",0
"ZP4",0
"RNVU1-4",0
"RPS3AP11",0
"RNU6-536P",0
"PPIAL4C",0
"PPIAL4D",0
"PPIAL4G",0
"PPIAL4H",0
"HNRNPA1P59",0
"MYOG",0
"MYBPH",0
"CHI3L1",0
"RNU6-1099P",0
"RNA5SP66",0
"TAL1",0
"LENEP",0
"RPS3AP8",0
"APOBEC4",0
"LINC00626",0
"SUMO1P2",0
"CALML6",0
"SEMA6C",0
"UBE2FP3",0
"TMIGD3",0
"RNU6-792P",0
"ADORA3",0
"RNA5SP45",0
"EDN2",0
"LINC01140",0
"MIR4711",0
"RN7SL475P",0
"SLC44A5",0
"S100A5",0
"PPM1J",0
"TCHH",0
"LINC03108",0
"CTXND2",0
"ACO2P2",0
"KPRP",0
"MTARC1",0
"RNA5SP59",0
"LINC01686",0
"RGS8",0
"MYBPHL",0
"MIR4253",0
"LACTBL1",0
"PYHIN5P",0
"RAD1P2",0
"MIR4735",0
"RN7SL326P",0
"CFHR3",0
"MIR4260",0
"ADORA2BP1",0
"IRF6",0
"C8B",0
"RPSAP18",0
"NHLH1",0
"RNU4-42P",0
"SPRR1A",0
"MIR7856",0
"RPL7L1P22",0
"CLCA2",0
"CLCA1",0
"CLCA4",0
"CDCA4P2",0
"MIR4753",0
"PFN1P8",0
"RNU1-151P",0
"RNU6-1171P",0
"RN7SKP88",0
"RNU2-38P",0
"TMEM82",0
"RPL12P14",0
"PPP1R11P1",0
"PDE4DIPP10",0
"NBPF2P",0
"PFN1P10",0
"LHX8",0
"LHX8-AS1",0
"RNU6-622P",0
"MIR4423",0
"PLPPR5",0
"RNU6-239P",0
"RNU6-121P",0
"AQP10",0
"VDAC1P9",0
"MIR4654",0
"RNA5SP61",0
"MIR556",0
"C1orf226",0
"SH2D1B",0
"RNA5SP69",0
"RNA5SP76",0
"RN7SL431P",0
"MIR190B",0
"SNORA58B",0
"GAPDHP20",0
"LRRC37A12P",0
"RN7SL122P",0
"ARHGEF16",0
"MIR551A",0
"TP73-AS2",0
"C1orf141",0
"MIR1537",0
"RNU6-968P",0
"RNU6ATAC18P",0
"MIR6730",0
"AADACL3",0
"CFAP107",0
"PRAMEF12",0
"PRAMEF1",0
"PRAMEF11",0
"PRAMEF30P",0
"PRAMEF2",0
"PRAMEF4",0
"PRAMEF10",0
"RNU6-1072P",0
"PRAMEF29P",0
"PRAMEF6",0
"PRAMEF13",0
"RNU6-771P",0
"PRAMEF33",0
"PRAMEF7",0
"PRAMEF5",0
"PRAMEF8",0
"PRAMEF20",0
"LRRC38",0
"RN7SL713P",0
"LINC01647",0
"DRAXIN",0
"LINC01555",0
"PRAMEF19",0
"RPL22P6",0
"FAM72B",0
"ZBED6",0
"MIR6068",0
"RNA5SP49",0
"RPSAP65",0
"ATP6V1G3",0
"MIR181B1",0
"MIR181A1",0
"RNU6-1062P",0
"SNRPEP10",0
"RNU6-1248P",0
"PHB1P11",0
"CICP5",0
"RNU6-1319P",0
"MIR4426",0
"RN7SKP126",0
"CRYBG2",0
"RNU7-80P",0
"COX6B1P7",0
"MRPS18BP1",0
"LELP1",0
"PRR9",0
"RPLP0P4",0
"LORICRIN",0
"PGLYRP3",0
"PGLYRP4",0
"RNU6-160P",0
"S100A12",0
"LAPTM4BP1",0
"S100A8",0
"S100A15A",0
"S100A7A",0
"S100A7P1",0
"S100A7",0
"S100A7L2",0
"C1QTNF12",0
"SCNN1D",0
"MIR6726",0
"RN7SL480P",0
"MIR6727",0
"MIR6808",0
"RNU6-48P",0
"MTCO1P38",0
"MTCYBP15",0
"MTND6P15",0
"MTND5P18",0
"PIK3CD-AS1",0
"MZT1P1",0
"RN7SKP269",0
"TMEM274P",0
"MIR5697",0
"RNU6-693P",0
"RNU1-153P",0
"RNU1-154P",0
"PRAMEF25",0
"RPL21P24",0
"ATP6V0E1P4",0
"HSPE1P24",0
"C1orf127",0
"SLC2A3P2",0
"RNU6-1176P",0
"MRPS21P1",0
"SERTAD4",0
"RPS29P7",0
"CFHR4",0
"CFHR5",0
"RPL17P5",0
"FCGR3B",0
"KLHDC8A",0
"LEMD1",0
"MIR135B",0
"LEMD1-DT",0
"LINC02942",0
"CR1-AS1",0
"RNA5SP534",0
"SYT14",0
"CFAP97P1",0
"RNU6-171P",0
"PBX1-AS1",0
"RNU6-755P",0
"WNT9A",0
"MIR5008",0
"CHCHD3P3",0
"SNRPEP7",0
"FCN3",0
"PLA2G2A",0
"SPRR5",0
"OR2AK2",0
"OR6K6",0
"PRSS38",0
"OR10R2",0
"OR2L13",0
"LCE7A",0
"NOTCH2NLR",0
"OR14L1",0
"PRAMEF18",0
"CLEC20A",0
"TTC34",0
"TAS1R2",0
"AKR1D1P1",0
"LINC01699",0
"RNA5SP70",0
"RN7SKP229",0
"CAMTA1-AS3",0
"RNU1-8P",0
"MEF2AP1",0
"NPHS2",0
"RNU5F-2P",0
"RNU6-291P",0
"RPL39P6",0
"RN7SL444P",0
"MIR554",0
"DPPA2P2",0
"MIR1976",0
"RN7SL679P",0
"RNU7-29P",0
"WBP1LP7",0
"HSPE1P25",0
"RNU6-1102P",0
"NPR1",0
"MIR8083",0
"RN7SL372P",0
"GEMIN2P1",0
"EPS8L3",0
"OR2T7",0
"WBP1LP6",0
"OR4F16",0
"RNU6-1199P",0
"CICP21",0
"RNU6-747P",0
"MIR4422",0
"KIRREL1",0
"KIRREL1-IT1",0
"SMIM42",0
"RNU1-7P",0
"RPL23AP19",0
"MIR6728",0
"RNU6-304P",0
"RN7SL451P",0
"VN1R5",0
"OR10J4",0
"MIR5087",0
"RNVU1-21",0
"RNVU1-1",0
"RNU1-155P",0
"MIR6077",0
"RNVU1-2",0
"RNVU1-3",0
"CYCSP4",0
"SETP10",0
"ACTN2",0
"MIR4252",0
"FAM163A",0
"RPSAP16",0
"YWHAQP9",0
"HNRNPA1P6",0
"PGBP",0
"FMO9P",0
"OR2T32P",0
"OR2L1P",0
"ZNF731P",0
"OR2W5P",0
"PDZK1P1",0
"H2BP2",0
"CHIAP2",0
"PRAMEF36P",0
"PDE4DIPP7",0
"H2BC19P",0
"H2BC20P",0
"DDX11L1",0
"OR4G11P",0
"CROCCP4",0
"MST1L",0
"SLC35E2A",0
"LINC01145",0
"KMT2CP2",0
"PDE4DIPP4",0
"MGAT4FP",0
"SEPTIN7P13",0
"NBPF25P",0
"CLCA3P",0
"GTF2IP20",0
"CROCCP2",0
"H2BP1",0
"PPIEL",0
"MTMR9LP",0
"FCGR1BP",0
"GBA1LP",0
"EMBP1",0
"LINC00869",0
"SEPTIN14P21",0
"LINC01347",0
"PDE4DIPP6",0
"TUBA5P",0
"MIR6731",0
"RNU4-28P",0
"MICOS10-NBL1",0
"HTR6",0
"RUNX3-AS1",0
"MIR4425",0
"LINC02793",0
"RNU6-487P",0
"LARP7P1",0
"SEC22B4P",0
"RNA5SP536",0
"RPL7AP15",0
"LINC02794",0
"CYP46A4P",0
"SKINT1L",0
"SLC5A9",0
"PPP1R8P1",0
"COL11A1",0
"SOD2P1",0
"HES3",0
"HES2",0
"MIR200B",0
"MIR200A",0
"MIR429",0
"TTLL10",0
"KRT18P12",0
"UBE2V1P13",0
"GAPDHP24",0
"UBXN10",0
"CDCP2",0
"ZNF648",0
"YPEL5P1",0
"RNU6-152P",0
"MIR4794",0
"UBL4B",0
"TTLL7-IT1",0
"TXN2P1",0
"ASB17",0
"ST6GALNAC3",0
"RNU6-161P",0
"RNU4-77P",0
"KCNK1",0
"MIR4427",0
"CYP4Z2P",0
"TUBAP8",0
"CYP4A26P",0
"CYP4A43P",0
"CYP4A27P",0
"CYP4A44P",0
"CAPNS1P1",0
"BSND",0
"RSPO1",0
"ACTN4P2",0
"RNU6-584P",0
"LINC01343",0
"ERI3-IT1",0
"H3P2",0
"TUBBP10",0
"PODN",0
"HIGD1AP11",0
"SLC1A7",0
"EIF2S2P5",0
"RPS3AP10",0
"RNA5SP64",0
"FAM78B",0
"FAM78B-AS1",0
"MIR921",0
"FMO7P",0
"RABGAP1L-IT1",0
"ENTR1P2",0
"RPS29P4",0
"LINC01657",0
"TNNI1",0
"SNORA70H",0
"RPL10P4",0
"MIR6740",0
"RFKP5",0
"RN7SKP49",0
"SNRPD2P2",0
"TSNAX-DISC1",0
"LYPD8",0
"FNDC5",0
"MIR29C",0
"MIR29B2",0
"RNA5SP20",0
"ACTG1P21",0
"RNA5SP21",0
"RPL23AP23",0
"NBPF4",0
"SLC25A24P1",0
"NBPF5P",0
"NBPF6",0
"ST13P21",0
"THAP3P1",0
"PIN1P1",0
"RPL31P11",0
"HDAC1P2",0
"MND1P1",0
"PUDPP2",0
"SLC25A3P1",0
"RPS10P7",0
"ACTG1P25",0
"SLC44A3-AS1",0
"PFN1P2",0
"KIF28P",0
"CYMP",0
"BTNL10P",0
"MROH3P",0
"UOX",0
"PTPRVP",0
"MGAT4EP",0
"CRYZL2P",0
"GFOD3P",0
"ZPLD2P",0
"GNRHR2",0
"CALR4P",0
"PRAMEF26",0
"PRAMEF32P",0
"LDLRAD1",0
"MIR4781",0
"COX7BP3",0
"LINC01648",0
"MIR4420",0
"RN7SKP91",0
"RN7SL371P",0
"SELENOWP1",0
"RPL21P22",0
"EEF1A1P46",0
"RNU6-40P",0
"LDC1P",0
"OR14A2",0
"EXTL1",0
"TRIM63",0
"C1orf232",0
"GPR61",0
"ESPNP",0
"MRPS10P1",0
"RN7SKP160",0
"RNA5SP67",0
"RNA5SP68",0
"DYNLL1P3",0
"PAX7",0
"ETNK2",0
"REN",0
"CACNA1S",0
"PCSK9",0
"MIR4422HG",0
"ELOCP18",0
"RPE65",0
"TXNP2",0
"TNR-IT1",0
"GOT2P2",0
"ANKRD45",0
"SNORA59A",0
"RNA5SP46",0
"LINC01633",0
"RNA5SP72",0
"FTH1P25",0
"OPTC",0
"RN7SL290P",0
"TXNDC12-AS1",0
"RPL17P8",0
"BLACAT1",0
"RNU2-19P",0
"RNU6-418P",0
"TNNT2",0
"CROCCP3",0
"OR14I1",0
"LYPD9P",0
"AHCYP8",0
"DPT",0
"LINC00970",0
"KCNJ10",0
"KCNJ9",0
"CASQ1",0
"ELOCP20",0
"CNOT7P2",0
"RN7SL420P",0
"RPL31P12",0
"RNU6-1246P",0
"RLIMP2",0
"FLG",0
"RNU6-403P",0
"LINC02474",0
"AVPR1B-DT",0
"RPL6P2",0
"LINC01780",0
"RNU1-75P",0
"HAO2",0
"HAO2-IT1",0
"HSD3B2",0
"GAPDHP74",0
"HSD3BP2",0
"GAPDHP23",0
"RNA5SP57",0
"RNVU1-22",0
"LINC01362",0
"RN7SL583P",0
"RPL36AP10",0
"RNU6-725P",0
"KRT18P32",0
"PROX1-AS1",0
"LINC00538",0
"LINC01760",0
"LINC01761",0
"DPYD-AS1",0
"DPYD-IT1",0
"RPL26P9",0
"DPYD-AS2",0
"MIR2682",0
"MIR137",0
"NFU1P2",0
"GOT2P1",0
"MTCO2P34",0
"RN7SKP291",0
"RNU6-830P",0
"PIGQP1",0
"RPSAP20",0
"RNU6-1310P",0
"MIR557",0
"QRSL1P1",0
"C1orf167-AS1",0
"MIR4695",0
"RN7SL180P",0
"MIR3116-1",0
"MIR3116-2",0
"PIGPP2",0
"RPS15AP7",0
"KANK4",0
"RNU6-371P",0
"RN7SL488P",0
"RNU7-123P",0
"RNU5A-5P",0
"DISC1-IT1",0
"RPL7AP17",0
"RPL36AP12",0
"FOXD3-AS1",0
"VDAC1P4",0
"MIR3121",0
"LINC02814",0
"ISCA1P2",0
"TMEM78",0
"SETP9",0
"PPIAP37",0
"ITLN1",0
"ITLN2",0
"MIR3658",0
"CELA2A",0
"SCARNA21B",0
"RNU7-179P",0
"CD24P1",0
"RSC1A1",0
"TEX50",0
"LINC02961",0
"RNY4P16",0
"ANO7L1",0
"CD5L",0
"MRPS21P2",0
"MIR548AC",0
"RNU7-183P",0
"MCRIP2P2",0
"BEST4",0
"LINC01398",0
"FAAH",0
"TMEM61",0
"LINC01307",0
"DNM3OS",0
"IGSF21-AS1",0
"LINC01767",0
"NTRAS",0
"MMEL1-AS1",0
"TTC39A-AS1",0
"NFIA-AS1",0
"LINC02795",0
"LINC02818",0
"LINC01360",0
"MFSD4A-AS1",0
"NFIA-AS2",0
"LINC01783",0
"LINC01680",0
"LINC01744",0
"LINC02780",0
"LINC01753",0
"USH2A-AS1",0
"LINC02884",0
"LINC01745",0
"LINC01739",0
"LINC01750",0
"LINC02238",0
"CAMTA1-AS2",0
"LINC01702",0
"KCNH1-IT1",0
"PPM1J-DT",0
"LINC01397",0
"LINC01688",0
"SPATA42",0
"SLC2A1-DT",0
"LINC02783",0
"LRRC52-AS1",0
"ARHGEF2-AS2",0
"LINC01344",0
"LINC02796",0
"LINC01701",0
"LINC01703",0
"LINC01763",0
"CRYZL2P-SEC16B",0
"LINC02786",0
"LINC02805",0
"LINC01132",0
"SLC25A34-AS1",0
"DHCR24-DT",0
"LINC02790",0
"LINC01364",0
"RASAL2-AS1",0
"LINC02784",0
"LINC02801",0
"LINC02769",0
"SLC35F3-AS1",0
"LINC01698",0
"LINC01349",0
"FHAD1-AS1",0
"TGFB2-AS1",0
"CYMP-AS1",0
"LINC01675",0
"LINC02770",0
"LINC01776",0
"PRKCZ-DT",0
"NECTIN4-AS1",0
"LINC01685",0
"LINC02787",0
"LINC02817",0
"LINC01221",0
"LINC02813",0
"BRINP3-DT",0
"CNIH3-AS2",0
"LINC02779",0
"PLPPR5-AS1",0
"LINC01738",0
"LINC01350",0
"LINC02768",0
"LINC02567",0
"LRP8-DT",0
"LINC02778",0
"NGF-AS1",0
"LINC01712",0
"ST3GAL3-AS1",0
"LINC02792",0
"USH2A-AS2",0
"GNB1-DT",0
"POU2F1-DT",0
"LPGAT1-AS1",0
"CSMD2-AS1",0
"RNF186-AS1",0
"LINC02800",0
"LINC01682",0
"LINC01696",0
"LINC02897",0
"C1orf21-DT",0
"LINC01645",0
"LINC01741",0
"DOCK7-DT",0
"ZNF687-AS1",0
"LINC01222",0
"DCST1-AS1",0
"LINC01676",0
"LINC00853",0
"ZNF692-DT",0
"LINC01346",0
"LINC01345",0
"PRDM16-DT",0
"LINC01784",0
"OVAAL",0
"VAV3-AS1",0
"LINC01704",0
"LINC01765",0
"LINC03102",0
"LINC02765",0
"LINC02607",0
"LINC02791",0
"LINC01707",0
"LINC02802",0
"LINC01672",0
"LINC01708",0
"LINC01748",0
"RWDD3-DT",0
"LINC01777",0
"PHC2-AS1",0
"DAB1-AS1",0
"IBA57-DT",0
"DEPDC1-AS1",0
"MATN1-AS1",0
"LINC01142",0
"TMEM51-AS2",0
"NEK2-DT",0
"LINC02789",0
"RGS5-AS1",0
"ARHGAP29-AS1",0
"ELAVL4-AS1",0
"LINC01226",0
"LINC01525",0
"CAMTA1-AS1",0
"ERICH3-AS1",0
"LINC01724",0
"ERLNC1",0
"LMX1A-AS1",0
"LINC02596",0
"LINC01768",0
"LINC01736",0
"SERTAD4-AS1",0
"SPATA17-AS1",0
"LINC01779",0
"CAMTA1-IT1",0
"LINC02808",0
"LINC02988",0
"LINC02771",0
"LINC02971",0
"VANGL2",0
"MPZ",0
"MIR3659HG",0
"MIR3659",0
"FAM138A",0
"MIR6859-2",0
"TRNP1",0
"NHLH2",0
"HNRNPA1P43",0
"LINC01649",0
"TEDDM1",0
"LINC00272",0
"TEDDM2P",0
"RNASEL",0
"PYDC5",0
"FAM41C",0
"EEF1GP7",0
"OAZ1P1",0
"FTH1P22",0
"KMT2CP3",0
"LINC02819",0
"RPL7AP19",0
"TUBB8P9",0
"CBX1P3",0
"UBBP2",0
"RPL23AP25",0
"GEMIN8P4",0
"CHORDC1P5",0
"MTX1LP",0
"RPS7P5",0
"MSTO2P",0
"PDE4DIPP1",0
"PFN1P4",0
"MKRN8P",0
"HSD3BP4",0
"NBPF7P",0
"NDUFS5P2",0
"HSPA7",0
"PDE4DIPP3",0
"FCGR1CP",0
"RPL22P5",0
"SRGAP2D",0
"HMGN2P19",0
"LCEP4",0
"LCEP3",0
"LINC00302",0
"MMP23A",0
"PLA2G12AP1",0
"CHIAP1",0
"RPS27AP6",0
"AIMP1P2",0
"NBPF18P",0
"OR6K4P",0
"OR6K5P",0
"OR6R1P",0
"FAM131C2P",0
"OR4G4P",0
"MST1P2",0
"EIF1AXP1",0
"SPRR2C",0
"LINC01641",0
"KMT2CP1",0
"DRD5P2",0
"SPTLC1P4",0
"PFN1P3",0
"RPL32P6",0
"H3P1",0
"H2BC27P",0
"MED28P8",0
"SEC22B2P",0
"RPL29P7",0
"UQCRBP2",0
"NBPF13P",0
"SEC22B3P",0
"CROCCP5",0
"SLAMF6P1",0
"PRAMEF31P",0
"H3P4",0
"PDE4DIPP5",0
"C4BPAP2",0
"SEPTIN14P17",0
"RPL23AP24",0
"NDUFA5P10",0
"ABHD17AP3",0
"GCSHP5",0
"SLC25A24P2",0
"WASH7P",0
"LINC01133",0
"HSD3BP1",0
"C4BPAP1",0
"MT1XP1",0
"DDX11L17",0
"WASH9P",0
"ERRFI1-DT",0
"RPL35AP6",0
"LINC01341",0
"CYCSP5",0
"C1orf202",0
"FMO6P",0
"GPR199P",0
"CCDST",0
"RFX5-AS1",0
"CYP4A22-AS1",0
"LINC01650",0
"LINC01740",0
"TPO",0
"LINC01247",0
"SNTG2",0
"LINC02973",0
"MSGN1",0
"EIPR1-IT1",0
"HS1BP3-IT1",0
"LRATD1",0
"CDK8P1",0
"PIK3CDP1",0
"NTSR2",0
"LINC02850",0
"OSR1",0
"RPS16P2",0
"RPS13P4",0
"LINC01866",0
"CRTC1P1",0
"MATN3",0
"SLC25A5P2",0
"CAPN13",0
"RPL36AP14",0
"FTH1P6",0
"LHCGR",0
"ZFYVE9P2",0
"KCNG3",0
"FBXL12P1",0
"FSHR",0
"PGAM1P6",0
"PRKCE-AS1",0
"RPL21P70",0
"VDAC1P13",0
"RPL37P13",0
"PSMC1P10",0
"SUPT4H1P1",0
"RPL26P15",0
"RPS20P9",0
"MTND4P25",0
"RPS15AP15",0
"RPL27P5",0
"ST6GALNAC2P1",0
"MTND5P27",0
"EVA1A",0
"LRRTM4-AS1",0
"ELOBP3",0
"TPT1P11",0
"REG3G",0
"REG1A",0
"LINC01809",0
"SMIM7P1",0
"MTND6P7",0
"KMT5AP2",0
"DRD5P1",0
"RPL37P10",0
"RPL12P18",0
"LYARP1",0
"SUCLA2P2",0
"RPL26P13",0
"LSM3P3",0
"EVA1A-AS",0
"ANKRD11P1",0
"ZNF863P",0
"MTCYBP7",0
"PKDCC",0
"REG1B",0
"MRPL50P1",0
"ANAPC1P3",0
"CRLF3P3",0
"CHMP4AP1",0
"NDUFB4P7",0
"DHFRP3",0
"CCDC12P1",0
"RBX1P1",0
"GALNT14",0
"TACR1",0
"ABCD1P5",0
"CIB4",0
"CTBP2P5",0
"GGT8P",0
"MTFR2P1",0
"LINC01867",0
"PNPP1",0
"PSAT1P2",0
"CAPZBP1",0
"RPL21P36",0
"RPL37P12",0
"GGCTP3",0
"FAM110C",0
"RPL22P11",0
"OTX1",0
"TCF7L1-IT1",0
"NKAIN1P2",0
"DBF4P3",0
"ALK",0
"ILRUNP1",0
"DUXAP1",0
"MTCYBP39",0
"ANAPC1P5",0
"RSL24D1P2",0
"CENPNP1",0
"MTND1P29",0
"NPAS2-AS1",0
"ST6GAL2-IT1",0
"PPIAP63",0
"LINC01593",0
"MTND4P26",0
"MTND2P21",0
"RPL22P8",0
"KNOP1P3",0
"BBIP1P1",0
"AMANZI",0
"DPP10-AS2",0
"IGKV1OR2-1",0
"SMYD1",0
"NT5C1B-RDH14",0
"NXPH2",0
"EIF2S2P7",0
"LINC02898",0
"MTCO1P43",0
"NCKAP5-IT1",0
"SRSF3P5",0
"CRYGGP",0
"EN1",0
"KRT18P33",0
"GACAT1",0
"PABPC1P6",0
"NDUFAF2P1",0
"XIAPP3",0
"MTND1P28",0
"YY1P2",0
"STON1-GTF2A1L",0
"AHCYP4",0
"MTND6P9",0
"SDHCP3",0
"ISCA1P6",0
"PPP1R2P5",0
"GAPDHP57",0
"MRPS18BP2",0
"NPAS2",0
"MTCYBP9",0
"TOMM40P4",0
"DSTNP5",0
"DBF4P2",0
"RPL9P13",0
"RPSAP23",0
"ACTP1",0
"KCNJ3",0
"COPRSP1",0
"SLC6A14P3",0
"MTND2P22",0
"IGKV1OR2-2",0
"RPS21P2",0
"LRRC57P1",0
"JPT1P1",0
"MTCO1P44",0
"RPL27P7",0
"RPS15AP13",0
"RPS16P3",0
"CBY1P1",0
"TBR1",0
"FIGN",0
"MTND2P19",0
"EDDM3CP",0
"RPSAP27",0
"MTCO1P7",0
"LINC01832",0
"ALDH7A1P2",0
"BMS1P19",0
"PPIAP66",0
"EXTL2P1",0
"MTCO1P45",0
"MTND1P27",0
"LINC01854",0
"RPL17P15",0
"RPS20P12",0
"KRT18P46",0
"LINC01790",0
"LY75-CD302",0
"TPT1P2",0
"MTND2P20",0
"RPL15P5",0
"HSPE1P9",0
"HECW2",0
"MYO3B-AS1",0
"INHBB",0
"YWHAEP5",0
"RPL23AP28",0
"MTCO2P7",0
"ELOAP1",0
"SRSF3P6",0
"VPS26CP1",0
"EDAR",0
"MDH1B",0
"PPIAP65",0
"TXNL4AP1",0
"PSMD14P1",0
"MTATP6P7",0
"RNF14P1",0
"SMC4P1",0
"RPS6P2",0
"MTND5P30",0
"ITPRID2-DT",0
"OR7E28P",0
"GTF2A1L",0
"ZSWIM2",0
"LINC01826",0
"MTCO3P7",0
"LINC03097",0
"NCKAP5-AS1",0
"LINC01920",0
"PPIAP67",0
"VWC2L",0
"XIRP2-AS1",0
"GLULP6",0
"MED15P5",0
"SLC44A3P1",0
"VWC2L-IT1",0
"HNRNPA1P47",0
"IMPDH1P7",0
"MTCO3P43",0
"MYL1",0
"ENSAP3",0
"DNAJC17P1",0
"NANOGP2",0
"SEC61GP1",0
"KRT18P29",0
"MTND3P15",0
"TBC1D8-AS1",0
"LINC01789",0
"MTND3P10",0
"RPS15AP14",0
"SH3BP4",0
"CRYGA",0
"MTND4LP14",0
"CRLF3P1",0
"CEP19P1",0
"CRYGB",0
"OR7E89P",0
"TERF1P6",0
"RPL7P61",0
"CDK8P2",0
"RPS17P8",0
"GSTM3P2",0
"ATP5PBP4",0
"LIN28AP1",0
"TEKT4P3",0
"LINC02991",0
"MYL6BP1",0
"ARPC1BP1",0
"MTND4P27",0
"LINC01941",0
"MTND6P8",0
"RPL21P38",0
"HMGB1P3",0
"IQCA1-AS1",0
"MTCYBP8",0
"MTND5P29",0
"SNF8P1",0
"RPL3P5",0
"MTND5P22",0
"RNF11P1",0
"IQCA1",0
"MTATP6P26",0
"H3P9",0
"LINC01935",0
"KDM3AP1",0
"LINC03116",0
"KRT18P19",0
"KCNS3",0
"TMEM37",0
"KCTD5P1",0
"MIR7515",0
"RN7SKP168",0
"MIR548S",0
"MIR7158",0
"RN7SL140P",0
"RNU6-1288P",0
"RNU6-961P",0
"RN7SKP112",0
"RN7SKP27",0
"RNU6-1215P",0
"MIR4262",0
"MIR3681",0
"MIR4757",0
"RNU6-843P",0
"RNA5SP88",0
"MIR3125",0
"RNA5SP87",0
"RN7SL610P",0
"RNA5SP90",0
"RNU6-1117P",0
"MIR548AD",0
"RNU4-63P",0
"RNU4-49P",0
"RN7SL361P",0
"MIR4432",0
"RNU1-32P",0
"RNU6-634P",0
"RNU6-221P",0
"RN7SL18P",0
"RNU6-282P",0
"RNU6-612P",0
"RN7SL51P",0
"MIR4431",0
"MIR548BA",0
"RNU6-439P",0
"RN7SL531P",0
"RNA5SP98",0
"RN7SKP203",0
"RNU6-827P",0
"RN7SL201P",0
"RNU6-685P",0
"RNU6-812P",0
"RN7SKP224",0
"RNU6-674P",0
"RN7SKP164",0
"RNA5SP99",0
"RNU6-1312P",0
"MIR4780",0
"MIR4771-1",0
"RNA5SP100",0
"RNU6-775P",0
"MIR5696",0
"RNU4-84P",0
"RNU2-63P",0
"RNU2-41P",0
"MIR4265",0
"MIR4266",0
"RNU7-46P",0
"RNU6-259P",0
"RN7SL635P",0
"RNU7-190P",0
"RNU6-675P",0
"RN7SL111P",0
"MIR4435-2",0
"VTRNA2-2P",0
"RN7SKP102",0
"RNA5SP102",0
"RN7SKP141",0
"RNA5SP103",0
"RNA5SP104",0
"RN7SKP286",0
"MIR7157",0
"RNU6-904P",0
"RNU6-579P",0
"RN7SKP154",0
"RNU6-546P",0
"RNU6-1001P",0
"RNA5SP107",0
"RN7SL423P",0
"RN7SKP93",0
"RNU6-580P",0
"RNA5SP108",0
"RNU6-627P",0
"RN7SL283P",0
"RNA5SP105",0
"RNU6-182P",0
"RN7SL813P",0
"MIR548AE1",0
"RNU6-915P",0
"RN7SKP42",0
"RNU6-989P",0
"RNU6-1045P",0
"MIR4774",0
"RNU6-766P",0
"RNA5SP117",0
"MIR4438",0
"MIR1258",0
"RNU2-21P",0
"SNORA70I",0
"RN7SL807P",0
"RNU6-624P",0
"MIR4268",0
"MIR5702",0
"MIR3130-1",0
"MIR3130-2",0
"RN7SL32P",0
"RNU6-1051P",0
"MIR3133",0
"RNU6-169P",0
"KCNF1",0
"RPL6P4",0
"RNU6-1081P",0
"AIDAP1",0
"PPIAP60",0
"LINC03037",0
"HEBP2P1",0
"RPLP0P7",0
"RN7SKP179",0
"RNU6-959P",0
"HMGB1P27",0
"NME2P2",0
"RPL36AP15",0
"RPS27AP7",0
"PPIAP62",0
"RN7SL817P",0
"PPFIA1P1",0
"UGT1A11P",0
"UGT1A13P",0
"UGT1A9",0
"RPL17P11",0
"UGT1A2P",0
"UGT1A1",0
"HJURP",0
"TRPM8",0
"ARHGEF4-AS1",0
"RNU6-127P",0
"RPL31P16",0
"RNU6-939P",0
"RNU6-1116P",0
"RN7SL670P",0
"MRPL50P2",0
"NECAP1P2",0
"TAF13P2",0
"HMGA1P8",0
"INO80B-WBP1",0
"MRPL53",0
"TLX2",0
"G6PC2",0
"UBE2V1P6",0
"RPL23AP33",0
"MIR1245A",0
"MIR1245B",0
"MIR3606",0
"CCDC140",0
"SNORD94",0
"MIR4779",0
"RNU6-1333P",0
"ESPNL",0
"ERFE",0
"MIR1244-1",0
"RPL28P2",0
"MIR1471",0
"MIR562",0
"NRBF2P6",0
"ALPG",0
"ALPI",0
"PRSS56",0
"CHRND",0
"CHRNG",0
"BNIP3P46",0
"RNU6-1132P",0
"RNA5-8SP5",0
"MIR663B",0
"CDC27P1",0
"FAM201B",0
"RNU6-175P",0
"YBX1P7",0
"MIR4433B",0
"MIR4433A",0
"RPL23AP37",0
"RN7SKP43",0
"RPL7L1P9",0
"MIR6809",0
"RNU6-848P",0
"KLF2P3",0
"GPR148",0
"CYCSP8",0
"ARHGAP42P1",0
"SSBP3P2",0
"MTCYBP10",0
"MTND6P10",0
"MTND5P23",0
"MTND4P21",0
"MTND3P18",0
"MTCO3P18",0
"MTATP6P4",0
"MTCO2P18",0
"MTCO1P18",0
"MTND2P18",0
"MTND1P26",0
"MED15P3",0
"RHOQP2",0
"MIR4784",0
"SCTR",0
"UGT1A4",0
"CFC1",0
"C2orf72",0
"RNU1-93P",0
"MIR4777",0
"SNORA75",0
"SNORD20",0
"SNORD82",0
"AQP12B",0
"MAB21L4",0
"TANAR",0
"RN7SKP152",0
"RNU6-642P",0
"CDK5R2",0
"FEV",0
"MIR375",0
"IHH",0
"MIR3131",0
"RN7SL764P",0
"RESP18",0
"ECRG4",0
"RPL22P10",0
"CCDC74B",0
"TUBA3E",0
"RHOQP3",0
"KRT18P52",0
"AK2P2",0
"RNU6-647P",0
"MTCO1P42",0
"MIR8485",0
"RNA5SP111",0
"MAPRE1P3",0
"RNU7-9P",0
"RNU6-613P",0
"RNU6-964P",0
"FBXO36-IT1",0
"RNU6-1027P",0
"RNY4P19",0
"RNA5SP121",0
"SNRPGP8",0
"CRIPTOP2",0
"DAW1",0
"DYTN",0
"UBQLN4P2",0
"CDPF1P1",0
"CSP1",0
"RNU6-111P",0
"RPSAP28",0
"ALMS1-IT1",0
"NAT8",0
"RNU6-986P",0
"RPS17P7",0
"RPL12P15",0
"NPM1P32",0
"RNU6-1275P",0
"RPS29P8",0
"GPAA1P1",0
"ZBTB45P1",0
"MIR4267",0
"MIR4436B1",0
"ACTR1AP1",0
"MIR4436B2",0
"ZBTB45P2",0
"MIR4440",0
"MIR4441",0
"MIR4269",0
"NOSTRIN",0
"MYO3B",0
"RPS20P13",0
"TXNP5",0
"C2orf66",0
"IL1R1",0
"CFAP144P2",0
"IL1RL1",0
"SDR42E1P5",0
"MIR4772",0
"LYG1",0
"SEPHS1P6",0
"RN7SL717P",0
"MIR1301",0
"TRIM64FP",0
"TRIM43",0
"UBTFL3",0
"RNU6-1029P",0
"HSPE1-MOB4",0
"KLHL23",0
"PTCHD3P2",0
"CYB5AP2",0
"NSA2P5",0
"RNU6-1006P",0
"RPEP5",0
"EIF3EP2",0
"GCG",0
"RNA5SP112",0
"STUB1P1",0
"KRT8P40",0
"MIR4444-1",0
"DNAJC19P5",0
"H3P7",0
"RPS26P18",0
"RPL21P35",0
"RPL23AP26",0
"TEX44",0
"RN7SL499P",0
"MIR4786",0
"OR9S24P",0
"OR5S1P",0
"OTOS",0
"BRD7P6",0
"TGFA-IT1",0
"BBS5",0
"KLHL41",0
"MIR4261",0
"RN7SL66P",0
"MIR3132",0
"INHA",0
"RN7SKP213",0
"SLC4A3",0
"DNAJB6P3",0
"RPL23P4",0
"RPS29P10",0
"RNU6-1145P",0
"RNU7-113P",0
"SLC7A15P",0
"RNA5SP86",0
"RPL5P7",0
"LINC01960",0
"RPSAP24",0
"RN7SL65P",0
"LRRC2P1",0
"SP9",0
"RPA3P1",0
"NGEF",0
"NEU2",0
"NPLP1",0
"ASS1P2",0
"RNU6-851P",0
"SOS1-IT1",0
"RNU6-198P",0
"RN7SKP38",0
"MIR9500",0
"RPL23AP31",0
"DIRC1",0
"RN7SL604P",0
"SNORA36C",0
"RPL36AP16",0
"C2orf15",0
"RPL22P12",0
"OTOF",0
"BMP10",0
"GKN2",0
"GKN1",0
"MIR3126",0
"RNA5SP96",0
"RNU6-1216P",0
"ANTXR1",0
"REG3A",0
"CTNNA2-AS1",0
"GNA13P1",0
"RNU6-561P",0
"MIR4264",0
"MIR8080",0
"RBM7P1",0
"LRRTM1",0
"RNA5SP109",0
"RPL31P15",0
"RNU6-1122P",0
"NRIR",0
"RNF144A",0
"BNIP3P45",0
"MIR4773-2",0
"MIR4773-1",0
"RN7SL124P",0
"RRAS2P2",0
"ACSL3-AS1",0
"KRT18P26",0
"TOR1BP1",0
"RNA5SP110",0
"SCYL2P1",0
"C2CD6",0
"MTCO2P16",0
"MTATP6P16",0
"MTCO3P16",0
"MTND3P16",0
"MTND4LP16",0
"MTND4P29",0
"MTND5P31",0
"ENO1P4",0
"RNU6-651P",0
"RPS2P16",0
"CDK15",0
"UBE2V1P11",0
"RNU6-440P",0
"RN7SL856P",0
"SUCLA2P3",0
"RPS26P19",0
"LINC01594",0
"SETD6P1",0
"WASF1P1",0
"SULT1C2P2",0
"GMCL1P2",0
"RNU6-1049P",0
"RBM44",0
"RNA5SP97",0
"RNU2-9P",0
"FAM8A3P",0
"RPL17P13",0
"RNU6-601P",0
"LINC01818",0
"THNSL2",0
"LRRTM4",0
"FAM237A",0
"RNU6-31P",0
"RNA5SP115",0
"RNU6-312P",0
"RNU6-762P",0
"RNU6-1206P",0
"MTND4P23",0
"RN7SKP66",0
"ABCG5",0
"RNU6-1048P",0
"RN7SL455P",0
"RNU6-566P",0
"KRT8P15",0
"KRT8P52",0
"RPL7P14",0
"RPL12P16",0
"RN7SKP83",0
"SAP18P2",0
"RNU6ATAC19P",0
"MRPL45P1",0
"RNU6-1168P",0
"RNU6-1007P",0
"RPL38P6",0
"SPMIP9",0
"MIR4436A",0
"IGKJ2",0
"RPL23AP92",0
"RN7SL470P",0
"MIR1285-2",0
"RPL39P15",0
"RNU6-436P",0
"HOXD13",0
"HOXD12",0
"HOXD11",0
"HOXD9",0
"HOXD8",0
"MIR10B",0
"HOXD4",0
"HOXD1",0
"MIR7704",0
"RPSAP25",0
"HOXD3",0
"CYCSP7",0
"RALBP1P2",0
"ASDURF",0
"RNU6-512P",0
"MIR5703",0
"NDUFB4P4",0
"RPS2P15",0
"EMP2P1",0
"PPIL1P1",0
"RTP5",0
"CICP10",0
"RPL23AP88",0
"MIR6811",0
"RNU4-48P",0
"NEUROD1",0
"PTH2R",0
"UGT1A3",0
"UGT1A8",0
"UGT1A5",0
"UGT1A7",0
"IGKV2D-38",0
"IGKV1D-35",0
"IGKV3D-34",0
"IGKV1D-32",0
"IGKV3D-31",0
"IGKV2D-23",0
"IGKV6D-21",0
"IGKV2D-14",0
"IGKV2D-10",0
"CNTNAP5",0
"ASPRV1",0
"SULT1C3",0
"IL37",0
"PROC",0
"MIR4783",0
"GPR17",0
"SPEGNB",0
"SNRPEP5",0
"HMGB1P25",0
"KCNE4",0
"MIR558",0
"MIR4765",0
"SCARNA5",0
"SCARNA6",0
"PSMA2P3",0
"RPL39P14",0
"PIMREGP1",0
"RN7SL40P",0
"RPL13AP12",0
"MTCO2P17",0
"MTATP6P17",0
"MTCO3P17",0
"MTND3P17",0
"MTND4LP17",0
"MTND4P30",0
"MTCO1P54",0
"RNU7-81P",0
"TTC39DP",0
"RN7SL210P",0
"AQP12A",0
"XIRP2",0
"EFHD1",0
"FAP",0
"MYT1L-AS1",0
"MYT1L",0
"RNU7-104P",0
"MYO7B",0
"EVX2",0
"UGT1A10",0
"ASIC4",0
"RNU6-1140P",0
"PRLH",0
"RAB17",0
"AGBL5-AS1",0
"PRR30",0
"IGKV2OR2-10",0
"IGKV2OR2-7D",0
"IGKV3OR2-5",0
"IGKV1OR2-6",0
"IGKV2OR2-7",0
"IGKV2OR2-8",0
"UBTFL6",0
"RNU4-8P",0
"ACMSD",0
"MIR5590",0
"PCARE",0
"NDUFB4P6",0
"GCSHP3",0
"SNORD51",0
"SNORA41",0
"CMKLR2",0
"RN7SKP200",0
"ATP5POP1",0
"HMGN1P6",0
"RN7SKP260",0
"ACER2P1",0
"RNU1-133P",0
"GPBAR1",0
"MIR6513",0
"MIR6810",0
"RNU7-148P",0
"CTAGE14P",0
"SNRPEP11",0
"GPR160P1",0
"SLC38A11",0
"RN7SL359P",0
"RNU6-997P",0
"HNRNPA1P61",0
"RN7SL113P",0
"KLHL29",0
"CROCC2",0
"CYS1",0
"RAD51AP2",0
"ST6GAL2",0
"LIMS3",0
"API5P2",0
"SDHDP5",0
"RNU6-629P",0
"CYCTP",0
"RNU5E-9P",0
"VAX2",0
"ATP6V1B1-AS1",0
"ELOCP21",0
"RN7SL160P",0
"RNU6-137P",0
"RN7SL575P",0
"SLC2AXP1",0
"FABP7P2",0
"RNU7-138P",0
"RNU7-176P",0
"RPL10P5",0
"RNA5SP113",0
"RN7SL267P",0
"RNU6-107P",0
"LINC01805",0
"RNU6-100P",0
"RPS10P9",0
"PDE1A",0
"NRAL",0
"MIR1246",0
"RNU6ATAC14P",0
"PSMB3P2",0
"RPL31P14",0
"RNA5SP120",0
"FABP5P14",0
"TNP1",0
"UBTFL5",0
"TRIM43B",0
"KRT18P39",0
"NPM1P33",0
"RNU6-474P",0
"CNN2P11",0
"GXYLT1P7",0
"CNN2P8",0
"BOLL",0
"SGCEP1",0
"METAP2P1",0
"RNU7-2P",0
"RPL17P12",0
"OTX2P2",0
"LINC01911",0
"RNU6-692P",0
"RNU6-715P",0
"RNA5SP106",0
"LIMS4",0
"RGPD6",0
"PRPS1P1",0
"CYP2C56P",0
"RNU6-542P",0
"RPS24P7",0
"HMGN2P23",0
"POLR2DP1",0
"IL36A",0
"RNU6-1180P",0
"GKN3P",0
"SCYGR9",0
"PHF5AP5",0
"CXCR2",0
"LINC01124",0
"SP5",0
"ERICH2",0
"RNA5SP84",0
"MIR4429",0
"RNU2-13P",0
"PROKR1",0
"MANEALP1",0
"M1AP",0
"RPS28P5",0
"RPL23P5",0
"MSTN",0
"CKAP2L",0
"IL1A",0
"UBE2V1P14",0
"RRN3P4",0
"SFXN4P1",0
"MTCYBP11",0
"MTND6P11",0
"MTND5P24",0
"MTND4P22",0
"MTND4LP12",0
"MTND3P9",0
"MTCO3P5",0
"MTATP6P5",0
"MTCO2P5",0
"RPSAP26",0
"MIR5192",0
"RN7SL297P",0
"RTRAFP1",0
"SLC30A6P1",0
"RNU1-38P",0
"MIR6071",0
"GCKR",0
"MYG1P1",0
"FAM133EP",0
"RPL23AP34",0
"PLB1",0
"SNRPGP7",0
"RNA5SP89",0
"SNORD92",0
"SNORD53",0
"SNORD53B",0
"ARHGEF33",0
"BCYRN1",0
"RN7SKP119",0
"MIR559",0
"FUCA1P1",0
"RPL29P8",0
"RNU6-187P",0
"RNU7-96P",0
"WDCP",0
"RNU6-370P",0
"FAM228A",0
"C2orf73",0
"RNU6-433P",0
"REEP1",0
"RNU6-640P",0
"MIR149",0
"RN7SL632P",0
"RPL21P33",0
"RNU4-51P",0
"RNA5SP95",0
"RNU4-73P",0
"TMSB10P1",0
"RNU7-127P",0
"RN7SL204P",0
"GBX2",0
"RNU1-31P",0
"SCG2",0
"MLXP1",0
"NDUFB4P5",0
"NT5C1B",0
"SCYGR5",0
"SCYGR7",0
"SCYGR8",0
"SPATA3",0
"CCDC195",0
"SCYGR1",0
"SCYGR3",0
"SCYGR6",0
"RNF228",0
"RNA5SP114",0
"MIR561",0
"RNU7-147P",0
"CDKL4",0
"H2ACP2",0
"CYP4F32P",0
"RNU6-1320P",0
"SOWAHCP5",0
"TEKT4",0
"MTCO3P45",0
"RPS24P6",0
"LINC01914",0
"RNU5E-7P",0
"RPLP1P5",0
"RN7SL104P",0
"MYCN",0
"RPL21P32",0
"RPL23AP35",0
"MED28P3",0
"DPRXP1",0
"NAT8B",0
"CPO",0
"MIR2355",0
"MIR1302-4",0
"FIGLA",0
"HMGN2P21",0
"CLEC4F",0
"KRT8P10",0
"DUSP19",0
"SCYGR10",0
"SCYGR4",0
"CPS1",0
"CPS1-IT1",0
"HSPA8P6",0
"CRYGFP",0
"MEAF6P1",0
"RNA5SP118",0
"SNAI1P1",0
"PXDN",0
"RNU6-242P",0
"RPL21P30",0
"HMGB1P31",0
"RNU7-172P",0
"TSPYL6",0
"CREG2",0
"RPS6P3",0
"PRCPP1",0
"RNU7-182P",0
"NIFKP9",0
"CYP27C1",0
"WBP11P2",0
"RNU6-1147P",0
"KMT2CP5",0
"SLC9B1P2",0
"HTR5BP",0
"CDRT15P4",0
"FAR2P2",0
"CYP4F62P",0
"NBEAP2",0
"CDRT15P3",0
"FAR2P4",0
"ECEL1P2",0
"CYP4F30P",0
"FAR2P3",0
"MED15P9",0
"ALMS1P1",0
"REG1CP",0
"SULT1C5P",0
"SLC19A4P",0
"BIRC6-AS2",0
"ZNF285CP",0
"AOX3P",0
"AOX2P",0
"OR7E91P",0
"ANAPC1P1",0
"ANKRD20A8P",0
"PLGLA",0
"BMS1P23",0
"LINC01881",0
"LSP1P4",0
"CT75",0
"FAHD2CP",0
"CXCR2P1",0
"RPL7L1P10",0
"RPL17P14",0
"RN7SKP283",0
"WDR4P2",0
"RPL30P2",0
"RPS27P10",0
"RNA5SP119",0
"MTND2P23",0
"MTCO1P46",0
"MIR548F2",0
"PCED1CP",0
"SCN3A",0
"VDAC2P4",0
"RNU6-763P",0
"RNU6-1290P",0
"RPL21P31",0
"PLAC9P1",0
"RPL22P7",0
"RAB6C-AS1",0
"RAB6C",0
"SSBP3P6",0
"ARHGAP42P2",0
"OR6B2",0
"CNGA3",0
"YWHAQP5",0
"TEX51",0
"COLEC11",0
"ALLC",0
"GAPDHP48",0
"PRSS40A",0
"MTA3P1",0
"RNU6-932P",0
"PTP4A1P1",0
"CCDC148-AS1",0
"CCDC148",0
"HNRNPDLP2",0
"RN7SL393P",0
"RPL7AP22",0
"RNU6-234P",0
"DCDC2C",0
"NPM1P48",0
"RNU6-649P",0
"SOX11",0
"G3BP1P1",0
"NRP2-AS1",0
"RN7SKP178",0
"PPIAP68",0
"RPL27P8",0
"KCNH7",0
"SIX2",0
"RN7SKP103",0
"CDKN2AIPNLP2",0
"DPYSL5",0
"RMDN2-AS1",0
"RNU6-951P",0
"GAPDHP25",0
"ALKAL2",0
"RACK1P2",0
"VIT",0
"RNU6-577P",0
"TMEM178A",0
"VWA3B",0
"ATP5F1BP1",0
"RPL34P8",0
"CENPNP2",0
"MIR4771-2",0
"TWIST2",0
"RNU6-360P",0
"RPL9P14",0
"RNA5SP116",0
"CRYGEP",0
"CRYGD",0
"CRYGC",0
"SMIM39",0
"DBIL5P2",0
"FUNDC2P2",0
"HNRNPA1P57",0
"RPL38P2",0
"PAFAH1B1P2",0
"ATP5F1AP2",0
"DNAJB3",0
"RPS4XP5",0
"GPAA1P2",0
"MYADML",0
"VINAC1P",0
"PRORSD1P",0
"AHSA2P",0
"OR6B3",0
"RNU2-39P",0
"EMX1",0
"NOTO",0
"MIR3129",0
"E2F3P2",0
"RN7SL820P",0
"CYP1B1",0
"CBX3P6",0
"PAFAH1B1P1",0
"MIR4435-1",0
"ANAPC1P4",0
"LINC02478",0
"MIR4785",0
"CSRNP3",0
"DLX1",0
"MIR4776-2",0
"MIR4776-1",0
"MIR5001",0
"POTEF-AS1",0
"RPL30P3",0
"LINC01946",0
"KANSL1L-AS1",0
"RPL6P6",0
"ACADL",0
"SPTBN1-AS1",0
"DLX2-DT",0
"ELF2P4",0
"POLHP1",0
"MARCHF4",0
"LINC03100",0
"ACTG1P22",0
"RN7SKP281",0
"ERMN",0
"RPL23AP29",0
"TUBAP13",0
"RPRM",0
"DNAJA1P2",0
"PHB1P4",0
"PGBD4P5",0
"SEPHS1P7",0
"MALLP1",0
"RN7SL251P",0
"RN7SL126P",0
"ATOH8",0
"TMEM247",0
"DNER",0
"AHCYP3",0
"LINC01831",0
"RPL23AP27",0
"HMGB3P11",0
"ASB18",0
"NUTF2P8",0
"RN7SL117P",0
"RN7SL516P",0
"RNU6-958P",0
"RN7SKP208",0
"MIR217",0
"MIR216A",0
"MIR216B",0
"CCDC85A",0
"RNA5SP93",0
"RNU6-508P",0
"RNA5SP94",0
"RNU6-473P",0
"CFC1B",0
"PRSS40B",0
"LINC02631",0
"MIR5000",0
"RNU6-105P",0
"SMPD4BP",0
"RNU6-617P",0
"LINC01087",0
"GRAMD4P8",0
"NMS",0
"ARPP19P2",0
"HMGN2P22",0
"NANOGNBP1",0
"SRMP3",0
"RPL14P6",0
"RPL21P34",0
"C1QL2",0
"RN7SL468P",0
"STEAP3-AS1",0
"MIR6888",0
"CAPZA1P2",0
"RPS29P9",0
"RNU6-664P",0
"MIR4775",0
"ASIC4-AS1",0
"NEURL3",0
"LINC01796",0
"SCTR-AS1",0
"LINC02946",0
"LINC01853",0
"LINC01813",0
"TNS1-AS1",0
"LINC01304",0
"RGPD4-AS1",0
"GALNT13-AS1",0
"LINC01106",0
"DNPEP-AS1",0
"LINC01815",0
"LINC01381",0
"MIR4432HG",0
"LINC00487",0
"SATB2-AS1",0
"KIAA2012-AS1",0
"LINC01159",0
"ARNILA",0
"WDR35-DT",0
"ANKRD44-DT",0
"LINC01143",0
"LINC01850",0
"LINC01824",0
"SILC1",0
"CCNT2-AS1",0
"LINC00276",0
"LINC01937",0
"FOSL2-AS1",0
"MIR217HG",0
"LINC01857",0
"LINC01953",0
"LINC01923",0
"LINC01939",0
"SNTG2-AS1",0
"LINC01851",0
"NCKAP5-AS2",0
"LINC01833",0
"LINC01877",0
"DPP10-AS3",0
"GPR155-DT",0
"LINC01123",0
"LINC01885",0
"LINC01886",0
"LINC01614",0
"LINC01173",0
"LINC01856",0
"GCSIR",0
"LINC01804",0
"CMKLR2-AS",0
"MSH2-OT1",0
"RAPGEF4-AS1",0
"UBE2E3-DT",0
"LINC01936",0
"LINC01865",0
"GRASLND",0
"KCNH7-AS1",0
"EPCAM-DT",0
"SCHLAP1",0
"MAPRE3-AS1",0
"LINC01795",0
"LINC01792",0
"LINC01812",0
"LINC01913",0
"LINC01963",0
"LINC01931",0
"LINC01280",0
"LINC01878",0
"LINC02862",0
"LINC02612",0
"LINC02610",0
"LINC01940",0
"IL1R1-AS1",0
"LINC01823",0
"LINC01803",0
"SLC8A1-AS1",0
"LINC01817",0
"LINC01956",0
"LINC01875",0
"LINC01827",0
"LINC01121",0
"AGAP1-IT1",0
"LINC01460",0
"LINC01412",0
"LINC02993",0
"PDE11A-AS1",0
"LINC01810",0
"MYCNUT",0
"CRIM1-DT",0
"LINC01808",0
"LINC01305",0
"LINC01249",0
"GPC1-AS1",0
"PCGEM1",0
"LINC01874",0
"LINC01870",0
"DIRC3",0
"LINC01958",0
"LINC01830",0
"LINC01884",0
"LINC02831",0
"SCN1A-AS1",0
"UICLM",0
"TESHL",0
"LINC02923",0
"LINC01868",0
"LINC01104",0
"HAGLR",0
"LINC01120",0
"LINC01090",0
"LINC01955",0
"LINC01918",0
"MIR4430",0
"RNA5SP91",0
"RNA5SP92",0
"KIF5C-AS1",0
"SNORA10B",0
"H3P5",0
"RNU6ATAC37P",0
"SEMA4F",0
"MIR4778",0
"LINC01873",0
"MEIS1-AS3",0
"MEIS1-AS2",0
"LINC01798",0
"LINC01797",0
"DNMT3AP1",0
"LINC01628",0
"LINC01828",0
"FOXD4L1",0
"LINC01961",0
"MIR1302-3",0
"WASH2P",0
"RPL23AP7",0
"RNU6-744P",0
"MIR4782",0
"LINC01101",0
"USP21P2",0
"IFITM3P9",0
"CYCSP6",0
"IGSF3P2",0
"ANAPC1P6",0
"CHEK2P3",0
"HIGD1AP4",0
"RAD52P1",0
"KLF2P2",0
"LLPHP3",0
"USP21P1",0
"RPL10P6",0
"BTF3L4P2",0
"GAPDHP59",0
"OR7E90P",0
"UGT1A12P",0
"NEK2P4",0
"NF1P8",0
"MED15P8",0
"ECEL1P1",0
"DIS3L2P1",0
"GNAQP1",0
"HIGD2AP1",0
"KRT8P30",0
"HNRNPA1P66",0
"OR7E102P",0
"TRIM51JP",0
"TIMM8AP1",0
"FNBP1P1",0
"RPL31P17",0
"SMIM12P1",0
"KLF2P1",0
"CYP4F27P",0
"FAR2P1",0
"PDSS1P2",0
"MRPL36P1",0
"PTGES3P2",0
"UQCRHP2",0
"SEPTIN14P2",0
"KMT2CP4",0
"RPSAP22",0
"OR7E46P",0
"OR7E62P",0
"SNX18P14",0
"RPL6P5",0
"RPL31P30",0
"EEF1E1P1",0
"ANAPC1P2",0
"RPS20P10",0
"KRTCAP2P1",0
"CYP1B1-AS1",0
"MED15P4",0
"PGM5P4",0
"FAM138B",0
"DDX11L2",0
"ACRP1",0
"LINC02936",0
"RNA5SP101",0
"TRIM43CP",0
"IGKV2OR2-1",0
"IGKV2OR2-2",0
"GPAT2P2",0
"RN7SL313P",0
"MSL3B",0
"SPP2",0
"LANCL1-AS1",0
"LINC01127",0
"LINC01954",0
"LINC01822",0
"LINC01248",0
"AOX3P-AOX2P",0
"RPL23AP39",0
"CHL1-AS1",0
"CHL1",0
"CIAO2AP1",0
"RPL31P20",0
"MESTP4",0
"RPSAP32",0
"FECHP1",0
"MTND4LP9",0
"ARPP21-AS1",0
"RPS8P6",0
"PNPT1P1",0
"SDAD1P3",0
"RPL34P11",0
"SRGAP3-AS3",0
"LINC02011",0
"RPL39P18",0
"KRT8P18",0
"RPL36AP17",0
"SAP18P3",0
"RBMS3-AS1",0
"HINT2P1",0
"FANCD2P2",0
"CYCSP12",0
"CDC42P7",0
"RFC3P1",0
"HSPA8P18",0
"NUP210P2",0
"COX6CP10",0
"HMGB3P12",0
"CRB3P1",0
"NBPF21P",0
"MTARC2P1",0
"SLC22A13",0
"MARK2P14",0
"RPS12P5",0
"RPL23AP38",0
"RHBDF1P1",0
"VENTXP4",0
"H3P11",0
"KCNH8",0
"RPL31P18",0
"GNAT1",0
"RBMS3-AS2",0
"ZNF652P1",0
"ILF2P1",0
"RPL7AP23",0
"VPS51P4",0
"RPS12P6",0
"CSNKA2IP",0
"PROS2P",0
"TCEAL8P1",0
"VGLL3",0
"RPL17P17",0
"MTCO2P6",0
"HNRNPA3P8",0
"HMGB1P38",0
"ID2B",0
"RPEP2",0
"SETP6",0
"CYP51A1P1",0
"OR7E121P",0
"PPATP1",0
"TMEM183AP5",0
"FAM3D-AS1",0
"PSMC1P6",0
"WDR82P1",0
"UNC93B3",0
"OSBPL9P1",0
"SRRM1P2",0
"NDUFA5P5",0
"RARRES2P1",0
"HYDINP1",0
"ADAMTS9-AS1",0
"AGGF1P3",0
"MRPS17P3",0
"HSPE1P19",0
"TUBBP11",0
"LINC02070",0
"MTCO1P6",0
"ACTR3P3",0
"DUSP12P1",0
"NDUFA4P2",0
"FEZF2",0
"GUCA1C",0
"CCDC137P1",0
"BRD7P7",0
"RAP1BP2",0
"RPL14P2",0
"SSX2IPP1",0
"ZNF90P1",0
"ST13P14",0
"RPS10P10",0
"UBE2Q2P9",0
"GAPDHP50",0
"DPPA2",0
"RABGGTBP1",0
"LCORLP1",0
"HMGB1P36",0
"PLA1A",0
"NFYBP1",0
"TEX55",0
"CD80",0
"UBL5P3",0
"C3orf85",0
"OR7E66P",0
"IGSF11",0
"MORC1",0
"ZFAND2AP1",0
"MAGI1-IT1",0
"RPL10P7",0
"CCDC137P2",0
"UPK1B",0
"RFKP2",0
"NPM1P17",0
"RPL27P9",0
"RPLP0P8",0
"FAM3D",0
"TMEM108-AS1",0
"DIMT1P1",0
"GM2AP1",0
"HMGN2P25",0
"SOX14",0
"SDHBP1",0
"RLIG1P2",0
"FKBP1AP4",0
"ZIC1",0
"PBX2P1",0
"HMGN1P10",0
"VN2R1P",0
"RPL21P71",0
"AFF4P1",0
"SLC9A9-AS1",0
"MRE11P1",0
"SYNPR",0
"LINC02010",0
"SSBL6P",0
"MTCO3P38",0
"CYCSP56",0
"NPM1P28",0
"RPS6P4",0
"KLF7P1",0
"WDR70P1",0
"TOMM22P6",0
"TRIM59-IFT80",0
"MTND3P7",0
"MMACHCP1",0
"LARP7P4",0
"EEF1B2P8",0
"SI",0
"SPATA16",0
"MECOM-AS1",0
"NAP1L5P1",0
"MCUR1P2",0
"MTND4P17",0
"SDHDP3",0
"KRT18P35",0
"TMEM38BP1",0
"HMGN2P26",0
"SLC2A2",0
"SLITRK3",0
"ATP5MC1P4",0
"SLC31A1P1",0
"TPT1P3",0
"MTND4LP10",0
"LINC02006",0
"RPS17P10",0
"HNRNPA1P20",0
"NAALADL2-AS2",0
"DDX5P1",0
"RTP1",0
"RPL7AP25",0
"LINC01014",0
"ACTG1P23",0
"RPL28P1",0
"MTCH2P1",0
"PCBP2P4",0
"RPL32P8",0
"NGRNP1",0
"WWTR1-IT1",0
"TM4SF4",0
"SNRNP40P1",0
"NDUFB4P1",0
"GPR149",0
"RPL21P42",0
"EI24P1",0
"PPIAP75",0
"ADIPOQ-AS1",0
"CLSTN2",0
"NMNAT1P3",0
"EEF1A1P45",0
"TPRG1-AS2",0
"TRIM42",0
"EI24P6",0
"LINC01209",0
"DDX50P2",0
"RPL19P2",0
"KCNAB1-AS2",0
"MTAPP2",0
"LINC02041",0
"KLF3P2",0
"IGF2BP2-AS1",0
"PLAAT1",0
"PYDC2",0
"CRADDP1",0
"P3H2",0
"ATP13A5-AS1",0
"ENAHP1",0
"DTWD1P2",0
"PLCH1-AS1",0
"RPL6P7",0
"GMNC",0
"SMCO1",0
"RPL7AP24",0
"PRICKLE1P1",0
"ETV5-AS1",0
"GAPDHP47",0
"RBM43P1",0
"RNU6-1194P",0
"RN7SKP144",0
"RNU4ATAC17P",0
"RNU6-905P",0
"RN7SL147P",0
"RN7SL120P",0
"MIR4791",0
"MIR3135A",0
"RNU4-85P",0
"RNU6-822P",0
"MIR3714",0
"MIR466",0
"MIR548AY",0
"RNU6-815P",0
"RNU6-243P",0
"RNA5SP127",0
"RN7SKP227",0
"MIR128-2",0
"RNU6-235P",0
"MIR4272",0
"RN7SL863P",0
"RNU6-139P",0
"RNA5SP134",0
"RN7SL647P",0
"RNU7-119P",0
"RNU2-10P",0
"MIR1324",0
"RN7SL271P",0
"RNU6-281P",0
"RN7SL751P",0
"RNU6-873P",0
"MIR3923",0
"MIR4273",0
"RN7SKP61",0
"RNU6-1129P",0
"MIR548AB",0
"MIR3921",0
"RNU6-1236P",0
"RNU6-712P",0
"MIR4445",0
"RNU6-461P",0
"RNU1-43P",0
"MIR567",0
"MIR7110",0
"RNU6-1284P",0
"RNA5SP142",0
"RNU6-509P",0
"RN7SL715P",0
"RNA5SP144",0
"RNU6-425P",0
"RN7SKP46",0
"RNU1-100P",0
"RN7SKP177",0
"RNU6-1098P",0
"RNU7-82P",0
"MIR569",0
"RNU6-547P",0
"RNU6-637P",0
"MIR1263",0
"MIR7977",0
"SNORA63D",0
"RN7SKP40",0
"RNU6-486P",0
"RNU6-505P",0
"RNU1-70P",0
"MIR944",0
"RNA5SP147",0
"RNU4-4P",0
"MIR4789",0
"RNU6-1233P",0
"RNU4-91P",0
"SNORA63E",0
"RNU6-1317P",0
"RNA5SP146",0
"RNA5SP148",0
"RNU6-1109P",0
"ADGRG7",0
"GMFBP1",0
"ABRAXAS1P1",0
"RNU6-865P",0
"CPA3",0
"MED28P2",0
"POU5F1P6",0
"MARK2P8",0
"ABCF2P1",0
"RPL32P7",0
"RNU6-1256P",0
"HMGB3P14",0
"HMGN1P9",0
"HMGB3P13",0
"DPPA4P2",0
"RNU6-1174P",0
"RNA5SP141",0
"CYCSP11",0
"FANCD2OS",0
"MIR378B",0
"PTX3",0
"SNTN",0
"ATOSBP1",0
"MIR568",0
"YBX1P3",0
"EIF4E2P2",0
"STRIT1",0
"RN7SL698P",0
"RPS15AP16",0
"MARK3P3",0
"MARK2P6",0
"LINC01327",0
"ZBBX",0
"MIR5002",0
"RPL7P15",0
"MIR4442",0
"MIR1224",0
"EEF1AKMT4-ECE2",0
"CAMK2N2",0
"SNORD66",0
"TEDDM3P",0
"LINC01839",0
"PPP2R2DP1",0
"RNU6-1227P",0
"CRIPTO",0
"ALS2CL",0
"TMIE",0
"PRSS50",0
"PTH1R",0
"BLVRBP1",0
"MRPL57P3",0
"DDTP1",0
"RPL18AP7",0
"RPL29P34",0
"LRRC15",0
"RNU6-1101P",0
"RPL23AP93",0
"RNF10P1",0
"UBTFL8",0
"CD24P5",0
"MIR4790",0
"RN7SL553P",0
"RNU1-62P",0
"MTCO3P47",0
"MIR3938",0
"RN7SKP45",0
"RNA5SP133",0
"H1-8P1",0
"RN7SL418P",0
"EIF2S2P2",0
"MIR5588",0
"RN7SKP212",0
"CSRP2P2",0
"RNU6-726P",0
"GCNT1P3",0
"CLDN16",0
"PLCH1",0
"ZIC4",0
"ARPC4-TTLL3",0
"IL17RE",0
"RNA5SP130",0
"BSN",0
"AMIGO3",0
"RPL38P1",0
"HMGB1P30",0
"SNORD13P3",0
"RNU6-1105P",0
"SNORD2",0
"SNORA63B",0
"MIR1248",0
"SNORA81",0
"SNORA63",0
"SNORA4",0
"MCF2L2P1",0
"ATP5MC1P3",0
"FOXL2",0
"FOXL2NB",0
"PRR23A",0
"PRR23B",0
"PRR23C",0
"RPL7L1P7",0
"BPESC1",0
"PISRT1",0
"RBP2",0
"PPDPFP1",0
"MIR198",0
"TRIM71",0
"ACTG1P12",0
"MTCO1P5",0
"GSTM5P1",0
"RNA5SP123",0
"HMGN1P8",0
"MEMO1P3",0
"PLSCR4P1",0
"RNU6-428P",0
"PLSCR5-AS1",0
"MIR15B",0
"B3GAT3P1",0
"RNU7-136P",0
"RPL6P8",0
"MIR4795",0
"KRT8P25",0
"PHB1P8",0
"PARLP1",0
"RFKP3",0
"RN7SL762P",0
"RN7SL397P",0
"CRIP1P1",0
"ABHD14A-ACY1",0
"ALDOAP1",0
"MIRLET7G",0
"MIR135A1",0
"RPL29P9",0
"CFAP100",0
"C3orf22",0
"RNA5SP138",0
"METTL5P2",0
"SF3A2P1",0
"RCC2P4",0
"RNU6-646P",0
"RNU6-42P",0
"LINC02025",0
"MIR5688",0
"CADM2-AS2",0
"THAP12P2",0
"MIR6890",0
"LAMB2P1",0
"C3orf84",0
"CLRN1",0
"NPHP3-ACAD11",0
"HSPA8P19",0
"RNU6-787P",0
"RN7SL482P",0
"KIF3AP1",0
"MIR6829",0
"PPP4R2P3",0
"ARL8BP1",0
"KRT18P17",0
"SNORA7A",0
"IFT122P1",0
"ACSL3P1",0
"C3orf36",0
"GCSHP6",0
"RNA5SP136",0
"U2SURPP1",0
"ECE2",0
"AMOTL2",0
"GPR156",0
"RNU6ATAC6P",0
"TP63",0
"RNU6-678P",0
"RNA5SP140",0
"SLCO2A1",0
"H3P13",0
"PEX5L-AS1",0
"UQCRHP4",0
"CPB1",0
"AGTR1",0
"RNA5SP149",0
"RALBP1P1",0
"HTD2",0
"LINC02051",0
"HRGP1",0
"DNAJC19P4",0
"CNTN4-AS1",0
"JMJD4P1",0
"GP9",0
"ISY1-RAB43",0
"SDHDP4",0
"NRBF2P2",0
"RNU6-488P",0
"RNU6-511P",0
"HMGN1P7",0
"STX19",0
"RPL35AP8",0
"RN7SL567P",0
"KLHL40",0
"CCDC13",0
"CCDC13-AS1",0
"ACKR2",0
"CYP8B1",0
"ZBTB47",0
"IQCF1",0
"IQCF2",0
"RN7SL504P",0
"IQCF5-AS1",0
"IQCF5",0
"MIR885",0
"SOCS5P3",0
"SCN10A",0
"RNU6-454P",0
"MIR4270",0
"RN7SL110P",0
"SEMA3B",0
"MIR6872",0
"PERPP1",0
"RN7SKP222",0
"FGF12-AS1",0
"FGF12-AS2",0
"TREX1",0
"MIR6823",0
"UCN2",0
"MIR711",0
"TMEM89",0
"MIR6824",0
"MIR4793",0
"TLR9",0
"C3orf80",0
"TMEM207",0
"PLSCR5",0
"MRPS10P2",0
"SPMIP3P1",0
"RPL15P6",0
"LILRA2P1",0
"RPS12P7",0
"MTAPP1",0
"RFKP6",0
"MIR1226",0
"VPS26BP1",0
"RPS27P30",0
"RN7SL664P",0
"RPL17P16",0
"SNRPFP4",0
"RNU7-128P",0
"MIR4443",0
"CAMP",0
"MRPS18AP1",0
"FCF1P2",0
"MIR2115",0
"FBXW12",0
"RPL6P9",0
"RNA5SP143",0
"RN7SKP25",0
"RNU7-47P",0
"PAQR9",0
"RAD23BP1",0
"RNU6-138P",0
"OR5H8",0
"POU5F1P7",0
"OR5H1",0
"OR5H14",0
"OR5H4P",0
"OR5H6",0
"FLT1P1",0
"UQCRC2P1",0
"LINC02009",0
"FAM240A",0
"LTF",0
"RTP3",0
"RPS25P4",0
"MIR6083",0
"RNU6-143P",0
"MIR544B",0
"RPS26P22",0
"ITGB5-AS1",0
"ENO1P3",0
"PDHA1P1",0
"APOOP2",0
"POU1F1",0
"MIR548I1",0
"RPS3AP14",0
"SNRPCP11",0
"ENPP7P4",0
"FBRSL1P1",0
"ARPC1AP1",0
"DUSP5P2",0
"RETNLB",0
"SLC22A14",0
"ZPLD1",0
"FRG2C",0
"MIR6826",0
"MARK2P3",0
"MARK2P19",0
"H1-8",0
"CARMIL2P1",0
"RNA5SP145",0
"SETP11",0
"P2RY13",0
"MRPL42P6",0
"MIR5186",0
"TOPAZ1",0
"MIR548AQ",0
"MIR1284",0
"FOXP1-IT1",0
"RPL35AP9",0
"GPR79",0
"MIR3919",0
"RPS2P19",0
"C9orf78P1",0
"RNU2-31P",0
"MIR26A1",0
"SNORA58",0
"MIR5704",0
"CPNE4",0
"HNRNPA1P17",0
"RPL13P8",0
"VWA5B2",0
"RNA5SP139",0
"RNU2-37P",0
"RUVBL1-AS1",0
"RN7SL172P",0
"GP5",0
"FAM76AP1",0
"SPINK8",0
"C3orf49",0
"OR5H15",0
"KCNMB2",0
"CPNE9",0
"TAFA1",0
"CHST13",0
"PRDX5P1",0
"LINC02047",0
"HSP90AB5P",0
"AKR1B1P2",0
"CNTN3",0
"NIPA2P2",0
"RN7SL294P",0
"MIR4444-2",0
"MYLKP1",0
"ATP5MC2P5",0
"MST1",0
"SNORA6",0
"SNORA62",0
"NFU1P1",0
"MOBP",0
"HTR3C2P",0
"HTR3E",0
"MIR4448",0
"HTR3D",0
"LRRC34",0
"KRT18P43",0
"FAM20BP1",0
"SEC62-AS1",0
"RNA5SP132",0
"IQCF6",0
"RPSAP69",0
"COL6A6",0
"KRBOX1-AS1",0
"RN7SL517P",0
"RPL18AP9",0
"CHCHD4P4",0
"CSTBP1",0
"EIF3KP2",0
"RN7SL216P",0
"RNA5SP125",0
"CFL1P7",0
"RNA5SP126",0
"H3P10",0
"MIR5193",0
"RN7SL217P",0
"ACTL11P",0
"CASR",0
"HNRNPA1P23",0
"WWP1P1",0
"PDLIM1P4",0
"RNU6-1263P",0
"RNU6-342P",0
"RNU1-96P",0
"ROPN1",0
"CFAP20DC",0
"DCLK3",0
"SETMAR",0
"DNAJB8",0
"EEF1GP4",0
"SPTSSB",0
"OTOL1",0
"RPS3AP53",0
"TMEM229BP1",0
"NLGN1-AS1",0
"RN7SKP234",0
"ANAPC15P2",0
"OR5BM1P",0
"RPL39P17",0
"PRR3P1",0
"SERPINI2",0
"RNU6-621P",0
"RNU6-821P",0
"TUBB8P8",0
"RNU6-860P",0
"CICP6",0
"SEPTIN14P3",0
"MIR4797",0
"PLSCR2",0
"RBISP6",0
"NPEPPSP2",0
"PP1P",0
"RNU6-670P",0
"VDAC1P7",0
"RNU6-217P",0
"RNU6-882P",0
"SLC6A1-AS1",0
"SERBP1P3",0
"CENPPP1",0
"MIR6822",0
"XIRP1",0
"CX3CR1",0
"ADAD1P1",0
"GALNT15",0
"THAP5P2",0
"RPL23AP41",0
"RNU4-56P",0
"RN7SL411P",0
"PGAM1P3",0
"RNU5B-2P",0
"MRPS31P1",0
"RN7SKP58",0
"RPL36P20",0
"GEMIN2P2",0
"RPL7AP83",0
"TPMTP2",0
"CCK",0
"SALL4P6",0
"EIF4BP4",0
"MIR8060",0
"RBBP4P7",0
"RNU6-1094P",0
"RPL18AP8",0
"CDV3P1",0
"TPTE2P7",0
"OR5AC1",0
"OR5AC2",0
"OR5K4",0
"OR5K3",0
"UBFD1P1",0
"RPL21P40",0
"NIFKP7",0
"SMIM11P2",0
"KRT18P15",0
"CD200R1P1",0
"DRD3",0
"RNY3P13",0
"RPS17P9",0
"VPS51P10",0
"EVA1CP6",0
"SNRPCP8",0
"TRPC1",0
"PSMG3P1",0
"RN7SL229P",0
"RNF13P1",0
"ACTBP16",0
"FLYWCH1P1",0
"RPL32P10",0
"MATR3P2",0
"FAUP2",0
"HHLA2",0
"DZIP1L",0
"KRT8P36",0
"A4GNT",0
"SSUH2",0
"CAV3",0
"OXTR",0
"RN7SL145P",0
"SPSB4",0
"RNA5SP129",0
"RNU6-230P",0
"MIR5092",0
"DUTP1",0
"DNAJB6P7",0
"RNU6-232P",0
"IL12A",0
"XXYLT1-AS1",0
"MIR3137",0
"RN7SL36P",0
"RNU6-25P",0
"RPL31P64",0
"CABYRP1",0
"LRTM1",0
"LINC02017",0
"ARHGEF26-AS1",0
"NDUFS6P1",0
"DONSONP1",0
"CRIPTOP6",0
"RPL31P23",0
"RPS27P11",0
"KIAA1143P2",0
"SLC6A20",0
"RN7SKP265",0
"LNCSRLR",0
"RNA5SP137",0
"SNORD19B",0
"SNORD19C",0
"AK3P7",0
"ITIH1",0
"ITIH4",0
"MUSTN1",0
"STIMATE-MUSTN1",0
"MIR8064",0
"OR7E55P",0
"SNRPCP10",0
"RPS3AP15",0
"RN7SL767P",0
"CTDNEP1P1",0
"KRBOX1",0
"ASS1P7",0
"RN7SKP52",0
"SDHAP2",0
"SMBD1P",0
"NLGN1",0
"DTWD1P1",0
"RN7SKP124",0
"RN7SL724P",0
"TRMT112P5",0
"RPS27P12",0
"G2E3P1",0
"NIP7P2",0
"IQCF3",0
"FGD5P1",0
"SDHAP1",0
"OR5AC4P",0
"NMRAL2P",0
"COL6A4P1",0
"FRG2FP",0
"FAM157A",0
"RPL32P3",0
"OR7E122P",0
"FAM86JP",0
"CIDECP1",0
"FAM86HP",0
"ALG1L1P",0
"SNHG33",0
"ANKRD18DP",0
"OR7E22P",0
"FAM86DP",0
"EMC3-AS1",0
"MIR5787",0
"SLC38A3",0
"RNU6-1181P",0
"RNF7P1",0
"RNU6-108P",0
"RNU6-483P",0
"RNU6ATAC26P",0
"ZNF502",0
"MIR564",0
"CLEC3B",0
"RNU5B-3P",0
"TGM4",0
"ATP2B2",0
"ATP2B2-IT2",0
"SLC6A11",0
"VENTXP7",0
"ZNF385D-AS1",0
"ZNF385D-AS2",0
"FCF1P3",0
"MTND4P16",0
"MTND4LP3",0
"MTND3P6",0
"MTCO3P35",0
"MTATP6P22",0
"MTND5P16",0
"MTND6P6",0
"MTCO1P35",0
"MTND1P16",0
"MTND2P14",0
"RNU6-1308P",0
"PTPN11P1",0
"CSP2",0
"CCDC54",0
"FGF12",0
"YWHAQP10",0
"GRM7",0
"GRM7-AS2",0
"RN7SKP296",0
"LINC02013",0
"CCT6P4",0
"MTCO1P29",0
"MTCO2P29",0
"MIR5682",0
"STXBP5L",0
"RNU6-315P",0
"MIR6828",0
"KRT8P13",0
"RNU6-856P",0
"RNU6ATAC16P",0
"SDHAP4",0
"MIR922",0
"RPL7L1P8",0
"PLA2G10P1",0
"EIF3EP4",0
"PRSS45P",0
"ALG1L2",0
"SNRPB2P1",0
"MTERF1P1",0
"MIR548BB",0
"TMED2P1",0
"FCRL4P1",0
"RRBP1P2",0
"RANP7",0
"SALL4P5",0
"RPL24P7",0
"RNU6-922P",0
"RNU6-788P",0
"ARL4AP4",0
"LINC00691",0
"NPM1P23",0
"RNA5SP135",0
"MIR3136",0
"GAP43",0
"LAPTM4BP2",0
"RNU7-19P",0
"RNU6-557P",0
"RNU2-64P",0
"GPATCH11P1",0
"RNU6-1270P",0
"SUSD5",0
"RNU7-110P",0
"RNA5SP128",0
"NICN1",0
"TAGLN3",0
"RNU7-73P",0
"RPL21P135",0
"MIR28",0
"ENOPH1P1",0
"RPL35AP10",0
"CDK2AP1P1",0
"RPL34P9",0
"SST",0
"RTP2",0
"TBILA",0
"SLC9C1",0
"INAVAP1",0
"WDR49",0
"HSPD1P6",0
"EEF1A1P23",0
"RPL39P5",0
"KRT8P12",0
"NUP210P1",0
"BOLA2P2",0
"RPSAP31",0
"PDCL3P4",0
"MTHFD2P1",0
"RPL23AP49",0
"TPM4P2",0
"HMGB1P5",0
"TMEM30CP",0
"CDHR18P",0
"PRSS46P",0
"PRSS43P",0
"PRSS44P",0
"PRSS42P",0
"NRADDP",0
"IQCF4P",0
"C3orf86P",0
"CYP2AB1P",0
"SLC66A1LP",0
"NUDT16L2P",0
"LRRC77P",0
"BTNL12P",0
"TM4SF18",0
"MIR563",0
"CBX3P10",0
"RNU6ATAC4P",0
"PRADC1P1",0
"SEMA3F",0
"KLHL25P1",0
"DAZL",0
"RPL38P4",0
"RPL19P7",0
"ACTG1P13",0
"ARHGEF28P1",0
"RNA5SP131",0
"MIR4787",0
"PPIAP69",0
"MIR6825",0
"MIR7976",0
"IQCJ-SCHIP1",0
"IQCJ",0
"SCHIP1",0
"LINC01990",0
"PRR23E",0
"PRR23E2P",0
"RNU6-1047P",0
"PRR20G",0
"LINC02034",0
"COL6A4P2",0
"RNU6-507P",0
"RNU6-720P",0
"PPIAP73",0
"HNRNPA1P24",0
"EIF3JP2",0
"RPL32P9",0
"MINDY4B",0
"YTHDF3P1",0
"OR7E93P",0
"OR7E53P",0
"OR7E97P",0
"VPS51P6",0
"SYPL1P1",0
"DYNLL1P5",0
"RPL9P15",0
"MME-AS1",0
"RNU6-348P",0
"MTCO1P58",0
"TMEM212",0
"TMEM212-IT1",0
"FGFR3P4",0
"RNU6-1120P",0
"RN7SL703P",0
"RNA5SP150",0
"PSMG3P2",0
"ZCCHC10P1",0
"AADACL2",0
"AADACP1",0
"AADAC",0
"SUCNR1",0
"ATP5MGP5",0
"P2RY1",0
"MAP6D1",0
"ABCC5-AS1",0
"HTR3E-AS1",0
"LINC01840",0
"EPHB3",0
"RN7SL447P",0
"RN7SL215P",0
"LINC02012",0
"LINC01326",0
"RN7SKP298",0
"PSAT1P4",0
"CBX1P5",0
"CCDC54-AS1",0
"RN7SL815P",0
"RNU5E-8P",0
"RNU6-1200P",0
"LINC03051",0
"DRG1P2",0
"LINC00903",0
"RN7SL582P",0
"TUSC7",0
"MIR4447",0
"ALDH1L1",0
"RNU1-30P",0
"RNPC3P1",0
"ATP6V0CP2",0
"NECTIN2P1",0
"PLCXD2-AS1",0
"ACVR2B-AS1",0
"SCN5A",0
"PSMD6-AS1",0
"SCAANT1",0
"PPIAP72",0
"GAPDHP39",0
"RPL23AP40",0
"KIAA1328P1",0
"LINC03109",0
"LINC02877",0
"RNU6-901P",0
"SEC13P1",0
"RN7SL296P",0
"ZDHHC19",0
"TM4SF19-DYNLT2B",0
"RNU6-910P",0
"RNU6-1279P",0
"RN7SL434P",0
"ZDHHC1P1",0
"LINC02000",0
"LINC01472",0
"LINC01811",0
"LINC02052",0
"LINC01213",0
"LINC02008",0
"ALDH1L1-AS2",0
"LINC02045",0
"PLS1-AS1",0
"SEMA3B-AS1",0
"LINC01487",0
"TERC",0
"LINC01100",0
"LINC00606",0
"LINC00636",0
"LINC00635",0
"PYDC2-AS1",0
"DNAJB8-AS1",0
"LINC01980",0
"P3H2-AS1",0
"LINC02022",0
"PPM1L-DT",0
"LINC02046",0
"LINC02066",0
"BALR6",0
"LINC02005",0
"CHL1-AS2",0
"LRRC3B-AS1",0
"LINC02040",0
"LINC00698",0
"PRICKLE2-DT",0
"LINC01206",0
"IQCJ-SCHIP1-AS1",0
"LINC02004",0
"LINC01994",0
"CACNA2D3-AS1",0
"CD200R1L-AS1",0
"LINC01322",0
"TPRXL",0
"NAALADL2-AS1",0
"LINC01391",0
"CFAP44-AS1",0
"LINC01210",0
"LINC00506",0
"ZIC4-AS1",0
"PLCH1-AS2",0
"LARS2-AS1",0
"TM4SF18-AS1",0
"LPP-AS1",0
"PEX5L-AS2",0
"LINC01983",0
"LINC02054",0
"OSBPL10-AS1",0
"LINC01997",0
"CCDC39-AS1",0
"LINC02048",0
"LINC01988",0
"LINC02037",0
"LINC02024",0
"RBMS3-AS3",0
"LINC02020",0
"LINC02031",0
"CNTN4-AS2",0
"MORC1-AS1",0
"RARB-AS1",0
"SYNPR-AS1",0
"LINC01205",0
"THRB-AS1",0
"NAALADL2-AS3",0
"LINC02030",0
"LINC01986",0
"GRM7-AS3",0
"LINC01985",0
"LINC00971",0
"CLSTN2-AS1",0
"ATP13A4-AS1",0
"LINC01192",0
"LRRC78P",0
"ARHGEF3-AS1",0
"TMEM212-AS1",0
"LINC02016",0
"LINC00692",0
"LINC02053",0
"LINC02077",0
"CCDC13-AS2",0
"LINC02038",0
"IGSF11-AS1",0
"PDZRN3-AS1",0
"LINC00901",0
"LINC01972",0
"LINC02069",0
"CFAP100-DT",0
"ESRG",0
"SRGAP3-AS2",0
"VN1R21P",0
"LINC01267",0
"RNA5SP124",0
"MIR8076",0
"CD200LP",0
"OR7E100P",0
"LINC01981",0
"LINC00994",0
"PRICKLE2-AS2",0
"PRDX3P4",0
"PRICKLE2-AS3",0
"RAD51AP1P1",0
"IL20RB-AS1",0
"VN1R20P",0
"RPS18P6",0
"KRT18P34",0
"RPL22P1",0
"TVP23CP3",0
"TMED10P2",0
"ARB2BP",0
"CYCSP10",0
"MARK2P17",0
"ACTG1P1",0
"GAPDHP36",0
"HRGP2",0
"OR5H5P",0
"OR5H3P",0
"OR5H7P",0
"RPS24P9",0
"BCL2L12P1",0
"RPL7P16",0
"RPL13AP27",0
"UBA52P4",0
"PSMC1P7",0
"RPS24P10",0
"DNAJB1P2",0
"ENPP7P3",0
"RPS16P4",0
"MUC20P1",0
"LSP1P2",0
"ALG1L6P",0
"ENPP7P2",0
"RPL36P7",0
"NDUFAF4P3",0
"RPS25P5",0
"CDYLP1",0
"METTL15P1",0
"MYLKP2",0
"OR7E29P",0
"COX6A1P5",0
"DPPA2P3",0
"FAM151AP1",0
"LINC01968",0
"SULT1D1P2",0
"EGFEM1P",0
"RNU2-20P",0
"MIR551B",0
"RPSAP33",0
"RPL21P43",0
"CFAP20DC-DT",0
"RNU6-367P",0
"MIR138-1",0
"LINC02049",0
"LINC02032",0
"LINC01991",0
"LINC00690",0
"ERVH-1",0
"CPZ",0
"WEE1P1",0
"CYTL1",0
"SNRPCP13",0
"DRD5",0
"VPS51P18",0
"HMX1",0
"GPR78",0
"RFPL4AP3",0
"OR7E84P",0
"OR7E86P",0
"PPARGC1A",0
"MTCO3P44",0
"LINC02270",0
"MTCO3P27",0
"RPS3AP17",0
"OR7E85P",0
"MTCO3P42",0
"MTND3P24",0
"RPS29P11",0
"HMGN1P11",0
"LINC02271",0
"MTND4LP22",0
"RPL31P31",0
"GABRB1",0
"CORIN",0
"MTCYBP16",0
"SNX18P23",0
"MTCO3P28",0
"TECRL",0
"LINC02483",0
"SNX18P24",0
"LDHAP1",0
"SRIP1",0
"THAP12P9",0
"MESTP3",0
"RPS26P24",0
"UGT2B10",0
"SULT1B1",0
"OCIAD1-AS1",0
"SNX18P25",0
"KCTD8",0
"HMGB1P44",0
"MTND3P5",0
"MTND6P16",0
"HNRNPA1P67",0
"SEC63P2",0
"CABS1",0
"LINC02493",0
"SLIRPP2",0
"COX7B2",0
"UGT2B11",0
"NAA11",0
"LARP1BP1",0
"GK2",0
"LINC00575",0
"MTND3P22",0
"SMR3A",0
"PRDX4P1",0
"PPBPP1",0
"PPP2R2C",0
"LINC02619",0
"MTND5P4",0
"MTCO3P39",0
"MTND5P13",0
"LINC01217",0
"ATP5F1EP1",0
"TACR3",0
"IGBP1P5",0
"DDX3P3",0
"HNRNPA1P56",0
"LINC01216",0
"MTND5P5",0
"LINC01218",0
"MTND4LP31",0
"COL25A1-DT",0
"LINC02503",0
"DYNLL1P6",0
"PGAM4P2",0
"BTC",0
"TACR3-AS1",0
"MRPS33P3",0
"CXCL6",0
"PIMREGP2",0
"TRAM1L1",0
"NDUFS5P5",0
"RPL6P14",0
"SETP20",0
"FKBP4P1",0
"TUBB4BP5",0
"TTC39CP1",0
"NDNF",0
"LTV1P1",0
"KRT18P21",0
"PARM1-AS1",0
"ARHGEF38-IT1",0
"UGT2A3",0
"RAC1P5",0
"MUC7",0
"ACTR6P1",0
"SPOPLP3",0
"H3P15",0
"SPOPLP2",0
"TUBAP10",0
"GAPDHP56",0
"LINC02479",0
"CWH43",0
"CDC42P4",0
"TECRP2",0
"RBM48P1",0
"RPL7AP26",0
"HNRNPA3P13",0
"PDHA2",0
"EIF3KP3",0
"QRFPR",0
"LINC02262",0
"NDNF-AS1",0
"DUTP8",0
"SAR1AP3",0
"SPOPLP1",0
"MTCYBP44",0
"NDUFB4P12",0
"OPRPN",0
"TMEM248P1",0
"PGBD4P4",0
"TPI1P4",0
"KRT18P54",0
"GABRG1",0
"PABPC4L",0
"SLC10A6",0
"CRYZP2",0
"RPL17P19",0
"COX5BP1",0
"PCDH10",0
"MAPRE1P2",0
"RNF150",0
"LINC02429",0
"GTF2F2P1",0
"RPS23P2",0
"PES1P1",0
"SERF1AP1",0
"R3HDM2P1",0
"NR3C2",0
"MTCYBP17",0
"LINC02511",0
"EEF1GP8",0
"YWHAEP4",0
"ANKRD50",0
"STMN1P2",0
"BTF3P13",0
"PTPN11P5",0
"MTATP6P9",0
"GLRA3",0
"JADRR",0
"TARS2P1",0
"RPL31P26",0
"LINC02431",0
"ZSWIM5P3",0
"DCLK2",0
"ADAM20P2",0
"EEF1A1P21",0
"TSEN2P1",0
"MTND6P17",0
"FSTL5",0
"LINC01179",0
"MTND2P33",0
"FABP5P12",0
"PRMT5P1",0
"RPL21P48",0
"MTCO2P9",0
"FBLP1",0
"ASS1P8",0
"NPY5R",0
"NDUFB2P1",0
"SPMIP2",0
"WWC2-AS1",0
"MTND1P22",0
"TLL1",0
"MTHFD2P4",0
"LINC02504",0
"MTCO1P9",0
"LINC02477",0
"CLDN24",0
"MARK2P4",0
"RPL35AP12",0
"TRIML1",0
"EDNRA",0
"SPOCK3",0
"MTND5P9",0
"TOMM22P4",0
"AKIRIN2P1",0
"PHB1P14",0
"ICE2P1",0
"RXFP1",0
"ADAM20P3",0
"MTND4P8",0
"RPS23P4",0
"MTND3P3",0
"WWC2",0
"TKTL2",0
"COPS3P1",0
"NWD2",0
"MTCO3P9",0
"LINC02496",0
"ATP5MGP4",0
"NPY2R",0
"SETP12",0
"ANP32CP",0
"DPP3P1",0
"HSPE1P23",0
"GPM6A-DT",0
"RN7SKP113",0
"MIR548I2",0
"RNA5SP154",0
"RNA5SP156",0
"RNU6-578P",0
"RN7SKP170",0
"MIR572",0
"SNORA75B",0
"RN7SL16P",0
"RNU6-420P",0
"RNA5SP157",0
"RN7SL101P",0
"MIR4275",0
"RNU7-126P",0
"MIR1255B1",0
"RNU6-573P",0
"MIR4801",0
"RNU6-931P",0
"RNU6-412P",0
"RN7SL193P",0
"RN7SKP199",0
"RNU6-158P",0
"MIR8053",0
"MIR548AG1",0
"RNU6-1325P",0
"RNU6-699P",0
"RNU6-191P",0
"RNA5SP527",0
"RNU6ATAC5P",0
"RNU4ATAC9P",0
"RNU6-499P",0
"RNU6-774P",0
"RN7SKP48",0
"MIR575",0
"RNU6-615P",0
"RNU6-1059P",0
"MIR4451",0
"RN7SKP28",0
"RNU6-462P",0
"RNU6-551P",0
"RNU6-34P",0
"RNU6-635P",0
"SNORA24",0
"MIR576",0
"MIR8066",0
"MIR1255A",0
"RN7SKP137",0
"RNU6-948P",0
"RNU6-119P",0
"RNU6-550P",0
"RNU1-89P",0
"RNU6-224P",0
"RN7SL808P",0
"RNA5SP166",0
"RNU7-197P",0
"RNU6-1230P",0
"RNA5SP167",0
"RN7SKP253",0
"MIR4799",0
"RN7SL254P",0
"MIR548G",0
"RNU4-79P",0
"RN7SKP188",0
"RNA5SP170",0
"RNU6ATAC13P",0
"RN7SKP105",0
"MIR6082",0
"RN7SL776P",0
"RNA5SP171",0
"RNA5SP173",0
"MIR4454",0
"RNU6-335P",0
"RNU6-1053P",0
"RNU6-479P",0
"RNU2-34P",0
"RNU2-66P",0
"RN7SKP67",0
"RNU2-44P",0
"MIR4276",0
"RNU6-173P",0
"RNU1-51P",0
"RNU6-838P",0
"MIR4449",0
"SNORA26",0
"RN7SKP275",0
"RN7SL335P",0
"ADAD1",0
"RNU6-668P",0
"APELA",0
"TRIM60P14",0
"FAM218BP",0
"TRIM60",0
"RNU6-520P",0
"RNU6-784P",0
"RNU6-891P",0
"ALG1L14P",0
"USP17L10",0
"USP17L11",0
"USP17L12",0
"USP17L13",0
"USP17L17",0
"USP17L18",0
"USP17L23",0
"USP17L5",0
"USP17L27",0
"USP17L28",0
"USP17L29",0
"USP17L30",0
"DEFB108F",0
"RNA5SP153",0
"DEFB130D",0
"USP17L20",0
"USP17L21",0
"USP17L22",0
"USP17L24",0
"USP17L25",0
"USP17L26",0
"USP17L14P",0
"USP17L16P",0
"USP17L19",0
"USP17L9P",0
"USP17L6P",0
"LINC02173",0
"GIMD1",0
"RNU6-1196P",0
"RN7SL419P",0
"MIR548T",0
"RNU6-1096P",0
"HAND2",0
"NACAP5",0
"RNU6-531P",0
"RN7SL311P",0
"RNU6-506P",0
"RNU6-1074P",0
"RNU6-1214P",0
"PFDN1P2",0
"HPRT1P1",0
"PROM1",0
"MIR2054",0
"NUP58P1",0
"RPL17P20",0
"RN7SL492P",0
"RN7SL357P",0
"UBE2CP3",0
"BST1",0
"SULT1D1P",0
"CSN1S1",0
"STATH",0
"HTN1",0
"PRR27",0
"SOWAHB",0
"TXNP6",0
"RNU6-1187P",0
"RNU6-887P",0
"KLB",0
"MIR5591",0
"RN7SKP96",0
"MIR4452",0
"GABRA2",0
"CLDN22",0
"GUCY1A1",0
"FAT4",0
"RNU6-746P",0
"LRRC34P2",0
"FCF1P8",0
"OR7E85BP",0
"UNC93B8",0
"VPS51P7",0
"ENPP7P10",0
"EFL1P2",0
"RNU2-40P",0
"MIR5705",0
"RN7SL681P",0
"RNU1-44P",0
"POU4F2",0
"USP17L15",0
"BTF3L4P4",0
"PALLD-AS1",0
"HIGD1AP13",0
"RN7SL127P",0
"MIR3945",0
"TRPC6P7",0
"MIR4455",0
"RNU6-351P",0
"RN7SL89P",0
"RNU6-553P",0
"SCARNA22",0
"MIR943",0
"RPL21P47",0
"RNU2-16P",0
"NKX1-1",0
"MIR95",0
"RNU6-112P",0
"NCOA4P2",0
"PYURF",0
"PIGY",0
"RN7SKP244",0
"IQCM",0
"PCDH18",0
"RPSAP34",0
"ZACNP1",0
"EXOC7P1",0
"ASIC5",0
"TDO2",0
"FTH1P21",0
"RNU6-35P",0
"HSBP1P2",0
"RNF14P2",0
"RNU6-205P",0
"ZBED1P1",0
"RPL7L1P13",0
"ZNF969P",0
"MIR297",0
"RNU6-289P",0
"RPL36AP23",0
"CCDC34P1",0
"TUBB8P3",0
"RPL36AP19",0
"RNU6-204P",0
"MSANTD1",0
"RPL7AP29",0
"SLC25A14P1",0
"RPL30P5",0
"RPL38P3",0
"RNU6-410P",0
"RN7SL424P",0
"RN7SL822P",0
"METTL5P3",0
"KPNA2P1",0
"RPSAP39",0
"PIMREGP4",0
"CCKAR",0
"LINC02928",0
"NDUFB4P9",0
"UCP1",0
"RN7SL152P",0
"TNRC18P1",0
"HIGD1AP14",0
"RRH",0
"LRIT3",0
"KRT19P3",0
"MTTP",0
"NMNAT1P4",0
"NCOA4P3",0
"MMAA",0
"EPHA5",0
"TTC29",0
"RPL32P13",0
"ANK2-AS1",0
"MIR1243",0
"MIR8082",0
"RN7SL184P",0
"RNU1-138P",0
"RNU6-128P",0
"RNU1-36P",0
"RNU6-818P",0
"RNU6ATAC31P",0
"RNU6-1298P",0
"MIR4274",0
"MICOS10P4",0
"DSPP",0
"RNU6-733P",0
"RN7SL728P",0
"RPL21P49",0
"LRRC37A15P",0
"KRT8P46",0
"RNU7-151P",0
"FTH1P24",0
"RN7SKP237",0
"RNA5SP161",0
"RNU6-197P",0
"MRPL22P1",0
"SDAD1-AS1",0
"FAM47E",0
"FAM47E-STBD1",0
"RNU6-1000P",0
"RPL36AP18",0
"MIR367",0
"MIR302D",0
"MIR302A",0
"MIR302C",0
"MIR302B",0
"GET1P1",0
"ARSJ",0
"ADH7",0
"NPFFR2",0
"C4orf54",0
"UGT2B29P",0
"TRIML2",0
"RNU6-145P",0
"MIR4450",0
"MIR548AH",0
"OR7E103P",0
"OTOP1",0
"STX18-IT1",0
"LINC02260",0
"RPL6P12",0
"UGT2A2",0
"CCDC158",0
"RNU6-907P",0
"FABP2",0
"RNU4-33P",0
"COL25A1",0
"CLNK",0
"VPS51P13",0
"HELT",0
"MEPE",0
"GPM6A",0
"RPL5P13",0
"LSM3P4",0
"PITX2",0
"MIR7849",0
"PF4V1",0
"CXCL1P1",0
"PF4",0
"RN7SL218P",0
"HGFAC",0
"MIR3688-1",0
"MIR3688-2",0
"CSN2",0
"ODAM",0
"FDCSP",0
"LTO1P1",0
"DEFB131A",0
"MARCHF1",0
"NEUROG2",0
"RPL23AP94",0
"HNRNPA1P65",0
"MTCYBP43",0
"PDE6B-AS1",0
"CPLX1",0
"MIR378D1",0
"RNA5SP158",0
"RNU7-194P",0
"ZBTB8OSP1",0
"RNA5SP168",0
"AK4P6",0
"RN7SKP248",0
"KRT19P6",0
"MIR578",0
"HADHAP1",0
"SCGB1D5P",0
"NOL8P1",0
"RNU6-1252P",0
"RNU4-87P",0
"RNU6-1055P",0
"RPS7P6",0
"CLRN2",0
"MIR4800",0
"SPICP5",0
"PMPCAP1",0
"GRID2",0
"MTND1P19",0
"RACK1P3",0
"RNA5SP164",0
"ATOH1",0
"HMGB3P15",0
"HPGDS",0
"RPL35AP11",0
"OR5M14P",0
"PHOX2B",0
"RNU1-49P",0
"HMGB1P28",0
"SHISA3",0
"RPS7P7",0
"CCNL2P1",0
"RN7SKP82",0
"GRXCR1",0
"LINC02383",0
"RN7SL691P",0
"EGF",0
"ENPEP",0
"TRIM75",0
"LINC02600",0
"ADRA2C",0
"SMIM43",0
"RNU4-64P",0
"RNA5SP163",0
"CXXC4",0
"MIR1973",0
"TRMT112P1",0
"CUL4AP1",0
"PCDH7",0
"RPL21P45",0
"PSME2P4",0
"MRPS33P2",0
"PTTG2",0
"DUTP7",0
"NSUN7",0
"RNA5SP160",0
"RNU6-836P",0
"RNU6-1195P",0
"RPL12P20",0
"MIR3138",0
"RNA5SP155",0
"RAF1P1",0
"CSN3",0
"FAM90A26",0
"GYPE",0
"GYPA",0
"HHIP",0
"LINC01097",0
"NKX3-2",0
"MIR5091",0
"MTNR1A",0
"RNU6-310P",0
"MORF4L2P1",0
"RN7SL446P",0
"MIR4453",0
"SLC10A4",0
"ZAR1",0
"RNU5E-3P",0
"RN7SL253P",0
"RNU6-1054P",0
"GLRB",0
"RNU6-582P",0
"RNU6-1217P",0
"IGBP1P4",0
"KLKB1",0
"SLC25A5P6",0
"SLC25A31",0
"RNU6-583P",0
"RNU6-1336P",0
"RPL9P16",0
"RNU6-853P",0
"RNY4P17",0
"OR7E94P",0
"JAKMIP1-DT",0
"PPBPP2",0
"GTF2IP12",0
"SEPTIN7P14",0
"NKX6-1",0
"RPL3P13",0
"RN7SL552P",0
"WDFY3-AS1",0
"RNU6-469P",0
"TMPRSS11GP",0
"RNU6-95P",0
"MTND2P41",0
"TMPRSS11F",0
"TMPRSS11BNL",0
"TMPRSS11B",0
"APOOP4",0
"TMPRSS11E",0
"WDR77P1",0
"RNU6-1285P",0
"RNU7-11P",0
"RNA5SP159",0
"KRT18P25",0
"RN7SKP292",0
"RN7SKP36",0
"MIR4798",0
"PSAPL1",0
"RN7SKP30",0
"PDCL2",0
"RNU6-276P",0
"EXOC1L",0
"RNU6-652P",0
"FGF5",0
"GLDCP1",0
"GALNTL6",0
"ZNF876P",0
"ZNF732",0
"MIR571",0
"ZNF519P4",0
"GYPB",0
"UGT2B28",0
"UGT2B25P",0
"UGT2B24P",0
"UGT2A1",0
"CFAP299",0
"BMP3",0
"PRKG2",0
"PRKG2-AS1",0
"RNU5A-2P",0
"UNC5C",0
"TBCAP3",0
"FAM177A1P1",0
"RNU7-149P",0
"MIR3684",0
"ADH1A",0
"ADH1B",0
"MIR218-1",0
"KCNIP4",0
"MIR7978",0
"RPL31P25",0
"KCNIP4-IT1",0
"DUX4",0
"RNU7-74P",0
"MIR4802",0
"AFP",0
"AFM",0
"F11",0
"ABLIM2",0
"RNA5SP152",0
"PDGFC",0
"RPPH1-3P",0
"MLLT10P2",0
"RNA5SP174",0
"RNA5SP175",0
"DUX4L9",0
"FRG2",0
"RARRES2P4",0
"AGGF1P1",0
"CLUHP4",0
"DUX4L8",0
"DUX4L7",0
"DUX4L6",0
"DUX4L5",0
"DUX4L4",0
"DUX4L1",0
"DUX4L3",0
"DUX4L2",0
"RNF212",0
"RNU6-284P",0
"CHORDC1P3",0
"SMIM31",0
"BNIP3P41",0
"AIDAP2",0
"ZEB2P1",0
"CIBAR1P2",0
"HSP90AA4P",0
"RTEL1P1",0
"MRPL42P1",0
"GUSBP5",0
"SYT14P1",0
"FTLP10",0
"RPSAP36",0
"ABCA11P",0
"PCNAP1",0
"CSN1S2AP",0
"CETN4P",0
"TMED11P",0
"VAMP9P",0
"SORCS2",0
"RNF175",0
"ST3GAL1P1",0
"TMPRSS11D",0
"EVA1CP2",0
"FAM86EP",0
"MTND2P31",0
"C9orf78P2",0
"LINC01085",0
"RN7SKP13",0
"CCNHP1",0
"MIR1305",0
"RPL22P13",0
"MIR1269A",0
"RPS23P3",0
"RN7SL205P",0
"ELL2P2",0
"LINC01256",0
"AARS1P1",0
"SNORD73B",0
"SNORD73A",0
"PRSS48",0
"RNU6-1282P",0
"RN7SKP35",0
"RN7SKP136",0
"RNU1-45P",0
"RNA5SP169",0
"SCPPPQ1",0
"LINC01618",0
"PPBP",0
"MRPS36P2",0
"RNU7-192P",0
"RPSAP35",0
"NT5C3AP1",0
"GSX2",0
"LINC02435",0
"PPIAP76",0
"LINC02498",0
"LNCPRESS2",0
"LINC01098",0
"LINC01396",0
"LINC02353",0
"NPY2R-AS1",0
"SLIT2-IT1",0
"TMEM184C-DT",0
"LINC02507",0
"BMPR1B-DT",0
"PCDH10-DT",0
"LINC02505",0
"LINC02492",0
"LINC02433",0
"LINC02276",0
"LINC02500",0
"LINC02508",0
"LINC02480",0
"LINC02377",0
"LINC01438",0
"MAPK10-AS1",0
"LINC02513",0
"LINC02501",0
"LNX1-AS2",0
"LINC02267",0
"LINC01262",0
"LINC02374",0
"LINC02365",0
"LINC00613",0
"LINC02364",0
"LINC02264",0
"LINC02171",0
"LINC02509",0
"LINC02275",0
"LINC01365",0
"LINC02499",0
"LINC02172",0
"LINC02502",0
"LINC02232",0
"LINC01258",0
"LINC02360",0
"IL21-AS1",0
"SNCA-AS1",0
"LINC02382",0
"LINC02473",0
"LINC00290",0
"UNC5C-AS1",0
"LINC02475",0
"LINC02269",0
"LINC02174",0
"LINC02233",0
"LINC01095",0
"LINC02380",0
"LINC02506",0
"LINC02379",0
"LINC01259",0
"LINC02515",0
"LINC02438",0
"LINC01093",0
"ADGRL3-AS1",0
"LINC02283",0
"GASK1B-AS1",0
"LINC02278",0
"GSTCD-AS1",0
"PRDM8-AS1",0
"LINC02358",0
"LINC02497",0
"LINC01587",0
"LINC02835",0
"LINC02432",0
"UMLILO",0
"LINC02436",0
"LINC02994",0
"LINC02510",0
"LINC01378",0
"LINC02517",0
"LINC02466",0
"LINC02485",0
"FHIP1A-DT",0
"LINC02472",0
"LINC01096",0
"LINC01612",0
"MIR3945HG",0
"HAFML",0
"LINC02516",0
"LINC02272",0
"LINC01596",0
"STPG2-AS1",0
"CHAER1",0
"WWC2-AS2",0
"MIR577",0
"CIR1P2",0
"EPHA5-AS1",0
"RPL34-DT",0
"LINC00682",0
"OR7E83P",0
"ENPP7P11",0
"RPL15P7",0
"EVA1CP1",0
"UNC93B7",0
"OR7E35P",0
"UGT2B27P",0
"FAM86MP",0
"ALG1L3P",0
"RBMXP4",0
"UGT2B26P",0
"ANKRD20A17P",0
"RPL6P16",0
"APOBEC3AP1",0
"RPS14P7",0
"NUDT19P5",0
"VTI1BP2",0
"FAM86KP",0
"OR7E111FP",0
"TECRP1",0
"LYPLA1P2",0
"CHCHD2P7",0
"UNC93B4",0
"OR7E99P",0
"OR7E43P",0
"UGT2A3P7",0
"KLHL2P1",0
"H3P14",0
"OR7E163P",0
"OR7E162P",0
"SEPTIN14P4",0
"NDUFS5P4",0
"RPL23AP84",0
"DBET",0
"ALG1L7P",0
"ENPP7P9",0
"RPL7AP28",0
"RPL21P50",0
"LINC02616",0
"LINC00498",0
"LINC00989",0
"PANCR",0
"LINC02494",0
"PHOX2B-AS1",0
"LINC01099",0
"WDFY3-AS2",0
"LINC02063",0
"LINC02145",0
"MTCO1P31",0
"MARCHF11",0
"MTCO1P30",0
"HMGB3P3",0
"RPL32P14",0
"ALG3P1",0
"MTCO2P30",0
"UBE2V1P12",0
"FBXL7",0
"RPS23P5",0
"HPRT1P2",0
"PTPN11P4",0
"MTND6P2",0
"HSPD1P15",0
"ANKH-DT",0
"CDH10",0
"ISL1",0
"ADH5P5",0
"AK4P2",0
"LINC02120",0
"GCNT1P2",0
"CDH9",0
"ADAMTS12",0
"LINC02225",0
"MCIDAS",0
"UGT3A1",0
"CDH12",0
"HMGB1P47",0
"SUCLG2P4",0
"RPS17P11",0
"UBL5P1",0
"HAPLN1",0
"CAPSL",0
"KRT18P56",0
"CCNB3P1",0
"NT5ELP",0
"RPS27AP9",0
"RPS2P25",0
"LINC02118",0
"MFSD4BP1",0
"HNRNPKP5",0
"ANKRD34B",0
"ATG10-IT1",0
"NUDT12",0
"PPIAP79",0
"C1GALT1P2",0
"HMGB3P16",0
"CCNO",0
"DPPA3P12",0
"CRLF3P2",0
"MTCO3P22",0
"HMGN1P14",0
"RACK1P1",0
"RPL5P14",0
"LINC02215",0
"NREP-AS1",0
"CMYA5",0
"MTATP6P2",0
"ZP3P1",0
"TRPC6P6",0
"LSP1P3",0
"EEF1A1P20",0
"B3GNTL1P1",0
"RPL17P21",0
"PSMC1P4",0
"RPL21P55",0
"HMGN1P13",0
"KRT8P32",0
"BOLA3P3",0
"MTND4LP5",0
"ZCCHC10P2",0
"MRPL49P1",0
"MTCO2P22",0
"PGAM1P1",0
"KRT18P42",0
"HCN1",0
"MRPS35P2",0
"EGFLAM",0
"MTCYBP22",0
"HSPE1P10",0
"LYSETP1",0
"BCL9P1",0
"KATNBL1P4",0
"ATP5PFP4",0
"ASS1P9",0
"LINC02214",0
"MTND3P19",0
"GZMAP1",0
"LSM2P2",0
"MAN2A1-DT",0
"PCBP2P3",0
"RPSAP37",0
"RPEP1",0
"MTCO2P24",0
"SEPTIN7P10",0
"TILRLS",0
"CATSPER2P2",0
"IL9",0
"LINC02161",0
"RNF138P1",0
"GJA1P1",0
"PRR16",0
"TPT1P5",0
"LECT2",0
"ATG10-AS1",0
"RBBP4P6",0
"ESM1",0
"COQ10BP2",0
"PRELID3BP8",0
"ACTBP4",0
"OR7H2P",0
"RPL5P17",0
"TRPC7-AS2",0
"TOMM40P3",0
"RNF180",0
"MEIKIN",0
"FTH1P9",0
"HMGB1P29",0
"TRPC6P9",0
"ASS1P10",0
"TRPC6P2",0
"SLCO4C1",0
"MINAR2",0
"RPL7L1P4",0
"SELENOTP2",0
"STK32A",0
"AK3P4",0
"HNRNPA3P7",0
"MTCO1P24",0
"EFCAB9",0
"PGAM5P1",0
"ARL2BPP5",0
"MRPS5P3",0
"CTBP2P4",0
"RPL35AP15",0
"MARK2P11",0
"LSM1P2",0
"HMGB1P21",0
"ARGFXP1",0
"TMED7-TICAM2",0
"NAMPTP2",0
"LINC02995",0
"MRPL57P6",0
"RPL23AP44",0
"RPL21P59",0
"HAND1",0
"CKS1BP5",0
"BTG4P1",0
"IL3",0
"GABRA1",0
"RPL12P22",0
"RPL7AP33",0
"FTMT",0
"BTNL8",0
"RPS29P12",0
"NKX2-5",0
"ADRA1B",0
"RPL6P32",0
"ARL2BPP6",0
"TMEM69P2",0
"BTNL3",0
"RPL36AP20",0
"C5orf52",0
"KIF4B",0
"CHSY3",0
"MCTP1-AS1",0
"C5orf46",0
"SOWAHA",0
"IL4",0
"HSPA8P4",0
"RASGEF1C",0
"ZFP2",0
"SEMA5A-AS1",0
"ARL2BPP4",0
"MTCYBP37",0
"TMEM174",0
"RPS15AP18",0
"RN7SKP73",0
"MIR4458",0
"RNU1-76P",0
"SNORD123",0
"RNA5SP177",0
"MIR4636",0
"MIR887",0
"RNU6-679P",0
"RNA5SP178",0
"RNU6-660P",0
"RN7SL58P",0
"RNU4-43P",0
"RNU6-374P",0
"RN7SKP207",0
"RNU6-1079P",0
"MIR579",0
"RNU6-358P",0
"RNU6-760P",0
"MIR4279",0
"RNU6-909P",0
"MIR3650",0
"RNU7-130P",0
"RNU1-150P",0
"RNU6-480P",0
"RNU6-1296P",0
"RNU6-272P",0
"MIR581",0
"RNA5SP185",0
"RNA5SP182",0
"RNU6ATAC2P",0
"MIR449A",0
"MIR449B",0
"MIR449C",0
"RNU6-299P",0
"RNA5SP184",0
"MIR5687",0
"RN7SL169P",0
"RNU6-294P",0
"RNU6-913P",0
"RNU7-196P",0
"RNU4-11P",0
"RN7SL378P",0
"RN7SKP295",0
"RNU6-620P",0
"MIR3660",0
"RN7SKP34",0
"MIR4280",0
"RNU6-448P",0
"RNU6-804P",0
"RNY3P1",0
"SNORD138",0
"RN7SL802P",0
"RNU6-1119P",0
"RN7SKP62",0
"RN7SKP68",0
"RNU4-90P",0
"RNU6-47P",0
"RN7SKP57",0
"RNA5SP188",0
"RNU1-140P",0
"RNU6-644P",0
"RN7SL711P",0
"MIR548F3",0
"SNORA13",0
"RNU6-752P",0
"RNU6-373P",0
"RNU6-701P",0
"MIR5706",0
"RNU7-53P",0
"RNU6-718P",0
"RNA5SP189",0
"MIR4460",0
"RN7SL689P",0
"RNU6-290P",0
"RNU4-69P",0
"RNU6ATAC10P",0
"RNA5SP191",0
"RNU7-34P",0
"MIR5197",0
"RN7SL87P",0
"RN7SKP246",0
"RNU7-156P",0
"RNU6-588P",0
"MIR3142",0
"MIR146A",0
"RNU6-164P",0
"RN7SL868P",0
"MIR1294",0
"RN7SKP60",0
"RNU2-48P",0
"RNU6-500P",0
"RNA5SP200",0
"RNU6-209P",0
"MIR8056",0
"RNU6-168P",0
"MIR5003",0
"RNU1-17P",0
"MIR8089",0
"RNU6-525P",0
"MIR340",0
"RNU6-1036P",0
"SLC34A1",0
"PFN3",0
"LRRC14B",0
"SLC9A3-OT1",0
"MIR4456",0
"BRD9P2",0
"SPICP4",0
"SPCS2P3",0
"RNU6-572P",0
"SNORA74A",0
"RN7SKP64",0
"PROB1",0
"RNU5B-4P",0
"RNU6-732P",0
"MIR584",0
"RN7SKP145",0
"HTR1A",0
"NMUR2",0
"MIR4278",0
"RN7SKP79",0
"GNL3LP1",0
"LINC02159",0
"GABRA6",0
"GABRA6-AS1",0
"GLRXP3",0
"ZNF474-AS1",0
"SNCAIP",0
"HAUS1P1",0
"PCDHA1",0
"PCDHA2",0
"PCDHA3",0
"PCDHA5",0
"PCDHA6",0
"PCDHA7",0
"PCDHA8",0
"PCDHA10",0
"PCDHA14",0
"PCDHA11",0
"PCDHA12",0
"PCDHA13",0
"PCDHB1",0
"TLX3",0
"RN7SL339P",0
"RPSAP71",0
"SNORA70J",0
"RPL10P8",0
"MIR3912",0
"FOXI1",0
"KRT18P41",0
"LINC01187",0
"KCNMB1",0
"IGIP",0
"XBP1P1",0
"ZRSR2P1",0
"RBISP2",0
"RNU7-75P",0
"MIR3141",0
"MIR1303",0
"RPL21P57",0
"MIR378H",0
"RNU6-661P",0
"RPL35AP14",0
"LRRC70",0
"GABRB2",0
"PRELID3BP5",0
"PRELID3BP6",0
"TUBAP14",0
"SNORD63B",0
"SNORD63",0
"FOXD1",0
"FOXD1-AS1",0
"LINC01386",0
"USP12P1",0
"RNU6-1311P",0
"RN7SKP232",0
"GLRA1",0
"RNA5SP198",0
"RNU6-923P",0
"RXFP3",0
"C1QTNF3-AMACR",0
"FHP2",0
"C1QTNF3",0
"RN7SL684P",0
"SNCB",0
"MIR4281",0
"EIF4E1B",0
"MIR580",0
"RNU6-1305P",0
"NADK2-AS1",0
"LSINCT5",0
"MIR6830",0
"SLC22A4",0
"MIR3936",0
"RNU6-363P",0
"POU4F3",0
"RNA5SP196",0
"RN7SL791P",0
"RNU6-456P",0
"PPP2R2B-IT1",0
"FNDC9",0
"COL23A1",0
"RN7SL646P",0
"RN7SKP70",0
"CBY3",0
"RNA5SP181",0
"RPL29P13",0
"SLC1A3",0
"RPS27AP18",0
"IL5",0
"LINC01861",0
"RNA5SP199",0
"RNU6-556P",0
"H2BL1P",0
"MIR4804",0
"RPL35AP13",0
"CTDNEP1P2",0
"CHP1P1",0
"EFNA5",0
"RN7SL782P",0
"RN7SKP122",0
"CUL1P1",0
"GRXCR2",0
"NDUFB9P1",0
"RPS27P14",0
"RN7SL616P",0
"RNU6-724P",0
"SLC27A6",0
"MIR4633",0
"NACAP6",0
"LINC02150",0
"PDCD6-AHRR",0
"STC2",0
"OR2V2",0
"TAS2R1",0
"MIR548AE2",0
"LINC02108",0
"LINC00492",0
"EIF3KP1",0
"OR2V1",0
"SUMO2P5",0
"HMGN1P12",0
"CARTPT",0
"RNA5SP190",0
"RPL21P58",0
"FABP5P6",0
"TUBAP15",0
"HMHB1",0
"OR2Y1",0
"GPR151",0
"PCDHGA1",0
"PCDHGA2",0
"PCDHGB1",0
"PCDHGA4",0
"PCDHGB3",0
"PCDHGA6",0
"PCDHGA7",0
"PCDHGB4",0
"PCDHGA9",0
"PCDHGB7",0
"PCDHGA11",0
"PCDHGA12",0
"PCDHGB9P",0
"PCDHGC4",0
"PCDHGC5",0
"RPS27AP10",0
"PCDHGB5",0
"AHRR",0
"IRX2-DT",0
"MIR4638",0
"SNORD96A",0
"SNORD95",0
"RNU6-705P",0
"DCANP1",0
"TIFAB",0
"PRMT1P1",0
"NKD2",0
"MIR4635",0
"RNA5SP192",0
"CDX1",0
"RN7SKP148",0
"RNU6-226P",0
"RNU6-183P",0
"PCDHB2",0
"PCDHB3",0
"PCDHB4",0
"PCDHB5",0
"PCDHB6",0
"PCDHB7",0
"PCDHB16",0
"PCDHB10",0
"PCDHB11",0
"PCDHB12",0
"PCDHB13",0
"PCDHB14",0
"SLC25A2",0
"SNRPCP2",0
"RN7SL208P",0
"SNORA74B",0
"SHISAL2B",0
"GAPT",0
"RNU6-1148P",0
"RNU6-460P",0
"RNU6-888P",0
"RNU6-658P",0
"RNU6-1330P",0
"ARPC1AP3",0
"ARL14EPL",0
"CTXN3",0
"SPINK6",0
"HMGN1P16",0
"MARCOL",0
"SPINK14",0
"RN7SL153P",0
"OR1X1P",0
"FAM170A",0
"MROH2B",0
"CFAP53P1",0
"RPL7P20",0
"LINC01947",0
"RNU6-477P",0
"MIR378E",0
"RNU7-161P",0
"KRT18P16",0
"RNU4ATAC2P",0
"LINC01845",0
"VWA8P1",0
"RN7SKP251",0
"SUMO2P4",0
"SNORA50D",0
"APOOP1",0
"MIR1271",0
"ZNF346-IT1",0
"OR1X5P",0
"PROP1",0
"GMCL2",0
"CCT6P2",0
"MIR4637",0
"RNU6-1232P",0
"CPLX2",0
"YBX1P5",0
"ZNF366",0
"ATP6V1G1P5",0
"RNA5SP197",0
"RPL21P54",0
"ANKRD31",0
"RNU6-680P",0
"SLC25A5P9",0
"BIN2P2",0
"SAP18P1",0
"RNA5SP186",0
"PDCD5P2",0
"RNU6ATAC36P",0
"CRHBP",0
"SNORA47",0
"HMGB1P35",0
"ALDH7A1P1",0
"RPS2P24",0
"OTP",0
"SPINK5",0
"SMIM33",0
"RTRAFP2",0
"RNU6-308P",0
"GPR150",0
"DBIP2",0
"LINC01337",0
"DDX4",0
"HNRNPH1P3",0
"AGXT2",0
"ZNF475",0
"MTND3P25",0
"CATSPER3",0
"NEUROG1",0
"SLC25A48-AS1",0
"MIR5692C1",0
"SLC6A7",0
"ZNF879",0
"ZNF354C",0
"ADAMTS2",0
"LINC02065",0
"RN7SKP157",0
"MIR2277",0
"RNU1-39P",0
"AMACR",0
"SLC6A18",0
"TERT",0
"MIR4457",0
"LINC01511",0
"MTCO2P32",0
"MIR6075",0
"CDH12P1",0
"ACOT12",0
"FLT4",0
"LINC02222",0
"OR2AI1P",0
"CICP15",0
"RPL7P18",0
"MIR6131",0
"RPL30P7",0
"PMCHL1",0
"NBPF22P",0
"PMCHL2",0
"PCDHB17P",0
"PCDHB18P",0
"PCDHB19P",0
"CEP192P1",0
"AACSP1",0
"SDHAP3",0
"ZNF300P1",0
"SEPTIN14P5",0
"GTF2H2B",0
"NAIPP1",0
"WSPAR",0
"TSSK1B",0
"RNU4ATAC13P",0
"DDX18P4",0
"CSNK1A1P3",0
"RNU6-402P",0
"CTNND2",0
"RNU6-429P",0
"MIR6499",0
"RN7SL177P",0
"SPINK9",0
"KCNN2",0
"RN7SKP89",0
"LINC01957",0
"MIR9-2",0
"LINC02218",0
"H3Y2",0
"H3P17",0
"H3P19",0
"H3P20",0
"H3Y1",0
"H3P22",0
"MIR874",0
"MIR3655",0
"ANKRD33B-AS1",0
"SLIT3-AS2",0
"MIR218-2",0
"MIR585",0
"SMIM23",0
"PPIAP77",0
"PRELID3BP4",0
"CBX3P3",0
"RNU6-482P",0
"MIR6831",0
"MIR1229",0
"RN7SKP150",0
"KCNIP1",0
"KCNIP1-AS1",0
"RN7SL623P",0
"PLCXD3",0
"RPL7AP32",0
"RPL6P15",0
"MIR1289-2",0
"PLAC8L1",0
"RPL35AP16",0
"RPL35AP17",0
"RNU7-180P",0
"ABLIM3",0
"IL17B",0
"LNPPS",0
"MIR143",0
"MIR145",0
"PRDM9",0
"MSANTD5",0
"WWC1",0
"FBLL1",0
"SLC2A3P1",0
"MIR103A1",0
"MIR103B1",0
"RNU6-738P",0
"AIG1P1",0
"CDH12P3",0
"NDUFB4P2",0
"MIR582",0
"RNU6-806P",0
"RPL31P8",0
"CAB39P1",0
"KRT8P31",0
"VTRNA1-1",0
"RPLP1P6",0
"HMGB3P22",0
"PDZPH1P",0
"FBXL21P",0
"PCDHGB8P",0
"ATP6AP1L",0
"NPY6R",0
"SMIM32",0
"RNU6-606P",0
"RNU6-727P",0
"TAF11L5",0
"TAF11L3",0
"TAF11L7",0
"TAF11L8",0
"TAF11L13",0
"TAF11L4",0
"TAF11L6",0
"TAF11L10",0
"TAF11L9",0
"TAF11L2",0
"TAF11L14",0
"TMEM183AP6",0
"SLC6A3",0
"SETP22",0
"RNU2-49P",0
"CDO1",0
"DDX43P1",0
"WBP1LP4",0
"TAF11L11",0
"TAF11L12",0
"IRX1",0
"RN7SL814P",0
"YTHDF1P1",0
"MTCYBP40",0
"RPS12P10",0
"FGF1",0
"RPS3AP22",0
"H3P23",0
"RNA5SP176",0
"EGFLAM-AS3",0
"RNU6-484P",0
"GDNF",0
"EGFLAM-AS4",0
"KCTD9P5",0
"RNU6-1190P",0
"RNA5SP179",0
"RPL19P11",0
"DUX4L51",0
"RPSAP38",0
"DCAF13P2",0
"RN7SKP133",0
"FTH1P10",0
"PDCD6P1",0
"MIR4277",0
"RPL5P16",0
"MIR3977",0
"ST13P12",0
"RNA5SP187",0
"LDHBP3",0
"CCT7P2",0
"RN7SL255P",0
"RNU6-334P",0
"RAB9BP1",0
"HMGB1P22",0
"RN7SKP117",0
"FAM169A-AS1",0
"HSPD1P18",0
"ANKRD49P3",0
"RNA5SP193",0
"IRX4",0
"PCDHB1-AS1",0
"HIGD1AP3",0
"MSX2",0
"MIR4634",0
"IRGM",0
"NAIPP3",0
"GUSBP3",0
"GUSBP18",0
"GUSBP1",0
"SALL4P1",0
"ACTBL2",0
"LNCBRM",0
"ARAP3",0
"PCDH1",0
"RNU6-381P",0
"FGF10",0
"FGF10-AS1",0
"RN7SL383P",0
"SLIT3-AS1",0
"LINC02201",0
"LINC02102",0
"LINC01950",0
"MIR4458HG",0
"ADAMTS19-AS1",0
"LINC02236",0
"LINC02228",0
"LINC02115",0
"NIHCOLE",0
"LINC02121",0
"LINC02208",0
"ADAMTS16-DT",0
"LINC02220",0
"LINC02059",0
"THOC3-AS1",0
"LINC02112",0
"LINC02221",0
"LINC01340",0
"LINC01846",0
"LINC02106",0
"MIR4280HG",0
"LINC01170",0
"MRNIP-DT",0
"IRX4-AS1",0
"MARCHF11-AS1",0
"MARCHF11-DT",0
"EGFLAM-AS2",0
"EGFLAM-AS1",0
"MOCS2-DT",0
"ITGA2-AS1",0
"LINC02058",0
"LINC02143",0
"LINC02229",0
"LINC00491",0
"LINC01944",0
"RMEL3",0
"LINC02200",0
"LINC01843",0
"LINC02197",0
"LINC01863",0
"ERBIN-DT",0
"LINC02239",0
"LINC01933",0
"ATOX1-AS1",0
"LINC02899",0
"FABP6-AS1",0
"LINC02039",0
"LINC02900",0
"CEP72-DT",0
"LINC02105",0
"LINC02212",0
"LINC02213",0
"SH3TC2-DT",0
"LIFR-AS1",0
"TTC23L-AS1",0
"RAI14-DT",0
"LINC02230",0
"ZNF454-DT",0
"LINC02111",0
"LINC02996",0
"LINC02199",0
"LINC02149",0
"LINC03123",0
"LINC01951",0
"PRDM6-AS1",0
"TNPO1-DT",0
"LINC01848",0
"CAPSL-DT",0
"LINC02122",0
"LINC02982",0
"EPIST",0
"LINC01938",0
"TRPC7-AS1",0
"GDNF-AS1",0
"SEMA6A-AS2",0
"LINC02117",0
"LINC01202",0
"RGMB-AS1",0
"LINC01470",0
"KCNIP1-OT1",0
"LINC01385",0
"LINC02147",0
"LMNB1-DT",0
"BASP1-AS1",0
"LINC02488",0
"LINC02144",0
"LINC02116",0
"LINC02057",0
"LINC02104",0
"LINC02064",0
"SV2C-AS1",0
"LINC01333",0
"LINC02216",0
"LINC02219",0
"LINC02196",0
"LINC02142",0
"LINC02148",0
"LINC02997",0
"LINC02123",0
"LINC01194",0
"LINC01019",0
"LINC02162",0
"ACSL6-AS1",0
"LINC01377",0
"LINC01949",0
"LINC02198",0
"LINC00604",0
"LINC02114",0
"LINC02109",0
"LINC01020",0
"FABP5P5",0
"MIR583",0
"RNU6-524P",0
"TMEM183AP2",0
"LINC02061",0
"HMGN1P17",0
"LINC01948",0
"LINC01455",0
"RBX1P2",0
"TRMT112P2",0
"KRT18P45",0
"SPZ1",0
"RBMX2P5",0
"RNU6-211P",0
"RPL37P25",0
"HSPB3",0
"PTP4A1P4",0
"GUSBP7",0
"CSPG4BP",0
"GUSBP9",0
"SEPHS2P1",0
"RPL23AP45",0
"PPP4R2P1",0
"PDCD6-DT",0
"RPL36P11",0
"PRELID3BP7",0
"GUSBP17",0
"OCLNP1",0
"CDH12P4",0
"SEM1P1",0
"GUSBP15",0
"H3P18",0
"H3P21",0
"GUSBP14",0
"NAIPP2",0
"SETP21",0
"PPP4R2P5",0
"POLD2P1",0
"HMGB3P17",0
"NIFKP2",0
"GUSBP13",0
"CDH12P2",0
"GUSBP19",0
"GUSBP8",0
"GGCTP1",0
"TRIM7-AS1",0
"TRIM7-AS2",0
"GUSBP16",0
"LINC01932",0
"LINC02226",0
"FOXF2-DT",0
"RPL34P16",0
"RPL5P20",0
"JARID2-DT",0
"EEF1E1-BLOC1S5",0
"RPL21P61",0
"BLOC1S5-TXNDC5",0
"SPTLC1P2",0
"PIP5K1P1",0
"TOMM5P1",0
"RPL6P18",0
"HDGFL1",0
"RPL6P17",0
"RPL7AP36",0
"STMND1",0
"ISG20L2P1",0
"RPL13P",0
"NRSN1",0
"OR2U2P",0
"TFB2MP1",0
"RPS18P8",0
"OR2J4P",0
"ZNF90P2",0
"RBM24",0
"KRT18P38",0
"DDX18P3",0
"UQCRFS1P3",0
"RPL21P62",0
"OR2G1P",0
"BOLA2P3",0
"IMPDH1P9",0
"HNRNPA1P58",0
"RPL29P17",0
"RPL36AP25",0
"E2F4P1",0
"WBP1LP12",0
"PGK2",0
"RBBP4P3",0
"NANOGP3",0
"RPL37P15",0
"PRR11P1",0
"TIAL1P1",0
"OR2U1P",0
"MTMR9P1",0
"RBBP4P4",0
"CRISP2",0
"LAP3P1",0
"GCNT1P4",0
"RPS15AP20",0
"LGSN",0
"POU3F2",0
"NDUFA5P9",0
"RUNX2-AS1",0
"GLYATL3",0
"KIF6",0
"RPL35P3",0
"PRDX2P4",0
"CYP39A1",0
"LAMA4-AS1",0
"TXNP7",0
"EEF1GP6",0
"GAPDHP41",0
"EIF4EBP2P3",0
"RPSAP44",0
"NEPNP",0
"SMARCE1P2",0
"RPL31P32",0
"MCHR2",0
"BDH2P1",0
"GAPDHP42",0
"DHFRP5",0
"SOCS5P5",0
"ANKRD39P1",0
"RPL31P28",0
"LINC02857",0
"PRSS35",0
"KRASP1",0
"RPL5P19",0
"RPS4XP9",0
"EEF1A1P36",0
"VGLL2",0
"RPL35AP18",0
"RPL7AP35",0
"RPS17P5",0
"SIM1-AS1",0
"RAP1BP3",0
"RPL23AP48",0
"SLC25A6P6",0
"BVES",0
"BTF3L4P3",0
"TNPO3P2",0
"FCF1P10",0
"RPL21P66",0
"ADGRF1",0
"KCNK17",0
"RPL31P33",0
"LIN28B",0
"FABP7",0
"YAP1P3",0
"KRT18P50",0
"EEF1A1P42",0
"TINAG",0
"HTR1E",0
"TBX18",0
"LINC02836",0
"NPM1P10",0
"GAPDHP73",0
"FUT9",0
"BMP5",0
"COL10A1",0
"LINC02524",0
"TUBB4BP7",0
"RPSAP42",0
"RFPL4B",0
"TAAR6",0
"PLN",0
"FTH1P26",0
"NDUFS5P1",0
"PPP1R14BP5",0
"RPL7P29",0
"TNFRSF21",0
"MTCYBP36",0
"MEMO1P2",0
"MTCO3P31",0
"C11orf98P2",0
"TAAR2",0
"MTATP6P25",0
"RPL12P23",0
"PHB1P1",0
"HYMAI",0
"MTHFD2P2",0
"MTND4LP19",0
"TINAG-AS1",0
"ATF1P1",0
"NUDT19P3",0
"TTK",0
"HMGB3P19",0
"HSPD1P10",0
"MTCO1P56",0
"CNKSR3",0
"RPL26P20",0
"SSR1P1",0
"CYP51A1P3",0
"SNRPEP6",0
"PTPRK-AS1",0
"LDHAL6FP",0
"RAET1M",0
"EEF1DP5",0
"MTND3P20",0
"HMGB1P13",0
"RPSAP40",0
"COX6A1P3",0
"DLL1",0
"H3P27",0
"IMPG1",0
"RPS24P12",0
"COX5BP2",0
"TAAR4P",0
"MTND4LP20",0
"RSPO3",0
"MTCO2P31",0
"MTRES1P1",0
"RPL21P64",0
"CLNS1AP1",0
"RPS4XP8",0
"MTND4P13",0
"ZC2HC1B",0
"RPL31P29",0
"TAAR7P",0
"SOBP",0
"RPL10P10",0
"AK4P5",0
"HMGB1P17",0
"CACYBPP3",0
"RPL17P24",0
"RPL23AP46",0
"CTAGE13P",0
"SSXP10",0
"RPSAP45",0
"NMBR-AS1",0
"RPL7P27",0
"DNAJA1P4",0
"MTATP6P31",0
"KRT18P65",0
"RPL36P10",0
"FEM1AP3",0
"OLIG3",0
"HNRNPDP2",0
"RAB1AP2",0
"RPSAP72",0
"DACT2",0
"RN7SL352P",0
"MIR6720",0
"MIR3691",0
"RNU6ATAC21P",0
"RN7SL554P",0
"RNU6-793P",0
"RNU6-522P",0
"MIR548A1",0
"RN7SL332P",0
"RNA5SP204",0
"RNU6-263P",0
"RNU6-1060P",0
"RN7SKP240",0
"RNA5SP205",0
"RNU6-801P",0
"RNU6-930P",0
"RN7SL273P",0
"RNU1-54P",0
"RNU6-754P",0
"MIR5685",0
"RNU7-65P",0
"RNU1-136P",0
"RN7SL580P",0
"RNA5SP208",0
"RNU6-1023P",0
"RNU7-66P",0
"RNU6-261P",0
"MIR548U",0
"RNU6-84P",0
"RNU6-155P",0
"RNU6-1338P",0
"RNA5SP209",0
"RNU6-280P",0
"RNU6-130P",0
"RN7SKP256",0
"RNA5SP210",0
"RNU6-248P",0
"RN7SL643P",0
"RN7SL415P",0
"MIR4643",0
"MIR548AI",0
"RNU4-66P",0
"RN7SL797P",0
"RNU7-48P",0
"RNU6-1299P",0
"MIR2113",0
"RNU6-1106P",0
"MIR4464",0
"RN7SL47P",0
"RNU6-344P",0
"RNU6-957P",0
"RNU6-1163P",0
"RNU6-214P",0
"RNU6-1016P",0
"RN7SKP18",0
"RNU6-897P",0
"RN7SKP163",0
"RNA5SP215",0
"RNU6-1226P",0
"RN7SKP51",0
"RNU6-253P",0
"MIR588",0
"RNU6-200P",0
"RNU4-76P",0
"MIR3144",0
"RNU6-475P",0
"RNU1-18P",0
"SNORD101",0
"MIR3662",0
"RNU6-1222P",0
"MIR548B",0
"RNU7-152P",0
"RN7SKP211",0
"RNU6-896P",0
"RNA5SP225",0
"RNU2-8P",0
"RNU4-7P",0
"RNU6-300P",0
"RNA5SP224",0
"RN7SKP106",0
"RN7SL564P",0
"SNORD28B",0
"RNA5SP221",0
"DNAJC19P6",0
"RPL22P14",0
"RN7SKP110",0
"RNU1-33P",0
"GSTA3",0
"RN7SK",0
"RN7SL244P",0
"RNU6-464P",0
"SOD1P1",0
"OR2W2P",0
"OR2B7P",0
"OR2B8P",0
"OR2B6",0
"RPLP2P1",0
"OR2W4P",0
"MIR7161",0
"UNC93A",0
"TTLL2",0
"SIM1",0
"GPR31",0
"TFAP2D",0
"SLC22A16",0
"RN7SL617P",0
"MIR4645",0
"HTATSF1P2",0
"FAM136BP",0
"SERPINB8P1",0
"RNU6-391P",0
"RNU1-11P",0
"LINC02530",0
"GPR53P",0
"UBD",0
"OR2H5P",0
"TMEM183AP1",0
"SNORD32B",0
"RPL13AP",0
"MOG",0
"RPL23AP1",0
"HCG9P5",0
"HLA-P",0
"RPL7AP7",0
"GCNT2P1",0
"RNA5SP203",0
"RNU4ATAC18P",0
"SOD2-OT1",0
"SNORA20",0
"SNORA29",0
"PTCRA",0
"RN7SL403P",0
"KCNQ5-DT",0
"MIR4282",0
"KNOP1P4",0
"PGAM1P10",0
"RBPMS2P1",0
"KHDC1P1",0
"KHDC1L",0
"SDCBP2P1",0
"PAICSP3",0
"DPPA5",0
"KHDC3L",0
"OOEP-AS1",0
"RPS6P8",0
"RNA5SP211",0
"RNU6-527P",0
"RPL21P65",0
"RNU6-117P",0
"MIR587",0
"SNORA40C",0
"RNU6-1115P",0
"MIR1273C",0
"CLDN20",0
"RN7SKP186",0
"DDR1-DT",0
"MIR4640",0
"HCG21",0
"NAPGP2",0
"MUC21",0
"RNU6-1133P",0
"C6orf15",0
"CDSN",0
"PSORS1C2",0
"POLR2LP1",0
"VARS2",0
"RNU6-153P",0
"GNG5P1",0
"HNRNPA1P49",0
"RPS6KA2-IT1",0
"MIR1913",0
"TBXT",0
"KCNK16",0
"HMGCLL1",0
"LNCDAT",0
"RN7SL221P",0
"PKMP5",0
"MIR7853",0
"MIR5683",0
"SNAPC5P1",0
"VTA1P1",0
"SMIM15P2",0
"MTCH1P1",0
"ACKR4P1",0
"RNA5SP213",0
"LINC02536",0
"MRPS17P5",0
"GSTA11P",0
"NCR2",0
"MIR4641",0
"SLC17A1",0
"SLC17A3",0
"H2AC3P",0
"H2BP5",0
"H3P26",0
"H1-1",0
"H2AC4",0
"RPL15P4",0
"ATP6V1G2-DDX39B",0
"SNORD117",0
"SNORD84",0
"SNORA38",0
"MIR6832",0
"MIR4646",0
"LY6G6F",0
"LY6G6F-LY6G6D",0
"MSH5-SAPCD1",0
"RNU6-850P",0
"RNU6-975P",0
"WASF5P",0
"LINC02571",0
"MIR6891",0
"RNU6-283P",0
"FGFR3P1",0
"ZDHHC20P2",0
"RPL36AP5",0
"ATP6V0CP3",0
"RN7SKP299",0
"RNA5SP219",0
"SLC35D3",0
"RPL35AP3",0
"NHEG1",0
"RPL29P16",0
"CAPN11",0
"NPM1P51",0
"FRS3",0
"PRICKLE4",0
"SNORD48",0
"SNORD52",0
"MAS1",0
"CHP1P2",0
"C6orf118",0
"RNA5SP226",0
"RNU6-730P",0
"ACTG1P18",0
"RN7SL366P",0
"MICC",0
"TMPOP1",0
"SUCLA2P1",0
"MIR877",0
"TOMM6",0
"CRISP3",0
"RN7SKP204",0
"MIR3692",0
"HSPE1P26",0
"SYNJ2-IT1",0
"MEP1A",0
"RNU6-906P",0
"MIR4462",0
"PNPLA1",0
"MIR3135B",0
"HLA-Z",0
"RPL27AP7",0
"HNRNPA3P4",0
"RBMXP1",0
"MIR548A2",0
"RN7SL183P",0
"SPACA1",0
"KIAA0319",0
"AP3S1P1",0
"RNU6-502P",0
"H3C11",0
"H2BC17",0
"RNU7-26P",0
"ETF1P1",0
"TRIM31",0
"TRIM15",0
"MIR6721",0
"MIR6833",0
"RNU6-603P",0
"RPL7P4",0
"RN7SL353P",0
"NUP50P4",0
"HMGB1P39",0
"MIR4463",0
"UBE2V1P15",0
"RNU1-34P",0
"SCUBE3-AS1",0
"MIR7111",0
"TULP1",0
"SLC25A27",0
"TDRD6",0
"ADGRF5-AS1",0
"MIR1236",0
"CYP21A2",0
"RNA5SP206",0
"H2AC9P",0
"H4C6",0
"H4C7",0
"H2BC10",0
"COPS5P1",0
"RPS27P15",0
"RNU6-626P",0
"FTH1P15",0
"MRPL30P1",0
"SLC17A2",0
"HCRTR2",0
"OR2J3",0
"OR2H2",0
"FAM217A",0
"RNU6-1247P",0
"RNY4P20",0
"RN7SKP268",0
"HSPA8P15",0
"CCDC170",0
"RNU6-813P",0
"RPS12P14",0
"FAM162B",0
"GPRC6A",0
"RPS29P13",0
"RNA5SP214",0
"RFX6",0
"RNA5SP220",0
"MIR3668",0
"MIR4465",0
"OR2A4",0
"CTAGE9",0
"RPL15P9",0
"MIR548H5",0
"SELENOKP2",0
"RN7SKP245",0
"RNA5SP217",0
"CRISP1",0
"DEFB114",0
"DEFB113",0
"DEFB110",0
"DEFB112",0
"ADGRB3",0
"RNA5SP223",0
"NANOGP11",0
"HSPD1P16",0
"OR12D2",0
"UBDP1",0
"MAS1LP1",0
"MAS1L",0
"RPS17P1",0
"DDX6P1",0
"OR5V1",0
"OR12D3",0
"RPL32P1",0
"HLA-DPA2",0
"COL11A2P1",0
"MIR219A1",0
"ZNF70P1",0
"HTATSF1P1",0
"MIR6873",0
"MIR6834",0
"SMIM40",0
"MYL12BP3",0
"OR14J1",0
"RPL12P47",0
"RPL34P14",0
"ENPP1",0
"RPL35AP4",0
"MIR5004",0
"MTCYBP4",0
"HSPE1P21",0
"BTBD10P2",0
"RAET1E-AS1",0
"GRIK2",0
"PKMP3",0
"SNORD50B",0
"SMIM11P1",0
"RNU4-72P",0
"RNU4-12P",0
"CYCSP17",0
"HNRNPLP1",0
"RPS26P29",0
"IDH1P1",0
"ANKRD66",0
"HS3ST5",0
"OR2J1",0
"OR2H1",0
"OR2J2",0
"KRT18P64",0
"DUTP5",0
"NMBR",0
"H3C6",0
"TAAR1",0
"GPR6",0
"FHL5",0
"RPS7P8",0
"RNU4-70P",0
"TYMSP1",0
"RN7SL173P",0
"TRIM39-RPP21",0
"HLA-N",0
"HCG19P",0
"UBQLN1P1",0
"RPL8P1",0
"H4C10P",0
"H2BC14",0
"CNN3P1",0
"HCP5B",0
"MESTP1",0
"BMPR1AP1",0
"RNU6-861P",0
"RPL5P21",0
"RNU1-61P",0
"MTCO3P1",0
"HLA-DQB3",0
"PRL",0
"SMOC2",0
"RHAG",0
"H3C8",0
"TAAR5",0
"MYCT1",0
"LY6G6D",0
"ZNF603P",0
"ZKSCAN8P2",0
"ZSCAN9",0
"VN1R11P",0
"RPL10P2",0
"CDCA7P1",0
"VN1R10P",0
"MCFD2P1",0
"HNRNPA1P1",0
"CD83P1",0
"RNU6-471P",0
"RNY3P15",0
"CFAP206",0
"ST13P16",0
"RAET1E",0
"ESDP1",0
"MDFI",0
"BTNL2",0
"RIPPLY2",0
"SNAP91",0
"FRMD1",0
"RAB44",0
"GPR166P",0
"TMEM217",0
"HLFP1",0
"VNN1",0
"CCNG1P1",0
"RBM11P1",0
"RNU6-302P",0
"CMPK1P1",0
"CLPSL2",0
"CLPSL1",0
"CLPS",0
"KILH",0
"KLHL31",0
"CALHM5",0
"CALHM4",0
"RNU6-437P",0
"RPL23AP50",0
"MTHFD2P3",0
"MRPL42P3",0
"PRRT1",0
"RNY3P11",0
"RPL7P28",0
"PRELID1P2",0
"HSPE1P11",0
"SREK1IP1P2",0
"GSTA2",0
"OR1F12P",0
"OSTM1-AS1",0
"NR2E1",0
"RNA5SP212",0
"RNU6-1144P",0
"RPL36AP24",0
"RNU6-770P",0
"RN7SKP209",0
"CGA",0
"RCN1P1",0
"MIR206",0
"LINCMD1",0
"MIR133B",0
"IL17A",0
"SLC25A20P1",0
"IL17F",0
"GJE1",0
"SAPCD1",0
"TAAR8",0
"TAAR9",0
"TMEM217B",0
"OR2I1P",0
"LRFN2",0
"RNU6-250P",0
"CANT1P1",0
"UBE2D3P5",0
"KATNBL1P5",0
"RPL21P68",0
"HNRNPA3P17",0
"RNU1-88P",0
"PANDAR",0
"RN7SL234P",0
"FABP12P1",0
"GUCA1ANB-GUCA1A",0
"PAGE4P1",0
"SCGN",0
"H2AC1",0
"H2BC1",0
"MLN",0
"ANKRD36P2",0
"MIR7159",0
"MIR1275",0
"LINC01015",0
"RPL17P23",0
"KIAA0408",0
"C6orf58",0
"KRT18P9",0
"MIR6835",0
"TTBK1",0
"H3P28",0
"BECN1P2",0
"KAAG1",0
"RPS10-NUDT3",0
"SPDEF",0
"IFITM3P3",0
"RPL7P25",0
"ATP6V1FP1",0
"OR2H4P",0
"OR2N1P",0
"OR2B4P",0
"TAAR3P",0
"PRIM2BP",0
"HLA-V",0
"TCP10L3",0
"CYP21A1P",0
"H2AC10P",0
"DEFB133",0
"HLA-DRB6",0
"ZNF602P",0
"RAET1K",0
"ZSCAN12P1",0
"GSTA9P",0
"HLA-L",0
"BTN2A3P",0
"HLA-DPB2",0
"ZNF204P",0
"H2AC2P",0
"TCP10L2",0
"COL9A1",0
"SLC26A8",0
"MIR548AJ1",0
"EYA4",0
"SMLR1",0
"DBIP1",0
"FUNDC2P3",0
"RNA5SP222",0
"LUADT1",0
"YAP1P1",0
"DDX39BP1",0
"MCCD1P1",0
"MICD",0
"HLA-J",0
"RN7SL408P",0
"RPS29P32",0
"RNA5SP218",0
"RNU6-1286P",0
"RNU4-35P",0
"GUSBP2",0
"POM121L6P",0
"VN1R12P",0
"IL22RA2",0
"B3GALNT2P1",0
"ENPP3",0
"RNU4-18P",0
"GCNT2",0
"SYCP2L",0
"ITGAEP1",0
"TFGP1",0
"RN7SL465P",0
"DNAJC2P1",0
"SLC22A2",0
"SLC22A3",0
"LPAL2",0
"KRT8P44",0
"NUDT19P4",0
"RBM22P4",0
"MIR586",0
"B3GNTL1P2",0
"RN7SKP116",0
"OPN5",0
"RNU1-105P",0
"RNU6-960P",0
"FCF1P5",0
"NACAP7",0
"RN7SL11P",0
"MUCL3",0
"RN7SL26P",0
"MIR3934",0
"MIR4642",0
"NPM1P36",0
"COL21A1",0
"DHFRP6",0
"MRAP2",0
"NCOA7-AS1",0
"ATP5PBP6",0
"ERHP2",0
"RNU6-411P",0
"MIR30C2",0
"MIR30A",0
"NGRNP2",0
"KRT19P1",0
"CIMIP3",0
"SEPTIN14P6",0
"PRELID1P1",0
"ZPR1P1",0
"RPS3AP23",0
"VDAC1P8",0
"GAPDHP72",0
"RPL7AP37",0
"KATNBL1P6",0
"PPP1R2P1",0
"SELENOKP3",0
"DHFRP2",0
"DPRXP2",0
"OFCC1",0
"TEX56P",0
"ADGRF2P",0
"LY6G6E",0
"CMAHP",0
"VNN3P",0
"POLR1HASP",0
"GGNBP1",0
"GSTA5",0
"RNU6-653P",0
"CCDC162P",0
"TUBBP9",0
"CLVS2",0
"TRDN",0
"EDN1",0
"SUMO2P12",0
"RN7SKP293",0
"ERVFRD-1",0
"OR12D1",0
"FNDC1-IT1",0
"SPTLC1P3",0
"EEF1B2P5",0
"RPL9P18",0
"RNF182",0
"MRPL35P1",0
"LINC01108",0
"MARK2P18",0
"RPS25P7",0
"CRIPTOP4",0
"RNA5SP202",0
"MTCO2P33",0
"RN7SL334P",0
"KRT18P1",0
"RN7SL471P",0
"ZNF311",0
"OR2W1",0
"OR2P1P",0
"SAR1AP1",0
"OR2B3",0
"WBP1LP8",0
"UNC5CL",0
"TSPO2",0
"HTR1B",0
"RPS6P7",0
"KHDRBS2",0
"LINC02549",0
"RNU1-64P",0
"THAP12P5",0
"E2F3-IT1",0
"RNU6-141P",0
"SAPCD1-AS1",0
"C4A-AS1",0
"HCG24",0
"TREML1",0
"TREML3P",0
"TREML4",0
"RNA5SP207",0
"TREML5P",0
"RNU6-643P",0
"RPL32P15",0
"RNU6-293P",0
"LINC02543",0
"MDH1P2",0
"MIR4639",0
"PERPP3",0
"MRPL42P2",0
"RNU6-1114P",0
"CHCHD2P4",0
"FAM8A6P",0
"NHSL1-AS1",0
"LINC00240",0
"UST-AS2",0
"FOXP4-AS1",0
"LINC01276",0
"SNX9-AS1",0
"LINC02487",0
"LINC02538",0
"LINC03003",0
"TDRD6-AS1",0
"MCHR2-AS1",0
"TDRG1",0
"LINC00951",0
"MROCKI",0
"FAM135A-AS1",0
"LINC01622",0
"LINC02865",0
"SIMALR",0
"ZBTB24-DT",0
"LINC02529",0
"DNAH8-DT",0
"PSORS1C3",0
"CASC6",0
"TRDN-AS1",0
"RCAN2-DT",0
"ELOVL2-AS1",0
"MLIP-AS1",0
"DDX39B-AS1",0
"FARS2-AS1",0
"LINC02526",0
"LINC02919",0
"LINC02534",0
"LINC01564",0
"LINC03066",0
"LINC01621",0
"LINC01611",0
"CDYL-AS1",0
"LINC02569",0
"LINC01312",0
"AIRN",0
"UST-AS1",0
"LINC02527",0
"LINC02519",0
"ADGB-DT",0
"ZFAND3-DT",0
"TBX18-AS1",0
"LINC02540",0
"LINC00602",0
"LINC02525",0
"MAP3K5-AS1",0
"FNDC1-AS1",0
"LINC01626",0
"LINC02542",0
"LINC02539",0
"LINC03005",0
"SCAT8",0
"LINC02829",0
"PACRG-AS2",0
"LINC02533",0
"HEY2-AS1",0
"MIR548A1HG",0
"TRIM31-AS1",0
"LIN28B-AS1",0
"DST-AS1",0
"KCNQ5-AS1",0
"UFL1-AS1",0
"LINC02535",0
"LINC01600",0
"ETV7-AS1",0
"FOXCUT",0
"LINC02521",0
"HCG9",0
"LINC01512",0
"RN7SL502P",0
"MIR3925",0
"RNU2-61P",0
"PNRC1-DT",0
"GABRR1",0
"ZSCAN23",0
"COX11P1",0
"OR2E1P",0
"GPX6",0
"GPX5",0
"SCAND3",0
"ZBED9-AS1",0
"COX8CP1",0
"LINC00533",0
"RPSAP2",0
"RPL7L1P20",0
"LINC00518",0
"MIR5689",0
"LINC02522",0
"MRPL48P1",0
"RPL21P63",0
"GUSBP4",0
"LINC00680",0
"GAPDHP15",0
"PBOV1",0
"SMIM28",0
"MIR3145",0
"RN7SL811P",0
"MIR4647",0
"TMEM151B",0
"RNU6-1113P",0
"ELF2P2",0
"SLC25A51P1",0
"TPI1P3",0
"CYP2AC1P",0
"HMGB3P18",0
"NGRNP4",0
"ATP5MFP2",0
"ZDHHC20P1",0
"IFITM4P",0
"HCG4",0
"MICG",0
"RPSAP41",0
"EIF3EP1",0
"CNN2P9",0
"RBISP4",0
"GSTA6P",0
"H2AC5P",0
"UQCRHP1",0
"EXOSC8P1",0
"BTN1A1P1",0
"MKRN6P",0
"TNXA",0
"STK19B",0
"RCC2P7",0
"NAA40P1",0
"RPS3AP24",0
"HLA-DPA3",0
"RPL29P1",0
"GPR89P",0
"BTF3P7",0
"HLA-H",0
"HLA-DRB9",0
"SUMO2P13",0
"ANKRD18FP",0
"TPT1P4",0
"PTCHD3P3",0
"GSTA7P",0
"GSTA12P",0
"GSTA10P",0
"H2BC2P",0
"HLA-K",0
"DDX39BP2",0
"MCCD1P2",0
"HMGA1P7",0
"VN1R13P",0
"AMD1P4",0
"RPL7AP34",0
"PSMC1P11",0
"PPIAP29",0
"RPL23AP47",0
"ARPC3P5",0
"LINC02537",0
"LINC02531",0
"LNCPOIR",0
"LINC02518",0
"RADIL",0
"RPL22P16",0
"OR7E59P",0
"PER3P1",0
"MEOX2",0
"CYP3A54P",0
"CCNB2P1",0
"NXPH1",0
"THRAP3P3",0
"PAPOLB",0
"RPL36AP26",0
"EVA1CP3",0
"RBMX2P4",0
"NPM1P11",0
"GTF3AP5",0
"PRPS1L1",0
"TWIST1",0
"LINC02888",0
"RPS26P30",0
"PSMC1P2",0
"ABCA13",0
"ZPBP",0
"RRBP1P1",0
"NPSR1",0
"INMT",0
"ROBO2P1",0
"VN1R33P",0
"RPL31P35",0
"VWC2",0
"POM121L12",0
"GNL2P1",0
"HMGN1P19",0
"ARAFP2",0
"TRIL",0
"NACAD",0
"GTF2IP9",0
"ZNF713",0
"RPS17P13",0
"ELK1P1",0
"RNF138P2",0
"SLC25A1P2",0
"RPL7P31",0
"ZNF804B",0
"MTATP6P21",0
"MTCO1P57",0
"SEPTIN14P1",0
"SEMA3A",0
"SEPTIN14P24",0
"ZNF90P3",0
"COX6A1P7",0
"BSNDP4",0
"ARF1P1",0
"NCAPD2P1",0
"EIF4A1P13",0
"DDX43P2",0
"SAPCD2P4",0
"RPL7P30",0
"CICP8",0
"RAC1P9",0
"SOCS5P1",0
"ASB4",0
"HMGB3P21",0
"DDX43P3",0
"EEF1A1P28",0
"ERVW-1",0
"TEX47",0
"TAC1",0
"RPL7AP40",0
"LINC00997",0
"ARAFP3",0
"VPS51P2",0
"AP1S2P1",0
"VSTM2A-OT1",0
"HINT1P2",0
"PON1",0
"DYNLL1P7",0
"LUARIS",0
"CD36",0
"ATP5PBP2",0
"ZNF716",0
"SNX2P2",0
"RPS10P14",0
"RSL24D1P3",0
"MTND1P3",0
"DOCK4-AS1",0
"ASS1P11",0
"LINC02903",0
"MIPEPP1",0
"ANKRD7",0
"LAMB4",0
"MYL6P4",0
"RPL3P8",0
"NAT16",0
"KCND2",0
"RAC1P6",0
"COX6A1P6",0
"FMC1-LUC7L2",0
"SUMO2P14",0
"RPL7AP42",0
"CYCSP19",0
"PRELID3BP10",0
"PODXL",0
"MTCO3P41",0
"KLRG2",0
"TRBV6-2",0
"DLX6",0
"GNGT1",0
"PPP1R2P6",0
"ZNF619P1",0
"RPL21P76",0
"CCZ1P1",0
"SKP1P1",0
"PAICSP6",0
"TRBV8-1",0
"RCC2P3",0
"RPL17P27",0
"MTND4P3",0
"TRBV5-2",0
"CLEC2L",0
"TRBV6-4",0
"OR2Q1P",0
"UQCRFS1P2",0
"SLC16A1P1",0
"TAS2R3",0
"RABGEF1P2",0
"AKR1B15",0
"TRBV8-2",0
"BUB3P1",0
"TRPC6P8",0
"TAS2R6P",0
"PRSS58",0
"SMKR1",0
"TRBV5-3",0
"ZP3P2",0
"TAS2R5",0
"WNT16",0
"TMEM229A",0
"HMGN1P18",0
"MTCO1P55",0
"IMPDH1P3",0
"MTND2P5",0
"EI24P4",0
"TMEM213",0
"TRBV1",0
"TRBV7-1",0
"RPL21P73",0
"EIF4EP4",0
"DPY19L4P2",0
"NDUFB10P2",0
"SVOPL",0
"SNRPGP3",0
"MRM3P2",0
"COL28A1",0
"PIP5K1P2",0
"MIR4656",0
"MIR3683",0
"RNU6-534P",0
"RN7SKP228",0
"RNU1-15P",0
"MIR1183",0
"RN7SL542P",0
"SNORD65C",0
"RNU6-1103P",0
"MIR550A1",0
"MIR550B1",0
"RNU6-438P",0
"MIR550A2",0
"MIR550B2",0
"RN7SL132P",0
"SNORA20B",0
"RNU6-565P",0
"MIR3943",0
"RNU7-35P",0
"RNU6-575P",0
"SNORA5A",0
"SNORA5C",0
"SNORA5B",0
"SNORA9",0
"RN7SKP218",0
"RN7SL292P",0
"RNU2-29P",0
"RNU1-14P",0
"SNORA22B",0
"RNU6-1125P",0
"RNU6-1052P",0
"RNU6-1335P",0
"RNU6-417P",0
"SNORA15B-2",0
"RNU6-912P",0
"RNA5SP231",0
"RNU6-973P",0
"RNU6-313P",0
"RNA5SP234",0
"RNU6-849P",0
"RN7SKP129",0
"RNU4-16P",0
"RNU6-956P",0
"RN7SKP104",0
"MIR5692A1",0
"MIR5692C2",0
"RNA5SP235",0
"RNU6-532P",0
"RNU6-364P",0
"RN7SL478P",0
"RNU7-188P",0
"MIR591",0
"RN7SL252P",0
"RNA5SP236",0
"SNORA25B",0
"RNU6-581P",0
"RN7SKP277",0
"RNA5SP241",0
"RNU6-517P",0
"MIR4653",0
"RNA5SP237",0
"RNU1-29P",0
"RNA5SP240",0
"MIR3654",0
"RNU6-797P",0
"RN7SKP223",0
"MIR4468",0
"RNU6-911P",0
"RNU1-72P",0
"RNU1-58P",0
"RNU4-74P",0
"RNA5SP247",0
"RNA5SP248",0
"RNU6-267P",0
"RN7SKP174",0
"THUMPD3P1",0
"SUGCT-AS1",0
"PPP1R3A",0
"RPL36P13",0
"RNA5SP238",0
"MIR3666",0
"BLACE",0
"EN2",0
"RN7SL496P",0
"SUGCT",0
"LINC01450",0
"TAS2R38",0
"RNU6-102P",0
"GPR37",0
"LINC03043",0
"FDPSP7",0
"UPK3BP1",0
"PMS2P11",0
"PMS2P9",0
"RBAK-RBAKDN",0
"MIR93",0
"RPL7P60",0
"MIR4658",0
"GPC2",0
"PVRIG2P",0
"MIR6840",0
"RNU6-393P",0
"MIR3609",0
"RNF14P3",0
"MIR1285-1",0
"TUBB3P2",0
"SPMIP7",0
"KIAA1549",0
"TAS2R4",0
"RN7SKP187",0
"MTND5P8",0
"MTND6P24",0
"ASB10",0
"IQCA1L",0
"DDX3ILA1",0
"UFC1P1",0
"MAGI2-AS1",0
"MAGI2-AS2",0
"RNU6-337P",0
"RNU6-530P",0
"NUP35P2",0
"TRPC6P10",0
"TMX1P1",0
"RNU6-719P",0
"CICP22",0
"MIR653",0
"MIR489",0
"CALCR",0
"CTAGE6",0
"RNU6-1254P",0
"GIMAP1-GIMAP5",0
"RNA5SP239",0
"MIR6132",0
"MTND4P6",0
"MTCYBP6",0
"RN7SL771P",0
"RNU6-85P",0
"CPA2",0
"CPA4",0
"MESTIT1",0
"MIR335",0
"RPL36AP28",0
"CYP3A51P",0
"CYP3A7",0
"CYP3A137P",0
"CYP3A52P",0
"CNTNAP2",0
"CNTNAP2-AS1",0
"DUTP3",0
"RANP2",0
"MIR548F4",0
"RNU6-1184P",0
"RNA5SP249",0
"RN7SL456P",0
"RN7SL72P",0
"CALM1P2",0
"RNU6-863P",0
"RABGEF1P3",0
"SRRM3",0
"PPIAP81",0
"CRPPA",0
"RPL36AP29",0
"LRRC72",0
"MIR589",0
"MIR6874",0
"TMEM130",0
"PIGCP2",0
"SDHDP2",0
"MIR4649",0
"RNA5SP230",0
"MYL7",0
"VPS37D",0
"MIR4284",0
"RN7SL265P",0
"METTL27",0
"TMEM270",0
"RNU7-27P",0
"RNU7-54P",0
"EFCAB3P1",0
"MIR5090",0
"MIR4467",0
"UPK3BL1",0
"MIR4283-1",0
"TNRC18P3",0
"SLC29A4P1",0
"PHKG1P4",0
"SEPTIN7P15",0
"GPCPD1P1",0
"MTATP6P8",0
"MTCO3P10",0
"MTND4LP32",0
"MTND4P4",0
"MTND5P6",0
"MTND6P29",0
"MTCYBP29",0
"GUSBP10",0
"MTND1P4",0
"MTND2P6",0
"MTCO1P10",0
"MTCO2P10",0
"MTATP6P10",0
"MTCO3P4",0
"MTND4P5",0
"MTND5P7",0
"MTCYBP5",0
"RNU7-157P",0
"MIR3147",0
"VN1R28P",0
"SAPCD2P2",0
"CFAP69",0
"TVP23CP1",0
"FZD1",0
"NIPA2P1",0
"PTTG1IP2",0
"TRBV11-1",0
"TRBV12-1",0
"TRBV12-2",0
"TRBV6-6",0
"TRBV6-7",0
"TRBV6-8",0
"TRBV7-7",0
"TRBV11-3",0
"LINC01448",0
"CRYZP1",0
"S100A11P1",0
"RN7SKP86",0
"MIR590",0
"MIR4657",0
"MIR6837",0
"MIR6838",0
"RN7SKP266",0
"NPM1P13",0
"RN7SKP130",0
"RNA5SP233",0
"INHBA-AS1",0
"HMGN2P30",0
"WBP1LP1",0
"TRPV6",0
"TRPV5",0
"OR9P1P",0
"PIP",0
"LLCFC1",0
"LYPLA1P1",0
"RNU6-296P",0
"RNU6-11P",0
"HYAL6P",0
"HYAL4",0
"ACTL6B",0
"EPO",0
"MIR6875",0
"RN7SL549P",0
"RPS29P15",0
"RPL31P34",0
"RNU6-177P",0
"IMP3P2",0
"RNA5SP242",0
"RNA5SP243",0
"RN7SL81P",0
"FLNC-AS1",0
"SPMIP1",0
"ODCP",0
"CYCSP20",0
"RNY1P11",0
"DGKB",0
"RNA5SP227",0
"MTCYBP42",0
"SNORD93",0
"RNU6-392P",0
"LARP1BP2",0
"MIR490",0
"KRT8P51",0
"CHRM2",0
"RNU6-1272P",0
"IFT56",0
"MSL3P2",0
"MZT1P2",0
"RNU7-154P",0
"RPL31P37",0
"MIR4285",0
"TFAMP1",0
"LNCRI",0
"MIR4655",0
"MIR6836",0
"NGRNP3",0
"RN7SL556P",0
"INMT-MINDY4",0
"GHRHR",0
"TAS2R39",0
"TAS2R40",0
"TMEM139",0
"RN7SL535P",0
"RN7SL481P",0
"MIR6892",0
"TAS2R62P",0
"TAS2R60",0
"TAS2R41",0
"OR2R1P",0
"PAICSP5",0
"CTAGE15",0
"RNU6-162P",0
"AK3P3",0
"GPR85",0
"OR9A4",0
"OR2F1",0
"LRRD1",0
"RNU6-241P",0
"CICP20",0
"RNU6-326P",0
"FTLP15",0
"RPL7AP78",0
"RNU6-388P",0
"RPS29P14",0
"RN7SL505P",0
"RNA5SP229",0
"SEPHS1P1",0
"GCNT1P5",0
"OR6B1",0
"FERD3L",0
"RNF14P4",0
"MIR6509",0
"SSBL5P",0
"TAS2R2P",0
"OR2AO1P",0
"OR2A42",0
"NOBOX",0
"PPIAP83",0
"RNU6ATAC40P",0
"OR2A5",0
"OR2A41P",0
"OR2A12",0
"OR2A15P",0
"OR2A14",0
"OR2A13P",0
"LINC00244",0
"RNU4-31P",0
"RPL32P17",0
"C7orf33",0
"RN7SL569P",0
"RNY1",0
"GHET1",0
"RNU6-650P",0
"COX6B1P1",0
"MIR4650-2",0
"RN7SL377P",0
"RN7SL625P",0
"TRIM74",0
"PHB1P5",0
"PHB1P6",0
"PMS2P13",0
"PMS2P10",0
"ZNF853",0
"SPDYE20P",0
"RN7SKP54",0
"NHP2P2",0
"HOXA1",0
"HOXA5",0
"HOXA9",0
"MIR196B",0
"HOXA11",0
"HOXA13",0
"EVX1",0
"RPL7AP77",0
"TRIM50",0
"FKBP6",0
"RNU6-1080P",0
"HMGN2P11",0
"SPDYE19P",0
"OR2F2",0
"H2BK1",0
"C7orf78",0
"SPAM1",0
"HOXA3",0
"ZNF679",0
"TRIM60P18",0
"VN1R40P",0
"ZNF680P1",0
"HNRNPCP7",0
"BNIP3P42",0
"BNIP3P44",0
"BNIP3P11",0
"MIR6839",0
"VN1R42P",0
"NEUROD6",0
"PPP1R17",0
"MTDHP1",0
"RNU6-1229P",0
"SNORA22C",0
"SNORA15B-1",0
"RNU6-1085P",0
"PPP1R14BP4",0
"RNU7-143P",0
"FCF1P1",0
"TPM3P4",0
"ABCF2P2",0
"RNU6-1198P",0
"GTF2IRD1",0
"CCL26",0
"CCL24",0
"MIR4651",0
"SNORA14A",0
"URGCP-MRPS24",0
"RASA4EP",0
"UPK3BL3P",0
"UPK3B",0
"ABCF2-H2BK1",0
"MIR4648",0
"VGF",0
"THSD7A",0
"SP8",0
"CYP3A4",0
"VWDE",0
"TMEM178B",0
"C7orf25",0
"RPL36P12",0
"RNU6-1322P",0
"SPDYE9",0
"SPDYE11",0
"SPDYE13",0
"SPDYE15",0
"GTF3C6P3",0
"PRR15",0
"TMSB4XP3",0
"MIR550A3",0
"S100A11P2",0
"TBX20",0
"GBX1",0
"FOXL3",0
"MARK2P10",0
"WNT2",0
"ASZ1",0
"ANKRD49P4",0
"CFTR-AS1",0
"CTTNBP2",0
"MIR671",0
"PDK4",0
"CTAGE8",0
"SPDYE8",0
"STRA8",0
"GRIFIN",0
"CTAGE4",0
"GDI2P1",0
"RNU6-1136P",0
"RN7SKP198",0
"NYAP1",0
"RN7SL416P",0
"SAP25",0
"FAM237B",0
"VN1R37P",0
"VN1R38P",0
"SAPCD2P1",0
"OR9A1P",0
"RNU6-1328P",0
"RN7SL43P",0
"MIR4650-1",0
"RNU6-979P",0
"PPIAP80",0
"TRGJP2",0
"TRGJ1",0
"TRGJP",0
"TRGVA",0
"TRGV6",0
"TRGV1",0
"TRGC1",0
"RN7SL845P",0
"DDC",0
"DDC-AS1",0
"TRBV17",0
"TRBV22-1",0
"TRBV25-1",0
"TRBVA",0
"TRBV26",0
"TRBVB",0
"PGBD4P1",0
"WBP1LP2",0
"BANF1P5",0
"SLC26A4",0
"PTN",0
"RN7SL7P",0
"HEPACAM2",0
"MIR29B1",0
"SEMA3E",0
"RAD23BP2",0
"OCM2",0
"CCDC201",0
"TRIM60P16",0
"CICP28",0
"SEPTIN7P5",0
"PHKG1P2",0
"SLC29A4P2",0
"MIR4283-2",0
"CICP24",0
"SLC25A1P3",0
"VN1R35P",0
"VN1R36P",0
"TUBBP6",0
"RNU6-389P",0
"CICP11",0
"RNU6-1126P",0
"SEPTIN14",0
"COBL",0
"RPL7L1P2",0
"CICP17",0
"CYP3A7-CYP3A51P",0
"NECAP1P1",0
"GPR141",0
"GPR141BP",0
"CDCA3P1",0
"MIR6133",0
"NMD3P2",0
"SMIM10L3",0
"RNA5SP244",0
"MIR182",0
"MIR96",0
"MIR183",0
"RNA5SP245",0
"UPK3BL2",0
"ADCYAP1R1",0
"INTS4P2",0
"ZNF733P",0
"MOXD2P",0
"OR9A3P",0
"OR9N1P",0
"OR10AH1P",0
"STAG3L5P",0
"GTF2IP7",0
"OR6W1P",0
"OR2A3P",0
"OR2A20P",0
"OR2A9P",0
"NSUN5P2",0
"STAG3L3",0
"STAG3L2",0
"FKBP6P2",0
"PMS2CL",0
"GTF2IRD2P1",0
"GTF2IP1",0
"POLR2J4",0
"NUPR2P1",0
"STAG3L1",0
"FKBP9P1",0
"ZNF815P",0
"ZNF767P",0
"DPY19L2P4",0
"FAM185BP",0
"DPY19L2P1",0
"RABGEF1P1",0
"DPY19L2P2",0
"RP9P",0
"NSUN5P1",0
"SBDSP1",0
"STAG3L4",0
"PMS2P4",0
"PMS2P1",0
"GTF2IRD1P1",0
"SEPTIN7P2",0
"CACNA2D1-AS1",0
"MTHFD2P5",0
"PAXBP1P1",0
"HTR5A",0
"CHN2-AS1",0
"NANOGP4",0
"RPL6P21",0
"EEF1A1P26",0
"SPDYE14",0
"MIR592",0
"GRM8-AS1",0
"PRRT4",0
"MYL10",0
"MIR3146",0
"TMEM196",0
"CPA1",0
"RNU6-1097P",0
"NPC1L1",0
"RNU6-215P",0
"FSCN3",0
"PAX4",0
"MIR3914-1",0
"MIR3914-2",0
"MIR153-2",0
"MIR595",0
"MIR5707",0
"PMS2P2",0
"HOXA4",0
"MARK2P13",0
"ALDH7A1P3",0
"TRPC6P3",0
"RN7SKP280",0
"RPL36AP30",0
"SSU72L6",0
"RNA5SP246",0
"KLF14",0
"RNA5SP232",0
"MIR593",0
"MIR129-1",0
"RPL21P72",0
"EPS15P1",0
"RPL13AP17",0
"FABP5P3",0
"TPI1P2",0
"GTF2IP4",0
"ZNRF2P2",0
"CDHR17P",0
"TMBIM7P",0
"PRSS3P3",0
"PRSS59P",0
"KIF19BP",0
"ZBED10P",0
"BICDL3P",0
"RAD17P1",0
"BRWD1P3",0
"SSPOP",0
"OR9A2",0
"OR6V1",0
"RN7SL851P",0
"RNU6-218P",0
"CRYGN",0
"MIR3907",0
"RNU6-604P",0
"RNU6-1154P",0
"SLC13A4",0
"FAM180A",0
"RNU6-223P",0
"SSMEM1",0
"PRSS1",0
"STK31",0
"PCMTD1P3",0
"TPT1P7",0
"INTS4P1",0
"ICA1-AS1",0
"HOXA-AS2",0
"RPL7AP38",0
"HMGB3P20",0
"HOXA10-AS",0
"HOXA11-AS",0
"RPL35P4",0
"HNRNPA1P73",0
"TRGV11",0
"TRGVB",0
"RN7SL83P",0
"SNORA15",0
"CCNJP1",0
"KRT8P20",0
"CFAP144P1",0
"RNU6-832P",0
"MTCO2P25",0
"MTCO1P25",0
"RNU6-229P",0
"RPL10P11",0
"RN7SL869P",0
"RN7SL35P",0
"SNRPBP1",0
"GNAT3",0
"GRM3",0
"RNU6-274P",0
"STEAP2-AS1",0
"MIR4652",0
"NDUFAF4P2",0
"TFPI2",0
"RNA5SP228",0
"NPY",0
"RPL7AP41",0
"TSEN15P3",0
"NCF1B",0
"AOAH-IT1",0
"NPM1P18",0
"FAM220A",0
"OR2A2",0
"DTX2P1-UPK3BP1-PMS2P11",0
"LINC02830",0
"RPL31P39",0
"MTX2P1",0
"PPIAP93",0
"RNU6-1104P",0
"PNPT1P2",0
"FEZF1-AS1",0
"RNF133",0
"RNF148",0
"TAS2R16",0
"SLC13A1",0
"CASTOR3P",0
"LINC02860",0
"LINC02854",0
"POU6F2-AS1",0
"TMEM139-AS1",0
"LINC01007",0
"PPP1R9A-AS1",0
"LINC03013",0
"HERPUD2-AS1",0
"NPSR1-AS1",0
"MACC1-AS1",0
"LINC01162",0
"PRKAR1B-AS2",0
"CPVL-AS1",0
"LINC01392",0
"KLHL7-DT",0
"COMETT",0
"LINC03010",0
"LINC01446",0
"HECW1-IT1",0
"LINC01287",0
"MIR3147HG",0
"LINC03017",0
"CT66",0
"LINC03095",0
"KIAA0087",0
"EN2-DT",0
"ELDR",0
"GRM3-AS1",0
"POU6F2-AS2",0
"ZNF775-AS1",0
"LINC01449",0
"LINC00972",0
"LINC01022",0
"LINC02587",0
"SLC12A9-AS1",0
"HOTTIP",0
"LINC02838",0
"ELN-AS1",0
"MNX1-AS1",0
"TFPI2-DT",0
"EVX1-AS",0
"EGFR-AS1",0
"SDK1-AS1",0
"PTPRN2-AS1",0
"LINC02932",0
"HTR5A-AS1",0
"SLC26A5-AS1",0
"DLX6-AS1",0
"FAM131B-AS1",0
"LINC02902",0
"LINC03008",0
"MAGI2-AS3",0
"LNCPRESS1",0
"MYH16",0
"OR2AE1",0
"AZGP1P1",0
"RPS27P16",0
"CYP2W1",0
"MIR339",0
"UNCX",0
"MMD2",0
"RBAKDN",0
"RNU1-82P",0
"UNC93B2",0
"ALG1L5P",0
"OR7E39P",0
"OR7E136P",0
"RPL23P8",0
"DPY19L1P1",0
"FAM86LP",0
"VN1R31P",0
"SEPTIN7P4",0
"SLC25A5P3",0
"LINC01445",0
"PHKG1P1",0
"DGAT2L7P",0
"NCOR1P3",0
"GTF2IP5",0
"OR7E7P",0
"OR7E38P",0
"CDC26P1",0
"MRPL42P4",0
"SRSF8CP",0
"CAPZA1P4",0
"RPL7AP43",0
"MTCYBP24",0
"GTF2IP23",0
"CCT4P1",0
"RASA4DP",0
"GUSBP12",0
"RPL23AP95",0
"RPSAP73",0
"RPL12P10",0
"PMS2P12",0
"TCAF1P1",0
"TTC4P1",0
"DPY19L1P2",0
"FKBP6P1",0
"PMS2P7",0
"PMS2P8",0
"PMS2P14",0
"PMS2P6",0
"PMS2P5",0
"HNRNPA1P8",0
"YWHAEP1",0
"SEPTIN7P3",0
"NCF1C",0
"STRADBP1",0
"ATP5PBP3",0
"ZNF734P",0
"TNRC18P2",0
"PSPHP1",0
"VN1R25P",0
"RBM22P3",0
"AZGP1P2",0
"LINC02848",0
"LINC01005",0
"ZNF722",0
"ZNF727",0
"TRIM60P17",0
"GUSBP6",0
"MTND4P2",0
"MTND4LP2",0
"MTND3P2",0
"MTCO3P8",0
"MTATP6P18",0
"MTCO2P8",0
"MTCO1P8",0
"MTND2P4",0
"MTND1P2",0
"LINC03015",0
"AGK-DT",0
"PPP2R3B",0
"RPL14P5",0
"HADHBP1",0
"PRKX-AS1",0
"DRAXINP1",0
"VCX2",0
"ANAPC15P1",0
"NOLC1P1",0
"IL3RA",0
"P2RY8",0
"MTCYBP12",0
"RPL6P30",0
"SLC25A6",0
"AMELX",0
"DHRSX-IT1",0
"DHRSX",0
"SHROOM2",0
"RARRES2P3",0
"ASMTL",0
"FAM9CP1",0
"RPL24P9",0
"FAM9B",0
"GOT2P7",0
"FAM9A",0
"LINC00685",0
"GRPR",0
"TMSB10P2",0
"BEND2",0
"RPL35AP37",0
"CLDN7P1",0
"MDM4P1",0
"BRK1P1",0
"SRSF2P1",0
"KLHL34",0
"SMPX",0
"SYTL5",0
"LINC01283",0
"METTL1P1",0
"SC4MOP",0
"PLLPP1",0
"RPS15AP40",0
"HMGB1P16",0
"PGAM1P7",0
"ADGRG2",0
"RAI2",0
"MKI67P1",0
"H2AP",0
"MOB1AP2",0
"SIAH1P1",0
"RPP40P1",0
"FAM47B",0
"CTNNBL1P1",0
"YBX1P8",0
"PYY3",0
"NANOGP10",0
"NFYCP1",0
"EFHC2",0
"CHTF8P1",0
"CCNYL5",0
"MAGEB10",0
"ITIH6",0
"FAM236B",0
"NDP",0
"YY2",0
"YWHAZP7",0
"AKAP4",0
"MAOB",0
"YWHAZP8",0
"PHKA1-AS1",0
"SMIM15P1",0
"DGKK",0
"NDP-AS1",0
"SPIN4-AS1",0
"RPL23AP83",0
"PSMA5P1",0
"MTND1P31",0
"KRT8P27",0
"SFR1P2",0
"HNRNPH3P1",0
"THAP12P1",0
"PSMA1P1",0
"PCNPP4",0
"XAGE2",0
"TPMTP4",0
"SAR1AP4",0
"FGF16",0
"P2RY10BP",0
"CPXCR1",0
"HMGN1P34",0
"TUBB4BP8",0
"MTND2P25",0
"CTDSPL2P1",0
"CALM1P1",0
"CORO1CP1",0
"EIF3MP1",0
"UBE2V1P7",0
"CYCSP43",0
"PABPC5",0
"PABPC1L2A",0
"SRIP2",0
"ARL13A",0
"COPS8P1",0
"SHC1P1",0
"STAU2P1",0
"HNRNPA1P25",0
"PPATP2",0
"HNRNPDLP3",0
"FCF1P9",0
"RPS29P28",0
"KAT7P1",0
"B3GNT2P1",0
"KLHL4",0
"CAPZA1P3",0
"RPL6P29",0
"WBP11P3",0
"USP37P1",0
"FOXN3P2",0
"ATG4AP1",0
"BUD31P2",0
"PAICSP7",0
"MRPS22P1",0
"RNF19BPX",0
"RTL3",0
"POMPP1",0
"BRAFP1",0
"SERBP1P4",0
"USP12PX",0
"TBX22",0
"TGIF2LX",0
"ACTR3P2",0
"KRT18P11",0
"DLGAP5P2",0
"OOEPP1",0
"HMGB1P32",0
"GTF3C6P1",0
"TRAPPC13P1",0
"CSGALNACT2P1",0
"HK2P1",0
"BRDTP1",0
"LRRFIP2P1",0
"NDUFA5P7",0
"TEX13B",0
"HNRNPDLP1",0
"C3orf49P1",0
"VDAC1P3",0
"XRCC6P5",0
"MAGEE2",0
"CCNB1IP1P3",0
"NT5DC1P1",0
"XK",0
"SERPINA7P1",0
"RPL34P36",0
"NLRP2B",0
"AP2B1P1",0
"MYCLP2",0
"TATDN2P1",0
"AWAT2",0
"LRCH2",0
"TUBAP6",0
"CCNB3",0
"ACTRT1P1",0
"POU3F4",0
"SNX3P1X",0
"FAM236C",0
"TPT1P13",0
"KRT8P17",0
"MDH1P1",0
"MTCYBP31",0
"PPP1R2C",0
"CYLC1",0
"VEZTP1",0
"RIPPLY1",0
"MTND4P31",0
"PGAM4P1",0
"DPRXP6",0
"MTND6P13",0
"RPL36P18",0
"TMEM230P1",0
"TMEM184CP1",0
"RPL7AP72",0
"NLRP7P1",0
"IMPDH1P4",0
"DCAF8L1",0
"RPL22P22",0
"PCNAP3",0
"RPL7P55",0
"PRPF4BP1",0
"COX6CP12",0
"OTUD6A",0
"UBE2V1P16",0
"PNPLA10P",0
"SPRYD7P1",0
"GEMIN8P3",0
"RPS7P13",0
"LUZP4",0
"SPANXB1",0
"MAGEC2",0
"VKORC1P1",0
"DUTP4",0
"SLITRK4",0
"NAP1L2",0
"PHF5AP4",0
"OR11Q1P",0
"BTG3P1",0
"CYCSP44",0
"H2BP8",0
"TFDP3",0
"MTND4LP1",0
"OR5BH1P",0
"YAP1P2",0
"SPANXN3",0
"CT47A12",0
"KRT18P44",0
"LINC00850",0
"HAX1P1",0
"OR7L1P",0
"TUBB4AP1",0
"ORC1P1",0
"SKP2P1",0
"PWWP3B",0
"STK24P1",0
"SRD5A1P1",0
"CTDSPL2P2",0
"PLS3-AS1",0
"RAC1P4",0
"BRS3",0
"ASB12",0
"CT47A11",0
"UFM1P1",0
"PA2G4P1",0
"RPL32P35",0
"RPL3P12",0
"SPANXC",0
"SPANXN1",0
"PNMA6B",0
"MAGEC3",0
"TRMT1P1",0
"MTND4P24",0
"OR11N1P",0
"HSFX1",0
"CMC4",0
"AFF2-IT1",0
"M6PRP1",0
"PGBD4P6",0
"ZFYVE9P1",0
"MAGEA8",0
"CT47A7",0
"HNRNPH1P2",0
"MTND1P33",0
"RBMX2P2",0
"MAGEA11",0
"GPR50",0
"FAM226B",0
"PASD1",0
"MTCYBP38",0
"MAGEA7P",0
"NDUFB3P5",0
"RPL36AP52",0
"SPANXD",0
"MTND2P39",0
"RRM2P4",0
"ELL2P4",0
"VGLL1",0
"MAGEC1",0
"LHFPL1",0
"NAB1P1",0
"HNRNPCP10",0
"HDGFP1",0
"PRR32",0
"TCERG1P1",0
"CXorf51B",0
"HMGB3P30",0
"DCAF12L1",0
"SETP8",0
"CBX1P1",0
"OR1AA1P",0
"TJAP1P1",0
"RUVBL2P1",0
"NDUFB5P2",0
"CSGALNACT2P2",0
"ZDHHC15",0
"CD84P1",0
"ADGRG4",0
"PKMP2",0
"HMGN2P48",0
"SLIRPP1",0
"NAP1L3",0
"SLC6A14P2",0
"SLC6A14P1",0
"OR5AW1P",0
"CT83",0
"OR13K1P",0
"SPANXA2",0
"RNU6-114P",0
"MIR651",0
"SNORA48B",0
"MIR4770",0
"MIR548AX",0
"RNU6-146P",0
"RN7SL658P",0
"MIR548AM",0
"RNA5SP499",0
"RN7SKP183",0
"RNU6-133P",0
"RNU6-641P",0
"RNU6-591P",0
"RNU6-49P",0
"MIR548AJ2",0
"RNU6-1087P",0
"RN7SL732P",0
"MIR3937",0
"RNU7-164P",0
"RNU6-1124P",0
"RNU6-630P",0
"RNU6-50P",0
"SNORA11",0
"MIR532",0
"MIR188",0
"MIR500A",0
"MIR362",0
"MIR501",0
"MIR500B",0
"MIR660",0
"MIR502",0
"RN7SL799P",0
"MIR223",0
"MIR8088",0
"MIR4536-2",0
"MIR676",0
"RNU6-562P",0
"MIR4536-1",0
"RNA5SP509",0
"MIR4328",0
"RN7SL790P",0
"MIR1321",0
"RNU2-26P",0
"RNU6-332P",0
"RNA5SP510",0
"MIR548M",0
"MIR384",0
"MIR325",0
"RNU1-112P",0
"RNA5SP508",0
"MIR361",0
"RNU6-974P",0
"RNU6-995P",0
"RNU6-345P",0
"RNU6-493P",0
"RNU6-394P",0
"RN7SKP194",0
"RNU6-309P",0
"SNORA35B",0
"RNU6-555P",0
"RN7SL379P",0
"RNU6-1323P",0
"MIR548AN",0
"RNU6-154P",0
"MIR3672",0
"RNU6-1015P",0
"RN7SKP31",0
"MIR934",0
"RNU6-3P",0
"RN7SKP149",0
"RNA5SP517",0
"RNA5SP516",0
"MIR514A2",0
"MIR514A1",0
"RN7SKP81",0
"MIR320D2",0
"RN7SL325P",0
"MIR892C",0
"MIR514A3",0
"MIR890",0
"RNU6-985P",0
"MIR888",0
"MIR892A",0
"MIR892B",0
"MIR891B",0
"RNU1-115P",0
"MIR510",0
"MIR891A",0
"MIR4330",0
"RN7SKP267",0
"RN7SKP189",0
"MIR513C",0
"MIR513B",0
"MIR513A1",0
"MIR513A2",0
"MIR506",0
"MIR507",0
"MIR508",0
"MIR514B",0
"MIR509-2",0
"MIR509-3",0
"MIR509-1",0
"RNU6-382P",0
"NICN2P",0
"SNORA11C",0
"NPM1P49",0
"MIR4769",0
"SMSP1",0
"WASF4P",0
"ITGB1BP2",0
"ZCRB1P1",0
"SOCS6P1",0
"TWF1P2",0
"PHF10P1",0
"SRD5A2P1",0
"MIR1184-2",0
"MIR1184-3",0
"H2AB3",0
"AMD1P2",0
"DPH3P2",0
"VAMP7",0
"ELOCP24",0
"TRPC6P1",0
"DDX11L16",0
"OPN1LW",0
"OPN1MW",0
"TEX28P1",0
"TEX28P3",0
"SNORA70",0
"MIR6858",0
"ATF4P2",0
"FMN2P1",0
"RNU1-142P",0
"BMI1P1",0
"RNA5SP511",0
"H2BP9",0
"SLC25A53P1",0
"MSL3-DT",0
"LIMK2P1",0
"FRMPD4-AS1",0
"RPL17P49",0
"RN7SKP290",0
"PSMA6P2",0
"MRPL35P4",0
"TLR7",0
"TLR8-AS1",0
"RBM22P6",0
"XAGE1A",0
"RBM22P7",0
"SSX14P",0
"SSX11P",0
"SSX7",0
"RNA5SP504",0
"SSX15P",0
"S100A11P10",0
"S100A11P8",0
"SSX21P",0
"SPANXN5",0
"PPIHP2",0
"QTRT1P1",0
"RNU1-57P",0
"RN7SL93P",0
"MIR766",0
"CBX1P4",0
"MIR4768",0
"NHS-AS1",0
"CHP1P3",0
"FAM136GP",0
"PABPC1L2B",0
"RBMXL3",0
"SSX2B",0
"FAM236A",0
"NALF2",0
"RNA5SP502",0
"SHISA5P1",0
"RN7SL15P",0
"RPS15AP39",0
"RNU6-202P",0
"RNU6-854P",0
"RN7SL460P",0
"SSX19P",0
"S100A11P9",0
"SSX3",0
"SSX4",0
"RNU6-800P",0
"ASB9",0
"ASB11",0
"MIR6895",0
"MIR6894",0
"RPSAP62",0
"MPV17L2P1",0
"MIR6857",0
"TIPINP1",0
"VTRNA3-1P",0
"EEDP1",0
"RPS17P17",0
"SOX3",0
"DUSP9",0
"RPL18AP16",0
"RN7SL687P",0
"PNCK",0
"MIR3202-1",0
"MIR3202-2",0
"MIR718",0
"RPL36A-HNRNPH2",0
"KRT18P48",0
"NUTF2P7",0
"RNU1-56P",0
"MIRLET7F2",0
"PABPC1P3",0
"RNU6-330P",0
"RN7SL291P",0
"CT45A11P",0
"GAPDHP67",0
"E2F6P4",0
"KRT18P49",0
"GAGE2E",0
"GAGE12B",0
"SALL1P1",0
"PAGE1",0
"MIR2114",0
"RPL22P23",0
"GPR101",0
"TCEAL3-AS1",0
"CACNA1F",0
"HSPB1P2",0
"ZNF630-AS1",0
"RNU6-707P",0
"S100A11P5",0
"RNA5SP503",0
"SSX20P",0
"S100A11P7",0
"TNMD",0
"RAD21P1",0
"SPIN2P1",0
"RNU6-935P",0
"SPRING1P2",0
"ARHGAP36",0
"RN7SL191P",0
"NXF2",0
"TMSB15A",0
"BMX",0
"RNU5F-7P",0
"SETP15",0
"ALAS2",0
"HDGFL3P1",0
"PAGE2B",0
"PAGE2",0
"MTCO1P52",0
"MTND2P24",0
"MTND1P30",0
"CLTRN",0
"MIR4329",0
"RN7SL266P",0
"ATF4P1",0
"OR3B1P",0
"PNKDP1",0
"RNA5SP514",0
"AGKP2",0
"AP1M2P1",0
"FRMD8P1",0
"CKS1BP6",0
"TAB3-AS1",0
"H2BP7",0
"PCYT1B-AS1",0
"SCARNA23",0
"ARX",0
"PAFAH1B2P1",0
"RN7SL91P",0
"WASH6P",0
"ARHGEF9-IT1",0
"BTF3P8",0
"MIR1468",0
"PAGE5",0
"SSX1",0
"TEX11",0
"RN7SL712P",0
"AKR1B1P8",0
"AGTR2",0
"SALL4P2",0
"ESX1",0
"PLCXD1",0
"CTAG1A",0
"XPNPEP2",0
"CHRDL1",0
"FCF1P4",0
"GLUD1P9",0
"CAPN6",0
"RNU6-496P",0
"SRPX2",0
"RNU7-37P",0
"H3P46",0
"GLRX5P1",0
"MGAT2P2",0
"CT45A3",0
"CT45A6",0
"CT45A2",0
"CT45A8",0
"CT45A9",0
"MIR505",0
"CXorf66",0
"HNRNPA3P3",0
"RN7SL727P",0
"MIR652",0
"MIR3978",0
"SNORD96B",0
"AMMECR1-IT1",0
"SNORA69",0
"RPS11P7",0
"IMPDH1P2",0
"FTHL17",0
"RNU6-894P",0
"RNA5SP501",0
"MIR3915",0
"MIR548F5",0
"DMD-AS3",0
"RN7SL667P",0
"RNU6-1225P",0
"AKIRIN1P2",0
"RNU6-245P",0
"SSX5",0
"CLDN2",0
"DRP2",0
"MAGEB18",0
"MAGEB6",0
"MAGEB5",0
"ATXN7L3P1",0
"EIF4BP9",0
"MTFR1P1",0
"GRIA3",0
"RPL30P15",0
"MIR6086",0
"RN7SKP20",0
"RNU4-52P",0
"MAGEA9",0
"CT47A10",0
"CT47A9",0
"CT47A8",0
"CT47A6",0
"CT47A5",0
"CT47A4",0
"CT47A3",0
"CT47A2",0
"HSFX2",0
"NCLP2",0
"SMIM10L2B",0
"ETDB",0
"CT55",0
"ETDA",0
"SMIM10L2A",0
"RNA5SP515",0
"WDR4P1",0
"H2AB1",0
"ZNF622P1",0
"FOXN3P1",0
"H3P45",0
"RNU6-589P",0
"BEND7P1",0
"GPRASP3",0
"GAPDHP77",0
"GUCY2F",0
"MFN1P1",0
"KCNE5",0
"RPS5P7",0
"H2AB2",0
"F8A2",0
"TREX2",0
"AKR7A2P2",0
"COBLP1",0
"GYG2-AS1",0
"ARSH",0
"ARSF",0
"RN7SL578P",0
"RPS24P21",0
"FNDC3CP",0
"MTND1P32",0
"MTND2P2",0
"MTCO1P19",0
"MTCO2P19",0
"MTATP6P19",0
"MTCO3P19",0
"MTND4P32",0
"MTND5P26",0
"MTND6P32",0
"MTCYBP32",0
"RNU6-1130P",0
"GPR119",0
"CYTH1P1",0
"METTL15P3",0
"RNU6-266P",0
"PHEX",0
"MAGEB2",0
"MAGEB4",0
"MIR224",0
"MIR452",0
"FXYD6P3",0
"SHISA5P2",0
"MKRN5P",0
"RPL32P36",0
"CLIC4P3",0
"TRMT2B-AS1",0
"TMEM35A",0
"YWHAQP8",0
"MAGEB1",0
"OR13H1",0
"SPACA5B",0
"STARD8",0
"MAGEB3",0
"CXorf49B",0
"OPN1MW2",0
"MAGEA9B",0
"FAM236D",0
"ACTRT1",0
"CXorf49",0
"CTAG1B",0
"CTAG2",0
"PAGE3",0
"SSX4B",0
"CT47A1",0
"MPC1L",0
"DMRTC1B",0
"ZBED1",0
"MIR6089",0
"LINC00102",0
"XG",0
"MRPL32P2",0
"H2BW1",0
"CT45A10",0
"PCDH11X",0
"PNMA3",0
"FAM133A",0
"F9",0
"MAGEA4",0
"RPSAP60",0
"TPMTP3",0
"SNORA11E",0
"MAGED4",0
"SNORA11D",0
"RNU6-203P",0
"RPSAP63",0
"GPC3-AS1",0
"LARP1BP3",0
"GPR173",0
"FMR1-IT1",0
"FMR1NB",0
"RNA5SP524",0
"MAGEA10",0
"XAGE3",0
"FRMD7",0
"GPRASP2",0
"MXRA5",0
"ASS1P4",0
"GAGE12C",0
"GAGE12D",0
"GAGE12F",0
"GAGE12E",0
"GAGE12G",0
"GAGE12H",0
"GAGE2A",0
"GAGE1",0
"GAGE10",0
"GAGE12J",0
"GAGE13",0
"GABRQ",0
"MAGEA3",0
"MAGEA2B",0
"CSAG1",0
"MAGEA12",0
"MAGEA2",0
"MAGEA6-DT",0
"PNMA5",0
"PPIAP91",0
"MORF4L1P5",0
"PRXL2CP1",0
"LPAR4",0
"NT5DC1P2",0
"RPL36AP54",0
"MIR450B",0
"MIR450A1",0
"MIR450A2",0
"MIR542",0
"MIR503",0
"MIR424",0
"PLAC1",0
"RPL21P133",0
"RPS7P12",0
"RNU4-44P",0
"RNA5SP505",0
"RPL37P24",0
"RPL7AP71",0
"DACH2",0
"ATXN3L",0
"VCX3B",0
"VCX3A",0
"FAM47A",0
"XIAP-AS1",0
"ZIK1P1",0
"HSPA8P20",0
"TEX13D",0
"NPM1P34",0
"AVPR2",0
"CNGA2",0
"FABP5P13",0
"KRT18P53",0
"SHOX",0
"RPS27AP17",0
"MIR4767",0
"CT47B1",0
"HAPSTR2",0
"FAM156B",0
"MAGEA6",0
"SSX2",0
"VCX",0
"SERTM2",0
"RGN",0
"RNU6-1189P",0
"RNU12-2P",0
"ITPK1P1",0
"MYCLP1",0
"DNAAF6",0
"GJA6P",0
"BLOC1S6P1",0
"HAUS1P2",0
"RN7SL48P",0
"SUPT20HL1",0
"RNU6-1056P",0
"RNU6-29P",0
"ERAS",0
"SNORA11G",0
"TRO",0
"SUPT20HL2",0
"SNRPEP9",0
"RNU6-587P",0
"EIF5P1",0
"HMGN1P33",0
"CLDN34",0
"TCEAL2",0
"RNA5SP513",0
"OCRL",0
"SNORA36A",0
"MIR664B",0
"SNORA56",0
"SMIM9",0
"ARL5AP1",0
"KIAA1210",0
"XAGE1B",0
"CXorf51A",0
"HEPH",0
"SPACA5",0
"CT45A7",0
"SHROOM4",0
"MIR23C",0
"RNU6-98P",0
"HS6ST2-AS1",0
"NAA20P1",0
"USP26",0
"HS6ST2",0
"SPRY3",0
"H2AL1Q",0
"CCDC160",0
"IGBP1-AS1",0
"DGAT2L6",0
"RN7SL581P",0
"AWAT1",0
"RNA5SP507",0
"P2RY4",0
"ARR3",0
"RAB41",0
"TRAPPC2LP1",0
"RNY4P23",0
"RNU4-81P",0
"RNU6-320P",0
"RNU6-972P",0
"SNORD61",0
"TRPC5",0
"RTL4",0
"DPRXP7",0
"CCDC121P1",0
"FBLIM1P1",0
"TEX13C",0
"MIR3690",0
"RNA5SP498",0
"TPT1P14",0
"NPM1P9",0
"GRPEL2P2",0
"BLOC1S2P1",0
"CCT4P2",0
"NANOGP9",0
"TFDP1P2",0
"FAM47C",0
"FTH1P29",0
"NUDT19P6",0
"LINC03098",0
"RN7SL118P",0
"RNY3P16",0
"EIF5P2",0
"SLC7A3",0
"GNG5B",0
"MAGEA1",0
"PWWP4",0
"CT47C1",0
"TNPO3P1",0
"SSU72P1",0
"HTR2C",0
"RPL36AP53",0
"SNORA35",0
"MIR764",0
"MIR1912",0
"MIR1264",0
"MIR1298",0
"MIR1911",0
"MIR448",0
"RPS26P57",0
"RN7SL190P",0
"TLR8",0
"RNU7-69P",0
"CHCHD2P1",0
"TUBB4BP3",0
"RPL12P43",0
"SAGE4P",0
"SAGE3P",0
"SAGE2P",0
"CT45A1",0
"MGAT2P1",0
"CT45A5",0
"ACE2",0
"RPSAP59",0
"TCP11X1",0
"TCP11X2",0
"KLHL13",0
"CRIPTO3",0
"GATA1",0
"RPL18AP15",0
"RNA5SP512",0
"TRPC5OS",0
"MIR548I4",0
"MCF2",0
"SPANXN4",0
"MAGEB16",0
"TENT5D",0
"OPN1MW3",0
"H2AL3",0
"MAGEB6B",0
"SPANXA1",0
"NXF2B",0
"TEX28",0
"SPANXN2",0
"NR0B1",0
"RPL12P49",0
"RNU4-6P",0
"SLC35C2P1",0
"CBX1P2",0
"RNU6-616P",0
"HMGB3P31",0
"SMIM10",0
"RHOXF2B",0
"RHOXF2",0
"SFR1P1",0
"TMEM255A",0
"RNU6-1078P",0
"TPT1P15",0
"RN7SL388P",0
"CITED1",0
"RNU6-383P",0
"CXXC1P1",0
"TMLHEP1",0
"SSX8P",0
"SSX9P",0
"SSX6P",0
"TCP11X3P",0
"CA5BP1",0
"NXF5",0
"NXF4",0
"CSAG4",0
"MAGEA5P",0
"ARMCX7P",0
"CD99P1",0
"TM9SF5P",0
"RHOXF1P1",0
"PNMA6E",0
"SNORD3E",0
"WASHC3P1",0
"NOX1",0
"NSA2P3",0
"XKRX",0
"MAGEA13P",0
"KRT8P6",0
"H2AQ1P",0
"MIR504",0
"TPM2P1",0
"GLRA2",0
"RTL5",0
"RNU6-1044P",0
"CDX4",0
"MORF4L1P6",0
"RPL7P53",0
"MIR421",0
"MIR374B",0
"MIR374C",0
"MIR545",0
"MIR374A",0
"ZCCHC13",0
"RPS6P26",0
"LNX2BP",0
"H2BW2",0
"TMEM30BP1",0
"TKTL1",0
"MIR6134",0
"IL1RAPL1",0
"H3P43",0
"RNA5SP500",0
"MIR4666B",0
"PIGFP3",0
"PCDH19",0
"NXF3",0
"IL1RAPL2",0
"PHB1P10",0
"TEX13A",0
"RNU6-207P",0
"NRK",0
"SERPINA7",0
"NANOGNBP3",0
"RPL21P132",0
"TCEAL6",0
"FAM223A",0
"FAM223B",0
"MIR363",0
"MIR92A2",0
"MIR19B2",0
"MIR20B",0
"MIR18B",0
"MIR106A",0
"CRLF2",0
"XAGE5",0
"SAGE1",0
"RNA5SP525",0
"GABRA3",0
"RNU6-764P",0
"MIR105-1",0
"MIR767",0
"MIR105-2",0
"KRT8P8",0
"NAP1L6P",0
"MRFAP1P1",0
"DENND10P1",0
"VENTXP1",0
"C4orf46P2",0
"NKAPP1",0
"MAP2K4P1",0
"PFN5P",0
"ECMXP",0
"GLRA4",0
"CHMP1B2P",0
"RNU6-434P",0
"TENM1",0
"OTC",0
"CRIPTOP1",0
"BAG1P1",0
"FTLP16",0
"UBTFL11",0
"RNU7-7P",0
"PAGE4",0
"CPSF1P2",0
"RNU6-421P",0
"NCKAP1P1",0
"KPNB1P1",0
"HMGN1P35",0
"MAGEA3-DT",0
"CSAG2",0
"CSAG3",0
"KRT8P14",0
"MIR221",0
"MIR222",0
"SRSF6P1",0
"MED28P4",0
"KRT18P68",0
"DDX53",0
"PDCL2P1",0
"EEF1A1P40",0
"RNU2-68P",0
"SMIM10L2B-AS1",0
"ETS2P1",0
"AMZ2P3",0
"PTP4A1P5",0
"PPP4R3C",0
"RDXP2",0
"RDXP3",0
"BMP15",0
"PPP1R11P2",0
"RAB40AL",0
"RAB40A",0
"AKAP17A",0
"ASMT",0
"MIR1277",0
"RBBP8P1",0
"CSF2RA",0
"CBLL2",0
"ARL5AP5",0
"MMADHCP1",0
"RNU6-867P",0
"ASMTL-AS1",0
"ACE2-DT",0
"FGF13-AS1",0
"FMR1-AS1",0
"IRS4-AS1",0
"LINC00106",0
"LINC01204",0
"LINC02243",0
"PINCR",0
"LINC02601",0
"MIR325HG",0
"LINC02927",0
"LINC02931",0
"LINC03077",0
"DLG3-AS1",0
"USP27X-DT",0
"MIR223HG",0
"LINC01546",0
"MIR106AHG",0
"PABPC1L2B-AS1",0
"PABPC5-AS1",0
"MAGEA8-AS1",0
"L1CAM-AS1",0
"LINC01285",0
"MAGEB17-AS1",0
"SYP-AS1",0
"LINC00629",0
"LINC03113",0
"LINC01201",0
"PLXNB3-AS1",0
"LINC01186",0
"LINC03114",0
"UBE2DNL",0
"LINC00269",0
"PPEF1-AS1",0
"PTCHD1-AS",0
"HCCS-DT",0
"LINC02968",0
"RHOXF1-AS1",0
"TMLHE-AS1",0
"GPR50-AS1",0
"LINC03112",0
"LINC02154",0
"LINC01456",0
"WASIR1",0
"IL9R",0
"EZHIP",0
"NUDT11",0
"LINC01496",0
"CENPVL3",0
"CENPVL2",0
"CENPVL1",0
"IPO7P1",0
"UQCR10P1",0
"GTPBP6",0
"FTH1P14",0
"GOT2P6",0
"MKRN4P",0
"NLRP3P1",0
"OR2AF1P",0
"ASS1P5",0
"MCRIP2P1",0
"NAP1L4P2",0
"RHOG2P",0
"TEX28P2",0
"SOCS5P4",0
"RANP4",0
"CNEP1R1P1",0
"S100A11P6",0
"SSX18P",0
"PPIAP89",0
"RPSAP14",0
"VN1R110P",0
"FTHL18P",0
"MEMO1P4",0
"RHOXF1P2",0
"EEF1A1P30",0
"H2BW3P",0
"HMGB1P15",0
"PRRG1",0
"FTH1P28",0
"FTH1P19",0
"FTH1P27",0
"FAM47DP",0
"LANCL3",0
"H2AL1MP",0
"RPL23AP54",0
"TMEM97P2",0
"OR6R2P",0
"LINC03023",0
"SGCZ",0
"WBP1LP3",0
"MTND6P19",0
"MRPL49P2",0
"HSPA8P13",0
"SINHCAFP3",0
"HMBOX1-IT1",0
"CCT3P1",0
"ADRA1A",0
"MTND5P41",0
"RPL17P33",0
"PAICSP4",0
"RPL23P10",0
"MTCYBP19",0
"VENTXP5",0
"MTND6P20",0
"SNX18P27",0
"IDI1P2",0
"COX6B1P4",0
"ENTPD4-DT",0
"ATP6V1G1P2",0
"MAPK6P4",0
"PSAT1P1",0
"RFPL4AP7",0
"NDUFA5P12",0
"RPL6P22",0
"CYCSP22",0
"SNTG1",0
"BUD31P1",0
"CRISPLD1",0
"PDCL3P1",0
"IGLV8OR8-1",0
"MRPL9P1",0
"XKR9",0
"VENTXP6",0
"COX6CP8",0
"IFITM8P",0
"CA3",0
"REXO1L5P",0
"RLIG1P3",0
"DPPA3P9",0
"HNF4G",0
"REXO1L11P",0
"HIGD1AP18",0
"RPL31P40",0
"SLC2A13P1",0
"ACTBP6",0
"TPM3P3",0
"PSKH2",0
"RPS15AP25",0
"HAUS1P3",0
"JCHAINP1",0
"REXO1L4P",0
"PSMA2P2",0
"PSMC2P2",0
"STAU2-AS1",0
"ERICH5",0
"TRIM60P15",0
"IRF5P1",0
"RPS23P1",0
"DCAF4L2",0
"RPL6P23",0
"SLC7A13",0
"RPS4XP10",0
"MYL12AP1",0
"FSBP",0
"REXO1L12P",0
"RPS29P2",0
"HSPA8P11",0
"TMEM69P1",0
"REXO1L10P",0
"MIR378D2HG",0
"RALYL",0
"UFM1P3",0
"CYP4F44P",0
"KCNV1",0
"MTCYBP20",0
"GAPDHP30",0
"BRIX1P1",0
"RPL7L1P17",0
"CHRNB3",0
"MTND2P38",0
"CLXN",0
"SRSF3P2",0
"KCNS2",0
"MTCO2P4",0
"RAD54B",0
"EYA1",0
"BTF3P1",0
"NPM1P52",0
"REXO1L9P",0
"RPL30P10",0
"SUMO2P18",0
"SDCBPP2",0
"RPS12P15",0
"RPL31P41",0
"RPSAP48",0
"REXO1L2P",0
"NRBF2P4",0
"FER1L6-AS1",0
"MRPS36P3",0
"SUMO2P19",0
"LINC01181",0
"EEF1A1P37",0
"NDUFS5P6",0
"MTND1P7",0
"ARF1P3",0
"SLEAR",0
"RPL29P18",0
"CPA6",0
"CYCSP23",0
"RPL17P31",0
"NDUFA5P2",0
"LINC03084",0
"RPS20P20",0
"MTCO1P4",0
"RPL30P16",0
"TRMT10BP1",0
"PRXL2AP2",0
"NACAP10",0
"PPIAP86",0
"TRAPPC2P2",0
"ATP5PFP3",0
"PGAM1P13",0
"MAL2",0
"NDUFB9P3",0
"KCNB2",0
"TMCC1P1",0
"RPS26P35",0
"COLEC10",0
"RPL36AP31",0
"CARS1P2",0
"RPSAP74",0
"IMPDH1P6",0
"LINC01299",0
"KRT8P4",0
"RPL32P4",0
"GML",0
"H2AZP7",0
"LYPD2",0
"SLURP2",0
"CYP11B2",0
"ZNHIT1P1",0
"RPL21P78",0
"ADCY8",0
"LYNX1",0
"LYNX1-SLURP2",0
"MAPK6P1",0
"KNOP1P5",0
"CSMD3",0
"BAALC",0
"DNAJC8P3",0
"RFPL4AP5",0
"NCAPGP1",0
"RPL21P79",0
"PENK",0
"RPL19P14",0
"MTCO1P47",0
"CRH",0
"DUTP2",0
"RPL35AP19",0
"RN7SKP159",0
"RN7SL318P",0
"RNA5SP251",0
"RN7SL474P",0
"RNU7-153P",0
"RNU6-397P",0
"MIR383",0
"RNU4-71P",0
"MIR3148",0
"RN7SL621P",0
"RNU6-1218P",0
"RNA5SP260",0
"MIR548H4",0
"RN7SL457P",0
"RNU6-528P",0
"RNU6-533P",0
"SNORD65B",0
"RNU6-295P",0
"RN7SKP32",0
"RNU6-356P",0
"SNORD13",0
"RNA5SP531",0
"RN7SKP294",0
"MIR548AO",0
"RNU6-895P",0
"RNU6-819P",0
"RNA5SP267",0
"RNU6-596P",0
"RNU6-13P",0
"RN7SL675P",0
"RNA5SP266",0
"RN7SKP29",0
"MIR124-2",0
"RN7SL19P",0
"RNU6-656P",0
"RN7SL203P",0
"RNA5SP271",0
"RNA5SP269",0
"RNA5SP270",0
"RNU2-54P",0
"RNA5SP272",0
"MIR8084",0
"MIR5708",0
"RNU6-1040P",0
"RNU6-1172P",0
"RNU6-690P",0
"MIR378D2",0
"RN7SL685P",0
"RNU6-1220P",0
"RNU6-703P",0
"SNORD3H",0
"RNA5SP274",0
"RN7SL41P",0
"SNORA72",0
"SNORD77B",0
"RNU6ATAC8P",0
"RNU6-914P",0
"MIR5680",0
"RNA5SP275",0
"RNA5SP276",0
"RNU6-12P",0
"RN7SKP155",0
"RNU7-67P",0
"RN7SL228P",0
"RN7SL826P",0
"MIR2053",0
"RN7SKP226",0
"RNU6-875P",0
"MIR548AZ",0
"MIR548D1",0
"MIR548AA1",0
"RNU4-83P",0
"RNU4-37P",0
"MIR3149",0
"MIR1208",0
"MIR1302-7",0
"RNU6-442P",0
"NPBWR1",0
"C8orf17",0
"MIR1205",0
"RNVU1-32",0
"MIR1206",0
"RNU4-25P",0
"MIR1207",0
"LINC02912",0
"LINC00208",0
"RNA5SP264",0
"LINC02886",0
"HIGD1AP6",0
"PKMP4",0
"DPPA3P7",0
"CYP11B1",0
"MIR5681A",0
"MIR5681B",0
"MIR2052",0
"ABRAXAS1P2",0
"MTND4LP26",0
"XRCC6P4",0
"TTPA",0
"TARDBPP4",0
"RN7SL135P",0
"MIR6841",0
"RN7SKP206",0
"MIR3686",0
"MTRF1LP2",0
"MIR7112",0
"SCX",0
"MIR6848",0
"SCRT1",0
"MIR939",0
"MIR1234",0
"MIR6849",0
"NATP",0
"GPR20",0
"RN7SL798P",0
"RN7SL323P",0
"SNORD54",0
"MOS",0
"RNU1-124P",0
"VN1R46P",0
"AFG3L2P1",0
"RNU6-104P",0
"PPDPFL",0
"FER1L6",0
"RNA5SP268",0
"CCDC166",0
"FAM83H",0
"MIR4664",0
"MIR937",0
"MIR6845",0
"MIR661",0
"SPATC1",0
"MIR6846",0
"MIR6847",0
"TSSK5P",0
"C8orf44-SGK3",0
"PTTG3P",0
"SNORD87",0
"TRHR",0
"MAPK6P5",0
"MIR7705",0
"RNU6ATAC41P",0
"AURKBP1",0
"RPS17P14",0
"SNORD38D",0
"ADAM32",0
"RPL3P10",0
"RNU6-285P",0
"RPL17P30",0
"DKK4",0
"MIR6844",0
"MIR4662B",0
"MIR4662A",0
"MRS2P1",0
"HIKESHIP3",0
"TEX15",0
"IQANK1",0
"NPM2",0
"FGF17",0
"RPL21P77",0
"MRPL57P7",0
"RN7SKP85",0
"MSL3P3",0
"RN7SL350P",0
"NTAN1P2",0
"SLC2A3P4",0
"MIOXP1",0
"UBE2Q2P10",0
"GOLGA2P1",0
"OR7E96P",0
"VPS51P16",0
"MIR548I3",0
"RPS3AP31",0
"SNRPCP17",0
"SLC16A14P1",0
"MIR4288",0
"RNA5SP259",0
"INTS9-AS1",0
"RPL36AP32",0
"RPL12P24",0
"HMGB1P46",0
"SDR16C5",0
"OR4F21",0
"NKX2-6",0
"TDRP",0
"RN7SKP175",0
"ZNF623",0
"POU5F1P2",0
"ADI1P2",0
"SMARCE1P4",0
"RN7SL395P",0
"MIR6850",0
"SUMO2P16",0
"RPL19P13",0
"RN7SL293P",0
"RNU6-1084P",0
"VPS51P12",0
"RNA5SP253",0
"DEFB108D",0
"USP17L7",0
"MIR3674",0
"MIR596",0
"MIR7160",0
"SLC30A8",0
"DEFB135",0
"DCSTAMP",0
"KLHL38",0
"MIR8055",0
"MIR4659A",0
"MIR4659B",0
"GATA4",0
"RPL26P26",0
"RNA5SP254",0
"DEFB108E",0
"ZNF705CP",0
"FAM90A25P",0
"ENPP7P6",0
"OC90",0
"MIR3610",0
"AARD",0
"RN7SL303P",0
"CHILL1",0
"MIR6893",0
"TONSL-AS1",0
"GPT",0
"DNAAF11",0
"RGS22",0
"GDF6",0
"C8orf89",0
"RN7SKP153",0
"RN7SL760P",0
"GYG1P1",0
"RPS20P21",0
"DSTNP3",0
"RNU6-1197P",0
"PURG",0
"RPL34P17",0
"ALKAL1",0
"HMGB1P19",0
"FAM83A-AS2",0
"MIR4663",0
"RNU6-628P",0
"MIR548V",0
"RNA5SP256",0
"STMN4",0
"PMP2",0
"FABP9",0
"FABP4",0
"NIPA2P4",0
"RPS26P34",0
"SLC10A5P1",0
"KRT18P37",0
"IDO2",0
"USP17L2",0
"RNA5SP261",0
"RNA5SP262",0
"RNA5SP263",0
"RNU6-663P",0
"MTND1P6",0
"MTND2P32",0
"RANP9",0
"TMEM249",0
"RNU6-519P",0
"RNU6-869P",0
"RNU11-4P",0
"CCAT2",0
"MIR151A",0
"RNA5SP278",0
"ZNF705D",0
"FGF20",0
"LINC02933",0
"RNU6-1011P",0
"PTMAP15",0
"CPP",0
"MIR4661",0
"COX6B1P6",0
"RNU6-925P",0
"MIR3150B",0
"MIR3150A",0
"RNU6-665P",0
"RNU6-144P",0
"ZYXP1",0
"PPM1AP1",0
"RPL32P19",0
"RNU6-607P",0
"RN7SL709P",0
"GOT1L1",0
"ADRB3",0
"RPL12P48",0
"RNU6-988P",0
"STAR",0
"PPIAP84",0
"MIR6842",0
"CHRNA2",0
"MIR6843",0
"RNU6-1086P",0
"MIR3622B",0
"MIR3622A",0
"ESCO2",0
"RNU6-1276P",0
"PBK",0
"MIR4287",0
"RNU6-178P",0
"RNU1-148P",0
"ADAM7",0
"RPL15P12",0
"RNU6-1324P",0
"RN7SL107P",0
"CKS1BP7",0
"RNU11-6P",0
"SNRPCP6",0
"RPS3AP33",0
"VPS51P8",0
"OR7E125P",0
"FAM90A4P",0
"USP17L1",0
"ZNF705G",0
"DEFB103B",0
"DEFB104B",0
"DEFB106B",0
"DEFB107B",0
"PRR23D1",0
"FAM90A6P",0
"OR7E157P",0
"VPS51P15",0
"VPS51P9",0
"PRR23D2",0
"DEFB107A",0
"DEFB105A",0
"DEFB106A",0
"DEFB104A",0
"DEFB103A",0
"HSPD1P2",0
"DEFB4A",0
"ZNF705B",0
"DEFB108A",0
"USP17L8",0
"USP17L3",0
"SYBU-AS1",0
"FAM90A23",0
"FAM90A22",0
"FAM90A7",0
"FAM90A8",0
"FAM90A9",0
"FAM90A17",0
"FAM90A18",0
"FAM90A19",0
"FAM90A14",0
"FAM90A16",0
"FAM90A10",0
"CFAP418",0
"SPAG11A",0
"FABP12",0
"IFITM3P8",0
"VTA1P2",0
"IARS2P1",0
"SOX5P1",0
"CNBD1",0
"C8orf90",0
"ZNF572",0
"CHRNA6",0
"RN7SL806P",0
"MIR4469",0
"RNU7-85P",0
"RNU1-35P",0
"RNU6-756P",0
"MIR486-2",0
"RN7SL149P",0
"ASNSP1",0
"OR7E161P",0
"IMPA1P1",0
"ALG1L13P",0
"ZNF252P",0
"ADAM24P",0
"SLC7A2",0
"SLC7A2-IT1",0
"RN7SKP97",0
"C4orf46P3",0
"THAP12P7",0
"CDC42P3",0
"AK3P2",0
"LY6H",0
"GPIHBP1",0
"DEFA1B",0
"DEFA3",0
"DEFA5",0
"VPS51P14",0
"PRR13P7",0
"MRPS16P1",0
"LY6L",0
"TMEM276-ZFTRAF1",0
"OPRK1",0
"MIR1204",0
"RNU105C",0
"SOX17",0
"TRMT112P7",0
"RP1",0
"SEC11B",0
"RPL7L1P18",0
"HPYR1",0
"MIR6876",0
"NAT2",0
"PSD3",0
"RPL35P6",0
"RNA5SP265",0
"DEFA11P",0
"DEFA7P",0
"DEFB4B",0
"FAM90A21P",0
"RNU6-1213P",0
"MIR3151",0
"MTND2P7",0
"MTCO1P49",0
"COL22A1",0
"FAM167A",0
"DEFB131C",0
"DEFB130B",0
"FAM86B1",0
"MIR30B",0
"MIR30D",0
"RPL23AP56",0
"LINC01591",0
"ENPP7P1",0
"GSDMC",0
"RNU6-842P",0
"MTND4P7",0
"RNA5SP255",0
"DEFB109C",0
"FAM86B3P",0
"RPL23AP96",0
"DEFA6",0
"DEFA4",0
"DEFA9P",0
"DEFA10P",0
"DEFA1",0
"DEFB109B",0
"DEFB108C",0
"DEFB105B",0
"LINC02949",0
"RN7SL178P",0
"RNU6-682P",0
"MIR4660",0
"RNU7-55P",0
"RNU6-1151P",0
"RNU6-526P",0
"MIR597",0
"MIR124-1",0
"LINC03022",0
"RNU6-729P",0
"PRSS51",0
"PRSS55",0
"RP1L1",0
"MIR4286",0
"C8orf74",0
"RNA5SP252",0
"PINX1",0
"MIR1322",0
"MIR598",0
"DEFB109D",0
"FAM90A2P",0
"RPL23AP53",0
"RPL37P6",0
"REXO1L1P",0
"REXO1L6P",0
"RPS20P22",0
"TPT1P8",0
"TUBBP1",0
"SDAD1P1",0
"DEFB131E",0
"RPL10P19",0
"SDR16C6P",0
"TDH",0
"RPL17P29",0
"RNA5SP273",0
"RN7SKP231",0
"DEFB131D",0
"DEFB130A",0
"RPS3AP35",0
"VPS51P19",0
"OR7E8P",0
"OR7E10P",0
"MIR5692A2",0
"MIR3926-1",0
"MIR3926-2",0
"FAM90A3",0
"FAM90A15",0
"FAM90A13",0
"FAM90A5",0
"FAM90A11",0
"FAM90A12",0
"FAM90A20",0
"RNU6-220P",0
"LINC02990",0
"FAM90A24",0
"LY6S",0
"MIR4472-1",0
"RN7SL260P",0
"ADGRB1",0
"MROH4P",0
"RPS27AP13",0
"RNU6-1331P",0
"CRIPTOP5",0
"RNU6ATAC32P",0
"DEFB136",0
"DEFB134",0
"ADAM3A",0
"ADAM5",0
"ADAM2",0
"LINC03042",0
"MIR4471",0
"RN7SKP249",0
"DUXAP2",0
"NACA4P",0
"RN7SL563P",0
"RGS20",0
"RNU6-892P",0
"LZTS1-AS1",0
"RNA5SP257",0
"SMILR",0
"CDK5P1",0
"RN7SL329P",0
"LINC01111",0
"LINC03018",0
"LINC01603",0
"LINC03024",0
"FAM167A-AS1",0
"TDH-AS1",0
"LINC03093",0
"LINC00967",0
"NRG1-IT3",0
"BAALC-AS2",0
"XKR4-AS1",0
"LINC01298",0
"LINC03090",0
"LINC02844",0
"LOXL2-AS1",0
"MAL2-AS1",0
"LINC00824",0
"LINC03020",0
"LINC02849",0
"LINC00964",0
"RBM12B-DT",0
"LINC00293",0
"LINC02855",0
"LINC00589",0
"TRIB1AL",0
"MIR124-2HG",0
"WWP1-AS1",0
"LINC01609",0
"ASTILCS",0
"EXTL3-AS1",0
"FAM83A-AS1",0
"LINC01300",0
"MAFA-AS1",0
"LINC02947",0
"LINC00051",0
"LINC03019",0
"LINC00681",0
"LINC03054",0
"LINC02599",0
"CASC9",0
"LINC02153",0
"SIRLNT",0
"DLGAP2-AS1",0
"SQLE-DT",0
"LINC01288",0
"TNFRSF10B-AS1",0
"LINC03071",0
"IKBKB-DT",0
"LINC02209",0
"LINC02950",0
"ZFHX4-AS1",0
"LINC00251",0
"GASAL1",0
"ZFPM2-AS1",0
"BHLHE22-AS1",0
"LINC02906",0
"LINC02845",0
"KBTBD11-OT1",0
"KBTBD11-AS1",0
"LINC00536",0
"ADAM7-AS2",0
"LINC00588",0
"LINC02894",0
"NRG1-IT1",0
"FAM66E",0
"MIR124-1HG",0
"FER1L6-AS2",0
"LINC01607",0
"LINC02839",0
"LINC01419",0
"DSCC1",0
"RN7SL396P",0
"RNA5SP277",0
"HRURF",0
"MIR320A",0
"LINC01592",0
"RNU7-102P",0
"RN7SKP135",0
"LINC01289",0
"RNU4-50P",0
"SEPTIN14P8",0
"RPL29P19",0
"ASNSP4",0
"REXO1L3P",0
"HSPE1P14",0
"LINC01606",0
"SERPINA15P",0
"LINC02237",0
"SEPTIN10P1",0
"SUB1P1",0
"RPS20P23",0
"OR7E158P",0
"ALG1L12P",0
"SNRPCP15",0
"DEFT1P2",0
"PRR23D3P",0
"DEFA8P",0
"DEFT1P",0
"DEFB109A",0
"PRSS52P",0
"ENPP7P12",0
"ALG1L11P",0
"OR7E15P",0
"RPL30P9",0
"LINC00968",0
"LINC01605",0
"LINC01151",0
"CIBAR1-DT",0
"MSRA-DT",0
"H3P29",0
"HNRNPA1P41",0
"RPS29P33",0
"JKAMPP1",0
"PABPC1P11",0
"RPS27AP14",0
"SUMO2P2",0
"TMEM215",0
"DMRTA1",0
"RPL31P42",0
"MTCO3P30",0
"LINC01242",0
"GARIN3P1",0
"SAMM50P1",0
"HMGB3P23",0
"NOP56P2",0
"CHCHD4P3",0
"LURAP1L",0
"LINC01627",0
"HMGN2P16",0
"KCTD9P3",0
"RBPJP6",0
"FTLP4",0
"ATP5F1AP1",0
"ATP5F1AP10",0
"FKBP4P7",0
"RPL32P21",0
"LYPLA2P3",0
"CDCA7P2",0
"TCEA1P4",0
"RPL21P84",0
"HSPA8P17",0
"FOXB2",0
"SDR42E1P2",0
"RASEF",0
"MTCO3P40",0
"ATP5MFP3",0
"RPS20P25",0
"FOXD4L3",0
"ATP5F1AP7",0
"FAM74A7",0
"GNA14-AS1",0
"DNAJB5P1",0
"MTCO1P51",0
"FRMD3",0
"CDRT15P7",0
"SDR42E1P4",0
"ASS1P3",0
"OR7E31P",0
"SDR42E1P3",0
"MTND3P4",0
"LINC00583",0
"IL6RP1",0
"RBPJP2",0
"RPL7AP46",0
"CYLC2",0
"OR7E116P",0
"LINC02578",0
"GAPDHP26",0
"MTND2P9",0
"TUBB4BP6",0
"ARL2BPP7",0
"BNIP3P4",0
"KRT18P66",0
"FKBP4P8",0
"DEPDC1P2",0
"HNRNPA1P15",0
"RPS20P24",0
"PHB1P7",0
"RPL36AP6",0
"HMGN2P32",0
"BRINP1",0
"PLPPR1",0
"RPS15AP27",0
"SPATA31A6",0
"RPS27AP15",0
"MYO5BP3",0
"CDRT15P5",0
"CCSER2P1",0
"KRT18P36",0
"ZYG11AP1",0
"FXNP2",0
"MSANTD3-TMEFF1",0
"RPL32P22",0
"LINC01243",0
"NUTF2P3",0
"TMEFF1",0
"RPL29P20",0
"MTATP6P30",0
"CHCHD4P2",0
"HSPE1P28",0
"NPAP1P4",0
"KRT18P24",0
"SPATA31B1P",0
"RFC5P1",0
"MTND2P8",0
"DDX10P2",0
"RPS19P6",0
"RNA5SP279",0
"RNU6-1073P",0
"MIR101-2",0
"RNU2-47P",0
"RNU6-246P",0
"RNU6-264P",0
"RN7SL720P",0
"RNU6-14P",0
"RN7SKP120",0
"RN7SL849P",0
"RMRPP5",0
"RNU6-677P",0
"RNA5SP530",0
"RN7SL565P",0
"RN7SL343P",0
"RNU6-1293P",0
"RNA5SP285",0
"RN7SL422P",0
"RN7SKP59",0
"RNU6-1303P",0
"RN7SKP242",0
"RNU2-36P",0
"RNU4-29P",0
"RN7SKP264",0
"MIR4290",0
"MIR4291",0
"MIR4289",0
"RN7SKP87",0
"RNU6-996P",0
"RNU6-329P",0
"RNU6-492P",0
"RNA5SP291",0
"RN7SL659P",0
"RNU6-1064P",0
"MIR7702",0
"RNA5SP293",0
"MIR3927",0
"RNU6-432P",0
"RNY4P18",0
"RNA5SP294",0
"RNA5SP295",0
"RN7SL430P",0
"MIR147A",0
"RNU6-710P",0
"RNU4-82P",0
"RN7SL302P",0
"MIR455",0
"MIR181A2",0
"MIR181B2",0
"NRON",0
"MIR4669",0
"SNORA65",0
"MIR3911",0
"MIR3960",0
"MIR2861",0
"CCIN",0
"RNU4-53P",0
"PTGES2-AS1",0
"MIR219A2",0
"MIR219B",0
"SPATA31F3",0
"GLULP4",0
"RNU6-984P",0
"RPL21P82",0
"HSPE1P22",0
"MTATP6P29",0
"MTCO3P29",0
"MTND3P23",0
"MTND4LP7",0
"MTND4P15",0
"BEND3P2",0
"OGN",0
"MIR4670",0
"MIR7-1",0
"MIR4667",0
"RN7SL22P",0
"MIR6852",0
"MIR6853",0
"FAM221B",0
"NDUFA5P4",0
"HRCT1",0
"SPAAR",0
"PGAM1P2",0
"OR2S2",0
"MIR4473",0
"RNU4-26P",0
"MIR4474",0
"RPL7AP48",0
"MIR491",0
"SNORA30B",0
"MIR7114",0
"SETP5",0
"RNU6-86P",0
"EIF1P1",0
"DMRT1",0
"DMRT3",0
"RNU6-829P",0
"MIR548AU",0
"RN7SL181P",0
"TRPC6P4",0
"TRMT112P4",0
"FYTTD1P1",0
"PPP3R2",0
"H3P31",0
"RN7SL100P",0
"RNA5SP280",0
"RPL36AP34",0
"EQTN",0
"GDA",0
"TMC1",0
"TMEM252",0
"DENRP4",0
"PTGDS",0
"LCNL1",0
"ENTPD2",0
"TMEM210",0
"RNF224",0
"SLC25A6P5",0
"MIR8081",0
"RN7SKP77",0
"RNA5SP292",0
"RPL7AP44",0
"RNU2-46P",0
"RNA5SP289",0
"PARK7P2",0
"RPL36AP35",0
"ACTL7B",0
"ACTL7A",0
"MIR32",0
"MIR6856",0
"QRFP",0
"FIBCD1",0
"PRDM12",0
"RN7SL159P",0
"VN2R3P",0
"RBM17P1",0
"RN7SL640P",0
"SPATA31A1",0
"SKP1P3",0
"FKBP4P2",0
"SDR42E1P1",0
"ATP5F1AP8",0
"RBPJP5",0
"RN7SL763P",0
"MEP1AP1",0
"RNU6-1269P",0
"CNN2P2",0
"SLC46A2-AS1",0
"MUPP",0
"OR1K1",0
"KRT18P67",0
"SNORD90",0
"RNY1P15",0
"MIR600",0
"RNU6-820P",0
"LSM1P1",0
"MIR126",0
"SNORA17B",0
"SNORA17A",0
"LCN10",0
"LCN6",0
"MIR6722",0
"ATP6V1G1P3",0
"MIR4292",0
"MIR4479",0
"C9orf163",0
"RALGAPA1P1",0
"TAL2",0
"IZUMO3",0
"PRKACG",0
"SPATA31A5",0
"FRMPD1",0
"RN7SKP171",0
"RNU7-124P",0
"RNU6-881P",0
"SNORD62A",0
"SNORD62B",0
"FAM74A3",0
"MIR2278",0
"MIR6081",0
"MIR23B",0
"MIR27B",0
"MIR24-1",0
"RNA5SP288",0
"MIR4672",0
"NUTM2G",0
"YRDCP2",0
"PAPPA-AS2",0
"SNORA70C",0
"RN7SKP128",0
"RN7SKP125",0
"MIR4478",0
"TEX48",0
"CDCA4P1",0
"CER1",0
"RNU6-1260P",0
"LDHAP4",0
"UBE2V1P10",0
"EIF3JP3",0
"TRBV21OR9-2",0
"TRBV22OR9-2",0
"TRBV23OR9-2",0
"TRBV24OR9-2",0
"TRBV25OR9-2",0
"TRBV26OR9-2",0
"TRBV29OR9-2",0
"RNU4ATAC11P",0
"SNORD121B",0
"SNORD121A",0
"OSTCP8",0
"RN7SKP114",0
"TUBB4BP2",0
"RN7SL187P",0
"RN7SL726P",0
"MIR204",0
"PIGUP1",0
"OR13F1",0
"OR13C4",0
"OR13C8",0
"OR13D2P",0
"OR13C5",0
"OR13C2",0
"OR13I1P",0
"OR13D3P",0
"GPR21",0
"FRRS1L",0
"MIR3152",0
"RN7SKP258",0
"RAP1BP1",0
"SAXO1",0
"ADAMTSL1",0
"ENHO",0
"CCL27",0
"SPATA31F1",0
"MIR6877",0
"CEL",0
"LCN1P1",0
"ABO",0
"LCN1P2",0
"RPL21P81",0
"SNORD24",0
"SNORD36B",0
"SNORD36A",0
"VN1R51P",0
"FAM220CP",0
"RNU6-798P",0
"OR2AM1P",0
"HMGB3P24",0
"RPSAP76",0
"RNU6-1020P",0
"RNA5SP281",0
"SLC25A5P8",0
"SNRPCP1",0
"MIR548AW",0
"RNU7-21P",0
"MIR1302-9",0
"FOXD4",0
"RNU7-171P",0
"VTI1BP4",0
"KCNV2",0
"RN7SL560P",0
"SPOUT1",0
"RNA5SP284",0
"LRRC26",0
"SOHLH1",0
"GLIS3-AS2",0
"RNU6-694P",0
"OR1J1",0
"OR1J2",0
"OR1J4",0
"OR1Q1",0
"OR1L1",0
"TLK1P1",0
"GLIS3",0
"VDAC1P11",0
"YRDCP1",0
"RNU6-669P",0
"AHCYP2",0
"RNU2-50P",0
"DNAJC25-GNG10",0
"RNU6-1013P",0
"MIR4668",0
"RN7SL665P",0
"OR2K2",0
"RNU2-25P",0
"RN7SL592P",0
"ATP5PDP2",0
"CDK2AP2P1",0
"MYO5BP1",0
"DMRT2",0
"RNU7-185P",0
"RNF183",0
"IMP3P1",0
"RN7SL722P",0
"RN7SL787P",0
"RNU6-368P",0
"IFNNP1",0
"IFNB1",0
"IFNWP4",0
"IFNW1",0
"IFNA21",0
"OR1L3",0
"KIF12",0
"LINC02843",0
"OR13J1",0
"ELF2P3",0
"SPATA31E1",0
"SPMIP6",0
"NUTM2F",0
"MUSK",0
"MIR6851",0
"GLT6D1",0
"OR1L8",0
"ZNF618",0
"CNTNAP3",0
"MIR601",0
"MIR7150",0
"PIGFP2",0
"LHX2",0
"SPATA31C2",0
"IGFBPL1",0
"ARMC8P1",0
"GAS2L1P1",0
"VN1R48P",0
"FAM220BP",0
"RNU6-765P",0
"NDUFA5P3",0
"C11orf98P1",0
"SLC24A2",0
"AK4P4",0
"AQP7",0
"FAM240B",0
"MIR199B",0
"MIR3154",0
"RPS2P35",0
"DPPA3P10",0
"NANOGP5",0
"STPG3",0
"ECM2",0
"LHX6",0
"RPL7P33",0
"UPF3AP3",0
"LINC02907",0
"SOCS5P2",0
"LCN1",0
"ANGPTL2",0
"MIR4673",0
"MIR4674",0
"IGKV1OR9-1",0
"FOXD4L5",0
"FRG1KP",0
"IGKV1OR-3",0
"FOXD4L4",0
"CARD9",0
"RN7SKP24",0
"ARID3C",0
"NR5A1",0
"IFNA17",0
"IFNWP5",0
"IFNA14",0
"IFNA22P",0
"IFNA5",0
"IFNA2",0
"IFNA11P",0
"IFNA12P",0
"IFNWP2",0
"IFNA1",0
"IFNWP19",0
"MIR31",0
"H3P30",0
"IFNE",0
"STRA6LP",0
"CCDC180",0
"MIR1302-8",0
"RNU6-538P",0
"ANKRD20A1",0
"RNU6-1193P",0
"CYP4F25P",0
"RPL35AP22",0
"RNU6-1082P",0
"KHSRPP1",0
"RN7SL151P",0
"TUBB8P1",0
"ERVFRD-3",0
"UBA52P6",0
"RUSC2",0
"RPL36AP33",0
"CIMIP2B",0
"RPS29P17",0
"MIR3621",0
"HMGN2P31",0
"RNF152P1",0
"EMICERI",0
"KCTD10P1",0
"MIR876",0
"MIR873",0
"ME2P1",0
"LINGO2",0
"PCNPP2",0
"S1PR3",0
"SHC3",0
"RNA5SP290",0
"RN7SL794P",0
"RN7SKP225",0
"KRT8P11",0
"OR13C3",0
"OR13D1",0
"RN7SL544P",0
"RBPJP7",0
"RN7SKP191",0
"UBE2V1P4",0
"MIR6855",0
"MIRLET7A1",0
"MIRLET7F1",0
"MIRLET7D",0
"SPATA31A7",0
"SPATA31A3",0
"IFNA13",0
"FAM163B",0
"DBH",0
"MYMK",0
"ADAMTS13",0
"CNN2P3",0
"GXYLT1P6",0
"CYP4F33P",0
"ANKRD18B",0
"RNU6-599P",0
"SNX18P5",0
"SNX18P2",0
"ALOX15P2",0
"ADGRF5P2",0
"MEP1AP4",0
"DIRAS2",0
"RNU6-918P",0
"MIR6854",0
"RNU6-1035P",0
"RNA5SP287",0
"SPATA31D4",0
"SPATA31D3",0
"SPATA31D2P",0
"RNU6-156P",0
"MIR1299",0
"RNU6-559P",0
"CSNK1G2P1",0
"MTND6P5",0
"MTND1P11",0
"MTCO1P11",0
"MTCO2P11",0
"MTATP6P11",0
"MTCO3P11",0
"MTND4P14",0
"MTND5P14",0
"INSL4",0
"EIF4A1P3",0
"BMS1P10",0
"ATP8B5P",0
"LINC00475",0
"PRSS47P",0
"FAM120A2P",0
"ZNF658B",0
"FAM95B1",0
"CTSL3P",0
"OR13C1P",0
"SPATA31F2P",0
"CELP",0
"MFSD14CP",0
"LRRC37A5P",0
"CDRT15P6",0
"FBP2P1",0
"NPAP1P9",0
"SNX18P3",0
"ANKRD20A2P",0
"CYP4F59P",0
"ANKRD20A3P",0
"ANKRD20A4P",0
"ANKRD20A7P",0
"ANKRD19P",0
"CNTNAP3P7",0
"SPATA31D5P",0
"FGF7P3",0
"REXO6P",0
"CYSRT1",0
"OR2S1P",0
"COL5A1-AS1",0
"MIR3689C",0
"MIR3689A",0
"MIR3689D1",0
"MIR3689B",0
"MIR3689D2",0
"MIR3689E",0
"MIR3689F",0
"FCN2",0
"CARM1P1",0
"LHX3",0
"HSD17B3",0
"RNU6-1160P",0
"SPATA31C1",0
"RNU4ATAC15P",0
"OTX2P1",0
"RBM22P5",0
"H3P32",0
"TRBV20OR9-2",0
"ECM1P1",0
"PES1P2",0
"RPL3P11",0
"ATP5PDP3",0
"SEPTIN7P7",0
"NME2P3",0
"ADIPINT",0
"OR1N1",0
"OR1N2",0
"OR1L4",0
"OR1L6",0
"OR5C1",0
"CNTNAP3C",0
"RN7SL462P",0
"CFAP77",0
"RNU5D-2P",0
"BARHL1",0
"EPB41L4B",0
"MTND2P11",0
"RMRP",0
"FAM74A6",0
"FAM74A4",0
"RPL12P25",0
"PTENP1",0
"GAS2L1P2",0
"MAP1LC3BP1",0
"GXYLT1P4",0
"TOPORSLP",0
"CUTALP",0
"C9orf152",0
"TXNDC8",0
"RNU6-1039P",0
"OR1B1",0
"GABBR2",0
"GTF3AP1",0
"IL33",0
"RPS3AP54",0
"RNF2P1",0
"TUBBP5",0
"FAM157B",0
"RNU6-785P",0
"OR4F8BP",0
"CFAP95",0
"RN7SL570P",0
"HSPB1P1",0
"C9orf57",0
"RNU2-5P",0
"DPP3P2",0
"RNA5SP286",0
"TRPM6",0
"RN7SKP47",0
"RPSAP75",0
"RNU6-445P",0
"MIR4475",0
"MIR4540",0
"MIR4476",0
"LINC02975",0
"C9orf50",0
"PGM5P2",0
"FOXD4L6",0
"LAGE3P1",0
"STPG3-AS1",0
"PAICSP2",0
"MIR3910-1",0
"MIR3910-2",0
"IFNA6",0
"IFNWP15",0
"IFNA4",0
"IFNWP9",0
"IFNA7",0
"IFNA10",0
"IFNWP18",0
"IFNA16",0
"CYP1D1P",0
"KRT18P13",0
"FOXE1",0
"HEMGN",0
"RNU4-15P",0
"PTPRD-DT",0
"LHX2-AS1",0
"FAM242E",0
"FAM242D",0
"CFAP95-DT",0
"FAM225B",0
"CDKN2A-AS1",0
"PRRX2-AS1",0
"VLDLR-AS1",0
"NALT1",0
"LINC02692",0
"LINC00587",0
"FAM242F",0
"IFT74-AS1",0
"LINC01474",0
"HSD17B3-AS1",0
"TMEM246-AS1",0
"LINC01613",0
"FIBCD1-AS1",0
"BNC2-AS1",0
"LINC01241",0
"LMX1B-DT",0
"HSPA5-DT",0
"PGM5-AS1",0
"TMEM252-DT",0
"LINC01239",0
"PPP1R26-AS1",0
"BARX1-DT",0
"FAM201A",0
"TLE1-DT",0
"LINC03094",0
"RORB-AS1",0
"LINC01230",0
"LINC02247",0
"LINC01508",0
"LINC01501",0
"LINC01231",0
"LINC01451",0
"FRMD3-AS1",0
"GLIS3-AS1",0
"MIR181A2HG",0
"MIR31HG",0
"LINC01492",0
"PBX3-DT",0
"SNX30-DT",0
"LINC03026",0
"LINC03041",0
"PTCSC2",0
"FAM74A1",0
"ASTN2-AS1",0
"LINC02872",0
"LINC03025",0
"FAM138C",0
"LINC01509",0
"LINC01235",0
"CYP4F26P",0
"PTPRD-AS1",0
"FAM225A",0
"TPD52L3",0
"RN7SL25P",0
"RPSAP49",0
"RNA5SP283",0
"PTGER4P2",0
"MYO5BP2",0
"ADGRF5P1",0
"LINC02957",0
"FGF7P6",0
"RBM17P2",0
"PTGER4P3",0
"CNTNAP3P2",0
"RAB28P3",0
"AQP7P4",0
"FGF7P5",0
"RBM17P3",0
"AQP7P1",0
"RPS6P12",0
"BMS1P11",0
"BMS1P9",0
"PPIAP88",0
"CDK2AP2P3",0
"RAB28P4",0
"RPL31P43",0
"YBX1P6",0
"AQP7P2",0
"CDC20P1",0
"ACNATP",0
"RAB28P1",0
"RPL7AP49",0
"CDRT15P14",0
"SNX18P8",0
"GXYLT1P3",0
"AQP7P5",0
"PRDX1P1",0
"SUGT1P1",0
"PRSS3P4",0
"HMGB1P37",0
"SUGT1P4",0
"DDX11L5",0
"FRG1JP",0
"OR1H1P",0
"RPL7AP45",0
"FAM27B",0
"NPAP1P7",0
"CTSLP8",0
"YWHABP1",0
"BMS1P12",0
"ZNG1DP",0
"BMS1P13",0
"AQP7P3",0
"ANKRD18CP",0
"SNX18P4",0
"CDRT15P12",0
"SNX18P9",0
"ZFAND6P1",0
"RPL7AP76",0
"FGF7P7",0
"CNTNAP3P5",0
"RAB28P2",0
"SNX18P7",0
"CYP4F60P",0
"FGF7P4",0
"OR7E109P",0
"OR7E108P",0
"RPSAP9",0
"RPL7AP47",0
"RPL35AP20",0
"IL9RP1",0
"CDK2AP2P2",0
"FGF7P8",0
"CNTNAP3P1",0
"CNTFR-AS1",0
"LINC01507",0
"LINC01388",0
"TOLLIP-DT",0
"MUC5B",0
"BRSK2",0
"MUC5B-AS1",0
"H3P33",0
"NAV2-AS3",0
"RPL36AP40",0
"CYCSP25",0
"SYT9",0
"LINC02745",0
"DNAAF11P1",0
"WIZP1",0
"PAUPAR",0
"DBX1",0
"LUZP2",0
"LEISA1",0
"OR4C13",0
"GTF2IP11",0
"ANKRD33BP5",0
"OR4C14P",0
"NAV2-AS5",0
"ANKRD33BP6",0
"THAP12P4",0
"OR4A49P",0
"OR2BH1P",0
"MTND5P21",0
"CBX3P8",0
"TRIM51DP",0
"OR5D15P",0
"OR4A19P",0
"PHKG1P3",0
"OR5L2",0
"FOLH1",0
"OR10AF1P",0
"OR5D14",0
"OR4A21P",0
"OR4A1P",0
"LINC02735",0
"OR4A7P",0
"OR4A6P",0
"OR4A18P",0
"LINC02707",0
"OR5D13",0
"OR9Q1",0
"OR4C16",0
"OR5B10P",0
"OR4R3P",0
"OR5D17P",0
"KRT18P14",0
"OR10AK1P",0
"OR5B17",0
"OR4A5",0
"NAV2-AS1",0
"RPL12P31",0
"OR4A8",0
"CIR1P3",0
"EEF1A1P47",0
"TRIM48",0
"CCDC179",0
"OR10V3P",0
"SLC17A6-DT",0
"OR5W1P",0
"OR10Q2P",0
"OR5I1",0
"OR5W2",0
"EIF4A2P3",0
"OR10V1",0
"OR10Y1P",0
"ZFP91-CNTF",0
"RPL7AP56",0
"LRRC4C",0
"SYT7",0
"SLC5A12",0
"OR5BC1P",0
"OR10V2P",0
"HNRNPRP2",0
"RPL7AP58",0
"EEF1G",0
"OR5D16",0
"FIBIN",0
"OR5B19P",0
"LINC01616",0
"OR5L1",0
"SYT12",0
"WEE2P1",0
"MUC15",0
"UBTFL10",0
"ANKRD33BP7",0
"TRIM53BP",0
"LINC02758",0
"MTND4LP18",0
"H3P34",0
"TRIM77",0
"COX6A1P4",0
"CBX3P7",0
"MTMR12P1",0
"HPRT1P3",0
"DDI1",0
"OSBPL9P2",0
"MMP8",0
"MMP27",0
"ASS1P13",0
"TOMM20P1",0
"SCARNA9",0
"VSTM5",0
"GAL",0
"CARD18",0
"RPA2P3",0
"TRPC6",0
"UBTFL2",0
"MTND6P25",0
"SLN",0
"OSBPL9P3",0
"TMPRSS5",0
"ELMOD1",0
"SMARCE1P1",0
"HNRNPA1P60",0
"ARL6IP1P3",0
"METTL5P4",0
"RPS4XP12",0
"PKNOX2-DT",0
"LINC02697",0
"RPS27P20",0
"PHB1P16",0
"RPL23AP62",0
"SLC17A6",0
"TRPC6P5",0
"LINC01395",0
"SPATA19",0
"BMPR1AP2",0
"PANX3",0
"TSPAN18-AS1",0
"PKNOX2-AS1",0
"ANGPTL5",0
"MIR6744",0
"MIR4299",0
"MIR8070",0
"RNA5SP332",0
"MIR302E",0
"MIR4486",0
"MIR4694",0
"RNA5SP338",0
"RN7SL240P",0
"MIR8054",0
"RNU6-99P",0
"MIR3973",0
"RNU6-365P",0
"RN7SKP158",0
"MIR8068",0
"MIR3162",0
"RN7SKP192",0
"MIR6860",0
"RNU6-544P",0
"RNU7-59P",0
"MIR5579",0
"MIR4300",0
"RN7SL223P",0
"RN7SL222P",0
"SNORA25",0
"RN7SKP53",0
"SNORA32",0
"SNORA1",0
"SNORA8",0
"SNORD5",0
"SNORA18",0
"MIR1304",0
"SNORA40",0
"RN7SKP115",0
"MIR4693",0
"MIR4490",0
"RNA5SP349",0
"MIR4493",0
"RNU4-23P",0
"RNU6-321P",0
"MIR8052",0
"RN7SL167P",0
"RNU6-1156P",0
"MIR4697",0
"RN7SKP121",0
"RN7SKP279",0
"MIR326",0
"SNORD15A",0
"MOGAT2",0
"RN7SL786P",0
"MS4A5",0
"POU2F3",0
"KCNK4-CATSPERZ",0
"CATSPERZ",0
"MIR7155",0
"MIR1237",0
"SLC22A11",0
"NRXN2-AS1",0
"MIR192",0
"MIR194-2",0
"MIR6750",0
"MIR6749",0
"GPHA2",0
"MIR6879",0
"EEF1A1P18",0
"OR51C4P",0
"KRT8P49",0
"OR51F3P",0
"OR51N1P",0
"OR52Y1P",0
"OR52R1",0
"OR51A6P",0
"OR51G1",0
"OR51A3P",0
"OR51A2",0
"OR51A5P",0
"OR51P1P",0
"OR52J2P",0
"OR52J3",0
"OR52E2",0
"OR52E1",0
"OR52S1P",0
"OR52E3P",0
"OR52J1P",0
"HBB",0
"HBG2",0
"HBE1",0
"OR51AB1P",0
"OR51B4",0
"OR51B3P",0
"OR51B8P",0
"OR51B6",0
"TMEM258P1",0
"OR51J1",0
"OR51Q1",0
"OR51K1P",0
"OR51A10P",0
"OR52D1",0
"UBQLN3",0
"UBQLNL",0
"OLFM5P",0
"OR52V1P",0
"OR52H2P",0
"OR52T1P",0
"HNRNPA1P53",0
"OR52B6",0
"TRIM6",0
"TRIM6-TRIM34",0
"OR52U1P",0
"OR56B1",0
"OR52N3P",0
"OR52E6",0
"OR52E7P",0
"MRGPRG",0
"NDUFA5P8",0
"NDUFA5P1",0
"ENPP7P15",0
"RPS3AP39",0
"GLYATL1P1",0
"GLYATL1P4",0
"GLYATL1B",0
"MPEG1",0
"RN7SL42P",0
"SLC25A47P1",0
"RN7SL435P",0
"OR5AN2P",0
"OR5BR1P",0
"OR10D1P",0
"OR8F1P",0
"OR8G7P",0
"SLC5A4P1",0
"CEND1",0
"SNORA52",0
"RNU6-876P",0
"OR10D4P",0
"HSPB2",0
"HSPB2-C11orf52",0
"C11orf52",0
"RNA5SP351",0
"PPIHP1",0
"RNU6-893P",0
"TEX12",0
"KCTD9P4",0
"MRPS36P4",0
"RPS12P21",0
"RPS6P16",0
"ST13P10",0
"RNU6-1025P",0
"MUC2",0
"MIR4298",0
"MIR7847",0
"LINC01150",0
"MIR675",0
"OR4C50P",0
"OR4C46",0
"OR4R2P",0
"OR4A4P",0
"OR4A3P",0
"OR4A2P",0
"OR52L1",0
"KRT18P58",0
"RNA5SP329",0
"OR56A7P",0
"OR52X1P",0
"OR56B4",0
"OR56B3P",0
"OR52L2P",0
"OR52Z1P",0
"OR5AK1P",0
"OR5BQ1P",0
"OR8B7P",0
"OR8B5P",0
"OR8C1P",0
"OR8X1P",0
"OR8A2P",0
"OR8A3P",0
"OR8A1",0
"MIR1343",0
"OR52Q1P",0
"TLCD5",0
"ELF5",0
"RNU6-1306P",0
"RCOR2",0
"RNU6-45P",0
"RNU6-72P",0
"MIR3165",0
"RPEP6",0
"COX6CP18",0
"KCNQ1DN",0
"SNORA54",0
"RN7SKP50",0
"RNU6ATAC33P",0
"MIR7154",0
"FREY1",0
"FBLIM1P2",0
"MIR4688",0
"RNA5SP345",0
"RPL32P25",0
"CATSPER1",0
"GAL3ST3",0
"CD248",0
"BRD9P1",0
"RNU1-84P",0
"DAGLA",0
"MIR611",0
"MIR1908",0
"MIR6746",0
"RNU6-1243P",0
"MYRF",0
"MYOD1",0
"NXPE2P1",0
"RN7SL828P",0
"HSPE1P18",0
"PRR13P3",0
"OR5AK4P",0
"OR5AO1P",0
"OR5BP1P",0
"LRRC55",0
"PRG3",0
"PRG2",0
"MIR6124",0
"RNU1-91P",0
"LINC02701",0
"MRGPRD",0
"RNA5SP342",0
"DEFB131B",0
"INSC",0
"IGSF9B",0
"TRIM34",0
"MIR6755",0
"PTP4A1P6",0
"ALG9-IT1",0
"GNG5P3",0
"RPL37AP8",0
"LGALS12",0
"RN7SL596P",0
"ATP5MGP1",0
"HIGD1AP5",0
"MRGPRX12P",0
"MRGPRX4",0
"MRGPRX13P",0
"SAA4",0
"SAA2-SAA4",0
"SAA2",0
"RNA5SP333",0
"RNA5SP334",0
"OR7E5P",0
"OR5F1",0
"OR5F2P",0
"OR5J1P",0
"OR8I4P",0
"OR5BN2P",0
"OR8H3",0
"OR5BN1P",0
"OR8K4P",0
"OR8K5",0
"OR5J7P",0
"OR5J2",0
"OR8V1P",0
"OR4V1P",0
"OR4P1P",0
"OR5D2P",0
"VN2R9P",0
"OR9L1P",0
"OR9I3P",0
"OR9I2P",0
"OR5BL1P",0
"OR10Q1",0
"OR9G3P",0
"MIR6128",0
"OR9G2P",0
"OR5G1P",0
"OR5G4P",0
"NAA50P1",0
"OR8J2",0
"OR8I1P",0
"FAM8A2P",0
"OR8K2P",0
"OR5BB1P",0
"OR4D8P",0
"OR4D11",0
"OR4D7P",0
"OR5B1P",0
"OR5B15P",0
"OR8U1",0
"OR8L1P",0
"OR5AL2P",0
"OR5AL1",0
"OR8U3",0
"OR5M4P",0
"OR5M9",0
"OR5M7P",0
"OR5M6P",0
"OR5M5P",0
"MIR210",0
"SCT",0
"LINC02547",0
"OR4A11P",0
"OR4A9P",0
"OR4X7P",0
"OR4A10P",0
"OR4A17P",0
"OR4A13P",0
"OR4A50P",0
"RPL7AP55",0
"RNU6-943P",0
"OR10G6",0
"OR10G5P",0
"OR10G9",0
"OR10D5P",0
"MIR130A",0
"MIR6748",0
"RNU2-2P",0
"SNORD22",0
"SNORD30",0
"SNORD28",0
"SNORD27",0
"SNORD26",0
"SNORD25",0
"YPEL4",0
"RN7SKP243",0
"MIX23P5",0
"DPPA4P3",0
"RNA5SP343",0
"KCNJ1",0
"RN7SKP239",0
"RNU6-1238P",0
"PTPRCAP",0
"GPR152",0
"COX6CP5",0
"CASC23",0
"TUB-AS1",0
"RPL35AP26",0
"KIRREL3-AS1",0
"SNORD97",0
"HMGB1P42",0
"TBCEL-TECTA",0
"KCNA4",0
"FSHB",0
"MIR3166",0
"KRTAP5-2",0
"KRTAP5-6",0
"IFITM10",0
"MIR4487",0
"RN7SL652P",0
"FAM180B",0
"RNA5SP340",0
"YPEL5P2",0
"P4HA3-AS1",0
"MIR548AL",0
"KCNE3",0
"RNA5SP341",0
"RN7SKP259",0
"RN7SL605P",0
"RTN4RL2",0
"PPIAP42",0
"SCN2B",0
"OR8G3P",0
"TECTA",0
"MS4A12",0
"MS4A13",0
"KRT8P26",0
"TUBB4BP4",0
"NDUFB11P1",0
"PGAM1P9",0
"RPS3AP42",0
"SNRPGP16",0
"MTNR1B",0
"RPL26P31",0
"FAT3",0
"RPL12P30",0
"MPPED2",0
"SNRPCP14",0
"PATE1",0
"PATE2",0
"PATE3",0
"PATE4",0
"RNU4-86P",0
"RNU6-933P",0
"LINC02954",0
"OR7E117P",0
"ART5",0
"ART1",0
"RNU6-1143P",0
"MIR4687",0
"RPS29P20",0
"SHANK2-AS3",0
"MIR3664",0
"FAM181B",0
"RBMXP3",0
"RPL7AP54",0
"COX5BP4",0
"WBP1LP10",0
"CICP23",0
"RNU6-447P",0
"SCGB1C1",0
"MIR6743",0
"RN7SL838P",0
"P2RY2",0
"OR8R1P",0
"RNU1-21P",0
"OR6M3P",0
"DLG2-AS2",0
"LDHAL6DP",0
"HNRNPA1P72",0
"HNRNPCP6",0
"RNU6-1292P",0
"CCDC89",0
"RNU6-126P",0
"NDUFC2-KCTD14",0
"LRRC32",0
"TSKU",0
"B3GNT6",0
"OMP",0
"MIR1260B",0
"RNA5SP346",0
"ELOBP2",0
"RPL34P21",0
"RNA5SP330",0
"MIR5691",0
"KRT8P41",0
"PRR13P2",0
"SNORA23",0
"PGA3",0
"PGA5",0
"LRRC10B",0
"C11orf98",0
"SNORA57",0
"HNRNPUL2-BSCL2",0
"CHRM1",0
"RN7SL259P",0
"IFTAP",0
"TP53AIP1",0
"DEUP1",0
"MRGPRX3",0
"OR8J1",0
"OR4S2",0
"OR8H2",0
"OR4D9",0
"OR52N5",0
"OR56A4",0
"OR52A5",0
"OR8D1",0
"OR5B3",0
"OR52A1",0
"OR5A2",0
"OR10G7",0
"OR52N1",0
"OR5B2",0
"OR5M3",0
"OR8B8",0
"CASP1P1",0
"OR2AL1P",0
"ABCG4",0
"NHERF4",0
"RNU6-262P",0
"MIR6756",0
"MIR6752",0
"CABP2",0
"OR7E145P",0
"OR7E11P",0
"EVA1CP4",0
"SLC22A6",0
"TUBAP7",0
"RPL29P22",0
"SLC22A9",0
"OR9G1",0
"OR4D10",0
"SDHCP4",0
"RPL29P21",0
"OTOG",0
"OR5P4P",0
"APOA5",0
"OR56A3",0
"OR51M1",0
"OR51I2",0
"OR52K2",0
"OR52K1",0
"OR52M2P",0
"CCDC87",0
"RN7SL12P",0
"FTLP6",0
"RNU6-874P",0
"ZNF123P",0
"OR52M1",0
"C11orf40",0
"OR5M13P",0
"OR5M1",0
"OR5AM1P",0
"OR5M12P",0
"OR5AP1P",0
"OR51F2",0
"OR8B3",0
"OR8B2",0
"OR10A3",0
"OR5A1",0
"OR51G2",0
"OR51A7",0
"OR52E4",0
"OR5T1",0
"ART2BP",0
"OR51E1",0
"OR10G8",0
"OR51A4",0
"MIR6754",0
"KRTAP5-7",0
"KRTAP5-9",0
"KRTAP5-10",0
"KRTAP5-14P",0
"OR7E87P",0
"OR7E4P",0
"VPS51P11",0
"OR8J3",0
"OR5AZ1P",0
"OR5BD1P",0
"CYCSP26",0
"RNU6-899P",0
"OR51A9P",0
"OR10G4",0
"YWHABP2",0
"ACCSL",0
"ALX4",0
"SNORA3A",0
"MMP12",0
"BOLA3P1",0
"RNU7-159P",0
"RPL21P96",0
"MTCO3P15",0
"MTATP6P15",0
"MTCO2P15",0
"MTCO1P15",0
"MTND2P26",0
"SYT13",0
"ADAMTS15",0
"OVCH2",0
"OR4D5",0
"OR5D18",0
"OR8K1",0
"OR8I2",0
"OR5AR1",0
"OR4A16",0
"OR8G5",0
"PGA4",0
"OR9Q2",0
"OR5AS1",0
"OR52N4",0
"OR8G1",0
"OR4C15",0
"OR51T1",0
"OR8D2",0
"OR5M10",0
"OR6T1",0
"OR6X1",0
"OR8B12",0
"OR5M11",0
"OR5M8",0
"OR6M1",0
"OR4C11",0
"OR9I1",0
"TBX10",0
"OR56A1",0
"OR10AG1",0
"OR51I1",0
"OR51B2",0
"OR52H1",0
"OR5T2",0
"OR5AP2",0
"OR4D6",0
"MIR3167",0
"KIRREL3-AS3",0
"CYCSP29",0
"RNU6-654P",0
"MS4A6E",0
"OR52N2",0
"OR2AT1P",0
"ZDHHC20P3",0
"TPBGL",0
"SNORD14B",0
"RNU6-593P",0
"TTC36",0
"RNU6-1157P",0
"MIR6716",0
"SLC22A24",0
"MMP26",0
"OR51S1",0
"TMA16P1",0
"GLYATL2",0
"MIR612",0
"SNRPGP19",0
"KCNK7",0
"MIR4690",0
"MIR4489",0
"RN7SL309P",0
"MS4A4E",0
"OR5P2",0
"LINC02753",0
"RNU6-1175P",0
"H2AZP4",0
"MIR548K",0
"VSIG10L2",0
"FOLR3",0
"PGR",0
"MMP13",0
"KRTAP5-4",0
"KRTAP5-11",0
"CIMAP1A",0
"P2RX3",0
"OR8H1",0
"MYBPC3",0
"CNTN5",0
"GPR83",0
"C11orf91",0
"SPICP1",0
"OR10A6",0
"OR5B12",0
"OR51V1",0
"OR8K3",0
"OR9G4",0
"APLNR",0
"OR5P3",0
"MIR3159",0
"SAA1",0
"RNU2-60P",0
"MIR34B",0
"MIR34C",0
"RN7SKP273",0
"BTG4",0
"HOATZ",0
"PTPN5",0
"MRGPRX8P",0
"MRGPRX6P",0
"MRGPRX5P",0
"MRGPRX11P",0
"MRGPRX10P",0
"MRGPRX9P",0
"MRGPRX2",0
"MRGPRX1",0
"OR5T3",0
"IZUMO1R",0
"ASCL3",0
"OR51F1",0
"RNA5SP350",0
"RPS17P15",0
"RPS2P39",0
"C1QTNF5",0
"MFRP",0
"DUXAP5",0
"IFITM9P",0
"LINC02956",0
"FGF19",0
"DNAJB6P5",0
"FGF4",0
"MIR4492",0
"UPK2",0
"RN7SL688P",0
"FOXR1",0
"SLC22A25",0
"SMIM38",0
"GLYATL1",0
"LMO1",0
"CKS1BP4",0
"RPL32P24",0
"USP35",0
"RNU6-311P",0
"INS-IGF2",0
"MIR483",0
"IGF2-AS",0
"INS",0
"TH",0
"MIR4686",0
"ASCL2",0
"C11orf21",0
"TSPAN32",0
"RNU6-878P",0
"NXPE2",0
"NXPE1",0
"ARL2-SNX15",0
"MIR6751",0
"RNU2-23P",0
"ANKRD33BP8",0
"TRIM64B",0
"MTND1P35",0
"TRIM49D1",0
"TRIM49D2",0
"ANKRD33BP9",0
"TRIM53AP",0
"TRIM49C",0
"ANKRD33BP10",0
"UBTFL1",0
"TRIM64",0
"FXYD6-FXYD2",0
"RN7SL188P",0
"RN7SKP90",0
"KCNK4",0
"C11orf97",0
"PIWIL4",0
"VPS51P5",0
"XNDC1N-ZNF705EP-ALG1L9P",0
"MTRF1LP1",0
"CLDN25",0
"ISG20L2P2",0
"RNU6-1107P",0
"KRT8P7",0
"RNU6-1123P",0
"NECTIN1-AS1",0
"OR5AK2",0
"KRTAP5-5",0
"ST13P11",0
"KDM4E",0
"BUD13P1",0
"BGLT3",0
"RAG2",0
"CHST1",0
"RNU7-23P",0
"MIR3163",0
"C11orf86",0
"ANKRD33BP2",0
"TRIM51CP",0
"TRIM49B",0
"ANKRD33BP3",0
"TRIM64C",0
"UBTFL7",0
"RPS3AP40",0
"VPS51P17",0
"OR7E1P",0
"MIR7113",0
"MIR4691",0
"MIR6753",0
"NDUFA3P2",0
"TRIM51G",0
"PRDM11",0
"ZNF705EP",0
"MIR3161",0
"OR4B1",0
"OR4B2P",0
"OR4X2",0
"OR4X1",0
"TOMT",0
"OR52E8",0
"OR51C1P",0
"OR10D3",0
"OR4A15",0
"OR56B2P",0
"OR5D3P",0
"OR51B5",0
"OR10S1",0
"RASSF10",0
"MIR6745",0
"MADD-AS1",0
"MIR129-2",0
"RPL23AP63",0
"PHB1P2",0
"CASP12",0
"PTH",0
"HMGN2P36",0
"FAR1-IT1",0
"CENPUP1",0
"RNA5SP331",0
"TMPRSS13",0
"RNU6-216P",0
"OR2AT2P",0
"NPM1P50",0
"HSPD1P13",0
"RNU4-55P",0
"RNU6-277P",0
"HEPACAM",0
"RN7SKP287",0
"PPIAP41",0
"CTBP2P6",0
"MIR670",0
"OR52P1",0
"OR8G2P",0
"RNU6-256P",0
"MIR125B1",0
"BLID",0
"MIRLET7A2",0
"MIR100",0
"RNU4ATAC10P",0
"RNU4ATAC5P",0
"GRM5P1",0
"NOX4P1",0
"OR4C1P",0
"OR9M1P",0
"TRIM51HP",0
"TRIM64DP",0
"FOLH1B",0
"OR51F5P",0
"OR51A8P",0
"OR51H2P",0
"OR52A4P",0
"HBBP1",0
"OR52B5P",0
"OR10N1P",0
"OR8B1P",0
"OR8B9P",0
"DEFB130C",0
"SAA3P",0
"SLC25A51P4",0
"OR5AQ1P",0
"OR5BE1P",0
"OR5G5P",0
"OR2AH1P",0
"OR5M2P",0
"EEF1A1P49",0
"OR6M2P",0
"GUCY2EP",0
"CARD17P",0
"OR10AB1P",0
"OR5BA1P",0
"GLYATL1P2",0
"OR7E14P",0
"TSSC2",0
"TRPC2",0
"FAM86C2P",0
"SEPTIN7P11",0
"GVINP1",0
"CASP4LP",0
"FAUP4",0
"FAM86C1P",0
"OR52B1P",0
"OR52B2",0
"OR52W1",0
"C11orf42",0
"CNGA4",0
"RN7SKP297",0
"MIR4696",0
"RPL36AP38",0
"CALCP",0
"CALCA",0
"OR4C9P",0
"OR4R1P",0
"OR4A47",0
"OR4A48P",0
"OR4A46P",0
"OR4A40P",0
"OR4A43P",0
"OR4A45P",0
"OR4A41P",0
"OR4A42P",0
"OR4A44P",0
"ETS1-AS1",0
"LDHC",0
"TNNT3",0
"MS4A8",0
"MS4A15",0
"NTM-IT",0
"OPCML",0
"OPCML-IT1",0
"MIR3160-1",0
"MIR3160-2",0
"F2",0
"MIR5582",0
"SNORD67",0
"LRP4",0
"RNU6-560P",0
"MOB4P2",0
"OR7E2P",0
"FZD4",0
"HNRNPCP8",0
"XIAPP2",0
"OR4S1",0
"OR4C3",0
"OR4C4P",0
"OR4C5",0
"OR4C2P",0
"OR4C10P",0
"TRIM77BP",0
"UBTFL9",0
"MS4A19P",0
"MS4A18",0
"OR51H1",0
"RPL15P15",0
"OR52K3P",0
"OR52I1",0
"NPAS4",0
"MIR139",0
"RNU7-105P",0
"PDE2A-AS1",0
"RPS12P20",0
"MIR4692",0
"OR4C12",0
"OR4C48P",0
"OR4C45",0
"OR4C49P",0
"RNU6-592P",0
"GLULP3",0
"CBLIF",0
"TCN1",0
"OOSP3",0
"SRD5A3P1",0
"MS4A2",0
"SSU72L5",0
"SSU72L2",0
"SSU72P6",0
"SSU72L4",0
"SSU72L3",0
"SSU72L1",0
"OR52B4",0
"OR52B3P",0
"OR51R1P",0
"OR52P2P",0
"MRGPRF",0
"MIR3164",0
"CFAP300",0
"RNA5SP535",0
"YAP1",0
"MMP20",0
"RNU7-187P",0
"NCAM1-AS1",0
"TTC12-DT",0
"MIR4301",0
"RNU2-35P",0
"KDM4F",0
"OOSP1",0
"OOSP4A",0
"OOSP4B",0
"OOSP2",0
"MS4A3",0
"WTAPP1",0
"KRT18P59",0
"UNC93B6",0
"MTCH1P2",0
"ZNF75CP",0
"RPL26P30",0
"PGAM1P8",0
"XNDC1CP",0
"SRSF8BP",0
"RPL31P46",0
"RPLP0P2",0
"THEM7P",0
"OR55B1P",0
"ACTE1P",0
"SLC22A20P",0
"DOC2GP",0
"COX8BP",0
"LINC00301",0
"OR1S2",0
"OR52I2",0
"OR4P4",0
"MIR4488",0
"RNU6-376P",0
"MIR3920",0
"KIAA1191P2",0
"PLS1P1",0
"C11orf87",0
"TFAMP2",0
"RPSAP50",0
"ABCC8",0
"ATP5PBP5",0
"BSX",0
"SAE1P1",0
"RPL34P23",0
"SNORD14D",0
"SNORD14C",0
"PHB1P17",0
"ZP1",0
"MIR8087",0
"RNA5SP339",0
"CBX3P1",0
"MIR610",0
"ATP5MGP8",0
"FLRT1",0
"RPL12P46",0
"PSMA2P1",0
"LINC02757",0
"LINC00958",0
"RASSF10-DT",0
"NELL1",0
"RNA5SP336",0
"RNA5SP337",0
"AKTIPP3",0
"MED28P5",0
"LINC02553",0
"RNA5SP347",0
"MIR6073",0
"LINC01488",0
"RPL7AP79",0
"RPL34P22",0
"SCGB1D1",0
"SCGB2A1",0
"SCGB1D2",0
"SCGB2A2",0
"SCGB1D4",0
"NPM1P35",0
"PPP1R1AP1",0
"RNA5SP344",0
"E2F8",0
"PCNAP4",0
"NAV2-IT1",0
"RNA5SP335",0
"HMGB1P40",0
"SLC6A5",0
"MIR670HG",0
"LINC02952",0
"ALKBH3-AS1",0
"BBOX1-AS1",0
"LINC02749",0
"LINC02748",0
"LINC02761",0
"LINC02713",0
"LINC02989",0
"ARL14EP-DT",0
"LINC02751",0
"LINC02702",0
"LINC02727",0
"KCNJ5-AS1",0
"LINC02548",0
"MRPL23-AS1",0
"LINC01219",0
"LRP4-AS1",0
"KCNQ1-AS1",0
"LINC02688",0
"LINC02720",0
"LINC02546",0
"LINC03096",0
"RIC3-DT",0
"DISC1FP1",0
"LINC02699",0
"LINC02712",0
"ARHGEF17-AS1",0
"LINC02685",0
"LINC02682",0
"LINC02764",0
"LINC02724",0
"LINC02552",0
"PIWIL4-AS1",0
"LINC02700",0
"HNRNPKP3",0
"DGAT2-DT",0
"NTM-AS1",0
"LINC02584",0
"LINC02726",0
"LINC02717",0
"MMP20-AS1",0
"NRIP3-DT",0
"LINC02098",0
"LINC02550",0
"LINC02489",0
"LINC02739",0
"H19",0
"IUR1",0
"CSRP3-AS1",0
"NAV2-AS2",0
"LINC02719",0
"LINC02760",0
"KRTAP5-AS1",0
"CCDC15-DT",0
"LINC02953",0
"SHANK2-AS1",0
"LINC02759",0
"LINC02689",0
"CHKA-DT",0
"LINC02721",0
"LINC02747",0
"TSKU-AS1",0
"DENND2B-AS1",0
"LINC02714",0
"LINC02730",0
"LINC02718",0
"PDGFDDN",0
"LINC01495",0
"LINC02736",0
"LNC-RHL1",0
"LINC02151",0
"LINC02741",0
"LINC01537",0
"MIR4300HG",0
"LINC02686",0
"LINC02684",0
"MRGPRG-AS1",0
"LINC01499",0
"FAM99A",0
"LINC02698",0
"MYRF-AS1",0
"JRKL-AS1",0
"LINC02705",0
"LINC00678",0
"LINC02740",0
"MRGPRF-AS1",0
"SLC1A2-AS2",0
"SLC1A2-AS1",0
"OVOL1-AS1",0
"KIRREL3-AS2",0
"LINC02729",0
"NDUFV1-DT",0
"PRDM10-DT",0
"LINC02695",0
"RNU6-44P",0
"WT1",0
"WT1-AS",0
"RAB39A",0
"TRIM51FP",0
"TYRL",0
"FADS2B",0
"TRIM51BP",0
"PPIAP43",0
"BAK1P2",0
"OR51A1P",0
"OR7E12P",0
"FAM86GP",0
"RPS24P14",0
"WARS1P1",0
"RPL36AP39",0
"OR8Q1P",0
"FOLR1P1",0
"OR5E1P",0
"ARPC3P4",0
"RPL7AP57",0
"RDXP1",0
"C1DP5",0
"CASP1P2",0
"UNC93B5",0
"CCND2P1",0
"ART2P",0
"MRGPRX7P",0
"COX7CP3",0
"SETP16",0
"BCAS2P1",0
"COPS8P3",0
"TRIM51EP",0
"TRIM64EP",0
"TRIM53CP",0
"ALG1L8P",0
"ENPP7P7",0
"OR7E13P",0
"PRSS23-AS1",0
"TREHP1",0
"LINC02545",0
"LINC03031",0
"LINC02763",0
"CHCHD3P1",0
"HSP90AB7P",0
"MTND1P37",0
"HMGN1P20",0
"MTND2P16",0
"ZNF33BP1",0
"ARMC3",0
"ACTR3BP5",0
"PABPC1P12",0
"RPS24P13",0
"ZNF37CP",0
"RPS4XP11",0
"MALRD1",0
"GDF2",0
"CHEK2P5",0
"FXYD6P1",0
"CICP9",0
"HNRNPRP1",0
"SLC39A12",0
"FTLP19",0
"ZNF33CP",0
"PTF1A",0
"PRTFDC1",0
"RPL36AP55",0
"HIRAP1",0
"CTSLP2",0
"MKX-AS1",0
"ENKUR",0
"MRPL50P4",0
"GPN3P1",0
"MRPS35P3",0
"UBE2V2P1",0
"MYL6P3",0
"PHYHIPL",0
"RBP3",0
"SNRPEP8",0
"GDF10",0
"RPL31P44",0
"MRLN",0
"NEK4P3",0
"MRPS21P5",0
"PRELID1P3",0
"THAP12P3",0
"FAM32CP",0
"NUTM2A",0
"NDUFA8P1",0
"LINC01520",0
"FARSBP1",0
"PPIAP30",0
"GRID1",0
"LINC02671",0
"RSU1P3",0
"WARS2P1",0
"NPAP1P3",0
"ARHGAP19-SLIT1",0
"SDHCP2",0
"ABCD1P2",0
"LINC02628",0
"MKNK2P1",0
"EIF4A1P8",0
"CYP26C1",0
"RPLP1P10",0
"KSR1P1",0
"TLK2P2",0
"LINC01514",0
"MRPL35P2",0
"RPS2P36",0
"RPL17P35",0
"POLR3DP1",0
"MTND5P17",0
"COX7CP4",0
"SNRPGP6",0
"RPL21P91",0
"RPS6P15",0
"PHB2P1",0
"IGKV1OR10-1",0
"TIMM9P1",0
"PNLIPRP3",0
"HMGN2P34",0
"LYZL1",0
"PTGES3P5",0
"RAD1P1",0
"CFAP58",0
"ANXA2P3",0
"LINC02624",0
"TMEM26",0
"BTF3P15",0
"RPS8P4",0
"HMX3",0
"DUX4L24",0
"XIAPP1",0
"BTBD16",0
"FRG2B",0
"SLC25A18P1",0
"DUX4L28",0
"NTAN1P1",0
"LINC01153",0
"TXNP1",0
"TACC2",0
"LINC02661",0
"HABP2",0
"KCNK18",0
"NKX1-2",0
"DUX4L14",0
"DUX4L20",0
"RARRES2P2",0
"DUX4L25",0
"INSYN2A",0
"DUX4L23",0
"SAR1AP2",0
"DUX4L15",0
"DUX4L29",0
"DUX4L21",0
"FOXI2",0
"RPS10P18",0
"DUX4L11",0
"YBX2P1",0
"CLUHP5",0
"ARMS2",0
"DUX4L10",0
"TCERG1L",0
"PPIAP38",0
"DUX4L12",0
"HMGB3P8",0
"NIP7P1",0
"DUX4L22",0
"DUX4L13",0
"RPS26P39",0
"CCDC172",0
"BTBD7P2",0
"VAX1",0
"GAPDHP45",0
"RPL34P19",0
"HMGB1P7",0
"RNU6-576P",0
"MIR6078",0
"RNU6-163P",0
"RNU6-889P",0
"MIR6072",0
"RNA5SP299",0
"RNA5SP300",0
"RNU6-1212P",0
"RNA5SP303",0
"MIR511",0
"RNU6-1141P",0
"MIR4480",0
"MIR4481",0
"RN7SKP219",0
"RN7SKP37",0
"RNA5SP306",0
"RNU6-413P",0
"RNA5SP304",0
"RN7SKP132",0
"MIR604",0
"MIR938",0
"RNU6-908P",0
"RNU6-632P",0
"RN7SKP220",0
"RNU7-22P",0
"RN7SL398P",0
"RNU6-1118P",0
"RNU6-795P",0
"RNA5SP312",0
"MIR605",0
"RNA5SP318",0
"RN7SKP196",0
"RNU6-543P",0
"MIR3924",0
"MIR1296",0
"RN7SL840P",0
"RNU6-325P",0
"RNU6-478P",0
"RN7SKP238",0
"RNA5SP322",0
"MIR346",0
"RNU6-129P",0
"MIR4678",0
"RNA5SP324",0
"RNU2-43P",0
"RN7SKP278",0
"RNA5SP326",0
"RNU5B-6P",0
"RNU6-463P",0
"RNU6-1165P",0
"RNU2-59P",0
"MIR3663",0
"RNU6-839P",0
"MIR3158-1",0
"MIR3158-2",0
"MIR609",0
"RNU6-728P",0
"MIR378C",0
"MIR3941",0
"LINC01165",0
"MIR146B",0
"RNU6-43P",0
"EIF4BP2",0
"LUZP4P1",0
"RNU6-15P",0
"LINC03089",0
"RPL9P21",0
"RNU6-740P",0
"DDX18P6",0
"RPL35AP24",0
"SNORA74C-2",0
"RNA5SP317",0
"SLC9A3P3",0
"SLC9A3P1",0
"LINC02621",0
"RN7SL591P",0
"ZNF365",0
"ALDH7A1P4",0
"MIR4297",0
"EBF3-AS1",0
"LINC01561",0
"MIR4675",0
"MTND1P21",0
"MRM3P1",0
"MIR1915",0
"RNU6-306P",0
"NPS",0
"RNU6-490P",0
"RNU2-24P",0
"RPL7AP8",0
"RPAP2P1",0
"RNU6-1274P",0
"MIR607",0
"HMGN2P35",0
"SLIT1",0
"RN7SL445P",0
"ASB13",0
"NRBF2P5",0
"RPL12P28",0
"RNA5SP323",0
"PDE6C",0
"RAB11AP1",0
"RPSAP7",0
"MARCKSL1P1",0
"ST13P13",0
"INA",0
"RNU11-3P",0
"MIR1307",0
"SLC35G1",0
"HDAC1P1",0
"RNU6-657P",0
"TUBB8",0
"DDX20P1",0
"RNA5SP297",0
"RNA5SP298",0
"RN7SL754P",0
"COX6CP15",0
"RNA5SP321",0
"MBL2",0
"RN7SL453P",0
"FAM25C",0
"RPL7P34",0
"LIPF",0
"NAPGP1",0
"KRT8P38",0
"RCBTB2P1",0
"LIPM",0
"LIPN",0
"RNU6-598P",0
"EEF1A1P39",0
"DNM1P17",0
"GOLGA2P6",0
"RN7SL241P",0
"MIR7162",0
"NIFKP1",0
"CCND3P1",0
"HNRNPA1P32",0
"SNRPGP12",0
"HMGB3P5",0
"RNU6-571P",0
"MED28P1",0
"ACTBP14",0
"RPS12P17",0
"ANXA8",0
"NEBL",0
"HSPA12A",0
"RNU6-883P",0
"RPS26P41",0
"MYOZ1",0
"SYNPO2L",0
"BMS1P4-AGAP5",0
"RNA5SP320",0
"C10orf71",0
"SNORA74C-1",0
"MSMB",0
"LINC00200",0
"HKDC1",0
"RPS15AP28",0
"ATP5MC1P7",0
"TMEM256P1",0
"MTATP6P23",0
"MTCO2P23",0
"MTCO1P23",0
"MTND2P15",0
"MTND1P20",0
"RNU6-666P",0
"RNU6-452P",0
"LINC02673",0
"FAM210CP",0
"TRIAP1P1",0
"PTCHD3",0
"RN7SL644P",0
"RPS25P9",0
"RNA5SP309",0
"SPTLC1P1",0
"AK3P5",0
"MTND4LP11",0
"RNU6-687P",0
"NEFMP1",0
"MIR548F1",0
"GAPDHP21",0
"NPAP1P2",0
"PGGT1BP2",0
"BMS1P21",0
"SFTPD-AS1",0
"ZNRF2P3",0
"DPY19L2P5",0
"C1DP3",0
"NPFFR1",0
"CABCOCO1",0
"NUTM2D",0
"IFIT6P",0
"IFIT1B",0
"RNU6-805P",0
"SNX19P4",0
"RN7SKP241",0
"PRPF38AP2",0
"TMEM236",0
"RNA5SP310",0
"ANXA8L1",0
"NPY4R",0
"RNU6-697P",0
"CDH23-AS1",0
"C10orf105",0
"MIR7152",0
"RNU7-38P",0
"TPRX1P1",0
"RPS12P18",0
"MBL3P",0
"SFTPA3P",0
"LINC02679",0
"BEND3P3",0
"RNU6-780P",0
"CYP2C58P",0
"RPL7AP52",0
"MTND4P20",0
"CYP2C59P",0
"CYP2C60P",0
"PAWRP1",0
"MIR1287",0
"MIR4685",0
"LINC02620",0
"SORCS3",0
"MIR4682",0
"NACAP2",0
"OGDHL",0
"MAPK6P6",0
"RNU7-107P",0
"SHQ1P1",0
"PAPSS2",0
"RN7SL78P",0
"MIR608",0
"KAZALD1",0
"ZNF101P1",0
"RPSAP10",0
"RN7SKP39",0
"RNU4ATAC6P",0
"TPRKBP1",0
"RNU6-1067P",0
"RNU6-270P",0
"RPL5P28",0
"UTF1",0
"VENTX",0
"MIR202",0
"ZNF511-PRAP1",0
"CALY",0
"BANF1P2",0
"PRAP1",0
"HMGB1P50",0
"CHAT",0
"SLC18A3",0
"DRGX",0
"HMX2",0
"KNDC1",0
"FGF8",0
"RNU1-19P",0
"SNCG",0
"BMS1P3",0
"AGAP11",0
"FAM25A",0
"RN7SL733P",0
"TECTB",0
"MIR6715B",0
"MIR6715A",0
"ARL6IP1P2",0
"RNU6-811P",0
"RN7SL314P",0
"TMEM161BP1",0
"VN1R53P",0
"CEP57L1P1",0
"YY1P1",0
"EBF3",0
"CTAGE7P",0
"PPIAP32",0
"RNA5SP301",0
"MIR107",0
"MIR5100",0
"RNU6ATAC11P",0
"RPL5P26",0
"COX6CP17",0
"RNU6-535P",0
"RN7SKP167",0
"MIR5699",0
"RPL7AP51",0
"MIR7151",0
"AKR1B10P1",0
"RPL21P92",0
"RNU6-1250P",0
"DNAJC19P1",0
"RNU6-523P",0
"RPS3AP38",0
"POU5F1P5",0
"SYT15B",0
"AGAP5",0
"LBX1",0
"FAM25G",0
"LIPK",0
"FXYD4",0
"SNORD3J",0
"RNU7-193P",0
"RPL21P88",0
"MIR3157",0
"RNU6-271P",0
"NPM1P25",0
"ADAMTS14",0
"RPS26P40",0
"TBATA",0
"TLX1",0
"MED6P1",0
"MLDHR",0
"RNA5SP311",0
"PTPN20",0
"OPN4",0
"OR6L2P",0
"OR6L1P",0
"RN7SKP202",0
"ATOH7",0
"LINC02640",0
"KRT19P4",0
"FXYD6P2",0
"TACR2",0
"RPL7P35",0
"MYPN",0
"DPYSL4",0
"LRRTM3",0
"RN7SKP288",0
"RNA5SP327",0
"MIR4680",0
"MIR548E",0
"ADRA2A",0
"BMS1P7",0
"FRMPD2",0
"RPS6P14",0
"COX7BP6",0
"RPL13AP19",0
"LINC02635",0
"MIR3611",0
"ATP6V1G1P4",0
"ANKRD22",0
"PTCD2P2",0
"MIR4679-2",0
"MIR4679-1",0
"CELF2-AS2",0
"EIF4A2P2",0
"RNU6-833P",0
"RNU1-65P",0
"GPR15LG",0
"LRIT2",0
"RGR",0
"LRIT1",0
"CACYBPP1",0
"ADIPOR1P1",0
"EBLN1",0
"COMMD3-BMI1",0
"RNU6-709P",0
"MIR2110",0
"AURKAP2",0
"RNU6-794P",0
"RNU6-1167P",0
"SYT15",0
"RN7SL248P",0
"GPRIN2",0
"EPC1-AS1",0
"RNU6-1244P",0
"MIR4483",0
"PLEKHS1",0
"AKR1C1",0
"RPS15AP30",0
"RNU7-165P",0
"LYZL2",0
"DDX10P1",0
"NUP35P1",0
"MIR603",0
"RPL23P11",0
"LINC02629",0
"ELOBP4",0
"RPL37P18",0
"SS18L2P1",0
"RNU6-847P",0
"RNU6-193P",0
"PRDX2P2",0
"ANKRD30A",0
"RN7SL384P",0
"RPL5P25",0
"RPL36AP36",0
"MCM10",0
"UCMA",0
"RNA5SP302",0
"MEIG1",0
"OR7E110P",0
"OR7E115P",0
"RPL32P23",0
"RN7SKP78",0
"RNU6-1231P",0
"CYP17A1",0
"PTGES3P4",0
"BORCS7-ASMT",0
"AS3MT",0
"UNC5B",0
"MIR936",0
"MIR4294",0
"VSTM4",0
"FAM170B",0
"LRRC18",0
"MTND4P19",0
"TACC1P1",0
"MTND1P18",0
"PNLIPRP1",0
"SPMIP5",0
"RNU6-1266P",0
"RN7SL284P",0
"H2AZP5",0
"NUTM2B",0
"PYROXD2",0
"RNU6-1090P",0
"PNLIP",0
"PNLIPP1",0
"PNLIPRP2",0
"LIPJ",0
"NPY4R2",0
"NKX2-3",0
"EBAG9P1",0
"NANOGP6",0
"ARL4AP1",0
"ANK3-DT",0
"RNU2-72P",0
"NKX6-2",0
"RNA5SP308",0
"NUTF2P5",0
"MIR4293",0
"MIR1265",0
"TPT1P10",0
"PRPF38AP1",0
"MARK2P15",0
"RPS27P1",0
"GAPDHP28",0
"SLC39A12-AS1",0
"AIFM1P1",0
"PCDH15",0
"RN7SL846P",0
"HSD17B7P2",0
"CCNYL2",0
"BMS1P2",0
"FAM21FP",0
"FAM238C",0
"BMS1P4",0
"FAM25EP",0
"FAM25BP",0
"CFL1P1",0
"LINC00993",0
"ODAD2P1",0
"CTSLP3",0
"GLUD1P2",0
"CCNYL4",0
"AGAP12P",0
"PTPN20CP",0
"SHLD2P1",0
"FAM21EP",0
"GLUD1P3",0
"SEPTIN7P9",0
"SVIL-AS1",0
"MIR4295",0
"MIR4296",0
"MRPS21P6",0
"NEUROG3",0
"PPP1R3C",0
"RN7SL847P",0
"OIT3",0
"PLA2G12B",0
"HTR7",0
"NUTM2HP",0
"PGGT1BP1",0
"MIX23P2",0
"RNA5SP307",0
"LINC03028",0
"FAM238A",0
"FAM238B",0
"HSPA8P3",0
"TAF9BP2",0
"RPL15P13",0
"RNU6-1121P",0
"LINC02626",0
"DUSP29",0
"RPS26P42",0
"BUB1P1",0
"ANKRD2",0
"C10orf62",0
"HPSE2",0
"ARL5AP2",0
"RPL7P36",0
"CYP2C23P",0
"TPM4P1",0
"SPCS2P2",0
"SNORA12",0
"PHB1P9",0
"RNU6-422P",0
"PKD2L1",0
"RPL39P25",0
"HMGA1P5",0
"SPA17P1",0
"LRMDA",0
"MIR606",0
"RN7SL518P",0
"RNU6-673P",0
"SORCS1",0
"RNA5SP325",0
"RNU6-1095P",0
"RNU6-88P",0
"RN7SL198P",0
"C10orf53",0
"RPL26P29",0
"RNA5SP319",0
"COX20P1",0
"RPS3AP37",0
"SNORD98",0
"PITX3",0
"SNORA19",0
"GRK5-IT1",0
"MIR4681",0
"LRRC37A6P",0
"PIPSL",0
"ZNF37BP",0
"PHACTR2P1",0
"BEND3P1",0
"MBL1P",0
"GUCY2GP",0
"FRMPD2B",0
"DMBT1",0
"SPADH",0
"DUSP13A",0
"C10orf120",0
"DMBT1L1",0
"CUZD1",0
"C10orf88B",0
"FAM24A",0
"ENO4",0
"RNA5SP315",0
"VN1R54P",0
"CUBNP1",0
"DUXAP3",0
"RNU6-885P",0
"RPS12P2",0
"MAT1A",0
"ZNF519P1",0
"DYDC1",0
"DYDC2",0
"SH2D4B",0
"RPS7P9",0
"RPS27P18",0
"TEX36",0
"ALDOAP2",0
"MIR4484",0
"RNU2-42P",0
"GNG10P1",0
"FANK1-AS1",0
"RNA5SP328",0
"SNRPD2P1",0
"RN7SKP143",0
"SPRING1P1",0
"UQCRHP3",0
"ELOCP30",0
"HNRNPA3P1",0
"GJD4",0
"MIR4683",0
"LINC00842",0
"FAM245B",0
"CUX2P1",0
"EIF2AP4",0
"LINC02622",0
"TMEM72",0
"DUXAP4",0
"CEP164P1",0
"RSU1P2",0
"ANKRD54P1",0
"MIR3156-1",0
"RNU6-1207P",0
"CUBNP2",0
"OR6D1P",0
"RNU6-441P",0
"MTND5P42",0
"MARK2P16",0
"ATE1OSP",0
"SELENOOLP",0
"WNT8B",0
"GAD2",0
"RNU6-1075P",0
"RNU2-18P",0
"C1QL3",0
"LINC00701",0
"JAKMIP3-AS1",0
"LINC01515",0
"ZNF25-DT",0
"LINC00837",0
"ZNF503-AS2",0
"LINC02636",0
"PLCE1-AS2",0
"LINC02654",0
"LINC00703",0
"LINC00709",0
"LINC02651",0
"LINC02666",0
"LNCAROD",0
"LINC02643",0
"LINC00838",0
"NEBL-AS1",0
"MANCR",0
"CELF2-DT",0
"LINC00705",0
"LINC02670",0
"SFTA1P",0
"LINC02881",0
"LINC02623",0
"LINC02633",0
"MIR3663HG",0
"TLX1NB",0
"PLCE1-AS1",0
"C10orf71-AS1",0
"LINC00865",0
"LINC01375",0
"LINC01164",0
"LINC01264",0
"LINC02870",0
"LINC00845",0
"SLC18A2-AS1",0
"LINC02655",0
"KCNMA1-AS2",0
"LINC02667",0
"DNMBP-AS1",0
"SLC16A12-AS1",0
"LINC02672",0
"LINC00700",0
"LINC02647",0
"LINC00601",0
"LINC02662",0
"LINC02944",0
"LINC02645",0
"LINC02658",0
"LINC03036",0
"NRG3-AS1",0
"LINC00836",0
"LARP4B-DT",0
"LINC02669",0
"ADARB2-AS1",0
"LINC02935",0
"LINC01553",0
"LINC02650",0
"LINC02675",0
"LINC02646",0
"LINC02674",0
"SORCS3-AS1",0
"LINC03029",0
"SYT15-AS1",0
"TCERG1L-AS1",0
"LINC02930",0
"WDR11-DT",0
"LINC01516",0
"GPR158-AS1",0
"LINC02644",0
"LINC02653",0
"ADGRA1-AS1",0
"TMEM72-AS1",0
"LINC01166",0
"FAM170B-AS1",0
"TEX36-AS1",0
"LINC00858",0
"ARHGAP22-IT1",0
"PFKP-DT",0
"LBX1-AS1",0
"CERNA2",0
"DIP2C-AS1",0
"LINC00841",0
"LINC02659",0
"BEND7-DT",0
"MIR1915HG",0
"LINC02625",0
"LINC02665",0
"GATA3-AS1",0
"KCNIP2-AS1",0
"PARD3-DT",0
"LINC01163",0
"ZEBTR",0
"LINC02663",0
"LINC00702",0
"GRID1-AS1",0
"DLG5-AS1",0
"LINC02630",0
"LINC00708",0
"LINC00502",0
"LINC02632",0
"UNC5B-AS1",0
"CYP26C1-DT",0
"LINC02652",0
"MIR202HG",0
"AKR1C5P",0
"ARL4AP3",0
"LINC02561",0
"AKR1C7P",0
"UCN3",0
"ANTXRL",0
"LINC02668",0
"FRMD4A-AS1",0
"KRT8P37",0
"PABPC1P8",0
"SLC9B1P3",0
"CTSLP1",0
"FAM245A",0
"DUSP8P1",0
"PPIAP39",0
"RPL23AP60",0
"TRAF6P1",0
"NPM1P30",0
"IL9RP2",0
"SHLD2P3",0
"RHEBP2",0
"AGAP7P",0
"CTSLP6",0
"C1DP2",0
"C1DP4",0
"PLD5P1",0
"ORMDL1P1",0
"RHEBP1",0
"AKR1C6P",0
"AGAP13P",0
"OR7E26P",0
"DCLRE1CP1",0
"PFN1P11",0
"FAF2P1",0
"CTSLP4",0
"CUBNP3",0
"ANKRD30BP3",0
"RPL12P27",0
"RPL26P28",0
"FAM138D",0
"KCNA5",0
"OR7E149P",0
"OR7E140P",0
"A2ML1-AS1",0
"CLEC4E",0
"GAPDHP31",0
"CLEC1A",0
"A2ML1-AS2",0
"CLEC9A",0
"GDF3",0
"DDX55P1",0
"OR7E148P",0
"CLEC4D",0
"RPL7P40",0
"PTPRO",0
"APOBEC1",0
"OTUD4P1",0
"HNRNPABP1",0
"RPSAP51",0
"PRB2",0
"A2ML1",0
"HIGD1AP8",0
"GYS2",0
"CLEC6A",0
"DPPA3",0
"SUPT4H1P2",0
"RPL23AP66",0
"TIMM17BP1",0
"PSMC1P8",0
"EGLN3P1",0
"NANOGNB",0
"RPL7AP74",0
"SPMIP11",0
"NANOG",0
"AK6P2",0
"CLUHP8",0
"MRPS36P5",0
"DUX4L27",0
"TUBB8P4",0
"KRT126P",0
"KRT76",0
"MTND2P17",0
"RPS3P6",0
"NF1P12",0
"LINC02461",0
"KRT125P",0
"KLF17P1",0
"RSL24D1P5",0
"KRT127P",0
"MTND1P24",0
"HNRNPA1P69",0
"ARL2BPP2",0
"BEST3",0
"LNCHR1",0
"NAV3",0
"SPIC",0
"SNRPGP20",0
"DUX4L52",0
"FAM186A",0
"NSA2P2",0
"ALX1",0
"CCER1",0
"NTAN1P3",0
"RPL21P104",0
"SOAT2",0
"ANO4",0
"MYBPC1",0
"LINC02426",0
"AK6P1",0
"HAL",0
"KRT8P19",0
"KRT77",0
"PPFIA2-AS1",0
"RPL23AP68",0
"GGTA2P",0
"SZRD1P1",0
"NXPH4",0
"PIGAP1",0
"LINC00615",0
"NR1H4",0
"RPL21P106",0
"SNX5P2",0
"LINC02392",0
"HAUS8P1",0
"C12orf75-AS1",0
"DYNLL1P4",0
"RPL7P43",0
"GLULP5",0
"CYCSP30",0
"WSCD2",0
"RPL13AP21",0
"SLC5A8",0
"IFITM3P5",0
"NTN4",0
"ADGRD1-AS1",0
"LRRC10",0
"MYF5",0
"RPL23AP67",0
"SRRM4",0
"SETP7",0
"GALNT9",0
"ADGRD1",0
"PRXL2AP1",0
"LSM3P2",0
"KRT18P60",0
"PRELID2P1",0
"YPEL5P3",0
"RBMS2P1",0
"VPS51P3",0
"LINC02463",0
"RPS6P20",0
"KRT18P20",0
"RPS26P45",0
"SLC17A8",0
"LINC02460",0
"STAC3",0
"RPL17P37",0
"LINC02393",0
"TBX3",0
"CASC18",0
"RNU6-275P",0
"RN7SKP161",0
"RNU6-837P",0
"RNU6-545P",0
"MIR3974",0
"RNU6-251P",0
"RN7SL38P",0
"RNU6-318P",0
"RNA5SP357",0
"RNA5SP360",0
"RNA5SP356",0
"RNA5SP358",0
"RNA5SP359",0
"RNU6-472P",0
"MIR1293",0
"RNU6-1093P",0
"RNU6-333P",0
"RNU6-400P",0
"RNU6-871P",0
"RNU6-279P",0
"RNU4-20P",0
"MIR1228",0
"RNU6-595P",0
"RNU1-83P",0
"MIR6125",0
"RN7SL804P",0
"RNU6-769P",0
"MIR6757",0
"MIR3913-1",0
"RNA5SP363",0
"RN7SL737P",0
"MIR3913-2",0
"RNU7-4P",0
"MIR617",0
"MIR618",0
"MIR4699",0
"MIR331",0
"RNU6-808P",0
"MIR5700",0
"MIR4495",0
"RNU6-768P",0
"RN7SL88P",0
"RN7SL483P",0
"RNA5SP367",0
"MIR3685",0
"RNU4-24P",0
"RNU6-1183P",0
"RNU5E-5P",0
"RNU4-41P",0
"RNA5SP369",0
"MIR7844",0
"RN7SL330P",0
"RNU6-735P",0
"MIR4303",0
"RNU6-101P",0
"RNA5SP368",0
"RNU6-1068P",0
"RNU6-247P",0
"MIR4472-2",0
"MIR1302-1",0
"RNA5SP371",0
"MIR620",0
"RN7SKP263",0
"RN7SKP11",0
"RNA5SP374",0
"RN7SL865P",0
"RNA5SP376",0
"MIR3612",0
"RNU6-717P",0
"RN7SL508P",0
"MIR3922",0
"MIR135A2",0
"MIR3649",0
"LINC00940",0
"CACNA1C-IT1",0
"HNRNPA1P34",0
"VDAC2P2",0
"TPT1P12",0
"RN7SKP216",0
"OSTF1P1",0
"TBX5",0
"MIR6758",0
"B4GALNT1",0
"RNU6-1083P",0
"RNU6-713P",0
"MTCH2P2",0
"RPS4XP15",0
"RNA5SP364",0
"IL31",0
"PPIAP8",0
"SNORA53",0
"RNU6-485P",0
"KCNMB4",0
"RNU4-65P",0
"KCNC2",0
"MIR4497",0
"RBISP3",0
"RN7SL441P",0
"RNU6-399P",0
"MIRLET7I",0
"RPL32P26",0
"NDFIP1P1",0
"ZKSCAN7P1",0
"CAPZA3",0
"PIK3C2G",0
"EPYC",0
"IMMP1LP2",0
"RPL29P24",0
"RPL11P5",0
"RNU6-600P",0
"RNU6-940P",0
"DHH",0
"RNU6-781P",0
"RN7SL380P",0
"GPR162",0
"RNU7-1",0
"MIR200C",0
"MIR141",0
"SCARNA12",0
"RN7SL734P",0
"RNU6-1271P",0
"FGF23",0
"OLA1P3",0
"GSTP1P1",0
"ACRBP",0
"LINC02354",0
"COL2A1",0
"RNU6-1203P",0
"MIR6505",0
"MIR3908",0
"SNORA9B",0
"RPL27P12",0
"REP15",0
"RN7SKP15",0
"HMGA2-AS1",0
"MIR6074",0
"RNA5SP362",0
"RN7SL69P",0
"ATP5MFP5",0
"MIR4496",0
"LINC01559",0
"RNA5SP353",0
"RNU6-590P",0
"RN7SKP162",0
"KERA",0
"LINC02909",0
"CENPUP2",0
"RNU4-67P",0
"FAM133GP",0
"TUBB4BP1",0
"FAHD2P1",0
"RNU4-32P",0
"RN7SKP250",0
"MIR4304",0
"RNU6-574P",0
"STAB2",0
"OR10AE3P",0
"PSMB3P1",0
"RDH5",0
"OR6C70",0
"OR6C68",0
"OR6C64P",0
"VAMP1-AS1",0
"SNORD59A",0
"ESPL1",0
"MYG1",0
"AMHR2",0
"MIR3198-2",0
"RN7SL390P",0
"NFE2",0
"RNU6-950P",0
"MIR148B",0
"RN7SL744P",0
"GPR84",0
"SCARNA10",0
"MIR7851",0
"RNU6-249P",0
"TMEM233",0
"RN7SKP197",0
"MIR1178",0
"RPL35AP30",0
"HMGA2",0
"RNU6-1009P",0
"RNU5A-7P",0
"RASSF3-DT",0
"MIR548Z",0
"MIR548C",0
"RERGL",0
"CLEC4C",0
"RPL7P39",0
"RNU6ATAC42P",0
"WIF1",0
"RNU6-166P",0
"APOOP3",0
"RPL35AP29",0
"RNA5SP377",0
"RPS6P21",0
"RNA5SP378",0
"RNU6-1017P",0
"MIR6763",0
"LRCOL1",0
"P2RX2",0
"RNA5SP379",0
"TSPAN19",0
"MIR3652",0
"RNU7-106P",0
"RN7SKP261",0
"AKIRIN1P1",0
"OTOGL",0
"OASL2P",0
"PPDPFP2",0
"MESDP1",0
"RNU6-494P",0
"HMGA1P3",0
"RN7SL387P",0
"RPL29P25",0
"C1QL4",0
"DNAJC22",0
"MIR6762",0
"LHX5",0
"APONP",0
"SLCO1B1",0
"IAPP",0
"RPL35AP27",0
"MIR4701",0
"ADCY6",0
"RNA5SP375",0
"MIR8072",0
"MIR6502",0
"PDCL3P7",0
"RN7SKP166",0
"OSBPL9P5",0
"OSBPL9P4",0
"RAB11AP2",0
"NUAK1",0
"OR2AP1",0
"FIGNL2",0
"CLLU1",0
"MIR492",0
"RPL21P136",0
"MIR613",0
"RN7SL769P",0
"OR6C4",0
"H3P35",0
"CHCHD3P2",0
"TRHDE",0
"OR6C7P",0
"OR6C75",0
"OR6C73P",0
"OR6C76",0
"ASS1P14",0
"OR6C69P",0
"OR6C72P",0
"OR6C6",0
"OR6C5P",0
"ANP32D",0
"C12orf54",0
"RPS10P20",0
"LALBA",0
"NEUROD4",0
"OR9K2",0
"OR9R1P",0
"MIR614",0
"RNA5SP366",0
"GARIN6",0
"MIR3657",0
"MIR6861",0
"RN7SKP71",0
"RPL7AP60",0
"IQSEC3P1",0
"FGF6",0
"TMEM132C",0
"SLCO1A2",0
"PLEKHG6",0
"RPL17P38",0
"ASCL4",0
"ATF7-NPFF",0
"RPL31P51",0
"RASSF9",0
"NTS",0
"BRI3P2",0
"NPFF",0
"RPS15AP32",0
"IFT57P1",0
"RNU4-54P",0
"OR6C3",0
"KRT3",0
"KRT4",0
"KRT79",0
"KRT78",0
"RPL7P41",0
"OR6C74",0
"ABCC9",0
"SMCO3",0
"PDE6H",0
"RN7SKP134",0
"MIR4700",0
"ARF1P2",0
"CCNG2P1",0
"TMT1B",0
"ADAMTS20",0
"OR6C1",0
"ACSM4",0
"CLEC1B",0
"PIWIL1",0
"RNU6-1077P",0
"RPS27P24",0
"MIR26A2",0
"MIR4498",0
"RPS20P31",0
"RNU6-700P",0
"GOT2P3",0
"NPM1P7",0
"LINC02390",0
"GCNAP1",0
"KLRF1",0
"KLRF2",0
"CLEC2A",0
"CLEC12A-AS1",0
"CLEC12A",0
"RNU6-327P",0
"NANOGNBP2",0
"RNU4ATAC12P",0
"PTP4A1P2",0
"PPIAP44",0
"RNU6-618P",0
"RNU5F-4P",0
"RPL31P50",0
"RASAL1",0
"AKAP3",0
"GAU1",0
"KCNA6",0
"DPY19L2",0
"RPL36AP41",0
"RNU6-87P",0
"RNU6-1273P",0
"RNU6-199P",0
"RN7SL519P",0
"TMPRSS12",0
"HIGD1C",0
"POU5F1P3",0
"GCSHP4",0
"HADHAP2",0
"AICDA",0
"ZNF705A",0
"ZNF75BP",0
"KRT80",0
"TMT1AP1",0
"KRT88P",0
"KRT83",0
"KRT84",0
"KRT90P",0
"KRT6B",0
"KRT6C",0
"KRT71",0
"KRT74",0
"KRT72",0
"KRT73",0
"KRT128P",0
"OVCH1",0
"TAS2R7",0
"TAS2R8",0
"TAS2R9",0
"PRR4",0
"TAS2R15P",0
"MIR4698",0
"MIR6880",0
"POLR2KP1",0
"PARK7P1",0
"HIGD1AP9",0
"HOXC13",0
"HOXC12",0
"HOXC11",0
"HOXC10",0
"HOXC6",0
"MIR196A2",0
"HOXC9",0
"HOXC8",0
"MIR615",0
"MYO1H",0
"RNU7-103P",0
"RPL23AP14",0
"TEX52",0
"RNU6-1315P",0
"TEAD4",0
"TSPAN9-IT1",0
"PRMT8",0
"RNU6-174P",0
"OR8S1",0
"OR5BS1P",0
"TAS2R10",0
"RN7SL246P",0
"KNOP1P2",0
"BORCS8P1",0
"RN7SL459P",0
"RN7SL67P",0
"PDCD5P1",0
"SNORA49",0
"RPL39P28",0
"HNRNPA1P70",0
"HOXC5",0
"TAS2R50",0
"TAS2R31",0
"TAS2R63P",0
"TAS2R46",0
"TAS2R43",0
"HNRNPA3P10",0
"TMDD1",0
"IQSEC3",0
"MIR920",0
"KNOP1P1",0
"RN7SL793P",0
"MIR1252",0
"DSTNP2",0
"OR6U2P",0
"OR6C71P",0
"OR6C66P",0
"DEFB109F",0
"FAM86FP",0
"OR7E47P",0
"KRT87P",0
"KRT89P",0
"EP400P1",0
"TAS2R64P",0
"RERG-IT1",0
"RERG-AS1",0
"METTL8P1",0
"RNA5SP365",0
"MRPL2P1",0
"RNU6-148P",0
"MREGP1",0
"PRPH",0
"RNU6-1088P",0
"PLA2G1B",0
"MSI1",0
"RNU1-146P",0
"PHB1P18",0
"OR5BK1P",0
"OR5BT1P",0
"OR5BJ1P",0
"OR8S21P",0
"OR8T1P",0
"H1-7",0
"RPL21P99",0
"NANOGP1",0
"LMNTD1",0
"GSG1",0
"GLT1D1",0
"AK3P6",0
"NLRP9P1",0
"TMEM132D-AS2",0
"PRB3",0
"PRB1",0
"LSM6P2",0
"RPL35AP28",0
"FAIM2",0
"AQP2",0
"GPD1",0
"RNU7-170P",0
"TMTC1",0
"LDHAL6CP",0
"MKRN9P",0
"SLC9A7P1",0
"RPL13P5",0
"RPSAP52",0
"RPL22P19",0
"KRT19P2",0
"HTR7P1",0
"PHB1P19",0
"RPL30P11",0
"PGAM1P5",0
"CBX3P4",0
"PAFAH1B2P2",0
"PLEKHA8P1",0
"RPS27P25",0
"SLC26A10P",0
"OR9K1P",0
"MRPS18CP4",0
"RNU6-491P",0
"RPL30P12",0
"MIR6760",0
"RNA5SP373",0
"HSPA8P14",0
"CCDC63",0
"RNU6-1329P",0
"DPPA3P5",0
"TTC41P",0
"HOXC-AS2",0
"GLYCAM1",0
"CACNA1C-AS3",0
"SULT6B2P",0
"RNU1-149P",0
"LRRC34P1",0
"RPS27P22",0
"LINC02566",0
"LACRT",0
"VDAC1P5",0
"MUCL1",0
"OR10U1P",0
"OR10A7",0
"OR6C65",0
"RN7SKP65",0
"LRIG3",0
"RPS6P22",0
"RNU7-120P",0
"MRPS6P4",0
"LINC02444",0
"RNU6-977P",0
"RPL6P25",0
"KITLG",0
"RNU1-117P",0
"UBE2L2",0
"SLCO1B3",0
"SLCO1B3-SLCO1B7",0
"SLCO1B7",0
"MIR1251",0
"RFX4",0
"ART4",0
"RPL21P103",0
"RN7SKP262",0
"MIR4302",0
"ITPR2-AS1",0
"RNA5SP354",0
"DBX2",0
"RACGAP1P1",0
"SSBL3P",0
"RNA5SP361",0
"ENDOU",0
"OR11M1P",0
"MIR1291",0
"SNORA2A",0
"RN7SKP289",0
"LINC02598",0
"KLRC4-KLRK1",0
"IFITM3P6",0
"LINC02156",0
"ADI1P3",0
"STBD1P1",0
"SLC25A39P2",0
"KLRA1P",0
"STYK1",0
"HSPE1P12",0
"MIR6761",0
"RPS2P41",0
"ADAM1A",0
"ADAM1B",0
"SLC25A3P2",0
"MIR619",0
"DAO",0
"RNU6-361P",0
"RNU7-94P",0
"RPL31P48",0
"RNU6-1012P",0
"LINC02394",0
"VENTXP3",0
"GOLGA2P5",0
"RN7SL176P",0
"MIR1827",0
"LINC02452",0
"LINC01486",0
"LINC02617",0
"R3HDM2-DT",0
"LINC03056",0
"HOXC-AS3",0
"LINC02389",0
"LINC02400",0
"MIR200CHG",0
"LINC00485",0
"LINC02439",0
"LINC02441",0
"LINC02388",0
"LINC02457",0
"MRPS35-DT",0
"LHX5-AS1",0
"PDE3A-AS1",0
"SLC6A12-AS1",0
"LINC02411",0
"LINC02417",0
"LINC02823",0
"LINC02406",0
"AQP5-AS1",0
"CAPS2-AS1",0
"LINC02412",0
"BMAL2-AS1",0
"LINC02378",0
"LRP1-AS",0
"LINC02425",0
"LINC00477",0
"LINC01490",0
"HOTAIR",0
"LINC02408",0
"RMST",0
"LINC02385",0
"LINC01489",0
"LINC02455",0
"LINC01405",0
"FIGNL2-DT",0
"LINC02471",0
"LRRK2-DT",0
"LINC02555",0
"CACNA1C-IT3",0
"LINC02414",0
"CRADD-AS1",0
"LINC02410",0
"SNRPF-DT",0
"LINC02468",0
"LINC00934",0
"CPNE8-AS1",0
"LINC02820",0
"TRHDE-AS1",0
"LINC02440",0
"LINC02366",0
"LINC02404",0
"LINC02874",0
"LINC02821",0
"LINC02445",0
"HOXC-AS1",0
"HOXC13-AS",0
"LINC02459",0
"LINC02424",0
"LINC02387",0
"FZD10-AS1",0
"KRT73-AS1",0
"CISTR",0
"LINC02403",0
"C12orf42-AS1",0
"LINC00942",0
"LINC02386",0
"LINC02442",0
"PITPNM2-AS1",0
"LINC02395",0
"LINC02396",0
"LINC02369",0
"LINC02368",0
"DBX2-AS1",0
"LINC02381",0
"TBX5-AS1",0
"LINC02464",0
"TBX3-AS1",0
"LINC02371",0
"LINC01234",0
"LINC02985",0
"LINC02258",0
"LINC02458",0
"LINC02391",0
"LINC02419",0
"LINC02401",0
"LINC02359",0
"LINC02350",0
"LINC02825",0
"LINC02347",0
"FAM32EP",0
"NDUFA5P6",0
"LINC02824",0
"LINC02372",0
"HSPE1P20",0
"RNU1-104P",0
"COPS5P2",0
"CLLU1-AS1",0
"DDX12P",0
"NIFKP3",0
"RPS3AP43",0
"WASH8P",0
"ZNF970P",0
"VTI1BP3",0
"RPL7AP9",0
"RPL10P13",0
"YWHAQP7",0
"KRT17P8",0
"BTG1P1",0
"PTMAP4",0
"RPL36P15",0
"OOEPP2",0
"RPL7P38",0
"RPL13AP20",0
"ALG1L10P",0
"ENPP7P5",0
"PPIAP45",0
"BRWD1P2",0
"GNAI2P1",0
"EEF1B2P4",0
"NACAP8",0
"PCNPP3",0
"LINC02375",0
"MIR7107",0
"STMN1P1",0
"RNU6-1069P",0
"RPL12P32",0
"LINC03088",0
"LINC02827",0
"IQSEC3-AS1",0
"LINC02405",0
"LINC02415",0
"LSP1P1",0
"ZNF962P",0
"RPL17P51",0
"HSPD1P9",0
"MTCO3P2",0
"RPS20P32",0
"FABP3P2",0
"MTUS2-AS1",0
"RPS21P8",0
"CHCHD2P11",0
"TIMM9P3",0
"LINC00457",0
"GPR12",0
"MTUS2-AS2",0
"ZNF646P1",0
"RPP40P2",0
"GAMTP2",0
"WASF3",0
"GNG5P5",0
"FHP1",0
"FREM2-AS1",0
"POLR3KP1",0
"SLC25A5P4",0
"SPATA13-AS1",0
"PRR20FP",0
"DNAJA1P1",0
"ELL2P3",0
"LINC00374",0
"RPL37P21",0
"ERICH6B",0
"LINC00547",0
"MARK2P12",0
"KLHL1",0
"LINC01442",0
"HNF4GP1",0
"RPL12P34",0
"HMGN2P39",0
"PLA2G12AP2",0
"COX4I1P2",0
"FGFR1OP2P1",0
"NPM1P22",0
"NIPA2P5",0
"RPL31P53",0
"RPL18AP17",0
"SPATA2P1",0
"HSPD1P8",0
"RPL21P111",0
"MTCL1P1",0
"FREM2",0
"CTAGE11P",0
"PRR20B",0
"HNRNPA1P18",0
"VDAC1P12",0
"RPS3AP52",0
"CTAGE16P",0
"LINC00333",0
"PRR20D",0
"PRR20E",0
"MTND4P1",0
"MTCO2P3",0
"OR7E111P",0
"RPL31P54",0
"CBY2",0
"UBE2D3P4",0
"BCAS2P3",0
"RABEPKP1",0
"ANKRD26P2",0
"OLFM4",0
"ARF4P3",0
"CCT5P2",0
"PRR20A",0
"LINC01078",0
"SNRPFP3",0
"SRSF1P1",0
"PCDH17",0
"SP3P",0
"LINC00440",0
"RPS12P24",0
"HIGD1AP2",0
"HNRNPA1P31",0
"ELOCP23",0
"MTND5P3",0
"VENTXP2",0
"ATP6V1G1P7",0
"ARF4P4",0
"SRGNP1",0
"GAPDHP34",0
"SCEL-AS1",0
"NXT1P1",0
"FTLP8",0
"DDX6P2",0
"LINC00351",0
"LINC00383",0
"LINC00353",0
"PEX12P1",0
"PRR20C",0
"TCEAL4P1",0
"GAPDHP69",0
"NUS1P4",0
"SLITRK6",0
"RPL27AP8",0
"CYCSP35",0
"NUS1P3",0
"NALF1-IT1",0
"SOX1",0
"CALM2P4",0
"RPL7AP61",0
"DPPA3P3",0
"AKR1B1P4",0
"SPACA7",0
"GYG1P2",0
"RIOK3P1",0
"LINC01044",0
"SSR1P2",0
"RPL7L1P1",0
"NALF1",0
"GRK1",0
"TRIM60P13",0
"AZU1P1",0
"BNIP3P7",0
"MOB1AP1",0
"LINC01040",0
"TIMM8BP1",0
"FAM216B",0
"GRPEL2P1",0
"MIR4499",0
"MIR2276",0
"RNU5A-4P",0
"RNA5SP26",0
"RNU6-56P",0
"RN7SKP1",0
"RNY3P9",0
"RN7SKP2",0
"RNA5SP27",0
"RN7SL700P",0
"RN7SL618P",0
"MIR5007",0
"RN7SKP6",0
"RNA5SP30",0
"RNY4P29",0
"MIR3169",0
"RNU7-88P",0
"RNY3P5",0
"RN7SL375P",0
"RN7SL761P",0
"RNU6-80P",0
"RNY1P8",0
"RNU4-10P",0
"RNU6-66P",0
"RNU6-79P",0
"RNY3P10",0
"RN7SL571P",0
"RNA5SP33",0
"RNU6-61P",0
"RNU6-54P",0
"RNY3P7",0
"RNU6-77P",0
"RNY3P3",0
"RNU6-38P",0
"RNU6-67P",0
"RN7SL60P",0
"SNORD31B",0
"MIR1267",0
"RNA5SP38",0
"NME1P1",0
"MTND3P1",0
"DDX39AP1",0
"IPMKP1",0
"RFESDP1",0
"BASP1P1",0
"HMGA1P6",0
"RNY3P4",0
"RNU6-58P",0
"SDAD1P4",0
"LINC00327",0
"LINC00352",0
"MIR3613",0
"MIR15A",0
"RPL34P26",0
"RNA5SP28",0
"RPL5P31",0
"PRELID3BP2",0
"MIR5693",0
"IFIT1P1",0
"ATP8A2P2",0
"NDE1P2",0
"SMAD9-IT1",0
"LAMTOR3P1",0
"EIF4A1P5",0
"CSNK1A1L",0
"CTAGE3P",0
"TRPC4",0
"RN7SKP5",0
"ABITRAMP1",0
"RNU2-6P",0
"RNU6-68P",0
"PPP1R2P4",0
"OR7E101P",0
"FKBP1AP3",0
"SIAH3",0
"LINC00555",0
"BIVM-ERCC5",0
"POLR2KP2",0
"FAM204CP",0
"RN7SKP9",0
"SNORA31B",0
"RNA5SP39",0
"HCFC2P1",0
"HTR2A",0
"RNY4P28",0
"TARDBPP2",0
"EIF4A1P6",0
"RNU6-71P",0
"PSMC1P13",0
"SLITRK1",0
"COL4A2-AS2",0
"MIR3168",0
"RN7SL597P",0
"MORF4L1P4",0
"RAC1P3",0
"RNU6-57P",0
"TUBBP2",0
"OR7E37P",0
"MIR5006",0
"RN7SL515P",0
"RNU6-74P",0
"RPS28P8",0
"MAPK6P3",0
"PSMA6P4",0
"KRR1P1",0
"GJA3",0
"LINC00556",0
"GJB6",0
"SLC35E1P1",0
"RNU2-7P",0
"RANP8",0
"CNOT4P1",0
"PPIAP27",0
"LATS2-AS1",0
"RNU4-9P",0
"IPPKP1",0
"ELOBP1",0
"RNU6-78P",0
"RN7SL741P",0
"RXFP2",0
"EEF1DP3",0
"RNY1P4",0
"SCAND3P1",0
"PHB1P13",0
"RNY4P30",0
"CTAGE10P",0
"RNY4P9",0
"DAOA-AS1",0
"UTP14C",0
"THSD1P1",0
"RN7SL320P",0
"SNRPGP11",0
"MIR4703",0
"RNU6-65P",0
"RNY1P6",0
"RN7SL413P",0
"CCDC70",0
"MTUS2",0
"ATP8A2P3",0
"PRUNE1P1",0
"THAP12P6",0
"PARP1P1",0
"ARHGEF7-IT1",0
"TEX29",0
"BTF3P11",0
"RPL7P44",0
"DHX9P1",0
"MYCBP2-AS2",0
"ATP11AUN",0
"ATP11A-AS1",0
"METTL21C",0
"SLC10A2",0
"OXGR1",0
"RNY4P24",0
"HNRNPA1L2",0
"DAOA",0
"ZIC2",0
"LINC00554",0
"NDUFA12P1",0
"ASNSP3",0
"ZIC5",0
"NPM1P4",0
"GSX1",0
"PLUT",0
"RNU6-73P",0
"PDX1",0
"LINC01039",0
"CFL1P8",0
"MIR4306",0
"ITGBL1",0
"SNRPGP14",0
"GRK6P1",0
"RNA5SP25",0
"ZDHHC20-IT1",0
"RNU6-59P",0
"RN7SL766P",0
"LINC00400",0
"RPL36P19",0
"ENOX1-AS1",0
"MIR8075",0
"RNU1-16P",0
"N4BP2L2-IT2",0
"PARP4P2",0
"SLC25A15P2",0
"CYCSP32",0
"MRPS31P2",0
"ESRRAP1",0
"GOLM2P1",0
"LINC02339",0
"RAC1P8",0
"LINC01074",0
"LINC00459",0
"RPL32P28",0
"SQSTM1P1",0
"RNU6-81P",0
"NFYAP1",0
"STARP1",0
"MIR548X2",0
"MIR4704",0
"TRIM60P19",0
"LINC00561",0
"RNU6-53P",0
"POM121L13P",0
"TNFSF11",0
"C1QTNF9",0
"PCDH20",0
"IRX1P1",0
"ANKRD20A10P",0
"RNY1P7",0
"RPL26P34",0
"RNF17",0
"RPS3AP44",0
"RASA3-IT1",0
"MIR548AR",0
"MIR4502",0
"CLCP2",0
"RPL23AP97",0
"RNU6-83P",0
"RPS6P23",0
"HSP90AB6P",0
"RN7SKP7",0
"RNY1P5",0
"F7",0
"F10",0
"KARS1P2",0
"PROZ",0
"ATP4B",0
"ANKRD20A19P",0
"SPACA7BP",0
"LINC00431",0
"TPTE2P3",0
"OR7E156P",0
"OR7E104P",0
"MRPS31P5",0
"MIPEPP3",0
"SPTLC1P5",0
"RN7SL810P",0
"TOMM22P3",0
"KL",0
"STARD13-IT1",0
"CNMD",0
"MIR759",0
"LONRF2P2",0
"LINC00388",0
"FEM1AP4",0
"LINC00387",0
"GXYLT1P1",0
"CNN2P12",0
"ZNF965P",0
"SNX18P26",0
"LINC00328-2P",0
"RHOT1P3",0
"RNU6-55P",0
"RNU6-76P",0
"SNX19P2",0
"USP24P1",0
"GTF2IP3",0
"RNA5SP24",0
"CENPIP1",0
"RPL21P109",0
"RPL35AP31",0
"RPS10P21",0
"ARL11",0
"RNU1-24P",0
"HMGB3P7",0
"MIR2681",0
"LIPT1P1",0
"RNY1P2",0
"MIR4705",0
"RPL39P29",0
"FGF14-IT1",0
"KATNBL1P1",0
"CHCHD2P8",0
"RN7SL49P",0
"RN7SKP3",0
"RN7SKP4",0
"PABPC3",0
"RPL23AP69",0
"MIR623",0
"HMGB3P4",0
"CCR12P",0
"LNCARGI",0
"CCDC169-SOHLH2",0
"LINC00558",0
"MIR1297",0
"MIR621",0
"MAB21L1",0
"SERP2",0
"ACOD1",0
"LINC00559",0
"RNA5SP34",0
"FAR1P1",0
"KRT18P27",0
"MIR622",0
"RNU6-75P",0
"LINC00410",0
"BRK1P2",0
"HNRNPA1P29",0
"GPC6-AS2",0
"RNA5SP35",0
"GPC6-AS1",0
"RNA5SP36",0
"RN7SL585P",0
"SOX21-AS1",0
"SOX21",0
"BRD7P5",0
"RPL21P112",0
"LINC00557",0
"RNY3P8",0
"RNY4P27",0
"MEMO1P5",0
"CLDN10",0
"CLDN10-AS1",0
"DZIP1",0
"HMGN1P24",0
"RN7SL164P",0
"MIR4501",0
"AMMECR1LP1",0
"TPTE2P2",0
"RPL21P107",0
"LINC00567",0
"CCNA1",0
"H2ACP1",0
"GPC5",0
"RNU4ATAC3P",0
"FABP5P4",0
"GPC5-IT1",0
"MIR548AS",0
"GPC5-AS1",0
"PTMAP5",0
"PCDH8P1",0
"ARL2BPP3",0
"LINC00367",0
"RPS4XP16",0
"ESRRAP2",0
"TULP3P1",0
"GUCY1B2",0
"CDX2",0
"URAD",0
"RN7SL272P",0
"C1QTNF9B",0
"SMAD9",0
"CYCSP33",0
"TPTE2P6",0
"PSPC1P2",0
"MYO16-AS2",0
"RPL35P9",0
"PPIAP24",0
"CLYBL-AS2",0
"LINC00373",0
"RPL29P29",0
"LINC00330",0
"MFAP1P1",0
"TEX26",0
"RNY1P1",0
"RNU6-63P",0
"LINC00402",0
"RPL21P108",0
"LINC00347",0
"RNF113B",0
"RN7SKP8",0
"MIR3170",0
"LINC00552",0
"LINC00452",0
"ARHGEF7-AS1",0
"RN7SKP10",0
"LINC00396",0
"RN7SL783P",0
"MIR8073",0
"TXNL1P1",0
"UBBP5",0
"LIN28AP2",0
"MIR4500",0
"SLITRK5",0
"LINC00397",0
"TET1P1",0
"C13orf42",0
"MIR17",0
"MIR18A",0
"MIR19A",0
"MIR20A",0
"MIR19B1",0
"MIR92A1",0
"MIR4305",0
"RNY4P14",0
"CDKN2AIPNLP3",0
"RNU6-64P",0
"PRDX2P1",0
"LINC00427",0
"SNORD102",0
"SNORA27",0
"RNU6-70P",0
"LINC00442",0
"VWA8-AS1",0
"FRY-AS1",0
"LINC00375",0
"EDNRB-AS1",0
"LINC01069",0
"LINC02335",0
"LINC01075",0
"LINC00404",0
"LINC00446",0
"LINC01046",0
"LINC00345",0
"LINC00362",0
"F10-AS1",0
"LINC00676",0
"GRTP1-AS1",0
"LINC01054",0
"PRECSIT",0
"LINC00399",0
"LINC02344",0
"LINC02338",0
"DCUN1D2-AS",0
"LINC00460",0
"LINC00564",0
"LINC00424",0
"LINC00434",0
"LINC00366",0
"ATXN8OS",0
"LINC00448",0
"LINC00572",0
"LINC00454",0
"LINC02333",0
"LINC00368",0
"LINC01049",0
"LINC00408",0
"LINC00297",0
"LINC00430",0
"LINC00411",0
"LINC01072",0
"LINC00395",0
"LINC00349",0
"LINC00359",0
"LINC00363",0
"LINC01080",0
"LINC00382",0
"HTR2A-AS1",0
"LINC00348",0
"DIAPH3-AS2",0
"LINC01198",0
"LINC00380",0
"NALCN-AS1",0
"LINC00378",0
"LINC02343",0
"STARD13-AS",0
"LINC00379",0
"LINC00393",0
"LINC00392",0
"LINC01077",0
"ENOX1-AS2",0
"TEX26-AS1",0
"LINC01066",0
"LINC01076",0
"LINC00384",0
"LINC00385",0
"LINC01034",0
"LINC01065",0
"LINC00462",0
"GPC5-AS2",0
"FGF14-AS1",0
"LINC00354",0
"LINC01070",0
"LINC02336",0
"LINC01038",0
"LINC01047",0
"LINC00364",0
"LINC01050",0
"DIAPH3-AS1",0
"LINC00421",0
"LINC01048",0
"LINC00428",0
"LINC00331",0
"LINC00391",0
"LINC00343",0
"LINC00543",0
"LINC00358",0
"MIR4500HG",0
"LINC00445",0
"LINC00376",0
"LINC00365",0
"LINC00566",0
"TPTE2-AS1",0
"LINC00550",0
"LINC02342",0
"LINC00433",0
"SACS-AS1",0
"LINC00390",0
"MIR8079",0
"LINC02938",0
"SUGT1P3",0
"PCDH9-AS1",0
"RNU7-87P",0
"PCDH9-AS2",0
"PCDH9-AS3",0
"LINC01052",0
"LINC03032",0
"GGT4P",0
"IGSF3P1",0
"PRDX3P3",0
"LINC00437",0
"BCRP9",0
"COX7CP1",0
"PWWP2AP1",0
"OR7E33P",0
"OGFOD1P1",0
"RPL7AP73",0
"NUS1P2",0
"OR7E36P",0
"OR7E155P",0
"PPIAP28",0
"SLC25A15P3",0
"GAPDHP52",0
"PPP1R2P10",0
"GAPDHP22",0
"PPIAP26",0
"CYP4F34P",0
"ANKRD20A9P",0
"PSPC1P1",0
"PPIAP25",0
"ATP5MC1P5",0
"WDR95P",0
"ANKRD26P3",0
"BNIP3P6",0
"TRDV2",0
"TRAJ60",0
"TRDD1",0
"TRDJ3",0
"TRDD3",0
"TRAJ59",0
"TRAJ61",0
"TRDJ4",0
"TRAJ56",0
"ARHGAP16P",0
"TRDD2",0
"TRAJ53",0
"KRT8P2",0
"ATP5MC2P2",0
"GLRX5P3",0
"TRDV3",0
"LINC02307",0
"RPS3AP46",0
"PSMA3P1",0
"PPIAP5",0
"MAD2L1P1",0
"GNRHR2P1",0
"SIX1",0
"EIF1AXP2",0
"RPL17P2",0
"SIX6",0
"SCOCP1",0
"ATP5F1AP4",0
"SALRNA1",0
"CCDC177",0
"KCNH5",0
"PARP1P2",0
"AKR1B1P5",0
"PTTG1P1",0
"RAP1AP",0
"TUBBP3",0
"NCOA4P1",0
"RPL23AP71",0
"GTF3AP2",0
"HNRNPUP1",0
"RPL9P6",0
"CYCSP1",0
"RPL21P8",0
"FTH1P13",0
"OR7E159P",0
"COILP1",0
"FKBP1BP1",0
"CAP2P1",0
"RAB42P1",0
"ENSAP2",0
"CYB5AP5",0
"CLEC14A",0
"SYNDIG1L",0
"RPSAP3",0
"MTCYBP27",0
"EEF1A1P2",0
"YWHAQP1",0
"SSTR1",0
"CKS1BP1",0
"MTND4P33",0
"OR7K1P",0
"ARMH4",0
"MTND5P35",0
"CHORDC2P",0
"RPL23AP10",0
"IGHVIII-16-1",0
"IGHVII-30-1",0
"IGHVII-15-1",0
"BDKRB1",0
"IGHVIII-11-1",0
"IGHVII-30-21",0
"PEBP1P1",0
"ELK2AP",0
"GLRXP2",0
"IGHVIII-25-1",0
"SLC20A1P2",0
"LINC02312",0
"KCNK13",0
"IGHVII-33-1",0
"IGHVIII-13-1",0
"HOMER2P2",0
"RPL10L",0
"LINC00226",0
"FOXN3-AS2",0
"IGHVIII-26-1",0
"EFCAB11",0
"IGHVII-28-1",0
"RNU6-458P",0
"RNU1-27P",0
"RN7SL660P",0
"RNU6-8",0
"MIR3171",0
"RNU6-1261P",0
"RNA5SP385",0
"RNU6-7",0
"MIR5580",0
"MIR4708",0
"RN7SL598P",0
"RN7SKP99",0
"MIR5586",0
"SNORD56B",0
"RN7SL683P",0
"RNU1-28P",0
"RNU6-552P",0
"MIR625",0
"RNU6-976P",0
"RNU6ATAC28P",0
"MIR4709",0
"RNU7-30P",0
"SNORA11B",0
"RN7SKP107",0
"RN7SKP255",0
"RN7SL714P",0
"RNU2-33P",0
"TRAJ41",0
"TRAJ19",0
"TRAJ18",0
"TRAJ14",0
"TRAJ8",0
"TRAJ1",0
"OR6E1P",0
"PSMB11",0
"EFS",0
"CMTM5",0
"BRD7P1",0
"RN7SKP205",0
"LINC00596",0
"TCL1A",0
"LINC02287",0
"CHGA",0
"ITPK1-AS1",0
"CYB5AP3",0
"RPL36AP4",0
"COX6CP11",0
"ZMYND19P1",0
"LINC02914",0
"SNRPGP1",0
"ZFP64P1",0
"ABHD12B",0
"METTL5P1",0
"HIF1AP1",0
"RNU4ATAC14P",0
"SERPINA4",0
"SERPINA5",0
"SERPINA3",0
"RPL15P2",0
"ADIPOR1P2",0
"RNU6ATAC9P",0
"MIR4308",0
"RPSAP13",0
"DHRS2",0
"PLD4",0
"OR4U1P",0
"OR4L1",0
"RNA5SP380",0
"OR4T1P",0
"PSMB7P1",0
"GTF2IP22",0
"OR11G1P",0
"OR11P1P",0
"OR11H6",0
"OR11H7",0
"SNORA79B",0
"SNORD126",0
"RPPH1",0
"RNA5SP382",0
"PTCD2P1",0
"SETP1",0
"OR6S1",0
"RNASE4",0
"RANBP20P",0
"EDDM3DP",0
"EDDM3A",0
"EDDM3B",0
"RN7SL189P",0
"SLC39A2",0
"MIR6717",0
"TPPP2",0
"RNASE7",0
"RNASE8",0
"CKAP2P1",0
"RNU6-252P",0
"OR5AU1",0
"SMARCE1P3",0
"SNORD9",0
"HMGB3P26",0
"RPSAP5",0
"RPL10AP1",0
"RNU7-160P",0
"RNU4-68P",0
"BTF3P2",0
"LBHD2",0
"RPL21P12",0
"GCSHP2",0
"RPL17P4",0
"MIR3173",0
"TMEM179",0
"LINC02280",0
"MIR4710",0
"RNU4-22P",0
"RNU4-92P",0
"MPPE1P1",0
"RPL31P5",0
"GCATP1",0
"RNU6-597P",0
"RNU6-1162P",0
"RNU7-116P",0
"RPS28P1",0
"DLK1",0
"MIR2392",0
"MIR770",0
"MIR493",0
"MIR337",0
"MIR665",0
"MIR431",0
"MIR433",0
"MIR127",0
"MIR432",0
"MIR136",0
"SNORD112",0
"MIR370",0
"SNORD113-1",0
"SNORD113-2",0
"SNORD113-3",0
"SNORD113-4",0
"SNORD113-5",0
"SNORD113-6",0
"SNORD113-7",0
"SNORD113-8",0
"SNORD113-9",0
"SNORD114-1",0
"SNORD114-2",0
"SNORD114-3",0
"SNORD114-4",0
"SNORD114-5",0
"SNORD114-6",0
"SNORD114-7",0
"SNORD114-9",0
"SNORD114-10",0
"SNORD114-11",0
"SNORD114-12",0
"SNORD114-13",0
"SNORD114-14",0
"SNORD114-15",0
"SNORD114-16",0
"SNORD114-17",0
"SNORD114-18",0
"SNORD114-19",0
"SNORD114-20",0
"SNORD114-21",0
"SNORD114-22",0
"SNORD114-23",0
"SNORD114-24",0
"SNORD114-25",0
"SNORD114-26",0
"SNORD114-27",0
"SNORD114-28",0
"SNORD114-29",0
"SNORD114-30",0
"SNORD114-31",0
"MIR379",0
"MIR411",0
"MIR299",0
"MIR380",0
"MIR1197",0
"MIR323A",0
"MIR758",0
"MIR329-1",0
"MIR329-2",0
"MIR494",0
"MIR1193",0
"MIR543",0
"MIR495",0
"MIR376C",0
"MIR376A2",0
"MIR654",0
"MIR376B",0
"MIR376A1",0
"MIR300",0
"MIR1185-1",0
"MIR1185-2",0
"MIR381",0
"MIR487B",0
"MIR539",0
"MIR889",0
"MIR544A",0
"MIR655",0
"MIR487A",0
"MIR382",0
"MIR134",0
"MIR668",0
"MIR485",0
"MIR323B",0
"MIR154",0
"MIR496",0
"MIR377",0
"MIR541",0
"MIR409",0
"MIR412",0
"MIR369",0
"MIR410",0
"MIR656",0
"GRAMD4P3",0
"RNU6-1268P",0
"SSBP3P5",0
"ARHGAP42P4",0
"OR4N2",0
"OR11K2P",0
"OR4H12P",0
"OR4N1P",0
"OR4K6P",0
"OR4K4P",0
"DHRS4L1",0
"MIR7703",0
"RNA5SP383",0
"NEDD8-MDP1",0
"NFATC4",0
"SNORD8",0
"EIF4EBP1P1",0
"RN7SL650P",0
"RNU6-366P",0
"HMGB1P14",0
"RNU6-341P",0
"HSBP1P1",0
"HNRNPCP1",0
"RPL9P5",0
"C14orf180",0
"CCDC198",0
"GSC",0
"RBBP4P5",0
"OR10G1P",0
"UBE2NP1",0
"OR10G2",0
"ARL6IP1P1",0
"RPL4P1",0
"GPRASP3P1",0
"SNORA79",0
"UNGP3",0
"RTL1",0
"MIR5694",0
"RNA5SP387",0
"COX7A2P1",0
"RNA5SP386",0
"RN7SL369P",0
"RPL21P9",0
"RN7SL213P",0
"IGBP1P1",0
"RNU7-93P",0
"PHKBP2",0
"RPL29P3",0
"NKX2-8",0
"RN7SKP257",0
"SF3B4P1",0
"IGHVII-40-1",0
"HOMER2P1",0
"IGHVII-44-2",0
"IGHVII-46-1",0
"IGHVIII-47-1",0
"IGHVII-49-1",0
"IGHVII-51-2",0
"IGHVII-53-1",0
"IGHV8-51-1",0
"VESTAR",0
"RPS26P49",0
"CMA1",0
"CTSG",0
"FXNP1",0
"NRXN3",0
"RNA5SP388",0
"RPS26P48",0
"RNU6-921P",0
"MAGOH3P",0
"BLZF2P",0
"HMGN1P3",0
"BANF1P1",0
"RPS29P1",0
"SYF2P1",0
"RPL12P5",0
"SERPINA10",0
"SERPINA9",0
"SERPINA12",0
"BDKRB2",0
"MMP14",0
"SALL2",0
"RN7SKP193",0
"MIR4504",0
"SYNJ2BP-COX16",0
"RNU2-51P",0
"RNU6-659P",0
"KRT18P7",0
"TTC9-DT",0
"RN7SL77P",0
"EGLN3-AS1",0
"RN7SKP108",0
"RPL7AP2",0
"RPL7AP4",0
"ABI1P1",0
"RN7SL108P",0
"RPL7AP5",0
"RPLP0P3",0
"DNAJC8P1",0
"KRT18P6",0
"INSM2",0
"QRSL1P3",0
"ILF2P2",0
"OR4K2",0
"LRFN5",0
"OR4M1",0
"OR4K14",0
"OR4K1",0
"OR10G3",0
"NF1P4",0
"NF1P11",0
"CHURC1-FNTB",0
"MIR4706",0
"CCDC196",0
"ZDHHC22",0
"FAM204DP",0
"MIR1260A",0
"RN7SKP92",0
"RPL26P3",0
"RNU6-864P",0
"RNU11-5P",0
"RNU6-1234P",0
"MIR7855",0
"OR4N5",0
"OR4E2",0
"HIGD1AP17",0
"RPL21P5",0
"RNU6-541P",0
"LINC02329",0
"MIR7843",0
"OR11G2",0
"NGB",0
"RNASE3",0
"TRAV7",0
"TRAV9-1",0
"TRAV10",0
"TRAV11",0
"TRAV15",0
"TRAV18",0
"TRAV23DV6",0
"TRAV26-1",0
"TRAV8-7",0
"TRAV28",0
"TRAV30",0
"TRAV31",0
"TRAV32",0
"TRAV33",0
"TRAV34",0
"TRAV35",0
"TRAV37",0
"ATP6V1G1P1",0
"IGHD4-23",0
"IGHD1-20",0
"IGHD4-17",0
"IGHD3-16",0
"IGHD2-15",0
"IGHD1-14",0
"IGHD4-11",0
"IGHD2-8",0
"IGHD1-7",0
"IGHD6-6",0
"IGHD5-5",0
"IGHD4-4",0
"IGHD1-1",0
"IGHVIII-2-1",0
"IGHVIII-5-1",0
"IGHVIII-5-2",0
"RNA5SP389",0
"IGHVII-65-1",0
"SLC20A1P1",0
"IGHVII-67-1",0
"IGHVIII-67-2",0
"IGHVIII-67-3",0
"IGHVIII-67-4",0
"IGHVII-74-1",0
"IGHVIII-82",0
"TRIM9",0
"COX4I1P1",0
"CCDC197",0
"RPL36AP1",0
"RN7SL461P",0
"RNU6-1204P",0
"OTX2",0
"MIR6765",0
"RPS20P33",0
"H1-8P2",0
"VASH1-DT",0
"RN7SKP17",0
"RN7SL356P",0
"LRRC74A",0
"JPH4",0
"CDH24",0
"OR4K17",0
"GPR135",0
"RN7SL530P",0
"VRTN",0
"SUB1P2",0
"STK16P1",0
"RNU6ATAC30P",0
"RNU6-539P",0
"RN7SL3",0
"RN7SL2",0
"RNU6-189P",0
"MIR6076",0
"PDLIM1P1",0
"RPL23AP8",0
"RPL23AP70",0
"MRPL57P8",0
"DPRXP3",0
"SYT16",0
"OR4K15",0
"OR4Q2",0
"ATP5MC1P2",0
"NT5CP2",0
"ACOT6",0
"NDUFB8P1",0
"RNU6-240P",0
"LINC02274",0
"PTGR2",0
"SAMD15",0
"RNU6-273P",0
"RNU6-886P",0
"FOXA1",0
"COX8C",0
"RNU6-1258P",0
"PRIMA1",0
"FAM181A",0
"RPL21P6",0
"MIR4503",0
"RNU6-1138P",0
"RNU6-1046P",0
"MIR208A",0
"MIR208B",0
"CEBPE",0
"RNU6-1277P",0
"TTC6",0
"SNORD127",0
"RNASE10",0
"RNASE12",0
"HHIPL1",0
"EML1",0
"RNU1-47P",0
"VDAC3P1",0
"RD3L",0
"RN7SL634P",0
"MIR203A",0
"MIR203B",0
"SETP2",0
"RNU6-1291P",0
"TMEM183AP4",0
"MIR1247",0
"RN7SL586P",0
"MIR4707",0
"RNU6-244P",0
"MIR4309",0
"RN7SL546P",0
"RPL23AP11",0
"NPAS3",0
"TMEM253",0
"RNA5SP384",0
"RPL32P29",0
"BCL2L2-PABPN1",0
"SRMP2",0
"RNU6-398P",0
"TMEM30B",0
"RNU6-835P",0
"KCNK10",0
"NEK2P1",0
"NF1P7",0
"RNU6-1239P",0
"NBEAP5",0
"OR11H13P",0
"CDRT15P13",0
"NBEAP6",0
"TOMM40P1",0
"MIR151B",0
"MIR342",0
"MIR6764",0
"MIR345",0
"RN7SL523P",0
"SLC25A47",0
"SERPINA2",0
"SLC8A3",0
"ZFAND2AP2",0
"SERPINA13P",0
"OR4K16P",0
"OR11H5P",0
"DPPA3P2",0
"ADAM20P1",0
"MED15P1",0
"BMS1P17",0
"OR4K3",0
"IL25",0
"NANOGP7",0
"RN7SKP21",0
"DACT1",0
"OR4E1",0
"RPA2P1",0
"RPS15AP3",0
"MIR548Y",0
"OR11H2",0
"AJUBA",0
"MIR4506",0
"RNU2-14P",0
"RPL21P7",0
"RPL36AP2",0
"RPPH1-2P",0
"TUNAR",0
"RNASE9",0
"RPL13AP3",0
"NDUFB4P11",0
"RAP2CP1",0
"MED15P6",0
"BNIP3P1",0
"DUXAP9",0
"ADAM21P1",0
"SERTAD4BP",0
"TEX21P",0
"SRP54-AS1",0
"FOXG1",0
"MYH7",0
"RNASE11",0
"DOCK11P1",0
"RRAGAP1",0
"NOVA1",0
"LINC02294",0
"MIR4307HG",0
"MIR4307",0
"MIR3171HG",0
"LINC02326",0
"GPR33",0
"RNU6-602P",0
"RNU6-455P",0
"NKX2-1-AS1",0
"EIF4BP1",0
"YWHAZP1",0
"FSCB",0
"RNU6-297P",0
"RPL18P1",0
"TDRD9",0
"RNU6-684P",0
"TMEM63C",0
"RNU7-51P",0
"LINC02296",0
"LINC02330",0
"SHLD2P2",0
"SCARNA13",0
"TCL1B",0
"LINC03058",0
"ARHGAP42P5",0
"LINC02297",0
"SSBP3P4",0
"RPL22P20",0
"NF1P10",0
"DUXAP10",0
"DPPA5P4",0
"COX5AP2",0
"LINC02833",0
"LINC02311",0
"LINC02304",0
"LINC02319",0
"LINC02331",0
"LINC02309",0
"LINC02291",0
"PRPF39-DT",0
"LINC02327",0
"LINC02284",0
"LINC02322",0
"MIR493HG",0
"FOXG1-AS1",0
"LRFN5-DT",0
"LINC02285",0
"ACTN1-DT",0
"LINC02316",0
"LINC02320",0
"LINC02300",0
"CCDC88C-DT",0
"LINC02303",0
"ARHGAP5-AS1",0
"LINC02323",0
"LINC02308",0
"LINC02290",0
"LINC01500",0
"LINC03033",0
"LINC02306",0
"LINC02281",0
"LINC02282",0
"LINC00519",0
"FLRT2-AS1",0
"LINC00911",0
"LINC02286",0
"LINC00645",0
"RNASE2CP",0
"LINC01269",0
"LINC00648",0
"FAM181A-AS1",0
"SAMD4A-AS1",0
"PTCSC3",0
"LINC00523",0
"MEG3",0
"LINC02321",0
"LINC02305",0
"LINC00644",0
"FLVCR2-AS1",0
"LINC02299",0
"LINC02279",0
"KIF26A-DT",0
"OTX2-AS1",0
"LINC02293",0
"LINC02324",0
"LINC02318",0
"G2E3-AS1",0
"LINC02317",0
"GPR137C",0
"OR7E106P",0
"DDX18P1",0
"PPIAP4",0
"RPL12P7",0
"ATP5MC1P1",0
"ELK2BP",0
"RPL3P4",0
"GRAMD4P4",0
"PTBP1P",0
"OR11H12",0
"LINC02314",0
"LINC02313",0
"PCNX4-DT",0
"LINC00605",0
"EIF5-DT",0
"LINC00677",0
"OR11H3P",0
"OR11J6P",0
"MPHOSPH10P5",0
"OR4M2-OT1",0
"GOLGA6L1",0
"OR4N3P",0
"OR11J7P",0
"SERPINE4P",0
"NF1P2",0
"ZNF519P3",0
"OR4H6P",0
"HNRNPA1P71",0
"DNAAF4-CCPG1",0
"OR11K1P",0
"OR4Q1P",0
"LDHAL6B",0
"GAPDHP43",0
"SALRNA2",0
"HNRNPA1P45",0
"MESTP2",0
"GEMIN8P1",0
"KRT8P9",0
"BUB1B-PAK6",0
"PLCB2-AS1",0
"REC114",0
"TBC1D21",0
"IQCH",0
"SALRNA3",0
"HCN4",0
"HNRNPA3P11",0
"FKBP1AP2",0
"CPLX3",0
"GOLGA6A",0
"RPL15P19",0
"LIPC-AS1",0
"RPL21P14",0
"LINC02204",0
"LMAN1L",0
"MTND5P40",0
"DNAAF4",0
"ZNF444P1",0
"DCAF13P3",0
"SUMO2P15",0
"CEMIP",0
"LARP6",0
"HDC",0
"THRAP3P2",0
"RPL7L1P15",0
"LINC02157",0
"TUBAP4",0
"SH3GL3",0
"KRT8P24",0
"TUBAP12",0
"TFDP1P3",0
"NMNAT1P5",0
"MIR5701-3",0
"RNU6-631P",0
"RN7SL106P",0
"RNA5SP390",0
"MIR4715",0
"MIR3118-4",0
"MIR4509-1",0
"MIR4510",0
"RNU6-1014P",0
"RN7SKP101",0
"RNU1-119P",0
"RN7SKP139",0
"RNA5SP394",0
"RN7SL577P",0
"MIR4716",0
"RN7SL307P",0
"MIR4712",0
"RN7SL494P",0
"RNU2-53P",0
"RN7SL568P",0
"SNORD3P1",0
"RNA5SP397",0
"MIR2116",0
"RNU4-80P",0
"RNU6-212P",0
"RNU6-745P",0
"MIR629",0
"RN7SL429P",0
"MIR6882",0
"RNU6-380P",0
"MIR4513",0
"MIR5572",0
"RNU6-401P",0
"RNU6-1339P",0
"MIR3713",0
"RN7SKP217",0
"MIR1179",0
"RNU6-185P",0
"MIR7-2",0
"MIR3529",0
"MIR1469",0
"RN7SKP254",0
"RNU2-3P",0
"SNORD116-29",0
"SNORD116-30",0
"PWAR1",0
"DMAC1P1",0
"SNORD115-1",0
"SNORD115-2",0
"SNORD115-3",0
"SNORD115-4",0
"SNORD115-5",0
"SNORD115-6",0
"SNORD115-7",0
"SNORD115-8",0
"SNORD115-9",0
"SNORD115-10",0
"SNORD115-11",0
"SNORD115-12",0
"SNORD115-13",0
"SNORD115-14",0
"SNORD115-15",0
"SNORD115-16",0
"SNORD115-17",0
"SNORD115-18",0
"SNORD115-19",0
"SNORD115-20",0
"SNORD115-21",0
"SNORD115-22",0
"SNORD115-23",0
"SNORD115-24",0
"SNORD115-25",0
"SNORD115-26",0
"SNORD115-27",0
"SNORD115-28",0
"SNORD115-29",0
"SNORD115-30",0
"SNORD115-31",0
"SNORD115-32",0
"SNORD115-33",0
"SNORD115-34",0
"SNORD115-35",0
"SNORD115-36",0
"SNORD115-37",0
"SNORD115-38",0
"SNORD115-39",0
"SNORD115-40",0
"SNORD115-41",0
"SNORD115-42",0
"SNORD115-43",0
"SNORD115-44",0
"SNORD115-45",0
"SNORD115-46",0
"SNORD115-47",0
"SNORD115-48",0
"SNORD109B",0
"RNU6-90P",0
"CKMT1B",0
"STRC",0
"RNU6-554P",0
"CKMT1A",0
"RNU6-353P",0
"RNU6-354P",0
"DNM1P31",0
"RN7SL185P",0
"RN7SL539P",0
"GOLGA6L23P",0
"RN7SL214P",0
"CSPG4P11",0
"RN7SL331P",0
"UBE2Q2P8",0
"RN7SL417P",0
"CSPG4P5",0
"UBE2Q2P11",0
"POTEB",0
"DEPDC1P1",0
"CHRNA7",0
"MIR1233-1",0
"RNU7-195P",0
"RLBP1",0
"MIR6766",0
"MIR9-3",0
"H3P39",0
"SLC28A2",0
"RNU6-953P",0
"MIR147B",0
"SNORA41B",0
"DPPA5P2",0
"AHCYP7",0
"RNA5SP395",0
"RN7SL354P",0
"RPL32P30",0
"MIR549A",0
"MIR4514",0
"SLC28A1",0
"RNU6-339P",0
"RNU6-796P",0
"CHRM5",0
"MIR422A",0
"GAPDHP61",0
"RN7SL796P",0
"RN7SL628P",0
"RN7SL82P",0
"ATP5PDP1",0
"MIR7973-2",0
"MIR7973-1",0
"DMXL2",0
"SCG3",0
"LRRC49",0
"PLIN1",0
"RPL36AP43",0
"JMJD7",0
"JMJD7-PLA2G4B",0
"RNA5SP393",0
"MIR4310",0
"WDR93",0
"RNU6-132P",0
"MRPL15P1",0
"ARPIN-AP3S2",0
"MIR5094",0
"MIR5009",0
"RNU7-111P",0
"RNU6-667P",0
"SLC51B",0
"RASL12",0
"CILP",0
"MIR4508",0
"MAGEL2",0
"RNU6-741P",0
"MAPK6-DT",0
"MIR1266",0
"KBTBD13",0
"SNRPCP18",0
"RNU6-807P",0
"MIR628",0
"RNU6-1169P",0
"ITPKA",0
"UBE2CP4",0
"MKRN3",0
"TUBBP8",0
"NCAPGP2",0
"PYGO1",0
"KRT18P47",0
"ACAN",0
"RN7SL484P",0
"RNA5SP402",0
"CERS3-AS1",0
"RNU6-322P",0
"RNU6-181P",0
"CERS3",0
"LINC01585",0
"RN7SL363P",0
"SCARNA15",0
"SENP8",0
"CELF6",0
"RPL12P35",0
"RNU6-231P",0
"MIR548AP",0
"RNA5SP400",0
"RNU6-1108P",0
"RNU6-1332P",0
"RNU6-966P",0
"RNU1-78P",0
"TERB2",0
"INSYN1",0
"PLA2G4B",0
"DUOX2",0
"DUOXA2",0
"COX6CP4",0
"LARP4P",0
"MIR8063",0
"MIR630",0
"RN7SL853P",0
"HIGD2B",0
"FABP5P8",0
"TM6SF1",0
"BNC1",0
"MIR626",0
"PERPP2",0
"MIR1302-10",0
"MIR6859-3",0
"CD24P2",0
"RNU6-1287P",0
"HMGB1P33",0
"RNU6-466P",0
"MIR211",0
"TMEM202",0
"PHB1P20",0
"ZNF774",0
"NDUFA3P4",0
"SH2D7",0
"ENTREP2",0
"RNU6-449P",0
"HNRNPA1P74",0
"DNM1P5",0
"MIR1233-2",0
"LINC02252",0
"BCAR1P1",0
"RN7SL584P",0
"GOLGA6L4",0
"RPL9P25",0
"ATP5MFP6",0
"MIR4512",0
"SNORD18C",0
"SNORD18B",0
"SNORD16",0
"SNORD18A",0
"RN7SL286P",0
"ARHGAP11A",0
"GREM1-AS1",0
"CTXN2",0
"GOLGA8F",0
"ABCB10P3",0
"ABCB10P4",0
"RN7SL719P",0
"GOLGA8M",0
"MIR4311",0
"RNA5SP392",0
"CYP1A1",0
"OR4M2",0
"GOLGA6B",0
"RPL7P5",0
"H3P40",0
"GOLGA6L7",0
"NR2E3",0
"RNA5SP399",0
"GOLGA6L2",0
"GOLGA8G",0
"GOLGA6L25",0
"GOLGA6L26",0
"MIR6085",0
"MIR190A",0
"CCDC9B",0
"OR4F4",0
"RN7SL536P",0
"PLA2G4D",0
"RNU1-77P",0
"GOLGA6L9-AS1",0
"LINC00928",0
"RHOV",0
"CYCSP2",0
"CIBAR1P1",0
"RN7SL497P",0
"RN7SL278P",0
"KRT8P23",0
"GOLGA8J",0
"RN7SL673P",0
"RN7SL469P",0
"DNM1P30",0
"RN7SL196P",0
"RN7SL346P",0
"RN7SL736P",0
"RPL21P114",0
"RPL21P117",0
"RNA5SP396",0
"GCNT3",0
"RN7SL376P",0
"IGHV1OR15-4",0
"MIR1268A",0
"SPATA31E3P",0
"RN7SL545P",0
"MPHOSPH10P9",0
"RN7SL495P",0
"GOLGA6L22",0
"CIMAP1C",0
"MIR4313",0
"RN7SL319P",0
"DNM1P49",0
"RN7SL510P",0
"OR4N4",0
"NPM1P47",0
"MIR8067",0
"MIR1272",0
"GOLGA8K",0
"FTLP20",0
"ASB9P1",0
"MIR3175",0
"YBX2P2",0
"EGLN1P1",0
"RN7SL238P",0
"MIR4509-2",0
"MIR4509-3",0
"RPL31P6",0
"FAM149B1P1",0
"RN7SKP181",0
"SEPHS1P2",0
"MIR4312",0
"SPESP1",0
"RN7SL209P",0
"OR4F6",0
"OR4F15",0
"OR4F14P",0
"WBP1LP5",0
"NDUFB10P1",0
"CGNL1",0
"RNU6-844P",0
"TNFAIP8L3",0
"CYP19A1",0
"MIR4713",0
"EIF4EBP2P2",0
"KRT8P50",0
"RN7SL428P",0
"MIR7706",0
"GOLGA8VP",0
"GOLGA6C",0
"RN7SL489P",0
"RN7SL327P",0
"RPL13P4",0
"PLA2G4F",0
"MIR627",0
"CARS1P1",0
"ELMO2P1",0
"GOLGA8DP",0
"SORD2P",0
"CSPG4P13",0
"GOLGA6FP",0
"COMMD4P1",0
"ADAMTS7P3",0
"UBE2Q2P16",0
"GOLGA2P7",0
"DNM1P51",0
"STRCP1",0
"ULK4P2",0
"UBE2Q2P13",0
"DNM1P46",0
"OR4G2P",0
"WASH3P",0
"DDX11L9",0
"CHEK2P2",0
"WHAMMP4",0
"WHAMMP2",0
"ADAMTS7P1",0
"UBE2Q2P2",0
"UBE2Q2P6",0
"CSPG4P10",0
"GOLGA2P10",0
"GOLGA6L17P",0
"ULK4P3",0
"GOLGA8EP",0
"HERC2P2",0
"GOLGA8IP",0
"GOLGA6EP",0
"ULK4P1",0
"GOLGA6L5P",0
"UBE2Q2P1",0
"LINC00933",0
"CATSPER2P1",0
"PDCD6IPP2",0
"EFL1P1",0
"HERC2P9",0
"SCAND2P",0
"OR4F13P",0
"CSPG4P12",0
"ADAMTS7P4",0
"DNM1P47",0
"GOLGA2P11",0
"DNM1P34",0
"ISLR",0
"STRA6",0
"CCDC33",0
"CYP11A1",0
"MIR6881",0
"MIR4714",0
"TTC23-AS1",0
"HNRNPA1P62",0
"WHAMMP3",0
"PDCD6IPP1",0
"GABRA5",0
"TVP23BP1",0
"RNA5SP391",0
"RHCG",0
"MED28P6",0
"RN7SL487P",0
"PGPEP1L",0
"GOLGA6D",0
"GJD2",0
"TUBAP11",0
"H3P38",0
"NANOGP8",0
"RNU6-188P",0
"ALDH1A2-AS1",0
"MTCO3P23",0
"MTND3P12",0
"MTND5P32",0
"MTCYBP23",0
"EIF5A2P1",0
"RNU2-65P",0
"NUTM1",0
"DUXAP6",0
"NPM1P5",0
"ST8SIA2",0
"ENO1P2",0
"NOX5",0
"RPL29P30",0
"HMGN2P46",0
"ACTG1P17",0
"CSNK1A1P1",0
"H2AZ2P1",0
"ANP32BP1",0
"PPIAP46",0
"TMCO5B",0
"MIR184",0
"ANKRD34C",0
"ACTC1",0
"MYZAP",0
"GCOM1",0
"EPB42",0
"ALDH1A3",0
"LINC01581",0
"LONRF2P4",0
"CXADRP2",0
"GRAMD4P6",0
"POTEB3",0
"MIR3118-3",0
"NF1P9",0
"MIR5701-2",0
"LINC02203",0
"OR11K1BP",0
"OR1Q1BP",0
"OR4H6BP",0
"OR4M2B",0
"OR4N4C",0
"OR4N3BP",0
"PWRN2",0
"NPAP1",0
"SNORD107",0
"PWAR5",0
"SNORD64",0
"SNORD108",0
"SNORD109A",0
"SNORD116-1",0
"SNORD116-2",0
"SNORD116-3",0
"SNORD116-4",0
"SNORD116-5",0
"SNORD116-6",0
"SNORD116-7",0
"SNORD116-8",0
"SNORD116-9",0
"SNORD116-10",0
"SNORD116-11",0
"SNORD116-12",0
"SNORD116-13",0
"SNORD116-14",0
"SNORD116-15",0
"SNORD116-16",0
"SNORD116-17",0
"SNORD116-18",0
"SNORD116-19",0
"SNORD116-20",0
"SNORD116-21",0
"SNORD116-22",0
"SNORD116-23",0
"SNORD116-24",0
"SNORD116-25",0
"SNORD116-26",0
"SNORD116-27",0
"SNORD116-28",0
"ANP32AP1",0
"NUTF2P6",0
"RBM17P4",0
"RNU6-1280P",0
"MIR1276",0
"RN7SL677P",0
"RNA5SP401",0
"LINC01582",0
"RNU6-1186P",0
"FAM169BP",0
"CHRNB4",0
"RPL18P11",0
"RPL21P15",0
"RNU6-549P",0
"AGBL1-AS1",0
"GABRG3-AS1",0
"SPATA8-AS1",0
"SPATA8",0
"PWRN4",0
"LINGO1-AS2",0
"LINGO1-AS1",0
"C15orf32",0
"SPATA41",0
"SMASR",0
"FAM138E",0
"IRAIN",0
"LINC02349",0
"THSD4-AS1",0
"SKOR1-AS1",0
"FBN1-DT",0
"SLC28A2-AS1",0
"LINC02207",0
"RORA-AS2",0
"LINC01413",0
"LINC02255",0
"DIS3L-AS1",0
"LINC02852",0
"LINC00052",0
"LINC01491",0
"ATP10A-DT",0
"LINC02351",0
"ARNT2-DT",0
"LINC00927",0
"LINC01584",0
"DNM1P35",0
"RYR3-DT",0
"CT62",0
"LINC01586",0
"LINC02346",0
"LINC02853",0
"LINC02568",0
"LINC00929",0
"LINC02248",0
"LINC03065",0
"LINC01169",0
"LCIIAR",0
"LINC02251",0
"INSYN1-AS1",0
"CARMAL",0
"POLGARF",0
"RNU6-978P",0
"SLC20A1P3",0
"IGHD5OR15-5A",0
"IGHD4OR15-4A",0
"IGHD3OR15-3A",0
"IGHD2OR15-2A",0
"IGHD1OR15-1A",0
"FAM30B",0
"HERC2P3",0
"GOLGA6L6",0
"MPHOSPH10P4",0
"RN7SL759P",0
"SPATA31E2P",0
"IGHV1OR15-6",0
"NBEAP1",0
"RNU6-498P",0
"LONRF2P3",0
"GRAMD4P5",0
"MIR3118-2",0
"POTEB2",0
"RNU6-749P",0
"ZNF519P2",0
"MIR5701-1",0
"LINC01193",0
"OR11J2P",0
"OR11J5P",0
"IGHD5OR15-5B",0
"IGHD4OR15-4B",0
"IGHD3OR15-3B",0
"IGHD2OR15-2B",0
"IGHD1OR15-1B",0
"FAM30C",0
"BCAR1P2",0
"RN7SL400P",0
"NBEAP4",0
"RNU6-1235P",0
"VPS33B-DT",0
"RPL7AP75",0
"DNM1P33",0
"DNM1P32",0
"MPHOSPH10P2",0
"DNM1P50",0
"HERC2P10",0
"HMGN2P47",0
"SMAD3-DT",0
"HMGN2P40",0
"OR4G6P",0
"GABARAPL3",0
"HNRNPLP2",0
"FSCN1P1",0
"BMS1P15",0
"RHPN2P1",0
"MPHOSPH10P3",0
"HERC2P1",0
"MPHOSPH10P7",0
"HERC2P11",0
"MPHOSPH10P6",0
"HMGN1P26",0
"DNM1P38",0
"ISCA1P4",0
"HERC2P7",0
"UBE2Q2P12",0
"NIFKP8",0
"GOLGA6L3P",0
"DNM1P28",0
"RPL36AP45",0
"COMMD4P2",0
"DNM1P41",0
"GOLGA8CP",0
"NF1P1",0
"BMS1P16",0
"SNRPA1-DT",0
"PCSK6-AS1",0
"EWSAT1",0
"NHLRC4",0
"LINC02152",0
"ARHGDIG",0
"DPPA3P6",0
"HS3ST4",0
"LINC01195",0
"RGS11",0
"PCMTD1P2",0
"DUX4L46",0
"DUX4L47",0
"PPP1R1AP2",0
"DUX4L45",0
"TCERG1P2",0
"TMF1P1",0
"RPL23AP72",0
"CDH8",0
"SPRING1P3",0
"HSPE1P16",0
"CCL17",0
"CAPNS2",0
"NPAP1L",0
"RPS27P27",0
"LINC02141",0
"PLA2G10GP",0
"VAT1L",0
"CNTNAP4",0
"DPPA3P11",0
"FOXC2",0
"HSPE1P7",0
"RPL7AP63",0
"HCCAT5",0
"LINC02135",0
"DUXAP11",0
"CX3CL1",0
"FOXL1",0
"VN2R10P",0
"GNPATP",0
"MIR6859-4",0
"RN7SL850P",0
"MIR6769A",0
"RNU6-1340P",0
"MIR548W",0
"RNA5SP405",0
"RNA5-8SP2",0
"RNU4-58P",0
"RNU6-21P",0
"RN7SKP76",0
"RNA5SP430",0
"RNU6-758P",0
"RN7SKP233",0
"RNA5SP433",0
"MIR4719",0
"CLDN9",0
"CLDN6",0
"RNU1-125P",0
"RNU1-22P",0
"ZSCAN10",0
"OR1F2P",0
"RPL7L1P19",0
"OR2C1",0
"MTCO1P28",0
"MTND1P8",0
"C16orf90",0
"SRL",0
"TFAP4",0
"CORO7-PAM16",0
"TMEM265",0
"MIR4519",0
"CTF2P",0
"PRSS8",0
"NDUFA3P6",0
"ZP2",0
"LINC02164",0
"RPS3AP48",0
"SNRPCP20",0
"NPM1P3",0
"LINC01570",0
"MIR8065",0
"RNU7-99P",0
"RNU6-457P",0
"RNU6-328P",0
"MT4",0
"MT1A",0
"MT1CP",0
"MT1B",0
"RNU6-1005P",0
"RNU6-196P",0
"RNY1P10",0
"MIR6862-1",0
"IL27",0
"CDC37P1",0
"MIR6862-2",0
"MIR4721",0
"MIR4517",0
"SLC7A5P1",0
"GPR139",0
"MT3",0
"PDIA2",0
"SEPTIN12",0
"PYDC1",0
"SULT1A3",0
"PRM3",0
"PRM2",0
"PRM1",0
"MIR548H2",0
"RNU6-1191P",0
"MIR4720",0
"MIR7854",0
"MIR6504",0
"RPS27P26",0
"RNU6-23P",0
"SNORD111B",0
"SNORD111",0
"DUXB",0
"RN7SL520P",0
"ATP5PBP7",0
"CPHXL",0
"RNA5SP403",0
"RNA5SP404",0
"RN7SL493P",0
"RNU6-633P",0
"MIR3935",0
"HBZ",0
"HBM",0
"HBZP1",0
"HBAP1",0
"HBQ1",0
"RNU6-359P",0
"MIR6773",0
"RNU4-30P",0
"RPL35AP33",0
"RNU4-36P",0
"RNA5SP432",0
"SLC38A8",0
"ITGAD",0
"COX6A2",0
"AHSP",0
"VN1R64P",0
"VN1R65P",0
"VN1R66P",0
"ASPHD1",0
"IGFALS",0
"LINC00254",0
"HS3ST6",0
"RNU6ATAC25P",0
"TEKT5",0
"MTCYBP33",0
"MTND6P33",0
"MTND5P33",0
"MTND4P34",0
"MTND4LP24",0
"MTND3P13",0
"MTATP6P24",0
"CCNYL7",0
"SUB1P4",0
"MIR3177",0
"MIR6767",0
"MIR6768",0
"NTN3",0
"ATP6V0C",0
"MIR3178",0
"MIR6506",0
"MIR484",0
"MSLN",0
"MIR662",0
"SNORD68",0
"PDZD9",0
"CLEC18C",0
"MIR3181",0
"RNA5SP426",0
"HMGB3P32",0
"MTCH2P3",0
"MIR6772",0
"RNU6-20P",0
"RNU6-1153P",0
"GAS8-AS1",0
"CICP25",0
"ACTG1P16",0
"RNY4P3",0
"MIR138-2",0
"SLC12A3",0
"MIR6863",0
"CFAP69P1",0
"RPL23AP91",0
"EXOC3L1",0
"MIR328",0
"KCTD19",0
"RN7SKP118",0
"LRRC36",0
"RNU1-123P",0
"AGRP",0
"RPL17P40",0
"MIR3179-2",0
"MIR3670-2",0
"MIR3180-2",0
"MIR6511A2",0
"MIR6770-2",0
"MIR6511A3",0
"MIR1538",0
"LNCPTCTS",0
"RNU6-213P",0
"SNORA80C",0
"RNU7-61P",0
"RNU6-416P",0
"RNU6-1043P",0
"RN7SL645P",0
"PRSS54",0
"PLA2G10FP",0
"ZNF423",0
"ADAM3B",0
"MRPS21P7",0
"MRPS21P8",0
"MIR6771",0
"CKLF-CMTM1",0
"CMTM2",0
"SULT1A2",0
"BEAN1-AS1",0
"SNORA3C",0
"EIF1P4",0
"CMTM1",0
"RNA5SP429",0
"FTLP14",0
"SNRPEP3",0
"UMOD",0
"PDILT",0
"ACSM5",0
"C16orf92",0
"RNU6-269P",0
"RNU6-1110P",0
"RNU6-103P",0
"SNORA46",0
"SNORA50A",0
"RNU6-1155P",0
"RN7SL143P",0
"GEMIN8P2",0
"RPL12P36",0
"CNGB1",0
"LINC01290",0
"C16orf82",0
"PLEKHG4",0
"ACSM2B",0
"ACSM5P1",0
"RNU6-944P",0
"ACSM1",0
"RN7SL743P",0
"RNU7-63P",0
"TLE7",0
"CHST4",0
"RNU6-208P",0
"SNORD71",0
"MTCH2P4",0
"SLC6A2",0
"PPIAP50",0
"KRT8P22",0
"LSM3P5",0
"RNA5SP431",0
"RPS26P52",0
"LINC02186",0
"CHP2",0
"MIR1273H",0
"CACNG3",0
"RNU7-24P",0
"RPL39P31",0
"CDH16",0
"RN7SL543P",0
"C16orf96",0
"RBM22P13",0
"IGHV1OR16-1",0
"ABHD17AP8",0
"CHST5",0
"ZNF23",0
"COX6CP16",0
"LINC00311",0
"MIR5093",0
"CFAP263",0
"SOD1P2",0
"IL34",0
"TLCD3B",0
"PPIAP49",0
"RNU6-237P",0
"RNU6-898P",0
"RNU6-22P",0
"DERPC",0
"SNORA10",0
"SNORA64",0
"SNORA78",0
"RN7SL219P",0
"MIR1225",0
"CCDC154",0
"LINC01567",0
"TMEM114",0
"NDRG4",0
"MIR8058",0
"RN7SL134P",0
"MIR3182",0
"LARP7P2",0
"GPRC5B",0
"NRN1L",0
"KARS1P3",0
"DPEP2NB",0
"PLA2G10EP",0
"MIR3179-1",0
"MIR5189",0
"ZFPM1-AS1",0
"IL17C",0
"MIR4722",0
"RN7SL274P",0
"RNU7-125P",0
"NPIPA3",0
"RNU6-159P",0
"RNU6-1241P",0
"MIR1910",0
"RPL10AP12",0
"MIR6774",0
"MEFV",0
"SLC7A5P2",0
"CCNYL1B",0
"MIR193B",0
"MIR365A",0
"RN7SKP176",0
"MTCYBP28",0
"RN7SKP190",0
"ACTR3BP3",0
"PABPC1P13",0
"ABCD1P3",0
"FAM153DP",0
"ABHD17AP7",0
"BCAP31P2",0
"IGHV1OR16-2",0
"IGHV3OR16-10",0
"IGHV1OR16-4",0
"RN7SKP142",0
"UBL5P4",0
"RPS23P6",0
"MMP15",0
"TIPINP2",0
"RPS3AP2",0
"PTX4",0
"CHD9NB",0
"PRSS41",0
"TP53TG3D",0
"NPIPA7",0
"PRSS53",0
"PABPN1L",0
"TP53TG3",0
"RNA5SP428",0
"BOLA2",0
"RN7SL557P",0
"MIR6511B1",0
"MIR4516",0
"MIR3180-5",0
"SNORD60",0
"DNASE1L2",0
"MIR3677",0
"MIR940",0
"MIR4717",0
"LINC00235",0
"MIR5587",0
"MIR3176",0
"PRR35",0
"DDX11L10",0
"MT1JP",0
"MT1IP",0
"ABCA3P1",0
"PLA2G10CP",0
"SNX29P2",0
"PDXDC2P",0
"FRG2KP",0
"PDPK2P",0
"URAHP",0
"TUBB8P7",0
"HERC2P4",0
"RRN3P3",0
"OTOAP1",0
"PDPR2P",0
"ABCC6P2",0
"HERC2P5",0
"SLC6A10P",0
"HERC2P8",0
"TMEM231P1",0
"SMG1P1",0
"RRN3P1",0
"SMG1P3",0
"MT1DP",0
"MPHOSPH10P1",0
"MT1L",0
"VWA3A",0
"MIR140",0
"TP53TG3F",0
"CHEK2P6",0
"BMS1P8",0
"ENPP7P13",0
"ABHD17AP9",0
"TP53TG3C",0
"PLA2G10IP",0
"NPIPA8",0
"PKD1P4",0
"MIR6511A4",0
"MIR6770-3",0
"MIR3180-3",0
"MIR3670-3",0
"MIR3179-3",0
"MIR3670-4",0
"MIR3179-4",0
"ABCC6P1",0
"MIR3670-1",0
"MIR3180-1",0
"MIR6511A1",0
"NPIPP1",0
"MIR6511B2",0
"MIR3180-4",0
"PRSS30P",0
"RNU6-355P",0
"MIR4718",0
"RPL35AP34",0
"NPIPB7",0
"ANKRD26P1",0
"RNU6-845P",0
"RAB43P1",0
"CKBP1",0
"RBM22P12",0
"CLUHP3",0
"VN1R67P",0
"VN1R3",0
"RPL23AP86",0
"WFIKKN1",0
"MSLNL",0
"GNG13",0
"MTND4LP25",0
"DYNC1LI2-DT",0
"PRSS22",0
"CALB2",0
"TPSG1",0
"TPSB2",0
"TPSAB1",0
"TPSD1",0
"PRSS29P",0
"TPSP2",0
"SSTR5",0
"APOOP5",0
"PPIAP48",0
"RPS27AP16",0
"RPS2P45",0
"CASP16P",0
"ABCA15P",0
"ABCA17P",0
"CENPBD1P",0
"CDIPTOSP",0
"FBXL9P",0
"AFG3L1P",0
"SULT1A1",0
"UBE2FP2",0
"RPS15AP34",0
"PKD1P6",0
"GREP1",0
"NPIPA9",0
"CES1P1",0
"CES5A",0
"TP53TG3E",0
"TP53TG3B",0
"CCNYL3",0
"CLUHP11",0
"NAMPTP3",0
"VPS35P1",0
"VN1R68P",0
"VN1R69P",0
"SLC25A1P4",0
"RARRES2P5",0
"FGFR3P5",0
"AGGF1P8",0
"RARRES2P9",0
"AGGF1P9",0
"C2orf69P4",0
"FRG2GP",0
"AGGF1P4",0
"RARRES2P7",0
"C2orf69P3",0
"ZNF971P",0
"FRG2DP",0
"RARRES2P10",0
"AGGF1P6",0
"C2orf69P2",0
"TP53TG3HP",0
"RARRES2P8",0
"AGGF1P7",0
"C2orf69P1",0
"C1QL1P1",0
"KIF18BP1",0
"RNA5SP406",0
"RNA5SP407",0
"RNA5SP408",0
"RNA5SP409",0
"LINC02167",0
"RNA5SP410",0
"RNA5SP411",0
"RNA5SP412",0
"RNA5SP413",0
"RNA5SP414",0
"RNA5SP415",0
"RNA5SP416",0
"RNA5SP417",0
"RNA5SP418",0
"RNA5SP419",0
"RNA5SP420",0
"RNA5SP421",0
"RNA5SP422",0
"RNA5SP423",0
"VN1R70P",0
"UBA52P8",0
"MOCS1P1",0
"KLF8P1",0
"RNU6-257P",0
"UNGP1",0
"CASC22",0
"TOX3",0
"IRX3",0
"IRX5",0
"MTND5P34",0
"RN7SL841P",0
"IRX6",0
"RPL31P56",0
"CLEC19A",0
"RNU4-46P",0
"CEDORA",0
"RN7SL381P",0
"GRIN2A",0
"DYNLRB2-AS1",0
"LINC01227",0
"LINC02191",0
"LINC02140",0
"LINC02137",0
"LINC01566",0
"LINC02132",0
"LINC02131",0
"MAPK8IP3-AS1",0
"CDH13-AS1",0
"LINC02189",0
"LINC02858",0
"ZCCHC14-DT",0
"LINC02194",0
"LCMT1-AS2",0
"LINC02129",0
"LINC02192",0
"LINC02138",0
"NUP93-DT",0
"LOHAN2",0
"LINC02190",0
"LINC00922",0
"RUSF1-DT",0
"LINC01228",0
"LINC02182",0
"LINC02181",0
"LINC02175",0
"LINC02134",0
"SSTR5-AS1",0
"LINC02178",0
"MMP2-AS1",0
"LINC02130",0
"CDH8-AS1",0
"DNAJA2-DT",0
"LINC02169",0
"LINC01082",0
"LINC02861",0
"ARLNC1",0
"FOXC2-AS1",0
"LINC02127",0
"LINC02165",0
"LINC02185",0
"LINC00919",0
"LINC02180",0
"LINC00917",0
"LINC02183",0
"CASC16",0
"LINC03064",0
"WASIR2",0
"LINC02184",0
"LINC02139",0
"NSMCE1-DT",0
"MIR6775",0
"SLX1A",0
"C4orf46P1",0
"WASH4P",0
"BCAP31P1",0
"HMGN2P3",0
"RPL18P13",0
"SNX29P1",0
"VPS51P1",0
"GAPDHP35",0
"PLA2G10DP",0
"PLA2G10KP",0
"PLA2G10HP",0
"CA5AP1",0
"PLA2G10JP",0
"PKD1P1",0
"PKD1P2",0
"NCOA5LP",0
"CES1P2",0
"ATP5F1AP3",0
"PLA2G10BP",0
"SCML2P2",0
"CHEK2P7",0
"IL9RP3",0
"TP53TG3GP",0
"FRG2JP",0
"RARRES2P6",0
"FRG2HP",0
"FRG2IP",0
"AGGF1P5",0
"RNU7-90P",0
"KRT18P18",0
"RNU7-71P",0
"LINC02126",0
"CARHSP1-DT",0
"RYKP1",0
"RPS16P8",0
"SYPL1P2",0
"TUFMP1",0
"SRSF6P2",0
"TMIGD1",0
"ZNF624",0
"VN1R71P",0
"SMCR2",0
"B4GALNT2P1",0
"AOC2",0
"WFIKKN2",0
"RPL5P33",0
"KIF2B",0
"NME1-NME2",0
"PRELID3BP3",0
"LINC02071",0
"SDK2",0
"ARL2BPP8",0
"RPL7P48",0
"PDLIM1P3",0
"ISCA1P3",0
"IGF2BP1",0
"MARCHF10",0
"LINC02594",0
"CASC17",0
"RNU6-468P",0
"RNU6-990P",0
"MIR4522",0
"RNU6-1267P",0
"RNA5SP526",0
"MIR423",0
"RNU6-287P",0
"MIR3184",0
"MIR8059",0
"MIR6129",0
"RNU6-928P",0
"RNA5SP445",0
"MIR634",0
"RN7SKP14",0
"RNU7-155P",0
"PTGES3L-AARSD1",0
"RN7SL622P",0
"FBXO36P1",0
"ARHGAP27P2",0
"NDUFB4P3",0
"CCDC182",0
"RN7SKP94",0
"EVPLL",0
"TBC1D3P4",0
"YWHAEP2",0
"LGALS9C",0
"FBXW10",0
"SENP3-EIF4A1",0
"SNORA48",0
"SNORD10",0
"SNORA67",0
"OR1D5",0
"OR1P1",0
"OR1E3",0
"RPS29P22",0
"MIR4723",0
"RN7SL105P",0
"MIR22",0
"HNRNPA1P19",0
"OLA1P2",0
"SCDP1",0
"RNU6-1178P",0
"SPECC1P2",0
"SPPL2C",0
"MAPT-IT1",0
"STH",0
"MIR6165",0
"RNU6-1313P",0
"MIR4740",0
"MIR3186",0
"RNU6-767P",0
"ACTG1P24",0
"TSEN15P1",0
"NXPH3",0
"TMEM256-PLSCR3",0
"NLGN2",0
"SPEM1",0
"SPEM2",0
"SPEM3",0
"FGF11",0
"SCARNA21",0
"GUCY2D",0
"ALOX15B",0
"ALOXE3P1",0
"ALOX12B",0
"MIR4314",0
"MIR6883",0
"SNORD118",0
"MIR4521",0
"ODF4",0
"RNU7-43P",0
"PPIAP52",0
"CCDC42",0
"MFSD6L",0
"CFAP52",0
"RPL19P18",0
"USP43",0
"GLP2R",0
"NPM1P45",0
"RCVRN",0
"MYH13",0
"MYH8",0
"MYH1",0
"MYH2",0
"PIRT",0
"RNU6-1065P",0
"RPL15P21",0
"RN7SL601P",0
"SHISA6",0
"MIR744",0
"ARHGAP44-AS1",0
"MIR1269B",0
"MIR548H3",0
"CDRT15",0
"RPL23AP76",0
"CDRT7",0
"RNU6-24P",0
"SNORD1C",0
"SNORD1B",0
"SNORD1A",0
"RNY4P36",0
"MIR636",0
"SCARNA16",0
"MIR6516",0
"RNU4-47P",0
"MIR4316",0
"SMCO4P1",0
"RN7SL819P",0
"RPL6P26",0
"KIF18B",0
"KIF18B-DT",0
"TEX19",0
"NARF-AS1",0
"NARF-IT1",0
"MIR4731",0
"TEKT3",0
"RNU6-799P",0
"RN7SL792P",0
"MAPK8IP1P1",0
"KYNUP3",0
"MIR1180",0
"LINC02094",0
"MIR6786",0
"MIR4738",0
"TEN1",0
"EVPL",0
"RN7SL33P",0
"RN7SL608P",0
"MIR1253",0
"MIR3614",0
"CUEDC1",0
"MSX2P1",0
"ANKRD40CL",0
"PHOSPHO1",0
"MYOCD",0
"H3P41",0
"SNORD42A",0
"SNORD4B",0
"RPL31P58",0
"CALM2P1",0
"MIR6868",0
"OR1D3P",0
"RNU2-58P",0
"MIR454",0
"MIR301A",0
"RTN4RL1",0
"OVCA2",0
"MIR132",0
"MIR212",0
"RN7SL624P",0
"SNORD91B",0
"SNORD91A",0
"DENRP3",0
"ACE3P",0
"RPL31P57",0
"ATP5MFP4",0
"MIR3064",0
"MIR5047",0
"KPNA2P3",0
"MIR3678",0
"RNU6-938P",0
"OOSP1P2",0
"MIR632",0
"LINC02075",0
"GGT6",0
"TXNP4",0
"SMTNL2",0
"RNU6-955P",0
"TM4SF5",0
"VMO1",0
"ATP6V0CP1",0
"RN7SL784P",0
"MIR5010",0
"ATP5MGP7",0
"HMGB3P27",0
"RNU1-80P",0
"EIF5AP2",0
"RNU7-97P",0
"MIR548AT",0
"SPECC1-DT",0
"KCTD9P1",0
"RNU6-258P",0
"RNU6-467P",0
"SLC47A2",0
"ASIC2",0
"RNA5SP443",0
"KRT222",0
"KRT224P",0
"KRT25",0
"KRT28",0
"KRT12",0
"KRT20",0
"KRT23",0
"GH1",0
"SCN4A",0
"SNORD104",0
"SNORA50C",0
"PPY",0
"RNU6-131P",0
"MIR6782",0
"MIR2909",0
"GCGR",0
"PPP1R27",0
"MYADML2",0
"NOTUM",0
"MIR6780A",0
"RPS4XP17",0
"RNU6-840P",0
"FNDC8",0
"SPICP2",0
"ATP5MGP6",0
"KRTAP17-1",0
"TBC1D3P7",0
"KRT33A",0
"KRT33B",0
"KRT41P",0
"KRT37",0
"MIR6785",0
"CASKIN2",0
"OR4D2",0
"MIR657",0
"MIR3065",0
"MIR338",0
"MIR1250",0
"PVALEF",0
"MIR3183",0
"BHLHA9",0
"TRARG1",0
"MIR4525",0
"ZNF750",0
"SUMO2P7",0
"SGCA",0
"USP32P4",0
"RPL36AP47",0
"EFCAB3",0
"RNU7-52P",0
"RNU6-446P",0
"SHC1P2",0
"SLC4A1",0
"RN7SL507P",0
"RNU6-453P",0
"RPL7L1P5",0
"RN7SL258P",0
"MIR378J",0
"HNF1B",0
"RNU6-489P",0
"MIR451A",0
"MIR451B",0
"MIR144",0
"MIR4732",0
"FADS6",0
"USH1G",0
"OTOP3",0
"RNU6-362P",0
"RN7SL573P",0
"OR1D2",0
"SETP3",0
"OR1AC1P",0
"OR1E1",0
"RNASEK-C17orf49",0
"MIR195",0
"MIR497",0
"BCL6B",0
"CLEC10A",0
"YBX2",0
"GAS2L2",0
"MMP28",0
"GFAP",0
"KRT34",0
"OR1A2",0
"TBC1D3C",0
"TBC1D3",0
"RN7SL716P",0
"SNRPGP17",0
"MIR4729",0
"RNU4-13P",0
"CD300LD",0
"KRT39",0
"KRTAP3-3",0
"KRTAP3-2",0
"KRTAP3-4P",0
"KRTAP3-1",0
"KRTAP1-5",0
"KRTAP1-3",0
"KRTAP1-1",0
"KRTAP2-3",0
"KRTAP2-4",0
"KRTAP2-5P",0
"KRTAP4-11",0
"KRTAP4-12",0
"KRTAP4-5",0
"KRTAP4-4",0
"OR1A1",0
"CORO6",0
"KRT40",0
"ZNF29P",0
"ZNF286A-TBC1D26",0
"TBC1D26",0
"E2F3P1",0
"TOMM20P2",0
"SLFN14",0
"SNORD7",0
"RN7SL138P",0
"LINC02978",0
"DPRXP4",0
"MIR4733",0
"SEC24AP1",0
"MIR4524B",0
"MIR4524A",0
"KRT43P",0
"KRT32",0
"RNU2-32P",0
"KRT36",0
"MIR6510",0
"LINC00974",0
"KRT9",0
"KRT35",0
"CCDC92B",0
"BTBD17",0
"RNA5SP448",0
"MIR4739",0
"ENPP7",0
"RN7SL45P",0
"MIR4724",0
"MIR193A",0
"RNU6ATAC7P",0
"MIR4725",0
"MIR365B",0
"TBC1D3L",0
"RNU6-1264P",0
"BTF3P14",0
"MIR4315-1",0
"RDM1P1",0
"CHCT1",0
"RPSAP66",0
"RNU6-623P",0
"RN7SL606P",0
"HMGN1P28",0
"RN7SL448P",0
"RPLP1P11",0
"MIR1288",0
"SNORD49B",0
"SNORD49A",0
"SNORD65",0
"KRTAP2-1",0
"KRTAP4-8",0
"KRTAP1-4",0
"HSPB9",0
"CSHL1",0
"SCARF1",0
"POLR3KP2",0
"C17orf99",0
"GSG1L2",0
"SPDYE4",0
"PYY",0
"MIR4726",0
"RNA5SP440",0
"MIR4727",0
"SPMAP1",0
"KCNH6",0
"SLC16A11",0
"MIR633",0
"TRMT112P3",0
"DNAJB6P8",0
"CDK3",0
"GPR142",0
"SLC35G3",0
"MIR6864",0
"MIR6865",0
"MIR4730",0
"NPTX1",0
"RPL32P31",0
"RPL31P7",0
"CCDC40",0
"MIR1268B",0
"RNA5SP438",0
"CCL7",0
"CCL11",0
"CCL13",0
"CCL1",0
"TBC1D28",0
"SCIMP",0
"RNU1-108P",0
"RNU1-52P",0
"RNVU1-34",0
"RNU6-518P",0
"RPL35AP35",0
"RNU7-186P",0
"SEBOX",0
"ITM2BP1",0
"CPDP1",0
"LGALS9DP",0
"NOS2",0
"LINC02887",0
"SCGB1C2",0
"DOC2B",0
"OR1G1",0
"RN7SL236P",0
"TMEM235",0
"NEK4P2",0
"RNU6-405P",0
"SRP68P1",0
"WNT9B",0
"RNU6ATAC3P",0
"MIR5089",0
"RPRML",0
"KRTAP4-3",0
"KRTAP4-2",0
"KRTAP4-1",0
"KRTAP4-17P",0
"KRTAP9-2",0
"KRTAP9-3",0
"KRTAP9-8",0
"KRTAP9-4",0
"KRTAP9-11P",0
"KRTAP9-10P",0
"KRTAP29-1",0
"CSH2",0
"GH2",0
"KRTAP9-6",0
"KRTAP9-7",0
"TBC1D3G",0
"TBC1D3H",0
"RNU6-1192P",0
"TBC1D3F",0
"TBC1D3JP",0
"RNA5SP439",0
"MTND6P35",0
"MTCYBP13",0
"MTND1P15",0
"MTND2P13",0
"NMTRS-TGA3-1",0
"MTCO3P13",0
"CSH1",0
"SLC13A2",0
"FOXN1",0
"MPO",0
"MIR142",0
"MIR4736",0
"KRTAP4-6",0
"KRTAP4-9",0
"KRTAP4-7",0
"OR1R1P",0
"KRTAP2-2",0
"TMEM238L",0
"KRT26",0
"KRTAP4-16",0
"TNFSF12-TNFSF13",0
"BRCA1P1",0
"RNU2-1",0
"MRPS21P9",0
"CHAD",0
"EPN3",0
"RPL39P33",0
"NOG",0
"PDLIM1P2",0
"WHSC1L2P",0
"SOST",0
"MPP3",0
"CD300LG",0
"RDM1",0
"LYZL6",0
"CCL16",0
"CCL14",0
"CCL15-CCL14",0
"CCL15",0
"RN7SL301P",0
"TBC1D3I",0
"KCNJ2-AS1",0
"RNU4-34P",0
"MIR4523",0
"RNU6-711P",0
"SRP68P3",0
"LGALS9B",0
"TNPO1P3",0
"TBC1D3P3",0
"RPL7AP65",0
"RPL21P121",0
"MIR6778",0
"SRCIN1",0
"SPACA3",0
"HOXB1",0
"MIR10A",0
"HOXB5",0
"HOXB6",0
"HOXB9",0
"MIR196A1",0
"ADORA2B",0
"MIR3615",0
"KRT17P5",0
"KRT17P2",0
"KRT16P1",0
"NOS2P2",0
"USP32P2",0
"PYY2",0
"PPY2P",0
"ZNF286B",0
"TBC1D27P",0
"OR1D4",0
"TBC1D3P2",0
"YWHAEP7",0
"OR3A4P",0
"KRT42P",0
"UBBP4",0
"LRRC37A11P",0
"NOS2P1",0
"USP32P1",0
"KRT16P6",0
"KRT16P2",0
"KRT17P1",0
"KRT17P4",0
"AOC4P",0
"CCDC144NL",0
"NPEPPSP1",0
"CCDC144BP",0
"TRIM16L",0
"KRT223P",0
"USP32P3",0
"NOS2P3",0
"KRT16P3",0
"KRT17P6",0
"KRT17P7",0
"RN7SL756P",0
"MIR6787",0
"RNU2-4P",0
"RNU6-1137P",0
"RNU6-470P",0
"MIR2117HG",0
"MIR2117",0
"RNU6-406P",0
"RNU6-971P",0
"ETV4",0
"CD300H",0
"CRHR1",0
"WNT3",0
"MIR6784",0
"GAST",0
"HAP1",0
"RNA5SP442",0
"RN7SL399P",0
"LINC02563",0
"RNA5SP444",0
"RN7SL735P",0
"GARS1P1",0
"RNU6-1249P",0
"RN7SL405P",0
"MIR6783",0
"RNU6-298P",0
"RNU6-1134P",0
"GPR160P2",0
"NGFR",0
"OR3A1",0
"CA4",0
"SCARNA20",0
"SEPTIN7P12",0
"H3P42",0
"KRTAP9-1",0
"TBC1D3P5",0
"RND2",0
"RNU6-233P",0
"FAM187A",0
"TBC1D3P1",0
"MIR4737",0
"RN7SL800P",0
"WEE1P2",0
"RPL23AP87",0
"KRT16P4",0
"RPL29P2",0
"MAGOH2P",0
"RPL21P122",0
"RNF126P1",0
"RDM1P5",0
"RPL12P38",0
"SH3GL1P1",0
"KRT18P55",0
"DBIL5P",0
"LINC02210",0
"TCAM1P",0
"H1-9P",0
"EFCAB15P",0
"WFDC21P",0
"KRTAP9-9",0
"AIPL1",0
"PIMREG",0
"PITPNM3",0
"RNA5SP435",0
"MIR4520-1",0
"MIR4520-2",0
"ALOX15P1",0
"OR3A2",0
"C17orf114",0
"RPL9P30",0
"RNY4P13",0
"H2BN1",0
"ALOXE3",0
"RN7SL774P",0
"DLG4",0
"KYNUP2",0
"SNORD3D",0
"RPL32P33",0
"RN7SKP180",0
"FBXO39",0
"ALOX12P2",0
"SP6",0
"MRPL45P2",0
"ALOX12P1",0
"TBC1D29P",0
"SMURF2P1",0
"SH3GL1P2",0
"LRRC37BP1",0
"RN7SL316P",0
"C17orf78",0
"SNORA21B",0
"SNORA21",0
"MIR6779",0
"FBXO47",0
"HSF5",0
"PRR11-AS1",0
"TBX2",0
"LINC02875",0
"LINC02210-CRHR1",0
"MIR6080",0
"PLEKHM1P1",0
"MIR4315-2",0
"RDM1P4",0
"AMZ2P1",0
"CACNG5",0
"RNA5SP446",0
"CACNG4",0
"CACNG1",0
"RNA5SP447",0
"SLC47A1P1",0
"MTND1P14",0
"NMTRQ-TTG12-1",0
"MTCO1P39",0
"SLC47A1P2",0
"HOXB-AS2",0
"HOXB-AS4",0
"C17orf113",0
"RN7SL426P",0
"FBXW10B",0
"ZSWIM5P1",0
"RNA5SP436",0
"MEIS3P1",0
"SPECC1P1",0
"LIAT1",0
"ZFP3-DT",0
"COX6B1P2",0
"PRAC1",0
"PRAC2",0
"MIR3185",0
"HOXB13",0
"TTLL6",0
"RN7SL125P",0
"RNU1-42P",0
"GIP",0
"RNU6-826P",0
"CD300E",0
"MIR152",0
"MIR1203",0
"PPP1R1B",0
"PNMT",0
"MIR4728",0
"GRB7",0
"KRT8P34",0
"LRRC3C",0
"GSDMA",0
"CSF3",0
"CDRT8",0
"TBX2-AS1",0
"LINC02074",0
"LINC01180",0
"LINC00469",0
"LINC02079",0
"LINC01992",0
"LINC01971",0
"LINC02096",0
"LINC01987",0
"LINC01979",0
"LINC00482",0
"HID1-AS1",0
"NGFR-AS1",0
"LINC01483",0
"LINC02002",0
"FAM27E5",0
"LINC01982",0
"LINC02087",0
"LINC01989",0
"LINC02003",0
"LINC02091",0
"RPH3AL-AS2",0
"RPH3AL-AS1",0
"TMEM132E-DT",0
"LINC00671",0
"LINC01028",0
"HEATR6-DT",0
"TMEM105",0
"LINC01563",0
"MYOCD-AS1",0
"LHX1-DT",0
"MIR365BHG",0
"LINC02078",0
"LINC01996",0
"LINC02093",0
"PICART1",0
"C1QTNF1-AS1",0
"DHX33-DT",0
"MARCHF10-DT",0
"LINC01152",0
"FAM215A",0
"CACNA1G-AS1",0
"DCXR-DT",0
"MIR21",0
"RPS29P21",0
"MIR4733HG",0
"RAI1-AS1",0
"SMCR5",0
"MIR6777",0
"MIR33B",0
"BRI3P3",0
"MIR6884",0
"SNORD124",0
"MIR6866",0
"RAPGEFL1",0
"MIR6867",0
"GJD3",0
"PPIAP54",0
"RNA5SP441",0
"TNS4",0
"TILAM",0
"GTF2IP6",0
"RDM1P3",0
"CDRT15P1",0
"NSFP1",0
"PTP4A2P1",0
"HSD17B1P1",0
"RPL7AP64",0
"SPDYE22P",0
"TBC1D26-AS1",0
"NCOR1P2",0
"FTLP13",0
"RPS26P8",0
"FTLP12",0
"NOS2P4",0
"KRTAP9-12P",0
"YWHAEP3",0
"KRT16P5",0
"LRRC37A9P",0
"RPL29P31",0
"MSANTD3P1",0
"KYNUP1",0
"SPICP3",0
"BPTFP1",0
"RPL36AP48",0
"CDRT15P2",0
"IL6STP1",0
"LINC01999",0
"CDRT15L2",0
"ZSWIM5P2",0
"MEIS3P2",0
"RNA5SP434",0
"CD300LD-AS1",0
"LINC01928",0
"SLC25A3P3",0
"COP1P1",0
"COX6CP3",0
"RPS4XP18",0
"PPIAP57",0
"BOD1P2",0
"AKAIN1",0
"SLC14A2",0
"TPMTP1",0
"RPS8P3",0
"NPM1P1",0
"ZBTB7C-AS1",0
"SINHCAFP1",0
"RPS24P18",0
"MAP1LC3P",0
"RIT2",0
"CTAGE1",0
"POLR3GP2",0
"MAPK4",0
"ATP7BP1",0
"ARK2C",0
"RPSAP57",0
"ZBTB7C-AS2",0
"ST8SIA3",0
"CCDC68",0
"MRPS5P4",0
"ARIH2P1",0
"GAREM1",0
"HMGN1P31",0
"RPIAP1",0
"BOD1L2",0
"WDR7-OT1",0
"CDH7",0
"MC4R",0
"LINC01903",0
"RPL31P9",0
"CTBP2P3",0
"DHFRP1",0
"BDP1P",0
"CDH20",0
"MTL3P",0
"LINC02565",0
"RAC1P1",0
"RPS2P6",0
"NRBF2P1",0
"AIDAP3",0
"NPM1P2",0
"SCML2P1",0
"AKR1B10P2",0
"PLEKHB2P1",0
"SDHCP1",0
"CBLN2",0
"KRT8P5",0
"LINC01898",0
"HNRNPA1P11",0
"KRT18P8",0
"EIF4A3P1",0
"PRPF19P1",0
"LINC01910",0
"LARP7P3",0
"LINC01477",0
"RPL12P40",0
"RPL17P45",0
"LINC01916",0
"LINC01922",0
"ENTR1P1",0
"SLC25A51P2",0
"RN7SKP72",0
"RNU6-349P",0
"RN7SL282P",0
"RN7SL50P",0
"MIR4317",0
"RNU6-916P",0
"RNU6-903P",0
"RN7SL97P",0
"MIR302F",0
"RNU6-408P",0
"MIR3975",0
"MIR3929",0
"MIR4318",0
"MIR924",0
"MIR5583-2",0
"MIR5583-1",0
"RNU6-1242P",0
"RN7SKP182",0
"RNA5SP454",0
"RNA5SP455",0
"MIR187",0
"MIR4743",0
"MIR4527",0
"RNU6-706P",0
"RNA5SP458",0
"RNU6-737P",0
"RNU6-116P",0
"RN7SL342P",0
"RNA5SP456",0
"RNU4-17P",0
"RNU6-567P",0
"MIR5011",0
"RNU6-142P",0
"RNU6-1037P",0
"RN7SL705P",0
"RN7SL795P",0
"RNA5SP460",0
"MIR548AV",0
"RNU6-39P",0
"RNU6-655P",0
"RPL31P59",0
"IGLJCOR18",0
"RPL21P127",0
"BOD1P1",0
"RNU6-1131P",0
"SKOR2",0
"DSG4",0
"DSG3",0
"RN7SKP44",0
"CDH2",0
"MIR4744",0
"PRR13P4",0
"RPL17-C18orf32",0
"MIR1539",0
"SNORD58C",0
"SNORD58A",0
"SNORD58B",0
"SRP72P1",0
"LIPG",0
"RNU1-46P",0
"RNA5SP459",0
"TCF4-AS1",0
"MIR4529",0
"RPL21P126",0
"AQP4",0
"ONECUT2",0
"RNU6-742P",0
"RSL24D1P11",0
"LINC01897",0
"MIR122",0
"MIR3591",0
"SNORA108",0
"RPL9P31",0
"RNU6-219P",0
"RNU2-69P",0
"PMM2P1",0
"MIR6788",0
"RNU6-120P",0
"EXOGP1",0
"MIR320C1",0
"SERPINB5",0
"ATP5MC1P6",0
"ANKRD62",0
"RNU6-324P",0
"PMM2P2",0
"PPIAP56",0
"CIDEA",0
"RNU6-170P",0
"MLECP1",0
"MIR4319",0
"MIR5190",0
"RN7SL362P",0
"RNU7-25P",0
"RNU6-857P",0
"RNU6-167P",0
"RNA5SP453",0
"CLUHP6",0
"SERPINB13",0
"SERPINB4",0
"SERPINB3",0
"ASXL3-DT",0
"DYNAPP2",0
"DYNAPP3",0
"DYNAP",0
"NOL4",0
"DIPK1C",0
"RN7SL551P",0
"C18orf63",0
"DTNA",0
"SERPINB12",0
"LINC02979",0
"RNU7-129P",0
"PRELID3A",0
"THEMIS3P",0
"AKR1B1P6",0
"ELOA2",0
"SLC25A6P4",0
"KCNG2",0
"IL9RP4",0
"MIR8078",0
"BOLA2P1",0
"ADCYAP1",0
"LINC01904",0
"KATNBL1P3",0
"RNU6-340P",0
"MYOM1",0
"SALL3",0
"CETN1",0
"RN7SKP146",0
"RNU1-109P",0
"LINC03101",0
"LONRF2P1",0
"GRAMD4P7",0
"POTEC",0
"OR4K7P",0
"OR4K8P",0
"SNX19P3",0
"VN1R74P",0
"GTF2IP8",0
"RNU6-1210P",0
"MIR3156-2",0
"LINC01906",0
"RN7SL862P",0
"RNA5SP449",0
"PIGPP4",0
"TXNDC2",0
"RNA5SP450",0
"RPS27P28",0
"CCDC178",0
"MC5R",0
"SNORA37",0
"STARD6",0
"RN7SL233P",0
"MIR133A1",0
"MIR1-2",0
"RNU6-1038P",0
"RNA5SP451",0
"RPS4XP19",0
"RNU5F-3P",0
"MIR3976",0
"GRP",0
"RAX",0
"GLUD1P4",0
"RN7SKP26",0
"RNY4P37",0
"RNU6-1278P",0
"ASXL3",0
"ELOA3DP",0
"ELOA3BP",0
"ELOA3P",0
"SERPINB7",0
"SERPINB2",0
"RPL12P39",0
"SCARNA17",0
"RNA5SP457",0
"ADAD1P2",0
"MIR4320",0
"RN7SL310P",0
"STK25P1",0
"EIF4A2P1",0
"MC2R",0
"RPL36AP49",0
"FRG2LP",0
"SERPINB10",0
"TNFRSF11A",0
"SLC35G4",0
"MIR7153",0
"ASNSP6",0
"GAD3P",0
"ROCK1P1",0
"NPIPB1P",0
"RNU6-346P",0
"RPL26P35",0
"ANKRD20A5P",0
"RNU6-316P",0
"CYP4F35P",0
"TERF1P2",0
"FEM1AP2",0
"TUBB8B",0
"SYT4",0
"RN7SL39P",0
"DLGAP1-AS3",0
"MIR6718",0
"RNU6-831P",0
"GAPDHP66",0
"ELOCP27",0
"MIR4528",0
"RPL29P32",0
"CUPIN1P",0
"DYNAPP1",0
"ZNF396",0
"RPL7AP67",0
"MRO",0
"HNRNPA3P16",0
"RPL17P46",0
"SS18L2P2",0
"RSL24D1P9",0
"KIAA0895LP1",0
"ADGRA3P1",0
"CHORDC1P4",0
"CBX3P2",0
"CXADRP3",0
"ELOA3CP",0
"LRRC37A7P",0
"OACYLP",0
"ZNF271P",0
"RN7SL401P",0
"SMIM21",0
"CCND3P2",0
"ZNF516-DT",0
"ARL2BPP1",0
"RNA5SP461",0
"BNIP3P3",0
"RNU6-721P",0
"RNU6ATAC20P",0
"RNU6-702P",0
"RNU6-1032P",0
"UBE2CP2",0
"MIR4741",0
"MIR8057",0
"CHST9",0
"ATP6V1E1P2",0
"UBA52P9",0
"RBM22P1",0
"PA2G4P3",0
"WBP11P1",0
"SLC14A2-AS1",0
"DSCAS",0
"LINC01538",0
"SLC25A52",0
"RNU6-1050P",0
"RNU5A-6P",0
"RNA5SP452",0
"RNU6-435P",0
"MIR320C2",0
"LINC01544",0
"LINC01415",0
"LINC01443",0
"LINC-ROR",0
"LINC00907",0
"LINC00470",0
"LINC02856",0
"LINC01541",0
"DSEL-AS1",0
"LINC01925",0
"LINC01899",0
"LINC01905",0
"ARHGAP28-AS1",0
"DLGAP1-AS4",0
"LINC01919",0
"ZNF24TR",0
"LINC00668",0
"LINC01478",0
"LINC01929",0
"LINC01895",0
"LINC01900",0
"LINC01909",0
"LIVAR",0
"LINC02582",0
"GAPLINC",0
"LINC01908",0
"ZNF516-AS1",0
"LINC01902",0
"LINC01912",0
"ST8SIA5-DT",0
"LINC00683",0
"LINC01927",0
"DSG1-AS1",0
"DSG2-AS1",0
"LINC01893",0
"LDLRAD4-AS1",0
"LINC01029",0
"LINC01896",0
"AQP4-AS1",0
"PCAT18",0
"DLGAP1-AS5",0
"NETO1-DT",0
"MIR4527HG",0
"GREB1L-DT",0
"LINC02564",0
"LINC02837",0
"DYM-AS1",0
"LINC01924",0
"LINC00305",0
"LINC02864",0
"TCF4-AS2",0
"PPIAP14",0
"FAM32DP",0
"WBP2P1",0
"LINC01894",0
"SDHDP1",0
"FGF7P1",0
"SMUG1P1",0
"NF1P5",0
"LINC01887",0
"LINC01387",0
"ADRA1D",0
"RSPO4",0
"DEFB129",0
"ANGPT4",0
"DYNLT3P1",0
"EEF1A1P34",0
"DEFB125",0
"SRSF10P2",0
"BMP2",0
"INSM1",0
"LIN28AP3",0
"DEFB128",0
"DEFB126",0
"LINC03086",0
"BTBD3",0
"RPL7P2",0
"EIF4E2P1",0
"CST5",0
"RPL7AP13",0
"PGAM3P",0
"SYNDIG1",0
"RPS11P1",0
"GAPDHP2",0
"PCMTD1P7",0
"CFTRP2",0
"GGTLC1",0
"CFTRP3",0
"SCRT2",0
"DEFB127",0
"SPTLC3",0
"DUX4L32",0
"DUX4L33",0
"DEFB115",0
"CST2P1",0
"LINC01734",0
"WFDC9",0
"WFDC10A",0
"DHX35-DT",0
"GAPDHP54",0
"WFDC11",0
"RPL35AP",0
"ATG3P1",0
"SLC2A10",0
"CDH22",0
"CFAP61-AS1",0
"RPL27AP9",0
"TP53RK-DT",0
"MC3R",0
"RPL13P14",0
"CBLN4",0
"DKKL1P1",0
"GAPDHP53",0
"CST9LP2",0
"RBBP8NL",0
"LINC01056",0
"ANAPC13P1",0
"SOX18",0
"HIGD1AP16",0
"RPL17P1",0
"SALL4",0
"SCP2D1",0
"BHLHE23",0
"RPSAP1",0
"RPL29P35",0
"GATA5",0
"RPL7P3",0
"PIEZO1P1",0
"LLPHP1",0
"MRPS11P1",0
"RN7SKP69",0
"RN7SL547P",0
"RN7SL607P",0
"RN7SKP111",0
"RNU6-1257P",0
"RN7SL690P",0
"RNU1-23P",0
"RNA5SP528",0
"MIR4755",0
"RNU6-639P",0
"RNA5SP532",0
"RN7SL116P",0
"RN7SL680P",0
"RNU7-144P",0
"RNU6-347P",0
"RNU7-6P",0
"RNU6-497P",0
"RNA5SP487",0
"MIR3194",0
"RNU6-929P",0
"RNU4ATAC7P",0
"RNU7-141P",0
"MIR1-1",0
"MIR133A2",0
"RN7SKP33",0
"MIR4758",0
"RNU6-563P",0
"RBPJL",0
"NDUFB4P10",0
"LINC01711",0
"STX16-NPEPL1",0
"MIR296",0
"MIR298",0
"MRPS16P2",0
"GDF5-AS1",0
"GDF5",0
"MIR1289-1",0
"C20orf173",0
"RPL36P4",0
"RPL37P1",0
"RN7SL156P",0
"RPS3AP3",0
"RPS27AP3",0
"RNU6-743P",0
"EIF4EBP2P1",0
"RNU6-1251P",0
"RPL27AP",0
"GTSF1L",0
"CST9",0
"OTOR",0
"R3HDML",0
"MIR124-3",0
"BIRC7",0
"MIR3196",0
"NKAIN4",0
"MIR4326",0
"RNU6-994P",0
"CHRNA4",0
"HIGD1AP15",0
"RPL23AP6",0
"RNU1-94P",0
"RNA5SP481",0
"CCM2L",0
"RNA5SP482",0
"MIR1825",0
"RNA5SP483",0
"FAM83C",0
"TGIF2-RAB5IF",0
"RN7SL555P",0
"RNU6-1019P",0
"RNU6-384P",0
"MIR3193",0
"COX4I2",0
"ATP5MFP7",0
"MYLK2",0
"ZNF877P",0
"RNU6-192P",0
"OVOL2",0
"SNORD17",0
"PTMAP3",0
"RPL15P1",0
"RNU7-137P",0
"GGCTP2",0
"RN7SL14P",0
"RNU2-56P",0
"RN7SKP74",0
"ACTG1P3",0
"MIR6869",0
"SIRPB2",0
"RNU6-917P",0
"SIRPD",0
"TVP23BP3",0
"FTLP1",0
"SLC12A5-AS1",0
"TCEAL9P1",0
"SLC4A11",0
"C20orf144",0
"RPL31P2",0
"RN7SL666P",0
"RNA5-8SP7",0
"PAK5",0
"GNRH2",0
"RNU2-52P",0
"MIR6871",0
"RPL23AP81",0
"RN7SL615P",0
"RPL7AP12",0
"PRND",0
"PRNT",0
"SLC24A3-AS1",0
"RNA5SP484",0
"ADI1P1",0
"RNU6-1018P",0
"RPL5P2",0
"SPINT3",0
"EPPIN-WFDC6",0
"HSPD1P21",0
"EPPIN",0
"RNA5SP485",0
"HNRNPA1P3",0
"SPINT5P",0
"RNU6ATAC38P",0
"SNAP23P1",0
"NTSR1",0
"ARF4P2",0
"HSPA12B",0
"SPEF1",0
"MIR103B2",0
"HMGB3P2",0
"DEFB132",0
"FAM209A",0
"FAM209B",0
"SNORD12C",0
"SNORD12B",0
"SNORD12",0
"PSMD10P1",0
"RIN2",0
"CST1",0
"CST4",0
"KCNG1",0
"WFDC13",0
"MIR3617",0
"SPINT4",0
"RPL13P2",0
"TNFRSF6B",0
"RPL19P1",0
"CPXM1",0
"C20orf141",0
"TMEM239",0
"TCF15",0
"SPATA25",0
"C20orf204",0
"DUSP15",0
"TMEM74B",0
"RAD21L1",0
"TPM3P2",0
"PIGPP3",0
"RNU7-173P",0
"SRMP1",0
"RNA5SP486",0
"RNU7-92P",0
"PEDS1-UBE2V1",0
"RN7SL636P",0
"COX6CP2",0
"MIR1302-5",0
"RPL7AP14",0
"RNA5SP479",0
"CSTL1",0
"CST11",0
"SLC25A6P1",0
"PARAL1",0
"HRH3",0
"ADAM33",0
"SGK2",0
"TGM3",0
"TGM6",0
"SNORA71E",0
"SNORA60",0
"MIR548O2",0
"RPS3P2",0
"SLC32A1",0
"RN7SKP173",0
"COL20A1",0
"WFDC10B",0
"MIR1257",0
"RPL17P48",0
"MIR3195",0
"ARHGAP40",0
"WFDC8",0
"CCNB1IP1P2",0
"SUMO1P1",0
"MIR4756",0
"CYP24A1",0
"MIR499A",0
"MIR499B",0
"HSPD1P19",0
"CIMIP1",0
"ANKRD60",0
"MIR6812",0
"SUN5",0
"BPIFB2",0
"PUDPP3",0
"BPIFB4",0
"BPIFA2",0
"SOCS2P1",0
"BPIFA3",0
"RPL12P3",0
"BPIFB5P",0
"BPIFB3",0
"ASIP",0
"XPOTP1",0
"ITCH-IT1",0
"FOXA2",0
"KRT18P3",0
"GCNT1P1",0
"RNA5SP476",0
"MIR3192",0
"RN7SL638P",0
"RNU6ATAC34P",0
"DUXAP7",0
"DTD1-AS1",0
"RTEL1-TNFRSF6B",0
"MIR4325",0
"RPL39P39",0
"SPO11",0
"MTND1P9",0
"DEFB121",0
"DEFB123",0
"KCNS1",0
"WFDC12",0
"PI3",0
"SEMG1",0
"SEMG2",0
"DEFB116",0
"RPL31P3",0
"HAUS6P2",0
"RNA5SP480",0
"DEFB117",0
"DEFB119",0
"PAX1",0
"CHGB",0
"KANK1P1",0
"MTCO1P59",0
"RN7SL498P",0
"TARDBPP1",0
"LRRN4",0
"RNU1-55P",0
"FGFR3P3",0
"LINC01433",0
"FERMT1",0
"MIR3646",0
"EBF4",0
"MYT1",0
"NPBWR2",0
"IL9RP5",0
"CICP4",0
"IQSEC3P3",0
"CYB5AP4",0
"SSTR4",0
"RNA5SP478",0
"MIR6813",0
"LKAAEAR1",0
"RPS18P1",0
"C20orf181",0
"MIR941-1",0
"MIR941-2",0
"MIR941-3",0
"MIR941-4",0
"MIR941-5",0
"MIR1914",0
"MIR647",0
"PPIAP17",0
"RPLP0P1",0
"SEL1L2",0
"RNU6-278P",0
"RPS3P1",0
"AIMP1P1",0
"RN7SL864P",0
"RNU6-228P",0
"RNF11P2",0
"MACROD2-IT1",0
"RNU6-1159P",0
"RNU6-115P",0
"RNA5SP475",0
"ENSAP1",0
"CST13P",0
"CSTP1",0
"ANKRD20A21P",0
"ZNF285DP",0
"BPIFA4P",0
"DEFB122",0
"PPP4R1L",0
"FRG1CP",0
"RNU6ATAC17P",0
"RN7SL594P",0
"MED28P7",0
"BSNDP1",0
"BSNDP2",0
"HNF4A",0
"NNAT",0
"PPIAP3",0
"GLRXP1",0
"LINC00489",0
"HSPBAP1P1",0
"HAO1",0
"PHKBP1",0
"RNU105B",0
"RPL36P1",0
"RN7SKP184",0
"PPIAP10",0
"RNU7-14P",0
"HMGB3P1",0
"NEFHP2",0
"PTPRT-AS1",0
"RN7SKP100",0
"BPIFA1",0
"VSTM2L",0
"APCDD1L",0
"RPS4XP2",0
"MKRN7P",0
"FER1L4",0
"ZNF663P",0
"BPIFB9P",0
"WFDC6",0
"RN7SL197P",0
"SNRPFP1",0
"RNU6-919P",0
"RPS21P7",0
"RNA5SP474",0
"CDH26",0
"MIR646",0
"MTCO2P1",0
"MIR4533",0
"MIR548AG2",0
"KCNK15",0
"RIMS4",0
"PGBD4P2",0
"CKAP2LP1",0
"PDYN",0
"LINC01751",0
"LINC01706",0
"MIR8062",0
"MIR6870",0
"FAT1P1",0
"LINC02871",0
"LINC01722",0
"RNU6-27P",0
"RNU1-131P",0
"CST12P",0
"CST8",0
"CFTRP1",0
"BSNDP3",0
"NCOR1P1",0
"MIR663A",0
"RN7SKP185",0
"RN7SL237P",0
"HSPE1P1",0
"MIR3616",0
"LINC03079",0
"MRPS33P4",0
"ZNF840P",0
"C20orf203",0
"EFCAB8",0
"SNORA71A",0
"SNORA71C",0
"SNORA71D",0
"KCNQ2-AS1",0
"KIZ-AS1",0
"MIR1292",0
"SNORD110",0
"SNORA51",0
"SNORD86",0
"SNORD56",0
"SNORD57",0
"LINC01270",0
"BMP7-AS1",0
"LINC00028",0
"CASC20",0
"LINC01370",0
"LINC01427",0
"LINC00686",0
"LINC01723",0
"SCP2D1-AS1",0
"APCDD1L-DT",0
"R3HDML-AS1",0
"MACROD2-AS1",0
"LINC00851",0
"LINC01713",0
"LINC01733",0
"BTBD3-AS1",0
"LINC01721",0
"OGFR-AS1",0
"LINC01718",0
"MIR663AHG",0
"LINC02967",0
"EYA2-AS1",0
"LINC00029",0
"LINC01620",0
"LINC01747",0
"MIR1-1HG",0
"CRMA",0
"NOL4L-DT",0
"HAR1B",0
"LINC01432",0
"LINC00658",0
"LINC00654",0
"LNCNEF",0
"ISM1-AS1",0
"HAR1A",0
"LINC01746",0
"LINC01728",0
"LINC00261",0
"LINC01440",0
"FAM242A",0
"LINC00237",0
"LINC01428",0
"LINC01742",0
"LINC01523",0
"PLCB1-IT1",0
"PTPRT-DT",0
"NKX2-4",0
"RN7SKP140",0
"NKX2-2",0
"NKX2-2-AS1",0
"BETALINC1",0
"VTCN1P1",0
"SCREEM1",0
"TRERNA1",0
"LINC00656",0
"BBLNP1",0
"FRG1EP",0
"CST9LP1",0
"RPS27AP2",0
"FRG1DP",0
"MLLT10P1",0
"RPS10P5",0
"VN1R108P",0
"SIRPB3P",0
"NIPAL1P1",0
"LINC01716",0
"RNU6-1146P",0
"RN7SL170P",0
"PTMAP6",0
"OR4F8P",0
"WBP1LP11",0
"C2CD4C",0
"ONECUT3",0
"PALM",0
"ZNRF4",0
"RPS2P52",0
"CYP4F10P",0
"TEKTL1",0
"OR7C2",0
"CYP4F12",0
"CYP4F8",0
"OR7A3P",0
"OR7A15P",0
"OR10B1P",0
"OR10H4",0
"NCAN",0
"BORCS8-MEF2B",0
"VN1R80P",0
"MTDHP2",0
"BNIP3P24",0
"VN1R79P",0
"VN1R82P",0
"VN1R78P",0
"ZNF729",0
"CPSF6P1",0
"BNIP3P28",0
"ZNF209P",0
"BNIP3P32",0
"KRT18P40",0
"BNIP3P36",0
"CYP4F3",0
"VN1R90P",0
"TM6SF2",0
"BNIP3P35",0
"BNIP3P8",0
"PCGF7P",0
"CDC42EP3P1",0
"RPL7AP10",0
"BNIP3P30",0
"ERVK-28",0
"BNIP3P33",0
"VN1R91P",0
"BNIP3P29",0
"MTDHP5",0
"BNIP3P40",0
"VN1R85P",0
"ZNF92P2",0
"BNIP3P38",0
"HAPLN4",0
"MTDHP3",0
"ZNF728",0
"BNIP3P37",0
"RPL36AP51",0
"BRI3BPP1",0
"RPS4XP20",0
"VN1R92P",0
"CHST8",0
"TAF9P3",0
"RPS4XP23",0
"RAB4B-EGLN2",0
"SNX6P1",0
"NLRP4",0
"IRGC",0
"CYP2A6",0
"CYP2A7P2",0
"COX7A1",0
"CYP2B6",0
"CKM",0
"CYP2G2P",0
"BNIP3P34",0
"CYP2A13",0
"BSPH1",0
"CYP2F1",0
"RPL36P16",0
"KLK2",0
"MIA-RAB4B",0
"VN1R88P",0
"DKKL1",0
"VN1R81P",0
"LINC01782",0
"CHCHD2P3",0
"RPS4XP21",0
"RNU6-2",0
"MIR1302-11",0
"MIR7850",0
"RNU6-782P",0
"MIR1470",0
"RN7SL70P",0
"RNU6-1028P",0
"RNA5SP469",0
"RNA5-8SP4",0
"RNU6-967P",0
"RNA5SP471",0
"RNA5SP472",0
"RN7SL154P",0
"MIR4324",0
"ACP7",0
"IFNL3P1",0
"MSRB1P1",0
"IFNL4P1",0
"IFNL1",0
"RN7SL566P",0
"MIR4530",0
"RPS29P24",0
"RPS29P25",0
"PNMA8A",0
"PNMA8B",0
"DACT3",0
"RN7SL364P",0
"CLIC4P2",0
"MIR6791",0
"MIR4745",0
"MIR3187",0
"FOXA3",0
"NANOS2",0
"MIR769",0
"IGFL3",0
"RSPH6A",0
"SNORD23",0
"MIR4750",0
"MIR4751",0
"SIGLEC11",0
"ASPDH",0
"C19orf81",0
"GPR32P1",0
"GPR32",0
"ACP4",0
"SNORD88B",0
"SNORD88A",0
"SNORD88C",0
"CYP4F36P",0
"ZNF861P",0
"CTBP2P7",0
"RN7SL192P",0
"MIR6886",0
"MIR6796",0
"SERTAD3-AS1",0
"PSG6",0
"SYCN",0
"MEIOSIN",0
"RAX2",0
"ZNF724",0
"IFNL2",0
"IZUMO1",0
"FGF21",0
"RNU6-317P",0
"LINC00904",0
"MIR6887",0
"MIR5695",0
"MIR6515",0
"COX6B2",0
"GARIN5B",0
"IL11",0
"TMEM190",0
"MIR6805",0
"SSC5D",0
"SBK3",0
"NLRP9",0
"RN7SKP109",0
"RFPL4AL1",0
"RFPL4AP1",0
"RN7SL477P",0
"OR7D1P",0
"OR7E18P",0
"OR7H1P",0
"UBXN2AP1",0
"ZNF560",0
"ZSCAN5DP",0
"VN2R17P",0
"SLC25A36P1",0
"RDH8",0
"MIR5589",0
"PPAN-P2RY11",0
"SNORD105",0
"SNORD105B",0
"MIR4322",0
"RPL39P34",0
"ZNF607",0
"WDR87",0
"CYP2S1",0
"ERICH4",0
"SIGLEC8",0
"SIGLEC12",0
"SIGLEC6",0
"SIGLEC29P",0
"RPL9P33",0
"SPACA6-AS1",0
"MIR99B",0
"MIRLET7E",0
"MIR125A",0
"FPR2",0
"RNA5SP468",0
"RPS18P13",0
"MIR6799",0
"MIR6800",0
"MIR4749",0
"FXYD1",0
"HSPB6",0
"MIR4999",0
"PRAM1",0
"SYNGR4",0
"SPACA4",0
"RGL3",0
"ELAVL3",0
"RPL18AP13",0
"KASH5",0
"PTH2",0
"SLC17A7",0
"SNORD32A",0
"SNORD33",0
"SNORD34",0
"SNORD35A",0
"SNORD35B",0
"MIR150",0
"COX6CP7",0
"MIR5088",0
"CPT1C",0
"RNU6-841P",0
"MIR4746",0
"ERVV-2",0
"MIR6798",0
"LHB",0
"NTF6A",0
"NTF6G",0
"NTF6B",0
"CGB5",0
"RN7SL708P",0
"VN1R6P",0
"OSTCP3",0
"RNU6-698P",0
"MIR512-1",0
"MIR512-2",0
"MIR1323",0
"MIR498",0
"MIR520E",0
"MIR515-1",0
"MIR519E",0
"MIR520F",0
"MIR515-2",0
"MIR519C",0
"MIR1283-1",0
"MIR520A",0
"MIR526B",0
"MIR519B",0
"MIR525",0
"MIR523",0
"MIR518F",0
"MIR520B",0
"MIR518B",0
"MIR526A1",0
"MIR520C",0
"MIR518C",0
"MIR524",0
"MIR517A",0
"MIR519D",0
"MIR521-2",0
"RNU6-803P",0
"MIR520D",0
"MIR517B",0
"MIR520G",0
"MIR516B2",0
"MIR526A2",0
"MIR518E",0
"MIR518A1",0
"RNU6-980P",0
"MIR518D",0
"MIR516B1",0
"MIR518A2",0
"MIR517C",0
"MIR520H",0
"RNU6-982P",0
"MIR521-1",0
"RNU6-751P",0
"MIR522",0
"MIR519A1",0
"MIR527",0
"MIR516A1",0
"MIR1283-2",0
"RNU6-1041P",0
"MIR516A2",0
"MIR519A2",0
"MIR1909",0
"MIR7108",0
"GALP",0
"MIR8077",0
"CXCL17",0
"RNU4-60P",0
"CEACAMP2",0
"CEACAM8",0
"CEACAMP1",0
"MIR6792",0
"RPS27AP19",0
"RETN",0
"PRR36",0
"LRRC8E",0
"CTXN1",0
"LINC00664",0
"BNIP3P26",0
"CD209",0
"SAXO5",0
"LINC02926",0
"SNORD41",0
"BEST2",0
"MIR5684",0
"MIR6794",0
"NOTCH3",0
"MIR6795",0
"RNU6-195P",0
"RPL21P130",0
"MIR24-2",0
"MIR27A",0
"MIR23A",0
"MIR181C",0
"MIR181D",0
"RLN3",0
"PALM3",0
"MIR1199",0
"RN7SL231P",0
"GDF1",0
"DIRAS1",0
"RPL35AP38",0
"MIR1238",0
"LSM2P1",0
"MIR638",0
"MIR6793",0
"HIKESHIP2",0
"MIR4323",0
"RN7SL836P",0
"PRSS57",0
"NIBAN3",0
"EXOC3L2",0
"CGB2",0
"RNU6-140P",0
"NXNL1",0
"FUT6",0
"FUT5",0
"RNA5SP462",0
"MADCAM1",0
"TBXA2R",0
"RPL32P37",0
"ACER1",0
"MIR6885",0
"MIR6790",0
"MIR3940",0
"SLC25A41",0
"FBN3",0
"RN7SL663P",0
"CLIP3",0
"RNU6-1307P",0
"MIR4752",0
"CYP2A7",0
"RTBDN",0
"HPN",0
"SMIM47",0
"OR10H2",0
"GFY",0
"DAND5",0
"OR10H3",0
"OR7E24",0
"OR7A10",0
"CIMAP1D",0
"APOC4",0
"APOC4-APOC2",0
"RPS29P23",0
"MTND2P40",0
"MTCO1P27",0
"MTCO2P27",0
"MTATP6P27",0
"PPIAP20",0
"RNU6-165P",0
"HMGN1P32",0
"MIR371A",0
"MIR371B",0
"MIR372",0
"MIR373",0
"MIR935",0
"CACNG6",0
"VSTM1",0
"GIPC3",0
"TEKTIP1",0
"TMEM59L",0
"RNA5SP464",0
"RNA5SP465",0
"RSL24D1P8",0
"RNA5SP467",0
"ZNF625-ZNF20",0
"ZNF625",0
"RPS16P9",0
"OR7G1",0
"OR7G15P",0
"OR7G3",0
"OR7D2",0
"ELOCP29",0
"OR7E16P",0
"OR7D4",0
"OR7A17",0
"OR7A18P",0
"F2RL3",0
"SCN1B",0
"PODNL1",0
"C19orf85",0
"SHC2",0
"THSD8",0
"CERS1",0
"CGB8",0
"ZNF415",0
"CYP4F11",0
"CGB3",0
"SLC1A6",0
"ZNF816-ZNF321P",0
"VN1R2",0
"RNU6-902P",0
"KLK9",0
"KLK12",0
"KLK13",0
"SIGLEC7",0
"SIGLEC20P",0
"IGLON5",0
"VSIG10L",0
"LIM2",0
"NIFKP6",0
"SIGLEC10",0
"SIGLECL1",0
"RPS15AP36",0
"TARM1",0
"LILRA5",0
"VN1R104P",0
"LILRA4",0
"CDC42EP5",0
"LINC02959",0
"SPIB",0
"MYBPC2",0
"HNRNPDLP4",0
"RN7SL526P",0
"B3GNT8",0
"RN7SL202P",0
"MIR637",0
"SNORD37",0
"HMGB2P1",0
"KLF1",0
"VN1R93P",0
"BNIP3P39",0
"TYMSP2",0
"OR5AH1P",0
"PEG3",0
"MIR1227",0
"MIR6789",0
"MIR4321",0
"LEUTX",0
"MBD3L5",0
"MBD3L4",0
"MBD3L2",0
"GNG8",0
"ZNF667",0
"ELSPBP1",0
"ZNF57",0
"ZNF726",0
"ZNF99",0
"IGFL4",0
"IGFL1P1",0
"IGFL1",0
"SHANK1",0
"OR2Z1",0
"OR4F17",0
"IGFL2",0
"GRIK5",0
"NMRK2",0
"CLEC4G",0
"DPF1",0
"IFNL3",0
"HCN2",0
"TSPAN16",0
"RPL32P34",0
"MIR6807",0
"LRFN3",0
"MCEMP1",0
"TEX101",0
"RN7SL322P",0
"GGN",0
"SPRED3",0
"NFILZ",0
"NKPD1",0
"KLK5",0
"KLK6",0
"KLK7",0
"KLK4",0
"LILRA1",0
"MIR8061",0
"VN1R105P",0
"KIR3DL3",0
"KIR2DL3",0
"KIR2DP1",0
"KIR2DL1",0
"KIR3DP1",0
"RNU6-222P",0
"FCAR",0
"NLRP5",0
"MIR5196",0
"FFAR1",0
"KLK8",0
"RNU6-9",0
"PRTN3",0
"KLK15",0
"CGB1",0
"NTF4",0
"SHD",0
"TMPRSS9",0
"ELANE",0
"MIR330",0
"SNORA68",0
"SLC5A5",0
"NCR1",0
"RPL36AP50",0
"IGFL1P2",0
"RNU6-924P",0
"FAM90A27P",0
"ZSCAN4",0
"MIR4747",0
"RNU6-1223P",0
"FUT3",0
"RN7SL150P",0
"SLC7A10",0
"LINGO3",0
"FAM187B",0
"FAM187B2P",0
"DNAJC19P2",0
"DNAJC19P3",0
"CEACAM7",0
"CEACAM3",0
"LYPD4",0
"DMRTC2",0
"MIR6797",0
"ERFL",0
"MIR7974",0
"RN7SL833P",0
"TPRX1",0
"LINC03085",0
"TPRX2",0
"SULT2A1",0
"ZNF114",0
"RPL31P60",0
"PCSK4",0
"ZSCAN5C",0
"SELENOV",0
"NLRP11",0
"VN1R4",0
"MIR3190",0
"MIR3191",0
"EIF5AP3",0
"IZUMO2",0
"MIR641",0
"RNU6-945P",0
"MIR7-3",0
"EFNA2",0
"MIR6801",0
"MIR643",0
"DPPA5P1",0
"ZNF534",0
"BNIP3P9",0
"BNIP3P10",0
"BNIP3P47",0
"IFNL4",0
"KIR2DS4",0
"MIR6806",0
"RNA5SP473",0
"RNF225",0
"LINC02560",0
"ZNF324B",0
"RN7SL693P",0
"CYP4F9P",0
"SNX33P1",0
"PMIS2",0
"SIGLEC16",0
"MYH14",0
"CEACAMP7",0
"PSG11",0
"CEACAMP8",0
"PSG2",0
"CEACAMP9",0
"PSG3",0
"CEACAMP6",0
"PSG1",0
"OR1AB1P",0
"OR4G1P",0
"OR7A1P",0
"CYP2G1P",0
"OR7A2P",0
"OR7E19P",0
"ZNF542P",0
"ZNF137P",0
"WDR87BP",0
"ZNF788P",0
"OR7E25P",0
"SIGLEC22P",0
"KLKP1",0
"KIR3DX1",0
"FAM90A28P",0
"ZNF781",0
"CEACAMP3",0
"CLEC4OP",0
"CYP2B7P",0
"SIGLEC17P",0
"APOC1P1",0
"ZNF818P",0
"ZNF56P",0
"NAPSB",0
"ZNF812P",0
"PSG10P",0
"SIGLEC5",0
"RPS29P27",0
"LGALS14",0
"CLC",0
"RPL31P61",0
"ZNF559-ZNF177",0
"HRC",0
"SBSN",0
"ATP4A",0
"ZNF177",0
"NDUFA3P1",0
"ZNF112",0
"ZNF285",0
"ZNF285BP",0
"CEACAM20",0
"CEACAM22P",0
"MIR4531",0
"CEACAM16",0
"MIR8085",0
"ERVK9-11",0
"ZGLP1",0
"PPP5D1P",0
"HNRNPMP2",0
"NWD1",0
"ACTL9",0
"LYPD5",0
"RFPL4A",0
"BNIP3P13",0
"BNIP3P14",0
"BNIP3P15",0
"BNIP3P17",0
"GNG14",0
"MIR3188",0
"RN7SL513P",0
"MIR3189",0
"DPRX",0
"ADGRE4P",0
"MBD3L2B",0
"ANGPTL8",0
"RPL7AP69",0
"USP29",0
"ZIM3",0
"DPPA3P8",0
"DUXA",0
"MIR6088",0
"CIST1",0
"MBD3L1",0
"BOLA3P2",0
"OR1M4P",0
"WASH5P",0
"CCNYL6",0
"IPO5P1",0
"CYP2F2P",0
"TPM3P9",0
"RPL17P47",0
"ZNF321P",0
"BIRC8",0
"LILRP2",0
"ZNF702P",0
"CYP2T1P",0
"TMEM277P",0
"TEX14BP",0
"C19orf48P",0
"KIR3DL1",0
"VN2R19P",0
"MIR7975",0
"TNNT1",0
"DNAAF3",0
"PTPRH",0
"TMEM86B",0
"MIR6804",0
"MIR6802",0
"MIR6803",0
"RPS29P30",0
"CALR3",0
"RN7SL146P",0
"PLPPR3",0
"SMIM46",0
"GP6",0
"MIR640",0
"PHF5AP1",0
"SEPTIN14P19",0
"CICP19",0
"RNU6-1076P",0
"SPMAP2",0
"ZNF887P",0
"ZNF833P",0
"LINC00663",0
"BNIP3P18",0
"BNIP3P19",0
"BNIP3P20",0
"ZNF826P",0
"MIR1270",0
"BNIP3P22",0
"BNIP3P23",0
"FIGLAP1",0
"RNU6-1179P",0
"GOLGA2P9",0
"RN7SL860P",0
"RAD54L2P1",0
"ZNF849P",0
"VN1R87P",0
"MAN1A2P1",0
"RNA5SP470",0
"RN7SL340P",0
"FFAR3",0
"GPR42",0
"RN7SL491P",0
"LGALS16",0
"MIR8074",0
"VSIG10L-AS1",0
"SIGLEC10-AS1",0
"SIGLEC31P",0
"ZIM2-AS1",0
"SMIM17",0
"SIGLEC24P",0
"PTGER1",0
"YPEL5P4",0
"LGALS13",0
"SLC8A2",0
"CENPBD2P",0
"RNU6-993P",0
"COX16P1",0
"VN1R83P",0
"BNIP3P25",0
"ZNF222-DT",0
"ZNF30-AS1",0
"SEC1P",0
"SMIM24",0
"SMIM44",0
"SEMA6B",0
"CYP4F2",0
"PTPRS-AS1",0
"MIR1181",0
"PSG8-AS1",0
"UPK1A-AS1",0
"LINC01838",0
"FAM138F",0
"LINC00905",0
"LIM2-AS1",0
"UQCRFS1-DT",0
"ZNF582-DT",0
"LINC01233",0
"LINC01791",0
"HOMER3-AS1",0
"LINC01532",0
"ZNF473CR",0
"LINC01775",0
"LINC01531",0
"TSHZ3-AS1",0
"LINC01533",0
"ARHGEF18-AS1",0
"ZNF426-DT",0
"LINC01595",0
"ZNF667-AS1",0
"LINC01785",0
"CEACAM16-AS1",0
"CBARP-DT",0
"LINC01224",0
"LINC01535",0
"IGFL2-AS1",0
"HAUS5-DT",0
"LINC01872",0
"LINC01766",0
"LINC02841",0
"LINC03103",0
"MIMT1",0
"PIK3R2",0
"PSG5",0
"PSG4",0
"PSG9",0
"CEACAMP10",0
"CEACAMP4",0
"LINC03078",0
"CD177",0
"LINC01530",0
"OR4G3P",0
"RPL23AP2",0
"CYP4F24P",0
"CYP2A7P1",0
"CYP2T3P",0
"CEACAMP5",0
"CRIPTOP7",0
"RPL10P15",0
"TMEM167AP2",0
"OR7A8P",0
"TPRG1LP1",0
"SIGLEC27P",0
"RPL7P51",0
"SAXO3",0
"CLEC4GP1",0
"RPL28P5",0
"SIGLEC18P",0
"LETM1P2",0
"SCGB2B3P",0
"SLC6A21P",0
"BNIP3P16",0
"MARK2P21",0
"HNRNPA1P10",0
"VN1R95P",0
"CD177P1",0
"SNORA68B",0
"RPS12P31",0
"RN7SL789P",0
"RGS9BP",0
"GCM1P1",0
"RN7SKP22",0
"TSPY24P",0
"ZNF92P1Y",0
"SERBP1P2",0
"TSPY12P",0
"DUX4L19",0
"OFD1P3Y",0
"RBMY2HP",0
"ELOCP35",0
"USP12PY",0
"KDM5DP1",0
"DUX4L17",0
"PRY",0
"ZNF736P6Y",0
"TUSC2P1",0
"PUDPP1",0
"CDRT15P10",0
"PRY2",0
"OFD1P8Y",0
"RNF19BPY",0
"TSPY23P",0
"TUBB1P2",0
"ACTR3BP1",0
"RPS24P1",0
"RCC2P2",0
"ZNF736P8Y",0
"BPY2",0
"MTND1P12",0
"CTBP2P1",0
"MTND6P1",0
"PABPC1P5",0
"TSPY22P",0
"RCC2P1",0
"SHROOM2P1",0
"DUX4L18",0
"ZNF736P11Y",0
"OFD1P9Y",0
"BPY2DP",0
"CHEK2P1",0
"RBMY2UP",0
"ZNF886P",0
"ELOCP8",0
"OFD1P16Y",0
"TTTY25P",0
"ASS1P6",0
"SNX18P1Y",0
"MED14P1",0
"ZNF885P",0
"ARSFP1",0
"ZNF736P7Y",0
"SURF6P1",0
"ANKRD20A6P",0
"RBMY2KP",0
"TSPY21P",0
"TTTY19",0
"TTTY4",0
"MXRA5Y",0
"MTCYBP1",0
"USP9YP17",0
"TTTY17A",0
"AGPAT5P1",0
"FAM41AY1",0
"ELOCP15",0
"TRIM60P3Y",0
"MTND1P1",0
"PRRC2CP1",0
"ZNF736P10Y",0
"CDY12P",0
"CDY13P",0
"RBMY1KP",0
"ARSDP1",0
"TTTY5",0
"RBMY1D",0
"USP9YP24",0
"UBE2V1P3",0
"FAM8A4P",0
"TRIM60P8Y",0
"MED13P1",0
"CYCSP46",0
"RNU6-303P",0
"RN7SL702P",0
"RNA5SP520",0
"RNA5SP521",0
"RNU6-109P",0
"RNU6-184P",0
"HSFY2",0
"GPM6BP2",0
"USP9YP2",0
"ELOCP14",0
"PRYP6",0
"XKRYP2",0
"USP9YP10",0
"RNU1-41P",0
"OFD1P7Y",0
"MTCYBP2",0
"ZNF839P1",0
"CD24P4",0
"RNU6-255P",0
"GAPDHP19",0
"CLUHP1",0
"TAF9P1",0
"CDY5P",0
"ELOCP36",0
"ACTG1P2",0
"USP9YP23",0
"USP9YP27",0
"RNU1-128P",0
"TRAPPC2P3",0
"ELOCP6",0
"CDY6P",0
"USP9YP7",0
"USP9YP6",0
"CDY7P",0
"USP9YP34",0
"USP9YP32",0
"CDY8P",0
"ELOCP12",0
"TRAPPC2P8",0
"USP9YP15",0
"RNU1-95P",0
"USP9YP16",0
"ELOCP26",0
"CDY9P",0
"TAF9P2",0
"CLUHP2",0
"RNA5SP522",0
"RNA5SP523",0
"TUBB1P1",0
"ELOCP13",0
"OFD1P4Y",0
"RNU1-48P",0
"USP9YP5",0
"XKRYP1",0
"PRYP5",0
"ELOCP7",0
"USP9YP1",0
"GPM6BP1",0
"RAB9AP4",0
"TRAPPC2P7",0
"HSFY1",0
"TGIF2LY",0
"RBMY1F",0
"CDY2A",0
"ZNF736P3Y",0
"TRIM60P9Y",0
"RNU6-941P",0
"RNU6-521P",0
"SRIP3",0
"GOT2P5",0
"ATP5PFP1",0
"TRIM60P10Y",0
"ZNF736P2Y",0
"TRIM60P11Y",0
"ZNF736P5Y",0
"BPY2C",0
"TTTY4C",0
"DAZ4",0
"CDY2B",0
"RNU6-1334P",0
"SRY",0
"TOMM22P2",0
"NAP1L1P2",0
"EEF1A1P41",0
"TMSB4Y",0
"VCY",0
"DAZ3",0
"DAZ1",0
"AMELY",0
"TBL1Y",0
"DAZ2",0
"RBMY1E",0
"NLGN4Y",0
"CDY22P",0
"ELOCP17",0
"OFD1P18Y",0
"TRAPPC2P4",0
"RAB9AP3",0
"USP9YP20",0
"RNU1-40P",0
"USP9YP21",0
"XKRYP6",0
"PRYP4",0
"ELOCP11",0
"CDY23P",0
"USP9YP26",0
"HSFY8P",0
"RNU6-1314P",0
"CYCSP48",0
"VCY1B",0
"PNPLA4P1",0
"TBL1YP1",0
"RPS4Y2",0
"HSFY4P",0
"TMEM167AP1",0
"NEFLP1",0
"PRORY",0
"TSPY14P",0
"RBMY1HP",0
"TTTY13",0
"ELOCP5",0
"CDY10P",0
"USP9YP3",0
"USP9YP8",0
"CDY11P",0
"HSFY6P",0
"USP9YP18",0
"CDY14P",0
"ELOCP16",0
"XKRYP3",0
"USP9YP25",0
"USP9YP29",0
"RNU1-97P",0
"RAB9AP1",0
"TRAPPC2P9",0
"OFD1P11Y",0
"PRYP3",0
"RNU2-57P",0
"KRT18P10",0
"SNX3P1Y",0
"RPL26P37",0
"PCDH11Y",0
"ELOCP9",0
"CDY15P",0
"XKRYP4",0
"USP9YP13",0
"USP9YP11",0
"TTTY3B",0
"USP9YP12",0
"RNU1-86P",0
"RAB9AP5",0
"TRAPPC2P10",0
"OFD1P12Y",0
"ELOCP10",0
"CDY1B",0
"CDY17P",0
"USP9YP35",0
"USP9YP31",0
"CDY18P",0
"RN7SL818P",0
"UBE2Q2P4Y",0
"LINC00265-2P",0
"CICP2",0
"RBMY2XP",0
"TTTY17B",0
"TRIM60P5Y",0
"ZNF736P12Y",0
"TTTY4B",0
"BPY2B",0
"ZNF736P4Y",0
"RBMY2YP",0
"CICP1",0
"LINC00265-3P",0
"UBE2Q2P5Y",0
"GOLGA2P3Y",0
"RN7SL725P",0
"CDY19P",0
"USP9YP36",0
"USP9YP33",0
"CDY20P",0
"ELOCP34",0
"OFD1P13Y",0
"TRAPPC2P5",0
"RAB9AP2",0
"USP9YP30",0
"RNU1-107P",0
"TTTY3",0
"USP9YP9",0
"USP9YP19",0
"XKRYP5",0
"CYCSP49",0
"SLC25A15P1",0
"PARP4P1",0
"CCNQP2",0
"CDY1",0
"RBMY1J",0
"RBMY1B",0
"RBMY1A1",0
"RFTN1P1",0
"RBMY2FP",0
"RBMY2BP",0
"TTTY11",0
"ARSLP1",0
"OFD1P6Y",0
"TTTY9A",0
"XKRY",0
"XKRYP7",0
"HSFY3P",0
"TAB3P1",0
"ANOS2P",0
"RBMY2EP",0
"GOLGA2P2Y",0
"TXLNGY",0
"GYG2P1",0
"CDY3P",0
"USP9YP4",0
"ELOCP4",0
"TTTY20",0
"TSPY4",0
"FAM197Y7",0
"FAM197Y6",0
"TSPY8",0
"TSPY3",0
"RBMY2CP",0
"RBMY2DP",0
"ZNF736P9Y",0
"FAM197Y8",0
"PRKY",0
"FAM197Y5",0
"TSPY1",0
"FAM197Y4",0
"TSPY9",0
"FAM197Y3",0
"FAM197Y2",0
"TSPY10",0
"FAM197Y1",0
"TSPY25P",0
"TSPY16P",0
"TTTY22",0
"TSPY18P",0
"RBMY2OP",0
"RBMY2QP",0
"TSPY20P",0
"TSPY5P",0
"RNA5SP518",0
"RNA5SP519",0
"DUX4L31",0
"PCMTD1P1",0
"RNA5-8SP6",0
"DLGAP5P1",0
"TTTY23B",0
"TSPY2",0
"FAM197Y9",0
"TSPY19P",0
"LINC00280",0
"TSPY17P",0
"TTTY23",0
"FAM224B",0
"TTTY2B",0
"TTTY1B",0
"TTTY7",0
"TTTY8B",0
"TTTY16",0
"TTTY12",0
"TTTY2",0
"TTTY7B",0
"TTTY6",0
"TTTY17C",0
"TTTY6B",0
"SEPTIN14P23",0
"FAM224A",0
"FAM41AY2",0
"TTTY1",0
"LINC00279",0
"TTTY18",0
"TTTY8",0
"HSFY7P",0
"RBMY2AP",0
"STSP1",0
"RBMY2JP",0
"HSFY5P",0
"XGY1",0
"RBMY2WP",0
"USP9YP28",0
"TTTY14",0
"PRYP1",0
"OFD1P1Y",0
"PRYP2",0
"USP9YP14",0
"RNASEH2CP1",0
"PPP1R12BP2",0
"REREP1Y",0
"GPR143YP",0
"OFD1P15Y",0
"REREP2Y",0
"PPP1R12BP1",0
"ANKRD36P1",0
"OFD1P2Y",0
"OFD1P5Y",0
"TTTY9B",0
"RBMY2TP",0
"OFD1P10Y",0
"GOLGA6L11P",0
"DNM1P24",0
"CSPG4P2Y",0
"CSPG4P3Y",0
"SEPTIN14P22",0
"CSPG4P4Y",0
"CSPG4P1Y",0
"DNM1P48",0
"GOLGA6L16P",0
"TPTE2P4",0
"RBMY1A3P",0
"TSPY7P",0
"TSPY6P",0
"TSPY15P",0
"RBMY3AP",0
"RBMY2NP",0
"TSPY13P",0
"TSPY11P",0
"RBMY2GP",0
"ACTR3BP7",0
"ZNF73P",0
"BNIP3P2",0
"ZNF72BP",0
"RPS10P30",0
"ZNRF3-IT1",0
"ACO2P1",0
"ISX",0
"ENTHD1",0
"EFCAB6",0
"MRPS18CP6",0
"COX5BP7",0
"MTFR2P2",0
"RPL35AP36",0
"LINC02556",0
"FUNDC2P4",0
"SKP1P4",0
"YES1P1",0
"SHISAL1",0
"SCUBE1-AS1",0
"RNA5SP494",0
"RNU6-1066P",0
"RN7SKP169",0
"SNORD83A",0
"MIR6821",0
"SNORD83B",0
"SNORD43",0
"MIR4535",0
"MIR3201",0
"IGLCOR22-1",0
"SLC5A4-AS1",0
"CPSF1P1",0
"IGLCOR22-2",0
"RN7SL305P",0
"MIR548J",0
"RPL39P41",0
"RPS10P29",0
"UPB1",0
"ACTR2P1",0
"COX6B1P3",0
"MIR3200",0
"EIF4HP2",0
"PPP1R26P4",0
"E2F6P1",0
"CELSR1P1",0
"RPL28P6",0
"DNAJA1P6",0
"MIR648",0
"RHEBP3",0
"ARL2BPP10",0
"ACR",0
"MIR4764",0
"SNORA50B",0
"FAM136EP",0
"YME1L1P1",0
"USP10P3",0
"SSBP3P3",0
"RN7SKP221",0
"RNU6-495P",0
"RNU6ATAC22P",0
"RN7SL162P",0
"RPL8P5",0
"MIR4761",0
"ARVCF",0
"MIR185",0
"MIR3618",0
"MIR1306",0
"MIR6816",0
"SNORA77B",0
"CCDC188",0
"RN7SL168P",0
"CDC45",0
"SEPTIN5",0
"GP1BB",0
"MIR1286",0
"PRODHLP",0
"MIR33A",0
"MIR378I",0
"SNORD13P1",0
"RNU7-167P",0
"MIR3909",0
"MIR6069",0
"CACNG2",0
"SLC5A4",0
"CIMIP4",0
"RNU6-900P",0
"MIR6820",0
"MIR4534",0
"CCDC116",0
"MIR301B",0
"MIR130B",0
"RN7SL280P",0
"RNU6-225P",0
"KLHL12P1",0
"RNY1P9",0
"GSTT2B",0
"RNU6-810P",0
"RNU6-1219P",0
"EMID1",0
"RASL10A",0
"SNORD125",0
"NEFH",0
"RPEP4",0
"SDC4P",0
"SEC14L4",0
"SIRPAP1",0
"GAL3ST1",0
"KLHL5P1",0
"RPS29P31",0
"GSC2",0
"PPP1R26P3",0
"ATP5PFP2",0
"BCRP8",0
"RN7SL263P",0
"FBXW4P1",0
"GALR3",0
"MIR658",0
"MIR659",0
"PRODH",0
"IGLVIVOR22-1",0
"MIR6817",0
"MIR649",0
"TUBA3GP",0
"MTCO1P20",0
"MTCO2P20",0
"MTATP6P20",0
"MTCO3P20",0
"MTCYBP34",0
"MTND1P10",0
"TERF2IPP1",0
"CLCP1",0
"AIFM3",0
"SYCE3",0
"RIMBP3C",0
"C22orf31",0
"RNA5SP493",0
"MPPE1P2",0
"IGLVI-68",0
"IGLVV-66",0
"IGLVIV-65",0
"IGLVIV-64",0
"SOCS2P2",0
"IGLVIV-59",0
"IGLVV-58",0
"BMP6P1",0
"IGLVI-56",0
"IGLV11-55",0
"IGLVIV-53",0
"IGLV5-52",0
"ASH2LP3",0
"ASH2LP2",0
"IGLV7-46",0
"IGLV7-43",0
"IGLVI-42",0
"IGLVVII-41-1",0
"ASH2LP1",0
"IGLVI-38",0
"ASH2LP4",0
"IGLV7-35",0
"HMGN2P9",0
"PNPLA5",0
"RASD2",0
"MRPS16P3",0
"APOL5",0
"NDUFA9P1",0
"MIR6819",0
"STMN3P1",0
"CRYBB3",0
"SCARF2",0
"OR11H1",0
"GSTT4",0
"BPIFC",0
"MIOX",0
"BBLNP2",0
"MIRLET7A3",0
"MIR4763",0
"MIRLET7B",0
"RN7SKP80",0
"RNU6-513P",0
"RNU12",0
"COA1P1",0
"PIWIL3",0
"RFPL2",0
"SLC16A8",0
"TMEM121B",0
"RPL31P62",0
"IL17REL",0
"CECR9",0
"RN7SL843P",0
"LINC02557",0
"POM121L7P",0
"E2F6P2",0
"SLC9A3P2",0
"ABHD17AP4",0
"PPP1R26P5",0
"LINC01651",0
"SUSD2P1",0
"RN7SKP63",0
"RN7SKP210",0
"FAM246C",0
"BCRP4",0
"GGTLC2",0
"IGLVVI-25-1",0
"IGLV3-24",0
"IGLVVI-22-1",0
"RNU6-331P",0
"RNU6-375P",0
"MIR6889",0
"RN7SL704P",0
"RN7SL385P",0
"TPTEP2-CSNK1E",0
"KCNJ4",0
"CARD10",0
"LGALS2",0
"RIMBP3B",0
"FAM246A",0
"CPMER",0
"MIR3199-1",0
"MIR3199-2",0
"RN7SL757P",0
"GSTT2",0
"MIR1281",0
"POTEH",0
"POTEH-AS1",0
"RNU6-816P",0
"MIR650",0
"IGLV3-4",0
"IGLC1",0
"IGLJ4",0
"IGLJ6",0
"POM121L9P",0
"BCRP3",0
"GGT3P",0
"LRP5L",0
"P2RX6P",0
"PRAMENP",0
"CECR7",0
"USP41P",0
"FAM247A",0
"SMPD4P1",0
"POM121L4P",0
"GGT2P",0
"POM121L1P",0
"RRP7BP",0
"BCRP2",0
"RPL23AP82",0
"TMEM191A",0
"CRYBB2P1",0
"ISCA2P1",0
"AP1B1P1",0
"AP1B1P2",0
"GGTLC3",0
"PI4KAP1",0
"RN7SKP131",0
"RIMBP3",0
"SUSD2P2",0
"FAM246B",0
"CA15P2",0
"PPP1R26P2",0
"SLC7A4",0
"GUSBP11",0
"MIR1249",0
"UPK3A",0
"RIBC2",0
"RNU6-1161P",0
"MIR4762",0
"C22orf42",0
"SGSM1",0
"RFPL1",0
"RPL34P35",0
"RN7SL633P",0
"RPS15AP37",0
"PLA2G3",0
"SNRPNP2",0
"MIR3928",0
"RNU6-1128P",0
"RNA5SP496",0
"RN7SL20P",0
"RPL17P52",0
"RNU6-201P",0
"RNA5SP497",0
"ETFRF1P1",0
"TRNT1P2",0
"MOV10L1",0
"POM121L15P",0
"SLC25A5P1",0
"LINC01399",0
"PI4KAP2",0
"C22orf46P",0
"SERHL",0
"SMIM45",0
"RNU6-409P",0
"KRT18P23",0
"ANP32BP2",0
"PRR5-ARHGAP8",0
"RPL6P28",0
"MIR4766",0
"RNU6-338P",0
"RNU6-28P",0
"H2AZP6",0
"RPS26P59",0
"MIR7109",0
"SEZ6L-AS1",0
"RNA5SP495",0
"CPT1B",0
"VPREB1",0
"LHFPL7",0
"RPS25P10",0
"SCUBE1-AS2",0
"CES5AP1",0
"RPL35P8",0
"MIR3667",0
"BMS1P22",0
"DUXAP8",0
"TOMM40P2",0
"NEK2P2",0
"MED15P7",0
"MIR6818",0
"CNN2P1",0
"HORMAD2",0
"MIR3619",0
"ABCD1P4",0
"PABPC1P9",0
"SLC9B1P4",0
"ACTR3BP6",0
"CHEK2P4",0
"KCNMB3P1",0
"CCT8L2",0
"TPTEP1",0
"SLC25A15P5",0
"PARP4P3",0
"ANKRD62P1-PARP4P3",0
"ANKRD62P1",0
"VWFP1",0
"XKR3",0
"HSFY1P1",0
"GPM6BP3",0
"ZNF402P",0
"MTND1P17",0
"IGKV1OR22-5",0
"IGKV3OR22-2",0
"IGKV1OR22-1",0
"GAB4",0
"IL9RP6",0
"LINC01521",0
"LINC01640",0
"CACNG2-DT",0
"LINC01656",0
"LINC00207",0
"LINC02558",0
"FAM230E",0
"EFCAB6-DT",0
"FAM230F",0
"SYN3-AS1",0
"LINC01637",0
"LINC01644",0
"LARGE1-AS1",0
"CABP7-DT",0
"LINC01310",0
"FAM230I",0
"FAM230H",0
"LINC01589",0
"LINC01639",0
"LINC02885",0
"LINC01643",0
"LINC01638",0
"PSLNR",0
"LINC00898",0
"LINC00895",0
"LINC02925",0
"HDHD5-AS1",0
"KIAA1671-AS1",0
"NHIP",0
"MYO18B-AS1",0
"FAM230A",0
"FAM230D",0
"FAM230J",0
"LINC00229",0
"LINC01665",0
"LINC02559",0
"FAM247B",0
"FAM230G",0
"RN7SKP252",0
"RPL5P35",0
"LINC01659",0
"FAM230B",0
"NBEAP3",0
"FRG1FP",0
"HMGB1P10",0
"GGTLC4P",0
"GAPDHP37",0
"BCRP7",0
"CA15P1",0
"RFPL4AP6",0
"TSSK1A",0
"IGLL3P",0
"GOLGA2P4",0
"BCRP1",0
"IGLL4P",0
"BCRP5",0
"POM121L8P",0
"BCRP6",0
"LRRC37A14P",0
"GRAMD4P2",0
"CCDC188BP",0
"NF1P6",0
"FABP5P11",0
"VN1R9P",0
"CYCSP41",0
"OR4K11P",0
"CTBP2P10",0
"RBPMSLP",0
"SREK1IP1P1",0
"FDPSP6",0
"NEK4P1",0
"SLC6A6P1",0
"CTBP2P9",0
"CHODL-AS1",0
"TUBAP1",0
"ZNF299P",0
"SNX19P1",0
"SLC25A15P4",0
"MSANTD2P1",0
"C1QBPP1",0
"LINC00317",0
"LINC01689",0
"KRT18P2",0
"KRTAP25-1",0
"RPSAP68",0
"JAM2",0
"EEF1A1P1",0
"RPL8P2",0
"CLDN17",0
"BTF3L4P1",0
"RPL37P3",0
"THUMPD1P1",0
"LLPHP2",0
"KRTAP24-1",0
"NCSTNP1",0
"RPS3AP1",0
"EIF4A1P1",0
"LINC00307",0
"RNGTTP1",0
"OR4K12P",0
"RPSAP64",0
"TPT1P1",0
"LINC01423",0
"CLDN8",0
"LINC02943",0
"HUNK-AS1",0
"LINC00308",0
"SNX18P12",0
"NIPA2P3",0
"LINC01700",0
"FDX1P2",0
"SPATA20P1",0
"PSMA6P3",0
"KCNJ15",0
"MAPK6P2",0
"ZNF355P",0
"BNIP3P43",0
"VN1R8P",0
"GTF2IP2",0
"SNRPGP13",0
"MIR6724-2",0
"MIR6724-3",0
"RNA5-8SN3",0
"MIR6724-4",0
"RNA5-8SN1",0
"MIR6724-1",0
"MIR3648-1",0
"RNA5-8SN2",0
"MIR3118-1",0
"RNU6-286P",0
"RN7SL52P",0
"RNU6-113P",0
"RN7SKP147",0
"RNU6-772P",0
"RNU2-55P",0
"RNU1-139P",0
"RNU4-45P",0
"MIR3156-3",0
"RN7SKP236",0
"RN7SL163P",0
"MIR155",0
"MIR6130",0
"RNA5SP489",0
"MIR4759",0
"MIR548X",0
"RNU6-614P",0
"RN7SL740P",0
"RPL34P3",0
"EZH2P1",0
"MIR802",0
"RPS20P1",0
"PPP1R2P2",0
"RIMKLBP1",0
"RNU6-992P",0
"RPS9P1",0
"RPL3P1",0
"EXOSC3P1",0
"RNA5SP490",0
"OR7E23P",0
"TCP10L",0
"HLCS-IT1",0
"RNA5SP491",0
"DPRXP5",0
"MRPL20P1",0
"RIPPLY3",0
"RNU6-696P",0
"TMEM97P1",0
"MYL6P1",0
"RNU6-859P",0
"RNU6-1150P",0
"H2AZP1",0
"MIR5692B",0
"MRPL51P2",0
"MTCO1P3",0
"COL18A1-AS2",0
"COL18A1-AS1",0
"MIR6815",0
"FAM3B",0
"CLIC6",0
"TPTE",0
"RNU6-954P",0
"NF1P3",0
"PPP6R2P1",0
"FRG2MP",0
"RNA5SP488",0
"PCBP2P1",0
"TIMM9P2",0
"METTL21AP1",0
"RNF6P1",0
"GET1-SH3BGR",0
"MIR6508",0
"MYL6P2",0
"RPS26P4",0
"JCADP1",0
"PCP4",0
"DSCAM",0
"MIR4760",0
"DSCAM-IT1",0
"YRDCP3",0
"MIR3197",0
"PCSEAT",0
"LINC00111",0
"RIPK4",0
"MIR6814",0
"RNA5SP492",0
"TFF1",0
"RNU6-1149P",0
"RSPH1-DT",0
"HSF2BP",0
"RPL31P1",0
"H2BC12L",0
"MIR6070",0
"DNMT3L",0
"DNMT3L-AS1",0
"AIRE",0
"TSPEAR",0
"KRTAP10-1",0
"KRTAP10-2",0
"KRTAP10-3",0
"KRTAP10-5",0
"KRTAP10-6",0
"KRTAP10-7",0
"KRTAP10-8",0
"KRTAP10-10",0
"KRTAP10-11",0
"KRTAP12-4",0
"KRTAP12-3",0
"KRTAP12-2",0
"IMMTP1",0
"KRTAP12-1",0
"KRTAP12-5P",0
"KRTAP10-13P",0
"LINC00163",0
"LINC00165",0
"PCBP3-AS1",0
"TMPRSS2",0
"FTCD-AS1",0
"KCNE1",0
"POTED",0
"KRTAP8-2P",0
"KRTAP8-3P",0
"KRTAP8-1",0
"KRTAP7-1",0
"KRTAP11-1",0
"KRTAP19-8",0
"UBE3AP2",0
"MTRES1P2",0
"TIAM1-AS1",0
"HMGN1P2",0
"ERVH48-1",0
"LIPI",0
"KRTAP10-9",0
"KRTAP10-4",0
"B3GALT5",0
"RPL18AP2",0
"DIP2A-IT1",0
"RNU6-396P",0
"RPS5P3",0
"BTF3P6",0
"MIR6501",0
"RN7SL678P",0
"KRTAP26-1",0
"KRTAP27-1",0
"KRTAP13-6P",0
"KRTAP13-2",0
"MIR4327",0
"KRTAP13-1",0
"KRTAP13-5P",0
"KRTAP15-1",0
"KRTAP19-1",0
"KRTAP19-2",0
"KRTAP19-3",0
"KRTAP19-4",0
"KRTAP19-5",0
"KRTAP19-9P",0
"KRTAP19-10P",0
"KRTAP19-11P",0
"KRTAP19-6",0
"KRTAP19-7",0
"KRTAP22-2",0
"KRTAP6-3",0
"KRTAP22-1",0
"KRTAP20-1",0
"KRTAP20-4",0
"KRTAP20-2",0
"KRTAP20-3",0
"KRTAP21-3",0
"KRTAP21-4P",0
"KRTAP21-1",0
"KRTAP23-1",0
"KRTAP13-3",0
"RNU6-426P",0
"VDAC2P1",0
"RPS26P5",0
"SNORD74B",0
"MIR99A",0
"MIRLET7C",0
"MIR125B2",0
"RNU1-98P",0
"KRTAP13-4",0
"KRTAP6-2",0
"KRTAP6-1",0
"BNAT1",0
"LINC01671",0
"MTND6P21",0
"BAGE2",0
"ANKRD30BP2",0
"ABCC13",0
"COL6A2-DT",0
"GRAMD4P1",0
"CXADRP1",0
"LONRF2P5",0
"MIR8069",0
"FEM1AP1",0
"TERF1P1",0
"FAM207CP",0
"GXYLT1P2",0
"ZNF114P1",0
"CYP4F29P",0
"SNX18P13",0
"POLR2CP1",0
"GAPDHP16",0
"RBMX2P1",0
"LINC02920",0
"BACH1-IT2",0
"BACH1-IT3",0
"RNU6-123P",0
"RNU6-926P",0
"KRTAP10-12",0
"RPL12P9",0
"GAPDHP14",0
"KCNJ6",0
"DSCR4-IT1",0
"DSCR10",0
"LINC01667",0
"NCOR1P4",0
"SSR4P1",0
"CYCSP42",0
"RNU6-1326P",0
"RAD23BP3",0
"RUNX1-AS1",0
"ATP5MFP1",0
"TRPM2-AS",0
"KCNE2",0
"SNX18P10",0
"MTCO1P1",0
"MIR3648-2",0
"CDRT15P9",0
"SOWAHCP2",0
"LINC00314",0
"CRYAA",0
"CBR1-AS1",0
"RPL23AP4",0
"LINC01683",0
"CYYR1-AS1",0
"LINC00320",0
"APP-DT",0
"LINC01549",0
"LINC01670",0
"BRWD1-AS1",0
"LINC02573",0
"PDE9A-AS1",0
"LINC02575",0
"LINC00316",0
"LINC00315",0
"LINC03105",0
"LINC01692",0
"DSCAM-AS1",0
"LINC01673",0
"DSCR8",0
"LINC01436",0
"LINC03104",0
"LINC01668",0
"LINC00945",0
"LINC01690",0
"LINC01674",0
"LINC00479",0
"MIS18A-AS1",0
"TSPEAR-AS1",0
"LINC01548",0
"LINC00189",0
"HEPFAL",0
"C21orf91-OT1",0
"LINC00112",0
"MRAP-AS1",0
"LINC00159",0
"LINC01687",0
"LINC01424",0
"B3GALT5-AS1",0
"LINC01425",0
"LINC00160",0
"LINC00319",0
"PLAC4",0
"BACE2-IT1",0
"CDRT15P8",0
"RPL39P40",0
"RPL37P4",0
"FGF7P2",0
"ANKRD20A18P",0
"ERLEC1P1",0
"MTCYBP21",0
"MTND5P1",0
"RPL23P2",0
"C21orf140",0
"SMIM34",0
"MT-TG",0
"MT-TH",0
"MT-TL2",0
"MAFIP",0
"RNA5-8SN4",0
"RNA5-8SN5",0
"DDX27",-6.66679742479947e-08
"MIEF1",-2.0960754732412e-07
"LIG3",-7.50666733316123e-07
"LINC01635",-8.28817970616517e-07
"MAST4",-9.70685985892618e-07
"CUTC",-1.18107390380182e-06
"TMBIM4",-1.37043982046141e-06
"MYOM3",-2.73386462593948e-06
"TBL1XR1-AS1",-4.18564491421983e-06
"NFKB2",-4.48332304997801e-06
"DELEC1",-5.74732190011673e-06
"DMTF1-AS1",-6.0789121957437e-06
"MEMO1",-9.0297799388368e-06
"THUMPD1",-9.38305958785007e-06
"RNU6-645P",-9.72548861015199e-06
"NPM1P20",-1.09664129892017e-05
"EYA3",-1.22255396868127e-05
"ST13P3",-1.3365008776783e-05
"ZFYVE21",-1.38521400667427e-05
"BIRC3",-1.69825413527427e-05
"C3orf52",-2.21967111382827e-05
"FIGNL1",-2.33114101097015e-05
"KRT10-AS1",-2.41539573066592e-05
"COMMD10",-2.54170031938918e-05
"PAQR5-DT",-2.85663124792444e-05
"CYCSP55",-2.94837479255808e-05
"POP4",-3.03585358431642e-05
"LINC03124",-3.18401392265212e-05
"DTYMK",-3.61703680652424e-05
"PPTC7",-3.66917681992347e-05
"DDHD2",-3.67911336488979e-05
"RPL21P52",-3.70853648625365e-05
"PGK1P2",-3.86762528413858e-05
"VPS33A",-3.97923280154124e-05
"LRRC57",-4.38712557460572e-05
"SSRP1",-4.4302239853693e-05
"ABRAXAS1",-4.64072173043911e-05
"WDR46",-5.77424339667386e-05
"ZER1",-5.80928648746919e-05
"SF3B5",-6.06217145663733e-05
"FBXO17",-6.11239869166615e-05
"AREG",-6.20097502597227e-05
"PLTP",-6.31194373488015e-05
"MTX1",-6.32938178185868e-05
"GLYCTK-AS1",-6.57075521241636e-05
"GLS",-6.87616303554151e-05
"WAS",-6.94084744347399e-05
"IMPG2",-7.32475570875453e-05
"TNFRSF10A",-7.90888880482731e-05
"CCND2-AS1",-7.98620986389e-05
"DAGLB",-8.0922595175766e-05
"CBR1",-8.47885106749696e-05
"ST13P18",-8.58350708463423e-05
"FRZB",-8.90227052914083e-05
"TAF6",-9.71145618120597e-05
"STAU2",-0.000103336504117749
"CAPZA1",-0.00011675849176646
"CARS2",-0.000125993949272463
"COX7A2P2",-0.000127430377581714
"POLG",-0.000133160706262332
"SSU72-AS1",-0.000134644031834217
"IFNGR1",-0.000135090020444601
"EAF1",-0.000142356593994348
"DUSP2",-0.00014337586835194
"THTPA",-0.000145374766293194
"NONO",-0.000153827158932598
"HYCC1",-0.000161377205754163
"HLA-F-AS1",-0.000162847207218109
"BBS1",-0.000163302371732452
"ZNF839",-0.000171159693917858
"NUBP2",-0.000181702418413822
"ZMPSTE24",-0.00018564033822191
"RPL7A",-0.00019037398958709
"HLTF-AS1",-0.000196217958143183
"RRAS",-0.000202341465548994
"ANP32E",-0.00021023851216349
"YIF1B",-0.00022261234685227
"PIK3R4",-0.000231380690563201
"AFDN",-0.00023289086484501
"LRRC27",-0.000233350624614701
"LINC01619",-0.00023801993012387
"SLC15A1",-0.000242356992485937
"MAGOHB",-0.000253274245610319
"LRP3",-0.0002593705470337
"PEX3",-0.000263058425245911
"DPF2",-0.000263381264947551
"SLC16A1-AS1",-0.000266909578093407
"FAM210B",-0.000268683561917058
"RN7SL778P",-0.000284778452055199
"GMPSP1",-0.000297108825217796
"USP24",-0.000298750538572885
"PRODH2",-0.000299804737154198
"SMARCD2",-0.000324560249470702
"VTI1B",-0.000325183228707398
"QSOX1",-0.000330882080552056
"TMEM120A",-0.000336213837043709
"LRRC74B",-0.00033670986007975
"BCL6-AS1",-0.000345354526346146
"CELF1",-0.000353446949263407
"STYX",-0.000373515356491456
"ZNF563",-0.000377951614892154
"MTMR7",-0.000378931376745461
"PHF14",-0.000380620132333023
"DPYD",-0.000384953276817022
"ATF2",-0.000392002062052868
"LCOR",-0.00040656745668867
"PSMA3",-0.000407123514423347
"PHLDA1-AS1",-0.000408884580444858
"CNOT1",-0.000411668678225631
"AP5M1",-0.000414721560922658
"LINC00906",-0.000429702930320848
"MRPL11",-0.000435587400843692
"ZNF226",-0.000440437506046781
"MT-TS2",-0.000446605579551492
"BORCS5",-0.000458180971995286
"LINC01232",-0.000458492287960834
"OFD1",-0.000458624934945155
"BCLAF1P1",-0.000461710962087294
"RPL32P16",-0.000477528038444996
"DOCK6",-0.000484044569799635
"UTP6",-0.000493188584218236
"CYCSP45",-0.00050685670081162
"CAMSAP1",-0.000506893191802926
"ZNF570",-0.000516730913276886
"FPGS",-0.000523898820640199
"COQ8A",-0.000530693931176241
"PRXL2C",-0.00054521186761396
"WDR38",-0.000553175075823123
"NAA35",-0.000555144766088333
"TMEM231",-0.00057634365704951
"ABCD4",-0.000588794394077358
"RPAP3",-0.00058955386384503
"C2orf49",-0.000603012324587935
"CBLC",-0.000616061385064228
"PRKAA2",-0.000621524150388765
"PPM1M",-0.000623517999037331
"ZBTB14",-0.000636698684817504
"AGPAT2",-0.000642710258045176
"PORCN-DT",-0.000648535553999015
"NFATC3",-0.000650922619284726
"ANGEL1",-0.00066010401937253
"DCTN2",-0.00069074221950504
"CDIP1",-0.000694069353096057
"OR4F7P",-0.000710800609850534
"MRPL22",-0.000714688587053955
"MISP",-0.000739650146309676
"DVL3",-0.000742468062353864
"VPS11",-0.0007522575818835
"CLN8",-0.000762059914876132
"RAD18",-0.000762941428659692
"LINC02298",-0.000764763725043942
"TCTA",-0.000765461668414569
"RBM18",-0.000768256746630689
"IL18",-0.000771210128533102
"CRABP2",-0.000773225823280154
"PSMB3",-0.000789741292413306
"GEMIN8",-0.000789742200920476
"CDK7",-0.000795840800543128
"TRAPPC3",-0.000795976236701858
"TBX6",-0.000797813269903904
"H3P16",-0.000812655081101517
"PRDM2",-0.000819092645440475
"GTF3A",-0.000822448493735727
"RPL27AP3",-0.000822561616052119
"CABP7",-0.00083382477637883
"GJB7",-0.000848093424666188
"NPM1P12",-0.000850623912964481
"RBM4",-0.000853441581159872
"ADAT1",-0.00086299810558534
"BTG3",-0.000869725019507995
"MPV17",-0.000873496891458464
"PYCARD-AS1",-0.000880809873420012
"LINC00456",-0.000881281098840629
"GPI",-0.000890343047059581
"PGBD4",-0.000899283745960352
"RAB1C",-0.000901180065694214
"DNTTIP2",-0.000906730282366319
"CMIP",-0.000919753446728771
"SDR42E2",-0.000923142480891032
"ASL",-0.000926889365020275
"DELE1",-0.000929047278955279
"DDX39A",-0.000929054977837719
"PATJ-DT",-0.000931491513481141
"PPIL3",-0.000933682824327057
"LSM5",-0.000952392923385634
"CCT4",-0.000966271774748623
"ZNF701",-0.000979320519027598
"GAPDHP40",-0.000984164532357891
"CCNDBP1",-0.00100401916214478
"SP140L",-0.00100514127561464
"ZNF655",-0.00103468442141419
"TOGARAM1",-0.00105426205624922
"INO80C",-0.00112068472470051
"ENO2",-0.00113250966550207
"MAPKAPK5-AS1",-0.00113916082982306
"UBE2E4P",-0.00114261211810758
"MOAP1",-0.00116549318912107
"NR2C2",-0.00121060404769648
"DYNC2H1",-0.00121243217178804
"POLB",-0.00121391430425523
"SLC39A10",-0.00121730553265473
"ZNF790-AS1",-0.00124961170614442
"DPYSL3",-0.00129101432365543
"RETREG2",-0.00129290569805781
"ZDHHC5",-0.00131317584714326
"ZNF480",-0.00131368342710023
"RPL23AP18",-0.00131950002956176
"PIP4K2A",-0.00132660421510357
"CENPM",-0.00133991430171864
"XRCC1",-0.0013410867138991
"RPL21P44",-0.00136965228493657
"MRPS15",-0.00138172101044296
"NAF1",-0.00138917112654133
"PSMC1P9",-0.00141610670158489
"SSH1",-0.00143148431741941
"SLC24A1",-0.0014339346988267
"DYNC1I2",-0.00143638839642649
"CHODL",-0.00144554528434159
"SRRD",-0.00145940125298799
"PDE6B",-0.00146890399846926
"GIHCG",-0.00146937137612317
"XRCC3",-0.00147216008504427
"OSBPL8",-0.00149041502133231
"AP2B1",-0.00150407552835089
"UCKL1-AS1",-0.00152506897415708
"P4HA2",-0.00156833840000305
"SLC4A1AP",-0.0015740070488844
"C1QBP",-0.00161754462384253
"SAC3D1",-0.00167336204473119
"CSNK1A1",-0.00167955303496237
"ACTR8",-0.00169107215738069
"TLCD1",-0.00170641511959313
"PLEKHB1",-0.00172351173599057
"PIK3R3",-0.0017334440160738
"FSD1L",-0.00174916747671351
"H2AZP2",-0.0017554700498176
"C2orf74",-0.00183910254948515
"PM20D1",-0.00189275507910232
"ZNF343",-0.00190967495211036
"NPIPB4",-0.00190979770488129
"LRRC4",-0.00191008937476263
"MTRF1",-0.00193553162341729
"ZNF880",-0.00195100741621274
"RPL5P3",-0.001952015568766
"BLTP3B",-0.00196335573707937
"CD200R1",-0.00196399044548066
"PON2",-0.00196990541483857
"SSBL2P",-0.00198999521353529
"CBLL1-AS1",-0.0019988995941319
"FLYWCH1",-0.00202106727559518
"PHLDA1",-0.00203859476276733
"IGBP1",-0.0020951646592438
"NFE2L3",-0.00215437560265608
"ZBED3",-0.00223041709197065
"PPA1",-0.00225757768467141
"ENDOG",-0.00226380978137416
"SIRPB1",-0.00226446495090728
"FASN",-0.00226947649844163
"HNRNPAB",-0.00227529927820254
"ACTN4",-0.00227803065130473
"RASGRF1",-0.00229799064835637
"MIRLET7BHG",-0.00233019116444391
"RAB4A-AS1",-0.00235061726550379
"HOOK2",-0.00238503892390936
"AHCYL1",-0.00239705651403132
"IDNK",-0.0024692095479361
"AGBL1",-0.00248903485808923
"SNRNP40",-0.00249060676021379
"DCAF6",-0.0025050214404637
"PMEPA1",-0.00251491060436147
"RPL35P1",-0.00251637022887929
"DUX4L50",-0.00254098334656522
"TAGLN2P1",-0.00259394039838669
"LINC01517",-0.00260043864031966
"ARL14EP",-0.00260397280105235
"ZEB1",-0.00263096459606127
"MTFR1L",-0.00265334039329058
"ATP13A3-DT",-0.00268342576043615
"TIMM23",-0.00269379330459456
"YWHAZ",-0.0027008407448266
"DIPK2A",-0.00273273924396514
"ZNF529",-0.00274536450012694
"DNM1",-0.00274574190205036
"RPL21P69",-0.00275903491812578
"ZNF407-AS1",-0.00278320261491417
"TPM3P6",-0.00278322336984658
"PTEN",-0.00283620976884122
"TEKT4P2",-0.00286573907690487
"LPIN3",-0.00289472423099106
"EWSR1",-0.00291063092880061
"ZNF326",-0.00294780598449956
"VPS37C",-0.00302897464748874
"LINC02882",-0.00311790947909195
"RPS12P32",-0.00314418011620393
"WHAMM",-0.00315229329838035
"TGOLN2",-0.00320741058479061
"PRRC2A",-0.00326683735132199
"TOP3A",-0.00327446922254884
"SGF29",-0.00327600000375457
"THADA",-0.00329949540168353
"THUMPD3-AS1",-0.00330208698396735
"FAM222B",-0.00331152880807212
"LINC02325",-0.00332825995995622
"E2F3",-0.00349374478054168
"ARPC5L",-0.00350809865951335
"CYRIB",-0.00352621674615424
"RPS12P4",-0.00352778872034017
"PPIL6",-0.00357637165935321
"DLGAP1",-0.00358273396998958
"IL27RA",-0.00358416668111003
"RBMXL1",-0.00358514951389104
"PEAK1",-0.00369515367262519
"ELAPOR2",-0.00370314058291799
"HTATIP2",-0.0037878196384425
"ZNF511",-0.00379744348683316
"ATP6V1E2",-0.00382872540160001
"GAR1",-0.00387817826824109
"TTBK2-AS1",-0.00390021971609739
"COX7A2",-0.0039270180315106
"TAX1BP1",-0.00398177975177462
"MIR6126",-0.00402276491372681
"LINC02691",-0.0040735111710373
"CENPE",-0.00408682235222662
"EHMT2",-0.00409244931521304
"TULP3",-0.00410706092271951
"MCM3AP-AS1",-0.00413187013061049
"LINC02603",-0.00415322662167638
"PLGLB1",-0.00416060334655247
"MT-TV",-0.00416775170604383
"RTF2",-0.00418675808786254
"GMPR2",-0.00418900622324339
"PDE7A",-0.00422185601841371
"CRHR2",-0.00422542068097549
"AIMP1",-0.00422590191449123
"MRPL18",-0.00424451386896578
"ZNF524",-0.00427161614323333
"OSER1",-0.00429669853368377
"MICAL1",-0.00437215003763911
"RICTOR",-0.00437747072435194
"RPL9P32",-0.00438823146261888
"EEF1E1",-0.00446716541789623
"GCC2",-0.00449052623892237
"DDX24",-0.00450296414544104
"ZNF813",-0.00451946171057527
"VPS26B",-0.00452666492386126
"ADCY5",-0.00456762795052497
"PUM2",-0.00459510410715965
"ST13",-0.00466060346581629
"NEMF",-0.00470180702317258
"YWHAZP2",-0.00474357127115411
"TMX4-AS1",-0.00476625823862621
"PIK3C2B",-0.00477496347133672
"KDM6B",-0.00479815126439018
"PERM1",-0.00480023041328209
"ALKBH2",-0.00487905951581651
"TIMP3",-0.00496638581333568
"NBPF26",-0.00505995209648963
"BTF3L4",-0.00508685282620201
"METTL5",-0.0050903380222268
"ARL3",-0.00509086813059339
"YBX1",-0.00510961583983905
"CCND2",-0.00514078377592618
"NME6",-0.00519911565795069
"CTNNB1",-0.00525909703127061
"C22orf39",-0.00526463499357343
"MYSM1",-0.00536273328359026
"MAPRE1",-0.00537338530138205
"GRIPAP1",-0.00542308439773317
"NIPBL",-0.00543828794982783
"CHST14",-0.00546768334179748
"NABP2",-0.00547720295988919
"IRF9",-0.00550948093334041
"UPF2",-0.00551892230011182
"KDSR",-0.00553107020384866
"RPS6KA1",-0.00559450920871031
"RMND5B",-0.00563135502447982
"RPL21P134",-0.00567587163841654
"PKN2-AS1",-0.00570356468107505
"LSM8",-0.00570947643187045
"RPS15P4",-0.00579419216966555
"H3-3A",-0.00582523048044839
"BRD4",-0.00585206520229386
"BPHL",-0.00585474278373753
"DDAH2",-0.00587307651085172
"CTSB",-0.00587602916746219
"SNX4",-0.00595001059801551
"EIF4E3",-0.00597486172317182
"LDAH",-0.00603205555408681
"DBP",-0.00603721029722629
"CAP1P1",-0.006048122108916
"PIWIL2-DT",-0.00606794933634697
"RBM39P1",-0.00606877608422107
"MRPL19",-0.00610982372199193
"TUBA1C",-0.00613542278418247
"AKAP11",-0.00615552322797668
"THAP6",-0.00617831751072743
"SLC39A14",-0.00623952981017643
"DDX49",-0.00627295455238786
"CNN1",-0.00630018800016126
"PELO-AS1",-0.00630138082231743
"POLR1A",-0.00635630947525331
"EPX",-0.0063957445918117
"URB2",-0.00649574314387397
"APMAP",-0.00660689908688812
"AARSD1",-0.0066137304265536
"CDS2",-0.0066198289016165
"ATP5ME",-0.00663194706784006
"RNF2",-0.00663630338678807
"HDAC7",-0.00665658602616168
"DUSP4",-0.0066686159441728
"CWC15",-0.00670166935138311
"SLC26A5",-0.00671791612312315
"RPS3AP21",-0.00675317083863995
"IP6K1",-0.00682017098285186
"ATP5MGP2",-0.00689224074377071
"LINC02614",-0.00697337308752955
"TAB2",-0.00702841313859943
"D2HGDH",-0.00703483560925193
"ACAD11",-0.00707448603163506
"SMIM8",-0.0071847517193607
"MCFD2",-0.00719126588155345
"NXT1",-0.00723802638344171
"HDHD3",-0.00724108682969406
"TNFRSF19",-0.00726167858403967
"VTI1BP1",-0.00726173472737443
"RBCK1",-0.00729724201224094
"GPATCH2",-0.00730751343525188
"LINC01890",-0.00734302414277023
"TTC32-DT",-0.00736853193583815
"KDM5C",-0.0073687017199015
"RPS10P3",-0.00738037559932881
"LINC00649",-0.00740755779257522
"SLU7",-0.00746549661270689
"SNRNP35",-0.00746844574179421
"GNA13",-0.00750613776750454
"OR4F28P",-0.00750642081551682
"SMYD4",-0.00752455855046128
"PKNOX1",-0.00753497907932172
"EIF2B5-DT",-0.00765600062304903
"LINC01473",-0.00768260216177761
"DCX",-0.00769490068630652
"FAM66C",-0.00774809229700443
"MAP3K15",-0.00784420979665016
"OR1I1",-0.00792464811873484
"BCAR1",-0.0079304429755873
"UCHL5",-0.00796355533950045
"CNTN2",-0.00801387909684939
"CYCSP51",-0.00802244596609808
"ESCO1",-0.00803330248497765
"DNAH7",-0.00803603246486738
"UQCRC2",-0.00812743541260503
"ZNF304",-0.00813904540183973
"LSM14A",-0.00818695885001839
"RFC1",-0.00820578592675265
"API5",-0.00823008522445039
"MYL5",-0.00829239784877515
"ZNF776",-0.00836393919020693
"PFAS",-0.00851470954931082
"LINC00265",-0.00861894010781142
"JMJD1C",-0.00887032511930196
"WBP11",-0.00887850140365452
"FTH1P3",-0.00892478945554071
"RNF11",-0.00895890186706047
"POTEE",-0.0089711161641989
"DNAJA4",-0.00897429999848178
"SH3YL1",-0.00897526181983174
"ZNF506",-0.00900890329378113
"FBXO5",-0.00904283908045823
"NEK4",-0.00909952677278184
"CDC34",-0.00911797111702144
"KSR2",-0.0091273211695853
"AGBL4",-0.00915415911790062
"ZBTB8B",-0.00922377774900247
"PSMD7",-0.009285251181568
"ZNF146",-0.00928837434157602
"RHOT1",-0.0092935601913709
"PAXIP1-DT",-0.00931423963792118
"BRI3",-0.0094247211545598
"BBS10",-0.00956529141204444
"AGO3",-0.00961352356384398
"COA4",-0.00966699011806569
"RNF145",-0.00971953496929592
"CDKN1C",-0.00977778307454042
"NSMCE3",-0.00986202786500841
"LMCD1",-0.00988416992621081
"CARINH",-0.00993209317628612
"HEATR9",-0.0099334802671868
"GABPB2",-0.00998843222597108
"SUMO2P1",-0.0100403971484844
"SGO1",-0.0100984817772312
"ZFP91",-0.010114412302205
"PYROXD1",-0.0101516315898367
"CRADD",-0.0102809081931472
"MAP4K1-AS1",-0.010284378205023
"RPL7P26",-0.0103265117491126
"ZC3HAV1",-0.0103370767588659
"HMGN2P4",-0.0104401992364298
"SAYSD1",-0.0104685806728485
"CRB2",-0.0104806156596186
"LINC01852",-0.0104854728764183
"PUS1",-0.0105036286698706
"DNPH1",-0.0105054304932625
"HEY1",-0.0106048457943414
"GOLGA8N",-0.0106243523282496
"SYNE3",-0.0106502115730205
"GUK1",-0.0106587825820024
"ATP6V1A",-0.0106855620794575
"BLCAP",-0.0107498554958074
"BNIP1",-0.01077948172902
"DPPA4",-0.0108336260436925
"EXOSC1",-0.0109815470872207
"CNPY2-AS1",-0.0109890048595581
"C11orf58",-0.0110078858366973
"KLHL26",-0.0110518511497305
"PRR12",-0.01107194924187
"KAT7",-0.0112051715334086
"MSTO1",-0.0113277724533718
"SLC12A2-DT",-0.0113737577613318
"MRFAP1L2",-0.0113768968731772
"CAP1P2",-0.0113806967554343
"ZNF416",-0.0114024149219345
"FTH1P2",-0.0114589585849387
"BAIAP3",-0.0114960752801688
"COX11",-0.0115041549977752
"RPL29P4",-0.0115380253289624
"FHL2",-0.0115624826269728
"RPS27P4",-0.0115801000857971
"BAK1",-0.0116291073743798
"TBC1D3P1-DHX40P1",-0.0116415931754037
"DDX54",-0.0117690326062571
"CCDC124",-0.0118034164107339
"ZXDC",-0.0118455825855495
"TRAJ47",-0.0118766077709923
"FOXD2-AS1",-0.0118813344173975
"SENCR",-0.0119153033940159
"EGLN2",-0.0119979537285044
"RAB7A",-0.0120422943046867
"RBM17",-0.0120471088316669
"H2AC25",-0.012095148968843
"ZNF132",-0.0121366665101728
"PCBP3",-0.0121395926815003
"GPR108",-0.0121836202803005
"EEF1A1P13",-0.0122318630046416
"ARID4A",-0.0123464118170384
"IVNS1ABP",-0.0123543029868395
"HMGB1P26",-0.0124727861639445
"BORCS6",-0.012490227156319
"OPRL1",-0.012491880920251
"HNRNPD-DT",-0.0125137312320356
"JUNB",-0.0125223675197001
"DNAJC27-AS1",-0.0125259498303991
"KNG1",-0.0125260886810605
"PMM1",-0.0126150395325145
"RIBC1",-0.0127567705197677
"WDR91",-0.0128851296929295
"SMARCA2",-0.0129638522363367
"OXSR1",-0.012973987040793
"ATP5PF",-0.0130348542666741
"JMJD6",-0.0131388579083226
"IL1R2",-0.0131571756735603
"FTH1P1",-0.0131953080272696
"VAPA",-0.0132004456084557
"IL17RA",-0.0132442194260971
"TMEM39B",-0.0132505603857103
"RNF207",-0.0133525488922755
"SUNO1",-0.0133546848207355
"PLGLB2",-0.0134165793390289
"HIRA",-0.0135443251742545
"HSP90AA6P",-0.01365199619105
"RALB",-0.0137081119882015
"TRAF3IP1",-0.0137677182152641
"MED25",-0.0137813664649368
"PEPD",-0.013798690543153
"RERG",-0.013799205988352
"PARD6G",-0.013891788207864
"PSMB1",-0.0139145458915306
"ZNF85",-0.0140113704131045
"TRAPPC2L",-0.0140472215201868
"TESK1",-0.0141278428434611
"INO80D",-0.0141511561520597
"IARS2",-0.0141821340867129
"SNHG25",-0.0142423776930712
"CCDC91",-0.0142457819333212
"TBCCD1",-0.0142478709236018
"TMPRSS7",-0.0143919906009767
"MAP9-AS1",-0.0143984589721379
"AKAP5",-0.0144407021763008
"ARHGEF6",-0.0144485324388988
"EEFSEC",-0.0144635164336061
"RIDA",-0.0144693692536116
"CHCHD2",-0.014469473259042
"SMN2",-0.0144990909476429
"GMNN",-0.0147806710094213
"SERPINE3",-0.0148143246694714
"C2orf78",-0.0148224579857562
"PWWP2A",-0.014850862072058
"UBA52P7",-0.0148992213121394
"TIA1",-0.0149054595265239
"COMMD5",-0.0149093077433968
"CEP250",-0.0149541444985553
"SNX25P1",-0.0149604871709404
"NDUFA4",-0.0151117292094008
"PADI1",-0.0151834283260308
"PTOV1P1",-0.0151834283260308
"LINC00488",-0.0151834283260308
"LINC02514",-0.0151834283260308
"RPSAP43",-0.0151834283260308
"RNU6-92P",-0.0151834283260308
"RN7SL279P",-0.0151834283260308
"LINC03083",-0.0151834283260308
"TGIF1P1",-0.0151834283260308
"SIGLEC10-AS2",-0.0151834283260308
"MALINC1",-0.0151918988322388
"PRKACB",-0.015192679369151
"RPS3AP49",-0.0152079764230403
"SPAG1",-0.0152274917767152
"MT-TN",-0.0152884468025039
"CIAO2A",-0.015329442327061
"NUDT8",-0.0153338648800482
"TMEM140",-0.0153925577544167
"TBC1D10A",-0.0153971385104248
"SKP1P2",-0.0154447031674013
"GIT2",-0.0154589826721753
"RTCB",-0.0156316179847607
"DHX9",-0.0156474673141054
"CISD1P1",-0.0157060014419529
"TCERG1",-0.0157129018978644
"FHIP1B",-0.0157523883932201
"PRELID1P6",-0.015755896581488
"DPP3",-0.0158018549290837
"F8A1",-0.0158610370113681
"PRDX6-AS1",-0.0159046512815525
"ADCY7",-0.0159235269633079
"WNT10B",-0.0159363582506244
"MSNP1",-0.0160060999559095
"ACTR2P2",-0.0160470878587346
"ASCC1",-0.0161133599314304
"SWI5",-0.0161782530413155
"MYL9",-0.016243509591381
"AGO4",-0.0164322450920663
"CUL3",-0.0164559524604909
"COQ6",-0.0165653852563847
"MRPL15",-0.0165658646330281
"DPYSL2",-0.0166796481513433
"SULT6B1",-0.0168488476279901
"TMEM269-DT",-0.0168882045360207
"ZNF595",-0.0170321930844767
"LRP2BP",-0.01708127671823
"MYO9B",-0.0170824937584009
"RHOXF1P3",-0.0170893729756492
"CYSTM1",-0.0171045097365517
"LLGL1",-0.017116990645031
"RAB29",-0.0172257494962242
"COG4",-0.0172638392500482
"MED4",-0.017293914213961
"PYGO2-AS1",-0.0173220698556093
"NEK11",-0.0173955864432208
"SH3BP5",-0.0175439602344129
"GIN1",-0.0175511757120627
"PRH1",-0.0176023282937782
"SNED1",-0.0176420020702737
"BRIX1",-0.0177319782564112
"CRKL",-0.0178174135724257
"SLC30A4-AS1",-0.0178266864868142
"PDS5A",-0.0178474983480731
"CAPRIN2",-0.0179964242450955
"LINC02128",-0.0180209877018191
"ATP5F1B",-0.0181604512607856
"EDF1",-0.0182976209281147
"SNX2",-0.018416275671747
"CREBRF",-0.0185370190776785
"YWHAZP5",-0.018570198825483
"KPNA4",-0.0186383194432131
"ESRRA",-0.0187710423540637
"ACTR2",-0.0187728964641426
"ZNF236",-0.0187892077566925
"ZNF688",-0.0188174906922827
"TMEM126A",-0.0189432506917225
"SMARCA5-AS1",-0.0189573432882549
"SCD",-0.0190043890244134
"LINC02777",-0.0191650398915874
"SBNO1-AS1",-0.0191805619052041
"PPP1CB-DT",-0.0191807405690251
"CLTA",-0.0192030644703839
"TMEM80",-0.0192050072298991
"FAF2",-0.0193484275462807
"KAT2A",-0.0194964137130281
"PHF23",-0.0195147255221829
"JHY",-0.0195167119527257
"CIAPIN1",-0.0196005284511758
"HHEX",-0.0196148863940023
"HMGN2P27",-0.0196852401981039
"DUSP10",-0.0197059107031864
"COX7A2L",-0.019730765430871
"SUMO3",-0.019756939988296
"CSGALNACT2",-0.0198259683804192
"KPNA5",-0.0198405692096683
"AMDHD2",-0.0198938696111022
"NUB1",-0.0198983147632876
"MRPS14",-0.019902752065379
"VRK1",-0.0199173639936463
"BBS7-DT",-0.0199415109835565
"MIR1184-1",-0.0199588807041586
"CHRAC1",-0.0200471676768084
"RPS6KA2-AS1",-0.0201088456654435
"RPS26P54",-0.0201088456654435
"SYDE2",-0.0201630035142376
"SLC17A4",-0.0201639021913851
"SDC4",-0.0202545210533179
"ZNF224",-0.0202856161415871
"LINC03040",-0.0203235354849746
"PSMD9",-0.0203533163662015
"CELF2",-0.0203629594082965
"ARMC5",-0.0203978206580091
"RAB10",-0.0204087423735925
"ABCC3",-0.0204394251889837
"MRTFA",-0.0204637475453533
"ACTG1P15",-0.0204731727266272
"GTPBP3",-0.0205236201860886
"OR4F29",-0.020607784573921
"TEN1-CDK3",-0.0206126798261008
"MSX1",-0.0206865812827392
"ITGA4",-0.0207204038763001
"CDC27",-0.0207552552767043
"NAA20",-0.020766078945478
"PIGS",-0.0207753510981449
"RPS3AP55",-0.0207774505311509
"CCN5",-0.0208762467843025
"PAX9",-0.0208820745853882
"PEX14",-0.020897415687049
"MED4-AS1",-0.0209044323148654
"SUGP1",-0.0209329973425578
"BST2",-0.0209600075019415
"PSMD8",-0.0209632420956839
"RPS15AP5",-0.0209816977219514
"NPM3",-0.0209952690140141
"DSTYK",-0.0210387137780792
"C1DP1",-0.0210543985646734
"FLVCR2",-0.0210947377617658
"MLH1",-0.0211107882895631
"AKAP8L",-0.0211527516097241
"SRSF7",-0.021170082195866
"LNC-LBCS",-0.0211735454329777
"BZW1P2",-0.0212618184872362
"CDON",-0.021321820811026
"RAB7B",-0.0213486963451205
"XPO4",-0.0214050883105705
"TIMM10",-0.0214248964163372
"GCAWKR",-0.021577111452735
"ST18",-0.0215847129864277
"IGFBP7-AS1",-0.0216126769221375
"COMT",-0.0216612589380954
"AGBL5",-0.0216703067679414
"PKD1L3",-0.0217477902605788
"THRB-IT1",-0.0217618676513367
"PSMD14",-0.0222944744145169
"LDHAP5",-0.0224484603886239
"CYP51A1-AS1",-0.0224791267610684
"ZBTB47-AS1",-0.0226319742992141
"SLC26A9",-0.022644881424591
"CCZ1B",-0.0226512033014518
"PDCD4",-0.0227048988733006
"TTYH1",-0.0227657234809785
"TCEAL1",-0.022784308774114
"DCLRE1B",-0.022804902918687
"SPC25",-0.0228208039686765
"RNF113A",-0.0228771410789364
"RPS2P4",-0.0229421466019143
"HMGB1P6",-0.0230034710754455
"SEC22C",-0.0230035753772667
"FTLP2",-0.023284878024715
"TRIM11",-0.0233068080233647
"KMT2E",-0.0233807930189792
"RABL3",-0.0233893585696892
"EPHX1",-0.0234320212787581
"NPIPB9",-0.0235009856706376
"DXO",-0.0235529177218258
"ACSM2A",-0.0235637713097542
"ANOS1",-0.0235826979840588
"TPM1-AS",-0.0236076904936548
"CELF5",-0.0238325479521615
"ZNF660",-0.0239211727292052
"TMEM259",-0.023955275546206
"LYSET",-0.0240173023595919
"XPO5",-0.024243090243559
"NHSL1",-0.0243898689328753
"MTMR14",-0.0244102556023799
"RHOBTB1",-0.0244587994544746
"TBC1D5",-0.024574926634958
"GLUD2",-0.0246206385123371
"PRRC2B",-0.0246837006644534
"BAP1",-0.0247109988058387
"RPL7AP66",-0.0247707203790454
"LCAT",-0.0248286899572498
"SYNCRIP",-0.0248472855812422
"TMPRSS4",-0.0249166755933195
"MSH6",-0.0249447014495634
"MED30",-0.0250138762949387
"XRN2",-0.0250690459912148
"MAGI1",-0.0251499535031262
"AMOTL1",-0.0251857067011033
"COX7BP2",-0.0252509917507628
"ZC3H7B",-0.0252748669158953
"POLR3C",-0.0252932721437453
"DNMT3A",-0.0253643198916297
"SF3A3",-0.025371417724338
"FGD5",-0.0253886868743373
"ASXL2",-0.0254242647039249
"TMCC1",-0.0255040019396053
"SHFL",-0.025572454435343
"ANXA5",-0.025818743728566
"CRTC2",-0.025822106910774
"MINK1",-0.0259763309084849
"MIR222HG",-0.0259798451498925
"ANXA3",-0.0259963486651037
"NIM1K",-0.0260128217703825
"B3GNT7",-0.0260170016808372
"TYMSOS",-0.0261811967975884
"STK3",-0.0262075516316754
"ATP6V1E1P1",-0.0262295859222929
"ITGB1BP1",-0.0263649734362977
"IDH3B-DT",-0.0263862564062682
"PIK3C3",-0.0264582693693744
"HMGN2P24",-0.0264695507401953
"RASSF1-AS1",-0.0265188762786306
"EXOSC9",-0.0266527556002878
"SH3PXD2B",-0.0266539590657399
"SEC14L5",-0.0267142445309547
"FXR1",-0.0268583628227706
"WNK3",-0.0268724791256553
"PPT1",-0.0268864549520413
"PRR15L",-0.0269457513212219
"OXT",-0.0270395735379541
"RFC4",-0.027178685640083
"TNFSF4",-0.0271948013804285
"AREL1",-0.027209550677835
"GPM6B",-0.0272616817104678
"DNAAF10",-0.0273442613971304
"ZNF597",-0.0273660686782714
"ZDHHC2",-0.0273725532913332
"MTND4LP30",-0.0274784342610045
"SLC25A18",-0.027519185162065
"GABPB1-AS1",-0.027536537002068
"ATP1B1",-0.0276336000445796
"ABAT",-0.0276399144486889
"SPPL3",-0.0278798252099236
"PSIP1P1",-0.027897845054173
"PPIAP51",-0.027897845054173
"SLAIN1",-0.0279729603367907
"TMCO6",-0.0280368609568414
"ARL15",-0.0280718089512516
"PRADX",-0.0280974986949951
"DNAJC2",-0.0281029746092743
"YWHAQP4",-0.028117894129935
"RIT1",-0.0281705501440642
"DDX55",-0.0282474447396793
"C1orf54",-0.0282509635848479
"CLPP",-0.0282590579773429
"CTNS",-0.0282656601133596
"CCDC167",-0.0283154972513022
"YIPF5",-0.0284025632075414
"SWSAP1",-0.0284504211969109
"RPL17",-0.0285069052325077
"UBBP3",-0.028672353957652
"DHX34",-0.0287192281430583
"TTC7A",-0.0287310147892921
"HMGN2P18",-0.028760975599169
"PDE4C",-0.028790660217025
"RPL5P12",-0.0288289710513698
"ZNF770",-0.0290248958807554
"TRAF4",-0.0290704453070036
"ZNF512B",-0.0290989618067828
"ZNHIT3",-0.0291244687025965
"SOCS2-AS1",-0.0292141893823399
"LAMA5",-0.0292568166244723
"PPP5C",-0.0294184372719448
"DHRS7B",-0.0294764172274808
"ATG101",-0.0294845607751335
"RELCH",-0.0295050773397409
"LINC02166",-0.0295870369762422
"HMGA1P1",-0.0296361055922394
"TMCO1",-0.0296971461527392
"MFSD13B",-0.0298388224457001
"MRPL47",-0.0298905639049931
"LINC01632",-0.0299138909978319
"MTCO1P48",-0.0299138909978319
"RPL5P10",-0.0299138909978319
"EPB41L3",-0.0300623214682219
"WIPF2",-0.030113922279399
"EXD1",-0.0301985811112777
"AKIRIN1",-0.0302314992911776
"GRHPR",-0.0304218512597557
"SPATA21",-0.0304803748203391
"SULT1A4",-0.0304996194133923
"POM121L14P",-0.0305462768076551
"DYRK1B",-0.0305668619173515
"H6PD",-0.0306019090024086
"WDR43",-0.0306365681327434
"H3P6",-0.030674577291444
"PLAAT3",-0.0308016903694122
"THAP11",-0.0308534716400074
"RP9",-0.0309107304145929
"RPS3AP16",-0.0309636237923679
"COMMD5P1",-0.0309636237923679
"GGTLC5P",-0.0309636237923679
"MCM3AP",-0.0309943677471411
"LPCAT1",-0.0310328406038148
"LINC02828",-0.0310736265269784
"LYPLA2P2",-0.031107078950666
"ERBB3",-0.0311188388260335
"NDFIP1",-0.031227592803503
"RPL29P6",-0.0312955108710313
"TBC1D3B",-0.0312955108710313
"ZNF35",-0.0313304573266417
"CALCRL-AS1",-0.0314172132712255
"ZNF723",-0.0314940279230139
"TSR2",-0.031518487745372
"SLC25A20",-0.0315209257313446
"PTBP1",-0.0315692629659836
"RPS13P3",-0.0315933251266141
"TCF3P1",-0.0316513861055531
"TSSK2",-0.0316513861055531
"MRPS36P1",-0.031660785269388
"ZNF132-DT",-0.031660785269388
"PSG11-AS1",-0.031660785269388
"MIR548XHG",-0.031660785269388
"AMTN",-0.0316897754831506
"PLD2",-0.0317175446153538
"RNU2-30P",-0.0317377337785691
"HEXA-AS1",-0.0318016012761345
"BDNF",-0.0318585729690076
"RXRB",-0.0318715848780432
"HMGB1P23",-0.0318948842325494
"PSMC3P1",-0.0318948842325494
"UBA52P3",-0.0318948842325494
"HIGD2AP2",-0.0319543870218306
"RPL31P21",-0.0319543870218306
"RPL23AP52",-0.0319543870218306
"ZNF735",-0.0319543870218306
"RPS8P11",-0.0319543870218306
"MUC12",-0.0320649131038237
"RNU6-106P",-0.0320683371963391
"PRKRIP1",-0.0321120925752089
"TMEM69",-0.0321388681938511
"HSPE1P4",-0.0322832597907956
"SPSB3",-0.0323499787577245
"H3P44",-0.0323579242883442
"NCBP2AS2",-0.0323618145604407
"ZNF567",-0.0323636998139525
"RANGRF",-0.0324515486737441
"KRT13",-0.0324604130861583
"RPL36AP21",-0.0325361239332322
"CNOT6LP1",-0.0325361239332322
"HPX",-0.0325907925377131
"GNB2",-0.0326166297371605
"EPB41L1-AS1",-0.0326617139878407
"DCST2",-0.0326846164500443
"EEF1AKMT2",-0.0327572236178986
"MSH2",-0.0327842174586223
"PGAM1P12",-0.0328020164952925
"RPL9P28",-0.0328020164952925
"EHMT2-AS1",-0.0329202537302135
"LINC01842",-0.0329251846734001
"FAM95A",-0.0329369928040704
"ZNF646",-0.0329404258354099
"WDPCP",-0.0329749352958636
"SUZ12",-0.0330089479247581
"EIF5AP4",-0.0330282530525356
"RAD50",-0.0330488063389264
"TRPM3",-0.0330747557211015
"RPL31P38",-0.0331096413270566
"YPEL2",-0.0331449782877284
"PKDREJ",-0.033275881695071
"UBA6",-0.0333942322726186
"PEBP1P2",-0.0335056634339638
"PPP1R3G",-0.0335344241638029
"ADAR",-0.0335615635297353
"HSPE1P3",-0.0335789750401642
"FAM234A",-0.0335812201535618
"BOLA1",-0.033647000029578
"LINC00868",-0.0336604705709588
"PPM1B",-0.0337152783581405
"FBXO24",-0.0338182754313868
"IFT57",-0.0339859642348853
"SAP30BP",-0.0340073746258025
"SHARPIN",-0.0340427197576025
"MND1",-0.0340629036645277
"PUF60",-0.034169965603733
"MIR26B",-0.0343031772826981
"RPL13AP2",-0.0343181487535464
"CIBAR1",-0.0343929385995325
"PACS2",-0.0345515590690624
"SEMA6A-AS1",-0.0346706068257532
"RPL17P26",-0.034726676580786
"NAA60",-0.0347603683368114
"IFT80",-0.0347862228875178
"TGS1",-0.0347928443762106
"TRMT61A",-0.0349923682581379
"RPL12P41",-0.0351223109572822
"MPP4",-0.0351872549583461
"SPATA12",-0.0351872549583461
"NPM1P41",-0.0351872549583461
"DLGAP2",-0.0351872549583461
"ATP5MC1P8",-0.0351872549583461
"NALCN",-0.035263787180223
"XGY2",-0.035263787180223
"PDRG1",-0.035302778278603
"DCAF8L2",-0.0353384586281174
"HNRNPA1P55",-0.0356640047630563
"TOM1",-0.0356677522072348
"RNU7-10P",-0.0356747278853968
"VPS13D",-0.035936506660188
"AHI1-DT",-0.0359587843924671
"UBE2L5",-0.0359838722525975
"RPL13P6",-0.0361206954891347
"RPF1",-0.0361721044572124
"RN7SL718P",-0.0362002605116522
"CAMKK2",-0.0362470600746355
"C17orf100",-0.0363368005961521
"HTRA2",-0.0365107378011597
"HIF1AN",-0.0365322317483065
"IFI16",-0.0368470955668911
"TTC22",-0.0368749728372838
"RN7SL73P",-0.0369155178738775
"RLIG1P1",-0.0369155178738775
"MTND6P3",-0.0369155178738775
"RPL17P43",-0.0369155178738775
"RPL23AP73",-0.0369155178738775
"DLX3",-0.0369596320520658
"ERHP1",-0.036988572631264
"RPL6P20",-0.036988572631264
"CYCSP27",-0.036988572631264
"HMGN2P8",-0.036988572631264
"SPATA18",-0.0371163879964464
"LRRC40",-0.037206640705303
"UBE2L4",-0.0372433589565403
"RNU4-21P",-0.0373054619902273
"MDFIC2",-0.0373054619902273
"HSPE1P8",-0.0373535383625795
"PPIAL4E",-0.0373535383625795
"KPNA2P2",-0.0373535383625795
"HNRNPA1P9",-0.0373535383625795
"RNU6-920P",-0.0373936566547486
"TPM1",-0.0374655970508011
"LINC01493",-0.0374801479057326
"HNRNPA1P33",-0.0374801479057326
"RPL21P4",-0.0374801479057326
"SIGLEC21P",-0.0374801479057326
"ANKRD36BP1",-0.0375371173010764
"NPM1P31",-0.0375791168989617
"RPS26P56",-0.0375921731828836
"ENAH",-0.0377343871109126
"ST13P2",-0.0377388793931022
"PNRC2P1",-0.037860938115365
"RPL15P17",-0.0378988729211976
"KCNH3",-0.0379351077854243
"MIR4713HG",-0.0380316366244847
"NDUFB5P1",-0.0380507178573749
"VN1R34P",-0.0380507178573749
"BACH1-AS1",-0.0381826649744191
"HNRNPA1L3",-0.0382563711786969
"RRM1-AS1",-0.0382938170617888
"GK5",-0.0382952812486297
"OR1M1",-0.0383374604933357
"CNN2P7",-0.0383374604933357
"KCNJ12",-0.0384040565851741
"KCNJ18",-0.0384040565851741
"RPL17P44",-0.0384040565851741
"AHSA1",-0.038407625299705
"DHX8",-0.0384245102290732
"SLC9C2",-0.0385502042226889
"PHAX",-0.03868529158524
"IFITM3P1",-0.0387376988070184
"SNRPCP9",-0.038783462277925
"SENP1",-0.0388079734696128
"PTPRE",-0.038950239222413
"NREP",-0.0389890304893376
"LINC02026",-0.0390131873276759
"MICOS10P2",-0.0391100806718058
"GPX4",-0.0391314067278302
"TMEM88B",-0.0391759305013646
"ZNF497",-0.0392548190535059
"ZNF234",-0.0392848019469683
"EGLN1",-0.03933306662563
"MTOR",-0.0393346395667486
"ERCC4",-0.0393703050816817
"RPL15P16",-0.0395010699164909
"CLSPN",-0.0395478542757457
"TESMIN",-0.0395575030943692
"RNU6-1228P",-0.039563622678656
"HEPN1",-0.039563622678656
"TMEM145",-0.039563622678656
"KXD1",-0.0397921539789155
"ANKHD1-EIF4EBP3",-0.039816748990983
"ATCAY",-0.0399324176609947
"SPATA46",-0.0399763847562214
"EEF1GP3",-0.0399763847562214
"OR56A5",-0.0399763847562214
"IFI27L2",-0.0401889842007043
"CYP1A2",-0.0403019764328564
"ZNF606",-0.0403746147455071
"SMARCAD1",-0.0404961715185778
"RPL34P31",-0.0405558868148168
"RSL24D1P1",-0.0407178475738472
"ZMYM2",-0.0409372163531614
"PSMG4",-0.0409417270169593
"ODF2L",-0.0409502635208016
"UNC13D",-0.0410237622125602
"CDH18-AS1",-0.0413004147967101
"LINC01363",-0.0413346067180537
"TNFAIP8",-0.041389723777331
"RPS5",-0.0414006652127971
"PPP1R12C",-0.0414362303934366
"NUDT16L1",-0.0414458732543316
"ZFHX2",-0.041449000121627
"EIF4H",-0.0414717290704101
"NDST4",-0.0414832542831424
"LINC02878",-0.0414832542831424
"OR52E5",-0.0414832542831424
"WDR73",-0.0415233650132635
"SNRPA1P1",-0.0416390740881358
"HLA-W",-0.0416629723455118
"CCNJL",-0.0416840549009439
"RBM48",-0.0417281213852174
"RPL22P2",-0.0417355406427957
"LINC00608",-0.0417581503779074
"DYNLL1P1",-0.0418248800790365
"DMAC2",-0.0419087387441152
"TADA2A",-0.0419567876362338
"HAPSTR1",-0.0419737101001197
"RPL23AP77",-0.0420215341909023
"BRMS1",-0.0420229409525466
"TBC1D22A",-0.0420428832752731
"BCAP31",-0.0421198141091211
"CPB2-AS1",-0.0423520254087964
"LAMTOR4",-0.042398011343548
"MAP3K7",-0.042489328205563
"SLC4A5",-0.0424981852183054
"DNASE1L1",-0.0425659124235033
"ZNF792",-0.0425858406448666
"ATP7B",-0.0426125909975583
"ARK2N",-0.0426317520407708
"TMEM167B",-0.0426580776312229
"ANKRA2",-0.042717363729434
"AGPAT1",-0.0427456260212768
"ATXN7",-0.042786438965551
"TCF23",-0.0428149840091573
"UBE4A",-0.042867194217473
"DNAJC9",-0.0429603493369834
"DPY19L1",-0.0429680130816128
"LINC01758",-0.0429806430235815
"ADAM30",-0.0429806430235815
"C2orf80",-0.0429806430235815
"RCC2P5",-0.0429806430235815
"ATP5MGP3",-0.0429806430235815
"GAPDHP71",-0.0429806430235815
"RPL7P59",-0.0429806430235815
"TRBV5-6",-0.0429806430235815
"CFAP47",-0.0429806430235815
"OR13C9",-0.0429806430235815
"NOX4",-0.0429806430235815
"CTNNA3",-0.0429806430235815
"RPL21P100",-0.0429806430235815
"SCN8A",-0.0429806430235815
"METTL21EP",-0.0429806430235815
"RPL21P13",-0.0429806430235815
"ANKRD34C-AS1",-0.0429806430235815
"SPRY4-AS1",-0.0431535569315228
"LRBA",-0.0433265080440409
"RPL8P4",-0.0433692318725364
"LINC01629",-0.0433887935698739
"ILF3-DT",-0.0434788907528531
"ZFPM1",-0.0436404144316448
"UQCC1",-0.0436517459619179
"MAP2K6",-0.0436574391405598
"CAP1",-0.0437748290365211
"RPL19P21",-0.0437778398799671
"MIR1279",-0.0439621030427848
"DUSP11",-0.0439830806374634
"RPS3AP51",-0.0439884453402465
"LINC02613",-0.0443207918842835
"STARD9",-0.0444071696120408
"TM2D1",-0.0444766583471979
"CNKSR2",-0.0445332383876902
"CFAP97D2",-0.0446230217279234
"SLC35A1",-0.0447048608703062
"CD320",-0.0449359410611816
"GAS5-AS1",-0.0449666476322535
"PYM1",-0.0449920572442557
"ATXN7L3-AS1",-0.0450667026621691
"TOMM5",-0.0452227089850993
"PCF11",-0.0453136275693242
"TMEM200B",-0.0453485324042307
"KAT8",-0.0455551123815857
"RN7SL336P",-0.0456087363146135
"TMEM184A",-0.0456179910007337
"TTF2",-0.0456299125160034
"ISCA1P7",-0.0457640083034735
"ZNF541",-0.0457640083034735
"RPRD1B",-0.045767547560332
"SERBP1",-0.045783147686706
"RPS12P26",-0.0458577320710098
"MTND5P12",-0.0460092345981912
"LINC03075",-0.0460092345981912
"HMGB1P12",-0.0460092345981912
"RPL11P4",-0.0460092345981912
"PCOTH",-0.0460285947394479
"TMEM60",-0.0461196818548423
"RPL7P12",-0.0461351454824247
"RPL12P26",-0.0461549994485924
"NAPSA",-0.0461707687899327
"PWRN1",-0.0464108478823049
"RSF1-IT2",-0.0464342527817002
"ZNF691-DT",-0.0464430296434799
"RASL10B",-0.0464670292341454
"PAFAH1B1",-0.0465271308711508
"RPL31P24",-0.0465317686761757
"PSMC2",-0.0465522848551515
"MIR1282",-0.0466011526701457
"MXD4",-0.0466894932834391
"BFSP2-AS1",-0.0467196163183636
"SERPINB6",-0.0467821843360708
"STAMBP",-0.046790672040466
"ALPK3",-0.046842247194325
"THBS2",-0.0468565187328195
"MYL6B-AS1",-0.046898307766754
"CCDC71",-0.0469565556779705
"SNHG15",-0.046959676721861
"GYPC",-0.0470487583059859
"RPL4",-0.0470742241644908
"BIN2P1",-0.0470795881849466
"TNRC18",-0.0470861767057062
"PPIAP87",-0.0471136109192204
"CACNG7",-0.0471136109192204
"ABI1",-0.0471642101187216
"WDR37",-0.0472289444974715
"KEL",-0.0472560845168229
"HSDL2-AS1",-0.047299844031371
"ACOT8",-0.0473451287954519
"SYNJ2",-0.04742267530593
"RPL17P41",-0.0474313772614432
"LINC00534",-0.0474915952489217
"DIPK1B",-0.0479286468434652
"MGMT",-0.048106122424435
"HNRNPA1P7",-0.0481596763220768
"PPIAP35",-0.0482717397799152
"PCSK1N",-0.048404168399443
"BBIP1",-0.0484771721360853
"RPL13AP8",-0.0486017018393775
"PNPLA6",-0.048746624343366
"LSM11",-0.0488255192988933
"SETP4",-0.0488436813095473
"LINC02755",-0.0488436813095473
"OR7E105P",-0.0488436813095473
"LINC01441",-0.0488436813095473
"LUC7L",-0.0489191444344375
"TPRG1-AS1",-0.0489754489750382
"RPS9P2",-0.0490002199254459
"SUMO2P17",-0.0492150637493204
"CNOT7P1",-0.0492159877773359
"OLFML2A",-0.0492515999323081
"HNF4A-AS1",-0.0492604863003339
"RPL21P93",-0.0492857677917222
"KLF2P4",-0.0492954546403358
"RPS27AP11",-0.0493455339835059
"PPIAP70",-0.0494057827658319
"LNPK",-0.0496259380806244
"HELB",-0.0497844332860218
"CREBL2",-0.0498861960761939
"FBXO21",-0.0499692738101964
"STK32A-AS1",-0.0502070915600753
"DCP1A",-0.0502279415356119
"IRF2BP2",-0.0503420773183857
"POC1B",-0.050423156654028
"ATAD1",-0.0504626741570952
"LGI1",-0.0505946934301304
"CCDC9",-0.0506448133774152
"DACT3-AS1",-0.0506450242884294
"TIMM29",-0.0506474750846012
"RPS2P2",-0.0506764179944677
"RNU6-319P",-0.0507244551800683
"SCLT1",-0.0507312116185895
"CEP170B",-0.0507924742585436
"RPL4P4",-0.0508778956074028
"AK2",-0.0509424168699299
"RPS3AP13",-0.0511212093477385
"RPL21P67",-0.0511376052318798
"TRDJ2",-0.0511376052318798
"PPIAP1",-0.0511376052318798
"DHX36",-0.0511620463142868
"RPL5P9",-0.0512669053686817
"CIAO2B",-0.0512978150133245
"CDH18",-0.0513502847674848
"MS4A10",-0.0513502847674848
"KRT82",-0.0513502847674848
"LINC01539",-0.0514805605497411
"MAPK12",-0.0514805605497411
"RBFADN",-0.051522852556948
"CLSTN3",-0.0516678155022058
"DCXR",-0.0516954300403246
"VEGFC",-0.0518520868853856
"LINC03053",-0.0518520868853856
"RPL35AP21",-0.0518520868853856
"OR8B4",-0.0518520868853856
"SUMO1P4",-0.0518520868853856
"PPP1R16B",-0.0518711318430369
"MON1B",-0.0519622109148112
"GSTM1",-0.0520354976521213
"KIDINS220",-0.0521609204721535
"UPF3AP2",-0.0522299028620467
"SRSF3P4",-0.0522950002971517
"RPL21P56",-0.0522950002971517
"PSMC1P3",-0.0522950002971517
"RNU6-46P",-0.0522950002971517
"RN7SL391P",-0.0522950002971517
"AGGF1P10",-0.0522950002971517
"ARPP19",-0.0523395326998109
"MIR4258",-0.0524131757124372
"LINC01149",-0.0524131757124372
"HMGB1P49",-0.0524131757124372
"RPL5P22",-0.0524159181198379
"USP17L4",-0.052462954317938
"RNASE13",-0.052462954317938
"SLC16A6P1",-0.052462954317938
"PABPN1P2",-0.052462954317938
"RPL3P3",-0.0525368029952654
"LINC02231",-0.0525754564707181
"HMGB1",-0.0526014557302903
"IDI2-AS1",-0.0526558980876917
"TRIM52",-0.0526893896270416
"ABCF1",-0.0527718723142972
"LINC01282",-0.0528035081517466
"PCAT5",-0.0528035081517466
"LINC01901",-0.0528035081517466
"ARFGAP2",-0.0528141426288396
"GUCA1A",-0.0528612587921923
"DDX31",-0.0528873872784277
"PRR22",-0.0529571409585905
"ARHGAP25",-0.0530522911930397
"COL6A2",-0.0530528092337485
"ERBB4",-0.0532459965821898
"RPL19P5",-0.0533004698682844
"RPS27P23",-0.0533785663895221
"MYO5B",-0.0533828900107168
"CPSF6",-0.0536496231946337
"IMPACT",-0.0536970728763886
"SYS1",-0.0537240667963541
"NFE2L2",-0.0537578547628032
"MARCHF2",-0.0537711691315884
"SCP2",-0.0538699703165386
"ZNF341-AS1",-0.0539431663664882
"CHCHD2P9",-0.0539725864200718
"NSMCE1",-0.0542475490507086
"PSMC4",-0.0544118224916093
"SLC46A3",-0.0546234766381639
"CYP2C61P",-0.0546514222164371
"CA7",-0.0546514222164371
"RPL23AP80",-0.0546514222164371
"MTCYBP35",-0.0546685966976449
"CARD8-AS1",-0.0547512422586726
"UBE2V1P1",-0.0547889990322692
"PENK-AS1",-0.0548239208315685
"LINC02924",-0.0549168152664422
"SORBS3",-0.0549175599379122
"TBK1",-0.0549468844438707
"RPSAP29",-0.0550629042273125
"TENM2",-0.0551015904890985
"OR10C1",-0.0552059816031917
"SOX7",-0.0552059816031917
"KRT24",-0.0552059816031917
"MCPH1",-0.0552808194293348
"NDC1",-0.055353501396257
"SNRPGP5",-0.055420588381913
"HNRNPA1P35",-0.0554626054997575
"RPL21P11",-0.0555710687479333
"RFPL1S",-0.0556555889453166
"ZNF317P1",-0.0557187718949456
"RSU1P1",-0.0557187718949456
"OR6K3",-0.0557708107258647
"MICE",-0.0557708107258647
"PDSS1P1",-0.0557708107258647
"KIAA1755",-0.0557708107258647
"TMEM138",-0.0557978654404242
"PEBP1",-0.0558582895443792
"ACAA1",-0.0559939551976478
"DOCK3",-0.0560919859090022
"TERF1",-0.0561003231065796
"CYTH1",-0.0561823658502231
"ATP6V1E1P3",-0.0562565478649011
"LGALS7",-0.0562565478649011
"ADAMTS5",-0.0562565478649011
"HSF1",-0.0562874825186866
"UBE2A",-0.0563829021605161
"RPL12P2",-0.0564946362181199
"AVL9",-0.0568752128217251
"GSS",-0.0568960553865143
"ZNF14",-0.0570102564106568
"YEATS2",-0.0570908115511575
"DCUN1D2",-0.0571110469503413
"DNPEP",-0.0571346441900837
"EPB41",-0.0571798153466615
"ADCY1",-0.0576965978365108
"RNU7-50P",-0.0576965978365108
"NECAB2",-0.0576965978365108
"RNF215",-0.0577368913909816
"NAT1",-0.057739168875688
"RN7SL269P",-0.0578280669677718
"MIX23P3",-0.0579528052833508
"IGF2BP2",-0.0580233258760559
"DDX19B",-0.0582233422715686
"PRELP",-0.0583058535525638
"TKFC",-0.0585394374873682
"CALML3-AS1",-0.0585412018727114
"STX18",-0.0587312916519278
"LYRM2",-0.0587954509254482
"MORC4",-0.0589062386174653
"ID2-AS1",-0.0591141242201318
"SPINK1",-0.0591676262099531
"TMEM176B",-0.0592635578474861
"CLUL1",-0.0592695971080904
"FAM81B",-0.059280762052872
"PROKR2",-0.0593534570709025
"TRAPPC8",-0.0594305541648776
"NIPSNAP1",-0.0595813966635725
"P2RX5-TAX1BP3",-0.059620490605244
"FAM149B1",-0.0596419020770224
"LENG8",-0.0599144449835846
"MTCO1P17",-0.0599243053557328
"LINC01309",-0.0599243053557328
"GOLGA6L24",-0.0599243053557328
"CNTF",-0.0602351442846877
"HUNK",-0.0603346736716013
"RPS17P2",-0.0603953552748724
"IFITM3P4",-0.0604345541618995
"MRPL37",-0.0604350694908312
"RPS6KB1",-0.0604444174187373
"HNRNPA1P13",-0.0604702120310595
"PPP2R5E",-0.0606643137836031
"RPL26P27",-0.060739899119626
"TMEM256P2",-0.0607488894974216
"TRMT11",-0.060823428103024
"RNVU1-24",-0.060970896490267
"GPX1P1",-0.0612907850452883
"PARK7",-0.061540677500677
"HIC2",-0.0617119430278906
"OR7A11P",-0.0617813430070513
"CADM3-AS1",-0.0620724312754373
"SNHG11",-0.0620731480394681
"NRP2",-0.0620744590795038
"JPX",-0.0621367362133823
"SF3A3P1",-0.0622235910254178
"RBM46",-0.0622396339898346
"GRM5-AS1",-0.0624530063510926
"RPL7P17",-0.0626468455870983
"TRIM69",-0.0626605894085449
"EIF2AK2",-0.0627088744893669
"SPATA31H1",-0.0627223898357102
"LRRC4B",-0.0627223898357102
"APOC2",-0.0627223898357102
"AMPD2",-0.0629475827686053
"BRD1",-0.0629857885745956
"SNU13",-0.0631390688281182
"TOX-DT",-0.0632120002075626
"METTL2A",-0.0632641346685408
"RPL7P10",-0.0633013173032806
"TOMM40",-0.0634504209180694
"PKN2",-0.0634839369457618
"DCTN1-AS1",-0.0635271337844891
"SYNE2",-0.0635415726518764
"RINL",-0.0636404705095054
"RSBN1L",-0.0637339544763785
"SP140",-0.0637598378379779
"ANKRD12",-0.0640118649290622
"TAFAZZIN",-0.0640555903961938
"SNHG6",-0.0640972486167302
"RPS26P3",-0.0642247810708478
"RPAP3-DT",-0.064252670698208
"LRP6",-0.0643504759055675
"MIGA1",-0.0645147944716644
"TRIM59",-0.0645688574603383
"ADPRM",-0.0648069988740025
"ZNF584-DT",-0.064866142216311
"TBC1D25",-0.0652554238871077
"C19orf53",-0.0653775586411954
"NF2",-0.0653879139192271
"RPL7P47",-0.0654037643948743
"SLF2",-0.0655837912510458
"DIAPH2",-0.0656100553476642
"HINT1P1",-0.0657128176407159
"MRPL21",-0.0657684783097763
"OR13C6P",-0.065816440367936
"MZT2A",-0.0658248327438018
"STARD10",-0.0660762335337161
"CFAP298",-0.0661599352253021
"OSBPL5",-0.0661959313502579
"SNRK-AS1",-0.0662576496421564
"PDZD4",-0.0662585276955678
"NECAB3",-0.0664710520654433
"BICRA",-0.0665874124178776
"GAS2L3",-0.066762828926901
"HDAC1",-0.0668500686790875
"GRAMD1A-AS1",-0.0670360482036061
"NUTM2A-AS1",-0.0673222596228492
"PPIAL4A",-0.0674294137851177
"JTB-DT",-0.067506284165546
"RPSAP12",-0.0678976559289744
"MAPKAPK3",-0.0679324479798742
"TM2D2",-0.0681669063719551
"STOX2",-0.0682208452710007
"TBX21",-0.068329226345226
"PDCD2",-0.0685498307967381
"RPL34P18",-0.0685928766871983
"KDM4A-AS1",-0.0688588152757958
"PIH1D1",-0.0688635106458147
"ARID5A",-0.0689148888616008
"KLHL20",-0.0692066160668741
"RSF1",-0.0692076072657883
"PYCARD",-0.0695400887613847
"GMCL1",-0.0699536671267734
"ANXA11",-0.069969954183685
"LINC02124",-0.0700717879452117
"PRP4K",-0.0701656767606359
"RFC5",-0.0702050332407079
"MT-ND4",-0.0702327808947691
"ANKAR",-0.0703618157807584
"POLR3K",-0.0703933188772087
"TRAJ11",-0.0704621759649067
"UBE2SP2",-0.07046430052747
"SRGN",-0.0705732996374165
"FBXO33",-0.0707806163493927
"ZNF816",-0.0709531147769178
"RPS15AP38",-0.0711628984608776
"ARGLU1-DT",-0.0713172290511565
"P2RX7",-0.0715029636912562
"PRKCB",-0.071647133290057
"SNF8",-0.0716835968742525
"NUDT21",-0.0718898610576213
"TMEM106C",-0.0722058444433586
"CDK9",-0.0722920053302461
"HAUS8",-0.0723600571021423
"SAP30",-0.0724279200177333
"RPL23AP32",-0.0724726203613775
"CXorf38",-0.0725995336487574
"AP1G2",-0.072738993004982
"YWHAQ",-0.0731721818301251
"BAIAP2L2",-0.0733506676465083
"SLC25A38",-0.0733802874227247
"STKLD1",-0.073895329087454
"UBR2",-0.0739852392869275
"SLC35B4",-0.0739915402458039
"PTGIS",-0.0741168740093472
"HERC6",-0.0741411055666167
"DLEC1",-0.0742145997567904
"RBM14",-0.0742501997336391
"C17orf75",-0.074268600749141
"SNORA33",-0.0744598723225605
"DCAF13",-0.0748084810485987
"DHX16",-0.0749350158543244
"FKBP1C",-0.0751987592104319
"ZNF746",-0.0753173884431344
"STK24",-0.0756267910441634
"ARHGEF18",-0.0757105252827442
"RPSAP55",-0.0757182172068522
"NBPF14",-0.0758115603182452
"TUBG2",-0.0758495883892412
"RPS3AP26",-0.0758939611085022
"RPS18P9",-0.0760409626829547
"C1orf174",-0.0760809048206484
"ZNF32-AS1",-0.0762759230354538
"TUSC2",-0.0763619479004104
"TNFSF8",-0.076515760352867
"ZNF281",-0.0769431934565565
"CKAP5",-0.0770763790359873
"APTX",-0.0771009576043588
"SNX18",-0.0772368297461403
"MAP7",-0.0773101096579861
"PLEKHM3",-0.0774413323681727
"SINHCAFP2",-0.0775839991096145
"LINC01661",-0.0777013852930971
"LINC01208",-0.0777013852930971
"KIF25",-0.0777013852930971
"CAMTA1",-0.0778736938847609
"LRRC37A3",-0.077912911219869
"NCF2",-0.07795407349291
"C1orf131",-0.0782282517362791
"MECP2",-0.0782836835682001
"GLMN",-0.0787984800668331
"SAMD12-AS1",-0.0792885770018537
"RPS3AP4",-0.0792898049167179
"ACSL5",-0.0793577249742924
"SRP9P1",-0.0793880072215577
"GAPVD1",-0.0794906832352318
"LINC02984",-0.0795216016142126
"POLRMT",-0.0799000634732404
"HMGN2P41",-0.0801571310425741
"RPL7AP27",-0.080159812133843
"NDUFAF7",-0.080213816148881
"ASB8",-0.0804336857354575
"ZNF131",-0.0805052687674373
"CERS5",-0.0805188202143022
"CDR2-DT",-0.0807610991028154
"PELI3",-0.0807679544732536
"TMEM97",-0.08096343610341
"CLK2",-0.0809935130996966
"TMEM158",-0.0812027199826693
"MFN2",-0.081353314322375
"UGT2B15",-0.0814453403255918
"GSG1L",-0.0814453403255918
"MAPKBP1",-0.0814598228161893
"TCF12",-0.0814724471199969
"CHST3",-0.0815032456166385
"RPP25L",-0.0816046686733633
"SNRPEP2",-0.0816822097606643
"BORCS7",-0.0817313343676136
"TRMT112P6",-0.0818628520343094
"BTN2A1",-0.0820586419758734
"RPL23AP58",-0.0821392673358422
"HADHB",-0.082234211590915
"DDA1",-0.0823118345069379
"SH3BP5-AS1",-0.082475680944325
"TRPV4",-0.0824764363590393
"DSEL",-0.082570660808387
"ZNF596",-0.082581299479552
"PRRG4",-0.0826298659441149
"TMOD1",-0.0829310043891403
"GTF2B",-0.0830000086270528
"TUBA1B",-0.0833154811883123
"GGCT",-0.0835730675727679
"HNRNPA3P5",-0.083905428563886
"UCK2",-0.0839060461934565
"ALKBH1",-0.0842321100237374
"ABCA4",-0.0842644186033967
"GYG1",-0.0844007509081091
"UTP4",-0.085180982808657
"FBXO45",-0.0852214539754072
"FOXQ1",-0.0853577070889622
"ANP32A",-0.0854601261502153
"SLC10A3",-0.0855829076699796
"PM20D2",-0.0857950074683685
"LINC02265",-0.0859272344098263
"FZR1",-0.0859582784709261
"SSBP1",-0.0860626822705781
"GIT1",-0.08610306485192
"CENPU",-0.0861211885930615
"DYNLT4",-0.086200229928216
"KCTD7",-0.0862915039536196
"TLCD4-RWDD3",-0.0863405750364312
"SMIM22",-0.0863789228478921
"GTPBP8",-0.0864487272615357
"TSPYL2",-0.0865717629185589
"FEZ2",-0.0866516929007127
"SLC25A11",-0.0867496446272072
"MSC",-0.0867521588458081
"GARIN1B",-0.0867915489489033
"FAM88E",-0.086812737588145
"GLIPR1L2",-0.0869262402213512
"FAM89B",-0.087017119523774
"ATP6V1G1",-0.0875632854818554
"ECM1P2",-0.0876846694821955
"VXN",-0.0876846694821955
"KMT2A",-0.0877009050651904
"SLC25A1",-0.0879631572613112
"FMNL1",-0.0880172522307004
"RPE",-0.0880270842671515
"ADH6",-0.0881248195468429
"CMPK2",-0.088183404270911
"ST3GAL6",-0.0884267771760884
"PPIAP55",-0.0885428076807983
"TFAP2E",-0.0885890706256021
"PSENEN",-0.0886124496505858
"BCO1",-0.0887982161895179
"PTPRD",-0.0888047179298
"MTATP8P1",-0.0889058227220133
"SNX31",-0.0889109634761602
"RBBP9",-0.0889414245080813
"EHHADH-AS1",-0.089056958057025
"COX10",-0.0891400448838053
"MEG8",-0.089373410557583
"TERF1P3",-0.0895046471005248
"HNRNPA1P28",-0.0895046471005248
"OLIG2",-0.0895046471005248
"CERS4",-0.0896277285780314
"TERF1P4",-0.0897394862816651
"DGCR6",-0.0897479901985236
"ATP6V0D2",-0.0901463302985964
"RPL7AP80",-0.0901463302985964
"MBTD1",-0.0902524485700591
"FGFBP3",-0.0903126143064182
"RHEBL1",-0.0903128818083301
"TTC3-AS1",-0.0903488799846968
"SPDYE1",-0.0903514215304
"ALPK1",-0.0903859508162866
"ACTN4P1",-0.0904380608985332
"SGO2",-0.0905105378502086
"TSPAN11-AS1",-0.0906696206623452
"ALDH3A2",-0.0907181523842722
"PPP1R1A",-0.0907278251410162
"LINC00324",-0.0908458904638317
"HNRNPU",-0.0908826163905141
"RPL5P29",-0.0909941767833306
"TRNT1",-0.0914816253801356
"PRAG1",-0.0915279223053742
"CEP85L",-0.0916505672637726
"SIGLEC14",-0.0917646424088644
"CFAP210",-0.0917912854296873
"ATP5MC2P4",-0.0918909830836776
"TALDO1",-0.0920059764404558
"EIF3I",-0.0920238676623729
"GLYAT",-0.0920938136418045
"MTCO3P24",-0.0922546687646064
"CFI",-0.0922550217581135
"UBN1",-0.0922784571478147
"CYB561A3",-0.092702168895974
"CATSPERE",-0.092796815648279
"B4GALT5",-0.0928194607931641
"FKTN",-0.0929633938834601
"EREG",-0.0930987824062095
"RPS9",-0.0931142606840934
"CRACD",-0.0931224080428277
"CIR1P1",-0.0931224080428277
"PTGES3P3",-0.0932039630448262
"VWA1",-0.0932863126027517
"ZHX1",-0.0933304636137248
"NDUFA5",-0.0933359890658699
"HSD17B13",-0.0933626140949725
"FADD",-0.0934945373691287
"NMNAT3",-0.0936458242764984
"TBCC",-0.093752571007496
"RPL13AP6",-0.0938523820208811
"GSTM2P1",-0.0938533622740935
"TBC1D3K",-0.0938672655427459
"MCM6",-0.0938805074426467
"VPS26C",-0.0940257035633215
"KLHDC3",-0.0942301270867088
"HYAL3",-0.0944628527942292
"APH1A",-0.0944711437945663
"KRAS",-0.0945238583728757
"WASHC2A",-0.094603285687288
"LINC02259",-0.0946116586035401
"SQLE",-0.0946847001895862
"SIRT7",-0.0947101407321689
"FBXO3-DT",-0.0947500845213777
"CCDC183",-0.0947792280518266
"VPS25",-0.0947843030916578
"HDDC2",-0.0951863551412572
"RO60",-0.0952585058240067
"RPS24P8",-0.095270505525254
"DCP2",-0.0954160519806445
"SCAF4",-0.0955399525537929
"RPL13AP18",-0.0958583362532135
"MMP3",-0.0958583362532135
"CFAP61",-0.0958583362532135
"PPIAP36",-0.0958929297298282
"KIAA0232",-0.095988988261899
"C6orf141",-0.0960280960054571
"HEBP2",-0.0960888731902963
"EML3",-0.0962691486861201
"GRPEL2-AS1",-0.0962986582207727
"AEBP2",-0.0963131526181326
"CPPED1",-0.0965753552738296
"ZRSR2",-0.0966222220456289
"MRPS17P9",-0.0966908983061586
"SLC16A2",-0.0968347698228643
"TRAF5",-0.0968733558513148
"INO80B",-0.0970541554539396
"TRIM67-AS1",-0.0973142283683443
"MIR4446",-0.0973142283683443
"PINX1-DT",-0.0976544526112095
"H3-5",-0.0977230442251993
"HMGN2P13",-0.0977877319926036
"NELFA",-0.0979248884700734
"WNT4",-0.0979550418189059
"CNIH3",-0.0979738201199195
"MINCR",-0.097998427701616
"PIGC",-0.0980484953351097
"PLEKHO2",-0.0982068633025003
"AUNIP",-0.0983149834570149
"FOXO1B",-0.0984864594475649
"ACTR1B",-0.0987946919660096
"ILF3",-0.0988614257354432
"NACA2",-0.0990775955991308
"SLC43A1",-0.0991313784522069
"PTPRJ-AS1",-0.0992595053391969
"EFL1",-0.0993131529889641
"ANGPTL7",-0.0995514149898048
"PLEKHG1",-0.0998325855625105
"C4BPB",-0.0998553257625207
"PEX5",-0.0999414380002295
"PPIE",-0.0999436612316592
"PSMD13",-0.1000736615828
"RXRG",-0.100304194764238
"KDM2B",-0.100465132930074
"UBTF",-0.1005742147261
"HMGB1P11",-0.100644321116752
"ZSWIM1",-0.100743384268192
"HSD17B10",-0.100796106532787
"ZNF503-AS1",-0.100823820711792
"N4BP2L2",-0.101018956058119
"RPL12P42",-0.101403754944577
"PHB1P15",-0.101404607566975
"LINC02490",-0.101404607566975
"WDR11",-0.101607611740515
"LINC02402",-0.10172647189934
"WDFY1",-0.101814680441533
"SLC25A38P1",-0.101917915631742
"ERVK3-1",-0.102077484998994
"USF3",-0.102134738407286
"HGH1",-0.10250881062402
"EXOC3",-0.102556211113253
"MIR548O",-0.102587866129005
"PPIAP31",-0.102659766103081
"RPL7AP62",-0.102666019384685
"PPARA",-0.102692447021587
"SRP14P3",-0.102894304613392
"ACADS",-0.102914807117135
"RPL17P6",-0.102919747773313
"TPI1",-0.103084135973717
"RN7SL321P",-0.103210947220338
"RPS26P28",-0.103244743255882
"DNAJC19P9",-0.103273722873346
"RIF1",-0.103295495671843
"LRIF1",-0.103325916023229
"PAM",-0.103496152959042
"MIF4GD",-0.103532704950189
"ARPC1AP2",-0.104097363941855
"CIDEB",-0.104145331867404
"MARCO",-0.104191370049535
"REEP2",-0.104191370049535
"RPL10AP6",-0.104315461221648
"ZCCHC2",-0.104362842085631
"RTL9",-0.104432992009307
"MPHOSPH6-DT",-0.104432992009307
"MCRS1",-0.104577157185934
"MAP2K5",-0.104582837505095
"VMA21",-0.104632399184392
"SLTM",-0.104682404481724
"CFAP97",-0.104777910556986
"RPL6P27",-0.104833130800854
"NUMA1",-0.104994676888518
"UBR4",-0.10521028777828
"SMG1P6",-0.105243325590016
"ZNF317",-0.105334462289418
"LINC01079",-0.105398549507122
"RPS4XP22",-0.105730155688963
"NR1I2",-0.105753195588457
"LINC02253",-0.10589708662987
"EID1",-0.105964201206072
"UQCRB",-0.10599950452114
"HK1",-0.106233773100705
"CARNMT1-AS1",-0.106307668929204
"TSPAN4",-0.106314524137296
"LINC00642",-0.106345909618097
"NDUFB9P2",-0.106383191963449
"DBR1",-0.106420330907695
"SRD5A1",-0.106478160755389
"LINC01043",-0.106554374713032
"NIT2",-0.106685350652797
"TRMT1",-0.106733857816929
"OFD1P17",-0.106912882959247
"IRS3P",-0.10706616921447
"CDC26",-0.107391438653159
"RPL13AP23",-0.107453901425794
"CCT6A",-0.107511586408028
"EIF3G",-0.107752825026293
"PSMD14-DT",-0.107765560410637
"CDC42-IT1",-0.107787626916604
"HELZ-AS1",-0.107803570520058
"DDN-AS1",-0.107852073007737
"ASS1P1",-0.107967218093485
"EMC8",-0.10799171140055
"HNRNPKP1",-0.108574002717459
"MRPL50",-0.10880230037309
"RNF216",-0.108806515936545
"TPI1P1",-0.108832252829597
"ACTBP1",-0.108920146330178
"KCNK5",-0.109018915487935
"ZFHX2-AS1",-0.109047907026377
"ZCCHC8",-0.109316403692257
"FAM53B",-0.109366904708722
"WDR7",-0.109444272184839
"GPR88",-0.109662705274014
"RPEL1",-0.109689992907288
"TMEM120B",-0.109879068586307
"PDK3",-0.110039283425417
"ZMIZ1",-0.110312608186481
"TMBIM1",-0.110631622869651
"LINC03099",-0.110704172746281
"SLC25A21",-0.110704172746281
"IFT74",-0.110718615007273
"RPL21P128",-0.110901589084594
"CEACAMP11",-0.110901589084594
"L1TD1",-0.110944790700888
"SLC5A10",-0.111043798360811
"SLC35D2",-0.1111577332595
"SAXO2",-0.111326946268658
"IGFBP7",-0.111496355344831
"CDK5R2-AS1",-0.111591067325358
"OST4",-0.111635835058373
"LINC01891",-0.111695415713961
"PCNX3",-0.111780702296011
"RN7SL834P",-0.111853180346168
"LTBP4",-0.112218959486981
"TPRKB",-0.112219194302497
"ITGA11",-0.112223195152185
"AP1S1",-0.112231516892495
"PLCE1",-0.112256445676648
"SLC66A2",-0.112309415349441
"PSMG1",-0.112386678940811
"PPP1R14BP2",-0.112790071426418
"LINC03111",-0.112790071426418
"CD81",-0.112806294169003
"TMX3",-0.112943760852114
"CDC27P3",-0.112978612875899
"CALM2P3",-0.113007298588321
"ADAMTS16",-0.113213108945495
"RN7SL123P",-0.113213108945495
"RPL7P45",-0.113273925228357
"CSDC2",-0.113499215837255
"SNORD14A",-0.113537599169324
"TMEM225",-0.113547715491218
"NOP14-AS1",-0.113651448409592
"PGK1",-0.113717128289702
"ARID3B",-0.113938806811368
"NECTIN1",-0.114069200401946
"ACTA1",-0.114149348750475
"TEKT1",-0.114149348750475
"SELENOKP1",-0.114155107808051
"SULT4A1",-0.114188324371453
"CA9",-0.114400824271924
"ESS2",-0.114501382217787
"TUBB2A",-0.1145858270938
"SLC43A3",-0.114690603851821
"FGR",-0.114694193510259
"PIK3CA-DT",-0.114780504027206
"HNRNPA3P12",-0.114857407835053
"PAPOLG",-0.115007784589984
"RPLP0P10",-0.115021696370087
"PIK3R1",-0.115056699248771
"SPAG5-AS1",-0.115261869103558
"HSPD1P3",-0.115421842702393
"RPL13AP22",-0.115850694088421
"NAP1L4P3",-0.116170757123955
"ZNF292",-0.116395835835475
"RPL21P3",-0.116529041534464
"TGFBRAP1-AS1",-0.11653272159464
"NFYC-AS1",-0.116660813161495
"RNF220",-0.117007870543339
"EPHA6",-0.117025468858223
"LINC01624",-0.117025468858223
"KIF4CP",-0.117025468858223
"KCNU1",-0.117025468858223
"IGSF5",-0.117025468858223
"SLK",-0.117101119159688
"HNRNPA1P22",-0.11749836155695
"NBPF9",-0.117528631031077
"PRPF31",-0.11756092688617
"SETD2",-0.117665604394257
"CCL2",-0.11778220386804
"RAC1",-0.117873651509693
"SGPP1",-0.117968318545644
"ASB2",-0.117993599982914
"CSNK2B",-0.118171861807052
"DNM1L",-0.118603043859589
"TMEM170A",-0.118729398387196
"PDC-AS1",-0.118735938755363
"RPL9P3",-0.118893876385752
"PPCS",-0.11928298869721
"LY86-AS1",-0.11931689633934
"RPL31P19",-0.119432418449601
"UBE2S",-0.119448053307085
"PTRH1",-0.119475284633044
"AKAP8",-0.119565793999031
"ZBTB25",-0.119574943727007
"RAB27A",-0.119624611774564
"DESI1",-0.120119494753136
"DENND10",-0.120226997138919
"PIN4",-0.120404305595141
"ZNF775",-0.120641290931894
"ZNF428",-0.120707537718347
"INO80E",-0.120765192707854
"EFCAB2",-0.121014312695869
"H3C7",-0.12113172834018
"TRGJP1",-0.121173859357455
"AHI1",-0.121355192103897
"SYNE1",-0.121433136526326
"ADCY2",-0.121503194016316
"PDE6A",-0.121536250486688
"SBNO1",-0.121603647821306
"PRR14L",-0.121605884968862
"VBP1",-0.121877031864822
"RPS10P2",-0.122590739840007
"NOTCH2",-0.122725284088483
"ERICH1",-0.122738099756315
"RPL7P1",-0.122795868758094
"PHF13",-0.122962911136905
"RPS15AP19",-0.123032214319142
"MKS1",-0.123202276469381
"ZFP62",-0.123362125940238
"MRPL13",-0.123521319669232
"LRRC8C-DT",-0.123644127936605
"RERE-AS1",-0.123845513878452
"NAT10",-0.123856758028463
"ECH1",-0.123897518791691
"OR10K1",-0.124167726824165
"COL5A3",-0.124281299324461
"DGUOK-AS1",-0.124422621632113
"SRGAP2C",-0.124598502885687
"TOMM20",-0.124634652438103
"LINC00867",-0.124691155960454
"TBC1D22A-DT",-0.125063567251659
"ATG16L2",-0.125068189702345
"EEF1DP8",-0.125163902727802
"RNPC3-DT",-0.125264463887587
"KRT85",-0.125531148990992
"SF3A2",-0.125591656360306
"MIR1244-4",-0.125744795647333
"SPRED1",-0.126042563779883
"CSNK1D",-0.126282479342162
"C1GALT1",-0.12639848889219
"TRMT10B",-0.126526559933133
"C21orf91",-0.126554588098539
"ZDHHC7",-0.126674838520299
"ACBD6",-0.12682202872942
"LINC00885",-0.126911710366881
"CCNQ",-0.127158936596173
"MAX",-0.127226248527006
"PLEK2",-0.127266166523437
"HINT2",-0.127362143173349
"DSCR9",-0.1273762161418
"ZCCHC10",-0.127420372413053
"PREP",-0.12759916922144
"TMTC2",-0.128139128360911
"GCN1",-0.128822923417353
"PGAP2",-0.128840513673459
"ZC3H12A",-0.128921867702441
"DOCK2",-0.129126476925552
"NEUROG2-AS1",-0.129414557389059
"TSNAX",-0.129495136562138
"CYB5R3",-0.129612171511223
"ZNF24",-0.129674104391879
"BRF1",-0.129818198227361
"MRPL57",-0.130111755476116
"LINC01348",-0.130173210999261
"MRPL20",-0.130238914655234
"FXN",-0.130412137533321
"PRPF31-AS1",-0.130442394104653
"SUPT6H",-0.1305300339617
"OARD1",-0.130774325583568
"MEGF11",-0.131267953973326
"DAXX",-0.131359229110852
"LINC01116",-0.13146320689284
"FNDC10",-0.131509008749069
"HSDL2",-0.131729360069885
"MED22",-0.131849776108708
"MIR3918",-0.131858921737339
"CD72",-0.13190344858212
"TIPRL",-0.132191072507199
"ACBD5",-0.132399182590225
"H3P12",-0.132829201658345
"RNF4",-0.133277520438521
"MAF1",-0.133642677722841
"LAMP1",-0.133660559361483
"AGO2",-0.133795526997378
"CLYBL-AS1",-0.133955653457285
"COMMD7",-0.134125290871378
"CCDC61",-0.134126600078885
"TUBB",-0.134271447310459
"MIR3976HG",-0.13430646434437
"CNOT2",-0.134489323702561
"PAPPA2",-0.134670713238983
"CENATAC",-0.134892497370404
"TBRG1",-0.134936555301453
"RNPS1",-0.134968063954972
"MST1R",-0.135079614481898
"SLC2A1",-0.135171791358067
"DUS2",-0.135246754989137
"RABL6",-0.135413816069477
"PIBF1",-0.135596833974069
"AIMP2",-0.135652481641543
"EBNA1BP2",-0.135728966861367
"ZNF846",-0.135945937182456
"DCAF15",-0.13599081462628
"PSD4",-0.136185987946449
"TFAM",-0.13646520748326
"NSL1",-0.136506710768386
"LRRC7",-0.13661612212248
"LINC02033",-0.13680181293579
"ST13P4",-0.136848556114478
"DPF3",-0.13712978125289
"GUF1",-0.137274027377315
"ZNF789",-0.137333799051317
"LDHAL6A",-0.137495726241466
"TIFA",-0.137626540270989
"STX2",-0.137721477136949
"SUMO2P6",-0.137862185965252
"GAS8",-0.137960775930217
"PTPN18",-0.138243622822151
"SERBP1P1",-0.138352128852976
"SDAD1P2",-0.138477596685342
"CSAD",-0.138695566096539
"LINC00398",-0.13893983801232
"C19orf73",-0.139011508718304
"SAP30P1",-0.139013417158549
"LINC02834",-0.139013417158549
"LINC01519",-0.139013417158549
"LINC01834",-0.139013417158549
"TDRD10",-0.139017391550273
"BEND3",-0.139055622272032
"LMAN2L",-0.1393438840006
"RNPS1P1",-0.139419453935452
"RRAS2P1",-0.139434368684384
"SOCS7",-0.139466593245143
"ENTPD8",-0.139530815731594
"LRRC75A",-0.139696220117513
"GBGT1",-0.139888630856904
"ACTRT3",-0.140184551701881
"SRP14P1",-0.140247903913338
"PSMA1",-0.140268811445986
"LINC01394",-0.140291980524111
"ARL4AP5",-0.140368302070432
"TSEN15",-0.140617065971966
"LCN9",-0.140731519761368
"ATG12P1",-0.140731519761368
"RARA",-0.14086160009116
"ACTG1P11",-0.141031420448855
"PSME2P5",-0.141345082834996
"RPL21P116",-0.141345082834996
"TDP2",-0.141379835234525
"ARL17B",-0.141498621284104
"LEMD1-AS1",-0.141579939043267
"UTP23",-0.14159247760921
"ADA",-0.141840032715407
"ZMAT4",-0.14208597164195
"FGF22",-0.1421168555758
"EFNB3",-0.142357907929578
"ZKSCAN7",-0.142568695916507
"RPL21P37",-0.142649059556503
"NDUFB1",-0.14271547539369
"CNOT7",-0.143497109719513
"KRT8P35",-0.143532344991729
"UBE2FP1",-0.143547428893502
"SLX1B-SULT1A4",-0.143606120897779
"FARP1",-0.144111525878042
"MYLK",-0.144597578629047
"MEMO1P1",-0.144698288304355
"NGDN",-0.14508889245993
"RAB11FIP1P1",-0.145153990318064
"MT-ND1",-0.145413488092958
"RNU6-1024P",-0.14559138353671
"MXD3",-0.145651097561638
"SRSF11",-0.145773531431106
"PPP1R35-AS1",-0.145839158587668
"H2AC19",-0.145936824274187
"SMC6",-0.146158718372013
"ACP6",-0.146191574413965
"RNU6ATAC39P",-0.14624956410965
"FCF1",-0.146292125877453
"TMEM187",-0.146292895108165
"PTCD1",-0.146383995134515
"ZC4H2",-0.146506073707834
"RAPGEF6",-0.146907429772052
"OIP5-AS1",-0.147064318705333
"MTND2P28",-0.147157744166207
"RPL5P5",-0.147230642318509
"NFKBIB",-0.147319638889259
"RN7SL382P",-0.147540714930262
"GJA4",-0.147560629814618
"UGT2B17",-0.147560629814618
"FFAR2",-0.147581770774475
"C4orf3",-0.147680477187609
"POMP",-0.147805016502338
"TMEM109",-0.147839503754339
"FCHO2-DT",-0.147909691429362
"LMCD1-AS1",-0.148165081999591
"UBE2HP1",-0.148260784502746
"PPIAP59",-0.148260784502746
"OR7E154P",-0.148379109452091
"ACTG1P19",-0.148379109452091
"LINC02822",-0.148379109452091
"LRRC37A4P",-0.148379109452091
"PGDP1",-0.148379109452091
"NDUFS7",-0.14867214530583
"WDR97",-0.148939528432128
"TMEM52B",-0.149090629562532
"MTFR2",-0.149403979596638
"TMEM43",-0.149599241815092
"MTND4P35",-0.149882586420013
"MSANTD7",-0.150257820503135
"BANF1P3",-0.150415541424685
"UBXN2A",-0.150466087287685
"THAP10",-0.150725855680986
"NDUFA3",-0.151215535153256
"ULBP3",-0.151471538305845
"FOXF1",-0.152095514097194
"SF3B3",-0.152145362369466
"MPDZ",-0.152403916879114
"PIK3AP1",-0.152506906768254
"FAU",-0.152584889849569
"NDUFA4P1",-0.152667568550349
"RNU7-45P",-0.152789587486027
"C14orf132",-0.152836252356982
"KRT86",-0.153448325757061
"RANBP3L",-0.153581122354
"ARMC10",-0.153775568069553
"ASAH1-AS1",-0.154007114121754
"HOXD10",-0.154065699314201
"JARID2",-0.154066041815778
"TRAPPC2",-0.154127844119143
"HNRNPA1",-0.154138660999346
"SUCLA2",-0.154457531046836
"PRPF38B",-0.154655968101279
"DEPDC4",-0.154793731334097
"APBA3",-0.154867091908037
"RPL27A",-0.155272679255173
"RPL12P33",-0.155389763690298
"RPS2P53",-0.155389763690298
"ADAMTSL4-AS1",-0.155603577163255
"TUSC8",-0.15563958756054
"TXNRD3",-0.155929846321234
"PHB1P3",-0.156045289400007
"ST6GALNAC4P1",-0.156612713724618
"PGM5P4-AS1",-0.156688133843776
"NAP1L4",-0.156709670194133
"AGFG1",-0.156755095498171
"LINC02847",-0.156760195564395
"FNTAP1",-0.156760195564395
"GPR26",-0.156760195564395
"RPL21P110",-0.156760195564395
"DLEU7",-0.156760195564395
"PTPN2P2",-0.156760195564395
"LINC01497",-0.156760195564395
"IGSF23",-0.156760195564395
"LINC02615",-0.156761873845473
"LINC00621",-0.156968802300552
"RPL30P4",-0.157198464670816
"TRBV16",-0.157198464670816
"KLK10",-0.157268818430503
"RPL21P75",-0.157353753213067
"ZFYVE19",-0.157932424287896
"CCT5P1",-0.158043532141705
"ESYT1",-0.15805689239574
"MRPS18CP7",-0.158223282993264
"HNRNPDP1",-0.158449841081799
"FAM207BP",-0.158449841081799
"ADGRG3",-0.158449841081799
"SMG1P7",-0.158449841081799
"RNF24",-0.158456829997877
"BACE1",-0.159278840032148
"PRPF40A",-0.159352246762771
"NR2C1",-0.159375237807042
"RNU5A-3P",-0.159392629004147
"DSG1",-0.159392629004147
"RTCA-AS1",-0.159561246197943
"KCNH1",-0.159581952547764
"SOX1-OT",-0.159581952547764
"KIAA1143P1",-0.159581952547764
"HADHA",-0.159636146562366
"EMCN",-0.15971518956615
"ADAM18",-0.15971518956615
"GHRL",-0.159718669007459
"RPLP0P5",-0.159944597598537
"CFL1P6",-0.159944597598537
"RGS17",-0.159944597598537
"SRD5A3",-0.159962952994051
"MMP2",-0.160251762930084
"NUMBL",-0.160319537723366
"CAPZA1P1",-0.160343964070137
"CLDN15",-0.160398060112953
"CRYBA2",-0.160512256924864
"MGAT4D",-0.160512256924864
"LEP",-0.160512256924864
"RPS12P23",-0.160512256924864
"GFRA4",-0.160512256924864
"FTLP5",-0.160512256924864
"EPC1-AS2",-0.160786003112521
"TTC23",-0.160865048104247
"LINC02572",-0.16105834672174
"RNU6-946P",-0.161077544604045
"FAUP1",-0.161085320943733
"COMMD1",-0.161138649611777
"LIPT2-AS1",-0.161300344033799
"NFKBID",-0.161653888829047
"OR10R1P",-0.161664716162907
"SMC3P1",-0.161664716162907
"CXCL11",-0.161664716162907
"SKA2P1",-0.161664716162907
"LINC01257",-0.161664716162907
"DIAPH1-AS1",-0.161708761241352
"SNRPCP5",-0.161769657389547
"RPL7P46",-0.161831808576032
"GALNTL5",-0.162287554388419
"LINC00926",-0.162420072923141
"NINJ1",-0.162635254112082
"B4GALNT2",-0.16276203153631
"EEF1GP5",-0.162766269523841
"DNAH1",-0.162842322380689
"H3-3B",-0.162944746954421
"PDSS1",-0.163004342847351
"PPP4R4",-0.163180283483072
"OPTN",-0.163275427489497
"RAP2B",-0.163392823124621
"KAT6A",-0.163850324320519
"SWT1",-0.163851078106178
"MRPS25",-0.163865119968019
"ITSN2",-0.16386612230082
"SKIDA1",-0.163960998450639
"AP2S1",-0.164081471941103
"EXOSC3",-0.164110881142141
"UBE2V1",-0.1641616793411
"BEX4",-0.164164126480892
"TATDN1P1",-0.164247553721838
"KCTD14",-0.164349012028017
"MLNR",-0.164369053061129
"DNAJC9P1",-0.16467883165674
"GSK3B",-0.164933051785686
"PIN1",-0.165165916749216
"RAET1L",-0.165459043885577
"CASQ2",-0.165506273256746
"ACTG1P9",-0.165661573341463
"SDCBPP3",-0.165787937480873
"AP1G2-AS1",-0.165934907605791
"CPAMD8",-0.166040773709927
"FAM99B",-0.166119201376073
"ERP29",-0.16624258752882
"GAK",-0.166318891988676
"COX5B",-0.166390202215652
"SPIDR",-0.166455455386052
"SNAI3",-0.166749164094348
"INPP5F",-0.166780070968827
"HACD2",-0.167018515191447
"TLN2",-0.167161201105922
"RN7SKP235",-0.167440881018922
"OR7E41P",-0.167440881018922
"BIRC6",-0.167548344637845
"WDTC1-DT",-0.167665195667803
"GLIS2",-0.167889306577689
"LINC03006",-0.168039920018843
"AMN1",-0.168317545671945
"MLXIP",-0.168379362512858
"PCDHGA8",-0.16842320793887
"TCEAL7",-0.16842320793887
"LINC00839",-0.16842320793887
"RANP1",-0.168463775889927
"EIF3J",-0.16849817298273
"ALDH3B2",-0.168557473571609
"RPS27P17",-0.168898032926703
"RPL37P11",-0.168927353276238
"EIF1B",-0.168963332477878
"FAM216A",-0.169057351879997
"CAMSAP1-DT",-0.169672767985444
"TRAK2",-0.169712208209145
"CDK5RAP3P1",-0.169780444671297
"AGAP2",-0.16981450004157
"RPL19P4",-0.169851415463069
"LINC01859",-0.169851415463069
"LINC02974",-0.169937504040159
"TIMM8BP2",-0.169949887349615
"DANT1",-0.170119573474563
"NBPF17P",-0.170281586745627
"DUSP3",-0.170281601689803
"ZEB1-AS1",-0.170357072959911
"YJU2B",-0.170643003423444
"RPL23AP74",-0.170810689796588
"ARGFXP2",-0.17084104247436
"ALX3",-0.170855285392153
"PLP2",-0.17090867426584
"LITAF",-0.171467084282025
"LINC00941",-0.171693842577034
"SPOCK1",-0.171791064279637
"EEF1GP1",-0.171791064279637
"CNN2P4",-0.171791064279637
"RNU7-12P",-0.171791064279637
"ZNF521",-0.171791064279637
"OSCAR",-0.171791064279637
"GLI4",-0.171907250823035
"SMC4",-0.172306941466773
"GPER1",-0.172483513486705
"TUSC3",-0.172505700858722
"EIF3M",-0.172817149794018
"RAB11FIP2",-0.172915722393872
"NBPF19",-0.173241442856189
"ABCA8",-0.173378770931884
"CDK7P1",-0.173442664861186
"GJB5",-0.173463835966857
"COL11A2",-0.173463835966857
"LGR4-AS1",-0.173463835966857
"KRT31",-0.173463835966857
"MAPRE3",-0.173626345928124
"CFAP46",-0.173720508837474
"ADGRE5",-0.174087521736269
"CUL2",-0.174152867643345
"EFHD2-AS1",-0.17419377504202
"RHD",-0.174197528248242
"ARHGEF15",-0.174680573307322
"MICOS13",-0.174871412703164
"EIF3FP3",-0.174916335003794
"RPL10P16",-0.174986294415041
"MRPS21",-0.175104897436738
"INTS3",-0.175339303171768
"SPDYE16",-0.175358976462115
"PPIAP23",-0.175553325779827
"PPP4R1-AS1",-0.175624460765524
"OTUB1",-0.175626960184956
"IPO4",-0.175798029811093
"LINC00992",-0.175995626635778
"COX17",-0.176003009424654
"PDPN",-0.176410146918046
"ATP5MJ",-0.176459013544281
"ATXN2",-0.17650058465693
"RNU6-387P",-0.176787135146857
"SIK2",-0.176871086850178
"C22orf23",-0.177417707419375
"ROPN1L-AS1",-0.177651270737041
"UBE2D3P1",-0.177707051259985
"RXYLT1-AS1",-0.177741332766761
"KRT18P63",-0.17777864110065
"TMEM254",-0.177936971021173
"SF3B1",-0.178107553517292
"API5P1",-0.17813626836267
"EIF1",-0.178314334149545
"HNRNPA3",-0.178339991236017
"SIK3",-0.178359486698205
"MTBP",-0.178511069436635
"PFN1P9",-0.178906696232085
"PRXL2A",-0.179131530205885
"TMEM199",-0.179179112613213
"AJM1",-0.17925658759115
"CNFN",-0.179407327566583
"TMEM272",-0.179489953236104
"ZNF175",-0.17961619892832
"RASAL3",-0.179852944139758
"LINC03073",-0.180174838736778
"AMD1P1",-0.180241703305447
"OR7M1P",-0.180241703305447
"PTENP1-AS",-0.180496144133663
"SH3BP2",-0.180640093483406
"THSD4",-0.180740874099176
"UTP14A",-0.180746940110994
"NSUN5",-0.180841510487139
"LINC00920",-0.18096398863358
"RNF213-AS1",-0.181199500121801
"ELOB",-0.181298479562804
"NDUFS6",-0.181547331801465
"HMGN2P7",-0.18243379001145
"RBM42",-0.182466867321159
"ZMAT5",-0.182526337395274
"CXCL9",-0.18313071246785
"SPDYE17",-0.183596020387664
"ABHD13",-0.183688452412842
"RANBP9",-0.183723202609577
"FGFR3",-0.184634375583915
"HDAC10",-0.184657338393162
"BCL6",-0.184913090846743
"PTMAP10",-0.185032956868862
"UQCC3",-0.185205758327488
"KYAT3",-0.185446416597813
"TAOK2",-0.185546132260926
"ZNF609",-0.185650273447542
"SNTA1",-0.185705197100014
"CADPS",-0.186244129764048
"FLICR",-0.186244129764048
"WSCD1",-0.186244129764048
"FPR1",-0.186244129764048
"RPL23AP3",-0.186244129764048
"ABHD14B",-0.186430798345229
"SMPDL3A",-0.186470641845774
"NKAP",-0.186471858633783
"TMEM94",-0.186669492035688
"M6PR",-0.186687398546818
"PRKDC",-0.18671541189434
"RBBP4P2",-0.186852331053835
"THOC3",-0.187022025477678
"RPS26P58",-0.187168330260536
"HMGN2P15",-0.187182161927841
"ZFP92",-0.187618087862716
"IFT25",-0.187635292984295
"RPL27AP4",-0.187905718062905
"TNFAIP6",-0.187905718062905
"BCHE",-0.187905718062905
"RPS26P2",-0.187905718062905
"MFAP5",-0.187905718062905
"TUBB8P5",-0.187905718062905
"TUBE1",-0.189128865185472
"RPL7AP16",-0.189154363852989
"HNRNPA1P12",-0.189232137845037
"FABP5P2",-0.189671026395789
"UTY",-0.189699117322162
"FAM174C",-0.190026646586282
"PCDHA4",-0.190311433105281
"DNAJA2",-0.190685103073998
"RPL15P14",-0.19071474960334
"HTRA3",-0.190799151829647
"METTL16",-0.191041322474878
"SCEL",-0.191042090823359
"CDK19",-0.191559657345738
"LINC02869",-0.192296886396941
"RPA3P2",-0.192296886396941
"DIPK2B",-0.192296886396941
"RFLNA",-0.192296886396941
"CLEC18A",-0.192296886396941
"RPL17P9",-0.192427770239496
"WDR47",-0.192720603301424
"UBE2NL",-0.192756689354064
"COTL1P1",-0.192823255007699
"MIX23P1",-0.192823255007699
"RPL32P5",-0.192823255007699
"ROMO1",-0.193134251888382
"MRPL12",-0.193147810557693
"MGRN1",-0.193195411125998
"GARRE1",-0.193515871223031
"TBCAP1",-0.194146096505781
"UBE2D2",-0.194283211854776
"CNTN1",-0.194624497754858
"LINC01134",-0.19486882743293
"AKR1C8",-0.195024749590516
"TOB2",-0.195889914473875
"NCAPD3",-0.195918845309902
"NFAT5",-0.19599490312575
"NECTIN3-AS1",-0.196037565873213
"COX5AP1",-0.196187342465839
"DSC1",-0.196187342465839
"SLFN13",-0.196207429973241
"HMGN2P6",-0.19622351552821
"PARD3",-0.196374113181826
"ATP6V1D",-0.196379039379158
"C1orf167",-0.196884681053504
"TMEM275",-0.197381367353985
"CCNG1",-0.197527355840845
"EBP",-0.198215952732346
"FAM111A-DT",-0.19840038843219
"DAZAP2P1",-0.198433528230247
"SDHB",-0.198524759874577
"DYNC1LI1",-0.198544142393771
"VAMP2",-0.198568134867389
"RXYLT1",-0.198631498669944
"LPO",-0.198707548757788
"SMC1A",-0.199028768266247
"LYPLA1P3",-0.199068247386857
"PNRC2",-0.199077672285991
"RPSAP15",-0.199209943251512
"RPS19P7",-0.199354511668145
"MRPL9",-0.199478835603604
"RPL35P5",-0.199704217186553
"EXOC7",-0.199783584358672
"SBF1",-0.199785437365085
"PHB1",-0.20011709675657
"URM1",-0.200763892184643
"LRRC3-DT",-0.200948290623055
"EXOC2",-0.201264528479867
"STX5-DT",-0.201607837690545
"CA5B",-0.202017668304374
"OGFOD2",-0.202235942548301
"LINC00844",-0.202509350401152
"MALT1",-0.202607964572506
"ZNF207",-0.202639585728217
"WASHC1",-0.202931656248662
"IFI6",-0.203670209922853
"FAM13B",-0.203713418674485
"C9orf85",-0.203720433172261
"NEURL1B",-0.203795809240991
"LINC01646",-0.204443551128324
"DNAJB6P6",-0.204443551128324
"CADM2",-0.204443551128324
"IGBP1P3",-0.204443551128324
"MTR",-0.204756532618615
"PRKAR2B-AS1",-0.204772351762474
"KIAA1191P1",-0.20497932801529
"SNRPD1",-0.205013573265421
"CKS1B",-0.205295169768557
"ANKLE2",-0.20530151684511
"PKP4P1",-0.205636421557286
"EIF4EP3",-0.205886652420116
"LINC02756",-0.205886652420116
"FAM168B",-0.206079556220293
"HCG27",-0.206116384329908
"COL18A1",-0.206171399929576
"SRPK1",-0.206584844355674
"STAT1",-0.207312526934531
"MTCO1P53",-0.207574724131691
"KCNN4",-0.207673175870076
"ZNF143",-0.207732112042863
"HENMT1",-0.207794301949731
"HPF1",-0.207929370024524
"SCAF11",-0.207969976398178
"RPL7P32",-0.208081785956161
"TTC1",-0.208189790491577
"LINC00415",-0.208355509090271
"UPP1",-0.208537630732782
"SNRNP70",-0.208582804569642
"TMEM14DP",-0.20937705788466
"NRIP2",-0.209463702194108
"RPL29P33",-0.209590272152511
"ARHGAP28",-0.209645306338259
"HSP90AA3P",-0.209649656843594
"NRXN1",-0.209760068751
"PBLD",-0.209919936789865
"FARS2",-0.210513987361693
"C2CD4D-AS1",-0.210542465118026
"UCKL1",-0.2106336349625
"UHRF2",-0.21098149829719
"OSGIN2",-0.21126983621719
"XRCC5",-0.211602846752417
"IFT43",-0.211892634127877
"NSD1",-0.211948456291886
"NGRN",-0.211954867217392
"CAVIN1",-0.212063535193066
"SPAG7",-0.212118308281171
"SLC4A1APP1",-0.212154337712384
"C15orf61",-0.212347821943074
"SETSIP",-0.212716166738281
"RPL35P10",-0.212736872861591
"RPL31P63",-0.213095672692475
"H2AJ",-0.213147106661728
"CDH4",-0.213290822729744
"GRK2",-0.21380195854528
"ZNF579",-0.213898749775564
"CEP120",-0.214351556234197
"AKR1C4",-0.214353339081521
"SLC20A1-DT",-0.214769901823304
"LINC00640",-0.215347850909881
"CSTF1",-0.215606514237887
"TMEM266",-0.21563763969817
"MRPL41",-0.215802460350946
"GOT1",-0.217075098696659
"ACTBP9",-0.217416742762065
"HAUS1",-0.217559066985848
"TMX2P1",-0.217562072964634
"RPL10",-0.217868647930621
"UBXN2B",-0.218097468139156
"HIGD1AP1",-0.218460483252214
"NFYA",-0.218671861794719
"GPS2",-0.218752874180247
"UBE2L6",-0.219321253422465
"UBR1",-0.219364979104235
"FAM228B",-0.21952853912765
"SEH1L",-0.219546444303102
"BCAN",-0.219917124269398
"AMZ2P2",-0.22078724189803
"SUN2",-0.221175818663374
"YEATS4",-0.221227420150018
"SGO1-AS1",-0.222579140776656
"IGSF6",-0.22276334852097
"TMEM185AP1",-0.222788524546172
"PLCZ1",-0.222788524546172
"MIR3680-2",-0.223246474678134
"RSL1D1-DT",-0.223892044787809
"KIF3B",-0.224458959279476
"KATNA1",-0.22451331248071
"RTL8A",-0.224896351767524
"RPS3AP5",-0.224989373024893
"TMEM9B",-0.225111255726156
"SH3BP1",-0.226278447383765
"SZRD1",-0.226330699043194
"SLC35G5",-0.226517264607424
"SLC25A22",-0.226534495451496
"VAV1",-0.226780125376857
"JCAD",-0.226990359570056
"MATR3P3",-0.227402847662239
"VDAC1",-0.227407815242344
"PTMAP11",-0.227450157698151
"SRFBP1",-0.227866441791859
"POLR2J",-0.228167317835699
"CYP4B1",-0.228375121475368
"BFAR",-0.228441266443904
"MARK2",-0.228525907064348
"CSTF2",-0.228664086409099
"EEF1A1P35",-0.229178659696724
"ALDH1A2",-0.229203056429958
"RASA4B",-0.229371001986471
"LPAR2",-0.229821970940496
"UQCC2",-0.230068711437246
"MFAP4",-0.230136262077042
"ZIC3",-0.230593742001562
"CHD8",-0.230621926906001
"NMNAT1",-0.230757600294783
"AP1B1",-0.231025322622813
"ACACA",-0.231471516410532
"ACKR3",-0.231598326406412
"SELPLG",-0.232281709569995
"CDIPT",-0.232339951291238
"MRPL44",-0.232346080779373
"EXOSC5",-0.232454812998774
"ATP11B-DT",-0.233267473964377
"ERG",-0.233334843016177
"ECSIT",-0.233432128678039
"COPS5",-0.233594162439199
"UBE2W",-0.234237364655686
"SDSL",-0.23457146721543
"KDM5B",-0.235050761041884
"PPM1G",-0.235537154921444
"TMEM216",-0.23566297596503
"LINC03082",-0.235896429200827
"FABP5P10",-0.236040997763633
"ATRN",-0.236742727893438
"SPTB",-0.237383580587292
"ANXA10",-0.237884931259032
"IFITM3",-0.238099606271981
"GIMAP3P",-0.238347572919126
"DCUN1D1",-0.238811751487664
"MPLKIP",-0.239254942062499
"RPF2",-0.239445374882134
"TXN",-0.240291393977083
"NAPRT",-0.240702751530135
"COX6A1P2",-0.241225095229341
"TCEAL9",-0.241227017448977
"MSANTD2-AS1",-0.2415648170265
"LINC02889",-0.24179157740223
"ACTR3-AS1",-0.241821300393299
"TAGLN",-0.24262668603908
"MYCBP",-0.242630194956045
"ZNF474",-0.242797509873906
"SARAF",-0.243101797407163
"MAPRE2",-0.243472420363015
"DEDD2",-0.243688970440458
"THAP7-AS1",-0.244269073157947
"NMB",-0.24439281523766
"ARL13B",-0.244420569590895
"ERRFI1",-0.244483053632678
"CD2AP-DT",-0.244618274108804
"PTPN7",-0.245155523676479
"FAM242C",-0.245449678748395
"NR2F2-AS1",-0.245798775132618
"GLIPR1",-0.246301312124611
"HLA-S",-0.246557732405741
"TAX1BP1-AS1",-0.246739675987937
"ARFGEF1",-0.246934219021165
"SNRPD3",-0.247240558213119
"HELZ2",-0.247270875046981
"ALDH7A1",-0.247563971865712
"CYBRD1",-0.247715870794179
"INVS",-0.24831593377266
"DDI2",-0.248378747811435
"PLEKHB2",-0.24838466795835
"NT5C1A",-0.248665624975446
"CDC37",-0.248786369887719
"MRPL28",-0.248787456116646
"CYCSP52",-0.249247915644978
"STX7",-0.249319095137958
"TRAJ3",-0.249352730651745
"LDHAL6EP",-0.249821811627268
"KMT5C",-0.250339956897011
"PPP1R8",-0.250781973361391
"HIKESHI",-0.25095178603348
"CFAP157",-0.251088462762304
"AQP3",-0.251281745211504
"FHIP1A",-0.251902041001821
"HUS1",-0.251985918277055
"LINC01107",-0.252477851239598
"TCAF2C",-0.252495966482065
"EXOG",-0.252523199730519
"THOC6",-0.252584364065368
"NFU1",-0.252702826765157
"POLR2J3",-0.252752223286095
"NFIA",-0.253126934195283
"CCT2",-0.253541230356878
"GAPDHP68",-0.253969295091567
"BRD3",-0.254062976661307
"BUB3",-0.254209644701378
"PARP9",-0.254219530609921
"ARMC7",-0.254387259075912
"STYXL1",-0.254393243018869
"CMBL",-0.254555326888224
"MIR708",-0.254707949663943
"PCMT1",-0.255124047739837
"PURA",-0.255152162979687
"LYPD1",-0.255213293502882
"ZBTB7A",-0.256185864632694
"RASAL2",-0.256690815712581
"GNG3",-0.256784533253634
"RPL7P11",-0.256928648337845
"OR4D1",-0.257524062734039
"FASTKD1",-0.257633503727365
"EIF3K",-0.257917876510384
"KBTBD12",-0.258340382482774
"TMC2",-0.259613632222866
"RPP40",-0.259749835432611
"MVB12A",-0.259810140691038
"TSPAN17",-0.259930074290721
"LINC02873",-0.259978763871406
"CRYBG1",-0.260056587133837
"SNAPC2",-0.260140242756899
"MTCH1",-0.260194577578923
"RAB11FIP4",-0.26049768495109
"APOBEC3D",-0.260791754758669
"CCDC86-AS1",-0.26098417688115
"SHANK3",-0.261098316182717
"PANK2",-0.261456712859088
"MTHFD2P7",-0.262191891152501
"SP100",-0.26277363067322
"CCNT1",-0.263168392750907
"IL36B",-0.263211230549219
"SEC31B",-0.263238833217651
"THRAP3P1",-0.26355819380437
"SIGLEC15",-0.26355819380437
"CCL3",-0.263774028303544
"ADH4",-0.263782681030601
"CLMP",-0.263830369748062
"RBM38",-0.264440433629306
"DVL2",-0.264901754974221
"PPP1R7",-0.265049986653314
"DECR1",-0.265206594566126
"GRM6",-0.26537114209039
"RFXAP",-0.265544744105905
"C9",-0.265720226679942
"LINC02562",-0.265952348799048
"CEP295",-0.266239829294458
"C11orf71",-0.266328194713303
"RNU1-134P",-0.266406955807755
"CNNM1",-0.266734312527347
"RPL21P98",-0.266744175770675
"PHC1",-0.266896533339283
"SEC14L6",-0.267516059342828
"TCHP",-0.267801136976159
"PWWP2B",-0.268434054580061
"CALCOCO2",-0.2692260123888
"XCR1",-0.26954856665606
"CLIP1",-0.269692877287894
"ZDHHC12-DT",-0.270115140594761
"LINC02687",-0.270524695637634
"ZNF444",-0.270590565545016
"HNRNPA1P51",-0.270726334969466
"FGFR4",-0.270901108818553
"C1QTNF1",-0.270918529008079
"STAU1",-0.271107734464479
"LINC01694",-0.271547784727827
"CXCL2",-0.271671992514189
"RPL13AP24",-0.27169772992856
"SYCP2",-0.271956034327611
"HSD17B2-AS1",-0.272282597953346
"RAB25",-0.272352605845248
"ZNF687",-0.272482461247495
"SYNE4",-0.273041476544784
"ZCCHC7",-0.27334182567675
"PSMB7",-0.273371416513721
"RASSF2",-0.27340012557485
"CD93",-0.274058287592726
"LINC00930",-0.27415192499139
"CEMIP2",-0.274176247625762
"PNPLA3",-0.274618601456361
"RBM38-AS1",-0.274669521487395
"RPL7P42",-0.27512761354934
"RPL39P36",-0.27516294620503
"ESRP1",-0.275286517753775
"THEM5",-0.275458943840401
"MIR8086",-0.275857610037821
"KIF25-AS1",-0.276333405089633
"MKRN2OS",-0.276431443203705
"NAAA",-0.276603115285965
"ACAT2",-0.27670323910694
"EML5",-0.27693384772429
"RPS26P55",-0.277197832692672
"ATP2C1",-0.277205455624328
"KCNQ1",-0.277779143503164
"PI4K2A",-0.277878926538562
"LARP7",-0.27795365238274
"HNRNPA1P40",-0.277977324444607
"RPL5P11",-0.278015158343842
"INHBC",-0.278015158343842
"SMNDC1",-0.27873035512923
"LRR1",-0.278731023248167
"INTS11",-0.278993326592901
"KRT5",-0.279395966844894
"KLF11",-0.279586479752932
"HDAC2",-0.279813915065259
"TACC1",-0.279879558827318
"MT-TP",-0.280236037914437
"KTN1",-0.28031989886739
"CELA2B",-0.280603057376345
"ASTE1",-0.28074042188525
"BICRAL",-0.280973752743048
"ITGA9-AS1",-0.281229026609442
"YPEL3-DT",-0.281289090398875
"PSMA6",-0.281807637634206
"VHL",-0.282177754503387
"TRIM7",-0.282321693139287
"RPS7P11",-0.282593557885269
"RPGRIP1",-0.28294654053697
"NAP1L1",-0.283203049256251
"IGHEP2",-0.283243077895132
"DIS3L2",-0.283381064557176
"NAA25",-0.283937934529447
"RNF6",-0.284154380953169
"RPAIN",-0.284379064099486
"RN7SL98P",-0.284824992095137
"PPIAL4F",-0.284981875604659
"RSPH14",-0.285289272720137
"LRRC37A16P",-0.285774790531134
"MBOAT1",-0.286091641441809
"CHCHD5",-0.286428209806563
"ALYREF",-0.286960883918305
"DUX4L37",-0.2870805734749
"MUC22",-0.287179079962367
"GFUS",-0.287187368443601
"PGAP6",-0.287291727865639
"RPL32P18",-0.287357526166161
"SNAPC5",-0.287808084567786
"GNE",-0.288376735159672
"RSU1",-0.288449897199794
"OR2W1-AS1",-0.288533273934192
"MTCO1P12",-0.288938157200784
"SERPINH1",-0.288965593447158
"RPL37P23",-0.289321715592833
"ALG1L15P",-0.289419016376638
"USB1",-0.289438435233901
"PORCN",-0.289523681890519
"NPIPB13",-0.289531266917479
"THEM6",-0.289791451696226
"RHOF",-0.290490831891476
"MRPS11",-0.291452624620323
"ASPSCR1",-0.292128121338613
"RAE1",-0.292208019474697
"PDCL3P2",-0.292584862445222
"RNU6-1301P",-0.293635506893027
"MPHOSPH6",-0.294088329379822
"BABAM2",-0.294145988485098
"CLK2P1",-0.294349796873947
"PRELID1",-0.294579565509128
"PHLDB3",-0.294802483012172
"LASP1",-0.295235847759411
"CEP70",-0.295423926489062
"TSR3",-0.295556517259036
"STEEP1",-0.295794463425931
"TRMT10C",-0.29615093346781
"PPP2R3C",-0.296186759779084
"YBX3P1",-0.296459450073337
"SP110",-0.296777901643894
"TBC1D10B",-0.297625162235755
"FLYWCH2",-0.297745875727413
"GET3",-0.297752141574614
"PHB2",-0.29801935385764
"CCDC66",-0.29833297307039
"CLGN",-0.298527306802831
"RPS15P9",-0.298803437793573
"CBR3",-0.299404263597351
"NT5C3AP2",-0.299607982580388
"RPL34P29",-0.299607982580388
"FANCA",-0.29972368474165
"DPY19L2P3",-0.299870298283978
"CHD6",-0.300870371411584
"SEPTIN6",-0.301522600930715
"SH3D19",-0.301700488267852
"JOSD1",-0.301872606629041
"CYP4F22",-0.30201295313937
"POLR3F",-0.302040768442847
"ATP5F1D",-0.302054897043852
"MAPKAPK5P1",-0.302685456250765
"NFAM1",-0.302685456250765
"PTGS2",-0.302854326442564
"SAE1",-0.302911718013646
"MIPOL1",-0.303149775287653
"ATP1B4",-0.303377014025874
"PTMAP8",-0.303399369649273
"HNRNPA1P44",-0.303623902880795
"TAF1",-0.303988678768168
"KTI12",-0.304008034253169
"CCDC28B",-0.304121186113714
"SUPT20H",-0.304301749717662
"GK4P",-0.304918955403757
"OR51E2",-0.306028591107089
"NHP2",-0.30656615502954
"KDM3A",-0.306579142461048
"KAT6B",-0.306718047380043
"USP9X",-0.307169630069152
"PECR",-0.307268142554681
"LINC00370",-0.307372425586303
"FBXW4",-0.307406146189948
"ATP1B3",-0.307803283993463
"RPS27P2",-0.307805361766222
"IKZF1",-0.307955893043045
"MARF1",-0.308146682256135
"MIR1244-2",-0.308635545750107
"EEF1B2P2",-0.308708241175123
"ATP2B2-IT1",-0.308714782847325
"MAB21L3",-0.308833950626956
"NAIPP4",-0.309202333561863
"IL18BP",-0.309858839566724
"DNAI3",-0.310028375139408
"B3GAT1-DT",-0.31013811191932
"B3GNT5",-0.310461353297413
"LGALS8",-0.311345156163144
"FMO1",-0.311402208713713
"TAF1A-AS1",-0.311693737501958
"ARHGEF19",-0.312016815270631
"ANXA2P2",-0.312241418122652
"DHCR7",-0.312448546815517
"TUBA1B-AS1",-0.312678513714377
"COL26A1",-0.312863386634391
"TIMM13",-0.313365667280695
"GMEB1",-0.313443960319789
"ABHD2",-0.314440426862437
"PRRT1B",-0.315317340900677
"NCEH1",-0.315417192953216
"PIDD1",-0.315658766434954
"FIBP",-0.316003292224146
"SLC7A8",-0.316400361902071
"RPS27P21",-0.316442264035806
"WSB2",-0.316487226541796
"ZNF295-AS1",-0.316689533983604
"PDE6D",-0.316886946529123
"USP1",-0.31692739763057
"FANCM",-0.317157553072606
"SETBP1-DT",-0.317900834755393
"PALLD",-0.318763285477179
"DPH3",-0.319597385808362
"SCAMP4",-0.319878944479596
"TAT-AS1",-0.32014008198764
"CBLL1",-0.320207005482162
"RFFL",-0.320482378701988
"STRAP",-0.320586759664395
"MYH7B",-0.320602247200026
"SNX9",-0.321110650628722
"MCM8",-0.32122330759975
"ITPK1",-0.321357523782076
"NUP42",-0.32136193965336
"SUB1P3",-0.321442078551607
"CLTB",-0.321551261380263
"RIC3",-0.321568791805683
"PTTG1IP",-0.321994495491606
"GPR155",-0.322270565867756
"RPL8P3",-0.322398274744901
"CUEDC2",-0.322420947238151
"DYSF",-0.322439419129731
"TVP23A",-0.322492555828479
"AP4B1",-0.322548309498204
"PCSK5",-0.322755541471378
"SHISA7",-0.322978019973525
"POLR2B",-0.323383021919988
"LNPEP",-0.323600440077862
"AKTIPP2",-0.324178792261029
"CFAP91",-0.324881100005949
"PRLHR",-0.325433665392385
"RPL31P10",-0.325459309693874
"CAMK1D",-0.325551731808866
"SPDL1",-0.325800256157014
"MBNL1",-0.326213014850071
"PLAA",-0.326375142303119
"LINC01757",-0.327341870907439
"DGCR8",-0.327665493229317
"HGSNAT",-0.327715414684684
"HTATSF1",-0.327916549207121
"BORCS8",-0.328305193757545
"RFXANK",-0.328659615448828
"SNRPCP3",-0.328904908810057
"YAF2",-0.329446225562943
"RTF1",-0.329485031755805
"ELOCP32",-0.329791290473154
"TAF3",-0.32981749699981
"GOLGA6L10",-0.330021662397098
"USP12",-0.330239549020097
"NUP93",-0.330245914585452
"LINC01339",-0.330269762586682
"PCYT1B",-0.330269762586682
"ZNF322P1",-0.330269762586682
"ATP5MC3",-0.330447312050409
"CHTF8",-0.330517597632173
"TERB1",-0.330721053415135
"HAUS7",-0.331490470965025
"TFDP1",-0.332226324704602
"GAL3ST4",-0.332338960979142
"RPL3P7",-0.33236593239839
"NECAP2",-0.332514703477021
"NPM1",-0.332708017846282
"SFXN1",-0.332898569863358
"UBE2D3",-0.333052207036596
"EIF5A",-0.33313896120952
"MDH1",-0.334285508357385
"H3P24",-0.334376658876854
"RPL17P3",-0.334614540743726
"QDPR",-0.335040928491502
"APTR",-0.335424372439271
"SMUG1",-0.335446049058763
"HDAC4",-0.335789908411939
"EML2",-0.33580589666514
"TGFBRAP1",-0.335890167704934
"LSMEM2",-0.335926475913749
"RNF207-AS1",-0.336429505665038
"HCFC1R1",-0.337184129460494
"ZSWIM3",-0.337237621706563
"H3C9P",-0.337355581086346
"RNU6-1092P",-0.337392984652247
"HNRNPA1P26",-0.337582601011482
"SCN7A",-0.337610758938309
"CNOT6L",-0.337967782079437
"CNPY3",-0.338009872671913
"TAB3",-0.338349948017649
"NEDD8P1",-0.338807879994737
"MIR1244-3",-0.339613931939975
"NUP50P2",-0.33969437664254
"ANKRD13B",-0.339983477460952
"EPOR",-0.340274353305832
"LTV1",-0.340290776871385
"TXNDC17",-0.340316923830142
"H2AZ2",-0.340564740474977
"HPS1-AS1",-0.340884328398152
"ARMT1",-0.341241152156019
"TTC39B",-0.342856183141341
"CD164L2",-0.342981911363996
"PSMG2",-0.343108270635424
"CLK3",-0.343178119923548
"RAD21",-0.343726613628578
"ECPAS",-0.344118971109116
"MIR6776",-0.346015907349281
"RPL7P22",-0.346113413727555
"SENP7",-0.346365507262955
"CCT3",-0.346450417441258
"RPL37P2",-0.346625898695668
"SNHG29",-0.346626821342824
"CHMP6",-0.346738527070101
"TTC12",-0.3467562163662
"EEF1GP2",-0.347312603889406
"FAT2",-0.347312603889406
"DISP2",-0.347431258652618
"SIGMAR1",-0.347725165691662
"PPP2R1A",-0.34775996314612
"LSM1",-0.348666878138249
"CD8B2",-0.348729024406097
"DES",-0.348914535888887
"PPP1R35",-0.349205683259077
"RNF7",-0.349793649290042
"SESN2",-0.349889048191075
"ZNF407",-0.350043989573563
"IHO1",-0.350242166022753
"GLYR1P1",-0.35077788431496
"SDF2",-0.35088059778466
"ZNF747-DT",-0.351326173553852
"DHRS4-AS1",-0.352407938209245
"PNISR",-0.352845901310551
"FBXO44",-0.353052475348091
"AGR3",-0.353395428566241
"ACAA2",-0.353605141106116
"CAP2",-0.353730895603131
"TPGS1",-0.353833608886197
"DCTN3",-0.354526398208295
"HSP90AA5P",-0.354811664720937
"CDC5L",-0.355191556797241
"MRPL4",-0.355758746543633
"AFF2",-0.355947282774615
"URB1",-0.356564850073826
"CARNMT1",-0.356567136476713
"SNAPIN",-0.358213775074661
"ATP5PB",-0.358262789881624
"PRKCE",-0.358595416683598
"GPN1",-0.358625924556186
"ZFPM2",-0.359010173196941
"ELP4",-0.359264105039836
"HNRNPA3P6",-0.3593594915363
"RRM1",-0.359637680337371
"PPP2R5D",-0.360176749332159
"SSH2",-0.360190837490035
"DGCR2",-0.360467484621345
"ATIC",-0.36142575892534
"TBRG4",-0.361519290406018
"BACE2",-0.361581121366196
"TOMM22P5",-0.361848046508954
"CSF3R",-0.362148401036973
"E2F4",-0.362149635259197
"LAMTOR5",-0.362635740259099
"CHMP2A",-0.362748183050308
"FNBP4",-0.362777691713128
"RPS2P48",-0.363070819255692
"TMEM25",-0.363129184104453
"CYP4A11",-0.363315370687532
"FAM217B",-0.363481501745225
"MIOS-DT",-0.363716418637676
"AGO1",-0.364125507315005
"HDGF",-0.364162907769236
"YY1",-0.364959853240681
"PWP1",-0.36498932108021
"OTUD7B",-0.365021179686842
"MRPL43",-0.365225830214719
"RNU6-1281P",-0.365940069036503
"LINC02890",-0.366310480478343
"PDYN-AS1",-0.366310480478343
"GARIN5A",-0.366393336170862
"RPP38",-0.36657965609619
"NPM1P46",-0.367224633547189
"MT-ND4L",-0.367287580445846
"CCL3-AS1",-0.367641211554097
"RPL21P97",-0.36960469877667
"NAA50P2",-0.369990281413156
"SUCLG1",-0.370151584796856
"ZKSCAN1",-0.370229578459732
"PRAMEF35P",-0.370300880524748
"SERPINF1",-0.37034284674978
"NHERF1",-0.370472148479494
"GABRE",-0.371054759490493
"NDE1",-0.371573091100347
"PLAU",-0.371668926159948
"RPS26P6",-0.372232857565371
"MIR6719",-0.372300923351407
"PDE1C",-0.372563319457755
"VEGFB",-0.372565985227626
"HNRNPH3",-0.372698050660256
"GAB3",-0.373425392691905
"YWHAZP4",-0.373623407076779
"ZNF461",-0.374618523866734
"RPL7AP31",-0.374709160938511
"RTRAF",-0.374928784421077
"RNF138",-0.375453231949357
"SYNGR3",-0.376081336541236
"PLEC",-0.376481542646818
"ITM2A",-0.37685614638065
"RPL21P131",-0.377329420683109
"PPP4R3B-DT",-0.377379585850225
"PLEKHM2",-0.377417841872291
"GPR161",-0.37763464379843
"C1orf52",-0.377688947778556
"FABP5P1",-0.377916305460978
"ADAL",-0.379289516928486
"NUP50",-0.379302249939953
"PCDHAC2",-0.379556987230137
"IFRD2",-0.379678066584299
"HYDIN2",-0.379808974420974
"ECSCR",-0.379945164382491
"PRICKLE3",-0.380236001594651
"TEX264",-0.381119139777143
"MTX3",-0.381764648108276
"HYDIN",-0.382150538768174
"MDN1",-0.3821861780599
"PLAC9",-0.382425701301399
"TNPO3",-0.382474795498654
"SPAG11B",-0.382669968587895
"NUDC",-0.383340642606663
"GRIN3B",-0.38349456320374
"RALBP1",-0.383689920657254
"PHF5AP3",-0.383892984101253
"SPECC1L-ADORA2A",-0.384535181321444
"GNG10",-0.384736372153744
"AK8",-0.385409522643234
"P2RX5",-0.385973756437812
"ALPP",-0.386003345803912
"RPL27P6",-0.386811913399444
"ELOVL1",-0.387175115592317
"RASSF3",-0.387998841298744
"COX6A1",-0.388020550618687
"NCK1-DT",-0.388695189554153
"A1BG-AS1",-0.388839581581272
"GTF2H4",-0.388892682057844
"CDHR4",-0.389294146712359
"SYN3",-0.389327824889022
"KCTD9P2",-0.390046162073224
"TAF1B",-0.390051398451573
"ISY1",-0.390182206319683
"CIRBP-AS1",-0.390273470112121
"RNY3P12",-0.391126994857169
"RPS10P16",-0.391456566879853
"LAMTOR1",-0.39178229906308
"GNAL",-0.391808733893532
"ZNNT1",-0.391856176392894
"ACAD9",-0.394289729635871
"AOPEP",-0.395100017754906
"SLCO1C1",-0.395437061995668
"RAB35",-0.395500786329432
"GRAP",-0.395845853752293
"ENTPD5",-0.396306420155881
"ING5",-0.396657603690981
"POU5F1P4",-0.396832860277658
"HPGD",-0.397126881575658
"CWC25",-0.398610456855264
"ZBTB11-AS1",-0.399106321247672
"SETD1A",-0.400167676893846
"GABARAPL2",-0.400793158872652
"VPS45",-0.401516108253794
"MED27",-0.40203726590383
"AMPD3",-0.40252427521233
"POPDC3",-0.402973422886434
"CHST10",-0.403174396531295
"RPL7AP6",-0.403825850926793
"COA3",-0.403880833733532
"DROSHA",-0.404075813623673
"C16orf87",-0.404100648013941
"ZC3H13",-0.40436978194454
"TSPAN7",-0.404565536316804
"BPTF",-0.405489142812549
"EEF1D",-0.405490756939618
"UBE3D",-0.406674802449434
"TAOK1",-0.407176194389834
"LINC02918",-0.407354011433879
"TRMT1L",-0.408156106326582
"TSTD2",-0.408323668339231
"PKIG",-0.408331251107285
"TRADD",-0.408370524853651
"HCG11",-0.40844060983695
"CACNA2D2",-0.408522269586556
"FHIP2B",-0.408912241762367
"THRSP",-0.408927766580427
"CCNP",-0.40909609122148
"RPL21P87",-0.411075909269396
"GATAD2B",-0.411543257498248
"RPL13AP5",-0.412160105296713
"CCDC137",-0.412409588165917
"SINHCAF",-0.412950580579723
"UBAP1",-0.413110775070321
"APOBEC3C",-0.413331187016552
"TTC32",-0.413480398655864
"PLRG1",-0.413639806189545
"RRP15",-0.413740723698696
"SGCB",-0.413808996912583
"GFOD1",-0.414277540908191
"MIAT",-0.414331030808991
"HNRNPCP3",-0.414338341737221
"TAS2R19",-0.414584260146478
"PDCD10",-0.414967075829715
"LINC02929",-0.415588216284604
"MYLIP",-0.415787320783707
"SETD1B",-0.415921978613057
"JAK1",-0.416244325741299
"RRAGC-DT",-0.41637150114858
"FAM161B",-0.416459568896632
"STIM1",-0.417017928893729
"CXCL12",-0.417153744613128
"URI1",-0.417157891200494
"ADD3",-0.417312608182737
"PKD1L1",-0.417394953190989
"SCAMP1",-0.41744313116099
"RPS27P7",-0.417471619056952
"RSBN1",-0.417718273708807
"NDUFC2",-0.417844850214451
"LINC02082",-0.418395516518644
"RMB8AP1",-0.418768216111687
"DYNLL2",-0.419068319317141
"RPL7P54",-0.419686896729045
"RPL9",-0.420556900757517
"VCF2",-0.420798552970375
"SNRPGP10",-0.42084278693326
"RPL18",-0.420898642227746
"CAPZA1P5",-0.420992026518122
"PSMD6",-0.421799545015983
"SDHAF4",-0.4221895752973
"LINC03014",-0.422488746809286
"CBX1",-0.42255135456365
"TCIM",-0.423435855135967
"CCDC77",-0.42347619946463
"KRI1",-0.423956667282089
"BUD13",-0.424313238917207
"GREM2",-0.424406814209336
"INPP5J",-0.424930539854105
"NDUFA12",-0.425593340788675
"LINC00955",-0.426560180121677
"RNPC3",-0.42679992347558
"PHF5A",-0.427537338625767
"AQP1",-0.42774681648625
"RPS17P16",-0.428013498191784
"B3GAT3",-0.428113238266897
"CRIP1P4",-0.428856012187857
"BAG4",-0.429419998990794
"PFDN1",-0.429568210247584
"ATP5PD",-0.429714734666988
"SLAMF6",-0.429758592663001
"SH2B3",-0.429765563696688
"FLCN",-0.430237393014835
"ANO3-AS1",-0.431148339428103
"SLC25A12",-0.43131415232436
"CASC2",-0.43221636608533
"PCED1B-AS1",-0.432218683885044
"ZNF626",-0.432312807466946
"TMEM116",-0.432337021723331
"SON",-0.432506382465019
"ZNF217",-0.433740645992936
"PNMA8C",-0.433756118484892
"DENND4C",-0.434408384686348
"MADD",-0.434570047037277
"HNF1A-AS1",-0.43457845865454
"SEMA3C",-0.434885655461952
"CXCL16",-0.435260994726185
"MT-TA",-0.435825967166214
"MFAP1",-0.4359219515136
"SAMD9L",-0.436116276907695
"BUD31",-0.43612008984169
"CCBE1",-0.437587848316456
"RPS6KA3",-0.438050710127087
"ABCC1",-0.438186294294189
"CKAP2",-0.438337949112972
"LDLR",-0.438543178297307
"CHD1",-0.43950090424813
"DTNBP1",-0.439915268518427
"BCL2L13",-0.440042163702017
"CXCR4",-0.440672341662163
"FBXO34",-0.440725066039549
"SGSM2-AS1",-0.440901943699269
"HNRNPLL",-0.440966558565041
"DKK3",-0.441337624897327
"PSMC2P1",-0.441337830460433
"SOX2-OT",-0.441428266009958
"RPL13P12",-0.442007421161579
"SELENBP1",-0.442375350444568
"RBBP6",-0.44266312044755
"DGCR6L",-0.442880934862573
"TBL1X",-0.443300349540488
"PRICKLE2",-0.443601749693246
"RPS13P2",-0.443622222723701
"IRGQ",-0.443873181719974
"MMP16",-0.443941842540501
"MPTX1",-0.444209671580122
"ZNF217-AS1",-0.44438491777086
"PTMAP9",-0.444419893169236
"MCM3",-0.444730098278766
"LBHD1",-0.44498331143984
"LINC01630",-0.4451149234039
"TADA3",-0.445323928311918
"GNRH1",-0.44569981467778
"POLE3",-0.445993888591193
"TPK1",-0.447011462807981
"RPIA",-0.447251855046085
"GALT",-0.447794320385507
"PCM1",-0.447873073641891
"RBM12B",-0.448405659596893
"SNTB2",-0.448442394580652
"FOXF2",-0.448576032416017
"UBE2K",-0.448576688012891
"PPHLN1",-0.448963237026983
"PPFIBP1",-0.449023682378728
"TNFAIP3",-0.449213288975204
"FTH1P16",-0.449736344998723
"DMTF1",-0.450463856036085
"PRPF39",-0.45065993097159
"RNF40",-0.450759506618521
"CATIP-AS2",-0.45097791863475
"RAD51C",-0.451043563114625
"MTND4P12",-0.451080888846792
"CFAP43",-0.45140630105255
"CLEC16A",-0.4518389323552
"DYNC2I2",-0.452311391539374
"SCML2",-0.452912594485493
"MIR302CHG",-0.454392004317195
"RGPD2",-0.455736471921779
"ZNF445",-0.456643709143414
"SSX2IP",-0.457267695241682
"NCLP1",-0.457522031208306
"OLIG1",-0.457967863743808
"HLA-DQB1-AS1",-0.458103445187936
"THYN1",-0.458153096799191
"SEC14L3",-0.458268991528188
"LINC01597",-0.458683146985264
"SNX14",-0.458807341497971
"ZRANB1",-0.459007199109841
"ODC1-DT",-0.459379336580644
"LINC02446",-0.460929849994077
"MAN2A2",-0.460964277158745
"SNRPE",-0.461132495241665
"TRAPPC10",-0.461334692031751
"NRAD1",-0.461616604841331
"PER1",-0.461719320818723
"SLC38A1",-0.462780937030305
"KCTD20",-0.462821240349665
"R3HCC1L",-0.464056289720876
"ANKRD10-IT1",-0.46409378312549
"STOM",-0.464983923735767
"LINC02055",-0.465667381401095
"MIR181A1HG",-0.466134648831439
"RPL21P18",-0.466261652189014
"SPATS2L",-0.466331483712513
"RPSA2",-0.466916386308341
"ADRM1",-0.46726823122815
"BLTP1",-0.468677798327863
"CBX5",-0.469002821231127
"EIF4E2",-0.469349817729255
"MIDEAS-AS1",-0.469390278805767
"ELMO2",-0.469769919525368
"NUBP1",-0.46987701088999
"ZFP36L1",-0.470111264765728
"GALNT7",-0.470307078700958
"PRKX",-0.470346995426841
"MYORG",-0.470515658961944
"ZBTB49",-0.471770099781028
"MCM7",-0.472081617608961
"KLK11",-0.472234543419698
"ARMCX1",-0.472249748318951
"HIF3A",-0.472838047978386
"DNAJB7",-0.472982863803275
"MAST2",-0.473265722074347
"RPSAP17",-0.473667455193593
"HOXB-AS3",-0.474059798018129
"RPS27P13",-0.474630448843147
"TCOF1",-0.474678146585427
"NUDT19-DT",-0.474840859592822
"RN7SL748P",-0.475237735525604
"CDH19",-0.475237735525604
"TAT",-0.475531092831653
"C14orf178",-0.47586318270849
"NDUFA2",-0.476429047698553
"ORMDL2",-0.476537079399532
"SLC35D1",-0.476686694456602
"MEA1",-0.476798749443816
"DSC2",-0.477124453981666
"POLD2",-0.477194547750816
"COA1",-0.47747803245999
"WDR74",-0.478156890674328
"GSPT1",-0.478826695100224
"ZNF468",-0.479415553326136
"PHF3",-0.479795049001949
"CDKN2C",-0.47989773851242
"ATP1A4",-0.4808899421016
"ALKBH4",-0.481006193521534
"LINC02223",-0.481240832601411
"CYP2C19",-0.481240832601411
"RNU6-323P",-0.481868952699278
"TUBA8",-0.481868952699278
"CEP57",-0.482753217750656
"SLC39A1P1",-0.482780682696814
"BHMT",-0.482864042984054
"DPYS",-0.482864042984054
"BAAT",-0.482864042984054
"MRPL27",-0.483282679198864
"MIR548A3",-0.483477168091722
"AARSD1P1",-0.483683246735592
"LINC01315",-0.483722130945571
"ZBTB5",-0.484145457717246
"H4C12",-0.485146004282872
"SASH3",-0.485919500568547
"BFSP2",-0.486185151648583
"ATXN3",-0.486198435543302
"GNAI2",-0.486404302630269
"NUTF2P2",-0.486867386988932
"DDX39B",-0.48693155720158
"RNU6-739P",-0.48694611774756
"DOCK4",-0.486947730995499
"ZNF280C",-0.487029010925959
"NCBP2-AS1",-0.487175367050548
"MEIS1",-0.48760157764796
"GBP6",-0.487916301494256
"FLG2",-0.488080529227785
"RN7SL454P",-0.488080529227785
"NEUROD2",-0.489924553182932
"AGAP4",-0.490016674230333
"BBOX1",-0.491560027500591
"C1orf216",-0.492247414864603
"LRTM2",-0.492382961095151
"LMO3",-0.492744805028993
"ITGA2",-0.492914232497056
"ARHGEF10L",-0.493434864720022
"MARCHF5",-0.493558836498079
"RPL26P36",-0.493574028423899
"LINC02434",-0.493601706542806
"MEIS2",-0.493785392415403
"RN7SL801P",-0.493801678982813
"SEZ6L2",-0.493908785101582
"EIF4EBP1",-0.495037390001886
"RNU7-140P",-0.495127313579088
"RPL15P22",-0.49525555586201
"HOXB7",-0.495983185178348
"RPS3AP25",-0.496005762787693
"DRD4",-0.496498159712886
"CIMIP2C",-0.496740306495305
"VSX2",-0.497973453442271
"PVALB",-0.498054837448087
"B3GALT1",-0.498872230253643
"H3C15",-0.498936108228579
"MFSD13A",-0.499318493225895
"PDLIM7",-0.499431335005795
"CACNA1E",-0.49998608260243
"MOB4P1",-0.49998608260243
"LINC02893",-0.49998608260243
"KIF24",-0.500812486412759
"PPP6R1",-0.501185876024197
"OGFRP1",-0.501524713150096
"MED10",-0.503439985802411
"MT-ND3",-0.503668209627703
"ARHGEF37",-0.503679596458832
"PRRC2C",-0.50428228106086
"RPS3AP47",-0.504385161853991
"ADGRA3",-0.504588451805835
"CISH",-0.505504104496291
"LINC02715",-0.505931602228154
"MADCAM1-AS1",-0.505935217195823
"SLC9A1",-0.505990651109968
"EIF4EP5",-0.506679476439986
"GBX2-AS1",-0.506855161824033
"DNAI1",-0.507179517023887
"TAF10",-0.508119600019109
"LINC02570",-0.508690940081327
"RPS3A",-0.509087747599204
"SH2B1",-0.509251754976232
"VPS50",-0.509833937310591
"PRIM2",-0.509929265035454
"MAPKAPK5",-0.510028394733674
"PFDN2",-0.510167553262484
"DEPDC7",-0.512138749273748
"DNAJB6P1",-0.5123742453592
"MAD2L1BP",-0.512523407033502
"MT-TM",-0.513346492175231
"VDAC3",-0.51363362046696
"RELB",-0.51375890023946
"COX6B1",-0.514225496411358
"MRPL53P1",-0.515009635457918
"PFKFB4",-0.516156415333295
"MDH2",-0.516356251124252
"LDHBP2",-0.516646646510929
"SIVA1",-0.516778682458583
"FAM13B-AS1",-0.517588920210475
"LPCAT2",-0.518197551855256
"ACO1",-0.518791441188192
"SOX6",-0.518803320931073
"GADL1",-0.51934963671658
"ZNF48",-0.520025419350813
"MIER2",-0.520355857215795
"C1GALT1P1",-0.521465991126132
"PROK2",-0.522822860148713
"SLC12A9",-0.523313971428919
"GEMIN2",-0.523578888515576
"EPG5",-0.524577065008796
"WDR1",-0.524614581638929
"PLEKHF1",-0.524724038872603
"MIR130AHG",-0.525370741977834
"FNBP1",-0.525526271995247
"SH3BGRL",-0.525601859474865
"MAF1P1",-0.52583595891109
"NASPP1",-0.525888308196073
"LYL1",-0.526086006910015
"ATP5MF",-0.526803435459584
"RHBDL2",-0.527595527078223
"SUMO2P3",-0.527966683150781
"FRMD4A",-0.528026460039963
"AMY1B",-0.528326669492736
"P2RY10",-0.528466810754856
"PA2G4P5",-0.528512360464042
"TXNDC9",-0.529562207261435
"SEM1",-0.52999823094351
"MED19",-0.530762168005581
"SIRT1",-0.530990486743413
"RPS24",-0.531762933782476
"MATN4",-0.532078350824868
"ROBO4",-0.532081965939319
"TNP2",-0.532081965939319
"RTL6",-0.532990717542646
"AKAP17BP",-0.5339939929201
"HOXB3",-0.535149870444009
"LRRC37A2",-0.53531450245715
"ASF1A",-0.536108254403808
"GFRA3",-0.53638921405801
"DPP3-DT",-0.536691890987156
"BEAN1",-0.537020622394249
"ITM2B",-0.537128874313111
"MTND2P3",-0.537582954552336
"TCP1P3",-0.537841613639437
"CDA",-0.538270316410865
"SLC6A1",-0.538270316410865
"ANKRD11P2",-0.538270316410865
"PPIAP90",-0.538270316410865
"OPCML-IT2",-0.538270316410865
"MARVELD2",-0.538485025323299
"WNT7B",-0.538986172303909
"POLR2K",-0.539190161987646
"AGPAT5",-0.540280915955026
"POTEG",-0.541367716048957
"TPT1P9",-0.541767836723708
"ACTR3",-0.541864602749107
"TPCN1",-0.542561444496825
"SEC23A-AS1",-0.543583384134233
"COPS8P2",-0.544464286746655
"RPL23AP57",-0.544621108170575
"MKKS",-0.544639427433666
"TBC1D22B",-0.544694314787519
"SULT1E1",-0.544715236337058
"MIR4644",-0.544715236337058
"MTND1P36",-0.544715236337058
"ZSWIM8-AS1",-0.544715236337058
"ADPRS",-0.545108793126134
"TMCO1-AS1",-0.545963182032693
"ARHGAP29",-0.54757273089885
"EPHB4",-0.54786493993276
"EXOSC8",-0.548182115179472
"CEP290",-0.549126201382775
"RIMS1",-0.5496351950519
"NCAPH",-0.549739877737531
"HBEGF",-0.549780035851887
"CASP9",-0.550358487898058
"KCTD15",-0.550789351252827
"NDUFAF4",-0.550930024028388
"ANXA2R-OT1",-0.550980441915451
"OXCT1",-0.550992575252106
"TPT1-AS1",-0.551074297685232
"RPL23AP65",-0.551390943974558
"NBPF12",-0.552111646783688
"FRYL",-0.552366665491231
"SNHG32",-0.552651803852308
"CDHR3",-0.552663429146783
"NSDHL",-0.553322200834344
"LINC02604",-0.553360745128681
"TBCK",-0.553402367103483
"LUC7L3",-0.55369658750156
"SLC9A2",-0.554249604622635
"ULBP1",-0.554445640434647
"A2M",-0.555201845172703
"DNAL4",-0.55586394833717
"SNW1",-0.556041610563149
"ZNF367",-0.556343775730325
"DRICH1",-0.557215147035276
"NLE1",-0.557746254633575
"KIAA1549L",-0.557908331406949
"PA2G4P2",-0.55799012278517
"CEP63",-0.557993951596649
"TRAPPC1",-0.558493330885292
"HDAC8",-0.559823592651824
"DDX60",-0.560021027924191
"LENG1",-0.560124448920979
"NPM1P39",-0.560148537550442
"MT-ATP8",-0.562067108133403
"HMGB1P4",-0.562935955946078
"ST3GAL3",-0.563339495410129
"VPS53",-0.563981941659537
"SHTN1",-0.564025758176865
"TCEA1P2",-0.564478468381789
"APCDD1",-0.564625384244533
"PPP1R9B",-0.566081733462609
"KIFC3",-0.566125420921265
"PPIAP47",-0.566590347235758
"PRPS1",-0.56696967717333
"ANKRD42",-0.566987961112818
"MRPS12",-0.566993474416373
"DGUOK",-0.569513030780721
"CMTM6",-0.569750632236677
"MAP4",-0.570024792210403
"RBX1",-0.570183482136571
"ZNF556",-0.570219728648603
"BAG2",-0.570319698978998
"PSMD7P1",-0.570881716125099
"CLEC11A",-0.57123342137845
"KCTD2",-0.572516140738518
"MAFB",-0.573409991347053
"SCYL3",-0.5738287285334
"PPP1R2",-0.575062324579346
"CPE",-0.575065288673488
"SERF2",-0.575180045698282
"TNKS1BP1",-0.575520521253559
"RNF41",-0.575526331798243
"LINC02423",-0.575726414902637
"OAZ3",-0.576212744641794
"CA1",-0.576551617775503
"RORA-AS1",-0.576894575474191
"MYNN",-0.577363928729921
"KCTD13-DT",-0.577479738165715
"PANX2",-0.578299288788742
"ZNF652",-0.578384414062073
"FAM50B",-0.578461092678619
"PTTG1",-0.578469216368858
"PAXIP1",-0.579921399585755
"NAPB",-0.581258810815485
"MOB1A",-0.581576625106701
"PTK6",-0.581644096986671
"RN7SL75P",-0.581804059855631
"BAK1P1",-0.58195541752613
"TPR",-0.582330712140186
"RRS1-DT",-0.582401229389876
"GPR146",-0.583443099497609
"NPM1P27",-0.584323638711377
"PNO1",-0.584791731956262
"LIPC",-0.584965033587674
"TSTD1",-0.585006587529884
"PDIA3P1",-0.585010539999459
"ZSCAN5A-AS1",-0.585080082017567
"SNHG9",-0.585102925078179
"VPS29",-0.585300007659698
"ARPC5",-0.585639183377716
"ZNF333",-0.5860817326726
"FUNDC1",-0.587031702074943
"MMRN1",-0.587115276068645
"MEX3D",-0.587115276068645
"POLM",-0.587330271294109
"OSTCP4",-0.58740726683077
"RPL21P119",-0.588838956817387
"LINC02373",-0.588975533654273
"LILRB3",-0.59049257495539
"UVSSA",-0.590600338005984
"RPL21P118",-0.590776834294436
"OR5K2",-0.591010303160388
"HLA-E",-0.591283053144243
"BAX",-0.591459617811496
"COA6",-0.591729341281077
"ORMDL1",-0.591895506354408
"AP2M1",-0.592324096611039
"CEP76",-0.594643362438242
"MAP2K7",-0.59502083547178
"REG4",-0.595196158272813
"HMGN1P30",-0.595196158272813
"TMEM203",-0.595845686355989
"NDUFB8",-0.595853591021682
"COPS8-DT",-0.595881701015132
"HNRNPA1P30",-0.596273556350651
"SPTBN1-AS2",-0.596418253764567
"FTH1P8",-0.597605534993482
"GTF2E2",-0.598134029322791
"SNHG19",-0.598567883012904
"ZNF467",-0.599072006738497
"LSP1",-0.600194212488874
"SACM1L",-0.600834846713415
"SPAG16-DT",-0.601179647142409
"CERK",-0.601217310773973
"EIF3IP1",-0.601931219240373
"ZFRP1",-0.601931219240373
"LINC02554",-0.601931219240373
"POLR1D",-0.602978624101677
"OSBPL1A",-0.60310265271732
"PGS1",-0.603307509436886
"ID3",-0.603519845169737
"RPS8",-0.603923756263921
"RNU6-662P",-0.603987505332788
"COPS3",-0.604194026578333
"ZNF615",-0.604296696427855
"CENPO",-0.604766113070271
"EVI2A",-0.604786739921945
"NLRP13",-0.604924303730744
"NME8",-0.60541702917901
"NUDT18",-0.607178511920543
"TRAPPC5",-0.607424803594637
"XPC-AS1",-0.609602446134029
"SLC9A3R1-AS1",-0.609607711554175
"RPS23P10",-0.610136597097654
"RBM4B",-0.610238564198324
"NIFK",-0.610670735455954
"TRIAP1",-0.610794369187337
"IFT22",-0.611027530502726
"SMARCA4",-0.6114980317734
"CD47",-0.612854849686708
"FABP1",-0.613131362581505
"ANKRD17",-0.613969585308989
"TRIM73",-0.614685929708889
"TCTE1",-0.614892685927353
"ZNF280B",-0.616272923498266
"DCAF13P1",-0.616630738489816
"MRPL23",-0.616994079733876
"MRPL32",-0.616995241227495
"RNF187",-0.617269514448765
"LINC01250",-0.617364225787674
"B3GNTL1",-0.617461817721516
"SYNGR2P1",-0.618643021554559
"VPS8",-0.618654430499945
"NDUFS3",-0.618976819709489
"RNU7-174P",-0.619471151041999
"TRAJ29",-0.619471151041999
"RAB22A",-0.620494917063657
"ZDHHC16",-0.620499123282641
"GPN2",-0.620680842248111
"AFF4-DT",-0.620734828049872
"PARD3B",-0.62157679098021
"PACRG-AS3",-0.62211537063519
"RPL7P13",-0.622294876333061
"LINC01404",-0.622455104405946
"KLHDC1",-0.623530666408074
"SHB",-0.624268626464691
"SPMIP4",-0.624974782741971
"CTSE",-0.625965589524196
"SP2-AS1",-0.626144002846458
"RAB26",-0.626384321691462
"TOMM22",-0.626539334611932
"CACYBP",-0.627986210025186
"TIE1",-0.629223269563482
"TNFRSF14",-0.630221515612226
"LDLRAD3",-0.630804024262409
"PEMT",-0.631090489958984
"POLR2MP1",-0.631180661301004
"RC3H1-DT",-0.631866676443334
"ENGASE",-0.632011031478645
"SRRM1",-0.63207554509409
"MARCHF9",-0.632287141019456
"HCLS1",-0.633014954995969
"SMC3",-0.633213286930352
"DFFA",-0.633294525794459
"ANTXR2",-0.633476874220853
"TUSC1",-0.633951527094022
"TOP1MT",-0.634275540975292
"TMEM164",-0.634675104542637
"DDB2",-0.635315979399949
"CDC123",-0.635663297614386
"RPL15",-0.635719912692771
"LPAR3",-0.636149789872074
"LINC02896",-0.636149789872074
"IREB2",-0.63669034252526
"ZNF530",-0.636719616188665
"TLR12P",-0.636968042613582
"BIN3",-0.637401639823705
"ZNF653",-0.637804666796389
"TANC1",-0.638058064264606
"SDCBP",-0.638685517585951
"UST",-0.639040181899886
"TMEM171",-0.639082431869293
"PGM5",-0.639287902121726
"UCA1",-0.63932053408307
"NAB2",-0.639547810888736
"UBQLN4P1",-0.63960696569198
"TDGP1",-0.639729597029289
"TOP2A",-0.640336612237039
"TSC22D4",-0.640545348301031
"CRAMP1",-0.640694871021243
"EPAS1",-0.641557327453296
"APOO",-0.642103579257849
"MORF4L1",-0.642118861914153
"SLC8B1",-0.642801452660185
"SNAI3-AS1",-0.643413700525811
"TRGV7",-0.643431735063773
"ZNF43",-0.644089962442778
"TXN2",-0.64509504370156
"MTCH2",-0.645222909349072
"ZNF785",-0.645537034093386
"POLE4",-0.646129225221202
"MT-TK",-0.646369720034876
"YBX1P4",-0.646586929794783
"ATP13A2",-0.646668758140194
"CMTM7",-0.646741197087426
"SMG1",-0.647107390120306
"ITGA5",-0.647795729368033
"APCS",-0.647965392378318
"GUCY1A2",-0.648459995724069
"MNT",-0.648753577095622
"IFT122P2",-0.648937795495956
"MSH3",-0.649462822664402
"ICE1",-0.649817458721258
"NUP62",-0.650381966113171
"RPS3AP34",-0.650553758016192
"KYNU",-0.651291607733077
"COX8A",-0.651420554412776
"ARHGEF26",-0.651956093124432
"TP53INP2",-0.652195540209633
"IDH3G",-0.652562945885843
"BCOR",-0.65549724905322
"SEPTIN7",-0.655520736198968
"MPDU1",-0.656832450857136
"PPIG",-0.657212059939216
"GRK5",-0.657406055310239
"NDUFS4",-0.658178026558535
"FOXJ3",-0.658396258419753
"LINC01934",-0.658491407079675
"C1orf35",-0.658716112442577
"PSMB8",-0.660340921769532
"KIF9",-0.660538271848589
"DYNLRB2",-0.660852020374979
"ILK",-0.66097364458207
"RPL41",-0.661341607407572
"LRP2BP-AS1",-0.661763509115923
"SIPA1",-0.662517138804053
"CHMP2B",-0.662804790521618
"PLA2G4E-AS1",-0.663304846279308
"ZNF503",-0.663976588289391
"RPL23AP43",-0.664250876100853
"VPS28",-0.665527064177464
"DPM1",-0.665731242360717
"TRMT10A",-0.665942078370238
"ADH5",-0.666064064394253
"HNRNPA1P36",-0.666169029443737
"LOXL3",-0.666816322560469
"CCNG2",-0.667339115401052
"DNAJA1P3",-0.667436847199108
"SRGAP2",-0.668051157860627
"YWHAH",-0.668129160310265
"RC3H2",-0.668293254879381
"COL5A1",-0.668522635600322
"TMA16",-0.670145604800043
"UQCC4",-0.670314114586809
"THEM4",-0.670659320869774
"LINC01505",-0.670830534415875
"IFT81",-0.670897580560299
"MAP3K4",-0.671066381634584
"SNRPGP2",-0.671331119749616
"RPL29P11",-0.671653386584801
"SCMH1",-0.671673071004905
"SNRPF",-0.672810976579419
"SQOR",-0.673218589672587
"DYNLL1",-0.673244393110488
"ZNF266",-0.673639066000745
"TMEM141",-0.673842828343009
"SCAMP1-AS1",-0.67480552509233
"CCDC88B",-0.674911200231947
"RPS27AP20",-0.675118796028199
"HNRNPA1P39",-0.67550385610091
"RPL21P51",-0.675531959656798
"TRMT6",-0.676070689733769
"KIAA0319L",-0.676399933916653
"EIF4A1P2",-0.677236109390629
"DGKA",-0.677639115007101
"RNU7-13P",-0.678059726998804
"PUS10",-0.679357985320362
"TDRD7",-0.679631097163091
"MIGA2",-0.679755839784586
"RPS4XP6",-0.680500105259797
"HGD",-0.680630920249687
"RPL6",-0.681061706146107
"RAB40C",-0.681755167267328
"LINC02100",-0.682382459891794
"KBTBD8",-0.683040080215248
"NECTIN3",-0.683462572425992
"TEK",-0.683530431507265
"ITPA",-0.68515302685233
"ANKFY1",-0.685294669281978
"DUSP16",-0.685778279402958
"ROCK1",-0.686232239741828
"ASB14",-0.686273664367779
"SCAT2",-0.68656812357316
"TMEM102",-0.687774344210995
"ZNF426",-0.687798220170219
"ECHDC2",-0.68787238061551
"RIC8B",-0.688307403579675
"CLDN5",-0.688749561023253
"LINC02826",-0.688878011913852
"GGPS1",-0.689656357062824
"AFG2A",-0.690210854169713
"TXLNG",-0.690596511026865
"RPL29P26",-0.690955097776384
"ULK3",-0.691083373986662
"PTPN21",-0.692373422242417
"SPATA7",-0.692813023644198
"MT-CO2",-0.692953381505829
"ADNP",-0.693650571734278
"TAF9B",-0.69450598425462
"LINC02731",-0.695654279134769
"FAM24B",-0.697286070721451
"GAPDHP44",-0.697320563074424
"RPL15P18",-0.697512162380284
"MAP3K21",-0.697607271679125
"LINC02422",-0.698792649012422
"IK",-0.699209494089218
"SMS",-0.699374047614453
"ZCCHC17",-0.700799713700257
"USE1",-0.701892127004516
"ST3GAL5-AS1",-0.702516193139726
"EIF4A1P4",-0.702521992142256
"ZKSCAN2-DT",-0.704049795173701
"DBNL",-0.704474428444532
"OR10J3",-0.704571154424022
"WDR82",-0.70545000883205
"ZNF513",-0.707266525295769
"RPS26P21",-0.707303084381885
"UNC13A",-0.707581539804761
"RPL35",-0.707866164281239
"A2MP1",-0.708205091863649
"THBD",-0.708216333787685
"DNAJA1",-0.708419157971949
"ADGRL2",-0.708926279762255
"RTKN2",-0.709352982449951
"UBTD2P1",-0.710203933169022
"LINC00870",-0.710203933169022
"DUX4L34",-0.710203933169022
"GULOP",-0.711469102230423
"KMT2D",-0.713174906064336
"HSPA9P1",-0.713186043108623
"PRG4",-0.714111221278535
"SLC12A7",-0.71523539254372
"C10orf143",-0.716092636201621
"KLC1-AS1",-0.716236452924458
"NFRKB",-0.71647503234703
"RITA1",-0.717291466393868
"ZFAND2B",-0.71729247950968
"TIMMDC1",-0.717463557256725
"TBC1D16",-0.717468555259617
"HERC1",-0.718030038560051
"ANK1",-0.719419020715352
"AKR1B10",-0.719856456265918
"PA2G4",-0.720008064361453
"GCLC",-0.720715232072356
"FAM186B",-0.722117921546358
"SLC25A43",-0.72215293644935
"IFFO1",-0.723079700841758
"SND1-DT",-0.724369868926649
"SSB",-0.724730491157324
"SAP18",-0.725041519904019
"POLR3A",-0.725059359455857
"RESF1",-0.72558190880897
"ADSS1",-0.725742610049466
"ANAPC15",-0.726286470054765
"LRRC3B",-0.726746846076323
"CZIB",-0.726746997476134
"DND1",-0.727213366393584
"U2AF2",-0.727625102467158
"RPL4P5",-0.728004970967359
"POLR2F",-0.729051066265842
"TEDC2-AS1",-0.730138029103715
"TSPOAP1",-0.730257441265473
"YAE1",-0.73034844638756
"PDHB",-0.730557427299267
"NBDY",-0.731005118044383
"RSRC2",-0.731135205194936
"EIF4A1P7",-0.731979941932004
"ATOSB",-0.73251336821293
"S100A13",-0.73305706127234
"C6orf136",-0.733593267084335
"TRBV14",-0.735865983540888
"TMEM50A",-0.73642972582964
"DIS3L",-0.736496986520754
"ELOCP2",-0.736910096995064
"FZD8",-0.737155889791261
"PTGES",-0.737272797919398
"WARS2",-0.73784144391185
"POLR2L",-0.738498609124957
"CEACAM18",-0.740439148715225
"AIDA",-0.740526497569331
"C1RL-AS1",-0.741350038614245
"COPS9",-0.742228955725701
"H3-7",-0.744927688212222
"RFK",-0.745228366273447
"MRTO4",-0.745601009548015
"CACNA1D",-0.745792919675172
"CCDC152",-0.747429084267335
"CDC42EP3",-0.74756436900147
"H2AC18",-0.748090281101516
"PIK3IP1-DT",-0.748756797029747
"RPS15P5",-0.749612332016902
"CEP164",-0.750363651996201
"PRANCR",-0.751077643916771
"SLC26A3",-0.751116748729892
"RNU6-786P",-0.751322209865841
"MTF2",-0.75240264583269
"SLC51A",-0.752845162208385
"TNR",-0.754087151204269
"RPL21P20",-0.754735789569929
"MEI4",-0.755043754531006
"CBLN3",-0.756549468253919
"FBN2",-0.75698152213897
"TPT1P6",-0.759013271767753
"PPP1R3E",-0.759038291106853
"ARHGAP17",-0.759176821857247
"MASTL",-0.759394326520159
"BTRC",-0.760915621569714
"GATD1-DT",-0.761321402307815
"CENPN",-0.762831344972261
"COPS2",-0.762992674974442
"BOLA2B",-0.763548210566665
"UBE2D1",-0.764008028391182
"NSUN3",-0.765549066193159
"LAGE3",-0.766038799014103
"PLAGL1",-0.76709158057993
"CISD1",-0.767793087346502
"ATP2B1",-0.768250006931491
"MRPL33",-0.76859940023691
"SNORD13E",-0.769071638933992
"ZSWIM8",-0.769255266829306
"GGA3",-0.769668021777572
"TTC7B-AS1",-0.769886618120353
"MTND6P18",-0.769935417600327
"H3P47",-0.769969808479242
"RPL29",-0.770562288794156
"ELF1",-0.771318234495372
"DCAKD",-0.772037135967393
"OSBPL7",-0.772332438622305
"PTPMT1",-0.772536102742122
"HNRNPA1P64",-0.77314678714991
"LINC00294",-0.77508863538898
"TSHZ2",-0.775693471711368
"RN7SL262P",-0.77615114387779
"MPV17L",-0.776834994950088
"MSANTD2",-0.776937147089631
"NDUFA7",-0.777483653605789
"RNU6-17P",-0.77812839650269
"ZNF334",-0.780509093205905
"TBCA",-0.78177207051254
"NIP7",-0.782215553408296
"PAX5",-0.783106623834158
"NUDT5",-0.783264236603158
"ELOVL5",-0.783876319645343
"AKAP13",-0.784083363601591
"BTBD6P1",-0.785520090952951
"MIIP",-0.785882670643193
"FAM136FP",-0.785952113178522
"PACRG-AS1",-0.785952113178522
"R3HDM2P2",-0.785952113178522
"RPL23AP61",-0.785952113178522
"LINC02681",-0.785952113178522
"SLC25A29",-0.786591890064365
"PRR33",-0.787333495278419
"RNU6-866P",-0.788324936800309
"FKBP1A",-0.78833217033769
"MT-TL1",-0.78890392935372
"PITHD1",-0.790622190102603
"TMEM250",-0.791258331732994
"LYRM4",-0.792685362057174
"MEAK7",-0.79363312377532
"CGGBP1",-0.794470813652841
"ACAA2P1",-0.795092556866606
"GNPDA2",-0.795844566359912
"LYRM7",-0.796159832555655
"NCOR1",-0.796179050006551
"RPL21P129",-0.796366349649167
"APC",-0.797097260315644
"MYMX",-0.798650169509414
"KLF12",-0.799493030915841
"TRAJ30",-0.799817723470673
"UXT-AS1",-0.800780298338703
"PTPRJ",-0.800974597870766
"CTDSPL2",-0.800999817982948
"STX10",-0.801785466332805
"PEX11A",-0.803682260197366
"ISCA2",-0.804900060797111
"ZNHIT6",-0.805354790983503
"DHDDS-AS1",-0.805365320828839
"TLN1",-0.806935853313309
"DDX46",-0.807316586934241
"SLC25A25-AS1",-0.808528608553337
"KDM4A",-0.81062646718909
"VPS41",-0.811917003008623
"ARHGDIA",-0.812843381294591
"LINC02136",-0.81295409468727
"FNBP1L",-0.814461639179289
"RPL38",-0.816050628114778
"RPS15AP11",-0.816203689166592
"APC2",-0.816401493748883
"NOXA1",-0.816608946097886
"NDUFAF5",-0.817969465189112
"MMS22L",-0.817986712830145
"TMEM237",-0.818152537953068
"FXYD3",-0.818469779952452
"ZNF540",-0.819578638903485
"AKIRIN2",-0.820413231733441
"POP5",-0.820717511590833
"FBXO48",-0.821648750209366
"CPD",-0.82211914551317
"PRUNE2",-0.823863230937995
"RNASET2",-0.823999913047651
"PLEKHG5",-0.824031517244921
"MIPEP",-0.824182866223011
"RNF44",-0.824191367636626
"ZNF689",-0.825776646464451
"ITGAL-AS1",-0.827161257212327
"DNAJC27",-0.830128899589379
"AP1M1",-0.830158769051298
"INPP5D",-0.831457777770388
"MCM9",-0.831923715236006
"ITGB1P1",-0.83217355246392
"PHACTR4",-0.832242189192179
"CTSD",-0.832609929834812
"ESF1",-0.832858083201175
"PRPF38A",-0.833747688603687
"YBX1P2",-0.834435843956203
"ATP5MC2",-0.83515334262582
"LMNB1",-0.837137235297657
"ATP6V1B2",-0.837309091321976
"C2orf68",-0.837733564272504
"TXNRD2",-0.83932224117753
"LBP",-0.83954925244181
"UBXN8",-0.840921651419476
"RNF32-DT",-0.841388838847742
"SERPINB1",-0.841892337182408
"SNHG18",-0.842506248543545
"ZNF277",-0.843304074029512
"LINC01778",-0.844824988687095
"ADAMTSL2",-0.844824988687095
"PABIR3",-0.844893691958507
"PYGM",-0.844923042942753
"MT-TD",-0.845970667729652
"AMER3",-0.846174804158641
"EIF3F",-0.846833704547687
"LINC02315",-0.847450892951072
"GTF2H2",-0.848267807447649
"RRP36",-0.848577970912952
"ZMAT2",-0.848802355067652
"RN7SL121P",-0.85073500546851
"UBASH3B",-0.851272468847236
"LINC02176",-0.851718946983288
"LINC01091",-0.851948700271625
"ZDHHC6",-0.852871835890268
"SAMMSON",-0.85317793872128
"ARHGAP4",-0.853458399589795
"SDHAF1",-0.853786596343865
"CAVIN2-AS1",-0.854227540218382
"TSC22D1-AS1",-0.855384413458891
"FRG2EP",-0.855644668090875
"UBP1",-0.855989290999846
"RPA2P2",-0.856004962650648
"SCN4B",-0.856946953422168
"CADM2-AS1",-0.857075758323456
"PPP4R2",-0.858621607133646
"GOLGA7",-0.859269467199114
"SF1",-0.859619258427219
"BLOC1S1",-0.859889238468626
"RPL15P3",-0.860306975574947
"WBP1P2",-0.86080733992368
"REST",-0.861188165373292
"RPL21P46",-0.862305107276934
"CD300A",-0.8625753689412
"GPRC5C",-0.863581217220113
"HELZ",-0.866948531654503
"CD226",-0.867227036356091
"MORF4L1P1",-0.868172444498133
"CACYBPP2",-0.868302309145339
"RPSAP8",-0.871145250882245
"FOXO4",-0.871520945354706
"CCDC12",-0.87172325389708
"NOP10",-0.87313903118362
"DDRGK1",-0.874150968808305
"COA8",-0.874218917228481
"FABP3",-0.874378051546816
"MRPS5",-0.874998284774557
"GMIP",-0.875403147786519
"TIMELESS",-0.875533184205065
"KCNJ5",-0.87693960163667
"TYR",-0.877030741878242
"CAPN8",-0.877349711175671
"CCDC28A",-0.877478001864048
"SEPTIN7-DT",-0.87776165143987
"PRNCR1",-0.87840523219982
"ITGAE",-0.878894556133215
"TRIM24",-0.879348449712922
"HMGA1P4",-0.879453329331173
"SPDYA",-0.879606780405093
"PHTF1",-0.880529225284875
"SLCO3A1",-0.882360364100443
"LZTR1",-0.882962771779002
"CCDC25",-0.88301778865874
"B3GAT2",-0.883558759285138
"CASZ1",-0.884304150592993
"MED31",-0.886125837154467
"HNRNPA1P38",-0.886348136948709
"KGD4",-0.886405937307482
"NAB1",-0.886560737945267
"IL20RB",-0.886980033957418
"RPS23P8",-0.887485263226279
"UQCRB-AS1",-0.887773353804813
"SMAP1",-0.888139073056929
"TEX30",-0.888972229185733
"LSM2",-0.889010596345285
"CHFR",-0.889176417023537
"PHACTR2-AS1",-0.88966959940233
"HTN3",-0.891145946297997
"ZNF567-DT",-0.891471188713433
"EHBP1L1",-0.892191924630857
"TAF2",-0.892350570684856
"DSC3",-0.892793629936927
"SHISA5",-0.893196519383581
"RUSC1",-0.893393535527132
"CCL3L3",-0.893525666304373
"SMG6",-0.894146198107806
"KCNN1",-0.895330420782985
"DCTN6",-0.896728687000273
"RPL10A",-0.896771138280767
"MRPL48",-0.89808566962109
"GPHN",-0.898272338655088
"SDHC",-0.898881357490677
"CSTB",-0.899295441329632
"COX14",-0.899703613772767
"ZNF527",-0.900106552611646
"SERINC5",-0.900179464508468
"AQP8",-0.902093200206164
"SEPTIN9",-0.904232057951829
"FKBP9",-0.905054204812712
"EEF1DP1",-0.906316691758586
"DR1",-0.906336129434884
"MAGOH",-0.90678896673628
"HMGN2P5",-0.907397792644572
"TTC23L",-0.907795751374331
"KRR1",-0.914762903557312
"HNRNPA1P63",-0.915011406836064
"LINC00687",-0.915011406836064
"HIKESHIP1",-0.916911392342267
"COA6-AS1",-0.919417848697782
"GLP1R",-0.920088883784078
"GLTP",-0.92128075594257
"CDCA7",-0.921375228650066
"NSRP1",-0.921606085172293
"RNU7-133P",-0.921803147276662
"BTBD10",-0.921964513360807
"GPR158",-0.922626813527857
"AADACL4",-0.922822550239944
"LINC01794",-0.922822550239944
"FAM111A",-0.923553330333631
"NMD3P1",-0.925391094653627
"BHLHE22",-0.925391094653627
"TXNL4B",-0.925545594296066
"DARS1-AS1",-0.925889537546981
"CLEC12B",-0.926374133168065
"MICA",-0.926770780564272
"RPL12P19",-0.9277166902413
"PBX2",-0.928971813700055
"SLA2",-0.930047954087742
"STAG1-DT",-0.930646379811868
"CLSTN1",-0.93178425399948
"DUSP7",-0.932187261457723
"CCDC57",-0.932504394482926
"MTFP1",-0.932891989533947
"UBE2Q1",-0.93347150460466
"DLEU1",-0.935093032401158
"DHX9-AS1",-0.935380605921945
"RCAN2",-0.939484648762154
"SNHG3",-0.939757233061212
"G3BP2",-0.939894698700407
"ACP5",-0.941222519618611
"ATP5MK",-0.94143834378642
"RACK1",-0.942688507668396
"MAP4K2",-0.942887229042956
"RSRP1",-0.944149818450238
"POLR3GP1",-0.944777666014775
"KPNA7",-0.945954405049617
"MED21",-0.946050501871491
"NFIB-AS1",-0.946943733634606
"EIF4A1P12",-0.946943733634606
"PNN-AS1",-0.948873958535702
"MMP24OS",-0.949196676184034
"CHURC1",-0.949342475024454
"PDCD2L",-0.951130991675041
"SEPTIN11",-0.951840628487283
"LSAMP",-0.952281225530491
"ARHGAP9",-0.954442771696203
"RPL13AP25",-0.955232103340128
"MTND5P11",-0.956076877650012
"USP42",-0.956979314446561
"MTHFS",-0.958325651973312
"ZNF225-AS1",-0.958373557077666
"HERPUD2",-0.958655909553951
"ABHD15-AS1",-0.959298334334105
"TNKS2",-0.960591841515775
"RPS3P4",-0.96124790458976
"SNHG17",-0.964459129314388
"PC",-0.964899928441052
"PLXNB1",-0.96517498271096
"FAM32A",-0.965514003181451
"HMGN1P4",-0.965786235163135
"C6orf163",-0.96584502251739
"ITPKB",-0.965891493180604
"HEATR3-AS1",-0.967639560804287
"ATP5F1C",-0.970221542257026
"DHX57",-0.971114577166522
"SMARCE1P7",-0.971632791789458
"OR4K5",-0.971632791789458
"MTCP1",-0.971656091035593
"KLF7-IT1",-0.972466032947733
"ZNF320",-0.972554921176662
"CD34",-0.972646055907121
"BBX",-0.973489998793176
"NFATC2",-0.975162748910619
"TFAP2A-AS1",-0.975628504219799
"CCAR2",-0.976038663877734
"RPL5P1",-0.976250764135817
"RNF103-CHMP3",-0.977248258583781
"RNY1P16",-0.97736187873411
"UBE2I",-0.977669494265384
"GMPS",-0.978171679071169
"GPR27",-0.978824271016901
"RPL12P1",-0.979124165237607
"RNU6-619P",-0.979133024202211
"PLEKHJ1",-0.98056086265089
"ITGAM",-0.981515051261769
"LINC00861",-0.982881921693089
"BIRC6-AS1",-0.98363480513372
"LIMS1",-0.983976955305986
"BCLAF3",-0.98436868580565
"SLC6A19",-0.984561915637892
"FAM153CP",-0.984615421521174
"RPL21P29",-0.985480055673818
"NPM1P24",-0.98580043561018
"ADGRB3-DT",-0.986006635871137
"EHF",-0.987499498828681
"RPL15P20",-0.988761558679569
"PRRT2",-0.988990076892314
"SERGEF",-0.98937664093587
"XRCC6P1",-0.992341129794531
"ZFYVE26",-0.992992089595851
"ATP6AP1-DT",-0.995885687689497
"DLEU2",-0.996106688724151
"ZDHHC3",-0.997067393681973
"RPS5P2",-0.997681802650099
"KNL1",-0.999169706198323
"RPL36AP37",-0.999234601122832
"CAMTA2-AS1",-0.999771425612791
"CTTNBP2NL",-1.00114429676793
"BZW1-AS1",-1.0016135404007
"PSMB2",-1.00251975024646
"CLASP1",-1.00287073402717
"MTM1",-1.00578316378578
"CEACAM21",-1.00704048001656
"ACTN1",-1.00904702393234
"VDAC1P6",-1.00911277483868
"ENPP4",-1.00994332256239
"TP53",-1.00996106331435
"EPHX2",-1.01175207311421
"SPNS1",-1.01210340432441
"GCNT7",-1.01231363309994
"NUP85",-1.01263082634299
"STAM-DT",-1.01266693832714
"ENY2",-1.01273878825171
"GRAPL",-1.01418635830463
"ZNF479",-1.01646598395355
"RNF34",-1.01695824922503
"ZDHHC24",-1.01705445047305
"EOLA2",-1.01727128336973
"OR5P1P",-1.01993544321551
"LINC01807",-1.02045126745483
"SLC6A17",-1.02054425386475
"HMGN2",-1.02427055249962
"KRT27",-1.02539120618227
"FCHO1",-1.0260256468357
"RPL21P16",-1.02734595889267
"CTPS1",-1.0302616870588
"SS18L1",-1.03035931778837
"LMTK3",-1.03195531478029
"CTBP2",-1.03371897057247
"TMEM41A",-1.03401364544817
"NIPAL3",-1.03422429850531
"COLGALT2",-1.03429746996399
"RAET1G",-1.03429746996399
"TMEM191C",-1.03533177096196
"RPP30",-1.03735977397296
"FOXO3B",-1.03748361693545
"LSM4",-1.03924747053908
"PRKAG1",-1.03937520771283
"C1D",-1.0397330645379
"EIF3H",-1.03989013312376
"GTF2IP14",-1.04045100422895
"MYL11",-1.04100640684517
"EPC1",-1.04137860972167
"BLOC1S4",-1.0414055931081
"TATDN1",-1.04153591744101
"LINC02693",-1.04200369490539
"HSPA2",-1.0425395580515
"ZNF160",-1.04290383486435
"SUMO2",-1.04356986582674
"GDPD5",-1.04389532906083
"PPP2R2D",-1.04503155309173
"MTHFD2L",-1.04527109135942
"SMARCC2",-1.04578005718084
"COX16",-1.04656396439951
"PLA2R1",-1.04740757679673
"PHF6",-1.04805775978169
"BTBD10P1",-1.04850729226599
"RPS20P5",-1.05009350345911
"CSTA",-1.05009350345911
"LINC02476",-1.05009350345911
"USH1C",-1.05009350345911
"CCDC174",-1.05073692795687
"SLC9A7",-1.05128360909155
"RPL17P25",-1.05314539692346
"NEO1",-1.05370502093765
"ZNF202",-1.05459933913878
"COMMD9",-1.05537209228606
"ATP2B4",-1.0586166669436
"RAD9A",-1.05959626636225
"STMN1",-1.06175030476376
"TH2LCRR",-1.06253532208866
"ZBTB41",-1.06255225231945
"DAPL1",-1.0650108074016
"C13orf46",-1.0650108074016
"FUS",-1.06545052637302
"RNF38",-1.06546458960557
"AMER1",-1.06623509094005
"DCUN1D5",-1.06653271696268
"ZSWIM7",-1.06661430238157
"GPATCH4",-1.06704966596219
"SLC9A9",-1.06811427273924
"BHLHE40-AS1",-1.0694229212419
"ATP1B1P1",-1.06945481744422
"RRP7A",-1.07016804264471
"NBPF8",-1.07093313994009
"SRPK2P",-1.07255957031004
"ADH5P4",-1.07468216366452
"SRSF3P1",-1.07489630043264
"RPS27P29",-1.07593969204307
"ARL4AP2",-1.07757268889259
"TRIP4",-1.0778048688612
"ANKRD10",-1.07822417525941
"MIR6781",-1.07936085034892
"PDZK1",-1.07975777162893
"HSPE1P27",-1.08064746756145
"PRDM15",-1.0806810188271
"CROT",-1.080727897226
"LINC00923",-1.08194648461004
"CCDC136",-1.08378255747806
"WDR26",-1.08397376161736
"ILKAP",-1.08405333926258
"ZDHHC20",-1.08451566005194
"FAM167B",-1.08746891684357
"UBE2V2P3",-1.08754167852191
"RNF112",-1.0877230002854
"PAPLN",-1.08855188618495
"SFR1",-1.08871810617713
"HSPBAP1",-1.08952639194255
"POLRMTP1",-1.09007142805294
"WDR3",-1.09038072923193
"PACS1",-1.09314852182356
"DPP8",-1.09407876408208
"CTNNBIP1",-1.09441118890134
"RPS20",-1.09543343738055
"MITD1",-1.09610615454945
"CBL",-1.09661813518302
"ZNF140",-1.09693873478821
"SPHK2",-1.09747218318648
"RPL21P53",-1.09787851773562
"YPEL1",-1.09814484396086
"PRMT3",-1.09827025304794
"C2CD2L",-1.09966888282338
"FAM78A",-1.10121537734858
"RNA5SP122",-1.10279703385854
"MAFTRR",-1.10414499436639
"CBARP",-1.10446151957558
"RNF166",-1.10499527146191
"E2F7",-1.10538021432516
"BEX1",-1.10554593747536
"RPL7P6",-1.10628556203259
"RAC3",-1.10668573237895
"PFDN1P1",-1.10896402930125
"BCS1L",-1.10931589799333
"HNRNPA1P4",-1.11006347014015
"TUBAP2",-1.1110882810763
"CT70",-1.11167770079526
"BNIP5",-1.1119251925493
"ZNF385A",-1.11244470056148
"FMO4",-1.11257262248926
"VN1R84P",-1.11278933569073
"PAM16",-1.11347029650626
"CD163",-1.11435283694977
"SLC25A26",-1.11508979451735
"BCKDHB",-1.11581818478212
"MIR215",-1.11603518436362
"MIR194-1",-1.11603518436362
"RPS2",-1.11684776851048
"RN7SKP282",-1.11754162164914
"EPHA2",-1.11781398138399
"PPP1R13L",-1.11821893277008
"ZNF845",-1.1196253851466
"RN7SL706P",-1.1201529384587
"SLC22A18AS",-1.12045923264702
"HNMT",-1.12216952634258
"NT5M",-1.12286430566929
"TMEM200C",-1.1232921514342
"CARD11-AS1",-1.12393620468865
"UPF3B",-1.12426107025611
"ANO7",-1.12631441039714
"SLC4A7",-1.12700389237578
"RNU1-67P",-1.12715570246384
"PGAM1",-1.12826888053367
"ERICH6-AS1",-1.13026519272736
"ESAM-AS1",-1.13175139801632
"LINC02014",-1.13257327312435
"CRY1",-1.13350222018999
"RPL5P15",-1.13373970553149
"OSM",-1.13398446694961
"CCDC107",-1.13419542999566
"CEP41",-1.13670465935817
"AAMDC",-1.13715482700587
"RPL29P12",-1.1372064453316
"HLA-T",-1.13784896103766
"ZC3H8",-1.14332934123685
"GSTZ1",-1.14399591371505
"DHRS4L2",-1.14415665945523
"RBM12",-1.1444408063256
"GPR132",-1.14644701289674
"CCDC71L",-1.14694523500438
"DLGAP4-AS1",-1.14737216536837
"ACVR1B",-1.14769113529664
"SNORD100",-1.14800262971562
"TRIM68",-1.14914653140939
"E2F2",-1.14916185341957
"PRKG1-AS1",-1.14999747576122
"FITM1",-1.15023044258976
"VAMP5",-1.15100391960521
"FMOD",-1.15199504593485
"TMX4",-1.1520342987742
"CADM3",-1.15206969921862
"BNIP3L",-1.15338567619248
"ASAH2B",-1.15362934527274
"GINS4",-1.15417158253449
"ZDHHC20P4",-1.15692366818551
"TPST2P1",-1.15692366818551
"ASAP3",-1.15723945171181
"ZNFX1",-1.1574190809141
"RN7SL750P",-1.1578073482285
"CFL1P2",-1.1584093358364
"SCUBE3",-1.16124767777364
"MAP3K6",-1.16233593979031
"MT-ATP6",-1.16241198425658
"KALRN",-1.16412310222906
"DBNDD2",-1.16455689622215
"SPINK7",-1.16524561672706
"KRTAP5-8",-1.16543071598085
"MMRN2",-1.16616017669329
"GNG12-AS1",-1.16754922307163
"EIF4A1P10",-1.16840422221779
"SLCO2B1",-1.168957039735
"SH3KBP1",-1.1693139477667
"MACF1",-1.1705666021255
"POM121C",-1.17416396740996
"SCAI",-1.17657323296974
"AKR7A3",-1.17916009668932
"INCA1",-1.17931654262058
"PPIAP22",-1.1804144252863
"PTGES3P1",-1.18186008401361
"CLRN3",-1.18478432997353
"PAQR5",-1.18482567791892
"C17orf67",-1.18679102974253
"RN7SL619P",-1.18700152530979
"DLX5",-1.18806835624268
"ATP1A1-AS1",-1.18906335604932
"SNRPEP4",-1.18921252883857
"SNUPN",-1.18984675937498
"MBD3",-1.19076205191279
"AMY2B",-1.1945892302859
"MIR137HG",-1.19619579590797
"MTND4P18",-1.19619579590797
"ANAPC16",-1.19626637964228
"MYO1G",-1.19677093255201
"PKM",-1.19935846981162
"CFL1P3",-1.20118144550037
"TIMM23B-AGAP6",-1.201914100341
"CICP16",-1.20199135832641
"ERMAP",-1.20246408004763
"MAP2K4",-1.20390972621535
"CORO7",-1.20800056015511
"CDH6",-1.20908581522081
"HABP4",-1.20959745748516
"BEX2",-1.20964777413268
"REXO5",-1.21022268646322
"MIR4263",-1.21082548150421
"PKMP1",-1.21119850185735
"ZDHHC18",-1.21310474901236
"SFXN3",-1.21372064454229
"THRA",-1.21655355958398
"PLIN2",-1.21677434464733
"STEAP3",-1.21735315382907
"RPSA",-1.21754804850423
"DPY30",-1.22018366217892
"GCHFR",-1.22046773554266
"WASF2",-1.22150339560095
"UTRN",-1.22256477210225
"PGAM4",-1.22296713174676
"EMX2OS",-1.22306107046118
"NOP9",-1.22334882035678
"MIR6503",-1.22417452834164
"SETD6",-1.22689492557262
"PIN1-DT",-1.22698813949093
"TP53TG1",-1.22739504526237
"TDG",-1.2276595745497
"TMEM260",-1.22868750658368
"EPCAM",-1.23017890674603
"BICDL2",-1.23153807691988
"CDC7",-1.23159454662852
"VPS72",-1.23242249043905
"MAPK8IP1",-1.23476222879562
"FTH1P11",-1.23511975858097
"CTSA",-1.235588993016
"CCDC141",-1.23697170563604
"RPS7P4",-1.2372347493926
"COX4I1",-1.23871150693094
"C2orf76",-1.2392776695435
"WDR48",-1.23949894128332
"HAS1",-1.23992954385818
"METTL4",-1.2408841879927
"PLA2G12A",-1.24112251972254
"MRM2",-1.24206798955629
"PPP4C",-1.24210093033974
"BMP8B-AS1",-1.24264353144052
"BCL2L15",-1.24264353144052
"LHFPL6",-1.24329547797519
"NCL",-1.24400577932645
"RC3H1-IT1",-1.24542903677541
"MIR4477A",-1.24676817961789
"MT1F",-1.24688191142486
"CEBPA-DT",-1.2479565327152
"GALNT17",-1.24832417906633
"RN7SL79P",-1.24832417906633
"TRPC3",-1.24843233790118
"SCAP",-1.24845069279302
"KIF5B",-1.250054817652
"ATP6V1H",-1.25047528602016
"EPHA7",-1.25222425094381
"DNAJC24",-1.25281514123553
"DYNC1H1",-1.25339028074326
"DNAJC19",-1.25351842846463
"ACSS3",-1.25441585974244
"MIR4803",-1.25467022791222
"ECD",-1.25586506543794
"CLEC4M",-1.25605645172348
"KDM7A",-1.25669186513397
"ZNF777",-1.25711785429958
"ZACN",-1.25729610349831
"SNORD38C",-1.25749963479611
"KCNMA1-AS3",-1.25915922571449
"ATP1A1",-1.26177228348725
"SLC25A13",-1.26214838540768
"PEX16",-1.26218688298373
"FAM66A",-1.26922409521144
"LINC00674",-1.26937252909527
"BCAT2",-1.26963483156478
"LRTOMT",-1.2705293208407
"ALDOA",-1.27088685867767
"NOP16",-1.27124251300189
"MCCD1",-1.27258977513272
"MICOS10",-1.27435064344791
"ST3GAL5",-1.27494570255811
"AKR1C2",-1.27583248801529
"SMG7",-1.27629672325635
"RNF128",-1.27660548625772
"CKMT2-AS1",-1.27804598709336
"ADM5",-1.27827399355867
"EXOC6B",-1.2783965937369
"GATA6-AS1",-1.27869419603391
"MIR924HG",-1.2793209529623
"FLNC",-1.27936253147696
"FKBP4",-1.28145483741948
"IPO7P2",-1.28395043108274
"OR11A1",-1.28408564688392
"CHD1-DT",-1.28457048839231
"MEG9",-1.28615046342607
"RPL21P28",-1.28629904686028
"GNAI1",-1.28692051718397
"PAPOLA-DT",-1.28809520623907
"SLC52A3",-1.28994944280231
"ARL5C",-1.29099496570327
"CCDC86",-1.29193968474515
"CD86",-1.29380326307167
"HECTD4",-1.2951182215297
"ABHD17A",-1.29652729442733
"CCDC81",-1.29681169687437
"TPGS2",-1.2990859526171
"LINC02766",-1.29998169142539
"TIGD2",-1.30019151006348
"GCC1",-1.3003225796942
"TOMM7",-1.30083908641695
"TMEM14A",-1.30191540715283
"PSMC1P5",-1.30242607932079
"JADE2",-1.30300910499875
"ADGRA1",-1.30420858325163
"PIP4K2B",-1.30669938960872
"PEX1",-1.30716060792324
"DUS4L",-1.30775387064183
"CERNA3",-1.30845780809272
"NDST2",-1.30881903582474
"EOMES",-1.30948257592636
"TMUB1",-1.31122429460595
"GPR143",-1.3112539821144
"PSME2P3",-1.31181716348063
"GATB",-1.31215320458896
"DENR",-1.31263237958031
"POLR3GL",-1.31297251278738
"TUBA4B",-1.31553747615903
"LINC00299",-1.31664343061487
"SUPT3H",-1.31875060374874
"PARP8",-1.31880220017191
"ATP6V0E1",-1.31966863059717
"SS18L2",-1.31975516314253
"HMGN2P17",-1.32175187731581
"KLHL18",-1.32259894072311
"ZNF778",-1.32774645783604
"CEP131",-1.32903511116263
"SPDYE2B",-1.32966407521677
"HAUS6",-1.33099600659497
"PTPN23-DT",-1.33188213034213
"PCYT1A",-1.33224705559892
"PPP1CA",-1.33245768158672
"ZNF347",-1.33309017523281
"ZFR",-1.33380453028316
"PPP1R16A",-1.33525414045679
"RPS2P46",-1.335455912155
"DNAH17",-1.33691307780187
"LHFPL5",-1.33718649841617
"STX8",-1.33987371615738
"ZCCHC9",-1.34026440144065
"PLA2G4E",-1.34299600712258
"MIA2-AS1",-1.34337145742964
"FKBP3",-1.34384710188426
"DENND4B",-1.34442475884467
"NEDD8",-1.34458442908886
"RNU6-731P",-1.34567359498831
"CNTRL",-1.34570049127028
"PALMD",-1.34619185085713
"PREX2",-1.34756391380987
"ERVE-1",-1.34847412681838
"DNAH8-AS1",-1.35048413204456
"SLC30A10",-1.35148176599285
"FGFR1",-1.35154640805606
"FAS",-1.35194291314861
"RPS14P5",-1.35265805929704
"ANKRD23",-1.35363342600697
"PRPF3",-1.35404408003415
"LSM7",-1.3545236288267
"MTAP",-1.35624169957373
"L3MBTL3",-1.35867705014118
"MKNK1",-1.36029573297479
"CCDC184",-1.36086300798444
"GTF3C6",-1.36185390324366
"MVD",-1.3621513710106
"APLP1",-1.36215193876436
"CHTOP",-1.36248061955962
"LINC00862",-1.3626562303192
"RPS26P11",-1.36273688380246
"RN7SL812P",-1.36321696327467
"AKAP10",-1.36402192259171
"IKBKB",-1.36422781016455
"PSMA4",-1.36791903242576
"CHKB-CPT1B",-1.36841968781672
"UTP15",-1.36865493614689
"PSIP1",-1.37048829720867
"AXIN2",-1.37192587068832
"PLIN4",-1.37341647779272
"PSMD10P3",-1.37418373775282
"SMIM12",-1.37429367288346
"HLA-DQB1",-1.37453767126558
"OSTF1",-1.37513102605937
"GSDMD",-1.37546989526115
"LDHAP3",-1.3772998054834
"ARPIN",-1.37825210176394
"SPDYE21",-1.38278902802101
"HNRNPCP2",-1.38545861601618
"ZNF492",-1.38619970510644
"CHMP1B",-1.38725409365481
"WIPF1",-1.3898901972621
"DUX4L26",-1.39213335383447
"TRIOBP",-1.39484408493141
"PEG10",-1.39503111629547
"MRPL30",-1.39658636291394
"DGKZP1",-1.39926423489318
"FAH",-1.3995218388024
"ITFG2-AS1",-1.4026758980075
"RNF167",-1.40404790973421
"DPH1",-1.40447931503008
"ADAMTS7",-1.4058478857771
"EIF3J-DT",-1.40602187072906
"LASP1NB",-1.40604046124441
"KIF22",-1.4060493180169
"ZBTB44",-1.40608411370094
"SCAT1",-1.40644182023987
"ZNF891",-1.40656133390553
"METTL22",-1.40831271219747
"TRIM56",-1.40920674678062
"RNU6-708P",-1.41043994974386
"NCBP3",-1.41063513171048
"TMEM123-DT",-1.41103049504678
"LINC00486",-1.41416158912949
"ZNF335",-1.4159814250495
"SNHG30",-1.41955425880833
"ANO9",-1.4205606008122
"MPIG6B",-1.42056433772597
"PDCD4-AS1",-1.42131833384187
"IWS1",-1.42297160834258
"TCAP",-1.42332203988454
"MIR762",-1.42399500632398
"TROAP-AS1",-1.4251813365997
"PEBP1P3",-1.42586173688639
"DENND6A-DT",-1.4268143071597
"LINC01465",-1.42764180564904
"TRAJ50",-1.42785983375978
"BEND7",-1.42904495525723
"ACTG1",-1.42913075561893
"FUT1",-1.42917084086765
"POLR1H",-1.43072784978947
"NME5",-1.4317618008422
"SLC25A44",-1.43240281080013
"MAG",-1.43352591111859
"COX20",-1.4346443629028
"HTR1F",-1.43520154836823
"SYNRG",-1.43554611436284
"HACD4",-1.43568991028078
"FGFBP1",-1.43750659470264
"NR2C2AP",-1.43841997641147
"TYK2",-1.43900843685834
"MPZL3",-1.43978062974104
"MLLT6",-1.44164860844569
"RNF213",-1.4433600447739
"RPL13AP7",-1.4436197457332
"CKS2",-1.44395355695725
"PIP4P1",-1.4440318494992
"TMEM245",-1.44413675771588
"EDARADD",-1.44446453224972
"H3C13",-1.4453129268368
"NAIP",-1.44550866764141
"LLPH",-1.4468031482812
"SUN3",-1.44735432222801
"PRIM1",-1.44789615617599
"RPL6P11",-1.4486155184747
"TRAJ26",-1.4486155184747
"EMSLR",-1.45062937898595
"LINC02742",-1.45105062252572
"AKAP13-AS1",-1.45381971255895
"BOLA3P4",-1.45484172498154
"CCDC59",-1.45665243182983
"CPNE8",-1.45690680346792
"MYO16-AS1",-1.45826083748481
"ALDOC",-1.45875147442011
"ADAMTS1",-1.45893741784147
"DTX3L",-1.45952671788027
"CEP250-AS1",-1.46110580399137
"SERTAD1",-1.46184598174912
"TGFBR2",-1.46310471967475
"RDM1P2",-1.4649659031744
"PDCL",-1.46659182504524
"HCRT",-1.46695706097659
"CES2",-1.4686444790754
"FDPSP2",-1.47016331302684
"SPDYE7P",-1.47205896553411
"CCNF",-1.47262309774466
"BMP2KL",-1.47274268264071
"C10orf90",-1.47274268264071
"ABR",-1.47342452476447
"VEPH1",-1.47380840081864
"CDK12",-1.47404141712106
"ARF3",-1.47473300689287
"PRAF2",-1.47678807427712
"RPS26P47",-1.47706770179793
"PIN4P1",-1.47811155257122
"BLVRA",-1.48187733714456
"CPB2",-1.48287965774402
"TRIM66",-1.48393631958996
"RPS3AP6",-1.48416996955754
"SAMSN1",-1.48478972605109
"SLC16A4",-1.48628205649525
"ANXA13",-1.48635188213612
"RRP1B",-1.48652956146998
"SPMIP8",-1.48663136036587
"FAM177A1",-1.48810823793761
"RPL35P2",-1.48916454608158
"BET1P1",-1.49155620824003
"NDUFB9",-1.49365728540468
"TMC6",-1.49382501442002
"TYMS",-1.49445562403622
"RPS18P5",-1.4973342335022
"GMEB2",-1.49752378318619
"PCSK7",-1.49940787747722
"GON4L",-1.49948446996089
"PLSCR3",-1.50041982544852
"TPT1",-1.50068085263538
"CDC42SE2",-1.50217163667964
"RN7SL30P",-1.50265325109225
"IPO11",-1.50389585455065
"B3GALT6",-1.50489821848224
"PTAR1",-1.50541809069811
"HMGN1P38",-1.50921055962242
"TMEM135",-1.50974139705517
"PPM1F",-1.50981876567316
"RCOR1",-1.50988344359928
"SLFN12L",-1.50990315163663
"RBM25-AS1",-1.51089674424697
"HSD17B14",-1.51370241931303
"RAN",-1.51401435609836
"SNORC",-1.51532009475118
"HR",-1.51593140736931
"RNF217",-1.51612655631886
"VPS4B",-1.51691152598933
"PEX11B",-1.51873840810633
"IER5L-AS1",-1.52147440389478
"RGS3",-1.52279609130127
"PATJ",-1.52329812198299
"POLR2E",-1.5235407957773
"EGFR",-1.52370061639687
"FAM91A1",-1.52372762457363
"PGAP4",-1.52656072955228
"STAG2",-1.52841261058144
"PIR",-1.5293206457308
"INTU",-1.52951041858289
"RETREG1-AS1",-1.53004233685603
"MIX23",-1.53170672318895
"IER5L",-1.53203738065556
"FBL",-1.53467281668213
"TAF15",-1.54235841626426
"C1orf21",-1.5439251172342
"EMP3",-1.54418863212499
"CHD1L",-1.54457990918431
"XPC",-1.54465824018888
"PASK",-1.54485533586969
"PPP2R5A",-1.54654416571045
"SLC5A7",-1.54669872646234
"DOHH",-1.54755125207769
"AP2A2",-1.54761926831903
"DRC7",-1.5493625110839
"TTLL1",-1.55535305703256
"IL17RD",-1.55617045767091
"MTCO1P40",-1.55713790016464
"NIPSNAP3A",-1.55874931595742
"PCED1B",-1.56019762945962
"TGFA",-1.56055347655662
"CRBN",-1.56326249515657
"FAM156A",-1.56874414811081
"HACE1",-1.56895248003075
"CLNS1A",-1.56934556151165
"POU6F2",-1.57340983175477
"MATN2",-1.57484025228987
"CTSL",-1.57717484360229
"LINC02450",-1.57758698180571
"BTN3A1",-1.58141756956222
"MTMR10",-1.58169558345696
"CHERP",-1.58230582655298
"NLRC5",-1.58256046505092
"AP3S2",-1.58369807821827
"PTPN4",-1.58490216933469
"SNAPC1",-1.58499855735525
"MKNK1-AS1",-1.58566219238303
"GSTO1",-1.58572995870868
"PLCD4",-1.58666661421809
"KRTAP21-2",-1.58811540456245
"AFG1L",-1.59322136709664
"HAUS2",-1.59363756113117
"STX16",-1.59479879859791
"IL4R",-1.5950963939324
"ZNF84-DT",-1.59525482301971
"ACOT2",-1.59595265946532
"CCDC43",-1.59914649188618
"RUNDC3A",-1.59970419753048
"SCNM1",-1.60004989210346
"TFAP2A",-1.6024177333785
"ITPKB-IT1",-1.60291907612796
"CTDSP1",-1.60413412405329
"IKBKGP1",-1.60499398500357
"SYCP3",-1.60505485492052
"CARD6",-1.6064136776822
"UBE2V2P2",-1.60723067440392
"BAZ1A-AS1",-1.61150290262366
"FJX1",-1.61152264074154
"CDC42EP3-AS1",-1.61162462272596
"ZNF45-AS1",-1.61588334842712
"GIPC1",-1.6159293966888
"SZT2",-1.61603505342109
"ZNF600",-1.61822169759092
"FRMD5",-1.62073545207374
"MRPS31P4",-1.62093461700526
"RELA-DT",-1.62222413695296
"TRMT12",-1.62308181581596
"ABT1",-1.62334147600106
"KPLCE",-1.62486143117212
"MYLK4",-1.62594881319557
"FIP1L1",-1.62733125177243
"RPS26P31",-1.62780837198186
"COPS4",-1.62826568006249
"RASA3",-1.6289555728648
"FAM162A",-1.62937452917404
"NACA",-1.63087727861346
"RPGRIP1L",-1.63209543951147
"ZMYND12",-1.63268404530651
"LDB1",-1.63285456285778
"TMEM44",-1.63327385414124
"MHENCR",-1.63521109845795
"ATP5F1EP2",-1.63626726429273
"MARVELD3",-1.63703425089078
"LAMTOR2",-1.63747568786291
"RPL17P39",-1.6387861614212
"TSEN15P2",-1.63962729480076
"FAM72A",-1.64044329219292
"TRIM23",-1.64130845214427
"FGGY-DT",-1.64369855272238
"RPS18P12",-1.64480657381584
"EDDM13",-1.64497851483012
"LRFN4",-1.64695070387957
"ERBB2",-1.64797089028238
"UBA52",-1.65010531200841
"CALML3",-1.65056991223593
"ZNF585B",-1.65205162109526
"IDH3B",-1.65504147404066
"C3orf33",-1.65511311460083
"CASK",-1.65579719984809
"SHROOM3-AS1",-1.66000056875109
"SNRPD2",-1.66100999455102
"MRPL34",-1.66348785025238
"KIF2C",-1.6643056740705
"SUMO1",-1.66496443785913
"VSTM2B",-1.6671125942472
"ATP6V0E2-AS1",-1.66940392064694
"SF3B6",-1.67356905302539
"ABL2",-1.67403915824251
"ARHGAP30",-1.6751844700593
"MRPS30",-1.67582783212332
"PPIAP64",-1.67601903820376
"NFASC",-1.67796623673512
"RPS16",-1.68241390045323
"RHNO1",-1.68353976046674
"FTH1P4",-1.68473992784612
"CHD3",-1.6862727986487
"FOXP1-DT",-1.68634672678641
"NEPRO",-1.68715897669279
"SLC16A9",-1.68798598586278
"ZNF800",-1.68888563283257
"GRM5",-1.69121858277695
"TSPAN11",-1.69309493738745
"TMEM222",-1.69389208435886
"LINC02816",-1.69505175218998
"LDHAP7",-1.6951391040144
"MPHOSPH8",-1.69516593283435
"RCCD1",-1.69609074939691
"SEC11A",-1.69639933725648
"ARHGEF39",-1.69714695786177
"EIF4A1",-1.70603448251518
"CCDC7",-1.7072076118494
"CBR4",-1.70998554369875
"DNAJC17",-1.71061315782381
"TTC28-AS1",-1.71152679760681
"ZBTB4",-1.71198474064677
"PRKAB1",-1.71266798444567
"GLOD5",-1.71405929774458
"TIGD1",-1.71742022559724
"SRCAP",-1.71797144916271
"RPL7P9",-1.71845354805525
"CLIC1P1",-1.72006948829261
"PDP1",-1.72160271268952
"TRDJ1",-1.72253078681913
"R3HDM4",-1.72260028351565
"REEP4",-1.72269434296929
"EGOT",-1.72384519465274
"CXCL1",-1.72476957171692
"NTF3",-1.72554837890587
"PTRHD1",-1.72780405955135
"SAMD5",-1.72858468805152
"EXOSC10-AS1",-1.73133988757759
"WDR5-DT",-1.733479616891
"LINC02754",-1.73446219275107
"C1QC",-1.7358994875541
"ADGRE2",-1.73602817888094
"RCC1",-1.7407154861653
"TMPRSS15",-1.74973821043518
"RPP38-DT",-1.75084423720178
"GPAT4-AS1",-1.7539356869819
"PVR",-1.7545128628014
"CCDC85C",-1.75490996666193
"SNORA30",-1.75701977363707
"YDJC",-1.75819527356286
"ARHGAP15",-1.75906999709718
"CCDC85B",-1.75955745580041
"ATG16L1",-1.76049418095286
"ZNF106",-1.76223977149893
"TMEM128",-1.76573846209801
"UBL5",-1.76817385978782
"CPN2",-1.76904157582702
"SH2D3C",-1.77105786012044
"ETV7",-1.77111385587875
"TMEM81",-1.77236447738641
"SPDYE6",-1.7728735390983
"IL20RA",-1.77326017755628
"MAP3K20-AS1",-1.7741358955584
"NUP133-DT",-1.77476742258083
"IBA57",-1.77539349339408
"SF3B4",-1.77570400172605
"ZNF100",-1.77583500094753
"ZFHX4",-1.77637914355975
"RNU1-103P",-1.77727575406053
"ZNF823",-1.77937302346879
"UACA",-1.78205709934518
"DBF4P1",-1.78504360804493
"TMSB15C",-1.78653486428758
"RPS3AP41",-1.78653486428758
"TNFSF10",-1.7875407667696
"UBFD1",-1.78794320948681
"TLR4",-1.78799819687688
"PHLDB1",-1.78864656772675
"POU5F2",-1.78924857755222
"EMILIN2",-1.79263632135247
"RAB5C-AS1",-1.79520675328693
"RING1",-1.79623884758465
"WWC3",-1.79802060295577
"SLC12A1",-1.79979137123343
"SLBP",-1.80057440410175
"SLC20A2",-1.80118309917643
"TMEM42",-1.80255180159637
"RPL12P37",-1.80303223154701
"NAA80",-1.80357738216366
"LAMA4",-1.80414946420488
"SNRPGP15",-1.80566944326601
"HLA-B",-1.81421791230934
"ROR1-AS1",-1.81601201300107
"ZNF319",-1.81798515897386
"MIR548N",-1.81841573731795
"RAB5C",-1.8206033182586
"LSM6",-1.82126638742908
"HNRNPA1P52",-1.82131385016044
"EFCAB14P1",-1.82230635289863
"GTPBP10",-1.82347379488813
"DNAJA4-DT",-1.8264950214078
"RPS28P4",-1.82961928858757
"WDR76",-1.83122115948122
"H2AZ2-DT",-1.83201381955664
"TMPRSS11A",-1.83394750961863
"S100A1",-1.83554934046067
"SPICE1",-1.83592525237632
"SERPINB11",-1.83701909401804
"TERF2",-1.83716681256324
"ARHGEF3",-1.83717621028118
"SPACDR",-1.84337966312241
"ZNF493",-1.84719704480535
"PRRG3",-1.85101713372702
"RPS28",-1.85664849142618
"DOC2A",-1.8567825978647
"LRIG1",-1.85897775757282
"NINJ2",-1.85904936070842
"ADCY10",-1.8616376725733
"SEC14L2",-1.86471027660209
"CISD3",-1.8661522906788
"OXNAD1",-1.87197138074187
"EDIL3",-1.87208985576195
"CLIC3",-1.87231802672171
"ALDOC-AS1",-1.87264139589486
"PSCA",-1.87272354587174
"SLC39A5",-1.87294228731899
"CD83",-1.8744190038946
"OTUB2",-1.87988976424588
"SLC9A9-AS2",-1.88039876984833
"GCH1",-1.8820880131676
"FAM161A",-1.88296073136082
"KIF27",-1.89260181388251
"OBSCN",-1.89735090653409
"SMIM30",-1.89739864902988
"WBP1L",-1.89807756041813
"PRR13P5",-1.89915324815641
"TCAIM",-1.90134456661109
"GAPDHP65",-1.90250524616901
"PIK3R6",-1.90378464249278
"UQCRFS1P1",-1.90394127056273
"FAM83F",-1.90437829254644
"WARS2-AS1",-1.90572551430059
"UGT2B7",-1.90788857866438
"TRAJ22",-1.91010920777879
"IKZF4",-1.910290342891
"ZBTB44-DT",-1.91373444669211
"FABP5P7",-1.91442410791866
"KCNAB2",-1.91464764393015
"CD1E",-1.91890547765494
"NFE2L3P1",-1.91890547765494
"DIMT1",-1.92035283343148
"UBE2Q1-AS1",-1.9215247229108
"LYAR",-1.9245207133268
"TRAF2",-1.92479423872462
"OGG1",-1.92902144606552
"TANC2",-1.93369637233546
"ATP5MG",-1.93390115241413
"EXOSC2",-1.93427870055178
"PTPN6",-1.93548977318612
"PFDN5",-1.93732970495995
"LINC00659",-1.93758211388762
"LINC02029",-1.93772631712319
"MZF1-AS1",-1.94227932945903
"HDHD5",-1.94280257815386
"TMEM273",-1.94978192093516
"GRIP2",-1.95133835969235
"MSL1",-1.95285259182885
"PCDH12",-1.95315183727607
"LINC02067",-1.95362367995101
"SMG1P5",-1.95431985809739
"PFN1P1",-1.95471499296546
"FAM241A",-1.95919440701587
"RAB11A",-1.95920615289813
"ERH",-1.95936259724345
"LETR1",-1.96281538180386
"PSMA5",-1.96281878228545
"ANPEP",-1.96434835775131
"CDC40",-1.96453749181237
"ANKRD65",-1.96534475240599
"JAK3",-1.96848776350805
"PRSS3",-1.96916251978062
"RPL41P5",-1.97047811376376
"EED",-1.97176580129288
"RDH13",-1.97406958721947
"SUCLA2-AS1",-1.97545462283366
"SPDYE2",-1.97574765915564
"CARMIL2",-1.9776837293142
"SRP14",-1.97799930994598
"CSNK1G1",-1.97811255756848
"EXO5",-1.97901409442965
"RPS20P15",-1.98242466508994
"LINC00332",-1.98247045068758
"RPL31P52",-1.98332823367285
"NPHP3-AS1",-1.98579887780912
"SUMO2P10",-1.99067887329103
"AK4",-1.9908107357764
"FANCC",-1.99221980744566
"COL13A1",-1.99372974778145
"SPDYE18",-1.99685683946278
"RASGRP1",-2.00005118526529
"LINC02648",-2.00051771023119
"MIR142HG",-2.00118756936014
"TPST1",-2.00192545818112
"RPS7P3",-2.0026805755268
"PCF11-AS1",-2.00742463792731
"TP53RK",-2.0078583586349
"RPL23AP59",-2.00819337497052
"RPL18AP3",-2.01240712029842
"SKI",-2.01438759224669
"GEMIN6",-2.01480267613368
"TMEM151A",-2.01519010788845
"APRT",-2.01530569448473
"UPRT",-2.01560630599014
"MRAP",-2.01692023486766
"LINC00239",-2.01851480807263
"LINC03107",-2.02053425717581
"ODAD4",-2.02089429658143
"RUNX1",-2.02144325074554
"RPS3P3",-2.02273000018814
"LINC01678",-2.02335114613769
"HOMER3",-2.02400339505553
"PEF1-AS1",-2.0255213466911
"STXBP5-AS1",-2.02692392928118
"HNRNPA3P9",-2.02966198869237
"ITIH3",-2.03014128261748
"ADGRF4",-2.03027786837518
"PML",-2.03293053109422
"PCGF6",-2.03392870723264
"EIF1P6",-2.0346842042995
"APOF",-2.03506877494716
"RNU6-89P",-2.03585005084862
"NDUFS5",-2.036926242917
"PHKA2",-2.03739009308474
"NBPF15",-2.03818117868591
"KIAA0586",-2.03829991522026
"SAMD9",-2.03859333386537
"PCDHAC1",-2.04104730649523
"AAGAB",-2.04157031303112
"BTF3-DT",-2.04379764732144
"NHS",-2.04537939784744
"RPL21",-2.04634466290794
"SMIM29",-2.04697662222984
"CHMP1A",-2.04735354952712
"RBL1",-2.04778976115934
"PKP4-AS1",-2.04988390752511
"RPL6P10",-2.05059525962088
"RBM34",-2.05304988350288
"ADNP-AS1",-2.05324556433324
"DYNLT1",-2.05339295778994
"RNU6-444P",-2.05398006841872
"LINC02277",-2.05476135995523
"GATAD2A",-2.05561234734593
"MYO18B",-2.05562019739405
"TMSB4XP2",-2.05644855587523
"LY6E-DT",-2.05724570105463
"UXT",-2.05829966450672
"LINC01806",-2.0589176707225
"FXYD6-AS1",-2.06050214617057
"TUBB2B",-2.06260088128937
"RPA3",-2.06329901556927
"CENPV",-2.06729640207698
"CASP8",-2.06810566723728
"SSBP4",-2.06959657038382
"CELA1",-2.0698134348119
"TPM3",-2.07088114923892
"MTATP8P2",-2.0723172309344
"TRAPPC6A",-2.07369989463598
"NUP160",-2.07385796802157
"ANGEL2",-2.07505438524211
"HHATL",-2.07526341157704
"ARG1",-2.07643374095789
"CORO1B",-2.07930159397592
"MTCO2P12",-2.08053354597415
"ZNF277-AS1",-2.08404586182175
"RN7SKP284",-2.08484073686908
"LRCH4",-2.08910674103656
"ZBTB24",-2.09161669187626
"ZFY-AS1",-2.09174610424483
"FSIP2LP",-2.0937338203344
"TWNK",-2.0951647387999
"EFNA3",-2.09517111182581
"MIR6770-1",-2.09588822700965
"ST20",-2.09720454488779
"GHRLOS",-2.09766802558067
"MLLT1",-2.0993936863362
"SYN2",-2.10144158749932
"PLPPR4",-2.10250688500878
"UBE2N",-2.10449186343039
"HNRNPUL2",-2.11292067025342
"C2CD3",-2.11413405115232
"GPD1L",-2.11493103280594
"PPFIA3",-2.11787141799154
"BAALC-AS1",-2.11847885455093
"SYMPK",-2.1195311973239
"PATL1",-2.12018132551665
"STK35",-2.120789169964
"MT-TC",-2.12304936715047
"C1QL1",-2.12305368920241
"MLC1",-2.12305368920241
"FLNA",-2.12310952209307
"TANK",-2.12375160761587
"ZNF835",-2.12557670105761
"FAM50A",-2.12621411701335
"DUT-AS1",-2.12757438208217
"FTH1P23",-2.12851984012001
"RNF130",-2.12872755845275
"MEIOC",-2.1357441461447
"ZNF581",-2.13739935483937
"CA2",-2.13745689122553
"GRHL2",-2.14019928704576
"GDPGP1",-2.14414018999955
"LIX1L",-2.14580858407101
"GABRR3",-2.14672728099294
"GSDME",-2.14922926457997
"HPR",-2.14984644662195
"RPS15AP12",-2.15069791444983
"MTPN",-2.15369176196683
"ABHD17C",-2.15496184498283
"PATL2",-2.15593360223801
"IP6K2",-2.15805488887986
"RPL35A",-2.15828222599577
"SERPIND1",-2.15868012338872
"HAND2-AS1",-2.15881228249451
"MIR548H1",-2.15949987994896
"KLRG1",-2.16144502220521
"SLC23A4P",-2.16545662834205
"ZNF566-AS1",-2.16545662834205
"MIR99AHG",-2.16924915209197
"CTDSP2",-2.16967884878917
"RNU6-1170P",-2.17026756045254
"ACIN1",-2.17089733153045
"RAC1P2",-2.1712367209675
"AKTIPP1",-2.17133739319568
"LINC02092",-2.17190093649052
"ZFP30",-2.17343203361944
"MMP9",-2.17367575581336
"PDXP-DT",-2.17719483868963
"ADCK2",-2.17867628575168
"ROS1",-2.17944669104763
"ACTR3C",-2.17997076370948
"TRAJ37",-2.18146710249101
"ISG15",-2.18290602800341
"CCT5",-2.18471612596901
"TINAGL1",-2.18800188877291
"RNU7-134P",-2.18808757876799
"LSAMP-AS1",-2.18828645788979
"RPSAP53",-2.18912866559374
"CDK10",-2.18929447944207
"NUP214",-2.19181463173353
"FERMT3",-2.19523835004253
"HTT",-2.19531977077216
"MCMDC2",-2.19548670106867
"GUCY1B1",-2.19590374851327
"ZNF558",-2.20185484761441
"DENND1C",-2.2023769444028
"DDX18P5",-2.20546868661071
"EIF4EBP3",-2.20681433294735
"TAGLN2",-2.21322797862347
"EVC2",-2.21425663835101
"KIF17",-2.21677807733281
"DEDD",-2.21813877283113
"ACTN3",-2.21836014935041
"TARBP1",-2.22212485149528
"RASIP1",-2.22314761299234
"YOD1",-2.22541894880984
"ZWINT",-2.23293732749675
"RNY3P14",-2.23500171433446
"ARHGEF1",-2.23505782235058
"ANKDD1B",-2.23554563018724
"CAMK1",-2.23601768971531
"TAF12",-2.23746133702905
"IL2RG",-2.23759266949558
"AFAP1-AS1",-2.2398335327974
"MICB",-2.2423353855246
"OR5G3",-2.24293544816808
"PRPH2",-2.24690511916405
"RPS21",-2.24959374404366
"APOBEC3G",-2.25310536265837
"EPHA1",-2.25395071229116
"SV2A",-2.25541660267314
"BAZ1A",-2.25648439847723
"ZNF888",-2.25711519736058
"TJP3",-2.26046938644692
"FAAP100",-2.26092572371559
"DTD1",-2.26161869009884
"RGPD8",-2.26238440451967
"CHMP1B-AS1",-2.26319987952196
"TPPP3",-2.26960501831129
"CSTF2T",-2.27010916944773
"LYPLA2P1",-2.27182603403769
"SDHAF2",-2.27442516065264
"RGCC",-2.27741728136944
"RPL7",-2.27748341655413
"RAD51",-2.27797428416985
"MOSMO",-2.27877882161825
"TRBJ1-2",-2.28185161429594
"GPATCH8",-2.28191100948044
"GSTK1",-2.28454093159831
"PFN1P6",-2.28502833765493
"COX7C",-2.28522633628879
"LINC02035",-2.29346936555376
"LINC03046",-2.29349129942049
"TPD52L1",-2.29363999644915
"UROC1",-2.29546435877006
"MED18",-2.29559995715669
"ATG10",-2.29580533576063
"MIEN1",-2.29883474935867
"PARP12",-2.30100819924838
"CCN3",-2.3016211219884
"WIZ",-2.30194264981617
"LZTS2",-2.30636647800867
"TNFSF12",-2.307532436135
"QSOX2",-2.31026135763498
"PARPBP",-2.31140992757345
"MLF1",-2.3133239639044
"FMN1",-2.31591052571265
"CFAP92",-2.31641031477067
"BDP1",-2.31916396929107
"SLC22A18",-2.32107425013217
"LHX1",-2.32572025066705
"MAP1A",-2.32744601215016
"GPATCH11",-2.33131997083836
"TRIM26BP",-2.33338613177143
"ZBTB6",-2.33340442768927
"PPP1R3D",-2.33371179862413
"DPH6",-2.33589670034855
"CAMTA2",-2.33645945816606
"PHF11",-2.33747204973154
"C14orf119",-2.33875676110158
"DUSP8",-2.34920462765095
"MANBA",-2.34927837516299
"ZNF354A",-2.34996659183443
"LYRM4-AS1",-2.35588489194919
"BTBD9-AS1",-2.35639781472871
"RPL34P27",-2.35653827411995
"FOXP3",-2.35987488934904
"VPS13A",-2.36645149716161
"RPS7P14",-2.36811930186489
"CENPF",-2.36830897581485
"RBM12B-AS1",-2.36939709197137
"TMEM104",-2.37237866767193
"CEND1P1",-2.37889892555839
"OSTCP1",-2.37919391650316
"YWHAZP6",-2.38102729668004
"FKBPL",-2.38480657521033
"LINC01847",-2.38485393102858
"CD48",-2.38872088205551
"GRIN3A",-2.39881239304859
"B4GALNT3",-2.39886888618828
"NPHS1",-2.40092340216164
"C5",-2.40329426943989
"WARS2-IT1",-2.40505331033493
"PACRGL",-2.40794163702034
"MT-CO1",-2.40837842198453
"DANT2",-2.41016262971527
"TRAJ25",-2.41249939955732
"CHRNB2",-2.4130804245132
"STK10",-2.41474344978398
"PXMP4",-2.41954996644989
"COX10-DT",-2.42339431572678
"CTSC",-2.42666635982803
"KLRK1-AS1",-2.43126224700725
"PIGO",-2.43175054441294
"SERPINH1P1",-2.43258951329176
"HCG4B",-2.4348109954845
"THOC7-AS1",-2.43552447005872
"RYR1",-2.43659601083231
"ZNF865",-2.43859323088707
"TNFRSF14-AS1",-2.44009204976068
"C9orf43",-2.44103778791053
"MAGI1-AS1",-2.4443186015054
"SGMS1-AS1",-2.44470977981987
"GCC2-AS1",-2.44863703662224
"CWC27",-2.44926013454798
"NUDT1",-2.4519108025565
"DNAAF3-AS1",-2.45570409793064
"RAB33A",-2.45594653987383
"PTPN23",-2.45765948892495
"PIK3CB",-2.4602865222765
"ARPC3P1",-2.46195042173629
"RPS15",-2.46224526094419
"RNF214",-2.46389899134851
"LCP1",-2.4686768662284
"RNU6ATAC27P",-2.46900024488969
"ZNF606-AS1",-2.46929546606069
"MGAT5B",-2.46999184101354
"CCSER2",-2.47180286588366
"HTR3A",-2.47333954310937
"NDUFA13",-2.47458779384829
"ATP2A1-AS1",-2.47674995108634
"KCNK12",-2.47896354283128
"GAPDHP76",-2.48101137718868
"EZH1",-2.48104769215897
"CIC",-2.48392356240586
"PXN",-2.48560534259196
"TRIM5",-2.48656888496543
"UBAC2-AS1",-2.48762775360198
"CNOT6",-2.49207945996362
"SCARNA11",-2.49292570007996
"PAXBP1",-2.49352179163391
"ETFBKMT",-2.49603091550253
"STAT4-AS1",-2.49807172652389
"SERPINA6",-2.49991063599957
"DMTN",-2.50145465043248
"KBTBD4",-2.50240904487654
"MT-TS1",-2.50410185404304
"DRAP1",-2.50568072970496
"HRG",-2.50973747159363
"INO80",-2.51278583108109
"LINC01094",-2.51322712352288
"ATP6V1E1",-2.51490736917416
"RPL34P34",-2.51513798349874
"TMEM9B-AS1",-2.51600976627078
"SCN9A",-2.51630023181865
"LMOD3",-2.51846665342452
"TRAJ51",-2.52590647449618
"ANKS6",-2.52795845526937
"CDK1",-2.5282761972197
"TNPO2",-2.53536490047905
"OR4C7P",-2.54143418959831
"RPS15AP10",-2.54352133935218
"BEX3",-2.54541768335333
"MGAT4A",-2.54560883222678
"CALCRL",-2.54832799303738
"LINC00943",-2.55034162739545
"TRAV16",-2.55222089337907
"ASGR2",-2.55349121580131
"ANO1",-2.55485359541556
"TRAF3IP2-AS1",-2.55568670724792
"ARHGAP35",-2.55650459351474
"MAPK11",-2.55990044907181
"ZNF80",-2.56203569913326
"NOSIP",-2.56460467163056
"CITED4",-2.56994563263085
"ADAM19",-2.57116768070592
"RPL12P4",-2.57222097290108
"POLDIP3",-2.57329585624913
"HPD",-2.57474174552552
"LYSMD1",-2.57499241879328
"LMNB2",-2.57614675644977
"MAST1",-2.57754259483557
"PTCH1",-2.57818028455504
"MRPL14",-2.58075003738883
"GON7",-2.5825640280884
"MAN2B2",-2.58372404507732
"ADH1C",-2.58500193483916
"AURKA",-2.5869447492685
"WDR18",-2.58812973341915
"RALA",-2.59359802904537
"MIR4470",-2.5983102556105
"NDUFB4P8",-2.59954870790119
"NQO1-DT",-2.60083400505738
"SAV1",-2.60889851979631
"SNRPG",-2.61080327195253
"TBPL1",-2.61163986850213
"RPL5",-2.61221382547408
"CORO2A",-2.61642090107409
"RNU6-790P",-2.61763663116953
"GAPDHP1",-2.61919806012526
"NICOL1",-2.61929372429809
"GK",-2.61969903049123
"PHGR1",-2.6271607207321
"NCKAP1L",-2.62961263326881
"RBM25",-2.63014551137142
"ACAP1",-2.63186706856993
"CD44",-2.63448407513999
"KCNMB2-AS1",-2.64091101508234
"LCN2",-2.64181869284483
"SIN3A",-2.64869262169896
"UBE2V2",-2.65072898812496
"TUBD1",-2.65074018843223
"WDR31",-2.65226787943812
"IGLVIVOR22-2",-2.65477834422867
"PHF8",-2.65556319290342
"KDM8",-2.6565920187562
"PAXX",-2.66423880253564
"SUFU",-2.665040709153
"AGFG2",-2.66561282051597
"DUT",-2.66646690644809
"GPR25",-2.68498743286304
"GLIPR2",-2.68575603707536
"MLLT3",-2.68584254157234
"C12orf42",-2.68784431545388
"ANO6",-2.68827750477776
"MAGEB17",-2.68863752883494
"COX19",-2.68937164912008
"ST13P15",-2.68966897362803
"OR2M4",-2.69044627472645
"ZNF683",-2.6944390751551
"NKAIN3",-2.69603271748977
"IRS2",-2.69725662457813
"GALNT7-DT",-2.69843575778518
"SUPT16H",-2.69884643012615
"MAP4K4",-2.69961144824156
"PGGHG",-2.70053533697186
"SPANXA2-OT1",-2.70130133804062
"HMGN1P1",-2.70297456848105
"ANP32B",-2.7086850637524
"RPL12P29",-2.71106327719535
"AKTIP",-2.71333373085355
"RPL31P49",-2.71422424226325
"TPM3P7",-2.71583116560293
"CCDC65",-2.71628434831915
"FYCO1",-2.71659086204797
"PDZD11",-2.71792443599799
"ZNF703",-2.71898114731459
"SLC22A7",-2.71921758908772
"SLC25A48",-2.71923810415026
"TOR2A",-2.72067121693421
"FAM98C",-2.72079811186602
"BTF3",-2.72193595511812
"MAP3K3",-2.72488978992867
"RPL17P7",-2.73148535496954
"ZNF446",-2.73540938082367
"LINC00563",-2.73699695054206
"ASPG",-2.7402173550998
"GPR183",-2.74137141718236
"SUZ12P1",-2.74144250169269
"NUDCP2",-2.74376476995701
"KCNQ4",-2.74859911083008
"CASKP1",-2.75133059047767
"SLX1A-SULT1A3",-2.75591403420613
"FTH1P12",-2.7559501333689
"SNURF",-2.75887165781143
"PPP1R11",-2.76102937955411
"MAML1",-2.76668936148157
"MREG",-2.76756721248858
"LINC02397",-2.76781878065195
"SLC8A1",-2.77352126281082
"TMEM109-DT",-2.77404316199314
"KCTD1",-2.77408648871683
"ELF2P1",-2.77742660644835
"BANF1P4",-2.77747118964469
"C8G",-2.78213503490513
"RNU6-952P",-2.78248679563638
"UBXN6",-2.78877528217124
"PPP1R14B",-2.79985334413931
"KLF4",-2.80145388880569
"HEATR1",-2.80162568042395
"ALDH3A1",-2.80659431909721
"CDC42BPA",-2.80830661399938
"RPL32P32",-2.80861411254466
"RPL14P1",-2.81057038758833
"HMGCS2",-2.81319691127417
"FCHSD1",-2.81515007717056
"OTULIN",-2.81575314560866
"DNAJC8",-2.81587904989871
"TMA7",-2.81752794774282
"RBPJ",-2.81776152990481
"TNKS2-DT",-2.82113079994312
"FSIP1",-2.82570324509001
"MED6",-2.82817377499943
"WDR81",-2.83249640991883
"SERPINA11",-2.83277110087186
"HSPBP1",-2.84291004729544
"DUX4L35",-2.84563129249478
"CHKB-DT",-2.84808645901093
"USF2",-2.84961397811355
"CFAP298-TCP10L",-2.85056033944054
"STON2",-2.8517686108805
"RPL23AP78",-2.85249874180721
"SPNS2-AS1",-2.85723955411149
"ABCA3",-2.86631364383908
"GRIN2B",-2.87337321460325
"UBE2L3",-2.87354833416928
"EFHD2",-2.88032624079167
"LINC02908",-2.88059488077147
"LINC03012",-2.88143026338524
"SFMBT1",-2.88666448074759
"C9orf78",-2.88986642873068
"PLPP1",-2.89021603855298
"KIAA1143",-2.89101926276091
"SYNM",-2.8948120913269
"TRAJ17",-2.89617652170165
"LDHA",-2.89714017657289
"RPL7P7",-2.90053652464089
"MEGF6",-2.90069917469615
"SLC45A1",-2.90140531029628
"BRPF3-AS1",-2.90435554076938
"PSMB10",-2.90948023813932
"IRAK4",-2.91380260288502
"ZNF680",-2.91409916879741
"DECR2",-2.91436481012414
"GLDN",-2.91522276204923
"CTHRC1P1",-2.91824242828318
"N4BP2L1",-2.91947231749432
"ADSL",-2.92207434890289
"CYP2C8",-2.92520093619424
"RN7SKP214",-2.92763405264212
"TRIM41",-2.92788555608539
"ATF7IP",-2.92825016921597
"WRNIP1",-2.9297752336648
"ST6GALNAC2",-2.93646435438077
"ZNF578",-2.9366945367178
"DDX51",-2.93841023604224
"ACTG1P14",-2.94041619168717
"COIL",-2.9431100528243
"MTERF1",-2.94400620074104
"ZNF883",-2.94464490921939
"EXOC8",-2.94849135643301
"PHF10",-2.95050191764845
"AJUBA-DT",-2.95171908592836
"SDC3",-2.95397837008313
"LRRN4CL",-2.95416342966544
"SPRING1",-2.96019892293454
"NDC80",-2.96090916717809
"SPACA9",-2.96733045226194
"CLCN6",-2.96833822628541
"SLFN5",-2.97540893478645
"RNF39",-2.97551199153406
"CCNK",-2.97633063368596
"TMEM240",-2.98086437251942
"RNF217-AS1",-2.98230684697086
"SLURP1",-2.984526601589
"CCL21",-2.984526601589
"CACNA1G",-2.98563243623651
"SUSD3",-2.98576488273584
"FAM221A",-2.98589487650236
"CAPS",-2.9918909958308
"RIMS2",-2.99481987251909
"MED11",-2.99964472648459
"SERAC1",-3.00019153372275
"RNU6-1004P",-3.00223456431856
"RBL2",-3.00242243142049
"DBTP1",-3.00268697892958
"SNX6",-3.0046982706822
"CYB5B",-3.0081011916772
"MIR762HG",-3.00908427730037
"PPP1R12A",-3.00914520640142
"CD69",-3.01348617081871
"PTPN11P2",-3.01496880300631
"IL23A",-3.01830363294617
"NAA50",-3.01945298556408
"UCA1-AS1",-3.02102042854138
"EXOC3-AS1",-3.02312128416639
"DMAC1",-3.02429935798099
"DUOXA1",-3.0260491606479
"CC2D1A",-3.0268333269574
"TLR5",-3.02709891603694
"KIAA1217",-3.03715111498937
"FOXP2",-3.04023293355334
"CMC2",-3.04089825773121
"CDHR2",-3.04270697477036
"BNIP3P27",-3.04282577687974
"KLHL9",-3.04402122658171
"UBA6-DT",-3.0448211079557
"MAB21L2",-3.04643724882317
"NFYCP2",-3.04643724882317
"TBPL1P1",-3.04679245941197
"DPH6-DT",-3.05168654618332
"CTSW",-3.05746919398692
"SIRT4",-3.06116224665969
"NUP153",-3.06421532248624
"EPS8L2",-3.06765762097373
"ECM1",-3.07098971233012
"MRPL46",-3.07391371356684
"RPL34",-3.07797097697806
"PLA2G10",-3.08616980952429
"PHF20",-3.08994276401135
"KIF2A",-3.0900192521262
"LINC00426",-3.09147317957604
"SH3RF3",-3.09714166271115
"LINC02774",-3.09812282911321
"MBD5",-3.10160314072855
"HPRT1",-3.1063408657245
"NPM1P26",-3.11050630891154
"UHRF2P1",-3.11886879932065
"TMCC2-AS1",-3.1255293625912
"C10orf95-AS1",-3.12572679808019
"LINC01820",-3.12767915678554
"HMSD",-3.13184302593969
"AP4B1-AS1",-3.13281057151531
"TFPT",-3.13574932869561
"RPL7AP50",-3.13604016368029
"MIR4518",-3.13617360482795
"DCUN1D3",-3.13727112953661
"PPIA",-3.14292907484894
"UBXN1",-3.14986995267347
"NSA2",-3.15080169107515
"UNC119",-3.15196241813384
"RNY4P7",-3.16235757185981
"PHF2",-3.16250792843652
"LINC00900",-3.1649497485098
"TXK",-3.16811415808059
"PGLS",-3.17315497938898
"RALGDS",-3.17349876232164
"MYH9",-3.17440276458821
"FAM184A",-3.17817894504926
"RAD21-AS1",-3.17914165588791
"RPS23",-3.18041892906565
"SMCO4",-3.18188766916678
"BOLA3-DT",-3.18664302795797
"GPR84-AS1",-3.18691096596578
"ARPC2",-3.18751897638744
"BAG6",-3.18887110059591
"BBLN",-3.19504141495336
"EMB",-3.19631841835349
"ZMYND15",-3.20209272584823
"IZUMO4",-3.2049785572436
"ZNF284",-3.20512162948248
"CIDEC",-3.20720406147991
"C1QTNF2",-3.21007081127803
"RPL37A",-3.21063908759769
"SPAG16",-3.21164308187289
"ANKRD9",-3.21632890257056
"CXCR3",-3.21818709356611
"LTB4R",-3.22016526529649
"BTBD2",-3.22115361942333
"NEK10",-3.2228311040616
"APOL3",-3.22769495412008
"DAZAP2",-3.22831057800978
"FLNB-AS1",-3.22879067030172
"AIF1L",-3.22894651731683
"HOXD-AS2",-3.22910750744884
"FAM83B",-3.22910750744884
"UBIAD1",-3.22933311588938
"NQO1",-3.2304384983078
"PNRC1",-3.23239491763225
"ANKRD27",-3.23322877136873
"CGRRF1",-3.23662421098223
"SMOC1",-3.23731882570995
"H2AC20",-3.24080402537926
"EBI3",-3.2435427820202
"RAB8B",-3.24643734995743
"DNAJC5",-3.24667343458058
"ONECUT1",-3.24862755072093
"SYN1",-3.24873522516223
"TRBJ2-4",-3.25386170806541
"LSP1P5",-3.25907488824904
"AHR",-3.26386987254862
"MSN",-3.26450787797819
"POLR2M",-3.27624946491234
"MRPL1",-3.27722006923636
"UXS1",-3.27891196188655
"CASP8AP2",-3.28218695005248
"LINC02295",-3.28587799343229
"PRKAA1",-3.28769938187157
"SYT17",-3.28850495670265
"RANBP6",-3.2911849467762
"ZNF25",-3.29141473532361
"MRTFA-AS1",-3.29379745833342
"PARP3",-3.29444766508191
"CEP19",-3.29722566292652
"SRP14P2",-3.29801747028029
"CAMK2G-AS1",-3.30083320698598
"TSGA10IP",-3.30112927239631
"RNU4-62P",-3.30704612803055
"CIROP",-3.30928232477928
"WFDC5",-3.31979793406434
"LIPA",-3.32022931244883
"CACNG8",-3.32143461200042
"EEIG1",-3.32701150222888
"PCLO",-3.32870485992474
"FOXO1",-3.32947020002501
"TPM3P5",-3.3310160438976
"HIGD2A",-3.33108989302125
"EHD3",-3.33647706694622
"APOE",-3.33855405961011
"RNU7-3P",-3.33986344484906
"B3GALT9",-3.34002143847128
"TIAM1",-3.3404285790628
"TPX2",-3.34200215862252
"MIR16-2",-3.34348053512549
"MYL6",-3.34864333711241
"COX7CP2",-3.34961250412095
"TEX10",-3.35239993308397
"CSNK1G2",-3.35954144600185
"NOB1",-3.36457731991731
"LINC01031",-3.36939572890444
"LINC03021",-3.37075832053567
"MROH6",-3.38088417391134
"ZNF569",-3.38297554127163
"HNRNPA1P76",-3.38305578931594
"AGTRAP",-3.38345809072761
"RPS21P4",-3.38451882438728
"LINC00205",-3.39401863687031
"AGMO",-3.39543329640396
"SMAD7",-3.39700044724467
"HMOX2",-3.39879615700009
"CLIC1",-3.39890791319062
"ACE",-3.40710294791388
"PVRIG",-3.40885458856797
"C22orf15",-3.41703079000738
"DBI",-3.41846134876935
"ACOT4",-3.42101305274472
"MYG1-AS1",-3.42158569716074
"CSNK2A3",-3.42402874569872
"EFCAB14-AS1",-3.42889330409491
"TRIT1",-3.42921994255058
"INIP",-3.42959832043399
"FCN1",-3.43089262660244
"TOX",-3.43583480720351
"RPGR",-3.43659899451691
"YARS2",-3.43870252803828
"LINC03059",-3.43954869421939
"ISYNA1",-3.45172870935768
"GATD1",-3.4539529635051
"FTH1P7",-3.45788683666299
"RPL13AP26",-3.46217676433477
"RPL22",-3.46576420698335
"INHBE",-3.47026765259472
"MDS2",-3.4739193669257
"GOLGA7B-DT",-3.47521317672773
"C19orf18",-3.48135536929446
"TMEM126B",-3.48570479442721
"APBB2",-3.48994793604894
"ZNF668",-3.49417458270582
"GBP5",-3.49433725065044
"CENPX",-3.49486648466124
"CD44-DT",-3.49728802269762
"DCTN6-DT",-3.49931269581728
"SRI",-3.4993474862484
"PAX3",-3.50681060680639
"CAMK4",-3.50951585853624
"SLC2A14",-3.51076511677212
"C4BPA",-3.51682564089842
"TRBV7-5",-3.52276470882074
"F2R",-3.52483968142079
"HCRTR1",-3.53675887063623
"TTF1",-3.53799165032322
"IKBKE-AS1",-3.53902974671168
"RPL12P12",-3.54392557838575
"CBR3-AS1",-3.54422007770069
"VAV3",-3.54882882699012
"LCMT1",-3.55072043525803
"PLD1",-3.55089649030128
"RPL26",-3.55128551725978
"PHKA2-AS1",-3.55132775864803
"MAPK3",-3.55341451177153
"NHSL3",-3.56171434024393
"DIXDC1",-3.5629098125498
"C6",-3.56457138670259
"HMGXB4",-3.56581835369025
"ARPC3P3",-3.56739570910137
"AZIN2",-3.57066920408316
"CRYBB2",-3.5716421837257
"WDR12",-3.57218046520045
"SNORD70B",-3.57554430044752
"HOXA10",-3.57554430044752
"REL",-3.57597269133056
"BANF1",-3.58187842041117
"ZNF841",-3.58422576750165
"CDCA4",-3.5848224537289
"EPSTI1",-3.59401272266181
"RPL39P",-3.59797011723817
"RBM20",-3.59825686296898
"ARHGAP10",-3.60309419733606
"PSMD12P1",-3.6064231324608
"TAB2-AS1",-3.61050230886407
"FASLG",-3.61317717669774
"UBE2SP1",-3.61643521574758
"CKS1BP2",-3.61971067806518
"ZNF619",-3.62022167038684
"ADIRF",-3.62601156646128
"RMND1",-3.6293119560693
"LIMK2",-3.63122632116239
"ATP1A2",-3.63773270235072
"MYD88",-3.6393816374387
"AIP",-3.64321541068135
"ATAD2B",-3.64382390557171
"MAP3K7CL",-3.64687024965074
"MIR320D1",-3.64897701383206
"RPL41P1",-3.65243066603531
"STRN",-3.65730798669153
"VIPR1-AS1",-3.65867004808411
"PPP1R14BP3",-3.65995951190878
"TASOR",-3.66041327420808
"SYBU",-3.66597318634361
"OR4F3",-3.67078571161665
"MMP10",-3.67446238323469
"LDHB",-3.67686853752404
"GRB10",-3.6778587783001
"COX6C",-3.67833992104357
"FCGR2A",-3.67871387883389
"ZNF330",-3.68157942726156
"AKAP7",-3.68690654806023
"ACVRL1",-3.68738171732608
"PMF1",-3.68853198957116
"RNU6-937P",-3.6905805803065
"EID3",-3.69248011805332
"MMP1",-3.69424285257124
"NFATC2IP",-3.69545163197578
"DAB2",-3.6998664229467
"GPRIN3",-3.70024259363383
"RCE1",-3.70349055896434
"MAN1B1-DT",-3.70439006350719
"PDE4DIPP2",-3.70816969860508
"CENPH",-3.70875492877413
"BTBD8",-3.71106936793044
"SPECC1L",-3.71566171513902
"ARHGAP19",-3.71587923003897
"ZNF764",-3.71639149657674
"PSMC5",-3.71824087271631
"MEIS3",-3.72114925925879
"PILRA",-3.72438666166568
"TRMT5",-3.72975227973181
"ZMAT1",-3.73289255953453
"RPL23AP42",-3.7341860850219
"GCLC-AS1",-3.73461653394059
"COPS7B",-3.74291859434838
"MORC3",-3.74360947821483
"GTF3C6P2",-3.74752737534009
"CTRB2",-3.75127275158964
"TF",-3.7553522104512
"FCSK",-3.75630333621501
"FURIN",-3.76183591426843
"GDPD3",-3.76393394540474
"GALNT6",-3.76426456705742
"GPR87",-3.76438550067028
"ITGAL",-3.76456911550166
"PKP1",-3.76639509015949
"RPL21P120",-3.76815277566819
"GTF2F1",-3.77010091305956
"SKAP1-AS1",-3.7704893968196
"BANCR",-3.77642115691821
"AKIP1",-3.77746736848806
"AKR7L",-3.78101062356074
"LDLRAD4",-3.7836058574978
"ADAMTSL4",-3.7863400158673
"LDHBP1",-3.79261009173962
"FAM66B",-3.7963243385221
"POLA2",-3.80021055193698
"PEX19",-3.80319298598847
"B4GAT1-DT",-3.80646491868916
"TMEM131L",-3.80739845996082
"STK38",-3.81293905018771
"TPRKBP2",-3.81463971820005
"RCN1P2",-3.81577409268216
"IGSF22",-3.81864497958711
"LY6E",-3.81957125887434
"DOCK11",-3.82402481876209
"RHBDD2",-3.82999243663789
"TRAJ48",-3.8320838823917
"RABGAP1L-DT",-3.83386424955989
"PRPF19",-3.83421344440428
"PRAL",-3.83489477218909
"RIPK3",-3.83531872743395
"TMEFF2",-3.83809543150216
"SIPA1L1",-3.84459572328563
"TCAF2P1",-3.84855697068152
"SRPK2",-3.85770557586933
"LITATS1",-3.8671594818786
"PGM2L1",-3.8690089674179
"ATP5F1E",-3.86936539445227
"JAKMIP1",-3.87007955267228
"DLX2",-3.88317459641122
"SLC22A23",-3.8851704421623
"TRAJ36",-3.88723856983937
"GAPDH",-3.89052634523451
"PHLPP1",-3.89198693745934
"ABCG1",-3.89492315151264
"LRRC9",-3.89956661437293
"SLC25A24",-3.89974723810385
"PLAC8",-3.91506541519763
"SENP3",-3.91575687368184
"RGS7BP",-3.91811745050901
"MYOZ2",-3.92245967556781
"ZBTB46-AS2",-3.92854617145036
"CNRIP1",-3.94999883266316
"MACROH2A1",-3.9503256854463
"LINC01684",-3.95654306846759
"FTSJ3",-3.95831988316124
"AZGP1",-3.96630459266735
"SNX11",-3.96856778740154
"OCIAD2",-3.96892973249217
"DGKZ",-3.9751953781723
"CNIH4",-3.9766185712119
"CRIP1P2",-3.98741183728831
"MOK",-4.00518182694993
"TM4SF19",-4.00620314115276
"RPL21P19",-4.00721000950603
"CFHR1",-4.00840984019094
"FETUB",-4.00840984019094
"TFDP2",-4.00986161801142
"LINC01978",-4.0157304545617
"HORMAD1",-4.02098170472904
"SH3RF2",-4.0224756370689
"MBNL1-AS1",-4.02690406245078
"TMOD2",-4.0271018677671
"HFE",-4.02974583418746
"HS3ST3A1",-4.03435005781233
"TRBV23-1",-4.03472613935967
"G6PC1",-4.03811219032809
"MCHR1",-4.04328970497894
"MFSD4B",-4.0504551503214
"HMGN1",-4.05138613172283
"UQCC5",-4.05591612985703
"EHBP1-AS1",-4.05687968741538
"ROPN1L",-4.06123510900793
"PTMAP2",-4.0616363181246
"BRK1",-4.06527829395145
"RPS7P1",-4.06861932201656
"AAK1",-4.07146788264686
"MGAM",-4.07873528251266
"INO80-AS1",-4.08232132331954
"LTO1",-4.0881775149427
"RNU6-625P",-4.09099292108388
"RABIF",-4.09332566748858
"CFAP161",-4.09607408288022
"MAPK1",-4.09679401507656
"PEF1",-4.09685593757569
"MLANA",-4.09994731993173
"MIR6512",-4.10016861521447
"RPS7",-4.10127881297158
"XAF1",-4.10197298985253
"PHTF2",-4.10362068920375
"BCL7C",-4.10969707405423
"ACAP2",-4.11058234595464
"RPL34P33",-4.12173764544756
"SURF2",-4.12242132090382
"RPL39P3",-4.12414174898935
"HMGN1P36",-4.12760916175926
"CIPC",-4.13223225638237
"RASGRF2-AS1",-4.1402272417366
"SRP14P5",-4.15242471747472
"JAKMIP2-AS1",-4.1540950423452
"SYP",-4.15514220000107
"RNU6-254P",-4.15872639930064
"ZNF337-AS1",-4.16418821982784
"RNASE2",-4.16555076386484
"LUZP1",-4.17167324571034
"VIRMA-DT",-4.17639763851182
"NR2F2",-4.17934078957347
"LYST",-4.17957955715766
"HS3ST2",-4.17981515779652
"SLC9B2",-4.18156787411852
"KLF9",-4.1879110754261
"PCNX1",-4.19851196867449
"CFHR2",-4.198585847039
"TEDC2",-4.20041756277369
"LINC01726",-4.20488442048516
"SLC23A2",-4.20568738454868
"ITIH2",-4.20965546571013
"LINC02977",-4.21044262405758
"SPATA24",-4.21108936797188
"SALL1",-4.22426947679359
"CD44-AS1",-4.22491941390618
"SUSD2",-4.23009873032886
"UBE2V2P4",-4.23394325653723
"UQCR10",-4.23521642101319
"RPL27",-4.24127044498824
"STK26",-4.24874074654319
"RPS12P3",-4.25060537621562
"HJV",-4.25315386961222
"MFSD10",-4.25357487621683
"PLG",-4.25363957582788
"NR0B2",-4.26426077417477
"SIRT5",-4.26932854885153
"PIGY-DT",-4.27323386389371
"GPRIN1",-4.27834715712235
"TNFRSF18",-4.28661702824124
"FOLR1",-4.28705388004778
"PRKAR1B",-4.28845159421547
"RSAD2",-4.28863794737476
"EIF4EBP2",-4.28916896186055
"RPS26P43",-4.29118325609409
"C11orf65",-4.29801747281967
"MIR548L",-4.30549345570145
"CKB",-4.30550852968607
"HCP5",-4.30866868607688
"ZNF223",-4.30886177165551
"H3P37",-4.31015448959736
"MIRLET7A1HG",-4.31485959636187
"ARHGEF9",-4.3211363309786
"QTRT2",-4.32664000772643
"CYP2C9",-4.3309377828725
"GRTP1",-4.33685731817614
"TMEM191B",-4.3371175353416
"TYRO3",-4.3402053911253
"ZC3H12B",-4.34276580266578
"CD109-AS1",-4.34643947860859
"RNU5E-10P",-4.34665466592166
"UGT2B4",-4.35512415378306
"SPON1",-4.36115682228465
"TAB3-AS2",-4.36475559768153
"SHLD1",-4.36501841786794
"C12orf43",-4.36559461235715
"SUCLG2-DT",-4.36628059634736
"TNIP2",-4.37349808946122
"TMEM47",-4.38767014493384
"ARRDC4",-4.39416800419528
"CCDC120",-4.3983202583119
"SCOC-AS1",-4.40716051759162
"RNF43",-4.412008481158
"PITX1-AS1",-4.42042696712137
"FAM177B",-4.42091370920648
"EML4",-4.42965099174594
"TNFRSF8",-4.43390552634488
"TGFBR3L",-4.43505632395571
"COL9A2",-4.4435536636485
"LAG3",-4.45553926540604
"ZDHHC14",-4.45757301404662
"RBMX2",-4.458185112752
"PSPC1-AS2",-4.4642061531203
"CLTCL1",-4.46514358710102
"SDHDP6",-4.47601638666918
"PPIH",-4.48802344967263
"PARP15",-4.4896390313995
"TRAJ54",-4.49091963992511
"C19orf25",-4.49102860149457
"SELENOW",-4.49686440138455
"RPS29",-4.50034272923063
"RSL24D1P6",-4.51176376834169
"WDR77",-4.51212559189529
"FLNB",-4.51635418188093
"TMSB4XP1",-4.52155404880157
"TNS1",-4.52647019646816
"COX6CP1",-4.52873343782276
"TSPYL4",-4.54129158821236
"PDLIM4",-4.54130539621438
"FTH1P5",-4.5422895466932
"SLC6A16",-4.54891071512647
"RORA",-4.54957687625414
"PAXIP1-AS2",-4.55310639612215
"MAP3K19",-4.55431959341122
"MBLAC1",-4.558097888906
"STAT4",-4.55862977174924
"HRH2",-4.55898574920482
"NISCH",-4.56076789365753
"ANTXRLP1",-4.56287174530423
"MXRA7",-4.5669921824458
"KCNJ8",-4.5764764545391
"TMSB15B-AS1",-4.57677328540355
"SLC1A1",-4.58486927263145
"SOD1",-4.59216544425094
"HSD17B2",-4.59613506919453
"NT5C",-4.59645312205781
"MTATP6P1",-4.59675651837571
"FOSL1P1",-4.60639130011537
"PTPRC",-4.60937528439822
"ZNF462",-4.61447330164968
"CYP4F23P",-4.61598763561249
"USP20",-4.61599803207979
"ARHGAP11A-SCG5",-4.6187799077622
"TIMP2",-4.61899597530671
"PANK3",-4.62343203978438
"FAM192BP",-4.63007710719174
"RNU6-307P",-4.63154301980857
"TROAP",-4.63271554477087
"TEX53",-4.63288244448866
"POLR2A",-4.64403654635832
"N4BP1",-4.64636721577586
"AHNAK2",-4.64737136663347
"ADISSP",-4.64864369569854
"MID2",-4.65002076286124
"HEBP1",-4.65064081027389
"RPLP1",-4.66840320128668
"LINC02976",-4.67630071188733
"SNRPB2",-4.70679210043281
"SLC19A1",-4.72035426230797
"LINC01476",-4.72046659120078
"ABCB10",-4.72864080715276
"PXMP2",-4.73418370508566
"AOX1",-4.74221659089025
"HLA-F",-4.7502561494379
"GGA1",-4.75544324438031
"RNU6-540P",-4.76279091727353
"GINS1",-4.77824920380257
"S1PR4",-4.78320705344843
"TOX2",-4.79148979652231
"GSTA4",-4.79161779891506
"TDRD3",-4.80135306551917
"RPS3AP12",-4.80361471851909
"CTXND1",-4.80427822952293
"AMMECR1L",-4.80605328551284
"ZNF256",-4.80617281564814
"TTC21A",-4.8077655588098
"THBS2-AS1",-4.81147671925604
"ANXA4",-4.81231484052203
"TRIR",-4.81474989204083
"HS6ST1P1",-4.81548716409591
"GSTA1",-4.81857115366376
"RPS14",-4.82402922623731
"LINC01115",-4.83113057136584
"ZNF443",-4.83182615676237
"PLSCR1",-4.83253375366526
"NOS1AP",-4.83371701926317
"ADARB1",-4.83456964214427
"RPL21P113",-4.85004769647514
"CCDC28A-AS1",-4.85469306159166
"KIF23",-4.85712822023184
"RNU6-5P",-4.86299190607911
"TAMM41",-4.86502179107045
"ELF3",-4.875129022764
"TFCP2",-4.87719709422453
"PKIA",-4.8810963500009
"PPP3R1",-4.88762636073194
"FAM53A",-4.88860507009545
"TNFRSF11B",-4.88894969936281
"RSPH4A",-4.89491425762734
"SMAD1",-4.89583132746677
"THOC7",-4.90540243595466
"RNA5SP282",-4.90546139281721
"LINC02883",-4.90571639020069
"PDE4D",-4.90593582683448
"SPINDOC",-4.91088715731203
"GLI1",-4.91107738089698
"IL21",-4.9154482065682
"TRH",-4.92473633015557
"TOM1L1",-4.92530270607927
"KLHL32",-4.93177105303854
"ROGDI",-4.93219315691618
"RCAN3",-4.93439856518723
"ETHE1",-4.93993146744955
"LINC02421",-4.94121702523292
"LILRP1",-4.94192046223118
"AKT3",-4.94196820427649
"IL11RA",-4.94296497895404
"S100P",-4.94948463762473
"GDPD2",-4.95176645454923
"POC5",-4.96261451339527
"ENEMAL",-4.97274791654455
"DENND2D",-4.97519429477292
"JARID2-AS1",-4.98367684924325
"ENO1-AS1",-4.99269547511035
"GALM",-4.99335981902515
"LDAF1",-4.9944863671358
"NODAL",-4.99799500028649
"ASLP1",-5.00306137904814
"CNN2",-5.00580403153388
"APEX2",-5.0081244606944
"HNRNPC",-5.01280735822761
"RNA5SP372",-5.02063664732148
"CYBB",-5.02064637254575
"GJD3-AS1",-5.02625931068643
"ALDH1A1",-5.03403033273346
"RPSAP54",-5.03612083512358
"FOXK1",-5.04578269844038
"RPL14",-5.04594923312017
"ORM2",-5.04888441780651
"KCND3",-5.05839741425898
"NRM",-5.05967010177633
"LINC01036",-5.06000774131103
"AOAH",-5.06036555259637
"MANSC1",-5.0606368113038
"FBXW2",-5.06154968913019
"JAG2",-5.06293727825828
"MIR4477B",-5.06831858255467
"FAM111B",-5.06863363665839
"ZNF414",-5.08187700596875
"METTL6",-5.08257426234982
"PLEKHA2",-5.08259473530148
"SCUBE2",-5.08287907993035
"CSPG5",-5.08635972143141
"SIDT2",-5.09459759609121
"DPP4-DT",-5.10110479408279
"MAD1L1",-5.10556782848675
"MIR16-1",-5.10731071285845
"MAP3K5-AS2",-5.11405245974383
"CREM",-5.11605776039221
"ARB2A",-5.12651108148857
"PDE5A",-5.12800175444343
"C2orf50",-5.13082666904095
"LINC01719",-5.13531543973599
"DIO3",-5.13605138374153
"CSTPP1",-5.13717168625534
"TCAF2",-5.14630476385632
"PIGR",-5.14912958840238
"MRPS30-DT",-5.1505267237593
"HMGB2",-5.16241565832108
"RPL7P52",-5.16442367872752
"RGS4",-5.16679822815256
"KRT2",-5.17482154731896
"LINC00598",-5.18878144077375
"GBP1P1",-5.19312006384948
"PBDC1",-5.19563859371476
"HEATR5B",-5.20087959536716
"ZNF765",-5.20313933225926
"SLC4A4",-5.20513311309567
"GSDMB",-5.20632644001215
"MAPK7",-5.2078351655278
"EIF4A1P11",-5.20905045820409
"LINC00937",-5.22375628334033
"ZNF408",-5.22985680895245
"ENPP5",-5.23069399768899
"NUTF2",-5.23311153855197
"MIR3679",-5.23814312545006
"DENND11",-5.24095582858259
"SRI-AS1",-5.24797680537529
"EIF1AY",-5.24854029229868
"CDC42EP1",-5.24887991646757
"INAVA",-5.25055863756453
"SLC2A12",-5.25448491171985
"VASH2",-5.25705375954025
"IGF2",-5.25970165648208
"SKAP1",-5.26092370917582
"RAPSN",-5.2622179999112
"PLCL2",-5.26298187370312
"OR4F2P",-5.26362581379578
"LGALS4",-5.26681319646797
"ADAMTSL4-AS2",-5.26846408256765
"TACC3",-5.27051427440593
"TMEM71",-5.2756482732641
"ANKRD49P1",-5.27823983697066
"OASL",-5.28402137208219
"ZNF536",-5.29199380056454
"NFS1",-5.29496379829423
"VPS33B",-5.29535704401071
"KCNJ2",-5.29988267245787
"OPRM1",-5.30907416937766
"ARL4A",-5.31515794842623
"MRM3",-5.31583110327555
"POTEM",-5.3218662605094
"CD101-AS1",-5.32892405318475
"OTUD6B",-5.33099718939042
"ALKBH6",-5.34048064062159
"NCMAP-DT",-5.34603331132829
"PCDH9",-5.34828597236176
"CLYBL",-5.34971300105116
"SYF2",-5.36475777572138
"RPS6",-5.36568575382639
"RNU6-395P",-5.37306035190878
"PSMB9",-5.37627216127602
"PTPN22",-5.37849825914966
"FCGR3A",-5.3827582896857
"SIMC1",-5.38648821414238
"LEF1-AS1",-5.38817163506544
"LGALS3",-5.39964341436948
"HOXB2",-5.40283120397527
"MMD",-5.41116916767623
"SNRNP48",-5.41239260249762
"COMMD8",-5.43375553005318
"ARHGEF2",-5.44643601421106
"THBS1-AS1",-5.4519237399098
"LRRFIP1",-5.45481890224849
"IL12RB1",-5.46180881717202
"SC5D",-5.47570994221926
"CAMLG",-5.47848867487971
"HNRNPA3P2",-5.48839295867464
"RNU6ATAC24P",-5.49818529805014
"GUCA1B",-5.50243342817118
"VSIG4",-5.50245006042914
"DOCK10",-5.50478020379251
"HOGA1",-5.50547512851755
"THUMPD2",-5.51182787973649
"ZNF528-AS1",-5.51766450071286
"RFX1",-5.5330080681409
"ARHGAP27P1-BPTFP1-KPNA2P3",-5.53401545962158
"ZNF471",-5.54835090644186
"ARRB1",-5.55146651886551
"SCNN1A",-5.56669370028108
"PSME1",-5.56767464414767
"FOXP1",-5.575106314398
"RPL17P28",-5.57749866776699
"LRRC69",-5.57986563626819
"IRX2",-5.58377856475299
"LINC00987",-5.58458524576645
"FAM83A",-5.59737741725855
"EDA2R",-5.60093698503171
"CYFIP2",-5.60774842760435
"ST8SIA6-AS1",-5.60891591469912
"CCL8",-5.61671892259637
"TRIM21",-5.63113523375014
"EPHB1",-5.63121808012718
"LMO7",-5.63806003110569
"RPL7AP3",-5.64322204511812
"EXPH5",-5.646759199237
"SLC13A3",-5.65169856805666
"RPSAP47",-5.65257042281678
"TMOD3",-5.66179051485185
"RBP5",-5.66678463656289
"LINC02044",-5.66978588543192
"RPS27A",-5.67069634078247
"LINC00665",-5.67291832948029
"DBH-AS1",-5.68263387711064
"KLRC3",-5.69258336248199
"ZFYVE9",-5.71008294608752
"NCDN",-5.71093689623113
"POLN",-5.7128013106792
"RPS27P8",-5.71743826894112
"PABPC1P2",-5.71989365094515
"IGSF22-AS1",-5.73335968148706
"ZNF382",-5.73646832276453
"NTHL1",-5.73778603523628
"SWINGN",-5.74132378805961
"RPL18A",-5.74305207304269
"DCP1B",-5.7444977734428
"CDC25A",-5.74817678185926
"SMANTIS",-5.7641990719454
"INAFM1",-5.77105183228248
"VANGL1",-5.77665655422892
"SLC2A4",-5.79749422021496
"PHLDA1-DT",-5.80650936753046
"VIL1",-5.81092611470449
"LINC00623",-5.81959590165441
"PSMA6P1",-5.82175000384106
"CXorf65",-5.8273620728341
"SCO1",-5.82884693391813
"PLAGL2",-5.83087326772741
"TM4SF20",-5.8423196852732
"GFRA1",-5.85571485079746
"ZNF19",-5.8573557971903
"POLR2G",-5.86016217805316
"GASK1B",-5.860592274191
"RN7SL288P",-5.86187020892124
"PKD1P5",-5.86527715633242
"PRR19",-5.86961389577898
"RPS13",-5.87019773261286
"LY86",-5.87595201055362
"PARP11-AS1",-5.88099253800361
"SPATA32",-5.91038933569706
"ITPR1",-5.91367032347312
"TLDC2",-5.93781595297669
"VDAC1P1",-5.93847770265042
"OSGEPL1-AS1",-5.94180351279354
"CSNK1G2-AS1",-5.94379123627619
"RUBCNL",-5.9511120951485
"PRMT9",-5.954858308372
"NUP188",-5.95855257098492
"TRBV5-7",-5.96834771493593
"PLXDC1",-5.97315204574356
"B9D2",-5.97933541712659
"SYT2-AS1",-5.98925521368285
"THEMIS",-5.99037941387995
"TRAFD1",-5.99517938829705
"CACNB3",-6.00175045593638
"SLC9A6",-6.0042862902862
"VAMP8",-6.00519923843132
"ZNF658",-6.0106357981909
"NUSAP1",-6.01634060519892
"MRPL35P3",-6.01786747227776
"PLGRKT",-6.02386265774873
"GNPDA1",-6.02487028445085
"SEPTIN1",-6.02552119068552
"TBCD",-6.02932753234411
"ARHGEF25",-6.03278884091066
"PPP1R3F",-6.0342038491258
"BCL9L",-6.04190368644995
"MMP25",-6.04218228241871
"ARL4D",-6.04575332726859
"HECTD2-AS1",-6.04594111946315
"GAPDHS",-6.04945214476106
"MIR153-1",-6.06134627956136
"PPIAP19",-6.06291090291289
"NTRK1",-6.07355775018315
"OR7E126P",-6.07759836430603
"SULT2B1",-6.07861154066879
"CAMK2G",-6.08264542636481
"SERPINC1",-6.08280953226009
"HTR2B",-6.09004375570345
"UBA52P5",-6.09012369891675
"CD274",-6.10094665995224
"RPL21P74",-6.10311925475389
"GGACT",-6.13431060058567
"LRRC1",-6.13829318942685
"MAP6",-6.14423411737954
"ZNF519",-6.14478259022348
"OTOA",-6.1472893254497
"NAP1L4P1",-6.15635996403473
"PRKXP1",-6.15704204760626
"STARD3",-6.16501438077546
"PRB4",-6.16506460182171
"TPBG",-6.18082263035177
"SRGAP2B",-6.18215283154466
"OLFM2",-6.18677289215383
"MT-TT",-6.19321807468251
"NAGPA",-6.21127232816369
"UCP2",-6.21924830020916
"LRSAM1",-6.23011500315913
"CLIP4",-6.23097764815664
"SVIL",-6.23548329924317
"ATP1B3-AS1",-6.25150151939385
"PALD1",-6.26012084385619
"B2M",-6.28570703667737
"MUC13",-6.29274388828334
"RAB5CP1",-6.3014497391011
"CSK",-6.31319488242207
"TTN",-6.32200558520645
"S100A2",-6.32580580887636
"SFT2D2",-6.33353430023296
"SBK2",-6.33478319650662
"TRAJ16",-6.34456963640841
"CALM2",-6.34810563105555
"FTH1P20",-6.35157911815405
"KATNAL2",-6.3592332771611
"APBA1",-6.36625454098686
"ERCC5",-6.37154135539732
"ZNF101",-6.37215617167769
"SLA",-6.38568403187187
"TMCC3",-6.38783143535467
"HMGB1P1",-6.38822300311787
"RN7SL738P",-6.39148273011425
"NOXO1",-6.40439775159056
"B3GALT2",-6.4064397805674
"CD99",-6.41083022356911
"SHISA8",-6.41329283310852
"KLC2-AS2",-6.42220868746101
"RPS26",-6.42228825311296
"PAFAH1B3",-6.42648678705135
"LFNG",-6.42681179426478
"TFCP2L1",-6.42887431776762
"LINC02958",-6.4341258343229
"KRT15",-6.44170987146287
"TRAJ35",-6.44387530508032
"DIAPH2-AS1",-6.45786302724999
"SAMHD1",-6.46277329473355
"LYPLA2",-6.46312284360258
"ZNF229",-6.46322004608248
"RPS15A",-6.48026517263841
"RPL26P19",-6.49662217727219
"BAHD1",-6.50048847407275
"RNU6-1061P",-6.51040233647978
"ADAM8",-6.51308252901435
"BLOC1S2",-6.54327886853479
"RNU6-862P",-6.54460946523656
"TRAJ58",-6.55180103944304
"RAP1A",-6.55536467587287
"TNK2",-6.5603811054909
"ADAMTS9",-6.56154410026782
"HLA-DPA1",-6.59362189910053
"BIN2",-6.59590552978378
"RPS28P7",-6.60053264244741
"TRAJ57",-6.60062973841109
"FUT2",-6.60767578776547
"NRGN",-6.60949055202884
"LGI3",-6.61002930472706
"EEF1A1P14",-6.62248486799449
"CRIP1",-6.62283146855971
"IDI2",-6.64052782207571
"HOXA2",-6.66594612730686
"TMSB4XP4",-6.66739733535641
"MECOM",-6.66929890811003
"CAPZB",-6.67662435149915
"PLCXD2",-6.6830273391575
"SMIM14-DT",-6.69271100300889
"RN7SL370P",-6.6963374456538
"TRAJ27",-6.71328057394985
"CCDC74A",-6.72009680178188
"CDY4P",-6.72250600934689
"MED15",-6.72335328806557
"LINC00624",-6.73310154783968
"MIER3",-6.73375634383545
"SBK1",-6.75323177177788
"RPL23A",-6.77460809860794
"SLC25A51P3",-6.77497067829775
"ZNF654",-6.7845747784028
"LINC02023",-6.78723234112267
"ULBP2",-6.78744409824353
"SNCA",-6.7910384527877
"MIR101-1",-6.79215565619416
"LYRM9",-6.79659759233257
"TACO1",-6.81930630613119
"RFWD3",-6.83140579884395
"RNU6-190P",-6.8323636044886
"RNU6-94P",-6.84193327583116
"LINC00540",-6.85970058123121
"RPL3L",-6.86299099347392
"ANKRD52",-6.86526108341955
"SCART1",-6.8672448217364
"H4C4",-6.88257869982145
"CRMP1",-6.88373670424978
"SERHL2",-6.88484153058273
"LAYN",-6.88693588995061
"GART",-6.88751526940628
"AKT3-IT1",-6.89057630250059
"PHF12",-6.89159621445154
"ZNF684",-6.8996571566859
"MRPS17P1",-6.90178511874042
"ITIH4-AS1",-6.9044984952279
"LINC02940",-6.91355419128975
"CALML4",-6.916778936101
"RN7SL402P",-6.91872053177972
"CCR6",-6.93068894385197
"GPR82",-6.93941527781181
"LRP8",-6.94071074123461
"ZNF354B",-6.95381705706007
"EGFL8",-6.97238889414
"MAST4-AS1",-6.97956949252866
"ASGR1",-6.97969803638926
"PRR13",-6.98337624715774
"TLR3",-6.98356000262346
"RPL39",-6.98411968969631
"NIPAL4-DT",-6.98655301761832
"SNRPB",-6.98898198233357
"PSRC1",-7.0042990145482
"PRMT2",-7.00830252443146
"MIR497HG",-7.0163177378546
"SRP68P2",-7.0224353819119
"RPL29P14",-7.02295901226017
"ATP5MGL",-7.02991605062206
"FGFR2",-7.04433063843265
"PIK3CD",-7.04893180492332
"TOMM22P1",-7.05112488128708
"SFTPD",-7.05294990760488
"AK9",-7.05299337035593
"RTL8B",-7.05509924450543
"RNU6-407P",-7.05654540585403
"LY6D",-7.05865683966979
"SFTPA2",-7.05985931014156
"RPS19P3",-7.06093057842129
"AP3M2",-7.06169185907335
"PBX4",-7.06805970977576
"TNRC6C",-7.08461955486542
"LAPTM5",-7.09217833855684
"PLA2G4C-AS1",-7.10372192318142
"USP21",-7.10748737142041
"TYW5",-7.10933980004955
"LINC00628",-7.11044092956497
"PRKAR2A",-7.11616178483453
"NUBPL-DT",-7.11770322530117
"TSPAN14",-7.13103753562222
"ZNF276",-7.13198034174895
"WDR59",-7.13391243407088
"RGS19",-7.13737299010698
"PUM3",-7.14096336223031
"RIMKLBP2",-7.14325437956671
"CTLA4",-7.146328020127
"CARD19",-7.14777690417144
"WDR53",-7.14900967160913
"PALB2",-7.15071682329081
"LINC00963",-7.16390859655853
"MIR205HG",-7.17908399312554
"RN7SL182P",-7.19213760919869
"TRAJ38",-7.19550859878263
"CYP4A22",-7.20210711393186
"MRGPRE",-7.21297379503655
"ARMCX4",-7.21299223245902
"LDOC1",-7.23119770680036
"SCML1",-7.23244789288679
"GALNT18",-7.23416096294182
"CACTIN-AS1",-7.24182323322581
"RPS27P19",-7.25040094517178
"RPS2P28",-7.26207198923041
"DOCK9-AS1",-7.27488367681798
"MYHAS",-7.28462646678872
"HDAC11-AS1",-7.28482207169174
"EFCAB10-AS1",-7.2864074599931
"GRM4",-7.28904052139212
"SLX4",-7.29657444169152
"CXCL14",-7.29694302873708
"NXT1-AS1",-7.33114352904828
"DET1",-7.33581082501604
"ZNF79",-7.34082138982663
"TFR2",-7.34712374893462
"CYB5A",-7.34722843464952
"ARPC1B",-7.36678958458744
"KLRC4",-7.36806921699349
"ACTR3B",-7.37407522131811
"NPAP1P6",-7.37569557362268
"MIA",-7.38038190410094
"LCT",-7.38758623752969
"NFIC",-7.39337206860868
"LNX1",-7.39861695457727
"SASH1",-7.4090204598558
"DENND2A",-7.42726131657943
"SLC6A14",-7.42838772336501
"TRD-AS1",-7.43124358883968
"HAVCR2",-7.44217592479049
"TFE3",-7.4578880244007
"NOD1",-7.48294443728993
"LINC01122",-7.48744125235743
"TBC1D10C",-7.49708607228958
"KRT18P31",-7.50632788384705
"PPP1R36",-7.51205590623923
"LEPROTL1",-7.51260800290412
"GZMB",-7.51797627677287
"PROSER1",-7.53289205022444
"NOTCH4",-7.54156841278717
"ZBTB18",-7.55409643585774
"CD300LB",-7.55833183563722
"PMP22",-7.55877792018805
"PPDPF",-7.56633616527317
"TTC7B",-7.57396017920636
"RNF19A",-7.58379769965202
"LINC02917",-7.58457927784196
"SCUBE1",-7.59340923945268
"APOC3",-7.60754028171581
"ROPN1B",-7.61635380047099
"TTR",-7.63229791367767
"HSPA2-AS1",-7.63560624005003
"ZEB2-AS1",-7.63872810964813
"CD37",-7.64409302782585
"CDH3-AS1",-7.65671633205456
"KIF20B",-7.66262433461323
"NIBAN1",-7.66324746571346
"ID2",-7.66742316444815
"TRAJ10",-7.66793318031712
"NDOR1",-7.67107678377054
"SLC2A3",-7.69258780286687
"ACTR6",-7.71206840161414
"JOSD2",-7.72459559285682
"TSPO",-7.72738667420145
"C12orf76",-7.7532894973226
"ZNF83",-7.75571505248773
"RRS1",-7.7607739029284
"DCAF7",-7.76203196572132
"LCMT1-AS1",-7.76641852614865
"DMKN",-7.76922243421456
"ADORA1",-7.77841188515811
"KRT7-AS",-7.78285107071886
"PRKCA",-7.7836821178499
"SYS1-DBNDD2",-7.79334816105484
"CHAF1A",-7.79988934216566
"MTCL3",-7.80131799291598
"CD53",-7.80584120937261
"EIF3CL",-7.81166586871287
"TCEA3",-7.83186402743558
"NIPBL-DT",-7.84661598063141
"RPL36AP27",-7.85723939025672
"ARMH3",-7.85983371539008
"R3HDM2",-7.86869707410509
"SLC27A5",-7.87375388925233
"ITGAX",-7.88224481720558
"CYCSP40",-7.91822844039426
"CCDC92",-7.91838916970672
"BNC2",-7.92557603121351
"KRTDAP",-7.92641171339341
"ZFP14",-7.92662039064311
"FAM110A",-7.9339583777259
"CD244",-7.93680656358065
"E2F1",-7.93816923360668
"RPL36",-7.93955290230503
"MICA-AS1",-7.94612428450461
"PCGF2",-7.9594995197181
"NKAIN2",-7.96132842613631
"JPT1",-7.9619662718493
"HOXB-AS1",-7.97370609365427
"IKBKE",-7.97996144113255
"DIP2A",-7.98290275652314
"ZNF337",-7.98338832168715
"TEAD2",-7.99029132625813
"RBSN",-8.00701518180573
"RPL31P36",-8.0234733486562
"TRAPPC12-AS1",-8.02965780970166
"MTLN",-8.03428073682996
"PPAN",-8.0436527866749
"VIRMA",-8.04689570163225
"KLHL2",-8.04852356915655
"ECEL1",-8.0495437753906
"TRAV1-2",-8.05848526745178
"ZNF610",-8.08505258481417
"MT-CYB",-8.09780905929326
"ADGRF5",-8.10284612848326
"PFKFB2",-8.1060455162897
"TRAJ7",-8.11520208604171
"RBMS1P1",-8.12023334362226
"RN7SL509P",-8.14608162478858
"MIR4665",-8.14682288821546
"TPH2",-8.15118582592692
"ESD",-8.15634709739271
"LGI4",-8.1565898103468
"MIR3128",-8.1643081338752
"APBB1IP",-8.17120859726825
"CD8A",-8.17854567514554
"SIPA1L2",-8.18991223191378
"PATL1-DT",-8.20638652100086
"TMEM11-DT",-8.21353356775602
"PDE3B",-8.22891723638632
"REL-DT",-8.23813498846446
"SLC27A2",-8.24237779964429
"MBOAT4",-8.24361475159865
"LURAP1",-8.24520716836197
"TTC24",-8.25329611363961
"GPRC5D-AS1",-8.26008902190608
"CKLF",-8.26453736299293
"BMERB1",-8.26895616059515
"NCS1",-8.28385798611899
"CPNE2",-8.29588535425221
"RAC2",-8.3139598461696
"GALNT10",-8.32161658577405
"SGMS1",-8.32347773069789
"DNMT1",-8.33895081639878
"CARD11",-8.34218871046121
"CA3-AS1",-8.34396675416599
"PHF19",-8.34778551473606
"TMEM40",-8.35063676962098
"ENO1",-8.35363092101987
"HNRNPMP1",-8.3595753039491
"EDN3",-8.36154957210792
"RGS10",-8.37618654056255
"ORAI1",-8.37802129613524
"FLRT3",-8.38271716538869
"SYT5",-8.38612953092533
"MMP25-AS1",-8.38979120821254
"PDZD7",-8.41187871518048
"RASGRP4",-8.41245106427253
"TRAJ13",-8.42210164619515
"ARHGAP45",-8.42545389925598
"ZNF737",-8.44372314565353
"IL22RA1",-8.45313713868448
"CA14",-8.45657095811813
"PLEKHA5",-8.47988065110411
"RGL4",-8.48401345670751
"CMTM8",-8.48506687451597
"ZNF862",-8.4968541387984
"RNF227",-8.49871082030325
"DPH3P1",-8.51123957070559
"ZFP37",-8.51702504208712
"PRDM10",-8.54206814580559
"RPL11",-8.54495043848154
"LINC03057",-8.54850934187965
"LINC01524",-8.5711357735226
"TRBJ2-3",-8.58112960606588
"CLEC2D",-8.59206495618852
"PIGO-AS1",-8.59876226093536
"FAAHP1",-8.60773159440585
"GMFG",-8.61393402615717
"MICOS10P3",-8.65180047800074
"PTCSC1",-8.65612738805119
"C12orf75",-8.66171713509985
"TMEM63A",-8.71783260921636
"UBOX5",-8.73022218631389
"CABYR",-8.73548474059664
"MSC-AS1",-8.74496477623876
"TMSB4XP6",-8.7463045281434
"MAOA",-8.76333713319325
"ABRA",-8.76557200928826
"ZNF425",-8.77063204394071
"LPIN2",-8.80941023722122
"TRGC2",-8.80996046300037
"ZC3H12D",-8.82995192520555
"RAI1",-8.83971390940525
"MAST3",-8.8462749755499
"ENOSF1",-8.85526839311423
"POSTN",-8.85604126590058
"RPS27P3",-8.86421759498126
"RNA5SP216",-8.88215910377603
"ETF1P3",-8.88792872398226
"AMT",-8.89749967325712
"MIR3942",-8.90506681634259
"GPSM3",-8.90813523046026
"RBP4",-8.90978349313588
"SBSPON",-8.91237945924012
"BTG1-DT",-8.91310625483963
"PLCB2",-8.93998315314049
"OR7E128P",-8.97745853784418
"MORN5",-8.98245585926209
"GNAO1-DT",-8.98861603664915
"ULK4",-8.98976160176809
"CARD16",-8.99633533321204
"SPN",-9.00615343908726
"COQ3",-9.00947089430148
"LINC01945",-9.01152662950058
"ZNF790",-9.01712129364966
"PARVG",-9.01842355994379
"IL12RB2",-9.02207953785252
"LINC00944",-9.03570046551341
"RPL41P2",-9.03986365890314
"RDH16",-9.05550149446371
"S100A16",-9.06902652831658
"KRTAP16-1",-9.06964253054386
"LINC02649",-9.0895406805228
"EIF2S2P6",-9.09403260538103
"NBEAL2",-9.09857619804639
"LINC00612",-9.10133240672041
"ACYP1",-9.10160959223305
"HNRNPCL1",-9.10572272096278
"TTLL4",-9.11602438743997
"PHC2",-9.13030770757389
"GTSCR1",-9.1342282064985
"RPL37",-9.14042213894372
"PATZ1",-9.14226245973307
"SYNJ1",-9.15732175565016
"PIK3IP1",-9.15899642581802
"PLA2G2C",-9.16797558025483
"TRAJ9",-9.17917269136647
"PON3",-9.2136277978395
"C19orf44",-9.22068617326766
"ZKSCAN4",-9.22115419839755
"EPHA1-AS1",-9.22504861056328
"PLAT",-9.22836089196423
"RNY1P12",-9.22867976315278
"WWTR1",-9.23349664634254
"CRTC3-AS1",-9.24032417990431
"PGLS-DT",-9.25524349160664
"ZNF575",-9.2860096460978
"CYP7B1",-9.29198727030867
"EDNRB",-9.29743821109514
"SNORD4A",-9.30857693171384
"SIGLEC1",-9.32121622428471
"YWHAZP10",-9.32602316523058
"BMPR1B",-9.33735793332758
"ANKRD34A",-9.34665068770557
"TRGJ2",-9.34898817582984
"ADAD2",-9.35748276772257
"CLEC7A",-9.37195062494745
"ZNF708",-9.37941938982027
"TMPRSS6",-9.39165274716218
"LGALS7B",-9.3929783861427
"DEGS2",-9.40086568263914
"GC",-9.40471636605382
"SUPT4H1",-9.41057963175193
"ZNF135",-9.41621658175828
"RN7SL558P",-9.41832326434585
"TMEM91",-9.4307009327519
"COL17A1",-9.47044411679478
"KLHDC9",-9.47426202142076
"CASP1",-9.48625834210078
"LINC03004",-9.51039363089469
"GRAMD4",-9.51279898636598
"BRDT",-9.51600824916957
"PINLYP",-9.51766056720472
"LINC02611",-9.52084848400921
"DLC1",-9.52203578790295
"STXBP5",-9.52908226937694
"BCAS4",-9.52988036168003
"PLCB3",-9.55260170779912
"PLK4",-9.55376874707222
"KIF23-AS1",-9.5591929980838
"LILRB5",-9.56159422188956
"TRAJ33",-9.57456614540567
"ARPC3",-9.57623436857135
"SPAG17",-9.58285324779726
"MCUR1P1",-9.59530092698753
"FRY",-9.60257053472905
"NEFM",-9.62081933436855
"KIF4A",-9.63585672642589
"TGIF1",-9.6365676899838
"ADAM23",-9.64863598633664
"FLACC1",-9.64930098990496
"CCR3",-9.66757364964644
"SPTBN5",-9.69738964787032
"C5orf63",-9.69811181087725
"MICAL3",-9.70015604815772
"CSF1R",-9.70814180343536
"AZU1",-9.72728803538354
"PAXBP1-AS1",-9.74492990274129
"SIT1",-9.75732610759864
"LINC03048",-9.76926441882397
"PCK1",-9.77326044869822
"MIR6090",-9.77574618074413
"ADHFE1",-9.78425961161704
"MIR548D2",-9.8320645076559
"DAPK2",-9.84479925869027
"ZBTB42",-9.84766439427492
"ZSWIM9",-9.84893810215264
"LINC02086",-9.85094380915908
"LZIC",-9.85381344962619
"ATXN7L1",-9.8720480834774
"TEX41",-9.88367401610208
"CD58",-9.88430102778146
"CFAP99",-9.89800188910958
"RAMP3",-9.89800188910958
"VSNL1",-9.91453783690366
"SMAGP",-9.92353443969743
"ZNF230-DT",-9.92589722718518
"ING4",-9.92784459809268
"AP1M2",-9.94626761665231
"STAG2-AS1",-9.95681039519366
"PDAP1",-9.95797526061579
"RNA5SP151",-9.95910559822594
"OXLD1",-9.96618038260012
"RPS13P5",-9.96683456848419
"GAN",-9.9733900423536
"TMEM17",-9.97341653174647
"LINC02019",-9.99620113148928
"LURAP1L-AS1",-10.0018320275067
"ARHGAP5",-10.0116815748508
"MIS18A",-10.0196433234715
"WFDC2",-10.0209234999027
"CA10",-10.0215052308936
"RBISP1",-10.0238943725072
"C10orf67",-10.0290855702137
"LINC01215",-10.0387414827588
"POLE",-10.0417719608687
"KCTD9",-10.0614447745528
"EBPL",-10.0656580127423
"PPP1R21-DT",-10.0798293534074
"HINT1",-10.0832977246351
"SNRPCP4",-10.0870041483254
"NUPR1",-10.0931074177978
"ZNF93",-10.1260808313132
"APOH",-10.1687724654093
"SNPH",-10.1707817652945
"LINC00840",-10.1756252709975
"SLC25A53",-10.1821992011229
"GCNT1",-10.1981434361232
"FAM200B",-10.2240516342822
"VTN",-10.235719903207
"TEX2",-10.2543545610618
"SYT11",-10.2727774391689
"FGA",-10.2825919903117
"RN7SL452P",-10.2851915937202
"SIX3-AS1",-10.2909080068916
"FXYD2",-10.2983463285536
"KCTD17",-10.3112314364569
"COP1-DT",-10.3179787027825
"HLA-DQA1",-10.3300378598854
"SMIM19",-10.3491043346577
"KAZN",-10.3560716653924
"DKK1",-10.3885087797937
"DPPA3P1",-10.4170334627059
"ARF5",-10.4378651006288
"TENM4",-10.4677455386801
"SVBP",-10.4708919223949
"STK17A",-10.4822216289137
"TRBV28",-10.4859595640778
"NAALAD2",-10.4871116729304
"SYF2P2",-10.4913178132758
"POLD1",-10.4953099146432
"RUNDC3A-AS1",-10.525059200196
"GBP2",-10.5392258493897
"STX6",-10.5575142261177
"HAMP",-10.5719278722284
"YWHAB",-10.6020578909971
"MYL12BP1",-10.6254892574742
"GPNMB",-10.633259434225
"SESTD1",-10.6481065131889
"DGKQ",-10.6582300833952
"RNU6-136P",-10.6643537471753
"RPL11P3",-10.669627830218
"SIGIRR",-10.6705865976403
"GPR68",-10.6817821422323
"KIF3A",-10.6989767942137
"CCDC78",-10.7016291069085
"SELL",-10.7024209648128
"SNRPCP16",-10.7190384373573
"HECW2-AS1",-10.7241787066379
"NDUFB8P2",-10.743555884925
"SCGB3A2",-10.7763190708882
"KATNAL1",-10.7953897605316
"SMARCA1",-10.7986831842249
"LINC01770",-10.8162241107085
"GADD45G",-10.8202004575676
"TRPA1",-10.8224511252458
"MIR3671",-10.8366928755324
"DNAJB1P1",-10.8372705213922
"NDUFAF2",-10.8756934619739
"ANO1-AS1",-10.8828567981306
"SLC2A9-AS1",-10.8865610993355
"SAMD10",-10.8896924251921
"PIH1D2",-10.8905025720479
"CCL4",-10.912536107966
"GBP1",-10.9229605550965
"AASDH",-10.9243592175718
"PARGP1",-10.9703774788982
"FAM87B",-10.9776391839115
"NDFIP2",-11.0097366032658
"CFAP53",-11.0231938832401
"GLOD4",-11.0321085157234
"KCNQ3",-11.0401137971318
"UNG",-11.0587111617015
"ARL6IP5",-11.0693029616282
"EML4-AS1",-11.1165725010943
"SPRY1",-11.1472447437801
"ZNF438",-11.1567491747679
"SAMD3",-11.1677079770863
"SGSM2",-11.2061904292612
"RPS15AP6",-11.2280532389353
"ADAMTS10",-11.2408334422598
"RFX2",-11.2453917614047
"RFTN2",-11.2521656867995
"TRABD2A",-11.2650926187939
"POT1-AS1",-11.2673635513537
"SMAD1-AS1",-11.2910630309882
"SLC6A15",-11.3018222612355
"USP2",-11.3061509219409
"SIGLEC9",-11.3139293515216
"SOX10",-11.3178378535775
"PABPC1P7",-11.3227841685872
"RPL13",-11.3287908035281
"UBAC2",-11.3297354394695
"ATG14",-11.3389129076451
"COMMD6",-11.3479844524139
"TBCB",-11.3603490414343
"MYH11",-11.3898657599303
"GPR19",-11.3922674015269
"SPDYE5",-11.4130263019891
"CEACAM5",-11.4138368718368
"TMEM150C",-11.4165560955315
"TRAJ32",-11.4236964924684
"PLA2G4C",-11.4244911021551
"FGD3",-11.424812332232
"ARRDC2",-11.428262088558
"MAIP1",-11.4305503022959
"PRKCZ-AS1",-11.4369059502006
"CIB1",-11.456566251381
"PELI2",-11.4804071239527
"ETS2-AS1",-11.4948613448845
"PRSS23",-11.5037960501241
"LINC02453",-11.519755682935
"LINC00689",-11.523992415132
"BCAS2P2",-11.5242593509429
"TWF2",-11.5270116494888
"TTC5",-11.5922634226285
"VASH1",-11.6100155396601
"FAM131B",-11.6141597684537
"KCNK3",-11.6177782636663
"PHC1P1",-11.6266353482387
"SMAD3",-11.6325606287847
"ACVR2A",-11.6385511385556
"DHCR7-DT",-11.6546491366321
"TNFRSF1A",-11.6551047642761
"CCNB2",-11.6640482026413
"HRH4",-11.6651865912237
"TMPPE",-11.6677517257751
"PIP5K1C",-11.6741078921874
"TRAJ12",-11.6748482766894
"KIAA0753",-11.7008719042005
"GBP7",-11.7073946019384
"CYTH3",-11.7147735733777
"STK39",-11.7244455098999
"FOXP1-AS1",-11.726351664279
"TRPS1",-11.7392276086433
"TSPAN1",-11.7604646404535
"FGL1",-11.7632305875555
"ZNF649-AS1",-11.7896516221465
"IL31RA",-11.8031783202805
"FDPSP3",-11.8275252112766
"ITPRIPL1",-11.8291521685593
"KDM1B",-11.8687413407729
"ARHGEF5",-11.8753778389572
"PLXNA4",-11.9128413134976
"COLEC12",-11.9278858450726
"TBX19",-11.9308551020997
"NPHP1",-11.9384819257056
"SYT8",-11.9501572298971
"ZNF197",-11.9552642363674
"TNIP3",-11.9751123979819
"ORM1",-11.994937740906
"ZNF674",-12.0011322666473
"IL23R",-12.0288000741788
"TRAJ31",-12.0326973976153
"RPL4P7",-12.0385953573282
"RHOC",-12.0468630587036
"SLFNL1-AS1",-12.0543194344604
"ABRACL",-12.0741843075243
"WNT11",-12.0764064987242
"B3GNT3",-12.0824136563986
"MAST3-AS1",-12.1255428617594
"FFAR4",-12.1517324339815
"BTG1",-12.1652155986111
"PDCL3",-12.174542883669
"POP1",-12.1849079844454
"SNX32",-12.2256038807205
"LINC00880",-12.2327010148705
"KLLN",-12.2374705815616
"HAPLN3",-12.2433641411216
"FAM153A",-12.2606435894629
"TESC-AS1",-12.2658281649703
"SNHG21",-12.2665541425965
"RAB11FIP3",-12.2741352047813
"AXIN1",-12.2745420209542
"RPL34P24",-12.3152903433186
"TOGARAM2",-12.3451638121995
"LILRA6",-12.3745206854965
"ANKS1B",-12.3897112853726
"KLHL3",-12.3950399806595
"USP25",-12.4264508420977
"CACTIN",-12.4364543578766
"NAALADL1",-12.4439703572458
"HMGB1P8",-12.4444222274998
"THBS4",-12.4664143679797
"TSPAN18",-12.4672430984004
"LRP11",-12.4972607721
"CLEC2B",-12.5026146363727
"ARL14",-12.5034464508022
"GNAZ",-12.5125308146431
"ZBTB12BP",-12.5287998608639
"PTPRZ1",-12.5358984252061
"MRC2",-12.5573515169409
"NFE2L1-DT",-12.6095735739635
"GAL3ST2",-12.6102087615961
"PRH2",-12.6167501186534
"HIPK1",-12.629649522716
"CDH3",-12.6724852169508
"CALHM2",-12.6900191518408
"MCRIP1",-12.7309024254639
"WNT7A",-12.7343772217543
"PGC",-12.7378178781385
"LINC00511",-12.7498351664969
"ACTA2",-12.7591287551106
"AMH",-12.7644345749671
"MGST1",-12.7655916041319
"C5orf47",-12.7682495859076
"MCUB",-12.7950245028416
"QKILA",-12.8117192828974
"CEP162",-12.826993062125
"RPS14P8",-12.8500357495447
"LIPE",-12.8833262036255
"TIGIT",-12.9149357776624
"GAS1",-12.9157079125444
"LINC02357",-12.9476197958433
"SARDH",-12.9603341828925
"ZNF559",-12.9607152110029
"C12orf60",-12.9910380633081
"NBL1",-13.0036682574938
"C5orf34-AS1",-13.0039471007193
"ADCY3",-13.0248386927645
"TOMM20L-DT",-13.042922903078
"LAD1",-13.0435931967326
"MLPH",-13.0442237954245
"TRAF3IP3",-13.0471613568497
"DOCK8-AS2",-13.0571234903081
"ZNF573",-13.1556336848412
"WDFY3",-13.1606606514176
"SPON1-AS1",-13.2197329055068
"KCNH2",-13.2290758426918
"PLCH2",-13.235151580599
"CYP46A1",-13.2460195007928
"GLB1L",-13.2509547855474
"LAT",-13.2717403026785
"TRDV1",-13.2874009239481
"CRIM1",-13.302435685629
"LIMD1-AS1",-13.3083423547085
"ZNF208",-13.3144114287346
"FPASL",-13.3169647687896
"SNORA77",-13.319479215406
"ZSCAN18",-13.3238287292811
"HHAT",-13.3421559922538
"CHORDC1P1",-13.3435071645605
"TCP11L2",-13.3647575446893
"ZYX",-13.3698723833775
"ST8SIA6",-13.4179313849159
"EMX2",-13.4291317888189
"TNK2-AS1",-13.4331641486556
"TRBV7-2",-13.4359301025252
"GTF2H5",-13.4401472872257
"RUNX3",-13.4428504875697
"RPLP2",-13.4430384407464
"IFIT3",-13.4657512973982
"CREB3L3",-13.4985161959225
"UTP25",-13.5126109982991
"FGF14-AS2",-13.5163041190591
"ZNF484",-13.523010200609
"TRBV2",-13.5287088140465
"KLRD1",-13.5351442413122
"TSPAN5",-13.5548797197749
"LRRN3",-13.5715055345009
"MOSPD3",-13.588473139017
"GP6-AS1",-13.5889100705272
"RNF111",-13.5923138738902
"LINC00243",-13.6155746874079
"H1-0",-13.6351907480785
"ADARB2",-13.6762411298699
"FAM169A",-13.6776917248556
"AMBP",-13.6974141035497
"RPL12",-13.7119801193612
"SMIM3",-13.7156467482204
"PSTK",-13.719907524333
"KCNT1",-13.7456914144628
"ARID4B",-13.7474205029824
"ENTREP1",-13.7705702860164
"ETV1",-13.8096387198749
"PFDN4",-13.8454710535046
"RNU6-1321P",-13.8516745027958
"A2M-AS1",-13.8615166347731
"CAPN3",-13.8643528603185
"PTPRN2",-13.8912257838931
"ZNF470",-13.9021707378838
"SLC5A11",-13.9378712342796
"RPS10P13",-13.9398592142836
"LINC02073",-13.9557570958307
"DMD",-13.9563609941061
"MID1IP1-AS1",-13.9609247215708
"DPPA2P1",-13.9677590693912
"NLGN4Y-AS1",-13.9677590693912
"LRRC25",-13.9778629191399
"CD28",-13.9804649509979
"MAFK",-13.984927504756
"IGHV3-37",-13.9956903410203
"RPL31P4",-14.019721133705
"ARL4C",-14.029301428851
"SNORA2B",-14.0355837181762
"IGFBP4",-14.0360771068223
"ITGB4",-14.0663891991083
"DGKH",-14.076609971098
"RNU6-147P",-14.0771497454639
"KATNIP",-14.0843685398966
"FMO5",-14.1270653308355
"ZFYVE28",-14.1272303234896
"ATP6V0E1P2",-14.1386712454786
"TTN-AS1",-14.1562181585434
"DOK6",-14.1624763676232
"PDE2A",-14.1830266944998
"MAP3K5",-14.1854546611166
"NFATC1",-14.1994166528854
"FAM83D",-14.2056758623248
"GPX8",-14.2501779472951
"RPS26P15",-14.2553082503167
"AR",-14.3201029118984
"STIL",-14.3545194819851
"ACOT7",-14.3687295262422
"HEATR3",-14.3712078390102
"NLRP3",-14.4084991150056
"JAKMIP2",-14.4416629279327
"CD33",-14.4480239247475
"WAC-AS1",-14.4585693103233
"ATP13A4",-14.4658016294951
"PHACTR2",-14.4954508484546
"SNORA80D",-14.5283597527412
"TRIM8-DT",-14.5906312500975
"TEDC1",-14.6075264485767
"CDC14A",-14.6337203937558
"JTBP1",-14.6463403294338
"L1CAM",-14.6619391650578
"EID2",-14.6756207600187
"CBLB",-14.7057270349847
"CATSPER2",-14.7138544607417
"KRT8P48",-14.7155102969496
"ETS2",-14.7173079779181
"LINC03052",-14.7440662704866
"STK32C",-14.7770241491886
"ZNF652-AS1",-14.7864180708003
"PARVA",-14.7965482389364
"APOBEC3H",-14.8018656360488
"ETS1",-14.8022878648151
"PAK2",-14.81224315487
"LINC02941",-14.832128720951
"LINC00334",-14.8422226799182
"HIC1",-14.8686717597915
"IGFBP1",-14.8723541666184
"HLA-U",-14.9181457031792
"UNC119B",-14.9436977313981
"BCL11B",-14.9441969298306
"CALML5",-14.9450378171661
"AQP9",-14.9928188139402
"RPL28",-14.9942617531233
"DUSP23",-15.0184112235811
"ABLIM1",-15.0381931605747
"SRGAP1",-15.0972149311122
"GNG2",-15.1040014969799
"RPS18",-15.1111369192503
"MT-CO3",-15.1157145147257
"FITM2",-15.116083781495
"POLA1",-15.1222677699716
"TSPOAP1-AS1",-15.1317378038381
"NLRX1",-15.145538927606
"HTRA1",-15.167426097913
"TRAV8-5",-15.1839226616128
"TTC16",-15.1896968334151
"CXCL5",-15.2418373097736
"TTLL3",-15.2447874537708
"CCL4L2",-15.2528537767778
"MYOZ3-AS1",-15.2908303138724
"RN7SL308P",-15.3017441165661
"STMN2",-15.3452263012356
"C1orf116",-15.3464876595838
"MIR3939",-15.349847037586
"GPALPP1",-15.3637450303246
"TYRP1",-15.363776919691
"EEIG2",-15.3724887000929
"RPL30-AS1",-15.3797953875962
"PTGIR",-15.3913819920883
"RN7SL825P",-15.3928166660934
"TRAJ23",-15.4432120535216
"TLE5",-15.4475792825428
"RYR2",-15.4479363479174
"FANK1",-15.4549359826403
"TRAV39",-15.4582304125552
"FYN",-15.4596882305824
"SIRPG",-15.469835790234
"OCM",-15.472556846311
"CCND3",-15.5013198978413
"FAM215B",-15.5147497068079
"ODAD2",-15.5283053924862
"KRT19",-15.5533644423769
"CD6",-15.566433501811
"RGS12",-15.567455562
"DDR1",-15.5746501994346
"BACH2",-15.5795121743872
"PLAAT5",-15.5816649970416
"CYP27A1",-15.5936809504831
"SLC2A7",-15.6195863848473
"CTNND1",-15.625792463735
"BRME1",-15.6338251682466
"CATSPERB",-15.6460722457211
"CDCP1",-15.66289648441
"AK1",-15.6648698494303
"FLT1",-15.670613856892
"NPR2",-15.7054520494474
"SDC2",-15.7211388561706
"NMU",-15.7691658191917
"RPL19",-15.7694795213817
"LY6G6C",-15.7718401006853
"MAL",-15.8071201966496
"USP32",-15.8235485819039
"NAA40",-15.8644631707282
"POPDC2",-15.9004988611666
"PTBP2",-15.9240964774192
"IGDCC4",-15.9421564387439
"SKP1",-15.9465092075919
"RFX7",-15.9690780119637
"PITPNC1",-15.9717454747733
"TAF5LP1",-15.9960140787585
"PADI2",-16.0086313076994
"MIR548AA2",-16.0212775813268
"WNT2B",-16.0507818420022
"LEF1",-16.0982916372025
"RNU6-97P",-16.1336501087994
"TRBV12-5",-16.1377322348878
"MEOX1",-16.1408958882071
"ITGB2",-16.142706364525
"PTK2",-16.2030311751665
"AHSG",-16.2118812839009
"RARG",-16.2645206594745
"STAG3",-16.2764052878128
"GATA6",-16.2928854033324
"CALHM6-AS1",-16.330433517559
"CCR5AS",-16.370375223546
"DGCR5",-16.3706945233799
"ORC6",-16.3917625899719
"TRGV8",-16.4022347251403
"NKX2-1",-16.413825797173
"CHAF1B",-16.4198874508158
"RPS4XP1",-16.4221569474284
"DIAPH1",-16.4620508591778
"TOPBP1",-16.4924318575783
"ZBTB9",-16.4974970316551
"ZBTB33",-16.5103404116451
"BTLA",-16.5450400403083
"STAT5B",-16.552645998533
"LINC01003",-16.5635412051384
"PTGER4",-16.5763693294913
"ZNF888-AS1",-16.588593140102
"RPS7P15",-16.5929444088169
"ANKRD33BP1",-16.6000586557
"PTBP3",-16.6016961706442
"RPL30",-16.6233464644964
"SLC6A6",-16.7047567095525
"KIAA1671",-16.7602136469847
"FSTL4",-16.8020702767197
"SMARCD3",-16.8093169937888
"LYPD6",-16.8277209626187
"CCER2",-16.8311757239258
"CRELD1",-16.8741540099221
"LINC02965",-16.8840686561958
"HSP90AB4P",-16.9150767794512
"SPRED2",-16.9367863932059
"SCRIB",-16.9968054084549
"PSMD6-AS2",-17.0206270837416
"SPEF2",-17.0491749179514
"LRAT",-17.0552122692506
"SMG1-DT",-17.0687370330234
"IQCN",-17.0834173681795
"LINC01303",-17.0883161503942
"RPL13A",-17.0933256537455
"KLRC1",-17.0999205157052
"PRF1",-17.1555619587091
"CCR7",-17.1613990492134
"TGFBI",-17.1695905835656
"LINC02895",-17.1729981925876
"RNU6-823P",-17.1915708660187
"MEX3B",-17.2007319046104
"IGF1R",-17.2690338145389
"ABCB1",-17.2743292189627
"S100A11",-17.2966618209049
"SH2D1A",-17.2972251395836
"CCDC115",-17.3340459399764
"MRC1",-17.340418527659
"FAM136DP",-17.3408620315631
"MIR133A1HG",-17.3429766655552
"TMOD4",-17.3483307464787
"WDR53P1",-17.4084491966686
"SELENOH",-17.4299653360564
"TRGV2",-17.441007545389
"SCARNA7",-17.4924919724761
"IFI27",-17.5052296228854
"HNRNPCL3",-17.5472347278034
"LAIR2",-17.5623623352479
"PYHIN1",-17.5798377623908
"SFTPC",-17.6402673350609
"BTBD18",-17.7165296720574
"EEF1DP4",-17.721004327823
"MYL12B",-17.7393406448547
"RPS3",-17.7460136119491
"TRAJ44",-17.7491839712428
"TRAJ49",-17.7612481703562
"INSL6",-17.7656568385228
"TSEN54",-17.7803386028024
"PDLIM2",-17.7883214195968
"FABP5",-17.8152027433769
"IL24",-17.816526330093
"C1orf115",-17.8203059997018
"TMSB4XP8",-17.8371694867125
"FDXR",-17.8636198894864
"ULK2",-17.8767665403357
"TRAJ28",-17.9053797766694
"USP31",-17.9088581398396
"SFTPA1",-17.9114786660946
"RPL36P17",-17.9271411593954
"DDO",-17.9382400239172
"AGXT",-17.9574493123782
"CFAP36",-17.9591603725384
"NEPRO-AS1",-17.9661046579148
"TM4SF1-AS1",-17.9844765339394
"RBMS1",-17.9883555187034
"PPP1R18",-17.9928614518362
"ACTA2-AS1",-18.0007094495134
"ZNF568",-18.0119286111153
"MPP7-DT",-18.0376569144621
"PPP2CB",-18.0405684412813
"NMI",-18.045580895271
"RNU6-150P",-18.0716371863567
"CAPG",-18.082119170472
"HES4",-18.1095635638229
"LIPT2",-18.1470748023201
"ARMH2",-18.1563607163976
"CDK5R1",-18.1649400150929
"C2CD5-AS1",-18.177708487104
"FSD2",-18.2247510128091
"HSD11B1",-18.2424442831866
"MMP17",-18.2456581222838
"ZNF41",-18.2635134589302
"RAD51D",-18.2706995913585
"LGALS9",-18.2708904549143
"LINC00092",-18.2862495380686
"DPEP2",-18.3049561208929
"TRAJ40",-18.3638075480224
"TYROBP",-18.3729822829209
"GAREM2",-18.4348244322971
"CCND1",-18.4492822097025
"POLD3",-18.4595569089209
"TSHZ1",-18.4640013573753
"GINS2",-18.4712677857383
"FXYD7",-18.4917649824515
"STAC",-18.5150089629169
"GMPR",-18.5264555325141
"CUL9",-18.5807416243145
"LOXL1",-18.5831474692014
"NACC1",-18.6119038903555
"SEMA5A",-18.62393768558
"ARRB2",-18.6343800367586
"SUSD4",-18.6479906981858
"KIF21B",-18.65610872647
"RPS2P44",-18.6649671191291
"DAP3P2",-18.6932934733846
"ZNF483",-18.7025807735347
"H4C1",-18.7215032122203
"TGFB1I1",-18.7394409537658
"PAG1",-18.7684192595316
"TRAJ42",-18.7856510453853
"KIF1A",-18.9250322266809
"STEAP4",-18.9654428177515
"C1QA",-19.0061642229057
"CCDC74BP1",-19.0461221091864
"TRBJ1-3",-19.0639807136214
"ZNF260",-19.0666546726716
"PRKAG2-AS1",-19.0700382737086
"FPR3",-19.0756173075821
"RPS19",-19.1004736094845
"RN7SL333P",-19.1076584528442
"NSRP1P1",-19.1465201561338
"ROBO3",-19.1725686801646
"DNALI1",-19.1734927127502
"MICOS10-DT",-19.1750960208959
"TPH1",-19.1880123982381
"CAVIN2",-19.1886286218614
"PKP4",-19.2002602585917
"RLN2",-19.2483876983065
"TIMP4",-19.2718857158594
"ARMH1",-19.284214570885
"GPRC5A",-19.2901907637171
"ZNF641",-19.3115250699257
"KCNC3",-19.3192797005064
"LHFPL2",-19.3404517745218
"TRAV1-1",-19.3494961537215
"CLEC5A",-19.3624800439826
"GAS7",-19.3709482739716
"SFTA3",-19.3857898797818
"SMG9",-19.4324417052468
"STAT5A",-19.4334283029049
"NCALD",-19.4534536496357
"FRMD6-AS2",-19.535874243058
"FCMR",-19.5836640876851
"RN7SL144P",-19.5925221689741
"MITF",-19.6128921171322
"TNFRSF4",-19.6160889795819
"ATP8B4",-19.6269970048599
"CLDN18",-19.6325522236007
"MTCYBP18",-19.646295329254
"NOL4L",-19.6567039246582
"PPP1R14D",-19.6868080482142
"S100A14",-19.6949773290216
"SNAI2",-19.6950150366487
"TAF4",-19.7096288122319
"GJB1",-19.7375428596671
"DCK",-19.741706539789
"CXADR",-19.7443543764242
"SFTA2",-19.8002756827358
"ATXN7L3",-19.8870678055166
"PDE1B",-19.9022102508881
"STING1",-19.9061483177077
"FXYD5",-19.9329928595135
"DTHD1",-19.9409702746367
"VEZF1",-19.9414044407407
"EFNB1",-19.9431033108412
"LINC01727",-19.9500280186796
"RPL32P2",-20.0062589806365
"GTSE1-DT",-20.0199772249932
"RAD9B",-20.0864433085587
"PPM1H",-20.0915940713913
"ABTB3",-20.1040652852341
"RPS27AP12",-20.1372706034784
"LRP12",-20.1474728226373
"TNFSF13B",-20.1566046849688
"ISM1",-20.177140732615
"MS4A7",-20.17746684449
"POU4F1",-20.1892852280604
"PHF10P2",-20.2254789376197
"TFF3",-20.2392336449981
"IL2",-20.2646550110373
"TRBC1",-20.3240546378938
"CD84",-20.3849517507013
"C16orf89",-20.4007685169003
"RPL32",-20.4108565237597
"GNG11",-20.4177315171558
"GIMAP2",-20.4302754836888
"NME9",-20.4809752367416
"IFITM1",-20.4929623324189
"NSG1",-20.5766432146577
"RPS4Y1",-20.5808672577042
"TOMM40L",-20.5872030527673
"GLB1L2",-20.607212032355
"TMIGD2",-20.6245570728379
"TRBV24-1",-20.671440680214
"MAP3K10",-20.6849992780648
"LINC00607",-20.7326062411971
"CORO1A",-20.7536828024997
"FOLR2",-20.7636011742936
"PLCD3",-20.7661281292344
"TRGV9",-20.7876670187948
"PTMA",-20.7885847138135
"HISLA",-20.8035470800354
"C1QB",-20.884494503804
"PLEKHG3",-21.0416692583611
"NDN",-21.0462369070753
"XNDC1N",-21.0646603728232
"TUBA3FP",-21.0682709707675
"GK-AS1",-21.0858791151911
"C1GALT1C1L",-21.0915223048811
"TMC8",-21.1237239611801
"TRAV38-1",-21.1531073208064
"TRAJ21",-21.2177627977228
"TSPAN15",-21.2190401739707
"ZNF892",-21.2254839874595
"NUDT7",-21.277967495726
"RADX",-21.2912485032191
"RPS10",-21.3124781085637
"LINC00562",-21.320411675517
"ZNF8-ERVK3-1",-21.3232846851906
"FAM120C",-21.3236613381663
"ZNF418",-21.3564972847921
"HLA-DRB5",-21.3663684622502
"HVCN1",-21.3682371255404
"EEF1DP7",-21.4208223398464
"ZNF219",-21.4430417915657
"MCTP1",-21.4605254334015
"MRPS28",-21.467801783378
"NIBAN2",-21.5188790564765
"EEF1DP2",-21.5293790185407
"NAIF1",-21.5358466597359
"AKR1C3",-21.5523825233652
"TNFRSF10B",-21.5708379310615
"CAMK2N1",-21.5829822154895
"EVC",-21.6684246020816
"C4orf19",-21.6811840481338
"CD82-AS1",-21.7081778437947
"LINC00544",-21.72846359896
"NUDT10",-21.826286880398
"LINC01016",-21.8829591880497
"CCL5",-21.9958368330619
"LINC02235",-22.0034608037972
"CENPL",-22.0059174448068
"CCL28",-22.0323122140799
"RECK",-22.1036153284791
"SAP30-DT",-22.1782727758942
"AFF3",-22.2134578166956
"TFF2",-22.2153276403542
"RILPL2",-22.2422048671433
"HNRNPA1P21",-22.3562351917613
"RNU2-71P",-22.377423894421
"ELOVL6",-22.434331872031
"AIF1",-22.4679569506131
"PREX1",-22.4917449291733
"FCRL3",-22.5264846822521
"KLHL25",-22.5359387196258
"GOLGA7B",-22.5373432338829
"G2E3",-22.5760385627425
"SRSF10P1",-22.5782484005878
"S100B",-22.6056231346056
"ZNF169",-22.6163717081208
"ADRA2B",-22.6524382484412
"PFKP",-22.7104205063351
"PRDX2P3",-22.7129964972558
"SPACA6",-22.7154035638168
"SOCS2",-22.7744208258854
"SPNS3",-22.8404017561213
"GLIPR1-AS1",-22.8528977983022
"MIR4515",-22.8830292221602
"AGGF1P2",-22.8960814240896
"TM4SF1",-22.9135957768496
"TRAJ52",-22.9290830216921
"TRBJ2-6",-22.9395040007842
"TBC1D32",-22.9662360537338
"TRAJ4",-22.9836927808907
"PTPRM",-23.037848103124
"SIRPG-AS1",-23.072456806966
"RNF125",-23.1388579694585
"VN1R18P",-23.1456326039912
"TSPAN2",-23.1716272504011
"USP27X",-23.1792984346089
"KCNH4",-23.223213704429
"TRBJ1-1",-23.2373716896164
"RHOXF1",-23.2466781746533
"TUBA1A",-23.2471161648306
"TM4SF19-AS1",-23.2785114317081
"SH3GL1P3",-23.3313152917786
"VCAM1",-23.3379625738406
"PROCR",-23.4026733324146
"C8orf44",-23.4409144077738
"HMGA1P2",-23.4672423369335
"NATD1",-23.4782390095407
"KRT14",-23.4889873805638
"TNFSF15",-23.5464830916669
"TRAJ24",-23.5698959948897
"FLT3LG",-23.5814412140847
"SRPX",-23.6024311307788
"HLF",-23.6227050176997
"TMEM200A",-23.6304782224829
"PCAT1",-23.6417837718968
"LINC02656",-23.724767658269
"SNTB1",-23.7413671024266
"HGF",-23.7700041451363
"ZEB2",-23.8127747078885
"FGG",-23.8205301581036
"ZBTB16",-23.8249470567724
"ACTB",-23.8633247986895
"LINC00278",-23.8635881350473
"EEF1A1P3",-23.8866430226144
"INSL3",-23.9344114922192
"ZFR2",-23.9491994318121
"ATP6V0E2",-23.9601276136852
"VIPAS39",-23.9722157838683
"S100A9",-23.9752402397934
"PROSER3",-23.9753553443082
"ZG16B",-24.0091173742566
"PPP2R2B",-24.0212429846625
"CDKN2D",-24.0488925458299
"TRAJ6",-24.1288924404139
"CD82",-24.1523770599847
"CD160",-24.1855054129069
"LINC02076",-24.1995529364675
"STK11IP",-24.2209701429844
"MYBL1",-24.2256210106526
"CEBPD",-24.2415739617006
"SLC25A37",-24.2868222241137
"LINC02084",-24.2978159362048
"TESPA1",-24.3108576205695
"HMGB1P24",-24.3389229417733
"KRT7",-24.3623191090318
"ST3GAL1",-24.4122216504113
"LCT-AS1",-24.4139830402428
"SPP1",-24.4194140075612
"MGST2",-24.4569073226635
"PAK3",-24.4666744912172
"ARL6",-24.5489509693968
"BIN1",-24.5831334940488
"ZNF778-DT",-24.6079432187088
"DLGAP1-AS2",-24.6378511347273
"BICRA-AS2",-24.6494045017789
"RPS18P14",-24.6696706092757
"HDGFL3",-24.7055553618821
"SERPINE2",-24.7203652713644
"TRBV12-3",-24.753253592584
"THBS4-AS1",-24.821895932667
"TRBJ1-4",-24.8573124601088
"TRAJ5",-24.8848662560063
"SATB1-AS1",-24.8891338349483
"TRBV21-1",-24.9383963140718
"LIMD2",-24.9414231687874
"GRAMD2A",-24.949006501163
"CACNA1A",-24.9644408810626
"ANKRD29",-25.0100289570601
"GALNT8",-25.05967216017
"CORO1A-AS1",-25.0959371266152
"PXT1",-25.1124768337167
"COQ8B",-25.1135518706771
"SIX3",-25.1785836213752
"TRAV27",-25.2092881113318
"TNRC6B-DT",-25.3031446414021
"ZNF486",-25.3277977923318
"FBF1",-25.3343349196917
"RPS12",-25.407982520683
"OBI1",-25.4274240105941
"LY75",-25.4307743659912
"SZT2-AS1",-25.5097079587323
"TRBV15",-25.5657677298065
"SLC29A4",-25.5785396305963
"HECTD2",-25.5944718377964
"HLA-DPB1",-25.6247337958009
"RPA4",-25.6306970321637
"PCNX2",-25.6447735850178
"MYOZ3",-25.6974910266477
"SMIM11",-25.7579367951347
"IKZF2",-25.7590684177747
"RHOU",-25.8129497091481
"ALDOB",-25.8311974723722
"CSF2",-25.9229510105566
"NUDT14",-25.9413405315925
"TRAJ45",-25.96258159036
"FOXJ2",-25.9981194790442
"DSTNP1",-26.0055952148668
"RAB35-AS1",-26.0192473492952
"TRBV30",-26.0758386295103
"LNMICC",-26.1087985308485
"LINC01281",-26.112238926506
"SELENON",-26.1203672171405
"VIPR1",-26.1238146375766
"HMGB1P51",-26.1448516777598
"PCSK2",-26.177369096848
"TAPT1-AS1",-26.1961308823883
"ACSL1",-26.2576267566242
"SLC11A1",-26.3402768084863
"TRBV7-6",-26.3821737417167
"AFAP1L2",-26.4003235197679
"TRAV29DV5",-26.4637338651141
"CDIN1",-26.5220758312046
"TRAV26-2",-26.5488460551545
"TSPYL5",-26.5616249422611
"TRAV14DV4",-26.5929838803756
"LINC02195",-26.6046093706339
"METRNL",-26.6243955663878
"TRAV41",-26.6706232325829
"ATP6V1FP2",-26.8422919997394
"TRBV6-1",-26.9134928159312
"TMEM267",-26.9189552537092
"RASGRF2",-26.9337395683882
"TCF20",-26.9364309771172
"ASMER1",-26.9554247694167
"MDN1-AS1",-26.9778664025501
"RPS12P28",-27.0894775185566
"LPGAT1",-27.099352534407
"SPATA13",-27.1389115799345
"HUS1B",-27.17303448681
"F13A1",-27.2049289967393
"CD109",-27.2068396114208
"ZNF141",-27.2664285055195
"APOA2",-27.3247452391952
"RAMP1",-27.3470733448224
"BRPF1",-27.3897834803637
"RANBP3-DT",-27.3914716388023
"TRAV36DV7",-27.4677047930803
"TSHZ3",-27.473368851528
"GOLGA5P1",-27.5056849094764
"C8orf48",-27.5228986947339
"APOA1",-27.5336735062079
"RN7SL752P",-27.5336901915097
"TRAV6",-27.5730379206041
"ZNF677",-27.6010981381487
"AMMECR1",-27.6066712834963
"NMUR1",-27.6309366797648
"RN7SL432P",-27.709385728089
"ENDOD1",-27.7586074076785
"HLA-DRB1",-27.8073352917863
"CEBPA",-27.8277135932395
"LINC02482",-27.8940440462118
"FHL3",-27.8940735380852
"LAPTM4B",-27.9765757631145
"TRBJ1-6",-27.9999227636533
"NECTIN2",-28.0514517663359
"SNX10-AS1",-28.0619573783947
"LNCRNA-IUR",-28.1044086394168
"MS4A6A",-28.1252760326463
"WDR86",-28.1260721640921
"DNAI2",-28.1311122245707
"C3AR1",-28.1704912241937
"EPS8L1",-28.2132864204619
"MIR194-2HG",-28.2964809325673
"CRYAB",-28.3675597224124
"PSMA2",-28.391649359998
"ZNF239",-28.3946829974826
"KDM2B-DT",-28.5158548635572
"BATF",-28.6198487005762
"CRABP1",-28.6643468909696
"TMSB15B",-28.6760593202151
"TRAV40",-28.7141944219129
"FAM131B-AS2",-28.7696793709834
"CCL18",-28.8852900137255
"NR1I3",-28.8983010873544
"RPL12P6",-28.9316863202358
"IL26",-28.9587984460399
"TRBV7-4",-28.971409727823
"RTN4R",-29.0374112614537
"TRAJ20",-29.0746027248862
"EBLN2",-29.085771288418
"EGR4",-29.2197875330527
"GGTA1",-29.3458033888579
"ZNF470-DT",-29.3721951171601
"SREBF1",-29.4444824895906
"TRERF1",-29.4456741844173
"OLFM1",-29.4491517507446
"ZAP70",-29.4576897234305
"ALOX5AP",-29.4608807379878
"TBC1D2B",-29.4815563004376
"ICOS",-29.5076087216782
"ERP27",-29.5636375890786
"ALB",-29.6032525885435
"RN7SL521P",-29.6063876998422
"C1RL",-29.6068331447541
"KBTBD11",-29.6197908233627
"ARHGDIB",-29.6354078755097
"ARMC12",-29.6421675036991
"FGB",-29.6506932594945
"TRAV5",-29.698903998244
"SYPL1",-29.7056514957827
"KCNRG",-29.7177210844601
"PZP",-29.7912926336432
"LINC00539",-29.8010457616716
"NTRK2",-29.8080745533272
"SLC16A13",-29.877620108063
"GRK7",-29.9146954931275
"PLAAT4",-30.003836382694
"CIART",-30.0262687269729
"KIAA0825",-30.0486706020203
"MID1IP1",-30.1211087301735
"RNF157-AS1",-30.1407556822095
"DIRAS3",-30.1789744301848
"TMEM98",-30.1966179576471
"GNGT2",-30.2815237982664
"SAP30L-AS1",-30.3205082519434
"FUT7",-30.4345691468399
"ZCCHC18",-30.5115543384015
"TRAV9-2",-30.5566509883191
"LINC00609",-30.6630418679905
"CCDC171",-30.6942310008566
"CDHR1",-30.7431907915723
"SATB1",-30.7919609283955
"SMTNL1",-30.8175696794446
"CD5",-30.8341472129423
"BDH2",-30.8460237071781
"MRM1",-30.9009809802853
"FNIP2",-30.926083492203
"PM20D1-AS1",-30.9998501695833
"AMOT",-31.0084402898508
"RAB32",-31.0110216344789
"LIPE-AS1",-31.1307671064612
"NSA2P1",-31.1836550698107
"PELATON",-31.297232793734
"GCAT",-31.4693800717338
"LINC02680",-31.4832787795251
"FBXW8",-31.4887105402297
"DUS4L-BCAP29",-31.6175847654991
"RPL31",-31.6484117896114
"TGM1",-31.6547218835862
"USP44",-31.6911917162548
"BCL2A1",-31.6995036851979
"GNMT",-31.7253433917147
"RPL7AP20",-31.7333323013973
"AURKC",-31.8166481763395
"KRBA1",-31.8611205054087
"ITGA1",-31.8936831197612
"RASGRP2",-31.9908116631413
"NKX3-1",-32.0204656784117
"APOBR",-32.0615328869868
"NPPA",-32.0625813344322
"HTRA4",-32.0680071442586
"TRAJ39",-32.0688388497858
"CENPK",-32.0847695266286
"ZNF613",-32.1046794643267
"KLRC2",-32.1325393529578
"AGBL2",-32.1656511550899
"TRGV10",-32.1817899340811
"SRGAP2-AS1",-32.3101449980376
"HLA-DRA",-32.3504645096554
"RBM43",-32.3830736132972
"ATP10A",-32.4573089729129
"CFL1",-32.4579428738143
"CLDN4",-32.5001399381627
"ZCCHC14",-32.5009552764875
"SLFN12",-32.522112320665
"PDE2A-AS2",-32.5342534104237
"LZTS1",-32.6475565100495
"S100A10",-32.6858487295281
"LYZ",-32.765591784702
"LYPLAL1-AS1",-32.841855356971
"LINC03062",-32.8816676493947
"ABCD1",-32.9678544929391
"MYL12A",-33.0031286768087
"TCTN2",-33.0712510167793
"LINC02986",-33.1268622666363
"NPTN-IT1",-33.1582646551764
"BATF3",-33.2391962860715
"LINC00355",-33.2410081818131
"TRBJ2-2",-33.2553070445333
"PCCA-AS1",-33.264408041484
"MAF",-33.2793239229971
"BBS12",-33.516162820482
"TRBD1",-33.516478410939
"TRBJ1-5",-33.6441176617588
"NDUFV2",-33.7688171691673
"SLF1",-33.7741022648659
"LRATD2",-33.8126280042907
"DCHS1-AS1",-33.8242320189321
"CD300LF",-33.8319976805998
"DEK",-33.9555485850809
"LINC00899",-33.9659804220603
"POU5F1B",-34.0288197240849
"RPL7P49",-34.0827225386696
"RELL2",-34.1015187588352
"PLEKHH2",-34.1192931923556
"SNAPC4",-34.1288996384596
"C5orf58",-34.1374016250974
"SLC52A1",-34.1466636696936
"DOP1B",-34.2008419649022
"EPHB6",-34.2320633173624
"CNPY4",-34.2803032037281
"PLA2G7",-34.3397494920557
"IL10",-34.385952717517
"TRDC",-34.4603466069321
"RPL34P6",-34.4977480336994
"S100A6",-34.5274264754866
"EIF5A2",-34.6089713927656
"KCNAB3",-34.7730247769844
"FSD1",-34.8004063213299
"DCT",-34.8378418420616
"ADAP1",-34.8854564752572
"BRCC3P1",-34.8979563679565
"CD101",-34.9270699447353
"MAP9",-34.932104063089
"TMED6",-34.9430269896769
"FBXO41",-34.9755191661664
"ME1",-35.0317798888831
"PBX3",-35.0455725775473
"TNIK",-35.0715661170389
"RNF31",-35.1002612396166
"NLRC3",-35.104380510764
"YY1-DT",-35.1745032431875
"ITGB1-DT",-35.2105254822448
"CXCL13",-35.2557989624846
"SPINK2",-35.35238629148
"RAD51-AS1",-35.42789898487
"CTF1",-35.4491189672784
"PRDM8",-35.5223573965597
"ZNF783",-35.5248427632344
"ZNF287",-35.5627564339826
"COX6B1P5",-35.648196037288
"ATP8B1-AS1",-35.7090034362196
"GLB1L3",-35.7325258781929
"LINC00852",-35.7427747556427
"RPS27",-35.7457614817175
"ZNF516",-35.7663173695224
"MYL12-AS1",-35.8121817906189
"GZMA",-35.865660959384
"FHOD1",-35.9321495337535
"TSSK4",-35.9582519968304
"GIMAP8",-35.9740383672786
"GCK",-35.9865911085806
"F5",-36.2431550661891
"MIR2052HG",-36.3023034057208
"C9orf40",-36.3250995670395
"STMN3",-36.3303053528919
"ZNF793",-36.3361170702148
"TRAV22",-36.3385540810055
"BAIAP2-DT",-36.4262259071216
"ZNF155",-36.4709089782079
"SDS",-36.5384338645293
"CERS6-AS1",-36.5881634496381
"TMEM177",-36.6162197016367
"SMIM35",-36.6627144632765
"RHPN1",-36.6764479779661
"RIN1",-36.6861170014514
"TNF",-36.6954117079585
"TMEM67",-36.6961220559602
"MTND5P2",-36.7530670264687
"GNG4",-36.783786374386
"TRBJ2-5",-36.943587678101
"AUTS2",-36.9831536701847
"MYOM2",-37.0639980778624
"HACD1",-37.0932875779216
"CNR2",-37.1080106794382
"VSIG1",-37.1157858020532
"CFP",-37.1785759339173
"LINC02798",-37.2435143563238
"DOCK9",-37.32825871904
"PRKCH",-37.4296659934911
"EEPD1",-37.5095167209452
"MCOLN3",-37.5200102501272
"TESC",-37.6422865185704
"CASS4",-37.6481036254901
"PRPF40B",-37.6517029762802
"ZNF571",-37.6528437436423
"ZNF528",-37.7151470209721
"TRAV12-1",-37.7558501347356
"FAM9C",-37.7629083991784
"AGER",-38.0606537198905
"PSTPIP2",-38.171845347415
"HDX",-38.1919452330937
"DYNLT2B",-38.2073081341452
"SERPINA1",-38.2524974424412
"HCST",-38.2556612852268
"RAB38",-38.2970373982361
"KIF5C",-38.3210541125295
"CIMAP2",-38.6802904404432
"ACSL6",-38.9022098125019
"LINC02481",-38.9121147574938
"PLEKHA1",-38.9257005057408
"ANKRD44-AS1",-38.9312385850776
"MBP",-38.9707865101193
"TRBV13",-39.0085129834529
"GNAQ",-39.1911572383293
"CGN",-39.2561433681978
"DCHS1",-39.633999170151
"ZNF649",-39.7979259443318
"IATPR",-39.7979300050743
"ZFP28",-39.8462368115398
"ARSD-AS1",-39.985560852252
"HOPX",-40.0868163672793
"SLC34A2",-40.1363715006914
"MATK",-40.2616764954537
"CHRNA10",-40.31245128344
"MCPH1-DT",-40.3663081545998
"CLDN1",-40.3808712047628
"KRT1",-40.494650118365
"TRAV12-2",-40.6620162514593
"TRAV13-1",-40.6744244993226
"S1PR1-DT",-40.7014490402464
"ZNF267",-40.7671781515113
"CD247",-40.9812907928017
"TRIM17",-40.9834444095862
"CEP112",-41.0763010966295
"SLC27A4",-41.1207288600673
"CALHM6",-41.1533775063115
"NPDC1",-41.2048375070546
"LINC01068",-41.2488745223012
"CERS6",-41.3420942620931
"TRBV10-1",-41.3579197560241
"ARAP2",-41.673219851016
"COQ2",-41.8304192969226
"TRAV25",-41.9555590470922
"GNAO1",-42.0919376627595
"KLRB1",-42.1650639903445
"IL18RAP",-42.2156834016955
"TRBV7-3",-42.2808316427337
"TRAV20",-42.3462213089663
"ANKRD35",-42.4951177489136
"SNX10",-42.614126958407
"LINC02725",-42.7116475728138
"TRAV8-3",-42.7575061580172
"SEMA4C",-42.8286713401056
"DLGAP1-AS1",-42.8960084315548
"RHOG",-42.9983750393788
"ERP29P1",-43.0894999747816
"TMA7B",-43.1446018547377
"IL2RA",-43.188795489335
"BEST1",-43.2538180266066
"APOC1",-43.2699965665188
"WDR86-AS1",-43.4121845552556
"PI16",-43.463281584754
"ATP5PBP1",-43.4662173934943
"WWP1",-43.5094018737577
"PTGFRN",-43.5706181866197
"ZNF28",-43.742575347681
"TMSB4X",-44.0104566970316
"PAX8",-44.1920002008093
"ELF4",-44.4049856786045
"TRAV8-1",-44.4866411103627
"TET1",-44.5635058582284
"FYB1",-44.7337012652788
"HP",-44.7970538803211
"TRBJ2-2P",-45.0191963328673
"LINC03016",-45.0526317091632
"PRR5L",-45.0670174803196
"GPR35",-45.1414813174154
"TRBV9",-45.1438763856983
"HPSE",-45.2151267016663
"LINC01144",-45.2349165914852
"TMEM229B",-45.2446470488826
"WNT1",-45.3102476123481
"FTH1",-45.3861107261325
"C10orf95",-45.4244339337515
"OAS3",-45.5862567334246
"ZNF829",-45.6179712982303
"TBC1D2",-45.6551539483209
"SLC35E4",-45.7429803335436
"RBM11",-45.9445988372718
"TRBJ2-7",-45.9545213645044
"SLC4A10",-46.054559931617
"SLC23A3",-46.0701087384102
"TRAV3",-46.1313994300251
"ZBED2",-46.2857440796224
"CXCR6",-46.4505446890409
"LOXL1-AS1",-46.4682585159311
"IL4I1",-46.4871560859143
"SH3PXD2A-AS1",-46.5076432095377
"CRIP2",-46.5466949647821
"LRRC61",-46.5581700812065
"GPAT3",-46.6383983324702
"CD52",-46.7207724416407
"CACNA1I",-46.9358705162631
"ELAPOR1",-46.9580684307676
"PRKCH-AS1",-47.0192410363416
"RIN3",-47.1307311855182
"C18orf15",-47.1843179903031
"APOA1-AS",-47.3675871790534
"LINC02361",-47.3963890502321
"IGFBP3",-47.3964332904974
"TRBV10-3",-47.3987684687221
"C15orf48",-47.408018789532
"FAM241B",-47.4644845650932
"HIVEP3",-47.5292201745378
"TREM2",-47.5582922873369
"TRAV12-3",-47.5860853934403
"IFITM2",-47.5945041643593
"CR1",-47.6915619331269
"ZNF831",-47.7507708751202
"TACSTD2",-47.7795357904512
"ADAM12",-47.8031876729801
"C1orf74",-47.8699985472782
"CACNA2D4",-47.9078768630726
"ADGRE1",-47.9268107445989
"SESN3",-48.0541015292808
"XXYLT1",-48.055653106252
"AFAP1",-48.192177668009
"PLXND1",-48.2062747329871
"PRKCQ-AS1",-48.317491382897
"MICAL2",-48.3599613724057
"ZNF81",-48.4186759674497
"MFHAS1",-48.5563023561609
"HLA-A",-48.6760690907143
"NKG7",-48.6915017051602
"PLP1",-48.7092082697849
"FMNL3",-48.709295625562
"TRAV13-2",-48.7321764248249
"RPL26P6",-48.9517158301883
"CDYL2",-49.157980039029
"DHX58",-49.2999758081523
"MAML2",-49.5687774494793
"GNA15-DT",-49.5944865248588
"LYPD3",-49.668230988428
"DOK2",-49.9054616301782
"GATA3",-50.0776776655591
"LTA",-50.0969627147277
"OBI1-AS1",-50.5846135522543
"GPR18",-50.6294757382205
"HEG1",-50.8111930370821
"GCNT4",-50.823197327703
"NEDD4",-50.8855825647156
"LINC01801",-50.956225049362
"EPOP",-51.0297336022264
"EVA1C",-51.0403925241408
"ZNF714",-51.5347129496689
"CROCC",-51.6098849093261
"TRAV2",-51.6460281043732
"RNF157",-51.8081145008563
"NEFL",-51.8538000362985
"TGFBR3",-52.0811855213378
"DGKG",-52.086670658119
"GABBR1",-52.2330191573951
"LCK",-52.3930468321535
"CD3G",-52.3932308791933
"GBP4",-52.4043619953616
"ELOVL4",-52.5266255688948
"RPL7L1P12",-52.7124169181037
"CLUAP1",-52.8477104244028
"C10orf67-AS1",-52.9731119307029
"PPARG",-53.045922189207
"SH3BGRL3",-53.1181480201118
"TRAC",-53.2131080443412
"MUC1",-53.4595828375019
"NHSL2",-53.5681605858878
"APOD",-53.6129589867617
"MSR1",-53.6155063819575
"ENO3",-53.6719452464094
"TRAV4",-54.0751752604404
"PDE9A",-54.1957894596312
"GPR65",-54.2291854118031
"TMSB10",-54.2515488047822
"GIMAP5",-54.4097048888464
"TNPO1P1",-54.4283857244589
"TREM1",-54.5139468235709
"PTPN11P3",-54.5303703524346
"B3GALNT1P1",-54.5990662601419
"COTL1",-54.8058399551833
"ST6GALNAC1",-54.9590828379724
"TRBV29-1",-55.0315141303758
"ROM1",-55.1426451431614
"HS3ST3B1",-55.3582298543921
"SLAMF8",-55.4368635930974
"ADGRG1",-55.584482838812
"PTGER2",-55.591238475616
"OTULINL",-55.9951053903508
"MYO7A",-56.4407669172274
"S100A4",-56.547578350201
"ZFY",-56.7015753642894
"TRBV4-1",-56.8870088144578
"LAIR1",-57.4375069789088
"RPL29P27",-57.5016851836368
"LCP2",-57.5191302424392
"APBB1",-58.5470935543986
"CEACAM6",-58.9163407487313
"UBXN11",-59.0077538751797
"MVB12B",-59.0695767400261
"INPP4B",-59.2940685207847
"LRRC37B",-59.5414636288272
"TRAV8-2",-59.7779787953818
"LBH",-59.8977373018449
"KCNK15-AS1",-59.9079087984491
"EPDR1",-60.0481775466223
"TRAV38-2DV8",-60.0503856501158
"CD2",-60.0555395096114
"TRAV17",-60.0670238082326
"PAQR8",-60.3131918907244
"SLPI",-60.5419217876361
"CPA5",-60.7140010628033
"TRAV8-4",-60.857347342437
"GRAMD1B",-60.92805875971
"LINC01882",-61.2442091884894
"RETREG1",-61.3916126602547
"MAP1LC3A",-61.4741388916823
"TNFAIP8L2",-61.5685422836063
"MORN3",-61.6404748468561
"LST1",-61.7197566058833
"LINC02660",-61.8110346432439
"PSTPIP1",-62.2566577628606
"CCR8",-62.2571371510308
"NOTCH1",-62.2610319068827
"RAB11FIP5",-62.2971926700749
"RPUSD2",-62.6813288661796
"LPL",-62.8764655920734
"AGPAT4",-62.9758399807167
"TNFRSF1B",-63.0411803183374
"TTC39C-AS1",-63.9528541624371
"MPP7",-64.02049250466
"GZMH",-64.2080323722744
"RIPOR2",-64.4602562122809
"TRAV19",-64.5989864676493
"MAP7-AS1",-64.9510889116536
"INF2",-65.6392129291894
"PIGV",-65.749867109015
"TRBJ2-1",-66.1398669248944
"PRKCQ",-66.5638571866574
"MCOLN2",-66.9840688415637
"TTC39C",-67.1625569110841
"SGPP2",-67.3578654802969
"TRBV18",-67.4081229081587
"CSF1",-67.4736647387262
"PDCD1",-67.5031259224923
"RORC",-67.5560426981036
"SCML4",-67.6107779156409
"CHN1",-67.9891717363826
"GZMK",-68.2057193782638
"IFI44",-68.3792807991131
"CST7",-68.5441630171892
"ZFP90",-68.7082914926054
"TMEM185B",-69.1248232168352
"ST8SIA1",-69.163268920889
"LINC01147",-69.1664737577714
"TRBV11-2",-69.3279347310997
"STAT6",-69.8227344432826
"RAB37",-70.0770376348443
"TRAV21",-70.2030685796193
"FCER1G",-70.2787459274933
"GZMM",-70.8388245637174
"TRBV5-5",-71.0549027272229
"MS4A1",-71.3660017355334
"TBC1D4",-71.8271725372681
"CCR4",-71.9098733330404
"NDRG2",-71.938391372821
"DPP4",-72.1163846803117
"KLRK1",-72.3165832560665
"CCR5",-72.4022496459851
"TRIM22",-72.7900358683055
"ITGB2-AS1",-72.8075953037523
"LINC01871",-73.0223378584085
"TRBV12-4",-73.0826616984997
"PFN1",-73.9439821652246
"TRBV3-1",-74.2440173055376
"ARSD",-74.4927836175732
"IPCEF1",-75.0841026876863
"IL32",-75.2652841812399
"TRBV10-2",-75.5349316823745
"CRTAM",-75.8244191595353
"CD7",-76.7188051061697
"PTGR1",-77.2040368913943
"TRAV8-6",-77.7230244081908
"TRBC2",-78.5622399199027
"SORL1",-78.9238340724865
"TNFRSF9",-79.3331224812759
"NCR3",-79.513900354905
"ABI3",-79.6443175495465
"ITK",-79.927672151553
"HLA-DMB",-80.2649827855353
"TRBV6-5",-80.2716659758012
"GPR174",-80.3075341123212
"DOCK5",-80.6630909926933
"ANXA1",-81.5498850365679
"CD8B",-82.1640049878629
"SPOCK2",-83.4516474729066
"IFIT2",-84.0479083828229
"PTCD2",-84.2544919599417
"ANK3",-84.319877978228
"FBLN7",-84.5077743370905
"DUSP18",-85.2264302626477
"NELL2",-85.3131481301938
"LINC01550",-86.5088336181028
"SYTL2",-86.7949722230647
"CLU",-86.8830246446858
"PARP11",-86.9499729941592
"TCF7",-86.9776836846408
"UBASH3A",-87.354241140192
"LINC02273",-87.4362758700626
"BICDL1",-87.4916405957037
"GNLY",-87.5558669063632
"TRBV5-4",-90.5421863196632
"IL18R1",-90.5482209108791
"PTPN13",-90.9084790376213
"CD96",-91.0942280242271
"CEP15",-91.2466380324879
"GIMAP6",-91.959194004042
"MGAT5",-92.1193338245647
"SFTPB",-92.7827125780781
"TRBV27",-92.9039031275148
"CEACAM1",-94.4188542614046
"CD4",-94.4400402221186
"TMEM204",-94.4994233201254
"FCRL6",-94.7773489975299
"S1PR1",-95.3930488083214
"MYO1F",-95.4461636658461
"TRBV7-9",-96.4001643325055
"TC2N",-98.382978039634
"ESPN",-100.094454092215
"ZNRF1",-100.793702880375
"C1orf162",-101.53189460159
"LINC00892",-101.605754581688
"IL7R",-101.850492446362
"RNASE1",-102.791669809136
"TRBV19",-102.985909974057
"GNA15",-103.232690230037
"CD3E",-107.80358153763
"SH2D2A",-112.231510314585
"IFI44L",-112.401736734091
"CPNE7",-113.696780772632
"TRBV5-1",-114.238291825636
"GIMAP1",-114.575047773778
"IL2RB",-117.245925251668
"CCL20",-121.879215334966
"GIMAP4",-123.901765965151
"TNFRSF25",-126.558807209654
"EVL",-126.802718759605
"TNFSF14",-126.975521518934
"GPR171",-127.066887105977
"GRAP2",-128.118753522527
"LYSMD2",-130.072273522116
"LTB",-135.114297792977
"TRBV20-1",-136.854789210813
"CD40LG",-136.974061484616
"FRMD4B",-137.368164979797
"CD3D",-144.977077786439
"JAML",-156.95067142814
"TRAT1",-177.793581423086
"GIMAP7",-268.22245612223
