"gene","rank_metric"
"RPS4Y1",219.857567421235
"DDX3Y",186.719408435031
"BCL2L14",167.165620139947
"TYRP1",142.303961652394
"MLANA",141.022423505214
"USP9Y",139.217060564205
"EIF1AY",138.884107678311
"DCT",135.714703979874
"PMEL",126.258144552977
"TFF3",118.671860683577
"PPIL1",112.443787249107
"IGHEP2",112.137032794475
"TFF2",107.111226200978
"IDO1",105.704452504907
"TIFAB",104.159744430202
"CXCL11",104.0946056786
"IDO2",101.651574628575
"BATF2",100.586335179786
"GCSAM",97.6319796142232
"GPR143",91.7858502696201
"CCSER1",89.7241542763416
"PPM1J",89.0472435151842
"LURAP1L-AS1",85.4001457000141
"NSG1",84.8873363310506
"SIGLEC6",82.3274260706275
"RHEBL1",81.5721250932862
"CEACAM6",80.8614977482639
"ZFY",80.5997929538302
"LAMP5",77.7370313599619
"CFL1",77.0123622902535
"TMEM229B",75.2923816523038
"TYR",73.7377290368927
"SLC6A12",73.589198795543
"SELENBP1",72.5397603215375
"CXCL10",71.1440195614297
"SPECC1L",70.3190094026793
"PLP1",70.2333237568018
"PAQR8",69.3780338118228
"CEACAM5",68.9658014293827
"KRT18",68.5256258172462
"NEXN",68.2988155398638
"GPR82",65.077145951192
"SLCO5A1",64.6587327448372
"LAMP3",64.2130522366632
"GINS2",64.037999773999
"SGO1-AS1",64.0366088126093
"KRT1",63.9935678391932
"PARM1",63.4451621571974
"CCND1",63.085117594396
"BCAN",63.0834179859317
"KDM5D",63.0806006561835
"TRMT13",62.8403767820558
"CD207",62.4764945579508
"GBP7",61.7358169718955
"FIRRE",61.6061879322051
"XCR1",61.5184818202446
"WDR4",61.3974098683022
"HDHD3",61.1692668684534
"TFF1",60.9626598939401
"KCNS1",60.543889852528
"C1RL",59.601022299439
"PHETA2",59.3396596172773
"BRCA1",58.9230763088436
"LAD1",58.7299828464697
"GPATCH1",58.5290232733839
"MIR503HG",58.239221896336
"RPL38P5",58.0901769199163
"LINC00278",58.0088984979102
"POC1A",57.6858658188369
"HLA-U",57.635064248301
"DKK1",57.0079745952328
"HTT-AS",56.705601806286
"GRIK1",56.6978240484373
"FCRL6",56.5727882098961
"MT-CO3",56.4109450409527
"ZNF692",56.2461373949067
"KIF23-AS1",56.1676347233504
"THAP8",56.1294514581048
"DHCR24",56.0688303146672
"ZNF671",55.0910490398276
"NAALADL1",54.9840799617527
"SNHG11",54.8926710247411
"MYBBP1A",54.8781621000563
"CLEC9A",54.5407014584274
"PAXIP1",54.3847796282638
"PCDH9",53.8463616044869
"GCAT",53.6214245991448
"LINC02470",53.5423047367592
"CIB2",52.7113808103873
"ATP11A-AS1",52.6611707041562
"LGALS4",52.3957211079584
"CDC45",51.8717255158969
"KCNJ1",51.754760616647
"DNAJC16",51.5472661355221
"DBN1",51.3229687029848
"SLCO4C1",50.7960474784901
"HCG11",50.6762636952398
"SLC25A22",50.2205047396234
"RELL2",50.0277841745344
"ACTB",49.9678405687784
"POC5",49.5662577054234
"PPA1",49.3384560482414
"PODNL1",49.3166722101693
"LINC02381",49.2062248164695
"PAIP2B",49.1944757098234
"SLC25A42",49.0399169030331
"QRICH2",49.0376449548669
"CENPM",48.8600950404587
"CCR2",48.326695209852
"NKX3-1",48.3208092543731
"CAMK1G",48.2875705950085
"LYRM9",47.9633032765582
"FHL2",47.9073908280132
"LINC02773",47.8698658377022
"SERPINF2",47.8506807786341
"TRIB2",47.4822542882333
"RMI2",47.4336907610115
"NPHS1",47.2042567804876
"TOP3B",47.1937927092309
"EDNRB",47.1802297965205
"AIF1L",47.0319500722788
"SYT2",46.8327523855172
"IL31RA",46.464891218594
"TCEA3",46.2252076229798
"FBXW8",46.2176003870592
"CEP295NL",46.0996590768978
"PKMYT1",45.8459990292233
"LINC01970",45.8404982551657
"ARHGAP32",45.8231280630316
"PRSS57",45.0888101880876
"HYAL3",45.0733446879004
"OSR2",44.632230694099
"LYPLAL1-DT",44.0442224859906
"NHEJ1",43.9728614886523
"ZNF232-AS1",43.8960224134257
"FANCG",43.8346637884007
"KRT8",43.7830913762666
"PSAT1",43.6648392043731
"UBD",43.440486904156
"UBE2T",43.3321487343568
"ASB2",43.2389546689945
"TRPM1",43.2226756613778
"CYP27B1",43.014475069494
"KCTD14",43.0116389087145
"CLEC12A-AS1",42.7932020017577
"SFTPB",42.7508852705707
"MPIG6B",42.7461469072406
"ZNF28",42.7216580610816
"SHCBP1",42.7203733899742
"TRIM2",42.65959515358
"PAWR",42.5463521764025
"MAPK11",42.5442113923703
"OR4F3",42.543047815154
"ZNF555",42.5232912936556
"LRFN4",42.36430243556
"GJB1",42.0602377787297
"SLCO4A1-AS1",42.0390871358133
"ZNF66",42.0267058058662
"MFAP3L",41.8878452578446
"E2F1",41.8387528204815
"LOH12CR2",41.7552619423569
"HAPLN3",41.66732364212
"ETV7",41.6648581180258
"SLC22A13",41.5661359124435
"ESR1",41.4443200011934
"NET1",41.3367483899307
"CHAC2",41.2672344879387
"KIT",41.2469057912719
"MRTFB",41.2373283551081
"SKA1",41.1518836693316
"PARVA",41.0202239247811
"CYP2E1",40.8648520023819
"ASAP2",40.8461952125722
"STEAP4",40.5425322739391
"CD200R1",40.3963505718954
"GAPDHS",40.3893331335527
"CHST13",40.2920670980702
"ZNF256",40.2834062527197
"MYO7B",40.1633065583178
"SFTPA2",40.1098907613398
"VKORC1L1",40.0788727397763
"SIRT5",40.0741318487305
"UBE2C",40.0579912650387
"NLE1",40.0322190487608
"PLEK2",39.975502601335
"TCHH",39.9673062744766
"GCNT2P1",39.741027161826
"ADAMTS7P5",39.6402372817027
"GJC2",39.4538208614044
"AIRIM",39.4121540841982
"CDT1",39.3628296264192
"RASGRF1",39.1063552558963
"OLFM1",39.0757771716595
"ESAM",39.0279601188116
"HSD17B6",38.872378098941
"SYCE2",38.861093779463
"ZMYND12",38.7753333190088
"ATPAF2",38.5797122427499
"ZSCAN26",38.5467193458273
"RUFY4",38.5327493369332
"MOCS1",38.4906062702299
"LINC03040",38.4844990393778
"FSCN1",38.458011453316
"C4BPB",38.4250865785464
"CICP14",38.2728455457562
"CYB5R2",38.1527303269603
"TPRN",38.1392263880758
"TOX-DT",38.1239721446016
"APOBEC3G",38.0638463995316
"FGF14-AS2",38.0481128790791
"NAT8B",38.0346814941516
"GALNT18",37.8997787477878
"CD1D",37.8920617650617
"PAX3",37.8448953912742
"ABCC4",37.7820569478026
"TGM2",37.6668956112134
"BCAN-AS2",37.5834780087442
"SGCA",37.5280493052624
"RHD",37.4881350864427
"TYMSOS",37.4196233044063
"DHX57",37.1639107270202
"ZDHHC15",37.1576957702753
"CLDN10",37.067882251716
"TTTY14",37.0434872570067
"PRIM1",36.9749928716891
"ZNF85",36.8551638044076
"ABCB4",36.8541928092124
"CLDN4",36.753098677768
"GEN1",36.5986566227794
"MOCS3",36.5276694710362
"MTRES1",36.3935373449109
"KLF4P1",36.3292674246523
"FCRLB",36.3139242408983
"TMEM54",36.2366000146694
"ANKRD16",36.1265805852902
"PDC-AS1",36.0738026008024
"ERAP2",36.055636868226
"CALHM6",35.9915438747979
"PLS3",35.8104528329002
"DEPTOR",35.7897637453109
"GSTCD",35.665915825406
"HIVEP3",35.6600662788611
"LINC02736",35.6203592893838
"LINC01537",35.4665227693606
"NOL3",35.4304463695406
"MCM2",35.4016727265113
"C1orf167",35.3464241930747
"ERBB3",35.3210249957696
"CDC20",35.2886294165219
"SSX2IP",35.2492756831541
"SFTPA1",35.1748399171943
"MIX23",35.1730103059015
"CCL8",35.0446497300678
"RNU6-190P",34.9301837587384
"DLC1",34.8938963002986
"DDAH1",34.8785846379796
"LTK",34.8688179611445
"AURKC",34.8203800151772
"LCN2",34.7589251432062
"KIF4A",34.6937451477484
"GAR1-DT",34.677789510454
"FAM174A-DT",34.6193197672008
"ZNF446",34.5858622824126
"FAM186B",34.4693095223053
"CLSPN",34.4488943878413
"LIPM",34.3289287288495
"NEGR1",34.2884661562472
"ACTR3C",34.1719139539643
"GSK3B-DT",34.1252541369064
"SAXO4",34.1245080657283
"NKRF",34.1237847262445
"PPT2",34.1173259108359
"FANCB",34.106432363534
"PARD6BP1",34.0811008126684
"NUP153-AS1",34.0788857894768
"CENPQ",33.9841268965038
"SLC38A2-AS1",33.8186639415711
"TSSK6",33.566137909074
"DMC1",33.5594821045808
"MFSD9",33.4340301512864
"UTY",33.4209677230482
"CHTF18",33.3047722366982
"SLPI",33.2682326636234
"CRIP3",33.2504728987018
"KRT15",33.227578491494
"MSL3P3",33.1691860080898
"C1RL-AS1",33.0755126673203
"GFOD2",33.0235933264394
"PLPP2",32.9864261503104
"PTK2",32.9528879876162
"RAB33A",32.9382605992094
"ANXA3",32.8726661660649
"GCNT1",32.7479707445891
"TSPAN8",32.6356688197747
"MYLK3",32.6274581359591
"DSG2",32.4210827807038
"ZNF682",32.3777804888649
"SLC22A23",32.216457512625
"CDCA5",32.1578935659444
"LCMT2",32.0002930880944
"CCDC102B",31.9614206951834
"DLGAP3",31.9273537598174
"ACTG1",31.7915403880294
"SH3RF1",31.7895263224233
"ZNF595",31.7238029545648
"C3orf70",31.7114315971976
"CASKP1",31.6843028527436
"BLM",31.6799624402213
"RTKN",31.6780381247965
"RPL27P5",31.633828513897
"EHF",31.6332078831402
"ABLIM2",31.5938194056728
"CDKL2",31.569220869122
"PRKG1-AS1",31.5564681207976
"FIGN",31.4893161657563
"WRAP53",31.432060293077
"LINC00243",31.4104773801315
"ROR1",31.3846281557841
"SFTPC",31.3666818450506
"CALCA",31.3415659322979
"CIART",31.1978194342416
"POU5F1P4",31.1706779044425
"GPR83",31.0959873484277
"MIR3681HG",31.0549268367323
"ACY3",31.0525541902406
"HADH",30.9834629695453
"TSPAN10",30.9797814542253
"OLFM2",30.9791306416967
"TMEM52",30.9254601746288
"GBP1",30.9012398799574
"GPR31",30.8634347109329
"GBP4",30.8602606260067
"KRT8P39",30.8082101445065
"RHOD",30.7444278719358
"IFT70B",30.5810067062679
"GATB",30.576496748089
"LINC01684",30.5670337236437
"CRIP2",30.5422455141925
"DSP",30.5262532365676
"RPS7P15",30.524737612329
"CD1A",30.4203303613068
"PTPRO",30.4187166444426
"THEM6",30.3491036778567
"TYMP",30.2969565812294
"PTCD2",30.2343972309023
"FGF18",30.1761057805142
"DPF1",30.1016514084132
"OR2I1P",30.0961277038891
"MELK",30.0705808749519
"ERC2",30.0275502386599
"LINC01624",29.9465247312409
"PSME2P3",29.9460823009435
"RPL7P18",29.9312763899642
"TMSB10",29.8918149484344
"TSPAN13",29.828262819338
"BAHCC1",29.7917502786376
"RAB3B",29.7911274742093
"TOPBP1",29.7466039288179
"APCDD1",29.6858568089546
"DRG1P1",29.6502275710925
"HLA-DQA1",29.6410413849192
"P2RY6",29.636778789498
"ANKRD55",29.6120338438583
"HYKK",29.6116179567934
"ATP6V1E2",29.6078588265263
"FOXQ1",29.602132707914
"APOBEC3B",29.5413036691102
"GHRL",29.4364809029517
"CRNDE",29.3759502316031
"BCL7A",29.3757344848794
"PGAM1P7",29.3711064932159
"PDXP",29.3101630217022
"MCM3",29.2851333329724
"LINC00563",29.2311426007088
"DNAI2",29.2037771998875
"TIPIN",29.1958681588591
"CLCN2",29.154314535061
"GOT1-DT",29.0993457734346
"ASB15",29.0957706713067
"PFKM",28.9979061440505
"MFSD6L",28.9173961389612
"MMADHCP2",28.8475935855276
"CDH3",28.8131036517718
"DMKN",28.7925964357068
"DEPDC4",28.7870406117401
"ZFAND2A-DT",28.6953714500959
"TMEM234",28.5871667457653
"NEFL",28.4613862152688
"MTND5P28",28.457937285753
"CASP5",28.4364416246312
"LINC02766",28.3960164596071
"KRT19",28.3894511618636
"PRMT6",28.380222960757
"NECAB1",28.3412388260439
"RNF31",28.3177765657238
"RNA5SP151",28.29837441632
"ADGRG6",28.2916969299354
"CALHM6-AS1",28.2799168003353
"RN7SL118P",28.2638247906953
"TYSND1",28.2417476077932
"CCN3",28.1988134456243
"RFPL4A",28.1973215386847
"POLE2",28.1768898771003
"METTL14",28.1607825690824
"PFN1",28.114497461433
"ZNF620",28.0562966030414
"HARS2",27.919370890807
"FAM174A",27.782450966626
"PSME2",27.7788672703084
"SLC23A3",27.7319256324869
"FCER2",27.7188728312193
"IDH2-DT",27.6804540341248
"FAM50B",27.6157895406863
"GCK",27.4039560151957
"COX6B1P6",27.3975856650011
"PAQR4",27.3134361004756
"SEZ6",27.2056432086886
"TMEM150B",27.1715846976458
"GFRA1",27.1031850807626
"OPLAH",27.0297658089269
"EEF1AKMT1",26.9727995398911
"LINGO3",26.9665861174825
"ITGA10",26.9422020621685
"ZFP57",26.9261274793185
"MTCYBP11",26.8507231381265
"SEPTIN9-DT",26.8440143538554
"SMAD1",26.783825758394
"ARHGEF17",26.7442386728134
"LINC02986",26.7133355234724
"NRSN2",26.6920954358174
"SLC18A1",26.6533328142625
"LY6D",26.6241466390014
"ACTL10",26.6084600969829
"AMER1",26.6060925623445
"TMPRSS13",26.5587921778207
"ZBTB9",26.5129599423905
"KRT36",26.4298622556049
"PLPP7",26.3358069944862
"PSMB9",26.3044915093735
"LGALS7B",26.2901054066983
"GNG3",26.2890112742597
"NHSL3",26.2382450319644
"SFRP1",26.2253837080476
"FGFRL1",26.2229639739169
"ZNF462",26.2040809147269
"SPATA24",26.1721912175978
"LINC02701",26.1657870171781
"S100A2",26.1474077833721
"LINC03107",26.1382010233072
"ZRANB2-DT",26.136782270504
"ZNF768",26.1325934469447
"LRRN4CL",26.1061566601244
"ABI3",26.0751363993836
"ZNF205",25.9860126766475
"MSRB1",25.9483923980413
"GPT2",25.8950474394481
"EXOC3L4",25.8043057015031
"VAMP5",25.7981741156735
"ADGRF3",25.7972991361384
"JAM2",25.7881428418397
"MRNIP-DT",25.7753299841768
"OXCT2",25.702768774283
"ZNF318",25.6998695731726
"CCR9",25.6203334566593
"WDR77",25.6011224605283
"STXBP6",25.5384811665517
"TAS2R10",25.4497667193109
"ITGA11",25.3948635277137
"ZNF283",25.3483064475257
"GUCY1A1",25.3328022614985
"LRRC61",25.3221936482108
"ZMYND10",25.290528563502
"STAG1",25.232288183135
"EPM2A-DT",25.2255155561893
"P2RY13",25.2253874700321
"CDC42EP1",25.1913670286576
"KIF17",25.1406554637375
"HROB",25.1338314431205
"LINC01596",25.1336740212927
"MEP1A",25.1058988813418
"XYLB",25.0528170594439
"FBXL22",25.0508949497527
"INTS7",24.9834668980988
"FBXO27",24.9822358441151
"EGOT",24.9373582533875
"SF3A2",24.912106198632
"ZNF366",24.8590999248522
"TTLL11",24.8280420794211
"ZNF793",24.7599843877351
"MTCL2",24.7336126691856
"GPR39",24.7195817458442
"TUSC3",24.6812699759569
"ZNF839P1",24.6787394753795
"KRTDAP",24.6739264433113
"SERPINE2",24.5989931620855
"ASB16",24.5969319547371
"ZNF57",24.5712203476514
"PLAT",24.5430397581753
"LMCD1",24.5303014248651
"LINC02555",24.5218947998651
"TFEB",24.4728911888446
"SHQ1",24.4606100135957
"RPS4XP1",24.442375132008
"INCA1",24.4244980035986
"OR4F2P",24.4216927837493
"KLF1",24.3647190830994
"RPL21P123",24.2726914931298
"SLC24A5",24.2660402344955
"TACSTD2",24.2610599642533
"ADGRG1",24.1482291045016
"LDLRAD2",24.1153405716378
"ANKRD22",24.1036049840305
"ZNF677",24.0458302413836
"NARF-IT1",23.9943533640581
"LINC02877",23.8968264059186
"TMED6",23.8841230388517
"RPL23AP23",23.8394495796567
"GRIP1",23.7844976954289
"ZFP69",23.7643683782914
"MTUS2",23.7359441387943
"ACBD4",23.7074586433585
"CRYM",23.7032841803881
"MNS1",23.6786053062036
"BIRC6-AS1",23.6541801761275
"PTCHD3P1",23.6452083991078
"TENM2-AS1",23.5970047181782
"KCNJ10",23.5950514385948
"ZNF839",23.5633617779025
"FAM157C",23.5460216747743
"ZNF470",23.4890175316398
"TSPAN7",23.4736024511208
"GFPT2",23.4271242525801
"KIF11",23.4165444866648
"CCDC30",23.3724285198426
"LRRK2-DT",23.3638129872838
"LINC01895",23.3571065923905
"C16orf74",23.3395606470477
"MT-CYB",23.3282284017729
"LZTS1-AS1",23.295248014646
"CRB1",23.2867346996668
"F8",23.262680637333
"BSG-AS1",23.1974907268138
"PEX5L",23.1951490266936
"CALCB",23.1121790035724
"PCP4L1",23.0932195318702
"PGAP2",23.0729024866003
"EXOC2",23.0112178695667
"SLC26A8",23.0006006312754
"ZFP92",22.9968387546366
"DFFB",22.9429899609168
"CTXND1",22.8923878429901
"PLEKHG4B",22.8753342934804
"ZNF777",22.8716424623991
"SLC39A4",22.8677936827356
"LNROP",22.8406231031103
"PPP1R3F",22.8160858451066
"SMOC1",22.7242977083389
"GIN1",22.6832884538696
"RPH3AL",22.5781098372687
"PRSS3",22.5584240663604
"TIAM1-AS1",22.54962543164
"CHAC1",22.5450764196843
"LINC03048",22.5190397061872
"CENPA",22.4777483338816
"EPB41L5",22.4625133425067
"TMTC2",22.4489829470233
"ALOX15",22.4103210999197
"DCAKD",22.394916929057
"NLGN3",22.3533494858701
"MED12L",22.3200148128853
"NTAN1P2",22.2533621845251
"LSP1",22.2272626608026
"ZNF341",22.2134157650808
"AK4",22.1591488692916
"NFXL1",22.1311753098289
"ZNF79",22.1287941801546
"TRAF2",22.1146555416274
"LEPR",22.1136768017238
"SLC38A5",22.0970943699479
"TREML1",22.094435991878
"HR",22.0815441435165
"CDH15",22.0640729985943
"TEX54",22.0182031270918
"ZNF280B",21.970230290358
"NACC1",21.9665370424175
"CILK1",21.9530637575119
"ZNF319",21.9529674907365
"KCNK7",21.9462856016802
"LINC01355",21.9390787156104
"KCNK15-AS1",21.9326456058553
"SAMSN1-AS1",21.9269068647378
"MAD2L1",21.9157938975986
"PSME2P1",21.8996506831326
"FERMT2",21.8930312604554
"RAB11FIP3",21.8789369854157
"IL4I1",21.8751199700914
"IGSF22-AS1",21.8640689795437
"GNG12",21.8615158751017
"PRND",21.8215350790116
"TFAP2A",21.7921394558715
"TOP2A",21.7758871222053
"H4C6",21.7224138273342
"DDO",21.6906826837814
"SLC30A6-DT",21.6594651781672
"SLC41A3",21.6542356414242
"ALDH3A1",21.5545715712286
"RPL21P68",21.5468455978507
"TMEM121",21.5257436419552
"NAGS",21.513530548298
"CFAP97D2",21.5114314677647
"PLCL2",21.508092918378
"MTCO3P43",21.502769329717
"POLI",21.4934090429277
"PCDH7",21.4923806336572
"FLT3",21.36341546819
"TTTY10",21.3455523636081
"TRIM61",21.3329531842773
"ANO7",21.3150047407409
"MMP28",21.290883663059
"LKAAEAR1",21.2811521911893
"GINS3",21.2426542062958
"NCALD",21.2180533152682
"SSPOP",21.197081012353
"CCDC144A",21.1920161138706
"IGF2BP2-AS1",21.1506616184298
"IGSF10",21.1436445938206
"H4C1",21.0994626391058
"WDR54",21.0765830578454
"BATF3",21.0589262849431
"KLC2",21.0575038238921
"LRRC1",21.0329680882086
"LINC00539",20.9880340266076
"IRF2-DT",20.9323765993509
"ZNF782",20.912130355005
"S100A14",20.9096563006229
"CORO1CP1",20.9008335217796
"SCN9A",20.8909013810228
"RBM43",20.8415584457204
"TIGD3",20.8392317322309
"LAP3",20.8120134249978
"LAMB2",20.802575429752
"ZFY-AS1",20.7757594416563
"TRAPPC14",20.750641887932
"AMMECR1",20.7380381018538
"DCLRE1A",20.7271500712292
"MIR4453HG",20.7230895559706
"ANKEF1",20.7210059453995
"PRR13P5",20.7173746686319
"TPPP3",20.6859404423639
"TM4SF1",20.6819412292494
"RFXAP",20.6797211475608
"DMTF1-AS1",20.6669180957223
"SHISA4",20.6613366593099
"DYNLRB1",20.6607458589597
"LINC01567",20.5733953009538
"NBAT1",20.5653465535396
"EPB41L4A",20.5650424116904
"ZWINT",20.5216382278261
"CDC6",20.4995304629431
"FBXO17",20.4986638084266
"MRM1",20.4966204485812
"SULT1C4",20.4664916839703
"SPRN",20.4498067734686
"WBP11P2",20.34504551824
"MORN1",20.3362519864918
"BPNT1",20.3249507595504
"ZNF300",20.324172274535
"PTPRN2-AS1",20.2836471241704
"FJX1",20.2626790242567
"HOXA-AS3",20.251374209332
"SGO1",20.2490058922231
"CORO1A",20.2136255325473
"IGSF21",20.2054685458536
"S100A16",20.1810451579723
"POPDC3",20.1692693601077
"CCDC102A",20.1656071138702
"GIMAP8",20.13098731657
"ENPP1",20.1187460050875
"KRT23",20.1139966113787
"FNTB",20.0957097720459
"LINC02816",20.0700514567183
"TMEM14A",20.0683147096351
"ADGRB1",20.0674027471826
"ZNF517",20.0587817746545
"CDH2",20.0565542434603
"B3GLCT",20.0318920060129
"SH3BGRL3",20.0313963494664
"CLDN22",20.0273004560829
"DACT1",19.9983732373829
"OTULIN-DT",19.9884914794711
"MYCL",19.98796597278
"AURKB",19.9864719995174
"LINC02724",19.9861207266733
"KHDC1",19.9830355587144
"PCLAF",19.9450056480586
"MAP4K1-AS1",19.8970084285731
"UBE2L6",19.8573668601692
"SLC25A1P1",19.8336264387604
"SEMA6A",19.8132682190248
"THAP3",19.7965105336324
"RFPL4AL1",19.7912651280769
"PDCD6-DT",19.7795270463252
"CX3CR1",19.7658170770227
"SNHG9",19.6480533990847
"ZNF18",19.6478114911905
"DNASE1L3",19.6310456826787
"ELP6",19.5759386408248
"PLA1A",19.5153062559263
"ACHE",19.5093467582125
"KCND3",19.4712261507437
"RPL5P34",19.463701019496
"TLCD3A",19.4441472767581
"SOX10",19.3869045324538
"CST3",19.3615746375459
"PPP1R14A",19.3439147437369
"CLEC14A",19.3438864699499
"AFDN",19.3393735041348
"ARHGAP20",19.3115016395008
"ZNF599",19.3047892358989
"SCMH1",19.3003633625086
"C8orf48",19.2895619424574
"SPIB",19.2865806484643
"PLEKHN1",19.2654872701985
"DTL",19.1921588511683
"SSC4D",19.1612348722182
"LRRC27",19.1371278416044
"HCRTR2",19.1232471536277
"AGGF1",19.1023732176361
"WARS1",19.0232167197426
"ZNF512B",19.0175559624656
"LINC02014",19.0128122274393
"SLC25A1P5",18.9963239338081
"ATG9A",18.9912440318293
"LTA",18.9671413254558
"PROC",18.9576568905294
"PUS7",18.9445102757668
"VEPH1",18.9214814799555
"PAXIP1-AS2",18.9211276311665
"LRRC71",18.9074739890393
"TEKT5",18.8979705004484
"LASP1NB",18.8881581091187
"DUX4L50",18.8157343660414
"MOCOS",18.8093420613085
"TUBB4A",18.8026605189559
"DIO1",18.8017250992629
"FAM222A-AS1",18.8001599126435
"EXOC3L1",18.7698941218855
"GNAT2",18.7519517080531
"BUD13-DT",18.7263484887759
"RPL23AP34",18.708508822761
"PRR5L",18.7081548436747
"TMEM141",18.663806474127
"LINC01547",18.5643254554918
"FAM32BP",18.5504738702482
"GPX1P1",18.536278566438
"CYBA",18.527394556745
"ZNF343",18.5228937795589
"FMR1-AS1",18.5102122576568
"SEMA6A-AS1",18.4975952640175
"CFAP184",18.4642642925068
"TSC22D1-AS1",18.4495662071625
"NAPSA",18.4428409765857
"GAMT",18.4387751796167
"MT1E",18.4357287967375
"PRR33",18.3998809891453
"PSMB10",18.3656776614007
"CPNE2-DT",18.2876663226151
"CCDC74A",18.2757070448306
"RFPL3",18.268682754234
"TAP1",18.2656219778797
"CAV1",18.2473621431079
"BCAR4",18.1961232348154
"L2HGDH",18.1832942414675
"TACO1",18.1768491488683
"EVC2",18.147745821526
"LINC01356",18.1433924181088
"LDHAP2",18.1203501682439
"TFAP2C",18.1183535032215
"SEZ6L",18.1008262444036
"TRABD2A",18.0997476807657
"IL17RC",18.0868604421741
"HOXA7",18.0782891767221
"GOLGA6L9",18.0620502362973
"SLC6A7",18.0216517062014
"TLR10",18.0163719556908
"LY75",17.9950781319543
"ZNF445",17.9842283040237
"RPS9P1",17.9545120149005
"GRK4",17.9510069526415
"SCAT1",17.8822576360661
"KREMEN2",17.8748710557552
"GTF2H2",17.871536123996
"HLA-DRB1",17.8584783830881
"EIF3FP1",17.8311104803389
"APBA1",17.8254935205219
"BANF1",17.8134411005672
"PLAAT4",17.7901952174643
"GARIN1A",17.7641470521035
"ST3GAL5-AS1",17.7358245681306
"ZKSCAN5",17.7288190961564
"GALNTL6",17.7255694482976
"RPL21P12",17.6918553981203
"ASPHD2",17.6755621996857
"TMEM201",17.6614708691893
"ZNF222",17.6279409630423
"PHYHD1",17.61844053123
"ELAVL4",17.6139690637946
"GAR1",17.5932936493238
"ZNF786",17.59290949941
"ZNF749",17.5904374862384
"PALD1",17.5700010002186
"RFLNA",17.5181644765231
"LCMT1",17.504129957256
"CLPP",17.4824010949786
"ZCCHC14-DT",17.4651176661302
"CACFD1",17.4515259757377
"PDGFRB",17.4494376081343
"CEROX1",17.4339010550578
"HACE1",17.4275487150742
"NHERF2",17.4241231011516
"ARHGAP11A",17.3827480709466
"LINC00327",17.3825117208793
"HYI",17.37207096195
"NPFFR1",17.3696540225531
"CAPNS2",17.3559855614182
"ADAMTSL5",17.3546816702924
"SNCG",17.3413663076109
"CEP44",17.3277001992921
"AKAP1-DT",17.2817086952554
"MC1R",17.2801596336989
"SYNGAP1",17.2769058269234
"OR13E1P",17.2721772465202
"HTR6",17.251856803805
"HSPA1L",17.240648802046
"IGF2BP2",17.2349798850893
"ZNF573",17.2341596205966
"CCDC51",17.2275166493603
"PDCD11",17.2143646303105
"FAM216A",17.1975539665922
"HPX",17.197086026607
"BEND6",17.1871863076071
"NUDCD1",17.173873783625
"IKBKE-AS1",17.1675074661453
"LINC01772",17.1658870606336
"TMPRSS6",17.1646897532329
"LINC02354",17.1566178503075
"RGS20",17.12343759009
"MSLN",17.1176299769248
"SYBU",17.0933916411004
"SLC25A15",17.0806858691095
"SIRT6",17.0568339424237
"MRPS2",17.0372237804272
"RNF208",17.0182071528137
"AIFM3",17.0025324345783
"PMS2",16.9605059756611
"FAM170B-AS1",16.9395866866173
"GSEC",16.9238093590437
"GPSM1",16.8707143876754
"ANKLE1",16.8465405888544
"TATDN1P1",16.8258144012202
"MAP10",16.8241570942412
"PSMD6-AS2",16.8188951037635
"METTL23",16.794704199242
"OR4F7P",16.7848170166923
"SKA3",16.7736501441531
"RAD51",16.7478280278903
"CDH13",16.7455961943581
"WHSC1L2P",16.7406688012784
"ATP5MFP6",16.7360036144445
"RNU6-375P",16.735801931418
"IL27",16.727319191816
"ABLIM3",16.7272491626245
"CLRN1",16.726177542388
"KIAA1217",16.7225312085033
"LINC02610",16.7199888216095
"HOXB7",16.7115213292317
"LINC02723",16.7079591168617
"LINC02967",16.6787426163015
"ASS1",16.6632759337935
"SNX32",16.6628918977896
"IPO9-AS1",16.625431562522
"USP21",16.5573008463864
"ERMN",16.5399478991279
"XKR8",16.5325756926796
"DHX37",16.5278002653546
"RPL21P33",16.5098042642368
"PLSCR2",16.4965016653949
"THTPA",16.4590313963744
"MPP2",16.451055137837
"RECQL4",16.4433657739656
"ZSCAN5A-AS1",16.4174565458465
"PRRT3-AS1",16.412232104036
"MYCL-AS1",16.3973642738129
"CD200",16.3857977708542
"MAGEF1",16.3746588472688
"LINC02128",16.3412380784494
"TRPC6",16.3350924454908
"DPH5",16.3114362038879
"RRP15",16.2980312163148
"LINC01883",16.2859011040387
"FLACC1",16.2801030751357
"R3HCC1L",16.2701415242938
"SLC25A47",16.2596807825958
"DCTN5",16.2504135270393
"LMO7",16.2102161429949
"RN7SL381P",16.1851030577744
"LINC01849",16.1799245614495
"RUSC2",16.1379566355367
"RASGEF1A",16.130958875196
"GRPEL2",16.1116656647365
"ENDOD1",16.1105002914477
"LINC00355",16.1026026100343
"HMGCS2",16.0896523973065
"FAM151A",16.0792619446206
"TFAP2B",16.0643575070539
"LYPD1",16.0611919802091
"NPAS1",16.052175649045
"SORBS1",16.0485314143003
"HLA-DRB5",16.0462960420559
"MANEAL",16.045353000713
"ENO2",16.0422076483012
"TNNC2",16.0414672482
"TRAPPC12",16.0090833747455
"DCLK2",15.964896062937
"RNU6-611P",15.9581349010228
"PIK3R3",15.9344955370866
"MTMR4",15.9322213549736
"EPHA1-AS1",15.9284468945757
"FAM161A",15.9246443143887
"MTATP6P1",15.9176246362286
"COP1-DT",15.9142873629799
"WNT5A",15.9138891654642
"DYNLT2B",15.9091658885396
"IMPA2",15.9062880598843
"PAOX",15.8888680026754
"SAP30L",15.867806232854
"ZNF792",15.8579419626599
"OCA2",15.8555283452801
"CDKN2C",15.7659402646751
"CKAP2L",15.7595404996586
"PTMS",15.7440491768457
"ERICH6",15.7101931473135
"RAPSN",15.7080392063924
"IZUMO1",15.681099649088
"LINC02367",15.6104622481478
"HEATR6-DT",15.6090469042271
"PLEKHA6",15.5958548629701
"LPCAT4",15.5933692630485
"SPAG8",15.5907410714725
"MCPH1",15.5761758528537
"PKD2L2-DT",15.5235787640211
"LINC01275",15.5194218027196
"DAPK2",15.5170643133113
"LRRC3",15.4935941671447
"GBP1P1",15.4756291180532
"ETV7-AS1",15.4701044412819
"BANK1",15.4356682237547
"NQO1",15.4274500240141
"STIL",15.4181566961954
"POSTN",15.406350021672
"NRAV",15.4031259197727
"LYG2",15.3782344760825
"SMC2",15.3514589502334
"MBLAC2",15.3418712129678
"RXFP1",15.3319286283695
"CCL28",15.3275697289056
"MIA",15.2959962374981
"BORA",15.2743805185235
"MUC1",15.2686527305987
"CLEC4C",15.2666196756594
"SYNGAP1-AS1",15.2502867214961
"KLHL25P1",15.2165424014291
"ADAM33",15.2165424014291
"CDCA3",15.2057135249261
"KIAA1328",15.1947675962695
"EAF2",15.1751226460012
"CCDC65",15.165140375732
"TUBA1B-AS1",15.1619613515331
"ADRB1",15.1545567135622
"LINC01876",15.1385671989922
"TPM2",15.1120041617147
"DIPK1A",15.1104666917853
"LINC01348",15.1081386746216
"SPESP1",15.0944910983409
"ARL9",15.0890736735439
"CTF1",15.0779574039714
"LINC02471",15.0751683422451
"EFNA3",15.0239783815395
"MGAM2",14.9861433173586
"CDHR3",14.9726190390338
"ZKSCAN3",14.9693315367309
"TMCC2",14.9520281237632
"SLC35G1",14.945681356166
"ADAM19",14.9443904057371
"ECM2",14.9406608242489
"PNOC",14.9098585467195
"ZNF320",14.8712060743981
"ZFP3",14.8371909785524
"C9orf152",14.8245034650241
"RN7SL246P",14.8228890582626
"CEP83-DT",14.7883463856
"FLNB-AS1",14.757970231884
"LRIF1",14.7567905575321
"RAB5C-AS1",14.7507158753247
"TEDC2",14.7077552190879
"ZNF626",14.6975703035915
"MAPRE3-AS1",14.6974381578482
"B3GALNT1",14.6838993045774
"TMPPE",14.6718712865105
"CTU2",14.6717362076009
"LINC01664",14.6574055197254
"LINC03052",14.6416576313645
"SMG8",14.6405000501063
"TRUB2",14.6324862182103
"TUBG1",14.6271757178165
"COL15A1",14.6218456438446
"ZNF296",14.619218406106
"MRPS33",14.5984177325458
"MTMR8",14.5905687106633
"CDK2AP2",14.5656874185485
"MT-CO1",14.5522694627348
"DAGLA",14.5442766665332
"JMJD4",14.5383753314516
"RIBC1",14.5346983408399
"PTPRN",14.5334278071196
"DLGAP5",14.5306206178529
"MSMO1",14.5051289476649
"YWHAH-AS1",14.5043549459965
"PUS1",14.5019233230656
"CDX2",14.4686509598876
"JTBP1",14.4680189416783
"MYL6B",14.4481815813024
"A1BG",14.4368389786665
"BTLA",14.4293954571597
"RBM42",14.4271466605836
"CXADR",14.4175986041533
"EVI5L",14.3952984998292
"LINC02132",14.3713476564376
"PSMB8-AS1",14.3683874841455
"KNSTRN",14.3677103118591
"FAIM",14.3622791568544
"ZEB1-AS1",14.3586094694635
"RCL1",14.3552804686802
"MID1",14.2888570557489
"LINC02068",14.2627585538835
"RPS2P41",14.2614958741511
"LINC02828",14.2577327468687
"MARK2P18",14.2532176028587
"MTCYBP18",14.2454410472218
"CENPJ",14.2405129495789
"ACTN2",14.235539642812
"MIR205HG",14.2314101197756
"TPX2",14.2216891816345
"ERH",14.2075606013837
"TTK",14.2063150304203
"GPATCH4",14.2017232343044
"IL17RB",14.1770769754832
"CANT1P1",14.1703933828297
"OLFML2A",14.1530655091336
"PRODH2",14.1526625337321
"TUBB2B",14.1322830961082
"PGPEP1",14.1309106685441
"PRKCA",14.1261286019741
"CHP2",14.1237982474802
"RBMXP3",14.0970912372156
"MTND4P12",14.0915184983752
"EPN2-AS1",14.0875120779198
"NEDD4",14.0780811025954
"BCDIN3D-AS1",14.064684153937
"TET1",14.0635546776616
"ERICH5",14.0614932732082
"TBL1XR1-AS1",14.0613882528754
"QRSL1",14.0577949650926
"DENND5B",14.040751945346
"LDOC1",14.0327730317737
"IFT81",14.0263656581919
"DCAF13P3",14.010745304751
"ELMO3",14.0032870221829
"TANC1",13.997745367069
"LARS2",13.9961509229555
"MIR3680-2",13.9941562769024
"KLHDC7B",13.9676402550512
"MCM5",13.9496585384782
"EIF4ENIF1",13.9429118876052
"CHAF1B",13.9125134614334
"APOL3",13.9056693893411
"MEF2C-AS1",13.8854097801748
"RN7SL745P",13.8521489256348
"XPNPEP2",13.8352589410493
"MIR1302-5",13.8198063275702
"GPR33",13.8187684156501
"TRADD",13.8117519041059
"GASAL1",13.8010556083147
"PRC1-AS1",13.7992371819762
"CBY3",13.7854827958481
"RAB30-DT",13.7571257144705
"DIPK1C",13.7340993137112
"CBX8",13.731191195731
"RIMKLBP2",13.7265226751549
"BISPR",13.717457172128
"RASD2",13.70315170798
"POTEM",13.6949745053173
"LTV1",13.6846306447125
"COPG2IT1",13.6768598887461
"MT-ATP6",13.6671534417457
"CEP72",13.6424876549151
"RFX5-AS1",13.6195208869563
"SPIN4",13.6165556185339
"LINC01232",13.6007305471577
"ARF3",13.5960372235633
"ELF3",13.5772975082654
"ASCL2",13.5757985189121
"ZNF778",13.5665922252862
"SPATA20P1",13.5597574226243
"KRT8P42",13.552364164068
"SLC25A28-DT",13.5228354675873
"SLC20A1-DT",13.5077973481052
"FAM89B",13.4759608424463
"CLGN",13.4601828374745
"CNFN",13.4569307391678
"EEF1A1P32",13.4491074950857
"MED28-DT",13.4375032375304
"RPL23AP64",13.4239585511339
"SCML2",13.4188146078293
"LINC01388",13.4087926863696
"ENO3",13.3984950663772
"RPL10P17",13.3971965351707
"AIMP2",13.380325186598
"CA2",13.363357143465
"SEMA4F",13.3629457345818
"UNC13B",13.3564848382487
"LINC02551",13.3513296589392
"ARMH2",13.3498529148557
"COTL1",13.3286444766337
"OTUB2",13.308352464477
"GTSE1",13.3003088617461
"ARHGAP33",13.3001713448078
"AQP1",13.2780797905613
"C12orf75",13.2653741992723
"PRRG2",13.2649099068544
"IDH2",13.2592912707515
"HLA-B",13.2429008721709
"HOXA1",13.2390376448987
"MTND1P11",13.2315639010976
"TNFSF10",13.2291496646589
"CA13",13.2242748335406
"LINC02827",13.2024988396564
"SF3B4",13.1937201205506
"CATSPERG",13.1925710347992
"NR2E3",13.1847335353347
"ELFN1",13.1787063227223
"LINC00471",13.1298673294875
"PRELID2",13.1239038627502
"NHSL1-AS1",13.1198105669789
"NUP188",13.1098389506229
"RPS14P8",13.1031560933734
"HLA-DOB",13.0966800279534
"RFPL3S",13.0652846773627
"SLFN12",13.0611443585455
"OSBPL6",13.0529266607979
"TMEM40",13.0496964222152
"NPB",13.0428745352203
"ATF5",13.0107975372216
"WNT10B",13.0050585085097
"KLHDC1",13.0026567719902
"LANCL3",13.0001805056373
"SEC14L1P1",12.995761482074
"RNU4-39P",12.9812007881274
"CHAF1A",12.9699675286303
"RPS14P5",12.9617311511923
"PIN4P1",12.9442731974487
"TPD52",12.9344801984008
"NUTM1",12.9184389470997
"KLHL3",12.8936788936132
"ZDHHC19",12.8900483981335
"SZT2-AS1",12.8801369302111
"WDR45P1",12.8605164821068
"SNHG10",12.8483922971452
"PRPF40B",12.8443249402446
"HOXD-AS2",12.8331716851083
"LINC02687",12.8312272326205
"CCDC112",12.8014592093178
"INSL3",12.7911545955054
"FAM178B",12.7578118242818
"MIR5690",12.75765987782
"MMP3",12.7338823243519
"ABCA3",12.7075393227981
"ZNF662",12.6990427045738
"TK1",12.6888796077458
"ALG10",12.6872930677974
"UNC50",12.6669109763599
"RPL21P89",12.6583236061574
"FAM88B",12.6447428125299
"CSNK1G1",12.6381179133025
"WDR25",12.6319264194402
"PARD3",12.6270209599025
"MANSC1",12.6162615113067
"CATSPER1",12.6133094528704
"NID2",12.6057591759278
"MAP3K14-AS1",12.5921274839536
"TRIM31",12.5879561617354
"TAF1A-AS1",12.5807535081569
"FUT2",12.5766129691667
"MIRLET7IHG",12.5664209120359
"CASP7",12.5628758475057
"RN7SL323P",12.53764414228
"NCKAP5-AS2",12.5272607902012
"ZNF565",12.5240337997707
"RAB23",12.5045562742676
"LSMEM2",12.428215134046
"MRPS9-AS1",12.4239859804073
"CCDC144CP",12.395088483886
"SHLD3",12.3879970492632
"MCOLN3",12.3879838783241
"SYT8",12.376715532315
"MCAM",12.3756015687834
"CBX3P9",12.3350839932073
"MCCC2",12.3326916512461
"ENTREP1",12.3038985857877
"FZD2",12.2953524511325
"NPAS2",12.2911147839534
"ENO1",12.2893705395806
"RSPH14",12.2559875346737
"ZNF407",12.2496592345988
"ASS1P5",12.245708988592
"MATN1-AS1",12.2390541633628
"PPM1F-AS1",12.2365381299352
"SAP18P3",12.2232212929802
"RPS20P15",12.2090467066881
"CHST14",12.2083044798983
"REEP2",12.1895181762546
"NYAP2",12.1869262814184
"PPY",12.1745897016667
"VESTAR",12.1731467511105
"SIMALR",12.1705601886773
"LINC00595",12.1245215199686
"CD40",12.1076887608017
"TMC1",12.072610660928
"LGI3",12.0652319082554
"ZNF470-DT",12.0569531423597
"REG4",12.0518537315383
"ZNF576",12.0342047162938
"HLA-DPA2",12.0190380875652
"ZNF282",12.0155569585775
"SPACDR",12.008971765643
"ENO4",12.0089572404658
"CXCL9",12.0049963402951
"KLLN",11.9904024854168
"GAPDH",11.9815909761252
"RYKP1",11.9803447794819
"SLC45A2",11.9766283786501
"RNU6ATAC42P",11.9646370864174
"SMCO4",11.9437960321792
"DRC3",11.9411855848861
"TUBA1B",11.9332977949189
"PABPC1L",11.9292890016845
"BTBD2",11.9175061656945
"BCR",11.9146996947253
"MTHFR",11.8842275703781
"SLC6A4",11.8350553490102
"POLR3DP1",11.8289292140948
"MARK2P8",11.8152687083085
"PHKA1",11.8010793074478
"MYRF",11.7950396878037
"CNN3-DT",11.7574454456886
"GPRACR",11.7538057298955
"TSPAN6",11.7429964502141
"MDC1-AS1",11.7415518213071
"LGALS9",11.7300065405147
"B9D1",11.7260107575757
"LPAR1",11.7160843256907
"CDH17",11.7011547885943
"MID1IP1-AS1",11.6966360290846
"PSMG4",11.6869912617781
"GLIDR",11.6575118503767
"FAM131B-AS2",11.6526089951937
"LINC01754",11.640255926989
"EPOP",11.6326956769768
"TMEM92-AS1",11.6125608496728
"PHLDA2",11.6114906278579
"TMEM14B-DT",11.5946530284608
"AIFM1P1",11.5879719533335
"RN7SL610P",11.5463837885612
"LIMD1-AS1",11.5356411778375
"NSDHL",11.526379197907
"STK36",11.5199672985369
"LRRCC1",11.5102427741149
"SYNPO2",11.5071453854801
"HLX-AS1",11.5013152681785
"FDXR",11.4895358077566
"SCHIP1",11.4878586081
"GCNT3",11.484015177332
"ATP13A2",11.4815686880613
"APOBEC3B-AS1",11.4759712627108
"MRPS18A",11.4727695880161
"LINC02577",11.4680865075152
"CEP250",11.4673025567316
"PDE5A",11.4610387843393
"LRP6",11.4557922018008
"DPPA5P2",11.4480477342805
"LINC02265",11.4427252670093
"RPS10",11.4269351325268
"BOLA3",11.4215399681284
"SLC6A12-AS1",11.4199479426477
"TBC1D3L",11.4084353229612
"CD300LD",11.4072339622282
"DHFR",11.4018560753918
"MAPK8IP1",11.388269665145
"HEATR3-AS1",11.3837851363296
"PLEKHG6",11.3821556429657
"RPL7P42",11.3539587945544
"ZBTB22",11.3487661981955
"PEX11B",11.3427877192588
"CASZ1",11.3404302596221
"ZNF74",11.3215255542126
"MUC12",11.317551262029
"LTBP4",11.3073618941448
"C19orf33",11.2998173939097
"SNRPEP5",11.2987676707964
"ENHO",11.2951855677049
"CSK",11.2900928107658
"CAV2",11.2853009717919
"HPF1",11.2753228672586
"MAGI3",11.264452299367
"NT5DC4",11.2614319708407
"HMBOX1",11.2549182869437
"GLS2",11.2494598572863
"MUC12-AS1",11.2494274116946
"APOBR",11.2462471273506
"CDPF1",11.2432792086288
"PRR15",11.2323765202153
"SCIMP",11.2300735594836
"SLC6A3",11.2294564113182
"MT-TC",11.2279772569048
"KLF16",11.2199408731191
"MYRF-AS1",11.2165383904723
"AKAP12",11.2076868850456
"EIF5A",11.1969624830942
"CAST",11.1934626450471
"LMNB1",11.1608008462211
"FBXO41",11.1571607768856
"UBA5",11.1479184515055
"GPX2",11.1240510933074
"PHRF1",11.1214386473632
"LINC02507",11.109172215793
"C1orf198",11.1061804956848
"BTBD16",11.097097870537
"MCHR1",11.0888355416002
"KCTD13",11.0623676143861
"ZNF790",11.0537036834308
"SNAP25",11.0421903716984
"C1orf127",11.0407927303291
"SLC12A3",11.0039217596888
"EGR4",10.9935397875175
"DCPS",10.9800044559203
"CLBA1",10.9656732597005
"OR1X5P",10.962718421358
"C1orf131",10.9592118234863
"CCDC125",10.9433486872501
"ZNF585B",10.9421628647535
"ABCA6",10.9299881167432
"OLIG1",10.9127358924196
"BCS1L",10.893866865044
"POLR3A",10.8934349281322
"TSPAN33",10.8928931531354
"MTCYBP3",10.8527246916843
"IP6K3",10.8457668865462
"TRMT6",10.8420938174031
"CDC25A",10.8333647395468
"NUDT10",10.8232957672616
"COG7",10.8192172099244
"FNDC4",10.8153317132208
"SSPN",10.8140419266611
"MCM7",10.8028312588194
"OGFRP1",10.7965619145301
"ZNHIT6",10.7638182319707
"SNHG18",10.7599320652826
"CDC25C",10.7577896024914
"RGMB",10.7445469507847
"B4GALT2",10.7432204172054
"VPS11-DT",10.7406944923337
"RPL32P5",10.7354177500538
"FCHO1",10.7335980655998
"IMMP1L",10.7314934876311
"SCN1A-AS1",10.7261728267692
"GPR4",10.7147121724731
"KLHL8",10.7024774982669
"GREM1",10.6984700185885
"STEAP3-AS1",10.6763179787153
"CCR10",10.6629492547356
"MED8",10.6563757576136
"LRRC23",10.6358145971899
"LINC01732",10.6331337843706
"CENPH",10.6298698989093
"RN7SKP253",10.6182104178742
"CACNB2",10.6166098600769
"NAV1",10.5997545539797
"AFTPH-DT",10.5941152786253
"ATAD3B",10.5580468262037
"RBFA",10.5571528236239
"SLC12A2-DT",10.5200274134209
"NUBPL",10.5099692778884
"LRWD1",10.5080113755943
"SLC24A1",10.487419268463
"FAM111B",10.4836647173287
"CORO1A-AS1",10.4831049585977
"SYT15",10.4668842893199
"PLEKHH3",10.4594358467027
"HSPB1",10.4412669143436
"HSPBP1",10.4399831712153
"ARL3",10.4372106929472
"AHNAK2",10.4277735814204
"RNU4ATAC18P",10.4126637409254
"FAM83G",10.4084900523812
"S100A11",10.3953524407681
"ZNF594-DT",10.3949172166059
"ANLN",10.3852866432823
"INO80-AS1",10.3744292263908
"SEC63P1",10.3738241166515
"AP2S1",10.3724110436629
"SCRIB",10.3662245247755
"IL11",10.3629438370032
"RNA5SP115",10.3603377523098
"SEMA4G",10.3541476744994
"CACNA1F",10.3455137622217
"C2orf76",10.3453221549256
"OGFR-AS1",10.3448013096089
"NPIPB15",10.3387578953779
"RIPK3",10.3305501459997
"EIF4A2P1",10.330538316841
"KRT31",10.3271294990178
"KHDC1-AS1",10.3264021241938
"SPMIP2",10.3210098657148
"CIP2A",10.3060638740959
"CALML3",10.2906574212106
"TJP3",10.2837371981561
"CSNK1G2P1",10.2642200080218
"C12orf71BP",10.2628748266129
"STK32C",10.2593288937901
"MAGI2",10.2420564993933
"CD101-AS1",10.2399281188063
"CA8",10.2236515029661
"H4C4",10.2202501918589
"CD1C",10.2189434629782
"XKR6",10.2160058541893
"RNU6-97P",10.2132659047853
"RAB32",10.2084321195637
"CACNB4",10.1968125859027
"TPM3P6",10.1944589304086
"STAMBPL1",10.176654553741
"ZNF443",10.1686125382657
"PRKCG",10.1683666419009
"MKI67",10.1560702128544
"ANKRD33B",10.1551036136365
"ARL6",10.1511961298758
"LINC00920",10.139229866213
"BUB1",10.137037402365
"CYB5R3",10.1340419230978
"FABP7",10.1330374456001
"SCFD2",10.1317406489683
"TPH2",10.1215831785768
"PDAP1",10.1169886378939
"ITGB7",10.1161144821269
"RN7SL346P",10.1128235023154
"MYL6B-AS1",10.1076658994981
"H2AC16",10.0874871867532
"RABL2B",10.0816661945877
"SIRT4",10.0535310531121
"LINC02916",10.0487817734284
"CLCN1",10.0442503528152
"SLC37A1",10.0390769686274
"OR2A1-AS1",10.0352239631286
"TMEM121B",10.0256056848174
"NMUR2",10.0212798911967
"GDF7",10.0160503946713
"CCDC137P2",9.99881651118669
"KCND1",9.9940604235709
"CECR2",9.9933870570174
"GPC5",9.99141006535096
"MRPS9",9.97778739403905
"GTF2I",9.97637055424476
"STAT1",9.97037847895109
"METTL27",9.96433698572556
"MRPL4",9.96389108577279
"USB1",9.95538603222962
"ZFTA",9.95133867892637
"EIF4G3",9.94323524036242
"ACAD9-DT",9.92919231371612
"KCNIP1-OT1",9.9198717517948
"DIP2C",9.90638256814211
"SOD2-OT1",9.90585686403575
"KIF19",9.89912954797805
"JAK2",9.89143338299873
"HSD17B7",9.8690466667635
"CLDND2",9.86425749828267
"PTPRF",9.8600176422715
"MT-ND4L",9.84163422332511
"DDX54",9.8240803508649
"HNF1A",9.81333187097513
"BRCC3",9.80890120539961
"AOPEP",9.80836962192932
"LINC00921",9.79591646024777
"GAS1",9.78808697144735
"CD74",9.78705372913311
"TNK2-AS1",9.77339303355916
"PTOV1-AS1",9.77193973285978
"PRR13P3",9.76854971716107
"UBR1",9.76580964359666
"NEFH",9.76443296084971
"IL15",9.76245355804532
"OPRL1",9.76200056141789
"APOM",9.74485760797794
"RN7SL566P",9.74254573411489
"MAST4",9.73578062271597
"PDSS1",9.72513485529255
"TTLL8",9.72388639336474
"CASC2",9.70845522221978
"PFKP-DT",9.69559192500411
"TAB1",9.69555744675709
"MT-ND4",9.6920764001528
"LMNB2",9.68756166758124
"CINP",9.66467644107276
"ZSCAN25",9.65531513711204
"RNU7-133P",9.64907164457726
"BMPR1A",9.63731889300003
"CHRNA5",9.63408354443517
"PEX5",9.62691739760538
"DOCK1",9.6254119839867
"TNFRSF11B",9.61715297745918
"NOTUM",9.60345938042574
"NAT14",9.59588005631952
"SMARCD1",9.58244590288923
"CENPS",9.57716408270343
"SNAI1",9.57707104703538
"CDYL-AS1",9.57119198189693
"BAZ1A-AS1",9.57118210589554
"MSH2",9.5586405023958
"PCBP4",9.55704984125172
"PRDM5",9.54603829604183
"MRPL17",9.53933780340967
"HSD11B1",9.53872822950423
"PLCE1",9.53872175764459
"NUP107",9.53852771265233
"RHOG",9.53133869594928
"FANCC",9.52880843585464
"RGS13",9.52515333726962
"CRB3",9.52417588311347
"REPIN1-AS1",9.52279819628516
"SLC44A3",9.52166877713937
"MIP",9.50754477760448
"GPR35",9.50516264435116
"DHFRP1",9.50477319592845
"BSCL2",9.47634943105333
"CDH16",9.47396857007934
"SLC2A1",9.46504868786731
"C21orf58",9.46276240263944
"TGFA",9.45363782547513
"FBXO6",9.45354030504932
"SRSF3P1",9.45134190849316
"CADM1",9.44142327549411
"XPNPEP3",9.43051452786453
"CA3-AS1",9.41985002812982
"ARL14",9.41495025784231
"PIMREG",9.40505581792984
"DOCK7",9.40433385471353
"MYOZ3-AS1",9.39860598872818
"GPR135",9.39474267957836
"FAUP1",9.38400009293469
"THAP12P3",9.37871435046759
"PDGFRL",9.37511364241562
"RIBC2",9.37191602229778
"FAM193A",9.37119170220481
"RAD54B",9.37083513089562
"DTX3L",9.36693184088438
"HHEX",9.35834074427477
"AP5S1",9.35081593634135
"POLR3D",9.34527026134546
"TMEM273",9.34503634085027
"DLX5",9.32705170342466
"ETNK2",9.32545493988429
"C17orf75",9.31854236816467
"OSTCP8",9.30460451122235
"ZBTB46-AS1",9.29745061653233
"EPSTI1",9.29473839759436
"CEACAM16-AS1",9.28977036736572
"MRPL12",9.27463875385917
"ZNF287",9.26830605741861
"RAB29",9.26327414773223
"MRPL32P1",9.26052144282637
"WDR89",9.26020696595301
"ARHGAP42-AS1",9.2482783935732
"RBPMS",9.2419981321263
"EFCAB8",9.23912853831979
"RNU5D-1",9.23750462648204
"UBE2F-SCLY",9.23209152244612
"BCL6B",9.2155617110934
"FEZ1",9.21161157371289
"HSPE1P4",9.20771525324875
"PPAN",9.19202592982925
"PPAT",9.18978826717714
"ZNF593",9.1679089081192
"RN7SL42P",9.1668525666507
"CKMT2-AS1",9.15735586748273
"TNKS2-DT",9.14776042563415
"SLC38A4",9.12348747979197
"NEK2",9.122526735637
"ZNF740",9.11918503959999
"BYSL",9.11536705976305
"PTPN3",9.11287452301495
"LTB",9.10712633639857
"CCDST",9.09194844105834
"IFI35",9.08704005292811
"CYP2S1",9.05423733790675
"GORAB-AS1",9.05174706195304
"PSMC4",9.03869830459314
"CCT3",9.0197216764919
"CELA2B",9.01764696267763
"MVD",9.01051530744644
"ZNF182",9.0079967016579
"MTA1",9.00785495120908
"PIWIL4",9.00319746586224
"ZBTB47",9.00007660065883
"SAMD9L",8.99664463229707
"CYP51A1-AS1",8.99385456091272
"CDC20-DT",8.9691080540251
"PSMD3",8.95966282261604
"EXOSC9",8.95701186627902
"NPIPB8",8.9523396312766
"WDR17",8.94141646284076
"TPMT",8.93948765629128
"GJA4",8.92753448472039
"ADIRF",8.92664920074463
"ESCO2",8.92481581665166
"CARS1-AS1",8.91926535042553
"MMS22L",8.90150085381209
"A4GALT",8.8992403474877
"ZSCAN31",8.89414287745778
"MIR4481",8.88524976352374
"EFCAB15P",8.87547132230016
"DDR1",8.87423537996614
"MIF-AS1",8.85261274155494
"BACH1-IT1",8.85128684926928
"PNPT1",8.84212538402499
"CHD9NB",8.83938029747925
"MAGI2-AS3",8.83789706484316
"PFDN6",8.8315511897233
"DSCC1",8.83017193398439
"SNORD46",8.81018575420417
"USP18",8.80970753497283
"EMSLR",8.80836186017164
"LAG3",8.80753065799645
"TMEM233",8.79295007152177
"RNU6-959P",8.79139367701176
"VDAC3",8.77793694237833
"CNR2",8.77000814664933
"TSPAN14-AS1",8.75935324617106
"MAP4K1",8.7533098265865
"C2orf88",8.74780846212232
"MOSMO",8.74770809821569
"COL17A1",8.7336661410597
"CEACAM1",8.72986866344718
"MTND3P10",8.72843761460542
"IRX6",8.72843761460542
"MAP7-AS1",8.72393024365932
"MIR1276",8.71835167423695
"LGALS7",8.70694743086043
"FCGBP",8.70694280599997
"LINC03014",8.70470127593208
"ARMCX5",8.7023338925805
"TMEM242-DT",8.70197671348821
"TAGLN2",8.69705864503365
"STAT6",8.69448580417533
"CAMTA2-AS1",8.69187206111201
"LRRC39",8.68275356483616
"MED12",8.68138676232612
"ARPC1B",8.6777854657051
"POLR3B",8.67758011156511
"ST3GAL4",8.67631517937698
"ULBP3",8.67304646968924
"DYNC2I2",8.67087261324517
"IFT46",8.66508047804257
"MYOZ3",8.66329538994795
"GJB5",8.62787145628119
"MRPS28",8.62544317651412
"TIMM13",8.62162752387619
"TRMT2A",8.61429161180384
"ARL4AP4",8.61202934908671
"MPND",8.61173809891873
"SELENOH",8.61095488599118
"TDRD7",8.60604490323395
"HMGA1",8.59094480089727
"GABRR2",8.58209644268368
"SCO2",8.57704426083483
"INSYN2A",8.57482492748255
"IRF7",8.571944722129
"NPM3",8.56956745104215
"RAB3IL1",8.56784289240644
"HNRNPA3P15",8.5630177650867
"IGLON5",8.56223167671236
"SUOX",8.55558698916949
"ECI2",8.55185719402393
"HNRNPCL1",8.54477752316317
"ZNF70",8.54235959488167
"RNU4-14P",8.53876768969664
"DTNA",8.53650308738512
"IL20RB",8.53238765176847
"CENPX",8.52893719967573
"ZNF773",8.52785306308005
"MTCP1",8.52300354663481
"EOLA2-DT",8.51384664810965
"PPP2R5CP",8.51153259447392
"TWF2",8.50902624064163
"TUBE1",8.50588707309952
"IGFBP6",8.50564903548833
"HORMAD1",8.49692589918533
"PRELID3A",8.48603350498529
"MYL12BP2",8.47981603446817
"EDN1",8.47001240115061
"SLAMF8",8.4677017111358
"CSRP1",8.46636448151352
"NEK10",8.46262179676193
"FBF1",8.45955666733535
"TCN1",8.45790822883152
"LSM3P5",8.45228286714008
"EIF4A1P11",8.418609994012
"WDR95P",8.41669088391152
"SMAD6",8.41520173736473
"ADGRG5",8.41187207282173
"KIF15",8.41049500140903
"RBM14-RBM4",8.39278032825035
"NUDC",8.39008530675698
"SRM",8.38887172755686
"TGFB2-AS1",8.38800293850244
"ZNF593OS",8.38647686518135
"RAB35",8.38387896931716
"INPP5D",8.37504268573555
"PUF60",8.37237170806416
"TPD52L1",8.36788240885396
"TAF4B",8.36650324001705
"CATSPER2P1",8.36255705056737
"STK32A",8.36042334161547
"MAP3K14",8.3508096279553
"PPP4C",8.34454073059637
"NUP93",8.34107648022216
"DLL3",8.33212202416349
"HEPHL1",8.32765777946507
"IRF1",8.29991263738122
"MIR25",8.29907479514016
"IFT57",8.29537662485024
"RAB5CP2",8.28653834279124
"SAA1",8.28047452110204
"ZNF579",8.27858224778962
"LYPLAL1",8.27617985167891
"KIF18A",8.2755449530194
"KICS2",8.27517110034414
"FUNDC1",8.25423606416659
"PALLD",8.23990146307072
"NELFB",8.23520156529389
"FILNC1",8.2299502962825
"TXN",8.22257672886291
"MARK2",8.212223630485
"PSMB8",8.20831789873173
"RNU6-1231P",8.20368835136207
"PXMP4",8.20293928255355
"RHEX",8.19332651489296
"APOD",8.19182697049059
"SMUG1",8.18631201227963
"CDH3-AS1",8.18363891258807
"GDA",8.18060771235442
"KCNK1",8.1687403315272
"UBA6",8.16492991571917
"GINS4",8.15039723357642
"GOLGA5P1",8.14855726362061
"TRIM31-AS1",8.13392189111162
"ROBO3",8.13239773410524
"CARMIL2",8.13078778728389
"GNAZ",8.11291626158856
"CPNE9",8.10395755632963
"NPIPB9",8.0919672680524
"TST",8.08939375338882
"PAN3-AS1",8.08624420449264
"CHCHD2P11",8.08563979354792
"BCO2",8.0780178016765
"MAP2K7",8.07699877661493
"ADPRS",8.07392823530264
"FHOD1",8.06688320302955
"PXT1",8.05291210725602
"ZNF236",8.05050452656217
"BCHE",8.05018242340609
"THAP12P7",8.04735412671738
"PGBD2",8.0453517403469
"CHFR-DT",8.04521145079768
"WDR49",8.03437895008863
"HDAC2",8.03001457009408
"FLT1",8.02915529773401
"C17orf49",8.0273558934066
"CASP6",8.02693772437678
"PIWIL2-DT",8.02169316674757
"RN7SL30P",8.01848615085298
"RNVU1-2A",8.0162943049581
"SOCS7",8.00978707934961
"DNAJC30",8.00967263390229
"COL9A3",8.00797049951114
"L3MBTL2",8.0049916241904
"BICD1P1",8.00304919240928
"PPP1R12A-AS2",7.99601091130047
"ZNF432",7.9892715638525
"GLDN",7.98888997690872
"CTBP1-DT",7.97860058008331
"RN7SKP248",7.97086254334223
"DIAPH3",7.96104733527365
"BCAT2",7.94665796631656
"EID2",7.94613974902487
"VPS25",7.94243394983396
"SMTN",7.93931543920034
"SBSPON",7.93592701825325
"SLC24A4",7.9338823325776
"YWHAH",7.93387308701065
"ITGA2B",7.92816104587265
"PAX8-AS1",7.91808699573648
"PPIAP41",7.90841269476975
"ZSWIM9",7.90353189416342
"FAM241B",7.89776017611656
"FLYWCH1",7.89231254297622
"KCNC3",7.88264526482694
"DIPK1B",7.85944526293189
"PANO1",7.83868191328248
"NUP210",7.83353356790644
"C6orf52",7.82160513393908
"UPF2",7.81988882833067
"ADORA3",7.81961153328094
"SNX12",7.81571081656717
"ZIC3",7.81370676065096
"GPAA1",7.78663969691287
"ATP13A1",7.78647010184215
"HNRNPMP1",7.78494783448761
"LILRA4",7.78289218510398
"RANBP1",7.78093714686727
"SEPTIN3",7.7798409345734
"TMPRSS3",7.77866361143175
"ANKRD33BP1",7.77512824861616
"SNX31",7.7731379634896
"MIR6124",7.7597284037591
"RSPH9",7.74360961401974
"ZDHHC8",7.74211415894628
"SECTM1",7.74080431210009
"TNFRSF10B-AS1",7.74037547311516
"DNALI1",7.73518469053532
"ZNF618",7.73456094064533
"CDY4P",7.72361883694239
"MYO6",7.71924269579077
"RITA1",7.71456898229293
"RNY4P25",7.71326372802757
"UBXN11",7.71126720181738
"SUSD3",7.70532897671805
"PHACTR3",7.70106174302901
"NDUFS8",7.68841063201634
"INTS6-AS1",7.67759736951854
"TLX2",7.66881021634721
"NHLRC1",7.66647716863029
"LINC00506",7.66531144831509
"SYMPK",7.65887665339964
"PPM1N",7.65857098341633
"BORCS6",7.65131692279342
"HNRNPCL3",7.64687277273717
"MSC",7.641107292438
"SLC25A17",7.63061370270539
"DNAAF5",7.6298893997882
"WDR53",7.62033736354658
"IRS3P",7.61964592240587
"CZIB-DT",7.60732319253783
"TTLL1-AS1",7.60353151825123
"SRF",7.60179026672746
"ARL5B",7.59890970090379
"TMSB4XP1",7.59252819604464
"KCNRG",7.58988350571033
"TRPV2",7.58471350578333
"LINC02908",7.58350085142245
"METTL1",7.58188525838273
"CCDC110",7.5818143591996
"LINC01003",7.57776125438741
"GJB3",7.55650311431747
"ARHGAP31",7.54938288118826
"SSC5D",7.54643068851645
"STXBP2",7.54332307051475
"RNU6-1003P",7.54163508590649
"RBPMS-AS1",7.54060679370872
"MIR548A1HG",7.53940818870011
"DTNBP1",7.53584297545533
"TBC1D3B",7.5335979568386
"L3MBTL2-AS1",7.53259241202468
"TRMT1",7.51821938868933
"RGS3",7.51705508657579
"RNVU1-4",7.51142456266907
"NRG1",7.51107133385541
"EDARADD",7.50821656261135
"DLX1",7.50763835862593
"KIF20A",7.50155227338629
"H2AC11",7.49663148703866
"TSFM",7.49420762999516
"GBP5",7.48843691085331
"LAMP5-AS1",7.48790995967087
"IL6-AS1",7.48719330201685
"LMCD1-AS1",7.4866223192927
"NDRG2",7.4860673394113
"MIR215",7.48093229308306
"MLST8",7.47935166598779
"MAP1S",7.47264188196118
"MAN1B1-DT",7.47014274463024
"EPS8L1",7.4638967644798
"ORAI1",7.46151223807669
"BTBD8",7.45839128018627
"TCIM",7.45444311016502
"RPS14P4",7.45076904119345
"MANF",7.43939759589426
"LHFPL4",7.43718611578258
"PYCR1-AS1",7.42063221914374
"AARD",7.41653385091446
"KLC2-AS2",7.40740566630342
"SLC22A15",7.39828979334525
"SAP30BP-AS1",7.39711300195727
"HDAC9",7.38980428699549
"ALOX12",7.38934901392075
"CHD8",7.38784491671726
"KRT128P",7.38313208769945
"RNU6-788P",7.38151399104965
"TXLNB",7.37989445684227
"HES5",7.37920446774348
"ODC1-DT",7.37086508160189
"RAB26",7.36298051169151
"SPINK1",7.35722728284306
"SH2D3C",7.35456049586973
"DMAC2",7.3496066558219
"RNU6-136P",7.34435293693851
"CRIPTOP4",7.34146448815778
"RRP36",7.33403517453326
"MIR4774",7.32578913632249
"YDJC",7.3257819809196
"SAPCD2",7.32522885732306
"TRERNA1",7.32015135339229
"MGAT3",7.31623495832049
"NPRL2",7.30765474514017
"SNORA71B",7.30111502512003
"RPL12P37",7.2986334926831
"LRFN1",7.28964219968625
"LRRC42",7.28395822559658
"MT-ATP8",7.28290451798272
"CTU1",7.277329163449
"ANK3",7.27675548564538
"SGSM3-AS1",7.27478316841199
"SLC25A23",7.25271428723317
"CCNY-AS1",7.2520853419045
"LIAS",7.25058948813095
"ZNF701",7.24794939218258
"ZNF530",7.24697508966444
"WDR76",7.24549065165704
"TCHP",7.24286219433244
"GALK1",7.24223024610235
"SSX1",7.24139291831075
"PDE1A",7.23913984459898
"SNORA70D",7.22816547454118
"CIB3",7.22300925159086
"FASTK",7.22115289182037
"BLOC1S1",7.22075169852826
"RPS26P15",7.20792643734092
"DHX16",7.2079178574206
"OMG",7.20037355679708
"CDC37",7.19939231027359
"LLPH-DT",7.19627621001929
"RAET1E",7.19153139603521
"GSTO3P",7.1824806096307
"LINC01614",7.18180407930642
"DENND6B",7.16198280278269
"HIC1",7.15922948366316
"SLC44A4",7.15757506705936
"TBCEL",7.15638670037031
"TYMS",7.15482558922205
"GLB1L2",7.1504569539468
"HLTF-AS1",7.15038229390797
"P3H4",7.14071897988743
"ATP5MF",7.13478100206195
"NAT1",7.1344852286901
"LINC01301",7.13251874682403
"DSEL-AS1",7.13235906581768
"RERGL",7.12841815762807
"KRT8P46",7.12822247010209
"ATAT1",7.1251066302252
"EPCAM",7.1142296301693
"MIF",7.11027793882471
"SPC25",7.10809857578112
"TEFM",7.10675673453681
"CARINH",7.10179291714333
"GALNT3",7.10007752915249
"NAAA",7.09974911937664
"RNA5SP285",7.09604626014358
"HSP90AA1",7.0930723514757
"GNAI2",7.08760143181944
"HIPK1-AS1",7.08192539707856
"ZNF90",7.0805511762155
"BLOC1S5",7.06742541652151
"RPL21P19",7.0667102986715
"COX6CP17",7.05654212478955
"ANKDD1A",7.05538606258969
"SART1",7.05177581722562
"SAMD11P1",7.04044479476511
"USP1",7.03226271659592
"NOP9",7.03101652073579
"MREG",7.0198235678065
"FBRSL1",7.0167729989504
"CACNA2D2",7.01116036065093
"GJD3",7.0101500297698
"TIMM17B",7.00744173267426
"CRABP1",6.99167579114168
"LINC02951",6.98989537981369
"C8orf44-SGK3",6.98646312057616
"ERCC2",6.98480818251805
"MLXIPL",6.98275537091852
"C6orf163",6.97953795109132
"ZNF850",6.9688294205592
"FXN",6.96137401320911
"TLN2",6.96009496198609
"C1orf21",6.95052595432063
"CCDC78",6.94950749124857
"BRF1",6.9459880261976
"UST-AS1",6.93448376177126
"SLAMF7",6.92876893612017
"IDH3A",6.9262486869603
"VCAM1",6.92036769632521
"FAM200B",6.91647420476168
"PSMA5",6.89632676553593
"PIK3C2B",6.89606689845647
"MAP4K5",6.8952069253391
"BCKDHA",6.89353197068494
"H2BC15",6.8888738659581
"GMPPB",6.88580478557542
"ANKHD1-EIF4EBP3",6.88088671022173
"EFCAB2",6.87686534659562
"PDZD2",6.87309681610986
"DNAJB7",6.86794751626483
"SDF2L1",6.8600598511185
"DGKE",6.85844220998141
"SDHCP2",6.85791822816718
"PARP1",6.85353880723285
"RPS26P43",6.84910313975062
"PPP1R14B",6.84119184635987
"LINC00973",6.82868224048808
"UBE2E2",6.81612876957106
"CSTF3-DT",6.81005886149641
"SNED1",6.80190298465907
"SPATA2",6.80163857215788
"MCM8",6.7934658530679
"TMEM131",6.78863098432551
"RECK",6.78029347476153
"KAZN-AS1",6.77993808389035
"ZDHHC1",6.76933892297183
"RNU6-1010P",6.76283447633348
"FAM225B",6.76146161338171
"SMIM33",6.75576559027993
"DNAJA3",6.75440896999493
"ATP5F1B",6.74286391112476
"ASB9",6.74170024076675
"PHF11",6.73939123503129
"NKX6-3",6.73266380737985
"ZSCAN2",6.7230260160245
"SLC2A4RG",6.72191183143912
"SUPT16H",6.71894799482618
"SLC22A31",6.7147337787113
"TFAP2E-AS1",6.71137336934685
"ECE1-AS1",6.71040207636648
"H3P16",6.70644847151721
"SPC24",6.70621968848083
"MIR194-1",6.7029817757034
"CISD1",6.69401951657927
"CTNS",6.69188540936979
"SNORD100",6.6808239875299
"UBE2M",6.68004203576965
"HRAS",6.67058727442456
"PP1P",6.65991865203822
"PLA2R1",6.65683795464395
"MYOF",6.65316017863862
"MIR5190",6.65016646627032
"TIMMDC1-DT",6.64737554494882
"ESS2",6.64606196868592
"SNRPCP4",6.64047954648499
"C1orf50",6.63587114759912
"RPS10P13",6.63102652354237
"PPP1CA",6.62594589478243
"METTL21C",6.62426699455403
"SNORD4A",6.61991721790081
"PDLIM7-AS1",6.61796984363247
"ZNF75CP",6.61365903391577
"OSBP2",6.61152781642749
"PALB2",6.60829634908038
"SBK2",6.60668443188628
"HSP90AA2P",6.60258019307237
"DPH7",6.60124595962075
"ZFP36",6.60115080794126
"RFXANK",6.5914625040866
"NPEPPSP2",6.58928015057785
"PARP14",6.58872235816371
"KCNK3",6.57877310012341
"LINC02223",6.57609550597108
"LMO4",6.57071568185775
"CEP19",6.56698512314119
"MFSD3",6.54983432191996
"RBM26-AS1",6.549629011784
"SPATC1L",6.54423676251607
"KIFC1",6.54226995190374
"CFAP298",6.54190298880902
"UTS2B",6.53864467829042
"MDH2",6.53403496840903
"HSD11B2",6.52594636827466
"ZNF519",6.52524295976544
"RPP25",6.52408627476727
"ZNF567",6.51576310581268
"IGHVIII-76-1",6.51516831875912
"TESHL",6.49911391997316
"PLD4",6.49798032696442
"RALY",6.48478969077263
"SMC1B",6.483410109187
"URB1-AS1",6.48329748451251
"PACRGL",6.48112151867045
"SNHG19",6.47378141941012
"ZNF793-AS1",6.46857989130749
"ARL5C",6.4610240532002
"EBF4",6.46059531699349
"POLA1",6.45417683121904
"ASCC3",6.45115762877387
"TAX1BP3",6.44408436285649
"MVB12A",6.44366847878925
"STAP2",6.44288320038677
"MYOM2",6.43073824644136
"EGFR",6.43001385461349
"TESMIN",6.42920767893896
"USP30-AS1",6.41990133032269
"NFATC4",6.41940011779305
"BRICD5",6.41209020726352
"TLCD5",6.40457630083809
"ASB16-AS1",6.39888366029823
"RASSF7",6.39009138974598
"COG6",6.38792701220049
"ADISSP",6.38482422121653
"LINC02983",6.38370176711195
"SEC61G",6.38208310549227
"SLCO5A1-AS1",6.38196292620172
"NLGN4Y",6.37139639414568
"RNU5A-6P",6.36441207739317
"CRB2",6.36350384631332
"POLD3",6.36301493689337
"CHDH",6.35764264537296
"NUDT14",6.34597534258799
"OGN",6.34023324505473
"PJVK",6.33774796910528
"PLGLB1",6.33686949622398
"SLC45A1",6.33444123659253
"OR11A1",6.32489074207159
"ITPR2",6.32323199254481
"LTBP2",6.32247098756737
"PLEKHO1",6.3127079471751
"NUDT15",6.31032386767639
"STEAP1B-AS1",6.30564927850996
"ZNF468",6.30517742898701
"MIR3682",6.30465930048508
"JMJD7-PLA2G4B",6.3024679527635
"C11orf21",6.30221387073501
"CKLF",6.30056274385976
"NFIC",6.29151926569656
"MOB1B",6.29028855358354
"ZNF138",6.2893778518016
"CD63-AS1",6.28479606016379
"MIIP",6.28333105871292
"RNA5SP217",6.27569554224622
"PRPF19",6.27469734031386
"RNA5SP459",6.26859082790914
"LINC02732",6.26243980238455
"IFRD2",6.25795524105264
"COA6",6.25466328387034
"CIITA",6.25346451730796
"SMARCAL1-AS1",6.2482872727357
"BTN2A2",6.24265946250353
"MRPL11",6.24243090376582
"NPHP3-AS1",6.23225753258439
"CEBPA",6.2304762421979
"TUBB",6.22684119079314
"HNRNPLL",6.22438229009551
"PHF5AP4",6.22417392989628
"FSD1",6.22190167790537
"RNU6-917P",6.2165769428742
"PLAC8",6.21287997144251
"ZNF778-DT",6.21243354968157
"FCN2",6.2105367193816
"MT-TD",6.21014939033501
"GULP1",6.19478001191928
"AKAP1",6.19246358839438
"NFATC2",6.1914652137917
"DNAH3",6.18824999203422
"MAPK8IP3-AS1",6.18631335267102
"MT-TS1",6.18609478565597
"BID",6.1807768060975
"MCPH1-DT",6.18053635100787
"TMEM38A",6.18024092021419
"RNF40",6.1612910015356
"METTL18",6.16056671568004
"CBS",6.15985987516353
"BNIPL",6.15528283220959
"CLDN14",6.1540217775108
"LIPT1",6.15083259934131
"LINC02777",6.15006312937149
"CCND2-AS1",6.14860951217683
"LINC03073",6.14757424027557
"UTF1",6.14578860001803
"REV1",6.1439724269806
"EED",6.12630086527647
"CSRNP3",6.12011898289728
"RAC3",6.11510959808807
"CCND3",6.11307366257477
"PHGDH",6.11146399301113
"LINC02583",6.10426440495966
"CSTF3",6.10211057776161
"PERM1",6.10001063378478
"RPL21P44",6.09678304486619
"PARP10",6.09619764165342
"SCRN1",6.09114840013517
"HK2-DT",6.08846061075961
"NR3C2",6.08110253208572
"PDLIM7",6.07618950382239
"RNU6-196P",6.07416204962864
"TMEM256P2",6.07096920726753
"TMEM106C",6.0444651757748
"DENND3-AS1",6.04108249671878
"SNORD53B",6.0380628530117
"COPS7A",6.03701936297651
"DECR2",6.03126124951835
"PRKAR2B-AS1",6.02915033323681
"SLC22A1",6.01891828663253
"HMGB1P25",6.01746894882843
"DDX59-AS1",6.01708435357468
"DHRS1",6.01542839784225
"PRR34",6.01502893967977
"LAT",6.01434401227809
"TIMM22",6.01328376407894
"HOXC9",6.00545710210519
"RPS15AP6",6.00328106421304
"SDHAF2",6.00267906575809
"LIMD1",5.99718663849652
"PLEKHA4",5.99615616141598
"ATN1",5.98970546427432
"LGALSL",5.98472453008175
"PFDN4",5.98370572889673
"PLCL2-AS1",5.97942781707942
"FAAP24",5.9786228981663
"CLNK",5.97715295470855
"NAA38",5.97131994146096
"LAMA5",5.96170437245257
"ARL10",5.9612520077229
"LINC00467",5.96076064923495
"TMEM203",5.95391031043244
"CDCA7",5.95092527606926
"AGBL3",5.9496484237788
"MKS1",5.9483844765037
"COPE",5.94676476620836
"GATD1",5.94413985757572
"STK38L",5.941466692288
"SNORA2B",5.94096248844857
"RET",5.94043255274685
"PLA2G4A",5.93946562283449
"RNY4P7",5.93826855219629
"ABCD1",5.93621551151006
"NFE2L3",5.93540960036957
"TAF12-DT",5.93420071530475
"SLC25A10",5.93181366244844
"CCL2",5.92826258478868
"MCM3AP-AS1",5.92731926517233
"FOXN2",5.92412636394223
"SLC1A5",5.92271407707841
"EFNB1",5.92114039907636
"TJP1",5.92037892569243
"MRPS12",5.91975605235698
"RAET1G",5.9156411904439
"SPMAP2L",5.91335245441029
"PGC",5.91279440860614
"ZMYM3",5.91084474500848
"A2MP1",5.90905290937492
"CD5L",5.906842459729
"LINC02175",5.9040905895521
"DYNC1I1",5.9009421324243
"THOC1",5.89937989650086
"DNAI4",5.89861605320792
"ZNF649",5.88868853562796
"ROGDI",5.88830661741923
"FAM72C",5.88170021175311
"NFS1",5.88057220716766
"RPS3AP29",5.87739859536312
"KLHL5P1",5.87707136225459
"OIP5",5.87521039822342
"SPDYE3",5.87390664188759
"NRIP2",5.86941897545513
"TMLHE",5.86816047373997
"MRTO4",5.86803472267968
"DENND2C",5.86706270478086
"RGS19",5.86224404447137
"SEC61G-DT",5.86112987196709
"WAPL-DT",5.86045720787809
"LINC02449",5.86010296320644
"CLEC10A",5.85438405699169
"RNU2-31P",5.85394622725226
"CELF4",5.85080730547656
"MARVELD3",5.84436510267389
"CACNA1A",5.83980739431221
"MIR194-2HG",5.83915473359624
"FAM215B",5.83397531653524
"SNRPB",5.82217130106785
"HCAR1",5.81787199858973
"HELB",5.79864191421563
"IQCN",5.78182114234504
"BAZ1A",5.77967198289305
"ACTR6",5.77794361691421
"LINC02642",5.77562944626209
"FUT7",5.76632593124824
"HIGD1B",5.76438689028486
"ZYX",5.76406130718773
"LAPTM4A-DT",5.76403895071511
"MAJIN",5.76152524693968
"DNAH10",5.75691303772696
"PGK1",5.75636501761051
"NAPRT",5.75603225330679
"CALML5",5.75170848386622
"CDCA2",5.75126931773457
"OXLD1",5.75120048921186
"NME4",5.74936613829111
"FAM53A",5.74481149651896
"RPL17P9",5.7429942798976
"TSSC4",5.73792919567796
"MVP",5.73171477033255
"ZNG1F",5.73009317722518
"CSTF2",5.72332872826498
"NPIPB11",5.72294561461691
"TAF1A",5.71883597626916
"PHF8",5.71794747703195
"ITCH-AS1",5.71544244906178
"RAD51AP1",5.710119000751
"UST",5.70332526769811
"ZNF215",5.70237351892893
"MRPL52",5.70000985630739
"CLN3",5.69164004826934
"SND1-IT1",5.69103801285471
"RAD9A",5.67613813603631
"FAM9C",5.67171706709838
"CCDC192",5.6714934840927
"ANKRD44",5.66535976801836
"NECTIN2",5.65625480514401
"RPL36AP30",5.65474593249239
"DTD2",5.65077875737069
"SETMAR",5.64983877701162
"RPL32P32",5.64337519323336
"BBOF1",5.64229699585604
"SPOCD1",5.64057128781403
"OR7E100P",5.63655262449247
"CIB1",5.62774080672974
"TPM4P3",5.62471337510598
"CAMSAP2",5.62100275860601
"LINC02954",5.62007353752377
"UBOX5-AS1",5.61237747241255
"BCAS4",5.61012672193082
"WDR3",5.60879442898061
"PKP4-AS1",5.60642584770499
"RN7SL832P",5.60394194438477
"DNM3OS",5.60120006809652
"RNY4P6",5.60116297894272
"AGR2",5.59467360011993
"ZNF667-AS1",5.5563039898623
"CC2D2B",5.55576993274117
"UBE2L3",5.55500000629469
"PRRT1B",5.553567183205
"VIRMA-DT",5.55352862995504
"MIR1279",5.55258048554295
"FAM169A",5.55142041974767
"MRPS34",5.53849393355607
"NTHL1",5.53300663553372
"LGR6",5.53042965777756
"LINC03011",5.52385351843955
"RIGI",5.52342122799993
"MAP4",5.5206130789269
"TEAD1",5.51970377651443
"DTWD1",5.51575851148653
"ADRM1",5.50902648856749
"RNU6-610P",5.50783272205354
"SLC6A1",5.50361825687241
"SLC35A5",5.50209344732125
"ZMIZ2",5.5004842251284
"ZBTB7B",5.48503256212329
"ERN2",5.48071143793634
"DNM3",5.47330997179849
"H2BC4",5.46741320298127
"CHCHD4",5.4646790786643
"TSPOAP1-AS1",5.46320519911794
"PTK7",5.46186608796853
"EML2",5.45666447075264
"CDKN2B-AS1",5.45060143882202
"LINC01543",5.44368294661894
"AGPAT2",5.44181223585548
"EPS8L2",5.44011236031112
"C1QTNF12",5.43663582053448
"PAGR1",5.43352244231366
"IFITM3P4",5.43172131151776
"CITED4",5.42846862241966
"EPHB4",5.42808489677624
"NCAPH2",5.42571146360022
"TMEM250",5.4129100234373
"RUSC1",5.41076391645233
"SLC6A14",5.40940671449997
"CCDC167",5.4074720771599
"RPL7AP6",5.40401522541849
"NHS",5.39843786079417
"WNT7B",5.39718553532327
"MARCHF6-DT",5.39594650396101
"SAAL1",5.38513098588012
"HELZ2",5.38322303846996
"MLF2",5.37665410667925
"THEM4",5.3757600886201
"RNF216P1",5.37533350409324
"IL15RA",5.37491727924391
"STXBP5-AS1",5.37252003430197
"GTF2E1",5.371861636361
"CMTM1",5.37030898196722
"CRACD",5.36912304941885
"NKILA",5.35888758296253
"TASOR",5.35184544538287
"RPGRIP1",5.35042010270235
"HLX",5.35015055018345
"TRIM63",5.34711325202688
"FBL",5.34663462266362
"MAIP1",5.34507476423257
"CELSR3",5.34483553403466
"C19orf73",5.34400100119656
"C21orf91",5.33786285425658
"KATNIP",5.3366069149404
"MRPL58",5.33524744858907
"N4BP3",5.33253392228465
"CFP",5.33172580167341
"CELA2A",5.32768977860514
"ACY1",5.32655488222389
"SPNS2",5.32608808532819
"CIC",5.3248347618315
"SNRPA",5.32380041606932
"EGLN3P1",5.32157270517908
"RGL4P1",5.32036323496613
"SLC25A24",5.31080002001557
"PSME3",5.30840414045205
"ADGRL2",5.30771256988633
"GPER1",5.30708546649432
"RN7SKP38",5.30285731969086
"WDR12",5.30093568211932
"GABARAP",5.29976729628241
"DBR1",5.2954920696189
"TSNAXIP1",5.29487521434718
"EXOSC5",5.29387284740612
"LINC00654",5.29114996081547
"C14orf93",5.28160819205368
"SLX9",5.27387107540117
"UBE2CP2",5.26967011263826
"GTF3C2",5.26962186377169
"MAD2L2",5.26144756359748
"S100P",5.25960781796813
"PAK1",5.25376877171333
"TBC1D17",5.25353677628256
"COPG1",5.24675745344129
"DEF6",5.24567845933843
"RPS10P9",5.24464226608906
"GPX1",5.23884261318425
"AGAP6",5.2381779841816
"RN7SL559P",5.23462045606914
"ATP13A4",5.23287674849089
"MT-TV",5.23111643564272
"LSP1P5",5.23107460412925
"TMEM156",5.2225332425425
"TAMALIN",5.22135617537269
"POLR1H",5.21696968666444
"PSMA2P3",5.21289968307211
"RNY4P37",5.21213951756299
"REM2",5.21008551230236
"GMEB2",5.20143556618953
"ESPNL",5.19918805034427
"RN7SL277P",5.18889135701035
"SAMHD1",5.18731688254523
"ALKBH2",5.18236927316236
"EPB41L1",5.17776784307514
"MCAT",5.17561604301099
"C11orf98P3",5.17420132835322
"L3MBTL4",5.17038512835096
"MAP3K21",5.16682650471959
"RN7SKP266",5.16250425526091
"SLC13A4",5.16149437231905
"IL18R1",5.15828984116517
"ZNF469",5.15610000179309
"SPAG16",5.1535274209858
"MYL6",5.13124540191377
"LINC00578",5.12984102401335
"TMSB15A",5.12958884214288
"THAP5P1",5.12953558561678
"NPTX1",5.12131120797119
"FARSA",5.11732022605338
"MSC-AS1",5.11168505894063
"XPNPEP1",5.10057348501029
"HNRNPA1P52",5.09711665668234
"FBXL8",5.09374186456799
"S100B",5.09078243639877
"RPSAP43",5.07761703211861
"MIR28",5.07554415623224
"SPOCK3",5.07478045058737
"EFCAB7",5.07037355238742
"SLC8A1-AS1",5.06561070012096
"PKD1-AS1",5.06286317915351
"QRSL1P3",5.06145755040341
"CDNF",5.05817981057371
"NT5DC2",5.05487558055543
"IMP4",5.05443301950798
"FBXO8",5.04651656358784
"LHFPL3-AS1",5.04557328456937
"HPCA",5.04350670853666
"EFHD2",5.03754920143978
"TMEM44-AS2",5.03206391603586
"RNU6-1300P",5.03170319128663
"CD38",5.03101885477743
"DDX10",5.02817624035416
"ACOT7",5.02760943721206
"LYSMD4",5.02151999381895
"KRT8P36",5.0196774336831
"SCNM1",5.0192004675623
"LINC00968",5.01222049615287
"SLC12A5",5.00782704984141
"METTL21EP",5.00655323568272
"IKBKE",5.00516912808316
"MIR5009",4.99199171943943
"LENG8-AS1",4.98519608291465
"EEF1A1P31",4.97885053859809
"ELK3",4.97745895761733
"MPLKIP",4.97665345211076
"TUBA1A",4.9740011755347
"GFOD1-AS1",4.97343894672158
"MIR188",4.96854541852544
"OAS3",4.96107785197642
"CCT2",4.96091241806347
"PODXL",4.9593121272222
"THAP7-AS1",4.95682761738584
"CUTALP",4.95373329435012
"KLHDC10",4.95118026749014
"CDK10",4.94965711686189
"RPUSD3",4.94834791695053
"SUB1",4.94771458110551
"CHD9",4.94576432347012
"PLCD4",4.94356512551919
"WBP1LP2",4.9429521502572
"ZNF670-ZNF695",4.94187015378374
"MT-RNR2",4.93880818886473
"LERFS",4.93880417929806
"RIPOR3-AS1",4.93783892497858
"SNORD17",4.93591545602319
"KRT18P52",4.9287246482526
"AIM2",4.91793979816262
"EIF2AK1P1",4.91645290451883
"EMC8",4.90875487645438
"BRSK2",4.9062563438518
"NF2",4.90221520206423
"RRP9",4.90133777012504
"FAM171B",4.89931640449815
"EBNA1BP2",4.89192220818955
"CCNB1IP1P1",4.89070002431091
"SLC22A7",4.88990714421273
"HSPA1A",4.88947545832336
"SMIM1",4.88718837489774
"POMP",4.88663896928058
"TPI1P1",4.88343643967256
"ZBTB18",4.8823307612927
"LDHAL6A",4.88214101218276
"ISOC2",4.87652047933923
"LSM2",4.87569079314315
"ZNF347",4.87504447444768
"ALDH18A1",4.87404800257769
"PHTF1",4.87335086027173
"TM4SF1-AS1",4.87320136743781
"NPM1P26",4.87173810654383
"ATP5F1E",4.86846997310424
"YIPF7",4.86417866295596
"PMCH",4.86346562062097
"CTSE",4.85817285069945
"TXN2",4.85758177501074
"S100A4",4.85736659476551
"APOL1",4.85489332336487
"CMPK2",4.8538256472635
"HRNR",4.84697520470707
"FAM81A",4.84502231146692
"RN7SL336P",4.84092954885137
"TMEM109",4.83944740025503
"GNB1-DT",4.83939896983657
"ARHGDIA",4.83607969804778
"NAA80",4.83492274518806
"WRAP73",4.83472488331171
"MUS81",4.8340287188554
"EHMT2",4.83080500900426
"ZC3H11A",4.82999466224603
"ESRRA",4.82863395360053
"QPCT",4.82781142340519
"PCCA-AS1",4.82571400325496
"GNAI1",4.81956617740098
"ISG20",4.8112430450713
"HOXA10",4.80980572923212
"ID1",4.80753292122715
"LINC02631",4.80662866061701
"IL2RG",4.79660411482981
"MTCO3P12",4.79446978195689
"UBL7",4.79135035597467
"BZW2",4.78886038012583
"TAF11",4.7828423006476
"APBA3",4.78142380653874
"TACR2",4.77796893944024
"THRB",4.77603740862477
"RBPJL",4.76994827765005
"CD79B",4.76921222545097
"ANKRD49",4.7551983918867
"SNAP47",4.75389420709018
"DDX56",4.75235801285119
"PLEK",4.75050669609837
"GOLGA2P4",4.75033541957379
"SRP72P2",4.74739131013238
"UBE2L5",4.74522600822642
"ARL14EP-DT",4.73818876711048
"RDH10-AS1",4.7380193865155
"SERF1B",4.73589731717214
"SCML1",4.73265214596531
"C19orf25",4.73227107882129
"SMIM29",4.72373517456936
"MRPS36P4",4.72243749128577
"LINC01002",4.72088995934569
"TMEM267",4.71961540331113
"H3P42",4.71913033970045
"DNAJA1",4.71902624277282
"ZSCAN22",4.718971725294
"POLD4",4.71820451837973
"ZNF2",4.715089266606
"RPL36P2",4.71283503568977
"TPM1-AS",4.70839693610355
"SSH3",4.70641169590633
"CCDC86",4.70548235831429
"ARMH3",4.70519024879889
"LYPLAL1-AS1",4.70048806534
"ATG101",4.69651423224432
"NCAL1",4.69410799253141
"UCA1",4.68958888315457
"RN7SL672P",4.68508329437895
"LINC01841",4.68410245087254
"KCTD6",4.68306798360388
"NUDT8",4.68253486171625
"ADRA1D",4.67969099992869
"IKBKB",4.6777620725765
"SGMS1",4.6775643073721
"RPL31P44",4.67678828327313
"ZBTB46",4.67447087660967
"CHKB-CPT1B",4.66844854151117
"COPS8-DT",4.66559287983516
"RNU6-790P",4.6655299471074
"ARMCX2",4.66385262600375
"SNHG17",4.66058970441198
"CDC42P7",4.65955932353393
"NOMO3",4.65376333001997
"IZUMO4",4.65273875043947
"PLS1",4.64926673911043
"MEX3B",4.64574267650365
"TNKS2",4.64478120068369
"PRAF2",4.64057800248289
"GALM",4.63750552789506
"RPP38-DT",4.63697348815861
"ATP1A2",4.63671662272329
"MRPL19",4.63628122655095
"PYCARD",4.63428864573649
"BRD7P2",4.6325425219267
"FHAD1-AS1",4.63045910160313
"FAM83C-AS1",4.62869911920851
"RNU7-20P",4.61597579177303
"RAC2",4.61510922112714
"MYOT",4.6078752374169
"CTHRC1",4.60619107872576
"NDRG4",4.60508462110596
"SMO",4.60437833746701
"VTA1",4.60248413192371
"CEP295",4.60104250320814
"ARPC2",4.60083859042528
"RN7SL587P",4.60046924252411
"SORCS2",4.5977936479874
"TMEM97",4.59528203401581
"BRME1",4.5938147723122
"ZNF263",4.59186180811516
"LGALS2",4.59099685913594
"DFFA",4.58965605303656
"ANAPC15",4.58754730232166
"CENPK",4.58691129321332
"BOK-AS1",4.58410996271179
"HLA-A",4.58310008706473
"FERMT3",4.58262244072818
"ASF1B",4.581057700879
"SMYD5",4.58080166220226
"RNU4-5P",4.57999353345535
"SRL",4.5784892777187
"ALDH3B2",4.57821024594474
"COA5",4.57704346241836
"NOXRED1",4.5719801190736
"NUDT7",4.56933606106982
"GHR",4.56567557752458
"HAAO",4.56364563685791
"SNHG31",4.56324337291652
"KNL1",4.56217764692563
"LYPD6B",4.55667360364804
"LYPLA2",4.55396080459918
"KIAA1614",4.55378988070953
"PIP5KL1",4.55297357416953
"COSMOC",4.55147782572129
"IFI27",4.54810084745412
"NUP54",4.542827608751
"ZNF525",4.54090688738854
"RND1",4.53609715607014
"ASPA",4.53421606009145
"COQ5",4.53372763470175
"SPECC1",4.53297503991392
"NCAPG2",4.52874883486514
"ZNF544",4.52756317531885
"SUPT4H1",4.52748053162601
"CD2AP-DT",4.52622847550791
"VASH1-DT",4.52568800781117
"DCTPP1",4.52375758635532
"RNU6-672P",4.51709444280054
"COMMD9",4.51384272306508
"ZDHHC23",4.5060566856317
"HSPE1P28",4.50437668690602
"NEK1",4.50142535318265
"PXMP2",4.50084761699402
"MKKS",4.49930916290415
"CCDC66",4.49681143981167
"BACH1-IT2",4.49554335806591
"HMGB1P1",4.49499440267654
"CDK15",4.49482656967591
"PKNOX2-AS1",4.49482656967591
"TMA16",4.49439331454459
"NPPC",4.48844380955656
"MIR4754",4.48828383564061
"CAPN15",4.48794021091808
"ERICH6B",4.4873695772779
"EIF3CL",4.48552765474025
"LINC00486",4.48548283102501
"LRRC37A4P",4.48405505949408
"ARFGEF3",4.48391052590717
"EEF1AKMT3",4.47887275593329
"TFCP2",4.47593442942527
"TRMU",4.47283427297369
"PSMB5",4.46864734953842
"ARSK",4.4608163477696
"MT-TL1",4.45153583143658
"C15orf48",4.44993755121327
"ZNF772",4.44932580840686
"RPL21P60",4.44854660927684
"FDXACB1",4.44835129813769
"RAB5C",4.44612080674446
"RIN1",4.44526515155591
"PDIA3",4.44496277834315
"LIMD2",4.44290143136048
"GNG11",4.44213662727943
"SAG",4.43725266797302
"SRR",4.43707092395486
"SEPTIN4",4.43655284982676
"MTFMT",4.43318576519436
"POP4",4.43246634842324
"UBB",4.42441001729341
"UBTF",4.42240574901591
"LILRA1",4.41770818123766
"HIVEP2",4.41125152434685
"CBFA2T3",4.40748033221336
"CISD3",4.40579106723289
"LINC02552",4.40117454872852
"DNAJB5-DT",4.39892998438772
"NAPGP1",4.39818619033269
"LILRB1",4.3974591974311
"NUAK2",4.39608600981836
"SRI-AS1",4.39125775794967
"MITD1",4.39044238648245
"QNG1",4.38866161279246
"PFKP",4.38831860595471
"MIR497HG",4.38767131133988
"TSTD2",4.38282534182156
"TEAD3",4.37887103305441
"ARHGAP5",4.37768056123273
"MIR7106",4.3769505544725
"ATP6V1B1-AS1",4.37361851716567
"MAP3K13",4.37169179378933
"DDX39A",4.37001996764019
"C11orf71",4.36932214155042
"LNCATV",4.36705554941549
"EML1",4.3640630866595
"SNX25",4.36377585272033
"SYTL1",4.36320462486685
"COL21A1",4.36278458512616
"HCCS",4.36095159469774
"RPL35P2",4.35729910723442
"FBXL6",4.356891293106
"TRIP11",4.35671247831295
"FUNDC2P1",4.35456050375721
"FKBP1A",4.35210786570842
"WDFY4",4.35128710720671
"UHRF1",4.34851365519863
"HMGN1P1",4.3447198076158
"SLC35A2",4.34327226330813
"DBNDD1",4.3412365812903
"ZNF425",4.33970843915569
"C1orf54",4.3384044037879
"LINC02506",4.33675445802221
"TBL2",4.33443739054215
"FHOD3",4.33347852673442
"SDAD1-AS1",4.32028581695658
"HSH2D",4.3130732999886
"STIM1",4.30728479457176
"ACRV1",4.30539018654312
"CPTP",4.3045912108268
"MICOS13",4.30433823936651
"NR2C2AP",4.30228113465635
"EIF1AX-AS1",4.30215093787733
"MIS18A",4.30059240970715
"VASH1",4.29629531732639
"ZNF691",4.29617054639863
"SMG1P6",4.29378058244779
"CEP112",4.29308715740616
"RPL36AP11",4.29280965394648
"ALKBH3",4.29235712878718
"LINC00519",4.28781983179641
"TTC39A",4.28252195578443
"URB2",4.28212833809856
"STK39",4.28069404488468
"GPS2",4.27832997749394
"HGH1",4.27725902900638
"COPS4",4.26689310141091
"BSN",4.26669917232318
"NDUFAF4",4.26559220078318
"NAALAD2",4.26041763308571
"RPL7AP62",4.25676363545404
"DGAT2",4.25238113360348
"ZNF818P",4.25215351564806
"PSD",4.25190137947844
"AMBRA1",4.25115287933666
"ZNF667",4.24680901625717
"GABPB1-AS1",4.24376554279711
"C10orf88",4.24058512530027
"PSMD13",4.24001738144071
"EXOG",4.22955704963222
"MCMBP",4.22710062668474
"RAP1GAP",4.22309939160646
"MOV10",4.22188785578766
"HDHD5",4.22148784341462
"STIMATE",4.2189128348709
"PGAM1",4.21179969244351
"UNC13A",4.21178777267173
"TMSB4XP2",4.20756138740515
"PSME2P2",4.20395149629042
"GBP6",4.19651115169841
"LTBP3",4.18774352234486
"ALDH4A1",4.18571244373683
"EXOC6",4.17826854803079
"ZNF428",4.17787801355703
"BBS4",4.17446642424671
"MPV17L2",4.17114108187674
"GDPD3",4.16413860401771
"NOC4L",4.16379191722293
"SMIM22",4.16340798544948
"NUP37",4.16280126440172
"KLF8",4.16079319247816
"RBX1",4.15909144334174
"RNASE3",4.15270985530325
"PELI3",4.15155178584008
"NUDT12",4.14905345721532
"RNU6-920P",4.14875944143697
"OR56B2P",4.14664099050256
"P2RY2",4.14148455937961
"VRK2",4.13843332429323
"RAB30",4.13743085172101
"SIN3B",4.13280829186593
"B4GALNT1",4.13051944312088
"RN7SL442P",4.13025022423299
"RAB10",4.12973126082311
"STK25P1",4.12584524970205
"PEX14",4.12303511228788
"STEAP1B",4.11961395058811
"ZFP62",4.11921646345654
"RABL3",4.11408310801771
"NCOA5",4.11109824718893
"LINC01397",4.10798448532142
"GNL2",4.10793868841991
"YIF1B",4.10773983433599
"PHPT1",4.1059788383081
"RPL39P38",4.1053635240496
"CENPT",4.10226538413031
"CWC27",4.10157970477707
"KIF25-AS1",4.10006454269142
"PHC2-AS1",4.0993331821297
"RHNO1",4.09766903476981
"TMEM18-DT",4.09665057901117
"AARS2",4.09540838395583
"DSTNP3",4.0930545267839
"RNU6-1005P",4.09265951427369
"DUS3L",4.09263209960434
"LINC01095",4.09139698878935
"RN7SL156P",4.08907196302806
"TERF1P7",4.08807119404109
"KIAA0930",4.08383506342792
"TUBA4B",4.08215588240715
"PTPN11P3",4.08065690084183
"TRH",4.07751055880544
"DHX33",4.07342693715377
"MCM3AP",4.07243681754947
"MARCKSL1",4.07038983138105
"G6PC3",4.0700075965238
"MIR1277",4.0686382501216
"ST8SIA6",4.06779535588042
"FARS2",4.06402867965451
"PLEKHH1",4.06255202895668
"RABEPK",4.05805151918815
"EIF2AK1",4.05545349453764
"USP2",4.05308850221166
"CYCSP52",4.05052963903943
"ATP5MC3",4.04610967101244
"PTPN23-DT",4.04532051492887
"SCD5",4.03965552800249
"GNGT2",4.03347489667195
"B3GALT2",4.03085066283648
"SLC39A2",4.03066512227702
"CIBAR1",4.03031041951036
"CLEC1A",4.02848284476747
"BAK1",4.02844160547035
"DDA1",4.02618145051325
"IL22RA2",4.02539270205024
"ZNF48",4.02411180592664
"YAE1",4.01922109500184
"CD151",4.0176379463192
"BPIFA1",4.014760668746
"INHBA-AS1",4.01255044229928
"SIX5",4.01234081417229
"IFI30",4.01071828741929
"DNMT1",4.0106187435362
"DPYD-AS1",4.00997042254182
"ALDH1L1-AS1",4.00951744769002
"H2BC6-AS1",4.00636569711887
"PRNT",3.99984066635405
"MYL9",3.99973942352688
"GDPGP1",3.99964244918905
"PFN2",3.99953124334492
"AFF3",3.99948044335504
"MMS19",3.9982411171667
"ZNF844",3.99800213196825
"SMAD1-AS1",3.99282574164857
"RNU5E-10P",3.99268095192233
"SCN11A",3.99034201148481
"THEM5",3.98902219550424
"AIFM1",3.98511372099002
"FRMD3",3.98088154919978
"AFDN-DT",3.97709412342109
"PRICKLE3",3.97658569640937
"LINC02625",3.97551316183954
"SKI",3.97466632861873
"KRT7-AS",3.97373941941031
"DNAI3",3.97021146568078
"AAAS",3.96958754863797
"USHBP1",3.96668834061369
"RBISP3",3.96661122248245
"FAM98B",3.96606218038439
"PSMD1",3.96035509424881
"PSMA1",3.9591479851205
"MPC1-DT",3.95771128790793
"BEND3P3",3.95753643653015
"MIR4258",3.95547731388227
"ARF5",3.95538709299728
"NCKAP1",3.95454747673101
"RPS27P15",3.95310957782681
"SLC4A11",3.95223558993177
"CCDC17",3.9498045458023
"RPL29P26",3.9475111068534
"NTN1",3.94683835485699
"KCTD3",3.94567501858808
"SLC8A1",3.94496340278919
"RNU6-213P",3.94253513466628
"CATSPERE",3.94045928965553
"ZNF717",3.94033475493668
"CLIC3",3.93549817112765
"LINC02226",3.93029487966727
"FGF6",3.9295563595778
"SCYL2P1",3.92925017817049
"ACP3",3.92663368163867
"LINC02009",3.92602636653319
"ENTREP3",3.92509748326683
"PA2G4P4",3.92443994463428
"JTB-DT",3.92267148602706
"NME2",3.91591052925221
"HSP90B2P",3.9153242904392
"TRIP13",3.91141643489915
"KLHDC4",3.90782272126197
"FLVCR1-DT",3.90485824239337
"TMEM232",3.90248633094642
"RPL10P5",3.90114630081975
"NIFK",3.89975149445481
"LINC00265",3.89779533253722
"PON2",3.89430184835473
"C15orf40",3.89258955943773
"LIMK1",3.89229104389748
"RNA5SP207",3.89056237110167
"DZIP3",3.88917040827476
"MYO10",3.88833901285736
"KIF23",3.88392221919571
"JOSD2",3.88123541253089
"ODAD4",3.88017414743863
"NDUFAB1",3.87120922071133
"DENND1B",3.87046296139718
"E2F4",3.86984340412358
"POGLUT3",3.86920904478643
"UBE2I",3.86274882091503
"PMVK",3.8618470262087
"LRRN4",3.86119530067572
"FAHD1",3.8584672278969
"BCAR3-AS1",3.85741377968628
"SNRNP40",3.85581345777368
"ATP2A1",3.84812062673858
"CTPS1",3.84751103064496
"FERMT1",3.84647931327929
"CDK5",3.84575838419751
"FOXN3-AS1",3.8449894177743
"FUZ",3.84336785845959
"HAR1A",3.84027815234747
"SLC4A4",3.83946528803581
"RNA5SP307",3.83927217847859
"SLC1A4",3.83859363115045
"PDCD2",3.83674649114103
"LLGL2",3.82788901110154
"GSTM1",3.82396458318546
"SWT1",3.82034889695583
"MFSD12-AS1",3.81960377002298
"OLFML3",3.81446000237409
"TRGJP1",3.80968427198159
"CAPN3",3.80839257810427
"TWNK",3.80463318565448
"IGF2BP1",3.79973905512019
"SDHAF3",3.79425873758226
"EGLN3-AS1",3.7932820696847
"ORAI2",3.79310527304401
"MLEC",3.79182590582403
"SEPTIN8",3.78964822534257
"NXT1",3.78802546653369
"AP1S1",3.78470477387786
"OSGEP",3.78433085521055
"SLC26A6",3.78149023220397
"RRP1B",3.78110037655349
"IER5",3.78063310282382
"RN7SL74P",3.77530178339336
"NPRL3",3.7744733991792
"INO80",3.77393376099196
"ASTN2",3.77134629235211
"GABRG2",3.76649778779492
"SPANXA2-OT1",3.762165925097
"RNU6-212P",3.76058405453159
"KIF2C",3.75892970307179
"ZNF551",3.75785088559228
"COX16",3.75672673397331
"FAM215A",3.75161779284183
"PKN2-AS1",3.74564515803743
"BICD1",3.74533674867936
"PHLDA3",3.74519001117195
"EIF2B3",3.74317835113079
"MED8-AS1",3.74038618008781
"SNRNP70",3.73886140843219
"AKIP1",3.73698900386559
"PCGF2",3.73534840871464
"ZNF681",3.7296180599535
"SDHB",3.72834921724071
"CNDP2",3.72784440829656
"SNRPE",3.72741736810895
"ZNF585A",3.72459878850057
"FOXD2-AS1",3.72286818654819
"LRRC75B",3.72188191909489
"AKR1E2",3.71939570255017
"CYC1",3.71829425394152
"ELOVL6",3.71812780680491
"BCORL1",3.71811989406682
"TRIM44",3.71760443485489
"COA6-AS1",3.71745722387362
"SPX",3.71506608949375
"INKA1",3.71283949212036
"MFFP1",3.71186964313805
"ALG1L9P",3.71168567575806
"PTMAP12",3.70944392933138
"VN1R84P",3.70889401623079
"SLC29A4",3.70659897420856
"HNRNPA1P40",3.70642512246679
"RMI1",3.70504300920496
"UBE2A",3.7044687566761
"CLEC6A",3.70375069547275
"MRPS14",3.69596741839153
"PC",3.69393878709069
"P2RY14",3.68780128721145
"METTL14-DT",3.68776977140092
"NDUFAF1",3.68557500041776
"TREML2",3.68403714981277
"TCF19",3.68233031416223
"YES1P1",3.68198109216395
"PPP1R35-AS1",3.68136486269161
"CLHC1",3.67585833719347
"CENPU",3.6756037604695
"EDNRA",3.66876956508881
"ERCC8",3.66757613829877
"PPP2R1B",3.66676207802091
"DOCK10",3.6661449741246
"CLNS1A",3.66593974583938
"STX6",3.66582430140785
"STK19",3.66348010211197
"SENP6",3.66306322725824
"ZSWIM1",3.66146880388471
"UCP2",3.66025477509868
"SOX5",3.66007548405229
"UTP15",3.6590975237384
"GPR85",3.65846712915068
"TMUB1",3.65417499508178
"NNT-AS1",3.64610048486927
"RANP1",3.64577113742324
"MRPL21",3.64486937120905
"MARCHF8",3.64463083306253
"MZT2B",3.64454189910802
"PMM1",3.63641286356239
"UBIAD1",3.63395392934931
"DCBLD1",3.63320360684455
"TCTN3",3.63162698240891
"CDC123",3.63016353038557
"UVRAG-DT",3.62964909247521
"RN7SKP239",3.62506056380687
"AMN",3.62498251530827
"PYY",3.62432169156507
"PHB2",3.62149923580073
"PROCR",3.6202402159099
"POLR2B",3.61536464068836
"RNA5SP483",3.61453058882143
"HLA-F",3.61247950136194
"EXOC3-AS1",3.60735567915044
"HOXC4",3.60700281752806
"CALCRL",3.60650944285409
"PRR22",3.60527799547008
"SEC23B",3.59727424326534
"TNK2",3.59425987353755
"B3GAT3",3.59322790367398
"MX1",3.59103189529751
"RNA5SP37",3.5867718460474
"CHMP2A",3.5865431071974
"SSB",3.58639914341142
"C6orf136",3.58593384129737
"DLEC1",3.58349631359531
"SEPHS1",3.57928829397372
"NPHP1",3.57590591706727
"POLR3K",3.57562185033145
"RPS12P28",3.57312861615987
"EBI3",3.57095161251594
"VSIG8",3.57057815804766
"ACVR2A",3.57040428032587
"CCL4L2",3.56732848340899
"CST7",3.56675501543105
"IFITM9P",3.56547099815627
"IFIT3",3.5625767736289
"HLA-C",3.55941271560646
"UNC5B",3.55671981124558
"RPGRIP1L",3.55457275190695
"PRMT7",3.55112111931731
"NYNRIN",3.5494124984497
"PTPRZ1",3.54879435608702
"FDPS",3.54267946356079
"LYRM1",3.54214442755341
"MAPT",3.54186262184483
"PRR19",3.54166812631531
"LMO7-AS1",3.53588273059829
"ZNF775",3.5340044700947
"DERL3",3.53339223969458
"INIP",3.53229972879223
"LANCL1",3.53063602544724
"C4orf50",3.52967679563596
"MPHOSPH6-DT",3.52811596593954
"CCL17",3.52652860292212
"MTND3P9",3.52605700215436
"LDLRAD3",3.52536469210607
"PCDHGA12",3.52484065588518
"TMEM200B",3.52463674712139
"DNAAF10",3.52443493623874
"HSPG2",3.51818949566411
"B3GALT4",3.51818441742857
"DBNL",3.51692312118822
"DOCK8-AS1",3.51686291858976
"ENDOG",3.51524780865851
"MRAP-AS1",3.51207603086477
"PSMD8",3.5070225059691
"C1orf21-DT",3.50345840746173
"PCDHB11",3.5031889869959
"LINC00964",3.5031889869959
"LINC02303",3.5031889869959
"MRPS23",3.5013030819153
"FARP1-AS1",3.50008063675956
"NCBP1",3.49710381108612
"MKRN2OS",3.49686121404023
"SZRD1",3.49440223676434
"PRTG",3.49260727970087
"CABYR",3.49069770664102
"REXO1",3.48608902695875
"PRKAR2A-AS1",3.48372922908962
"SCIN",3.48003130865376
"CKS2",3.47700062093667
"MEA1",3.47375980536409
"DDAH2",3.47084866431369
"KCTD17",3.46784276495923
"LIF",3.46721895140619
"TTC9",3.46648796891241
"KLHDC7B-DT",3.4650738365336
"PML",3.46294005062222
"SLC6A20",3.46279805891076
"ATG3",3.46122240243832
"JUNB",3.45951306029705
"VTI1BP4",3.45746553608079
"HCG4B",3.45526924879518
"NDUFS6",3.4544489094235
"INAFM1",3.45427998016558
"ARID1A",3.45411971987077
"EYA3",3.45290835202018
"GAPDHP1",3.45113047783271
"RFX1",3.44961180425342
"SNORA74C-1",3.44741903009552
"RPS4XP14",3.44669663105028
"SDR16C5",3.44386277965484
"PSKH2",3.44281193778361
"KAT2B",3.44228016475163
"RPH3A",3.44138957830692
"APRT",3.4354496218702
"NCAM2",3.43515297711797
"CRADD-AS1",3.42938257634346
"MYLK-AS1",3.42433936020254
"ZBTB45",3.4216510378994
"OTOG",3.420085949493
"RASAL3",3.41815636737642
"PCAT6",3.41701715531434
"MRPL39",3.41570171703158
"MAP3K7CL",3.41371287710229
"FAM43A",3.41158454186807
"ZNF738",3.40919420491691
"DUBR",3.4090436870565
"PANDAR",3.4075736544513
"C5orf63",3.40601566364894
"RN7SKP230",3.40584303162702
"SLC4A2",3.40411107564349
"PODXL2",3.40361704291371
"ATE1",3.40346011132131
"TYW5",3.40151204014114
"MT-TA",3.40000315485789
"PSMC3",3.3968623503749
"PRRG1",3.39634767705041
"S100A10",3.39626431543748
"ERICH6-AS1",3.39623642161681
"C8orf82",3.39618031626292
"MUC13",3.3948737447061
"CAP1P2",3.39404762452792
"ARMC7",3.39321925317755
"TRAF3IP3",3.38832236070681
"TAF10",3.38686195133597
"TMX2",3.38582024170594
"USP5",3.38319564725433
"EPHA2",3.38288330091393
"ZNF444",3.37890977538378
"TEX2",3.37800916176175
"FRG1",3.37525909189235
"UQCRFS1P1",3.37298252876588
"GAPDHP60",3.37123948048281
"ST6GALNAC3",3.3698231066622
"H1-5",3.36948875413498
"RMND5B",3.36945143909885
"ST14",3.36798500235997
"RAB40C",3.36424858400731
"SPTBN5",3.36377883321149
"NR2F2-AS1",3.36227704631085
"ENO1-AS1",3.36191894935265
"GTF2H2C",3.36158412328346
"ZBTB7C",3.36020458199422
"SCLY",3.35754206562904
"MCM4",3.35212305088483
"HK1",3.35109330288121
"ARHGAP11B",3.35000349960221
"TP53TG1",3.34833996196116
"STON2",3.34741673012593
"SLC12A9",3.34650964024899
"TRIM26",3.34487158911144
"ATAD2",3.34394256350425
"RPS2P32",3.34305627041375
"EXOSC10-AS1",3.34232785346217
"CD101",3.34054051918059
"TNNI1",3.33946183579581
"NDUFAF3",3.33751963430364
"GOLGA8N",3.33586439979696
"CBX6",3.33180668412644
"HNRNPA3P17",3.32492114515342
"MIR17HG",3.32478748528542
"LINC03013",3.32346269614998
"SF3B5",3.32342365759461
"UTP6",3.32291237893917
"ANAPC11",3.32153741220924
"UCA1-AS1",3.32103220976692
"TEX261",3.31960230994967
"METTL8",3.31933494979134
"EFNA4",3.31828170904269
"POLH-AS1",3.31758719659579
"ECHDC3",3.31659029094813
"LINC00323",3.31612176244048
"ZDHHC13",3.31522675815742
"RPL7AP35",3.31295102287992
"AIP",3.31221892870662
"SYT15B",3.31087818718288
"IDH3G",3.31040113305745
"ITGA3",3.30995577188725
"KANTR",3.30930537853307
"SLC1A1",3.30886089410684
"IFT22",3.30714784337175
"SERF2",3.30513640829514
"CD53",3.30430537624792
"KCNMB1",3.30411023095966
"RNU6-275P",3.30274320415569
"WDR18",3.30138279165923
"NDUFAF8",3.3011601968394
"CD226",3.29930779419767
"TYW3",3.29767310986946
"UBE2Q1",3.29402282504498
"GPR137C",3.29348497644889
"SCLT1",3.29317923396239
"MRPL18",3.29211761542486
"ZC3H12A",3.28960818823622
"CEACAM4",3.28519832903887
"FKBP1B",3.28345573372958
"UBAP2L",3.27821450262201
"MBD3",3.27664568349002
"TIMM8B",3.27454055365152
"MYEF2",3.27392376981988
"RPL39P36",3.27267799913974
"SALL4",3.27211901850169
"CFAP410",3.270112554941
"BCL11A",3.26835401563799
"CASP8AP2",3.26822021688544
"TMCO1-AS1",3.26446883501245
"MRPL28",3.26318545655955
"BRINP1",3.26262653051012
"TBX6",3.26247408737998
"HAR1B",3.26097850635992
"BEX2",3.26024848701859
"CDKN2A",3.25880569623089
"DESI1",3.25794314654541
"LRTOMT",3.25762581188736
"CMTR1",3.25761250964237
"IKBKG",3.25457906946618
"SMG1-DT",3.25388661136229
"STXBP1",3.25328180822723
"PCAT19",3.25287418974427
"ZFAND2B",3.24902810024839
"RPL21P94",3.2461839539398
"RN7SL302P",3.24542910726487
"DNM1",3.23959288036627
"ROPN1B",3.23552726748805
"TMEM102",3.23491641348599
"TCAF2",3.2320260103252
"CLIC1",3.22888064627657
"S1PR1-DT",3.2270047935809
"TRMO",3.22693234861029
"C1orf74",3.22333677362247
"CDC42EP2",3.2228889178477
"TMEM199",3.22287442623267
"NHP2",3.22165504787341
"APOO",3.22150426518907
"TBC1D30",3.22043767081496
"ATP5F1A",3.21899041744187
"MTDH",3.21896574360488
"BBX",3.21896464930714
"ZFPL1",3.21663339340017
"MVP-DT",3.2157795974404
"TIMM9",3.21212411587948
"CAPRIN2",3.21174782359752
"CFAP100",3.20915502730035
"GLYCTK",3.20747416261758
"ACSBG1",3.20689838047235
"SUPT5H",3.20677207473841
"DDX51",3.20543939264679
"NCOR2",3.20510372147222
"MAP2K2",3.2048793546311
"SNRPG",3.20231733017402
"TMOD1",3.20169765075766
"CIDEB",3.19959179194097
"CPT1C",3.19558901684262
"HOXA5",3.19082948966508
"SDHC",3.18881151166015
"RN7SL521P",3.18857845749039
"OR7E53P",3.1856805834557
"MBOAT2",3.18433697180414
"NAT8L",3.18167465742829
"MIR762",3.18102324837543
"ARHGEF3",3.1754521189945
"NAT9",3.17522730204783
"KDSR-DT",3.17499567032073
"SEC24D",3.17220326334088
"FAM114A2",3.17198747764453
"TMSB4X",3.16946428118331
"RUNDC3A-AS1",3.16872342330204
"COA3",3.16587388963404
"PKM",3.16497187832784
"NME9",3.16397289086767
"PSMB3",3.16323252952439
"CCNB1",3.16208570399377
"SMAD9",3.16068423670216
"LAMTOR1",3.15848482634455
"ANKRD11",3.15649581298976
"ZNF467",3.15448676514179
"SARS2",3.15296668527588
"VPS51",3.1520395448918
"MT1P3",3.15028716799882
"RPL7P32",3.14725273126223
"KLHL25",3.14712474102942
"MIR3190",3.14709093928023
"GCFC2",3.14625871272204
"LZTR1",3.14623485044551
"MIR425",3.13862711237938
"ZNF709",3.13760277450659
"LINC01005",3.13699381409883
"PLEKHM3",3.13614866685524
"ZNF880",3.13475100718614
"NUFIP1",3.12926555400371
"ATP6V0E2",3.12536674324563
"F8A1",3.12349648389173
"RNU6-25P",3.12068501078143
"RSRP1",3.1195658122996
"PPIB",3.11753961212353
"EHMT2-AS1",3.11625406501513
"CDC42P4",3.11535818605319
"BRI3BP",3.11392113186471
"ZNF654",3.11218587234376
"EFNB2",3.11139055718839
"SNAP29",3.11015459591757
"RALGAPA2",3.10832028636972
"KDM1B",3.10823928820995
"RNU6-204P",3.10564573418735
"FAF1-AS1",3.10235666329807
"NUBP2",3.10202108569072
"VPS11",3.10055083210811
"PDCD2L",3.0992275975393
"DAB1-AS1",3.09740498849447
"SLC6A15",3.09575937765
"ABHD11",3.09501630851368
"MIR6775",3.09466131014469
"RIOK1",3.09464040211577
"COL19A1",3.09366688292053
"SENCR",3.09291389801969
"TUBGCP3",3.08980689706767
"RNH1",3.0897556719329
"RPS2",3.08742181977813
"RNU4-62P",3.08619160829351
"GMCL1",3.08561342423759
"CENATAC-DT",3.08202453139189
"SMARCE1P6",3.07986079853844
"CCT7",3.07967168623712
"MBD6",3.07889525321851
"PDZD11",3.07602067141149
"LAIR2",3.07501238689068
"MTND4P23",3.07391092783126
"RPS5",3.07329896723184
"CFAP61",3.07163040762126
"DRC7",3.07112957644513
"BNC2",3.07040776964348
"AKR7A2",3.06859478143077
"PRKAG1",3.06806759136769
"SLC35B4",3.067114439324
"SARS1",3.06671840808468
"AGTR1",3.0656338162799
"PPP1R1B",3.06235541947387
"BOP1",3.0622277293673
"TRAPPC3",3.06212606517459
"GKN3P",3.06106276291335
"IFT140",3.06095589550327
"PUDP",3.05918587044303
"MAK16",3.05907712347448
"TLCD1",3.05889857460624
"SPRYD7",3.05514424843367
"OIP5-AS1",3.05506870129117
"MTND6P11",3.05484163679865
"NBEAL1",3.05342611284334
"SGTA",3.05287167680799
"ADNP-AS1",3.0525234546943
"ENTPD8",3.05140655599821
"WHAMMP3",3.05100988831707
"HTR1D",3.04818101391669
"TOMM5",3.04769041737209
"DNAJC8P2",3.0476603589999
"LYL1",3.04681354447438
"MRPL48",3.04637774846155
"MTCO2P12",3.04232426445557
"RPL34-DT",3.0414518979456
"SNX22",3.03996186261766
"VAC14",3.03872123015647
"SMARCA5-AS1",3.03795425142345
"RNU6-123P",3.03781560078797
"BMP8B",3.03660300023722
"LINC02700",3.03643161597005
"HLA-DQB1",3.03541626918601
"CCDC6",3.03205461050905
"KDM2B",3.03175012392159
"PEX26",3.031621348107
"PSME1",3.02980924359195
"PPP5C",3.02840618022792
"LPGAT1",3.02824497497449
"FTSJ3",3.02818204795805
"PEA15",3.02801411054037
"SETD6",3.02782780776227
"MORC3",3.02614012664739
"EIF6",3.02494089826693
"SHISAL2A",3.02266325889993
"IFIT5",3.01640253976345
"RPL39P16",3.01558281529011
"COPS3",3.0152873812456
"DMPK",3.01450184437986
"HSD17B10",3.01414690929461
"CHMP6",3.01126883577513
"SDK2",3.01117463891515
"KEL",3.00839521615597
"PDHA1",3.00755726107174
"CHRNA6",3.00729599367007
"MDN1-AS1",3.00540544958448
"RIOK2",3.00495657363528
"RPA4",3.00249116672274
"SRI",3.0000569316639
"KLHL33",2.99930988601684
"RPP14",2.9970521949235
"LATS1",2.99288106119164
"MT-CO2",2.98808571615428
"CEACAM19",2.98656372015564
"MRPS15",2.98398101577904
"C11orf24",2.98259035450909
"MT-TF",2.98187535066033
"KCNQ1",2.98032794600337
"SUCNR1",2.97981228691788
"PDE10A",2.97947003212655
"NAV2-AS2",2.97936921601359
"ZSCAN16",2.97740315132919
"UBTD1",2.97720251467667
"NOS3",2.9763977219112
"CRIP1",2.97342986041803
"MIR16-1",2.97095144098526
"TAP2",2.9673171455264
"PALM2AKAP2",2.96401353008123
"PLGRKT",2.96341401143924
"CDK12",2.96194618639167
"RNU6-1158P",2.95508759008902
"FAM227B",2.95488225793337
"PAQR6",2.95469305154588
"MACC1-AS1",2.9521932463056
"LINC02356",2.95072602090378
"POLR2L",2.9496364667557
"EEF1E1",2.94641268631676
"SYVN1",2.94131085298463
"COMMD8",2.9410819242087
"ARL13B",2.93984260132753
"TCP11L1",2.93949253169315
"LAP3P2",2.93693761247225
"GADD45GIP1",2.93673290158417
"ABCC11",2.93574257334619
"LSM10",2.93258352641148
"ALDOC-AS1",2.93074480999392
"CIAO2B",2.92805063894882
"OXCT1",2.92702052686889
"MIR4777",2.92515832432949
"LINC00529",2.92489844758027
"RPS5P2",2.92072649187497
"NSUN6",2.92017988874077
"NIFK-AS1",2.91719287058116
"ECI2-DT",2.9154957184701
"CCNT2-AS1",2.91402433359301
"CHD6",2.91400875414976
"DNAJC24",2.91393202125174
"LDHA",2.91226744366688
"CKS1BP2",2.90983332319648
"GLRX3",2.90885164703406
"MYO1E",2.90548291667947
"APEH",2.90480722615834
"AHSA1",2.9046029872427
"DPCD",2.90351304050553
"FFAR4",2.90321336333154
"GMEB1",2.90302047379945
"TRIM72",2.90177658747416
"DCTN1-AS1",2.90148445743144
"ABCF2",2.90120924445187
"GET3",2.90058039390313
"ERCC4",2.90052931609783
"THUMPD3",2.90026700297347
"PPIAP72",2.89931809741851
"SCO1",2.89812592565125
"TRAF1",2.89736831438859
"COL13A1",2.89525683558778
"RDM1P2",2.89471144226045
"HIRIP3",2.89349804388583
"STMN3",2.89315852024009
"CRELD2",2.89145335358789
"RPS24P12",2.88795384990374
"ALDOC",2.88768112167698
"CASP4",2.88362688856813
"OR8B4",2.88033458711336
"IRF3",2.87881570422416
"SSNA1",2.87868825298792
"HNRNPR",2.87521598936047
"NLGN2",2.87515454108333
"TBX19",2.87509495225406
"ITGA2-AS1",2.87506675518302
"B3GNT4",2.87452064073137
"HLA-W",2.8740478838101
"PEX12",2.87277316474984
"KCNK17",2.87276723701463
"ABCC2",2.87222458995397
"SZT2",2.87072083430878
"NRIR",2.87041784018271
"TGS1",2.87029290676218
"STX17",2.86777469344251
"LIMA1",2.86710039895382
"MIR4482",2.86708704575847
"DYNLL1",2.8665604313384
"SH3BGRL2",2.86517282250327
"LDHAP7",2.8641365043215
"TRIM65",2.86231264566287
"TMEM41A",2.86165430627837
"ZNF440",2.8612461158581
"LRRC59",2.86001646512681
"ZC3H7B",2.85926065504726
"TIMM21",2.85872915927443
"SLC35G5",2.85819111600253
"THOC6",2.85790229986742
"CRLS1",2.85628338312829
"P2RY11",2.85583825793022
"KLF2-DT",2.85509591418901
"YKT6",2.85363918935244
"CDR2-DT",2.85332068129197
"PKIG",2.85311379409989
"GMPPA",2.85256808333479
"UROS",2.85221049408293
"MTX1",2.85000679554192
"RNU6-395P",2.84753199332467
"GSCAR",2.84728289067153
"ANKRD27",2.84716853508552
"ATAD2B",2.84568655330866
"ST6GALNAC4",2.84372630541567
"TCF4",2.83992970088158
"MIR4665",2.83809931005545
"FHAD1",2.8375029776316
"ABCA2",2.83576190166935
"TIMMDC1",2.83503810546581
"GAREM2",2.83462872389932
"ATG4A",2.83312207429124
"PSMB1",2.83241134838078
"PERPP3",2.8312835467443
"ETV4",2.82774510619776
"ARHGEF4",2.82723786591351
"NEK8",2.82666034864943
"RPL12P14",2.82536339408557
"MTA1-DT",2.82525416173843
"ACAA1",2.82485307407029
"OSBPL3",2.82443983074661
"PLCE1-AS1",2.82342273110731
"WASF1",2.82309574227495
"RNF103-CHMP3",2.82223991592323
"ISLR2",2.82073120593982
"VRK1",2.8200545647419
"TBL3",2.81852632824421
"MAP1B",2.81839127146848
"SNORD3B-1",2.81827526713435
"EFHD2-AS1",2.81815365811151
"RNU6-807P",2.8170123978528
"CCDC26",2.81487217224666
"NDUFA8",2.80816250870403
"BET1-AS1",2.8066770554199
"RPL26P6",2.80616225485101
"EXOSC7",2.80558265590962
"NRARP",2.8054250927576
"C3orf52",2.8049769793065
"SEMA7A",2.80183530049288
"C4orf46P3",2.80158913210534
"THAP5",2.80126300649656
"FLNA",2.80027955781213
"PARP16",2.79856410764104
"LYRM4",2.79577368270956
"ETHE1",2.79543837479126
"COX10",2.7945786568742
"PLXNB2",2.79214790544663
"RPS2P28",2.79176088918434
"LINC01646",2.7912320480207
"DHX9-AS1",2.78746981309653
"GPALPP1",2.78623175678948
"TOM1L1",2.78370926403095
"CYP2R1",2.78246470073885
"NPIPB6",2.78148657962064
"RTN4R",2.78142881948274
"NDUFB3",2.7812144389185
"RAB40AL",2.77788018787417
"PI4K2B",2.77768792558309
"SYNPO",2.77568577629025
"IMPACT",2.77557897342892
"ZSCAN21",2.77407942555689
"COPS8",2.77389111291345
"RNY4P34",2.77331296104254
"TTC9C",2.77215171089272
"NOP16",2.77108721775628
"KARS1",2.77029173171456
"PATL2",2.76885969879339
"COPZ1",2.76293909963059
"EDRF1-DT",2.76092949176797
"AURKAIP1",2.75727171857683
"RPP25L",2.75586361199141
"UXT-AS1",2.7557945451252
"KXD1-AS1",2.75570939343185
"TRIP4",2.7536771376097
"AGFG2",2.75154735885089
"MGAT5",2.74878321215451
"ALYREF",2.74744090517709
"TNNI2",2.74685851343325
"MTMR14",2.74644206596826
"TEX38",2.743268078722
"APOL4",2.74298853815196
"DHDH",2.73878396449137
"ACAT1",2.7359006421287
"GPR18",2.73269388826554
"SMARCA4",2.7273497604576
"YEATS2",2.7197197929982
"SNX29P1",2.71785207528543
"TBRG4",2.71593745809909
"JHY",2.7140110941592
"OR7E31P",2.71082106845273
"TRAPPC5",2.71013366291399
"OAS2",2.708944734999
"COX7C",2.70818262938519
"RAB11FIP4",2.70776469631873
"BAIAP2-DT",2.70531072978268
"MOGAT1",2.7042726303013
"KCNQ1-AS1",2.70357838174546
"IL21R",2.70133098501285
"RAVER2",2.70028601645522
"COMMD3",2.69989046962514
"LINC01116",2.69607205040007
"EML4-AS1",2.69531614244254
"NECTIN3",2.69515940504271
"GSK3A",2.69387061682152
"FASN",2.69316483718853
"LINC02988",2.69053029188439
"GEMIN6",2.68674994833244
"DARS2",2.6794422884466
"MMP17",2.67907126280477
"OPRM1",2.67895036637995
"PSMA4",2.67772009850405
"METTL24",2.6769555120394
"PYGO2",2.67626488018498
"TLDC2",2.67063329089126
"DNAH6",2.67006114286903
"LRP3",2.66427542419236
"SNAPC2",2.66355611122022
"GDPD5",2.66273095896886
"RALB",2.66173798127286
"RASAL2",2.65979259703567
"ANKRD54",2.65656744623805
"RNU7-45P",2.65581396280321
"ITFG2-AS1",2.65159695306475
"TAS2R30",2.65073665806734
"BLTP2",2.64963838514585
"TSPAN9",2.6476497334567
"MIR4432HG",2.64637547939261
"DCXR",2.64301859524285
"TUBA5P",2.64120761891735
"RNU6-125P",2.64088264160666
"SETD1B",2.64072981775783
"FAM149A",2.64022327971308
"AVIL",2.63997414392547
"KLC4-AS1",2.63993574538862
"PYCARD-AS1",2.63986638411702
"ZSWIM3",2.63747740079001
"SNRPA1",2.6369450777789
"TFEC",2.63620403829577
"KCNF1",2.63284070663778
"NAT8",2.63284070663778
"PIK3CD-AS2",2.63201070941973
"TRMT10B",2.63142250090148
"HLA-DQB1-AS1",2.63122063610096
"SNRPGP15",2.63079676757801
"TMEM51",2.63050092212052
"SUSD1",2.62788426934764
"ZNF787",2.62468660939139
"ZNF32",2.62330536957486
"RAB5IF",2.62089433341242
"BMP1",2.62062348539035
"DLEU2L",2.61846510027117
"IFIT1",2.6184050103181
"GTF3C4",2.61555791193701
"TMSB4XP8",2.61508005440086
"ST20",2.61224518527262
"HDX",2.61205121800116
"TMCO5A",2.61053585337909
"B3GNTL1",2.60991326504916
"FANCI",2.60805962304296
"VPS9D1",2.60789163631204
"ATP6V0E2-AS1",2.60710376266355
"ANKDD1B",2.60679113636975
"PSMF1",2.60669890714656
"NSMCE4A",2.60550864884509
"PTPN11P2",2.60531944113935
"KLK11",2.60450344324336
"H4C14",2.60379787364157
"PHOX2A",2.60296765864428
"GAPT",2.60111863625153
"NUB1",2.60022700060489
"HESX1",2.59938526252725
"ANAPC4",2.59859914764041
"GPR79",2.59832177677733
"NEUROD6",2.59681272487719
"ATP5PO",2.59593641547246
"HDAC9-AS1",2.5900672782333
"CHSY3",2.59005955384736
"MTCO1P12",2.58827136445709
"DNASE1",2.58824860394134
"PCDHAC2",2.58821364327484
"DM1-AS",2.58821364327484
"CIT",2.58820193022858
"PIWIL4-AS1",2.58605183668451
"UMAD1",2.58584567239492
"RBMX2P3",2.58516888957573
"IRX3",2.58516888957573
"NCF4-AS1",2.58506210525584
"POLD2",2.58488846443521
"EGLN3",2.58346186399025
"NKAP",2.58203096505277
"ATIC",2.58030237856482
"PDZRN3-AS1",2.5802516533966
"PITPNA-AS1",2.57822834925314
"ST3GAL2",2.57820527076653
"CT70",2.57719684205211
"MYL12A",2.57615508732929
"ENOPH1",2.57559717697323
"SMARCE1",2.57553606785722
"HMBS",2.57529206420513
"LINC02889",2.57474280353038
"VPS72",2.57425520418776
"TOMM40",2.57379221941972
"USP30",2.57363929497498
"PYCR2",2.57331886187278
"EI24",2.56983409487856
"EXOSC3",2.56915674020397
"CACYBP",2.56777215277283
"TNFSF18",2.56570085427088
"TAB3-AS2",2.56539662398322
"RNF138P1",2.5627601815491
"MIR378E",2.56223324859904
"RUVBL2",2.56112023218737
"MCF2L",2.56089795597254
"CAMK2D",2.56073133801142
"USO1",2.56069931176955
"MTG1",2.56054014661239
"TRAFD1",2.55998333487788
"RGS9",2.55897317650273
"ZHX3",2.55184902948231
"RCN1",2.55088774463978
"F2RL2",2.55016976076504
"ACTL6A",2.54996531610796
"TGDS",2.54835302283858
"IGFBP2",2.5475007409693
"IFT25",2.54428846259893
"SPATA31G1",2.54360575110517
"HSDL2",2.54224335955894
"RAC1P2",2.54093900535757
"BCAR1",2.54027472011113
"GOLGA4-AS1",2.53894919966752
"OTUD6B",2.53884995485928
"SLC12A1",2.53526346472293
"PRUNE2",2.53505065577749
"SFSWAP",2.53411609036307
"RNA5SP494",2.5329150567499
"AP2M1",2.53151884682497
"MFF-DT",2.53035722698828
"PKN3",2.52871652739834
"PLEKHA8",2.52791277964862
"MIR101-1",2.52228219251425
"ERC1",2.52169659530003
"PPID",2.52102828528612
"DPH1",2.52096237110619
"SLC66A2",2.5190707767677
"LILRA6",2.51905707307215
"MPST",2.51850889258535
"ZBP1",2.51630135711913
"SEC14L3",2.51615250484056
"PEBP4",2.51496287285494
"TTC32-DT",2.51344968096349
"GLI4",2.51344216078578
"DPH2",2.5131299978766
"TPI1",2.51312131029969
"ZC3H3",2.51112107630179
"PRMT1",2.50927782224381
"HIKESHI",2.5083692481737
"NRN1",2.50685635503504
"PPP1R36",2.50533889651254
"METTL13",2.50243919137614
"ZNF527",2.50069106457052
"GPN3",2.50044100596661
"DQX1",2.50040317369651
"FBXW9",2.50020245834297
"HNRNPD",2.50016648532448
"SLC5A2",2.49826952569349
"PFN2-AS1",2.49694235966836
"GP6",2.49626111714977
"HMGB1P8",2.49623490420106
"CREB3L2",2.49609530596127
"NUBP1",2.49538515938995
"RRS1",2.49513062522554
"NR4A3",2.49449047106743
"CFAP97",2.49155665121958
"FAM50A",2.49038536504776
"POLR2E",2.48847307465376
"C8orf88",2.48815035086666
"MRPL37",2.48452748296677
"SNRPF",2.48257630005297
"CPSF4",2.48250344679976
"ARPC5L",2.4779422969157
"APBB1",2.47748779794453
"OR2W1-AS1",2.47725254372856
"NTF4",2.47661882051718
"NKG7",2.47622032075973
"MEIS1",2.47519210151971
"CLTRN",2.47371710457209
"RPL32P16",2.47237263716427
"NR0B2",2.4709586933052
"MTFR2",2.46936042352554
"HSF1",2.4677264668491
"TMEM39B",2.46605294952528
"TIRAP-AS1",2.46600243171839
"MHENCR",2.46339743703952
"SRFBP1",2.46242124180486
"NSFL1C",2.46186280328612
"ANXA6",2.4617530025516
"ZZZ3",2.46155237198317
"RNU6ATAC24P",2.46150250712715
"TMEM222",2.46013016558706
"RAN",2.45945822365655
"NME1",2.45747516166148
"DNAJB5",2.45620804182644
"LYNX1",2.45463520629412
"CACNG1",2.45291807196392
"RBSN",2.45236369145875
"DNTTIP1",2.44937707445548
"METTL3",2.44854364090246
"MTMR1",2.44780431076518
"UBXN4",2.44535985332702
"RRP7A",2.44478320820757
"MCM10",2.44052016527812
"ECI1",2.44046296745149
"VCF2",2.43926075146047
"ADPRM",2.43733607635469
"ST6GALNAC2",2.43653455733959
"WDR20",2.4364547606807
"MEMO1P1",2.43476805634462
"GSTP1",2.43435796832678
"GHRLOS",2.42898791109197
"RAB6B",2.42752109582222
"TRGV3",2.42643587728685
"TM9SF1",2.42560643985997
"UCHL3",2.42543938362448
"RN7SKP283",2.42478599328675
"FN1-DT",2.42453853895032
"RAD9B",2.42422790621469
"PHB1",2.4227969154332
"UQCC2",2.42251332188035
"NR6A1",2.42185855718526
"FGGY",2.42170795739356
"THAP1",2.42068256878128
"MORC4",2.42030618846953
"LINC01117",2.42001473126659
"SENP2",2.4194189351106
"IKZF1",2.41910875479223
"HIBCH",2.41888233419172
"EHBP1L1",2.41780196207201
"LILRA2",2.4174186533267
"CNIH3",2.41613827782383
"MAN2C1",2.41465490058713
"CYBC1",2.4135721640725
"COX18",2.41342356854522
"C1orf116",2.41327584130744
"OPHN1",2.40976877908698
"TUT4",2.40946290034848
"CEP162",2.40848650792464
"TPRKB",2.40792115037528
"ANAPC10",2.40746869567304
"RNU6-866P",2.40367829588851
"MIR93",2.39750963345694
"INTS12",2.39677995740762
"TMPO-AS1",2.39657084248854
"ESYT1",2.39610858372601
"OSTC",2.39474958931417
"KIAA0040",2.39420968277164
"HERPUD2-AS1",2.39207813768247
"LYPD5",2.39204533127758
"RPS26P21",2.39158595784587
"MRPL35",2.38921434195357
"U2AF2",2.38866930831567
"PLPP1",2.38785670321538
"ALG1L2",2.38580872103818
"TOX",2.38474483430292
"ZNF20",2.38361212948729
"MIR4420",2.3820636159724
"PSMC5",2.38098696142697
"CCNA2",2.37898522683103
"LRRC37A17P",2.37861358413116
"LINC01996",2.37806179792491
"LRP5",2.37800376216287
"ZHX1",2.37765416069615
"IFIT2",2.37756482229932
"CLIC2",2.37743598465706
"ECH1",2.37645808341552
"OCIAD2",2.37575982610564
"PUSL1",2.37531551697238
"STRN",2.37498261494168
"MRPS35",2.37162824548337
"ZFYVE9",2.37055972686938
"UQCC1",2.36815797917628
"SELENOW",2.36707839859936
"NEURL4",2.36549133016008
"RNU7-56P",2.36159722880849
"DNAJC11",2.35937560268989
"SUCLG1",2.35603064065087
"FUBP3",2.35336202613722
"PPP2R5D",2.35251414329314
"IFT43",2.35217754166982
"LRRC18",2.35157145088472
"ZNF474",2.35085159314454
"RNU6-1301P",2.35070422502432
"LURAP1",2.35028193251416
"EDA2R",2.35028193251416
"PSENEN",2.3486450549799
"HSP90AB1",2.34860728064863
"COQ7-DT",2.34827018607178
"DNPEP",2.34499018563488
"LINC02761",2.3448560917742
"RPL21P95",2.34474821234327
"TLN1",2.34421793401335
"RNU4-38P",2.34382601809393
"CCDC86-AS1",2.34334071128786
"TRNAU1AP",2.34255240167221
"LY6G6C",2.3422769738039
"RAB19",2.34129371374621
"CYP2U1",2.34113922311205
"GGCT",2.34058131709433
"KRT77",2.33933489395629
"PIM1",2.3390609591878
"MIR6126",2.33823540288317
"ARRDC1",2.33704079628427
"PCNA",2.33664064904428
"LINC01133",2.33487724466688
"RNU5A-2P",2.33292649739913
"SLC25A21",2.33267424401955
"GRK2",2.33218432667484
"NSUN5",2.33143719766227
"PFDN2",2.33075037992012
"CLDN7",2.32984706808959
"LINC02026",2.32929057158503
"LILRP1",2.32893393319451
"TMCO2",2.32761135984404
"RUSC1-AS1",2.32644808091885
"PTS",2.32626418578968
"LINC02242",2.32504686974082
"BOLA1",2.32479057140134
"SQOR",2.32226836533841
"TULP2",2.31954978392574
"SCUBE2",2.31954117815967
"CAAP1",2.31917117231253
"CLUAP1",2.31844450922838
"NR2C1",2.31606853854635
"PABIR2",2.31402841496676
"ZNF165",2.31398608175058
"CIDECP2",2.31315114507381
"HAX1",2.312997987365
"RHOC",2.31272679112901
"SPOPL",2.3122897227216
"CLUH",2.31103952966633
"GIMAP3P",2.31001796055248
"SH3TC2-DT",2.3074593837818
"ZMYND10-AS1",2.30672714456032
"ABHD15",2.30649293590277
"HLMR1",2.30639193358974
"POLR1A",2.30622924218789
"PRR4",2.30584015467049
"DMAC1",2.30557864189404
"DNAJC15",2.3054060027022
"LINC02139",2.30463002644789
"ABHD16A",2.30383599059748
"ENG",2.30247797119591
"SCGB3A1",2.30245371266545
"POLR1G",2.30220739524715
"CLDN11",2.30159234727604
"H2BC18",2.3002287438509
"CCSER2",2.29997316178725
"SASH1",2.29797107882898
"RNU6-1321P",2.29742575354203
"ZNF35",2.29741290318043
"C2orf49-DT",2.29667745567525
"NUP153",2.29309064650529
"ADH5P4",2.29173854106895
"ITGB3BP",2.29131379659943
"ABCD2",2.29092638769448
"PDLIM4",2.29034469527352
"PRAMEF12",2.29014114838689
"POP7",2.29001330514926
"RPL8",2.28432533977759
"CD160",2.28392646009751
"LINC02019",2.28310159581808
"MED30",2.28225406129631
"PDIA3P1",2.28078297939354
"GLYCTK-AS1",2.27969008110587
"MMP13",2.27956241382419
"ECHS1",2.2793101960874
"IL23A",2.27873100822893
"TRPM2",2.27704682201168
"COQ8B",2.2766617985603
"GIMAP7",2.27652203767018
"WFDC5",2.27560720713672
"HSCB",2.27555745979117
"GTF2F2",2.27350823755048
"RAB34",2.27346308667032
"GPR153",2.2720299611855
"MST1",2.27188441167374
"SNX3",2.27088690752061
"GMIP",2.26975246243327
"CEACAM21",2.26607126677664
"NICOL1",2.26551449742044
"RNU6-235P",2.26376282155748
"RPS6KC1",2.26293048637369
"A1BG-AS1",2.26254816190763
"DLL1",2.26226009427555
"CCT6A",2.26118850144121
"RNU4-78P",2.25914552087511
"LHX6",2.25784035575904
"AP1B1",2.25728925960562
"GTF2I-AS1",2.25680814275036
"PGLS",2.25680050630935
"PPM1F",2.25338015887693
"HRK",2.25209161547503
"KLHL23",2.25194472359494
"ATXN10",2.25004254805593
"ABRACL",2.24932175367059
"CHTOP",2.24905461837688
"ACRBP",2.24824008738799
"PERP",2.24796293244517
"IZUMO2",2.24777458669271
"RPS20P33",2.2477590476027
"PARK7",2.24681872497817
"C5orf24",2.24571501585728
"TOR4A",2.2446325475304
"UMPS",2.24442079895937
"CD27-AS1",2.24372592908228
"LINC02978",2.24253110834586
"LARGE2",2.24165029271669
"C1QBP",2.24021689479918
"ACP6",2.23971406300479
"LSM4",2.23910304281598
"CRLF1",2.23887762157148
"C1orf122",2.23842049461729
"SEMA4A",2.23707963296465
"PCID2",2.23564307527642
"CCND2",2.23390822980504
"PRTN3",2.2332342565507
"PTMA",2.23290988218719
"SH3BP4",2.23234551073401
"DIAPH1",2.23094304324848
"TNFSF12",2.23010002314764
"KHK",2.22993775708913
"GIT2",2.22849980378198
"ARHGAP44-AS1",2.22362066595782
"CFAP144P1",2.22318813391657
"WIZ",2.22067851605275
"SERPINB1",2.21806125422975
"PLAAT2",2.21795365150325
"CCDC32",2.21767431145829
"WDR44",2.21750129491319
"BUB3",2.21428586348642
"IGHV7-4-1",2.20868313097719
"NOSTRIN",2.20799018624859
"TMEM69",2.20724505585864
"NPPA",2.20719219499764
"ALX1",2.20686326753406
"TPM3P8",2.20624483930254
"ZNF771",2.20566861928679
"CENPE",2.20508611837935
"PDCD10",2.20499691268159
"PUM3",2.20480172646126
"LRRIQ3",2.20429636514399
"ELMOD2",2.20232448587934
"SLC1A2",2.20066162350806
"C16orf95",2.19934879097499
"SSBP3",2.19669571285649
"WWTR1",2.19655199180234
"SPOPL-DT",2.19615865479239
"RTP4",2.19594802687177
"SMN1",2.19505735396995
"EIF2B4",2.19435668797907
"UBE2N",2.19314680244985
"EEF1GP8",2.1919570473987
"KIAA0087",2.1919570473987
"HAMP",2.19187410485377
"CFAP73",2.18871379414108
"C17orf67",2.18834846319357
"UBBP3",2.18802543366834
"AKR7L",2.18775981106423
"UBL4A",2.18734013112033
"BCL7C",2.18641861008548
"MIR4484",2.18604360348673
"TIMM17A",2.18548185069471
"DDX60L",2.18546885658325
"ARHGAP17",2.18509557166007
"MAS1",2.18321448213633
"IL21R-AS1",2.1831715641255
"SRSF1",2.1823096638987
"MAGOHB",2.18202865952299
"FZD5",2.18132997102528
"PDRG1",2.17950989576048
"TBKBP1",2.17920740324487
"TGM5",2.17845444206183
"ERVFRD-1",2.17700951867589
"LINC01721",2.17691085914789
"TMEM184B-AS1",2.17590975155586
"SNORD111",2.17338883104173
"SLC16A3",2.17186193077011
"FOXC1",2.17116201673661
"ZNF790-AS1",2.16881075386295
"WDR81",2.16790348652812
"SMARCD2",2.1671608397455
"CCDC28B",2.16630520825729
"TOP3A",2.16598528969951
"JADE3",2.16531743125726
"INHBA",2.16469929760545
"SORD",2.16317077008473
"PGK1P2",2.16183886686275
"KIAA1549",2.16034569331475
"HSPE1",2.15899791678157
"CRTAC1",2.15863139072287
"ERAL1",2.15785794203182
"PSTPIP2",2.15684182896969
"RUFY1",2.15664360949753
"MAGOH",2.15354778263224
"PRKXP1",2.15124134152115
"RNF19B",2.14966221821612
"DTWD2",2.14708216092524
"LAMA2",2.14659403812801
"ALG3",2.14629871991259
"KANK2",2.1462090166432
"B4GALT4-AS1",2.14547279635298
"F8A3",2.14536998571367
"BTBD3",2.14454466878717
"TP53",2.14453728071193
"GPR19",2.1433671700275
"LSM6",2.14332701211178
"POLE",2.1426936374561
"TPGS1",2.14238043597223
"HSPD1",2.14214631775555
"NAXE",2.14051562617402
"IFFO2",2.14043435878608
"HCFC1R1",2.13999508981103
"RAP1GDS1",2.13788710052622
"LINC02812",2.1370627525439
"BVES",2.13647547039887
"CEP15",2.13586506147747
"MTCO3P5",2.13345287044032
"GABPB1",2.13335334193701
"HAS1",2.13110252570966
"CCDC90B-AS1",2.12969881355139
"PARL",2.12930369169331
"SNX10",2.12921664529968
"ABRAXAS2",2.12883113833584
"GOLGA8VP",2.12880779736806
"DAXX",2.12835725843097
"PTRH2",2.1272122693154
"RPS18",2.12702774150341
"SEC61B",2.12660096915832
"LINC02709",2.12632291191684
"UPK3A",2.12454472907804
"RUNX2",2.12425668650814
"RASD1",2.12201801329301
"SIAH2-AS1",2.12139757370294
"RAD51C",2.12111761645229
"RORC",2.12079111196329
"PCBP1-AS1",2.12038229164164
"TMEM185A",2.11700798266927
"MCTS1",2.11638727495074
"ZNF232",2.1151574523589
"SERTAD3",2.11392619144914
"AGPAT3",2.11361259181086
"CIZ1",2.11353233472958
"TAF12",2.10943113084098
"ITGB1BP1",2.10753183224502
"CHCHD2",2.10645368665099
"FBXW5",2.10337835411093
"BRCA2",2.10250068587928
"UQCRFS1-DT",2.10000619652016
"LINP1",2.09974712843633
"TMEM115",2.09766921377793
"CDK2",2.09639413592157
"MTG2",2.0957763861285
"SPINK5",2.09567731939628
"PPP1R35",2.09562477697153
"NCOR1",2.09428296535027
"P2RX7",2.09388192894197
"PKP4",2.093323441499
"RHBDF1",2.09287607590711
"RPUSD2",2.09272179358753
"PRDX5",2.09271126822058
"MTX2",2.0926036003026
"SEC23A-AS1",2.09185847000439
"RN7SL769P",2.09124914042848
"HM13-IT1",2.09101823360085
"CHORDC1P4",2.09048203000417
"TARS2",2.08982389079522
"TICAM2",2.08962319402195
"RPL39P18",2.08859447656812
"MEF2A",2.08606314711354
"FCHSD1",2.08603231574088
"CCDC50",2.08517635395511
"TMTC4",2.08511362141504
"FAM210B",2.08467619537866
"ITPK1-AS1",2.08368416663315
"RAD23A",2.08253562825672
"ZNRD2-DT",2.08105079723191
"TELO2",2.07788120970453
"GALNT7-DT",2.07703385376466
"SNHG15",2.07528221750293
"TMEM51-AS1",2.07403683859604
"RPS26P11",2.0740322684904
"LAMTOR5",2.0728924662069
"RNA5SP74",2.07232410194689
"APEX1",2.07169622156015
"BPI",2.07022171961216
"STARD3",2.07011596017976
"ATPAF1",2.0694452825608
"AP2B1",2.06861713115403
"BCL6",2.06838675021939
"PARP11",2.06768393933626
"FMNL3",2.06456226946527
"ZNF710-AS1",2.0598895803864
"VWA7",2.05884589286859
"SRSF7",2.05600336529655
"SIGLEC11",2.05363635121959
"CNOT10",2.05325469435447
"OAS1",2.0522215353855
"FAM72B",2.05157629229431
"TET2-AS1",2.0515473373479
"CEMIP",2.04996858821872
"FSD2",2.0496177605199
"HDAC5",2.04830871260551
"LINC02154",2.04670692769932
"ST6GALNAC4P1",2.04650740351556
"ATP5F1C",2.04590632725809
"FIG4",2.04485610022845
"GPR53P",2.04473527854112
"PPP1R14C",2.04449612770963
"TENM3",2.04395606703611
"FXR2",2.04370764271449
"EDN3",2.04358039289064
"COG3",2.04154142998056
"EPHA1",2.03981180471585
"MYCBP2-AS1",2.03949824785358
"TTC1",2.03867196482224
"SMC3P1",2.03862740963078
"GID4",2.03574891217794
"MPG",2.03474344160312
"HYOU1",2.03442000480732
"HCG27",2.03354601663864
"DLGAP4",2.03347072119233
"MT-TN",2.02583245317986
"SERPINA1",2.02362914372164
"SMG7",2.02009690461333
"NPIPB2",2.01986855203498
"TNFRSF10A-AS1",2.01862068558873
"RGS14",2.01860096804815
"SIGLEC10",2.01844459377272
"ENSA",2.01748178208352
"BCL3",2.01635539099877
"MN1",2.01389881267091
"CCT8L1P",2.00605665017862
"SUV39H2",2.00568678341971
"CLTB",2.00510605763454
"GPS1",2.00322071809332
"RPL13AP24",2.00197462125248
"JPH2",1.99920127985214
"MRPL20",1.99825719934448
"ZWILCH",1.99728055248474
"SSBP1",1.9968537837177
"SULF2",1.99583274117353
"ERG28",1.99542476627102
"MED27",1.99510206005256
"LINC01556",1.99505356788939
"CD274",1.99503899917841
"FAT3",1.99365483967009
"MMP11",1.99350532214435
"IRX2",1.99248476241733
"LNC-RHL1",1.99248133452522
"MRPS11",1.99245547748359
"MIR548AT",1.99205732184452
"H2AC9P",1.99119014308955
"ATP5MF-PTCD1",1.98977868968138
"SH2B2",1.98744575744388
"PACSIN3",1.98503493555224
"AHI1-DT",1.98358434208304
"FAM120C",1.98327597825143
"TMT1B",1.98323791184706
"MADCAM1",1.98323570149287
"DBF4B",1.9825619282615
"PDGFA-DT",1.98247219170372
"C3",1.98018503536224
"AREG",1.98001311337697
"TSEN15",1.97952581123417
"OST4",1.97917329174075
"STK3",1.97829646745654
"LINC02593",1.97518535585004
"APOBEC3C",1.97373271853582
"SUV39H2-DT",1.97322347172507
"OXSM",1.97286313493604
"PRR3",1.97198177628594
"PDLIM1",1.97115269733527
"PHB1P11",1.97102025929007
"ABHD13",1.97097382684628
"IRF2BP1",1.97054482445967
"CFB",1.96876782745974
"ATF3",1.96788831526748
"ACOT8",1.9672458288904
"COX15",1.96643444467754
"KCMF1",1.96543550720832
"PLP2",1.96470652985583
"HEG1",1.96446859189797
"MTND5P25",1.96446325372999
"GSN",1.96235454523499
"STX1B",1.96199237453071
"NOL7",1.96172746634036
"NBPF9",1.96075425828515
"TMCO4",1.95900076482823
"DHX35",1.95821139386937
"CICP16",1.9570848384408
"SDSL",1.95688056264804
"RN7SL750P",1.95620565799307
"TBC1D22A",1.95582513333336
"OR7E157P",1.95566098516579
"LINC02627",1.95566098516579
"PTPRR",1.95387243440613
"TAS1R1",1.95374677944379
"SEPTIN6",1.95331838149928
"LINC02608",1.95309907138944
"PSMG1",1.95134390609537
"PHB1P12",1.94922359144536
"ETV3L",1.94922359144536
"HOMER2",1.94773188993386
"SLC35B3",1.94662037363055
"TUBB3",1.94619344681391
"RCOR1",1.94561395720476
"PTPRD",1.94536747442388
"PRRC2B",1.94418037190568
"DTD1",1.94331869201638
"ARPC3",1.94206107330345
"IRX4",1.9414775303728
"PPOX",1.94098719226738
"QPCTL",1.94030020460244
"PLCD1",1.94016855738021
"TMED1",1.93578877834467
"CHRNA10",1.93529439835012
"UQCR11",1.93409880878961
"APIP",1.93371620303801
"NFKBIB",1.93270864336225
"RPSAP45",1.93163315257446
"MIR3667HG",1.93095652276412
"IGSF11",1.93077915539714
"HHIP",1.93069019450923
"TENM4",1.93040899943383
"MIR99AHG",1.92845920623331
"MIR3939",1.92688175677985
"TBC1D20",1.92653991558022
"POLR3H",1.92549534205306
"SLC23A2",1.92452315387401
"SREBF1",1.92327658238971
"IGFBP1",1.92302818458312
"SEC13",1.9195390258315
"MARS2",1.91899662464147
"FAM174C",1.91589540882133
"ZNF383",1.91580444582308
"ACSF3",1.91444267281128
"RPS2P46",1.9128959791411
"COX5A",1.91287937761208
"MAPKAP1",1.91157969920857
"SH3BGR",1.91146195211711
"EDF1",1.91101045547205
"GYG1",1.91018042110652
"CRYAB",1.90963348156035
"HSPB1P1",1.90958031295373
"CENPN",1.9082057949711
"HSP90B1",1.90628667240247
"TMEM187",1.9054849784867
"USP6NL-AS1",1.90506928030354
"TRANK1",1.90505909277586
"MRPS18C",1.90412263339548
"TEP1",1.90406811314453
"RAD54L",1.90279006337152
"C1orf162",1.90264683545614
"RASSF4",1.899445417602
"RARS1",1.89887709995661
"BMT2",1.89845509495256
"UBE3C",1.89815415987704
"CAPG",1.89518837457353
"PRKCB",1.8942314685725
"UTP18",1.89383433021279
"PXYLP1",1.89174045078091
"ZNF260",1.89145582618294
"EIF4EBP3",1.88895979819071
"IGLV2-11",1.88491219620309
"IDH1-AS1",1.88416858647648
"FARP2",1.88262149426721
"ARCN1",1.88164202765046
"TRGV4",1.88015969136617
"NUDT16",1.87785025238859
"EIF3I",1.8776753134822
"RN7SL352P",1.87766428012019
"PLAC4",1.87766428012019
"MZT1",1.87685772102921
"ATP5MK",1.87454562741299
"ORC4",1.87277445183811
"XIAPP2",1.87110414772148
"PLA2G4E",1.86835125412674
"MAMDC2",1.86772148842492
"HYOU1-AS1",1.86739982874245
"MYOSLID",1.86558265015386
"LINC01361",1.86436509607362
"BIK",1.86379880965512
"ZNF414",1.86357791901993
"MARVELD2",1.86270563436362
"SDHAF4",1.86215551979932
"LSM11",1.86171011579642
"MUC4",1.85945617601143
"IQSEC3-AS2",1.8578679979037
"IPP",1.85763017296838
"SPI1",1.85755052194725
"ILK",1.8572118689669
"LAMTOR5-AS1",1.8570341908669
"HNRNPKP4",1.85688859256935
"ARL16",1.85669862178999
"ANTKMT",1.85577427243684
"AKAP11",1.85570627907653
"RCC1",1.85526959201316
"LINC00665",1.8548928599471
"CD2BP2-DT",1.85341738633647
"TBC1D10A",1.84906234866882
"LINC00662",1.84871579477642
"CBX5",1.84838270755468
"OXNAD1",1.84484664801782
"GYPE",1.8429936767883
"TLCD4-RWDD3",1.84292413721334
"DYRK2",1.8427065390388
"FANCM",1.84256852025107
"TRPM2-AS",1.84094113155521
"LINC02798",1.84042712180528
"SLCO3A1",1.83884437008628
"GFUS",1.83520963154182
"PPIAP73",1.83428376050895
"RSAD2",1.83265081467187
"BMP4",1.83227627832233
"DENND3",1.83038695260153
"HNRNPA0",1.82920221207221
"TESC-AS1",1.82840627988048
"HSPA1B",1.82811574754764
"RBAK",1.82723546135054
"RCCD1",1.82655116385788
"COPS9",1.82546932348696
"NPIPB14P",1.82476445749416
"ARHGAP10",1.82448375286724
"SRGAP2C",1.82437073197522
"RN7SL809P",1.82376493285449
"MTND2P8",1.82318229730286
"BOLA3P1",1.82318229730286
"CHCHD10",1.82293216966186
"ALKBH4",1.82266958923713
"CPA4",1.82258312470588
"FADS3",1.82257443119856
"PFKFB4",1.82254522377147
"RPS6KA2",1.82246404454635
"SGCB",1.82178036375388
"LINC01766",1.82066217542656
"ADAT3",1.81924310828637
"FANCE",1.81783549603337
"XPO7",1.81781967706906
"RFC2",1.81749205553825
"NAA20",1.81686360424622
"MMP24OS",1.81588991181128
"LINC02979",1.81446812868532
"VPS50",1.81416855581034
"OR7E37P",1.81217191007965
"RNA5SP195",1.81215591095076
"MAPK4",1.81026345798153
"TLE5",1.80898064607032
"TRIM27",1.80816760578358
"RNU1-61P",1.80616537921891
"SUPT16HP1",1.80602441381891
"NHLRC2",1.80599697321136
"LINC02779",1.80453257951586
"CHST12",1.80438257064007
"TUBA1C",1.80290476149853
"CBR3-AS1",1.80248503363953
"KIF5B",1.80233287071673
"LYSMD2",1.80122761227261
"LINC02690",1.80097176926951
"ZNF473CR",1.80025773181276
"SRD5A1",1.79910845769089
"ORMDL2",1.79735290758754
"EGFR-AS1",1.79590755036203
"XRCC1",1.79516833567397
"RNU5B-2P",1.79473119301344
"AKT1S1",1.79394963148943
"PRSS58",1.79387569432533
"UBL5",1.79314859037232
"GLYATL1P1",1.79269826015408
"FGF11",1.79226681682581
"ANGPTL2",1.7916434946481
"PDHX",1.79160772660982
"MIR660",1.78935242874273
"TOR2A",1.78933062626102
"LASTR",1.78924052610806
"NRM",1.78761865122567
"GPR75",1.78740894410645
"HOXC5",1.7872854397466
"FGF2",1.78602999820699
"ZC3H8",1.78551301974041
"PRC1",1.7853081322292
"RPL7AP60",1.7847442773049
"HSP90B3P",1.78465229072031
"DNAAF3-AS1",1.78418164836105
"MIR646HG",1.78379015234084
"PCSK2",1.78343082040294
"HCK",1.78317349274441
"AK2",1.7819747489992
"RAC1",1.78148246967348
"LINC01473",1.78035866103259
"LCP1",1.77837841749616
"NCF4",1.77819118128802
"PSMB2",1.77627005737513
"ETV5",1.77531832311942
"ZNF567-DT",1.77454355422414
"IQCJ-SCHIP1-AS1",1.77446851674467
"RNF20",1.77351144592572
"CYRIB",1.77327082087813
"TMEM86A",1.77287137361879
"NBAS",1.77280885055677
"ZNF609",1.77133397572369
"SLX4",1.77012857175129
"TTC23",1.76970392506942
"TEKT4P2",1.76969147973617
"TAFA3",1.76810628909768
"LINC02044",1.76810628909768
"HAS2",1.76810628909768
"PTGDR2",1.76810628909768
"CCNYL1",1.76743242786909
"NCCRP1",1.76717965784633
"CD300A",1.76713040415565
"ZCCHC8",1.76634394040992
"CD300LB",1.76306847906633
"SRSF9",1.7566335766552
"ISYNA1",1.75603713072648
"SLC25A21-AS1",1.75501802034983
"FBXO9",1.75383856100679
"NT5C",1.75172968763829
"POLE4",1.75168622572331
"CBR3",1.75075881499509
"BTBD10",1.74983483350183
"POGLUT2",1.74931598215729
"FOXJ1",1.74902112716283
"TH2LCRR",1.74815796753996
"C1orf35",1.74784689728553
"HSPA5P1",1.7469660709979
"ACMSD",1.74568100148346
"ZDHHC4P1",1.74533934226927
"FDFT1",1.74382037252917
"TBC1D4",1.74248764925897
"MRTFA-AS1",1.74080346985272
"ARHGDIB",1.74075429673069
"NUTF2",1.74065188637675
"NPFF",1.74032120428987
"ZKSCAN2-DT",1.73971604769909
"SMC5",1.73932898889359
"UTP3",1.73792601219222
"ETV1",1.73749680885439
"DGKG",1.73639077708821
"RER1",1.73555708305066
"DHX9",1.73538918242938
"EIF4G1",1.73438585578538
"CENPB",1.73429756335637
"FAM110A",1.73410505207181
"GRSF1",1.73352927683823
"SNORA80E",1.73184845129671
"TMEM25",1.73144276275291
"TRERF1",1.72973279798822
"COL4A3",1.72727002455908
"MAVS",1.7251930529078
"ACO2",1.72510990113226
"EML2-AS1",1.72418726161978
"MYO18A",1.72272046281599
"PRRG4",1.72249726523808
"FCGR1A",1.72240329156672
"PYGB",1.72134482901311
"SCARF1",1.71974516780904
"DST-AS1",1.71934144344618
"SPNS1",1.71808733282464
"SLC4A5",1.71656558192551
"LINC01539",1.71570137851145
"FEN1",1.7155217395886
"FAXDC2",1.71506379695082
"ARID5A",1.71499511680111
"EIF3J",1.71473142085931
"ZNHIT2",1.71418525436382
"ASL",1.71385230463882
"MCRIP1",1.7138279054673
"SNORD38A",1.71191391331911
"TTLL7",1.71153755492679
"CACHD1",1.70938975687011
"USF2",1.70917141983319
"SPATA46",1.70865141393195
"CDIPT",1.70652581352505
"AGMAT",1.70519231519467
"SPTLC2",1.70420998796277
"FBN2",1.70315297896617
"FPR3",1.702957444123
"POLR2G",1.70172480521903
"MYPOP",1.70168051681973
"RPL29P14",1.7016476376737
"ZGRF1",1.70133798157437
"CEP57L1",1.70114344127695
"VHL",1.69921089346641
"SLC5A6",1.69904130651861
"EFCAB11",1.69871423629435
"PRKRIP1",1.69642483716563
"MLLT1",1.69632620889334
"RBM26",1.69478481700422
"ZNF114",1.69344191785365
"RNU6-194P",1.69131429915216
"MROH5",1.69024605785539
"LSG1",1.68992615365152
"CCDC121",1.68748743552525
"GPR141",1.68598744285212
"DDX49",1.68576938065515
"AASS",1.68545121553509
"TRIM52",1.68467132718348
"NEDD4L",1.6836603743694
"OGG1",1.68350097033993
"CARD16",1.68222783880072
"MT-TW",1.68118798710266
"SYNGR1",1.68114122124165
"CLMP",1.67987058081967
"MIR30B",1.67905025242763
"TTLL12",1.6778766259616
"RNU5A-1",1.67648855331516
"LINC01029",1.67564085946492
"RN7SKP150",1.67437606301489
"RNU6-934P",1.67437606301489
"BHLHE41",1.67326579329524
"CALD1",1.67271459647313
"INO80E",1.67076864264872
"VDR",1.66965785077109
"GINS1",1.66881210449941
"ARRB1",1.66782386093163
"GLS",1.66770640971028
"DARS1-AS1",1.66760259242271
"ITPA",1.66680379509132
"PKDCC",1.66485138266237
"PARLP2",1.66448266736806
"JUND",1.66389673530392
"ELMO1-AS1",1.66332364423417
"C16orf46-DT",1.66327354473431
"LINGO1-AS2",1.66295778252578
"EPCIP-AS1",1.66186579599325
"PPP2CB",1.66143679493718
"ULBP2",1.66053815684825
"AHDC1",1.65972502438167
"ATP1B2",1.65831701473673
"ALG1",1.65769276861825
"ZNF710",1.65763830070093
"GTF3A",1.65683662004801
"UQCRFS1",1.65637172571335
"NUP85",1.65610035091916
"MLLT11",1.65520209503452
"NUDT6",1.65439519061527
"INTS3",1.65251003771583
"CIDEC",1.65172947871884
"HNRNPAB",1.65151884886352
"HOMER2P2",1.6507837814198
"FABP6",1.65023174222845
"TRIM8-DT",1.64899492915219
"SRRM5",1.64793695532272
"STIM2-AS1",1.6462103201428
"LINC02385",1.6462103201428
"TEK",1.64510998553164
"NVL",1.64458460727303
"MZT2A",1.64413516671052
"MED17",1.63992544524467
"BCL2L11",1.63991035092614
"SLC7A6OS",1.63764878203637
"CERKL",1.63658751694643
"ALAS1",1.63554554929143
"GABARAPL2",1.63445485581198
"LINC02021",1.63255085174256
"ZNF195",1.63247031697765
"FYB1",1.63115152943624
"MRPL3",1.62831931338994
"AIDA",1.62733162064325
"BAD",1.62723627656807
"MRPL24",1.62675073182433
"SIGMAR1",1.62439102618628
"QDPR",1.62431215812913
"SPHK2",1.62428257076123
"MINPP1",1.62320037255753
"PCBD1",1.62310784262664
"SEPTIN7-DT",1.6228474428474
"PBK",1.62159917920023
"AGL",1.62121010232889
"LYPD6",1.62076620684769
"APOBEC3A",1.62062499783491
"KCTD1",1.62027637249391
"TFAM",1.61959674022357
"KDM4A-AS1",1.6189505359149
"TGM1",1.61806066695247
"SPRYD3",1.61577623107142
"ATP6V0D1",1.61448418114929
"CSDC2",1.61423979428832
"LMBR1",1.61377536929128
"AAMP",1.61311024337601
"MESD",1.61242496860625
"SSBP4",1.61231117688628
"DGKZP1",1.6112308831192
"CYTH4",1.61107107549414
"CDS1",1.6107533175058
"MYBPC3",1.6106088613214
"IDI2",1.60970535516092
"NMUR1",1.60941224029647
"RTL8C",1.60908319626741
"USP19",1.60887317274783
"UCKL1",1.60838670172418
"MAL",1.60792167725106
"NME3",1.60756981388006
"NUDCD3",1.60658545849884
"ACOXL",1.60528857127062
"OR1D2",1.60408330797992
"KCTD15",1.60232720643672
"ELAC2",1.60185442167352
"RGS10",1.60086566760233
"PRKACB-DT",1.60035380942763
"GRK6P1",1.59904775586859
"GSE1",1.59520240709456
"ESRP1",1.59382668320466
"H2AB3",1.59211310291046
"RNVU1-15",1.5912205502755
"UBA1",1.59051901697394
"FLYWCH2",1.58974943904105
"KDM5A",1.58930656963893
"PDE4DIPP10",1.58877623464362
"SLC24A2",1.5880476434573
"TMEM45B",1.5875286783501
"VPS29",1.58731467577492
"MED14",1.58698429991764
"KLF3P1",1.58587001877795
"FN3KRP",1.5845352365332
"BMS1",1.58445398064576
"GTF2H5",1.5844077680495
"ZNF3",1.58416073244181
"NUP62",1.58303571463881
"WASHC3",1.58294316869079
"CA14",1.5812417421532
"KXD1",1.58103579543315
"MIB2",1.57991628418507
"TSR1",1.57990353003544
"RB1-DT",1.57954585651899
"TMEFF2",1.57911349859108
"MIR6769B",1.57877954496269
"SHLD2",1.57824090310693
"STK26",1.57614637523681
"GRIN2C",1.57522062224388
"NBPF20",1.5749794143447
"ATP5MC2P4",1.57402144403631
"CAMK2B",1.57232950546959
"SRP14P2",1.57202183241031
"ZXDB",1.56991331051987
"TCEANC2",1.5699101488856
"TRIAP1",1.56939101865872
"QRSL1P2",1.56917163078566
"LGALS8-AS1",1.56816450410408
"RPL7AP66",1.56793272139351
"MIR3134",1.56789435473709
"RABL6",1.5677466336736
"MRPL43",1.56773127536677
"MINAR1",1.56530822097017
"TMEM182",1.56355382174218
"ZNF367",1.56247421020197
"AK6",1.56129418954696
"RXYLT1",1.56036504431463
"YWHAG",1.55989082664405
"RPS12P16",1.55977030860193
"CNTNAP3B",1.55797493814323
"ATRIP",1.55675609817205
"MIEF1",1.55498415733919
"RANBP20P",1.55486781289599
"GAS2L1",1.55303006575069
"RBFOX2",1.55290998634378
"RNA5SP364",1.55163116580128
"CNPY2",1.55032758352162
"ZFAND3",1.54908148255133
"ZNF575",1.54882046995011
"RNU2-69P",1.54657607362773
"CFAP43",1.54653571213209
"GSTM4",1.54402834976595
"MAP3K6",1.54301658268083
"KMT2B",1.54270360292467
"CHMP5",1.54236438980335
"NREP",1.54150153009334
"PHYKPL",1.54079534203241
"SHPRH",1.54001974642788
"PTCD3",1.53908709287078
"MSANTD4",1.53902016633828
"RPL8P3",1.53813883410919
"CD81-AS1",1.53775639234848
"LRR1",1.53739850485495
"RRAD",1.53717569226212
"FKBP2",1.53664151305077
"AATF",1.53614414142371
"DMAP1",1.5344515877213
"RNF216",1.53385459629614
"FBXO22",1.53247931040324
"CPEB3",1.53140788735681
"MT-ND1",1.5305784847177
"SLBP",1.5287452625629
"RNU4-86P",1.52843885871672
"IFT27",1.52590422051602
"WWOX",1.52586046475188
"MT-TM",1.52436668652522
"CHRNA3",1.52367987512053
"FOXG1",1.52324226966135
"LUC7L",1.52264094254009
"RAB28P5",1.52218145097871
"FKBP4",1.5219936486818
"METTL25B",1.52158561827296
"BLTP3B-DT",1.52113498870905
"MYHAS",1.52098454848235
"KCTD5",1.52082940018665
"HNRNPUL1",1.52070490821349
"DLG2",1.52026876475799
"MRPL32",1.51870508240865
"PPARGC1B",1.51771575866636
"GORASP2",1.51394292254104
"SEC22A",1.51120902032283
"BCCIP",1.51080473722181
"IPO5",1.5095940607998
"DHDDS-AS1",1.5093474959695
"FAAP100",1.50894593544531
"NPHP4",1.50871822459631
"SLC39A5",1.50869072786582
"SPOP",1.5077691859564
"TAOK3",1.50705318735832
"SEMA6D",1.50637060128619
"ZMYND8",1.5058541086807
"KDM7A",1.50571967718724
"DENND1C",1.50488027099237
"MAP3K11",1.50428620106625
"CTSH",1.50375438911685
"CAMK1",1.50294525098702
"C14orf39",1.50276469500766
"COX6A1P2",1.50244448812545
"ICOSLG",1.5021734927604
"PON3",1.50140714361581
"GTPBP4",1.50135026881472
"WWP2",1.50080801287671
"TIMM50",1.50042255524028
"ALG1L10P",1.50014186153756
"VBP1",1.49867922287906
"BNIP3",1.49776577079625
"PEG13",1.49735020014903
"PATJ",1.49727875146192
"DPH1-AS1",1.49727491725422
"RNU5B-1",1.496641017463
"EMC6",1.49548988668994
"FPGS",1.4954138733732
"RPS8",1.49478237063293
"HJURP",1.4945732450005
"POLR2H",1.49448778699761
"AK3P5",1.49304200654502
"OGFR",1.49152921647181
"SPICP5",1.49082076350881
"SOX13",1.49021193471512
"AASDHPPT",1.48969848459576
"ZEB1",1.48619772654719
"G6PD",1.48604406385559
"IQSEC2",1.48545710333239
"PRDX4",1.48538742818845
"CTSZ",1.48471912419675
"C19orf53",1.48468281439786
"INPP5F",1.48452661505026
"PYCR1",1.4843377801178
"GRP",1.48393744767329
"TAT",1.48296035858033
"ITPRIPL2",1.48280915827723
"DOHH",1.48247578854641
"RFC1",1.48204188484035
"ATP5PB",1.48150131008823
"OR13C6P",1.4814942603395
"TEX9",1.48082927851004
"PPP1R8",1.48081170512908
"PDE6D",1.4805539115151
"ATXN2L",1.4799460685377
"COP1",1.47971685462154
"TNFRSF11A",1.47921526799826
"ZNF154",1.47743743966379
"CDK6",1.47658615426805
"NOTCH4",1.47577099985952
"PARN",1.47510544721358
"PTAFR",1.4741304085134
"MCUR1P1",1.47381286527614
"SLC52A2",1.4735484085101
"SLC52A3",1.47219742831289
"NOX5",1.47211857062254
"LPAR5",1.47138517509585
"CUEDC1",1.47115652014446
"ACBD6",1.46918728422009
"CA11",1.46773971799678
"GBP3",1.46698150552288
"FOXD3",1.46630786963514
"TRAPPC4",1.46548941228641
"CCS",1.46501743658112
"PYROXD2",1.46455617196214
"ARSI",1.46439217217227
"POLR2I",1.46427564812125
"ZNF804A",1.46341264908285
"SNHG21",1.46305012288372
"DLG3",1.46238554288529
"RNF26",1.46216526310538
"IFI27L2",1.46033204420985
"CCNE1",1.45972838420704
"PTGIR",1.45900169891691
"GEMIN4",1.45810855633525
"FASTKD1",1.45802364558535
"CCDC7",1.45685023575102
"DOK1",1.45630963569193
"MAP2K4",1.45582692374097
"HCFC1",1.45568822238583
"DYNLL1P1",1.45513552225324
"RIMOC1",1.45362885118297
"HSPA9P1",1.45250142671861
"STIP1",1.45244981083918
"TNRC18P1",1.45051031681003
"GPM6B",1.45018862294308
"RPP30",1.44985794758792
"DPP3",1.4483535011697
"TBPL1P1",1.44809293170184
"KNTC1",1.44733608742964
"GNG5",1.44651109400357
"MAST4-IT1",1.44617263266051
"RPS27P16",1.44601598016817
"MSH3",1.44447158495195
"ACTR3",1.44265546309473
"CCDC12",1.4426250393294
"TRPT1",1.44126206086507
"LINC02328",1.44043129146048
"CDK1",1.44020757896006
"LENG9",1.43945685636276
"INTS1",1.43897193013023
"TUBA3D",1.43696640160325
"LINC00677",1.43655529360451
"PPP1R3G",1.43570561071322
"H4C3",1.43472019544857
"CDCA8",1.43401221905358
"SRP19",1.43296874584239
"LINC02801",1.43234162864731
"BAZ1B",1.43120530867099
"RNU4-85P",1.42998348951724
"NCBP2AS2",1.42973425941786
"PDIA6",1.42966652100451
"NDUFB11",1.42940647581526
"ATP5F1CP1",1.42861981569352
"PLXNA2",1.42853125041756
"LINC02504",1.42777532189615
"EMP3",1.42621274333521
"CDCA7L",1.42548133317842
"MTREX",1.42336993045213
"PRIMPOL",1.42325259746719
"HMGN3-AS1",1.42289878931332
"SYS1",1.42241324145238
"GPR158-AS1",1.4223298833701
"DNAJA4",1.42186986896905
"FAM182A",1.42104607246616
"RRM1",1.42085215544722
"FLOT2",1.42057262117239
"PA2G4",1.4200816302082
"RPL26P27",1.41994714394855
"OSMR-DT",1.41921275542581
"TUSC2",1.41777428944412
"HSD17B1-AS1",1.41730329754384
"CST6",1.41698075946606
"RBCK1",1.41576786798192
"PLIN3",1.41563874059889
"ATG9B",1.41508464475904
"PAX2",1.41396724408043
"S100A6",1.41217592545274
"TCERG1",1.4117756511319
"KLHL17",1.41174090798518
"BET1",1.41131781986178
"GYPB",1.41075749028759
"PSMC1",1.41063148128955
"DNAJC19P6",1.41026791405625
"NUDT13",1.4102304245077
"GANAB",1.40889009214164
"GATC",1.40888993210419
"BOD1",1.40882955260199
"LINC01724",1.40823460868155
"USP45",1.40801090020427
"PLCB4",1.40761507861905
"PSMC3P1",1.40756595179409
"SPINT2",1.40698203015866
"LINC01063",1.40618415627408
"UROD",1.40605196033074
"LIG1",1.40483468889688
"LINC00324",1.40375461869625
"RNU6-323P",1.40331866552488
"SPRR1B",1.40304917816074
"LINC00705",1.40304917816074
"PTHLH",1.40304917816074
"SOX9",1.40304917816074
"RGP1",1.40302276237409
"SNF8",1.40279008958942
"NAE1",1.4025396384196
"SIGLEC10-AS2",1.40227990953132
"RUNX3",1.40217018655932
"GCC1",1.40209891000996
"UQCRHL",1.40206861077744
"RN7SL76P",1.40176535570088
"TNS1",1.40152557188639
"MRPL15",1.40137756852892
"BACH2",1.39986451536226
"SEMA3E",1.39862805873036
"PSMB7",1.39821443103076
"ATP10D",1.39811977254933
"LRRC69",1.39809791339612
"KTN1-AS1",1.39808854826855
"CHRM3",1.39764286668955
"LINC01816",1.39651332519115
"SP1",1.39649521210261
"ELP3",1.3959373531338
"CARM1",1.39578349445739
"RNU1-1",1.39373518872105
"CAPN1",1.39352280307692
"NEUROG2-AS1",1.39192627834917
"LINC01828",1.39182612882101
"SGTB",1.39148427942453
"PRCC",1.39075371542822
"SIM2",1.39071077526614
"TPM1",1.39050678845276
"CCNC",1.38986732916358
"LINC02074",1.38945178808095
"RBM45",1.38898839146156
"ABTB3",1.38763137855575
"GPN2",1.38719637634539
"RPL15P22",1.38716890660745
"NIF3L1",1.38714600907317
"LINC02256",1.38599380632014
"MIR302CHG",1.38593970196217
"ZSWIM5",1.38554979495947
"MDP1",1.38486760376896
"METTL5",1.38486338753384
"ARHGEF35",1.38431381033329
"DENND1A",1.38299267728555
"NPHS2",1.38184154851972
"LYPLA2P1",1.38047062363697
"RHOQP2",1.38030914912073
"LINC02397",1.38030493622808
"NUCB1",1.38020391591009
"TP53I13",1.37980700451874
"WDR82",1.37806834797689
"DNAJC8P4",1.37738324666051
"MAPRE1P1",1.37628361484402
"GUCY1B1",1.37583809965532
"PPP1R16A",1.37582192387342
"UBALD1",1.37516701641647
"IL17RA",1.37490636150359
"TOMM20L",1.37424976847644
"ISM1",1.37423054996753
"PRPSAP1",1.37415082616871
"GPR89B",1.37274377068359
"NUP50P1",1.37227517296537
"RBPMS2",1.37227517296537
"ADAMTS14",1.37219308082039
"RAPGEF2",1.37095687876484
"AACS",1.37053624663214
"ECE1",1.37014224156433
"CYB5D2",1.36938676130132
"ATP5MC2",1.36937799055995
"CAP1P1",1.36931465293596
"NELFA",1.3691263550582
"TVP23A",1.36849571050314
"MRPL2",1.36730239688334
"MTATP8P1",1.36705303098513
"INTS6L-AS1",1.36637696687599
"CERS3",1.36536615757349
"ATP5MGP3",1.36485489979758
"MIR573",1.36421431985775
"MTHFD2L",1.36394981316518
"NDUFS4",1.3634876260055
"HDGFL2",1.36202062483312
"TMOD3",1.36181068634782
"CCNI2",1.36156553759739
"RNU6-268P",1.36022811058178
"KDM4A",1.35908081922364
"ARL8A",1.35811120699219
"RAB2A",1.35733125053479
"STMN2",1.35682296498389
"IL17RE",1.35668877747099
"MIR762HG",1.35566371302821
"RAB28P3",1.35560587668905
"RSKR",1.35547416956058
"AUP1",1.35526537621831
"USP14",1.35447982190208
"SPACA9",1.35431729249508
"CD36",1.35406150030108
"LINC01128",1.35350290991595
"DAPK3",1.35341546026557
"GNG10",1.35313019692166
"ZNF416",1.35268412698184
"ART3",1.35135939712617
"C2orf74-AS1",1.3512135740605
"SLK",1.35117300263018
"CHCHD5",1.35101713218129
"MOB3C",1.35099088940935
"ELOVL1",1.35028288205105
"SLC39A9",1.34879326315203
"NCKAP5L",1.34871079918027
"BABAM1",1.34838644608943
"CMIP",1.34812978675018
"RADX",1.34803935388697
"LILRB3",1.34803115828875
"DCAF1",1.34686390811556
"MERTK",1.34664614963792
"ATXN7L3",1.34590746263336
"CUTC",1.3458865802943
"RFC4",1.3450839071588
"VAMP8",1.34286857431456
"LINC02100",1.34274395612272
"YWHAQP6",1.3420653564705
"NSUN3",1.3419121314162
"PTPRG",1.34171734050425
"TMED11P",1.34040744437358
"EFHB",1.33998938012051
"ARL11",1.33964565387538
"MIR3677HG",1.33946759701353
"TERF1P4",1.33943385636743
"CPSF1",1.33854713304494
"DDX50",1.33714702122567
"GTF2IP14",1.33543443929589
"CDCA4",1.33418378494643
"ZNF721",1.33413712899907
"TSPYL5",1.3336210104357
"RPS2P4",1.33335039212789
"LASP1",1.33254805500961
"EXOSC4",1.33152375467304
"RNU7-49P",1.33024053473737
"PARVG",1.32945077700396
"MIR185",1.32798651619784
"ISG20L2",1.32761387132988
"UPF3AP3",1.3276096967759
"CSNK1G2",1.3274558251206
"FLOT1",1.32738171555118
"POMT2",1.32715151021679
"ZIK1",1.32625377831354
"IFT122",1.32575610375548
"MIR345",1.32529394709065
"PTGES2",1.32501219187999
"CT83",1.32454186874847
"CDK5RAP3P1",1.32084648396912
"CDIN1",1.32008953382243
"MAP7D1",1.31886361246055
"SYNGR2",1.31807553663917
"NEPRO",1.31710322561469
"EIF3G",1.31698223678504
"PTPDC1",1.31618727570727
"PROM1",1.31568868365222
"MIDEAS-AS1",1.31528708271733
"ERMAP",1.31489907307875
"CXorf38",1.31453237062705
"YWHAZP10",1.31446263541616
"DNAJC4",1.31271418002599
"HMGA1P3",1.31258723164395
"GZF1",1.31247095311625
"P2RX5-TAX1BP3",1.31191093215007
"TMEM269",1.31154495184076
"DDRGK1",1.31138916797665
"C3orf20",1.31102773778797
"KCTD18",1.31102645510023
"CC2D1A",1.31043273202726
"USP35",1.31036866454771
"MT-TP",1.31034324514727
"IGFBP7",1.30962321566045
"TMEM272",1.30955612622385
"VRK3",1.30893124559908
"RN7SL842P",1.30778071906243
"KIF1C",1.30767878256454
"CHCHD1",1.30725363641356
"LINC02255",1.30585758117612
"POT1",1.30459645421732
"CASP1",1.30396057693848
"SUGT1",1.30361512671127
"SLAMF1",1.30351731394659
"ARFGEF2",1.30335877991756
"LIPC-AS1",1.30298248718616
"NIBAN1",1.30294879025656
"RAP1BP1",1.30230217532713
"PPP1R9B",1.30139797314625
"ANKRD17",1.30070144108379
"ZNF442",1.30042967551029
"CABIN1",1.30009259169148
"KRI1",1.29907720526935
"IFNLR1",1.29897741033892
"MC5R",1.29825689137926
"HSPA5-DT",1.29822612164485
"RBM11",1.29822498531598
"ARHGAP30",1.29659931749441
"MIR6071",1.29648146017151
"GRID2IP",1.29648146017151
"LINC01047",1.29648146017151
"ACADM",1.29505288421418
"STAC3",1.294233871909
"CPNE3",1.29376299029929
"SIGLEC10-AS1",1.29350567168043
"ATP5PF",1.2934278765449
"MAP9-AS1",1.29181739763711
"EIF3K",1.29174640780977
"PPIAP22",1.29158717931323
"CCR1",1.29112246661847
"THOC2",1.29083294987587
"DNAH8-DT",1.29017479152089
"HEMK1",1.2900722975464
"MAB21L4",1.28951498234126
"YES1",1.28901909395003
"CAMKMT",1.28611673580315
"TSPO",1.2859227305389
"ALX4",1.28505516482698
"LINC00857",1.28505516482698
"CBR1",1.28456955214256
"GNAO1",1.28455944170975
"TCFL5",1.28421775481551
"SH3BP5L",1.28195569392963
"IBTK",1.28054353470806
"GTF2A2",1.27996013951069
"ENY2",1.2798149032562
"MAPK3",1.27954844033745
"TOP6BL",1.27903417736507
"TMED9",1.27808161917481
"NCAPD2",1.27723825704603
"DYNC1I2P1",1.27658949014994
"TTC21A",1.27589549689737
"ATAD3A",1.27520487879858
"PAXX",1.27466644742891
"SNRPD1",1.27411970480123
"LRRC8D-DT",1.27223894851843
"TRIM28",1.27187263278318
"LINC01943",1.27102070943584
"RPS6P25",1.27087921501357
"PKD1L3",1.267517398186
"CRTC1",1.26734943504619
"MATN2",1.26638725591831
"KDM6B",1.26563267741183
"TMEM39A",1.26518028934792
"CLTA",1.26210212127648
"ZDHHC12",1.25949676031002
"LPCAT2",1.25889440394725
"RPL32P26",1.25763578014588
"PIK3R6",1.25721300633133
"NEPRO-AS1",1.25694086757002
"RNU6-199P",1.25649042873993
"H2AC14",1.25647856476674
"SLC27A4",1.25480490866703
"MGME1",1.25418361711365
"LINC02209",1.25391905805877
"TOMM22",1.25187659254746
"ISOC1",1.25157548101542
"TMEM217",1.25142801723748
"SBNO1",1.25067079904848
"MAPKAPK5",1.25053507815798
"CABP1-DT",1.24997213074068
"RN7SL49P",1.24988619356777
"TAF5",1.24948212178664
"RNU2-70P",1.24917584026847
"IGHV2-5",1.24917584026847
"ICAM3",1.24850984420193
"LINC01206",1.24803843588893
"ZDHHC16",1.24757133834657
"SEMA3B-AS1",1.24731686907505
"AVEN",1.2457367186879
"LINC02405",1.24497664167696
"SLC35E1",1.24341167505808
"RLIM",1.24303591972692
"LRRC37A15P",1.24275001442729
"DPAGT1",1.24214384487393
"LINC02955",1.24074446202888
"OR56B4",1.23899608207394
"CCDC115",1.23794968117504
"HOXC12",1.23788909665285
"NDN",1.23690476018623
"SNRNP35",1.23633950915517
"ACTA1",1.23626140140912
"EPS15L1",1.23487329479481
"CENPN-AS1",1.23433603580239
"RIPK2",1.23430556738239
"SLC39A3",1.2338261059303
"RPL32P17",1.23345691029324
"RN7SL190P",1.23310764583838
"MBD5",1.23301570963127
"FLVCR2-AS1",1.23119545357196
"RNF214",1.23083037897233
"TRIP12",1.23060459194536
"MTCO1P40",1.23045051638491
"BLZF2P",1.22958785023154
"SP110",1.22957354848222
"RNU6-176P",1.22888550433611
"ASAP1",1.2285285623355
"TMEM237",1.22805193130155
"SYNGR2P1",1.22776152824234
"ZNF219",1.22732299719814
"ZNF385A",1.22507582317414
"NIT2",1.22503232487214
"TRNP1",1.22413552474969
"BARD1",1.22323701371278
"CARS2",1.22247898699559
"FBXL4",1.22234660450798
"AGAP2-AS1",1.21918429921624
"SNX19P4",1.21902234260559
"FOS",1.21853763933214
"HLF",1.21849471120272
"GTF2E2",1.21847068107553
"AKR1A1",1.2180065827964
"OSER1-DT",1.21737691105665
"COMMD7",1.21734060955632
"LINC02752",1.21672517193727
"DHRS4",1.21619997373641
"MIR6774",1.21590053514113
"CYP1A2",1.21545844354918
"MTCO3P11",1.21477035592965
"LINC02236",1.21424787907613
"EMC9",1.21155432886351
"ETFA",1.21114269407145
"LINC00992",1.20996612118457
"CALHM2",1.20882429609694
"ADCY5",1.20857341476591
"CDC34",1.20820405278315
"RPA2",1.20794253903585
"UTP20",1.20679324490156
"CAMTA1-IT1",1.20626704762335
"RN7SL718P",1.20603118160423
"DMBX1",1.20585042044528
"MRPS21",1.20494102871604
"H1-3",1.20438652359233
"MXD4",1.20427029752544
"KCNV2",1.20411368773037
"DNAJC2",1.20379385036295
"NEK9",1.20356394733439
"LRRC37A",1.20318744985343
"HDAC4",1.20045328721409
"SPCS2P4",1.19960159556188
"FAM66C",1.1994023294128
"XAF1",1.19803669254611
"ACER3",1.19775827376403
"ARMC10P1",1.19636504293359
"SLC22A16",1.19552721069404
"SRGAP2-AS1",1.19529682435032
"PDHB",1.19496542327193
"JUP",1.19406805691234
"KIF1A",1.19311846503854
"JPT2",1.19177909620412
"SUMO2P18",1.19083019846985
"MTND4P14",1.18991536669229
"MRPL14",1.18985716197096
"NOPCHAP1",1.1897602449484
"SNRPGP2",1.18967252396143
"HOMER1",1.18860522994395
"RRAS",1.18843304047896
"HENMT1",1.1876161331299
"TSTD3",1.18758610738498
"DPM1",1.18708803476795
"MYCBP2",1.18675951305926
"TEX22",1.18641446781026
"HLA-DPA1",1.18567166966295
"CARD14",1.18557032070584
"TIPRL",1.18521519728763
"MED16",1.18469168372611
"RPL7A",1.18450291661412
"EIF2S2",1.18441439441472
"PBDC1",1.18375799104976
"CAPN2",1.1837117368385
"ABHD15-AS1",1.18340567009157
"SAC3D1",1.18330237010814
"TNR",1.18297817222519
"MYL11",1.18189472676563
"SPDYE21",1.18071182398915
"CD33",1.18018557632929
"HECTD2-AS1",1.17968145114943
"SNORD56B",1.17928742662308
"GPHN",1.17839830355302
"POLR2K",1.17832611057867
"AGBL5",1.17831839995728
"MOSPD3",1.17824537981195
"RNASEK",1.17740414934567
"TMEM14DP",1.17719761438743
"MACROH2A1",1.17591323755658
"CLK3",1.17578554973753
"LINC03110",1.17531466311642
"MIR502",1.17444389899515
"IFT20",1.1742931411486
"DPYD",1.17413442251106
"LONP1",1.17338464915507
"NCOA6",1.17103555716185
"MED25",1.17102859752812
"PITPNA",1.16949879708686
"ALG5",1.16920533362177
"ALDH1L1",1.16914728163802
"IL6",1.16910025613079
"PELP1",1.16727734133048
"TMEM262",1.16461375569125
"DDX1",1.16417267205536
"FGD5-AS1",1.16277979111562
"EIF3C",1.16268936838109
"SCARNA5",1.16246967765826
"NDUFA5P3",1.16147673512318
"BCAR3",1.16147546872039
"OR5A1",1.16020773444069
"MYD88",1.16003541921036
"CHURC1",1.15871463747977
"LRRFIP1P1",1.15829091405954
"FHIP2B",1.15741123626224
"ERCC5",1.15723491682639
"WDR36",1.15681449773728
"PIGC",1.15602912391153
"ZNF574",1.15602000569769
"ZNF837",1.15588587312783
"SH2B1",1.15560822482925
"NAIPP4",1.15527383318932
"BRWD3",1.15522767802712
"GABRR1",1.15308446711774
"PIN1",1.15298193716595
"ATP11C",1.15269782973172
"ARL1",1.15221335760432
"CENPF",1.1520296596419
"PMF1",1.15177477783138
"NOC3L",1.15162676151161
"WASF2",1.1514204801313
"LINC00239",1.15132906765741
"NAGPA",1.15106862605473
"OGFOD2",1.15062134479984
"COMTD1",1.15050615470263
"MTF2",1.15032932897971
"CIAO1",1.15010801915034
"RNU6-927P",1.15010359804917
"FBXL15",1.15006713359874
"RNVU1-25",1.14909372215945
"RPL13AP15",1.14899214535554
"PRKAR2A",1.1489192890714
"TAF4",1.1479436464206
"ANOS2P",1.14661934537153
"LINC01234",1.14602015397242
"NME5",1.14597577745154
"LINC01762",1.14569521964308
"ATP5MGL",1.14494811180125
"SHC1",1.14408841586493
"PDIA5",1.14290407368027
"HLA-P",1.14222810463428
"MIR4713HG",1.14215979801628
"LRIG3",1.13982968149707
"LINC00674",1.1396461533007
"MRPL57",1.13882540973097
"DRGX",1.13792246304748
"ZNF480",1.13729831310014
"HELLS",1.1366282728313
"OAZ3",1.13506213518424
"TRBVB",1.13455063000353
"MIR151B",1.13455063000353
"PSMA7",1.13268119248008
"MEX3C",1.13195037336052
"ZNF137P",1.1315742146158
"FAM118B",1.12915206821949
"TMEM109-DT",1.12876499598912
"INTS15",1.12820066524686
"SIAH2",1.127503817418
"TNFRSF17",1.12631062960911
"RPUSD1",1.12619375228815
"FARSB",1.12611932296767
"GNB4",1.12565915629918
"PRPSAP2",1.12527240927637
"KRT12",1.12503463469263
"MRPL37P1",1.12401629275943
"SF3B2",1.12397726868239
"FAM83B",1.12362749089381
"IQCE",1.12287390415981
"ENDOV",1.12248539060234
"CCDC85B",1.12230942386963
"ADCY7",1.12229687074682
"RPS15AP10",1.1221197124588
"ALDH16A1",1.12160587664006
"MICOS10",1.12159979576736
"OTUD6B-AS1",1.12052243360006
"GIHCG",1.12016083040374
"OGDH",1.11994777713943
"THOC3",1.11979500839845
"HMGN1P36",1.1197768904765
"NANOGNBP3",1.11965563647329
"NEK6",1.11904531252132
"FASTKD3",1.11890130015804
"CLDN5",1.11791123340298
"LINC02945",1.11786403963848
"LINC00378",1.11786403963848
"DGUOK",1.11751743197647
"RAB4A-AS1",1.1171174868586
"ATP23",1.1156670976668
"SNX10-AS1",1.11539431499566
"ASPM",1.11473277321251
"WDR62",1.114189528006
"LINC01331",1.11212753029687
"GNB2",1.11071221367326
"ZNF8-DT",1.10985032598276
"TTC28-AS1",1.10925666880132
"ATP5PDP4",1.10860882167586
"UQCRQ",1.10846898796455
"SIRT2",1.1073419824678
"LARP1",1.10718647064407
"CYB5RL",1.10649999774277
"NOD1",1.10624185771735
"RAP1A",1.10537148487499
"DSTNP1",1.10491584156588
"POLR2J2",1.10326525789503
"CAD",1.10325119776318
"SLC2A9",1.10238206785049
"PPP1R37",1.10154670906631
"STING1",1.09929456860127
"ITGB2",1.09904709760024
"COX17",1.09789527040195
"TM2D1",1.09687163291528
"GIPC1",1.09623338337917
"COASY",1.09607148708937
"SERBP1",1.09558184311238
"RBFOX3",1.09547635043023
"SNX5P2",1.09537512511407
"MCRIP2",1.0933224906632
"SPATA20",1.09296376672692
"SEPTIN9",1.09266972841777
"CCNB1IP1",1.09251936671763
"MBD4",1.09244424314868
"RPL34P34",1.09202416964286
"TTC3-AS1",1.09141373540669
"RAD50",1.09121051415792
"LINC-ROR",1.09112437412764
"PARP4",1.09074037855562
"SCFD1",1.08897651573368
"ANKRD26",1.08868342905881
"GDF2",1.0885514812307
"KIF2A",1.0881771300262
"DCAF15",1.08657865164601
"TTLL5",1.0864084516336
"FOCAD",1.08397479705172
"EIF4E2",1.08191075732605
"SLC16A9",1.08118886668401
"PTTG1IP",1.08112522286249
"CIBAR1P1",1.08112291731568
"NDUFB2",1.08102756337514
"THSD4",1.08076488317419
"LINC03022",1.07988990666977
"MAF1",1.07972883607823
"ZNF630",1.07934900193106
"ALDH1B1",1.07874209505352
"STMN1",1.07832490479556
"SRA1",1.07809036060635
"MLLT6",1.07744492597445
"H2AZ1-DT",1.077167540428
"TXNL1",1.07675262408294
"ITGB2-AS1",1.07645628900394
"RPL36A",1.07580342848142
"GTF3C3",1.07504571951803
"USP25",1.07438350960445
"STX8",1.07399248087874
"CNPPD1",1.07392694281427
"CCT4",1.0728913313409
"OTUD3",1.07185876514648
"HOOK2",1.07125604594927
"SPDYA",1.07106884554822
"MX1-AS1",1.07097923270021
"RRS1-DT",1.07033236300673
"SLX1A-SULT1A3",1.06936206126664
"SPATA21",1.06844653096046
"BANF1P2",1.06661393625295
"RNU1-136P",1.06403435295485
"TRPC3",1.06325642698644
"SUCLA2-AS1",1.06316699458561
"LIMS1-AS1",1.06291161038551
"USH1C",1.0614574244175
"PPP1R11",1.06138132260225
"MFF",1.06127036882628
"CXorf65",1.06121792711284
"PRAM1",1.06000749875289
"SNORA63D",1.05998929803848
"RNU6-748P",1.05946030838054
"ATG5",1.05903525252728
"RHOXF1P3",1.05860454782266
"REEP4",1.05856174434529
"MUC5AC",1.05840057448792
"LSM3",1.05838276158089
"IPO7P2",1.05813248033277
"FNDC10",1.05797017570499
"COA4",1.05779118138412
"RGS12",1.05717429307564
"SULT6B1",1.05696047388417
"AQP11",1.05658465173262
"HECTD4",1.05568883541094
"MYADM-AS1",1.0555431664725
"PSMC1P1",1.05518012433803
"DNAJA4-DT",1.05497270350507
"MT-ND6",1.05465934994023
"FAM241A",1.05448070745361
"GOLGA7B",1.05355928106297
"TCOF1",1.05319119600283
"TRABD",1.05229153474005
"SLC39A6",1.05196504426699
"LINC02793",1.04988685582038
"TFDP2",1.0489612742331
"CENPI",1.04713973077384
"MEF2C-AS2",1.0466292340997
"TRAP1",1.04642285830671
"CCT8",1.04571614244201
"LARP4",1.04401332727408
"GJD3-AS1",1.04364059363513
"LARS1",1.04336793252436
"POLRMT",1.0421773825292
"ZNHIT1",1.0418176422393
"MALSU1",1.04096793146866
"SPRED2",1.04076121361241
"NPHP3",1.04003789305974
"KIF4B",1.0385501431916
"ZNF577",1.03798794826323
"USP33",1.03783337279122
"MRPL36",1.03729092304819
"TRIM69",1.03718368927057
"DYRK4",1.03709751739427
"ZNF785",1.0367491549658
"GYS1",1.03619852620707
"NRAP",1.03609398446837
"ARHGEF19",1.03595908144658
"TNFSF13B",1.0359099544841
"PAX6",1.03496639365644
"ZBTB42",1.03452122027319
"TEDC2-AS1",1.03335473821391
"MAPK8",1.03192209220702
"TRIM36-IT1",1.03155551939765
"PDF",1.0312450246999
"AASDH",1.03020540545646
"TEAD4",1.02979027278175
"MBTPS1-DT",1.02948469627476
"MAN1C1",1.02855871401126
"TEDC1",1.02847747973592
"ILKAP",1.02786268024023
"LINC02245",1.02771299207681
"TMEM177",1.02625749484135
"HCLS1",1.02601119272709
"RNF2",1.02595683177907
"LINC02041",1.02566252853056
"SYTL5",1.02566252853056
"PPIAL4A",1.0249793053438
"CABLES2",1.02449579031319
"SUN2",1.02425445240728
"ATP5MC1",1.02399322681763
"MRPL34",1.02395910828646
"SLC26A4-AS1",1.0239081070413
"VSTM2B",1.02359873761405
"CDH22",1.02351224275124
"FLVCR2",1.02323184854445
"NDUFB10",1.02308947913767
"ACOT2",1.02207032993067
"A2ML1",1.0220004287326
"PAICS",1.02171046197654
"MNT",1.02114000209511
"RNU7-174P",1.02087425972041
"LINC01522",1.02087425972041
"SNRNP27",1.02055024400982
"SLC2A8",1.02022736708097
"BVES-AS1",1.01910480061864
"GNAO1-DT",1.01876823993027
"SLAMF9",1.01867866885886
"LRRC51",1.01808509360327
"MGRN1",1.0179398348339
"MAMDC2-AS1",1.01781429919405
"FAF2",1.01729751165067
"UXT",1.01727432956544
"NDUFAF6",1.01640720477845
"RPL22L1",1.01287974648092
"GAS6",1.01199292907749
"TBPL1",1.01130920702194
"LINC02247",1.01107444786983
"SDE2",1.01051994066397
"SEC61A2",1.01045117346821
"DEGS2",1.0097921482925
"XRCC6",1.00952769565653
"TAF7L",1.00925666698682
"DEXI",1.00915170657785
"PEF1",1.0090344096666
"EFNA5",1.00840083165816
"VIPR1",1.00809269613894
"RBM25-AS1",1.00774466930903
"UNC119",1.00773240573262
"RPS6KB2-AS1",1.00746205538971
"RBM28",1.00722712537845
"HAUS7",1.00691507147092
"PSMD4",1.00642449577738
"RAP1GAP2",1.0064026865926
"MAB21L3",1.00594532808099
"SSRP1",1.00561414591859
"TNPO3",1.00516558827758
"PACS2",1.00500671919422
"LINC02981",1.00450920474521
"CFHR5",1.00395869124631
"UNC5C-AS1",1.00335572979837
"CYCSP23",1.00335572979837
"TM9SF4",1.00333914953992
"WNT2B",1.00232995591592
"GSDMD",1.00199479110738
"LYN",1.00188628446306
"SNX21",1.00099526084203
"TINF2",1.00086764000374
"CDK5RAP1",1.00070537497337
"SLC5A4",1.0001485088157
"COX7A2",0.99998129608744
"SHARPIN",0.999891427757969
"POU2F2",0.99979408551708
"FAM230C",0.999596861303235
"LST1",0.999387561818578
"EDAR",0.999386906485638
"YAP1",0.999058221276968
"SVEP1",0.999017540898823
"KIF5A",0.998464313186687
"RPL21P80",0.998231056907786
"CTXND2",0.997640641462207
"SPSB2",0.997351730794816
"ZNF726",0.996621258343229
"ACTR10",0.996077549833037
"TMEM263",0.995117068678103
"RARB",0.994602010960862
"NDUFA2",0.994581796012104
"RNA5SP324",0.994533295647958
"ZRANB2",0.993683128837981
"C9orf50",0.993630834166753
"SAMD1",0.99287820793059
"KDM8",0.992370567118989
"GTF3C1",0.992279180267535
"RPL3P7",0.992177620100795
"DZIP1",0.991110755381697
"SMAD3",0.990737850646242
"GTPBP3",0.990440868184632
"GOT2",0.990317888648353
"TRIM34",0.990045246933924
"AQP5-AS1",0.990045246933924
"ARFRP1",0.98948480656148
"GON4L",0.988560735847658
"RPS10P3",0.988295785541594
"ARHGAP27P1-BPTFP1-KPNA2P3",0.988291416829337
"PHAX",0.988260928486013
"TMEM243",0.988252457407958
"PCDHGB1",0.988041506625095
"EPB41L4B",0.988041506625095
"PTDSS2",0.987788411929378
"RPSAP12",0.986799582283517
"TMEM94",0.986013628709863
"FAR1",0.985444636374615
"GALNS",0.984954839697742
"ABHD17A",0.984482308600822
"RPS23",0.984350126608903
"DLD",0.984272169989831
"GSS",0.984174521544858
"NOTCH1",0.98382228050621
"PHKG2",0.98255652815818
"RASA3",0.982259250851279
"CCDC88C-DT",0.981778203719758
"ALG2",0.981396610752695
"NPAT",0.98091885779748
"EME2",0.980612955228709
"TRPM4",0.980586637790718
"ARPC3P1",0.980246655294033
"WRNIP1",0.979871102550836
"RSPH10B",0.979713587309186
"STARD7-AS1",0.979446884637145
"ADK",0.977956154194828
"RNF213-AS1",0.977830044778699
"C4orf3",0.977754297598181
"BMAL2",0.976977508892943
"GAK",0.976809582590262
"CORO1B",0.976572836663154
"PPP1R14BP3",0.975910774123212
"RPL3P3",0.975905411906509
"TMEM167B",0.975800945366751
"SNURFL",0.975652498236545
"TEX14BP",0.975652498236545
"CLPTM1L",0.974689783654362
"RPS6KA4",0.974417260010019
"WAPL",0.974098612837495
"NDUFB7",0.972859025525406
"LINC02849",0.972666876314692
"HVCN1",0.97250169759154
"RPS26",0.972429371973258
"SLC50A1",0.971867665967531
"TSPAN11-AS1",0.971754402986002
"ZNF316",0.970672896439446
"TERF1P5",0.969261264179804
"MYEOV",0.968698093747539
"SRRM2",0.968104611053276
"DISC1",0.967711669116104
"C12orf43",0.967336287799055
"DMXL1-DT",0.967133706146961
"DSG1",0.966948787566653
"LILRB2",0.965809810048036
"HPS4",0.965450923705345
"HCFC2",0.964180100909085
"GCNA",0.96400257899211
"MYBL2",0.963852128608222
"PM20D1-AS1",0.963824579967227
"MFSD12",0.963823055252274
"FKBP3",0.963400842387982
"KCNK10",0.963364959734851
"CHMP1A",0.963322507549247
"MTLN",0.962776880102288
"TIGD5",0.962739972421178
"RSU1",0.962189582481856
"ARFIP2",0.961974027665661
"ATP6V1C2",0.96175205702477
"UNC13D",0.961744582813799
"COX6B1",0.961621753316322
"SNX20",0.961441191841757
"RNU6-1057P",0.961256139440902
"VIM-AS1",0.960550685710641
"RNF39",0.960221284381627
"CAVIN2-AS1",0.960076712376036
"BMAL1",0.959775594867097
"SERPINH1",0.959523906722173
"SCEL",0.959137721500413
"MIR1184-1",0.957552805989462
"DECR1",0.957238915068949
"PIBF1",0.956825220505422
"STRN4",0.95658646273884
"CCDC137",0.955906554225265
"COPRS",0.954368489516881
"ZNF133",0.954141272806015
"ALKBH1",0.95410982137925
"RABAC1",0.95346937136136
"REELD1",0.95290902049649
"PLOD1",0.952760581062449
"GUK1",0.952261179107676
"METTL21A",0.952247716638007
"TOMM34",0.951177936147114
"LARP7",0.951072310099802
"ZDHHC17",0.950988028782449
"BATF",0.95093652154314
"RPL34P31",0.950427561432467
"PLEKHJ1",0.95027413348896
"POLR1C",0.950185731908973
"ATAD3C",0.949016110865224
"VPS16",0.948150009765551
"DUSP2",0.947549574576484
"RPS3AP5",0.947430023541002
"YIF1A",0.947212138097104
"NHLRC4",0.946918920760018
"LINC02715",0.946123513776144
"TOLLIP",0.946116354402504
"HMGCL",0.945516929002366
"DLGAP2",0.944767032796609
"SERPINF1",0.944070764810948
"MIRLET7BHG",0.94382186449826
"AMOT",0.943774989112323
"HMCN2",0.943732946564233
"PFDN1",0.942758712414037
"ZNF302",0.942682323418484
"FSTL4",0.942659124677042
"POLR2J3",0.942254066165278
"NMI",0.942008980999957
"HTT",0.941486793048727
"OR2T33",0.941315896660563
"PAPPA-AS2",0.941069372106357
"RTBDN",0.941069372106357
"ACAD9",0.940436722170675
"CA12",0.939060484947569
"DHRS11",0.938024803753504
"ICA1L",0.937756949827633
"ZSCAN16-AS1",0.937127039374666
"ZNF100",0.93683083831234
"LCAT",0.9351074090284
"MSRA",0.934812164197853
"GLRX5",0.934287096867415
"PHLPP2",0.933826274372392
"CBX4",0.933181155273877
"ALPK1",0.933035771345589
"YBX1P1",0.932838480137231
"NEDD8",0.932271054419766
"MMP24",0.932188259291379
"SMIM15-AS1",0.930923675543027
"PSMD14",0.929475442749235
"FNDC8",0.928681996054161
"ALOXE3",0.928681996054161
"KCNK6",0.927738148769183
"BBOX1",0.927061151592175
"TRARG1",0.926862098961785
"LRRC49",0.925955312776293
"SNHG4",0.925652676389844
"MIR210HG",0.925401836450572
"THAP11",0.925187701964788
"LACTB2",0.924953991134506
"SAMD11",0.924290716026699
"DPP6",0.923862052285594
"CABP7",0.923432951545888
"RN7SL45P",0.922911254868996
"HSDL2-AS1",0.922833463745009
"RBP2",0.922530688952998
"NUP88",0.92252962098249
"CD69",0.921929458759198
"ATP5PD",0.921753528625784
"TXNRD2",0.921511892070681
"SF3A3",0.921251942818074
"SUDS3P1",0.920836867444631
"UBFD1",0.920327730457231
"RPL34P14",0.920034372615304
"TRIM56",0.919192861877577
"NAPA",0.919057661797935
"SFXN5",0.918686560554849
"RPSAP61",0.917459087685727
"MCRS1",0.916260592334401
"GOSR2-DT",0.915940143587905
"SPINK2",0.915661690151961
"RPS7P1",0.915170615304709
"FBXO28",0.914683337089161
"H2BC12",0.914640165460513
"UBE2SP2",0.914575470459915
"SPSB1",0.91442957263839
"FAM135A",0.913581576075848
"DUX4L34",0.913517581859711
"PDK4-AS1",0.911839314904964
"CAMK2N1",0.91136717572569
"IL27RA",0.911141702109871
"UBXN6",0.910818831765919
"RBM17",0.910526177028339
"AANAT",0.909986551811924
"RCE1",0.909840205819408
"KIFBP",0.909795990960503
"LMAN2",0.908698177609836
"SNX17",0.908682364525037
"TLR7",0.906406393330487
"HINT1",0.905708247685395
"BLVRA",0.905037847385514
"ZNF672",0.90485541471058
"MARVELD1",0.903948615330634
"NFKBID",0.903637072102982
"MIR4755",0.903507245027843
"ZNF660",0.903219853152218
"LINC02803",0.90307190537738
"CA1",0.903055345825268
"NDUFB2-AS1",0.902129989835056
"ERVK3-1",0.9014480659067
"RPL23AP3",0.901334315171289
"HSPA14",0.900983189601707
"NPAS2-AS1",0.900584081014321
"LRRC57",0.900558551931791
"JAZF1",0.899544181868381
"FBRS",0.898967279324541
"ZNF714",0.898943958160775
"ZNF687-AS1",0.89870154147408
"PEX13",0.898609843602157
"XPA",0.89845986335288
"NUDCP2",0.89831803872887
"B3GALT6",0.898224020837316
"TNFSF13",0.898180972056047
"B3GALT5",0.897780371678622
"MIR4511",0.897252287046126
"SSU72-AS1",0.895422925425914
"MTCH2",0.894956385534491
"PTK2B",0.894595130110394
"UNG",0.894520507611238
"DHRS4L2",0.893770264343651
"RPS23P7",0.893309303086255
"SLC6A9",0.893262544208829
"PYDC1",0.893147596767954
"C11orf58",0.893108188378401
"C15orf61",0.89284254454669
"ARL14EP",0.892832878983889
"C17orf107",0.89278935439
"RAB8A",0.8921210758489
"YIPF6",0.891540960075295
"CMTM8",0.891493409035331
"TMEM132A",0.891394903382722
"FAM83C",0.890762341716204
"NDUFA5P11",0.890477517711127
"ALG11",0.890232886722891
"LEMD1",0.889979562523173
"ALDOA",0.889960716047153
"SUPT20H",0.889914039412475
"RERG",0.88959594226895
"SOX11",0.888912039017028
"OR4F29",0.888721861884164
"SNORA20",0.887428203549529
"METTL16",0.887141123096844
"TTC16",0.885586864734616
"NOLC1",0.885470977706692
"LINC01170",0.885019307898663
"MEX3A",0.884871784715708
"MIR30C1",0.884722536971704
"SH3PXD2A-AS1",0.884722536971704
"GPATCH11",0.884563952158173
"POU2AF3",0.88453576480521
"PRDM8-AS1",0.8844083714054
"TARBP2",0.884314421587748
"GNB1L",0.884311160070179
"TMEM8B",0.884168257607628
"TTLL3",0.883269374057756
"RILPL1",0.88282325415474
"LRP1",0.88230855369525
"QTRT1",0.881012301208234
"EARS2",0.880984647056505
"SNU13",0.880133499526461
"RC3H1-IT1",0.880021677304281
"MIGA2",0.879769721839971
"ELAPOR2",0.879610222608322
"RAB3IP",0.879353882853946
"CXCL17",0.87920481504368
"SNAI3-AS1",0.878548024140813
"WBP1",0.878212300654396
"GLMN",0.87799873725411
"MRPL33",0.877824767379174
"SLC30A5",0.877796598494633
"TIMM8BP2",0.876731864300425
"MOXD1",0.876653610046891
"ALAD",0.876241070510645
"GPAM",0.874960592306992
"NASP",0.874877587189506
"AP3M1",0.874651127504249
"NAV2",0.87426660824409
"ERBB2",0.874070457596554
"NARF",0.873527651998466
"ARHGEF35-AS1",0.873403392154182
"LINC01961",0.872950490830101
"LRTM1",0.872950490830101
"ETS1-AS1",0.872950490830101
"LINC01775",0.872950490830101
"PCGF5",0.871790804275296
"KLC4",0.871154538163034
"CKMT1B",0.870946901384823
"BCOR",0.870572908950239
"GDPD1",0.870361372875738
"PLSCR1",0.870066244821635
"TGFB1",0.869978541895269
"SP100",0.869877631579091
"CHUK-DT",0.868018975587842
"SERPINH1P1",0.866805383996981
"ZNF22",0.86654015826682
"SAMM50",0.865441081489655
"IVD",0.865125219041456
"ZNF718",0.864842470659819
"LINC02088",0.864401939505411
"RPL31P3",0.864401939505411
"CDC42P1",0.864363380356193
"MYO1G",0.864263777994763
"CCDC91",0.863851693921356
"ELOC",0.863062789706425
"DPP10-AS1",0.862708097082919
"CRIP1P2",0.861905761421832
"USP53",0.861742923480694
"TIMM10",0.860958463834877
"HDAC11",0.860649096871348
"ANKS3",0.85982196733448
"UBE2MP1",0.859315757466045
"SKIC8",0.859163801935409
"PPIA",0.85905770017786
"MICAL1",0.858040924500785
"FKBP15",0.858031197648242
"ZNF775-AS1",0.857382984765171
"ZNF518A",0.85649853389501
"CYSLTR2",0.856156399836721
"LINC00499",0.855178279188584
"ADGRA3",0.854665596077626
"TMEM238",0.853497772873773
"MISP",0.853201574427861
"EIF4BP3",0.853081834848946
"SYNE3-AS1",0.851748492621757
"ARMH1",0.851514961162406
"MIF4GD-DT",0.851493320823936
"ADAP2",0.851325959908673
"SOCS1",0.850742016322404
"FMN1",0.850654106857569
"COL5A2",0.85035840408722
"BIRC5",0.850010461148141
"UBE2S",0.849833860329116
"ADAP1",0.849312653847348
"NDUFAF2",0.849184651329627
"LILRB4",0.849156057957554
"MYH9",0.847679658593519
"RPS26P31",0.847430500270937
"URM1",0.847274162406515
"SNX30",0.846974817262242
"GCDH",0.84654339659655
"TEX10",0.846165595635937
"HCG18",0.845490581733895
"ARID3B",0.845484355189131
"RNY1P11",0.845385439353187
"RNU6-890P",0.84452197269407
"FZD3",0.843401121141509
"H3-5",0.843230089631889
"OR2V1",0.842271472773123
"TMEM139-AS1",0.842271472773123
"USP6NL",0.84174379864316
"BFSP1",0.840564035019092
"MIR324",0.840542318669117
"WHAMMP1",0.840093389604437
"CORO2B",0.839862078381174
"SOX2",0.83985560882947
"SPAAR",0.83985560882947
"RPL31P38",0.83950049725922
"SIVA1",0.839183962581716
"SUFU",0.839071766572597
"GGT7",0.83883078958093
"MIDEAS",0.83862324012368
"CCR5AS",0.838433619693823
"RUVBL1",0.838247448975242
"SMIM15",0.838189063726506
"USP13",0.837829692126332
"ARMCX3-AS1",0.837647432669728
"CYP4A11",0.837531809025442
"BCL2L12",0.836729450648045
"BRIX1",0.83592784504551
"TRIR",0.835432783076565
"C2orf81",0.835087894437186
"GVINP2",0.833073337210869
"TMEM41B",0.833056524449296
"ITGA4",0.832954628116887
"RNF166",0.832560933940653
"RPS6KB2",0.832382930803468
"LINC02971",0.832338104830591
"SLC19A1",0.831851854721829
"SUCLA2",0.829809916003756
"MRPL16",0.829764239066469
"NAPEPLD",0.826392321285346
"NAA60",0.826241893085349
"ANXA8L1",0.826209743291667
"ETFB",0.825560571314726
"TVP23B",0.82441404925469
"RHBDL1",0.824334167146317
"PRKAA1",0.82422332065675
"MRPL49",0.823607113527466
"SCAF4",0.822117696004985
"CLN6",0.822017841375248
"ZMPSTE24",0.821872688731729
"NRGN",0.821689574280606
"CD320",0.81964624516639
"TRAPPC1",0.819488934940238
"NSMCE1-DT",0.819374950576938
"RMDN1",0.819306876570667
"CHCHD2P2",0.819201577828996
"SLMAP",0.818998647688691
"MIR4434",0.818085533306659
"SLC6A17",0.81807970393061
"PRPF8",0.818014030125461
"CCNJ",0.817454885866329
"FANCA",0.814998741232772
"REEP5",0.8142948295527
"SMPD2",0.814077898007294
"PMPCB",0.813687282593775
"TRIT1",0.812957607631586
"MSMB",0.81288806230286
"GAPDHP70",0.812510942528198
"SLC29A3",0.812440382816292
"TM7SF2",0.811571079746596
"STRADB",0.811506202171828
"MIGA1",0.811269116469864
"LY6G5C",0.810230510095457
"DTYMK",0.810220296118903
"NELFE",0.808765416892966
"DCP1A",0.807831493266316
"DNAJC6",0.807640281062345
"PHACTR4",0.807501497744498
"TAMM41",0.807045136523817
"STAG3L5P-PVRIG2P-PILRB",0.807003915756991
"PHB1P9",0.806848820249021
"BAG3",0.806774302607651
"PDCL3P5",0.806772729485126
"GGACT",0.806565481656191
"LNP1",0.806455755522878
"H2AC6",0.806136087363248
"RN7SL338P",0.806035304508242
"RABEP2",0.805036419363968
"LINC01964",0.80477344965062
"DRAP1",0.804417782986699
"PLEKHA7",0.804249863004407
"WBP4",0.803570681132262
"BRAP",0.803517062782037
"RAB38",0.803291345344745
"AIG1",0.803060727923117
"CLIC4P1",0.803025665209055
"GPR65",0.80274307576807
"LINC00867",0.802291005523278
"DENND4A",0.80181817279815
"ACOT11",0.801813696240058
"BCL7B",0.801370537231753
"MYL12-AS1",0.801236049648591
"MRPS26",0.801220265914681
"SMIM20",0.801038759642362
"VDAC1P1",0.800182532814313
"SKIC3",0.79996517015451
"TTC4",0.799862564258855
"ARMC2",0.799809147018668
"HSPH1",0.799684180432364
"GATAD1",0.799413055291779
"SEC24C",0.799047825622809
"MGAT4B",0.79831897815938
"KEAP1",0.79807757969763
"DAB2IP",0.797907032915919
"DMAC2L",0.797835592226672
"KRAS",0.796954410572261
"DDX31",0.79688136208491
"ACBD3-AS1",0.796014797459269
"LRRC4",0.795523690065727
"DBT",0.795345107369483
"ZNF433-AS1",0.794622792838205
"GLIPR2",0.794496004978622
"MIR6719",0.794105220600233
"ACAP2",0.793315507688333
"SYT14",0.793084236989061
"RPL35AP4",0.792968430024131
"RNA5SP382",0.792968430024131
"APAF1",0.792616115809027
"CSTPP1",0.792551779802464
"DMD",0.792282957353938
"EHBP1",0.791309747649251
"MSRA-DT",0.791210216918642
"LINC02737",0.790049470803685
"MIR6858",0.790007773597794
"LINC01376",0.789887406738824
"NDUFA13",0.78938392690523
"RNU6-10P",0.789106939379729
"HNRNPH3",0.788502953433962
"HBEGF",0.788189707158775
"TMEM223",0.787770694163056
"ARHGAP4",0.787528313016121
"PCMTD2",0.787214330614375
"PARP3",0.786645267367159
"LINC02976",0.785970727719062
"MTND4LP12",0.785847431100719
"EIF2B5-DT",0.785747654805875
"TMLHE-AS1",0.785627917796955
"SMIM26",0.78558269490693
"S100Z",0.78531638363252
"RPS3AP33",0.78509948876477
"ANKRD13D",0.784930106476855
"POMZP3",0.784393278064396
"AICDA",0.783648503871725
"UQCR10",0.783600232177117
"MICAL2",0.783282103512143
"POP5",0.783171942127267
"NAMA",0.783011875330509
"NRDE2",0.782396072282335
"ANO10",0.78152358246758
"CFL2",0.781267712794788
"HACD1",0.78005592362681
"CAHM",0.780050793645557
"TERF1",0.779522258796447
"CAP1",0.778828636613293
"SLC2A6",0.778759096255892
"MTND5P11",0.778099828989741
"RNA5SP212",0.776903980461655
"ERP44",0.776875326345768
"MIR7848",0.776566998139373
"RNF111",0.77639921001656
"DHFR2",0.775813999593545
"FAM117B",0.775364488112517
"USP16",0.775200479281276
"GSTT2B",0.775107654722045
"FDPSP2",0.775071139525183
"MRPS18B",0.773736082980311
"PDSS2",0.773352349173859
"AP3S1P1",0.773131577846509
"SCAT8",0.772939006337178
"RALA",0.772803866395197
"JMJD8",0.771946724288076
"VIRMA",0.77184761197612
"LINC02314",0.771801577392761
"RNU6-192P",0.771639214869263
"THOC7",0.771231475309824
"SF3B6",0.770143318564598
"PEX10",0.769799821387406
"SCUBE3",0.769496799759526
"MAMSTR",0.769335193961463
"DYNC1I2",0.768999737286353
"CCDC106",0.768976004201462
"SV2C",0.76866046916017
"CTDNEP1",0.768590850753714
"SMDT1",0.767525252894821
"SEPHS2",0.767523789303413
"FIS1",0.767333089624505
"AQP3",0.767312945678374
"OR2Z1",0.766819950573195
"BRIX1P1",0.766130751385603
"AK3",0.765922209712105
"SH3GL1",0.765677746875682
"RAET1L",0.765625291990848
"OSGEPL1-AS1",0.765562864247513
"DPM2",0.765379043428
"RBFOX1",0.764827156475517
"DISC1-IT1",0.763482136399865
"KMT5B",0.76313773553662
"DARS1",0.763014196881552
"MCCD1",0.762911791801384
"FHIP1B",0.762653836169053
"RPS15P9",0.762452900098175
"ARL6IP6",0.762051800819175
"C14orf119",0.76177392482421
"C6orf89",0.761733803140839
"MRM3",0.761683702944332
"TMEM9B",0.760608489425596
"OAF",0.7602207832725
"SLC38A10",0.760127939560078
"COPS7B",0.75873084864207
"BRD7",0.758646435919946
"ATP6V1G1",0.757989471761141
"LRRC37A3",0.75776287624173
"ZNF800",0.757641045082712
"SHKBP1",0.757557870122442
"TCF12-DT",0.75754607305918
"DOCK2",0.757457157969167
"PPDPF",0.757213677617054
"ASB13",0.756902791805741
"SUPV3L1",0.756395606253027
"DYNC1H1",0.756253150306797
"GARIN4",0.755395471958937
"RTRAF",0.755201267182573
"KANSL1L-AS1",0.753752949002321
"CCM2L",0.751926860135506
"HM13-AS1",0.750635696065344
"ZNF608",0.749166441307371
"TTC14-DT",0.749050297214261
"MAGEA5P",0.749050297214261
"TCTA",0.748758699685883
"RTN1",0.748736713847019
"ARID4A",0.74851873805129
"GRPEL1",0.748343671895575
"IWS1",0.748073576406411
"CCT5",0.747578288576491
"MIR924HG",0.747204885345917
"MDN1",0.746850546221476
"ANXA2R-AS1",0.745956052152563
"CCL3L3",0.74545941348163
"GAPDHP33",0.744798367731939
"THYN1",0.743987277106485
"ATF6",0.743696100908111
"ABHD17AP1",0.743660593946278
"RILP",0.743651697238092
"SLC25A39",0.742983594159884
"DMXL1",0.742894939782665
"MT-TK",0.74270396667873
"ARF6",0.741775566206677
"PRRT3",0.741590849064799
"PIGR",0.741184421964475
"RSL24D1",0.741125023681921
"PHLDB1",0.740453098251337
"ACTN4",0.739924111099124
"DUT",0.739269420685952
"ACSF2",0.737846044439769
"MIR4253",0.736071280474918
"SNRPGP10",0.735899727718529
"CD48",0.73582976276948
"GIMAP6",0.735273139570171
"PSD2",0.7350779653135
"OR1E1",0.734534777151789
"DDTL",0.733387980230162
"SLC35C2",0.73296401548011
"ILF2",0.732473178191749
"ITGB3",0.732227639135656
"CLDN1",0.731865403009384
"LY6E",0.731776995596299
"GOLGA7",0.731583670276957
"NDUFA3",0.73054611638947
"NOM1",0.730462394519246
"DAZAP1",0.729773017519073
"EAPP",0.729522125384785
"TMCC1-DT",0.7290151274459
"CLIP3",0.728833549022187
"RIDA",0.728557904996767
"PHLPP1",0.728249856474002
"STK16",0.727335596262217
"FNTA",0.727202605352121
"TRAPPC6B",0.726555798832745
"TMC2",0.726138576815997
"FLAD1",0.726023100505067
"BPIFB3",0.725515300856316
"ZNF770",0.724840608244893
"HLA-S",0.724632806522923
"UQCRH",0.724337357696256
"BACE2",0.723739395164523
"GALE",0.722419240030289
"NIT1",0.72167781843992
"LINC02462",0.721209976573617
"PPM1G",0.721147210817009
"NUDT2",0.721087974092562
"HTR1DP1",0.719774957828597
"RNPEPL1",0.719355624126839
"PELP1-DT",0.719073537573096
"ATOX1",0.718397049482329
"SIRT7",0.718254140709587
"PCYT2",0.717865231944751
"SVIL2P",0.71754153114948
"NCAPH",0.71698815876755
"TMSB4XP6",0.716366625811229
"HMGA1P4",0.715124153938537
"PHF14",0.715044428984769
"EIF3LP2",0.714986466326647
"DEFB1",0.71476875855595
"PHF5A",0.71471771343799
"NAPA-AS1",0.714313881338232
"NCR3",0.71379522332827
"AP3D1",0.713308575227791
"TGIF2",0.713031816893526
"RPS2P29",0.712777543617172
"SYK",0.712172692105611
"SLC9B1",0.711814328297738
"ATG4C",0.711678940923323
"CENPS-CORT",0.711600011757301
"C2orf49",0.711355208054129
"INTS14",0.711116723455219
"TOMM40P1",0.711086072282798
"CAMTA1",0.711036456124966
"LCTL",0.710724127416285
"PIR",0.708873201601993
"DVL3",0.708648136369463
"NUAK1",0.707915923404185
"RHBDD3",0.707846247177143
"DDN-AS1",0.707840039864273
"HMGN3",0.707714228537161
"NDUFS7",0.70746364143401
"CHEK2",0.706282298587878
"ZNF273",0.706027067701095
"NSUN4",0.706004352611963
"CAVIN1",0.705873282742818
"MTND2P28",0.705841294844115
"PGS1",0.705807489557103
"HMGN2P41",0.705712353030137
"RPL17P8",0.705521722562099
"ACTG1P15",0.705223851502979
"HEATR5A",0.704718074335318
"ATF1",0.70401256448636
"SLC41A2",0.703946741427854
"FAM222B",0.703548507263953
"PPP1R18",0.702822214707617
"DNA2",0.702241162686082
"GLRX3P2",0.70207176953081
"HNRNPA1P12",0.701225726947598
"INPP5E",0.701014836971275
"SIDT1",0.700778982869994
"CCDC142",0.700535214858244
"MZF1",0.700376971783149
"PTPN6",0.699581782292218
"CBLL1",0.698934085064291
"RHPN1",0.698511487859463
"GMDS-DT",0.698505251733878
"NFKBIL1",0.698429467581591
"CLIC1P1",0.698339984018768
"CARF",0.698031056656197
"COMMD5",0.697884771414372
"E4F1",0.697726073148919
"LINC01141",0.697304408089396
"LRP10",0.695892932740547
"DYNLL1P2",0.695887687440083
"UBE2D2",0.695866206045053
"RUFY1-AS1",0.694180248469229
"GAS6-AS1",0.694095543355614
"CDC37L1-DT",0.694016239496378
"MANEA",0.693263047703945
"MPV17",0.692927340196759
"TAOK2",0.69274256013743
"EWSR1",0.692724626508537
"BCDIN3D",0.692393719161277
"FBXO42",0.691590318667529
"THSD7A",0.690999893574006
"KIF14",0.69099198757704
"HMOX2",0.690941399698769
"PIAS3",0.690829977444319
"UGDH",0.690100148693614
"KRT10",0.689879315762129
"AARSD1",0.68933200179295
"MRPL38",0.68840857136827
"NUCB1-AS1",0.688337168212355
"ATP5F1EP2",0.687501739828207
"SETD4",0.687478874189311
"SPATS2L",0.68727318108294
"CD86",0.68614291802102
"POLRMTP1",0.68562330152036
"HSPA5",0.685391128047154
"SGSM2-AS1",0.685132553461075
"ANO5",0.684961847870114
"INPP4A",0.684318552667476
"RPS17",0.683698874966205
"PIH1D1",0.682820189093492
"CCDC83",0.682817331616462
"DNAH2",0.682742688319997
"STUB1",0.681983731981727
"CD2BP2",0.681695537985842
"KCNH3",0.68158930609423
"SCARNA1",0.681570610821117
"CES2",0.681000131693209
"RPS12P20",0.680790281496236
"THRB-IT1",0.680496384755612
"CYB5A",0.68001669105569
"STX18",0.679865622203419
"RNU6-1095P",0.679861687826266
"RNU6-516P",0.679861687826266
"TBCB",0.679753829856158
"ALDH1A3-AS1",0.679346450243577
"ADAT1",0.679046145707002
"DHX34",0.67893970786686
"ANKRD39",0.678772139356494
"FAM221A",0.678604741653316
"HAS3",0.678335235853632
"POLR3F",0.678024292101298
"LY6E-DT",0.677910998149585
"LINC02298",0.677387298996168
"CNN2",0.676497667188936
"NDUFA6",0.675152523994494
"C2CD4D",0.675149021648766
"SNRPEP2",0.674869644525458
"SBNO2",0.674580503388628
"PTPN2P1",0.673777030628377
"LAMTOR2",0.673268439672558
"PSMA6",0.67319992105113
"ACTMAP",0.673097583370961
"KIN",0.672780253975695
"GAS6-DT",0.672360261533911
"NEO1",0.672181616108564
"EZH2",0.67206229461554
"PRAL",0.671841952407087
"ZNF644",0.671588838622656
"BMPR2",0.671526369534889
"GCH1",0.671307789158632
"ASB14",0.671227508682139
"JDP2",0.671135711541324
"GBP2",0.670189687690101
"DAGLB",0.670136341757306
"PRDM15",0.669918699220356
"LSM7",0.669513715974185
"RNF187",0.669308046107067
"ST8SIA5-DT",0.669184394117591
"PEAK3",0.669017374667615
"FRMD6-AS2",0.668691084675466
"CBLL1-AS1",0.668558582396303
"RBM10",0.667863723970365
"RPS26P58",0.667424364568712
"LINC01147",0.667260479939162
"PIGH",0.667170796647607
"AATK",0.666945401844405
"RNU6-36P",0.666697891393117
"MFSD5",0.666670603402205
"RTCA",0.66629154095685
"GPX7",0.665966345409358
"ADPRH",0.665435113000849
"TAF1",0.665143719776493
"CREB1",0.665137531786895
"MDM1",0.665088292194882
"FAM151B",0.665073758543533
"BIN2P1",0.665005042745814
"SNORA77",0.664822457169264
"FAM186A",0.664254689171835
"CALR3",0.664254689171835
"CEP135",0.6641133909755
"MTHFD2",0.663744677966614
"RPL29",0.663336870150607
"PTGR1",0.663040779050437
"NCL",0.662486000150354
"LIN7B",0.662153777250172
"HNF1A-AS1",0.66093953771991
"WDR46",0.660726890705685
"OR1X1P",0.660709432741106
"DBI",0.660494749008265
"RN7SL105P",0.659485348359069
"COPS3P1",0.659174595296055
"PLPPR1",0.659174595296055
"TMEM258",0.658738079321642
"RDH12",0.658483896192579
"LINC02949",0.6573484276138
"IGKV2OR22-4",0.6573484276138
"INKA2-AS1",0.657212720555414
"CCDC175",0.656784296426082
"CPVL",0.656716969827066
"ERV3-1",0.655254643273304
"ZNF511",0.655047013881754
"RADIL",0.654549880616635
"LINC00649",0.65395438826919
"RFX5",0.653481774899288
"ZNF169",0.65330440127965
"COQ4",0.653239386339536
"OMA1",0.653155188339239
"LIPH",0.65309391722728
"RHOBTB2",0.65275170379021
"TRMT112",0.652463101668633
"FNBP1L",0.65222312976301
"DEDD2",0.651922876061601
"RBMS1",0.651505120481722
"SHISAL2B",0.651276675458493
"DEK",0.651026470642091
"BDNF-AS",0.650765329401386
"PIEZO1",0.650572623109424
"MUC3A",0.650535716834238
"CRYZL2P-SEC16B",0.650351364906336
"MSI1",0.650351364906336
"TCEAL8",0.649316326384166
"TTBK2-AS1",0.64901485667413
"PRADC1",0.648613358431061
"KDM7A-DT",0.648136967037103
"LIX1-AS1",0.647708373215019
"MARCHF1",0.647253773178369
"PSMC3IP",0.646609579767228
"KIDINS220",0.646106005861882
"HMGB1P4",0.64597790099192
"FOSL1",0.645513407807067
"GNA15-DT",0.644820606392475
"PDIA3P2",0.644735569759073
"ZSCAN30",0.644680259142225
"CENPL",0.643654724476187
"CDC5L",0.643148225401823
"PWP1",0.642815111694861
"LACTB",0.642775974856148
"FABP5P1",0.641869769314125
"IER3",0.641338051510966
"COL24A1",0.641069575471168
"ZSCAN5A",0.640782515920372
"TJAP1",0.640622779513161
"ZNF200",0.640141859927986
"CLEC4D",0.638552573633004
"TRAIP",0.638513247568602
"AURKA",0.638145115427845
"LINC02984",0.638015961843266
"ENOX2",0.63792054126397
"CUL1",0.637801494955283
"NAA10",0.637239691604324
"RNF126",0.637088562006367
"EEF1A1P46",0.635820373619908
"EPX",0.635820373619908
"SNAP23",0.635728446384272
"SCAMP3",0.635689206414326
"FES",0.635585637805662
"ZCCHC4",0.635467511255011
"ARL6IP5",0.634182416042817
"RNF213",0.634131898364638
"SCAMP2",0.634053211218926
"REPIN1",0.63380556690354
"ABHD8",0.633683687311836
"RAB6D",0.633663237234003
"PRG4",0.633609362563421
"DSCR4-IT1",0.633194611780212
"FAM76B",0.632653494371215
"SPDYE6",0.63259056515971
"HEPACAM",0.632425201085856
"MICALL2",0.632289383616417
"FBXL14",0.631306788163097
"SEC31A",0.630648490282924
"RPL18",0.630250105181495
"NEMF",0.630062583961505
"ASXL2",0.629808377762243
"TMEM101",0.62964206147972
"DDT",0.629637953266316
"SMAD5",0.629305291006343
"PLEC",0.62882969425932
"NDUFA4",0.62869064027886
"RBIS",0.628620606833043
"GNB1",0.628542788754056
"CILP",0.628453558973431
"PIN4",0.627792478302772
"SNORD11B",0.627305119549546
"PTPN2",0.626802112756166
"USP2-AS1",0.625884419908227
"RPL32",0.625489603878456
"MIF4GD",0.625464530558203
"SPAG16-DT",0.62520693163137
"PCGF6",0.624799370181794
"NKIRAS2",0.62479117410742
"THAP9",0.624531927736954
"EHHADH-AS1",0.624001138875347
"CPSF2",0.622372094030204
"PSMA6P1",0.622195922041955
"PLK1",0.621903859281968
"PIAS2",0.621096467188981
"FAM136A",0.621026444852248
"PRCP",0.620778949016907
"SELENOO",0.620728138191666
"KCNMA1-AS1",0.620495497087464
"GPR132",0.620405369301974
"CSF1R",0.620360993436143
"LINC02600",0.61995536027046
"TINAG",0.61995536027046
"MLIP-AS1",0.61995536027046
"MAL2-AS1",0.61995536027046
"APOA5",0.61995536027046
"WNT5B",0.61995536027046
"NETO1-DT",0.61995536027046
"B3GNT3",0.61995536027046
"NQO1-DT",0.619625508920991
"LINC02149",0.619328553229263
"MT-ND5",0.61886278765181
"DDHD1-DT",0.618740815124869
"NGRN",0.618653605377478
"APC2",0.617785291652626
"DVL2",0.617107647811163
"MDH1",0.616718523672044
"MATCAP1",0.61595825743099
"COMMD1",0.615884081735646
"TP53BP1",0.615129926702164
"PTN",0.615071108854401
"TMA7",0.615007386645202
"LINC01825",0.614333089733819
"MIR191",0.614031316664812
"SLC7A6",0.613543446374126
"LETR1",0.611876945693933
"TMC3-AS1",0.611267881398039
"BTBD6",0.611092437994665
"TPST1",0.609870493418778
"MIR4475",0.608850540387205
"LINC00028",0.608850540387205
"NRBF2P3",0.60864817119874
"DLL4",0.608555956586901
"LIMCH1",0.608381454749264
"BCKDK",0.607962941824758
"TKFC",0.607764938885817
"NDUFC1",0.607508640496301
"FXYD3",0.60724529005486
"ATP1B3-AS1",0.606000759807967
"RPS19BP1",0.605789322966875
"TSR2",0.605198861884849
"NR1I3",0.605188983339092
"SPPL2A",0.604830098895799
"PNN-AS1",0.604496363311886
"GEM",0.604454337831698
"JARID2-AS1",0.604360167397146
"SLC15A4",0.603902769099842
"FOXP1-DT",0.603633881463987
"PRMT5-DT",0.60349509009861
"SURF1",0.603105771699988
"DNMT3B",0.602940624672499
"NECAP2",0.602530411847513
"DNAAF3",0.602481929212239
"RAB11B",0.602291103526318
"MROH8",0.602273517311033
"C3orf33",0.601980003994275
"ZFAS1",0.601663654447673
"ITGAL-AS1",0.601631658878566
"VCP",0.601215105416081
"LCIIAR",0.601173584246727
"ZNF584-DT",0.600964193010189
"NARF-AS2",0.60054499746178
"RPS27AP11",0.600023563616215
"BCLAF3",0.599683236340823
"TAF6",0.599646001761404
"PCCB",0.599510977179501
"HES1",0.599320287292571
"HEBP1",0.59913783526421
"FAM114A1",0.599094734240353
"MDFIC",0.598613608536
"SKA2P1",0.598605598984635
"SMIM35",0.598437933577543
"LZTS2",0.598346066268938
"RNU6-297P",0.598072268530611
"HCAR2",0.597975286350409
"HSPA4L",0.597680211377774
"DDX41",0.597458866698512
"ITSN2",0.597302791797862
"RRBP1",0.596547673126366
"FITM2",0.596382463197118
"MAP3K5-AS2",0.596364869799467
"PRICKLE1",0.59615474986077
"TXNDC15",0.596131500209911
"ADA",0.596084293183269
"PSMC2",0.59571265771101
"RN7SL472P",0.59570536387047
"ADSL",0.595452390278831
"STRIP2",0.595191178662974
"LINC00589",0.595168286060641
"TOP2B",0.594944569928225
"ILDR2",0.59481584210565
"PTPN12",0.594747165890087
"NDUFV1",0.594667442440273
"PGP",0.594628563107485
"PDCD7",0.594533371229964
"LINC02166",0.593557366269158
"RUSF1",0.593314823912183
"LINC01768",0.593283776477434
"ABRAXAS1",0.593272364539754
"ZNF385C",0.592271781776094
"IFITM3P1",0.5921846657166
"H3-3A",0.591557487779218
"GALNT16",0.590241181697347
"BMERB1",0.59023232199505
"SNX6",0.590082156660008
"FAM192BP",0.590044259532622
"CLPX",0.589814356195843
"ZSWIM6",0.589047885945317
"AIMP1",0.5885468069299
"EXO1",0.588510908435
"WDR73",0.588382658769492
"LINC03109",0.588070968208438
"AMDHD1",0.588046683781017
"TBC1D3P1-DHX40P1",0.587286380049835
"ELAC1",0.586974786398932
"EMC2",0.586277828364342
"ATP6V0E1",0.585752559627744
"ZNF843",0.584667914917685
"CABCOCO1",0.584648665498018
"CDC37L1",0.583933053868033
"MRGBP",0.583710881022182
"NACA",0.582791642580345
"UPF3B",0.582535867606667
"LINC01535",0.582486264510144
"PDLIM5",0.582195376714061
"RPF1",0.581291296635501
"CDC42-AS1",0.58093295505914
"ERI2",0.58040985887616
"UTP4",0.580084246926235
"PM20D2",0.579768733257769
"DDX20",0.579638341384215
"PSME2P6",0.57908755512665
"NDUFA9",0.579073023307773
"TRIM8",0.578269308155121
"ATF6B",0.577514913172793
"RTCB",0.577306238680124
"RNF144A",0.577131583265329
"GLI1",0.577124469655416
"CRISPLD1",0.577095477667779
"ENTR1",0.576861574414554
"GMPS",0.576550633108404
"MGAT2",0.576483271840934
"PDE4B-AS1",0.576378715048376
"ZNF23",0.576246416969025
"RABGGTA",0.57617906025364
"LARP4B-DT",0.576029085679307
"GNAL",0.575893269506503
"HMG20A",0.575846545062325
"PPP2R1A",0.575446360656727
"IGSF8",0.575331034462539
"ATP5MJ",0.575099842865349
"RNPEP",0.574830599917577
"IGFLR1",0.573907001585037
"MRPL54",0.573862501983397
"NBR1",0.573637079984565
"LHX9",0.572702740165154
"TCP10L3",0.572702740165154
"LINC02148",0.572297943738379
"CWF19L2",0.57228954643887
"EVA1B",0.571950404221926
"NOP56",0.571789061355324
"CXCL1",0.571484566642469
"VPS26C",0.571345937644542
"MAP3K10",0.571248979870932
"BALR6",0.571221993876426
"FCF1",0.570567277846432
"ABCE1",0.570427077590632
"RNFT1-DT",0.570391023208071
"FUBP1",0.570033889492782
"SCRN3",0.569980864300371
"FHIP1A-DT",0.569783047114503
"LRP8",0.569504170564954
"SLC26A9",0.569091290290681
"CLSTN1",0.568986331596402
"DACT3",0.568648845442885
"ZNF69",0.56836464131791
"NUP205",0.567963115077095
"NIPA2",0.56766597466371
"FAM227A",0.566862165324645
"CNP",0.56678050453859
"ATP5MC1P2",0.5666034710586
"LRRK1",0.566396132928611
"IGFBP7-AS1",0.566360763074107
"TRIOBP",0.566194034375661
"SLC35B1",0.56610079582795
"ELF3-AS1",0.566078515524819
"SEPTIN10",0.566030085779395
"NOP2",0.565894133572142
"ARHGAP45",0.565820120011268
"PDE1B",0.565490075888301
"MSN",0.563640796914833
"MELTF",0.563622555837639
"SRY",0.563589652403177
"KRCC1",0.563452312496049
"NOL4L",0.563138326220457
"RN7SL73P",0.563022330769302
"EIPR1",0.56297652733798
"LINC02533",0.562723193247946
"WIZP1",0.562723193247946
"PRDM7",0.562723193247946
"PEMT",0.562316224910885
"NUTM2B-AS1",0.562171366094439
"KCNK13",0.562073866604869
"PTBP1",0.56170624284411
"GUF1",0.561264333913213
"C14orf178",0.561174513530996
"TRABD-AS1",0.561057795962625
"IMPDH1",0.561030345002037
"RAD51B",0.560988800769848
"FANCL",0.560945542770713
"EIF4A1P7",0.560410750077775
"YARS2",0.55992356201218
"MTBP",0.55951473938003
"PDPK1",0.559253278175134
"H2AC19",0.558575638258642
"SPNS3",0.558470824282587
"JAGN1",0.557192891469254
"GALP",0.557073977466136
"FAM3A",0.557071441063282
"MTATP8P2",0.557005525629648
"RPL10A",0.556958747608315
"GPKOW",0.55694837818113
"MFSD4A",0.55689473112737
"EIF3D",0.556818018166878
"SPMIP3P1",0.556521729463059
"DYNLT1",0.556004865193595
"FDPSP7",0.555572425847738
"ABCG4",0.555572425847738
"ANKRD37",0.555016271181067
"TNFRSF1A",0.554506582631508
"ANXA2",0.554468789201568
"ZC3H6",0.553980635520613
"RPL12P1",0.553691396210874
"TBC1D10B",0.553626070023441
"ROCK2",0.552941897882459
"ZCCHC3",0.55280447147019
"LAGE3",0.552630081197879
"CD99",0.552325038824377
"FOXR1",0.552179217045359
"GPATCH3",0.551541499251311
"DIAPH2-AS1",0.551421876338862
"EIF2S2P6",0.551093411079724
"CYCSP55",0.550889539120625
"SULT1C2",0.550434088001755
"E2F5",0.550402976560876
"RPSAP13",0.550217205421289
"MIR3155B",0.549909816452832
"GARNL3",0.549790787216292
"UBE4A",0.54945950802778
"ENPP2",0.549003914309228
"SERP1",0.54899370152482
"SLC31A1P1",0.548153167401436
"TRIM67",0.54774001698511
"MRPS22",0.547281536999241
"RRM2",0.546485728569516
"ZNF556",0.546123217955684
"H2AC21",0.545814350258619
"LETMD1",0.544863861736695
"TTC19",0.544738583760095
"C10orf95-AS1",0.544157974248709
"PTGES3",0.543904114939023
"COA8",0.543171147445826
"PRKD1",0.542644494253662
"RXRB",0.54243599261542
"MCUB",0.542214640963731
"AAGAB",0.540964469056361
"PHF13",0.540886033872445
"CLIP1-AS1",0.540748061003094
"ATP1B3",0.540647930646986
"CGN",0.540621687973733
"MSL3P2",0.540621687973733
"KLHL35",0.540621687973733
"EMX2OS",0.540621687973733
"EFTUD2",0.540505760764911
"SWI5",0.540413782784764
"LINC01674",0.540260155621398
"ZFPM1",0.540024548618174
"PTPA",0.539736866868565
"STMN4",0.53938541757565
"TAX1BP1-AS1",0.537825884154623
"SIRT3",0.537723711814484
"MAPKAPK3",0.537369113638632
"METTL22",0.536823555926003
"SLC4A1AP",0.536699980126367
"STK11IP",0.53666080538753
"TPM3",0.536300245481638
"PSMC6",0.536201936555163
"TEPSIN",0.536045303127105
"HOXB3",0.535674391590228
"LGALS3BP",0.535575487124032
"EIF4H",0.535343752392428
"BTF3-DT",0.535117879409234
"BUD23",0.535116007140811
"CDKL5",0.534566895421952
"PARP2",0.534242510097248
"LINC00173",0.533651380936235
"PTDSS1",0.533533856794802
"ARMC6",0.533063666125491
"CEBPA-DT",0.532677626193973
"LINC03124",0.532664237717998
"CEBPB-AS1",0.532627727853012
"DHRS7B",0.532535523861968
"HRH2",0.532459298028034
"HDAC3",0.531230072474192
"SFMBT1",0.529974724989582
"C3orf62",0.529827812703285
"RPL13AP25",0.529632560261311
"FABP5P2",0.529372593488565
"HNRNPUL2",0.529261218967408
"UFD1",0.52894211315598
"MFSD11",0.528597963279677
"TECPR1",0.528458447852718
"FAM120B",0.528189599939106
"RNU6ATAC9P",0.528125371453023
"RPS23P6",0.527732132713124
"TIA1",0.527546355891247
"PRRG3",0.527158080412019
"OSER1",0.527081684646651
"HIGD2AP2",0.526857528349809
"SIKE1",0.52672976537808
"GTF2B",0.526109689414116
"DHTKD1",0.525868270886822
"FDPSP3",0.525468877448982
"MYADM",0.525414734022885
"RN7SL452P",0.524545753805572
"ECHDC1",0.524522431744952
"MRPL40",0.524465795180372
"DCUN1D3",0.524241741697448
"MIA2-AS1",0.52410424130914
"RFPL1S",0.523838693876942
"CLPTM1",0.523735899200576
"CKS1B",0.523650598287782
"CALM2",0.523192518134441
"TRIM52-AS1",0.523111177179005
"ZMYM4",0.522786587499584
"ICAM2",0.522486961726008
"MAPKBP1",0.522166612761558
"PLXNB1",0.522103773679133
"EXOC7",0.5218980977788
"ARV1",0.521827103317025
"LINC01483",0.5211958616031
"SIK3",0.521114819007428
"EEF2KMT",0.520929149273627
"HIGD1A",0.520923141090256
"NMNAT1",0.52045275182564
"EIF3M",0.519966492764881
"PWWP2A",0.519890247375326
"SLC25A19",0.519871116854418
"SPRED1",0.519761283485598
"FAM3D-AS1",0.518570818171511
"YAE1-DT",0.518570818171511
"TPMTP4",0.518570818171511
"PLAC1",0.518570818171511
"MS4A8",0.518570818171511
"CABP1",0.518570818171511
"RPF2",0.51855107080521
"SMPD4",0.518356126257097
"INTS2",0.517916301695101
"KLHL29",0.517863912398394
"RPS6P16",0.517565371516762
"YRDC",0.517494769536356
"LINC00526",0.517265849002732
"LINC01012",0.516838989140669
"FIGNL1",0.516485427602882
"AMZ1",0.516356574102701
"RPL26L1",0.516084090298576
"IFI16",0.515637516550966
"SS18L2",0.515621062883384
"RPL23AP43",0.515604364871607
"N4BP2",0.515270559144182
"ACADVL",0.515086171173899
"TRIM73",0.514793045912568
"COPB2",0.514772800661042
"EMC3",0.514285393668243
"PSMD9",0.514233087665041
"RPL35",0.5141307931491
"TUBBP2",0.513981046248891
"EIF2D",0.513966891385382
"JSRP1",0.513950285557008
"RAE1",0.513712874048848
"RASSF8",0.512831257701841
"NDOR1",0.512717279914474
"PSTPIP1",0.51243279082149
"CHD3",0.512370724286663
"DDOST",0.512197042876314
"ZNF862",0.511702862223148
"EID2B",0.510975181797387
"ACOX3",0.510496385649011
"SMN2",0.509945542774859
"PPP1R7",0.509877294534738
"PKD2L2",0.509005293645562
"SLC35A1",0.508935100187849
"RASGRP2",0.508881267062149
"DYNC1LI2",0.508764571178388
"CDKN1A",0.508387511609053
"CLASP1",0.508327521105939
"KCNQ1OT1",0.507934881822689
"PSMB6",0.507882225238643
"RNF181",0.50777826443685
"SIGLEC15",0.507769555763756
"ESD",0.507482754252406
"JTB",0.50733404883381
"CEP350",0.50704035818666
"DBF4P1",0.506710445344114
"NTF3",0.506344101094588
"LENG1",0.506095253961675
"ANAPC13",0.506089164921456
"ORMDL1",0.50593408000774
"LNCAROD",0.505804479692192
"RPUSD4",0.505618671408758
"OGFOD3",0.505088256762835
"PYCR3",0.504799756690175
"FGFR3",0.504753096396972
"SHF",0.50465904083317
"PTOV1-AS2",0.504606789421048
"RPS4XP22",0.504459974287844
"CYTH3",0.504312622528534
"THRAP3P1",0.504303932399804
"GART",0.504154400527238
"ANKFN1",0.503849818888338
"GABRE",0.503305223067787
"DPYD-AS2",0.503075229708697
"OR6N1",0.503018474444878
"CD200LP",0.503018474444878
"RPS3P3",0.502896871065888
"UNC93B1",0.502197648582354
"RPL31P19",0.50195752352971
"RINL",0.501254211201765
"CDK7",0.501096857391471
"SLC25A12",0.500729248453626
"GMPSP1",0.500710150508927
"PRKAR1B",0.500449763666279
"ATXN7L1",0.499940756127513
"BRWD1-AS1",0.499401978549399
"TMEM184B",0.497304751694593
"BSDC1",0.497175355171064
"VIM",0.497164912967752
"PIDD1",0.497112447391838
"DENRP1",0.49705793484227
"GPR63",0.497000150445346
"RNF128",0.497000150445346
"FTH1P13",0.497000150445346
"BOLA2-SMG1P6",0.49697078479095
"TMEM126A",0.496695192541119
"ZNF25",0.496382082168273
"MIR1282",0.496095925879714
"DNHD1",0.495417789978851
"LINC01291",0.495196518933746
"WAS",0.49511481101952
"TGFB2",0.494909181853723
"DIPK2A",0.494515410415771
"FOSB",0.494205192296332
"THAP7",0.494073276470849
"PPP1R12B",0.493996752471621
"CASP8",0.493978610671177
"SLX1B-SULT1A4",0.493601680795521
"PHF20L1",0.493025362550224
"GGTLC5P",0.49270355622428
"LIMASI",0.492696453116351
"JPH3",0.49267682305328
"TSG101",0.492453965728148
"RHEB",0.491886470144566
"CDC25B",0.491312102973278
"PRRC2C",0.491240370420355
"GDI1",0.491124224048645
"SLCO4A1",0.490891971476804
"PLOD3",0.490866948182604
"DIS3",0.490683735074997
"PRKAR2B",0.490565815359496
"CREB3",0.490459149205178
"ATP6V1G1P5",0.490165245722846
"ZNF75D",0.48997746120018
"BET1L",0.489895734877235
"OPRK1",0.489686083614713
"CLDN19",0.489625454337513
"CHST9",0.489625454337513
"HNRNPA3P5",0.489402922769904
"CYB5B",0.489160921526421
"PCMTD1",0.488894681267899
"DLGAP4-AS1",0.488832223187875
"ZNF883",0.488783374953252
"CSNK2B",0.488697336277973
"CREBBP",0.488594074792836
"ACBD3",0.487989813319575
"HELZ",0.487385809275043
"SMARCC2",0.487200280737502
"GPD1",0.486462448687759
"ICE1",0.4863627418442
"LUC7L2",0.486309997711872
"EGLN1",0.486232480330717
"XRN2",0.486166077752293
"CTNNBL1",0.485962904204307
"RTF2",0.485711040801676
"NADSYN1",0.485554456884778
"PIK3AP1",0.485067809638548
"CMTM7",0.484986027249766
"PPP1R3D",0.484692298757948
"IQCG",0.484215525281244
"IRF2BPL",0.484202973802799
"DNAJC1",0.484104734752845
"RPL10P3",0.483266116069398
"PGM1",0.482975945259203
"GALK2",0.482869253740387
"KCNIP2",0.482835802181873
"GOLGA6L2",0.482835802181873
"FUT6",0.482835802181873
"C18orf54",0.482747974233293
"MIR4742",0.482370929301862
"C10orf143",0.48186491294143
"LINC02890",0.48183324746697
"ASCC1",0.481789000198067
"LINC02034",0.481566766223394
"ATRX",0.480755143587607
"CCDC15",0.480330858120008
"OR5D3P",0.479972236179378
"PGAP6",0.479840108479276
"MRPS16",0.479776830270428
"PRMT5",0.479642649147341
"MIR635",0.479563873376894
"HNRNPM",0.479317482149533
"HMGN4",0.478815873501505
"KHSRP",0.478791564057899
"TAPBP",0.478565071995446
"ENTPD2",0.478471468727735
"MTND4LP30",0.478423440089053
"GAS1RR",0.477836746119685
"NHIP",0.477521875258334
"GPANK1",0.477289741285511
"MYH3",0.477027480461006
"CSTA",0.476690899210053
"CTXN2",0.476683804330253
"IL20RA",0.476579725680414
"LINC01559",0.476579725680414
"GLA",0.476348759227431
"DOK3",0.476164332176756
"CAMK2G",0.475863511687485
"PPIL6",0.475751925654122
"TIGD7",0.475708837634588
"ZNRD2",0.475383184511513
"GPATCH2",0.474739780018405
"RFTN2",0.474649017909694
"DAO",0.474335141632027
"NUDT3",0.473756864748964
"ABL1",0.473642459945696
"LINC01786",0.473611069790061
"LINC02066",0.473611069790061
"NUDT17",0.472961096576721
"ABCB6",0.47291550885913
"NR1H3",0.472523570883645
"GIMAP1",0.472411577688047
"DNM2",0.47216680009182
"INPP5K",0.471978043487313
"POTEJ",0.47191069321179
"MIEN1",0.471833714983579
"STAC2",0.471511213313344
"LAT2",0.471440554911805
"RPL5P8",0.471356357521434
"YARS1",0.471342078378219
"KATNB1",0.471217365919903
"JPX",0.470472561583908
"LRP2BP-AS1",0.470320277617674
"ABHD14B",0.470026974661816
"C8orf33",0.470012969425442
"GOLGA5",0.469825800364532
"LINC01902",0.469561000597859
"HNRNPA2B1",0.469274736748839
"PLPBP",0.468323719328484
"TLE2",0.468205742405079
"FAM131C",0.467630802550174
"MT-RNR1",0.467574351990977
"MTCO3P38",0.467456745938334
"MIR6738",0.467397201040855
"ITIH3",0.467335510099281
"FNBP1",0.467194859722785
"OVCH1-AS1",0.467095054754224
"ARHGAP28",0.467050349280042
"SYF2P2",0.466627342563239
"CLCN5",0.466470307452551
"PER2",0.466214949244116
"NSL1",0.466092019987996
"MAD2L1BP",0.465954693922476
"KLHL15",0.465702877621405
"SELENON",0.465581209653265
"HECTD1",0.464785118837265
"CD47",0.464172924023208
"ANO4",0.463662903700978
"ERI3",0.463486469832794
"JAZF1-AS1",0.463219288402999
"SAA2",0.463026901865604
"KPNA2",0.463024870520919
"GRWD1",0.462918666113695
"VSIG2",0.461746383559556
"SAXO1",0.461673995541969
"HOXA11",0.461615085886441
"RHOF",0.461556963520007
"CARHSP1",0.461284739276626
"EIF5AP4",0.461204835953747
"PPME1",0.461129005959565
"GGPS1",0.461055967275705
"NUDT16L1",0.460853622812767
"RAB9B",0.460786632735628
"TCF24",0.460781926730774
"WFS1",0.460700063278873
"APPBP2-DT",0.460636810487719
"HSPD1P4",0.460349728794243
"EIF5B",0.46026059320768
"RNA5SP374",0.459939582152988
"PDYN",0.459939582152988
"TBC1D10C",0.459599393421683
"POLG",0.459061006358114
"LINC02039",0.458494454912185
"MIR340",0.458186911265685
"OR13C7",0.458186911265685
"LINC01843",0.45812096017458
"DCAF13P1",0.45812096017458
"FOLR1",0.45812096017458
"PNMT",0.45812096017458
"FAM20B",0.458059163814677
"HNRNPA1P54",0.457832296061654
"SHMT2",0.457766468154524
"TRDMT1",0.457659284063058
"EMC4",0.457654647119085
"STOML2",0.457135088472607
"MTFP1",0.457096504993039
"ZNF524",0.456529626448454
"CLK4",0.456120817630383
"POLR2A",0.456080123464095
"TMEM135",0.456035372716586
"CYP4B1",0.455536336285291
"GAPDHP43",0.455363071921262
"MT-TE",0.455362826416359
"BCLAF1P2",0.455312525902896
"LINC02094",0.454849188581365
"DUSP1",0.454728825797671
"LINC02194",0.454182728576921
"UBR7",0.453423301708218
"MIR4283-2",0.452906174401326
"ACTBP9",0.452660127032233
"STT3A",0.452112722594617
"EIF4EBP1",0.451970043895653
"DAPP1",0.451917149981373
"ZNF436-AS1",0.451788651383695
"LINC01613",0.451605133569773
"ZNF497",0.451311066252225
"ANKFY1",0.450959536916945
"GPR137",0.450949582365031
"VN1R1",0.450884173262225
"BST2",0.450834913151112
"PTPRG-AS1",0.450282552037356
"GAL3ST2",0.448897544235173
"ZNF22-AS1",0.448838148246179
"SLC9B2",0.448262924838021
"EEFSEC",0.447972618231801
"ARL2",0.447841602832526
"ASNS",0.44737315620417
"TCP1",0.446496213184002
"LRRC19",0.446268196008853
"LENG8",0.446113797329723
"ETV6",0.446046528075661
"LINC00184",0.445936432259416
"VAV1",0.445875424043996
"MOSPD1",0.445264002189991
"UBE2D4",0.44520540621455
"PGLS-DT",0.444707232856033
"LINC00701",0.444303519033229
"CD1E",0.444121302719448
"HOMEZ",0.444071568099964
"TTF1",0.442852534616801
"SPATS2",0.442787776691077
"EXOSC8",0.442779508710375
"TMEM147-AS1",0.442724009894344
"CHST6",0.4425764099134
"UNC80",0.442200226108449
"TMEM160",0.441953931550656
"SNAP25-AS1",0.441885688369921
"SPAG7",0.441699700465426
"RNASEH2C",0.441517604576853
"BNIP1",0.439628330918493
"UFSP1",0.439414299858218
"TBCK",0.43866261619609
"RIPOR1",0.438606513316341
"DNAL4",0.438546132015243
"RANBP1P1",0.437667591140502
"FDX1P1",0.437661816849266
"LRFN3",0.437359176536746
"RELA-DT",0.43707995184841
"MTERF3",0.437029834710389
"TUBGCP6",0.437027035268573
"NGRNP1",0.43698415806872
"FBXL12",0.436938974513748
"MYDGF",0.436573842411879
"MIR1273H",0.436197597711929
"KCNMB3",0.435746480766304
"SYNJ2",0.435450439724722
"RNU4-51P",0.435323868078535
"TARS1",0.435243711055154
"TMSB4XP4",0.434614601415452
"AGPAT1",0.434338191343569
"NPR1",0.433898989075887
"PTBP3",0.433583435888949
"LDAH",0.432978687531104
"C1orf52",0.432852172009053
"TPSB2",0.432659423074307
"RDH14",0.432504201762558
"RALGPS2-AS1",0.432400101088978
"ATP5ME",0.432362925450925
"PPFIBP1",0.431942670290475
"PSMD7",0.431594229835096
"AARS1",0.431248683733751
"SNRPD2",0.430835847191636
"SASH3",0.430686632948913
"ARHGAP26-AS1",0.430182583265186
"NOP14",0.429224313062015
"DNAJC13",0.42913465288433
"TMEM214",0.428975046249406
"TUBD1",0.428604060509455
"SEPTIN7P15",0.428571974494996
"LITATS1",0.42808178195935
"ADD3-AS1",0.427890158677709
"RNF185-AS1",0.427761050055501
"MIR4435-2HG",0.427240611309376
"SGMS2",0.426787415640839
"DUSP11",0.426495075296825
"RNU6-701P",0.425906423565631
"PPL",0.425906423565631
"PPIE",0.425683290794942
"TBP",0.425548307573167
"TOP1MT",0.425229618089988
"ITGAE",0.425136414695144
"SCYL2",0.424975860046096
"ARRDC4",0.42497253995248
"FAM53C",0.424966163606988
"OSMR",0.424777628526316
"APOF",0.424571397031387
"IPO9",0.424173928107628
"SYDE2",0.423775447242639
"LONRF2",0.423775008324799
"C2CD5",0.423666796111821
"UBE2E1",0.423605801707832
"ASH1L-AS1",0.423356818280634
"PITPNM2",0.422711391517821
"ATP5MG",0.42259298956087
"KLF7-IT1",0.422499925174812
"SHLD1",0.422357121466635
"AGA",0.422236292276442
"MRPS10",0.421911966670017
"RBM25",0.421408797191358
"FAM88E",0.421310545475844
"PITX1-AS1",0.420724262627852
"SUMO2P6",0.420411929323274
"TANGO2",0.420389013826038
"SLF2",0.420074158514948
"BCL6-AS1",0.419938297124806
"RPL21P74",0.419448231339223
"TPMTP1",0.419300252128014
"IL18",0.419259342833335
"DNAJA2",0.418659010321751
"TAS2R19",0.41848419467814
"RPL23AP57",0.417618138949894
"ATL2",0.417356556502626
"PTPN7",0.417233768148641
"ATP6V1G2",0.417202994886479
"SINHCAF",0.416583130285127
"PDCD1LG2",0.416167883788302
"STARD4-AS1",0.41606925151696
"GRID2",0.416057509164389
"NHSL2",0.415581088161281
"C2orf74",0.415426422584641
"NDUFC2",0.414683002900844
"COPA",0.414289934960633
"FNBP4",0.414121662400274
"TRIM68",0.414071470173898
"PRKAR1B-AS1",0.413664565871434
"VPS28",0.413062182923505
"HLA-DMB",0.412838408464633
"PBRM1",0.412786303525748
"RN7SL370P",0.4126720612574
"TSPAN17",0.412660832867318
"ARHGEF37",0.412659911830218
"HMGN2P5",0.412575930556462
"UFL1-AS1",0.411598425227011
"FGF4",0.411219791182165
"AKR1C1",0.411217483549377
"LINC01230",0.410757832757078
"PSMC1P9",0.410720942935021
"BRINP3",0.410274131752316
"JMJD4P1",0.410274131752316
"HADHAP2",0.410274131752316
"ZNF135",0.409794436537842
"PTPRJ",0.409734444599647
"C6orf226",0.409548789967498
"CPNE8-AS1",0.409543548110357
"OFD1P7Y",0.409408540622559
"PPT2-EGFL8",0.409296805431568
"KDELR2",0.409174727360681
"E2F7",0.408858216359364
"ARHGEF33",0.408587795641022
"ROBO2",0.408548027834183
"ZMAT5",0.408124213717244
"EME1",0.407913544133566
"SLC31A2",0.407808759924553
"LGALS1",0.407501276380967
"SLC10A1",0.407385339773422
"SELPLG",0.407290960332667
"KAT5",0.407259147928123
"TSTD1",0.407252454837007
"HDAC7",0.407186308796558
"ICMT",0.407133168257029
"MED26",0.407050244508705
"LINC02202",0.406876187835068
"TMEM192",0.406766514666132
"STOML1",0.406669618768193
"TMEM164",0.406650685955414
"TANK-AS1",0.406431835773641
"TMEM30A-DT",0.40637357546485
"SRD5A3",0.406258117766835
"TYK2",0.406211154935368
"ENAH",0.406128171432449
"CNPY4",0.405498093064694
"FYB2",0.405372959944491
"ZNF570",0.405363556774687
"RP9P",0.404896514430871
"LHX5-AS1",0.404896514430871
"C2orf92",0.404800896931568
"PROX2",0.404014863478337
"VDAC2",0.403507193407784
"CMC2",0.403465942322404
"POLG2",0.40313743299663
"FBXO45",0.402951049049267
"OR7A5",0.402359717850476
"TTC33",0.402271191741309
"SLC35E4",0.40222790543184
"PNPLA6",0.401881250469034
"PADI4",0.401142937840876
"RPL5P6",0.400849285106027
"HECTD3",0.400843088739747
"CENPO",0.400596696361608
"SPRYD4",0.400486937861558
"SOD1",0.400277105530014
"RPL4P3",0.399384574637179
"RNU6-6P",0.398905970790495
"GLO1",0.398784129259752
"RPSAP8",0.398576371646718
"TMEM18",0.398296937052761
"ETFDH",0.39810488566561
"ZMYM6",0.39792222486538
"SNRPCP13",0.397806677803031
"RPL12P41",0.397730518117082
"CACNA2D1",0.397312221767946
"MAZ",0.397247276844015
"DALRD3",0.396830696959096
"CSKMT",0.396627733605892
"FGL2",0.396477375490253
"ONECUT1",0.396196861086749
"BHLHA15",0.396025514138859
"MTATP6P2",0.395829884831184
"GMDS",0.395677613520432
"CEP68",0.395561418659439
"RHBDF2",0.394944951644502
"IFT74",0.394840041361638
"CCM2",0.394537300641034
"PRSS21",0.394520673447625
"LINC01569",0.394429227893106
"YAF2",0.394422578308594
"RPL37P23",0.394217610641173
"BRK1",0.393892396668505
"JKAMP",0.39376159187893
"SLC15A1",0.393634416540521
"ING5",0.393538200300393
"ZRSR2",0.393329830072582
"DIRC3",0.392965672600813
"CEBPZOS",0.392937563964084
"LAPTM5",0.392925071726596
"TXNL4A",0.392810141337772
"KCNN2",0.392772056577212
"RANBP10",0.39266512711962
"FDX1",0.392381967860991
"BMS1P2",0.392325299145582
"ASGR2",0.392202583670015
"NOXA1",0.392122886366893
"COX6A1",0.391503171178154
"TTPAL",0.391375021189362
"HNRNPA1P44",0.391191527444744
"MTFR1L",0.391134153082387
"BAX",0.391114220971059
"RAB4A",0.390945338212606
"RPL4P6",0.390817223747217
"RBBP4P1",0.390543945857118
"DAD1",0.390380263368768
"HPRT1",0.389773347530271
"TMEM131L",0.389530717678444
"WHAMMP2",0.389140487892975
"POTEG",0.389095659371806
"CCDC191",0.389003482603527
"FANCD2OS",0.388756573779897
"TLR3",0.38767271550279
"RPSAP56",0.387572268692221
"CFAP97D1",0.387524050825889
"ZNF688",0.38680599003896
"ARRDC1-AS1",0.38651859016123
"MCEE",0.386253258574926
"SNHG5",0.386090501418612
"APPL1",0.386039446057755
"HS6ST1P1",0.384991021263362
"RALY-AS1",0.383976588415063
"ADCY3",0.383691953334366
"NUDT22",0.38365081645733
"SLC2A14",0.383333059011148
"RN7SL698P",0.383155052748504
"SERHL2",0.383118898999714
"DNAJB6P1",0.383100703850483
"TMEM120B",0.383023433599754
"KLHL12",0.382958857646782
"NEIL1",0.382580826194367
"NAB2",0.381982125655914
"SOX15",0.381964391823305
"TMEM106A",0.381181432210525
"RNU7-40P",0.380690933350151
"RNU6-100P",0.38042921869695
"CASTOR1",0.380417750858381
"CD70",0.380232108646569
"SERAC1",0.379585329087867
"TAF3",0.379499695077283
"MICOS10-DT",0.379398310847123
"GPN1",0.378808967927596
"NABP2",0.378791409281788
"SRP14",0.37873792313381
"TMC4",0.378608661297297
"MRPL9",0.378442399883903
"TUBB2BP1",0.37827609708142
"POLR1F",0.378254316672827
"SLC9A3R1-AS1",0.378076757206456
"EHD4",0.37801581000056
"RAB4B",0.377992105314416
"DUSP18",0.377951506649661
"USP24",0.377786136538968
"ALG14",0.377267753430357
"WDR70",0.377223693902948
"GEMIN7",0.377014717385575
"MND1",0.376768806003672
"GRHPR",0.37669819155757
"OR2L2",0.376539742722165
"KIF3B",0.376497830385102
"DACH1",0.376194903675906
"THBS4-AS1",0.375827457371141
"ADM2",0.37537253726744
"INF2",0.37512166056534
"SRPK2P",0.374682487797772
"CD80",0.374084424844165
"CD83",0.373972342833326
"LILRB1-AS1",0.373913864629721
"NPAS3",0.373889882159452
"SEC24A",0.373881081054098
"ELMO2",0.373445992676858
"PKNOX1",0.373272130648442
"PIM3",0.372987033095061
"RPS23P9",0.37252255335628
"GRK7",0.372047116032905
"PTMAP8",0.372007210655352
"TRIM4",0.371924188879957
"PPM1D",0.371904283084553
"LINC02474",0.371352631324353
"HGS",0.371314913249981
"TYW1",0.370787292969099
"CD5",0.370477300122232
"CMSS1",0.370426644710691
"PRPF39",0.37023129668252
"APOL6",0.369949298510978
"ZMAT2",0.369808015178094
"PATZ1",0.369786734795061
"COQ2",0.369567139183058
"MMP12",0.368762521806922
"RFC3",0.368592749828259
"SCAND1",0.368469730059175
"TRIM11",0.368288275453017
"SOCS2-AS1",0.36766407881225
"VOPP1",0.367494312118279
"MEIKIN",0.367491586212523
"HAT1",0.367471047365593
"FAM135A-AS1",0.367316933406546
"ZFP41",0.367144183050991
"NPM1P39",0.366972708617314
"CTNNBIP1",0.366819614829469
"SNRPA1P2",0.366806002731807
"MADCAM1-AS1",0.3663957994079
"ZNF747-DT",0.365306014879206
"CC2D1B",0.364903143136092
"SLX4IP",0.36480422235961
"SDAD1",0.364385998760118
"ATF2",0.364226674426452
"ATG4B",0.364169057939669
"ZC3HAV1L",0.363978073345779
"THEMIS2",0.363961162537509
"TCAF2P1",0.363786459333067
"ST13P13",0.363645741323782
"TPTEP2",0.363641189676137
"CCDC18",0.363429148984218
"OR4D9",0.363326981711013
"TOB1-AS1",0.363021288246945
"CPSF6",0.362927069554571
"COILP1",0.362341460392621
"HAUS6P1",0.362146299848077
"KRTAP20-3",0.362141003979439
"PRTFDC1",0.361984959448683
"PI4KA",0.361982557950595
"RABGAP1",0.361852555467514
"SUMO2P7",0.361147251176597
"LAMB4",0.361000446782176
"PARP12",0.360635619818031
"FBXO34-AS1",0.360254863742876
"RFK",0.359349751842354
"OSBP",0.359339625892809
"ESCO1",0.358780665454608
"RPL7P52",0.358534187476686
"NEURL2",0.358140633150715
"DERL1",0.358134878561567
"KIAA0232",0.357056320291197
"PTGR2",0.356872368698029
"BBLN",0.356498059057183
"TXNDC17",0.356449375917047
"SENP3",0.356422037344468
"RPL7AP31",0.356332278585771
"MCCD1P2",0.356291285880427
"LINC02584",0.356291285880427
"RPL7P54",0.355978227431761
"P4HA2",0.355715223877105
"SLC39A13",0.355409330123183
"TTC7A",0.353774741410609
"BUD31",0.3536344173519
"UBE3A",0.35332946010874
"CASD1",0.353251838427094
"RIPOR3",0.353146315551464
"UQCRC1",0.35298399901863
"C9orf43",0.352956459303808
"RNU1-67P",0.351847146742568
"TMEM70",0.351665188588151
"CFAP74",0.351548939082006
"BTG3-AS1",0.351540040907537
"CHP1P1",0.351414027586116
"PIGZ",0.351375066632357
"OR2T27",0.350931855980797
"GPC1",0.350868559253018
"SMC1A",0.350660415810814
"CNOT11",0.350429661057176
"PRR13",0.350169473581987
"FPR1",0.350140335899913
"SIK2",0.350083664377491
"RSAD1",0.350015738123509
"FGR",0.349868802773418
"RPL13",0.3498490226225
"SERPING1",0.34961959197725
"CTNNA1",0.349617090065607
"RPS27AP9",0.34927202919079
"BTG3",0.349270809994818
"CYB561D2",0.34865418505274
"FAHD2B",0.348518245457749
"NOB1",0.3483462927786
"REXO2",0.348073757735848
"CEP170P1",0.347898069617342
"RAB1B",0.347770450946456
"ARF1",0.347732549936833
"CTTN",0.3475926694066
"TBC1D9B",0.34749644247395
"RPL31P13",0.347355004343673
"SLC16A6P1",0.347314430909946
"PNPLA4",0.347211744438548
"MRPL53",0.346874946726378
"ADI1",0.34632804156565
"MSL3",0.346252760857955
"CARD11",0.345901255113253
"MST1R",0.345218990800158
"RNU6-178P",0.345218990800158
"CDKN2AIPNL",0.345116864955048
"ZNF415",0.344834419382192
"C16orf87",0.344793810756496
"SH3GLB1",0.344552224393754
"DDIT4",0.344468148104271
"VPS8",0.344380924010989
"PQBP1",0.344303340770293
"EIF2S1",0.344193148414519
"STEEP1",0.344187008798304
"TMEM147",0.34408373411206
"AP1M1",0.343576587372839
"AGRN",0.342784284354742
"WDR7",0.342760545926492
"HNRNPA1P41",0.342153667898211
"ZNF497-AS1",0.342035240217167
"DDX43",0.34193594280033
"SAYSD1",0.341829195976041
"FAM86B1",0.341441298750656
"TBC1D22A-AS1",0.341225365845021
"LINC02296",0.341110722166834
"RPL7P6",0.340964432929761
"PPP1R12C",0.340884935955972
"ZNF516",0.34082678706004
"ZBTB37",0.340242875621131
"HSFX3",0.340045004921306
"YWHAQ",0.339893483960362
"BOLA3-DT",0.339883975997244
"CCDC90B",0.339399758045085
"KLF13",0.339264493290124
"MALINC1",0.337969782669057
"PLGLB2",0.337948628085056
"RANGAP1",0.337749784836248
"RAB7A",0.337707692681021
"REPS2",0.337529150111038
"TACC2",0.337339227853593
"RMND1",0.337251444196446
"UBXN8",0.337101469155084
"HEATR5A-DT",0.336862140651148
"TNFSF4",0.336844402088786
"ZNF534",0.336729556356754
"BBS7",0.336080128103122
"SENP8",0.335992028129444
"HNRNPCP2",0.335750795238368
"ZNF45",0.335424329402764
"FAM53B",0.335290090816744
"MICALL1",0.335191022717071
"BIRC6",0.334990818012476
"RPL41P5",0.334480352078321
"CRAT",0.333912871142151
"RNASE9",0.333847380781738
"MAPKAPK5-AS1",0.333560610635543
"CCDC163",0.333552318984
"POTEH",0.333155695774663
"HIGD2A",0.333097091066367
"ATP5MFP5",0.332704209372714
"DHX32",0.332213231808984
"CHRFAM7A",0.332182950166059
"ARHGEF7",0.331960804902978
"PREX1",0.331682841138439
"SLC43A2",0.331606921818627
"TP53RK",0.331377006000071
"DNAJC8",0.331307272361973
"GDF9",0.331232499199156
"RNGTT",0.330986913109248
"DNAI7",0.330915827775915
"SHFL",0.330518122599685
"ENTPD6",0.330514795167428
"CCDC62",0.330199354595278
"PARP1P1",0.330101019573942
"MTPN",0.330053337898084
"FRMD4B",0.32984928003315
"CCDC92",0.329623739491609
"PVR",0.329530856679659
"NCKAP1L",0.329434334017189
"EFCAB5",0.329419710403516
"CD300LF",0.329364889980832
"TUFM",0.329210424382943
"KDSR",0.329202793709775
"FCER1A",0.328078457619819
"H2AC7",0.327689540819784
"MTHFD2P7",0.327582700810478
"RAI1",0.327047784198874
"CHCHD3",0.326779237022638
"MSTO1",0.326550348532027
"MACF1",0.326265538211756
"BHLHE40-AS1",0.326095549938516
"RPS3",0.32571698314882
"ACSL6",0.325415768156165
"GCG",0.325223998204215
"REX1BD",0.32432254914642
"GGT1",0.324229379766335
"OSTF1",0.324149657764632
"SLC39A8",0.323902293433597
"NDST2",0.323867372011148
"ISCA2",0.323733451385545
"BAZ2B",0.323165818935795
"PROSER2-AS1",0.32292048056376
"SMARCC1",0.322801745020491
"MDC1",0.322532282595122
"PSMD12P1",0.322423988859966
"ACLY",0.322364520059721
"LINC01550",0.32220179490171
"SUMF1",0.322106080347084
"PCDH15",0.322036498297278
"ACAA2P1",0.321914134458206
"CNTLN",0.32184952248579
"SLC45A4-AS1",0.321748351820831
"PTGFR",0.32166049742102
"PKD1P6",0.32166049742102
"RNY4P10",0.32077900503861
"NEU3",0.32036063628951
"ABCB9",0.320311156964505
"SRRT",0.320204583790688
"PER1",0.319916922746494
"PSMG2",0.319870187908215
"NSMCE3",0.319611686907612
"MUC5B",0.319459893327392
"SND1",0.319381639290343
"LDHAP1",0.319350051269943
"CKAP2-DT",0.319167866728837
"APOL2",0.318962287964316
"KIF13B",0.318900276982257
"FAM217B",0.31859171910648
"UCHL5",0.318407940227554
"EZR-AS1",0.318147070556803
"GATAD2B",0.317549375511992
"SMYD4",0.317542065439428
"CLIC5",0.317526754302772
"B3GAT3P1",0.317214561065173
"NTMT1",0.316919422095933
"RPL14P1",0.31670346313361
"WDR43",0.316526551703957
"NUDT9",0.316524337841034
"RPL10",0.316474130699155
"FTO",0.316291366693039
"CLPB",0.316265091397225
"FAM111A",0.31621265617754
"CNOT1",0.316020572663505
"SLC25A1",0.315706334518136
"LINC02570",0.315684819313402
"TNS4",0.315664633463601
"CTSC",0.314623864227817
"MEF2C",0.314607869473592
"GLIS2",0.314456537869309
"TIAL1",0.314167381192978
"NCOA1",0.314090455618562
"VCPKMT",0.314054765597698
"RPS6KA1",0.313895563225715
"ANXA7",0.313737819338058
"TMEM80",0.313723702997112
"CRCP",0.313618711345442
"EPG5",0.313126666227312
"PACSIN2",0.312610789133998
"ANGEL2",0.312553879785277
"NMD3",0.312225874649014
"MRPS35-DT",0.312169053541575
"GTF3C2-AS2",0.312148265838407
"PCDHA10",0.311932516832798
"RNU7-125P",0.311930215608934
"SRGAP2",0.311370397383695
"SPDYE2",0.311156810386409
"DGKZ",0.310800872577651
"HMGN1P38",0.310607772292332
"RPA3",0.310199354653856
"UQCRC2",0.310195378129155
"LINC00906",0.310170289016124
"PURA",0.310079241476261
"SSBP2",0.309878872198535
"SUPT7L",0.309690731061299
"STK11",0.309479590599471
"NDUFB5",0.30891503946898
"OPRD1",0.308594662308292
"EIF5AP2",0.308560997203174
"RUFY3",0.308537703382453
"ZBTB11-AS1",0.308375300150471
"HSD17B1",0.308301953265506
"TERF2",0.308064157930672
"LDHB",0.307985648102788
"DNAH10OS",0.307817172818788
"LINC01968",0.307645198608075
"TUSC1",0.307545930112095
"MIB1",0.307500090436109
"FUT4",0.307442135874078
"SLC16A8",0.30698143008516
"THUMPD2",0.306698123241328
"TMEM230",0.306525478947639
"STYXL1",0.30633359846314
"SNX2",0.306237220645399
"ZNF253",0.306087219513839
"FAM234B",0.306034430836023
"DLG1-AS1",0.305671735972996
"CMAS",0.305496430339377
"AP4M1",0.305359162112607
"HMGN1P37",0.304905287402614
"RCC2P3",0.304873807979039
"LINC02465",0.304764763995987
"TOR3A",0.304029152495009
"CHKB",0.303988558852273
"PYM1",0.303889566930801
"NRDC",0.303884070118944
"NIPAL2",0.303418144185013
"FBXO38",0.303347948566666
"ARMS2",0.302928920838764
"TOR1B",0.302602235825157
"SAP30L-AS1",0.302254649715285
"ZNF234",0.301831530572771
"LYRM2",0.3017818256186
"GNPNAT1",0.301699882807683
"DCAF13",0.301542211956869
"PCDH9-AS1",0.301418858277396
"WDFY2",0.301345571990326
"UCKL1-AS1",0.301066993970776
"PCMT1",0.301017017117975
"COX17P1",0.300947623305354
"LINC01307",0.300928551181511
"HS1BP3",0.30076993950094
"SDHCP4",0.300706582151991
"CEP55",0.299710597279829
"PRMT2",0.299644157538333
"ICE2",0.299599292738216
"PCED1B",0.299320710691336
"PCOTH",0.299257748160612
"NECAP1",0.299209134229167
"UTRN",0.298991709362923
"WDR74",0.298852221483918
"MYCBP",0.297880553299464
"METTL2B",0.297839857836484
"MLNR",0.297382469423109
"TTLL4",0.297184869742479
"PRR29-AS1",0.297160487134838
"H3P44",0.296936563736951
"ZNF496-DT",0.296765161098383
"FOXK1",0.296666612636799
"INSIG2",0.296648454295848
"GTF3C6",0.29664109838998
"FAU",0.296455710272086
"TMEM268",0.295685758619622
"NDUFV2P1",0.29536427044313
"HOOK3",0.295354547506966
"RAD54L2",0.294894764390529
"NR4A2",0.294789541386643
"SIGLEC9",0.294710985362038
"SUB1P3",0.294499699995928
"SNRPB2",0.293855170126399
"ZDHHC24",0.29348875551847
"ID2-AS1",0.293428276381287
"EOGT-DT",0.293166407859093
"ABT1",0.293098175987322
"COL11A2",0.292609282773679
"TRIM13",0.292548086376596
"SLAIN2",0.292466521121042
"DYNC2I1",0.292405789891652
"NPIPB10P",0.292285256593539
"GNA15",0.291982902877012
"PAK2",0.291739868379575
"DHX58",0.291398282509632
"MINDY2-DT",0.291317723451905
"SAFB2",0.290942425711416
"TMEM126B",0.290826706981063
"PYGO2-AS1",0.290683587680551
"SUMO2P3",0.290567489596197
"FAM47E",0.290353509007961
"ZNF441",0.290212753051052
"RIC8A",0.290173761417217
"H2AX",0.28952572576748
"PIP4P1",0.289162063583767
"IGLV7-35",0.288767837741613
"SPAG17",0.288610029840007
"OTUD7A",0.288528473522349
"HEATR1",0.288484848360837
"TBC1D3P6",0.288382820841493
"CHAT",0.288301910668161
"RPL31P7",0.288217904216761
"LRGUK",0.288199828151541
"RPS4XP11",0.288118936894545
"COPS5",0.28773344382374
"BAG6",0.287223842736017
"LMNTD2",0.286880040466685
"ZNF32-AS1",0.286879475455338
"PTTG1P1",0.286857117220472
"TMC7",0.286857117220472
"CYP4F12",0.286857117220472
"WFDC2",0.286854310248351
"ZC3H15",0.286745218429979
"CYP51A1",0.286634705651757
"SYT5",0.2861099381252
"RPL21P131",0.285445945920032
"SENP3-EIF4A1",0.284996963848024
"RAD1",0.284600472198318
"VTI1A",0.284307350999793
"RPS26P55",0.284115546202426
"NBDY",0.284090276368196
"IFI27L1",0.284042416188657
"P2RY1",0.283942705563005
"IFI44L",0.283937604004563
"RPLP1",0.283933834432905
"EVA1CP1",0.283866902513575
"TTLL1",0.283817898304869
"HM13",0.283669606223039
"FUOM",0.283593092303362
"PFN1P9",0.282297312228088
"PROM2",0.282297312228088
"PPA2",0.28198520694425
"SLC7A8",0.281805727623492
"NCF1",0.281621372513539
"PLPP6",0.281221783990825
"SLC25A11",0.280639809911033
"FGD2",0.280537054741945
"NXT2",0.280264463200085
"EIF2B2",0.280039723109321
"CETN3",0.279879912164281
"PITHD1",0.27979230478457
"MYO3B",0.279676722592689
"ZNF460",0.279001755788564
"AJUBA-DT",0.278999770995712
"CEP250-AS1",0.278989533274381
"SDHDP6",0.278912571256499
"ENTPD5",0.278803070081449
"GNPDA1",0.278783670287152
"DOCK8",0.278733010626706
"LINC02783",0.278643622044414
"ACTR2P2",0.278547314156816
"CYP4F8",0.278248290660625
"ARPP19",0.278028693726828
"LRRC14",0.277989874609465
"PIWIL3",0.277922297518715
"MFSD10",0.277874446148993
"XRCC3",0.277816796881031
"DUSP23",0.277762109408395
"HEATR5B",0.277709138930624
"TRAPPC8",0.277624526600444
"TMEM179B",0.277582795847164
"STRAP",0.277548271730274
"GFER",0.277222721503421
"ELMOD1",0.277147285212538
"RNU6-529P",0.277062537615714
"HLA-DMA",0.276426514310581
"SLC25A35",0.276336261284796
"TUBB4B",0.276143081466167
"RPS26P38",0.275872255899088
"AOAH-IT1",0.275765536958975
"CLTC",0.275019775487522
"E2F5-DT",0.274782715839393
"LINC00402",0.274746354261412
"GJA3",0.27474485981105
"RNU7-18P",0.274711633648721
"STX11",0.274685396333334
"RGCC",0.274519755995125
"RNU7-111P",0.274488489430261
"HRH3",0.274451036012304
"CORO7",0.2741675686957
"COMMD10",0.273789596962443
"AIFM2",0.273662435262598
"RBM41",0.273658090455304
"PRPF18",0.273094977475825
"SNHG33",0.272906819119099
"ANKRD20A4P",0.272906819119099
"LINC02556",0.272906819119099
"INPPL1",0.272540056831405
"VGLL4",0.272274073322187
"MAGED2",0.272246331539251
"ITSN1",0.271623038587311
"SETD4-AS1",0.271539141956915
"PHF6",0.271467304827313
"BLTP1",0.271388574728183
"EGFL7",0.271156103843589
"PTPRVP",0.270992736865441
"RPS24P7",0.2709778690668
"ACTBP1",0.270670167022802
"ARAF",0.270470437169041
"CCDC9",0.269944825545196
"RACK1",0.269744231319498
"RNPS1",0.269558449517219
"LINC00871",0.269438588921899
"SNORD3B-2",0.269312378375679
"APBB1IP",0.269276759281248
"PGRMC2",0.268941786537491
"RIF1",0.268936419767422
"SYCP2L",0.26885285724865
"S100A9",0.268574694331587
"RASSF5",0.268296925566253
"LCOR",0.268262229923428
"NMB",0.268150370903768
"CBFA2T2",0.267872574007298
"HERC6",0.267463943051347
"RNU6-1157P",0.267384287204861
"RASA4B",0.267222247307491
"NPC1L1",0.266537909030075
"GLYR1",0.266327753231705
"ATR",0.266219186597263
"SPCS2",0.266172651828479
"THRIL",0.265827210837304
"IQCB1",0.265582177029174
"NBN",0.265213440847539
"RANBP6",0.265092315264712
"ASB6",0.265055390403555
"KRT6B",0.264658262387892
"SINHCAFP2",0.264627834137947
"TUBB8P8",0.264538455491714
"REL-DT",0.264424637082491
"TMEM11-DT",0.26441772046687
"RNU4-52P",0.264344766393386
"TMEM176B",0.263737274331341
"TCAF1",0.263595750048914
"PEX3",0.263560891505305
"TGFBR3L",0.263451406653421
"SLC2A11",0.263392762213603
"MAU2",0.263382337050338
"HNRNPA1P51",0.263269022616396
"PTPN23",0.2630966658493
"LINC02244",0.262981010496382
"IDH3B-DT",0.262787274608589
"NDUFA7",0.262727579835725
"ST3GAL5",0.262115313428046
"CISD1P1",0.261936150594353
"TRMT44",0.261878138750071
"LINC03046",0.261864709748739
"POLR2C",0.261708694064534
"SFT2D1",0.26130507728164
"MFAP3",0.260980850367308
"TUBA3E",0.26093132180881
"NDUFS2",0.260897548447741
"ACAA2",0.26060659401525
"EEF1A1P38",0.260580496042433
"RELB",0.260495968587878
"ARMC5",0.260458646372295
"DHRS12",0.260453554888975
"DHX29",0.260173798853054
"RNF175",0.259975271519747
"ATRAID",0.259776245743853
"NIBAN2",0.259673382221814
"POLR2J",0.259621911601203
"ADAM12",0.259306549094874
"HNF4A",0.259108287325625
"FRMD5",0.258990602985523
"GASK1A",0.258828907202391
"UBXN10",0.258415672590356
"TXNDC5",0.258413780322358
"SLC3A2",0.258278619975378
"LIN37",0.258166547895668
"RPL10P9",0.258127443631304
"TSSK4",0.258122309727836
"RPL21P47",0.257883363804597
"FH",0.257285389291706
"ALDH3B1",0.256659651881247
"RNF138",0.256651421781904
"SKIC2",0.256565011035297
"SH3TC1",0.256540454936181
"MIR3153",0.256187421565572
"ADCK2",0.256139038041583
"RNF34",0.256071749476816
"DUX4L35",0.255795329978875
"UEVLD",0.255765071529878
"RNU6-918P",0.255563616798295
"HLA-DPB1",0.255398326405104
"APH1A",0.255327551866366
"RN7SL34P",0.255245688452922
"PSIP1",0.254918725600605
"ZNF101",0.254848260193577
"STARD10",0.25480167004886
"PLCG2",0.254638013301511
"TUBG2",0.254343701260561
"RSPRY1",0.254277257850935
"SORBS3",0.253634461901921
"ASPSCR1",0.253530591325086
"UPF3AP2",0.253223935064977
"IDH3B",0.252893799664931
"BLCAP",0.252636757454893
"KATNAL1",0.252624992502886
"TMEM208",0.252597601205448
"CNIH3-AS2",0.252403724081972
"RPSAP15",0.252386271462061
"UTP14A",0.25220182928654
"BTBD6P1",0.252126101747947
"B4GALNT4",0.251989181904128
"PROSER3",0.251874749416512
"MBNL3",0.251592357326448
"BPIFB6",0.251573321348208
"H2AC18",0.251460632544945
"NELFCD",0.251249517127801
"NDUFAF2P1",0.25105351183278
"GPR146",0.250551397325023
"C2CD2",0.25047832912179
"MACROD1",0.250348004493126
"KDM1A",0.250342608266792
"SIRPB1",0.25027764902109
"RPL12P42",0.250248907187302
"TSC22D4",0.250205035139609
"C11orf68",0.250083025989769
"ID2",0.249869233211679
"ZNF77",0.249807684506096
"DNAJA1P3",0.249467576017068
"HSPA8P14",0.248981977841404
"RNU6-31P",0.248871727760229
"RNF7",0.248730751581284
"INTS11",0.248488588892298
"HSD11B1L",0.248401881942247
"NOSIP",0.248314884874683
"TMEM219",0.248191878901663
"PPIAP36",0.248120175242565
"MIR548P",0.247855823901463
"NLRC4",0.247808718457529
"DNAJC5B",0.247764199266884
"LINC01255",0.247757361948272
"NEDD1",0.247263847292976
"PNLDC1",0.247209241123381
"SLC26A5",0.247160080905912
"FAM234A",0.246882172447561
"TNS3",0.246692574833991
"SCUBE1-AS1",0.246628258029333
"HCG20",0.246611937180016
"KLK10",0.246294465204278
"ATRN",0.24621802469823
"RNU7-50P",0.246045643826941
"CHPT1",0.24593432561971
"IDI2-AS1",0.245748810459617
"BAK1P1",0.245657746865395
"SLC25A3",0.245300549949467
"USF3",0.245118952955937
"RPS26P6",0.245117114214246
"PMEPA1",0.245020065848994
"C2CD4D-AS1",0.244915754267054
"DUT-AS1",0.244214325077109
"MTO1",0.244163893056189
"PCDH10",0.244161779207651
"EXOSC10",0.244062070149423
"DUSP22",0.24384258451268
"FCN1",0.243818979294569
"TCTN1",0.243553055808809
"PTMAP9",0.242895341915262
"IPCEF1",0.242722823495028
"ARFGAP2",0.24262579363108
"PCYOX1L",0.24261483142815
"MINDY4",0.242556471763756
"LINC01018",0.242163675581452
"BASP1",0.242029593311181
"RSF1",0.241963149544484
"POC1B-AS1",0.241936759385213
"MIR3680-1",0.241495890393154
"FAT1",0.241284291030667
"HSPA8P8",0.241209664456605
"MT-TG",0.241178870156877
"B2M",0.241149565245999
"MTRFR",0.241087816952704
"DDX42",0.241080332918604
"ZNF326",0.240544162518408
"MPHOSPH8",0.240531903433628
"PMFBP1",0.240290411112806
"GALNT6",0.240235955748402
"SRP68",0.240007026514032
"NKIRAS1",0.239623944756995
"KCNN4",0.239617181357923
"DHX38",0.239476070553346
"STAM2",0.238926506449075
"ENPP3",0.238856470618679
"UGP2",0.238063511985427
"ID3",0.23785087943058
"PRRC1",0.237730911101964
"FNDC1",0.23752991017058
"MID2",0.237523637219605
"GINM1",0.237252368344891
"NAF1",0.237096108879399
"ADH5",0.237009200003295
"FRAT2",0.236944084208437
"POU6F1",0.23675887326534
"ACTBP7",0.236441554774089
"IFITM1",0.236215135278393
"JMJD1C-AS1",0.236092074404233
"MRPL44",0.236050873068065
"PRDX2",0.236031644574939
"SLC49A3",0.235757325394975
"PABIR1",0.235636055151812
"ERO1B",0.235433743300083
"FCHSD2",0.235160335040711
"ITGA9",0.234969840119598
"IRF5",0.234760357150916
"XRN1",0.234294943207303
"TES",0.234196706969808
"AGAP14P",0.234009506123196
"DNAJC9P1",0.233657856365257
"ZNF439",0.233565349334947
"TP63",0.233547143583354
"USP32",0.233472676861389
"KPNB1",0.233285059596898
"RASGRP4",0.233122349541797
"AKIRIN2",0.232927437086848
"FUS",0.232858970526086
"RPN2",0.232843048713546
"SMAD5-AS1",0.232272432421367
"PWWP3A",0.231915536846906
"ATG13",0.231762196461054
"KGD4",0.231717483293326
"SGO2",0.23127247696679
"HSPD1P5",0.231216730923605
"EPN2",0.231032270809427
"SLC25A28",0.231012503240061
"FBXO34",0.230897987037665
"VWCE",0.230882145852705
"UBAP2",0.230803063963205
"RIPK1",0.230553848994804
"RPL5P1",0.230019972285883
"LUC7L3",0.229903345890788
"ABHD1",0.229758249364905
"NEU4",0.229743555368633
"GNG4",0.229645357874583
"SLC2A1-DT",0.229567567327995
"ANAPC2",0.228757108317354
"LINC02918",0.228678879188435
"CZIB",0.228492661039727
"PREP",0.228339840068395
"LACTB2-AS1",0.228317411636269
"VDAC3P1",0.227945650207795
"CCDC80",0.2278631255442
"ESF1",0.227742224709701
"CDK2AP1",0.227678679067146
"FOXP2",0.227242538877978
"UFSP2",0.227204266400239
"SPSB3",0.227146047640979
"RPL8P4",0.226446389474218
"VDAC2P5",0.226351274826694
"FAM20A",0.226020841912704
"PLBD1-AS1",0.225761454669206
"RARA-AS1",0.225695338519582
"MKLN1-AS",0.225676801276996
"SEPHS1P4",0.22550038446588
"MTHFD1L",0.225126023876114
"RPS15AP11",0.225064971828261
"NDUFA1",0.224712664894033
"TMEM14B",0.22408886801813
"SLC36A3",0.224027565979604
"CDK13",0.223609020990362
"COX5B",0.223495835329563
"ZNF730",0.223467706607496
"STXBP3",0.223418778307607
"SUMO3",0.223363034879362
"LSM12P1",0.223062074984963
"TCIRG1",0.22288509181824
"ELOF1",0.222816783002072
"GAPDH-DT",0.222756086030693
"SLA2",0.222514549517836
"KIAA2012",0.222485317889163
"KLF2",0.22238927465116
"LBX2-AS1",0.222132325833967
"TUBAP14",0.221900584860385
"IFI6",0.22183096270209
"SYCP3",0.221558632983025
"PRDX3P2",0.221401438948745
"ANXA2P2",0.22118216358324
"LINC00309",0.221135157899531
"ABHD6",0.221093358694643
"CPP",0.220889593205426
"RAB43P1",0.220889593205426
"PIP5K1A",0.220873954311101
"HECTD2",0.220675088299558
"LINC01299",0.220626311376699
"ACTN1",0.220474114164089
"RN7SL25P",0.220392728041082
"N4BP1",0.21993101328977
"LINC02087",0.219854981921044
"RCC1L",0.219754587463789
"RBM15B",0.219746736089675
"TMEM14EP",0.219684970914527
"TUBB6",0.21961802937791
"RPL21P76",0.219347755125652
"BIRC3",0.21926163700606
"SLC12A4",0.219197643736757
"POM121",0.219002832062285
"MCCC1",0.218365427477441
"DSN1",0.218358273401363
"GOT1",0.218132314117224
"TNFAIP1",0.21803887837353
"GDF5-AS1",0.217737913866675
"SPIDR",0.217622377645425
"HMGN2P4",0.217369946864275
"LRRC47",0.217332276762217
"SUGP1",0.217312175646632
"OPA1-AS1",0.217219686313049
"OR5B21",0.217124616930163
"MPPE1",0.217118877060578
"PCBP1",0.216681615931779
"BICD2",0.216635413968204
"TSKS",0.216611525302786
"R3HDM1",0.216581509945303
"C6orf120",0.216465544787402
"CA9",0.216140875706442
"MX2",0.216107477978974
"GRK3-AS1",0.21604735475175
"EIF1",0.215694434011208
"ALDH8A1",0.215131004272341
"TENM2",0.215064961912254
"LINC01094",0.214814479970862
"ZNF638",0.2147395954795
"ARPP19P2",0.214345489906419
"RWDD1",0.213940116724123
"ACOXL-AS1",0.213772169058317
"ARL4D",0.21374032602428
"LINC02058",0.213733302337211
"SPOUT1",0.213704487581109
"TRIM45",0.21340602635139
"WDR33",0.213380923176764
"PRPS1",0.213359036135134
"HIF1AN",0.213252150762307
"LINC01637",0.213236941932272
"PPP1R21",0.213113319659094
"TCF25",0.212767674699551
"COA1P1",0.212492501049101
"RHOT1",0.211766421133049
"RPL21P8",0.211750916650009
"GCA",0.211438794936881
"PUS10",0.211180836519742
"SMIM30",0.211088784822518
"MAP3K3",0.210876903567887
"SMAP1",0.210663297818592
"ACYP1",0.210555119318482
"IQCA1L",0.210449365557334
"EIF2S2P3",0.210275130300147
"HEXD",0.210204433389922
"CISD2",0.21004708359056
"BICC1",0.209773508655416
"RN7SL744P",0.209586098790711
"ZIC5",0.209586098790711
"VIPAS39",0.209500620617999
"MRPS30",0.209125976327567
"CDK13-DT",0.209095620272005
"GSN-AS1",0.208936481763358
"CLINT1",0.20854114400087
"FOXM1",0.208521648002906
"RMDN2",0.20817202120558
"BCL2L13",0.207881062860884
"ELF4",0.20784752799335
"ZFR",0.207767507387353
"MIR3074",0.207759581162312
"CLDN16",0.207719920916929
"FAM220A",0.207719920916929
"PPP3CB",0.20761730731371
"MYH11",0.207544149991363
"VCF1",0.207451891248588
"UGT8",0.207377843549632
"LMBRD2",0.207333379578846
"TOMM20",0.207168154322111
"FKBP7",0.207155473478638
"TNFRSF9",0.207152883079342
"SMARCAD1",0.20714460845547
"OS9",0.20702082798053
"FTCDNL1",0.206879900760146
"SIGIRR",0.206598022974565
"TSN",0.206595518472657
"XRCC4",0.206414443698766
"GAPDHP40",0.206305781812866
"JAK1",0.206112187756583
"CARD19",0.205381324486728
"CYREN",0.20534215736513
"TIMM8A",0.205297976619078
"PHLDB3",0.205290383912166
"SRPRB",0.205126503521202
"HDLBP",0.204627201236445
"HMGXB3",0.204183429835199
"RNU4-41P",0.204156812021377
"RPGR",0.203962202099267
"RB1",0.203712773801355
"ZRANB2-AS1",0.203515281194405
"EZH2P1",0.203465521878981
"ITPKC",0.203458998169296
"STX16-NPEPL1",0.203263439976599
"MIR600HG",0.203253881749109
"FAM171A1",0.203044118707897
"H3C13",0.20282813213724
"LANCL2",0.202718396403005
"CDX1",0.202712009690879
"NMNAT3",0.202698492819617
"BORCS8",0.202592214829138
"TP53BP2",0.202580880337979
"CDKL4",0.202204388344667
"HS3ST1",0.201889991547454
"GEMIN8",0.201783108233623
"TECPR2",0.201322751835046
"LITAF",0.201233369195995
"SPAST",0.201109205861446
"SEZ6L2",0.200658636849918
"PSMD10",0.200633010157455
"RPSAP4",0.200538751344379
"KCP",0.200376841923915
"NME6",0.200059795523835
"DUSP28",0.19979419397755
"COX20P1",0.199694314621974
"UBE4B",0.199668240531645
"SLC38A1",0.199525404236284
"CNTFR",0.199461307617721
"TCL6",0.199100282708805
"SP2-AS1",0.199016244732323
"NR4A1",0.198669998645577
"VDAC1",0.198369419905427
"NRXN2",0.198352561328533
"CCDC124",0.198158294167527
"SYNM-AS1",0.197494451185558
"MT-ND3",0.197356425333715
"MRPL55",0.197236807093817
"SMIM27",0.197138801664905
"CFAP44-AS1",0.197007775056061
"ZNF487",0.196972071479361
"RPL36",0.196917100441434
"RPP38",0.196850231918524
"LMOD3",0.196825860448373
"ELP1",0.196812488437894
"NPM1P48",0.196528679561133
"PRKAB1",0.196398823523924
"MIR3651",0.196246200469341
"RPLP0P5",0.19620269988393
"CHMP4A",0.195969497216092
"MYOC",0.195941530504218
"TMED10",0.195617821191001
"TECR",0.195583208629519
"MAP7",0.195435057690609
"LMO2",0.195309021355073
"SYNCRIP",0.195029199834565
"RNU6-398P",0.194921928571017
"TMEM60",0.194790973461119
"NFKBIE",0.19477090863551
"SRGAP2B",0.194491652594248
"SRRM2-AS1",0.194403476090402
"PPIAP59",0.193998928611647
"KLF3-AS1",0.193720053607233
"RPL17P26",0.193536998565469
"PEBP1",0.193410207203388
"BBS1",0.192902527890407
"RBISP4",0.192766819257232
"BRI3P1",0.192533793553453
"RPL7P50",0.192231379748352
"MSX2",0.191780936954657
"NMRAL1",0.191752701230786
"SHISAL1",0.19159338476302
"TIFA",0.191436891785632
"EEF1AKMT2",0.191310916172208
"ZBTB39",0.191178091207298
"ZNF433",0.191118479086146
"CRLF3",0.191011959716863
"JAKMIP2-AS1",0.190966153977608
"RBBP4P2",0.190527250373561
"HNRNPA1P30",0.190280285507178
"SEL1L3",0.189913461732347
"KATNA1",0.189690794197556
"HMGN2P8",0.189538325787934
"PSKH1",0.189515926058722
"TRIP10",0.189320333724319
"LINC01013",0.18901160534295
"BTN3A3",0.188878825824859
"PLEKHG5",0.188843181120952
"THAP12P2",0.188843181120952
"ENTPD3",0.188843181120952
"ATP6V0CP2",0.188843181120952
"CCNO",0.188843181120952
"LINC03007",0.188843181120952
"MORF4L1P5",0.188843181120952
"CTBP2P6",0.188843181120952
"MIR670HG",0.188843181120952
"RN7SL387P",0.188843181120952
"KRT7",0.188843181120952
"OR4K4P",0.188843181120952
"NDUFB10P1",0.188843181120952
"CMTM4",0.188843181120952
"NOL4L-DT",0.188843181120952
"FAM83E",0.188843181120952
"TUBAP1",0.188843181120952
"CRABP2",0.188610643848612
"MTA3",0.188602163255216
"KCNAB2",0.188545280141923
"ERICH1",0.188505549480651
"REC8",0.188096335172987
"SNX27",0.188032828822662
"TSPAN18",0.187873622887165
"STRADA",0.187740156004724
"HNRNPKP2",0.187703597156878
"ZBTB48",0.187682294314488
"TNFRSF14-AS1",0.187544775678974
"LINC01311",0.187495898575332
"RGSL1",0.187230845303872
"PTOV1",0.187115741648153
"GPR108",0.187088062608459
"PRPF3",0.187044603539489
"ASIP",0.187040330855543
"CPSF3",0.186713644512537
"ZSCAN1",0.186666878866265
"MRPS27",0.186510096141136
"RASL11B",0.185921554655585
"CAMSAP1",0.185911368810744
"PAFAH1B1",0.185837164143416
"TSPAN1",0.18571677200576
"MIR5094",0.185712319066725
"TNRC6B-DT",0.185569290956783
"ZNF706",0.185358021390877
"TTC27",0.185111226547222
"MIR181A2HG",0.185110885820809
"CYLD-AS1",0.185069751689069
"SMC3",0.184664831448353
"PLEKHO2",0.184435061080071
"RWDD3",0.184411615089507
"UBQLN1-AS1",0.184195191482607
"LINC00844",0.18415117281109
"ELP5",0.184107397236081
"ZNF382",0.184089606543681
"ZNF142",0.184074961901853
"MED29",0.18407210188279
"API5",0.184063019628451
"PPRC1",0.183743894670516
"SETSIP",0.183502526244256
"OSTCP1",0.183463370644028
"LINC02532",0.18345922787491
"IGSF6",0.183292040565123
"MIR3978",0.183140221318334
"LCN12",0.182914769799292
"ATP4B",0.182914769799292
"TBXA2R",0.182914769799292
"TMPRSS2",0.182914769799292
"BAZ2B-AS1",0.182822565540469
"NUDT5",0.182559808701943
"PSME3IP1",0.182367550112789
"MAP4K3",0.182214501199167
"NIP7",0.181651915173525
"HMGCS1",0.181648431139751
"TLR8",0.18157774677422
"RFX7",0.181438185072679
"YBX2",0.181212739628866
"CENPW",0.180840881989634
"PSMD6-AS1",0.180837578661842
"LINC01248",0.180663646145609
"IL20RB-AS1",0.180663646145609
"FGFBP1",0.180663646145609
"ANXA8",0.180663646145609
"PIK3C2G",0.180663646145609
"TERT",0.180529854345756
"SSBL2P",0.180513137643468
"ANKZF1",0.180468545680655
"ZNF737",0.18046407734675
"YJU2",0.180415134732655
"MTIF2",0.18033969964102
"ATG10",0.1803268079693
"RARA",0.180272617727567
"RPL7P11",0.180086808116612
"PHOSPHO2",0.179890158131371
"CRYBG1",0.179866396222016
"NAPG",0.179705953472924
"POLR1B",0.179702388690136
"ACTR3-AS1",0.179635985263319
"IL17REL",0.17961110927821
"RGS1",0.179574230254457
"KRBA2",0.178936637109049
"ZCCHC9",0.17884594134402
"MIR9-1HG",0.178732070452115
"BFAR",0.178687519983467
"NLGN4X",0.178526021532885
"BTF3",0.178503479479188
"DISP2",0.178495947067171
"ETF1P2",0.178274017993924
"VWA5B1",0.17826838239243
"LINC02080",0.178204650007301
"ARHGAP22",0.178106437509835
"TFE3",0.178017814256021
"RHOT2",0.177981009033639
"SETD3",0.177978997933609
"MSRB2",0.177938597426433
"LRG1",0.177735371339642
"HSPB9",0.177662929380613
"ARID4B",0.17705167945644
"TAFA5",0.17692407388679
"MTMR2",0.176905822743666
"HNRNPA1P14",0.176869953286793
"RPL21P4",0.176865529097848
"TONSL",0.176828491420566
"LHX5",0.176761914193164
"EXOSC1",0.176627198321463
"HSPD1P7",0.176534962342126
"RNF123",0.176430168967404
"SNAPIN",0.176325472636925
"PTRHD1",0.176295506413836
"DHX40",0.176134975700579
"DYNLT2",0.176122811442414
"XRCC5",0.175695021299923
"IGF2BP3",0.175458607357507
"GOPC",0.175442016414221
"NALCN",0.175420763691431
"SERPINB4",0.175408925722828
"CCL25",0.175408925722828
"GPBAR1",0.175299573465388
"TNFRSF10B",0.175249443846389
"HNRNPA1P36",0.174807444502392
"MPI",0.174561484846594
"PKN1",0.174470004482438
"VPS13D",0.174388240282117
"PRAC2",0.174148829435295
"TMEM276",0.173907616439566
"CCT6P2",0.173887528158
"TSR3",0.173807431630485
"LINC02810",0.173756450017254
"POFUT2",0.173703465550125
"SNX11",0.173648832389588
"NSMCE1",0.173518835490343
"CEP85L",0.173408644432309
"TRBV6-1",0.173145536697063
"GARIN2",0.173025209323544
"ADCY1",0.172939077460902
"OR10A3",0.172785519659654
"EGFL8",0.172765785459991
"SLC12A9-AS1",0.172747561368117
"STK25",0.172723424906273
"RNU6-288P",0.172693747502942
"MARK3P3",0.172579305357243
"HMG20B",0.172335589818243
"KRBOX5P1",0.172164001985271
"OR6J1",0.172106613768797
"LINC02924",0.171878734130334
"KCNK15",0.171764463853459
"POLQ",0.171723758380465
"CDK19",0.171705063754639
"NCLN",0.171646210542664
"CSNK1A1",0.171617250595836
"PTPN14",0.171431458894452
"ACTC1",0.171160824264678
"PLA2G6",0.171023428209309
"CBL",0.170937722640591
"ACTR2",0.170864421876193
"STK4",0.170628076436213
"MCM6",0.170580958295492
"ADCY2",0.170557189112254
"KIF9",0.170487481307539
"ZNF106",0.170279330110821
"KIF22",0.170168322650182
"POP1",0.170096113396513
"ANGPTL1",0.169979499363129
"TERF1P3",0.169979499363129
"MTCO3P22",0.169979499363129
"TMCO5B",0.169979499363129
"EFNB3",0.169979499363129
"KRT27",0.169979499363129
"UPK1B",0.169930265916778
"ZDHHC22",0.169908674995704
"CIRBP",0.16990228894104
"DPH6",0.169877247734363
"NPM1P22",0.169846674888656
"RPL23AP71",0.169607839303899
"MRTFA",0.169447191580224
"ZNG1A",0.169417729677941
"CNNM3-DT",0.16909624414144
"ARHGAP5-AS1",0.169008660006732
"GOLGA4",0.168994935955086
"ME2",0.168952870402702
"LINC01471",0.168725692929069
"DCST2",0.168331754358486
"ITGAL",0.167929167689951
"ICA1-AS1",0.167829879379668
"CSRNP1",0.16776048458549
"GAPDHP63",0.167692494074189
"MMP25-AS1",0.167593649383162
"GLOD4",0.167421670286649
"TIPARP-AS1",0.167000144141097
"DPY19L4",0.16695070400255
"PRDX1",0.166940434757164
"LRRC26",0.166776426101075
"SQLE",0.166742639021673
"ATP6V1E1",0.166522736894986
"PHB1P18",0.166462731316389
"ELSPBP1",0.166462731316389
"ZNG1E",0.166411391364929
"KMT5AP1",0.16639220629217
"SNRNP25",0.166355644679312
"ORC3",0.166215693524383
"PIAS1",0.166200101203898
"DUSP12",0.166147882009077
"LEO1",0.165795212911483
"STRA6",0.165706705560224
"MIR4733HG",0.165700028898821
"CDK4",0.165680900504449
"CNOT3",0.165621066189424
"RGPD4",0.165577275160382
"ATP5PDP2",0.164432421636463
"SOD1P2",0.164432421636463
"LINC03064",0.164432421636463
"PCNX3",0.164388957682552
"WWTR1-AS1",0.164295122480887
"SLC30A4-AS1",0.164098433157115
"GPRC5C",0.164062396123257
"C18orf32",0.163931260096174
"MED13L",0.163895415289717
"CATSPER2",0.163800109442826
"SPDYE7P",0.163573364206054
"PPP1R10",0.163153624975731
"DENND4B",0.163017360378162
"SLC25A33",0.162997483246358
"SHISA5",0.162886177532586
"IL4R",0.162858156474626
"NSMCE2",0.162807518015408
"VASP",0.162633841470059
"CXXC1",0.162155888127337
"LEF1-AS1",0.162019890154931
"MEIS3",0.162003696323127
"ST7-AS2",0.161529179282205
"TSC2",0.161488231830489
"CHCHD4P4",0.161217366702659
"CERS1",0.161045083679047
"MVB12B",0.160669707903803
"IGIP",0.160600077336296
"DAP",0.160461856371491
"EFR3A",0.160451497029338
"CNN2P4",0.160385631117497
"LRP1-AS",0.160385631117497
"MB",0.160385631117497
"AADAT",0.160011906182188
"DIAPH1-AS1",0.159985928524201
"MAP2K5-DT",0.159959416399416
"ELOCP28",0.159852149673379
"BACE1-AS",0.159683211032771
"PTGES3P3",0.159412662613648
"FLVCR1",0.159410425568934
"GSTM5",0.159056601489555
"GALNT10",0.158891692014433
"ANGEL1",0.158842808797601
"PTPRC",0.158699704048447
"MYL12BP1",0.158649643006655
"NKAPL",0.158500943198325
"DDX23",0.158339643114517
"RNF114",0.158166247462469
"GLRX",0.158120031951491
"TAF6L",0.158047906600233
"COMMD2",0.158029150043909
"COMMD4",0.158021077791641
"GPBP1L1",0.157987855922128
"CCDC92B",0.157837640568243
"SWINGN",0.15780154885192
"RPS15AP1",0.15771009735205
"KRT18P5",0.157393694168907
"PA2G4P5",0.157332742985156
"PRSS12",0.157150734781139
"H2AC12",0.157089488836358
"PCK2",0.156960004834115
"OR51L1",0.156957676130784
"HSPE1P5",0.156780102694576
"PPIF",0.156757286221358
"GPC4",0.156377614254446
"SLC46A2",0.156270867710229
"RRP12",0.156264522733181
"METRN",0.156237455250617
"LSM1",0.156131090256474
"FADS2",0.156122024680444
"WDR5",0.155953150108618
"COX6CP1",0.155939681990897
"MIR7976",0.1559396513542
"MRPL41",0.155875807762042
"CD63",0.155736536791633
"AMH",0.155666565495582
"RAD18",0.155587945673559
"USE1",0.155422118094811
"ATF6-DT",0.155224883503015
"OR5H14",0.155173053000149
"MYL10",0.155173053000149
"TSGA13",0.155173053000149
"VPS33B-DT",0.155173053000149
"ATP5PBP7",0.155173053000149
"P2RX5",0.155109070867715
"MILIP",0.15460402591086
"CKS1BP3",0.154426995558218
"GADD45G",0.154332169406671
"ABCC8",0.154318905397468
"RPS10P16",0.154250401135078
"FOXRED1",0.154169838034495
"DHX36",0.153909943059064
"ERCC1",0.153867483336151
"CCL13",0.153821046566472
"FAM106B",0.153750340698277
"UBA3",0.153662343312738
"JRKL",0.1536359739116
"LINC02450",0.153602241128371
"G2E3P1",0.153518266269852
"LIFR-AS1",0.153518266269852
"NNAT",0.153518266269852
"ARHGAP35",0.153461309129863
"FGD5",0.153417981736894
"FGFR4",0.153383045971125
"ZNF596",0.153336513935485
"CALR",0.153272649101121
"CLEC18A",0.15318514004166
"RNVU1-7",0.153103485107386
"PIF1",0.153089301256396
"ESR2",0.152938386335711
"ATP6AP1",0.152811780128115
"STX19",0.152729551699623
"LSP1P3",0.152729551699623
"RPS15AP25",0.152729551699623
"RN7SL239P",0.152729551699623
"RPL29P25",0.152729551699623
"ZNF652",0.152716434814673
"LATS2",0.15264666890039
"MMACHC",0.152467336447605
"BTF3P3",0.152409440470845
"USP31",0.152224038889734
"PPIL2",0.152044128352309
"GDAP2",0.151957486815653
"MAGT1",0.151880976435463
"CSNK1G2-AS1",0.151868463910053
"CENPP",0.15183298515393
"LINC02855",0.151792149263508
"MED15",0.151644324332406
"MKNK2",0.151561351671525
"PARD3B",0.151506869311081
"TALDO1",0.151452678608643
"S1PR4",0.151396916280144
"RPL38P6",0.151341421420613
"SPDL1",0.151324416085975
"NR2F6",0.151281007052669
"NIPSNAP1",0.151271498254182
"BTBD10P2",0.151185071723917
"GPHA2",0.150896412586225
"SRP72",0.150895558892947
"ACTR8",0.150726088374581
"EPN1",0.150439059350584
"LINC00205",0.150396404935939
"DNAJB11",0.150062399039633
"PLEKHD1",0.149917197354479
"LINC01309",0.149783088721802
"EHHADH",0.149704145652162
"CAPN1-AS1",0.149664647365579
"UBE2E4P",0.149561750488762
"GPSM3",0.149442613446324
"NLN",0.149419720646332
"GPR87",0.149296754868039
"FLYWCH1P1",0.149296754868039
"RGS22",0.149296754868039
"NAP1L1P1",0.149296754868039
"MIER3",0.149066408080729
"MAPK10",0.148942634720455
"MYH14",0.148836159012708
"RBMX",0.148651805429379
"MIR4802",0.148595827448753
"ITPKA",0.148595827448753
"ACTL8",0.148578023925683
"UGT1A1",0.148578023925683
"PLG",0.148578023925683
"LINC01186",0.148578023925683
"HSPA8P11",0.148578023925683
"MMP7",0.148578023925683
"RPS12P23",0.148578023925683
"SOX21",0.148578023925683
"TM4SF5",0.148578023925683
"LINC01979",0.148578023925683
"B4GALT6",0.148578023925683
"LINC01711",0.148578023925683
"OTUB1",0.148518517351827
"MIR98",0.148500036969372
"KMT5AP2",0.148439540565637
"ZBTB44",0.148426379545666
"KAT6A",0.148273696541742
"CDKN2D",0.148060553690833
"DIMT1",0.147885675401111
"IMP3",0.147847364488412
"LPP",0.14771582029216
"TPCN2",0.14730171238313
"CNTNAP5",0.147166846118365
"NPY2R",0.147166846118365
"KLHL32",0.147166846118365
"RNU6-1209P",0.147166846118365
"RNU4ATAC5P",0.147166846118365
"MYH7",0.147166846118365
"LINC02135",0.147166846118365
"SSBP3P3",0.147166846118365
"RIN3",0.147109678951888
"H3P12",0.147071778770225
"OSBPL5",0.147042509992865
"LINC00863",0.147006735974831
"CCDC97",0.146944541547167
"OTUD7B",0.146922198001439
"UNC79",0.146881441058975
"DCTN2",0.146798282801787
"MRPL51",0.146685615983286
"NFATC2IP-AS1",0.146671040372014
"LINC02884",0.1464441058363
"NPM1P33",0.146424766126902
"NDUFB9P2",0.146424766126902
"GCAWKR",0.146424766126902
"KRT9",0.146424766126902
"DSCAML1",0.14636356880372
"DCUN1D5",0.146314749540698
"LINC01122",0.146308639611017
"ISCA1P1",0.146227257640955
"RN7SL850P",0.146183799743315
"NCK1-DT",0.145855138212654
"PITPNM1",0.145682921203977
"NMT2",0.145588946169426
"NDUFB4",0.145583846013271
"ARMC1",0.145487318930962
"MNAT1",0.144934176659894
"RPL27AP3",0.144545435518495
"LINC01043",0.144415698833597
"ANGPT1",0.144351490000982
"ELAVL3",0.144088981137599
"MIR639",0.143952455505103
"RILPL2",0.143935448327813
"CEBPG",0.143878741294693
"MARS1",0.143774066294281
"GMNN",0.143770653994147
"COL4A2-AS1",0.143724789224292
"RNY1P5",0.143724789224292
"SEPTIN5",0.143724789224292
"KIAA1614-AS1",0.143615341937195
"MAX",0.14358311389712
"DPY19L2P3",0.143546510246772
"CUEDC2",0.143511517383878
"SPMIP8",0.143440587343955
"RPL21P86",0.143410538562689
"HDHD2",0.143397607795446
"COL7A1",0.143394421897162
"PLEKHG3",0.143327297141584
"BTBD9",0.143262809745947
"ITGA2",0.143151251002518
"EIF4A1",0.143120324487003
"PCDHGA6",0.143035199371809
"PPP6R1",0.143022519564868
"USP9X",0.142918293801506
"TMEM87B",0.142904406075101
"SDCCAG8",0.142686581991944
"MYO1C",0.142674094920565
"RN7SL733P",0.142585725818957
"LINC02882",0.142497749668084
"BICRA-AS2",0.14249133501956
"NR4A1AS",0.142454936414448
"ERICH2-DT",0.142412249044532
"HSBP1",0.142345200677908
"TTC21B",0.142319056446248
"PDE6G",0.142301671511416
"TAF13",0.142296516214572
"FEM1A",0.142133924483614
"NKX2-8",0.142078764106994
"CGGBP1",0.141767970860868
"TGFBR1P1",0.141692810422119
"RPL21P22",0.141637507936986
"XPO5",0.141601333081899
"GSPT2",0.14144168325011
"LINC00602",0.141413903920182
"WDPCP",0.141316376501616
"SLC26A7",0.141302521311042
"LINC01870",0.141297400927726
"LIPG",0.141061680859949
"RPS29P5",0.141053252683174
"ALPK3",0.141011424496517
"SLC35G2",0.140926041577849
"VWA2",0.140868305795727
"AOAH",0.140683540926877
"C1QC",0.140674818965434
"LTBR",0.140383667670803
"FBXL18",0.140265477851044
"IL13",0.140243942804543
"GHITM",0.140188262347775
"NANOS1",0.140110504606199
"CCNE2",0.139959906848814
"HIGD1AP1",0.139853259107723
"EIF2B1",0.139843224838381
"S100A1",0.139836683160386
"RPL12P19",0.139752451515022
"MSL3B",0.139752451515022
"GPS2P2",0.139752451515022
"RPL6P32",0.139752451515022
"GFRA3",0.139752451515022
"RPS26P35",0.139752451515022
"IKBIP",0.139737879505867
"HLA-DRA",0.139657167232519
"LSM5",0.139635439288156
"TPR",0.139406697030337
"NCOA3",0.139389988266043
"PIK3CB",0.139246209935124
"RPL4P2",0.139230896109048
"DNMBP",0.139188842029105
"PREB",0.139114466088537
"LINC00958",0.139048500377774
"ATP8B2",0.138892483475882
"KRBOX1-AS1",0.138838177312457
"RENO1",0.138759591611145
"CREB3L1",0.138663451681326
"HTATIP2",0.138553020122133
"VAV3",0.138537328305743
"BLMH",0.138425131091553
"MAPK1",0.138416115413999
"IRAG2",0.137938269923811
"LIN28B-AS1",0.137872722491622
"FRG1FP",0.137872722491622
"NOTCH3",0.137738830789218
"RPL17P41",0.137631817904229
"ADAMTS7",0.13761023006444
"TSEN2",0.137542496686425
"BCL2L1",0.137335867797898
"PPP1R2P6",0.137125304494726
"HNRNPDP1",0.137125304494726
"SPTSSA",0.137115612055098
"NDC1",0.137100859990457
"ZNF148",0.13703895896024
"RPL34P1",0.137027144812085
"SMARCB1",0.136828031165202
"DPP7",0.136756850928616
"RNU6-42P",0.136716499197817
"PPP1R2B",0.136716499197817
"RPL7P56",0.136716499197817
"LSM6P2",0.136716499197817
"LINC02333",0.136716499197817
"MYO5B",0.136716499197817
"GGN",0.136716499197817
"PRODH",0.136716499197817
"ITPR3-AS1",0.136638414895256
"PRKCIP1",0.1365194806367
"AGTRAP",0.136213130502462
"TIMM23",0.136097979039944
"TMEM269-DT",0.135982554399478
"WSB1",0.135766986196887
"POU1F1",0.135656258205605
"LINC02142",0.135656258205605
"NARF-AS1",0.135656258205605
"PAFAH1B1P2",0.135644170124257
"MEIS1-AS2",0.135644170124257
"MOB4P2",0.135644170124257
"MTND4P19",0.135377843021775
"PAMR1",0.135294244163946
"RPL21P93",0.135203635075276
"ARHGAP11A-DT",0.134968581282891
"PGM5P3-AS1",0.134905887234121
"ZBTB8OSP2",0.134902380359349
"SETP6",0.134902380359349
"LRRC43",0.134902380359349
"RAB43",0.134841278962589
"CCDC194",0.134831354762921
"FRY",0.134480928999529
"LINC02457",0.134380832696154
"CICP5",0.134219483581209
"PTPN1",0.134205612894125
"MAFK",0.134170122758364
"VPS39-DT",0.134154261707771
"MAPT-AS1",0.133993387198191
"RPL21P62",0.133982289580051
"UBXN1",0.133813474063753
"EXOC1",0.133636562009476
"CFAP68",0.133549046796118
"AZIN2",0.133356160616461
"RPL13AP2",0.13331221662416
"RPL13AP22",0.133194831538092
"NDST1",0.132971291051666
"KLHL18",0.132779510025088
"LINC01907",0.132755149964676
"NAT10",0.132752708210808
"CTSO",0.132645661209565
"RPL4P7",0.132636270322302
"TRIM23",0.13248686929607
"LINC02558",0.132389869576469
"EPB41",0.132384334178113
"SLC22A5",0.132268971402439
"FMNL1",0.132242570925907
"MRPL22",0.132069753473449
"NLRC5",0.132025184183798
"TUBAP2",0.131736255256815
"GARIN1B",0.131633955427934
"RWDD2A",0.13146716828566
"INO80B",0.131337891898445
"SPIRE2",0.13133491104165
"GSTZ1",0.131295193421399
"PHKB",0.131273498975978
"DDX27",0.13115308244567
"RPS18P12",0.130939752909049
"EIF2B5",0.130682724824624
"RPL7AP27",0.130409708383326
"DYNLL1P7",0.130409708383326
"CDC42P2",0.130409708383326
"CLIC4",0.13036931408686
"RBMX2",0.130272268415739
"BAP1",0.130259852355235
"AP5Z1",0.13017188550443
"SNRPD2P1",0.130135749009218
"LINC00824",0.130012216595816
"KRT2",0.130012216595816
"DSC1",0.130012216595816
"PLPPR3",0.129707365569694
"NFYAP1",0.129320757137233
"ACP2",0.129248750040498
"RRP1",0.129215518739383
"EID1",0.129208437204648
"DOCK11",0.129131998035895
"HLA-E",0.129035916227714
"SETP20",0.128966232763749
"BOLL",0.128879749718713
"RHOBTB3",0.128722506972812
"PKIB",0.128581321554954
"CHKB-DT",0.12830987836492
"TOP1",0.128209615468293
"UBQLN4",0.127562498818198
"CSNK2A1",0.127509343380384
"MIR3661",0.127274438053791
"C18orf21",0.127193011715995
"ALG8",0.127000766832461
"GSTO1",0.126677530791172
"BMP6",0.126664570601012
"RPL9P28",0.126550787773017
"KRTCAP2",0.126422141820587
"MICOS10P2",0.126311813609748
"EEF1A1P1",0.126224845008189
"PYGM",0.126128393012857
"DNAJC19",0.125960295036431
"MRPL1",0.125834403634166
"RN7SL321P",0.125810901380349
"TGOLN2",0.125735167868337
"TRIM9",0.125666308888405
"SYF2",0.125657733395083
"BRCC3P1",0.125638259514821
"FBH1",0.125616254701723
"SHTN1",0.125498351019003
"CKMT1A",0.125465260074473
"NEMP2-DT",0.125451055426842
"NIPSNAP3A",0.125378166943654
"UQCRBP1",0.124884467453996
"TRAF3",0.12473907406401
"BEND5",0.124723514677838
"ZNF276",0.124706656957662
"YBX3",0.124671644868305
"APOB",0.124668021211462
"WARS2-AS1",0.12458013135769
"DOCK6",0.124569712162819
"GCN1",0.124519196040662
"C9orf85P2",0.124459921311122
"GON7",0.124156332514214
"MEF2D",0.124082832523985
"KCNK5",0.124063149282503
"VLDLR",0.124037758807564
"FTH1P21",0.124019026179551
"NUP35",0.123962768622745
"PHF10",0.123857727766728
"GPR157",0.123811189003567
"MSMP",0.123758663426076
"TPK1",0.123657695733618
"NDUFV2",0.123656584458218
"RPL34P27",0.123526243017149
"GTF3C5",0.123502516820652
"E2F2",0.123325172051689
"LSM3P3",0.123053084845873
"LINC00635",0.123053084845873
"ASB5",0.123053084845873
"RPL38P3",0.123053084845873
"MOGAT3",0.123053084845873
"CALM1P1",0.123053084845873
"PNMA2",0.123053084845873
"PPIAP33",0.123053084845873
"EHBP1-AS1",0.122984174734768
"NDUFA10",0.122888141824709
"LAS1L",0.122839502686688
"LAPTM4BP1",0.122832897776255
"IPPK",0.122799525406205
"H2AC17",0.122684207876093
"DOCK6-AS1",0.12268221768243
"RPL14P3",0.122390597655274
"WDR59",0.122074222245213
"USP42",0.122062926838999
"DHDDS",0.122060556753316
"SCYGR3",0.121886033400637
"KLK6",0.121886033400637
"GAS5",0.12118656795072
"SPN",0.121002747954054
"GAB2",0.120933368976362
"EVL",0.12089788537521
"RPP21",0.120888034501469
"UBE2Q1-AS1",0.120884021080245
"CAMSAP3",0.120760653549313
"B4GALT7",0.120694449422118
"ZNF765",0.12059058015591
"HMGN2P10",0.120480977096062
"CWC25",0.120249876787202
"MRM2",0.120172582788578
"SFPQ",0.120079476994509
"GPX4",0.120060336599532
"NUDT1",0.119873807197769
"RPS13",0.119824520445487
"ACTP1",0.119818965696611
"LINC02493",0.119818965696611
"GAPDHP73",0.119818965696611
"SLC35D3",0.119818965696611
"LINC01257",0.119818965696611
"MT1M",0.119818965696611
"KCNJ4",0.119818965696611
"SAMD8",0.119762475062201
"TMCO1",0.11965139452102
"NAGA",0.119626803664639
"GPR176",0.11953819417348
"LFNG",0.119533573455314
"WDR83",0.11949415934155
"NAA15",0.119490771706891
"RUNDC1",0.119457877969558
"DUOX1",0.119279984967691
"H2AZ1",0.119248008362872
"TRIM21",0.119246050673303
"VIL1",0.119164372520688
"TSEN54",0.119050118383937
"STRBP",0.119049204647763
"WWC2-AS2",0.118918282223252
"RPS19P3",0.118916128724383
"PLSCR4",0.118654525258428
"RASA2-IT1",0.118565524046729
"UBE2J1",0.118556138930692
"B3GALT5-AS1",0.118486668058481
"GAS5-AS1",0.118480875738563
"C5orf60",0.118344508263232
"KLHDC3",0.118151060185202
"SBNO1-AS1",0.118126854393292
"LINC02212",0.118098587116379
"PAFAH1B3",0.118009458913622
"NXF1",0.117813517167435
"GSTM2",0.117707362842619
"USP22",0.11753312043513
"ARPC3P3",0.117486359636208
"ELP4",0.117341195621393
"ETFBKMT",0.117286964809028
"GK-AS1",0.117262069160954
"GUSBP6",0.117176746970677
"TRHR",0.117176746970677
"ZSWIM7",0.117033277773979
"ERLEC1",0.116826928597868
"RPL21P56",0.116744241167732
"SERPINB8",0.116647475065255
"SLC25A36",0.116633686369489
"PIPOX",0.116493365440206
"CLCN3",0.116452741754098
"BSG",0.116277451748205
"RPL17P7",0.116238606996906
"FTH1P23",0.116126007097403
"SCAMP4",0.115896807056099
"UBL5P2",0.115753399006194
"NIPAL4-DT",0.115478699938406
"RNVU1-28",0.115461912323848
"FOXO4",0.115457569636494
"SPATA2L",0.115234547504856
"DXO",0.115216679153168
"SNRNP48",0.115026424661595
"ERCC3",0.114921827993089
"BICRAL",0.114855262434012
"EIF2A",0.114816472180512
"LINC01443",0.114590024010183
"TASOR2",0.114283953485773
"NCDN",0.113724567430054
"GRAMD2B",0.113601734528316
"ARMC10",0.113502426300785
"SVBP",0.113228339167361
"GAPDHP69",0.113176529542849
"RNA5SP159",0.1131474743926
"KMT2D",0.113092870145082
"KRT8P45",0.11270915731854
"GABRA5",0.11270915731854
"AMZ2P1",0.11270915731854
"PHB1P3",0.112684578299037
"LINC02475",0.112684578299037
"HOXA11-AS",0.112684578299037
"CFAP20",0.112452114968841
"CCDC71",0.112429216119235
"CNOT10-AS1",0.112378932943291
"COX7A2P2",0.112339337618321
"GLTPD2",0.111810694474943
"ALDH3A2",0.111683522182861
"ARMC8",0.111651570587012
"TOMM40P2",0.111412542670101
"CCDC77",0.111120489775056
"KANSL2",0.111080329934354
"S100A8",0.110823501879884
"NOP58",0.110777285871351
"DNAJB1",0.110396679809198
"ATG2B",0.110092041581637
"LGALS9B",0.109947277026983
"FAM111A-DT",0.109904335987864
"TBL1XR1",0.109870089299859
"RPS26P28",0.109804037160147
"LRRC28",0.109758860143739
"LY6K",0.109750973910316
"CWC15",0.109748489165715
"SAP18",0.109729034276591
"MRPS7",0.109680476042221
"SEC11C",0.109508316469834
"PDE6B-AS1",0.109478731773485
"FDPSP1",0.109475781332619
"ABCG8",0.109475781332619
"GLRX5P3",0.109475781332619
"PPIG",0.109281513051834
"WDR19",0.108928134434136
"LMNTD2-AS1",0.10892698262753
"MRPL50",0.108889041013171
"DHX15",0.108842173994097
"RPL34P33",0.108779162707585
"JMJD1C",0.108740709064785
"MED7",0.108622245714776
"IQSEC3",0.108453805828121
"DPEP2NB",0.108392043506146
"RNASE2",0.108008835494974
"PTP4A2P2",0.107833575883781
"UBBP5",0.107826324457874
"TFAP2E",0.107699696531833
"UQCC4",0.10759842632003
"NPTN-IT1",0.107545699165067
"AHCY",0.107454117935765
"MRPS30-DT",0.10739517839204
"STX10",0.107395016091551
"ECSIT",0.107337128177291
"RPL21P120",0.107320661973119
"PIGU",0.106910587976857
"CD58",0.106813700864688
"PPP1R12A",0.106804906199864
"DYNLL2",0.106640856447605
"OR1I1",0.106462901034196
"FBXO30",0.106311168582854
"DHX30",0.106154107282722
"PDS5B",0.106102091111012
"MALT1-AS1",0.106083789050342
"DUS4L-BCAP29",0.105744678691942
"RBM14",0.105651762044396
"MBTPS1",0.105424001297234
"DDX19A",0.105412329211753
"HNRNPA1P57",0.105204668068673
"SNORA53",0.104984150376279
"DCX",0.10483475253394
"M1AP",0.104814462369563
"MRPS5",0.104804679271566
"DHRS4-AS1",0.104764455101219
"EPRS1",0.104666527330653
"ARGLU1-DT",0.1046605490134
"RNU6-565P",0.104605776680036
"CNPY3",0.104523403555988
"LINC01363",0.104334611081515
"SDK1-AS1",0.104093932815925
"DISP1",0.104061729008119
"RPSA",0.103948146203972
"INTS6L",0.103896389513285
"GOLGA6L6",0.103765428437252
"CGAS",0.103528531853369
"LYAR",0.103437160812879
"RPS27P23",0.103384557193976
"COX7BP6",0.103301570784285
"VN1R7P",0.103301570784285
"H2AC8",0.103264675948678
"SRPRA",0.103172095089382
"KLRG1",0.103116635165873
"TMPO",0.102756541933499
"HSPA8P5",0.102722797587049
"HMGXB4",0.102638812063507
"FAM162A",0.102407211185605
"ERVK13-1",0.102382348592298
"RPS27P9",0.102332636149891
"RAB18",0.102287907956927
"PTCH2",0.102067571351038
"SIN3A",0.102044598927454
"TRAPPC6A",0.101865477549676
"HNRNPC",0.10179517769895
"EEF1DP1",0.101722681558583
"IDUA",0.101404809535467
"SEPTIN11",0.101373297954024
"GOSR1",0.101098319606492
"NAA40",0.101089786068359
"LINC02285",0.10101141131724
"SMAGP",0.100872598369963
"MBD2",0.100855178296234
"CXCR4",0.100799128797182
"PPP2R3C",0.100668644462984
"ARHGAP24",0.100643225739693
"ARL17A",0.100385659372529
"RFX3",0.100364340394098
"SNHG7",0.100198188029683
"EIF4A1P10",0.100160395832143
"LPIN2",0.100140478486303
"CHD5",0.100104649440136
"SPTBN1",0.100086181563077
"BDH1",0.100065750000334
"CFAP300",0.100049699297872
"RPL7AP30",0.0999675920277904
"PPEF2",0.0998617413579508
"VDAC1P5",0.0995811973564629
"CRK",0.0994995441041111
"LIPN",0.0994965355230816
"ZNF691-DT",0.0993951831616631
"RBM8A",0.099343788098805
"SFXN2",0.0992218039109011
"STK38",0.0989923254546477
"FAM3C2P",0.0989135873685848
"LINC02987",0.0988519670554438
"HMGN2",0.0988507705640651
"RAMAC",0.0987701305366296
"FAM110D",0.0987661930233598
"GABPA",0.0987085177699764
"EIF1P3",0.0984171040411963
"SFT2D2",0.0982790791835585
"CYYR1",0.0981659185312358
"TINAGL1",0.0981593536904057
"KANSL1L",0.0979258886441935
"PRPF40A",0.0978864551404772
"GRAMD4",0.0978687489976089
"TCEAL1",0.0977325844777575
"C1orf174",0.0976841233401105
"TRIM29",0.0975774791249301
"DANCR",0.0975710486702724
"CCDC117",0.0974058536416364
"LDHAP5",0.0973995536624804
"RNU1-78P",0.09720675140263
"HMGN2P7",0.0969554172186135
"WDR38",0.0969379326831308
"PIP5K1C",0.096893686067837
"REST",0.0968037656703111
"CDKN1B",0.0967835182861661
"NANOS3",0.0967746182999715
"DYRK3-AS1",0.096719025156986
"GRIPAP1",0.0965993044144013
"COG8",0.0965979880720837
"XIAP",0.0965488227278981
"ARK2N",0.0965262047687044
"BRD2",0.0965116885529674
"HARBI1",0.0962772772275614
"SMARCE1P1",0.096242317510422
"HCN4",0.096242317510422
"STARD6",0.096242317510422
"ATP11AUN",0.0962241654855773
"MAP3K4-AS1",0.0960863002556268
"RPL21P18",0.0960336449031153
"PEF1-AS1",0.0959662019179729
"GREB1",0.0957682436410103
"MPP7",0.0957680458252606
"FAM168A",0.0955686394084642
"MS4A4E",0.0954265070637762
"A2ML1-AS2",0.0954193919237817
"CUTA",0.095313520132615
"CCNB2",0.0952183017007801
"MATR3P2",0.0951006091842321
"RPL21P129",0.0950505244265376
"PPIAP42",0.0950220399216793
"PDE11A",0.0949472865358846
"DRAM1",0.0949413877008714
"SPRR2F",0.0949299358316694
"HDGF",0.0948999050391726
"MACC1",0.094869913945838
"ARF4",0.0947934163377935
"LGALS8",0.0947746508296962
"PICART1",0.0947394858686143
"EDEM2",0.0945496497431924
"RPS28P4",0.094434055652702
"ELMO1",0.094360855070655
"TUBGCP2",0.0943105671714406
"STEAP3",0.0942844150884704
"ZNF653",0.0940997193431171
"NMT1",0.094049907493276
"NCKIPSD",0.0936854411663098
"CYP2F1",0.0936404816407793
"SHROOM1",0.093499848717238
"ZXDA",0.0932340057832661
"SPEF2",0.0931969417759281
"OTOP1",0.0931713495638798
"NFKB1",0.0931442467140157
"LYRM7",0.0930572104763858
"YWHAZP3",0.0929303605936929
"LAMA1",0.0929269200959341
"GGT5",0.0928515397647217
"RPS2P48",0.0927964228204986
"ARFGEF1",0.0926878861829166
"CSTB",0.0922571651962801
"TDG",0.0921014604103557
"MKRN8P",0.0918111970424237
"TFAP4",0.0918108088963492
"ATP6V1F",0.0917918008383627
"C6orf47-AS1",0.0917392112989725
"CCDC183",0.0916198629709336
"RN7SL306P",0.0915761253554169
"OXA1L-DT",0.091550365943238
"FBP1",0.0914059438803839
"CCDC126",0.091397668745104
"ZNFX1",0.0912758972025176
"SLF1",0.0912627383273226
"RRAGA",0.0909329835185327
"DCAF7",0.0908941797312974
"RDH13",0.0908791251650033
"DPPA3",0.0908695511149289
"PLIN4",0.090763476304713
"FRY-AS1",0.0907449599869899
"S100A11P1",0.0907301982588943
"SSR2",0.0906658522109039
"C17orf58",0.0906574156068013
"PHF5AP3",0.0906032695675832
"SMG5",0.0902231117153809
"NARS1",0.0901109476271481
"UBE2V1P2",0.0899374428336063
"RMC1",0.0898992049492743
"TNFRSF19",0.0898569523136031
"TMED3",0.0898408265047324
"OCEL1",0.0897473460776082
"OR2M4",0.0897048628071252
"LINC02517",0.0897048628071252
"LINC01602",0.0897048628071252
"UBQLN4P1",0.0895429299244756
"ZBED2",0.0895270744271816
"BMP2K-DT",0.0895240823238975
"NSD1",0.089330124960705
"ACTG1P23",0.0892635705781459
"EXOSC2",0.0892369484774219
"NAA30",0.0891545642117578
"GNL1",0.088881457080871
"PRRC2A",0.0888443142711008
"IPO7",0.0887395147874441
"SLC66A3",0.0884706821589275
"RAD17",0.0884476657241284
"RPS4XP8",0.088397592618447
"CTNNAL1",0.0883858904051062
"SDHDP2",0.0882284231361608
"KLHDC2",0.088126131232183
"BLOC1S6",0.0880628464348458
"TMF1",0.0879648496197608
"GLTC1",0.0879448809982796
"PPIP5K1",0.0879214684792508
"RPS15AP40",0.0876984958087726
"HNRNPRP1",0.0876984958087726
"RN7SL846P",0.0876984958087726
"XRCC6P1",0.0876984958087726
"GGH",0.0875591294286001
"EIF4A2P4",0.0875411588715433
"ADCK5",0.08747652451538
"TMEM254-AS1",0.0874213893092048
"ZNF221",0.0871954680605758
"SPATA13",0.0871362948460215
"CUL5",0.087104713742653
"ACTBP12",0.0870305669339913
"SLC35E3",0.0870195288491568
"SLC9A9",0.0869094643844931
"HCRTR1",0.0868944987619247
"PMPCA",0.0868511331330988
"SNRNP200",0.0867500351070724
"RPTOR",0.0866491435731643
"HSD17B8",0.0865497856283343
"COMT",0.0864921236638449
"GAS7",0.0864689746733945
"BANF1P4",0.0864204484177897
"HGSNAT",0.0864171203635377
"DROSHA",0.0863208061789785
"VPS35",0.0861321106512258
"ARFIP1",0.0860676452209204
"SACS",0.0859751962052598
"PLXNA1",0.0859266533215075
"WWC2",0.08587988822062
"MRPL30P1",0.0857999010646106
"F8A2",0.0857787660643817
"RRM1-AS1",0.0857732205925558
"B4GALT4",0.0856267705393908
"H3P47",0.0855591964715118
"NUMA1",0.085337891825409
"RPS10P28",0.0851994024243572
"ELOCP20",0.085135906067087
"MORF4L1P3",0.085135906067087
"TRIM7-AS2",0.0851214423271632
"DOK7",0.0847805465956419
"HELZ-AS1",0.0846010215533377
"RPL21P125",0.0845338527375887
"UBR3",0.0845234169302776
"ARHGEF9",0.0842998926272742
"PPFIA2",0.0842606956557856
"GPR173",0.0841969311529718
"AGAP4",0.0841648115615781
"FOXJ2",0.084159041446563
"FAM156B",0.0841315957944375
"ESRRAP1",0.0839524804206266
"SEPHS1P6",0.0839040053685273
"ACTN4P1",0.0839040053685273
"POLM",0.0838724511704951
"RING1",0.0837688705132538
"RN7SL3",0.0836586963545361
"LINC00837",0.0836213507502229
"TAB3",0.0834438525571454
"MRC2",0.0833842391128037
"ARHGEF1",0.0832176421588001
"MKNK1-AS1",0.0831303790404906
"ACIN1",0.0830474263743694
"SAP30BP",0.0830046691154136
"LINC01115",0.0829801667412604
"H3P13",0.0827708806616096
"PBX2",0.0827693558308647
"KRBOX5",0.082695914228657
"SAPCD2P3",0.0826830242237432
"JAML",0.0826749878584052
"RPL7P58",0.0825407557081513
"SPPL3",0.082435911054054
"PGK1P1",0.082363706815815
"TMEM176A",0.0819648559607874
"CTH",0.0819030344708409
"MIR339",0.0818394923407578
"RAB1AP1",0.0816554609628394
"PSMD7-DT",0.0816128084507351
"MANBAL",0.0815767074343225
"HAPLN2",0.081356616016211
"KCNA1",0.081356616016211
"H1-10-AS1",0.0811666344651187
"TRIM41",0.0811030118143888
"CYFIP1",0.0811007860733061
"PPP3R1",0.0810411943834453
"TMEM170A",0.0807285029342479
"LINC00607",0.0806668044279151
"PCYT1A",0.0805965585558376
"PSMG3",0.0805883411987132
"KLHL5",0.080502088087966
"RPL23AP59",0.0804701149322508
"REPS1",0.0804541825218375
"GBF1",0.0803118083330336
"SHANK3",0.08017587650177
"SMG1P4",0.0801702694448578
"RPL7L1P14",0.0801588207146074
"PAPOLA-DT",0.0800450193803228
"PPIAP35",0.0799438696098023
"BDP1",0.0799407083175843
"LTB4R2",0.0798659003199664
"ATP9B",0.0797957188373206
"PRPF31-AS1",0.0797502634736469
"YWHAZP4",0.0795663970662764
"TSPAN32",0.079552927142988
"USP12",0.0794990179484171
"STOX1",0.079474043970398
"RPL13AP10",0.0793801066063136
"NOP56P1",0.0793043093592237
"SF1",0.079291241065211
"DRC12",0.0792481867824181
"ALOX5",0.0792281731121688
"POLE3",0.0791749534525587
"STYX",0.0788761677442013
"HAUS1",0.0787941381077921
"VPS52",0.0787875693957571
"NAGK",0.0787582228908852
"NECTIN4",0.0787540454403984
"P4HB",0.0786057834767532
"TAF9",0.0785438100189986
"CSF2RB",0.07850348210549
"NR1H2",0.0785021247007006
"INSR",0.0783967132576653
"RFTN1",0.0783769968338248
"EIF2AK4",0.0783433300151066
"SLC25A25",0.0783267523068045
"PTPRH",0.0782735851970509
"RPL21P53",0.0782012674847932
"HBS1L",0.0780801778621213
"TRIM7",0.077997557571192
"ICAM4",0.0779922444740028
"MBP",0.0779456819667228
"EEF1GP5",0.0778297496502952
"ALDH2",0.0778169455440311
"HAUS8",0.0777819844631014
"NOC2LP2",0.0776526029638759
"LINC02885",0.0776526029638759
"NGDN",0.0776351383228063
"RNU6-1199P",0.0776200337962857
"PSMC2P1",0.0775883291965026
"PUS1-AS1",0.077465460209055
"SCAP",0.0774543789819215
"RFT1",0.0774188266022784
"SEPTIN7",0.077385548990743
"COX6C",0.0772895461789953
"GOLGA8Q",0.0771643453091582
"EDC3",0.07716297374012
"C15orf62",0.0771412483140417
"FBXO31",0.0771015637836708
"EEF1A1-AS1",0.0770426612751303
"HMGN2P21",0.0768864787639851
"SNRPEP4",0.0768193437744578
"ZC3HC1",0.076760640570329
"RPS13P3",0.0767369082099976
"ARHGEF34P",0.0766922219653375
"CARMN",0.0765377560184218
"LNCTSI",0.0765280711230057
"COX14",0.0764876685773577
"SRSF12",0.0764590557214247
"KIF1B",0.0764112197729436
"NOC2L",0.076366038527851
"PDCD6",0.0763304829597227
"LRRC8A",0.0763144358889018
"NOL9",0.0763130030654933
"PAF1",0.0762950460316739
"JAK3",0.0762677098660515
"FZD10-AS1",0.0761816394379189
"TRIM22",0.0761593376578646
"GOLGA6L25",0.0758806054415736
"ARHGEF38",0.0758794577188934
"AMER2",0.0757144912290161
"MIR548O2",0.0757144912290161
"DDX60",0.0756277410153331
"TAS2R15P",0.0755721895939406
"SLC25A5-AS1",0.0755685711346254
"TMEM230P2",0.0755366182312678
"COX7A2L",0.0754918327112533
"KLHDC9",0.0754914722582141
"CLASP1-AS1",0.0754914722582141
"FGF12",0.0754914722582141
"OR9N1P",0.0754914722582141
"MPPED2-AS1",0.0754914722582141
"FRMD4A-AS1",0.0754914722582141
"ZNF696",0.0753903322702041
"GLB1L",0.0753697090729527
"TRPM7",0.0753092104098031
"PNRC2P1",0.0752630415208671
"CPNE2",0.0749349010991957
"FBXO7",0.0748834307100311
"ARMCX6",0.0748700699795817
"LINC01134",0.0748028465371714
"PHF19",0.0747401002755181
"ATAD5",0.0746772808764587
"LINC03050",0.0745650699769253
"SOCS6",0.0745039216641885
"CAMTA2",0.074482885140966
"OCIAD1",0.0744406864196542
"STPG4",0.074439371269072
"ZNF397",0.074421622347127
"SRP9",0.0743946099334838
"ANAPC1",0.0743413586151568
"TRAPPC2B",0.0743201199406425
"PTRH1",0.0742889102658547
"PRR29",0.0741467502600719
"PSMC1P3",0.0741199574374752
"TNFAIP8L1",0.0740835520373277
"SELENOT",0.0739965563239028
"KCNC1",0.0739499424902233
"DCAF11",0.0739004865732198
"TMEM184A",0.0738771234145052
"SLU7",0.0738087382259489
"LINC00334",0.0737731706166022
"XPO1",0.0737329862755566
"NDUFA4P1",0.0736032037211548
"NUP42",0.0735301987497828
"XIAPP1",0.0735072623387435
"NBEAL2",0.0735064013887421
"ZNF628",0.0734886966209892
"ACTG1P14",0.073453058494059
"ACTR2P1",0.0733084448433802
"FASTKD5",0.0732384360228336
"WIPI2",0.0730606497011432
"PUM1",0.073048678715874
"URGCP",0.0729688126553111
"PPP1R2",0.0729439316474426
"ACTN1-DT",0.0729418612907272
"TDP1",0.0727501348925066
"POLR2F",0.0726713951586833
"LINC01993",0.0726432938290696
"SNAI3",0.0725541732854775
"TMEM65",0.0725535632493678
"ARHGAP15",0.0725405340683749
"APC",0.072513233282049
"MSH5",0.0725087048596962
"JADE2",0.0723642717476734
"TMEM240",0.0721075622945482
"ACTG1P21",0.0721075622945482
"INTS6P1",0.0721075622945482
"GREP1",0.0720611397680523
"CLCC1",0.0718480828079352
"RAB7B",0.0716592101587853
"RBBP7",0.0713939249829995
"ARHGAP26-IT1",0.0712737918350742
"SLC12A7",0.0711734097020615
"FAAP20",0.0711699004579432
"PPP2CA-DT",0.0711686354240431
"SLC7A14",0.07110747096979
"CNIH1",0.0711071453685731
"SMIM7",0.0706764052254685
"HACL1",0.070656681236681
"FRAT1",0.0706334436738595
"ANP32E",0.0706004199910039
"CCDC47",0.0705148305999138
"SOBP",0.0703689178384172
"ZNF146",0.0703527734145851
"RNF38",0.070313404349257
"PURPL",0.07029192890319
"ANKRD31",0.0701518370005142
"ZNG1DP",0.0701516232567398
"ITGAM",0.0701138320625585
"LRPPRC",0.0700679475442053
"SDHD",0.0700170465908006
"ST3GAL6",0.069896724371792
"LINC01460",0.0697535251068036
"NEURL1B",0.0696767094296005
"TMTC3",0.0696264122096281
"DNAAF2",0.0695908130101958
"NDC80",0.0695789720556633
"NXT1-AS1",0.0694989344458298
"CIAO2A",0.0692923849360832
"MACIR",0.0690528840606251
"EIF4EP2",0.068899005395408
"DOC2A",0.0688588956088476
"RNF220",0.068831505133035
"CDCA3P1",0.0687286007855297
"CFLAR-AS1",0.0687127542054792
"ANP32B",0.0685103656548602
"RSPH3",0.0684675428514113
"TAL2",0.0683735875739791
"GTF3C2-AS1",0.0683720383552288
"MTIF3",0.0683501297444159
"CCDC14",0.0683224546097458
"RTN4RL1",0.0682258564240442
"LINC02093",0.0682258564240442
"LINC00457",0.0680011342552409
"ARHGEF11",0.0679498159516661
"ABALON",0.0679313288201904
"ACP1",0.0678453294274537
"SLC16A1-AS1",0.0677038178120406
"EFCAB10-AS1",0.0675863753233869
"BPTF",0.0675728888801842
"LAMTOR3",0.0674983572175283
"RNU4-21P",0.0674834106095422
"PFKL",0.0674502470856132
"DUSP10",0.0672727055307173
"MBD1",0.0672375825295115
"LINC02422",0.0671368345900016
"CTR9",0.0669370097206043
"LGALS9C",0.0667793542014376
"MED11",0.0666603755318723
"TAX1BP1",0.0666355545595652
"H4C2",0.0665523529006297
"EFNA2",0.066538066443589
"YPEL4",0.0664269412240874
"SRP54",0.0663079771122377
"ZDHHC12-DT",0.0661898722249086
"FCER1G",0.0660527155017038
"CDC40",0.0659405171165755
"RP1",0.0657560729810645
"RPL17",0.0655223664418452
"MFNG",0.0654041333717694
"BAZ2A",0.0653816416975648
"PIK3CD",0.0652392172584654
"MARK4",0.0651539118640743
"BAG2",0.0651461132123742
"MRS2",0.0650730322942601
"C6orf132",0.0650402618736448
"DUSP7",0.0649762268683042
"MASP2",0.0646831781586206
"ARHGAP42",0.0646203256636205
"NCBP2-AS1",0.0643126499396597
"SOX6",0.0642570318466946
"LINC02273",0.0641131012493261
"PP2D1",0.0640946777797087
"UBE2K",0.0639228409796972
"ADO",0.0637798831685733
"MBTPS2",0.0635561960813121
"HLA-DOA",0.0635152297517621
"ERLIN2",0.0633734522155717
"SRCIN1",0.0633200114867449
"ST13P7",0.0632658247112226
"AP4B1",0.0632607873105045
"LINC02211",0.063123189050127
"NUFIP1P1",0.063123189050127
"NXPH4",0.063123189050127
"CNOT7P1",0.0628944022941732
"SNX7",0.062720570577326
"SETP14",0.0627110187616865
"TMEM167B-DT",0.0626807335240305
"OSTCP4",0.0624503757165318
"ENOSF1",0.0624099724765254
"GPR89A",0.0623649786526042
"SYNJ2BP",0.0622063849129472
"KIFC3",0.0620149594876227
"POM121C",0.0620053486679375
"TTN-AS1",0.0618753065867849
"HSDL1",0.061874510768598
"MED28",0.0618202276266453
"FADD",0.0618109478916604
"EPB41L2",0.061756288461612
"LINC02436",0.0617019756043984
"HFE",0.0616299679292175
"UBE2Z",0.0616283731213822
"LAGE3P1",0.0614931595206563
"NRROS",0.0614740185527973
"SLC12A2",0.0614627796136857
"SDC3",0.061194728529418
"SAE1",0.0610674152504597
"CCDC171",0.0609881375042002
"ATP1A1-AS1",0.060960114440339
"DDX59",0.0608872319162538
"ATG10-IT1",0.060827640235435
"NCOA7",0.0608230606120478
"SNORA59A",0.0608055088760912
"BCL2L2-PABPN1",0.0608055088760912
"LIVAR",0.0608055088760912
"PSMD2",0.0607883057648622
"GAPDHP38",0.0607292607828286
"EEF1D",0.060689544049823
"CCEPR",0.0606504759869634
"OGFOD1",0.0605979119656855
"RPL29P33",0.0605616827095491
"EEF1B2P2",0.0604732350172735
"PRKACA",0.0604519860634647
"CASC11",0.0604500851423071
"SETD7",0.0603853691009997
"YJU2B",0.0603098285206721
"SLC38A11",0.0602947062066215
"LINC00487",0.0602947062066215
"MAT2AP1",0.0602947062066215
"LINC03066",0.0602947062066215
"COL4A6",0.0602947062066215
"NOVA1",0.0600675049959841
"BRPF3-AS1",0.0600598303123739
"TMEM175",0.0600569199123297
"TMEM256",0.0600422223661573
"TRMT61A",0.0599802964748555
"PAPLN-AS1",0.0599262411619965
"SPATA6L",0.059897114165172
"SH3BP1",0.0597975533617504
"TMEM183A",0.059769441729024
"SNUPN",0.0596470407267065
"NENF",0.0595980570568892
"DTX3",0.0595594545848074
"TP73-AS3",0.0595153436547926
"IFTAP",0.0594075008998904
"KIF3A",0.0591820487606404
"SLC2A12",0.0590581095148817
"LRRC58",0.0589738423510283
"SEMA3G",0.0589000177158259
"FMR1",0.0588607049419043
"NBPF17P",0.0588525283485725
"DPP4",0.0586864252844771
"SUPT20HL2",0.0586515909080493
"GRAMD4P3",0.0586515909080493
"GEMIN5",0.0586251911694661
"ZNF707",0.0584991403696691
"RPL37P11",0.0584793832049707
"CDC27",0.0582369398903216
"CRYBB1",0.0581112940322065
"PLK2",0.0580889969533181
"RPL9P14",0.0580220206149117
"MIR328",0.0580220206149117
"ZFHX2-AS1",0.0580187433640051
"RNU6-1094P",0.0579879880738098
"TXNP6",0.0579879880738098
"CDY3P",0.0579879880738098
"UVSSA",0.0579593615200962
"GBGT1",0.0579481115395973
"CMKLR1",0.0578145632189818
"DUS1L",0.0577715256251581
"TRAF4",0.057615557585379
"CASC19",0.057609356262031
"SMPD1",0.0575347733416976
"SPEN-AS1",0.0574240584950025
"CPEB2",0.0574040935568906
"MTCYBP35",0.0572809199710595
"RPL5",0.0572291459715935
"LINC03067",0.0572273071854806
"CDKN3",0.0572182195750674
"PPP6R2",0.0571314677702168
"RPE",0.0571252782240784
"HADHA",0.0570862840381307
"YIPF2",0.0570778682717484
"UGT1A6",0.0570051609842449
"TMEM88B",0.056988471021756
"ALDH7A1P1",0.0569308268625706
"LPIN1",0.0568393042734701
"F10",0.0567799233167535
"TCP1P3",0.0567583732712455
"PRIM2",0.0567342605756243
"CDC26",0.0567336763686987
"HUWE1",0.0567289190066629
"MTR",0.0567212721412949
"XRCC6P2",0.0567191358414034
"SIDT2",0.0566749792739052
"OAZ2",0.0566479724004174
"ZSWIM4",0.0566205116726068
"LINC03019",0.0565406454675613
"HSPB2",0.0565406454675613
"SF3B3",0.056509004686285
"PDE12",0.0564122689935541
"SYNRG",0.056398513561767
"DBNDD2",0.0563421718539355
"LDHBP1",0.0563369809968954
"HACD4",0.0560091905813947
"BAIAP2",0.0559261741296948
"RPL13P6",0.055907960963895
"DKC1",0.0558851204109909
"ASAH1-AS1",0.0558328632557288
"PPIAP74",0.0558327723278003
"USP50",0.0558061010033262
"RPL13AP14",0.0558049746144816
"KIF20B",0.0557897679237526
"MED1",0.0557843875841064
"LINC02811",0.0557667672929399
"CCDC59",0.0557564238366759
"MCUR1",0.0557167553377313
"MYOSLID-AS1",0.055553093492008
"C11orf54",0.055515784232263
"BNIP5",0.0554282612371703
"GATAD2A",0.0552502616286177
"FEZ2",0.0552245249301491
"SUMO2",0.0552131595589772
"HSPE1P8",0.0549931337511108
"HOXD3",0.0549931337511108
"RNU6-232P",0.0549931337511108
"LINC02213",0.0549931337511108
"CBX3P7",0.0549931337511108
"LINC02096",0.0549931337511108
"CYP2A13",0.0549931337511108
"DGUOK-AS1",0.0548208163392707
"CNPY2-AS1",0.0545913031124608
"HNRNPF",0.054588126012838
"CTBP1-AS",0.0545323656187396
"ARHGAP27",0.054463156804692
"LEMD1-AS1",0.0543295330482767
"CCDC88B",0.0543225433986482
"TRMT112P6",0.0542331352400384
"ARPIN",0.0542003950949488
"S100A13",0.0541918220817211
"PNO1",0.0540055014606996
"MAP3K2-DT",0.0539869800320907
"HDDC2",0.0539857632038759
"HMGB1P12",0.053981889723665
"ACE2",0.053981889723665
"MIR148B",0.053981889723665
"ZACN",0.0539720429879921
"WDR45",0.053930306839258
"SPINT1",0.0538874491920701
"CCDC61",0.0537146672011743
"MTCO3P24",0.053394970860195
"RPS24P18",0.053394970860195
"CHMP4B",0.0533226739522348
"RPS10P10",0.0532749457251525
"PLAAT5",0.0532749457251525
"CNN2P7",0.0532749457251525
"MED4",0.0532571461002115
"CCDC25",0.0531910566536062
"SERPINB6",0.0531217785827777
"ARHGEF10L",0.0528944118899267
"ARL4AP5",0.0528330700088564
"ASPN",0.0528202050821127
"PCF11",0.0527746651355756
"DDX18",0.0527660083770999
"GRK5",0.0526436915135018
"CYYR1-AS1",0.0525975726442407
"FSTL1",0.0524110297337881
"GMPR2",0.0523991458562707
"SURF4",0.0523889881664347
"NEK7",0.0523888532276115
"FUNDC2",0.0523847814751748
"BRAT1",0.0523546462428951
"KLHL6-AS1",0.0523415247825721
"RRAGAP1-AS1",0.0522360140593575
"DIRAS2",0.0522184935104544
"LINC02252",0.0522184935104544
"ZXDC",0.051924361619824
"CHMP1B-AS1",0.0518839587870447
"PCAT7",0.0518402009435066
"R3HCC1",0.0517797663312841
"ZNF10",0.051767824992446
"GRAMD1A",0.0517157352517324
"LNCPRESS1",0.0515870353118353
"RNF215",0.0515669094153023
"MVK",0.0515560864723235
"HSPB6",0.0515280346848835
"ERI1",0.0514764234223436
"DNAJB14",0.0513702186720507
"LINC02281",0.0512151535738178
"TEX19",0.0512151535738178
"LINC01834",0.0512151535738178
"DOCK8-AS2",0.0511907692252546
"TEKTIP1",0.051189509933025
"RPS5P8",0.051167794292229
"RPS7P3",0.0510933671479213
"GPAT4-AS1",0.0510494768618889
"FZD4",0.0510430043315461
"THRSP",0.0509422799033095
"FIP1L1",0.0509349589008876
"DERA",0.0508697132556361
"FHL1",0.0508011856119918
"IL22RA1",0.0506903994167935
"SRSF3P4",0.0506903994167935
"NAA50P2",0.0506903994167935
"ECM1P2",0.0506903994167935
"MTND2P12",0.0506903994167935
"SFI1",0.0506873251162253
"SPCS3",0.0506743835998987
"MMP16",0.0506519089366544
"BCAS3",0.0506368039308862
"BCAS2",0.0506225453899717
"SLC25A45",0.0506097934661852
"STAG2",0.0505312345408553
"MXRA7P1",0.0505043800213878
"TARS1-DT",0.0504636120272971
"ERP29",0.0504620215679251
"SLC25A5",0.0504452426954519
"LINC01089",0.0504080869473126
"RPS8P11",0.0503813942707895
"ARPC4",0.0503781568726822
"FOSL2",0.0502805236076761
"IRF6",0.0502023730718904
"ADAD1P1",0.0502023730718904
"FAM204DP",0.0502023730718904
"RPL13AP16",0.0500382256700619
"EXTL3-AS1",0.0499922761928635
"LINC02733",0.0499692808767298
"PPP1R13B",0.0498851656590265
"MIR4280HG",0.0497553225125784
"CPSF4L",0.0497122920332509
"RPS10P2",0.0496918413695164
"CCDC74BP1",0.0496495358051227
"TVP23C",0.0496085843756515
"RTN2",0.049545447385147
"ETV2",0.0495109960566654
"SLC6A2",0.0494782339941107
"MS4A6A",0.0494349472873893
"CLEC11A",0.0494155019355285
"SLC26A1",0.0493997597567461
"C22orf15",0.0493528175458067
"LINC00336",0.0492151246470757
"FERP1",0.0491717041146524
"NRG3",0.0491018568124573
"LINC00882",0.0490279864693333
"ADGRB3-DT",0.0490279864693333
"SPRY4",0.048972229189554
"TAPBPL",0.0489568750810871
"H3C15",0.048951165744445
"STON1",0.048951165744445
"HMGB1P42",0.048951165744445
"KCTD2",0.0488453593872787
"MTCYBP28",0.0487425685702619
"LELP1",0.0487372670943059
"LINC00942",0.0487372670943059
"RPL7AP42",0.0486290743228531
"XAB2",0.048600291819687
"RNF167",0.0486002347646739
"SOCS5",0.0485485760097932
"UBA52P5",0.0485394218787279
"RCHY1",0.0485055146053517
"FXYD5",0.0484780875106065
"SLC52A1",0.0483795196694257
"SFXN4",0.0483462730085128
"SURF2",0.0483362935928384
"LINC02437",0.0483165622073934
"RAI14-DT",0.0483165622073934
"RN7SL128P",0.0483165622073934
"TFAP2A-AS1",0.0483165622073934
"APOC4-APOC2",0.0482746901025414
"PECR",0.0482676134727966
"RTF1",0.0482612896696507
"TBC1D31",0.0481724294687466
"NSUN2",0.0481378071016046
"FSCN2",0.0480949454907541
"KLHL22",0.048055523615285
"ARL5A",0.0480251345139
"RGS2",0.0479647193671635
"APEX2",0.0479577564084222
"MYO1B",0.0479427670950152
"LINC02974",0.0478883857530822
"UFL1",0.0477633790937215
"KLC2-AS1",0.0477039103730667
"AKAP8L",0.047507484808126
"LINC00683",0.0474743827538381
"FAHD2A",0.0474332791863008
"FTH1P5",0.047352013052064
"AUTS2",0.0472022096109618
"WHAMM",0.0471078657767206
"HCP5",0.0469415647916278
"LRP11",0.0469016515794698
"C9orf40",0.046858749388377
"RN7SL552P",0.0468541100928041
"RN7SL751P",0.0468160093429925
"PCDHB6",0.0467917906022273
"RN7SL317P",0.0467917906022273
"RBISP5",0.0467578721543116
"IKBKGP1",0.0467578721543116
"OR52E5",0.0467578721543116
"RPL32P27",0.0467578721543116
"TMEM235",0.0467578721543116
"CD44-DT",0.0467001125713145
"TMEM231",0.046608587603255
"SLC19A3",0.0465884179033677
"ABHD3",0.0465635367129874
"SOX5-AS1",0.0465508244203797
"MYO9A",0.0465506794239873
"DCTN1",0.046518994384572
"CIAPIN1",0.0465086781381968
"SECISBP2",0.0464945072043174
"F11-AS1",0.04648299952976
"OR10G3",0.04648299952976
"PKD1L2",0.04648299952976
"CD34",0.0464192555074934
"SRP9P1",0.0463453304158528
"NOS1",0.0463290344463711
"SCAT2",0.0463257883455385
"IGF2",0.0463007107732035
"STBD1",0.0462431147247916
"TARDBP",0.0462250151515486
"TRMT1L",0.0461609417582471
"SETBP1",0.0461169418077156
"LINC01346",0.0460906185741997
"RPL17P16",0.0460906185741997
"MTND4P5",0.0460906185741997
"SYNPO2L",0.0460906185741997
"HS3ST6",0.0460906185741997
"VSTM2B-DT",0.0460906185741997
"ACSS1",0.0460617029711496
"QSOX1",0.0460403076479523
"LINC00648",0.0459311151961894
"CD276",0.0459214858665372
"NINJ1",0.0456101408910068
"RPS12P3",0.0455754253756481
"RPS2P15",0.04552224205255
"C2orf78",0.04552224205255
"PCDHB5",0.04552224205255
"GAGE1",0.04552224205255
"PSMD4P1",0.04552224205255
"SUSD5",0.0454948825858092
"PKMP1",0.0454798637197501
"MIR4307HG",0.0454674151626963
"RPL6P3",0.0454487378255842
"CCDC24",0.0453723255291601
"TLNRD1",0.0453262849535591
"UCK2",0.0453206983232833
"HLA-DQB3",0.0452958001327905
"TUBAP12",0.0452958001327905
"RNU6-708P",0.0452958001327905
"CAPN10-DT",0.045291597664689
"RPL6P10",0.0452857248169856
"ZBTB8B",0.0452274340546311
"LINC02606",0.0452263088997663
"RN7SL622P",0.0451815248623273
"ATP5F1AP2",0.0451718400896012
"PRSS3P4",0.0451718400896012
"LINC02873",0.0451718400896012
"CIMIP4",0.0451718400896012
"PLXND1",0.0451422944909537
"CERS6-AS1",0.0449766127120561
"C2orf50",0.0449730617992175
"SLC7A7",0.0449675786303351
"RPL13AP23",0.0449072289474878
"DCST1",0.0448500005449378
"EEF1DP5",0.0448500005449378
"ZNF491",0.0448500005449378
"CDK17",0.0448479323503916
"LINC01776",0.044846328284651
"H3P8",0.044846328284651
"RPL35AP21",0.044846328284651
"SLCO1A2",0.044846328284651
"KCNJ16",0.044846328284651
"EPHX4",0.0447654038402575
"WDTC1-DT",0.0447654038402575
"HSP90AA5P",0.0447654038402575
"LINC01900",0.0447654038402575
"PPIAP1",0.0447654038402575
"NFYB",0.0447646826907534
"ABHD17AP6",0.0446691034595097
"ZNF98",0.0446455235311169
"SCGB3A2",0.0446208547115075
"ZNF426-DT",0.0446208547115075
"CSF2RBP1",0.0446208547115075
"PLRG1",0.0444794740924953
"RPL12P17",0.0444116737189332
"PNKP",0.0443691026159434
"COX6B2",0.0443559746070236
"KANK4",0.0443408475103568
"FAM153A",0.0443408475103568
"H3C6",0.0443408475103568
"HIGD1AP5",0.0443408475103568
"MRPL23-AS1",0.0443408475103568
"ARHGAP19-SLIT1",0.0443408475103568
"PTMAP3",0.0443408475103568
"ZNF728",0.0443408475103568
"APP-DT",0.0443408475103568
"CASP9",0.0442271464387625
"FTLP15",0.0441401789934036
"NANOGP4",0.0441401789934036
"LYPD4",0.0441401789934036
"RPS19",0.0440336071482958
"RPL37A",0.043956284282581
"PPP1R13L",0.0439328581885471
"DDR1-DT",0.0439230830641003
"CEP290",0.0438931000520195
"LIPT2",0.0438286311386093
"CIMAP1B",0.0438226299532594
"SIRPD",0.0437732711768756
"NDUFB4P12",0.0435973530987969
"HIF3A",0.0435838195877795
"RN7SL140P",0.0435750515895881
"DDX3P3",0.0435750515895881
"ATCAY",0.0435750515895881
"LINC01378",0.0435720455158906
"GSTK1",0.0433767736010517
"ERG",0.0433494157554448
"TBC1D2",0.0433011349695149
"LINC01189",0.0432501211381171
"MIR623",0.0432501211381171
"PPIAP70",0.0432413513644189
"UBE3D",0.0431928447115658
"RNU6-722P",0.043135496589131
"LINC00608",0.0431284249956292
"RNF2P1",0.0431284249956292
"RN7SL391P",0.0431284249956292
"DCXR-DT",0.0431284249956292
"ARG1",0.04305660855788
"PLCB2",0.0430520834108888
"ZFHX3-AS1",0.0429948938972305
"PURB",0.0429716874732001
"RPL10AP6",0.0429465487203678
"GGCX",0.0429380260689674
"RPL10AP2",0.0429212852352151
"RN7SL296P",0.0429165672496198
"RPL18AP16",0.0429165672496198
"EMX2",0.0429165672496198
"TBX3-AS1",0.0429165672496198
"ARAP2",0.0428652897567978
"MAT2B",0.0426283788313912
"TMPRSS9",0.0425986451753897
"CFH",0.0425798073492593
"UBC",0.0425631866933301
"TFB1M",0.0425448715908927
"SNORA1B",0.0424625030271983
"C19orf44",0.0422781415159863
"TCF7L2",0.0422778836858674
"LYRM4-AS1",0.0422049159480171
"RBMS2",0.0421123384901898
"GLG1",0.0418346233586916
"GTF2F1",0.0416588229958205
"IER3-AS1",0.0415993545303087
"TBCD",0.0413145361965578
"LINC00621",0.041305806311531
"SLC30A10",0.0412984102083005
"NPM1P27",0.0412285155919674
"LMF2",0.0410890272680288
"SLC38A2",0.041045838035754
"RNU6-17P",0.0409870698082823
"ZNF362",0.0409490340398084
"MIR4260",0.0409483265292942
"GPR160",0.040931675849307
"STAG2-AS1",0.0408279566075601
"SRRM1P3",0.0406801477297697
"HASPIN",0.0406543372289372
"CHFR",0.0406511476801475
"C1QTNF2",0.0406260122047892
"LINC01836",0.0406260122047892
"PTPRA",0.0405541448842719
"ICMT-DT",0.0404432012071686
"EPB41L4A-AS1",0.040441657911065
"MIER2",0.0404052494602691
"HMGA2",0.0403561783181296
"GDI2P2",0.0403090327576327
"SETD5",0.040256018240938
"LINC02734",0.040215232054489
"C10orf95",0.0402058760766392
"SYT17",0.0401953345247431
"LINC00658",0.0401951100625782
"PGDP1",0.0401869054201138
"C8G",0.0400871381067895
"ARPP21-AS1",0.0399851690284397
"CXCL1P1",0.0399851690284397
"RNU6-402P",0.0399851690284397
"HINT1P1",0.0399851690284397
"RPL35A",0.0399090012181304
"RNF103",0.0398927881964534
"STIP1P3",0.0398489082795486
"IL24",0.0397583498978265
"UPP1",0.0397360627176092
"SIRT1",0.039698720493889
"ZNF776",0.0396822642568014
"ZDHHC7",0.0395977086800629
"DTX4",0.0395960446687915
"RPL13AP5",0.0395932206954328
"SMIM12",0.0395906897373116
"ADIPOR2",0.0395737511262237
"NPM1P35",0.0394895095268331
"ASPHD1",0.0394511297532408
"HPN-AS1",0.0394437480896233
"RCOR3",0.0393917753715658
"PRDX3",0.0392236623937533
"RPS15P5",0.0391854819851365
"OR2A12",0.0391635505346027
"GOLPH3L",0.0390946223243623
"MAP4K2",0.0390646804002073
"H2BC8",0.0390570121043443
"EEF1A1P13",0.0388346000948906
"NUDT19",0.0387821619807941
"TMEM50B",0.0386079915543905
"GHET1",0.0386035388749085
"EIF3H",0.0386002473999902
"PALS2",0.0385611826670063
"CAPZB",0.0385503200606203
"MYH7B",0.0385031776102801
"SPEM1",0.038489488268
"GOLT1B",0.0384222862454285
"TBC1D1",0.0383520386855903
"SLC35C1",0.0382259429784901
"LINC01748",0.0382062811169313
"NFYC",0.0381238821169432
"H2BC7",0.0380417134092048
"SS18L1",0.0380399234377854
"SMG1",0.0380064296027602
"TMEM209",0.037958241231578
"ATP6V0E1P2",0.037886832803993
"MYC",0.0378608129861241
"NTAQ1",0.037854029504445
"N4BP2L1",0.0378471895080504
"MRPL3P1",0.0378443432405053
"ARIH2P1",0.0378443432405053
"ZNF8",0.0378339635230317
"RPS26P20",0.0377681619429372
"SPDYE19P",0.0377681619429372
"LINC00345",0.0377681619429372
"ARHGAP9",0.0377366897783191
"SLC25A26",0.037654192087452
"THNSL2",0.0376452078907287
"JPT1",0.0376405164401683
"FTSJ1",0.0376392440149905
"RP9",0.0376137462166439
"BST1",0.0376067900542492
"METTL25",0.0374534450575248
"SLC9A7",0.0373451666396258
"PDCD5",0.037333049675642
"VPS45",0.0372947724631717
"SPATA31D1",0.0371163046465438
"IRF8",0.037107148636075
"SLC46A1",0.0371020965892239
"HPGDS",0.0369731620900276
"SLC39A1P1",0.0369214967298175
"VEGFA",0.0368908436921992
"MED31",0.0368575928930386
"LINC00484",0.0368362250060408
"SMG9",0.0368190993862346
"ADIRF-AS1",0.0368166163956017
"ENTPD1",0.0367777029604942
"MIR5588",0.0367535497762395
"ZBTB8OSP1",0.0367535497762395
"LINC01507",0.0367535497762395
"RFX4",0.0367535497762395
"RPL7P44",0.0367535497762395
"SF3B4P1",0.0367535497762395
"EIF1P5",0.0366931988801309
"H3-7",0.0366568392463449
"ZNF492",0.0366422865047271
"TSPAN5-DT",0.0366419805975021
"PPFIA1",0.0365932724374437
"DEGS1",0.0365350197657103
"CHST2",0.036521931793298
"SPAG4",0.0365118501959172
"ZNF516-AS1",0.0364264952685057
"SEPTIN14P3",0.036412611949602
"RPS2P2",0.036412611949602
"HAP1",0.036412611949602
"GOSR2",0.0363366704387599
"PPIP5K2",0.0362412847337306
"SURF6",0.0362169865498686
"BAIAP3",0.0362105353228785
"WASHC5",0.0362010762756908
"RAD23B",0.0361901664621592
"ORAI3",0.0361289950212733
"CHD1-DT",0.0360488100920001
"MAP3K5",0.0360338998830597
"MCOLN2",0.0359893384518014
"TXNRD1",0.0359473176245177
"PHETA1",0.0357559809024556
"TRIM14",0.0357441379982254
"ATP13A3-DT",0.0356116707998044
"TNF",0.0355195970855835
"LETM1",0.0354904537067166
"TIGAR",0.0354604416481723
"OTULINL",0.035372176832387
"ARSB",0.0353436616767474
"ABHD17AP4",0.0352302268785338
"FTH1P2",0.0352298587869577
"CEP41",0.0350652778111954
"PA2G4P2",0.0350116373675619
"FKBP1C",0.0349926249474309
"CXorf58",0.03497932252866
"C1QB",0.0349780255367998
"DNAJB6P4",0.0349522994082306
"RNU7-19P",0.0349522994082306
"PIWIL2",0.0349522994082306
"RPL23AP75",0.0349522994082306
"ANKRD62",0.0349522994082306
"ZNF438",0.0349109267133988
"SUSD6",0.0348307076703096
"FTLP17",0.0348054668401533
"SDR42E1",0.0348054668401533
"IMMT",0.0348040984963127
"HMGN2P24",0.0347193795466329
"CDH12",0.0347193795466329
"OR14J1",0.0347193795466329
"NANOGNB",0.0347193795466329
"PDZRN4",0.0347193795466329
"RPL17P43",0.0347193795466329
"PPP1R27",0.0347193795466329
"LOXL2-AS1",0.0345996601265132
"MRPL45",0.0345904767822467
"PIGF",0.0344652893455153
"SNORD13E",0.0344337978184651
"CHST5",0.0343478881474303
"GLE1",0.0342889748151697
"AP1G2",0.0342017204417876
"LRIG2",0.0341625250094705
"ANKRD6",0.0341325315552128
"WDR83OS",0.0339844649787285
"BSN-AS1",0.0337716976112304
"RABGAP1L-AS1",0.0337209005859763
"GEMIN7-AS1",0.0336964052759279
"LINGO4",0.0336250530289222
"SNORA79",0.0336250530289222
"DYNC1LI1",0.0336142003119952
"DPY30",0.0335767739825599
"YTHDC1",0.0335734246215672
"HSPD1P1",0.0335473467784543
"COMMD6",0.0334773119828065
"BSN-DT",0.0334630098216778
"STPG2",0.0334063775160308
"ST7-AS1",0.0333988047442185
"MED6",0.0333949631562083
"MTCO1P2",0.0333412567605674
"POMK",0.0333131675627427
"RPS9P2",0.0333105721020509
"AP4B1-AS1",0.0330880480452102
"USP6",0.0330543809962916
"NOMO2",0.0328977132127511
"DAPK1",0.0328084475475478
"MOGS",0.0327278522630838
"MTND5P12",0.0325615917596879
"MRPL32P2",0.0325615917596879
"EIF5P2",0.0325615917596879
"SNF8P1",0.0325405158041286
"MOB3B",0.0325262414205484
"RPL7L1",0.032312152317654
"F3",0.0322347698692587
"RHBDD1",0.0321572365048451
"LINC01886",0.0321425454144098
"ATF4P2",0.0321425454144098
"RNU6ATAC20P",0.0321425454144098
"RNU6-1092P",0.0321279993806371
"PPP1CC",0.0321166679573626
"LINC02582",0.0320236203843879
"TRAK1",0.0320082641627572
"KPNA2P2",0.0319970633158283
"CELF2",0.0319951621488387
"LRP8-DT",0.0319696056083244
"ZNF600",0.0319479495122635
"EMG1",0.0319357391201042
"RPS3P4",0.0319207099809141
"PPIAP51",0.0319045121880811
"COX4I1",0.031824348676607
"ATL3",0.0318136954682439
"OR5AU1",0.031802321200174
"ZNF471",0.0317955392987128
"PIGBOS1",0.0317862106790971
"ABCA7",0.0317725952915715
"LINC01678",0.031759345987185
"DYSF",0.0316690369364355
"YIPF3",0.0316020698123211
"CHMP4BP1",0.0315892520505128
"PPIAP34",0.0315801142845763
"LINC01873",0.0315801142845763
"APOOP5",0.0315801142845763
"HSP90AB3P",0.0315605354330691
"NPM1P38",0.0315517542428544
"ILRUN-AS1",0.0314785378735183
"RPS6KL1",0.0314766648305836
"IFT52",0.0314707733040113
"PPIL3",0.0313331617718049
"SSBL5P",0.031329872114019
"PLEKHG2",0.0312748653540819
"PEBP1P2",0.0312026375954069
"ZNF578",0.0311968761446217
"AQP6",0.0311444005953256
"ABR",0.0311281270772129
"RTP3",0.0311027246035696
"SEPHS1P1",0.0311027172618483
"IMPDH1P2",0.0311027172618483
"GYG1P1",0.0311027172618483
"LINC02348",0.0311027172618483
"SVOP",0.0310472918902784
"CWC22",0.030987425085766
"NDUFB9",0.0309295914880439
"TMOD2",0.0309205775654326
"NR2C2",0.0308993605674398
"PRKDC",0.030798895753237
"ZC3H18",0.0307310689998666
"GK",0.0307275029957927
"FBXO36",0.03069302154258
"TRGV5P",0.0306883387962572
"UBE2SP1",0.0305407228432773
"HNRNPA1P56",0.030468443120409
"LINC00502",0.030468443120409
"POLH",0.0302905741659324
"MGMT",0.0301196786085231
"AKNA",0.030102022641544
"PSMD10P3",0.030081019660592
"ARGFX",0.0300381636662596
"ENGASE",0.0300211096675819
"LINC00330",0.0300210978616896
"SNAPC5",0.0299758217428397
"RAB14",0.0299756037195504
"MICOS10P3",0.0298586484740368
"NDUFA12",0.0298449506086084
"DNAJC5G",0.0298386818089804
"TRMT112P3",0.0298232108075526
"HAVCR2",0.0298008920917955
"ZNRF2",0.0297355607120686
"HMGN1",0.0296655803586329
"WNK4",0.0295974528977186
"KANSL1",0.0295528732127563
"KLF3",0.0295276784378915
"PLEKHG7",0.0295211501335821
"ABCA5",0.0294857073646107
"TCN2",0.029446984008502
"GTF3C6P2",0.0294132737419302
"KTN1",0.0292606384007114
"DYDC1",0.0292281066391926
"MRPS31",0.0291791205360082
"HMGCLL1",0.0291677925399118
"HEIH",0.0291521376683772
"SLC38A4-AS1",0.0291224026087874
"TNFRSF14",0.0291128864515986
"EIF4HP1",0.0290642848914422
"RPS26P13",0.0290599715005612
"RNA5SP20",0.0290599715005612
"SULT1A3",0.0290599715005612
"DIO3OS",0.0289971968947206
"RPS4XP3",0.0289971968947206
"RPL6P1",0.028992528692399
"COX20P2",0.028992528692399
"LINC01090",0.028992528692399
"HSP90AA6P",0.028992528692399
"RNU6-245P",0.028992528692399
"OLA1",0.0289486933287435
"COQ6",0.0289230918099827
"USH2A",0.0288897541336442
"SYT12",0.0288351547188651
"PPIAP65",0.0286728937529716
"OSTCP6",0.0286728937529716
"SRSF3P5",0.0286150213296143
"HMGB3P8",0.0286150213296143
"RPL7P36",0.0286150213296143
"ANP32D",0.0286150213296143
"SPMIP4",0.0286002217862568
"PRR13P2",0.0285594631361355
"GSTA4",0.0285432782134902
"TRPC4AP",0.0285406303827254
"MFSD14B",0.028515049634569
"CD4",0.0284580504352781
"UBBP1",0.0284495399696476
"TDRD5",0.0284491736672251
"PXK",0.0284384702458482
"MYO1F",0.0283856329946693
"HNRNPA1P2",0.028302158103985
"LINC01493",0.028250979435393
"SRP68P3",0.028250979435393
"UBE2L4",0.028250979435393
"SH3KBP1",0.0282113448833097
"NECTIN1",0.0282010938658551
"ACAP2-IT1",0.0281878960364182
"BCAS1",0.0281834672327452
"MEIS2",0.0281489603341475
"GRIN2B",0.0281203591949101
"ZNF44",0.0280693621402467
"RPL23AP65",0.0280110404425456
"MAP3K20",0.0280037327448033
"NDE1",0.0280028536870058
"LINC02864",0.0279961037167996
"GNA11",0.0279731087650676
"LINC01797",0.0279287521512244
"USP37",0.0278906384586011
"EIF4A1P4",0.0278797555427999
"RPL15P18",0.0278519065229481
"SDCBP2-AS1",0.0277844938342881
"ACTBP6",0.0277751422874357
"SNRPD3",0.0277606590924514
"RAB8B",0.0277277579396414
"ITGA7",0.0277017228700978
"UBR4",0.0276689582487679
"DYM",0.0276290701461164
"TSPAN14",0.0275325968635649
"HADHB",0.0275228302956228
"POT1-AS1",0.0275019165739403
"SELENOKP1",0.0274943321419464
"UGDH-AS1",0.0274818500083853
"DNAH11",0.0273985814409597
"LINC00237",0.0273035130051091
"RPL19P16",0.0272973558109188
"RPL18AP3",0.0272947422080853
"SC5D",0.0272683907498995
"LPCAT3",0.027178798049025
"MTND4LP1",0.0271096115285612
"RPL7AP8",0.0271096115285612
"OR2C1",0.0271096115285612
"PPP2R2D",0.0271074131263514
"KIRREL2",0.0270345536990852
"KMT2A",0.0270279597236349
"ALKBH7",0.0270178132935436
"UFM1P2",0.0270107947598258
"GREB1L-DT",0.0269886588010845
"SAP30P1",0.0269781989517679
"VPS53",0.0269538339965747
"LINC02796",0.0268374916875735
"OSM",0.0268194163807902
"OCLN",0.0268031709548075
"HYPK",0.0267981544756828
"RPS27P2",0.0267943911951725
"RPL29P6",0.0267844755796801
"ARL2BP",0.0267208244752461
"RAC1P4",0.0267103084389074
"SVIP",0.0266367734399956
"SRARP",0.0266256220268911
"PPIAL4F",0.0266256220268911
"RPL35AP7",0.0266256220268911
"LINC02054",0.0266256220268911
"WDR48",0.0265797517976242
"MTCO1P22",0.0265730220561544
"LINC00379",0.0265730220561544
"HOTAIRM1",0.0264947839338679
"CCL19",0.0264851902835267
"CALCOCO2",0.0264790280050551
"MGST2",0.0264756081789743
"IFITM3P5",0.0264709056863123
"TULP1",0.0264463670071213
"BLOC1S2",0.0264282201929438
"ATP7A",0.0264177023400317
"BMS1P20",0.026336068827434
"LINC01428",0.02631244139453
"SAR1B",0.0262427428369282
"ERHP1",0.0262122882272662
"MYBPC1",0.0262032897760571
"HNRNPA1P25",0.026188630624664
"SYNE4",0.0261798845303938
"RPL11P3",0.0261652511344446
"HNRNPA1P37",0.026152995445328
"RPS7",0.0261450153788221
"RPL36AP46",0.0261375025696695
"DUX4L37",0.0260951811846615
"MIR6729",0.0259963987931593
"NMRK1",0.0259656561851052
"NUP210L",0.0259618494374795
"RPL15P8",0.0259422932465254
"TRIM53AP",0.0259422932465254
"ASCC2",0.0258840912569328
"LNX1-AS2",0.0258696394748401
"RSL24D1P5",0.0258696394748401
"LRRC37A9P",0.0258696394748401
"RN7SL862P",0.0258696394748401
"SMARCE1P5",0.0257930321717791
"NIPAL3",0.0257296714192151
"LINC01088",0.0257044364396253
"TPM4",0.0256568468227101
"ACTR1A",0.0255602466723095
"LINC00571",0.0254759927192731
"DDX39B",0.0254654127854264
"RPL7AP20",0.025435844875315
"EIF3KP1",0.0254224930027206
"ATP5MC2P2",0.0254224930027206
"RPL7P10",0.0253670230492649
"MTCO2P22",0.0253670230492649
"NUTM2F",0.0253670230492649
"LINC02076",0.0253670230492649
"RSL24D1P9",0.0253670230492649
"IL32",0.0253162023561274
"MT1F",0.0252930841065779
"PRPF31",0.0252846575732884
"GSDMA",0.0252728875195933
"CYCSP45",0.0252225495050354
"KERA",0.0252225495050354
"RPL27AP8",0.0252225495050354
"LMLN-AS1",0.0251600660476327
"FAM204A",0.0251298464485443
"ANKRD52",0.0251101726109775
"PARP9",0.0250364791317289
"PUM2",0.0249931932096053
"STAT3",0.024975905850698
"CRYBA4",0.0249624847554283
"NOL8",0.0248963955065337
"RXYLT1-AS1",0.0248892643505425
"TPGS2",0.0248635526152765
"CDYL",0.0248439396698529
"ZBTB8OS",0.0248330184700073
"MPHOSPH9",0.0247784669132682
"RPL7P26",0.0247653387365552
"KCTD9P6",0.0247653387365552
"RPL32P21",0.0247653387365552
"FRG1HP",0.0247653387365552
"RN7SL774P",0.0247653387365552
"HMGN1P30",0.0247653387365552
"ACTR1B",0.0247515891941975
"GPR158",0.0247397358657098
"SMIM14",0.024672029029031
"RN7SL55P",0.0246523438879752
"CDKL1",0.0246420729765336
"FRYL",0.0245163325846624
"LCMT1-AS1",0.0244414768577022
"CNOT8",0.0244243059565415
"RN7SL402P",0.0244036221961841
"RNU6-595P",0.0243434156176583
"NAXD-AS1",0.0243317702184723
"TBCA",0.0243108706354212
"MMP8",0.0242787925568533
"NDUFS3",0.0242071978436425
"FTH1P4",0.0241964487076995
"ZBED4",0.0241722094965815
"ZNF548",0.0241511237163003
"CAMK1D",0.0241193531753713
"PRELP",0.0240939587380519
"CSNK1D",0.024069361212075
"BZW1-AS1",0.0240381025805441
"ALDH1L2",0.0240143139605693
"CSTF1",0.0240084065033508
"METTL17",0.0240048305319859
"PGF",0.0239753067786677
"CHCHD2P6",0.0239038689455219
"RPL15P17",0.0238535604950598
"LIMS2",0.0238084412565817
"ZNF16",0.023756843968934
"GTPBP1",0.0236325263543134
"PLXNC1",0.023630869181908
"HMGN2P23",0.0236218007630454
"PABPC3",0.0236133355635471
"MARCHF3",0.0235556193947598
"ARVCF",0.0235147080060127
"LINC01151",0.02349417923667
"OR8A1",0.02349417923667
"APOBEC1",0.02349417923667
"NEUROD2",0.02349417923667
"RAX2",0.02349417923667
"ZSCAN4",0.02349417923667
"MYB",0.0234547717104603
"MTND5P10",0.0234204441970119
"SRP14P1",0.0234204441970119
"DNMT3L",0.0234204441970119
"VPS4B",0.0233223855562414
"HIBADH",0.023317542884471
"TMEM259",0.0232577237972885
"TXK",0.0232338207970218
"COL27A1",0.0232236735511508
"GUCY2D",0.023199986488934
"ZDHHC6",0.02317444362493
"SGK1",0.0231527490015986
"DAZAP2P1",0.0231087806165975
"CD44-AS1",0.0230696267778982
"RNU1-38P",0.023047999909427
"ZNF875",0.0229473683383944
"CANT1",0.0229331842516602
"MRPL20-AS1",0.0229009333400057
"SEPTIN7P7",0.0228906505389398
"PTPN21",0.0227917971623726
"SART3",0.0227802538361679
"METTL6",0.0227531572721832
"MIR29A",0.0226983700880819
"CIMIP2B",0.0226693331851586
"TMEM198",0.0226688189629441
"SOWAHD",0.0225582423226369
"USP34",0.0224404241743867
"VARS1",0.0223493192531087
"UBE2F",0.0223098636226833
"MAN2B1",0.0222787889629065
"LINC00907",0.0222297536199574
"GPR137B",0.0221259356836324
"TENT2",0.0220916941854412
"LAMTOR4",0.0220269064061
"MT1H",0.0219913125281533
"CHCHD7",0.021988340655814
"GYPC",0.0219041024829972
"RBM4",0.0218920971732681
"RAB40B",0.0218881791100412
"WBP1P1",0.0218160040022888
"COL25A1",0.0218160040022888
"LINC02866",0.0218160040022888
"RPL5P27",0.0218160040022888
"MIR6821",0.0218160040022888
"SMIM19",0.0218058216312894
"FUCA2",0.0216389146051802
"LCP2",0.0216063452295559
"ZNF335",0.0215706941315309
"LAMA3",0.0215220436270938
"BIN1",0.0214626819720553
"LINC01980",0.0213359274440749
"PPP2R2A",0.0213298968966591
"FARSA-AS1",0.0212970612168032
"YWHAZP5",0.021273032288235
"PAIP2",0.0212564288612208
"TRAPPC11",0.0212503102005318
"LINC02645",0.0212440837311533
"CCT8P1",0.0212263426815246
"CYB5R1",0.0212167812752314
"TBL1X",0.0212010138235046
"RPL6",0.0211748165580722
"ZNF846",0.0211744648533959
"CAMK2G-AS1",0.0211550317402782
"SSUH2",0.0210747015050818
"ZNF649-AS1",0.0210672931962263
"C2CD3",0.0209537872609806
"CCR7",0.0207293350664136
"KLHL28",0.0207158007435033
"TTC14",0.0207085659281174
"ABCB5",0.0206945327624003
"PNPLA8",0.0206298603413798
"TXLNA",0.0205696735288474
"DLG5-AS1",0.0205450633473061
"DGCR8",0.0203873783705362
"EIF5AL1",0.0203438129689368
"LINC02648",0.0202881141111452
"CHKA-DT",0.0202754308946142
"ANKS1A",0.0202461551548845
"DGKD",0.0202182041223701
"HARS1",0.0201807762918637
"PTGR3",0.0201715573775993
"NPM1P29",0.0201187995835457
"RPL12P26",0.0201187995835457
"GUCY2C",0.0201096563910081
"IRAK1BP1",0.0200960344359204
"UBE2NL",0.020055212401497
"RN7SL329P",0.020032322776313
"HOXB4",0.0200208393567213
"LINC02767",0.0199637381345396
"TNFRSF10D",0.0199521228174147
"DKK3",0.0199470772027484
"LHPP",0.0198116198773419
"ACAP3",0.0197684274839855
"ANKRA2",0.0197670520302339
"USP7",0.01976140490099
"KIAA1958",0.0197268104066636
"CELF2-AS1",0.0197132825581115
"HOOK1",0.019688620819825
"UFC1",0.0196067053655098
"RNASE2CP",0.0195915226277439
"RPL7AP32",0.0195168634694213
"JDP2-AS1",0.0194987481193898
"YWHAE",0.0193718769467555
"SGSM2",0.0192729025209507
"ADGRE5",0.0192244365507431
"DCTD",0.0192207087457275
"GPR161",0.0192166564863644
"IL10RB-DT",0.019046055888013
"MED4-AS1",0.0189820009012877
"WBP1P2",0.0188420320562421
"RPS14",0.0188312557703606
"ODCP",0.0188267452471097
"PLCH1",0.0188231717497853
"TBC1D13",0.0187869798652794
"TAF1C",0.0187464240528716
"DGKB",0.0187004669671394
"TEX101",0.0187000020940118
"CYB5D1",0.0186639345566178
"SPHK1",0.0186419989513463
"HAUS1P2",0.0185535906759306
"DLK1",0.0185535906759306
"ARMH4",0.0185236238121134
"MATN4",0.0185174208281378
"TOMM70",0.0184571955449442
"TXNP4",0.018366496363159
"SCYL1",0.018330351938878
"KCTD13-DT",0.0183156364169758
"LONP2",0.0181810866779958
"NRAS",0.018177765968247
"SYDE1",0.0181207290185973
"LMNB1-DT",0.0180745060317886
"SNX8",0.0180628565748163
"ARPC5",0.0180318452298282
"POMC",0.0179833753142649
"SSR1",0.017947466766204
"SESN3",0.017910074718732
"TENT5C-DT",0.0178518862450777
"TMC6",0.0177662799983102
"TSHZ2",0.017719685023395
"LINC02413",0.0177175956037099
"LIF-AS1",0.0176586737441473
"ATOSB",0.0176442794572423
"MTCO1P53",0.0176196750375507
"RAB28",0.0175832246525854
"COX7B",0.0175236969988403
"KIF16B",0.017504838970001
"CFAP96",0.0174643604192059
"CSNK2A2",0.0174127205211273
"AGT",0.0174020328427767
"SMIM10L1",0.0172111625062511
"GNG5B",0.017175093529556
"FADS1",0.0171652382637738
"CRYL1",0.0170970768678913
"CCNQ",0.0169737635848943
"CHORDC1",0.0168129299182868
"PHF10P2",0.0166455276870443
"MIR5188",0.0165844834092158
"HCST",0.0165339843740836
"HIRA",0.0164943782586482
"LAPTM4B",0.0164737865904818
"RAB11A",0.016471235781122
"YRDCP1",0.0164387594547299
"CTBP2",0.0164142918922564
"ASB8",0.0163445852486598
"TAT-AS1",0.0163106745161665
"ECI1-AS1",0.0162411870993244
"PRELID1P3",0.0161182401185869
"GSG1",0.0161182401185869
"RPL15P20",0.0161182401185869
"POM121L4P",0.0161182401185869
"DDX46",0.0161079277132148
"H2BC11",0.0159728769041027
"ATXN3",0.0159700581137776
"COPB1",0.015840192574799
"TAF1B",0.0158385452333923
"PHOSPHO1",0.0157683566181707
"CYCSP34",0.0157626434383475
"DOK2",0.0157600412976783
"RPS28P7",0.0157433841783373
"PCDH1",0.0157327014469285
"ST3GAL3",0.0157235608970517
"UBA52",0.0157197182388474
"LNCOC1",0.0156744411154187
"ZNF81",0.015649492790768
"DNAAF11",0.0156206166366679
"ELK1",0.0156039123659417
"HHAT",0.0155413058372356
"TESK1",0.0155017289603323
"LINC01922",0.0154499865033052
"ZRANB3",0.0154383287476363
"TRIM33",0.0154104172118513
"LINC02071",0.0154004897976896
"SEMA3F-AS1",0.0153806260968432
"RPL22P3",0.015285011726461
"ARRDC5",0.0152324162535626
"LRRC8D",0.0152017009770944
"FKBP11",0.0151990829295039
"GADD45A",0.0151832017917859
"TESPA1",0.0151636928416105
"SYNGR3",0.0151247438320621
"THAP6",0.0151136007866642
"PLA2G12A",0.0151044968781132
"CACNA1B",0.0150942240814208
"H1-10",0.0150534724244674
"NUP133",0.0149675065890012
"MT-TI",0.0149092098425363
"CAPN10",0.0148854020741045
"ISG15",0.0148455758275555
"TG",0.014791241655591
"MSANTD1",0.0147718096931062
"OSCAR",0.0147618364272852
"PPP1R21-DT",0.0147486297044834
"SNAPC3",0.0147099363121777
"MECOM",0.0147066948529472
"MICAL3",0.014691039892436
"UBE2H",0.014605315921559
"SEH1L",0.0145955846060941
"EMILIN2",0.0145835140295313
"FAM89A",0.014570119767714
"NEB",0.014507652171093
"AIF1",0.0144348149849123
"RPS3AP49",0.0143680153975091
"N6AMT1",0.0142991829398291
"LINC00877",0.0142894976419143
"KRT14",0.0142752345797501
"RHOH",0.014254991577935
"PRKD3",0.0142159995132823
"KIF12",0.0141609803722741
"DNAH17",0.0141561027494945
"IER2",0.014023204795491
"LINC02656",0.0139891556368181
"SEC14L1",0.0139568860373228
"MT-ND2",0.0139436355143243
"AKAP9",0.0139352238857839
"PPP1R14B-AS1",0.0138487437897877
"CFL1P2",0.0137703843074278
"RPS27AP12",0.0137625901118689
"TADA3",0.0137015787476319
"UTP23",0.0136837949361611
"ZNF557",0.0136679824213227
"SPNS2-AS1",0.0136401203661685
"PRELID3BP10",0.0135527855517381
"ST13P11",0.0135398037721835
"CDC42BPB",0.0134614072922437
"BTF3P13",0.0134592126097771
"OTUD5",0.013429840151334
"BLTP3B",0.0134204369642029
"ARPC1AP3",0.0133743686578611
"POU6F2",0.0133743686578611
"VDAC1P3",0.0133743686578611
"RN7SL688P",0.0133743686578611
"TIMM17BP1",0.0133743686578611
"EEF1A1P33",0.0133743686578611
"PPIAP50",0.0133743686578611
"PRPF38A",0.0133364763130033
"CACNG3",0.0133351839114706
"CERT1",0.0133242617416078
"XRCC2",0.013259688187666
"ELMOD3",0.0132589231631137
"SEC61A1",0.0132569272324848
"WBP2NL",0.0132063017514937
"PTPRJ-AS1",0.0131851441534336
"RPS27P7",0.0131797991876912
"FOSL2-AS1",0.0131176156199656
"VPS13B",0.0130957991641017
"RPL28",0.0130758311594127
"NME2P1",0.0129798914554009
"SPCS3-AS1",0.0129001772084502
"MAP3K15",0.0128981587551042
"ALDH7A1",0.0128927235233489
"RBBP8",0.0128345492313376
"PLK3",0.0128332465302213
"RAB13",0.0128251660031286
"BACE1",0.0128233755560896
"LINC01723",0.0127733922222212
"RANBP3",0.0127509966048258
"PPP2CA",0.0127416954923433
"NOCT",0.0126518509587242
"RND2",0.0126139827430939
"LZTFL1",0.0126090348241151
"POLR2D",0.0125945224637856
"TREH",0.0125520447545588
"RPL31",0.0125018109493922
"MRPL30",0.0124921805375124
"PGD",0.0124914062405963
"NAB1",0.0124729115270601
"SPON2",0.0124694413304902
"C1orf43",0.01243263093833
"MBOAT7",0.0124255737832687
"MAN2B2",0.0124099364152214
"PSMD11",0.0123611255878952
"TATDN2",0.0123453905274898
"RXRA",0.0123240415127786
"GPAT2",0.0122634500665552
"EPGN",0.0122435764620614
"CDC42BPA",0.0121950174999988
"SPG21",0.0121752093880157
"CAND1",0.0121601031251105
"PIRAT1",0.0121389933379955
"FABP5P7",0.0121026105160584
"KIAA1549L",0.0120767620589566
"ATG14",0.0120717062074975
"UMLILO",0.0120180111644466
"TEX264",0.0120083259337811
"RBKS",0.0119516951987873
"MTERF4",0.0119423306998576
"LRRK2",0.0118119488554364
"MFGE8",0.0117633987695583
"SDHA",0.0117615050689988
"ALS2",0.0117592308055801
"SETD2",0.0117366019268884
"SFMBT2",0.0117365206210678
"DCTN3",0.0116621169912338
"TMEM107",0.0116599784919294
"CPNE8",0.0116539946169309
"ABCA8",0.0115966559227496
"PRDX6",0.0115954225555866
"OGDHL",0.0114321000380699
"MAGED1",0.0114138875627892
"NKAIN3",0.0113811298349402
"UCP3",0.0113775266187271
"C3orf38",0.0113641738559139
"RNVU1-29",0.011334928102419
"CRELD1",0.0112829524909065
"C5orf67",0.0112676816360454
"ERP29P1",0.0112309182483254
"NFATC1",0.0111828740300153
"AP3B1",0.0111763592030957
"RBMXP5",0.011165401044069
"ERVV-2",0.0111398490516476
"RIOX2",0.0111383970393605
"PIERCE1",0.0110992993625384
"PKP1",0.0110812181765484
"PPIAP67",0.0110812181765484
"TRMT112P8",0.0110812181765484
"PATL1-DT",0.0110452873862735
"PSPC1",0.0110102944500672
"ITPRID2",0.0109583070680385
"UQCC6",0.0109480521193267
"GNPDA2",0.010905668312259
"SAMD4A",0.0108992470041931
"ROR1-AS1",0.0108913654926425
"CD46",0.0108546421175776
"CCAR2",0.0108518972107654
"MMUT",0.010829463394076
"SLC25A51",0.0108212484496789
"CPT2",0.0107124222174146
"SLC16A12",0.0107121371666174
"RPS27AP7",0.0106939810009718
"ZNF398",0.0106032358156118
"C7orf50",0.0105898327869663
"OARD1",0.0105346035123411
"STX5-DT",0.010508619933803
"CCDC63",0.0104925116113595
"GSPT1",0.0103061212899019
"SGCE",0.010227586919106
"KDM2A",0.0101899768633694
"RPL17P33",0.0101546489327771
"CAB39L",0.0101375472118965
"PTTG1",0.0101073422101318
"CTCF",0.0100575302625872
"GAPDHP44",0.0100557071069838
"MRPL10",0.0100536434922802
"CMC1",0.0100515171053765
"MLYCD",0.00998344181386128
"NDUFS5",0.00997198417571136
"RPLP2",0.00997121855157421
"TRAF7",0.00994091681667089
"SRPX",0.00989603363465224
"VMA21",0.00988543122341876
"SEC14L6",0.00985089331224748
"LINC00667",0.00984688014152796
"HIVEP1",0.0097847042690978
"MFSD14A",0.00977751088020765
"GOLM1",0.00976997305342676
"RPS21",0.00974473800493313
"NWD1",0.00972988182048292
"TASP1",0.00972173847881315
"PRLR",0.00969037336108725
"SH3D21",0.0096726106300939
"CRY1",0.00964733982355943
"UBXN2A",0.00961125248160427
"HMGN2P6",0.00955643594041754
"ATXN7L3-AS1",0.00952949272131698
"ADNP2",0.0095193707021198
"CKAP2",0.00950608972962737
"BTF3P2",0.00947346604766832
"KLC3",0.00946737180942759
"CD302",0.00944300869428356
"RTN3P1",0.00929287261968719
"LINC01856",0.00920862074306813
"HMGB1P6",0.00919376565660322
"EBAG9",0.00915675931060382
"MPRIP-AS1",0.00913668265459026
"EBP",0.00910523221821944
"ZNF616",0.00901999759895191
"METTL26",0.00901082404139318
"IL18BP",0.00900083704966756
"KCNC4",0.00898807821258426
"SLC3A1",0.00898624286120802
"CMTM3",0.00887619507464406
"BAG1",0.00884960013748827
"ANKIB1",0.00881834564812225
"CYP20A1",0.00881801132559515
"BTK",0.00881274126685711
"CYTIP",0.00880150511956793
"GRK3",0.00880002251117081
"PDXK",0.00879451790641362
"PCDHA8",0.00876895607999163
"EDEM1",0.0087402043952365
"LRIG1",0.00873257770110819
"ARAP1",0.00872497338765483
"NDUFS1",0.00872371020664354
"ATP6V1D",0.00867016785440516
"TATDN3",0.00866601021844865
"ATP2A2",0.0086557437778681
"CDC73",0.00860726411365395
"FAM131A",0.00858582476921278
"RNASEH1",0.00850836176798462
"MCF2L2",0.00850331424241845
"ASB3",0.00848900191776765
"GPX8",0.00846617280454894
"ZNF546",0.00842927098486805
"RPL21P29",0.00836563399299647
"CDK11B",0.00827873495364912
"NUDT18",0.00826940663575542
"STAR",0.00824232079012733
"COL16A1",0.00820543382749689
"DCLRE1B",0.0081971452609886
"AGPAT4",0.00816058717337833
"OXCT2P1",0.00809541112827996
"LINC01820",0.00804383641082481
"MACO1",0.00802778812071718
"HSD17B4",0.00799094458047165
"EEF1DP8",0.00798663692987656
"U2SURP",0.00798154616628413
"SKA2",0.00797423508501535
"EBPL",0.00791645351107036
"TUG1",0.00791321378903086
"NOMO1",0.00789740793656145
"PLOD2",0.00787257822222853
"BCL2L15",0.0078357640242003
"ROMO1",0.00783234044116717
"NUFIP2",0.00779934890909902
"ZNF460-AS1",0.00779634315349567
"KAT14",0.00778602687506806
"POF1B",0.00775892935701717
"RMB8AP1",0.00769132647665944
"FKRP",0.00766484427797471
"HNRNPA1P7",0.00764867143391868
"SLIRP",0.00757318327736464
"RAPGEF1",0.0075648642288324
"RPL7AP11",0.00755798127696055
"RRP8",0.00753907444246983
"RNU6-522P",0.00751084993060087
"NSRP1",0.0074794044932753
"OSCP1",0.00747801750419228
"NLGN1",0.00741650726485704
"FAM32A",0.00741277735752869
"EPC1-AS1",0.0074078800371327
"RPL29P11",0.00736895606893951
"BOLA2B",0.00736165745728928
"RAMP3",0.00735614453640439
"PRNCR1",0.00735329921781608
"DNAH14",0.00734731365716407
"RPL7P12",0.00729630969368852
"TRMT9B",0.00726144952172695
"RN7SL602P",0.00725851852072002
"EEF1AKMT4",0.00724829867359185
"NDUFB1",0.0072223172140828
"DRAIC",0.0072194410452475
"LINC01714",0.00720505596562828
"FAM185A",0.00715543261688383
"KCNE3",0.00714737335715281
"SLC5A10",0.0071441226021516
"CPEB1-AS1",0.00712538598674268
"CPB2-AS1",0.00710132530146759
"YWHAZP6",0.007089077434032
"ZCRB1",0.00708481335274494
"GRN",0.00708046097307441
"SMU1",0.00704854412850484
"HSPA9",0.00702702877281388
"HMSD",0.00700375566780155
"EIF4EBP2",0.00699987216791987
"RPS9",0.0069890412999744
"EP300-AS1",0.00694048303980491
"ZNF639",0.00692777926051652
"CYCS",0.00688036833296151
"NSA2P2",0.00685622101320346
"PLLP",0.00680035253029911
"DNAJC21",0.00678425258630441
"IFITM3",0.00670974435066084
"MOCS2",0.00670521958157758
"ANXA2R-OT1",0.00669730708392471
"ETFRF1",0.00667011033348298
"RECQL",0.00666739527115043
"SRSF2",0.00665972596722956
"RCCD1-AS1",0.00665019030401803
"UPF1",0.00655028867705605
"RP2",0.00650990658747695
"RPL5P24",0.00650936504929262
"CASP10",0.00647486547151554
"SUMO1",0.00644670511879967
"NPIPB13",0.00643733118194377
"WBP2",0.0064278949051105
"RPL21P46",0.00640017282451923
"LGI4",0.00636258195536995
"EEF1B2",0.00627526246527702
"PLEKHA5",0.00623804023767767
"ZNF503",0.00621403884078425
"GPX6",0.00618742330010098
"TET2",0.00618093594819228
"PSMD5",0.0061553417763196
"RPL31P10",0.00614875117725441
"TMEM167A",0.00610338507440663
"INAVA",0.00609924164139309
"RPS3P6",0.00609613867314292
"CCNG2",0.00603481052367247
"ZNF277-AS1",0.00602078910024179
"HINT2",0.00601717319092081
"RPL31P61",0.00601249157027632
"RDH10",0.0059907267114934
"RPS13P2",0.00591090073315107
"MED20",0.00590933076329735
"PXDC1",0.0059013854548719
"FBXO48",0.0058773675602404
"BRAF",0.00586072275968342
"RDH5",0.00584690806550654
"DNAJB9",0.00582581964598974
"MED19",0.00578388034285539
"LRSAM1",0.00575438916140518
"SCUBE1",0.00575211962104921
"CRYZL1",0.00574945666724432
"H3-3A-DT",0.00572617013128086
"ABCC10",0.00570562880914357
"LINC01411",0.00569681315005627
"TMBIM4",0.00567772191733762
"NCSTN",0.00564058374949049
"PKD1",0.00563292945158908
"H2AZ2",0.00563199631092224
"ANK1",0.00560571370707898
"GALNT5",0.0055838064394157
"MFN2",0.00554326033646498
"CHERP",0.00553783278183635
"BMP8A",0.00549914722517793
"PCMTD1-DT",0.00548699953082538
"HMGB1P9",0.00540503904098495
"SNRPC",0.00535766766908039
"LINC00910",0.00533589435202961
"PAPSS1",0.00530355640988184
"RAI14",0.00529349057576082
"DNAJB12",0.00527679267699805
"TSBP1-AS1",0.00525492599918813
"PLAA",0.00521889777169977
"KCTD12",0.00521272310306977
"RTL8B",0.00520991897189141
"MRPL13",0.00520957567294179
"KIAA0825",0.00520362066648182
"C19orf12",0.00514550379071399
"CYBB",0.00514326923967022
"WDFY1",0.0051263119734191
"POLR1E",0.00512589143642694
"GRINA",0.0051163588803961
"TP53I3",0.00504023328008915
"RPEL1",0.00503733569621016
"CNIH4",0.0050307026265849
"ITCH",0.00502017259675092
"VSIR",0.00491242333530488
"FIBP",0.00490177187368621
"ADAL",0.00489510125269568
"NLRC3",0.00489320947332301
"PRP4K",0.00489120776586223
"RC3H1",0.00487470591150659
"RO60",0.00486658495519995
"CTSV",0.0048584181511939
"RPSA2",0.00485023588282633
"CPSF7",0.00484403921903735
"PRSS53",0.00482798303819433
"ISL2",0.00480871967377202
"HMOX1",0.00479998081640643
"OXA1L",0.00479650358599614
"SCNN1B",0.00479202035289107
"NRBP1",0.00477203268417534
"KRT18P31",0.00475377069555538
"CCDC22",0.00473920647436371
"SELENOK",0.00473710053689999
"KHDRBS1",0.00472745696868777
"CTTNBP2NL",0.00471418142350255
"OASL",0.00469845639837839
"THOC5",0.00468975804438508
"THOP1",0.00467966286916587
"PHC1P1",0.00465841001414754
"RPL21P134",0.00461429179990326
"ZCWPW1",0.00456820357117137
"MPPE1P2",0.00456626239663086
"MTX3",0.00454837445347166
"CHEK1",0.00453384613260913
"CD300LD-AS1",0.00452388987785706
"ETNK1",0.00449277781622985
"NAP1L4",0.00447829833226278
"RUFY2",0.00446805183868648
"TMEM14C",0.00443173996319585
"HMCES",0.00442191288215838
"HPS5",0.00441499999410404
"EIF4A1P2",0.0044141761258192
"QKILA",0.00439484929819116
"ECHDC2",0.00437112897335704
"NEURL3",0.00436058574027688
"OSBPL8",0.00433633074957798
"ACYP2",0.00432792160121976
"BBS10",0.00423422907731096
"TPRG1-AS1",0.0042108363962844
"JADE1",0.00419023896471398
"DESI2",0.00417483196191564
"ODAD3",0.00415965927087593
"DMTF1",0.00412333425407291
"NOD2",0.00406338177912556
"TBRG1",0.0040052703388676
"ZFX",0.00400494424492256
"WASHC1",0.00400365714242198
"HSPE1P3",0.00399581133474946
"NPDC1",0.00398604036738278
"SCAF8",0.00394788519394999
"RBM12",0.00393874172919665
"PRMT5-AS1",0.00389279690095797
"EIF4A3",0.00388770915782879
"PYROXD1",0.00388494424620575
"E2F3",0.00384955516960518
"SLC22A2",0.00383858162151051
"NIPAL1",0.00383685100797385
"CTRB1",0.00381975776520039
"THRAP3",0.00380108497734766
"ANXA2P3",0.00379489849014273
"HSPE1P6",0.0037923329456586
"USP3",0.00379185882609265
"ATG4D",0.00372314470753042
"LINC01517",0.00372134575095623
"RNF5",0.00370177213892576
"ELOCP2",0.00370112566090449
"PES1",0.00368946403409797
"LMNA",0.00368733003261006
"BTN3A2",0.00367682724002978
"RARG",0.00367256368305069
"SNRPGP14",0.00367135043874799
"LSM14A",0.00366980620747081
"RNF115",0.00364791126319
"ACACA",0.00363280377653643
"ALG1L15P",0.00361091479886757
"KIRREL1",0.00360482196827237
"GOLGA2",0.00359351625399193
"AFF4",0.00357636180162161
"RPL23AP32",0.00357084298731679
"ATP8B1",0.00354374595772955
"CEP164",0.00352734888074295
"TSPYL4",0.0035239394000872
"ZBTB11",0.00349982574686846
"TMEM128",0.00349639411482758
"ZNF503-AS2",0.0034879387392032
"SLC37A4",0.0034866902430464
"POLDIP3",0.00347499836027274
"TAOK1",0.00346002283858622
"INTS13",0.00345419840670168
"SRC",0.00344345631371437
"ST6GALNAC6",0.00343973349164807
"TOR1A",0.00342617151002453
"AP1S3",0.00342562335641929
"GALNT2",0.00342409535303377
"PDE4B",0.00339960824532467
"PKN2",0.00338323497161155
"HAUS5",0.00337788089465731
"LINC00342",0.00337774241264872
"BIN3",0.00335059166145919
"SH2B3",0.00333652706231812
"TCEAL5",0.00331942806944383
"MTNAP1",0.00331692187111494
"MPHOSPH10",0.0033159843293605
"YWHAB",0.00326859561556518
"MIR511",0.00326685281274356
"FAM120AOS",0.00325997069693978
"NOL6",0.00325077224214099
"LRRC8C",0.00323637800274352
"SLC31A1",0.00322718105438935
"XPC-AS1",0.00322163899956101
"USP49",0.00317219974998075
"UBE2J2",0.00316450551457785
"EIF3L",0.00316130353777475
"ARHGEF2-AS2",0.00314400569292959
"YME1L1",0.0030898426702541
"SRRM1",0.00307057691726563
"MON1B",0.00305992992796394
"HIP1",0.00305328433577372
"H2BC13",0.0030515057167121
"PIP4K2B",0.00304496045461132
"SNX5",0.0030425819197667
"PAQR5-DT",0.00303917442238889
"FABP5",0.00300230633669454
"IL1RN",0.00299681358440209
"PDP1",0.00297272370621963
"INTS10",0.0029468882877158
"METTL4",0.00294659820169937
"SLC2A9-AS1",0.00292041205606804
"TASL",0.0029093067817561
"HNRNPA1P1",0.00289129527172622
"NCK2",0.00285631517812338
"FERRY3",0.00284712508815388
"GRAP2",0.00283780177852282
"TMEM150A",0.00281658631651751
"PCDHGA10",0.00281601333937386
"HCAR3",0.00278864552428552
"CRBN",0.00278463390078769
"TTYH3",0.00278332562198573
"DNAJB6",0.00272406304820048
"UBAC1",0.00271362349243849
"DNAJC25",0.00270719097295661
"DNASE2",0.00269835984806272
"GRK6",0.00268001278851363
"HSPA4",0.00267322712868123
"ADGRL1-AS1",0.00267274272108156
"HLA-F-AS1",0.00267001082129789
"SNORA84",0.00264963152183264
"PSMD7P1",0.00264037652024928
"ZBTB24",0.00261522831032549
"PPHLN1",0.00261507908151208
"RPL13AP7",0.00260728172802908
"SULT1E1",0.00260456873428047
"NBPF1",0.00260296280127911
"VKORC1",0.00259322974482587
"ADARB2",0.00256738408210933
"RPL4P5",0.00253556234470814
"MYL5",0.00253435859482267
"ST6GAL1",0.0025288536823189
"EMP2P1",0.00248707165983112
"RPL5P29",0.00244999667855185
"SWAP70",0.00243897984148003
"METTL15",0.00240931536559737
"CUL3",0.00239919276907837
"ZNF134",0.00239250925807773
"MMADHC",0.0023854938824927
"RPL35P10",0.00236536605474957
"C18orf15",0.00236089905433208
"POLK",0.00234536254782848
"RPS15AP38",0.00233767708943025
"LINC02883",0.00232973187679349
"HMGB1",0.00232159558977492
"NPIPA1",0.0023122643338171
"SIPA1",0.00231204993921501
"VSNL1",0.00231104639244078
"RBM4B",0.00231034598577652
"DUSP3",0.00230894995390321
"HNRNPK-AS1",0.00229939116042984
"LSM8",0.00229734595654767
"MUL1",0.00229699167241985
"PAK3",0.00225289180369658
"C4orf33",0.00223133890194338
"PABIR3",0.00222540346917324
"FRRS1",0.0022187245639801
"MTHFS",0.00220273047852479
"STYK1",0.00220100431769211
"MIPOL1",0.00217564258012693
"SNX16",0.00217081512229122
"ARMCX3",0.00215641674789708
"PRR14",0.00215075845592334
"MADD",0.00213468376101535
"KMT5C",0.0021096078451237
"SMYD2",0.00208477243210897
"RNASET2",0.00208418117911436
"ARHGAP12",0.00207646305272538
"LAMC3",0.00207572427851853
"SIL1",0.00207229947443524
"SEC11B",0.00206776422662619
"AMZ2",0.00205592868264977
"ANKRD42",0.00199308095263017
"PPP1R15B-AS1",0.00196147951931044
"XBP1",0.00193269440202801
"PHF2",0.00192937234556911
"DAPL1",0.00190499230312102
"CLOCK",0.00190209929838859
"NDFIP1",0.00189852766893067
"RPS27P17",0.001887481768629
"RANGRF",0.00188523098173488
"RSL1D1",0.00187178743971554
"KIF13A",0.00186870565450206
"ZNF888-AS1",0.00186768735912578
"LINC00310",0.0018644944905387
"C9orf78",0.00184549708355482
"CALM2P3",0.00184471426577248
"MPDU1",0.00184450920484901
"UBE2D3P1",0.00180886130500046
"CCAR1",0.00180423687366425
"ANKHD1-DT",0.00180323724390716
"PELO",0.00179380284728252
"CFAP157",0.00177992825652109
"MNDA",0.00177720642804343
"PHF7",0.0017736990547707
"TNRC18",0.00176839988299064
"PRR11-AS1",0.00175890534517172
"RPL14",0.0017452463942574
"POGK",0.00174484688872698
"IFNGR2",0.00173892480165201
"ZCRB1P1",0.0017304684878772
"TRAPPC2L",0.00172317236193669
"FLI1",0.00172224560132043
"LINC02109",0.00171886367146055
"PGRMC1",0.0017038359288485
"MAN1A2",0.00170153865286506
"NACC2",0.00169658206964667
"THAP4",0.00169571606948367
"LXN",0.00168772322579298
"CFAP58",0.00167945082623815
"ERGIC3",0.00165542595211598
"PIP4P2",0.00164669037535394
"ZCCHC7",0.0016295184402167
"CCNO-DT",0.00162188649626202
"GSDMB",0.00161310136083246
"ANP32A",0.0016128947045193
"ATG12P1",0.00160751905760366
"DHODH",0.00159752864475605
"POLDIP2",0.00159687743209552
"OSGIN2",0.00159116912850186
"ATP2B2",0.00157994666766628
"SCAMP1-AS1",0.00157585881657957
"DEAF1",0.00157433162919602
"MT-TS2",0.00156062719732053
"GABPB1-IT1",0.00155807032259644
"RBMS2P1",0.00154618065706538
"HNRNPCP3",0.00154507783048009
"RPL18A",0.00151814183110127
"CARS1",0.00149796353944072
"MYL12AP1",0.00149692807463882
"DNAJC5",0.00149654044652375
"BTN2A1",0.00147727278950026
"SPCS1",0.00146816665227803
"TMEM242",0.00146537314507023
"SYTL2",0.00146097491894452
"OSGEPL1",0.00144222413870603
"SLC43A3",0.00143217294358456
"CSE1L",0.00142253915897423
"LINC02746",0.00141329012844226
"PRDM4-AS1",0.00141298223294727
"ZKSCAN1",0.00141015165190801
"SLFN11",0.00140092240681482
"MIS18BP1",0.0013884089405006
"RASSF1",0.00136300126686917
"HLA-T",0.00135888761306968
"DENND5A",0.00135870591624974
"RPL21P116",0.00134161029727037
"TCP1P1",0.00133316834467598
"BACH1",0.00133118152326829
"DGKQ",0.00132237032086776
"EXO5",0.00131073662209915
"SERBP1P5",0.00130754683440781
"H3P36",0.00130541657338194
"VTI1B",0.00130255065254421
"DONSON",0.00130007336862005
"VDAC1P4",0.00129731193667913
"AHNAK",0.00129590460309577
"AGER",0.00129513150564009
"RPS7P11",0.0012931925552438
"IGBP1",0.00128035012281722
"ZNF484",0.00126639810321897
"CEP83",0.00125643212783361
"TUBB2A",0.00125010455268201
"CDC42SE1",0.00124223146172203
"RBM27",0.00123293824632051
"ODAPH",0.00122515915588472
"WDR11",0.00121661870688564
"TRMT10A",0.00121469528456484
"NFYA",0.00120936951821083
"SKP2",0.00120349700596963
"LNMICC",0.00120323397242125
"PRPF6",0.00118848758097584
"EXT1",0.00118765951079867
"NRL",0.00117185308946915
"P3H1",0.00116556418896506
"THAP9-AS1",0.00115741263742298
"EZR",0.00114841068440463
"PDCD6IP",0.00113936563899261
"FKBP8",0.00113444864322115
"AP1G2-AS1",0.0011263255293028
"ZNF331",0.00112360220793016
"CYTOR",0.00110535588382216
"FTH1P1",0.00110383380621668
"DPP9",0.00110121915653356
"LEMD3",0.00107316168711908
"DCP2",0.00105739798518613
"OAT",0.00105224183216966
"LIX1L-AS1",0.00103630412225451
"EML3",0.00101706247670107
"DNAJC9-AS1",0.00101550318348415
"RNU6-387P",0.00100512754119097
"VPS13A-AS1",0.000998698965315995
"ATP10A",0.000991850431348194
"APP",0.000985403315103691
"LRRC37B",0.000969988065151464
"NPM1P4",0.000946051596434081
"FUT8",0.00094016236551665
"ZBED5-AS1",0.000925331592215942
"SRP14-DT",0.000907531033519124
"LINC00960",0.000902873401500733
"NARS2",0.000901106159095212
"RPLP0P9",0.000894668536414745
"RPS15AP24",0.000893252173121934
"TOB2",0.000878490080369873
"CERS6",0.000857946641192578
"SNHG8",0.000846321474171146
"KPNA3",0.000844874472287911
"LINC01743",0.000841565375465549
"MRPL42",0.000831729657297104
"TMEM165",0.000823670589366246
"GPR37L1",0.000819027129029303
"YTHDC2",0.000792691285222183
"CTDNEP1P1",0.000787047185676741
"LINC01278",0.000783129564263109
"CPPED1",0.000781635880307471
"SERPINB5",0.000769554197967806
"ZCCHC10",0.000756866598681989
"PRELID1P4",0.000742382142162963
"MAP3K19",0.000722154003679316
"TNKS1BP1",0.000716610999386442
"RBMX2P5",0.000696244655009278
"CEBPB",0.0006937897176539
"C1DP1",0.000692030096826853
"PFKFB3",0.000685828412193366
"NUP50-DT",0.000675927453499925
"SERBP1P1",0.000653886270550913
"TLR6",0.000653678951592648
"RPL13P12",0.000652356948734543
"RPS3AP4",0.000651140092586058
"C4orf46",0.000647991116508673
"TMEM218",0.000636048357298461
"LRRFIP1",0.000633751455577948
"SEMA5B",0.000623291993954293
"EIF2S3B",0.000618219846690226
"IFI44",0.000610441701757264
"FKBP6",0.000603402741194196
"BTF3P9",0.000582636639579634
"HNRNPCP6",0.000577532906582639
"ARRB2",0.000575706414198332
"ITGA9-AS1",0.000574774264326836
"PAIP1",0.00056534274159927
"HAPSTR1",0.000555054292633087
"ABCB8",0.000554601148994329
"EIF2AK2",0.000530085348754922
"VPS4A",0.000529703401216457
"CD72",0.000529212259778096
"AKR1B1P1",0.000526150613887062
"EIF1P6",0.000523738984301473
"ACTBP8",0.00051186656819058
"IQCH-AS1",0.000509297429618216
"EIF4BP6",0.000498942503724682
"GDI2",0.00049613070224534
"LINC01932",0.00049259282286444
"MIR4485",0.000492496746318836
"MBIP",0.000484107427916661
"RPL21P52",0.000484011262366033
"PSMB4",0.000473428298515781
"PABPN1",0.00047056710703458
"RPL5P23",0.000467771189334824
"TM9SF2",0.00046198590938776
"ST13P6",0.000456213675459844
"ENTPD1-AS1",0.000452481649150404
"AFG3L2",0.000451737890475118
"LTO1",0.000445663268755785
"LTB4R",0.000440521457634327
"AVPI1",0.000431072025690013
"CUX1",0.000421473628420807
"ZNF385D",0.000419582715918747
"OR10J2P",0.000418773414989091
"RPL26",0.000411689294333833
"DRG2",0.000409842880345522
"YTHDF1",0.000408156048225342
"SELL",0.000401575032366657
"AQR",0.000396020283320073
"ZMIZ1",0.000395420406256431
"PCED1A",0.000385082478589066
"SRPK1",0.00037850494060946
"SSR4",0.000374279767395287
"MTHFSD",0.000370048598778836
"DNAH17-AS1",0.000369102504628112
"DUSP4",0.000351057313251983
"TXNDC11-AS1",0.000342390775905374
"RPL21P39",0.000338128959438597
"NAP1L5",0.000336962258495971
"TANGO6",0.000335668235066335
"MICU2",0.000334099567874175
"PNPLA2",0.00033041062735598
"LINC03000",0.000325156486415729
"SRSF4",0.000321069187875
"VAV3-AS1",0.000313661843229793
"LNX2",0.000313466109025665
"MROH1",0.00031277806736135
"SDF4",0.000311434634291811
"PPTC7",0.000307003610045741
"CCNDBP1",0.000306554058209081
"PAQR9",0.000305354153873477
"LLPH",0.000291339158418695
"RPL21P7",0.000289706392552848
"PSMA2",0.000286858648562988
"CPOX",0.000285624001102592
"ZNF791",0.000285402884856138
"ATP1B3P1",0.0002808560324939
"ASH2L",0.000275710947567724
"RPL19P5",0.000275267346058846
"CD300C",0.000271973015287394
"MBNL1",0.000269960606958093
"FBXO33",0.000268367014224571
"RRM2B",0.000267575964134407
"TMEM263-DT",0.000264326353152682
"COL6A5",0.00025246681283268
"SLC39A14",0.000251546977980804
"CTBP1",0.000249559647303701
"UBA7",0.000237392874428154
"AGK",0.000237023484009058
"GLDC",0.000229157405635842
"IL16",0.000227687366895654
"SIMC1",0.000224900333218861
"SLC7A5",0.000224500978405281
"ZUP1",0.000221646889010068
"HNMT",0.000217533555747324
"RPL21P87",0.000209924406505398
"UVRAG",0.000208816059619694
"RNLS",0.000207360947913106
"SOSTDC1",0.000206472669328708
"SLC35D1",0.000204820133515288
"IL10RA",0.00019811649626311
"TCEAL4",0.000197934218352222
"USP47",0.000194955237625399
"RALGAPA1",0.000194623497099531
"TLR4",0.000187742090650547
"SNTB2",0.000183204323370762
"OSBPL10",0.000175190355274293
"NAA50",0.0001745456598528
"SPG11",0.000167418163855651
"SEPTIN1",0.000161492777614304
"LINC01823",0.000161450973961945
"WASHC2A",0.000160094994018705
"HNRNPA3",0.000159321192625524
"SUMO1P4",0.000154784074256344
"DNAJC8P1",0.000153943873094838
"VPS13B-DT",0.000153030582202234
"TMCC1",0.000139560123820399
"RPS12",0.000131175071427279
"ATP6V0B",0.000119914137912691
"NASPP1",0.000118383135494289
"TFG",0.000118146565742656
"CEP63",0.000114608462866761
"FLII",0.000112260411531872
"OAZ1",0.000110261983094132
"THUMPD3-AS1",0.000104989668944243
"ELOBP2",0.000101809784937792
"AP1G1",0.000101630282680674
"CASK",0.000100637180425362
"SLC39A1",0.000100245680438198
"PRR15L",9.84362352642184e-05
"CLEC12A",9.4534816856092e-05
"CDH4",9.36291821089385e-05
"S100A11P2",9.32608723982767e-05
"ANXA4",8.91689262050748e-05
"BRMS1L",8.54097366350589e-05
"SP140L",8.41500251145842e-05
"NONOP2",8.18681704346984e-05
"TMEM185B",8.12034555793656e-05
"PIM2",7.88606807130351e-05
"YIPF1",7.79594470239632e-05
"RNU6-223P",7.72172581156643e-05
"PEX2",7.66231517793792e-05
"SPR",7.42109590297087e-05
"RPL5P17",7.30032041517719e-05
"EMC10",5.88623617658971e-05
"TBCC",5.83974819866411e-05
"PNISR",5.79820957061155e-05
"GLIPR1L1",5.64801011820873e-05
"ZNF24",5.54829251169119e-05
"FBXO5",5.09968647732119e-05
"RPL31P4",4.71029192732768e-05
"FBXO38-DT",4.12856567634968e-05
"SLC39A13-AS1",3.86946772002818e-05
"SPRY4-AS1",3.7880323138615e-05
"ALKBH8",3.52470595119034e-05
"CDC16",3.52460342734346e-05
"TTC32",2.91075648080161e-05
"PARG",2.84720473789793e-05
"SUCLG2-DT",2.69688443362475e-05
"CCDC18-AS1",2.66344538820435e-05
"RPL29P12",2.39163598810084e-05
"MCPH1-AS1",2.36378156496117e-05
"HMGN2P18",1.92450745125713e-05
"AK1",1.78491044307124e-05
"RPS3AP51",1.68985820200163e-05
"DGLUCY",1.67229435650448e-05
"LTC4S",1.5962731802024e-05
"MCFD2",1.46069846627322e-05
"TACC1",1.07622854400869e-05
"GSR",8.1839492577799e-06
"AXIN1",8.02917565166242e-06
"IFIH1",6.90596345420039e-06
"KDM4B",6.77621624058936e-06
"VPS33A",6.52376736454501e-06
"FBXL2",3.78956952570044e-06
"HNRNPA1L3",3.6480218058276e-06
"ENC1",3.46836530917303e-06
"RBM18",2.82075888677154e-06
"CHST11",2.71989277831361e-06
"FPGT",1.66867763017922e-06
"G3BP2",6.11081069377712e-07
"ABCF1",4.18322741105501e-07
"C20orf144",4.17333156999839e-07
"IPO8",6.53114361972266e-08
"FURIN",3.85916311859684e-08
"NCAPD3",4.96848090605273e-09
"PRDM16",0
"RPL21P21",0
"EEF1DP6",0
"LINC02782",0
"LINC02781",0
"MTCYBP45",0
"PGAM1P11",0
"IFITM3P7",0
"AJAP1",0
"LINC01756",0
"PLA2G5",0
"FTLP18",0
"GRIK3",0
"HNRNPFP1",0
"GUCA2B",0
"RPS29P6",0
"PADI6",0
"LINC01654",0
"SHMT1P1",0
"FCF1P6",0
"TMA16P2",0
"MRPS6P2",0
"PARS2",0
"LAMTOR5P1",0
"KLF17",0
"RPL23AP85",0
"GTF2F2P2",0
"KLF18",0
"GAPDHP51",0
"RNFT1P2",0
"COX6A1P1",0
"RPL29P5",0
"GIPC2",0
"KRT8P21",0
"NDUFS5P3",0
"ST6GALNAC5",0
"COX6CP13",0
"GJA9",0
"NEGR1-IT1",0
"PGBD4P8",0
"MTND2P30",0
"GUCA2A",0
"SLC25A6P3",0
"PSAT1P3",0
"HNRNPA1P64",0
"PHKA1P1",0
"MTCO1P21",0
"MROH7-TTC4",0
"HNRNPCP9",0
"GJB4",0
"DMRTA2",0
"HMGB1P45",0
"MTND4P11",0
"MTCO3P21",0
"TBCAP2",0
"BARHL2",0
"SNX7-DT",0
"OOSP1P1",0
"RPS20P5",0
"TLCD4",0
"MATR3P3",0
"RPL21P23",0
"MTND3P21",0
"RPL21P26",0
"DNAJA1P5",0
"LINC01787",0
"MTATP6P13",0
"LINC02868",0
"CIMAP3",0
"GAPDHP64",0
"SEPTIN2P1",0
"LINC02788",0
"VPS25P1",0
"MTND5P20",0
"NEFHP1",0
"VDAC2P3",0
"HIGD1AP12",0
"TSHB",0
"PSMC1P12",0
"RPS15AP9",0
"UBE2WP1",0
"SLC6A17-AS1",0
"CDK4P1",0
"TXNP3",0
"LINC02799",0
"PPIAP7",0
"OR10AE1P",0
"NR1H5P",0
"MTCO2P21",0
"PFN1P12",0
"MTATP6P14",0
"NKAIN1P1",0
"FMO8P",0
"FMO11P",0
"LINC01720",0
"CNN2P10",0
"MTCO1P14",0
"CHIA",0
"PRELID1P7",0
"WDR82P2",0
"OR10J5",0
"LAMC2",0
"NR5A2",0
"NMNAT2",0
"ISCUP1",0
"HNRNPA1P46",0
"TFDP1P1",0
"LINC03121",0
"ATP5MC2P1",0
"LMX1A",0
"SELE",0
"CAPN8",0
"SPATA17",0
"ASTN1",0
"FMO10P",0
"SRP14P4",0
"CHCHD2P5",0
"KIF26B",0
"PRR13P1",0
"RPL7AP82",0
"LMX1A-AS2",0
"LINC01035",0
"LINC00210",0
"LINC01653",0
"HMGB1P11",0
"OR2L6P",0
"OR2L9P",0
"MORF4L1P7",0
"TGFB2-OT1",0
"TUBB8P10",0
"CLPTM1LP1",0
"SPMIP3",0
"SPATA45",0
"RPS3AP9",0
"SHCBP1L",0
"RPL23AP22",0
"RPL10AP5",0
"DUTP6",0
"PTP4A1P7",0
"SELP",0
"SLC4A1APP2",0
"RSL24D1P4",0
"BPNT2P1",0
"LINC01735",0
"NOS1AP",0
"GAPDHP75",0
"CCNQP1",0
"BRINP2",0
"TRNT1P1",0
"ZNF695",0
"SMYD3-IT1",0
"KRT18P28",0
"RPL23AP16",0
"RGS21",0
"RAC1P7",0
"NXNP1",0
"CHCHD4P5",0
"STYXL2",0
"GAPDHP29",0
"DPY19L4P1",0
"NDUFAF4P4",0
"LINC01691",0
"GPR52",0
"FEN1P1",0
"HMGB3P6",0
"NMNAT1P2",0
"VDAC1P10",0
"LINC01677",0
"PDC",0
"MIR4689",0
"RN7SL614P",0
"RNU6-1265P",0
"RNA5SP40",0
"MIR34A",0
"RNU6-110P",0
"MIR552",0
"RNU6-605P",0
"MIR4255",0
"RNU6-636P",0
"RNA5SP43",0
"RNU6-753P",0
"MIR6732",0
"MIR6733",0
"RNU2-30P",0
"RNU6-969P",0
"RNU6-1237P",0
"RNU6-1026P",0
"MIR6079",0
"MIR5581",0
"RNU7-62P",0
"RNU6-414P",0
"RNU6-1177P",0
"RN7SKP19",0
"RNU2-15P",0
"RNA5SP23",0
"MIR7156",0
"RN7SL62P",0
"RNU6-503P",0
"RN7SL854P",0
"RNU7-8P",0
"RNA5SP22",0
"RNA5SP52",0
"SNORD3G",0
"RNA5SP50",0
"RN7SL392P",0
"RNA5SP51",0
"RN7SL440P",0
"MIR30E",0
"RNU6-750P",0
"RNU6-1318P",0
"RNU6-695P",0
"MIR378G",0
"RNU4-75P",0
"MIR7852",0
"RNU1-130P",0
"RNU6-965P",0
"MIR320B1",0
"RN7SKP272",0
"RNA5SP56",0
"MIR942",0
"RN7SKP285",0
"RNU4ATAC8P",0
"RNA5SP55",0
"RNA5SP533",0
"MIR4256",0
"RNU6-352P",0
"RNU6-41P",0
"RNU5F-6P",0
"RNU6-716P",0
"RNU1-141P",0
"RNU6-778P",0
"RNU2-12P",0
"MIR1255B2",0
"RNU6-609P",0
"RN7SL299P",0
"MIR3119-1",0
"RNU6-570P",0
"MIR3119-2",0
"MIR4671",0
"RNU6-465P",0
"MIR205",0
"RN7SL333P",0
"RN7SL668P",0
"RNU6-1283P",0
"RN7SL344P",0
"RNA5SP80",0
"RNU6-1205P",0
"MIR488",0
"RNA5SP73",0
"RN7SKP156",0
"RNA5SP65",0
"RNA5SP62",0
"RNU5A-8P",0
"MIR3122",0
"RNA5SP63",0
"RN7SKP98",0
"RNA5SP77",0
"RN7SKP12",0
"MIR3124",0
"RNU6-1240P",0
"RPL21P27",0
"RPS4XP4",0
"MIR6084",0
"SCARNA18B",0
"MIR1278",0
"LINC01758",0
"RN7SL538P",0
"LRRC7-AS1",0
"CASP3P1",0
"EEF1A1P48",0
"SEPTIN14P12",0
"THAP12P8",0
"RFKP1",0
"HNRNPA1P42",0
"MIR3123",0
"RPL36P6",0
"APCS",0
"CRPP1",0
"CRP",0
"SNHG28",0
"MIR4254",0
"RNU6-817P",0
"MIR92B",0
"RNU6-586P",0
"RNU4ATAC4P",0
"RNU6-1031P",0
"CDCA4P3",0
"CDCA4P4",0
"OR10J6P",0
"RNU6-828P",0
"RN7SL731P",0
"KRT8P29",0
"MIR1182",0
"LINC01144",0
"FGFR3P6",0
"MIR3916",0
"VN1R17P",0
"GCSAML",0
"OR2G2",0
"OR2G3",0
"OR3D1P",0
"RNU6-991P",0
"ADH5P3",0
"FNDC7",0
"RANP5",0
"SCARNA2",0
"SCARNA4",0
"ARHGEF2-AS1",0
"PMF1-BGLAP",0
"RHBG",0
"MIR9-1",0
"CYP4X1",0
"CYP4Z1",0
"TUBAP9",0
"MTND1P34",0
"PDZK1IP1",0
"FOXE3",0
"VHLL",0
"LRRC52",0
"CORT",0
"F13B",0
"OLFM3",0
"NPPB",0
"SBF1P2",0
"RNU5E-1",0
"RNU5E-4P",0
"RNU6-777P",0
"RPL23AP89",0
"MIR7846",0
"MIR4632",0
"MIR5187",0
"RRM2P2",0
"RNU6-481P",0
"RN7SL261P",0
"GJA5",0
"GJA8",0
"RNU1-129P",0
"RNU6-1211P",0
"RNU6-809P",0
"ZFP69B",0
"SNRPFP2",0
"MIR3917",0
"RNU6-369P",0
"MIR5584",0
"SNORD55",0
"SNORD38B",0
"RNU5E-6P",0
"RNA5SP47",0
"MRPS17P1",0
"OSTCP5",0
"ZBTB40-IT1",0
"EPHA8",0
"MIR6127",0
"MIR4684",0
"MT1HL1",0
"RNU6-949P",0
"CHMP1AP1",0
"RNU6-424P",0
"RPEP3",0
"PDE4DIPP9",0
"MIR3675",0
"RNU1-5P",0
"PADI1",0
"PADI3",0
"MIR3972",0
"CICP13",0
"RNU6-791P",0
"HHIPL2",0
"NDUFB1P2",0
"ATP6V0CP4",0
"RNU6-880P",0
"HAUS4P1",0
"GAPDHP58",0
"HSD3B1",0
"GAPDHP32",0
"HSD3BP3",0
"GAPDHP27",0
"LINC00622",0
"HSD3BP5",0
"NOTCH2P1",0
"ADAM30",0
"INSRR",0
"RN7SL831P",0
"RN7SKP270",0
"RN7SL574P",0
"RPS21P1",0
"MTCYBP14",0
"MTND6P14",0
"MTND5P19",0
"MTND4P10",0
"MTND4LP21",0
"MTND3P8",0
"MTCO3P46",0
"MIR6737",0
"RPS7P2",0
"MIR5698",0
"OR13Z1P",0
"OR13Z2P",0
"OR13Z3P",0
"RN7SL654P",0
"MRPL57P1",0
"RPS23P10",0
"PROK1",0
"KCNA10",0
"OR11I1P",0
"RN7SL148P",0
"RNU6-106P",0
"RNU6-1297P",0
"RN7SKP247",0
"RNU1-114P",0
"RNVU1-17",0
"RNVU1-23",0
"RNVU1-18",0
"FAM91A3P",0
"RNU1-143P",0
"IGKV1OR1-1",0
"KCNK2",0
"CFAP57",0
"CFAP276",0
"ENO1P1",0
"MIR6735",0
"HYI-AS1",0
"RN7SL657P",0
"ACTG1P4",0
"AMYP1",0
"KIAA1191P3",0
"HMGB1P26",0
"RNF186",0
"PLA2G2E",0
"RN7SL304P",0
"OR2M7",0
"OR14C36",0
"KNCN",0
"ARTN",0
"KRT8P47",0
"RN7SL479P",0
"OR2T3",0
"OR2T5",0
"OR2AS2P",0
"OR2AS1P",0
"OR2T34",0
"LCE3B",0
"LCE3A",0
"LCE2D",0
"LCE2B",0
"LCE2A",0
"PRAMEF15",0
"PRAMEF14",0
"PRAMEF17",0
"LPCAT2BP",0
"GAPDHP46",0
"PRKAR1AP1",0
"HMGN1P5",0
"OR10T2",0
"OR10T1P",0
"EI24P2",0
"OR10R3P",0
"RNA5SP53",0
"FCAMR",0
"RN7SL788P",0
"PDCL3P6",0
"DNAJC19P7",0
"ANAPC10P1",0
"MIXL1",0
"MIR320B2",0
"RNU6-1008P",0
"DNAJB6P6",0
"SNORA55",0
"RNU7-121P",0
"YBX1P9",0
"RPS3AP7",0
"RN7SKP165",0
"CDKN2AIPNLP1",0
"MIR6878",0
"RNU6-1042P",0
"UBE2D3P3",0
"WNT3A",0
"LINC02809",0
"MIR3620",0
"OBSCN-AS1",0
"MIR6742",0
"TRIM17",0
"MIR4666A",0
"RNA5SP19",0
"RNA5SP162",0
"NCMAP",0
"FAM167B",0
"RNU6ATAC35P",0
"LINC01352",0
"RPL7AP81",0
"PRELID3BP1",0
"RN7SL464P",0
"RPL30P1",0
"KCND3-IT1",0
"KCND3-AS1",0
"RPS27P5",0
"GLRX5P2",0
"EIF1P2",0
"RNU6-608P",0
"RNA5SP44",0
"CCNT2P1",0
"RNA5SP54",0
"RNU7-57P",0
"PSMD8P1",0
"RNU6-1309P",0
"OR10J8P",0
"HMGB1P48",0
"DAB1",0
"HSPD1P14",0
"HMGB4",0
"FAM133FP",0
"ZNF847P",0
"SNAP47-AS1",0
"PRAMEF28P",0
"PRAMEF27",0
"PRAMEF34P",0
"PRAMEF35P",0
"HNRNPCL2",0
"AMIGO1",0
"RNU6V",0
"MIR197",0
"AKR7A2P1",0
"NGF",0
"SSBP3-AS1",0
"HNRNPA1P63",0
"SERPINC1",0
"LINC01737",0
"RNA5SP79",0
"RN7SL837P",0
"NENFP1",0
"RN7SL466P",0
"FDPSP8",0
"RD3",0
"SNORD45C",0
"SNORD45A",0
"SNORD45B",0
"MSH4",0
"MPL",0
"MIR6734",0
"MIR4677",0
"FABP7P1",0
"BCAN-AS1",0
"MIR4421",0
"MIR6500",0
"RNU6-877P",0
"RNU6-1281P",0
"TUBB8P11",0
"RNF223",0
"LINC01342",0
"RPL23AP90",0
"BRDT",0
"MIR5585",0
"SNORD21",0
"RNU6-970P",0
"RN7SL692P",0
"RNU6-210P",0
"RN7SKP123",0
"RNU7-200P",0
"MIR1256",0
"RNU4-57P",0
"CCDC185",0
"RNU1-74P",0
"TNNI3K",0
"LRRC53",0
"FPGT-TNNI3K",0
"BRWD1P1",0
"RNA5SP41",0
"RNA5S1",0
"RNA5S2",0
"RNA5S3",0
"RNA5S4",0
"RNA5S5",0
"RNA5S6",0
"RNA5S7",0
"RNA5S8",0
"RNA5S10",0
"RNA5S11",0
"RNA5S12",0
"RNA5S13",0
"RNA5S14",0
"RNA5S15",0
"RNA5S16",0
"RNA5S17",0
"RNA5SP18",0
"DUSP5P1",0
"RNVU1-30",0
"FAM91A2P",0
"RNU1-68P",0
"RNU6-704P",0
"IGFN1",0
"RNA5SP75",0
"RPL13AP11",0
"RNU6-1304P",0
"LEFTY3P",0
"LEFTY1",0
"MIR6741",0
"LEFTY2",0
"NDUFA3P3",0
"RNU6-537P",0
"MIR765",0
"FMN2",0
"GREM2",0
"RNU5F-8P",0
"ADGRB2",0
"TTC24",0
"IL20",0
"DNASE2B",0
"OR2L3",0
"PRAMEF9",0
"OR2T35",0
"KLHDC7A",0
"CELF3",0
"RIIAD1",0
"KRT8P28",0
"KPLCE",0
"LCEP2",0
"LCEP1",0
"LCE1F",0
"LCE1E",0
"LCE1D",0
"AMY1A",0
"AMY1B",0
"AMY1C",0
"HPDL",0
"NFASC",0
"CNTN2",0
"SYPL2",0
"RNU6-180P",0
"RN7SKP276",0
"SNORA73A",0
"SNORD99",0
"SNORA61",0
"SNORA44",0
"SNORA16A",0
"RNU11",0
"AMY2A",0
"GOLT1A",0
"RPL12P45",0
"EFCAB14P1",0
"RN7SL503P",0
"C1orf146",0
"RN7SL824P",0
"HMGB3P9",0
"RNU4-59P",0
"H3P3",0
"OR10X1",0
"OR6K1P",0
"OR6K3",0
"OR2AQ1P",0
"OR10AA1P",0
"OR10J3",0
"OR14A16",0
"HSD17B7P1",0
"OR11L1",0
"OR2W3",0
"OR2AJ1",0
"CLK3P2",0
"OR2X1P",0
"OR2L8",0
"TLR12P",0
"OR2T6",0
"OR2M1P",0
"OR2M5",0
"OR2M2",0
"GM2AP2",0
"CYCSP53",0
"HSPB7",0
"CLCNKA",0
"OR2T8",0
"ZBTB2P1",0
"OR6F1",0
"OR14K1",0
"OR9H1P",0
"OR10K1",0
"OR2T12",0
"RN7SL432P",0
"RNY1P13",0
"OR2T29",0
"MIR6859-1",0
"MIR1302-2",0
"OR4F5",0
"OR2G6",0
"OR13G1",0
"OR1C1",0
"OR2M3",0
"OR2T10",0
"OR2T11",0
"OR10Z1",0
"LINC01788",0
"RNU6-884P",0
"RPL23AP20",0
"BECN2",0
"MAP1LC3C",0
"TUBB8P6",0
"MIR3117",0
"CNIH3-AS1",0
"PLPPR4",0
"OR2T4",0
"INSL5",0
"SLC2A7",0
"OR6K2",0
"LCE4A",0
"RNU1-6P",0
"PDE4DIPP8",0
"RNU1-3",0
"ACTRT2",0
"MIR4251",0
"CELA3B",0
"RN7SL386P",0
"RNU6-1022P",0
"CELA3A",0
"RN7SL186P",0
"RNU6-776P",0
"MIR4418",0
"AVPR1B",0
"RPL22P4",0
"RNU1-4",0
"UBE2U",0
"LCE1C",0
"HMGN3P1",0
"CRNN",0
"LCE5A",0
"CRCT1",0
"LCE3E",0
"LCE3D",0
"TEKT2",0
"RN7SL131P",0
"UBE2V2P4",0
"A3GALT2",0
"MIR3605",0
"RN7SL44P",0
"RNU4-27P",0
"SNORA63C",0
"ASCL5",0
"MIR3115",0
"RNU6-135P",0
"LCE1B",0
"LCE1A",0
"SMCP",0
"IVL",0
"LINC01527",0
"SPRR4",0
"SPRR3",0
"SPRR2D",0
"SPRR2A",0
"SPRR2B",0
"SPRR2E",0
"SPRR2G",0
"CADM3",0
"RNA5SP60",0
"OR10J1",0
"MYOM3-AS1",0
"CRIP1P3",0
"MROH9",0
"FMO3",0
"MIR1295A",0
"MIR1295B",0
"PEAR1",0
"NUCKS1P1",0
"RNA5SP42",0
"C1orf94",0
"RPL6P31",0
"HJV",0
"RNVU1-6",0
"RNU6-1071P",0
"NUDT4P2",0
"TEX46",0
"RNU6-723P",0
"RNU4-61P",0
"RPL21P25",0
"AGBL4-AS1",0
"AGBL4-IT1",0
"ZNF859P",0
"MTND2P29",0
"C1orf185",0
"CFL1P3",0
"RNA5SP529",0
"PFN1P6",0
"RNVU1-26",0
"MIR4424",0
"RPTN",0
"RNVU1-14",0
"RN7SL165P",0
"RPL12P13",0
"OSTCP2",0
"LIN28A",0
"DMRTB1",0
"GLIS1",0
"RNU7-95P",0
"MIR378F",0
"RPL36P5",0
"DNM3-IT1",0
"MIR214",0
"MIR3120",0
"MIR199A2",0
"RNU6-157P",0
"RNU6-947P",0
"RNU6-999P",0
"RNU1-132P",0
"KIF26B-AS1",0
"DNAJC19P8",0
"H3-4",0
"ABCA4",0
"KISS1",0
"PRKAA2",0
"KDF1",0
"VTCN1",0
"CYP4A22",0
"ARL5AP3",0
"MIR1262",0
"DIRAS3",0
"MYOCOS",0
"OR6N2",0
"H3C14",0
"OR2T1",0
"SEC16B",0
"LCE2C",0
"OR2C3",0
"HNRNPA3P14",0
"ARID3BP1",0
"ST13P20",0
"LCE3C",0
"UBE2V1P8",0
"RPL23AP17",0
"MIR5191",0
"RNU6-501P",0
"MIR1231",0
"MIR6739",0
"MIR6736",0
"RNU7-70P",0
"NUTF2P4",0
"RNVU1-19",0
"RPL36AP9",0
"FOXO6-AS1",0
"MIR664A",0
"SNORA36B",0
"AURKAP1",0
"XRCC6P3",0
"RN7SL861P",0
"CCDC190",0
"P3R3URF-PIK3R3",0
"COX7BP4",0
"P3R3URF",0
"CCDC181",0
"PALMD",0
"HMGB3P10",0
"RN7SKP195",0
"MIR4428",0
"ZP4",0
"RPS3AP11",0
"RNU6-536P",0
"PPIAL4C",0
"PPIAL4D",0
"PPIAL4E",0
"HNRNPA1P59",0
"MYOG",0
"MYBPH",0
"RNU6-1099P",0
"NPM1P40",0
"RNA5SP66",0
"RNU7-13P",0
"LENEP",0
"RPS3AP8",0
"APOBEC4",0
"AKNAD1",0
"LINC00626",0
"SUMO1P2",0
"TMOD4",0
"CALML6",0
"UBE2FP3",0
"RNU6-792P",0
"FOXO6",0
"RNA5SP45",0
"EDN2",0
"LINC01140",0
"MIR4711",0
"RN7SL475P",0
"SLC44A5",0
"S100A5",0
"ACO2P2",0
"KPRP",0
"MTARC2",0
"RNA5SP59",0
"LINC01686",0
"MYBPHL",0
"LACTBL1",0
"PYHIN5P",0
"RAD1P2",0
"C8A",0
"MIR4735",0
"RN7SL326P",0
"CFHR3",0
"ADORA2BP1",0
"RIMKLA",0
"C8B",0
"RPSAP18",0
"RNU4-42P",0
"MIR7856",0
"RPL7L1P22",0
"CLCA2",0
"CLCA1",0
"CLCA4",0
"CDCA4P2",0
"MIR4753",0
"PFN1P8",0
"RNU1-151P",0
"RNVU1-8",0
"RNU6-1171P",0
"RN7SKP88",0
"RNVU1-24",0
"TMEM82",0
"PPP1R11P1",0
"BMP8B-AS1",0
"LHX8-AS1",0
"RNU6-622P",0
"MIR4423",0
"PLPPR5",0
"RNU6-239P",0
"RNU6-121P",0
"FCRL4",0
"VDAC1P9",0
"MIR4654",0
"RNA5SP61",0
"MIR556",0
"C1orf226",0
"TEX35",0
"C1orf220",0
"RNA5SP69",0
"RNA5SP76",0
"RN7SL431P",0
"MIR190B",0
"CFAP141",0
"SNORA58B",0
"GAPDHP20",0
"LRRC37A12P",0
"RN7SL122P",0
"ARHGEF16",0
"MIR551A",0
"TP73-AS2",0
"C1orf141",0
"MIR1537",0
"RNU6-968P",0
"RNU6ATAC18P",0
"MIR6730",0
"AADACL3",0
"PRAMEF1",0
"PRAMEF11",0
"PRAMEF30P",0
"PRAMEF4",0
"PRAMEF10",0
"RNU6-1072P",0
"PRAMEF29P",0
"PRAMEF6",0
"PRAMEF13",0
"RNU6-771P",0
"PRAMEF33",0
"AADACL4",0
"PRAMEF7",0
"PRAMEF5",0
"PRAMEF8",0
"PRAMEF20",0
"LRRC38",0
"RN7SL713P",0
"LINC01647",0
"DRAXIN",0
"PRAMEF19",0
"RPL22P6",0
"ZBED6",0
"MIR6068",0
"RNA5SP49",0
"RPSAP65",0
"ATP6V1G3",0
"MIR181B1",0
"MIR181A1",0
"RNU6-1062P",0
"RNU6-662P",0
"SNRPEP10",0
"RNU6-1248P",0
"RNU6-1319P",0
"MIR4426",0
"RN7SKP126",0
"TRIM67-AS1",0
"RNU7-80P",0
"COX6B1P7",0
"MRPS18BP1",0
"CHRNB2",0
"TMEM275",0
"PRR9",0
"RPLP0P4",0
"LORICRIN",0
"PGLYRP3",0
"PGLYRP4",0
"RNU6-160P",0
"S100A15A",0
"S100A7A",0
"S100A7P1",0
"S100A7",0
"S100A7L2",0
"SCNN1D",0
"MIR6726",0
"RN7SL480P",0
"RNU2-17P",0
"MIR6727",0
"MIR6808",0
"NDUFB4P8",0
"CD164L2",0
"MTCO1P38",0
"MTCYBP15",0
"MTND6P15",0
"MTND5P18",0
"MZT1P1",0
"RN7SKP269",0
"TMEM274P",0
"MIR5697",0
"PDZK1",0
"RNU6-693P",0
"SLC25A38P1",0
"RNU1-153P",0
"RNU1-154P",0
"PRAMEF25",0
"RPL7AP18",0
"ATP6V0E1P4",0
"HSPE1P24",0
"CFL1P6",0
"RNU6-1176P",0
"MRPS21P1",0
"SERTAD4",0
"RPS29P7",0
"CFHR4",0
"KLHDC8A",0
"MIR135B",0
"LEMD1-DT",0
"CR2",0
"RNA5SP534",0
"CFAP97P1",0
"RNU6-171P",0
"RNU6-755P",0
"WNT9A",0
"MIR5008",0
"CICP26",0
"SNRPEP7",0
"FCN3",0
"SPRR5",0
"OR2AK2",0
"OR6K6",0
"OR10R2",0
"OR2L13",0
"LCE7A",0
"OR14L1",0
"PRAMEF18",0
"CLEC20A",0
"TAS1R2",0
"CFHR2",0
"AKR1D1P1",0
"LINC01699",0
"RNA5SP70",0
"CAMTA1-AS3",0
"RNU1-8P",0
"MEF2AP1",0
"RNU5F-2P",0
"RNU6-291P",0
"RPL39P6",0
"UBE2V2P3",0
"MIR1976",0
"RN7SL679P",0
"RNU7-29P",0
"WBP1LP7",0
"RNU6-1102P",0
"MIR8083",0
"RN7SL372P",0
"GEMIN2P1",0
"IPO8P1",0
"EPS8L3",0
"OR2T7",0
"WBP1LP6",0
"OR4F16",0
"CICP3",0
"CICP21",0
"RNU6-747P",0
"GYG1P3",0
"MIR4422",0
"KIRREL1-IT1",0
"SMIM42",0
"RNU1-7P",0
"RPL23AP19",0
"MIR6728",0
"RNU6-304P",0
"CA6",0
"RN7SL451P",0
"MIR5087",0
"RNVU1-21",0
"RNVU1-1",0
"RNU1-155P",0
"MIR6077",0
"RNVU1-2",0
"RNVU1-3",0
"CYCSP4",0
"SETP10",0
"COX5BP8",0
"MIR4252",0
"FAM163A",0
"RPSAP16",0
"LHX4",0
"YWHAQP9",0
"HNRNPA1P6",0
"PGBP",0
"FMO9P",0
"OR2T32P",0
"OR2L1P",0
"ZNF731P",0
"OR2W5P",0
"PDZK1P1",0
"H2BP2",0
"CHIAP2",0
"PRAMEF36P",0
"PDE4DIPP7",0
"H2BC19P",0
"H2BC20P",0
"DDX11L1",0
"OR4G11P",0
"CROCCP4",0
"MST1L",0
"SLC35E2A",0
"LINC01145",0
"KMT2CP2",0
"PDE4DIPP4",0
"MGAT4FP",0
"SEPTIN7P13",0
"NBPF25P",0
"CLCA3P",0
"GTF2IP20",0
"CROCCP2",0
"H2BP1",0
"MTMR9LP",0
"FCGR1BP",0
"GBA1LP",0
"FAAHP1",0
"EMBP1",0
"LINC00869",0
"SEPTIN14P21",0
"LINC01347",0
"PDE4DIPP6",0
"MIR6731",0
"RNU4-28P",0
"MICOS10-NBL1",0
"RNU6-487P",0
"LARP7P1",0
"SEC22B4P",0
"RNA5SP536",0
"HYDIN2",0
"RPL7AP15",0
"TRABD2B",0
"LINC02794",0
"CYP46A4P",0
"SKINT1L",0
"SLC5A9",0
"PPP1R8P1",0
"SOD2P1",0
"HES3",0
"MIR200B",0
"MIR200A",0
"MIR429",0
"RGS4",0
"KRT18P12",0
"UBE2V1P13",0
"GAPDHP24",0
"CDCP2",0
"ZNF648",0
"YPEL5P1",0
"RNU6-152P",0
"MIR4794",0
"ALX3",0
"UBL4B",0
"TXN2P1",0
"ASB17",0
"RNU6-161P",0
"RNU4-77P",0
"MIR4427",0
"ADORA1",0
"CYP4Z2P",0
"TUBAP8",0
"CYP4A26P",0
"CYP4A43P",0
"CYP4A27P",0
"CYP4A44P",0
"CAPNS1P1",0
"BSND",0
"PTGER3",0
"RSPO1",0
"EPHA10",0
"ACTN4P2",0
"RNU6-584P",0
"ERI3-IT1",0
"ZYG11A",0
"H3P2",0
"RRAS2P1",0
"TUBBP10",0
"HIGD1AP11",0
"SLC1A7",0
"PATJ-DT",0
"EIF2S2P5",0
"RPS3AP10",0
"RNA5SP64",0
"FAM78B",0
"FAM78B-AS1",0
"MIR921",0
"FMO7P",0
"RABGAP1L-IT1",0
"RNU6-307P",0
"ENTR1P2",0
"TNN",0
"RPS29P4",0
"LINC01657",0
"LMOD1",0
"SNORA70H",0
"MIR6740",0
"RFKP5",0
"RN7SKP49",0
"SNRPD2P2",0
"TSNAX-DISC1",0
"LYPD8",0
"FNDC5",0
"MIR29C",0
"MIR29B2",0
"RNA5SP21",0
"NBPF4",0
"SLC25A24P1",0
"NBPF5P",0
"NBPF6",0
"ST13P21",0
"RPL7L1P21",0
"THAP3P1",0
"PIN1P1",0
"RPL31P11",0
"HDAC1P2",0
"MND1P1",0
"PUDPP2",0
"SLC25A3P1",0
"RPS10P7",0
"ACTG1P25",0
"SLC44A3-AS1",0
"PFN1P2",0
"KIF28P",0
"CYMP",0
"BTNL10P",0
"MROH3P",0
"UOX",0
"MGAT4EP",0
"CRYZL2P",0
"GFOD3P",0
"ZPLD2P",0
"GNRHR2",0
"CALR4P",0
"PRAMEF26",0
"PRAMEF32P",0
"HNRNPA3P12",0
"LDLRAD1",0
"MIR4781",0
"COX7BP3",0
"LINC01648",0
"RN7SKP91",0
"RN7SL371P",0
"SELENOWP1",0
"NKAIN1",0
"RNU6-40P",0
"LDC1P",0
"TP73",0
"OR14A2",0
"C1orf232",0
"CNKSR1",0
"GPR61",0
"ESPNP",0
"RN7SL269P",0
"MRPS10P1",0
"SIGLEC30P",0
"RN7SKP160",0
"RNA5SP67",0
"DYNLL1P3",0
"REN",0
"CACNA1S",0
"PCSK9",0
"MIR4422HG",0
"ELOCP18",0
"DEPDC1",0
"TXNP2",0
"TNR-IT1",0
"ACKR1",0
"GOT2P2",0
"RNA5SP46",0
"TMEM125",0
"C1orf210",0
"TIE1",0
"LINC01633",0
"RNA5SP72",0
"OPTC",0
"MIR761",0
"RNA5SP48",0
"RN7SL290P",0
"TTLL10-AS1",0
"MTOR-AS1",0
"TMCC2-AS1",0
"BLACAT1",0
"RNU2-19P",0
"TNNT2",0
"CROCCP3",0
"OR14I1",0
"LYPD9P",0
"AHCYP8",0
"DPT",0
"LINC00970",0
"KCNJ9",0
"ATP1A4",0
"CASQ1",0
"CNOT7P2",0
"RN7SL420P",0
"RNU6-1246P",0
"RLIMP2",0
"FLG",0
"RNU6-403P",0
"AVPR1B-DT",0
"RPL6P2",0
"LINC01780",0
"RNU1-75P",0
"HAO2-IT1",0
"GAPDHP74",0
"HSD3BP2",0
"GAPDHP23",0
"RNA5SP57",0
"RNVU1-22",0
"RN7SL583P",0
"RPL36AP10",0
"RNU6-725P",0
"KRT18P32",0
"LINC00538",0
"PROX1",0
"LINC01760",0
"RPL26P9",0
"MIR2682",0
"MIR137",0
"NFU1P2",0
"MTCO2P34",0
"RN7SKP291",0
"RNU6-830P",0
"PIGQP1",0
"RPSAP20",0
"TBX15",0
"WARS2-IT1",0
"MIR557",0
"QRSL1P1",0
"C1orf167-AS1",0
"MIR4695",0
"RN7SL180P",0
"MIR3116-1",0
"MIR3116-2",0
"PIGPP2",0
"RPS15AP7",0
"RNU6-371P",0
"RN7SL488P",0
"RNU7-123P",0
"RN7SL130P",0
"RNU5A-5P",0
"GPR88",0
"RPL7AP17",0
"RPL36AP12",0
"FOXD3-AS1",0
"MIR3121",0
"TMEM78",0
"SETP9",0
"PPIAP37",0
"ITLN2",0
"MIR3658",0
"SCARNA21B",0
"RNU7-179P",0
"CD24P1",0
"RSC1A1",0
"TEX50",0
"LINC02961",0
"RNY4P16",0
"ANO7L1",0
"MRPS21P2",0
"RPL22P24",0
"RNU7-183P",0
"MCRIP2P2",0
"TMEM61",0
"IGSF21-AS1",0
"LINC01767",0
"LINC01778",0
"RNF207-AS1",0
"NTRAS",0
"LINC01717",0
"TTC39A-AS1",0
"NFIA-AS1",0
"LINC02795",0
"LINC02772",0
"LINC02818",0
"LINC01360",0
"LINC02775",0
"LINC01770",0
"MFSD4A-AS1",0
"LINC01757",0
"NFIA-AS2",0
"LINC01783",0
"LINC01680",0
"LINC02780",0
"LINC01753",0
"LINC02869",0
"USH2A-AS1",0
"LINC01745",0
"LINC01750",0
"CAMTA1-AS2",0
"LINC01702",0
"KCNH1-IT1",0
"PPM1J-DT",0
"GRHL3-AS1",0
"LINC01688",0
"SPATA42",0
"LRRC52-AS1",0
"LINC01344",0
"LINC01701",0
"LINC01763",0
"LINC02805",0
"DHCR24-DT",0
"LINC01364",0
"LINC01031",0
"LINC02784",0
"LINC02769",0
"SLC35F3-AS1",0
"LINC01755",0
"LINC01349",0
"CYMP-AS1",0
"LINC01675",0
"LINC02770",0
"PRKCZ-DT",0
"LINC01139",0
"NECTIN4-AS1",0
"LINC01353",0
"LINC02787",0
"LINC02817",0
"LINC01221",0
"LINC02813",0
"BRINP3-DT",0
"PLPPR5-AS1",0
"LINC01738",0
"LINC01350",0
"LINC01781",0
"LINC02567",0
"SMYD3-AS1",0
"LINC02778",0
"NGF-AS1",0
"MDS2",0
"LINC02792",0
"USH2A-AS2",0
"POU2F1-DT",0
"LPGAT1-AS1",0
"CSMD2-AS1",0
"RNF186-AS1",0
"LINC01354",0
"LINC01682",0
"LINC01696",0
"LINC01645",0
"LINC01741",0
"LINC01661",0
"LINC01222",0
"LINC01632",0
"DCST1-AS1",0
"LINC01676",0
"LINC00853",0
"LINC01345",0
"PRDM16-DT",0
"OVAAL",0
"LINC01704",0
"LINC01765",0
"LINC03102",0
"LINC01774",0
"ZMPSTE24-DT",0
"LINC02591",0
"LINC00582",0
"LINC02791",0
"LINC01707",0
"LINC02802",0
"LINC01672",0
"RWDD3-DT",0
"LINC01777",0
"LINC01389",0
"IBA57-DT",0
"DEPDC1-AS1",0
"LINC01142",0
"LINC02789",0
"RGS5-AS1",0
"ELAVL4-AS1",0
"LINC01226",0
"LINC01525",0
"CAMTA1-AS1",0
"ERICH3-AS1",0
"ERLNC1",0
"LMX1A-AS1",0
"LINC02596",0
"LINC01736",0
"SERTAD4-AS1",0
"SPATA17-AS1",0
"LINC01779",0
"LINC02771",0
"RNU6-510P",0
"MIR3659HG",0
"MIR3659",0
"MIR1302-2HG",0
"FAM138A",0
"MIR6859-2",0
"NHLH2",0
"HNRNPA1P43",0
"LINC01649",0
"TEDDM1",0
"LINC00272",0
"TEDDM2P",0
"CADM3-AS1",0
"PYDC5",0
"HNRNPA1P68",0
"FAM87B",0
"EEF1GP7",0
"OAZ1P1",0
"FTH1P22",0
"CHIAP3",0
"KMT2CP3",0
"RPL7AP19",0
"TUBB8P9",0
"CBX1P3",0
"UBBP2",0
"RPL23AP25",0
"GEMIN8P4",0
"CHORDC1P5",0
"RPS7P5",0
"MSTO2P",0
"PDE4DIPP1",0
"PFN1P4",0
"HSD3BP4",0
"NBPF7P",0
"NDUFS5P2",0
"HSPA7",0
"PDE4DIPP3",0
"FCGR1CP",0
"RPL22P5",0
"SRGAP2D",0
"HMGN2P19",0
"LCEP4",0
"LCEP3",0
"LINC00302",0
"MMP23A",0
"CHIAP1",0
"RPS27AP6",0
"AIMP1P2",0
"NBPF18P",0
"OR6K4P",0
"OR6K5P",0
"OR6R1P",0
"FAM131C2P",0
"OR4G4P",0
"EIF1AXP1",0
"SPRR2C",0
"KMT2CP1",0
"DRD5P2",0
"SPTLC1P4",0
"PFN1P3",0
"RPL32P6",0
"H3P1",0
"H2BC27P",0
"MED28P8",0
"SEC22B2P",0
"RPL29P7",0
"UQCRBP2",0
"NBPF13P",0
"SEC22B3P",0
"CROCCP5",0
"SLAMF6P1",0
"PRAMEF31P",0
"H3P4",0
"PDE4DIPP5",0
"C4BPAP2",0
"SEPTIN14P17",0
"RPL23AP24",0
"NDUFA5P10",0
"ABHD17AP3",0
"GCSHP5",0
"SLC25A24P2",0
"WASH7P",0
"HSD3BP1",0
"C4BPAP1",0
"MT1XP1",0
"DDX11L17",0
"WASH9P",0
"ERRFI1-DT",0
"RPL35AP6",0
"LINC01341",0
"CYCSP5",0
"C1orf202",0
"FMO6P",0
"GPR199P",0
"TMEM35B",0
"LINC02806",0
"EPHA2-AS1",0
"CYP4A22-AS1",0
"CHRM3-AS1",0
"LINC01650",0
"TPO",0
"TRAPPC12-AS1",0
"LINC01247",0
"SNTG2",0
"LINC02973",0
"MSGN1",0
"EIPR1-IT1",0
"HS1BP3-IT1",0
"LRATD1",0
"CDK8P1",0
"PIK3CDP1",0
"NTSR2",0
"LINC02850",0
"OSR1",0
"RPS16P2",0
"LINC01866",0
"CRTC1P1",0
"MATN3",0
"RPL36AP14",0
"XDH",0
"FTH1P6",0
"LHCGR",0
"LINC01318",0
"ZFYVE9P2",0
"KCNG3",0
"FBXL12P1",0
"FSHR",0
"RPL21P70",0
"VDAC1P13",0
"DNAJB12P1",0
"RPL37P13",0
"PSMC1P10",0
"SUPT4H1P1",0
"RPL26P15",0
"RPS20P9",0
"MTND4P25",0
"RPS15AP15",0
"RPL21P37",0
"ST6GALNAC2P1",0
"MTND5P27",0
"EVA1A",0
"PPIAP64",0
"LRRTM4-AS1",0
"ELOBP3",0
"TPT1P11",0
"REG3G",0
"REG1A",0
"LINC01809",0
"SMIM7P1",0
"MTND6P7",0
"DRD5P1",0
"RPL37P10",0
"RPL12P18",0
"LYARP1",0
"SUCLA2P2",0
"RPL26P13",0
"FABP1",0
"EVA1A-AS",0
"ANKRD11P1",0
"ZNF863P",0
"MRPL50P1",0
"ANAPC1P3",0
"CRLF3P3",0
"CHMP4AP1",0
"NDUFB4P7",0
"DHFRP3",0
"CCDC12P1",0
"RBX1P1",0
"GALNT14",0
"ABCD1P5",0
"CIB4",0
"CTBP2P5",0
"LDHAP3",0
"GGT8P",0
"LINC01867",0
"PNPP1",0
"PSAT1P2",0
"SLC9A2",0
"CAPZBP1",0
"RPL21P36",0
"GGCTP3",0
"FAM110C",0
"RPL22P11",0
"OTX1",0
"TCF7L1-IT1",0
"NKAIN1P2",0
"DBF4P3",0
"ILRUNP1",0
"DUXAP1",0
"CIMIP2C",0
"MTCYBP39",0
"ANAPC1P5",0
"MTND1P29",0
"ST6GAL2-IT1",0
"SLC5A7",0
"PPIAP63",0
"LINC01593",0
"MTND4P26",0
"MTND2P21",0
"RPL22P8",0
"KNOP1P3",0
"DPP10-AS2",0
"IGKV1OR2-1",0
"SMYD1",0
"NT5C1B-RDH14",0
"NXPH2",0
"EIF2S2P7",0
"MTCO1P43",0
"NCKAP5-IT1",0
"CRYGGP",0
"EN1",0
"KRT18P33",0
"GACAT1",0
"PABPC1P6",0
"XIAPP3",0
"MTND1P28",0
"YY1P2",0
"STON1-GTF2A1L",0
"AHCYP4",0
"MTND6P9",0
"SDHCP3",0
"PPP1R2P5",0
"SNRPGP9",0
"DRC1",0
"GAPDHP57",0
"MRPS18BP2",0
"MTCYBP9",0
"TOMM40P4",0
"DSTNP5",0
"ATP5MC2P3",0
"DBF4P2",0
"RPL9P13",0
"RPSAP23",0
"KCNJ3",0
"COPRSP1",0
"SLC6A14P3",0
"MTND2P22",0
"IGKV1OR2-2",0
"RPS21P2",0
"LRRC57P1",0
"C2orf80",0
"JPT1P1",0
"MTCO1P44",0
"RPL27P7",0
"RPS15AP13",0
"RPS16P3",0
"CBY1P1",0
"TBR1",0
"MTND2P19",0
"EDDM3CP",0
"RPSAP27",0
"MTCO1P7",0
"LINC01832",0
"ALDH7A1P2",0
"BMS1P19",0
"RPL27AP4",0
"EXTL2P1",0
"MTCO1P45",0
"MTND1P27",0
"LINC01854",0
"RPL17P15",0
"RPS20P12",0
"KRT18P46",0
"LINC01790",0
"LY75-CD302",0
"TPT1P2",0
"MTND2P20",0
"HSPE1P9",0
"YWHAEP5",0
"RPL23AP28",0
"MTCO2P7",0
"ELOAP1",0
"SRSF3P6",0
"VPS26CP1",0
"MDH1B",0
"TXNL4AP1",0
"PSMD14P1",0
"MTND4P28",0
"MTATP6P7",0
"RNF14P1",0
"SMC4P1",0
"MTND5P30",0
"OR7E28P",0
"GTF2A1L",0
"ZSWIM2",0
"LINC01826",0
"MTCO3P7",0
"LINC03097",0
"NCKAP5-AS1",0
"FAM124B",0
"LINC01920",0
"XIRP2-AS1",0
"GLULP6",0
"MED15P5",0
"SLC44A3P1",0
"VWC2L-IT1",0
"HNRNPA1P47",0
"MYL1",0
"ENSAP3",0
"DNAJC17P1",0
"NANOGP2",0
"SEC61GP1",0
"KRT18P29",0
"MTND3P15",0
"TBC1D8-AS1",0
"LINC01789",0
"RPS15AP14",0
"CRYGA",0
"MTND4LP14",0
"CRLF3P1",0
"CEP19P1",0
"CRYGB",0
"OR7E89P",0
"TERF1P6",0
"RPL7P61",0
"CDK8P2",0
"RPS17P8",0
"GPR55",0
"FABP5P10",0
"GSTM3P2",0
"RPL19P4",0
"BOK",0
"AHCYP5",0
"ATP5PBP4",0
"LIN28AP1",0
"TEKT4P3",0
"LINC02991",0
"MYL6BP1",0
"ARPC1BP1",0
"MTND4P27",0
"LINC01941",0
"MTND6P8",0
"SPHKAP",0
"RPL21P38",0
"IQCA1-AS1",0
"MTCYBP8",0
"MTND5P29",0
"RPL3P5",0
"MTND5P22",0
"RNF11P1",0
"IQCA1",0
"MTATP6P26",0
"H3P9",0
"LINC01935",0
"KDM3AP1",0
"LINC03116",0
"ST13P2",0
"KRT18P19",0
"KCTD5P1",0
"MIR7515",0
"RN7SKP168",0
"MIR548S",0
"MIR7158",0
"RNU6-1288P",0
"RN7SKP27",0
"RNU6-1215P",0
"MIR4262",0
"MIR4757",0
"RNU6-843P",0
"RNA5SP88",0
"MIR3125",0
"RNA5SP87",0
"RNA5SP90",0
"RNU6-1117P",0
"MIR548AD",0
"RNU4-63P",0
"RN7SL414P",0
"RNU4-49P",0
"RN7SL361P",0
"MIR4432",0
"RNU1-32P",0
"RNU6-634P",0
"RNU6-221P",0
"RN7SL18P",0
"RNU6-282P",0
"RNU6-612P",0
"RN7SL51P",0
"MIR4431",0
"MIR548BA",0
"RNU6-439P",0
"RNA5SP98",0
"RN7SKP203",0
"RNU6-827P",0
"RN7SL201P",0
"RNU6-685P",0
"RNU6-812P",0
"RN7SKP224",0
"RNU6-674P",0
"RN7SKP164",0
"RNA5SP99",0
"RNU6-1312P",0
"MIR4780",0
"MIR4771-1",0
"RNA5SP100",0
"RNU6-775P",0
"MIR5696",0
"RNU4-84P",0
"RNU2-63P",0
"RNU2-41P",0
"MIR4265",0
"MIR4266",0
"RNU7-46P",0
"RNU6-259P",0
"RN7SL635P",0
"RNU7-190P",0
"RNU6-675P",0
"RN7SL111P",0
"MIR4435-2",0
"VTRNA2-2P",0
"RN7SKP102",0
"RNA5SP102",0
"RNA5SP103",0
"RN7SKP286",0
"MIR7157",0
"RNU6-904P",0
"RNU6-579P",0
"RN7SKP154",0
"RNU6-546P",0
"RNU6-1001P",0
"RNA5SP107",0
"RN7SL423P",0
"RN7SKP93",0
"RNU6-580P",0
"RNA5SP108",0
"RNU6-627P",0
"RN7SL283P",0
"RNA5SP105",0
"RNU6-182P",0
"RN7SL813P",0
"MIR4437",0
"MIR548AE1",0
"RNU6-915P",0
"RN7SKP42",0
"RNU6-989P",0
"RNU6-1045P",0
"RNU6-766P",0
"RNA5SP117",0
"MIR4438",0
"MIR1258",0
"RNU2-21P",0
"SNORA70I",0
"RN7SL807P",0
"RNU6-624P",0
"MIR4268",0
"MIR5702",0
"RNU6-451P",0
"MIR3130-1",0
"MIR3130-2",0
"RN7SL834P",0
"RNU6-1051P",0
"MIR3133",0
"RNU6-169P",0
"RPL6P4",0
"RNU6-1081P",0
"AIDAP1",0
"LINC03037",0
"HEBP2P1",0
"RPLP0P7",0
"RN7SKP179",0
"HMGB1P27",0
"NME2P2",0
"RPL36AP15",0
"PPIAP62",0
"RN7SL817P",0
"PPFIA1P1",0
"UGT1A11P",0
"UGT1A13P",0
"UGT1A9",0
"RPL17P11",0
"UGT1A2P",0
"ARHGEF4-AS1",0
"RNU6-127P",0
"RPL31P16",0
"RNU6-939P",0
"RNU6-1116P",0
"RN7SL670P",0
"MRPL50P2",0
"NECAP1P2",0
"TAF13P2",0
"HMGA1P8",0
"INO80B-WBP1",0
"G6PC2",0
"UBE2V1P6",0
"RPL23AP33",0
"CD8B2",0
"MIR1245A",0
"MIR1245B",0
"MIR3606",0
"CCDC140",0
"SNORD94",0
"MIR4779",0
"KLHL30",0
"ERFE",0
"MIR1244-1",0
"RPL28P2",0
"MIR1471",0
"MIR562",0
"NRBF2P6",0
"ECEL1P3",0
"ALPP",0
"ALPG",0
"ALPI",0
"ECEL1",0
"PRSS56",0
"CHRND",0
"BNIP3P46",0
"RNU6-1132P",0
"RNA5-8SP5",0
"MIR663B",0
"FAM201B",0
"RNU6-175P",0
"YBX1P7",0
"MIR4433B",0
"MIR4433A",0
"RPL23AP37",0
"RN7SKP43",0
"RPL7L1P9",0
"MIR6809",0
"RNU6-848P",0
"KLF2P3",0
"GPR148",0
"CYCSP8",0
"ARHGAP42P1",0
"SSBP3P2",0
"MTCYBP10",0
"MTND6P10",0
"MTND5P23",0
"MTND4P21",0
"MTND3P18",0
"MTCO3P18",0
"MTATP6P4",0
"MTCO2P18",0
"MTCO1P18",0
"MTND2P18",0
"MTND1P26",0
"MED15P3",0
"MIR4784",0
"SCTR",0
"UGT1A4",0
"CFC1",0
"C2orf72",0
"RNU1-93P",0
"SNORA75",0
"SNORD20",0
"SNORD82",0
"RNU2-22P",0
"TANAR",0
"RN7SKP152",0
"RNU6-642P",0
"CDK5R2",0
"FEV",0
"MIR375",0
"IHH",0
"MIR3131",0
"MIR153-1",0
"RESP18",0
"ECRG4",0
"RPL22P10",0
"CCDC74B",0
"RHOQP3",0
"AK2P2",0
"RNU6-647P",0
"MIR8485",0
"RNA5SP111",0
"MAPRE1P3",0
"RNU7-9P",0
"RNU6-964P",0
"FBXO36-IT1",0
"RNU6-1027P",0
"SLC16A14",0
"RNY4P19",0
"RNA5SP121",0
"SNRPGP8",0
"CRIPTOP2",0
"DAW1",0
"GLI2",0
"UBQLN4P2",0
"RPL27P6",0
"CSP1",0
"RNU6-111P",0
"RPSAP28",0
"KRTCAP3",0
"RNU6-986P",0
"RPL12P15",0
"RNU6-1275P",0
"USP12P2",0
"RPS29P8",0
"GPAA1P1",0
"ZBTB45P1",0
"MIR4267",0
"MALL",0
"MIR4436B1",0
"ACTR1AP1",0
"MIR4436B2",0
"ZBTB45P2",0
"MIR4440",0
"MIR4441",0
"MIR2467",0
"RPS20P13",0
"USP8P2",0
"TXNP5",0
"C2orf66",0
"CFAP144P2",0
"IL1RL1",0
"SDR42E1P5",0
"MIR4772",0
"RN7SL717P",0
"MIR1301",0
"TRIM43",0
"UBTFL3",0
"RNU6-1029P",0
"HSPE1-MOB4",0
"PTCHD3P2",0
"CYB5AP2",0
"NSA2P5",0
"RNU6-1006P",0
"RPEP5",0
"EIF3EP2",0
"RNA5SP112",0
"STUB1P1",0
"KRT8P40",0
"MIR4444-1",0
"MIR6512",0
"RPL21P35",0
"RPL23AP26",0
"TEX44",0
"RN7SL499P",0
"MIR4786",0
"OR9S24P",0
"OR5S1P",0
"OTOS",0
"BRD7P6",0
"TGFA-IT1",0
"KLHL41",0
"GRHL1",0
"MIR4261",0
"RN7SL66P",0
"SPEG",0
"MIR3132",0
"INHA",0
"RN7SKP213",0
"DNAJB6P3",0
"RPL23P4",0
"SNORA70B",0
"RPS29P10",0
"RNU6-1145P",0
"RNU7-113P",0
"SLC7A15P",0
"RNA5SP86",0
"RPL5P7",0
"RPSAP24",0
"RN7SL65P",0
"LRRC2P1",0
"SP9",0
"NEU2",0
"NPLP1",0
"ASS1P2",0
"RNU6-851P",0
"RN7SL96P",0
"SOS1-IT1",0
"RNU6-198P",0
"MIR9500",0
"RPL23AP31",0
"MIR4439",0
"DIRC1",0
"RN7SL604P",0
"SNORA36C",0
"C2orf15",0
"RPL22P12",0
"OTOF",0
"BMP10",0
"GKN2",0
"GKN1",0
"MIR3126",0
"RNA5SP96",0
"RNU6-1216P",0
"REG3A",0
"CTNNA2-AS1",0
"GNA13P1",0
"RNU6-561P",0
"MIR4264",0
"MIR8080",0
"RBM7P1",0
"RNA5SP109",0
"RPL31P15",0
"RNU6-1122P",0
"BNIP3P45",0
"MIR4773-2",0
"MIR4773-1",0
"RN7SL124P",0
"MIR3127",0
"RRAS2P2",0
"KRT18P26",0
"TOR1BP1",0
"TVP23BP2",0
"SNORA70F",0
"RNA5SP110",0
"C2CD6",0
"MTCO2P16",0
"MTATP6P16",0
"MTCO3P16",0
"MTND3P16",0
"MTND4LP16",0
"MTND4P29",0
"MTND5P31",0
"ENO1P4",0
"RNU6-651P",0
"RPS2P16",0
"UBE2V1P11",0
"RNU6-440P",0
"RNU6-936P",0
"RPS13P5",0
"RN7SL856P",0
"SUCLA2P3",0
"ZFP91P1",0
"RPS26P19",0
"IGKV1OR2-108",0
"LINC01594",0
"SETD6P1",0
"WASF1P1",0
"SULT1C2P2",0
"GMCL1P2",0
"RNU6-1049P",0
"ACTG2",0
"RNA5SP97",0
"RNU2-9P",0
"FAM8A3P",0
"RPL17P13",0
"RNU6-601P",0
"LINC01818",0
"LRRTM4",0
"FAM237A",0
"RNU6-312P",0
"RNU6-762P",0
"RNU6-1206P",0
"RPL17P10",0
"MTND4LP13",0
"RN7SKP66",0
"RNU6-1048P",0
"RN7SL455P",0
"RNU6-566P",0
"C1GALT1C1L",0
"KRT8P15",0
"KRT8P52",0
"RPL7P14",0
"RPL23AP36",0
"RPL12P16",0
"RN7SKP83",0
"SAP18P2",0
"RNU6ATAC19P",0
"MRPL45P1",0
"RNU6-1168P",0
"RNU6-1007P",0
"SPMIP9",0
"MIR4436A",0
"IGKJ5",0
"IGKJ3",0
"IGKJ2",0
"RPL23AP92",0
"RN7SL470P",0
"MIR1285-2",0
"RPL39P15",0
"DAP3P2",0
"RNU6-436P",0
"HOXD13",0
"HOXD11",0
"HOXD10",0
"HOXD9",0
"HOXD8",0
"MIR10B",0
"HOXD4",0
"HOXD1",0
"MIR7704",0
"RPSAP25",0
"CYCSP7",0
"RALBP1P2",0
"ASDURF",0
"RNU6-512P",0
"MIR128-1",0
"IRS1",0
"TM4SF20",0
"MIR5703",0
"NDUFB4P4",0
"RTP5",0
"FAM240C",0
"CICP10",0
"RPL23AP88",0
"MIR6811",0
"KCNK12",0
"VN1R18P",0
"RNU4-48P",0
"NEUROD1",0
"UGT1A3",0
"UGT1A8",0
"UGT1A5",0
"UGT1A7",0
"IGKV1-6",0
"IGKV3-7",0
"IGKV1-8",0
"IGKV1-9",0
"IGKV2-10",0
"IGKV1-12",0
"IGKV1-13",0
"IGKV1-16",0
"IGKV2-18",0
"IGKV2-19",0
"IGKV6-21",0
"IGKV1-22",0
"IGKV2-23",0
"IGKV2-24",0
"IGKV3-25",0
"IGKV2-26",0
"IGKV1-27",0
"IGKV2-28",0
"IGKV2-29",0
"IGKV3-31",0
"IGKV1-32",0
"IGKV3-34",0
"IGKV1-35",0
"IGKV2-36",0
"IGKV1-37",0
"IGKV2-38",0
"IGKV2-40",0
"IGKV2D-38",0
"IGKV1D-37",0
"IGKV2D-36",0
"IGKV1D-35",0
"IGKV3D-34",0
"IGKV1D-33",0
"IGKV1D-32",0
"IGKV3D-31",0
"IGKV2D-28",0
"IGKV1D-27",0
"IGKV2D-26",0
"IGKV3D-25",0
"IGKV2D-24",0
"IGKV2D-23",0
"IGKV1D-22",0
"IGKV6D-21",0
"IGKV2D-19",0
"IGKV2D-18",0
"IGKV6D-41",0
"IGKV1D-17",0
"IGKV1D-16",0
"IGKV3D-15",0
"IGKV1D-13",0
"IGKV1D-12",0
"IGKV3D-11",0
"IGKV2D-10",0
"IGKV1D-42",0
"IGKV1D-43",0
"IGKV1D-8",0
"IGKV3D-7",0
"PPP1R1C",0
"ASPRV1",0
"SULT1C3",0
"IL37",0
"MIR4783",0
"GPR17",0
"SPEGNB",0
"KCNE4",0
"MIR4765",0
"RPL39P14",0
"SNORD70",0
"RN7SL753P",0
"PIMREGP1",0
"RN7SL40P",0
"MTCO1P17",0
"MTCO2P17",0
"MTATP6P17",0
"MTCO3P17",0
"MTND3P17",0
"MTND4LP17",0
"MTND4P30",0
"MTCO1P54",0
"RNU7-81P",0
"RN7SL210P",0
"AQP12A",0
"EFHD1",0
"FAP",0
"MYT1L-AS1",0
"RNU7-104P",0
"EVX2",0
"UGT1A10",0
"ASIC4",0
"RNU6-1140P",0
"PRLH",0
"AGBL5-AS1",0
"PRR30",0
"SLC30A3",0
"IGKV1OR2-9",0
"IGKV2OR2-10",0
"IGKV2OR2-7D",0
"IGKV3OR2-5",0
"IGKV1OR2-6",0
"IGKV2OR2-7",0
"IGKV2OR2-8",0
"IGKV1OR2-11",0
"UBTFL6",0
"MIR5590",0
"SNORA40B",0
"PCARE",0
"NDUFB4P6",0
"SCN7A",0
"GCSHP3",0
"SNORD51",0
"SNORA41",0
"CMKLR2",0
"RN7SKP200",0
"ATP5POP1",0
"HMGN1P6",0
"RN7SKP260",0
"AOX1",0
"RNU1-133P",0
"MIR6513",0
"MIR6810",0
"B3GALT1",0
"RNU7-148P",0
"CTAGE14P",0
"SNRPEP11",0
"GNLY",0
"GPR160P1",0
"RN7SL359P",0
"RNU6-997P",0
"HNRNPA1P61",0
"RN7SL113P",0
"CYS1",0
"RAD51AP2",0
"ST6GAL2",0
"LIMS3",0
"API5P2",0
"SDHDP5",0
"RNU6-629P",0
"RNU5E-9P",0
"VAX2",0
"ATP6V1B1",0
"ELOCP21",0
"RN7SL160P",0
"ANKRD53",0
"RNU6-137P",0
"CHORDC1P1",0
"RN7SL575P",0
"SLC2AXP1",0
"FABP7P2",0
"RNU7-138P",0
"RNU7-176P",0
"RNA5SP113",0
"RN7SL267P",0
"RNU6-107P",0
"SNORC",0
"NRAL",0
"MIR1246",0
"RNU6ATAC14P",0
"PSMB3P2",0
"RPL31P14",0
"RNA5SP120",0
"FABP5P14",0
"TNP1",0
"UBTFL5",0
"TRIM43B",0
"KRT18P39",0
"RNU6-474P",0
"CNN2P11",0
"GXYLT1P7",0
"CNN2P8",0
"SGCEP1",0
"LINC01966",0
"METAP2P1",0
"RNU7-2P",0
"RPL17P12",0
"OTX2P2",0
"PABPC1P2",0
"LINC01911",0
"RNU6-692P",0
"RNU6-715P",0
"RNA5SP106",0
"PRPS1P1",0
"CYP2C56P",0
"RNU6-542P",0
"POLR2DP1",0
"IL36A",0
"IL1F10",0
"RNU6-1180P",0
"IL36RN",0
"SCYGR9",0
"PHF5AP5",0
"LINC01124",0
"SP5",0
"RNA5SP84",0
"MIR4429",0
"RNU2-13P",0
"RN7SL674P",0
"PROKR1",0
"MANEALP1",0
"RPS28P5",0
"MSTN",0
"UBE2V1P14",0
"MTND4P22",0
"MTATP6P5",0
"MTCO2P5",0
"RPSAP26",0
"MIR5192",0
"RN7SL297P",0
"SLC30A6P1",0
"GCKR",0
"MIR4263",0
"FAM133EP",0
"SNRPGP7",0
"SNORD92",0
"SNORD53",0
"BCYRN1",0
"RN7SKP119",0
"MIR559",0
"FUCA1P1",0
"RPL29P8",0
"RNU6-187P",0
"RNU7-96P",0
"MFSD2B",0
"PFN4",0
"RPL36AP13",0
"FAM228A",0
"C2orf73",0
"REEP1",0
"RNU6-640P",0
"MIR149",0
"RN7SL632P",0
"RNA5SP95",0
"RNU4-73P",0
"RNU7-127P",0
"RN7SL204P",0
"GBX2",0
"RNU1-31P",0
"MLXP1",0
"NDUFB4P5",0
"NT5C1B",0
"ZNF892",0
"SCYGR2",0
"SCYGR5",0
"SCYGR7",0
"SCYGR8",0
"SPATA3",0
"CCDC195",0
"SCYGR1",0
"SCYGR6",0
"RNA5SP114",0
"MIR561",0
"RNU7-147P",0
"H2ACP2",0
"CYP4F32P",0
"RNU6-1320P",0
"SOWAHCP5",0
"TEKT4",0
"MTCO1P48",0
"MTCO3P45",0
"RPS24P6",0
"RNU5E-7P",0
"RPLP1P5",0
"RN7SL104P",0
"RPL23AP35",0
"DPRXP1",0
"MIR2355",0
"MIR1302-4",0
"FIGLA",0
"CLEC4F",0
"MOB4P1",0
"KRT8P10",0
"DUSP19",0
"RN7SL341P",0
"RN7SL211P",0
"RPL11P1",0
"RNU6-548P",0
"AQP7B",0
"SCYGR10",0
"SCYGR4",0
"CPS1-IT1",0
"HSPA8P6",0
"CRYGFP",0
"MEAF6P1",0
"RNA5SP118",0
"SNAI1P1",0
"PXDN",0
"RNU6-242P",0
"RPL21P30",0
"RNU7-172P",0
"TSPYL6",0
"RPS6P3",0
"PRCPP1",0
"NIFKP9",0
"CYP27C1",0
"RNU6-1147P",0
"KMT2CP5",0
"SLC9B1P2",0
"HTR5BP",0
"CDRT15P4",0
"FAR2P2",0
"CYP4F62P",0
"NBEAP2",0
"CDRT15P3",0
"FAR2P4",0
"ECEL1P2",0
"CYP4F30P",0
"FAR2P3",0
"MED15P9",0
"ALMS1P1",0
"REG1CP",0
"SULT1C5P",0
"SLC19A4P",0
"MALLP2",0
"BIRC6-AS2",0
"GPAT2P1",0
"ZNF285CP",0
"AOX3P",0
"AOX2P",0
"OR7E91P",0
"ANAPC1P1",0
"ANKRD20A8P",0
"PLGLA",0
"ANKRD36BP2",0
"BMS1P23",0
"LINC01881",0
"LSP1P4",0
"FAHD2CP",0
"CXCR2P1",0
"RPL7L1P10",0
"RPL17P14",0
"WDR4P2",0
"RPL30P2",0
"RPS27P10",0
"RNA5SP119",0
"MTND2P23",0
"MIR548F2",0
"PCED1CP",0
"VDAC2P4",0
"RNU6-763P",0
"RNU6-1290P",0
"PLAC9P1",0
"RPL22P7",0
"RAB6C-AS1",0
"SSBP3P6",0
"ARHGAP42P2",0
"WNT6",0
"OR6B2",0
"CNGA3",0
"YWHAQP5",0
"TEX51",0
"COLEC11",0
"ALLC",0
"GAPDHP48",0
"PRSS40A",0
"AMER3",0
"MTA3P1",0
"RNU6-932P",0
"PTP4A1P1",0
"HNRNPDLP2",0
"RN7SL393P",0
"RPL7AP22",0
"RNU6-234P",0
"RNU6-649P",0
"G3BP1P1",0
"RN7SKP178",0
"PPIAP68",0
"RPL27P8",0
"SIX3",0
"SIX2",0
"RN7SKP103",0
"CDKN2AIPNLP2",0
"TDRD15",0
"RNU6-951P",0
"GAPDHP25",0
"RACK1P2",0
"VIT",0
"RNU6-577P",0
"TMEM178A",0
"VWA3B",0
"ATP5F1BP1",0
"RPL34P8",0
"CENPNP2",0
"MIR4771-2",0
"RNU6-360P",0
"RNA5SP116",0
"CRYGEP",0
"CRYGD",0
"CRYGC",0
"SMIM39",0
"DBIL5P2",0
"FUNDC2P2",0
"RPL38P2",0
"DNAJB3",0
"NOC2LP1",0
"RPS4XP5",0
"GPAA1P2",0
"MYADML",0
"VINAC1P",0
"PRORSD1P",0
"AHSA2P",0
"FAM95A",0
"OR6B3",0
"RNU2-39P",0
"EMX1",0
"NOTO",0
"MIR3129",0
"E2F3P2",0
"RN7SL820P",0
"CBX3P6",0
"PAFAH1B1P1",0
"MIR4435-1",0
"ANAPC1P4",0
"ITGB6",0
"LINC02478",0
"MIR4785",0
"MIR4776-2",0
"MIR4776-1",0
"MIR5001",0
"POTEF-AS1",0
"RPL30P3",0
"SRD5A2",0
"LINC01946",0
"RPL6P6",0
"ACADL",0
"IGKV2D-40",0
"IL36B",0
"SPTBN1-AS1",0
"DLX2-DT",0
"ELF2P4",0
"TMEM169",0
"POLHP1",0
"MARCHF4",0
"ACTG1P22",0
"RN7SKP281",0
"RPL23AP29",0
"TUBAP13",0
"RPRM",0
"DNAJA1P2",0
"GALNT13",0
"PHB1P4",0
"IGKV5-2",0
"IGKV7-3",0
"PGBD4P5",0
"IGKV2-4",0
"SEPHS1P7",0
"MALLP1",0
"RN7SL251P",0
"RN7SL126P",0
"TMEM247",0
"LINC02580",0
"DNER",0
"AHCYP3",0
"LINC01103",0
"RPL23AP27",0
"HMGB3P11",0
"NUTF2P8",0
"RN7SL117P",0
"RN7SL516P",0
"RNU6-958P",0
"RN7SKP208",0
"MIR217",0
"MIR216A",0
"MIR216B",0
"CCDC85A",0
"RNA5SP93",0
"RNU6-508P",0
"RNA5SP94",0
"RNU6-473P",0
"CFC1B",0
"PRSS40B",0
"MIR5000",0
"SMPD4BP",0
"RNU6-617P",0
"LINC01087",0
"GRAMD4P8",0
"NANOGNBP1",0
"SRMP3",0
"DYNLT3P2",0
"RPL14P6",0
"RPL21P34",0
"C1QL2",0
"RN7SL468P",0
"MIR6888",0
"CAPZA1P2",0
"RPS29P9",0
"RNU6-664P",0
"PPP1R14BP2",0
"MIR4775",0
"GPR45",0
"TGFBRAP1-AS1",0
"ASIC4-AS1",0
"LINC01796",0
"SCTR-AS1",0
"LINC02946",0
"LINC01853",0
"LINC01813",0
"TNS1-AS1",0
"RGPD4-AS1",0
"GALNT13-AS1",0
"LINC01106",0
"DNPEP-AS1",0
"LINC01815",0
"LINC01381",0
"MAL-AS1",0
"SATB2-AS1",0
"KIAA2012-AS1",0
"LINC01159",0
"ARNILA",0
"WDR35-DT",0
"ANKRD44-DT",0
"LINC01143",0
"LINC01850",0
"RAB17-DT",0
"LINC00276",0
"LINC01107",0
"LINC01937",0
"MIR217HG",0
"LINC01953",0
"LINC01923",0
"LINC01939",0
"SNTG2-AS1",0
"LINC01802",0
"LINC01851",0
"LINC01833",0
"SIX3-AS1",0
"LINC01877",0
"GBX2-AS1",0
"DPP10-AS3",0
"GPR155-DT",0
"LINC01123",0
"LINC01173",0
"FSIP2-AS1",0
"LCT-AS1",0
"GCSIR",0
"LINC01804",0
"CMKLR2-AS",0
"MSH2-OT1",0
"UBE2E3-DT",0
"LINC01936",0
"LINC01965",0
"GACAT3",0
"GRASLND",0
"KCNH7-AS1",0
"EPCAM-DT",0
"SCHLAP1",0
"LINC01795",0
"LINC01812",0
"LINC01807",0
"LINC02579",0
"LINC01931",0
"SPATA3-AS1",0
"LINC01878",0
"LINC02862",0
"LINC02612",0
"LINC01803",0
"LINC01817",0
"LINC01956",0
"LINC01875",0
"LINC01827",0
"LINC02572",0
"MYO1B-AS1",0
"PDE11A-AS1",0
"LINC01810",0
"MYCNUT",0
"EML6-AS1",0
"LINC01305",0
"LINC01249",0
"GPC1-AS1",0
"LINC01880",0
"CNTNAP5-DT",0
"PCGEM1",0
"B3GALT1-AS1",0
"LINC01958",0
"LINC01830",0
"LINC01884",0
"LINC02832",0
"LINC02923",0
"LINC01868",0
"LINC01104",0
"HAGLR",0
"HAGLROS",0
"KLHL30-AS1",0
"LINC01120",0
"SH3RF3-AS1",0
"LINC01955",0
"LINC01918",0
"MIR4430",0
"ATP6V0E1P3",0
"RNA5SP91",0
"RNA5SP92",0
"KIF5C-AS1",0
"RNU6ATAC37P",0
"MIR4778",0
"MEIS1-AS3",0
"DNMT3AP1",0
"LINC01628",0
"FOXD4L1",0
"MIR1302-3",0
"WASH2P",0
"RPL23AP7",0
"RNU6-744P",0
"MIR4782",0
"LINC01101",0
"LINC00570",0
"USP21P2",0
"IFITM3P9",0
"CYCSP6",0
"ANAPC1P6",0
"CHEK2P3",0
"HIGD1AP4",0
"RAD52P1",0
"KLF2P2",0
"LLPHP3",0
"RPL10P6",0
"GAPDHP59",0
"LINC01945",0
"OR7E90P",0
"UGT1A12P",0
"NF1P8",0
"MED15P8",0
"KLF2P4",0
"ECEL1P1",0
"DIS3L2P1",0
"GNAQP1",0
"HIGD2AP1",0
"KRT8P30",0
"CDK5R2-AS1",0
"HNRNPA1P66",0
"OR7E102P",0
"TRIM51JP",0
"TIMM8AP1",0
"RPL31P17",0
"SMIM12P1",0
"KLF2P1",0
"CYP4F27P",0
"FAR2P1",0
"PDSS1P2",0
"MRPL36P1",0
"PTGES3P2",0
"UQCRHP2",0
"SEPTIN14P2",0
"KMT2CP4",0
"RPSAP22",0
"OR7E46P",0
"OR7E62P",0
"SNX18P14",0
"RPL6P5",0
"RPL31P30",0
"EEF1E1P1",0
"ANAPC1P2",0
"RPS20P10",0
"KRTCAP2P1",0
"MED15P4",0
"PGM5P4",0
"DDX11L2",0
"ACRP1",0
"RNA5SP101",0
"TRIM43CP",0
"IGKV2OR2-1",0
"IGKV2OR2-2",0
"IGKV1OR2-3",0
"GPAT2P2",0
"RN7SL313P",0
"SPP2",0
"LINC01250",0
"RPL23AP39",0
"CHL1-AS1",0
"WNT7A",0
"CIAO2AP1",0
"RPL31P20",0
"MESTP4",0
"RPSAP32",0
"FECHP1",0
"MTND4LP9",0
"RPS8P6",0
"SDAD1P3",0
"RPL34P11",0
"LINC02011",0
"KRT8P18",0
"RPL36AP17",0
"LINC02033",0
"RBMS3-AS1",0
"HINT2P1",0
"CYCSP12",0
"POLE4P1",0
"RFC3P1",0
"HSPA8P18",0
"NUP210P2",0
"COX6CP10",0
"HMGB3P12",0
"CRB3P1",0
"NBPF21P",0
"MTARC2P1",0
"CNN2P6",0
"MARK2P14",0
"RPS12P5",0
"RPL23AP38",0
"RHBDF1P1",0
"VENTXP4",0
"H3P11",0
"KCNH8",0
"GNAT1",0
"RBMS3-AS2",0
"ZNF652P1",0
"ILF2P1",0
"RPL7AP23",0
"VPS51P4",0
"RPS12P6",0
"CSNKA2IP",0
"PROS2P",0
"TCEAL8P1",0
"VGLL3",0
"RPL17P17",0
"MTCO2P6",0
"HNRNPA3P8",0
"HMGB1P38",0
"ICE2P2",0
"RPEP2",0
"CADPS",0
"VTI1BP1",0
"OR7E121P",0
"PPATP1",0
"TMEM183AP5",0
"RPL21P41",0
"PSMC1P6",0
"WDR82P1",0
"UNC93B3",0
"OSBPL9P1",0
"SRRM1P2",0
"NDUFA5P5",0
"RARRES2P1",0
"HYDINP1",0
"ADAMTS9-AS1",0
"IMPG2",0
"MRPS17P3",0
"HSPE1P19",0
"CLUHP10",0
"TUBBP11",0
"EZRP1",0
"LINC02070",0
"MTCO1P6",0
"ACTR3P3",0
"DUSP12P1",0
"NDUFA4P2",0
"FEZF2",0
"GUCA1C",0
"CCDC137P1",0
"BRD7P7",0
"RAP1BP2",0
"RPL14P2",0
"SSX2IPP1",0
"ZNF90P1",0
"COX6CP6",0
"ST13P14",0
"KRT8P35",0
"UBE2Q2P9",0
"GAPDHP50",0
"DPPA2",0
"RABGGTBP1",0
"LCORLP1",0
"HMGB1P36",0
"TEX55",0
"UBL5P3",0
"C3orf85",0
"OR7E66P",0
"PPIAP15",0
"ZFAND2AP1",0
"DUX4L26",0
"COPS8P2",0
"RFKP2",0
"NPM1P17",0
"RPL27P9",0
"RPLP0P8",0
"FAM3D",0
"ILDR1",0
"TMEM108-AS1",0
"DIMT1P1",0
"GM2AP1",0
"HMGN2P25",0
"SOX14",0
"SDHBP1",0
"RLIG1P2",0
"FKBP1AP4",0
"PBX2P1",0
"HMGN1P10",0
"VN2R1P",0
"KCNAB1-AS1",0
"RPL21P71",0
"AFF4P1",0
"MRE11P1",0
"LINC02010",0
"SSBL6P",0
"CYCSP56",0
"NPM1P28",0
"RPS6P4",0
"UBTD2P1",0
"KLF7P1",0
"WDR70P1",0
"TOMM22P6",0
"MTND3P7",0
"MMACHCP1",0
"LARP7P4",0
"EEF1B2P8",0
"SI",0
"SPATA16",0
"MECOM-AS1",0
"NAP1L5P1",0
"MCUR1P2",0
"MTND4P17",0
"SDHDP3",0
"KRT18P35",0
"TMEM38BP1",0
"HMGN2P26",0
"SLC2A2",0
"ATP5MC1P4",0
"NAALADL2",0
"TPT1P3",0
"MTND4LP10",0
"RPS17P10",0
"NAALADL2-AS2",0
"DDX5P1",0
"RTP1",0
"RPL7AP25",0
"LINC01014",0
"RPL28P1",0
"MTCH2P1",0
"PCBP2P4",0
"RPL32P8",0
"WWTR1-IT1",0
"TM4SF4",0
"GHSR",0
"SNRNP40P1",0
"NDUFB4P1",0
"GPR149",0
"RPL21P42",0
"EI24P1",0
"ADIPOQ-AS1",0
"CLSTN2",0
"NMNAT1P3",0
"EEF1A1P45",0
"TPRG1-AS2",0
"TRIM42",0
"EI24P6",0
"LINC01209",0
"KCNAB1-AS2",0
"MTAPP2",0
"KLF3P2",0
"RPS29P3",0
"PLAAT1",0
"PYDC2",0
"ATP13A5-AS1",0
"ENAHP1",0
"DTWD1P2",0
"ADIPOQ",0
"PLCH1-AS1",0
"RPL6P7",0
"RPL7AP24",0
"PRICKLE1P1",0
"ETV5-AS1",0
"GAPDHP47",0
"RBM43P1",0
"RNU6-1194P",0
"RN7SKP144",0
"RNU4ATAC17P",0
"RNU6-905P",0
"RN7SL147P",0
"RN7SL120P",0
"MIR4791",0
"MIR3135A",0
"RNU6-822P",0
"MIR3714",0
"MIR466",0
"MIR548AY",0
"RNU6-815P",0
"RNU6-243P",0
"RNA5SP127",0
"MIR128-2",0
"MIR4272",0
"RN7SL863P",0
"RNU6-139P",0
"RNA5SP134",0
"RN7SL647P",0
"RNU7-119P",0
"RNU2-10P",0
"MIR1324",0
"RN7SKP284",0
"RNU6-739P",0
"RN7SL271P",0
"RNU6-281P",0
"RNU6-873P",0
"MIR3923",0
"RNU2-28P",0
"MIR4273",0
"RN7SKP61",0
"RNU6-1129P",0
"MIR548AB",0
"RNU6-1236P",0
"RNU6ATAC15P",0
"RNU6-712P",0
"MIR4445",0
"RNU6-461P",0
"RNU1-43P",0
"MIR567",0
"RNU6-823P",0
"MIR7110",0
"RNU6-1284P",0
"RNA5SP142",0
"RN7SL715P",0
"RNA5SP144",0
"RNU6-425P",0
"RNU1-100P",0
"RN7SKP177",0
"RNU6-1098P",0
"RNU7-82P",0
"MIR569",0
"RNU6-637P",0
"MIR1263",0
"MIR7977",0
"RN7SKP40",0
"RNU6-486P",0
"RNU6-505P",0
"RNU1-70P",0
"MIR944",0
"RNA5SP147",0
"RNU4-4P",0
"MIR4789",0
"RNU6-1233P",0
"RNU4-91P",0
"SNORA63E",0
"RNU6-1317P",0
"RNA5SP146",0
"RNA5SP148",0
"RNU6-1109P",0
"GMFBP1",0
"ABRAXAS1P1",0
"RNU6-865P",0
"CPA3",0
"MED28P2",0
"POU5F1P6",0
"ABCF2P1",0
"FAM136CP",0
"RPL32P7",0
"RNU6-1256P",0
"HMGB3P14",0
"HMGN1P9",0
"HMGB3P13",0
"DPPA4P2",0
"KY",0
"RNU6-1174P",0
"RNA5SP141",0
"LINC00852",0
"MIR378B",0
"H2BP3",0
"ATOSBP1",0
"MIR568",0
"MIR4796",0
"ZBTB20-AS3",0
"YBX1P3",0
"ZBTB20-AS4",0
"EIF4E2P2",0
"STRIT1",0
"PABPC1P10",0
"MARK2P6",0
"LINC01327",0
"ZBBX",0
"MIR5002",0
"RPL7P15",0
"MIR4442",0
"MIR1224",0
"EEF1AKMT4-ECE2",0
"CAMK2N2",0
"TEDDM3P",0
"LINC01839",0
"PPP2R2DP1",0
"RNU6-1227P",0
"TMIE",0
"PRSS50",0
"PTH1R",0
"BLVRBP1",0
"DDTP1",0
"RPL29P34",0
"CPN2",0
"RNU6-1101P",0
"RNF10P1",0
"UBTFL8",0
"CD24P5",0
"MIR4790",0
"RN7SL553P",0
"RNU1-62P",0
"MTCO3P47",0
"WNT5A-AS1",0
"ERC2-IT1",0
"MIR3938",0
"RN7SKP45",0
"RNA5SP133",0
"EIF2S2P2",0
"RN7SKP212",0
"CSRP2P2",0
"RNU6-726P",0
"ZIC4",0
"THPO",0
"RNA5SP130",0
"AMIGO3",0
"RPL38P1",0
"HMGB1P30",0
"SNORD13P3",0
"RNU6-1105P",0
"SNORD2",0
"SNORA63B",0
"MIR1248",0
"SNORA81",0
"SNORA63",0
"SNORA4",0
"MCF2L2P1",0
"ATP5MC1P3",0
"FOXL2",0
"FOXL2NB",0
"PRR23A",0
"PRR23B",0
"PRR23C",0
"RPL7L1P7",0
"PISRT1",0
"PTOV1P1",0
"PPDPFP1",0
"MIR198",0
"TRIM71",0
"ACTG1P12",0
"TIMP4",0
"MTCO1P5",0
"GSTM5P1",0
"RNU6-377P",0
"MEMO1P3",0
"PLSCR4P1",0
"RNU6-428P",0
"PLSCR5-AS1",0
"MIR15B",0
"MIR16-2",0
"RNU7-136P",0
"SCARNA7",0
"RPL6P8",0
"MIR4795",0
"KRT8P25",0
"CFAP91",0
"PHB1P8",0
"PARLP1",0
"RFKP3",0
"RN7SL762P",0
"RN7SL397P",0
"CRIP1P1",0
"ABHD14A-ACY1",0
"ALDOAP1",0
"MIRLET7G",0
"MIR135A1",0
"RPL29P9",0
"KLF15",0
"UROC1",0
"C3orf22",0
"RNA5SP138",0
"METTL5P2",0
"SF3A2P1",0
"RNU6-646P",0
"RNU4-89P",0
"LINC02025",0
"MIR5688",0
"CADM2-AS2",0
"CADM2-AS1",0
"RN7SL182P",0
"MIR6890",0
"C3orf84",0
"NPHP3-ACAD11",0
"RNU6-787P",0
"RN7SL482P",0
"KIF3AP1",0
"MIR6829",0
"RNU2-11P",0
"PPP4R2P2",0
"PPP4R2P3",0
"KRT18P17",0
"SNORA7A",0
"IFT122P1",0
"ACSL3P1",0
"C3orf36",0
"GCSHP6",0
"RNA5SP136",0
"U2SURPP1",0
"ECE2",0
"AMOTL2",0
"GPR156",0
"RNU6ATAC6P",0
"MASP1",0
"RNU6-678P",0
"RNA5SP140",0
"UQCRHP4",0
"MDFIC2",0
"CPB1",0
"RNA5SP149",0
"RALBP1P1",0
"AHSG",0
"HRG",0
"HRGP1",0
"DNAJC19P4",0
"CNTN4-AS1",0
"GP9",0
"ISY1-RAB43",0
"SDHDP4",0
"NRBF2P2",0
"RNU6-488P",0
"RNU6-511P",0
"HMGN1P7",0
"RPL35AP8",0
"KLHL40",0
"HHATL",0
"HHATL-AS1",0
"CCDC13-AS1",0
"CYP8B1",0
"IQCF1",0
"IQCF2",0
"RN7SL504P",0
"IQCF5-AS1",0
"IQCF5",0
"MIR885",0
"EI24P3",0
"SOCS5P3",0
"RNU6-454P",0
"MIR4270",0
"RN7SL110P",0
"MIR6872",0
"PERPP1",0
"RN7SKP222",0
"FGF12-AS1",0
"FGF12-AS2",0
"FGF12-AS3",0
"RNU1-20P",0
"TREX1",0
"MIR6823",0
"MIR711",0
"TMEM89",0
"MIR6824",0
"MIR4793",0
"HTR1F",0
"TLR9",0
"C3orf80",0
"TMEM207",0
"PLSCR5",0
"NR1I2",0
"MRPS10P2",0
"TNNC1",0
"RN7SL870P",0
"RPL15P6",0
"LILRA2P1",0
"RPS12P7",0
"MTAPP1",0
"RFKP6",0
"MIR1226",0
"SNRPFP4",0
"RNU7-128P",0
"MIR4443",0
"FCF1P2",0
"MIR2115",0
"FBXW12",0
"RPL6P9",0
"RNA5SP143",0
"RN7SKP25",0
"RNU7-47P",0
"RAD23BP1",0
"RNU6-138P",0
"OR5H8",0
"POU5F1P7",0
"OR5H4P",0
"OR5H6",0
"FLT1P1",0
"UQCRC2P1",0
"FAM240A",0
"LTF",0
"RPS25P4",0
"MIR6083",0
"RNU6-143P",0
"MIR544B",0
"RPS26P22",0
"ITGB5-AS1",0
"ENO1P3",0
"APOOP2",0
"MIR548I1",0
"RPS3AP14",0
"SNRPCP11",0
"ENPP7P4",0
"FBRSL1P1",0
"ARPC1AP1",0
"FBXO40",0
"PGAM1P4",0
"DUSP5P2",0
"RETNLB",0
"OSTN",0
"MIR6826",0
"NUP210P3",0
"MARK2P3",0
"MARK2P19",0
"RHO",0
"H1-8",0
"RN7SL752P",0
"CARMIL2P1",0
"RNA5SP145",0
"SETP11",0
"MRPL42P6",0
"MIR5186",0
"TOPAZ1",0
"MIR548AQ",0
"MIR1284",0
"RPL35AP9",0
"MIR3919",0
"RPS2P19",0
"C9orf78P1",0
"MIR26A1",0
"SNORA58",0
"MIR5704",0
"CPNE4",0
"HNRNPA1P17",0
"RPL13P8",0
"RNU2-37P",0
"RUVBL1-AS1",0
"GP5",0
"MAF1P1",0
"SPINK8",0
"SHOX2",0
"ATP13A5",0
"C3orf49",0
"OR5H15",0
"KCNMB2",0
"TAFA1",0
"PRDX5P1",0
"LINC02047",0
"NIPA2P2",0
"RN7SL294P",0
"MIR4444-2",0
"MYLKP1",0
"ATP5MC2P5",0
"SNORA6",0
"SNORA62",0
"NFU1P1",0
"HTR3C",0
"HTR3C2P",0
"HTR3E",0
"MIR4448",0
"HTR3D",0
"LRRC31",0
"KRT18P43",0
"SAMD7",0
"FAM20BP1",0
"SEC62-AS1",0
"LRRIQ4",0
"RNA5SP132",0
"GRM2",0
"IQCF6",0
"RPSAP69",0
"RN7SL517P",0
"EIF3KP2",0
"RN7SL216P",0
"RNA5SP125",0
"CFL1P7",0
"RNA5SP126",0
"H3P10",0
"MIR5193",0
"CAMKV",0
"RN7SL217P",0
"HNRNPA1P23",0
"WWP1P1",0
"RNU6-26P",0
"RNU6-1263P",0
"RNU6-342P",0
"RNU1-96P",0
"ROPN1",0
"CFAP20DC",0
"DPPA4",0
"DNAJB8",0
"EEF1GP4",0
"SPTSSB",0
"OTOL1",0
"RPS3AP53",0
"TMEM229BP1",0
"NLGN1-AS1",0
"RN7SKP234",0
"ANAPC15P2",0
"GABRR3",0
"OR5BM1P",0
"RPL39P17",0
"PRR3P1",0
"RNU6-858P",0
"RNU6-621P",0
"RNU6-860P",0
"CICP6",0
"MIR4797",0
"RBISP6",0
"RNU7-10P",0
"PDCL3P3",0
"RNU6-386P",0
"VDAC1P7",0
"RNU6-217P",0
"RNU6-882P",0
"SLC6A1-AS1",0
"SERBP1P3",0
"CCR8",0
"CENPPP1",0
"DSTNP4",0
"RPL23AP41",0
"RPL31P21",0
"PHF5AP7",0
"RNU4-56P",0
"RN7SL411P",0
"PGAM1P3",0
"RPL5P10",0
"EEF1GP3",0
"MRPS31P1",0
"RN7SKP58",0
"RPL36P20",0
"GEMIN2P2",0
"RPL7AP83",0
"TPMTP2",0
"CCK",0
"SALL4P6",0
"EIF4BP4",0
"LYZL4",0
"MIR8060",0
"RBBP4P7",0
"RPL18AP8",0
"RCC2P5",0
"CDV3P1",0
"EPHA6",0
"TPTE2P7",0
"OR5AC1",0
"OR5AC2",0
"OR5H2",0
"OR5K4",0
"OR5K3",0
"UBFD1P1",0
"ZNF587P1",0
"RPL21P40",0
"NIFKP7",0
"RPL21P137",0
"SMIM11P2",0
"CD200R1P1",0
"VPS26AP1",0
"DRD3",0
"RNY3P13",0
"VPS51P10",0
"OR7E21P",0
"EVA1CP6",0
"SNRPCP8",0
"PSMG3P1",0
"RN7SL229P",0
"ACTBP16",0
"RPL32P10",0
"FAUP2",0
"HHLA2",0
"A4GNT",0
"CAV3",0
"OXTR",0
"RN7SL145P",0
"SPSB4",0
"CHRD",0
"RNU6-230P",0
"MIR5092",0
"DNAJB6P7",0
"IL12A",0
"XXYLT1-AS1",0
"MIR3137",0
"RN7SL36P",0
"RPL31P64",0
"CABYRP1",0
"LINC02017",0
"NDUFS6P1",0
"DONSONP1",0
"RPL31P23",0
"RPS27P11",0
"KIAA1143P2",0
"RN7SKP265",0
"LNCSRLR",0
"RNA5SP137",0
"SNORD19B",0
"SNORD19C",0
"AK3P7",0
"AKTIPP1",0
"MUSTN1",0
"MIR8064",0
"EVA1CP5",0
"SNRPCP10",0
"RPS3AP15",0
"RN7SL767P",0
"GRAMD1C",0
"RPS10P4",0
"KRBOX1",0
"MTND5P15",0
"ASS1P7",0
"RN7SKP52",0
"SDHAP2",0
"SMBD1P",0
"DTWD1P1",0
"RN7SKP124",0
"RN7SL724P",0
"TRMT112P5",0
"NIP7P2",0
"RNU6ATAC29P",0
"IQCF3",0
"FGD5P1",0
"SDHAP1",0
"OR5AC4P",0
"NMRAL2P",0
"COL6A4P1",0
"FRG2FP",0
"FAM157A",0
"RPL32P3",0
"OR7E122P",0
"INHCAP",0
"FAM86JP",0
"CIDECP1",0
"FAM86HP",0
"ALG1L1P",0
"ANKRD18DP",0
"OR7E22P",0
"FAM86DP",0
"EMC3-AS1",0
"MIR5787",0
"SLC38A3",0
"RNU6-1181P",0
"RNF7P1",0
"RPS8P5",0
"RNU6-108P",0
"RNU6-483P",0
"RNU6ATAC26P",0
"ZNF502",0
"ZNF501",0
"MIR564",0
"CLEC3B",0
"RNU5B-3P",0
"ATP2B2-IT1",0
"ATP2B2-IT2",0
"VENTXP7",0
"ZNF385D-AS1",0
"ZNF385D-AS2",0
"FCF1P3",0
"MTND4P16",0
"MTND4LP3",0
"MTND3P6",0
"MTCO3P35",0
"MTATP6P22",0
"MTND5P16",0
"MTND6P6",0
"MTCO1P35",0
"MTND1P16",0
"MTND2P14",0
"RNU6-1308P",0
"PTPN11P1",0
"CSP2",0
"CCDC54",0
"YWHAQP10",0
"GRM7",0
"MRPS36P1",0
"GRM7-AS2",0
"RN7SKP296",0
"CCT6P4",0
"MTCO1P29",0
"MTCO2P29",0
"NAP1L1P3",0
"MIR5682",0
"STXBP5L",0
"MIR6828",0
"KRT8P13",0
"RNU6-856P",0
"RNU6ATAC16P",0
"SDHAP4",0
"MIR922",0
"EIF4EP3",0
"RPL7L1P8",0
"PLA2G10P1",0
"EIF3EP4",0
"MTERF1P1",0
"MIR548BB",0
"TMED2P1",0
"FCRL4P1",0
"RRBP1P2",0
"RPL24P7",0
"RNU6-922P",0
"LINC00691",0
"NPM1P23",0
"RNA5SP135",0
"MIR3136",0
"GAP43",0
"LAPTM4BP2",0
"RNU6-557P",0
"RNU2-64P",0
"GPATCH11P1",0
"RNU6-1270P",0
"RNU7-110P",0
"RNA5SP128",0
"NICN1",0
"TAGLN3",0
"RNU7-73P",0
"RPL21P135",0
"RPL35AP10",0
"CDK2AP1P1",0
"RPL34P9",0
"SST",0
"RTP2",0
"TBILA",0
"SLC9C1",0
"INAVAP1",0
"HSPD1P6",0
"EEF1A1P23",0
"RPL39P5",0
"PSMD10P2",0
"KRT8P12",0
"NUP210P1",0
"BOLA2P2",0
"RPSAP31",0
"PDCL3P4",0
"MTHFD2P1",0
"RPL23AP49",0
"TPM4P2",0
"HMGB1P5",0
"TMEM30CP",0
"CDHR18P",0
"PRSS46P",0
"PRSS43P",0
"PRSS44P",0
"PRSS42P",0
"NRADDP",0
"IQCF4P",0
"C3orf86P",0
"CYP2AB1P",0
"SLC66A1LP",0
"NUDT16L2P",0
"LRRC77P",0
"BTNL12P",0
"CPHL1P",0
"TM4SF18",0
"MIR563",0
"RNU6ATAC4P",0
"MYL3",0
"DAZL",0
"OR5K2",0
"RPL38P4",0
"GPR15",0
"RPL19P7",0
"ACTG1P13",0
"ARHGEF28P1",0
"RNA5SP131",0
"MIR4787",0
"PPIAP69",0
"MIR6825",0
"IQCJ-SCHIP1",0
"IQCJ",0
"PRR23E",0
"PRR23E2P",0
"RNU6-1047P",0
"PRR20G",0
"COL6A4P2",0
"RNU6-507P",0
"HNRNPA1P24",0
"EIF3JP2",0
"RPL32P9",0
"SNRPCP3",0
"MINDY4B",0
"YTHDF3P1",0
"OR7E130P",0
"OR7E93P",0
"OR7E97P",0
"VPS51P6",0
"SYPL1P1",0
"DYNLL1P5",0
"RPL9P15",0
"MME-AS1",0
"RNU6-348P",0
"MTCO1P58",0
"TMEM212",0
"TMEM212-IT1",0
"FGFR3P4",0
"RNU6-1120P",0
"RN7SL703P",0
"RNA5SP150",0
"PSMG3P2",0
"ZCCHC10P1",0
"AADACL2",0
"AADACP1",0
"AADAC",0
"ATP5MGP5",0
"SRP14P5",0
"MAP6D1",0
"ABCC5-AS1",0
"HTR3E-AS1",0
"LINC01840",0
"RN7SL215P",0
"LINC01326",0
"RN7SKP298",0
"PSAT1P4",0
"CBX1P5",0
"CCDC54-AS1",0
"RN7SL815P",0
"RNU5E-8P",0
"RNU6-1200P",0
"DRG1P2",0
"LINC00903",0
"RN7SL582P",0
"TUSC7",0
"MIR4447",0
"RNU1-30P",0
"RNPC3P1",0
"NECTIN2P1",0
"ACVR2B-AS1",0
"SCN5A",0
"THOC7-AS1",0
"RPL23AP40",0
"HMGN2P13",0
"KIAA1328P1",0
"RNU6-901P",0
"SEC13P1",0
"SUMO2P10",0
"RNU6-910P",0
"RNU6-1279P",0
"ZDHHC1P1",0
"LINC02000",0
"LINC01472",0
"LINC01811",0
"LINC01324",0
"LINC02052",0
"LINC01213",0
"LINC02008",0
"ALDH1L1-AS2",0
"LINC01998",0
"KCNMB2-AS1",0
"LINC02045",0
"PLS1-AS1",0
"LINC01487",0
"TERC",0
"IL12A-AS1",0
"LINC01100",0
"LINC00606",0
"LINC00636",0
"LINC00488",0
"PYDC2-AS1",0
"DNAJB8-AS1",0
"P3H2-AS1",0
"LINC02022",0
"LINC02046",0
"OSTN-AS1",0
"LINC02005",0
"CHL1-AS2",0
"LRRC3B-AS1",0
"LINC02040",0
"PRICKLE2-DT",0
"SRGAP3-AS4",0
"LINC01994",0
"CD200R1L-AS1",0
"LINC01322",0
"TPRXL",0
"MELTF-AS1",0
"NAALADL2-AS1",0
"LINC01391",0
"LINC01210",0
"ZIC4-AS1",0
"PLCH1-AS2",0
"LARS2-AS1",0
"DENND6A-DT",0
"CFAP20DC-AS1",0
"LPP-AS1",0
"LINC01983",0
"ATP11B-DT",0
"OSBPL10-AS1",0
"XXYLT1-AS2",0
"LINC01997",0
"CCDC39-AS1",0
"LINC01208",0
"LINC02048",0
"LINC01988",0
"LINC02037",0
"LINC02024",0
"LRRC2-AS1",0
"LINC02020",0
"LINC02031",0
"CNTN4-AS2",0
"MORC1-AS1",0
"RARB-AS1",0
"SYNPR-AS1",0
"NAALADL2-AS3",0
"LINC02030",0
"LINC01986",0
"LINC02015",0
"LINC00879",0
"LINC01985",0
"CLSTN2-AS1",0
"ATP13A4-AS1",0
"SRGAP3-AS1",0
"LRRC78P",0
"PIK3CA-DT",0
"ARHGEF3-AS1",0
"LINC02016",0
"LINC00692",0
"LINC02077",0
"LINC02038",0
"IGSF11-AS1",0
"LINC02042",0
"LINC00901",0
"LINC01972",0
"LINC02069",0
"CFAP100-DT",0
"LINC02027",0
"ESRG",0
"SRGAP3-AS2",0
"LINC02023",0
"LINC01267",0
"RNA5SP124",0
"MIR8076",0
"MIR4446",0
"UBE2E1-AS1",0
"LINC02084",0
"LINC01981",0
"LINC00994",0
"PRICKLE2-AS2",0
"PRDX3P4",0
"PRICKLE2-AS3",0
"RNU6-789P",0
"RAD51AP1P1",0
"IGBP1P3",0
"VN1R20P",0
"RPS18P6",0
"KRT18P34",0
"RPL22P1",0
"TVP23CP3",0
"TMED10P2",0
"GATA2-AS1",0
"ARB2BP",0
"CYCSP10",0
"MARK2P17",0
"ACTG1P1",0
"GAPDHP36",0
"HRGP2",0
"OR5H5P",0
"OR5H3P",0
"OR5H7P",0
"RPS24P9",0
"BCL2L12P1",0
"RPL7P16",0
"RPL13AP27",0
"UBA52P4",0
"PSMC1P7",0
"RPS24P10",0
"DNAJB1P2",0
"ENPP7P3",0
"RPS16P4",0
"LSP1P2",0
"ALG1L6P",0
"ENPP7P2",0
"PPP4R2P6",0
"RPL36P7",0
"NDUFAF4P3",0
"RPS25P5",0
"IMPDH1P8",0
"CDYLP1",0
"METTL15P1",0
"MYLKP2",0
"OR7E29P",0
"COX6A1P5",0
"DPPA2P3",0
"FAM151AP1",0
"SULT1D1P2",0
"RNU2-20P",0
"MIR551B",0
"RPSAP33",0
"RPL21P43",0
"LINC02082",0
"CFAP20DC-DT",0
"RNU6-367P",0
"MIR138-1",0
"LINC01991",0
"NECTIN3-AS1",0
"ERVH-1",0
"LINC00504",0
"CPZ",0
"WEE1P1",0
"DRD5",0
"VPS51P18",0
"HMX1",0
"GPR78",0
"RFPL4AP3",0
"OR7E84P",0
"OR7E86P",0
"MTCO3P44",0
"LINC02270",0
"MTCO3P27",0
"MTND4P9",0
"OR7E85P",0
"MTCO3P42",0
"MTND3P24",0
"RPS29P11",0
"HMGN1P11",0
"LINC02271",0
"MTND4LP22",0
"RPL31P31",0
"GABRB1",0
"MTCYBP16",0
"SNX18P23",0
"MTCO3P28",0
"TECRL",0
"LINC02483",0
"SNX18P24",0
"EXOC5P1",0
"SRIP1",0
"RPS26P24",0
"SNX18P25",0
"KCTD8",0
"HMGB1P44",0
"MTND3P5",0
"MTND6P16",0
"HNRNPA1P67",0
"SEC63P2",0
"CABS1",0
"SMR3B",0
"SLIRPP2",0
"COX7B2",0
"UGT2B11",0
"NAA11",0
"LARP1BP1",0
"GK2",0
"LINC00575",0
"MTND3P22",0
"SMR3A",0
"PRDX4P1",0
"NPM1P41",0
"PPBPP1",0
"PPP2R2C",0
"HMGA1P2",0
"UGT2B7",0
"LINC02619",0
"MTND5P4",0
"MTCO3P39",0
"MTND5P13",0
"LINC01217",0
"ATP5F1EP1",0
"PABPC1P7",0
"IGBP1P5",0
"LINC01216",0
"MTND5P5",0
"LINC01218",0
"MTND4LP31",0
"COL25A1-DT",0
"LINC02503",0
"DYNLL1P6",0
"PGAM4P2",0
"DKK2",0
"BTC",0
"MRPS33P3",0
"CXCL6",0
"PIMREGP2",0
"TRAM1L1",0
"NDUFS5P5",0
"RPL6P14",0
"ACTR3BP4",0
"FKBP4P1",0
"TUBB4BP5",0
"TTC39CP1",0
"NDNF",0
"LTV1P1",0
"KRT18P21",0
"PARM1-AS1",0
"ARHGEF38-IT1",0
"UGT2A3",0
"RAC1P5",0
"MUC7",0
"ACTR6P1",0
"SPOPLP3",0
"H3P15",0
"SPOPLP2",0
"TUBAP10",0
"GAPDHP56",0
"LINC02479",0
"CWH43",0
"RBM48P1",0
"RPL7AP26",0
"PDHA2",0
"KIAA1191P1",0
"EIF3KP3",0
"QRFPR",0
"LINC02262",0
"NDNF-AS1",0
"DUTP8",0
"SAR1AP3",0
"SPOPLP1",0
"MTCYBP44",0
"TMEM150C",0
"OPRPN",0
"TMEM248P1",0
"PGBD4P4",0
"TPI1P4",0
"KRT18P54",0
"GABRG1",0
"PABPC4L",0
"CRYZP2",0
"RPL17P19",0
"COX5BP1",0
"DDIT4L",0
"RPS3AP19",0
"MAPRE1P2",0
"LINC02429",0
"GTF2F2P1",0
"RPS23P2",0
"PES1P1",0
"SERF1AP1",0
"R3HDM2P1",0
"CDRT15P11",0
"RBM46",0
"MTCYBP17",0
"LINC02511",0
"YWHAEP4",0
"STMN1P2",0
"PTPN11P5",0
"MTATP6P9",0
"JADRR",0
"TARS2P1",0
"RPL31P26",0
"LINC02431",0
"ZSWIM5P3",0
"ADAM20P2",0
"LINC02512",0
"NPY1R",0
"TSEN2P1",0
"MTND6P17",0
"LRAT",0
"LINC01179",0
"MTND2P33",0
"FABP5P12",0
"ENPP6",0
"PRMT5P1",0
"RPL21P48",0
"MTCO2P9",0
"FBLP1",0
"ASS1P8",0
"NPY5R",0
"NDUFB2P1",0
"WWC2-AS1",0
"MTND1P22",0
"TLL1",0
"MTHFD2P4",0
"ADAM29",0
"NDUFB5P1",0
"SPATA4",0
"MTCO1P9",0
"LINC02477",0
"CLDN24",0
"MARK2P4",0
"RPL35AP12",0
"TRIML1",0
"MTND5P9",0
"TOMM22P4",0
"AKIRIN2P1",0
"LINC02514",0
"LINC02430",0
"PHB1P14",0
"RPL6P11",0
"ICE2P1",0
"ADAM20P3",0
"MTND4P8",0
"RPS23P4",0
"ZFP42",0
"MTND3P3",0
"TKTL2",0
"NWD2",0
"MTCO3P9",0
"LINC02496",0
"SETP12",0
"ANP32CP",0
"DPP3P1",0
"HSPE1P23",0
"GPM6A-DT",0
"RN7SKP113",0
"MIR548I2",0
"RNA5SP156",0
"RNU6-578P",0
"RN7SKP170",0
"MIR572",0
"SNORA75B",0
"RNU6-420P",0
"RNA5SP157",0
"RN7SL101P",0
"MIR4275",0
"RNU7-126P",0
"MIR1255B1",0
"RNU6-573P",0
"MIR4801",0
"RNU6-931P",0
"RNU6-412P",0
"RN7SL193P",0
"RN7SKP199",0
"RNU6-158P",0
"MIR8053",0
"MIR548AG1",0
"RNU6-1325P",0
"RNU6-699P",0
"RNA5SP527",0
"RNU6ATAC5P",0
"RNU4ATAC9P",0
"RNU6-499P",0
"RNU6-774P",0
"RN7SKP48",0
"MIR575",0
"RNU6-1059P",0
"MIR4451",0
"RN7SKP28",0
"RNU6-462P",0
"RNU6-551P",0
"RNU6-34P",0
"RNU6-635P",0
"SNORA24",0
"MIR576",0
"MIR8066",0
"MIR1255A",0
"RN7SKP137",0
"RNU6-948P",0
"RNU6-119P",0
"RNU6-550P",0
"RNU1-89P",0
"RNU6-224P",0
"RN7SL808P",0
"RNA5SP166",0
"RNU7-197P",0
"RNU6-1230P",0
"RNA5SP167",0
"RNA5SP165",0
"MIR4799",0
"RN7SL254P",0
"MIR548G",0
"RNU4-79P",0
"RN7SKP188",0
"RNA5SP170",0
"RNU6ATAC13P",0
"RN7SKP105",0
"MIR6082",0
"RN7SL776P",0
"RNA5SP171",0
"RNA5SP173",0
"MIR4454",0
"RNU6-335P",0
"RNU6-479P",0
"RN7SL28P",0
"RNU2-34P",0
"RNU2-66P",0
"RN7SKP67",0
"RNU2-44P",0
"MIR4276",0
"RNU6-173P",0
"RNU1-51P",0
"RNU6-838P",0
"MIR4449",0
"SNORA26",0
"ERVMER34-1",0
"RN7SKP275",0
"RN7SL335P",0
"ADAD1",0
"RNU6-668P",0
"APELA",0
"TRIM60P14",0
"FAM218BP",0
"TRIM60",0
"AMTN",0
"RNU6-520P",0
"RNU6-784P",0
"RNU6-891P",0
"ALG1L14P",0
"USP17L10",0
"USP17L11",0
"USP17L12",0
"USP17L13",0
"USP17L17",0
"USP17L18",0
"USP17L23",0
"USP17L5",0
"USP17L27",0
"USP17L28",0
"USP17L29",0
"USP17L30",0
"DEFB108F",0
"RNA5SP153",0
"DEFB130D",0
"USP17L20",0
"USP17L21",0
"USP17L22",0
"USP17L24",0
"USP17L25",0
"USP17L26",0
"USP17L14P",0
"USP17L16P",0
"USP17L19",0
"USP17L9P",0
"USP17L6P",0
"LINC02173",0
"GIMD1",0
"RNU6-1196P",0
"RN7SL419P",0
"IL2",0
"MYOZ2",0
"MIR548T",0
"RPL5P11",0
"RNU6-1096P",0
"HAND2",0
"NACAP5",0
"KRT18P63",0
"RN7SL311P",0
"RNU6-506P",0
"RNU6-1074P",0
"MGARP",0
"RNU6-1214P",0
"PFDN1P2",0
"HPRT1P1",0
"FGFBP2",0
"MIR2054",0
"NUP58P1",0
"RPL17P20",0
"RN7SL492P",0
"RN7SL357P",0
"RNU6-998P",0
"UBE2CP3",0
"BBS7-DT",0
"SULT1D1P",0
"CSN1S1",0
"STATH",0
"HTN1",0
"PRR27",0
"HTN3",0
"SOWAHB",0
"RPL7P17",0
"RNU6-1187P",0
"RNU6-887P",0
"MIR5591",0
"RN7SKP96",0
"MIR4452",0
"GABRA2",0
"NPNT",0
"RNU6-746P",0
"LRRC34P2",0
"FCF1P8",0
"OR7E85BP",0
"UNC93B8",0
"VPS51P7",0
"SNRPCP16",0
"ENPP7P10",0
"EFL1P2",0
"RNU2-40P",0
"RPL6P13",0
"C4orf36",0
"MIR5705",0
"RN7SL681P",0
"RNU1-44P",0
"POU4F2",0
"USP17L15",0
"BTF3L4P4",0
"PALLD-AS1",0
"HIGD1AP13",0
"RN7SL127P",0
"MIR3945",0
"TRPC6P7",0
"MIR4455",0
"RNU6-351P",0
"RN7SL89P",0
"RNU6-553P",0
"SCARNA22",0
"MIR943",0
"RPS15AP17",0
"RNU2-16P",0
"NKX1-1",0
"MIR95",0
"RNU6-112P",0
"NCOA4P2",0
"PYURF",0
"PIGY",0
"PIGY-DT",0
"RN7SKP244",0
"RPSAP34",0
"ZACNP1",0
"EXOC7P1",0
"ASIC5",0
"RNU6-35P",0
"RN7SL275P",0
"HSBP1P2",0
"RNF14P2",0
"RNU6-205P",0
"ZBED1P1",0
"RPL7L1P13",0
"ZNF969P",0
"MIR297",0
"RNU6-289P",0
"RPL36AP23",0
"CCDC34P1",0
"TUBB8P3",0
"RPL36AP19",0
"TOX4P1",0
"RPL7AP29",0
"SLC25A14P1",0
"RPL30P5",0
"ANXA10",0
"RNU6-410P",0
"RN7SL424P",0
"RN7SL822P",0
"KPNA2P1",0
"RPSAP39",0
"LINC02469",0
"PIMREGP4",0
"CCKAR",0
"LINC02928",0
"NDUFB4P9",0
"MGAT4D",0
"UCP1",0
"RN7SL152P",0
"HIGD1AP14",0
"LRIT3",0
"KRT19P3",0
"C4orf17",0
"NMNAT1P4",0
"C4orf51",0
"EPHA5",0
"TTC29",0
"RPL32P13",0
"MIR1243",0
"MIR8082",0
"RN7SL184P",0
"RNU1-138P",0
"IBSP",0
"RNU1-36P",0
"RPL31P24",0
"RNU6-818P",0
"RNU6ATAC31P",0
"RNU6-1298P",0
"MIR4274",0
"MICOS10P4",0
"DSPP",0
"RN7SL728P",0
"RPL21P49",0
"RNU7-151P",0
"MIR3139",0
"RN7SKP237",0
"RNA5SP161",0
"RNU6-197P",0
"MRPL22P1",0
"RPL36P8",0
"SNX5P1",0
"RNU6-1000P",0
"RPL36AP18",0
"MIR367",0
"MIR302D",0
"MIR302A",0
"MIR302C",0
"MIR302B",0
"GET1P1",0
"DMP1",0
"ADH7",0
"NPFFR2",0
"C4orf54",0
"UGT2B29P",0
"UGT2B17",0
"UGT2B15",0
"RNU6-145P",0
"MIR4450",0
"MIR548AH",0
"OR7E103P",0
"RPL6P12",0
"UGT2A2",0
"RNU6-907P",0
"FABP2",0
"RNU4-33P",0
"AMBN",0
"GBA3",0
"RPS3AP16",0
"VPS51P13",0
"HELT",0
"MEPE",0
"GPM6A",0
"RPL5P13",0
"LSM3P4",0
"MIR7849",0
"PF4V1",0
"HNRNPA1P55",0
"PF4",0
"RN7SL218P",0
"HGFAC",0
"MIR3688-1",0
"MIR3688-2",0
"CSN2",0
"ODAM",0
"FDCSP",0
"LTO1P1",0
"DEFB131A",0
"NEUROG2",0
"RPL23AP94",0
"HNRNPA1P65",0
"SOD3",0
"CFI",0
"MTCYBP43",0
"TMEM271",0
"CPLX1",0
"MIR378D1",0
"RNA5SP158",0
"MIR574",0
"RNU7-194P",0
"MAB21L2",0
"RNA5SP168",0
"AK4P6",0
"KRT19P6",0
"MIR578",0
"SCGB1D5P",0
"NOL8P1",0
"RNU6-1252P",0
"RNU4-87P",0
"RNU6-1055P",0
"RPS7P6",0
"CLRN2",0
"POLN",0
"MIR4800",0
"PMPCAP1",0
"RACK1P3",0
"RNA5SP164",0
"ATOH1",0
"SMARCAD1-DT",0
"HMGB3P15",0
"RPL35AP11",0
"OR5M14P",0
"PHOX2B",0
"RNU1-49P",0
"HMGB1P28",0
"ATP1B1P1",0
"SHISA3",0
"RPS7P7",0
"CCNL2P1",0
"RN7SKP82",0
"GRXCR1",0
"LINC02383",0
"RN7SL691P",0
"TRIM75",0
"ADRA2C",0
"SMIM43",0
"RNU4-64P",0
"GC",0
"RNA5SP163",0
"CXXC4",0
"SORBS2-AS1",0
"MIR1973",0
"TRMT112P1",0
"CUL4AP1",0
"RPL21P45",0
"PSME2P4",0
"DUTP7",0
"LRRC66",0
"SPATA18",0
"RNA5SP160",0
"RNU6-836P",0
"RNU6-1195P",0
"UCHL1-DT",0
"MIR3138",0
"RNA5SP155",0
"RAF1P1",0
"CSN3",0
"FAM90A26",0
"GYPA",0
"KRT18P51",0
"RN7SKP235",0
"LINC01097",0
"NKX3-2",0
"MIR5091",0
"RPL32P12",0
"RNY1P14",0
"RNU6-310P",0
"MORF4L2P1",0
"RN7SL446P",0
"MIR3140",0
"MIR4453",0
"RPS3AP18",0
"TIGD4",0
"SLC10A4",0
"ZAR1",0
"RNU5E-3P",0
"RN7SL253P",0
"RNU6-1054P",0
"GLRB",0
"RNU6-582P",0
"RNU6-1217P",0
"IGBP1P4",0
"KLKB1",0
"SLC25A5P6",0
"RNU6-583P",0
"FOSL1P1",0
"RNU6-1336P",0
"RPL9P16",0
"RNU6-853P",0
"RNY4P17",0
"OR7E94P",0
"JAKMIP1-DT",0
"PPBPP2",0
"GTF2IP12",0
"SEPTIN7P14",0
"NKX6-1",0
"RPL3P13",0
"WDFY3-AS1",0
"TMPRSS11GP",0
"RNU6-95P",0
"MTND2P41",0
"TMPRSS11F",0
"TMPRSS11BNL",0
"TMPRSS11B",0
"WDR77P1",0
"RNU6-1285P",0
"FGB",0
"FGG",0
"RNU7-11P",0
"ELOCP33",0
"KRT18P25",0
"RN7SKP36",0
"MIR4798",0
"PSAPL1",0
"GRIA2",0
"RN7SKP30",0
"PDCL2",0
"NMU",0
"RNU6-276P",0
"EXOC1L",0
"GLDCP1",0
"ZNF876P",0
"ZNF732",0
"MIR571",0
"ZNF519P4",0
"UGT2B28",0
"UGT2B24P",0
"UGT2B4",0
"UGT2A1",0
"CFAP299",0
"BMP3",0
"PRKG2",0
"PRKG2-AS1",0
"RPL30P6",0
"TBCAP3",0
"FAM177A1P1",0
"RNU7-149P",0
"MIR3684",0
"ABT1P1",0
"ADH1A",0
"ADH1C",0
"MIR218-1",0
"MIR7978",0
"RPL31P25",0
"KCNIP4-IT1",0
"DUX4",0
"CHRNA9",0
"RNU7-74P",0
"AFP",0
"AFM",0
"F11",0
"RNA5SP152",0
"RPPH1-3P",0
"MLLT10P2",0
"RNA5SP174",0
"RNA5SP175",0
"DUX4L9",0
"FRG2",0
"RARRES2P4",0
"AGGF1P1",0
"CLUHP4",0
"DUX4L8",0
"DUX4L7",0
"DUX4L6",0
"DUX4L5",0
"DUX4L4",0
"DUX4L1",0
"DUX4L3",0
"DUX4L2",0
"RNU6-284P",0
"CHORDC1P3",0
"SMIM31",0
"BNIP3P41",0
"AIDAP2",0
"ZEB2P1",0
"CIBAR1P2",0
"HSP90AA4P",0
"RTEL1P1",0
"MRPL42P1",0
"GUSBP5",0
"SYT14P1",0
"FTLP10",0
"RPSAP36",0
"PCNAP1",0
"CSN1S2AP",0
"CETN4P",0
"VAMP9P",0
"ST3GAL1P1",0
"GNRHR",0
"TMPRSS11CP",0
"TMPRSS11A",0
"EVA1CP2",0
"FAM86EP",0
"MTND2P31",0
"C9orf78P2",0
"LINC01085",0
"RN7SKP13",0
"CCNHP1",0
"MIR1305",0
"RPL22P13",0
"PDGFRA",0
"MIR1269A",0
"RPS23P3",0
"RN7SL205P",0
"ELL2P2",0
"AARS1P1",0
"SNORD73A",0
"PRSS48",0
"RNU6-1282P",0
"RN7SKP35",0
"VEGFC",0
"RN7SKP136",0
"RNA5SP172",0
"RNU1-45P",0
"RNA5SP169",0
"SCPPPQ1",0
"PPBP",0
"MRPS36P2",0
"RNU7-192P",0
"RPSAP35",0
"NT5C3AP1",0
"GSX2",0
"RNU6-33P",0
"PPIAP76",0
"LINC02498",0
"LNCPRESS2",0
"LINC01098",0
"LINC01396",0
"LINC02353",0
"NPY2R-AS1",0
"SLIT2-IT1",0
"BMPR1B-DT",0
"LINC00616",0
"PCDH10-DT",0
"LINC02481",0
"LINC02492",0
"FAM218A",0
"LINC02433",0
"LINC02276",0
"LINC02500",0
"LINC02508",0
"LINC02480",0
"LINC01438",0
"SNHG27",0
"MAPK10-AS1",0
"LINC02513",0
"LINC02501",0
"LINC02434",0
"LINC02267",0
"LINC02374",0
"LINC02365",0
"LINC00613",0
"LINC02364",0
"LINC02264",0
"LINC02171",0
"LINC02266",0
"LINC02509",0
"LINC02275",0
"LINC01365",0
"LINC02499",0
"LINC02172",0
"LINC02502",0
"LINC01258",0
"LINC02360",0
"PCAT4",0
"SNCA-AS1",0
"LINC02382",0
"LINC02269",0
"LINC02174",0
"LINC02233",0
"LINC02380",0
"LINC02379",0
"CBR4-DT",0
"LINC01259",0
"LINC02438",0
"LINC01093",0
"ADGRL3-AS1",0
"LINC02283",0
"LINC02428",0
"LINC02278",0
"GSTCD-AS1",0
"LINC02497",0
"LINC01587",0
"LINC02835",0
"HHIP-AS1",0
"LINC00955",0
"LINC02355",0
"LINC02994",0
"LINC02510",0
"LINC02261",0
"LINC02466",0
"LINC02485",0
"LINC02472",0
"LINC01096",0
"HAFML",0
"LINC02272",0
"FRG1-DT",0
"STPG2-AS1",0
"CHAER1",0
"MIR577",0
"CIR1P2",0
"EPHA5-AS1",0
"RNU6-431P",0
"RCC2P8",0
"LINC00682",0
"OR7E83P",0
"ENPP7P11",0
"RPL15P7",0
"UNC93B7",0
"OR7E35P",0
"UGT2B27P",0
"FAM86MP",0
"ALG1L3P",0
"RBMXP4",0
"RPF2P2",0
"UGT2B26P",0
"ANKRD20A17P",0
"RPL6P16",0
"APOBEC3AP1",0
"RPS14P7",0
"NUDT19P5",0
"VTI1BP2",0
"FAM86KP",0
"OR7E111FP",0
"TECRP1",0
"LYPLA1P2",0
"CHCHD2P7",0
"UNC93B4",0
"OR7E99P",0
"OR7E43P",0
"UGT2A3P7",0
"KLHL2P1",0
"H3P14",0
"OR7E163P",0
"SEPTIN14P4",0
"NDUFS5P4",0
"RPL23AP84",0
"DBET",0
"ALG1L7P",0
"ENPP7P9",0
"RPL7AP28",0
"RPL21P50",0
"LINC00498",0
"LINC00989",0
"PANCR",0
"LINC02494",0
"PHOX2B-AS1",0
"LINC02063",0
"LINC02145",0
"MTCO1P31",0
"MARCHF11",0
"MTCO1P30",0
"HMGB3P3",0
"RPL32P14",0
"CFAP90",0
"MTCO2P30",0
"UBE2V1P12",0
"FBXL7",0
"RPS23P5",0
"HPRT1P2",0
"MARK2P5",0
"PTPN11P4",0
"MTND6P2",0
"HSPD1P15",0
"ANKH-DT",0
"CDH10",0
"ISL1",0
"ADH5P5",0
"AK4P2",0
"LINC02120",0
"GCNT1P2",0
"FST",0
"UQCRBP3",0
"LINC02225",0
"UGT3A1",0
"HMGB1P47",0
"RAB3C",0
"LINC00603",0
"SUCLG2P4",0
"RPS17P11",0
"UBL5P1",0
"CAPSL",0
"KRT18P56",0
"CCNB3P1",0
"NT5ELP",0
"RPL5P15",0
"RPS2P25",0
"RPL17P22",0
"LINC02118",0
"MFSD4BP1",0
"RASGRF2",0
"HNRNPKP5",0
"RGS7BP",0
"C1GALT1P2",0
"HMGB3P16",0
"DPPA3P12",0
"HMGN1P14",0
"MTND4P35",0
"RACK1P1",0
"RPL5P14",0
"LINC02215",0
"ZP3P1",0
"TRPC6P6",0
"SPMIP10",0
"EEF1A1P20",0
"B3GNTL1P1",0
"RPL17P21",0
"RPL21P55",0
"HMGN1P13",0
"KRT8P32",0
"BOLA3P3",0
"MTND4LP5",0
"ZCCHC10P2",0
"MRPL49P1",0
"PGAM1P1",0
"MEGF10",0
"KRT18P42",0
"MRPS35P2",0
"HMGN1P15",0
"EGFLAM",0
"MTCYBP22",0
"HSPE1P10",0
"BCL9P1",0
"KATNBL1P4",0
"ATP5PFP4",0
"LINC02214",0
"MTND3P19",0
"LSM2P2",0
"PCBP2P3",0
"RPSAP37",0
"RPEP1",0
"MTCO2P24",0
"SEPTIN7P10",0
"TILRLS",0
"CATSPER2P2",0
"EPB41L4A-DT",0
"IL9",0
"BHMT2",0
"EDIL3",0
"LINC02161",0
"MTND6P22",0
"GJA1P1",0
"TPT1P5",0
"LECT2",0
"ATG10-AS1",0
"RBBP4P6",0
"ESM1",0
"COQ10BP2",0
"PRELID3BP8",0
"CTNNA1P1",0
"OR7H2P",0
"TRPC7-AS2",0
"TOMM40P3",0
"TMEM171",0
"BHMT",0
"FTH1P9",0
"HMGB1P29",0
"TRPC6P9",0
"ASS1P10",0
"TRPC6P2",0
"MINAR2",0
"RPL7L1P4",0
"AK3P4",0
"MTCO1P24",0
"EFCAB9",0
"PGAM5P1",0
"SLCO6A1",0
"ARL2BPP5",0
"MRPS5P3",0
"CTBP2P4",0
"RPL35AP15",0
"MARK2P11",0
"LSM1P2",0
"ARGFXP1",0
"GAPDHP71",0
"TMED7-TICAM2",0
"NAMPTP2",0
"LINC02995",0
"MRPL57P6",0
"RPL23AP44",0
"RPL21P59",0
"HAND1",0
"CKS1BP5",0
"BTG4P1",0
"IL3",0
"RPL12P22",0
"HMGN2P27",0
"RPL7AP33",0
"ATP10B",0
"FTMT",0
"NSG2",0
"BTNL8",0
"LIFR",0
"RPS29P12",0
"NKX2-5",0
"ADRA1B",0
"ARL2BPP6",0
"TMEM69P2",0
"DRD1",0
"ARPP19P1",0
"EEF1GP2",0
"BTNL3",0
"RPL36AP20",0
"C5orf52",0
"C5orf46",0
"SOWAHA",0
"IL4",0
"RPL13AP13",0
"HSPA8P4",0
"RASGEF1C",0
"SEMA5A-AS1",0
"ARL2BPP4",0
"ECSCR",0
"MTCYBP37",0
"TMEM174",0
"RPS15AP18",0
"RN7SKP73",0
"MIR4458",0
"RNU1-76P",0
"SNORD123",0
"RNA5SP177",0
"MIR4636",0
"MIR887",0
"RNU6-679P",0
"RNA5SP178",0
"RNU6-660P",0
"RN7SL58P",0
"RNU4-43P",0
"RNU6-374P",0
"RN7SKP207",0
"RNU6-1079P",0
"RNU6-378P",0
"MIR579",0
"RNU6-358P",0
"RNU6-760P",0
"MIR4279",0
"RNU6-909P",0
"MIR3650",0
"RNU7-130P",0
"RNU6-480P",0
"RNU6-1296P",0
"RNU6-272P",0
"MIR581",0
"RNA5SP185",0
"RNA5SP182",0
"RNU6ATAC2P",0
"MIR449A",0
"MIR449B",0
"MIR449C",0
"RNU6-299P",0
"RNA5SP184",0
"MIR5687",0
"RN7SL169P",0
"RNU6-294P",0
"RNU6-913P",0
"MIR4803",0
"RNU7-196P",0
"RNU4-11P",0
"RN7SL378P",0
"RN7SKP295",0
"RNU6-620P",0
"RN7SKP34",0
"MIR4280",0
"RNU6-448P",0
"RNU6-804P",0
"RNY3P1",0
"SNORD138",0
"RN7SL802P",0
"RNU6-1119P",0
"RN7SKP62",0
"RN7SKP68",0
"RNU6-47P",0
"RN7SKP57",0
"RNA5SP188",0
"RNU1-140P",0
"RNU6-644P",0
"RN7SL711P",0
"RN7SL174P",0
"MIR548F3",0
"SNORA13",0
"RNU6-752P",0
"RNU6-373P",0
"MIR5706",0
"RNU7-53P",0
"RNU6-718P",0
"RNA5SP189",0
"MIR4460",0
"RN7SL689P",0
"RNU6-290P",0
"RNU4-69P",0
"RNU6ATAC10P",0
"RNA5SP191",0
"RNU7-34P",0
"MIR5197",0
"RN7SL87P",0
"RN7SKP246",0
"RNU7-156P",0
"RNU6-588P",0
"RNU6-390P",0
"MIR3142",0
"MIR146A",0
"RNA5SP194",0
"RNU6-164P",0
"RN7SL868P",0
"MIR1294",0
"RN7SKP60",0
"RNU2-48P",0
"RNU6-500P",0
"RNA5SP200",0
"RNU6-209P",0
"MIR8056",0
"RNU6-168P",0
"MIR5003",0
"RNU1-17P",0
"MIR8089",0
"RNU6-525P",0
"RNU6-1036P",0
"SLC34A1",0
"PFN3",0
"RPS20P4",0
"LRRC14B",0
"SLC9A3-OT1",0
"MIR4456",0
"BRD9P2",0
"SPICP4",0
"SPCS2P3",0
"RNU6-572P",0
"SNORA74D",0
"SNORA74A",0
"RNU5B-4P",0
"RNU6-732P",0
"MIR584",0
"RN7SKP145",0
"HTR1A",0
"TRPC7",0
"UBE2QL1",0
"MIR4278",0
"RN7SKP79",0
"GNL3LP1",0
"GABRA6-AS1",0
"GLRXP3",0
"ZNF474-AS1",0
"HAUS1P1",0
"PCDHA1",0
"PCDHA2",0
"PCDHA3",0
"PCDHA5",0
"PCDHA6",0
"PCDHA7",0
"PCDHA9",0
"PCDHA14",0
"PCDHA11",0
"PCDHA12",0
"PCDHA13",0
"TLX3",0
"SNORA70J",0
"MIR3912",0
"FOXI1",0
"KRT18P41",0
"LINC01187",0
"XBP1P1",0
"ZRSR2P1",0
"RBISP2",0
"RN7SL37P",0
"RNU7-75P",0
"CIR1P1",0
"MIR3141",0
"MIR1303",0
"RN7SL803P",0
"RPL21P57",0
"MIR378H",0
"RNU6-661P",0
"RPL35AP14",0
"LRRC70",0
"RANBP3L",0
"PCDHAC1",0
"PRELID3BP5",0
"PRELID3BP6",0
"FOXO1B",0
"SNORD63B",0
"SNORD63",0
"LINC01386",0
"USP12P1",0
"RNU6-1311P",0
"RNU6-1164P",0
"RN7SKP232",0
"GLRA1",0
"RNA5SP198",0
"RNU6-923P",0
"RXFP3",0
"C1QTNF3-AMACR",0
"FHP2",0
"C1QTNF3",0
"RN7SL684P",0
"GPRIN1",0
"SNCB",0
"MIR4281",0
"EIF4E1B",0
"UGT3A2",0
"MIR580",0
"RNU6-1305P",0
"NADK2-AS1",0
"LSINCT5",0
"MIR6830",0
"MIR3936",0
"RNU6-363P",0
"POU4F3",0
"RNA5SP196",0
"RN7SL791P",0
"RNU6-456P",0
"RN7SL541P",0
"KRT8P48",0
"PPP2R2B-IT1",0
"COL23A1",0
"RN7SL646P",0
"RN7SKP70",0
"PRDX2P3",0
"RNA5SP181",0
"NENFP3",0
"RPL29P13",0
"RPS27AP18",0
"IL5",0
"LINC01861",0
"RNA5SP199",0
"RNU6-556P",0
"H2BL1P",0
"MIR4804",0
"RPL35AP13",0
"RN7SL782P",0
"RN7SKP122",0
"CUL1P1",0
"GRXCR2",0
"NDUFB9P1",0
"RPS27P14",0
"RN7SL616P",0
"RNU6-724P",0
"SLC27A6",0
"MIR4633",0
"NACAP6",0
"PDCD6-AHRR",0
"STC2",0
"TAS2R1",0
"MIR548AE2",0
"LINC00492",0
"RNU7-175P",0
"SUMO2P5",0
"HMGN1P12",0
"CARTPT",0
"RNA5SP190",0
"RPL21P58",0
"FABP5P6",0
"TUBAP15",0
"HMHB1",0
"GPR151",0
"PCDHGA1",0
"PCDHGA2",0
"PCDHGA4",0
"PCDHGA5",0
"PCDHGA7",0
"PCDHGB4",0
"PCDHGA8",0
"PCDHGA9",0
"PCDHGB7",0
"PCDHGA11",0
"PCDHGB9P",0
"RN7SL68P",0
"PCDHGC4",0
"PCDHGC5",0
"RPS27AP10",0
"PCDHGB5",0
"AHRR",0
"IRX2-DT",0
"MIR4638",0
"SNORD96A",0
"SNORD95",0
"RNU6-705P",0
"DCANP1",0
"PRMT1P1",0
"NKD2",0
"MIR4635",0
"RNA5SP192",0
"CCNJL",0
"RN7SKP148",0
"PCDHGB6",0
"ATP6V1G1P6",0
"RNU6-183P",0
"ZDHHC11",0
"PCDHB2",0
"PCDHB3",0
"PCDHB4",0
"PCDHB7",0
"PCDHB16",0
"PCDHB9",0
"PCDHB10",0
"PCDHB13",0
"PCDHB14",0
"PCDHB15",0
"SLC25A2",0
"SNRPCP2",0
"RN7SL208P",0
"RNU6-1148P",0
"WNT8A",0
"RNU6-460P",0
"RNU6-888P",0
"RNU6-658P",0
"RNU6-1330P",0
"ARL14EPL",0
"CTXN3",0
"SPINK6",0
"HMGN1P16",0
"MARCOL",0
"SPINK13",0
"SPINK14",0
"BCLAF1P1",0
"TSLP",0
"RN7SL153P",0
"FAM170A",0
"CFAP53P1",0
"LINC01947",0
"RNU6-477P",0
"RNU7-161P",0
"KRT18P16",0
"RNU4ATAC2P",0
"LINC01845",0
"IL12B",0
"VWA8P1",0
"RN7SKP251",0
"SUMO2P4",0
"SNORA50D",0
"APOOP1",0
"GARIN3",0
"MIR1271",0
"PROP1",0
"GMCL2",0
"RNU6-1232P",0
"CPLX2",0
"YBX1P5",0
"RNA5SP197",0
"RPL21P54",0
"RNU6-680P",0
"SLC25A5P9",0
"BIN2P2",0
"SAP18P1",0
"RNA5SP186",0
"PDCD5P2",0
"RNU6ATAC36P",0
"HMGB1P35",0
"PDE8B",0
"RPS2P24",0
"OTP",0
"NCOA4P4",0
"FAM81B",0
"RTRAFP2",0
"RNU6-308P",0
"DBIP2",0
"LINC01337",0
"DDX4",0
"RNA5SP183",0
"HNRNPH1P3",0
"AGXT2",0
"ZNF475",0
"MTND3P25",0
"CATSPER3",0
"NEUROG1",0
"SLC25A48-AS1",0
"MIR5692C1",0
"ZNF454",0
"LINC02065",0
"RN7SKP157",0
"TTC23L",0
"MIR2277",0
"NR2F1",0
"RNU1-39P",0
"AMACR",0
"SLC6A19",0
"SLC6A18",0
"MIR4457",0
"LINC01511",0
"MTCO2P32",0
"CDH12P1",0
"ACOT12",0
"LINC02222",0
"OR2AI1P",0
"CICP15",0
"MTND6P3",0
"MIR6131",0
"RPL30P7",0
"PMCHL1",0
"NBPF22P",0
"PMCHL2",0
"PCDHB17P",0
"PCDHB18P",0
"PCDHB19P",0
"CEP192P1",0
"AACSP1",0
"SDHAP3",0
"ZNF300P1",0
"SEPTIN14P5",0
"GTF2H2B",0
"NAIPP1",0
"WSPAR",0
"TSSK1B",0
"RNU4ATAC13P",0
"DDX18P4",0
"CSNK1A1P3",0
"RNU6-429P",0
"MIR6499",0
"RN7SL177P",0
"PGBD4P3",0
"SPINK7",0
"HTR4",0
"RN7SKP89",0
"LINC01957",0
"MIR9-2",0
"LINC02218",0
"H3Y2",0
"H3P17",0
"H3P19",0
"H3P20",0
"H3Y1",0
"H3P22",0
"MIR874",0
"MIR3655",0
"ANKRD33B-AS1",0
"MIR218-2",0
"MIR585",0
"SMIM23",0
"PPIAP77",0
"PRELID3BP4",0
"MIR6831",0
"MIR1229",0
"KCNIP1",0
"KCNIP1-AS1",0
"GABRP",0
"RN7SL623P",0
"PLCXD3",0
"RPL29P15",0
"RPL6P15",0
"MIR1289-2",0
"RPL35AP16",0
"RPL35AP17",0
"RNU7-180P",0
"IL17B",0
"LNPPS",0
"MIR143",0
"MIR145",0
"PRDM9",0
"MSANTD5",0
"WWC1",0
"FBLL1",0
"SLC2A3P1",0
"MIR103A1",0
"MIR103B1",0
"AIG1P1",0
"CDH12P3",0
"NDUFB4P2",0
"MIR582",0
"RNU6-806P",0
"RPL31P8",0
"CAB39P1",0
"KRT8P31",0
"VTRNA1-1",0
"RPLP1P6",0
"PDZPH1P",0
"FBXL21P",0
"PCDHGB8P",0
"ATP6AP1L",0
"NPY6R",0
"SMIM32",0
"RN7SL629P",0
"RNU6-727P",0
"TAF11L5",0
"TAF11L3",0
"TAF11L7",0
"TAF11L8",0
"TAF11L13",0
"TAF11L4",0
"TAF11L6",0
"TAF11L10",0
"TAF11L9",0
"TAF11L2",0
"TAF11L14",0
"TMEM183AP6",0
"SETP22",0
"LIX1",0
"H3P24",0
"RNU2-49P",0
"CDO1",0
"DDX43P1",0
"WBP1LP4",0
"TAF11L11",0
"TAF11L12",0
"SLC35A4",0
"IRX1",0
"RN7SL814P",0
"YTHDF1P1",0
"MTCYBP40",0
"RNU6-540P",0
"RPS12P10",0
"FGF1",0
"RPS3AP22",0
"RNA5SP176",0
"EGFLAM-AS3",0
"RNU6-484P",0
"GDNF",0
"EGFLAM-AS4",0
"KCTD9P5",0
"RNA5SP179",0
"RPL19P11",0
"CDH6",0
"DUX4L51",0
"RPSAP38",0
"MTHFD2P6",0
"RNA5SP180",0
"DCAF13P2",0
"RN7SKP133",0
"FTH1P10",0
"PDCD6P1",0
"MIR4277",0
"AMD1P3",0
"HMMR-AS1",0
"RPL5P16",0
"MIR3977",0
"ST13P12",0
"RNA5SP187",0
"LDHBP3",0
"CCT7P2",0
"RN7SL255P",0
"RNU6-334P",0
"RAB9BP1",0
"HMGB1P22",0
"RN7SKP117",0
"FAM169A-AS1",0
"HSPD1P18",0
"ANKRD49P3",0
"RNA5SP193",0
"RNU6-236P",0
"PCDHB1-AS1",0
"HIGD1AP3",0
"MIR4634",0
"IRGM",0
"NAIPP3",0
"GUSBP3",0
"GUSBP18",0
"GUSBP1",0
"SALL4P1",0
"ACTBL2",0
"LNCBRM",0
"RNU6-381P",0
"FGF10",0
"FGF10-AS1",0
"RN7SL383P",0
"SLIT3-AS1",0
"LINC02201",0
"LINC02102",0
"LINC01950",0
"ADAMTS19-AS1",0
"LINCADL",0
"LINC02115",0
"NIHCOLE",0
"LINC01942",0
"LINC01484",0
"LINC02121",0
"LINC02208",0
"ADAMTS16-DT",0
"FAM193B-DT",0
"LINC02059",0
"THOC3-AS1",0
"LINC02221",0
"LINC01846",0
"TERLR1",0
"LINC02106",0
"LINC02103",0
"IRX4-AS1",0
"GRPEL2-AS1",0
"MARCHF11-AS1",0
"EGFLAM-AS1",0
"LINC02143",0
"LINC02229",0
"LINC00491",0
"LINC01944",0
"RMEL3",0
"LINC02999",0
"LINC02200",0
"LINC02197",0
"LINC01863",0
"ERBIN-DT",0
"LINC02239",0
"FABP6-AS1",0
"LINC02900",0
"CEP72-DT",0
"LINC02105",0
"LINC01574",0
"TTC23L-AS1",0
"LINC02230",0
"ZNF454-DT",0
"LINC02996",0
"LINC02199",0
"LINC03123",0
"LINC01951",0
"LINC02160",0
"LINC01848",0
"CAPSL-DT",0
"LINC02982",0
"EPIST",0
"LINC01938",0
"LINC02227",0
"TRPC7-AS1",0
"GDNF-AS1",0
"SEMA6A-AS2",0
"LINC02117",0
"LINC01202",0
"RGMB-AS1",0
"LINC01470",0
"LINC01385",0
"LINC02147",0
"CDH18-AS1",0
"LINC02488",0
"LINC02144",0
"LINC01847",0
"LINC02217",0
"LINC02116",0
"ISL1-DT",0
"LINC02104",0
"LINC02064",0
"SV2C-AS1",0
"LINC01333",0
"LINC02216",0
"LINC02219",0
"LINC02196",0
"LINC02997",0
"LINC02123",0
"LINC01019",0
"LINC02162",0
"ACSL6-AS1",0
"LINC01949",0
"LINC02198",0
"LINC00604",0
"LINC02114",0
"LINC01020",0
"FABP5P5",0
"MIR583",0
"RNU6-524P",0
"LINC02061",0
"HMGN1P17",0
"LINC01455",0
"RBX1P2",0
"TRMT112P2",0
"KRT18P45",0
"SPZ1",0
"RNU6-211P",0
"RPL37P25",0
"HSPB3",0
"PTP4A1P4",0
"GUSBP7",0
"GUSBP9",0
"SEPHS2P1",0
"RPL23AP45",0
"PPP4R2P1",0
"RPL36P11",0
"PRELID3BP7",0
"GUSBP17",0
"MFFP2",0
"OCLNP1",0
"CDH12P4",0
"SEM1P1",0
"GUSBP15",0
"H3P18",0
"H3P21",0
"GUSBP14",0
"NAIPP2",0
"SETP21",0
"PPP4R2P5",0
"POLD2P1",0
"HMGB3P17",0
"NIFKP2",0
"GUSBP13",0
"CDH12P2",0
"GUSBP19",0
"GUSBP8",0
"LINC02113",0
"GGCTP1",0
"LINC01338",0
"TRIM7-AS1",0
"GUSBP16",0
"FOXF2-DT",0
"RPL5P20",0
"JARID2-DT",0
"EEF1E1-BLOC1S5",0
"RPL21P61",0
"BLOC1S5-TXNDC5",0
"SPTLC1P2",0
"PIP5K1P1",0
"TOMM5P1",0
"RPL6P18",0
"HDGFL1",0
"RPL6P17",0
"RPL7AP36",0
"STMND1",0
"ISG20L2P1",0
"RPL13P",0
"NRSN1",0
"OR2U2P",0
"TFB2MP1",0
"RPS18P8",0
"ZNF90P2",0
"KRT18P38",0
"DDX18P3",0
"FOXF2",0
"UQCRFS1P3",0
"OR2G1P",0
"DCDC2",0
"BOLA2P3",0
"IMPDH1P9",0
"HNRNPA1P58",0
"RPL29P17",0
"RPL36AP25",0
"E2F4P1",0
"WBP1LP12",0
"PGK2",0
"RPL37P15",0
"PRR11P1",0
"TIAL1P1",0
"OR2U1P",0
"MTMR9P1",0
"RBBP4P4",0
"LAP3P1",0
"PKHD1",0
"GCNT1P4",0
"RPS15AP20",0
"LGSN",0
"OR4F1P",0
"RPS16P5",0
"POU3F2",0
"NDUFA5P9",0
"RUNX2-AS1",0
"GLYATL3",0
"KIF6",0
"RPL35P3",0
"PRDX2P4",0
"CYP39A1",0
"SUMO2P8",0
"HMGB1P20",0
"TXNP7",0
"EEF1GP6",0
"GAPDHP41",0
"EIF4EBP2P3",0
"RPSAP44",0
"NEPNP",0
"SMARCE1P2",0
"RPL31P32",0
"MCHR2",0
"GAPDHP42",0
"DHFRP5",0
"GFRAL",0
"SOCS5P5",0
"ANKRD39P1",0
"RPL31P28",0
"LINC02857",0
"PRSS35",0
"KRASP1",0
"RPL5P19",0
"RPS4XP9",0
"VGLL2",0
"BRD7P3",0
"RPL35AP18",0
"RPS17P5",0
"SIM1-AS1",0
"RAP1BP3",0
"RPL23AP48",0
"SLC25A6P6",0
"BTF3L4P3",0
"FCF1P10",0
"RPL31P33",0
"YAP1P3",0
"KRT18P50",0
"EEF1A1P42",0
"TBX18",0
"LINC02836",0
"NPM1P10",0
"FUT9",0
"BMP5",0
"FAM136FP",0
"LINC02524",0
"TUBB4BP7",0
"RPSAP42",0
"RFPL4B",0
"RPA3P2",0
"TAAR6",0
"PLN",0
"FTH1P26",0
"NDUFS5P1",0
"PPP1R14BP5",0
"TRAPPC3L",0
"RPL7P29",0
"MTCYBP36",0
"MEMO1P2",0
"MTCO3P31",0
"C11orf98P2",0
"MTATP6P25",0
"RPL12P23",0
"PHB1P1",0
"MTHFD2P2",0
"MTND4LP19",0
"TINAG-AS1",0
"ATF1P1",0
"NUDT19P3",0
"TUBB8P2",0
"HMGB3P19",0
"HSPD1P10",0
"MTCO1P56",0
"RPL26P20",0
"CYP51A1P3",0
"SNRPEP6",0
"LDHAL6FP",0
"RAET1M",0
"VIP",0
"MTND3P20",0
"HMGB1P13",0
"RPSAP40",0
"COX6A1P3",0
"H3P27",0
"IMPG1",0
"COX5BP2",0
"TAAR4P",0
"MTND4LP20",0
"RSPO3",0
"MTCO2P31",0
"MTRES1P1",0
"RPL21P64",0
"CLNS1AP1",0
"RPL17P25",0
"MTND4P13",0
"ZC2HC1B",0
"SAMD5",0
"RPL31P29",0
"TAAR7P",0
"RPL10P10",0
"AK4P5",0
"CACYBPP3",0
"RPL17P24",0
"RPL23AP46",0
"CTAGE13P",0
"SSXP10",0
"NMBR-AS1",0
"DNAJA1P4",0
"MTATP6P31",0
"KRT18P65",0
"RPL36P10",0
"FEM1AP3",0
"OLIG3",0
"HNRNPDP2",0
"RAB1AP2",0
"RPSAP72",0
"RGS17",0
"DACT2",0
"SLC35F1",0
"MIR6720",0
"MIR3691",0
"RNU6ATAC21P",0
"RN7SL554P",0
"RNU6-793P",0
"MIR548A1",0
"RN7SL332P",0
"RNA5SP204",0
"RNU6-263P",0
"RNU6-1060P",0
"RN7SKP240",0
"RNA5SP205",0
"RNU6-801P",0
"RNU6-150P",0
"RNU1-54P",0
"RNU6-754P",0
"MIR5685",0
"RNU7-65P",0
"RNA5SP208",0
"RNU6-1023P",0
"RNU7-66P",0
"RNU6-261P",0
"MIR548U",0
"RNU6-84P",0
"RNU6-155P",0
"RNU6-1338P",0
"RNA5SP209",0
"RNU6-280P",0
"RNU6-130P",0
"RN7SKP256",0
"RNU6-248P",0
"RN7SL643P",0
"RN7SL415P",0
"MIR4643",0
"MIR548AI",0
"RN7SL509P",0
"RNU4-66P",0
"RN7SL797P",0
"RNU7-48P",0
"RNU6-1299P",0
"MIR2113",0
"RNU6-1106P",0
"MIR4464",0
"RNU6-344P",0
"RNU6-1163P",0
"RNU6-214P",0
"RN7SKP18",0
"RNU6-897P",0
"RNA5SP215",0
"RNU6-1226P",0
"RN7SKP51",0
"RN7SKP56",0
"RNU6-253P",0
"MIR588",0
"RNU6-200P",0
"RNU4-76P",0
"MIR3144",0
"RNU6-475P",0
"RNU1-18P",0
"SNORD101",0
"MIR3662",0
"RNU6-1222P",0
"MIR548B",0
"RNU7-152P",0
"RN7SKP211",0
"RNU6-896P",0
"RNA5SP225",0
"RNU2-8P",0
"RNU4-7P",0
"RNU6-300P",0
"RNA5SP224",0
"RN7SKP106",0
"MIR1202",0
"RN7SL564P",0
"MIR4644",0
"SNORD28B",0
"RNA5SP221",0
"PIMREGP3",0
"RPL22P14",0
"GJA10",0
"RN7SKP110",0
"RNU1-33P",0
"TCF21",0
"GSTA3",0
"RN7SK",0
"RN7SL244P",0
"GCM1",0
"RNU6-464P",0
"SOD1P1",0
"IQCB2P",0
"OR2W2P",0
"OR2B7P",0
"OR2B8P",0
"OR2W6P",0
"OR2B6",0
"RPLP2P1",0
"OR2W4P",0
"MIR7161",0
"UNC93A",0
"TTLL2",0
"SIM1",0
"PRDM13",0
"TFAP2D",0
"IYD",0
"RN7SL617P",0
"FAM136BP",0
"SERPINB8P1",0
"RNA5SP201",0
"RNU6-391P",0
"KRT8P43",0
"RNU1-11P",0
"LINC02530",0
"OR2H5P",0
"TMEM183AP1",0
"SNORD32B",0
"RPL13AP",0
"MOG",0
"RPL23AP1",0
"MICE",0
"HCG9P5",0
"RPL7AP7",0
"RNA5SP203",0
"GCM2",0
"HNRNPH1P1",0
"SNORA29",0
"RN7SL403P",0
"KCNQ5-DT",0
"MIR4282",0
"KNOP1P4",0
"PGAM1P10",0
"RBPMS2P1",0
"KHDC1P1",0
"KHDC1L",0
"SDCBP2P1",0
"PAICSP3",0
"DPPA5",0
"KHDC3L",0
"OOEP-AS1",0
"RNA5SP211",0
"RNU6-527P",0
"RPL21P65",0
"RNU6-117P",0
"MIR587",0
"SNORA40C",0
"RNU6-1115P",0
"GSTM2P1",0
"RNU6-824P",0
"MIR1273C",0
"CLDN20",0
"NOX3",0
"RN7SKP186",0
"MIR4640",0
"SFTA2",0
"HCG21",0
"NAPGP2",0
"RNU6-1133P",0
"C6orf15",0
"PSORS1C2",0
"POLR2LP1",0
"VARS2",0
"RNU6-153P",0
"GNG5P1",0
"PRR18",0
"HNRNPA1P49",0
"RPS6KA2-IT1",0
"MIR1913",0
"TBXT",0
"KCNK16",0
"TMEM200A",0
"LNCDAT",0
"RN7SL221P",0
"PKMP5",0
"MIR7853",0
"SNAPC5P1",0
"VTA1P1",0
"SMIM15P2",0
"ACKR4P1",0
"RNA5SP213",0
"LINC02536",0
"MRPS17P5",0
"GSTA1",0
"GSTA11P",0
"NCR2",0
"MIR4641",0
"SLC17A4",0
"SLC17A1",0
"H2AC3P",0
"H2BP5",0
"H3P26",0
"H3C2",0
"H3C3",0
"H1-6",0
"LARP1P1",0
"RPL15P4",0
"ATP6V1G2-DDX39B",0
"SNORD117",0
"SNORD84",0
"SNORA38",0
"MIR6832",0
"LY6G6F",0
"LY6G6F-LY6G6D",0
"MSH5-SAPCD1",0
"RNU6-850P",0
"RNU6-975P",0
"LINC02571",0
"MIR6891",0
"RNU6-283P",0
"FGFR3P1",0
"RPL36AP5",0
"PRPH2",0
"ATP6V0CP3",0
"RN7SKP299",0
"RNA5SP219",0
"RPL35AP3",0
"NHEG1",0
"CAPN11",0
"NPM1P51",0
"PRICKLE4",0
"SNORD48",0
"SNORD52",0
"ZBTB12",0
"CHP1P2",0
"C6orf118",0
"RNA5SP226",0
"RNU6-730P",0
"ACTG1P18",0
"RN7SL366P",0
"MICC",0
"TMPOP1",0
"SUCLA2P1",0
"MIR877",0
"TOMM6",0
"CRISP3",0
"RPS4XP7",0
"RN7SKP204",0
"MIR3692",0
"SYNJ2-IT1",0
"RNU6-906P",0
"MIR4462",0
"PNPLA1",0
"MIR3135B",0
"HLA-Z",0
"RPL27AP7",0
"RBMXP1",0
"MIR548A2",0
"SPACA1",0
"KIAA0319",0
"RNU6-502P",0
"H4C13",0
"H2BC17",0
"RNU7-26P",0
"OR2B2",0
"ETF1P1",0
"TRIM40",0
"TRIM10",0
"PAIP1P1",0
"MIR6721",0
"MIR6833",0
"RNU6-603P",0
"RPL7P4",0
"RN7SL353P",0
"NUP50P4",0
"MIR4463",0
"UBE2V1P15",0
"RNU1-34P",0
"RPL36P9",0
"FAXC",0
"ADGRF5",0
"ADGRF5-AS1",0
"MIR1236",0
"C4B",0
"RNA5SP206",0
"H3C5P",0
"H4C7",0
"H3C7",0
"H2BC10",0
"COPS5P1",0
"EPHA7",0
"RNU6-626P",0
"OR2H2",0
"RPS6KA2-AS1",0
"RNU6-1247P",0
"RNY4P20",0
"RN7SKP268",0
"RNU6-813P",0
"RPS12P14",0
"FAM162B",0
"GPRC6A",0
"RPS29P13",0
"RNA5SP214",0
"RFX6",0
"RNA5SP220",0
"MIR3668",0
"MIR4465",0
"OR2A4",0
"CTAGE9",0
"RPL15P9",0
"MIR548H5",0
"SELENOKP2",0
"RN7SKP245",0
"DEFB114",0
"DEFB113",0
"DEFB110",0
"DEFB112",0
"ADGRB3",0
"RNA5SP223",0
"NANOGP11",0
"HSPD1P16",0
"OR12D2",0
"UBDP1",0
"MAS1LP1",0
"MAS1L",0
"RPS17P1",0
"DDX6P1",0
"OR5V1",0
"OR12D3",0
"COL11A2P1",0
"ZNF70P1",0
"HTATSF1P1",0
"MIR6873",0
"MIR6834",0
"SMIM40",0
"MYL12BP3",0
"MIR5004",0
"MTCYBP4",0
"HSPE1P21",0
"CCT7P1",0
"RAET1E-AS1",0
"GRIK2",0
"PKMP3",0
"SNORD50B",0
"SMIM11P1",0
"RNU4-72P",0
"RNU4-12P",0
"CYCSP17",0
"HNRNPLP1",0
"RPS26P29",0
"IDH1P1",0
"H4C8",0
"OR2J1",0
"OR2H1",0
"OR2J2",0
"OR10C1",0
"KRT18P64",0
"DUTP5",0
"NMBR",0
"BTN1A1",0
"TAAR1",0
"GPR6",0
"RPS7P8",0
"RNU4-70P",0
"TYMSP1",0
"RN7SL173P",0
"TRIM26BP",0
"TRIM39-RPP21",0
"HLA-N",0
"HCG19P",0
"UBQLN1P1",0
"RSL24D1P1",0
"H4C10P",0
"H2BC14",0
"CNN3P1",0
"H3C10",0
"HCP5B",0
"MESTP1",0
"BMPR1AP1",0
"RNU6-861P",0
"RPL5P21",0
"MTCO3P1",0
"RCAN2",0
"CCN6",0
"PRL",0
"SMOC2",0
"C6orf141",0
"H2AC13",0
"H3C8",0
"H4C5",0
"TAAR5",0
"LY6G6D",0
"ZKSCAN8P1",0
"ZNF603P",0
"ZKSCAN8P2",0
"VN1R11P",0
"RNU2-62P",0
"MIR3143",0
"RPL10P2",0
"PRSS16",0
"CDCA7P1",0
"VN1R10P",0
"MCFD2P1",0
"CD83P1",0
"RNU6-471P",0
"RNY3P15",0
"CFAP206",0
"ST13P16",0
"RNU6-444P",0
"ESDP1",0
"CAP2",0
"MDFI",0
"BTNL2",0
"RIPPLY2",0
"FRMD1",0
"GPR166P",0
"HLFP1",0
"CCNG1P1",0
"RBM11P1",0
"RNU6-302P",0
"ARMC12",0
"CMPK1P1",0
"CLPSL2",0
"CLPSL1",0
"CLPS",0
"RIMS1",0
"KILH",0
"KLHL31",0
"CALHM5",0
"CALHM4",0
"RSPH4A",0
"RNU6-437P",0
"MTHFD2P3",0
"MRPL42P3",0
"PRRT1",0
"RNY3P11",0
"RPL7P28",0
"PRELID1P2",0
"TCP11",0
"SREK1IP1P2",0
"GSTA2",0
"OR1F12P",0
"OSTM1-AS1",0
"RNU6-1144P",0
"RPL36AP24",0
"RNU6-770P",0
"RN7SKP209",0
"RCN1P1",0
"MIR206",0
"LINCMD1",0
"MIR133B",0
"IL17A",0
"SLC25A20P1",0
"GJE1",0
"SAPCD1",0
"TAAR8",0
"TAAR9",0
"TMEM217B",0
"LRRC73",0
"LRFN2",0
"RNU6-250P",0
"UBE2D3P5",0
"KATNBL1P5",0
"RNU6-987P",0
"RNU1-88P",0
"RN7SL234P",0
"FABP12P1",0
"GUCA1ANB-GUCA1A",0
"GUCA1A",0
"ELOVL2",0
"PAGE4P1",0
"SCGN",0
"H2AC1",0
"H2BC1",0
"GLP1R",0
"ANKRD18EP",0
"MLN",0
"ANKRD36P2",0
"MIR7159",0
"MIR1275",0
"LINC01015",0
"RPL17P23",0
"KIAA0408",0
"C6orf58",0
"GRM4",0
"KRT18P9",0
"MIR6835",0
"MTCL3",0
"H3P28",0
"MIR4466",0
"BECN1P2",0
"KAAG1",0
"RPS10-NUDT3",0
"PACSIN1",0
"RPL7P25",0
"ATP6V1FP1",0
"OR2H4P",0
"OR2N1P",0
"OR2B4P",0
"TAAR3P",0
"PRIM2BP",0
"HLA-V",0
"CYP21A1P",0
"H2AC10P",0
"DEFB133",0
"HLA-DRB6",0
"ZNF602P",0
"RAET1K",0
"ZSCAN12P1",0
"GSTA9P",0
"HLA-L",0
"HLA-DPB2",0
"ZNF204P",0
"H2AC2P",0
"TCP10L2",0
"MIR548AJ1",0
"EYA4",0
"SMLR1",0
"DBIP1",0
"GRM1",0
"FUNDC2P3",0
"RNA5SP222",0
"LUADT1",0
"YAP1P1",0
"DDX39BP1",0
"MCCD1P1",0
"MICD",0
"HLA-J",0
"ADGB",0
"RN7SL408P",0
"RPS29P32",0
"RNU6-1286P",0
"RNU4-35P",0
"GUSBP2",0
"POM121L6P",0
"B3GALNT2P1",0
"RPL21P67",0
"RNU4-18P",0
"RNVU1-33",0
"ITGAEP1",0
"TFGP1",0
"RN7SL465P",0
"DNAJC2P1",0
"LPAL2",0
"LPA",0
"KRT8P44",0
"PACRG",0
"PACRG-AS3",0
"NUDT19P4",0
"RBM22P4",0
"MIR586",0
"B3GNTL1P2",0
"OPN5",0
"RNU1-105P",0
"NACAP7",0
"RN7SL11P",0
"RN7SL26P",0
"MIR3934",0
"MIR4642",0
"NPM1P36",0
"DHFRP6",0
"MRAP2",0
"TUBB3P1",0
"NKAIN2",0
"HEY2",0
"NCOA7-AS1",0
"ATP5PBP6",0
"ERHP2",0
"RNU6-411P",0
"MIR30C2",0
"MIR30A",0
"NGRNP2",0
"KRT19P1",0
"CIMIP3",0
"SEPTIN14P6",0
"PRELID1P1",0
"ZPR1P1",0
"RPS3AP23",0
"VDAC1P8",0
"GAPDHP72",0
"RPL7AP37",0
"KATNBL1P6",0
"PPP1R2P1",0
"SELENOKP3",0
"DHFRP2",0
"DPRXP2",0
"OFCC1",0
"TEX56P",0
"ADGRF2P",0
"LY6G6E",0
"CMAHP",0
"VNN3P",0
"POLR1HASP",0
"GGNBP1",0
"GSTA5",0
"RNU6-653P",0
"CCDC162P",0
"TUBBP9",0
"ADCY10P1",0
"SUMO2P12",0
"RN7SKP293",0
"FNDC1-IT1",0
"SPTLC1P3",0
"EEF1B2P5",0
"RPL9P18",0
"H4C9",0
"RNF182",0
"MRPL35P1",0
"HUS1B",0
"RNA5SP202",0
"MTCO2P33",0
"KRT18P1",0
"RN7SL471P",0
"ZNF311",0
"OR2AD1P",0
"OR2W1",0
"OR2P1P",0
"SAR1AP1",0
"OR2B3",0
"WBP1LP8",0
"UNC5CL",0
"TSPO2",0
"HTR1B",0
"RPS6P7",0
"MEI4",0
"LINC02549",0
"LCA5",0
"RNU1-64P",0
"RNU6-141P",0
"SAPCD1-AS1",0
"C4A-AS1",0
"C4B-AS1",0
"TREML3P",0
"RNU6-643P",0
"RPL32P15",0
"H3C4",0
"RNU6-293P",0
"MDH1P2",0
"MIR4639",0
"MRPL42P2",0
"RNU6-1114P",0
"FAM8A6P",0
"UST-AS2",0
"FOXP4-AS1",0
"LINC01276",0
"LINC02487",0
"LINC02538",0
"TDRD6-AS1",0
"MCHR2-AS1",0
"TDRG1",0
"LINC00951",0
"LINC01622",0
"LINC02865",0
"ZBTB24-DT",0
"LINC02529",0
"LINC01623",0
"RCAN2-DT",0
"DDX39B-AS1",0
"LINC02526",0
"SYNE1-AS1",0
"LINC01625",0
"LINC02534",0
"LINC01564",0
"LINC01621",0
"TARID",0
"LINC01016",0
"LINC02527",0
"LINC02519",0
"ADGB-DT",0
"CCDC28A-AS1",0
"TBX18-AS1",0
"LINC02540",0
"PACRG-AS1",0
"LINC01149",0
"LINC02525",0
"FNDC1-AS1",0
"LINC02840",0
"LINC02829",0
"PACRG-AS2",0
"HEY2-AS1",0
"LINC02523",0
"DAAM2-AS1",0
"DSP-AS1",0
"KCNQ5-AS1",0
"LINC02535",0
"FOXCUT",0
"LINC02521",0
"TAB2-AS1",0
"LINC01610",0
"H2BC3",0
"RN7SL502P",0
"RN7SL748P",0
"MIR3925",0
"RNU2-61P",0
"RNU2-45P",0
"COX11P1",0
"OR2E1P",0
"GPX5",0
"ZBED9-AS1",0
"COX8CP1",0
"LINC00533",0
"RPSAP2",0
"DINOL",0
"RPL7L1P20",0
"LINC00518",0
"MIR5689",0
"LINC02522",0
"MRPL48P1",0
"GUSBP4",0
"POM121L14P",0
"LINC00680",0
"GAPDHP15",0
"PBOV1",0
"SMIM28",0
"MIR3145",0
"RN7SL811P",0
"MYMX",0
"MIR4647",0
"TMEM151B",0
"TCTE1",0
"SPATS1",0
"MIR6780B",0
"RNU6-1113P",0
"ELF2P2",0
"SLC25A51P1",0
"TPI1P3",0
"CYP2AC1P",0
"HMGB3P18",0
"R3HDM2P2",0
"NGRNP4",0
"ATP5MFP2",0
"ZDHHC20P1",0
"IFITM4P",0
"HCG4",0
"MICG",0
"RPSAP41",0
"EIF3EP1",0
"CNN2P9",0
"GSTA6P",0
"H2AC5P",0
"UQCRHP1",0
"EXOSC8P1",0
"BTN1A1P1",0
"MKRN6P",0
"TNXA",0
"STK19B",0
"RCC2P7",0
"NAA40P1",0
"RPS3AP24",0
"HLA-DPA3",0
"RPL29P1",0
"BTF3P7",0
"HLA-H",0
"HLA-DRB9",0
"SUMO2P13",0
"ANKRD18FP",0
"TPT1P4",0
"PTCHD3P3",0
"GSTA8P",0
"GSTA7P",0
"GSTA12P",0
"GSTA10P",0
"H2BC2P",0
"HLA-K",0
"DDX39BP2",0
"HMGA1P7",0
"VN1R13P",0
"LARRPM",0
"AMD1P4",0
"RPL7AP34",0
"PSMC1P11",0
"PPIAP29",0
"ASS1P1",0
"RPL23AP47",0
"ARPC3P5",0
"LINC02537",0
"LNCPOIR",0
"LINC02520",0
"OR7E59P",0
"MEOX2",0
"CYP3A54P",0
"NXPH1",0
"THRAP3P3",0
"PAPOLB",0
"RPL23AP52",0
"RPL36AP26",0
"EVA1CP3",0
"RBMX2P4",0
"NPM1P11",0
"GAPDHP68",0
"GTF3AP5",0
"PRPS1L1",0
"SNRPCP19",0
"RPS26P30",0
"PSMC1P2",0
"EEF1A1P27",0
"HECW1",0
"ZPBP",0
"RRBP1P1",0
"NPSR1",0
"ROBO2P1",0
"VN1R33P",0
"RPL31P35",0
"VWC2",0
"AMPH",0
"POM121L12",0
"GNL2P1",0
"HMGN1P19",0
"ARAFP2",0
"NACAD",0
"GTF2IP9",0
"RPS17P13",0
"ELK1P1",0
"RNF138P2",0
"AGMO",0
"SLC25A1P2",0
"RPL7P31",0
"ZNF804B",0
"MTATP6P21",0
"MTCO1P57",0
"SEPTIN14P24",0
"ZNF90P3",0
"COX6A1P7",0
"BSNDP4",0
"ARF1P1",0
"NCAPD2P1",0
"DDX43P2",0
"SLC66A2P1",0
"SAPCD2P4",0
"RPL7P30",0
"CICP8",0
"RAC1P9",0
"SOCS5P1",0
"ASB4",0
"HMGB3P21",0
"DDX43P3",0
"EEF1A1P28",0
"ERVW-1",0
"TEX47",0
"TAC1",0
"RPL7AP40",0
"LINC00997",0
"SNRPCP9",0
"ARAFP3",0
"HAUS6P3",0
"PPP1R9A",0
"VPS51P2",0
"AP1S2P1",0
"VSTM2A-OT1",0
"HINT1P2",0
"PON1",0
"PDE1C",0
"LUARIS",0
"GTF3AP6",0
"LINC03012",0
"ATP5PBP2",0
"SGO1P2",0
"ZNF716",0
"EIF3IP1",0
"SNX2P2",0
"RPS10P14",0
"RSL24D1P3",0
"MTND1P3",0
"GRPEL2P3",0
"ASS1P11",0
"LINC02903",0
"ANKRD7",0
"MYL6P4",0
"RPL3P8",0
"NAT16",0
"KCND2",0
"RAC1P6",0
"COX6A1P6",0
"FMC1-LUC7L2",0
"SUMO2P14",0
"PRSS37",0
"CYCSP19",0
"MTCO3P41",0
"KLRG2",0
"DLX6",0
"RPL31P36",0
"COL26A1",0
"ZNF619P1",0
"CCZ1P1",0
"SKP1P1",0
"PAICSP6",0
"TRBV8-1",0
"RPL17P27",0
"ATP6V0A4",0
"MTND4P3",0
"TRBV5-2",0
"CLEC2L",0
"TRBV6-4",0
"OR2Q1P",0
"UQCRFS1P2",0
"SLC16A1P1",0
"TAS2R3",0
"TSPAN12",0
"RABGEF1P2",0
"BUB3P1",0
"TRPC6P8",0
"TAS2R6P",0
"AKR1D1",0
"SMKR1",0
"TRBV5-3",0
"TAS2R5",0
"TMEM229A",0
"HMGN1P18",0
"MTCO1P55",0
"IMPDH1P3",0
"RPL7P59",0
"POLR2DP2",0
"MTND2P5",0
"EI24P4",0
"TMEM213",0
"TRBV1",0
"TRBV7-1",0
"RPL21P73",0
"EIF4EP4",0
"DPY19L4P2",0
"NDUFB10P2",0
"SVOPL",0
"SNRPGP3",0
"VIPR2",0
"MRM3P2",0
"PIP5K1P2",0
"MIR4656",0
"MIR3683",0
"RNU6-534P",0
"RN7SKP228",0
"RNU1-15P",0
"MIR1183",0
"RN7SL542P",0
"SNORD65C",0
"RNU6-1103P",0
"MIR550A1",0
"MIR550B1",0
"RNU6-438P",0
"MIR550A2",0
"MIR550B2",0
"RN7SL132P",0
"SNORA20B",0
"MIR1200",0
"MIR3943",0
"RNU7-35P",0
"RNU6-575P",0
"SNORA5A",0
"SNORA5C",0
"SNORA5B",0
"SNORA9",0
"RN7SKP218",0
"RN7SL292P",0
"RNU2-29P",0
"RNU1-14P",0
"SNORA22B",0
"RNU6-1125P",0
"RNU6-1052P",0
"RNU6-1335P",0
"RNU6-417P",0
"SNORA22",0
"SNORA15B-2",0
"RNU6-912P",0
"RNA5SP231",0
"RNU6-973P",0
"RNU6-313P",0
"RNA5SP234",0
"RNU6-849P",0
"RN7SKP129",0
"RNU4-16P",0
"RNU6-956P",0
"RN7SKP104",0
"MIR5692A1",0
"MIR5692C2",0
"RNA5SP235",0
"RNU6-532P",0
"RNU6-364P",0
"RN7SL478P",0
"RNU7-188P",0
"MIR591",0
"RN7SL252P",0
"RNA5SP236",0
"SNORA25B",0
"RNU6-581P",0
"RN7SKP277",0
"RNA5SP241",0
"RNU6-517P",0
"MIR4653",0
"RNA5SP237",0
"RNU1-29P",0
"RNA5SP240",0
"MIR3654",0
"RNU6-797P",0
"RN7SKP223",0
"MIR4468",0
"RNU6-911P",0
"RNU1-72P",0
"RNU1-58P",0
"RNU4-74P",0
"RNA5SP247",0
"RNA5SP248",0
"RNU6-267P",0
"RN7SKP174",0
"THUMPD3P1",0
"PPP1R3A",0
"RPL36P13",0
"RNA5SP238",0
"MIR3666",0
"EN2",0
"RN7SL496P",0
"LINC01450",0
"TAS2R38",0
"RNU6-102P",0
"GPR37",0
"LINC03043",0
"UPK3BP1",0
"PMS2P11",0
"PMS2P9",0
"RBAK-RBAKDN",0
"MIR106B",0
"RPL7P60",0
"MIR4658",0
"GPC2",0
"PVRIG2P",0
"MIR6840",0
"RNU6-393P",0
"MIR3609",0
"RNF14P3",0
"MIR1285-1",0
"TUBB3P2",0
"SPMIP7",0
"TAS2R4",0
"RN7SKP187",0
"MTND5P8",0
"NPM1P14",0
"ASIC3",0
"ASB10",0
"DDX3ILA1",0
"MAGI2-AS1",0
"MAGI2-AS2",0
"RNU6-337P",0
"RNU6-530P",0
"NUP35P2",0
"TRPC6P10",0
"TMX1P1",0
"RNU6-719P",0
"CICP22",0
"SSBP3P1",0
"MIR653",0
"MIR489",0
"CALCR",0
"CTAGE6",0
"GIMAP1-GIMAP5",0
"BET1P1",0
"RNA5SP239",0
"TPM3P1",0
"MIR6132",0
"MTND4P6",0
"MTCYBP6",0
"RN7SL771P",0
"RNU6-85P",0
"CPA2",0
"MIR335",0
"CYP3A51P",0
"CYP3A7",0
"CYP3A137P",0
"CYP3A52P",0
"GJC3",0
"CNTNAP2",0
"CNTNAP2-AS1",0
"DUTP3",0
"RANP2",0
"MIR548F4",0
"RNU6-1184P",0
"RNA5SP249",0
"RN7SL456P",0
"RN7SL72P",0
"CALM1P2",0
"RNU6-863P",0
"RABGEF1P3",0
"SRRM3",0
"PPIAP81",0
"LRRC72",0
"RNF216-IT1",0
"MIR6874",0
"AOC1",0
"PIGCP2",0
"RPL15P11",0
"MIR4649",0
"RNA5SP230",0
"MYL7",0
"VPS37D",0
"MIR4284",0
"RN7SL265P",0
"CLDN3",0
"TMEM270",0
"RNU7-27P",0
"RNU7-54P",0
"EFCAB3P1",0
"MIR5090",0
"MIR4467",0
"UPK3BL1",0
"RPL7AP39",0
"MIR4283-1",0
"TNRC18P3",0
"SLC29A4P1",0
"PHKG1P4",0
"GPCPD1P1",0
"MTATP6P8",0
"MTCO3P10",0
"MTND4LP32",0
"MTND4P4",0
"MTND5P6",0
"MTND6P29",0
"MTCYBP29",0
"GUSBP10",0
"MTND1P4",0
"MTND2P6",0
"MTCO1P10",0
"MTCO2P10",0
"MTATP6P10",0
"MTCO3P4",0
"MTND5P7",0
"MTCYBP5",0
"RNU7-157P",0
"MIR3147",0
"VN1R28P",0
"SAPCD2P2",0
"PTP4A1P3",0
"NIPA2P1",0
"PTTG1IP2",0
"TRBV10-1",0
"TRBV11-1",0
"TRBV12-1",0
"TRBV10-2",0
"TRBV12-2",0
"TRBV5-4",0
"TRBV6-6",0
"TRBV5-5",0
"TRBV6-7",0
"TRBV7-6",0
"TRBV6-8",0
"TRBV5-7",0
"TRBV13",0
"TRBV11-3",0
"TRBV12-3",0
"TRBV12-5",0
"LINC01448",0
"CRYZP1",0
"RPS29P16",0
"RN7SKP86",0
"HNRNPA1P9",0
"MIR4657",0
"MIR6837",0
"MIR6838",0
"MIR1302-6",0
"NPM1P13",0
"RN7SKP130",0
"HMGN2P30",0
"PRSS3P1",0
"WBP1LP1",0
"TRBJ1-3",0
"TRBJ1-4",0
"TRBV30",0
"TRPV6",0
"OR9P1P",0
"PIP",0
"LLCFC1",0
"LYPLA1P1",0
"RNU6-296P",0
"RNU6-11P",0
"HYAL6P",0
"HYAL4",0
"TFR2",0
"ACTL6B",0
"EPO",0
"ZAN",0
"MIR6875",0
"RN7SL549P",0
"RPS29P15",0
"RPL31P34",0
"RNU6-177P",0
"IMP3P2",0
"RNA5SP242",0
"RNA5SP243",0
"RN7SL81P",0
"FLNC-AS1",0
"CYCSP20",0
"VSTM2A",0
"CPA5",0
"RNA5SP227",0
"MTCYBP42",0
"SNORD93",0
"RNU6-392P",0
"LARP1BP2",0
"MIR490",0
"KRT8P51",0
"CHRM2",0
"RNU6-1272P",0
"MZT1P2",0
"RNU6-206P",0
"RNU7-154P",0
"RPL31P37",0
"FEZF1",0
"MIR4285",0
"TFAMP1",0
"LNCRI",0
"MIR4655",0
"MIR6836",0
"NGRNP3",0
"RN7SL556P",0
"OCM",0
"INMT-MINDY4",0
"GHRHR",0
"KPNA7",0
"TAS2R39",0
"TAS2R40",0
"TMEM139",0
"RN7SL535P",0
"MIR6892",0
"TAS2R62P",0
"TAS2R60",0
"TAS2R41",0
"OR2R1P",0
"PAICSP5",0
"CTAGE15",0
"RNU6-162P",0
"TCAF2C",0
"CREB3L2-AS1",0
"OR9A4",0
"OR2F1",0
"LRRD1",0
"CICP20",0
"RNU6-326P",0
"RPL7AP78",0
"RNU6-388P",0
"RN7SL505P",0
"RNA5SP229",0
"EEF1DP4",0
"LHFPL3",0
"GCNT1P5",0
"OR6B1",0
"FERD3L",0
"RNF14P4",0
"MIR6509",0
"TAS2R2P",0
"OR2AO1P",0
"OR2A7",0
"OR2A1",0
"NOBOX",0
"PPIAP83",0
"RNU6ATAC40P",0
"OR2A41P",0
"OR2A15P",0
"OR2A14",0
"SHH",0
"LINC00244",0
"RNF32-AS1",0
"RNU4-31P",0
"MNX1",0
"MNX1-AS2",0
"C7orf33",0
"RN7SL569P",0
"RNY4",0
"RNY3",0
"RNY1",0
"RNU6-650P",0
"COX6B1P1",0
"MIR4650-2",0
"RN7SL377P",0
"RN7SL625P",0
"TRIM74",0
"PHB1P6",0
"PMS2P13",0
"PMS2P10",0
"ZNF853",0
"SPDYE20P",0
"RN7SKP54",0
"NHP2P2",0
"HOXA2",0
"HOXA6",0
"MIR196B",0
"HOXA13",0
"EVX1",0
"POM121B",0
"RPL7AP77",0
"TRIM50",0
"RNU6-1080P",0
"HMGN2P11",0
"HSPA8P16",0
"PHB1P15",0
"OR2F2",0
"H2BK1",0
"C7orf78",0
"ZNF479",0
"HOXA3",0
"ZNF679",0
"TRIM60P18",0
"VN1R40P",0
"ZNF680P1",0
"HNRNPCP7",0
"BNIP3P42",0
"BNIP3P44",0
"MIR6839",0
"VN1R42P",0
"PPP1R17",0
"MTDHP1",0
"RNU6-1229P",0
"SNORA22C",0
"SNORA15B-1",0
"RNU6-1085P",0
"PPP1R14BP4",0
"RNU7-143P",0
"CLK2P1",0
"TPM3P4",0
"ABCF2P2",0
"RNU6-1198P",0
"MIR4651",0
"URGCP-MRPS24",0
"TUBG1P",0
"RASA4EP",0
"UPK3BL3P",0
"ABCF2-H2BK1",0
"MIR4648",0
"VGF",0
"SP8",0
"CYP3A43",0
"CYP3A4",0
"SUN3",0
"TMEM178B",0
"PRSS2",0
"C7orf25",0
"RPL36P12",0
"RWDD4P1",0
"RNU6-1322P",0
"SPDYE9",0
"SPDYE11",0
"SPDYE13",0
"SPDYE15",0
"TMSB4XP3",0
"MIR550A3",0
"TBX20",0
"GBX1",0
"FOXL3",0
"MARK2P10",0
"ASZ1",0
"ANKRD49P4",0
"CFTR-AS1",0
"CTTNBP2",0
"MIR671",0
"CTAGE8",0
"SPDYE8",0
"STRA8",0
"GRIFIN",0
"PLXNA4",0
"CTAGE4",0
"GDI2P1",0
"CDC14C",0
"RNU6-1136P",0
"NYAP1",0
"RN7SL416P",0
"FBXO24",0
"FAM237B",0
"RPL6P20",0
"VN1R37P",0
"VN1R38P",0
"SAPCD2P1",0
"ZNF735",0
"OR9A1P",0
"BMPER",0
"RNU6-1328P",0
"RN7SL43P",0
"MIR4650-1",0
"RNU6-979P",0
"PPIAP80",0
"TRGJ2",0
"TRGJP2",0
"TRGJ1",0
"TRGJP",0
"TRGV9",0
"TRGVA",0
"TRGV2",0
"RN7SL845P",0
"RNU6-1091P",0
"DDC-AS1",0
"TRBV15",0
"TRBV16",0
"TRBV17",0
"TRBV18",0
"TRBV19",0
"TRBV22-1",0
"TRBV24-1",0
"TRBVA",0
"TRBV26",0
"PGBD4P1",0
"BANF1P5",0
"SLC26A4",0
"SLC26A3",0
"MIR148A",0
"SNORA80D",0
"ANKRD61",0
"CFTR",0
"RN7SL7P",0
"HEPACAM2",0
"H4P1",0
"MIR29B1",0
"RAD23BP2",0
"OCM2",0
"CCDC201",0
"TRIM60P16",0
"CICP28",0
"SEPTIN7P5",0
"PHKG1P2",0
"SLC29A4P2",0
"CICP24",0
"GABPAP",0
"NMD3P1",0
"SLC25A1P3",0
"VN1R34P",0
"ARAFP1",0
"VN1R35P",0
"VN1R36P",0
"VOPP1-DT",0
"TUBBP6",0
"RNU6-389P",0
"CICP11",0
"RNU6-1126P",0
"SEPTIN14",0
"CICP12",0
"COBL",0
"RPL7L1P2",0
"CICP17",0
"CYP3A7-CYP3A51P",0
"NECAP1P1",0
"MIR6133",0
"COX5BP3",0
"NMD3P2",0
"OR10AC1",0
"CNPY1",0
"PVRIG",0
"SMIM10L3",0
"RNA5SP244",0
"MIR182",0
"MIR96",0
"MIR183",0
"RNA5SP245",0
"UPK3BL2",0
"ADCYAP1R1",0
"INTS4P2",0
"ZNF733P",0
"MOXD2P",0
"OR9A3P",0
"OR10AH1P",0
"STAG3L5P",0
"GTF2IP7",0
"OR6W1P",0
"SLC23A4P",0
"OR2A3P",0
"OR2A20P",0
"OR2A9P",0
"NSUN5P2",0
"STAG3L3",0
"STAG3L2",0
"FKBP6P2",0
"PMS2CL",0
"GTF2IRD2P1",0
"CCT6P3",0
"GTF2IP1",0
"POLR2J4",0
"NUPR2P1",0
"STAG3L1",0
"FKBP9P1",0
"ZNF890P",0
"PMS2P3",0
"ZNF815P",0
"ZNF767P",0
"DPY19L2P4",0
"FAM185BP",0
"CCT6P1",0
"DPY19L2P1",0
"RABGEF1P1",0
"DPY19L2P2",0
"NSUN5P1",0
"SBDSP1",0
"STAG3L4",0
"PMS2P4",0
"PMS2P1",0
"GTF2IRD1P1",0
"SEPTIN7P2",0
"GTF2IP13",0
"CACNA2D1-AS1",0
"MTHFD2P5",0
"PAXBP1P1",0
"RPL6P21",0
"EEF1A1P26",0
"SPDYE14",0
"GRM8",0
"MIR592",0
"GRM8-AS1",0
"PRRT4",0
"MIR3146",0
"TMEM196",0
"RNU6-1097P",0
"RPL36AP27",0
"RNU6-215P",0
"FSCN3",0
"PAX4",0
"GALNT17",0
"MIR3914-1",0
"MIR3914-2",0
"MIR153-2",0
"MIR595",0
"MIR5707",0
"PMS2P2",0
"RAPGEF5",0
"HOXA4",0
"MARK2P13",0
"ALDH7A1P3",0
"TRPC6P3",0
"GALNTL5",0
"RN7SKP280",0
"SSU72L6",0
"RNA5SP246",0
"RN7SKP75",0
"CALN1",0
"RNA5SP232",0
"MIR593",0
"MIR129-1",0
"RPL21P72",0
"ZNRF2P1",0
"EPS15P1",0
"RPL13AP17",0
"FABP5P3",0
"TPI1P2",0
"GTF2IP4",0
"ZNRF2P2",0
"CDHR17P",0
"TMBIM7P",0
"PRSS3P3",0
"PRSS59P",0
"KIF19BP",0
"ZBED10P",0
"BICDL3P",0
"AGR3",0
"RAD17P1",0
"BRWD1P3",0
"OR9A2",0
"OR6V1",0
"KCNH2",0
"RN7SL851P",0
"RNU6-218P",0
"CRYGN",0
"MIR3907",0
"RNU6-604P",0
"RNU6-1154P",0
"FAM180A",0
"SSMEM1",0
"FLNC",0
"PRSS1",0
"STK31",0
"PCMTD1P3",0
"TPT1P7",0
"INTS4P1",0
"HOXA-AS2",0
"RPL7AP38",0
"HMGB3P20",0
"HOXA10-AS",0
"RPL35P4",0
"TRGV11",0
"TRGVB",0
"TRGV10",0
"RN7SL83P",0
"SNORA15",0
"CCNJP1",0
"KRT8P20",0
"RNU6-832P",0
"MTCO2P25",0
"MTCO1P25",0
"RNU6-229P",0
"RN7SL869P",0
"RN7SL35P",0
"SNRPBP1",0
"GNAT3",0
"RNU6-274P",0
"STEAP2-AS1",0
"MIR4652",0
"NDUFAF4P2",0
"TFPI2",0
"RNA5SP228",0
"NPY",0
"RPL7AP41",0
"NPVF",0
"TSEN15P3",0
"NCF1B",0
"OR2A2",0
"EEF1GP1",0
"LINC02830",0
"RPL31P39",0
"MTX2P1",0
"PPIAP93",0
"RNU6-1104P",0
"PNPT1P2",0
"FEZF1-AS1",0
"RNF133",0
"RNF148",0
"TAS2R16",0
"CASTOR3P",0
"LINC02854",0
"POU6F2-AS1",0
"LINC01007",0
"PPP1R9A-AS1",0
"NPSR1-AS1",0
"LINC00689",0
"LINC01162",0
"PRKAR1B-AS2",0
"CPVL-AS1",0
"CDK6-AS1",0
"LINC03016",0
"COMETT",0
"LINC03010",0
"LINC01446",0
"HECW1-IT1",0
"MIR3147HG",0
"LINC03017",0
"LINC03076",0
"CT66",0
"EN2-DT",0
"ELDR",0
"HILPDA-AS1",0
"GRM3-AS1",0
"POU6F2-AS2",0
"LINC01449",0
"LINC00972",0
"LINC02587",0
"HOTTIP",0
"LINC02838",0
"CARD11-AS1",0
"ELN-AS1",0
"MNX1-AS1",0
"CRPPA-AS1",0
"TFPI2-DT",0
"EVX1-AS",0
"LINC01447",0
"HTR5A-AS1",0
"FAM131B-AS1",0
"LINC03008",0
"MYH16",0
"OR2AE1",0
"AZGP1P1",0
"RNU6-92P",0
"CYP2W1",0
"UNCX",0
"MMD2",0
"RBAKDN",0
"UNC93B2",0
"ALG1L5P",0
"OR7E39P",0
"OR7E136P",0
"RPL23P8",0
"DPY19L1P1",0
"FAM86LP",0
"VN1R32P",0
"SEPTIN7P4",0
"SLC25A5P3",0
"LINC01445",0
"LINC03075",0
"PHKG1P1",0
"DGAT2L7P",0
"NCOR1P3",0
"GTF2IP5",0
"OR7E7P",0
"OR7E38P",0
"CDC26P1",0
"SRSF8CP",0
"CAPZA1P4",0
"RPL7AP43",0
"MTCYBP24",0
"CCT4P1",0
"RASA4DP",0
"GUSBP12",0
"RPL23AP95",0
"RPSAP73",0
"RPL12P10",0
"PMS2P12",0
"TCAF1P1",0
"TTC4P1",0
"DPY19L1P2",0
"FKBP6P1",0
"PMS2P7",0
"PMS2P8",0
"PMS2P14",0
"PMS2P6",0
"PMS2P5",0
"HNRNPA1P8",0
"YWHAEP1",0
"SEPTIN7P3",0
"NCF1C",0
"STRADBP1",0
"ATP5PBP3",0
"ZNF734P",0
"TNRC18P2",0
"PSPHP1",0
"VN1R25P",0
"RBM22P3",0
"AZGP1P2",0
"TRIM60P17",0
"MTND4P2",0
"MTND4LP2",0
"MTND3P2",0
"MTCO3P8",0
"MTATP6P18",0
"MTCO2P8",0
"MTCO1P8",0
"MTND2P4",0
"MTND1P2",0
"AGK-DT",0
"PPP2R3B",0
"RPL14P5",0
"MTND6P12",0
"HADHBP1",0
"DRAXINP1",0
"VCX2",0
"ANAPC15P1",0
"NOLC1P1",0
"IL3RA",0
"P2RY8",0
"MTCYBP12",0
"RPL6P30",0
"SLC25A6",0
"AMELX",0
"DHRSX-IT1",0
"DHRSX",0
"SHROOM2",0
"RARRES2P3",0
"ASMTL",0
"FAM9CP1",0
"RPL24P9",0
"FAM9B",0
"HIKESHIP1",0
"GOT2P7",0
"FAM9A",0
"LINC00685",0
"GRPR",0
"TMSB10P2",0
"BEND2",0
"RPL35AP37",0
"CLDN7P1",0
"TMEM47",0
"MDM4P1",0
"BRK1P1",0
"SRSF2P1",0
"SMPX",0
"LINC01283",0
"METTL1P1",0
"SC4MOP",0
"PLLPP1",0
"HMGB1P16",0
"RAI2",0
"TNIP2P1",0
"S100G",0
"MKI67P1",0
"H2AP",0
"MOB1AP2",0
"SIAH1P1",0
"MAGEB17",0
"RPP40P1",0
"FAM47B",0
"CTNNBL1P1",0
"PYY3",0
"NANOGP10",0
"NFYCP1",0
"CHTF8P1",0
"CCNYL5",0
"MAGEB10",0
"ITIH6",0
"ZFRP1",0
"FAM236B",0
"NDP",0
"ETF1P3",0
"YWHAZP7",0
"AKAP4",0
"MAOB",0
"YWHAZP8",0
"KPNA4P1",0
"FOXR2",0
"PHKA1-AS1",0
"SMIM15P1",0
"DGKK",0
"SPIN4-AS1",0
"RPL23AP83",0
"PSMA5P1",0
"SLC16A2",0
"LDHBP2",0
"KRT8P27",0
"SFR1P2",0
"HNRNPH3P1",0
"PCNPP4",0
"XAGE2",0
"SAR1AP4",0
"FGF16",0
"P2RY10BP",0
"CPXCR1",0
"HMGN1P34",0
"TUBB4BP8",0
"SETP4",0
"MTND2P25",0
"EIF3MP1",0
"UBE2V1P7",0
"CYCSP43",0
"UBE2V1P9",0
"PABPC5",0
"PABPC1L2A",0
"SRIP2",0
"ARL13A",0
"COPS8P1",0
"SHC1P1",0
"STAU2P1",0
"PPATP2",0
"HNRNPDLP3",0
"FCF1P9",0
"RPS29P28",0
"TEX101P1",0
"KAT7P1",0
"B3GNT2P1",0
"KLHL4",0
"CAPZA1P3",0
"RPL6P29",0
"WBP11P3",0
"USP37P1",0
"FOXN3P2",0
"BUD31P2",0
"PAICSP7",0
"MRPS22P1",0
"RNF19BPX",0
"RTL3",0
"POMPP1",0
"BRAFP1",0
"USP12PX",0
"PDK1P2",0
"TGIF2LX",0
"ACTR3P2",0
"KRT18P11",0
"DLGAP5P2",0
"OOEPP1",0
"GTF3C6P1",0
"TRAPPC13P1",0
"CSGALNACT2P1",0
"HK2P1",0
"BRDTP1",0
"NDUFA5P7",0
"TEX13B",0
"HNRNPDLP1",0
"C3orf49P1",0
"XRCC6P5",0
"MAGEE2",0
"CCNB1IP1P3",0
"NT5DC1P1",0
"XK",0
"SERPINA7P1",0
"RPL34P36",0
"NLRP2B",0
"AP2B1P1",0
"MYCLP2",0
"TATDN2P1",0
"AWAT2",0
"TUSC2P2",0
"TUBAP6",0
"CCNB3",0
"ACTRT1P1",0
"POU3F4",0
"EIF3JP1",0
"SNX3P1X",0
"FAM236C",0
"TPT1P13",0
"KRT8P17",0
"MDH1P1",0
"MTCYBP31",0
"CYLC1",0
"RIPPLY1",0
"MTND4P31",0
"PGAM4P1",0
"FDPSP5",0
"DPRXP6",0
"RPL36P18",0
"TMEM230P1",0
"TMEM184CP1",0
"RPL7AP72",0
"NLRP7P1",0
"IMPDH1P4",0
"DCAF8L1",0
"RPL22P22",0
"RRM2P3",0
"PCNAP3",0
"RPL7P55",0
"PRPF4BP1",0
"DCAF12L2",0
"COX6CP12",0
"OTUD6A",0
"UBE2V1P16",0
"PNPLA10P",0
"SPRYD7P1",0
"GEMIN8P3",0
"CAPZA1P1",0
"RPS7P13",0
"CBLL1P1",0
"SPANXB1",0
"MAGEC2",0
"VKORC1P1",0
"DUTP4",0
"OR11Q1P",0
"BTG3P1",0
"H2BP8",0
"TFDP3",0
"OR5BH1P",0
"YAP1P2",0
"SPANXN3",0
"CT47A12",0
"KRT18P44",0
"LINC00850",0
"HAX1P1",0
"OR7L1P",0
"TUBB4AP1",0
"ORC1P1",0
"SKP2P1",0
"PWWP3B",0
"STK24P1",0
"LINC01282",0
"SRD5A1P1",0
"CTDSPL2P2",0
"PLS3-AS1",0
"BRS3",0
"ASB12",0
"CT47A11",0
"UFM1P1",0
"PA2G4P1",0
"RPL32P35",0
"RPL3P12",0
"SPANXC",0
"SPANXN1",0
"PNMA6B",0
"MAGEC3",0
"TMEM185AP1",0
"TRMT1P1",0
"MTND4P24",0
"OR11N1P",0
"HSFX1",0
"CMC4",0
"AFF2-IT1",0
"M6PRP1",0
"PGBD4P6",0
"ZFYVE9P1",0
"MAGEA8",0
"CT47A7",0
"HNRNPH1P2",0
"MTND1P33",0
"RBMX2P2",0
"MAGEA11",0
"GPR50",0
"FAM226B",0
"PASD1",0
"IGSF1",0
"MTCYBP38",0
"MAGEA7P",0
"PNMA6F",0
"NDUFB3P5",0
"RPL36AP52",0
"SPANXD",0
"MTND2P39",0
"RRM2P4",0
"ELL2P4",0
"VGLL1",0
"MAGEC1",0
"LHFPL1",0
"NAB1P1",0
"HNRNPCP10",0
"HDGFP1",0
"PRR32",0
"TCERG1P1",0
"CXorf51B",0
"AFF2",0
"HMGB3P30",0
"DCAF12L1",0
"SETP8",0
"CBX1P1",0
"OR1AA1P",0
"TJAP1P1",0
"RUVBL2P1",0
"NDUFB5P2",0
"CSGALNACT2P2",0
"IL13RA2",0
"CD84P1",0
"MATR3P1",0
"PKMP2",0
"HMGN2P48",0
"SLIRPP1",0
"SLC6A14P2",0
"SLC6A14P1",0
"OR13K1P",0
"SPANXA2",0
"RNU6-114P",0
"MIR651",0
"SNORA48B",0
"MIR4770",0
"MIR548AX",0
"RNU6-146P",0
"RN7SL658P",0
"MIR548AM",0
"RNA5SP499",0
"RN7SKP183",0
"RNU6-133P",0
"RNU6-641P",0
"RNU6-591P",0
"RNU6-49P",0
"MIR548AJ2",0
"RNU6-1087P",0
"RN7SL732P",0
"MIR3937",0
"RNU7-164P",0
"RNU6-1124P",0
"RNU6-630P",0
"RNU6-50P",0
"SNORA11",0
"MIR532",0
"MIR500A",0
"MIR362",0
"MIR501",0
"MIR500B",0
"RN7SL799P",0
"MIR223",0
"MIR8088",0
"MIR4536-2",0
"MIR676",0
"RNU6-562P",0
"MIR4536-1",0
"RNA5SP509",0
"MIR4328",0
"RN7SL790P",0
"MIR1321",0
"RNU2-26P",0
"RNU6-332P",0
"RNA5SP510",0
"MIR548M",0
"MIR384",0
"MIR325",0
"RNU1-112P",0
"RNA5SP508",0
"MIR361",0
"RNU6-974P",0
"RNU6-995P",0
"RNU6-345P",0
"RNU6-493P",0
"RNU6-394P",0
"RN7SKP194",0
"RNU6-309P",0
"RNU6-648P",0
"SNORA35B",0
"RNU6-555P",0
"RN7SL379P",0
"RNU6-1323P",0
"MIR548AN",0
"RNU6-154P",0
"MIR3672",0
"RNU6-1015P",0
"RN7SKP31",0
"MIR934",0
"RNU6-3P",0
"RN7SKP149",0
"RNA5SP517",0
"RNA5SP516",0
"MIR514A2",0
"MIR514A1",0
"RN7SKP81",0
"MIR320D2",0
"RN7SL325P",0
"MIR892C",0
"MIR514A3",0
"MIR890",0
"RNU6-985P",0
"MIR888",0
"MIR892A",0
"MIR892B",0
"MIR891B",0
"RNU1-115P",0
"MIR510",0
"MIR891A",0
"MIR4330",0
"RN7SKP267",0
"RN7SKP189",0
"MIR513C",0
"MIR513B",0
"MIR513A1",0
"MIR513A2",0
"MIR506",0
"MIR507",0
"MIR508",0
"MIR514B",0
"MIR509-2",0
"MIR509-3",0
"MIR509-1",0
"RNU6-382P",0
"NICN2P",0
"RN7SL785P",0
"SNORA11C",0
"NPM1P49",0
"MIR4769",0
"SMSP1",0
"RPL7P57",0
"ITGB1BP2",0
"PABPN1P1",0
"SOCS6P1",0
"TWF1P2",0
"SRD5A2P1",0
"MIR1184-2",0
"AMD1P2",0
"DPH3P2",0
"VAMP7",0
"ELOCP24",0
"TRPC6P1",0
"DDX11L16",0
"OPN1LW",0
"OPN1MW",0
"TEX28P1",0
"TEX28P3",0
"SNORA70",0
"RN7SL697P",0
"HMGA1P1",0
"RNU1-142P",0
"BMI1P1",0
"RNA5SP511",0
"H2BP9",0
"ELF2P1",0
"TMSB15B",0
"SLC25A53P1",0
"DPPA3P1",0
"MSL3-DT",0
"LIMK2P1",0
"FRMPD4-AS1",0
"RPL17P49",0
"RN7SKP290",0
"MRPL35P4",0
"TLR8-AS1",0
"RBM22P6",0
"XAGE1A",0
"RBM22P7",0
"SSX14P",0
"SSX11P",0
"SSX7",0
"RNA5SP504",0
"SSX15P",0
"S100A11P10",0
"S100A11P8",0
"SSX21P",0
"PPIHP2",0
"QTRT1P1",0
"RNU1-57P",0
"RN7SL93P",0
"CBX1P4",0
"MIR4768",0
"NHS-AS1",0
"CHP1P3",0
"FAM136GP",0
"PABPC1L2B",0
"RBMXL3",0
"SSX2B",0
"FAM236A",0
"ZNF157",0
"PNMA6A",0
"COL4A5",0
"RNA5SP502",0
"SHISA5P1",0
"GEMIN7P1",0
"RN7SL144P",0
"RPS15AP39",0
"RNU6-202P",0
"FABP5P15",0
"RNU6-854P",0
"RN7SL460P",0
"SSX19P",0
"S100A11P9",0
"SSX3",0
"SSX4",0
"RNU6-800P",0
"ASB11",0
"VEGFD",0
"MIR6895",0
"MIR6894",0
"RPSAP62",0
"MPV17L2P1",0
"MIR6857",0
"TIPINP1",0
"VTRNA3-1P",0
"EEDP1",0
"RPS17P17",0
"SOX3",0
"DUSP9",0
"RN7SL687P",0
"PLXNB3",0
"SRPK3",0
"L1CAM",0
"MIR3202-1",0
"MIR3202-2",0
"MIR718",0
"RPL36A-HNRNPH2",0
"KRT18P48",0
"RNU1-56P",0
"MIRLET7F2",0
"PABPC1P3",0
"RNU6-330P",0
"NEXMIF",0
"RN7SL291P",0
"DUSP21",0
"CT45A11P",0
"GAPDHP67",0
"E2F6P4",0
"KRT18P49",0
"GAGE2E",0
"GAGE12B",0
"SALL1P1",0
"PAGE1",0
"MIR2114",0
"RPL22P23",0
"TCEAL3-AS1",0
"TMEM31",0
"HSPB1P2",0
"ZNF630-AS1",0
"RNU6-707P",0
"SSX13P",0
"S100A11P5",0
"RNA5SP503",0
"SSX20P",0
"S100A11P7",0
"SLITRK2",0
"TNMD",0
"RAD21P1",0
"SPIN2P1",0
"RNU6-935P",0
"ARHGAP36",0
"RN7SL191P",0
"NXF2",0
"CTHRC1P1",0
"BMX",0
"RNU5F-7P",0
"SETP15",0
"ALAS2",0
"HDGFL3P1",0
"PAGE2B",0
"MTCO1P52",0
"MTND2P24",0
"MTND1P30",0
"MIR4329",0
"RN7SL266P",0
"ATF4P1",0
"OR3B1P",0
"RNA5SP514",0
"AGKP2",0
"TLE1P1",0
"AP1M2P1",0
"CKS1BP6",0
"PCYT1B",0
"H2BP7",0
"PCYT1B-AS1",0
"SCARNA23",0
"ARX",0
"PAFAH1B2P1",0
"RN7SL91P",0
"WASH6P",0
"ARHGEF9-IT1",0
"BTF3P8",0
"MIR1468",0
"ZCCHC18",0
"PAGE5",0
"TEX11",0
"RN7SL712P",0
"AKR1B1P8",0
"API5P1",0
"AGTR2",0
"SALL4P2",0
"ESX1",0
"PLCXD1",0
"CTAG1A",0
"APLN",0
"CHRDL1",0
"FCF1P4",0
"GLUD1P9",0
"RNU6-496P",0
"ATP1B4",0
"RNU7-37P",0
"H3P46",0
"GLRX5P1",0
"MGAT2P2",0
"CT45A3",0
"CT45A6",0
"CT45A2",0
"CT45A8",0
"CT45A9",0
"MIR505",0
"CXorf66",0
"RN7SL727P",0
"MIR652",0
"SNORD96B",0
"AMMECR1-IT1",0
"AKAP14",0
"MIR1587",0
"RPS11P7",0
"FTHL17",0
"RNU6-894P",0
"RNA5SP501",0
"MIR3915",0
"MIR548F5",0
"DMD-AS3",0
"RN7SL667P",0
"RNU6-1225P",0
"AKIRIN1P2",0
"SSX5",0
"CLDN2",0
"MAGEB18",0
"MAGEB6",0
"MAGEB5",0
"ATXN7L3P1",0
"EIF4BP9",0
"MTFR1P1",0
"RPL30P15",0
"MIR6086",0
"RN7SKP20",0
"RN7SL262P",0
"MAGEA9",0
"CT47A10",0
"CT47A9",0
"CT47A8",0
"CT47A6",0
"CT47A5",0
"CT47A4",0
"CT47A3",0
"CT47A2",0
"HSFX2",0
"NCLP2",0
"SMIM10L2B",0
"ETDB",0
"CT55",0
"ETDA",0
"ETDC",0
"SMIM10L2A",0
"RNA5SP515",0
"CROCCP1",0
"WDR4P1",0
"H2AB1",0
"ZNF622P1",0
"H3P45",0
"GPRASP1",0
"RNU6-589P",0
"BEND7P1",0
"ARMCX5-GPRASP2",0
"GPRASP3",0
"GAPDHP77",0
"MFN1P1",0
"RPS5P7",0
"H2AB2",0
"TREX2",0
"AKR7A2P2",0
"COBLP1",0
"ARSH",0
"ARSF",0
"RN7SL578P",0
"RPS24P21",0
"ARSL",0
"MTND1P32",0
"MTND2P2",0
"MTCO1P19",0
"MTATP6P19",0
"MTCO3P19",0
"MTND4P32",0
"MTND5P26",0
"MTND6P32",0
"MTCYBP32",0
"RNU6-1130P",0
"GPR119",0
"CYTH1P1",0
"METTL15P3",0
"RNU6-266P",0
"MAGEB4",0
"PLCE1P1",0
"MIR224",0
"MIR452",0
"FRMPD3",0
"FXYD6P3",0
"SHISA5P2",0
"UHRF2P1",0
"DDX3P1",0
"DDX3P2",0
"MKRN5P",0
"RPL32P36",0
"TRMT2B-AS1",0
"TMEM35A",0
"YWHAQP8",0
"MAGEB1",0
"OR13H1",0
"SPACA5B",0
"MAGEB3",0
"CXorf49B",0
"OPN1MW2",0
"MAGEA9B",0
"FAM236D",0
"ACTRT1",0
"CXorf49",0
"CTAG1B",0
"CTAG2",0
"PAGE3",0
"SSX4B",0
"CT47A1",0
"MPC1L",0
"DMRTC1B",0
"ZBED1",0
"MIR6089",0
"LINC00102",0
"XG",0
"H2BW1",0
"CT45A10",0
"PDZD4",0
"PCDH11X",0
"PNMA3",0
"DMRTC1",0
"FAM133A",0
"F9",0
"FATE1",0
"MAGEA4",0
"RPSAP60",0
"TPMTP3",0
"SNORA11E",0
"MAGED4",0
"SNORA11D",0
"RNU6-203P",0
"RPSAP63",0
"GPC3-AS1",0
"LARP1BP3",0
"FMR1NB",0
"RNA5SP524",0
"MAGEA10",0
"XAGE3",0
"GPRASP2",0
"ASS1P4",0
"GAGE12C",0
"GAGE12D",0
"GAGE12F",0
"GAGE12E",0
"GAGE12G",0
"GAGE12H",0
"GAGE2A",0
"GAGE10",0
"GAGE12J",0
"GAGE13",0
"MAGEA3",0
"MAGEA2B",0
"CSAG1",0
"MAGEA12",0
"MAGEA2",0
"PPIAP91",0
"PRXL2CP1",0
"LPAR4",0
"NT5DC1P2",0
"RPL36AP54",0
"MIR450B",0
"MIR450A1",0
"MIR450A2",0
"MIR542",0
"MIR503",0
"MIR424",0
"RPL21P133",0
"RPS7P12",0
"RNU4-44P",0
"MRPS18CP7",0
"RNA5SP505",0
"RPL37P24",0
"RPL7AP71",0
"NYX",0
"ATXN3L",0
"VCX3B",0
"VCX3A",0
"RNU6-122P",0
"ZIK1P1",0
"HSPA8P20",0
"TEX13D",0
"NPM1P34",0
"GPC3",0
"CNGA2",0
"FABP5P13",0
"KRT18P53",0
"SHOX",0
"RPS27AP17",0
"MIR4767",0
"CT47B1",0
"HAPSTR2",0
"DCAF8L2",0
"MAGEA6",0
"MAGED4B",0
"SSX2",0
"VCX",0
"SERTM2",0
"RNU6-1189P",0
"RNU12-2P",0
"ITPK1P1",0
"MYCLP1",0
"GJA6P",0
"BLOC1S6P1",0
"SUPT20HL1",0
"RNU6-1056P",0
"GLOD5",0
"RNU6-29P",0
"ERAS",0
"PCSK1N",0
"SNORA11G",0
"SNRPEP9",0
"RNU6-30P",0
"RNU6-587P",0
"HMGN1P33",0
"CLDN34",0
"TCEAL2",0
"NCBP2L",0
"RPS26P56",0
"RNA5SP513",0
"SNORA36A",0
"MIR664B",0
"SNORA56",0
"SMIM9",0
"ARL5AP1",0
"KIAA1210",0
"XAGE1B",0
"CXorf51A",0
"SPACA5",0
"CT45A7",0
"SPIN2A",0
"SHROOM4",0
"MAP7D2",0
"MIR23C",0
"RNU6-98P",0
"HS6ST2-AS1",0
"NAA20P1",0
"USP26",0
"TMSB15B-AS1",0
"HS6ST2",0
"SPRY3",0
"H2AL1Q",0
"DGAT2L6",0
"RN7SL581P",0
"AWAT1",0
"RNA5SP507",0
"P2RY4",0
"ARR3",0
"TRAPPC2LP1",0
"RNY4P23",0
"RNU4-81P",0
"RNU6-320P",0
"RNU6-972P",0
"SNORD61",0
"TRPC5",0
"RTL4",0
"DPRXP7",0
"CCDC121P1",0
"FBLIM1P1",0
"TEX13C",0
"MIR3690",0
"RNA5SP498",0
"TPT1P14",0
"NPM1P9",0
"GRPEL2P2",0
"BLOC1S2P1",0
"NANOGP9",0
"TFDP1P2",0
"FAM47C",0
"FTH1P29",0
"HNRNPA1P28",0
"NUDT19P6",0
"LINC03098",0
"MRPS17P9",0
"SLC7A3",0
"MAGEA1",0
"PWWP4",0
"CT47C1",0
"TNPO3P1",0
"RPL36AP53",0
"SNORA35",0
"MIR1912",0
"MIR1264",0
"MIR1298",0
"MIR1911",0
"MIR448",0
"RPS26P57",0
"RNU7-69P",0
"CHCHD2P1",0
"TUBB4BP3",0
"RPL12P43",0
"SAGE4P",0
"SAGE3P",0
"SAGE2P",0
"CT45A1",0
"MGAT2P1",0
"CT45A5",0
"TCP11X1",0
"TCP11X2",0
"KLHL13",0
"CRIPTO3",0
"GATA1",0
"RPL18AP15",0
"RNA5SP512",0
"TRPC5OS",0
"RPS6KA6",0
"MIR548I4",0
"MCF2",0
"SPANXN4",0
"OPN1MW3",0
"H2AL3",0
"MAGEB6B",0
"SPANXA1",0
"NXF2B",0
"TEX28",0
"SPANXN2",0
"TMSB15C",0
"NR0B1",0
"RPL12P49",0
"RNU4-6P",0
"SLC35C2P1",0
"CBX1P2",0
"RNU6-616P",0
"HMGB3P31",0
"ZC4H2",0
"RHOXF2B",0
"RHOXF1",0
"SFR1P1",0
"RNU6-1078P",0
"TPT1P15",0
"CITED1",0
"RNU6-383P",0
"CXXC1P1",0
"TMLHEP1",0
"SSX8P",0
"SSX9P",0
"SSX6P",0
"TCP11X3P",0
"CA5BP1",0
"NXF5",0
"NXF4",0
"CSAG4",0
"CD99P1",0
"TM9SF5P",0
"RHOXF1P1",0
"PNMA6E",0
"SNORD3E",0
"WASHC3P1",0
"NOX1",0
"HNRNPA1P27",0
"NSA2P3",0
"XKRX",0
"MAGEA13P",0
"KRT8P6",0
"H2AQ1P",0
"MIR504",0
"TPM2P1",0
"GLRA2",0
"ZCCHC12",0
"RNU6-1044P",0
"CDX4",0
"MORF4L1P6",0
"RPL7P53",0
"BMP2KL",0
"MIR421",0
"MIR374B",0
"MIR374C",0
"RN7SL648P",0
"MIR545",0
"MIR374A",0
"ZCCHC13",0
"RPS6P26",0
"LNX2BP",0
"H2BW2",0
"TMEM30BP1",0
"MIR6134",0
"H3P43",0
"RNA5SP500",0
"MIR4666B",0
"PIGFP3",0
"PCDH19",0
"BEX1",0
"IL1RAPL2",0
"PHB1P10",0
"RPL18AP14",0
"TEX13A",0
"KCTD9P2",0
"RNU6-207P",0
"SERPINA7",0
"RPL21P132",0
"FAM223B",0
"MIR363",0
"MIR92A2",0
"MIR19B2",0
"MIR20B",0
"MIR18B",0
"MIR106A",0
"CRLF2",0
"XAGE5",0
"RPL12P50",0
"RNA5SP525",0
"RNU6-764P",0
"MIR105-1",0
"MIR767",0
"MIR105-2",0
"KRT8P8",0
"NAP1L6P",0
"MRFAP1P1",0
"DENND10P1",0
"VENTXP1",0
"C4orf46P2",0
"NKAPP1",0
"MAP2K4P1",0
"PFN5P",0
"ECMXP",0
"GLRA4",0
"CHMP1B2P",0
"RNU6-434P",0
"OTC",0
"CRIPTOP1",0
"BAG1P1",0
"FTLP16",0
"UBTFL11",0
"RNU7-7P",0
"PAGE4",0
"CPSF1P2",0
"RNU6-421P",0
"NCKAP1P1",0
"KPNB1P1",0
"HMGN1P35",0
"MAGEA3-DT",0
"CSAG2",0
"CSAG3",0
"KRT8P14",0
"MFFP3",0
"MIR221",0
"MIR222",0
"SRSF6P1",0
"MED28P4",0
"KRT18P68",0
"DDX53",0
"PDCL2P1",0
"EEF1A1P40",0
"SMIM10L2B-AS1",0
"ETS2P1",0
"AMZ2P3",0
"PTP4A1P5",0
"PPP4R3C",0
"BMP15",0
"MTHFD1P1",0
"NUDT19P2",0
"RAB40A",0
"AKAP17A",0
"ASMT",0
"CSF2RA",0
"CBLL2",0
"ARL5AP5",0
"MMADHCP1",0
"RNU6-867P",0
"LINC01203",0
"LINC03099",0
"ASMTL-AS1",0
"ACE2-DT",0
"IRS4-AS1",0
"LINC00106",0
"LINC02243",0
"PINCR",0
"LINC01281",0
"LINC02601",0
"MIR325HG",0
"LINC02927",0
"LINC03077",0
"LINC03053",0
"DLG3-AS1",0
"USP27X-DT",0
"LINC00891",0
"LINC01546",0
"MIR106AHG",0
"PABPC1L2B-AS1",0
"MAGEA8-AS1",0
"L1CAM-AS1",0
"LINC01285",0
"MAGEB17-AS1",0
"SYP-AS1",0
"LINC03113",0
"LINC01201",0
"LINC03114",0
"UBE2DNL",0
"LINC00269",0
"PPEF1-AS1",0
"LINC02968",0
"RHOXF1-AS1",0
"GPR50-AS1",0
"MAGEA4-AS1",0
"FRMPD3-AS1",0
"DANT1",0
"LINC03112",0
"LINC01456",0
"WASIR1",0
"IL9R",0
"EZHIP",0
"LINC01496",0
"CENPVL3",0
"CENPVL2",0
"CENPVL1",0
"IPO7P1",0
"UQCR10P1",0
"GTPBP6",0
"FTH1P14",0
"GOT2P6",0
"MKRN4P",0
"NLRP3P1",0
"OR2AF1P",0
"MCRIP2P1",0
"NAP1L4P2",0
"RHOG2P",0
"TEX28P2",0
"SOCS5P4",0
"RANP4",0
"CNEP1R1P1",0
"S100A11P6",0
"SSX18P",0
"PPIAP89",0
"RPSAP14",0
"AARSD1P1",0
"VN1R110P",0
"FTHL18P",0
"AKAP17BP",0
"MEMO1P4",0
"RHOXF1P2",0
"EEF1A1P30",0
"H2BW3P",0
"HMGB1P15",0
"FTH1P28",0
"FTH1P19",0
"FTH1P27",0
"FAM47DP",0
"H2AL1MP",0
"RPL23AP54",0
"TMEM97P2",0
"OR6R2P",0
"LINC03023",0
"WBP1LP3",0
"MTND6P19",0
"MRPL49P2",0
"DNAJB6P2",0
"HSPA8P13",0
"SINHCAFP3",0
"CCT3P1",0
"HMGB1P23",0
"RPL10P18",0
"ADRA1A",0
"DUSP26",0
"MTND5P41",0
"RPL23P10",0
"MTCYBP19",0
"PSME2P5",0
"VENTXP5",0
"MTND6P20",0
"SNX18P27",0
"COX6B1P4",0
"ENTPD4-DT",0
"ATP6V1G1P2",0
"RFPL4AP7",0
"NDUFA5P12",0
"RPL6P22",0
"CYCSP22",0
"SNTG1",0
"BUD31P1",0
"ZMAT4",0
"PXDNL",0
"IGLV8OR8-1",0
"MRPL9P1",0
"XKR9",0
"VENTXP6",0
"COX6CP8",0
"IFITM8P",0
"C8orf34",0
"REXO1L5P",0
"RLIG1P3",0
"DPPA3P9",0
"HNF4G",0
"REXO1L11P",0
"RPL13AP18",0
"HIGD1AP18",0
"RPL31P40",0
"REXO1L8P",0
"SLC2A13P1",0
"TPM3P3",0
"PRDM14",0
"HAUS1P3",0
"JCHAINP1",0
"REXO1L4P",0
"PSMA2P2",0
"PSMC2P2",0
"STAU2-AS1",0
"TRIM60P15",0
"RPS23P1",0
"DCAF4L2",0
"RPL6P23",0
"SLC7A13",0
"RPS4XP10",0
"FSBP",0
"REXO1L12P",0
"RPS29P2",0
"TMEM69P1",0
"REXO1L10P",0
"MIR378D2HG",0
"RALYL",0
"UFM1P3",0
"CYP4F44P",0
"KCNV1",0
"MTCYBP20",0
"GAPDHP30",0
"RPL10AP3",0
"RPL7L1P17",0
"CHRNB3",0
"MTND2P38",0
"CLXN",0
"SRSF3P2",0
"UBE2HP1",0
"KCNS2",0
"BTF3P1",0
"NPM1P52",0
"REXO1L9P",0
"RPL30P10",0
"SDCBPP2",0
"RPS12P15",0
"RPL31P41",0
"RPSAP48",0
"REXO1L2P",0
"TMEM74",0
"FER1L6-AS1",0
"MRPS36P3",0
"FBXO43",0
"SUMO2P19",0
"LINC01181",0
"EEF1A1P37",0
"NDUFS5P6",0
"MTND1P7",0
"ARF1P3",0
"RPL29P18",0
"CPA6",0
"ODF1",0
"RPL17P31",0
"NDUFA5P2",0
"LINC03084",0
"RPS20P20",0
"RPL30P16",0
"TRMT10BP1",0
"PRXL2AP2",0
"NACAP10",0
"PPIAP86",0
"TRAPPC2P2",0
"PGAM1P13",0
"BHLHE22",0
"MAL2",0
"NDUFB9P3",0
"KCNB2",0
"TMCC1P1",0
"PREX2",0
"COLEC10",0
"RPL36AP31",0
"CARS1P2",0
"RPSAP74",0
"IMPDH1P6",0
"GRHL2",0
"KRT8P4",0
"RPL32P4",0
"GML",0
"TMX1P2",0
"H2AZP7",0
"SLURP2",0
"CYP11B2",0
"ZNHIT1P1",0
"RSPO2",0
"RPL21P78",0
"SLURP1",0
"ADCY8",0
"MAPK6P1",0
"KNOP1P5",0
"BAALC",0
"DNAJC8P3",0
"RPL21P79",0
"PENK",0
"RPL19P14",0
"MTCO1P47",0
"TRIM55",0
"CRH",0
"DUTP2",0
"RPL35AP19",0
"RN7SKP159",0
"RN7SL318P",0
"RNA5SP251",0
"RN7SL474P",0
"RNU6-336P",0
"RNU7-153P",0
"RNU6-397P",0
"MIR383",0
"RNU4-71P",0
"MIR3148",0
"RN7SL621P",0
"RNU6-1218P",0
"RNA5SP260",0
"MIR548H4",0
"RNA5SP258",0
"RN7SL457P",0
"RNU6-528P",0
"RNU6-533P",0
"SNORD65B",0
"RNU6-295P",0
"RN7SKP32",0
"RNU6-356P",0
"SNORD13",0
"RNA5SP531",0
"RN7SKP294",0
"MIR548AO",0
"RNU6-895P",0
"RNU6-819P",0
"RNA5SP267",0
"RNU6-596P",0
"RNU6-13P",0
"RN7SL675P",0
"RNU1-101P",0
"RNA5SP266",0
"RN7SKP29",0
"MIR124-2",0
"RN7SL19P",0
"RNU6-656P",0
"RN7SL203P",0
"RNA5SP271",0
"RNA5SP269",0
"RNA5SP270",0
"RNU2-54P",0
"RNA5SP272",0
"MIR5708",0
"RNU6-1040P",0
"RNU6-1172P",0
"RNU6-690P",0
"MIR378D2",0
"RN7SL685P",0
"RNU6-1220P",0
"RNU6-703P",0
"SNORD3H",0
"RNA5SP274",0
"RN7SL41P",0
"SNORD77B",0
"RNU6ATAC8P",0
"RNU6-914P",0
"RNU6-1224P",0
"MIR5680",0
"RNA5SP275",0
"RNA5SP276",0
"RNU6-12P",0
"RN7SKP155",0
"RNU7-67P",0
"RN7SL228P",0
"RN7SL826P",0
"MIR2053",0
"RN7SKP226",0
"RNU6-875P",0
"MIR548AZ",0
"MIR548D1",0
"MIR548AA1",0
"RNU4-83P",0
"RNU4-37P",0
"MIR3149",0
"MIR1208",0
"MIR1302-7",0
"RNU6-442P",0
"NPBWR1",0
"C8orf17",0
"MIR1205",0
"RNVU1-32",0
"MIR1206",0
"RNU4-25P",0
"MIR1207",0
"LINC02912",0
"LINC00208",0
"RNA5SP264",0
"HIGD1AP6",0
"PKMP4",0
"RPL32P20",0
"DPPA3P7",0
"CYP11B1",0
"JPH1",0
"MIR5681A",0
"MIR5681B",0
"MIR2052",0
"ABRAXAS1P2",0
"MTND4LP26",0
"XRCC6P4",0
"TTPA",0
"TARDBPP4",0
"RN7SL135P",0
"MIR6841",0
"RN7SKP206",0
"MIR3686",0
"MTRF1LP2",0
"MIR7112",0
"MIR6848",0
"SCRT1",0
"MIR939",0
"MIR1234",0
"MIR6849",0
"NATP",0
"GPR20",0
"SNORD54",0
"MOS",0
"RNU1-124P",0
"VN1R46P",0
"AFG3L2P1",0
"POTEA",0
"RNU6-104P",0
"PPDPFL",0
"FER1L6",0
"RNA5SP268",0
"LINC02878",0
"MAPK15",0
"MIR4664",0
"MIR937",0
"MIR6845",0
"MIR661",0
"MIR6846",0
"MIR6847",0
"TSSK5P",0
"PTTG3P",0
"SNORD87",0
"MAPK6P5",0
"MIR7705",0
"RNU6ATAC41P",0
"AURKBP1",0
"RPS17P14",0
"SNORD38D",0
"ADAM32",0
"RNU6-285P",0
"RPL17P30",0
"MIR6844",0
"MIR4662B",0
"MIR4662A",0
"MRS2P1",0
"HIKESHIP3",0
"IQANK1",0
"FGF17",0
"RPL21P77",0
"MRPL57P7",0
"MIR599",0
"MIR875",0
"RN7SL350P",0
"SLC2A3P4",0
"MIOXP1",0
"UBE2Q2P10",0
"GOLGA2P1",0
"OR7E96P",0
"VPS51P16",0
"MIR548I3",0
"RPS3AP31",0
"SNRPCP17",0
"SLC16A14P1",0
"RNU7-84P",0
"MIR4288",0
"RNA5SP259",0
"INTS9-AS1",0
"RPL36AP32",0
"RPL12P24",0
"HMGB1P46",0
"OR4F21",0
"NKX2-6",0
"TDRP",0
"RN7SKP175",0
"ADI1P2",0
"SMARCE1P4",0
"RN7SL395P",0
"MIR6850",0
"TMED10P1",0
"SUMO2P16",0
"RPL19P13",0
"RN7SL293P",0
"RNU6-1084P",0
"VPS51P12",0
"RNA5SP253",0
"DEFB108D",0
"USP17L7",0
"MIR3674",0
"MIR596",0
"MIR7160",0
"DEFB135",0
"DPYS",0
"KLHL38",0
"MIR8055",0
"MIR4659A",0
"MIR4659B",0
"GATA4",0
"RPL26P26",0
"RNA5SP254",0
"DEFB108E",0
"ZNF705CP",0
"FAM90A25P",0
"OC90",0
"MIR3610",0
"RN7SL303P",0
"CHILL1",0
"RPL23AP55",0
"MIR6893",0
"TONSL-AS1",0
"C8orf89",0
"RN7SKP153",0
"RN7SL760P",0
"RPS20P21",0
"RPS3AP32",0
"RNU6-1197P",0
"PPP1R42",0
"PURG",0
"RPL34P17",0
"ALKAL1",0
"HMGB1P19",0
"FAM83A-AS2",0
"MIR4663",0
"FAM83A",0
"MIR548V",0
"FAM86B2",0
"PMP2",0
"FABP9",0
"NIPA2P4",0
"RPS26P34",0
"SLC10A5P1",0
"SLC10A5",0
"CHMP4C",0
"KRT18P37",0
"USP17L2",0
"RNA5SP261",0
"RNA5SP262",0
"RNA5SP263",0
"RNU6-663P",0
"MTND1P6",0
"MTND2P32",0
"RANP9",0
"TMEM249",0
"RNU6-519P",0
"RNU6-869P",0
"LRATD2",0
"RNU11-4P",0
"CCAT2",0
"ERICD",0
"MIR151A",0
"RNA5SP278",0
"ZNF705D",0
"FGF20",0
"MICU3",0
"LINC02933",0
"PTMAP15",0
"MIR4661",0
"RNU6-925P",0
"MIR3150B",0
"MIR3150A",0
"RNU6-665P",0
"RNU6-144P",0
"ZYXP1",0
"PPM1AP1",0
"RPL32P19",0
"RNU6-607P",0
"RN7SL709P",0
"GOT1L1",0
"ADRB3",0
"RPL12P48",0
"RNU6-988P",0
"PPIAP84",0
"RNU5A-3P",0
"CHRNA2",0
"GULOP",0
"MIR6843",0
"SCARA3",0
"RNU6-1086P",0
"MIR3622B",0
"MIR3622A",0
"RNU6-1276P",0
"MIR4287",0
"FBXO16",0
"RNU1-148P",0
"RPL15P12",0
"RNU6-1255P",0
"VXN",0
"RNU6-1324P",0
"RNU2-71P",0
"SLC25A51P3",0
"RN7SL107P",0
"CKS1BP7",0
"RN7SL308P",0
"HMGB1P41",0
"SNRPCP6",0
"VPS51P8",0
"OR7E125P",0
"FAM90A4P",0
"USP17L4",0
"ZNF705G",0
"DEFB103B",0
"DEFB104B",0
"DEFB106B",0
"DEFB107B",0
"PRR23D1",0
"FAM90A6P",0
"VPS51P15",0
"VPS51P9",0
"OR7E154P",0
"PRR23D2",0
"DEFB105A",0
"DEFB106A",0
"DEFB104A",0
"DEFB103A",0
"HSPD1P2",0
"DEFB4A",0
"ZNF705B",0
"USP17L8",0
"USP17L3",0
"SYBU-AS1",0
"FAM90A23",0
"FAM90A22",0
"FAM90A7",0
"FAM90A8",0
"FAM90A9",0
"FAM90A17",0
"FAM90A18",0
"FAM90A19",0
"FAM90A14",0
"FAM90A16",0
"FAM90A10",0
"SPAG11A",0
"FABP12",0
"VTA1P2",0
"CNBD1",0
"C8orf90",0
"ZNF572",0
"RN7SL806P",0
"MIR4469",0
"RNU7-85P",0
"RNU1-35P",0
"RNU6-756P",0
"MIR486-1",0
"MIR486-2",0
"RN7SL149P",0
"ASNSP1",0
"OR7E161P",0
"IMPA1P1",0
"ALG1L13P",0
"ZNF252P",0
"ADAM24P",0
"SLC7A2-IT1",0
"KRT8P3",0
"RN7SKP97",0
"AK3P2",0
"LY6H",0
"GPIHBP1",0
"DEFA1B",0
"DEFA3",0
"DEFA5",0
"VPS51P14",0
"PRR13P7",0
"MRPS16P1",0
"LY6L",0
"TMEM276-ZFTRAF1",0
"MIR1204",0
"RNU105C",0
"RN7SL250P",0
"SOX17",0
"TRMT112P7",0
"RPL7L1P18",0
"HPYR1",0
"MIR6876",0
"NAT2",0
"SBF1P1",0
"RNA5SP265",0
"DEFA11P",0
"DEFA7P",0
"DEFB4B",0
"SPAG11B",0
"FAM90A21P",0
"RNU6-1213P",0
"MIR3151",0
"FZD6",0
"MTCO1P49",0
"COL22A1",0
"DEFB131C",0
"DEFB130B",0
"MIR30D",0
"RPL23AP56",0
"LINC01591",0
"ENPP7P1",0
"GSDMC",0
"POU5F1B",0
"RNU6-842P",0
"MTND4P7",0
"RNA5SP255",0
"RUNX1T1",0
"DEFB109C",0
"FAM86B3P",0
"XKR5",0
"RPL23AP96",0
"DEFA6",0
"DEFA4",0
"DEFA9P",0
"DEFA10P",0
"DEFA1",0
"DEFB109B",0
"DEFB108C",0
"DEFB105B",0
"RN7SL178P",0
"RNU6-682P",0
"MIR4660",0
"RNU7-55P",0
"RNU6-1151P",0
"RNU6-526P",0
"MIR597",0
"MIR124-1",0
"RNU6-729P",0
"PRSS55",0
"MIR4286",0
"C8orf74",0
"RNA5SP252",0
"PINX1",0
"MIR1322",0
"MIR598",0
"DEFB109D",0
"FAM90A2P",0
"RPL23AP53",0
"RPL37P6",0
"REXO1L1P",0
"REXO1L6P",0
"RPS20P22",0
"TPT1P8",0
"TUBBP1",0
"SDAD1P1",0
"DEFB131E",0
"RPL10P19",0
"SDR16C6P",0
"TDH",0
"SMPD5",0
"RPL17P29",0
"LINC00534",0
"RNA5SP273",0
"RN7SKP231",0
"DEFB131D",0
"DEFB130A",0
"VPS51P19",0
"OR7E8P",0
"OR7E10P",0
"MIR5692A2",0
"MIR3926-1",0
"MIR3926-2",0
"FAM90A3",0
"FAM90A15",0
"FAM90A13",0
"FAM90A5",0
"FAM90A11",0
"FAM90A12",0
"FAM90A20",0
"RNU6-220P",0
"LINC02990",0
"MIR4472-1",0
"RN7SL260P",0
"MROH4P",0
"RPS27AP13",0
"RNU6-1331P",0
"CRIPTOP5",0
"RNU6ATAC32P",0
"C1GALT1P3",0
"NARS1P2",0
"DEFB136",0
"DEFB134",0
"ADAM3A",0
"RPL7AP80",0
"ADAM5",0
"ADAM2",0
"MIR4471",0
"RN7SKP249",0
"DUXAP2",0
"NACA4P",0
"RN7SL563P",0
"RNU6-892P",0
"RNA5SP257",0
"SMILR",0
"CDK5P1",0
"LINC01111",0
"LINC03018",0
"LINC01603",0
"LINC03024",0
"FAM167A-AS1",0
"TDH-AS1",0
"LINC03093",0
"LINC00967",0
"NRG1-IT3",0
"LINC01608",0
"BAALC-AS2",0
"XKR4-AS1",0
"LINC01298",0
"IADEN",0
"LINC03047",0
"LINC02844",0
"LINC03020",0
"FAM87A",0
"RBM12B-DT",0
"HAS2-AS1",0
"MIR124-2HG",0
"LINC01609",0
"ASTILCS",0
"FAM83A-AS1",0
"LINC01300",0
"MAFA-AS1",0
"MIR3150BHG",0
"LINC01414",0
"LINC02947",0
"LINC00051",0
"LINC00681",0
"LINC02847",0
"LINC03054",0
"LINC02599",0
"CASC9",0
"LINC02948",0
"SIRLNT",0
"LINC03071",0
"LINC00251",0
"SAMD12-AS1",0
"BHLHE22-AS1",0
"LINC02906",0
"LINC02845",0
"PDE7A-DT",0
"LINC02842",0
"KBTBD11-OT1",0
"ADAM7-AS2",0
"LINC00588",0
"LINC02894",0
"NRG1-IT1",0
"FAM66E",0
"CASC8",0
"LINC02839",0
"LINC01419",0
"RHPN1-AS1",0
"RN7SL396P",0
"RNA5SP277",0
"HRURF",0
"MIR320A",0
"LINC01592",0
"RNU7-102P",0
"RN7SKP135",0
"PPIAP85",0
"RNU4-50P",0
"SEPTIN14P8",0
"RPL29P19",0
"ASNSP4",0
"REXO1L3P",0
"HSPE1P14",0
"ZNF317P1",0
"LINC01606",0
"LINC02237",0
"SEPTIN10P1",0
"SUB1P1",0
"RPS20P23",0
"OR7E158P",0
"ALG1L12P",0
"SNRPCP15",0
"DEFT1P2",0
"PRR23D3P",0
"DEFA8P",0
"DEFT1P",0
"DEFB109A",0
"PRSS52P",0
"FAM66D",0
"ALG1L11P",0
"OR7E15P",0
"RPL30P9",0
"LINC01030",0
"H3P29",0
"RPS29P33",0
"JKAMPP1",0
"PABPC1P11",0
"RPS27AP14",0
"SUMO2P2",0
"AKAP8P1",0
"TMEM215",0
"RPL31P42",0
"MTCO3P30",0
"LINC01242",0
"GARIN3P1",0
"SAMM50P1",0
"HMGB3P23",0
"LINC03106",0
"NOP56P2",0
"RPS26P2",0
"CHCHD4P3",0
"LURAP1L",0
"LINC01627",0
"HMGN2P16",0
"BOLA3P4",0
"ASS1P12",0
"SLC4A1APP1",0
"KCTD9P3",0
"RBPJP6",0
"FTLP4",0
"ATP5F1AP1",0
"ELAVL2",0
"ATP5F1AP10",0
"FKBP4P7",0
"LYPLA2P3",0
"CDCA7P2",0
"TCEA1P4",0
"RPL21P84",0
"HSPA8P17",0
"FKBP4P6",0
"FOXB2",0
"PGM5",0
"SDR42E1P2",0
"RASEF",0
"MTCO3P40",0
"ATP5MFP3",0
"SLC28A3-AS1",0
"RPS20P25",0
"GNA14",0
"FOXD4L3",0
"ATP5F1AP7",0
"FAM74A7",0
"RPL21P85",0
"RPL21P83",0
"GNA14-AS1",0
"DNAJB5P1",0
"MTCO1P51",0
"CDRT15P7",0
"SDR42E1P4",0
"ASS1P3",0
"SDR42E1P3",0
"LINC00583",0
"IL6RP1",0
"RBPJP2",0
"RPL7AP46",0
"CYLC2",0
"OR7E116P",0
"BARX1",0
"LINC02578",0
"MTND2P9",0
"TUBB4BP6",0
"ARL2BPP7",0
"SLC25A6P2",0
"BNIP3P4",0
"IGKV1OR-2",0
"KRT18P66",0
"FKBP4P8",0
"HNRNPA1P15",0
"PHB1P7",0
"LMX1B",0
"RPL36AP6",0
"RPS15AP27",0
"SPATA31A6",0
"RPS27AP15",0
"MYO5BP3",0
"CDRT15P5",0
"CCSER2P1",0
"KRT18P36",0
"ZYG11AP1",0
"MSANTD3-TMEFF1",0
"RPL32P22",0
"LINC01243",0
"NUTF2P3",0
"TMEFF1",0
"RPL29P20",0
"MTATP6P30",0
"CHCHD4P2",0
"NPAP1P4",0
"PAPPA",0
"ACTG1P19",0
"KRT18P24",0
"SPATA31B1P",0
"RFC5P1",0
"DDX10P2",0
"RPS19P6",0
"NFYCP2",0
"RNA5SP279",0
"RNU6-1073P",0
"MIR101-2",0
"RNU2-47P",0
"RN7SL98P",0
"RNU6-246P",0
"SCARNA8",0
"RNU6-264P",0
"RN7SL720P",0
"RNU6-14P",0
"RN7SKP120",0
"RN7SL849P",0
"RMRPP5",0
"RNU6-677P",0
"RNA5SP530",0
"RN7SL565P",0
"MIR4477A",0
"RN7SL343P",0
"RNU6-1293P",0
"RN7SL422P",0
"RN7SKP59",0
"RNU6-1303P",0
"RN7SKP242",0
"RNU2-36P",0
"RNU4-29P",0
"RN7SKP264",0
"RNU6-1228P",0
"MIR4290",0
"MIR4291",0
"MIR4289",0
"RN7SKP87",0
"RNU6-996P",0
"RNU6-329P",0
"RNU6-492P",0
"RNA5SP291",0
"RN7SL659P",0
"RNU6-1064P",0
"MIR7702",0
"RNU6-855P",0
"RNA5SP293",0
"MIR3927",0
"RNU6-432P",0
"RNY4P18",0
"RNA5SP294",0
"RNA5SP295",0
"MIR147A",0
"RNU6-710P",0
"RNU4-82P",0
"MIR455",0
"MIR181B2",0
"NRON",0
"MIR4669",0
"SNORA65",0
"MIR3911",0
"MIR3960",0
"MIR2861",0
"CCIN",0
"RNU4-53P",0
"MIR219A2HG",0
"MIR219A2",0
"MIR219B",0
"SPATA31F3",0
"RNU6-984P",0
"RPL21P82",0
"HSPE1P22",0
"MTATP6P29",0
"MTND3P23",0
"MTND4LP7",0
"MTND4P15",0
"BEND3P2",0
"MIR4670",0
"KIF27",0
"MIR7-1",0
"MIR4667",0
"RN7SL22P",0
"MIR6852",0
"MIR6853",0
"FAM221B",0
"NDUFA5P4",0
"HRCT1",0
"PGAM1P2",0
"OR2S2",0
"MIR4473",0
"RNU4-26P",0
"MIR4474",0
"MIR491",0
"SNORA30B",0
"MIR7114",0
"RNU6-86P",0
"RNU6-1327P",0
"EIF1P1",0
"DMRT1",0
"DMRT3",0
"RNU6-829P",0
"MIR548AU",0
"RN7SL181P",0
"TRPC6P4",0
"TRMT112P4",0
"FYTTD1P1",0
"BAAT",0
"H3P31",0
"RN7SL100P",0
"RNA5SP280",0
"RPL36AP34",0
"EQTN",0
"TMEM252",0
"DENRP4",0
"PTGDS",0
"LCNL1",0
"TMEM210",0
"RNF224",0
"SLC34A3",0
"SLC25A6P5",0
"MIR8081",0
"RN7SKP77",0
"RNA5SP292",0
"RPL7AP44",0
"RNU2-46P",0
"PARK7P2",0
"RPL36AP35",0
"ACTL7B",0
"ACTL7A",0
"MIR32",0
"MIR6856",0
"QRFP",0
"PRDM12",0
"RN7SL159P",0
"VN2R3P",0
"RBM17P1",0
"RN7SL640P",0
"SPATA31A1",0
"SKP1P3",0
"FKBP4P2",0
"SDR42E1P1",0
"ATP5F1AP8",0
"RBPJP5",0
"RN7SL763P",0
"MEP1AP1",0
"RNU6-1269P",0
"CNN2P2",0
"SLC46A2-AS1",0
"MUPP",0
"OR1K1",0
"KRT18P67",0
"SNORD90",0
"RNY1P15",0
"MIR600",0
"RNU6-820P",0
"MIR126",0
"SNORA17B",0
"SNORA17A",0
"LCN10",0
"LCN6",0
"MIR6722",0
"ATP6V1G1P3",0
"MIR4292",0
"MIR4479",0
"C9orf163",0
"CDK20",0
"IZUMO3",0
"ZFP37",0
"PRKACG",0
"SPATA31A5",0
"FRMPD1",0
"RN7SKP171",0
"RNU7-124P",0
"SNORD62A",0
"SNORD62B",0
"FAM74A3",0
"MIR2278",0
"MIR6081",0
"MIR24-1",0
"RNA5SP288",0
"MIR4672",0
"YRDCP2",0
"SNORA70C",0
"RN7SKP128",0
"RN7SKP125",0
"MIR4478",0
"MORN5",0
"TEX53",0
"TEX48",0
"CDCA4P1",0
"CER1",0
"RNU6-1260P",0
"LDHAP4",0
"PSIP1P1",0
"UBE2V1P10",0
"EIF3JP3",0
"TRBV21OR9-2",0
"TRBV22OR9-2",0
"TRBV23OR9-2",0
"TRBV24OR9-2",0
"TRBV25OR9-2",0
"TRBV26OR9-2",0
"TRBV29OR9-2",0
"SNORD121B",0
"SNORD121A",0
"RN7SKP114",0
"TUBB4BP2",0
"RN7SL187P",0
"RN7SL726P",0
"MIR204",0
"PIGUP1",0
"OR13F1",0
"OR13C4",0
"OR13C8",0
"OR13D2P",0
"OR13C5",0
"OR13C2",0
"OR13C9",0
"OR13I1P",0
"OR13D3P",0
"GPR21",0
"MIR3152",0
"RN7SKP258",0
"ADAMTSL1",0
"DNAI1",0
"CCL27",0
"SPATA31F1",0
"MIR6877",0
"CEL",0
"LCN1P2",0
"RPL21P81",0
"SNORD24",0
"SNORD36B",0
"SNORD36A",0
"SNORD36C",0
"TCEA1P1",0
"VN1R51P",0
"FAM220CP",0
"RNU6-798P",0
"OR2AM1P",0
"HMGB3P24",0
"PRPS1P2",0
"RNU6-1020P",0
"RNA5SP281",0
"DFFBP1",0
"TAF1L",0
"SNRPCP1",0
"MIR548AW",0
"RNU7-21P",0
"MIR1302-9",0
"RNU7-171P",0
"RN7SL560P",0
"RNA5SP284",0
"MIR4477B",0
"LCN8",0
"SOHLH1",0
"KCNT1",0
"GLIS3-AS2",0
"RNU6-694P",0
"OR1J1",0
"OR1J2",0
"OR1J4",0
"OR1Q1",0
"OR1L1",0
"TLK1P1",0
"RNU6-669P",0
"FBP2",0
"AHCYP2",0
"MT1P1",0
"RNU2-50P",0
"DNAJC25-GNG10",0
"RNU6-1013P",0
"RN7SL665P",0
"OR2K2",0
"RN7SL592P",0
"CDK2AP2P1",0
"MYO5BP1",0
"DMRT2",0
"RNU7-185P",0
"BSPRY",0
"IMP3P1",0
"RN7SL722P",0
"RNU6-368P",0
"IFNNP1",0
"IFNB1",0
"IFNWP4",0
"IFNW1",0
"IFNA21",0
"OR1L3",0
"AMBP",0
"LINC02843",0
"NPR2",0
"OR13J1",0
"ELF2P3",0
"WNK2",0
"ALDOB",0
"MIR6851",0
"PAEP",0
"LINC01502",0
"GLT6D1",0
"LCN9",0
"OR1L8",0
"MIR601",0
"MIR7150",0
"PIGFP2",0
"SPATA31C2",0
"IGFBPL1",0
"ARMC8P1",0
"TCEA1P3",0
"GAS2L1P1",0
"VN1R48P",0
"FAM220BP",0
"RNU6-765P",0
"C11orf98P1",0
"AK4P4",0
"FAM240B",0
"MIR199B",0
"MIR3154",0
"RN7SL75P",0
"RPS2P35",0
"DPPA3P10",0
"NANOGP5",0
"STPG3",0
"NXNL2",0
"RPL7P33",0
"LINC02907",0
"SOCS5P2",0
"LCN1",0
"OBP2A",0
"MIR4673",0
"MIR4674",0
"IGKV1OR9-1",0
"FOXD4L5",0
"FRG1KP",0
"IGKV1OR-3",0
"FOXD4L4",0
"RN7SKP24",0
"ARID3C",0
"IFNA17",0
"IFNWP5",0
"IFNA14",0
"IFNA22P",0
"IFNA5",0
"IFNA20P",0
"IFNA2",0
"IFNA11P",0
"IFNA12P",0
"IFNA8",0
"IFNWP2",0
"IFNA1",0
"IFNWP19",0
"MIR31",0
"H3P30",0
"IFNE",0
"STRA6LP",0
"MIR1302-8",0
"RNU6-538P",0
"ANKRD20A1",0
"RNU6-1193P",0
"CYP4F25P",0
"RPL35AP22",0
"RNU6-1082P",0
"RN7SL151P",0
"TUBB8P1",0
"ERVFRD-3",0
"UBA52P6",0
"RPS29P17",0
"MIR3621",0
"RLN2",0
"HMGN2P31",0
"RNF152P1",0
"CTAGE12P",0
"KCTD10P1",0
"MIR876",0
"MIR873",0
"ME2P1",0
"LINGO2",0
"PCNPP2",0
"RNA5SP290",0
"RN7SL794P",0
"OR13C3",0
"OR13D1",0
"RN7SL544P",0
"RBPJP7",0
"RN7SKP191",0
"ORM1",0
"UBE2V1P4",0
"MIR6855",0
"CYCSP24",0
"MIRLET7A1",0
"MIRLET7F1",0
"MIRLET7D",0
"PHF24",0
"SPATA31A7",0
"SPATA31A3",0
"IFNA13",0
"FAM163B",0
"DBH",0
"DBH-AS1",0
"MYMK",0
"ADAMTS13",0
"CNN2P3",0
"GXYLT1P6",0
"CYP4F33P",0
"ANKRD18B",0
"RNU6-599P",0
"SNX18P5",0
"RNU6-714P",0
"SNX18P2",0
"ADGRF5P2",0
"MEP1AP4",0
"MIR6854",0
"RNU6-1035P",0
"RNA5SP287",0
"SPATA31D4",0
"SPATA31D3",0
"SPATA31D2P",0
"RNU6-156P",0
"RNU6-559P",0
"PDSS1P1",0
"MTND6P5",0
"MTATP6P11",0
"MTND5P14",0
"TCF3P1",0
"INSL4",0
"EIF4A1P3",0
"BMS1P10",0
"ATP8B5P",0
"LINC00475",0
"PRSS47P",0
"FAM120A2P",0
"ZNF658B",0
"FAM95B1",0
"CTSL3P",0
"OR13C1P",0
"SPATA31F2P",0
"CELP",0
"MFSD14CP",0
"CDRT15P6",0
"FBP2P1",0
"NPAP1P9",0
"PAEPP1",0
"SNX18P3",0
"ANKRD20A2P",0
"CYP4F59P",0
"ANKRD20A3P",0
"ANKRD20A7P",0
"ANKRD19P",0
"CNTNAP3P7",0
"SPATA31D5P",0
"FGF7P3",0
"CLCN3P1",0
"REXO6P",0
"CYSRT1",0
"OR2S1P",0
"COL5A1-AS1",0
"MIR3689C",0
"MIR3689A",0
"MIR3689D1",0
"MIR3689B",0
"MIR3689D2",0
"MIR3689E",0
"MIR3689F",0
"CARM1P1",0
"LHX3",0
"HSD17B3",0
"RNU6-1160P",0
"SPATA31C1",0
"RNU4ATAC15P",0
"SPINK4",0
"ADGRD2",0
"OTX2P1",0
"RBM22P5",0
"H3P32",0
"TRBV20OR9-2",0
"ECM1P1",0
"RPL3P11",0
"ATP5PDP3",0
"ANKS6",0
"NME2P3",0
"ADIPINT",0
"OR1N1",0
"OR1N2",0
"OR1L4",0
"OR1L6",0
"OR5C1",0
"ADAMTSL2",0
"RNU6ATAC",0
"CNTNAP3C",0
"RN7SL462P",0
"WDR31",0
"CFAP77",0
"RNU5D-2P",0
"BARHL1",0
"MTND2P11",0
"RMRP",0
"PTCH1",0
"FAM74A6",0
"FAM74A4",0
"RPL12P25",0
"PTENP1",0
"GAS2L1P2",0
"MAP1LC3BP1",0
"GXYLT1P4",0
"TOPORSLP",0
"RNU6-1039P",0
"OR1B1",0
"GABBR2",0
"GTF3AP1",0
"RN7SL123P",0
"RPS3AP54",0
"PRELID3BP11",0
"MIR602",0
"TUBBP5",0
"FAM157B",0
"RNU6-785P",0
"OR4F8BP",0
"CFAP95",0
"RN7SL570P",0
"C9orf57",0
"DPP3P2",0
"RNA5SP286",0
"RPSAP75",0
"MIR4540",0
"MIR4476",0
"PRRX2",0
"PGM5P2",0
"FOXD4L6",0
"ARF4P1",0
"STPG3-AS1",0
"PAICSP2",0
"MIR3910-1",0
"MIR3910-2",0
"IFNA6",0
"IFNWP15",0
"IFNWP9",0
"IFNA7",0
"IFNA10",0
"IFNWP18",0
"IFNA16",0
"CYP1D1P",0
"FOXE1",0
"HEMGN",0
"RNU4-15P",0
"LINC03062",0
"LHX2-AS1",0
"FAM242E",0
"FAM242D",0
"CFAP95-DT",0
"LINC02846",0
"WDR5-DT",0
"CDKN2A-AS1",0
"PRRX2-AS1",0
"VLDLR-AS1",0
"LINC02692",0
"LINC00587",0
"FAM242F",0
"LINC01474",0
"HSD17B3-AS1",0
"TMEM246-AS1",0
"FIBCD1-AS1",0
"FAM88C",0
"BNC2-AS1",0
"LMX1B-DT",0
"PPP1R26-AS1",0
"BARX1-DT",0
"FAM201A",0
"TLE1-DT",0
"MIR4290HG",0
"LINC01508",0
"LINC01501",0
"GLIS3-AS1",0
"LINC01492",0
"FAM88D",0
"PBX3-DT",0
"SNX30-DT",0
"LINC03026",0
"LINC03041",0
"PTCSC2",0
"LINC00474",0
"FAM74A1",0
"ASTN2-AS1",0
"LINC02872",0
"LINC03025",0
"FAM138C",0
"LINC01235",0
"CYP4F26P",0
"PTPRD-AS1",0
"TPD52L3",0
"RPSAP49",0
"RNA5SP283",0
"PTGER4P2",0
"MYO5BP2",0
"ADGRF5P1",0
"LINC02957",0
"FGF7P6",0
"RBM17P2",0
"PTGER4P3",0
"CNTNAP3P2",0
"AQP7P4",0
"FGF7P5",0
"RBM17P3",0
"AQP7P1",0
"RPS6P12",0
"BMS1P11",0
"BMS1P9",0
"PPIAP88",0
"CDK2AP2P3",0
"RAB28P4",0
"RPL31P43",0
"AQP7P2",0
"CDC20P1",0
"ACNATP",0
"RAB28P1",0
"RPL7AP49",0
"CDRT15P14",0
"SNX18P8",0
"GXYLT1P3",0
"AQP7P5",0
"PRDX1P1",0
"SUGT1P1",0
"HMGB1P37",0
"ZNF322P1",0
"SUGT1P4",0
"SUGT1P4-STRA6LP",0
"SUGT1P4-STRA6LP-CCDC180",0
"DDX11L5",0
"FRG1JP",0
"OR1H1P",0
"RPL7AP45",0
"FAM27B",0
"NPAP1P7",0
"CTSLP8",0
"YWHABP1",0
"BMS1P12",0
"BMS1P13",0
"AQP7P3",0
"ANKRD18CP",0
"SNX18P4",0
"CDRT15P12",0
"SNX18P9",0
"ZFAND6P1",0
"RPL7AP76",0
"FGF7P7",0
"CNTNAP3P5",0
"FAM88F",0
"SNX18P7",0
"NPAP1P6",0
"CYP4F60P",0
"FGF7P4",0
"OR7E109P",0
"OR7E108P",0
"RPSAP9",0
"RPL7AP47",0
"RPL35AP20",0
"IL9RP1",0
"CDK2AP2P2",0
"FGF7P8",0
"CNTNAP3P1",0
"BMS1P14",0
"IGKV1OR9-2",0
"CNTFR-AS1",0
"MUC5B-AS1",0
"NAV2-AS3",0
"ZNF214",0
"RPL36AP40",0
"RBMXL2",0
"CYCSP25",0
"SYT9",0
"LINC02745",0
"SPON1-AS1",0
"DNAAF11P1",0
"PAUPAR",0
"DBX1",0
"LEISA1",0
"OR4C13",0
"GTF2IP11",0
"ANKRD33BP5",0
"OR4C14P",0
"ANKRD33BP6",0
"THAP12P4",0
"OR4A49P",0
"OR2BH1P",0
"EIF4A2P5",0
"MTND5P21",0
"CBX3P8",0
"TRIM51DP",0
"OR5D15P",0
"OR4A19P",0
"PHKG1P3",0
"OR5L2",0
"FOLH1",0
"OR10AF1P",0
"OR5D14",0
"OR4A21P",0
"OR4A1P",0
"LINC02735",0
"OR4A7P",0
"OR4A6P",0
"OR4A18P",0
"LINC02707",0
"OR5D13",0
"OR9Q1",0
"OR4C16",0
"OR5B10P",0
"OR4R3P",0
"OR5D17P",0
"KRT18P14",0
"OR10W1",0
"OR5B17",0
"OR4A5",0
"NAV2-AS1",0
"RPL12P31",0
"OR4A8",0
"CIR1P3",0
"EEF1A1P47",0
"TRIM48",0
"CCDC179",0
"OR10V3P",0
"SLC17A6-DT",0
"OR5W1P",0
"OR10Q2P",0
"OR5I1",0
"OR5W2",0
"EIF4A2P3",0
"OR10V1",0
"OR10Y1P",0
"ZFP91-CNTF",0
"RPL7AP56",0
"LRRC4C",0
"RCC2P6",0
"SYT7",0
"TRIM51",0
"OR10V2P",0
"HNRNPRP2",0
"RPL7AP58",0
"EEF1G",0
"OR5D16",0
"OR5B19P",0
"LINC01616",0
"OR5L1",0
"WEE2P1",0
"MUC15",0
"UBTFL10",0
"FGF3",0
"ANKRD33BP7",0
"TRIM53BP",0
"LINC02758",0
"MTND4LP18",0
"H3P34",0
"TRIM77",0
"COX6A1P4",0
"MTMR12P1",0
"RSF1-IT2",0
"HPRT1P3",0
"DDI1",0
"OSBPL9P2",0
"MMP27",0
"ASS1P13",0
"HMGN2P38",0
"TRIM49",0
"GAL",0
"RPA2P3",0
"UBTFL2",0
"MTND6P25",0
"SLN",0
"OSBPL9P3",0
"TMPRSS5",0
"HNRNPA1P60",0
"METTL5P4",0
"RPS4XP12",0
"PKNOX2-DT",0
"LINC02697",0
"RPS27P20",0
"PHB1P16",0
"BARX2",0
"RPL23AP62",0
"LINC01395",0
"TMEM225",0
"SPATA19",0
"BMPR1AP2",0
"PPP1R10P1",0
"PANX3",0
"ELOCP22",0
"PKNOX2",0
"TSPAN18-AS1",0
"ANGPTL5",0
"MIR6744",0
"MIR4299",0
"MIR8070",0
"RNA5SP332",0
"MIR302E",0
"MIR4486",0
"MIR4694",0
"RNU6-783P",0
"RNA5SP338",0
"RN7SL240P",0
"MIR8054",0
"RNU6-99P",0
"MIR3973",0
"RNU6-365P",0
"RN7SKP158",0
"MIR8068",0
"RN7SKP192",0
"MIR6860",0
"RNU6-544P",0
"MIR708",0
"RNU7-59P",0
"MIR5579",0
"RNU6-16P",0
"RN7SL223P",0
"RN7SL222P",0
"SNORD6",0
"SNORA25",0
"RN7SKP53",0
"SNORA32",0
"SNORA1",0
"SNORA8",0
"SNORD5",0
"SNORA18",0
"MIR1304",0
"SNORA40",0
"RN7SKP115",0
"MIR4693",0
"MIR4490",0
"MIR1261",0
"RNA5SP349",0
"MIR4493",0
"RNU4-23P",0
"RNU6-321P",0
"MIR8052",0
"RN7SL167P",0
"RNU6-1156P",0
"MIR4697",0
"RN7SKP121",0
"RN7SKP279",0
"SNORD15A",0
"SNORD15B",0
"MOGAT2",0
"RN7SL786P",0
"MS4A5",0
"KCNK4-CATSPERZ",0
"CATSPERZ",0
"MIR7155",0
"MIR1237",0
"SLC22A11",0
"SLC22A12",0
"NRXN2-AS1",0
"MIR192",0
"MIR194-2",0
"MIR6749",0
"MIR6879",0
"EEF1A1P18",0
"KRT8P49",0
"OR51F3P",0
"OR51N1P",0
"OR52Y1P",0
"OR52R1",0
"OR51A6P",0
"OR51G1",0
"OR51A2",0
"OR51A5P",0
"OR52J3",0
"OR52E2",0
"OR52E1",0
"OR52S1P",0
"OR52E3P",0
"OR52J1P",0
"HBD",0
"HBG2",0
"HBE1",0
"OR51AB1P",0
"OR51B4",0
"OR51B3P",0
"OR51B8P",0
"OR51B6",0
"TMEM258P1",0
"OR51J1",0
"OR51Q1",0
"OR51K1P",0
"OR51A10P",0
"OR52D1",0
"UBQLN3",0
"UBQLNL",0
"OLFM5P",0
"OR52V1P",0
"OR52H2P",0
"OR52T1P",0
"HNRNPA1P53",0
"OR52B6",0
"TRIM6",0
"TRIM6-TRIM34",0
"OR56B1",0
"OR52N3P",0
"OR52E6",0
"OR52E7P",0
"HBG1",0
"MRGPRG",0
"MRGPRE",0
"NDUFA5P8",0
"NDUFA5P1",0
"ENPP7P15",0
"SNRPCP5",0
"RPS3AP39",0
"GLYATL1P4",0
"GLYATL1B",0
"SLC25A47P1",0
"RN7SL435P",0
"OR5AN2P",0
"OR5BR1P",0
"OR10D1P",0
"OR8F1P",0
"OR8G7P",0
"SLC5A4P1",0
"CEND1",0
"SNORA52",0
"RNU6-876P",0
"OR10D4P",0
"HSPB2-C11orf52",0
"C11orf52",0
"RNA5SP351",0
"PPIHP1",0
"RNU6-893P",0
"TEX12",0
"RPS12P21",0
"PLET1",0
"ST13P10",0
"RNU6-1025P",0
"MUC2",0
"MIR4298",0
"MIR7847",0
"MIR675",0
"OR4C50P",0
"OR4C46",0
"OR4C7P",0
"OR4R2P",0
"OR4A4P",0
"OR4A3P",0
"OR4A2P",0
"KRT18P58",0
"RNA5SP329",0
"OR56A7P",0
"OR52X1P",0
"OR56B3P",0
"OR52L2P",0
"OR52Z1P",0
"OR5AK1P",0
"OR5BQ1P",0
"RNU6ATAC12P",0
"OR8B7P",0
"OR8B5P",0
"OR8C1P",0
"OR8X1P",0
"OR8A2P",0
"OR8B10P",0
"OR8A3P",0
"MIR1343",0
"OR52Q1P",0
"GUCY1A2",0
"GRIK4",0
"NLRP14",0
"RNU6-1306P",0
"RCOR2",0
"RNU6-45P",0
"RNU6-72P",0
"MIR3165",0
"RPEP6",0
"COX6CP18",0
"KCNQ1DN",0
"SNORA54",0
"RN7SKP50",0
"RNU7-28P",0
"RNU6ATAC33P",0
"MIR7154",0
"FREY1",0
"FBLIM1P2",0
"MIR4688",0
"RNA5SP345",0
"RPL32P25",0
"GAL3ST3",0
"CNIH2",0
"TMEM151A",0
"RNU1-84P",0
"MIR611",0
"MIR1908",0
"MIR6746",0
"RNU6-1243P",0
"MYOD1",0
"NXPE4",0
"RN7SL828P",0
"OR5AK4P",0
"OR5AO1P",0
"OR5BP1P",0
"LRRC55",0
"PRG3",0
"PRG2",0
"RNU1-91P",0
"MRGPRD",0
"DEFB108B",0
"RNA5SP342",0
"DEFB131B",0
"SCN4B",0
"MIR6755",0
"SETP17",0
"RN7SL225P",0
"CCDC81",0
"PTP4A1P6",0
"ALG9-IT1",0
"GNG5P3",0
"RPL37AP8",0
"IMMP1LP1",0
"RN7SL596P",0
"MRGPRX12P",0
"MRGPRX4",0
"GLTPP1",0
"MRGPRX13P",0
"SAA4",0
"SAA2-SAA4",0
"RNA5SP333",0
"RNA5SP334",0
"OR7E5P",0
"OR5F2P",0
"OR5J1P",0
"OR8I4P",0
"OR5BN2P",0
"OR8H3",0
"OR5BN1P",0
"OR8K4P",0
"OR8K5",0
"OR5J7P",0
"OR5J2",0
"OR8V1P",0
"OR4P1P",0
"OR5D2P",0
"VN2R9P",0
"OR9L1P",0
"OR9I3P",0
"OR9I2P",0
"OR5BL1P",0
"OR10Q1",0
"OR9G3P",0
"MIR6128",0
"OR9G2P",0
"OR5G1P",0
"OR5G4P",0
"OR5G3",0
"NAA50P1",0
"OR8J2",0
"OR8I1P",0
"FAM8A2P",0
"OR8K2P",0
"OR5BB1P",0
"OR4D8P",0
"OR4D11",0
"OR4D7P",0
"OR5B1P",0
"OR5B15P",0
"OR8U1",0
"OR8L1P",0
"OR5AL2P",0
"OR5AL1",0
"OR8U3",0
"OR5M4P",0
"OR5M9",0
"OR5M7P",0
"OR5M6P",0
"OR5M5P",0
"MIR210",0
"SCT",0
"DRD4",0
"LINC02547",0
"OR4A11P",0
"OR4A12P",0
"OR4X7P",0
"OR4A10P",0
"OR4A17P",0
"RPL7AP55",0
"RNU6-943P",0
"OR10G6",0
"OR10G5P",0
"OR10G9",0
"OR10D5P",0
"MIR130A",0
"MIR6748",0
"MIR6514",0
"RNU2-2P",0
"SNORD22",0
"SNORD30",0
"SNORD28",0
"SNORD27",0
"SNORD26",0
"SNORD25",0
"RN7SKP243",0
"MIX23P5",0
"RNA5SP343",0
"RNU6-1238P",0
"PTPRCAP",0
"GPR152",0
"COX6CP5",0
"CASC23",0
"TUB-AS1",0
"RN7SL351P",0
"RPL35AP26",0
"KIRREL3-AS1",0
"SNORD97",0
"TBCEL-TECTA",0
"KCNA4",0
"FSHB",0
"MIR3166",0
"GRM5-AS1",0
"KRTAP5-1",0
"KRTAP5-2",0
"KRTAP5-3",0
"KRTAP5-6",0
"ACTN3",0
"MIR4487",0
"RN7SL652P",0
"FAM180B",0
"C1QTNF4",0
"RNA5SP340",0
"YPEL5P2",0
"P4HA3-AS1",0
"MIR548AL",0
"CYCSP27",0
"RNA5SP341",0
"RN7SKP259",0
"RN7SL605P",0
"RTN4RL2",0
"RPS4XP13",0
"SCN2B",0
"OR8G3P",0
"TECTA",0
"MIR6503",0
"MS4A12",0
"MS4A13",0
"MMP10",0
"KRT8P26",0
"TUBB4BP4",0
"NDUFB11P1",0
"PGAM1P9",0
"RPS3AP42",0
"SNRPGP16",0
"MTNR1B",0
"RPL26P31",0
"RPL12P30",0
"RPS3AP41",0
"PATE1",0
"PATE2",0
"PATE3",0
"PATE4",0
"DDX25",0
"RNU6-933P",0
"OR7E117P",0
"ART5",0
"ART1",0
"RNU6-1143P",0
"MIR4687",0
"RPS29P20",0
"SHANK2-AS3",0
"MIR3664",0
"FAM181B",0
"RPL7AP54",0
"SNORA70E",0
"COX5BP4",0
"CICP23",0
"RNU6-447P",0
"SCGB1C1",0
"MIR6743",0
"IFITM5",0
"RN7SL838P",0
"OR8R1P",0
"SF3A3P2",0
"RNU1-21P",0
"OR6M3P",0
"DLG2-AS2",0
"LDHAL6DP",0
"HNRNPA1P72",0
"RNU6-1292P",0
"CCDC89",0
"RNU6-126P",0
"NDUFC2-KCTD14",0
"B3GNT6",0
"OMP",0
"RNA5SP346",0
"RNA5SP330",0
"MIR5691",0
"KRT8P41",0
"PGA3",0
"PGA5",0
"LRRC10B",0
"MIR6747",0
"ROM1",0
"SNORA57",0
"HNRNPUL2-BSCL2",0
"CHRM1",0
"RN7SL259P",0
"TP53AIP1",0
"DEUP1",0
"MRGPRX3",0
"OR5AN1",0
"OR8J1",0
"OR4S2",0
"OR4C6",0
"OR8H2",0
"OR52N5",0
"OR56A4",0
"OR8D1",0
"OR5A2",0
"OR10G7",0
"OR52N1",0
"OR5B2",0
"OR5M3",0
"OR8B8",0
"CASP1P1",0
"OR2AL1P",0
"RNU6-262P",0
"MIR6756",0
"MIR6752",0
"CABP2",0
"OR7E145P",0
"OR7E11P",0
"EVA1CP4",0
"SLC22A6",0
"SLC22A8",0
"PTTG1P2",0
"TUBAP7",0
"RPL29P22",0
"SLC22A9",0
"OR10A4",0
"OR4D10",0
"RPL29P21",0
"OR5P4P",0
"OR5P1P",0
"APOA4",0
"APOC3",0
"OR56A3",0
"OR51I2",0
"OR52K1",0
"OR52M2P",0
"CCDC87",0
"RN7SL12P",0
"C1QBPP2",0
"FTLP6",0
"RNU6-874P",0
"ZNF123P",0
"OR52M1",0
"C11orf40",0
"OR5M13P",0
"OR5M1",0
"OR5AM1P",0
"OR5M12P",0
"OR5AP1P",0
"OR51F2",0
"OR8B3",0
"OR8B2",0
"OR51G2",0
"OR51A7",0
"OR52E4",0
"ART2BP",0
"OR6A2",0
"OR51D1",0
"OR51E1",0
"OR2AG2",0
"OR10G8",0
"OR51A4",0
"MIR6754",0
"KRTAP5-7",0
"KRTAP5-8",0
"KRTAP5-9",0
"KRTAP5-10",0
"KRTAP5-13P",0
"KRTAP5-14P",0
"OR7E87P",0
"OR7E4P",0
"VPS51P11",0
"OR8J3",0
"OR5AZ1P",0
"OR5BD1P",0
"CYCSP26",0
"RNU6-899P",0
"OR51A9P",0
"OR51E2",0
"OR10G4",0
"ACCSL",0
"SNORA3A",0
"RNU7-159P",0
"RPL21P96",0
"MTCO3P15",0
"MTATP6P15",0
"MTCO2P15",0
"MTCO1P15",0
"MTND2P26",0
"MTND1P36",0
"SYT13",0
"ADAMTS15",0
"OVCH2",0
"OR10A5",0
"OR4D5",0
"OR5D18",0
"OR8K1",0
"OR8I2",0
"OR2D3",0
"OR5AR1",0
"OR4A16",0
"OR8G5",0
"PGA4",0
"OR9Q2",0
"OR2AG1",0
"OR8G1",0
"OR4C15",0
"OR51T1",0
"OR2D2",0
"OR8D2",0
"OR5M10",0
"OR6T1",0
"OR6X1",0
"OR8B12",0
"OR5M11",0
"OR5M8",0
"OR6M1",0
"OR4C11",0
"OR9I1",0
"TBX10",0
"OR56A1",0
"OR10AG1",0
"OR51I1",0
"OR51B2",0
"OR52H1",0
"OR5T2",0
"OR5AP2",0
"OR4D6",0
"MIR3167",0
"KIRREL3-AS3",0
"RNU6-654P",0
"DCDC1",0
"GRM5",0
"OR2AT1P",0
"ZDHHC20P3",0
"SNORD14B",0
"TTC36",0
"MIR6716",0
"SLC22A24",0
"MMP26",0
"OR51S1",0
"TMA16P1",0
"GLYATL2",0
"MIR612",0
"SNRPGP19",0
"MIR4690",0
"MIR4489",0
"RN7SL309P",0
"OR5P2",0
"LINC02753",0
"RNU6-1175P",0
"H2AZP4",0
"MIR548K",0
"VSIG10L2",0
"ANO1",0
"KRTAP5-4",0
"KRTAP5-11",0
"CIMAP1A",0
"WNT11",0
"P2RX3",0
"OR8H1",0
"CNTN5",0
"SPICP1",0
"OR10A6",0
"OR5B12",0
"OR51V1",0
"OR8K3",0
"OR9G4",0
"APLNR",0
"HTR3B",0
"OR5P3",0
"MIR4491",0
"RNU2-60P",0
"MIR34B",0
"MIR34C",0
"RN7SKP273",0
"BTG4",0
"PTPN5",0
"MRGPRX8P",0
"MRGPRX6P",0
"MRGPRX5P",0
"MRGPRX11P",0
"MRGPRX10P",0
"MRGPRX9P",0
"MRGPRX2",0
"MRGPRX1",0
"OR5T3",0
"SHANK2",0
"IZUMO1R",0
"ASCL3",0
"OR51F1",0
"RNA5SP350",0
"RPS17P15",0
"POU2AF2",0
"RPS2P39",0
"C1QTNF5",0
"LINC02956",0
"FGF19",0
"DNAJB6P5",0
"MIR4492",0
"UPK2",0
"SLC22A25",0
"SMIM38",0
"CKS1BP4",0
"RPL32P24",0
"RNU6-311P",0
"INS-IGF2",0
"MIR483",0
"IGF2-AS",0
"INS",0
"TH",0
"MIR4686",0
"RNU6-878P",0
"NXPE2",0
"NXPE1",0
"ARL2-SNX15",0
"MIR6751",0
"HIGD1AP10",0
"RNU2-23P",0
"PDCL2P2",0
"ANKRD33BP8",0
"TRIM64B",0
"TRPM5",0
"MTND1P35",0
"TRIM49D1",0
"TRIM49D2",0
"ANKRD33BP9",0
"TRIM49C",0
"ANKRD33BP10",0
"UBTFL1",0
"TRIM64",0
"FXYD6-FXYD2",0
"AKR1B1P3",0
"RN7SL188P",0
"RN7SKP90",0
"KCNK4",0
"C11orf97",0
"SPDYC",0
"VPS51P5",0
"MTRF1LP1",0
"CLDN25",0
"ISG20L2P2",0
"KRT8P7",0
"RNU6-1123P",0
"NECTIN1-AS1",0
"OR5AK3P",0
"OR5AK2",0
"KRTAP5-5",0
"KDM4E",0
"BUD13P1",0
"BGLT3",0
"SLC22A10",0
"CHST1",0
"RNU7-23P",0
"MIR3163",0
"C11orf86",0
"ANKRD33BP2",0
"TRIM51CP",0
"TRIM49B",0
"ANKRD33BP3",0
"TRIM64C",0
"UBTFL7",0
"RNU6-46P",0
"VPS51P17",0
"OR7E1P",0
"MIR7113",0
"MIR4691",0
"MIR6753",0
"DDX18P5",0
"MIR548L",0
"TRIM51G",0
"ZNF705EP",0
"CYCSP28",0
"OR4B1",0
"OR4B2P",0
"OR4X2",0
"OR4X1",0
"TOMT",0
"OR52E8",0
"OR51C1P",0
"OR10D3",0
"OR4A15",0
"TSGA10IP",0
"OR10S1",0
"MIR6745",0
"MIR129-2",0
"RPL23AP63",0
"PHB1P2",0
"RN7SKP151",0
"PTH",0
"HMGN2P36",0
"FAR1-IT1",0
"RPL39P26",0
"CENPUP1",0
"RNA5SP331",0
"RNU6-216P",0
"OR2AT2P",0
"NPM1P50",0
"HSPD1P13",0
"RNU4-55P",0
"RNU6-277P",0
"RN7SKP287",0
"MIR670",0
"OR52P1",0
"RPL29P23",0
"OR8G2P",0
"RNU6-256P",0
"MIR125B1",0
"BLID",0
"MIRLET7A2",0
"MIR100",0
"RNU4ATAC10P",0
"GRM5P1",0
"NOX4P1",0
"OR4C1P",0
"OR9M1P",0
"TRIM51HP",0
"TRIM64DP",0
"FOLH1B",0
"OR51F5P",0
"OR51A8P",0
"OR51H2P",0
"HBBP1",0
"OR52B5P",0
"OR10N1P",0
"OR8B1P",0
"OR8B9P",0
"DEFB130C",0
"SAA3P",0
"SLC25A51P4",0
"OR5AQ1P",0
"OR5BE1P",0
"OR5G5P",0
"OR2AH1P",0
"OR5M2P",0
"EEF1A1P49",0
"ENPP7P8",0
"OR6M2P",0
"GUCY2EP",0
"OR10AB1P",0
"OR5BA1P",0
"GLYATL1P2",0
"OR7E14P",0
"TSSC2",0
"TRPC2",0
"FAM86C2P",0
"SEPTIN7P11",0
"GVINP1",0
"CASP4LP",0
"FAUP4",0
"FAM86C1P",0
"OR52B1P",0
"OR52B2",0
"OR52W1",0
"C11orf42",0
"CNGA4",0
"CCKBR",0
"RANP3",0
"RN7SKP297",0
"MIR4696",0
"RPL36AP38",0
"CALCP",0
"OR7E41P",0
"OR4C9P",0
"OR4R1P",0
"OR4A47",0
"OR4A46P",0
"OR4A40P",0
"OR4A43P",0
"OR4A45P",0
"OR4A41P",0
"OR4A42P",0
"OR4A44P",0
"MIR6090",0
"LDHC",0
"MS4A15",0
"MS4A10",0
"HEPN1",0
"NTM-IT",0
"OPCML",0
"OPCML-IT2",0
"OPCML-IT1",0
"MIR3160-1",0
"MIR3160-2",0
"F2",0
"MIR5582",0
"SNORD67",0
"RNU6-560P",0
"FNTAP1",0
"OR7E2P",0
"HNRNPCP8",0
"OR4S1",0
"OR4C3",0
"OR4C4P",0
"OR4C5",0
"OR4C2P",0
"OR4C10P",0
"TRIM77BP",0
"UBTFL9",0
"MS4A19P",0
"MS4A18",0
"OR51H1",0
"RPL15P15",0
"OR52K3P",0
"OR52I1",0
"NPAS4",0
"OR56A5",0
"MIR139",0
"RNU7-105P",0
"RPL15P16",0
"OR4C12",0
"OR4C48P",0
"OR4C45",0
"OR4C49P",0
"RNU6-592P",0
"GLULP3",0
"CBLIF",0
"OOSP3",0
"SRD5A3P1",0
"SSU72L5",0
"SSU72L2",0
"SSU72P6",0
"SSU72L4",0
"SSU72L3",0
"SSU72L1",0
"OR52B4",0
"OR52B3P",0
"OR51R1P",0
"OR52P2P",0
"MRGPRF",0
"MIR3164",0
"RNA5SP535",0
"RNU6-952P",0
"RNU7-187P",0
"NCAM1-AS1",0
"TTC12-DT",0
"ANKK1",0
"DRD2",0
"MIR4301",0
"B3GAT1",0
"RNU2-35P",0
"KDM4F",0
"OOSP1",0
"OOSP4A",0
"OOSP4B",0
"MS4A3",0
"WTAPP1",0
"KRT18P59",0
"UNC93B6",0
"MTCH1P2",0
"RPL26P30",0
"PGAM1P8",0
"XNDC1CP",0
"SRSF8BP",0
"RPL31P46",0
"RPLP0P2",0
"THEM7P",0
"OR55B1P",0
"ACTE1P",0
"SLC22A20P",0
"DOC2GP",0
"COX8BP",0
"LINC00301",0
"ME3",0
"OR1S2",0
"OR1S1",0
"OR52I2",0
"OR4P4",0
"OR2AT4",0
"MIR4488",0
"RNU6-376P",0
"TMPRSS4",0
"MIR3920",0
"KIAA1191P2",0
"PLS1P1",0
"C11orf87",0
"TFAMP2",0
"RPSAP50",0
"OR6Q1",0
"ANO1-AS1",0
"ATP5PBP5",0
"SAE1P1",0
"RPL34P23",0
"SNORD14D",0
"SNORD14C",0
"PHB1P17",0
"ZP1",0
"LGR4-AS1",0
"MIR8087",0
"RNA5SP339",0
"CBX3P1",0
"MIR610",0
"ATP5MGP8",0
"FLRT1",0
"RPL12P46",0
"PSMA2P1",0
"RASSF10-DT",0
"RNA5SP336",0
"RNA5SP337",0
"MED28P5",0
"LINC02553",0
"RNA5SP347",0
"MIR6073",0
"LINC01488",0
"RPL7AP79",0
"SCGB1D1",0
"SCGB2A1",0
"SCGB1D2",0
"SCGB2A2",0
"SCGB1D4",0
"RNA5SP344",0
"MTCYBP41",0
"CSRP3",0
"E2F8",0
"PCNAP4",0
"NAV2-IT1",0
"RNA5SP335",0
"BBOX1-AS1",0
"LINC02749",0
"LINC02713",0
"MIR34BHG",0
"LINC02711",0
"LINC02751",0
"LINC02702",0
"LINC02727",0
"LINC01219",0
"LINC02688",0
"LINC02720",0
"LINC02755",0
"LINC02546",0
"LINC03096",0
"ANO3-AS1",0
"RIC3-DT",0
"STIM1-AS1",0
"DISC1FP1",0
"LINC02699",0
"ARHGEF17-AS1",0
"PRPF19-DT",0
"LINC02685",0
"FBXO3-DT",0
"LINC02744",0
"LINC02743",0
"LINC02764",0
"DGAT2-DT",0
"NTM-AS1",0
"B3GAT1-DT",0
"LINC02726",0
"LINC02717",0
"MMP20-AS1",0
"LINC02098",0
"LINC02489",0
"H19",0
"LINC02742",0
"CSRP3-AS1",0
"LINC02719",0
"LINC02760",0
"KRTAP5-AS1",0
"CCDC15-DT",0
"LINC02704",0
"LINC02953",0
"SHANK2-AS1",0
"FZD4-DT",0
"LINC02721",0
"LINC02747",0
"DENND2B-AS1",0
"LINC02714",0
"LINC02730",0
"LINC02731",0
"LINC02718",0
"LINC02716",0
"LINC02710",0
"LINC01495",0
"LINC02151",0
"LINC02741",0
"MIR4300HG",0
"LINC02686",0
"LINC02684",0
"MRGPRG-AS1",0
"LINC01499",0
"FAM99A",0
"JRKL-AS1",0
"LINC02705",0
"NAV2-AS4",0
"LINC00678",0
"LINC02740",0
"MRGPRF-AS1",0
"SLC1A2-AS2",0
"SLC1A2-AS1",0
"OVOL1-AS1",0
"KIRREL3-AS2",0
"LINC02708",0
"LINC02729",0
"NDUFV1-DT",0
"PRDM10-DT",0
"RNU6-44P",0
"WT1",0
"TRIM51FP",0
"TYRL",0
"TRIM51BP",0
"PPIAP43",0
"BAK1P2",0
"OR51A1P",0
"FAM86GP",0
"RPS24P14",0
"WARS1P1",0
"RPL36AP39",0
"OR8Q1P",0
"FOLR1P1",0
"OR7E128P",0
"OR5E1P",0
"ARPC3P4",0
"RPL7AP57",0
"C1DP5",0
"CASP1P2",0
"UNC93B5",0
"CCND2P1",0
"MRGPRX7P",0
"COX7CP3",0
"SETP16",0
"BCAS2P1",0
"COPS8P3",0
"TRIM51EP",0
"TRIM64EP",0
"TRIM53CP",0
"ALG1L8P",0
"ENPP7P7",0
"OR7E13P",0
"PRSS23-AS1",0
"TREHP1",0
"LINC02750",0
"LINC02545",0
"CHCHD3P1",0
"HSP90AB7P",0
"MTND1P37",0
"CCDC3",0
"HMGN1P20",0
"MTND2P16",0
"ZNF33BP1",0
"ACTR3BP5",0
"RPS24P13",0
"ZNF37CP",0
"C10orf67",0
"MALRD1",0
"ODAD2",0
"CHEK2P5",0
"FXYD6P1",0
"CICP9",0
"AMD1P1",0
"FTLP19",0
"ZNF33CP",0
"HIRAP1",0
"CTSLP2",0
"MKX-AS1",0
"ENKUR",0
"MRPL50P4",0
"GPN3P1",0
"MRPS35P3",0
"UBE2V2P1",0
"MYL6P3",0
"RBP3",0
"SNRPEP8",0
"MRLN",0
"NEK4P3",0
"MRPS21P5",0
"RPSAP6",0
"FAM32CP",0
"NDUFA8P1",0
"LINC01520",0
"FARSBP1",0
"GRID1",0
"LINC02671",0
"RSU1P3",0
"WARS2P1",0
"ABCD1P2",0
"CYP2C19",0
"MKNK2P1",0
"EIF4A1P8",0
"CYP26C1",0
"RPA2P2",0
"SMARCE1P7",0
"RPLP1P10",0
"KSR1P1",0
"RPL7P37",0
"LINC01514",0
"MRPL35P2",0
"RPS2P36",0
"RPL17P35",0
"DNTT",0
"MTND5P17",0
"COX7CP4",0
"SNRPGP6",0
"ZNF248-AS1",0
"TOMM22P5",0
"CYP2C61P",0
"RPL21P91",0
"RPS6P15",0
"PHB2P1",0
"IGKV1OR10-1",0
"TIMM9P1",0
"PNLIPRP3",0
"HMGN2P34",0
"LYZL1",0
"PTGES3P5",0
"CYP26A1",0
"FAM13C",0
"RAD1P1",0
"LINC02624",0
"BTF3P15",0
"RPS8P4",0
"HMX3",0
"DUX4L24",0
"PRLHR",0
"FRG2B",0
"SLC25A18P1",0
"DUX4L28",0
"NTAN1P1",0
"TXNP1",0
"LINC02661",0
"HABP2",0
"KCNK18",0
"NKX1-2",0
"DUX4L14",0
"DUX4L20",0
"RARRES2P2",0
"DUX4L25",0
"DUX4L23",0
"SAR1AP2",0
"AGGF1P2",0
"DUX4L15",0
"DUX4L29",0
"DUX4L21",0
"FOXI2",0
"RPS10P18",0
"DUX4L11",0
"YBX2P1",0
"CLUHP5",0
"DUX4L10",0
"TCERG1L",0
"PPIAP38",0
"DUX4L12",0
"NIP7P1",0
"ZNF488",0
"DUX4L22",0
"DUX4L13",0
"RPS26P39",0
"CCDC172",0
"BTBD7P2",0
"VAX1",0
"OPALIN",0
"GAPDHP45",0
"RPL34P19",0
"HMGB1P7",0
"RNU6-576P",0
"MIR6078",0
"RNU6-163P",0
"MIR6072",0
"RNA5SP299",0
"RNA5SP300",0
"RNU6-1212P",0
"RNA5SP303",0
"RNU6-1141P",0
"MIR4480",0
"MIR548Q",0
"RN7SKP219",0
"RNA5SP306",0
"RNU6-413P",0
"MIR938",0
"RNU6-908P",0
"RNU6-632P",0
"RN7SKP220",0
"RNU7-22P",0
"RN7SL398P",0
"RNU6-1118P",0
"RNU6-795P",0
"RNU6-1170P",0
"RNA5SP312",0
"MIR605",0
"RNA5SP318",0
"RN7SKP196",0
"RNU6-543P",0
"MIR3924",0
"MIR1296",0
"RNU6-325P",0
"RNU6-478P",0
"RN7SKP238",0
"RNA5SP322",0
"MIR346",0
"RNU6-129P",0
"MIR4678",0
"RNU2-43P",0
"RN7SKP278",0
"RNA5SP326",0
"RNU5B-6P",0
"RNU6-463P",0
"RNU6-1165P",0
"RNU2-59P",0
"MIR3663",0
"RNU6-839P",0
"MIR3158-1",0
"MIR3158-2",0
"MIR609",0
"RNU6-728P",0
"MIR378C",0
"MIR3941",0
"LINC01165",0
"MIR146B",0
"RNU6-43P",0
"EIF4BP2",0
"LUZP4P1",0
"RNU6-15P",0
"LINC03089",0
"RPL9P21",0
"ANKRD1",0
"RNU6-740P",0
"DDX18P6",0
"RPL35AP24",0
"SNORA74C-2",0
"SLC9A3P3",0
"SLC9A3P1",0
"LINC02621",0
"RN7SL591P",0
"LINC02929",0
"ALDH7A1P4",0
"MIR4297",0
"EBF3-AS1",0
"LINC01561",0
"PLPP4",0
"MIR4675",0
"MTND1P21",0
"MRM3P1",0
"MIR1915",0
"SKIDA1",0
"OLAH",0
"PRKG1",0
"RNU6-490P",0
"RNU2-24P",0
"RNU7-12P",0
"RPAP2P1",0
"RNU6-1274P",0
"MIR607",0
"HMGN2P35",0
"RN7SL445P",0
"NRBF2P5",0
"RPL12P28",0
"RNA5SP323",0
"RAB11AP1",0
"RPSAP7",0
"RPS15AP29",0
"MARCKSL1P1",0
"INA",0
"RNU11-3P",0
"MIR1307",0
"HDAC1P1",0
"RNU6-657P",0
"CTBP2P2",0
"TUBB8",0
"DDX20P1",0
"RNA5SP298",0
"RN7SL754P",0
"ATP5MC1P8",0
"COX6CP15",0
"RNA5SP321",0
"MBL2",0
"RN7SL453P",0
"FAM25C",0
"KRT8P38",0
"RNU6-598P",0
"EEF1A1P39",0
"DNM1P17",0
"GOLGA2P6",0
"RN7SL241P",0
"MIR7162",0
"NIFKP1",0
"CCND3P1",0
"HNRNPA1P32",0
"RN7SL63P",0
"SNRPGP12",0
"HMGB3P5",0
"RNU6-571P",0
"MED28P1",0
"ACTBP14",0
"NEBL",0
"RNU6-883P",0
"RPS26P41",0
"MYOZ1",0
"BMS1P4-AGAP5",0
"RNA5SP320",0
"ZSWIM8-AS1",0
"C10orf71",0
"RPL35AP23",0
"RPL23AP61",0
"LINC00200",0
"RPS15AP28",0
"MTATP6P23",0
"MTCO2P23",0
"MTCO1P23",0
"MTND1P20",0
"RNU6-666P",0
"RNU6-452P",0
"LINC02673",0
"FAM210CP",0
"TRIAP1P1",0
"RPL11P4",0
"RN7SL644P",0
"RPS25P9",0
"RNA5SP309",0
"RPS15AP5",0
"MTND4LP11",0
"RPL7AP53",0
"RNU6-687P",0
"NEFMP1",0
"MIR548F1",0
"RNY3P12",0
"NPAP1P2",0
"PGGT1BP2",0
"BMS1P21",0
"ZNRF2P3",0
"DPY19L2P5",0
"C1DP3",0
"NUTM2D",0
"IFIT1B",0
"RNU6-805P",0
"RNA5SP305",0
"RN7SKP241",0
"PRPF38AP2",0
"RNA5SP310",0
"HNRNPA1P33",0
"NPY4R",0
"RNU6-697P",0
"CDH23-AS1",0
"MIR7152",0
"RNU7-38P",0
"TPRX1P1",0
"RPS12P18",0
"MBL3P",0
"SFTPA3P",0
"LINC02679",0
"RNU6-780P",0
"CYP2C58P",0
"RPL7AP52",0
"CYP2C9",0
"MTND4P20",0
"CYP2C59P",0
"CYP2C60P",0
"CYP2C8",0
"PAWRP1",0
"LOXL4",0
"MIR1287",0
"MIR4685",0
"LINC02620",0
"MIR4682",0
"NACAP2",0
"MAPK6P6",0
"RNU7-107P",0
"SHQ1P1",0
"RN7SL78P",0
"MIR608",0
"MIR8086",0
"ZNF101P1",0
"RPSAP10",0
"RN7SKP39",0
"RNU4ATAC6P",0
"TPRKBP1",0
"RNU6-1067P",0
"RNU6-270P",0
"MIR202",0
"ZNF511-PRAP1",0
"CALY",0
"PRAP1",0
"MIR3944",0
"HMGB1P50",0
"SLC18A3",0
"HMX2",0
"RNU1-19P",0
"BMS1P3",0
"AGAP11",0
"FAM25A",0
"ADGRA1",0
"TECTB",0
"MIR6715B",0
"MIR6715A",0
"ARL6IP1P2",0
"RNU6-811P",0
"RN7SL314P",0
"TMEM161BP1",0
"VN1R53P",0
"CEP57L1P1",0
"YY1P1",0
"EBF3",0
"CTAGE7P",0
"PPIAP32",0
"RNA5SP301",0
"MIR107",0
"MIR5100",0
"RNU6ATAC11P",0
"RNU6-535P",0
"RN7SKP167",0
"MIR5699",0
"RPL7AP51",0
"MIR7151",0
"AKR1B10P1",0
"RPL21P92",0
"DNAJC12",0
"RNU6-1250P",0
"RN7SL394P",0
"DNAJC19P1",0
"RNU6-523P",0
"RPS3AP38",0
"RN7SL220P",0
"POU5F1P5",0
"AGAP5",0
"LBX1",0
"FAM25G",0
"ASAH2",0
"FXYD4",0
"SNORD3J",0
"ZNF239",0
"RPL21P88",0
"MIR3157",0
"RNU6-271P",0
"NPM1P25",0
"RPS26P40",0
"TBATA",0
"TLX1",0
"CALHM1",0
"CALHM3",0
"RN7SL524P",0
"MED6P1",0
"MLDHR",0
"RNA5SP311",0
"PTPN20",0
"OPN4",0
"OR6L2P",0
"OR7M1P",0
"SYCE1",0
"OR6L1P",0
"RN7SKP202",0
"ATOH7",0
"LINC02640",0
"KRT19P4",0
"FXYD6P2",0
"RPL7P35",0
"LDB3",0
"DPYSL4",0
"JAKMIP3",0
"NUTM2E",0
"RN7SKP288",0
"RNA5SP327",0
"MIR4680",0
"ADRA2A",0
"BMS1P7",0
"RPS6P14",0
"RPL13AP19",0
"LINC02635",0
"MIR3611",0
"ATP6V1G1P4",0
"PTCD2P2",0
"MIR4679-2",0
"MIR4679-1",0
"EIF4A2P2",0
"RNU6-833P",0
"CFAP70",0
"RNU1-65P",0
"GPR15LG",0
"LRIT1",0
"RPL12P29",0
"CACYBPP1",0
"ADIPOR1P1",0
"RPL31P45",0
"COMMD3-BMI1",0
"RNU6-709P",0
"UBE2V1P5",0
"MIR2110",0
"RNU6-794P",0
"RN7SL248P",0
"GPRIN2",0
"RNU6-1244P",0
"MIR4483",0
"PLEKHS1",0
"RNU7-165P",0
"NUP35P1",0
"MIR603",0
"RPL23P11",0
"LINC02629",0
"ELOBP4",0
"RPL37P18",0
"SS18L2P1",0
"RNU6-847P",0
"RNU6-193P",0
"PRDX2P2",0
"CNNM1",0
"RN7SL384P",0
"RPL5P25",0
"RPL36AP36",0
"RBISP1",0
"RNA5SP302",0
"OR7E110P",0
"OR7E115P",0
"RPL32P23",0
"CYP17A1",0
"BORCS7-ASMT",0
"AS3MT",0
"RPL22P17",0
"MIR936",0
"ACSM6",0
"MIR4294",0
"FAM170B",0
"CYP2C18",0
"MTND1P18",0
"SPMIP5",0
"RNU6-1266P",0
"IMPDH1P5",0
"RN7SL284P",0
"H2AZP5",0
"GNAI2P2",0
"NUTM2B",0
"RNU6-1090P",0
"PNLIP",0
"PNLIPP1",0
"PNLIPRP2",0
"SCART1",0
"LIPJ",0
"NPY4R2",0
"NKX2-3",0
"EBAG9P1",0
"NANOGP6",0
"ANK3-DT",0
"RNU2-72P",0
"CFAP46",0
"RNA5SP308",0
"NUTF2P5",0
"MIR4293",0
"MIR1265",0
"TPT1P10",0
"PRPF38AP1",0
"MARK2P15",0
"RPS27P1",0
"GAPDHP28",0
"SLC39A12-AS1",0
"HSD17B7P2",0
"CCNYL2",0
"FAM238C",0
"FAM25EP",0
"FAM25BP",0
"CFL1P1",0
"LINC00993",0
"ODAD2P1",0
"CTSLP3",0
"GLUD1P2",0
"PTPN20CP",0
"SHLD2P1",0
"PARGP1",0
"FAM21EP",0
"GLUD1P3",0
"SEPTIN7P9",0
"BMS1P1",0
"SVIL-AS1",0
"MIR4295",0
"MIR4296",0
"MRPS21P6",0
"RN7SL847P",0
"NUDT9P1",0
"C10orf90",0
"OIT3",0
"PLA2G12B",0
"NUTM2HP",0
"PGGT1BP1",0
"ASAH2B",0
"A1CF",0
"MIX23P2",0
"FAM238A",0
"FAM238B",0
"TAF9BP2",0
"RPL15P13",0
"RNU6-1121P",0
"LINC02626",0
"DUSP29",0
"BEND7",0
"BUB1P1",0
"CLRN3",0
"ANKRD2",0
"HOGA1",0
"C10orf62",0
"SFRP5",0
"MIR6507",0
"ARL5AP2",0
"CPN1",0
"CYP2C23P",0
"TPM4P1",0
"SPCS2P2",0
"SNORA12",0
"RPL39P25",0
"HMGA1P5",0
"SPA17P1",0
"MIR606",0
"RN7SL518P",0
"RNU6-673P",0
"SORCS1",0
"RNA5SP325",0
"RNU6-88P",0
"MIR548AK",0
"RN7SL198P",0
"C10orf53",0
"RPL26P29",0
"RNA5SP319",0
"RPS3AP37",0
"SNORD98",0
"PITX3",0
"SNORA19",0
"MIR4681",0
"LRRC37A6P",0
"PIPSL",0
"ZNF37BP",0
"PHACTR2P1",0
"BEND3P1",0
"MBL1P",0
"GUCY2GP",0
"FRMPD2B",0
"DMBT1",0
"DUSP13B",0
"DUSP13A",0
"C10orf120",0
"DMBT1L1",0
"CUZD1",0
"C10orf88B",0
"FAM24A",0
"RNA5SP315",0
"VN1R54P",0
"CUBNP1",0
"RSU1P1",0
"DUXAP3",0
"RNU6-885P",0
"RPS12P2",0
"MAT1A",0
"ZNF519P1",0
"SH2D4B",0
"RPS7P9",0
"RPS27P18",0
"TEX36",0
"RNU2-42P",0
"GNG10P1",0
"FANK1-AS1",0
"RNA5SP328",0
"NPM1P31",0
"RN7SKP143",0
"SPRING1P1",0
"ELOCP30",0
"HNRNPA3P1",0
"GJD4",0
"MIR4683",0
"LINC00842",0
"CUX2P1",0
"EIF2AP4",0
"LINC02622",0
"TMEM72",0
"DUXAP4",0
"CEP164P1",0
"RSU1P2",0
"ANKRD54P1",0
"MIR3156-1",0
"RNU6-1207P",0
"OR6D1P",0
"OR13A1",0
"RNU6-441P",0
"MTND5P42",0
"MARK2P16",0
"ATE1OSP",0
"SELENOOLP",0
"WNT8B",0
"GAD2",0
"RNU6-1075P",0
"RNU2-18P",0
"C1QL3",0
"JMJD1C-AS2",0
"JAKMIP3-AS1",0
"ZNF25-DT",0
"SLIT1-AS1",0
"GOLGA7B-DT",0
"LINC02660",0
"LINC02681",0
"LINC02636",0
"PLCE1-AS2",0
"LINC02654",0
"LINC00709",0
"ZNF503-AS1",0
"LINC02651",0
"LINC02666",0
"LINC01518",0
"LINC02643",0
"LINC00838",0
"NEBL-AS1",0
"MANCR",0
"CELF2-DT",0
"LINC02670",0
"SFTA1P",0
"LINC02881",0
"LINC02623",0
"MIR3663HG",0
"TLX1NB",0
"C10orf71-AS1",0
"LINC01375",0
"LINC01164",0
"LINC01264",0
"LINC00845",0
"SLC18A2-AS1",0
"LINC00710",0
"LINC02655",0
"KCNMA1-AS2",0
"LINC02667",0
"SLC16A12-AS1",0
"LINC00700",0
"LINC02647",0
"LINC00601",0
"CALML3-AS1",0
"LINC02662",0
"LINC02658",0
"PANK1-AS1",0
"NEURL1-AS1",0
"ADARB2-AS1",0
"LINC02650",0
"LINC02675",0
"LINC02646",0
"LINC02674",0
"LINC01475",0
"SORCS3-AS1",0
"SYT15-AS1",0
"TCERG1L-AS1",0
"HSPA12A-AS1",0
"LINC01516",0
"LINC02644",0
"LINC02653",0
"ADGRA1-AS1",0
"LINC01166",0
"LINC01168",0
"TEX36-AS1",0
"LINC00858",0
"ARHGAP22-IT1",0
"IATPR",0
"LBX1-AS1",0
"CERNA2",0
"DIP2C-AS1",0
"LINC00841",0
"LINC00840",0
"LINC02659",0
"BEND7-DT",0
"LINC00706",0
"MIR1915HG",0
"LINC02665",0
"GATA3-AS1",0
"KCNIP2-AS1",0
"PARD3-DT",0
"LINC01163",0
"LINC02663",0
"GRID1-AS1",0
"LINC02630",0
"LINC00708",0
"PCAT5",0
"LINC02632",0
"UNC5B-AS1",0
"LINC02652",0
"MIR202HG",0
"AKR1C8",0
"ARL4AP3",0
"AKR1C7P",0
"UCN3",0
"TUBAL3",0
"ANTXRL",0
"LINC02668",0
"KRT8P37",0
"CTSLP1",0
"FAM245A",0
"DUSP8P1",0
"PPIAP39",0
"RPL23AP60",0
"TRAF6P1",0
"NPM1P30",0
"IL9RP2",0
"SHLD2P3",0
"RHEBP2",0
"AGAP7P",0
"CTSLP6",0
"C1DP2",0
"C1DP4",0
"ANTXRLP1",0
"PLD5P1",0
"ORMDL1P1",0
"AKR1C6P",0
"AGAP13P",0
"OR7E26P",0
"DCLRE1CP1",0
"PFN1P11",0
"FAF2P1",0
"CTSLP4",0
"ANKRD30BP3",0
"RPL12P27",0
"RPL26P28",0
"FAM138D",0
"DDX11L8",0
"KCNA5",0
"OR7E149P",0
"OR7E140P",0
"A2ML1-AS1",0
"GDF3",0
"RPL7P40",0
"OTUD4P1",0
"RPSAP51",0
"PRB2",0
"HIGD1AP8",0
"SLC15A5",0
"GYS2",0
"SUPT4H1P2",0
"RPL23AP66",0
"SYT10",0
"PSMC1P8",0
"RPL7AP74",0
"SPMIP11",0
"AK6P2",0
"CLUHP8",0
"MRPS36P5",0
"DUX4L27",0
"TUBB8P4",0
"KRT126P",0
"MTND2P17",0
"NF1P12",0
"LINC02461",0
"CELA1",0
"KRT125P",0
"KLF17P1",0
"BTBD10P1",0
"KRT127P",0
"MRPL40P1",0
"MTND1P24",0
"HNRNPA1P69",0
"ARL2BPP2",0
"LNCHR1",0
"LRRIQ1",0
"SNRPGP20",0
"DUX4L52",0
"CCER1",0
"NTAN1P3",0
"RPL21P104",0
"LINC02426",0
"AK6P1",0
"KRT8P19",0
"PPFIA2-AS1",0
"RPL23AP68",0
"PCNPP1",0
"GGTA2P",0
"SZRD1P1",0
"PIGAP1",0
"LINC00615",0
"NR1H4",0
"LINC02392",0
"HAUS8P1",0
"C12orf75-AS1",0
"MYF6",0
"DYNLL1P4",0
"RPL7P43",0
"GLULP5",0
"CYCSP30",0
"WSCD2",0
"RPL13AP21",0
"SLC5A8",0
"NTN4",0
"ADGRD1-AS1",0
"LRRC10",0
"PAH",0
"MYF5",0
"RPL23AP67",0
"CCDC60",0
"SETP7",0
"NENFP2",0
"GALNT9",0
"LGR5",0
"PRXL2AP1",0
"UBA52P7",0
"KRT18P60",0
"PRELID2P1",0
"YPEL5P3",0
"ASCL1",0
"VPS51P3",0
"LINC02463",0
"KRT18P20",0
"TMEM132D",0
"SLC17A8",0
"LINC02460",0
"RPL17P37",0
"TBX3",0
"ANHX",0
"CASC18",0
"RN7SKP161",0
"RNU7-60P",0
"RNU6-837P",0
"RNU6-545P",0
"MIR3974",0
"RNU6-251P",0
"RN7SL38P",0
"RNU6-318P",0
"RNA5SP357",0
"RNA5SP360",0
"RNA5SP356",0
"RNA5SP358",0
"RNA5SP359",0
"RNU6-472P",0
"MIR1293",0
"RNU6-1093P",0
"RNU6-333P",0
"RNU6-400P",0
"RNU6-871P",0
"RNU6-279P",0
"RNU4-20P",0
"MIR1228",0
"RNU1-83P",0
"MIR6125",0
"RN7SL804P",0
"RNU6-769P",0
"MIR6757",0
"RNU6-238P",0
"RN7SKP172",0
"MIR3913-1",0
"RN7SL737P",0
"MIR3913-2",0
"RNU7-4P",0
"MIR617",0
"MIR618",0
"MIR4699",0
"MIR331",0
"RNU6-808P",0
"MIR5700",0
"MIR4495",0
"RNU6-768P",0
"RN7SL88P",0
"RN7SL483P",0
"RNA5SP367",0
"RNU4-24P",0
"RNU6-1183P",0
"RNU5E-5P",0
"RNA5SP369",0
"MIR7844",0
"RN7SL330P",0
"RNU6-735P",0
"MIR4303",0
"RNA5SP368",0
"RNU6-172P",0
"RN7SL630P",0
"RNU6-1068P",0
"RNU6-247P",0
"MIR4472-2",0
"MIR1302-1",0
"MIR620",0
"RN7SKP263",0
"RN7SKP11",0
"RN7SL865P",0
"RNA5SP372",0
"RNA5SP376",0
"MIR3612",0
"MIR3922",0
"MIR135A2",0
"LRTM2",0
"LINC00940",0
"CACNA1C-IT1",0
"HNRNPA1P34",0
"VDAC2P2",0
"TPT1P12",0
"RN7SKP216",0
"OSTF1P1",0
"RNU6-879P",0
"INHBC",0
"MIR6758",0
"ARHGEF25",0
"MIR6759",0
"RNU6-1083P",0
"RNU6-713P",0
"MTCH2P2",0
"RPS4XP15",0
"C12orf50",0
"IL31",0
"RNU6-485P",0
"MYRFL",0
"RNU4-65P",0
"AVPR1A",0
"RNU6-399P",0
"MIRLET7I",0
"NDFIP1P1",0
"ZKSCAN7P1",0
"PLCZ1",0
"CAPZA3",0
"EPYC",0
"IMMP1LP2",0
"RPL29P24",0
"RPL11P5",0
"RNU6-600P",0
"RNU6-940P",0
"DHH",0
"RNU6-781P",0
"RN7SL380P",0
"P3H3",0
"GNB3",0
"RNU7-1",0
"MIR200C",0
"MIR141",0
"SCARNA12",0
"RN7SL734P",0
"RNU6-1271P",0
"GSTP1P1",0
"TAC3",0
"COL2A1",0
"RNU6-1203P",0
"MIR6505",0
"MIR3908",0
"SNORA9B",0
"RPL27P12",0
"RARS1P1",0
"REP15",0
"HMGB1P49",0
"RN7SKP15",0
"HMGA2-AS1",0
"MIR6074",0
"RNA5SP362",0
"RN7SL69P",0
"RNA5SP353",0
"RNU6-590P",0
"RN7SKP162",0
"LINC02909",0
"CENPUP2",0
"RNU4-67P",0
"FAM133GP",0
"TUBB4BP1",0
"FAHD2P1",0
"FOXN4",0
"RNU4-32P",0
"RN7SKP250",0
"MIR4304",0
"ANKRD33",0
"RNU6-574P",0
"PSMB3P1",0
"RNU6-558P",0
"OR6C70",0
"OR6C68",0
"OR6C64P",0
"RNU6-343P",0
"AMHR2",0
"MIR3198-2",0
"RNU6-950P",0
"SCARNA10",0
"SCARNA11",0
"MIR7851",0
"RN7SKP197",0
"MIR1178",0
"RPL35AP30",0
"RNA5SP370",0
"RNU6-1009P",0
"RNU5A-7P",0
"C12orf56",0
"ATP6V1E1P3",0
"RASSF3-DT",0
"RPL7P39",0
"WIF1",0
"RNU6-166P",0
"APOOP3",0
"RPL35AP29",0
"RNA5SP377",0
"RPS6P21",0
"RNA5SP378",0
"MIR6763",0
"LRCOL1",0
"P2RX2",0
"RPL30P13",0
"TSPAN19",0
"MIR3652",0
"RN7SKP261",0
"AKIRIN1P1",0
"OTOGL",0
"OASL2P",0
"PPDPFP2",0
"MESDP1",0
"RNU6-494P",0
"C1QL4",0
"DNAJC22",0
"MIR6762",0
"IAPP",0
"RPL35AP27",0
"CACNB3",0
"ADCY6",0
"RNA5SP375",0
"MIR8072",0
"MIR6502",0
"PDCL3P7",0
"RN7SKP166",0
"OSBPL9P5",0
"OSBPL9P4",0
"RAB11AP2",0
"RDH16",0
"OR2AP1",0
"OR6C2",0
"C12orf71",0
"FIGNL2",0
"CLLU1",0
"MIR492",0
"RPL21P136",0
"MIR613",0
"STX8P1",0
"H3P35",0
"CHCHD3P2",0
"OR6C7P",0
"OR6C75",0
"OR6C73P",0
"OR6C76",0
"ASS1P14",0
"OR6C72P",0
"OR6C6",0
"OR6C5P",0
"C12orf54",0
"RPS10P20",0
"NEUROD4",0
"OR9K2",0
"OR9R1P",0
"MIR614",0
"RNA5SP366",0
"GARIN6",0
"MIR3657",0
"MIR6861",0
"IQSEC3P1",0
"TMEM132C",0
"RPL17P38",0
"TMEM132B",0
"ATF7-NPFF",0
"RPL31P51",0
"BRI3P2",0
"RPS15AP32",0
"IFT57P1",0
"RNU4-54P",0
"RNA5SP355",0
"OR6C3",0
"KRT3",0
"KRT4",0
"KRT79",0
"KRT78",0
"RPL7P41",0
"OR6C74",0
"SMCO3",0
"PDE6H",0
"OR10P1",0
"RN7SKP134",0
"MIR4700",0
"ARF1P2",0
"CCNG2P1",0
"LMO3",0
"OR6C1",0
"ACSM4",0
"PIWIL1",0
"RNU6-1077P",0
"RPS27P24",0
"RNU6-1004P",0
"MIR26A2",0
"MIR4498",0
"RPS20P31",0
"RNU4-1",0
"RNU6-700P",0
"GOT2P3",0
"NPM1P7",0
"LINC02390",0
"GCNAP1",0
"KLRF1",0
"RNU6-327P",0
"NANOGNBP2",0
"RNU4ATAC12P",0
"PTP4A1P2",0
"PPIAP44",0
"RNU6-618P",0
"RNU5F-4P",0
"RPL31P50",0
"GPRC5D",0
"INHBE",0
"AKAP3",0
"GAU1",0
"GALNT8",0
"KCNA6",0
"DPY19L2",0
"RNU6-87P",0
"RNU6-1273P",0
"RN7SL519P",0
"HIGD1C",0
"POU5F1P3",0
"GCSHP4",0
"FAM90A1",0
"ZNF705A",0
"ZNF75BP",0
"KRT80",0
"TMT1AP1",0
"KRT88P",0
"KRT81",0
"KRT83",0
"KRT85",0
"KRT84",0
"KRT90P",0
"KRT71",0
"KRT73",0
"TAS2R7",0
"TAS2R8",0
"TAS2R9",0
"TAS2R13",0
"PRH2",0
"MIR4698",0
"MIR4494",0
"RNU6-834P",0
"PARK7P1",0
"HIGD1AP9",0
"HOXC13",0
"HOXC11",0
"HOXC10",0
"HOXC6",0
"MIR196A2",0
"MIR615",0
"RNU7-103P",0
"RPL23AP14",0
"TEX52",0
"RNU6-1315P",0
"TSPAN9-IT1",0
"RNU6-174P",0
"SMCO2",0
"OR8S1",0
"OR5BS1P",0
"BORCS8P1",0
"RN7SL459P",0
"RN7SL67P",0
"SNORA49",0
"RPL39P28",0
"HNRNPA1P70",0
"IL22",0
"TAS2R50",0
"TAS2R63P",0
"TAS2R46",0
"HNRNPA3P10",0
"TMDD1",0
"MIR920",0
"KNOP1P1",0
"RN7SL793P",0
"MIR1252",0
"NOP56P3",0
"DSTNP2",0
"OR6U2P",0
"OR6C71P",0
"OR6C66P",0
"DEFB109F",0
"FAM86FP",0
"OR7E47P",0
"KRT87P",0
"KRT89P",0
"EP400P1",0
"TAS2R64P",0
"RERG-IT1",0
"METTL8P1",0
"CENPCP1",0
"POC1B-GALNT4",0
"RNA5SP365",0
"MRPL2P1",0
"RNU6-148P",0
"KCNJ8",0
"CNTN1",0
"TSPAN11",0
"MREGP1",0
"PRPH",0
"PLA2G1B",0
"FZD10",0
"RNU1-146P",0
"OR5BK1P",0
"OR5BT1P",0
"OR5BJ1P",0
"OR8S21P",0
"OR8T1P",0
"OR10AD1",0
"H1-7",0
"RPL21P99",0
"NANOGP1",0
"LMNTD1",0
"AK3P6",0
"NLRP9P1",0
"TMEM132D-AS2",0
"TAS2R42",0
"PRB3",0
"PRB1",0
"RPL35AP28",0
"AQP2",0
"ASIC1",0
"ELOCP32",0
"KSR2",0
"RNU7-170P",0
"LDHAL6CP",0
"MKRN9P",0
"SLC9A7P1",0
"RPL13P5",0
"RPSAP52",0
"RPL22P19",0
"KRT19P2",0
"HTR7P1",0
"PHB1P19",0
"RPL30P11",0
"PGAM1P5",0
"CBX3P4",0
"PAFAH1B2P2",0
"PLEKHA8P1",0
"RPS27P25",0
"SLC26A10P",0
"OR9K1P",0
"CLECL1P",0
"MRPS18CP4",0
"RNU6-491P",0
"AK4P3",0
"RPL30P12",0
"ANO2",0
"SMIM41",0
"MIR6760",0
"RNA5SP373",0
"MYL2",0
"RNU6-1329P",0
"DPPA3P5",0
"TTC41P",0
"HOXC-AS2",0
"GLYCAM1",0
"CACNA1C-AS4",0
"CACNA1C-AS3",0
"ST8SIA1",0
"SULT6B2P",0
"RNU1-149P",0
"LRRC34P1",0
"RPS27P22",0
"LINC02566",0
"LACRT",0
"DCD",0
"MUCL1",0
"OR10A7",0
"RN7SKP65",0
"RPS6P22",0
"RNU7-120P",0
"MRPS6P4",0
"LINC02444",0
"RNU6-977P",0
"RPL6P25",0
"KITLG",0
"RNU1-117P",0
"PDE3A",0
"UBE2L2",0
"SLCO1C1",0
"SLCO1B3",0
"SLCO1B3-SLCO1B7",0
"SLCO1B7",0
"MIR1251",0
"ART4",0
"RPL21P103",0
"RN7SKP262",0
"MIR4302",0
"ITPR2-AS1",0
"RNA5SP354",0
"RACGAP1P1",0
"SSBL3P",0
"RNA5SP361",0
"OR7A19P",0
"MARK3P1",0
"ENDOU",0
"OR11M1P",0
"SNORA2C",0
"SNORA2A",0
"RN7SKP289",0
"LINC02598",0
"KLRC4-KLRK1",0
"KLRC4",0
"KLRC3",0
"DDX11-AS1",0
"IFITM3P6",0
"LINC02416",0
"ADI1P3",0
"STBD1P1",0
"LINC01479",0
"SLC25A39P2",0
"KLRA1P",0
"HSPE1P12",0
"ADAM1A",0
"SLC25A3P2",0
"RNU6-361P",0
"RNU7-94P",0
"RPL31P48",0
"RNU6-1012P",0
"LINC02394",0
"VENTXP3",0
"GOLGA2P5",0
"RN7SL176P",0
"MIR1827",0
"LINC02452",0
"LINC02423",0
"LINC02361",0
"LINC02822",0
"LINC01486",0
"LINC02617",0
"LINC03056",0
"HOXC-AS3",0
"LINC02389",0
"LINC02400",0
"LINC02231",0
"LINC00485",0
"LINC02439",0
"LINC02441",0
"LINC02388",0
"BICD1-AS1",0
"LINC00508",0
"LINC00507",0
"LINC02370",0
"PDE3A-AS1",0
"LINC02411",0
"TMEM132D-AS1",0
"LINC02417",0
"LINC02823",0
"LINC02406",0
"CAPS2-AS1",0
"LINC02412",0
"LINC02378",0
"LINC02425",0
"LINC00477",0
"HOTAIR",0
"ETNK1-DT",0
"LINC01489",0
"LINC02455",0
"LINC01405",0
"LINC01404",0
"FIGNL2-DT",0
"CACNA1C-IT3",0
"LINC02414",0
"GPRC5D-AS1",0
"LINC02410",0
"SNRPF-DT",0
"LINC02468",0
"LINC00934",0
"LINC02443",0
"TRHDE-AS1",0
"LINC02440",0
"LINC02366",0
"ADCY6-DT",0
"LINC00592",0
"LINC02874",0
"LINC02821",0
"LINC02445",0
"HOXC-AS1",0
"HOXC13-AS",0
"LINC02459",0
"LINC02963",0
"LINC02424",0
"KRT73-AS1",0
"CISTR",0
"LINC02403",0
"C12orf42-AS1",0
"SLC4A8-AS1",0
"LINC02386",0
"PITPNM2-AS1",0
"LINC02369",0
"LINC02368",0
"DBX2-AS1",0
"LINC02409",0
"GALNT9-AS1",0
"LINC02420",0
"FAM242C",0
"LINC02456",0
"TBX5-AS1",0
"LINC02464",0
"LNCOG",0
"LINC02258",0
"LINC02458",0
"LINC02419",0
"LINC02401",0
"LINC00939",0
"LINC02826",0
"LINC02350",0
"LINC02825",0
"LINC02347",0
"FAM32EP",0
"NDUFA5P6",0
"LINC02824",0
"LINC02372",0
"HSPE1P20",0
"RNU1-104P",0
"COPS5P2",0
"CLLU1-AS1",0
"DDX12P",0
"NIFKP3",0
"RPS3AP43",0
"WASH8P",0
"TUBB8P5",0
"ZNF970P",0
"VTI1BP3",0
"RPL7AP9",0
"RPL10P13",0
"YWHAQP7",0
"KRT17P8",0
"BTG1P1",0
"PTMAP4",0
"RPL36P15",0
"OOEPP2",0
"RPL7P38",0
"RPL13AP20",0
"PPIAP45",0
"DDX12B",0
"BRWD1P2",0
"GNAI2P1",0
"EEF1B2P4",0
"NACAP8",0
"PCNPP3",0
"LINC02375",0
"MIR7107",0
"RNU6-1069P",0
"RPL12P32",0
"TIALD",0
"IQSEC3-AS1",0
"LINC02415",0
"LSP1P1",0
"HSPD1P9",0
"C1QTNF9-AS1",0
"MTCO3P2",0
"RPS20P32",0
"FABP3P2",0
"MTUS2-AS1",0
"RPS21P8",0
"TIMM9P3",0
"GPR12",0
"MTUS2-AS2",0
"ZNF646P1",0
"RPP40P2",0
"GAMTP2",0
"WASF3",0
"GNG5P5",0
"FHP1",0
"FREM2-AS1",0
"POLR3KP1",0
"SLC25A5P4",0
"PRR20FP",0
"DNAJA1P1",0
"ELL2P3",0
"LINC00374",0
"RPL37P21",0
"MARK2P12",0
"LINC01442",0
"HNF4GP1",0
"RPL12P34",0
"HMGN2P39",0
"PLA2G12AP2",0
"ZDHHC20P4",0
"COX4I1P2",0
"FGFR1OP2P1",0
"NIPA2P5",0
"RPL31P53",0
"RPL18AP17",0
"SPATA2P1",0
"HSPD1P8",0
"RPL21P111",0
"MTCL1P1",0
"CTAGE11P",0
"PRR20B",0
"HNRNPA1P18",0
"RPS3AP52",0
"CTAGE16P",0
"LINC00333",0
"PRR20D",0
"PRR20E",0
"MTND4P1",0
"MTCO2P3",0
"OR7E111P",0
"RPL31P54",0
"CBY2",0
"UBE2D3P4",0
"WASF3-AS1",0
"LINC00377",0
"RABEPKP1",0
"ANKRD26P2",0
"POU4F1",0
"OLFM4",0
"ARF4P3",0
"PRR20A",0
"LINC01078",0
"SNRPFP3",0
"SRSF1P1",0
"PCDH17",0
"SP3P",0
"RPL21P110",0
"LINC00440",0
"RPS12P24",0
"HIGD1AP2",0
"HNRNPA1P31",0
"ELOCP23",0
"MTND5P3",0
"VENTXP2",0
"ATP6V1G1P7",0
"ARF4P4",0
"SRGNP1",0
"GAPDHP34",0
"SCEL-AS1",0
"COX5BP6",0
"FTLP8",0
"DDX6P2",0
"LINC00351",0
"LINC00353",0
"PEX12P1",0
"PRR20C",0
"TCEAL4P1",0
"NUS1P4",0
"SLITRK6",0
"CYCSP35",0
"NUS1P3",0
"NALF1-IT1",0
"SOX1",0
"CALM2P4",0
"RPL7AP61",0
"DPPA3P3",0
"AKR1B1P4",0
"SPACA7",0
"GYG1P2",0
"RIOK3P1",0
"STOML3",0
"LINC01044",0
"SSR1P2",0
"RPL7L1P1",0
"NALF1",0
"RPL7P45",0
"GRK1",0
"TRIM60P13",0
"AZU1P1",0
"BNIP3P7",0
"MOB1AP1",0
"LINC01040",0
"TIMM8BP1",0
"GRPEL2P1",0
"MIR4499",0
"MIR2276",0
"RNU5A-4P",0
"RNA5SP26",0
"RNU6-56P",0
"RN7SKP1",0
"RN7SKP2",0
"RNA5SP27",0
"RN7SL700P",0
"RNY3P2",0
"RN7SL618P",0
"MIR5007",0
"RN7SKP6",0
"RNA5SP30",0
"RNY4P29",0
"MIR3169",0
"RNU7-88P",0
"RNY3P5",0
"RN7SL375P",0
"RN7SL761P",0
"RNU6-80P",0
"RNY1P8",0
"RNU4-10P",0
"RNU6-66P",0
"RNU6-79P",0
"RNY3P10",0
"RN7SL571P",0
"RNA5SP33",0
"RNU6-61P",0
"RNU6-54P",0
"RNY3P7",0
"RNU6-77P",0
"RNY3P3",0
"RNU6-38P",0
"RNU6-67P",0
"RN7SL60P",0
"SNORD31B",0
"MIR1267",0
"RNA5SP38",0
"NME1P1",0
"DDX39AP1",0
"IPMKP1",0
"RFESDP1",0
"BASP1P1",0
"HMGA1P6",0
"RNY3P4",0
"RNU6-58P",0
"SDAD1P4",0
"RPLP1P13",0
"LINC00352",0
"MIR15A",0
"RPL34P26",0
"RNA5SP28",0
"RNA5SP29",0
"RPL5P31",0
"PRELID3BP2",0
"MIR5693",0
"ZAR1L",0
"IFIT1P1",0
"ATP8A2P2",0
"NDE1P2",0
"SMAD9-IT1",0
"LAMTOR3P1",0
"RPL29P28",0
"EIF4A1P5",0
"CSNK1A1L",0
"CTAGE3P",0
"TRPC4",0
"RN7SKP5",0
"ABITRAMP1",0
"RNU6-68P",0
"PPP1R2P4",0
"OR7E101P",0
"FKBP1AP3",0
"CPB2",0
"SIAH3",0
"LINC00555",0
"BIVM-ERCC5",0
"POLR2KP2",0
"FAM204CP",0
"RN7SKP9",0
"SNORA31B",0
"HCFC2P1",0
"RNY4P28",0
"TARDBPP2",0
"RNA5SP31",0
"EIF4A1P6",0
"RNU6-71P",0
"PSMC1P13",0
"SLITRK1",0
"MIR3168",0
"RN7SL597P",0
"MORF4L1P4",0
"RAC1P3",0
"MIR5006",0
"RN7SL515P",0
"RNU6-74P",0
"KARS1P1",0
"RPS28P8",0
"MAPK6P3",0
"PSMA6P4",0
"KRR1P1",0
"LINC00556",0
"GJB6",0
"SLC35E1P1",0
"RNU2-7P",0
"RANP8",0
"CNOT4P1",0
"PPIAP27",0
"RNU4-9P",0
"IPPKP1",0
"ELOBP1",0
"RNU6-78P",0
"RN7SL741P",0
"RNY1P3",0
"RXFP2",0
"EEF1DP3",0
"RNY1P4",0
"SCAND3P1",0
"PHB1P13",0
"RNY4P30",0
"RNY4P9",0
"UTP14C",0
"THSD1P1",0
"RN7SL320P",0
"SNRPGP11",0
"MIR4703",0
"RNU6-65P",0
"RN7SL413P",0
"CCDC70",0
"ATP8A2P3",0
"PRUNE1P1",0
"THAP12P6",0
"ATP8A2",0
"ARHGEF7-IT1",0
"BTF3P11",0
"DHX9P1",0
"MCF2L-AS1",0
"SLC10A2",0
"OXGR1",0
"THSD1",0
"RNY4P24",0
"HNRNPA1L2",0
"DAOA",0
"ZIC2",0
"LINC00554",0
"NDUFA12P1",0
"ASNSP3",0
"GSX1",0
"PLUT",0
"LINC01039",0
"CFL1P8",0
"MIR4306",0
"RNA5SP25",0
"ZDHHC20-IT1",0
"H2BP6",0
"RNU6-59P",0
"RN7SL766P",0
"LINC00400",0
"ENOX1",0
"RPL36P19",0
"MIR8075",0
"PARP4P2",0
"CCNQP3",0
"SLC25A15P2",0
"CYCSP32",0
"MRPS31P2",0
"GOLM2P1",0
"RN7SL166P",0
"LINC02339",0
"RAC1P8",0
"LINC01074",0
"LINC00459",0
"RPL32P28",0
"SQSTM1P1",0
"RNU6-81P",0
"MIR548X2",0
"MIR4704",0
"TRIM60P19",0
"TPTE2",0
"RNU6-53P",0
"CYP51A1P2",0
"POM121L13P",0
"TNFSF11",0
"C1QTNF9",0
"PCDH20",0
"IRX1P1",0
"ATP12A",0
"RNY1P7",0
"RPL26P34",0
"RNF17",0
"RASA3-IT1",0
"MIR548AR",0
"MIR4502",0
"CLCP2",0
"RPL23AP97",0
"LINC01055",0
"RNU6-83P",0
"DOCK9-DT",0
"HSP90AB6P",0
"KARS1P2",0
"ANKRD20A19P",0
"SPACA7BP",0
"LINC00431",0
"TPTE2P3",0
"MRPS31P4",0
"OR7E156P",0
"OR7E104P",0
"MRPS31P5",0
"TPTE2P1",0
"MIPEPP3",0
"SPTLC1P5",0
"MIR3665",0
"RN7SL810P",0
"SLAIN1",0
"TOMM22P3",0
"KL",0
"STARD13-IT1",0
"MIR759",0
"PCDH8",0
"LONRF2P2",0
"LINC00388",0
"FEM1AP4",0
"LINC00387",0
"GXYLT1P1",0
"CNN2P12",0
"ZNF965P",0
"SNX18P26",0
"LINC00328-2P",0
"RHOT1P3",0
"RNU6-55P",0
"RNU6-76P",0
"SNX19P2",0
"USP24P1",0
"GTF2IP3",0
"RNA5SP24",0
"CENPIP1",0
"RPL21P109",0
"RPL35AP31",0
"RPS10P21",0
"FGF14",0
"RNU1-24P",0
"HMGB3P7",0
"MIR2681",0
"LIPT1P1",0
"RNY1P2",0
"MIR4705",0
"RPL39P29",0
"FGF14-IT1",0
"KATNBL1P1",0
"CHCHD2P8",0
"RNU6-82P",0
"RN7SKP3",0
"RN7SKP4",0
"KCTD4",0
"RPL23AP69",0
"CCR12P",0
"SOHLH2",0
"CCDC169-SOHLH2",0
"MIR1297",0
"MIR320D1",0
"MIR621",0
"TPTE2P5",0
"MAB21L1",0
"RNA5SP34",0
"FAR1P1",0
"KRT18P27",0
"MIR622",0
"RNU6-75P",0
"LINC00410",0
"BRK1P2",0
"HNRNPA1P29",0
"GPC6-AS2",0
"RNA5SP35",0
"GPC6-AS1",0
"RNA5SP36",0
"RN7SL585P",0
"SOX21-AS1",0
"RNU6-62P",0
"RNY3P8",0
"RNY4P27",0
"CLDN10-AS1",0
"HMGN1P24",0
"RN7SL164P",0
"MIR4501",0
"AMMECR1LP1",0
"TPTE2P2",0
"RPL21P107",0
"LINC00567",0
"CCNA1",0
"H2ACP1",0
"TUBA3C",0
"RNU4ATAC3P",0
"FABP5P4",0
"GPC5-IT1",0
"MIR548AS",0
"GPC5-AS1",0
"PTMAP5",0
"PCDH8P1",0
"ARL2BPP3",0
"LINC00367",0
"RPS4XP16",0
"ESRRAP2",0
"TULP3P1",0
"GUCY1B2",0
"URAD",0
"RN7SL272P",0
"C1QTNF9B",0
"CYCSP33",0
"TPTE2P6",0
"PSPC1P2",0
"PHF2P2",0
"MYO16-AS1",0
"LINC01067",0
"RPL35P9",0
"PPIAP24",0
"LINC00373",0
"RPL29P29",0
"RBM22P2",0
"MFAP1P1",0
"MEDAG",0
"TEX26",0
"RNY1P1",0
"RNU6-63P",0
"RPL21P108",0
"RNF113B",0
"RN7SKP8",0
"MIR3170",0
"LINC00552",0
"LINC00452",0
"ARHGEF7-AS1",0
"RN7SKP10",0
"LINC00396",0
"RN7SL783P",0
"COL4A1",0
"MIR8073",0
"TXNL1P1",0
"LIN28AP2",0
"MIR4500",0
"SLITRK5",0
"TET1P1",0
"MIR17",0
"MIR18A",0
"MIR19A",0
"MIR20A",0
"MIR19B1",0
"MIR92A1",0
"MIR4305",0
"RNY4P14",0
"CDKN2AIPNLP3",0
"RNU6-64P",0
"PRDX2P1",0
"LINC00427",0
"SNORD102",0
"SNORA27",0
"RNU6-70P",0
"LINC00442",0
"VWA8-AS1",0
"LINC00375",0
"LINC01069",0
"LINC01075",0
"SOX1-OT",0
"LINC00404",0
"LINC00446",0
"LINC01046",0
"LINC00362",0
"F10-AS1",0
"GRTP1-AS1",0
"LINC01054",0
"LINC00399",0
"LINC02338",0
"DCUN1D2-AS",0
"LINC00564",0
"LINC00424",0
"LINC00434",0
"LINC00366",0
"ATXN8OS",0
"LINC00448",0
"LINC00572",0
"LINC00454",0
"ARHGEF7-AS2",0
"LINC00368",0
"LINC01049",0
"LINC00408",0
"LINC02341",0
"LINC00297",0
"LINC00430",0
"LINC00411",0
"LINC01072",0
"LINC00395",0
"LINC00349",0
"LINC00359",0
"LINC00363",0
"LINC01080",0
"LINC00382",0
"HTR2A-AS1",0
"DIAPH3-AS2",0
"LINC01198",0
"LINC00380",0
"NALCN-AS1",0
"DOCK9-AS1",0
"LINC02343",0
"LINC00392",0
"LINC01077",0
"LMO7DN",0
"LINC01066",0
"LINC01076",0
"LINC01053",0
"LINC00463",0
"LINC00384",0
"LINC00385",0
"LINC00423",0
"LINC01034",0
"LINC01065",0
"LINC03082",0
"LINC00462",0
"GPC5-AS2",0
"FGF14-AS1",0
"LINC00354",0
"LINC00332",0
"CLYBL-AS1",0
"LINC01070",0
"LINC01058",0
"LINC02336",0
"LINC01038",0
"LINC00364",0
"DIAPH3-AS1",0
"LINC00421",0
"LINC01048",0
"LINC00428",0
"LINC00331",0
"LINC00391",0
"LINC00543",0
"LINC00358",0
"LINC00458",0
"LINC00445",0
"LINC00376",0
"LINC02334",0
"LINC00566",0
"LINC01068",0
"LINC00550",0
"LINC02342",0
"LINC00433",0
"SACS-AS1",0
"TUSC8",0
"NRAD1",0
"MIR8079",0
"SUGT1P3",0
"RNU7-87P",0
"PCDH9-AS2",0
"PCDH9-AS3",0
"LINC03032",0
"GGT4P",0
"IGSF3P1",0
"PRDX3P3",0
"LINC00437",0
"BCRP9",0
"COX7CP1",0
"PWWP2AP1",0
"OR7E33P",0
"OGFOD1P1",0
"RPL7AP73",0
"NUS1P2",0
"OR7E36P",0
"OR7E155P",0
"PPIAP28",0
"SLC25A15P3",0
"GAPDHP52",0
"PPP1R2P10",0
"GAPDHP22",0
"PPIAP26",0
"CYP4F34P",0
"ANKRD20A9P",0
"PPIAP25",0
"ATP5MC1P5",0
"BNIP3P6",0
"TRDJ1",0
"TRDV2",0
"TRAJ60",0
"TRDD1",0
"TRAJ54",0
"TRAJ49",0
"TRDJ3",0
"TRDD3",0
"TRAJ59",0
"TRAJ61",0
"TRAJ58",0
"TRDJ4",0
"TRAJ47",0
"TRAJ56",0
"ARHGAP16P",0
"TRDD2",0
"TRAJ53",0
"KRT8P2",0
"TRAJ52",0
"TRAJ55",0
"TRDV3",0
"LINC02307",0
"TRAJ51",0
"RPS3AP46",0
"PSMA3P1",0
"PPIAP5",0
"TRAJ57",0
"MAD2L1P1",0
"GNRHR2P1",0
"SIX1",0
"EIF1AXP2",0
"RPL17P2",0
"SIX6",0
"SIX4",0
"SALL4P7",0
"SCOCP1",0
"GPHB5",0
"ATP5F1AP4",0
"SALRNA1",0
"CCDC177",0
"RHOJ",0
"KCNH5",0
"PARP1P2",0
"AKR1B1P5",0
"RAP1AP",0
"TUBBP3",0
"NCOA4P1",0
"GTF3AP2",0
"RPL9P6",0
"SLC35F4",0
"OR7E159P",0
"EIF3LP1",0
"TRAJ50",0
"FKBP1BP1",0
"RAB42P1",0
"CYB5AP5",0
"RGS6",0
"SYNDIG1L",0
"LINC00520",0
"MTCYBP27",0
"EEF1A1P2",0
"YWHAQP1",0
"CKS1BP1",0
"MTND4P33",0
"OR7K1P",0
"CHORDC2P",0
"RPL23AP10",0
"IGHVIII-16-1",0
"IGHVIII-22-2",0
"AK7",0
"IGHV1-12",0
"IGHVII-30-1",0
"IGHVII-15-1",0
"BDKRB1",0
"IGHV3-38",0
"IGHV3-22",0
"IGHV3-37",0
"IGHV4-28",0
"IGHV7-34-1",0
"IGHVIII-11-1",0
"IGHV3-21",0
"IGHVII-26-2",0
"IGHVII-30-21",0
"IGHV1-17",0
"PEBP1P1",0
"ELK2AP",0
"IGHV7-27",0
"IGHV3-36",0
"IGHV3-25",0
"GLRXP2",0
"IGHVIII-25-1",0
"IGHVIII-38-1",0
"OR7E105P",0
"SLC20A1P2",0
"IGHV5-10-1",0
"LINC02312",0
"IGHV3-32",0
"IGHVII-33-1",0
"IGHV2-26",0
"IGHVIII-13-1",0
"IGHV1-18",0
"IGHV3-19",0
"LINC00226",0
"IGHV3-29",0
"IGHV3-13",0
"IGHV3-30-2",0
"IGHVII-22-1",0
"IGHVIII-26-1",0
"IGHVII-28-1",0
"TRAJ46",0
"RNU6-458P",0
"RNU1-27P",0
"RN7SL660P",0
"RNU6-8",0
"MIR3171",0
"RNU6-1261P",0
"RNA5SP385",0
"RNU6-7",0
"RNU6-301P",0
"MIR5580",0
"MIR4708",0
"RN7SL598P",0
"RN7SKP99",0
"MIR5586",0
"RNU1-28P",0
"RNU6-552P",0
"MIR625",0
"RNU6-976P",0
"RNU6ATAC28P",0
"MIR4709",0
"RNU7-30P",0
"RN7SKP107",0
"RN7SKP255",0
"RN7SL714P",0
"RNU2-33P",0
"TRAJ40",0
"TRAJ37",0
"TRAJ36",0
"TRAJ33",0
"TRAJ31",0
"TRAJ30",0
"TRAJ29",0
"TRAJ28",0
"TRAJ26",0
"TRAJ25",0
"TRAJ23",0
"TRAJ22",0
"TRAJ21",0
"TRAJ20",0
"TRAJ19",0
"TRAJ18",0
"TRAJ17",0
"TRAJ16",0
"TRAJ14",0
"TRAJ12",0
"TRAJ11",0
"TRAJ10",0
"TRAJ9",0
"TRAJ8",0
"TRAJ7",0
"TRAJ6",0
"TRAJ5",0
"TRAJ4",0
"TRAJ2",0
"TRAJ1",0
"OR6E1P",0
"PSMB11",0
"CIROP",0
"EFS",0
"CMTM5",0
"BRD7P1",0
"RN7SKP205",0
"LINC00596",0
"TRAJ38",0
"LINC02287",0
"CHGA",0
"CYB5AP3",0
"RPL36AP4",0
"COX6CP11",0
"LINC02914",0
"SNRPGP1",0
"ZFP64P1",0
"METTL5P1",0
"HIF1AP1",0
"RNU4ATAC14P",0
"SERPINA4",0
"SERPINA5",0
"SERPINA3",0
"ADIPOR1P2",0
"DHRS2",0
"OR4U1P",0
"OR4L1",0
"RNA5SP380",0
"OR4T1P",0
"PSMB7P1",0
"GTF2IP22",0
"OR11G1P",0
"OR11P1P",0
"OR11H6",0
"OR11H7",0
"SNORA79B",0
"SNORD126",0
"RPPH1",0
"PTCD2P1",0
"SETP1",0
"RNASE11-AS1",0
"OR6S1",0
"RNASE4",0
"EDDM3DP",0
"EDDM3A",0
"EDDM3B",0
"RN7SL189P",0
"MIR6717",0
"TPPP2",0
"RNASE13",0
"RNASE7",0
"RNASE8",0
"CKAP2P1",0
"RNU6-252P",0
"SNORD9",0
"HMGB3P26",0
"TRMT61A-DT",0
"RNU7-160P",0
"RNU4-68P",0
"EIF4A1P12",0
"LBHD2",0
"GCSHP2",0
"RPL21P13",0
"RPL17P4",0
"MIR3173",0
"CEND1P1",0
"TMEM179",0
"LINC02280",0
"MIR4710",0
"RNU4-22P",0
"RNU4-92P",0
"MPPE1P1",0
"RPL31P5",0
"GCATP1",0
"RNU6-597P",0
"RNU6-1162P",0
"EIF2S2P1",0
"RNU7-116P",0
"RPS28P1",0
"MIR2392",0
"MIR770",0
"MIR493",0
"MIR337",0
"MIR665",0
"MIR431",0
"MIR433",0
"MIR127",0
"MIR432",0
"MIR136",0
"SNORD112",0
"MIR370",0
"SNORD113-1",0
"SNORD113-2",0
"SNORD113-3",0
"SNORD113-4",0
"SNORD113-5",0
"SNORD113-6",0
"SNORD113-7",0
"SNORD113-8",0
"SNORD113-9",0
"SNORD114-1",0
"SNORD114-2",0
"SNORD114-3",0
"SNORD114-4",0
"SNORD114-5",0
"SNORD114-6",0
"SNORD114-7",0
"SNORD114-9",0
"SNORD114-10",0
"SNORD114-11",0
"SNORD114-12",0
"SNORD114-13",0
"SNORD114-14",0
"SNORD114-15",0
"SNORD114-17",0
"SNORD114-18",0
"SNORD114-19",0
"SNORD114-20",0
"SNORD114-21",0
"SNORD114-22",0
"SNORD114-23",0
"SNORD114-24",0
"SNORD114-25",0
"SNORD114-26",0
"SNORD114-27",0
"SNORD114-28",0
"SNORD114-29",0
"SNORD114-30",0
"SNORD114-31",0
"MIR379",0
"MIR411",0
"MIR299",0
"MIR380",0
"MIR1197",0
"MIR323A",0
"MIR758",0
"MIR329-1",0
"MIR329-2",0
"MIR494",0
"MIR1193",0
"MIR543",0
"MIR495",0
"MIR376C",0
"MIR376A2",0
"MIR654",0
"MIR376B",0
"MIR376A1",0
"MIR300",0
"MIR1185-1",0
"MIR1185-2",0
"MIR381",0
"MIR487B",0
"MIR539",0
"MIR889",0
"MIR544A",0
"MIR655",0
"MIR487A",0
"MIR382",0
"MIR134",0
"MIR668",0
"MIR485",0
"MIR323B",0
"MIR154",0
"MIR496",0
"MIR377",0
"MIR541",0
"MIR409",0
"MIR412",0
"MIR369",0
"MIR410",0
"MIR656",0
"RNU6-1268P",0
"SSBP3P5",0
"ARHGAP42P4",0
"OR4N2",0
"OR4H12P",0
"OR4N1P",0
"OR4K6P",0
"DHRS4L1",0
"MIR7703",0
"RNA5SP383",0
"NEDD8-MDP1",0
"SNORD8",0
"EIF4EBP1P1",0
"RN7SL650P",0
"RNU6-366P",0
"LINC00216",0
"RNU6-341P",0
"HSBP1P1",0
"HNRNPCP1",0
"RPL9P5",0
"C14orf180",0
"CCDC198",0
"GSC",0
"RBBP4P5",0
"OR10G1P",0
"UBE2NP1",0
"TRAV1-1",0
"OR10G2",0
"TRAV1-2",0
"ARL6IP1P1",0
"TRAV2",0
"TRAV4",0
"TRAV5",0
"RPL4P1",0
"HMGN2P2",0
"RPL17P3",0
"NMNAT1P1",0
"UNGP3",0
"RTL1",0
"MIR5694",0
"RNA5SP386",0
"RN7SL369P",0
"RPL21P9",0
"RN7SL213P",0
"IGBP1P1",0
"RNU7-93P",0
"PHKBP2",0
"RPL29P3",0
"RN7SKP257",0
"IGHV7-40",0
"IGHVII-40-1",0
"IGHV3-41",0
"HOMER2P1",0
"IGHV3-42",0
"IGHVII-43-1",0
"IGHVIII-44",0
"LINC00221",0
"IGHVIV-44-1",0
"IGHVII-44-2",0
"IGHV1-45",0
"IGHVII-46-1",0
"IGHV3-47",0
"IGHVIII-47-1",0
"IGHVII-49-1",0
"IGHV3-50",0
"IGHV5-51",0
"IGHVII-51-2",0
"IGHV3-52",0
"IGHV3-53",0
"IGHVII-53-1",0
"IGHV3-54",0
"IGHV7-56",0
"IGHV3-57",0
"IGHV4-59",0
"IGHV3-60",0
"IGHV8-51-1",0
"CMA1",0
"CTSG",0
"FXNP1",0
"RNA5SP388",0
"RPS26P48",0
"RNU6-921P",0
"HMGN1P3",0
"RPS29P1",0
"SYF2P1",0
"UBE2CP1",0
"RPL12P5",0
"SERPINA10",0
"SERPINA6",0
"SERPINA11",0
"SERPINA9",0
"C14orf132",0
"ESRRB",0
"RN7SKP193",0
"MIR4504",0
"SYNJ2BP-COX16",0
"RNU2-51P",0
"RNU6-659P",0
"KRT18P7",0
"TTC9-DT",0
"RN7SL77P",0
"RN7SKP108",0
"RPL7AP2",0
"COX5AP1",0
"RPL7AP4",0
"ABI1P1",0
"RN7SL706P",0
"RN7SL108P",0
"RPL7AP5",0
"KRT18P6",0
"NUTF2P2",0
"ILF2P2",0
"FITM1",0
"OR4M1",0
"OR4K14",0
"OR4K13",0
"OR4K1",0
"NF1P4",0
"NF1P11",0
"CHURC1-FNTB",0
"MIR4706",0
"CCDC196",0
"MIR1260A",0
"RN7SKP92",0
"RPL26P3",0
"RNU6-864P",0
"RNU11-5P",0
"RNU6-1234P",0
"SPTB",0
"MIR7855",0
"OR4N5",0
"MIR624",0
"OR11H4",0
"HIGD1AP17",0
"RNU6-541P",0
"LINC02329",0
"MIR7843",0
"RPL36P3",0
"DPF3",0
"NGB",0
"TRAV7",0
"TRAV9-1",0
"TRAV10",0
"TRAV11",0
"TRAV8-3",0
"TRAV12-2",0
"TRAV8-5",0
"TRAV13-2",0
"TRAV9-2",0
"TRAV15",0
"TRAV16",0
"TRAV18",0
"TRAV19",0
"TRAV20",0
"TRAV22",0
"TRAV23DV6",0
"TRDV1",0
"TRAV24",0
"TRAV8-7",0
"TRAV27",0
"TRAV28",0
"TRAV30",0
"TRAV31",0
"TRAV32",0
"TRAV33",0
"TRAV26-2",0
"TRAV34",0
"TRAV35",0
"TRAV36DV7",0
"TRAV37",0
"TRAV39",0
"TRAV40",0
"ATP6V1G1P1",0
"MIR4539",0
"MIR4507",0
"MIR4538",0
"MIR4537",0
"IGHJ6",0
"IGHJ3P",0
"IGHJ2P",0
"IGHJ2",0
"IGHJ1",0
"IGHD7-27",0
"IGHJ1P",0
"IGHD1-26",0
"IGHD6-25",0
"IGHD5-24",0
"IGHD4-23",0
"IGHD3-22",0
"IGHD2-21",0
"IGHD1-20",0
"IGHD6-19",0
"IGHD5-18",0
"IGHD4-17",0
"IGHD3-16",0
"IGHD2-15",0
"IGHD1-14",0
"IGHD6-13",0
"IGHD5-12",0
"IGHD4-11",0
"IGHD2-8",0
"IGHD1-7",0
"IGHD6-6",0
"IGHD5-5",0
"IGHD4-4",0
"IGHD3-3",0
"IGHD2-2",0
"IGHD1-1",0
"IGHVII-1-1",0
"IGHVIII-2-1",0
"IGHV1-3",0
"IGHVIII-5-1",0
"IGHVIII-5-2",0
"IGHV3-6",0
"RNA5SP389",0
"IGHVII-60-1",0
"IGHV4-61",0
"IGHVII-62-1",0
"IGHV3-63",0
"IGHV3-64",0
"IGHV3-65",0
"IGHVII-65-1",0
"IGHV3-66",0
"IGHV1-67",0
"SLC20A1P1",0
"IGHVII-67-1",0
"IGHVIII-67-2",0
"IGHVIII-67-3",0
"IGHVIII-67-4",0
"IGHV1-68",0
"IGHV1-69",0
"IGHV2-70D",0
"IGHV3-69-1",0
"IGHV1-69-2",0
"IGHV1-69D",0
"IGHV2-70",0
"IGHV3-71",0
"IGHV3-72",0
"IGHV3-73",0
"IGHV3-74",0
"IGHVII-74-1",0
"IGHV3-75",0
"IGHV3-76",0
"MIR5195",0
"IGHV5-78",0
"IGHVII-78-1",0
"IGHV3-79",0
"IGHV4-80",0
"IGHV7-81",0
"IGHVIII-82",0
"COX4I1P1",0
"CCDC197",0
"PPP4R4",0
"NKX2-1",0
"RPL36AP1",0
"RN7SL461P",0
"RNU6-1204P",0
"OTX2",0
"MIR6765",0
"IGHE",0
"MIR8071-1",0
"MIR8071-2",0
"COPDA1",0
"H1-8P2",0
"RN7SKP17",0
"RN7SL356P",0
"CDH24",0
"OR4K17",0
"RN7SL530P",0
"VRTN",0
"SUB1P2",0
"STK16P1",0
"RNU6ATAC30P",0
"RN7SL2",0
"RNU6-189P",0
"MIR6076",0
"PDLIM1P1",0
"RPL23AP8",0
"RPL23AP70",0
"MRPL57P8",0
"RPL7AP3",0
"OR4K15",0
"OR4Q2",0
"ISM2",0
"NT5CP2",0
"NT5CP1",0
"ACOT6",0
"NDUFB8P1",0
"RNU6-240P",0
"MIR4505",0
"LINC02274",0
"SAMD15",0
"RNU6-273P",0
"RNU6-886P",0
"FOXA1",0
"COX8C",0
"RNU6-1258P",0
"PRIMA1",0
"FAM181A",0
"RPL21P6",0
"TBPL2",0
"MIR4503",0
"RNU6-1046P",0
"MIR208A",0
"MIR208B",0
"RNU6-1277P",0
"LINC00517",0
"TTC6",0
"SNORD127",0
"RNASE10",0
"RNASE12",0
"RNU1-47P",0
"RD3L",0
"RN7SL634P",0
"ASPG",0
"MIR203A",0
"MIR203B",0
"SETP2",0
"RNU6-1291P",0
"TMEM183AP4",0
"MIR1247",0
"RN7SL586P",0
"RNU6-419P",0
"MIR4707",0
"RNU6-244P",0
"MIR4309",0
"RN7SL546P",0
"RPL23AP11",0
"TMEM253",0
"RNA5SP384",0
"RPL32P29",0
"SRMP2",0
"TMEM30B",0
"RNU6-835P",0
"NEK2P1",0
"NF1P7",0
"RNU6-1239P",0
"NBEAP5",0
"OR11H13P",0
"CDRT15P13",0
"NBEAP6",0
"MIR342",0
"MIR6764",0
"SLC8A3",0
"ZFAND2AP2",0
"H3P37",0
"SERPINA13P",0
"OR4K16P",0
"OR11H5P",0
"DPPA3P2",0
"ADAM20P1",0
"ADAM6",0
"MED15P1",0
"BMS1P17",0
"OR4K3",0
"OR4K5",0
"IL25",0
"POLR3GP1",0
"NANOGP7",0
"RN7SKP21",0
"IGHD3-10",0
"IGHD3-9",0
"DIO3",0
"OR4E1",0
"MDGA2",0
"RPA2P1",0
"MIR548Y",0
"OR11H2",0
"MIR4506",0
"RNU2-14P",0
"RPL36AP2",0
"RPPH1-2P",0
"MYH6",0
"TUNAR",0
"RPL13AP3",0
"NDUFB4P11",0
"RAP2CP1",0
"MED15P6",0
"BNIP3P1",0
"DUXAP9",0
"ADAM21P1",0
"SERTAD4BP",0
"TEX21P",0
"SRP54-AS1",0
"RNASE11",0
"DOCK11P1",0
"LINC02294",0
"MIR4307",0
"MIR3171HG",0
"LINC02326",0
"RNU6-602P",0
"RNU6-455P",0
"NKX2-1-AS1",0
"EIF4BP1",0
"YWHAZP1",0
"FSCB",0
"RPL18P1",0
"LINC03059",0
"RNU6-684P",0
"IGHEP1",0
"TMEM63C",0
"RNU7-51P",0
"LINC01148",0
"LINC02330",0
"SHLD2P2",0
"SCARNA13",0
"TCL1B",0
"ARHGAP42P5",0
"LINC02297",0
"SSBP3P4",0
"RPL22P20",0
"NF1P10",0
"DUXAP10",0
"DPPA5P4",0
"COX5AP2",0
"LINC02311",0
"LINC02304",0
"LINC02319",0
"LINC00524",0
"SFTA3",0
"LINC02309",0
"PRPF39-DT",0
"LINC02327",0
"LINC02295",0
"LINC02691",0
"LINC02322",0
"MIR493HG",0
"FOXG1-AS1",0
"LRFN5-DT",0
"LINC02320",0
"LINC02300",0
"LINC02308",0
"LINC02290",0
"PPP1R13B-DT",0
"LINC02306",0
"GALNT16-AS1",0
"TOMM20L-DT",0
"FLRT2-AS1",0
"LINC00911",0
"LINC01629",0
"LINC02277",0
"LINC01269",0
"FAM181A-AS1",0
"LINC02332",0
"LINC02292",0
"SAMD4A-AS1",0
"LINC01467",0
"PTCSC3",0
"MEG9",0
"LINC00523",0
"LINC02305",0
"LINC00644",0
"LINC02299",0
"LINC02279",0
"OTX2-AS1",0
"LINC02293",0
"LINC02318",0
"LINC00642",0
"LINC02317",0
"LINC01297",0
"OR7E106P",0
"DDX18P1",0
"PPIAP4",0
"RPL12P7",0
"ATP5MC1P1",0
"ELK2BP",0
"RPL3P4",0
"GRAMD4P4",0
"PTBP1P",0
"OR11H12",0
"LINC02313",0
"LINC00609",0
"LINC00605",0
"EIF5-DT",0
"OR11H3P",0
"OR11J6P",0
"IGHV1OR15-1",0
"MPHOSPH10P5",0
"OR4M2-OT1",0
"GOLGA6L1",0
"OR4N3P",0
"OR11J7P",0
"IGHV1OR15-3",0
"SERPINE4P",0
"NF1P2",0
"RPL5P32",0
"ABCB10P1",0
"ZNF519P3",0
"OR4H6P",0
"RPLP0P10",0
"HNRNPA1P71",0
"DNAAF4-CCPG1",0
"OR11K1P",0
"OR4Q1P",0
"LDHAL6B",0
"SKOR1",0
"FOXB1",0
"HNRNPA1P45",0
"MESTP2",0
"GEMIN8P1",0
"KRT8P9",0
"BUB1B-PAK6",0
"PLCB2-AS1",0
"TBC1D21",0
"SALRNA3",0
"NDUFAF4P1",0
"MRPS15P1",0
"CNOT6LP1",0
"PAK6-AS1",0
"FKBP1AP2",0
"CPLX3",0
"GOLGA6A",0
"RPL15P19",0
"LINC02204",0
"LMAN1L",0
"MTND5P40",0
"RPL21P113",0
"DNAAF4",0
"ZNF444P1",0
"IGDCC3",0
"SUMO2P15",0
"THRAP3P2",0
"RPL7L1P15",0
"PGAM1P12",0
"TUBAP4",0
"SH3GL3",0
"KRT8P24",0
"TFDP1P3",0
"NMNAT1P5",0
"MIR5701-3",0
"RNU6-631P",0
"RN7SL106P",0
"RNA5SP390",0
"MIR4715",0
"MIR3118-4",0
"MIR4509-1",0
"MIR4510",0
"MIR3942",0
"RNU6-1014P",0
"RN7SKP101",0
"RNU1-119P",0
"RN7SKP139",0
"RNA5SP394",0
"MIR4716",0
"RN7SL307P",0
"MIR4712",0
"RN7SL494P",0
"RNU2-53P",0
"RN7SL568P",0
"SNORD3P1",0
"RNA5SP397",0
"MIR2116",0
"RNU4-80P",0
"RNU6-1",0
"RNU6-745P",0
"MIR629",0
"RN7SL429P",0
"MIR6882",0
"RNU6-19P",0
"RNU6-380P",0
"MIR4513",0
"MIR5572",0
"RNU6-401P",0
"RNU6-1339P",0
"MIR3713",0
"RN7SKP217",0
"MIR1179",0
"RNU6-185P",0
"MIR7-2",0
"MIR3529",0
"MIR1469",0
"RN7SKP254",0
"RNU2-3P",0
"SNORD116-29",0
"SNORD116-30",0
"PWAR1",0
"DMAC1P1",0
"SNORD115-1",0
"SNORD115-2",0
"SNORD115-3",0
"SNORD115-4",0
"SNORD115-5",0
"SNORD115-6",0
"SNORD115-7",0
"SNORD115-8",0
"SNORD115-9",0
"SNORD115-10",0
"SNORD115-11",0
"SNORD115-12",0
"SNORD115-13",0
"SNORD115-14",0
"SNORD115-15",0
"SNORD115-16",0
"SNORD115-17",0
"SNORD115-18",0
"SNORD115-19",0
"SNORD115-20",0
"SNORD115-21",0
"SNORD115-22",0
"SNORD115-23",0
"SNORD115-24",0
"SNORD115-25",0
"SNORD115-26",0
"SNORD115-27",0
"SNORD115-28",0
"SNORD115-29",0
"SNORD115-30",0
"SNORD115-31",0
"SNORD115-32",0
"SNORD115-33",0
"SNORD115-34",0
"SNORD115-35",0
"SNORD115-36",0
"SNORD115-37",0
"SNORD115-38",0
"SNORD115-39",0
"SNORD115-40",0
"SNORD115-41",0
"SNORD115-42",0
"SNORD115-43",0
"SNORD115-44",0
"SNORD115-45",0
"SNORD115-46",0
"SNORD115-47",0
"SNORD115-48",0
"SNORD109B",0
"RNU6-554P",0
"RNU6-354P",0
"RNU6-18P",0
"DNM1P31",0
"RN7SL185P",0
"RN7SL539P",0
"GOLGA6L23P",0
"RN7SL214P",0
"CSPG4P11",0
"RN7SL331P",0
"UBE2Q2P8",0
"RN7SL417P",0
"CSPG4P5",0
"UBE2Q2P11",0
"POTEB",0
"PPP1R14D",0
"MIR1233-1",0
"RNU7-195P",0
"RLBP1",0
"MIR6766",0
"MIR9-3",0
"H3P39",0
"SLC28A2",0
"RNU6-953P",0
"MIR147B",0
"SNORA41B",0
"AHCYP7",0
"RNA5SP395",0
"RN7SL354P",0
"RPL32P30",0
"MIR549A",0
"MIR4514",0
"ANP32BP3",0
"SLC28A1",0
"RNU6-339P",0
"RNU6-796P",0
"MIR422A",0
"RN7SL796P",0
"RN7SL628P",0
"RN7SL82P",0
"FDPSP4",0
"SPCS2P1",0
"ATP5PDP1",0
"TGM7",0
"MIR7973-2",0
"MIR7973-1",0
"SCG3",0
"PLIN1",0
"RPL36AP43",0
"JMJD7",0
"RNA5SP393",0
"MIR4310",0
"RNU6-132P",0
"MRPL15P1",0
"ARPIN-AP3S2",0
"RNU6-1111P",0
"ST20-MTHFS",0
"SLC51B",0
"RASL12",0
"RNU6-686P",0
"MIR4508",0
"MAGEL2",0
"RNU6-741P",0
"PAQR5",0
"LINC02896",0
"MIR1266",0
"RPSAP55",0
"KBTBD13",0
"SNRPCP18",0
"MIR628",0
"RNU6-1169P",0
"UBE2CP4",0
"MKRN3",0
"TUBBP8",0
"NCAPGP2",0
"PYGO1",0
"LINGO1",0
"KRT18P47",0
"RN7SL484P",0
"RNA5SP402",0
"CERS3-AS1",0
"RNU6-322P",0
"RNU6-181P",0
"RPS24P16",0
"RN7SL363P",0
"SCARNA15",0
"RPL21P115",0
"GRAMD2A",0
"RPL12P35",0
"RNU6-231P",0
"MIR548AP",0
"RNA5SP400",0
"AGBL1",0
"RNU6-1108P",0
"RNU6-1332P",0
"RNU6-966P",0
"TERB2",0
"EXD1",0
"PLA2G4B",0
"BCL2L10",0
"DUOXA2",0
"COX6CP4",0
"LARP4P",0
"TPST2P1",0
"MIR8063",0
"MIR630",0
"RN7SL853P",0
"HIGD2B",0
"FABP5P8",0
"MIR4515",0
"BNC1",0
"MIR626",0
"MIR1302-10",0
"MIR6859-3",0
"CD24P2",0
"RNU6-1287P",0
"HMGB1P33",0
"RNU6-466P",0
"MIR211",0
"TMEM202",0
"PHB1P20",0
"MIR3174",0
"SH2D7",0
"ENTREP2",0
"ANKRD63",0
"GOLGA2P8",0
"RNU6-449P",0
"HNRNPA1P74",0
"DUOXA1",0
"CPEB1",0
"DNM1P5",0
"MIR1233-2",0
"BCAR1P1",0
"RN7SL584P",0
"GOLGA6L4",0
"SCARNA14",0
"RPL9P25",0
"SNORD18C",0
"SNORD18B",0
"SNORD16",0
"SNORD18A",0
"RN7SL286P",0
"GREM1-AS1",0
"GOLGA8H",0
"GOLGA8F",0
"ABCB10P3",0
"ABCB10P4",0
"RN7SL719P",0
"GOLGA8M",0
"MIR4311",0
"RNA5SP392",0
"PHGR1",0
"ARNT2",0
"CYP1A1",0
"OR4M2",0
"GOLGA6B",0
"RPL7P5",0
"H3P40",0
"ARHGAP11A-SCG5",0
"GOLGA6L7",0
"RNA5SP399",0
"GOLGA8G",0
"GOLGA6L26",0
"GOLGA6L24",0
"TYRO3P",0
"MIR6085",0
"MIR190A",0
"SCG5",0
"CCDC9B",0
"OR4F4",0
"RN7SL536P",0
"PLA2G4D",0
"LINC01583",0
"RNU1-77P",0
"GOLGA6L10",0
"GOLGA6L9-AS1",0
"LINC00928",0
"TICRR",0
"KIF7",0
"RHOV",0
"CYCSP2",0
"RN7SL497P",0
"RN7SL278P",0
"KRT8P23",0
"RN7SL673P",0
"GOLGA8T",0
"RN7SL469P",0
"DNM1P30",0
"RN7SL196P",0
"TTLL13",0
"RN7SL736P",0
"RPL21P114",0
"RNA5SP396",0
"RN7SL376P",0
"IGHV4OR15-8",0
"IGHV1OR15-4",0
"MIR1268A",0
"SPATA31E3P",0
"RN7SL545P",0
"RN7SL495P",0
"GOLGA6L22",0
"MIR4313",0
"RN7SL319P",0
"DNM1P49",0
"GOLGA8S",0
"OR4N4",0
"PAK6",0
"NPM1P47",0
"MIR8067",0
"MIR1272",0
"GOLGA8K",0
"FTLP20",0
"ASB9P1",0
"RGMA",0
"YBX2P2",0
"SV2B",0
"EGLN1P1",0
"RN7SL238P",0
"MIR4509-2",0
"MIR4509-3",0
"RPL31P6",0
"FAM149B1P1",0
"RN7SKP181",0
"SEPHS1P2",0
"RN7SL209P",0
"OR4F6",0
"OR4F15",0
"OR4F14P",0
"OR4F28P",0
"WBP1LP5",0
"SNORD13D",0
"RNU6-844P",0
"CYP19A1",0
"MIR4713",0
"EIF4EBP2P2",0
"KRT8P50",0
"RN7SL428P",0
"MIR7706",0
"RNU7-79P",0
"GOLGA6C",0
"RN7SL489P",0
"RN7SL327P",0
"MIR631",0
"RPL13P4",0
"MIR627",0
"BNIP3P5",0
"CARS1P1",0
"ELMO2P1",0
"GOLGA8DP",0
"SORD2P",0
"CSPG4P13",0
"GOLGA6FP",0
"COMMD4P1",0
"ADAMTS7P3",0
"UBE2Q2P16",0
"GOLGA2P7",0
"DNM1P51",0
"STRCP1",0
"ULK4P2",0
"DNM1P46",0
"OR4G2P",0
"WASH3P",0
"DDX11L9",0
"CHEK2P2",0
"WHAMMP4",0
"ADAMTS7P1",0
"UBE2Q2P2",0
"UBE2Q2P6",0
"CSPG4P10",0
"GOLGA2P10",0
"GOLGA6L17P",0
"ULK4P3",0
"GOLGA8EP",0
"HERC2P2",0
"GOLGA8IP",0
"GOLGA6EP",0
"ULK4P1",0
"GOLGA6L5P",0
"UBE2Q2P1",0
"LINC00933",0
"PDCD6IPP2",0
"EFL1P1",0
"HERC2P9",0
"SCAND2P",0
"OR4F13P",0
"CSPG4P12",0
"ADAMTS7P4",0
"DNM1P47",0
"GOLGA2P11",0
"DNM1P34",0
"CCDC33",0
"CYP11A1",0
"MIR6881",0
"MIR4714",0
"SYNM-AS2",0
"TTC23-AS1",0
"HNRNPA1P62",0
"PDCD6IPP1",0
"TVP23BP1",0
"RNA5SP391",0
"MED28P6",0
"RN7SL487P",0
"PGPEP1L",0
"GOLGA6D",0
"GAPDHP55",0
"GJD2",0
"TUBAP11",0
"H3P38",0
"NANOGP8",0
"ALDH1A2-AS1",0
"EIF5A2P1",0
"RNU2-65P",0
"DUXAP6",0
"ENO1P2",0
"RPL29P30",0
"HMGN2P46",0
"ACTG1P17",0
"CSNK1A1P1",0
"H2AZ2P1",0
"ANP32BP1",0
"PPIAP46",0
"MIR184",0
"ANKRD34C",0
"GCOM1",0
"SMAD3-AS1",0
"EPB42",0
"LONRF2P4",0
"CXADRP2",0
"GRAMD4P6",0
"POTEB3",0
"MIR3118-3",0
"NF1P9",0
"MIR5701-2",0
"LINC02203",0
"OR11K1BP",0
"OR4H6BP",0
"OR4M2B",0
"OR4N4C",0
"OR4N3BP",0
"PWRN1",0
"PWRN2",0
"NPAP1",0
"SNORD107",0
"PWAR5",0
"SNORD64",0
"SNORD108",0
"SNORD109A",0
"SNORD116-1",0
"SNORD116-2",0
"SNORD116-3",0
"SNORD116-4",0
"SNORD116-5",0
"SNORD116-6",0
"SNORD116-7",0
"SNORD116-8",0
"SNORD116-9",0
"SNORD116-10",0
"SNORD116-11",0
"SNORD116-12",0
"SNORD116-13",0
"SNORD116-14",0
"SNORD116-15",0
"SNORD116-16",0
"SNORD116-17",0
"SNORD116-18",0
"SNORD116-19",0
"SNORD116-20",0
"SNORD116-21",0
"SNORD116-22",0
"SNORD116-23",0
"SNORD116-24",0
"SNORD116-25",0
"SNORD116-26",0
"SNORD116-27",0
"SNORD116-28",0
"ANP32AP1",0
"NUTF2P6",0
"RBM17P4",0
"MIR9-3HG",0
"RN7SL677P",0
"RNA5SP401",0
"LINC01582",0
"RNU6-1186P",0
"FAM169BP",0
"RPL18P11",0
"GOLGA6GP",0
"RNU6-549P",0
"AGBL1-AS1",0
"SPATA8-AS1",0
"SPATA8",0
"PWRN4",0
"LINC03034",0
"LINGO1-AS1",0
"C15orf32",0
"PLA2G4E-AS1",0
"FAM138E",0
"LINC02349",0
"THSD4-AS1",0
"SKOR1-AS1",0
"FBN1-DT",0
"SCG5-AS1",0
"RORA-AS2",0
"NTRK3-AS1",0
"LINC02852",0
"LINC00052",0
"LINC00930",0
"LINC01491",0
"ATP10A-DT",0
"LINC02351",0
"ARNT2-DT",0
"LINC01584",0
"RYR3-DT",0
"GJD2-DT",0
"CT62",0
"LINC01586",0
"CTXN2-AS1",0
"VPS13C-DT",0
"LINC02853",0
"LINC02568",0
"LINC00929",0
"LINC02248",0
"LINC03065",0
"LINC01169",0
"LINC02251",0
"INSYN1-AS1",0
"CARMAL",0
"POLGARF",0
"RNU6-978P",0
"IGHV1OR15-9",0
"SLC20A1P3",0
"IGHV1OR15-2",0
"IGHV3OR15-7",0
"IGHD5OR15-5A",0
"IGHD4OR15-4A",0
"IGHD3OR15-3A",0
"IGHD2OR15-2A",0
"IGHD1OR15-1A",0
"FAM30B",0
"HERC2P3",0
"MPHOSPH10P4",0
"RN7SL759P",0
"SPATA31E2P",0
"IGHV1OR15-6",0
"NBEAP1",0
"RNU6-498P",0
"LONRF2P3",0
"GRAMD4P5",0
"MIR3118-2",0
"POTEB2",0
"RNU6-749P",0
"ZNF519P2",0
"MIR5701-1",0
"LINC01193",0
"OR11J2P",0
"OR11J5P",0
"IGHD5OR15-5B",0
"IGHD4OR15-4B",0
"IGHD3OR15-3B",0
"IGHD2OR15-2B",0
"IGHD1OR15-1B",0
"FAM30C",0
"BCAR1P2",0
"RN7SL400P",0
"NBEAP4",0
"RNU6-1235P",0
"GPR176-DT",0
"RPL7AP75",0
"DNM1P33",0
"DNM1P32",0
"MPHOSPH10P2",0
"DNM1P50",0
"GOLGA8UP",0
"HMGN2P47",0
"SMAD3-DT",0
"HMGN2P40",0
"OR4G6P",0
"GABARAPL3",0
"FSCN1P1",0
"BMS1P15",0
"RHPN2P1",0
"MPHOSPH10P3",0
"HERC2P1",0
"MPHOSPH10P7",0
"HERC2P11",0
"MPHOSPH10P6",0
"HERC2P6",0
"HMGN1P26",0
"DNM1P38",0
"ISCA1P4",0
"HERC2P7",0
"UBE2Q2P12",0
"GOLGA6L3P",0
"DNM1P28",0
"RPL36AP45",0
"NIFKP4",0
"COMMD4P2",0
"DNM1P41",0
"NF1P1",0
"PCSK6-AS1",0
"EWSAT1",0
"LINC02152",0
"ARHGDIG",0
"HS3ST4",0
"LINC01195",0
"RGS11",0
"SCNN1G",0
"LINC01177",0
"PCMTD1P2",0
"DUX4L46",0
"DUX4L47",0
"PPP1R1AP2",0
"DUX4L45",0
"TCERG1P2",0
"TMF1P1",0
"LINC00273",0
"RPL23AP72",0
"CDH8",0
"GSG1L",0
"SPRING1P3",0
"HSPE1P16",0
"NPAP1L",0
"RPS27P27",0
"LINC02141",0
"CTRB2",0
"FA2H",0
"PLA2G10GP",0
"VAT1L",0
"FOXC2",0
"HSPE1P7",0
"RPL7AP63",0
"HCCAT5",0
"DUXAP11",0
"CX3CL1",0
"FOXL1",0
"VN2R10P",0
"TMPOP2",0
"FOXF1",0
"GNPATP",0
"MIR6859-4",0
"MIR6769A",0
"RNU6-1340P",0
"MIR548W",0
"RNA5SP405",0
"RNA5-8SP2",0
"RNU4-58P",0
"RNU6-21P",0
"RN7SKP76",0
"RNA5SP430",0
"RNU6-758P",0
"RN7SKP233",0
"RNA5SP433",0
"MIR4719",0
"CLDN9",0
"CLDN6",0
"RNU1-125P",0
"RNU1-22P",0
"ZSCAN10",0
"OR1F2P",0
"RPL7L1P19",0
"MTND1P8",0
"C16orf90",0
"CORO7-PAM16",0
"SNORA30",0
"TMEM265",0
"MIR4519",0
"CTF2P",0
"PRSS8",0
"NDUFA3P6",0
"ZP2",0
"LINC02164",0
"RPS3AP48",0
"SNRPCP20",0
"NPM1P3",0
"LINC01570",0
"MIR8065",0
"RNU7-99P",0
"RNU6-457P",0
"RNU6-328P",0
"MT4",0
"MT1A",0
"MT1CP",0
"MT1B",0
"SBK1",0
"MIR6862-1",0
"CDC37P2",0
"CDC37P1",0
"MIR6862-2",0
"MIR4721",0
"MIR4517",0
"SLC7A5P1",0
"GPR139",0
"SULT1A4",0
"MT3",0
"PDIA2",0
"SEPTIN12",0
"TNP2",0
"PRM3",0
"PRM2",0
"PRM1",0
"MIR548H2",0
"RNU6-1191P",0
"BCO1",0
"MIR4720",0
"MIR6504",0
"RN7SL279P",0
"RPS27P26",0
"RNU6-23P",0
"SNORD111B",0
"DUXB",0
"RN7SL520P",0
"CPHXL",0
"RNA5SP403",0
"RNA5SP404",0
"IMPDH1P11",0
"RN7SL493P",0
"MIR3935",0
"HBZ",0
"HBM",0
"HBZP1",0
"HBAP1",0
"HBA2",0
"HBA1",0
"HBQ1",0
"RNU6-359P",0
"MIR6773",0
"RNU6-1262P",0
"RNU4-30P",0
"RPL35AP33",0
"RNU4-36P",0
"RNA5SP432",0
"ADAD2",0
"SLC38A8",0
"COX6A2",0
"AHSP",0
"VN1R64P",0
"VN1R65P",0
"VN1R66P",0
"IGFALS",0
"LINC00254",0
"RNU6ATAC25P",0
"MTCYBP33",0
"MTND6P33",0
"MTND5P33",0
"MTND4P34",0
"MTND4LP24",0
"MTND3P13",0
"MTATP6P24",0
"SUB1P4",0
"MIR3177",0
"MIR6767",0
"MIR6768",0
"NTN3",0
"MIR3178",0
"MIR6506",0
"MIR484",0
"MIR662",0
"SNORD68",0
"PDZD9",0
"C16orf46",0
"CLEC18C",0
"MIR3181",0
"RNA5SP426",0
"HMGB3P32",0
"MTCH2P3",0
"MIR6772",0
"RNU6-20P",0
"GAS8-AS1",0
"CICP25",0
"ACTG1P16",0
"RNY4P3",0
"RPL10P14",0
"MIR138-2",0
"MIR6863",0
"RPS24P17",0
"CFAP69P1",0
"RPL23AP91",0
"KCTD19",0
"RN7SKP118",0
"RNU1-123P",0
"RPL17P40",0
"MIR3179-2",0
"MIR3670-2",0
"MIR3180-2",0
"MIR6511A2",0
"MIR6770-2",0
"MIR6511A3",0
"MIR1538",0
"LINC00304",0
"LNCPTCTS",0
"SNORA80C",0
"RNU7-61P",0
"RNU6-416P",0
"RNU6-1043P",0
"RN7SL645P",0
"PRSS54",0
"PLA2G10FP",0
"C16orf78",0
"ADAM3B",0
"MRPS21P7",0
"MRPS21P8",0
"RPL34P29",0
"MIR6771",0
"CKLF-CMTM1",0
"BEAN1-AS1",0
"SNORA3C",0
"EIF1P4",0
"RNA5SP429",0
"FTLP14",0
"SNRPEP3",0
"UMOD",0
"PDILT",0
"ACSM2A",0
"C16orf92",0
"RNU6-269P",0
"RNU6-1110P",0
"RNU6-103P",0
"SNORA46",0
"SNORA50A",0
"RNU6-1155P",0
"RN7SL143P",0
"GEMIN8P2",0
"RPL12P36",0
"LINC01290",0
"C16orf82",0
"PLEKHG4",0
"RNU6-944P",0
"ACSM1",0
"TLE7",0
"RNU6-1061P",0
"RNU6-208P",0
"PHB1P21",0
"MTCH2P4",0
"RNA5SP427",0
"CLEC3A",0
"KRT8P22",0
"WWOX-AS1",0
"RNA5SP431",0
"RPS26P52",0
"LINC02186",0
"TVP23CP2",0
"SEC14L5",0
"RNU7-24P",0
"RPL39P31",0
"RN7SL543P",0
"KCNG4",0
"C16orf96",0
"RBM22P13",0
"IGHV1OR16-1",0
"IGHV1OR16-3",0
"IGHV3OR16-9",0
"ABHD17AP8",0
"PRSS33",0
"ZG16",0
"COX6CP16",0
"LINC00311",0
"MIR5093",0
"MTSS2",0
"HPR",0
"CFAP263",0
"SALL1",0
"IL34",0
"NECAB2",0
"PPIAP49",0
"CLEC18B",0
"ABCC12",0
"RNU6-898P",0
"CHTF8",0
"RNU6-22P",0
"DERPC",0
"SNORA10",0
"SNORA64",0
"SNORA78",0
"RNF151",0
"RN7SL219P",0
"MIR1225",0
"SLC5A11",0
"DPEP1",0
"TMEM114",0
"MIR8058",0
"RN7SL134P",0
"MIR3182",0
"LARP7P2",0
"NRN1L",0
"KARS1P3",0
"MIR3179-1",0
"MIR5189",0
"MIR4722",0
"HSALR1",0
"RN7SL274P",0
"RNU6-159P",0
"RNU6-1241P",0
"RNA5SP425",0
"MIR1910",0
"RPL10AP12",0
"SLC7A5P2",0
"CCNYL1B",0
"MIR193B",0
"MIR365A",0
"RN7SKP176",0
"RN7SKP190",0
"ACTR3BP3",0
"PABPC1P13",0
"ABCD1P3",0
"IGHV2OR16-5",0
"IGHV3OR16-15",0
"IGHV3OR16-6",0
"IGHV1OR16-2",0
"IGHV3OR16-10",0
"IGHV1OR16-4",0
"IGHV3OR16-8",0
"RN7SKP142",0
"UBL5P4",0
"MMP15",0
"TIPINP2",0
"RPS3AP2",0
"PTX4",0
"PRSS41",0
"TP53TG3D",0
"NPIPA7",0
"PABPN1L",0
"TP53TG3",0
"CPHXL2",0
"CA5A",0
"RNA5SP428",0
"BEAN1",0
"BOLA2",0
"RN7SL557P",0
"AQP8",0
"MIR6511B1",0
"MIR4516",0
"MIR3180-5",0
"SNORD60",0
"DNASE1L2",0
"MIR3677",0
"MIR940",0
"MIR4717",0
"MIR5587",0
"MIR3176",0
"PRR35",0
"DDX11L10",0
"MT1JP",0
"MT1IP",0
"ABCA3P1",0
"PLA2G10CP",0
"SNX29P2",0
"PDXDC2P",0
"FRG2KP",0
"PDPK2P",0
"URAHP",0
"TUBB8P7",0
"HERC2P4",0
"RRN3P3",0
"OTOAP1",0
"PDPR2P",0
"ABCC6P2",0
"HERC2P5",0
"SLC6A10P",0
"HERC2P8",0
"SMG1P5",0
"TMEM231P1",0
"SMG1P1",0
"RRN3P1",0
"SMG1P3",0
"MT1DP",0
"MPHOSPH10P1",0
"MT1L",0
"SMG1P7",0
"VWA3A",0
"MIR140",0
"TP53TG3F",0
"CHEK2P6",0
"BMS1P8",0
"ENPP7P13",0
"IGHV3OR16-12",0
"IGHV3OR16-13",0
"IGHV3OR16-17",0
"IGHV3OR16-11",0
"ARHGAP23P1",0
"IGHV3OR16-7",0
"IGHV3OR16-16",0
"ABHD17AP9",0
"TP53TG3C",0
"PLA2G10IP",0
"NPIPA8",0
"PKD1P4",0
"MIR6511A4",0
"PKD1P5",0
"MIR6770-3",0
"MIR3180-3",0
"MIR3670-3",0
"MIR3179-3",0
"MIR3670-4",0
"MIR3179-4",0
"ABCC6P1",0
"MIR3670-1",0
"MIR3180-1",0
"PKD1P3",0
"MIR6511A1",0
"MIR6770-1",0
"NPIPP1",0
"MIR6511B2",0
"MIR3180-4",0
"PRSS30P",0
"NPW",0
"RNU6-355P",0
"MIR4718",0
"RPL35AP34",0
"SHISA9",0
"NPIPB7",0
"ANKRD26P1",0
"RNU6-845P",0
"CKBP1",0
"RBM22P12",0
"CLUHP3",0
"VN1R67P",0
"VN1R3",0
"RPL23AP86",0
"FBXL16",0
"MSLNL",0
"MTND4LP25",0
"CBLN1",0
"CDH5",0
"DYNC1LI2-DT",0
"TERB1",0
"CA7",0
"PRSS22",0
"CALB2",0
"CACNA1H",0
"TPSG1",0
"TPSAB1",0
"TPSD1",0
"PRSS29P",0
"TPSP2",0
"SOX8",0
"SSTR5",0
"C1QTNF8",0
"PPIAP48",0
"RPS27AP16",0
"RPS2P45",0
"CASP16P",0
"ABCA15P",0
"ABCA17P",0
"CENPBD1P",0
"CDIPTOSP",0
"FBXL9P",0
"AFG3L1P",0
"SULT1A1",0
"UBE2FP2",0
"RPS15AP34",0
"NPIPA9",0
"CES1P1",0
"TP53TG3E",0
"TP53TG3B",0
"CCNYL3",0
"CLUHP11",0
"NAMPTP3",0
"VPS35P1",0
"VN1R68P",0
"VN1R69P",0
"SLC25A1P4",0
"RARRES2P5",0
"FGFR3P5",0
"AGGF1P8",0
"RARRES2P9",0
"AGGF1P9",0
"C2orf69P4",0
"FRG2GP",0
"AGGF1P4",0
"RARRES2P7",0
"C2orf69P3",0
"ZNF971P",0
"FRG2DP",0
"RARRES2P10",0
"AGGF1P6",0
"C2orf69P2",0
"TP53TG3HP",0
"RARRES2P8",0
"AGGF1P7",0
"C2orf69P1",0
"C1QL1P1",0
"KIF18BP1",0
"RNA5SP406",0
"RNA5SP407",0
"RNA5SP408",0
"RNA5SP409",0
"LINC02167",0
"RNA5SP410",0
"RNA5SP411",0
"RNA5SP412",0
"RNA5SP413",0
"RNA5SP414",0
"RNA5SP415",0
"RNA5SP416",0
"RNA5SP417",0
"RNA5SP418",0
"RNA5SP419",0
"RNA5SP420",0
"RNA5SP421",0
"RNA5SP422",0
"RNA5SP423",0
"VN1R70P",0
"MOCS1P1",0
"KLF8P1",0
"RNU6-257P",0
"UNGP1",0
"CASC22",0
"TOX3",0
"MTND5P34",0
"RN7SL841P",0
"RPL31P56",0
"CLEC19A",0
"RNU4-46P",0
"CEDORA",0
"VPS9D1-AS1",0
"DYNLRB2-AS1",0
"DYNLRB2",0
"LINC01227",0
"LINC02191",0
"HSD17B2-AS1",0
"LINC01566",0
"LINC02124",0
"LINC02131",0
"CDH13-AS1",0
"LINC02189",0
"LINC02858",0
"LCMT1-AS2",0
"LINC02129",0
"FENDRR",0
"LINC02192",0
"LINC02138",0
"LINC02190",0
"LINC00922",0
"RUSF1-DT",0
"LINC01228",0
"LINC02181",0
"LINC02134",0
"GLIS2-AS1",0
"SSTR5-AS1",0
"LINC02178",0
"LINC02176",0
"LINC02130",0
"FBXL19-AS1",0
"CDH8-AS1",0
"LINC02169",0
"LINC02188",0
"LINC01081",0
"LINC01082",0
"ARLNC1",0
"LINC02133",0
"FOXC2-AS1",0
"LINC02127",0
"C16orf95-DT",0
"LINC02165",0
"LINC00919",0
"LINC02136",0
"ATP2A1-AS1",0
"LINC00917",0
"LINC02183",0
"CASC16",0
"WASIR2",0
"LINC02184",0
"LINC01571",0
"SLX1A",0
"C4orf46P1",0
"WASH4P",0
"BCAP31P1",0
"HMGN2P3",0
"RPL18P13",0
"VPS51P1",0
"GAPDHP35",0
"PLA2G10DP",0
"PLA2G10KP",0
"PLA2G10HP",0
"CA5AP1",0
"PLA2G10JP",0
"YBX3P1",0
"PKD1P1",0
"PKD1P2",0
"NCOA5LP",0
"CES1P2",0
"ATP5F1AP3",0
"PLA2G10BP",0
"SCML2P2",0
"CHEK2P7",0
"IL9RP3",0
"TP53TG3GP",0
"FRG2JP",0
"RARRES2P6",0
"FRG2HP",0
"FRG2IP",0
"AGGF1P5",0
"LINC02125",0
"RNU7-90P",0
"KRT18P18",0
"RNU7-71P",0
"CARHSP1-DT",0
"LITAFD",0
"USP7-AS1",0
"LINC02177",0
"MFSD1P1",0
"RPS16P8",0
"SYPL1P2",0
"TUFMP1",0
"SRSF6P2",0
"AOC3",0
"G6PC1",0
"TMIGD1",0
"VN1R71P",0
"SMCR2",0
"B4GALNT2P1",0
"WFIKKN2",0
"RPL5P33",0
"KIF2B",0
"CA10",0
"NME1-NME2",0
"ARL2BPP8",0
"RPL7P48",0
"PDLIM1P3",0
"ISCA1P3",0
"MARCHF10",0
"CASC17",0
"TMEM100",0
"RNU6-468P",0
"RNU6-990P",0
"MIR4522",0
"RNU6-1267P",0
"RNA5SP526",0
"MIR423",0
"RNU6-287P",0
"MIR3184",0
"MIR8059",0
"MIR6129",0
"RNU6-928P",0
"RNA5SP445",0
"MIR634",0
"RN7SKP14",0
"RNU7-155P",0
"PTGES3L-AARSD1",0
"SNORA38B",0
"RPSAP67",0
"ARHGAP27P2",0
"NDUFB4P3",0
"RN7SL449P",0
"RNU7-134P",0
"CCDC182",0
"RN7SKP94",0
"EVPLL",0
"TBC1D3P4",0
"YWHAEP2",0
"TNPO1P2",0
"SRP68P2",0
"FBXW10",0
"RN7SL627P",0
"SNORA48",0
"SNORD10",0
"SNORA67",0
"SHBG",0
"OR1D5",0
"OR1P1",0
"OR1E3",0
"RPS29P22",0
"MIR4723",0
"MIR22",0
"HNRNPA1P19",0
"OLA1P2",0
"SCDP1",0
"RNU6-1178P",0
"RNASEH1P1",0
"SPECC1P2",0
"LINC02097",0
"SPPL2C",0
"MAPT-IT1",0
"STH",0
"MIR6165",0
"RNU6-1313P",0
"DLX3",0
"MIR4740",0
"MIR3186",0
"RNU6-767P",0
"RN7SL775P",0
"ACTG1P24",0
"TSEN15P1",0
"B4GALNT2",0
"TMEM132E",0
"NXPH3",0
"PLSCR3",0
"TMEM256-PLSCR3",0
"SPEM2",0
"SPEM3",0
"SCARNA21",0
"ALOX12B",0
"MIR4314",0
"HES7",0
"MIR6883",0
"SNORD118",0
"ARHGEF15",0
"ODF4",0
"RNU7-43P",0
"PPIAP52",0
"CCDC42",0
"RPL19P18",0
"USP43",0
"NPM1P45",0
"RCVRN",0
"MYH8",0
"MYH4",0
"MYH1",0
"PIRT",0
"RNU6-1065P",0
"RPL15P21",0
"RN7SL601P",0
"RNU11-2P",0
"MIR744",0
"MIR1269B",0
"HS3ST3A1",0
"MIR548H3",0
"CDRT15",0
"RPL23AP76",0
"RNU6-24P",0
"SNORD1C",0
"SNORD1B",0
"SNORD1A",0
"ST6GALNAC1",0
"RNU6-227P",0
"RNY4P36",0
"MIR636",0
"SCARNA16",0
"MIR6516",0
"RNU4-47P",0
"CYCSP40",0
"MIR4316",0
"SMCO4P1",0
"RN7SL819P",0
"RPL6P26",0
"ADAM11",0
"KIF18B",0
"KIF18B-DT",0
"MIR4731",0
"RNU6-799P",0
"RN7SL792P",0
"MAPK8IP1P1",0
"KYNUP3",0
"MIR1180",0
"RNF112",0
"MIR6786",0
"MIR4738",0
"TEN1",0
"RN7SL33P",0
"MIR6776",0
"MIR1253",0
"MIR3614",0
"MSX2P1",0
"ANKRD40CL",0
"TMEM95",0
"MYOCD",0
"H3P41",0
"SNORD42B",0
"SNORD42A",0
"SNORD4B",0
"RPL31P58",0
"MIR6868",0
"OR1D3P",0
"RNU2-58P",0
"MIR454",0
"MIR301A",0
"OVCA2",0
"MIR132",0
"MIR212",0
"RN7SL624P",0
"SMG6-IT1",0
"HNRNPA1P16",0
"SNORD91B",0
"SNORD91A",0
"DENRP3",0
"ACE3P",0
"RPL31P57",0
"MIR3064",0
"MIR5047",0
"KPNA2P3",0
"TRIM80P",0
"MIR3678",0
"RNU6-938P",0
"OOSP1P2",0
"MIR632",0
"LINC02075",0
"GGT6",0
"SMTNL2",0
"RNU6-955P",0
"ATP6V0CP1",0
"RN7SL784P",0
"MIR5010",0
"ATP5MGP7",0
"HMGB3P27",0
"RNU1-80P",0
"RNU7-97P",0
"HCRT",0
"SPECC1-DT",0
"RNU6-258P",0
"RNU6-467P",0
"SLC47A2",0
"DHRS7C",0
"SPATA32",0
"RNA5SP443",0
"KRT222",0
"KRT224P",0
"KRT24",0
"KRT25",0
"KRT28",0
"KRT20",0
"GH1",0
"SCN4A",0
"SNORD104",0
"SNORA50C",0
"RNU6-131P",0
"MIR6782",0
"LHX1",0
"MIR2909",0
"GCGR",0
"MYADML2",0
"CNTNAP1",0
"MIR6780A",0
"RPS4XP17",0
"RNU6-840P",0
"UNC45B",0
"SPICP2",0
"ATP5MGP6",0
"KRTAP17-1",0
"TBC1D3P7",0
"KRT33A",0
"KRT33B",0
"KRT41P",0
"KRT37",0
"MIR6785",0
"SMIM5",0
"OR4D2",0
"MIR657",0
"MIR3065",0
"MIR338",0
"MIR1250",0
"PVALEF",0
"MIR3183",0
"BHLHA9",0
"MIR4525",0
"FN3K",0
"PTGES3L",0
"TMEM92",0
"RPL36AP47",0
"EFCAB3",0
"RNU7-52P",0
"SHC1P2",0
"SLC4A1",0
"RN7SL507P",0
"RNU6-453P",0
"FAM171A2",0
"RPL7L1P5",0
"MIR378J",0
"HNF1B",0
"RNU6-489P",0
"MIR451A",0
"MIR451B",0
"MIR144",0
"MIR4732",0
"FADS6",0
"USH1G",0
"OTOP2",0
"OTOP3",0
"RNU6-362P",0
"RN7SL573P",0
"SETP3",0
"OR1AC1P",0
"OR1E2",0
"RNASEK-C17orf49",0
"MIR195",0
"MIR497",0
"RASL10B",0
"GAS2L2",0
"C17orf50",0
"KRT34",0
"UTS2R",0
"TBC1D3E",0
"OR1A2",0
"TBC1D3C",0
"RN7SL716P",0
"SNRPGP17",0
"MIR4729",0
"RNU4-13P",0
"KRTAP3-3",0
"KRTAP3-2",0
"KRTAP3-4P",0
"KRTAP3-1",0
"KRTAP1-5",0
"KRTAP1-3",0
"KRTAP1-1",0
"KRTAP2-3",0
"KRTAP2-4",0
"KRTAP2-5P",0
"KRTAP4-11",0
"KRTAP4-12",0
"KRTAP4-5",0
"KRTAP4-4",0
"CORO6",0
"KRT40",0
"OR4D1",0
"ZNF29P",0
"ZNF286A-TBC1D26",0
"TBC1D26",0
"E2F3P1",0
"TOMM20P2",0
"SLFN14",0
"SNORD7",0
"RN7SL138P",0
"MIR4733",0
"SEC24AP1",0
"MIR4524B",0
"MIR4524A",0
"ABCA10",0
"KRT38",0
"KRT43P",0
"KRT32",0
"RNU2-32P",0
"MIR6510",0
"LINC00974",0
"KRT35",0
"BTBD17",0
"RNA5SP448",0
"C1QTNF1",0
"MIR4739",0
"ENPP7",0
"CBX2",0
"AK4P1",0
"RN7SL79P",0
"MIR4724",0
"MIR193A",0
"RNU6ATAC7P",0
"MGAT5B",0
"RNU6-1264P",0
"BTF3P14",0
"MIR4315-1",0
"RDM1P1",0
"RPSAP66",0
"RNU6-623P",0
"RN7SL606P",0
"HMGN1P28",0
"RN7SL448P",0
"RPLP1P11",0
"RNU6-314P",0
"RNU6-862P",0
"MIR1288",0
"SNORD49B",0
"SNORD49A",0
"SNORD65",0
"KRTAP2-1",0
"KRTAP4-8",0
"KRTAP1-4",0
"KLHL10",0
"CSHL1",0
"POLR3KP2",0
"KRTAP16-1",0
"GSG1L2",0
"MIR4726",0
"RNA5SP440",0
"MIR4727",0
"SPMAP1",0
"KCNH6",0
"SLC16A11",0
"MIR633",0
"DNAJB6P8",0
"CDK3",0
"SLC35G3",0
"MIR6864",0
"MIR6865",0
"MIR4730",0
"RPL32P31",0
"MIR1268B",0
"RNA5SP438",0
"CCL11",0
"TBC1D28",0
"RNU1-108P",0
"RNU1-52P",0
"RNVU1-34",0
"RNU6-518P",0
"TWF1P1",0
"RPL35AP35",0
"MYL4",0
"RNU7-186P",0
"ITM2BP1",0
"CPDP1",0
"NOS2",0
"RNA5SP437",0
"WDR45BP1",0
"SCGB1C2",0
"DOC2B",0
"OR1G1",0
"CTNS-AS1",0
"RN7SL236P",0
"NEK4P2",0
"RNASEH1P2",0
"RNU6-405P",0
"RN7SL620P",0
"SRP68P1",0
"FAM106C",0
"COTL1P1",0
"WNT9B",0
"RNU6ATAC3P",0
"MIR5089",0
"RPRML",0
"RN7SL270P",0
"KRTAP4-3",0
"KRTAP4-2",0
"KRTAP4-1",0
"KRTAP4-17P",0
"KRTAP9-2",0
"KRTAP9-3",0
"KRTAP9-8",0
"KRTAP9-4",0
"KRTAP9-11P",0
"KRTAP9-10P",0
"KRTAP29-1",0
"CSH2",0
"GH2",0
"KRTAP9-6",0
"KRTAP9-7",0
"TBC1D3H",0
"RNU6-1192P",0
"TBC1D3F",0
"TBC1D3JP",0
"MTND6P35",0
"MTCYBP13",0
"MTND1P15",0
"MTND2P13",0
"NMTRS-TGA3-1",0
"MTATP6P3",0
"MTCO3P13",0
"CSH1",0
"SLC13A2",0
"FOXN1",0
"MIR142",0
"MIR4736",0
"KRTAP4-6",0
"IGBP1C",0
"KRTAP4-9",0
"TBC1D3K",0
"KRTAP4-7",0
"OR1R1P",0
"KRTAP2-2",0
"TMEM238L",0
"KRTAP4-16",0
"TBC1D3D",0
"TNFSF12-TNFSF13",0
"BRCA1P1",0
"RNU2-1",0
"MRPS21P9",0
"CHAD",0
"EPN3",0
"RPL39P33",0
"NOG",0
"KCNJ12",0
"PDLIM1P2",0
"KCNJ18",0
"SOST",0
"CD300LG",0
"TVP23C-CDRT4",0
"RPL9P2",0
"PPIAP53",0
"RDM1",0
"LYZL6",0
"CCL16",0
"CCL15-CCL14",0
"CCL15",0
"RN7SL301P",0
"TBC1D3I",0
"MIR4523",0
"RNU6-1034P",0
"TNPO1P3",0
"TBC1D3P3",0
"MIR6778",0
"GPR179",0
"SPACA3",0
"HOXB1",0
"MIR10A",0
"HOXB5",0
"HOXB8",0
"HOXB9",0
"MIR196A1",0
"MIR3615",0
"KRT17P5",0
"KRT17P2",0
"KRT16P1",0
"NOS2P2",0
"USP32P2",0
"PYY2",0
"PPY2P",0
"ZNF286B",0
"TBC1D27P",0
"OR1D4",0
"TBC1D3P2",0
"YWHAEP7",0
"OR3A4P",0
"KRT42P",0
"UBBP4",0
"LRRC37A11P",0
"NOS2P1",0
"USP32P1",0
"KRT16P6",0
"KRT16P2",0
"KRT17P1",0
"KRT17P4",0
"AOC4P",0
"CCDC144NL",0
"NPEPPSP1",0
"CCDC144BP",0
"TRIM16L",0
"KRT223P",0
"USP32P3",0
"NOS2P3",0
"KRT16P3",0
"KRT17P7",0
"RN7SL454P",0
"RN7SL756P",0
"MIR6787",0
"RNU2-4P",0
"RNU6-1137P",0
"RNU6-470P",0
"MIR2117HG",0
"MIR2117",0
"RNU6-406P",0
"RNU6-971P",0
"MEOX1",0
"CRHR1",0
"DLX4",0
"MIR6784",0
"RNA5SP442",0
"RN7SL399P",0
"LINC02563",0
"AXIN2",0
"APOH",0
"RNA5SP444",0
"PRKCA-AS1",0
"GARS1P1",0
"RNU6-1249P",0
"SMIM36",0
"MYCBPAP",0
"RN7SL405P",0
"MIR6783",0
"SUZ12P1",0
"RNU6-298P",0
"RNU6-1134P",0
"GPR160P2",0
"NGFR",0
"OR3A1",0
"SCARNA20",0
"SEPTIN7P12",0
"KRTAP9-1",0
"TBC1D3P5",0
"RNU6-233P",0
"FAM187A",0
"DHX40P1",0
"TBC1D3P1",0
"MIR4737",0
"RHBDL3",0
"RN7SL800P",0
"WEE1P2",0
"RPL23AP87",0
"KRT16P4",0
"RPL29P2",0
"MAGOH2P",0
"RPL21P122",0
"RNF126P1",0
"RDM1P5",0
"HMGB1P24",0
"RPL12P38",0
"SH3GL1P1",0
"KRT18P55",0
"DBIL5P",0
"LINC02210",0
"TCAM1P",0
"H1-9P",0
"WFDC21P",0
"KRTAP9-9",0
"AIPL1",0
"RNA5SP435",0
"C17orf100",0
"MIR4520-1",0
"MIR4520-2",0
"ALOX15P1",0
"RPL23AP73",0
"OR3A2",0
"OR3A3",0
"C17orf114",0
"RNY4P13",0
"H2BN1",0
"WSCD1",0
"KYNUP2",0
"SNORD3D",0
"GRAPL",0
"RPL32P33",0
"RN7SKP180",0
"ROCR",0
"TEKT1",0
"ALOX12P2",0
"SP6",0
"MRPL45P2",0
"ALOX12P1",0
"TBC1D29P",0
"SMURF2P1",0
"SH3GL1P2",0
"LRRC37BP1",0
"RN7SL316P",0
"C17orf78",0
"SNORA21B",0
"SNORA21",0
"MIR6779",0
"FBXO47",0
"HSF5",0
"TBX2",0
"LINC02875",0
"TBX4",0
"LINC02210-CRHR1",0
"MIR6080",0
"MIR4315-2",0
"RDM1P4",0
"CACNG5",0
"RNA5SP446",0
"CACNG4",0
"RNA5SP447",0
"SNORA59B",0
"SLC47A1P1",0
"MTND1P14",0
"NMTRQ-TTG12-1",0
"MTCO1P39",0
"SLC47A1P2",0
"HOXB-AS2",0
"C17orf113",0
"FBXW10B",0
"ZSWIM5P1",0
"RNA5SP436",0
"MEIS3P1",0
"ZFP3-DT",0
"COX6B1P2",0
"PRAC1",0
"MIR3185",0
"HOXB13",0
"RN7SL125P",0
"SUMO2P17",0
"RNU1-42P",0
"GIP",0
"RNU6-826P",0
"C1QL1",0
"MIR152",0
"RNU6-1201P",0
"MIR1203",0
"MIR4728",0
"GRB7",0
"KRT8P34",0
"ZPBP2",0
"LRRC3C",0
"CSF3",0
"CDRT8",0
"LINC00670",0
"LINC01973",0
"LINC01180",0
"LINC00469",0
"LINC01497",0
"LINC02079",0
"LINC01976",0
"LINC01971",0
"LINC02089",0
"ABCA9-AS1",0
"LINC01987",0
"LINC02086",0
"LINC03057",0
"LINC00868",0
"HID1-AS1",0
"NGFR-AS1",0
"LINC02002",0
"FAM27E5",0
"LINC01982",0
"LINC02003",0
"ERVE-1",0
"LINC02091",0
"RPH3AL-AS2",0
"RPH3AL-AS1",0
"TMEM132E-DT",0
"LINC01028",0
"TMEM105",0
"LINC01563",0
"MYOCD-AS1",0
"MIR365BHG",0
"LINC02078",0
"LINC02090",0
"CACNA1G-AS1",0
"MIR21",0
"MIR6777",0
"MIR33B",0
"BRI3P3",0
"MIR6884",0
"SNORD124",0
"MIR6866",0
"MIR6867",0
"PPIAP54",0
"RNA5SP441",0
"GTF2IP6",0
"CDRT15P1",0
"NSFP1",0
"PTP4A2P1",0
"HSD17B1P1",0
"THA1P",0
"RPL7AP64",0
"SPDYE22P",0
"TBC1D26-AS1",0
"NCOR1P2",0
"FTLP13",0
"RPS26P8",0
"FTLP12",0
"NOS2P4",0
"KRTAP9-12P",0
"YWHAEP3",0
"KRT16P5",0
"COTL1P2",0
"RPL29P31",0
"MSANTD3P1",0
"KYNUP1",0
"SPICP3",0
"BPTFP1",0
"RPL36AP48",0
"CDRT15P2",0
"IL6STP1",0
"CDRT15L2",0
"ZSWIM5P2",0
"MEIS3P2",0
"LINC01975",0
"RNA5SP434",0
"LINC01928",0
"SLC25A3P3",0
"COP1P1",0
"COX6CP3",0
"RPS4XP18",0
"PPIAP57",0
"BOD1P2",0
"AKAIN1",0
"RPS8P3",0
"NPM1P1",0
"ZBTB7C-AS1",0
"SINHCAFP1",0
"MAP1LC3P",0
"RIT2",0
"CTAGE1",0
"POLR3GP2",0
"HRH4",0
"ATP7BP1",0
"ARK2C",0
"RPSAP57",0
"ZBTB7C-AS2",0
"ST8SIA3",0
"RNF152",0
"CCDC68",0
"RPLP0P11",0
"RAB27B",0
"MRPS5P4",0
"HMGN1P31",0
"RPIAP1",0
"BOD1L2",0
"FBXO15",0
"WDR7-OT1",0
"CDH7",0
"MC4R",0
"LINC01903",0
"RPL31P9",0
"LINC03111",0
"CTBP2P3",0
"BDP1P",0
"CDH20",0
"MTL3P",0
"RPL30P14",0
"RAC1P1",0
"RPS2P6",0
"NRBF2P1",0
"AIDAP3",0
"NPM1P2",0
"GALR1",0
"SCML2P1",0
"AKR1B10P2",0
"PLEKHB2P1",0
"SDHCP1",0
"CBLN2",0
"KRT8P5",0
"LINC01898",0
"KRT18P8",0
"EIF4A3P1",0
"PRPF19P1",0
"NETO1",0
"LINC01910",0
"LARP7P3",0
"LINC01477",0
"RPL12P40",0
"CNDP1",0
"RPL17P45",0
"LINC01916",0
"ENTR1P1",0
"SLC25A51P2",0
"NFE2L3P1",0
"RN7SKP72",0
"RNU6-349P",0
"RN7SL282P",0
"RN7SL50P",0
"MIR4317",0
"RNU6-916P",0
"RNU6-903P",0
"RN7SL97P",0
"RNU6-1289P",0
"MIR302F",0
"RNU6-408P",0
"MIR3929",0
"MIR4318",0
"MIR924",0
"MIR5583-2",0
"MIR5583-1",0
"RNU6-1242P",0
"RN7SKP182",0
"RNA5SP454",0
"RNA5SP455",0
"MIR187",0
"MIR4743",0
"MIR4527",0
"RNU6-706P",0
"RNA5SP458",0
"RNU6-737P",0
"RNU6-116P",0
"RN7SL342P",0
"RNA5SP456",0
"RNU4-17P",0
"RNU6-567P",0
"MIR5011",0
"RNU6-142P",0
"RNU6-1037P",0
"RN7SL795P",0
"RNA5SP460",0
"MIR548AV",0
"RNU6-39P",0
"RNU6-655P",0
"RPL31P59",0
"IGLJCOR18",0
"RPL21P127",0
"BOD1P1",0
"RNU6-1131P",0
"SKOR2",0
"DSG3",0
"RN7SKP44",0
"TTR",0
"MIR4744",0
"PRR13P4",0
"RPL17-C18orf32",0
"MIR1539",0
"SNORD58C",0
"SNORD58A",0
"SNORD58B",0
"SRP72P1",0
"RNU1-46P",0
"TCF4-AS1",0
"RPL21P126",0
"AQP4",0
"ONECUT2",0
"RSL24D1P11",0
"LINC01897",0
"MIR122",0
"MIR3591",0
"SNORA108",0
"RPL9P31",0
"RNU6-219P",0
"MIX23P1",0
"PMM2P1",0
"MIR6788",0
"RNU6-120P",0
"EXOGP1",0
"MIR320C1",0
"ATP5MC1P6",0
"RNU6-324P",0
"PMM2P2",0
"PPIAP56",0
"CIDEA",0
"RNU6-170P",0
"MLECP1",0
"SETBP1-DT",0
"MIR4319",0
"MIR4526",0
"RNU7-25P",0
"RNU6-857P",0
"DSC3",0
"RNU6-167P",0
"PSMA8",0
"RNA5SP453",0
"MEP1B",0
"CLUHP6",0
"SERPINB13",0
"SERPINB11",0
"SERPINB3",0
"ASXL3-DT",0
"DYNAPP2",0
"DYNAPP3",0
"DYNAP",0
"NOL4",0
"RN7SL551P",0
"SERPINB12",0
"RNU7-129P",0
"THEMIS3P",0
"AKR1B1P6",0
"RBFADN",0
"SLC25A6P4",0
"KCNG2",0
"IL9RP4",0
"MIR8078",0
"BOLA2P1",0
"ADCYAP1",0
"LINC01904",0
"KATNBL1P3",0
"RNU6-340P",0
"SALL3",0
"CETN1",0
"RN7SKP146",0
"LRRC30",0
"LINC03101",0
"LONRF2P1",0
"GRAMD4P7",0
"POTEC",0
"RNU6-1021P",0
"OR4K7P",0
"OR4K8P",0
"SNX19P3",0
"VN1R74P",0
"GTF2IP8",0
"RNU6-1210P",0
"MIR3156-2",0
"LINC01906",0
"ANKRD30B",0
"PIGPP4",0
"RPS27P28",0
"CCDC178",0
"RN7SL233P",0
"MIR133A1",0
"MIR1-2",0
"RNU6-1038P",0
"RNA5SP451",0
"TOMM20P3",0
"RPS4XP19",0
"RNU5F-3P",0
"MIR3976",0
"TMEM200C",0
"RAX",0
"CPLX4",0
"RPS26P54",0
"GLUD1P4",0
"CCBE1",0
"RNU6-1278P",0
"ELOA3DP",0
"ELOA3BP",0
"ELOA3P",0
"SERPINB7",0
"RPL12P39",0
"SCARNA17",0
"RNA5SP457",0
"ADAD1P2",0
"MIR4320",0
"RN7SL310P",0
"CFAP53",0
"MC2R",0
"RPL36AP49",0
"FRG2LP",0
"SERPINB10",0
"RPL17P44",0
"SLC35G4",0
"MIR7153",0
"ASNSP6",0
"GAD3P",0
"ROCK1P1",0
"NPIPB1P",0
"RNU6-346P",0
"RPL26P35",0
"ANKRD20A5P",0
"RNU6-316P",0
"RHOT1P1",0
"CYP4F35P",0
"FEM1AP2",0
"TUBB8B",0
"RN7SL39P",0
"MIR6718",0
"RNU6-831P",0
"GAPDHP66",0
"ELOCP27",0
"VN1R76P",0
"MIR4528",0
"RPL29P32",0
"CUPIN1P",0
"RPL7AP67",0
"HNRNPA3P16",0
"RPL17P46",0
"SS18L2P2",0
"RPS10P27",0
"KIAA0895LP1",0
"ADGRA3P1",0
"CBX3P2",0
"CXADRP3",0
"RPLP0P12",0
"ELOA3CP",0
"LRRC37A7P",0
"OACYLP",0
"ZNF271P",0
"RN7SL401P",0
"SMIM21",0
"CCND3P2",0
"ZNF516-DT",0
"ARL2BPP1",0
"RNA5SP461",0
"BNIP3P3",0
"RNU6-721P",0
"RNU6-702P",0
"RNU6-1032P",0
"MIR4741",0
"MIR8057",0
"ATP6V1E1P2",0
"UBA52P9",0
"RBM22P1",0
"PA2G4P3",0
"WBP11P1",0
"DSCAS",0
"LINC01538",0
"SLC25A52",0
"RNU6-1050P",0
"RNA5SP452",0
"RNU6-435P",0
"MIR320C2",0
"LINC01926",0
"LINC01544",0
"LINC01415",0
"GACAT2",0
"LINC01882",0
"LINC02958",0
"LINC01444",0
"MIR133A1HG",0
"LINC01254",0
"LINC02856",0
"LINC01541",0
"LINC01925",0
"LINC01915",0
"MIR3976HG",0
"LINC01899",0
"LINC01905",0
"LINC01416",0
"ARHGAP28-AS1",0
"DLGAP1-AS4",0
"MIR122HG",0
"LINC01917",0
"ZNF24TR",0
"LINC00668",0
"LINC01929",0
"GATA6-AS1",0
"SNHG22",0
"LINC01901",0
"LINC01927",0
"DSG1-AS1",0
"LINC01893",0
"LINC01896",0
"PCAT18",0
"PPP4R1-AS1",0
"LINC02564",0
"LINC02837",0
"DYM-AS1",0
"LINC01630",0
"PPIAP14",0
"FAM32DP",0
"WBP2P1",0
"LINC01894",0
"SDHDP1",0
"FGF7P1",0
"SMUG1P1",0
"NF1P5",0
"RPL23AP77",0
"LINC01887",0
"DEFB129",0
"ANGPT4",0
"DYNLT3P1",0
"EEF1A1P34",0
"DEFB125",0
"SRSF10P2",0
"INSM1",0
"LIN28AP3",0
"DEFB128",0
"DEFB126",0
"RPL7P2",0
"EIF4E2P1",0
"CST5",0
"RPL7AP13",0
"CENATACP1",0
"PGAM3P",0
"RPS11P1",0
"GAPDHP2",0
"PCMTD1P7",0
"CFTRP2",0
"GGTLC1",0
"POM121L3P",0
"CST2",0
"CFTRP3",0
"SCRT2",0
"DEFB127",0
"DUX4L32",0
"DUX4L33",0
"DEFB115",0
"CST2P1",0
"CST9L",0
"LINC01734",0
"DHX35-DT",0
"GAPDHP54",0
"WFDC11",0
"RPL35AP",0
"ATG3P1",0
"SLC2A10",0
"CFAP61-AS1",0
"RPL27AP9",0
"TP53RK-DT",0
"MC3R",0
"RPL13P14",0
"CBLN4",0
"DKKL1P1",0
"GAPDHP53",0
"CST9LP2",0
"RBBP8NL",0
"LINC00687",0
"CSTP2",0
"PHACTR3-AS1",0
"LINC01056",0
"LINC01429",0
"ANAPC13P1",0
"SOX18",0
"RPL17P1",0
"SCP2D1",0
"BHLHE23",0
"RPSAP1",0
"RPL29P35",0
"RPS2P1",0
"FRG2EP",0
"GATA5",0
"AGGF1P10",0
"RPL7P3",0
"PIEZO1P1",0
"LLPHP1",0
"MRPS11P1",0
"RN7SL547P",0
"RN7SL607P",0
"RN7SKP111",0
"RNU6-1257P",0
"RN7SL690P",0
"RNU1-23P",0
"RNA5SP528",0
"RNU6-639P",0
"RNA5SP532",0
"RN7SL116P",0
"RN7SL680P",0
"RNU7-144P",0
"RNU6-347P",0
"RNU7-6P",0
"RNU6-497P",0
"RNA5SP487",0
"MIR3194",0
"RNU6-929P",0
"RNU4ATAC7P",0
"RNU7-141P",0
"MIR1-1",0
"MIR133A2",0
"RN7SKP33",0
"MIR4758",0
"RNU6-563P",0
"SYS1-DBNDD2",0
"NDUFB4P10",0
"MIR296",0
"MIR298",0
"TUBB1",0
"MRPS16P2",0
"GDF5",0
"MIR1289-1",0
"C20orf173",0
"RPL36P4",0
"RPL37P1",0
"RN7SKP271",0
"RPS27AP3",0
"RN7SL443P",0
"RNU6-743P",0
"EIF4EBP2P1",0
"RPL27AP",0
"GTSF1L",0
"CST9",0
"OTOR",0
"R3HDML",0
"MIR124-3",0
"MIR3196",0
"NKAIN4",0
"MIR4326",0
"RNU6-994P",0
"CHRNA4",0
"HIGD1AP15",0
"RPL23AP6",0
"SDAD1P2",0
"RNU1-94P",0
"XKR7",0
"RNA5SP481",0
"RNA5SP482",0
"MIR1825",0
"GDAP1L1",0
"TGIF2-RAB5IF",0
"HNRNPA3P2",0
"OXT",0
"AVP",0
"RNU6-1019P",0
"UBE2V1P1",0
"RNU6-384P",0
"MIR3193",0
"COX4I2",0
"ATP5MFP7",0
"MYLK2",0
"FOXS1",0
"RNA5SP477",0
"ZNF877P",0
"OVOL2",0
"RNU7-137P",0
"GGCTP2",0
"RN7SL14P",0
"RNU2-56P",0
"RN7SKP74",0
"ACTG1P3",0
"SNPH",0
"MIR6869",0
"TVP23BP3",0
"FTLP1",0
"TCEAL9P1",0
"RN7SL666P",0
"PROKR2",0
"RNA5-8SP7",0
"PAK5",0
"GNRH2",0
"BANF2",0
"RNU2-52P",0
"MIR6871",0
"RPL23AP81",0
"RN7SL615P",0
"RPL7AP12",0
"IDI1P3",0
"RPF2P1",0
"SLC24A3",0
"RNA5SP484",0
"ADI1P1",0
"RNU6-1018P",0
"RPL5P2",0
"SPINT3",0
"EPPIN-WFDC6",0
"HSPD1P21",0
"EPPIN",0
"HNRNPA1P3",0
"WFDC3",0
"SPINT5P",0
"RNU6ATAC38P",0
"SNAP23P1",0
"DPH3P1",0
"ARF4P2",0
"HSPA12B",0
"SPEF1",0
"HMGB3P2",0
"DEFB132",0
"SNORD12C",0
"SNORD12B",0
"SNORD12",0
"RPL21P2",0
"CST1",0
"CST4",0
"KCNG1",0
"WFDC13",0
"MIR3617",0
"SPINT4",0
"TNFRSF6B",0
"RPL19P1",0
"C20orf141",0
"TMEM239",0
"C20orf204",0
"SRMS",0
"TMEM74B",0
"RAD21L1",0
"TPM3P2",0
"RNU7-173P",0
"SRMP1",0
"RNA5SP486",0
"RNU7-92P",0
"PEDS1-UBE2V1",0
"RN7SL636P",0
"RPL7AP14",0
"RNA5SP479",0
"CSTL1",0
"CST11",0
"SLC25A6P1",0
"GHRH",0
"PARAL1",0
"OCSTAMP",0
"SGK2",0
"TGM3",0
"TGM6",0
"SNORA71E",0
"SNORA60",0
"SLC32A1",0
"COL20A1",0
"WFDC10B",0
"MIR1257",0
"RPL17P48",0
"MIR3195",0
"C20orf202",0
"ARHGAP40",0
"WFDC8",0
"CCNB1IP1P2",0
"MIR4756",0
"CYP24A1",0
"MIR499A",0
"MIR499B",0
"PCK1",0
"HSPD1P19",0
"CIMIP1",0
"ANKRD60",0
"MIR6812",0
"SUN5",0
"BPIFB2",0
"PUDPP3",0
"BPIFB4",0
"BPIFA2",0
"SOCS2P1",0
"BPIFA3",0
"RPL12P3",0
"BPIFB1",0
"SNTA1",0
"XPOTP1",0
"ITCH-IT1",0
"FOXA2",0
"KRT18P3",0
"GCNT1P1",0
"RNA5SP476",0
"MIR3192",0
"RN7SL638P",0
"RNU6ATAC34P",0
"DTD1-AS1",0
"MIR4325",0
"RPL39P39",0
"MTND1P9",0
"DEFB121",0
"DEFB123",0
"DEFB124",0
"REM1",0
"WFDC12",0
"SEMG2",0
"DEFB116",0
"HAUS6P2",0
"RNA5SP480",0
"DEFB117",0
"DEFB118",0
"PAX1",0
"CHGB",0
"KANK1P1",0
"MTCO1P59",0
"RN7SL498P",0
"TARDBPP1",0
"RNU1-55P",0
"FGFR3P3",0
"GFRA4",0
"MIR3646",0
"NPBWR2",0
"IL9RP5",0
"CICP4",0
"IQSEC3P3",0
"SSTR4",0
"RNA5SP478",0
"MIR6813",0
"LIME1",0
"C20orf181",0
"MIR941-1",0
"MIR941-2",0
"MIR941-3",0
"MIR941-4",0
"MIR941-5",0
"MIR1914",0
"MIR647",0
"PPIAP17",0
"RPLP0P1",0
"RNU6-278P",0
"MACROD2",0
"RPS3P1",0
"AIMP1P1",0
"RN7SL864P",0
"FLRT3",0
"RNU6-228P",0
"RNF11P2",0
"MACROD2-IT1",0
"RNU6-1159P",0
"RNU6-115P",0
"ENSAP1",0
"CST13P",0
"CSTP1",0
"ANKRD20A21P",0
"ZNF285DP",0
"BPIFA4P",0
"DEFB122",0
"PPP4R1L",0
"FRG1CP",0
"RNU6ATAC17P",0
"RN7SL594P",0
"MED28P7",0
"BSNDP1",0
"BSNDP2",0
"EEF1A2",0
"GLRXP1",0
"LINC00489",0
"HSPBAP1P1",0
"PHKBP1",0
"RNU105B",0
"RPL36P1",0
"RN7SKP184",0
"RNU7-14P",0
"HMGB3P1",0
"PTPRT-AS1",0
"RN7SKP100",0
"PTPRT",0
"VSTM2L",0
"APCDD1L",0
"RPS4XP2",0
"MKRN7P",0
"FER1L4",0
"ZNF663P",0
"BPIFB9P",0
"KCNQ2",0
"WFDC6",0
"RN7SL197P",0
"RNU6-919P",0
"RPS21P7",0
"MIR646",0
"MTCO2P1",0
"MIR4533",0
"MIR548AG2",0
"RIMS4",0
"PGBD4P2",0
"SIRPG-AS1",0
"RN7SL561P",0
"CKAP2LP1",0
"LINC01751",0
"LINC01706",0
"MIR8062",0
"MIR6870",0
"FAT1P1",0
"LINC01722",0
"RNU6-27P",0
"RNU1-131P",0
"CST12P",0
"CST8",0
"CFTRP1",0
"BSNDP3",0
"NCOR1P1",0
"MIR663A",0
"RN7SKP185",0
"RN7SL237P",0
"KIAA1755",0
"HSPE1P1",0
"RPS2P54",0
"MIR3616",0
"LINC03079",0
"MRPS33P4",0
"C20orf203",0
"LBP",0
"SNORA71A",0
"SNORA71C",0
"SNORA71D",0
"KCNQ2-AS1",0
"GNAS-AS1",0
"KIZ-AS1",0
"MIR1292",0
"SNORD110",0
"SNORA51",0
"SNORD86",0
"SNORD56",0
"SNORD57",0
"BMP7-AS1",0
"LINC01431",0
"CASC20",0
"LINC01370",0
"LINC01427",0
"LINC00686",0
"SCP2D1-AS1",0
"APCDD1L-DT",0
"FAM242B",0
"R3HDML-AS1",0
"MACROD2-AS1",0
"LINC00851",0
"LINC01713",0
"LINC01733",0
"LINC03083",0
"LINC00659",0
"LINC01524",0
"LINC01718",0
"MIR663AHG",0
"EYA2-AS1",0
"LINC00029",0
"LINC01620",0
"LINC01747",0
"MIR1-1HG",0
"CSE1L-DT",0
"LINC01749",0
"LINC01432",0
"LNCNEF",0
"ISM1-AS1",0
"LAMA5-AS1",0
"LINC01746",0
"LINC01728",0
"BCL2L1-AS1",0
"LINC00261",0
"LINC01441",0
"FAM242A",0
"LINC01597",0
"LINC01742",0
"PLCB1-IT1",0
"NKX2-4",0
"RN7SKP140",0
"GSTM3P1",0
"NKX2-2",0
"NKX2-2-AS1",0
"BETALINC1",0
"VSX1",0
"VTCN1P1",0
"KRT18P4",0
"RNU6-147P",0
"SCREEM1",0
"BBLNP1",0
"FRG1EP",0
"CST9LP1",0
"RPS27AP2",0
"FRG1DP",0
"MLLT10P1",0
"FRG1BP",0
"RARRES2P11",0
"RPS10P5",0
"VN1R108P",0
"FAM182B",0
"SIRPB3P",0
"NIPAL1P1",0
"LINC01716",0
"RNU6-1146P",0
"RN7SL170P",0
"PTMAP6",0
"OR4F8P",0
"WBP1LP11",0
"C2CD4C",0
"ONECUT3",0
"PALM",0
"ZNRF4",0
"CELF5",0
"RPS2P52",0
"CYP4F10P",0
"TEKTL1",0
"OR7C2",0
"OR7A11P",0
"OR7A3P",0
"OR7A15P",0
"CASP14",0
"OR10B1P",0
"OR10H4",0
"NCAN",0
"BORCS8-MEF2B",0
"VN1R80P",0
"MTDHP2",0
"BNIP3P24",0
"VN1R79P",0
"VN1R82P",0
"VN1R78P",0
"ZNF729",0
"CPSF6P1",0
"BNIP3P28",0
"ZNF209P",0
"BNIP3P32",0
"KRT18P40",0
"BNIP3P36",0
"VN1R90P",0
"TM6SF2",0
"BNIP3P35",0
"BNIP3P8",0
"PCGF7P",0
"CDC42EP3P1",0
"BNIP3P31",0
"RPL7AP10",0
"MTDHP4",0
"BNIP3P30",0
"ERVK-28",0
"BNIP3P33",0
"VN1R91P",0
"BNIP3P29",0
"BNIP3P40",0
"VN1R85P",0
"ZNF92P2",0
"BNIP3P38",0
"HAPLN4",0
"MTDHP3",0
"BNIP3P37",0
"RPL36AP51",0
"BRI3BPP1",0
"RPS4XP20",0
"VN1R92P",0
"CHST8",0
"ZNF723",0
"TAF9P3",0
"WTIP",0
"RPS4XP23",0
"RAB4B-EGLN2",0
"RHPN2",0
"CADM4",0
"NLRP4",0
"IRGC",0
"CYP2A6",0
"CYP2A7P2",0
"COX7A1",0
"CYP2B6",0
"CYP2G2P",0
"BNIP3P34",0
"BSPH1",0
"CABP5",0
"RPL36P16",0
"KLK2",0
"MIA-RAB4B",0
"PSG7",0
"VN1R88P",0
"DKKL1",0
"VN1R81P",0
"LINC01782",0
"CHCHD2P3",0
"RPS4XP21",0
"RNU6-2",0
"MIR1302-11",0
"MIR7850",0
"RNU6-782P",0
"MIR1470",0
"RN7SL70P",0
"RNU6-1028P",0
"RNA5SP469",0
"RNA5-8SP4",0
"RNU6-967P",0
"RNA5SP471",0
"RNA5SP472",0
"MIR4324",0
"ACP7",0
"IFNL3P1",0
"MSRB1P1",0
"IFNL4P1",0
"IFNL1",0
"MIR4530",0
"RPS29P24",0
"RPS29P25",0
"PNMA8A",0
"MIR320E",0
"CLIC4P2",0
"MIR6791",0
"MIR4745",0
"MIR3187",0
"NANOS2",0
"MIR769",0
"PGLYRP1",0
"IGFL3",0
"TGIF1P1",0
"RSPH6A",0
"BICRA-AS1",0
"SNORD23",0
"C19orf18",0
"MIR4750",0
"MIR4751",0
"ASPDH",0
"C19orf81",0
"GPR32P1",0
"GPR32",0
"SNORD88B",0
"SNORD88C",0
"KLK1",0
"CYP4F36P",0
"ZNF861P",0
"CTBP2P7",0
"RN7SL192P",0
"MIR6886",0
"HIPK4",0
"SERTAD3-AS1",0
"PSG6",0
"SYCN",0
"MEIOSIN",0
"IFNL2",0
"PRX",0
"RNU6-317P",0
"LINC00904",0
"MIR6887",0
"MIR5695",0
"MIR6515",0
"GARIN5B",0
"TMEM190",0
"MIR6805",0
"ZNF628-DT",0
"SBK3",0
"NLRP9",0
"RFPL4AP1",0
"RN7SL477P",0
"OR7D1P",0
"OR7E18P",0
"OR7H1P",0
"UBXN2AP1",0
"ZNF560",0
"ZSCAN5DP",0
"VN2R17P",0
"SLC25A36P1",0
"COL5A3",0
"RDH8",0
"MIR5589",0
"PPAN-P2RY11",0
"SNORD105",0
"SNORD105B",0
"MIR4322",0
"RPL39P34",0
"PABPN1P2",0
"ERICH4",0
"SIGLEC29P",0
"RPL9P33",0
"MIR99B",0
"MIRLET7E",0
"MIR125A",0
"RNA5SP468",0
"RPS18P13",0
"MIR6799",0
"MIR6800",0
"MIR4749",0
"FXYD1",0
"MIR4999",0
"SYNGR4",0
"SPACA4",0
"CNN1",0
"GAPDHP76",0
"KASH5",0
"PTH2",0
"SNORD32A",0
"SNORD33",0
"SNORD34",0
"SNORD35A",0
"SNORD35B",0
"COX6CP7",0
"MIR5088",0
"RNU6-841P",0
"TMEM145",0
"MIR6798",0
"LHB",0
"NTF6A",0
"NTF6G",0
"NTF6B",0
"CGB5",0
"RN7SL708P",0
"VN1R6P",0
"OSTCP3",0
"RNU6-698P",0
"MIR512-1",0
"MIR512-2",0
"MIR1323",0
"MIR498",0
"MIR520E",0
"MIR515-1",0
"MIR519E",0
"MIR520F",0
"MIR515-2",0
"MIR519C",0
"MIR1283-1",0
"MIR520A",0
"MIR526B",0
"MIR519B",0
"MIR525",0
"MIR523",0
"MIR518F",0
"MIR520B",0
"MIR518B",0
"MIR526A1",0
"MIR520C",0
"MIR518C",0
"MIR524",0
"MIR517A",0
"MIR519D",0
"MIR521-2",0
"RNU6-803P",0
"MIR520D",0
"MIR520G",0
"MIR516B2",0
"MIR526A2",0
"MIR518E",0
"MIR518A1",0
"RNU6-980P",0
"MIR518D",0
"MIR516B1",0
"MIR518A2",0
"MIR517C",0
"MIR520H",0
"RNU6-982P",0
"MIR521-1",0
"RNU6-751P",0
"MIR522",0
"MIR527",0
"MIR516A1",0
"MIR1283-2",0
"RNU6-1041P",0
"MIR516A2",0
"MIR519A2",0
"MIR1909",0
"MIR7108",0
"RN7SL337P",0
"MIR8077",0
"CEACAMP2",0
"CEACAM8",0
"CEACAMP1",0
"MIR6792",0
"EXOSC3P2",0
"PRR36",0
"LYPLA2P2",0
"LRRC8E",0
"ISCA1P7",0
"BNIP3P26",0
"SAXO5",0
"CLEC4M",0
"LINC02926",0
"SNORD41",0
"BEST2",0
"MIR6794",0
"MIR6795",0
"RNU6-195P",0
"RPL21P130",0
"RN7SL619P",0
"MIR24-2",0
"MIR27A",0
"MIR23A",0
"MIR181C",0
"MIR181D",0
"RLN3",0
"PALM3",0
"MIR1199",0
"C19orf67",0
"RN7SL231P",0
"GDF1",0
"RPL35AP38",0
"RNU7-140P",0
"MIR1238",0
"AP1M2",0
"LSM2P1",0
"MIR638",0
"MIR199A1",0
"MIR4323",0
"RN7SL836P",0
"EXOC3L2",0
"CGB2",0
"RNU6-140P",0
"TMEM221",0
"NXNL1",0
"FUT5",0
"RNA5SP462",0
"ACER1",0
"MIR6885",0
"MIR6790",0
"MIR3940",0
"SLC25A41",0
"ACSBG2",0
"RN7SL663P",0
"RNU6-1307P",0
"MIR4752",0
"CYP2A7",0
"HPN",0
"SMIM47",0
"OR10H2",0
"GFY",0
"OR7E24",0
"OR7A10",0
"CIMAP1D",0
"APOC4",0
"APOC2",0
"RPS29P23",0
"MTND2P40",0
"MTCO1P27",0
"MTCO2P27",0
"PPIAP20",0
"RNU6-165P",0
"HMGN1P32",0
"SEPTIN7P8",0
"MIR371A",0
"MIR371B",0
"MIR372",0
"MIR373",0
"CACNG7",0
"CACNG8",0
"MIR935",0
"CACNG6",0
"GIPC3",0
"TMEM59L",0
"RN7SL155P",0
"RNA5SP464",0
"RNA5SP466",0
"RSL24D1P8",0
"RNA5SP467",0
"ZNF625-ZNF20",0
"ZNF625",0
"RPS16P9",0
"OR7G1",0
"OR7G15P",0
"OR7G3",0
"ELOCP29",0
"OR7E16P",0
"OR7D4",0
"OR7A17",0
"OR7A18P",0
"RN7SL823P",0
"C19orf85",0
"SHC2",0
"THSD8",0
"CGB8",0
"KCNA7",0
"LMTK3",0
"CGB3",0
"SLC1A6",0
"ZNF816-ZNF321P",0
"ZNF665",0
"VN1R2",0
"ZNF223",0
"RNU6-902P",0
"KLK9",0
"KLK12",0
"KLK13",0
"KLK14",0
"SIGLEC20P",0
"SIGLEC21P",0
"LIM2",0
"C19orf84",0
"NIFKP6",0
"SIGLECL1",0
"RPS15AP36",0
"TARM1",0
"VN1R104P",0
"CDC42EP5",0
"LINC02959",0
"MYBPC2",0
"HNRNPDLP4",0
"NRTN",0
"RN7SL202P",0
"MIR637",0
"SNORD37",0
"CREB3L3",0
"HMGB2P1",0
"BNIP3P39",0
"TYMSP2",0
"OR5AH1P",0
"MIR1227",0
"MIR6789",0
"MIR4321",0
"LEUTX",0
"MBD3L5",0
"MBD3L4",0
"MBD3L2",0
"GNG8",0
"KLK3",0
"ZNF99",0
"IGFL4",0
"IGFL1P1",0
"IGFL1",0
"OR7G2",0
"OR4F17",0
"IGFL2",0
"MISP3",0
"ERVV-1",0
"NMRK2",0
"NLRP13",0
"CLEC4G",0
"IFNL3",0
"HCN2",0
"FGF22",0
"TSPAN16",0
"RPL32P34",0
"RN7SL525P",0
"MIR6807",0
"RN7SL322P",0
"NFILZ",0
"KLK5",0
"KLK7",0
"KLK4",0
"MIR8061",0
"VN1R105P",0
"KIR2DL3",0
"KIR2DP1",0
"KIR2DL1",0
"KIR3DP1",0
"RNU6-222P",0
"NLRP5",0
"ZSCAN5B",0
"MIR5196",0
"UPK1A",0
"KLK8",0
"RNU6-9",0
"KLK15",0
"CGB1",0
"SHD",0
"KISS1R",0
"ELANE",0
"MIR330",0
"SNORA68",0
"NCR1",0
"IGFL1P2",0
"RNU6-924P",0
"CCDC8",0
"FAM90A27P",0
"MIR4747",0
"RNU6-1223P",0
"FUT3",0
"RN7SL150P",0
"SUNO1",0
"SLC7A10",0
"RPS3AP50",0
"FAM187B",0
"FAM187B2P",0
"MAG",0
"DNAJC19P2",0
"DNAJC19P3",0
"CEACAM7",0
"DMRTC2",0
"MIR7974",0
"RN7SL833P",0
"TPRX1",0
"LINC03085",0
"TPRX2",0
"RPL31P60",0
"PCSK4",0
"PDE4C",0
"ZSCAN5C",0
"SELENOV",0
"NLRP11",0
"VN1R4",0
"MIR3191",0
"EIF5AP3",0
"MIR641",0
"RNU6-945P",0
"MIR7-3",0
"MIR6801",0
"MIR643",0
"DPPA5P1",0
"BNIP3P9",0
"BNIP3P10",0
"BNIP3P47",0
"IFNL4",0
"KIR2DS4",0
"MIR6806",0
"RNA5SP473",0
"RNF225",0
"LINC02560",0
"ZNF132-DT",0
"RNU6-1337P",0
"RN7SL693P",0
"CYP4F9P",0
"SNX33P1",0
"PMIS2",0
"COMP",0
"CEACAMP7",0
"PSG11",0
"CEACAMP8",0
"PSG2",0
"CEACAMP9",0
"PSG3",0
"PSG8",0
"CEACAMP6",0
"PSG1",0
"OR1AB1P",0
"OR4G1P",0
"OR7A1P",0
"CYP4F23P",0
"CYP2G1P",0
"OR7A2P",0
"OR7E19P",0
"ZNF542P",0
"ZNF788P",0
"OR7E25P",0
"SIGLEC22P",0
"KLKP1",0
"KIR3DX1",0
"FAM90A28P",0
"ZNF781",0
"CEACAMP3",0
"CLEC4OP",0
"CYP2B7P",0
"SIGLEC17P",0
"APOC1P1",0
"C3P1",0
"ZNF56P",0
"NAPSB",0
"ZNF812P",0
"PSG10P",0
"SIGLEC5",0
"RPS29P27",0
"LGALS14",0
"CLC",0
"ZNF536",0
"ZNF829",0
"ZNF559-ZNF177",0
"CGB7",0
"SBSN",0
"ATP4A",0
"ZNF177",0
"NDUFA3P1",0
"ZNF112",0
"ZNF285",0
"ZNF285BP",0
"CEACAM20",0
"CEACAM22P",0
"IGSF23",0
"MIR4531",0
"CEACAM16",0
"MIR8085",0
"CBLC",0
"NLRP7",0
"CCER2",0
"ERVK9-11",0
"PPP5D1P",0
"HNRNPMP2",0
"ACTL9",0
"BNIP3P13",0
"BNIP3P14",0
"BNIP3P15",0
"GNG14",0
"MIR3188",0
"RN7SL513P",0
"MIR3189",0
"DPRX",0
"TLE6",0
"ADGRE4P",0
"MBD3L2B",0
"ANGPTL8",0
"PLVAP",0
"RPL7AP69",0
"USP29",0
"ZIM3",0
"DPPA3P8",0
"DUXA",0
"MIR6088",0
"CIST1",0
"MBD3L1",0
"BOLA3P2",0
"OR1M4P",0
"WASH5P",0
"CCNYL6",0
"IPO5P1",0
"CYP2F2P",0
"TPM3P9",0
"RPL17P47",0
"ZNF321P",0
"BIRC8",0
"LILRP2",0
"ZNF702P",0
"CYP2T1P",0
"TMEM277P",0
"C19orf48P",0
"VN2R19P",0
"MIR7975",0
"TNNI3",0
"MIR6804",0
"MIR6802",0
"MIR6803",0
"RPS29P30",0
"RN7SL146P",0
"SMIM46",0
"ZIM2",0
"MIR640",0
"CILP2",0
"PHF5AP1",0
"SEPTIN14P19",0
"CICP19",0
"RNU6-1076P",0
"SPMAP2",0
"ZNF887P",0
"ZNF833P",0
"BNIP3P18",0
"BNIP3P19",0
"BNIP3P20",0
"ZNF826P",0
"MIR1270",0
"BNIP3P22",0
"BNIP3P23",0
"FIGLAP1",0
"RNU6-1179P",0
"GOLGA2P9",0
"RN7SL860P",0
"RAD54L2P1",0
"ZNF849P",0
"VN1R87P",0
"MAN1A2P1",0
"RNA5SP470",0
"RN7SL340P",0
"GPR42",0
"RN7SL491P",0
"LGALS16",0
"MIR8074",0
"ZFP28",0
"SIGLEC31P",0
"ZIM2-AS1",0
"SMIM17",0
"SIGLEC24P",0
"PTGER1",0
"YPEL5P4",0
"RPS29P26",0
"LGALS13",0
"SLC8A2",0
"CENPBD2P",0
"RNU6-993P",0
"COX16P1",0
"VN1R83P",0
"BNIP3P25",0
"ZNF222-DT",0
"ZNF30-AS1",0
"SEC1P",0
"SMIM44",0
"CYP4F2",0
"PTPRS-AS1",0
"MIR1181",0
"PSG8-AS1",0
"UPK1A-AS1",0
"LINC01838",0
"FAM138F",0
"LINC00905",0
"ZNF582-DT",0
"LINC01842",0
"LINC01233",0
"LINC01791",0
"ZNF566-AS1",0
"LINC01532",0
"LINC01531",0
"LINC01837",0
"ARHGEF18-AS1",0
"LINC01595",0
"ILVBL-AS1",0
"LINC01785",0
"IGFL2-AS1",0
"HAUS5-DT",0
"PSG11-AS1",0
"LINC01859",0
"LINC01858",0
"LINC02841",0
"LINC00661",0
"MIMT1",0
"PSG5",0
"PSG9",0
"CEACAMP10",0
"CEACAMP11",0
"CEACAMP4",0
"CD177",0
"VN1R107P",0
"OR4G3P",0
"RPL23AP2",0
"CYP4F24P",0
"CYP2A7P1",0
"CYP2T3P",0
"CEACAMP5",0
"CRIPTOP7",0
"RPL10P15",0
"TMEM167AP2",0
"OR7A8P",0
"RPL23AP80",0
"VN1R96P",0
"TPRG1LP1",0
"SIGLEC27P",0
"RPL7P51",0
"SAXO3",0
"CLEC4GP1",0
"RPL28P5",0
"SIGLEC18P",0
"LETM1P2",0
"SCGB2B3P",0
"SLC6A21P",0
"BNIP3P16",0
"MARK2P21",0
"HNRNPA1P10",0
"VN1R95P",0
"CD177P1",0
"SNORA68B",0
"RN7SL789P",0
"RGS9BP",0
"GCM1P1",0
"RN7SKP22",0
"TSPY24P",0
"ZNF92P1Y",0
"SERBP1P2",0
"TSPY12P",0
"DUX4L19",0
"OFD1P3Y",0
"RBMY2HP",0
"ELOCP35",0
"SLC9B1P1",0
"USP12PY",0
"KDM5DP1",0
"DUX4L17",0
"PRY",0
"ZNF736P6Y",0
"TUSC2P1",0
"PUDPP1",0
"CDRT15P10",0
"PRY2",0
"OFD1P8Y",0
"RNF19BPY",0
"TSPY23P",0
"TUBB1P2",0
"ACTR3BP1",0
"RPS24P1",0
"RCC2P2",0
"ZNF736P8Y",0
"BPY2",0
"MTND1P12",0
"CTBP2P1",0
"MTND6P1",0
"PABPC1P5",0
"TSPY22P",0
"RCC2P1",0
"SHROOM2P1",0
"DUX4L18",0
"ZNF736P11Y",0
"OFD1P9Y",0
"BPY2DP",0
"CHEK2P1",0
"RBMY2UP",0
"ZNF886P",0
"ELOCP8",0
"OFD1P16Y",0
"TTTY25P",0
"ASS1P6",0
"SNX18P1Y",0
"MED14P1",0
"ZNF885P",0
"ARSFP1",0
"ZNF736P7Y",0
"SURF6P1",0
"ANKRD20A6P",0
"RBMY2KP",0
"TSPY21P",0
"TTTY19",0
"TTTY4",0
"MXRA5Y",0
"DUX4L16",0
"MTCYBP1",0
"USP9YP17",0
"TTTY17A",0
"AGPAT5P1",0
"FAM41AY1",0
"ELOCP15",0
"TRIM60P3Y",0
"MTND1P1",0
"PRRC2CP1",0
"ZNF736P10Y",0
"CDY12P",0
"MTND2P3",0
"CDY13P",0
"RBMY1KP",0
"ARSDP1",0
"TTTY5",0
"RBMY1D",0
"USP9YP24",0
"UBE2V1P3",0
"FAM8A4P",0
"TRIM60P8Y",0
"MED13P1",0
"RNU6-303P",0
"RN7SL702P",0
"RNA5SP520",0
"RNA5SP521",0
"RNU6-109P",0
"RNU6-184P",0
"HSFY2",0
"GPM6BP2",0
"USP9YP2",0
"ELOCP14",0
"PRYP6",0
"XKRYP2",0
"USP9YP10",0
"RNU1-41P",0
"MTCYBP2",0
"CD24P4",0
"RNU6-255P",0
"GAPDHP19",0
"CLUHP1",0
"TAF9P1",0
"CDY5P",0
"ELOCP36",0
"ACTG1P2",0
"USP9YP23",0
"USP9YP27",0
"RNU1-128P",0
"TRAPPC2P3",0
"ELOCP6",0
"CDY6P",0
"USP9YP7",0
"USP9YP6",0
"CDY7P",0
"USP9YP34",0
"USP9YP32",0
"CDY8P",0
"ELOCP12",0
"TRAPPC2P8",0
"USP9YP15",0
"RNU1-95P",0
"USP9YP16",0
"ACTG1P11",0
"ELOCP26",0
"CDY9P",0
"TAF9P2",0
"CLUHP2",0
"RNA5SP522",0
"RNA5SP523",0
"TUBB1P1",0
"ELOCP13",0
"OFD1P4Y",0
"RNU1-48P",0
"USP9YP5",0
"XKRYP1",0
"PRYP5",0
"ELOCP7",0
"USP9YP1",0
"GPM6BP1",0
"RAB9AP4",0
"HSFY1",0
"TGIF2LY",0
"RBMY1F",0
"CDY2A",0
"ZNF736P3Y",0
"TRIM60P9Y",0
"RN7SKP282",0
"RNU6-941P",0
"RNU6-521P",0
"SRIP3",0
"GOT2P5",0
"ATP5PFP1",0
"TRIM60P10Y",0
"ZNF736P2Y",0
"TRIM60P11Y",0
"ZNF736P1Y",0
"ZNF736P5Y",0
"BPY2C",0
"TTTY4C",0
"CDY2B",0
"RNU6-1334P",0
"TOMM22P2",0
"NAP1L1P2",0
"EEF1A1P41",0
"SFPQP1",0
"DPPA2P1",0
"TMSB4Y",0
"VCY",0
"DAZ3",0
"DAZ1",0
"AMELY",0
"TBL1Y",0
"DAZ2",0
"AGKP1",0
"NLGN4Y-AS1",0
"RBMY1E",0
"CDY22P",0
"ELOCP17",0
"OFD1P18Y",0
"TRAPPC2P4",0
"RAB9AP3",0
"USP9YP20",0
"RNU1-40P",0
"USP9YP21",0
"XKRYP6",0
"PRYP4",0
"ELOCP11",0
"CDY23P",0
"USP9YP26",0
"HSFY8P",0
"RNU6-1314P",0
"CYCSP48",0
"VCY1B",0
"PNPLA4P1",0
"TBL1YP1",0
"RPS4Y2",0
"HSFY4P",0
"GAPDHP17",0
"TMEM167AP1",0
"TOMM22P1",0
"NEFLP1",0
"PRORY",0
"TSPY14P",0
"RBMY1HP",0
"TTTY13",0
"ELOCP5",0
"CDY10P",0
"USP9YP3",0
"USP9YP8",0
"CDY11P",0
"HSFY6P",0
"USP9YP18",0
"CDY14P",0
"ELOCP16",0
"XKRYP3",0
"USP9YP25",0
"USP9YP29",0
"RNU1-97P",0
"RAB9AP1",0
"TRAPPC2P9",0
"OFD1P11Y",0
"PRYP3",0
"RNU2-57P",0
"KRT18P10",0
"SNX3P1Y",0
"PCDH11Y",0
"ELOCP9",0
"CDY15P",0
"XKRYP4",0
"USP9YP13",0
"USP9YP11",0
"TTTY3B",0
"USP9YP12",0
"RNU1-86P",0
"RAB9AP5",0
"TRAPPC2P10",0
"OFD1P12Y",0
"ELOCP10",0
"CDY1B",0
"CDY17P",0
"USP9YP35",0
"USP9YP31",0
"CDY18P",0
"RN7SL818P",0
"UBE2Q2P4Y",0
"LINC00265-2P",0
"CICP2",0
"RBMY2XP",0
"TTTY17B",0
"TRIM60P5Y",0
"ZNF736P12Y",0
"TTTY4B",0
"BPY2B",0
"ZNF736P4Y",0
"RBMY2YP",0
"CICP1",0
"LINC00265-3P",0
"UBE2Q2P5Y",0
"GOLGA2P3Y",0
"RN7SL725P",0
"CDY19P",0
"USP9YP36",0
"USP9YP33",0
"CDY20P",0
"ELOCP34",0
"OFD1P13Y",0
"TRAPPC2P5",0
"RAB9AP2",0
"USP9YP30",0
"RNU1-107P",0
"TTTY3",0
"USP9YP9",0
"USP9YP19",0
"XKRYP5",0
"CYCSP49",0
"SLC25A15P1",0
"PARP4P1",0
"CCNQP2",0
"CDY1",0
"RBMY1J",0
"RBMY1B",0
"RBMY1A1",0
"RFTN1P1",0
"RBMY2FP",0
"RBMY2BP",0
"TTTY11",0
"ARSLP1",0
"OFD1P6Y",0
"TTTY9A",0
"XKRY",0
"XKRYP7",0
"HSFY3P",0
"TAB3P1",0
"RBMY2EP",0
"GOLGA2P2Y",0
"TXLNGY",0
"GYG2P1",0
"USP9YP22",0
"USP9YP4",0
"ELOCP4",0
"TTTY20",0
"TSPY4",0
"FAM197Y7",0
"FAM197Y6",0
"TSPY8",0
"TSPY3",0
"RBMY2CP",0
"RBMY2DP",0
"ZNF736P9Y",0
"FAM197Y8",0
"PRKY",0
"BCORP1",0
"FAM197Y5",0
"TSPY1",0
"FAM197Y4",0
"TSPY9",0
"FAM197Y3",0
"FAM197Y2",0
"TSPY10",0
"FAM197Y1",0
"TSPY25P",0
"TSPY16P",0
"TTTY22",0
"TSPY18P",0
"RBMY2OP",0
"RBMY2QP",0
"TSPY20P",0
"TSPY5P",0
"RNA5SP518",0
"RNA5SP519",0
"DUX4L31",0
"PCMTD1P1",0
"CDC27P2",0
"RNA5-8SP6",0
"DLGAP5P1",0
"TTTY23B",0
"TSPY2",0
"FAM197Y9",0
"TSPY19P",0
"LINC00280",0
"TSPY17P",0
"TTTY23",0
"FAM224B",0
"TTTY2B",0
"TTTY1B",0
"TTTY7",0
"TTTY8B",0
"TTTY16",0
"TTTY12",0
"TTTY2",0
"TTTY7B",0
"TTTY6",0
"TTTY17C",0
"TTTY6B",0
"SEPTIN14P23",0
"FAM224A",0
"FAM41AY2",0
"TTTY1",0
"LINC00279",0
"TTTY18",0
"TTTY8",0
"HSFY7P",0
"RBMY2AP",0
"STSP1",0
"RBMY2JP",0
"HSFY5P",0
"XGY1",0
"RBMY2WP",0
"USP9YP28",0
"PRYP1",0
"OFD1P1Y",0
"PRYP2",0
"USP9YP14",0
"RNASEH2CP1",0
"XGY2",0
"PPP1R12BP2",0
"REREP1Y",0
"GPR143YP",0
"OFD1P15Y",0
"REREP2Y",0
"PPP1R12BP1",0
"ANKRD36P1",0
"OFD1P2Y",0
"OFD1P5Y",0
"TTTY9B",0
"RBMY2TP",0
"OFD1P10Y",0
"GOLGA6L11P",0
"DNM1P24",0
"CSPG4P2Y",0
"CSPG4P3Y",0
"SEPTIN14P22",0
"CSPG4P4Y",0
"CSPG4P1Y",0
"DNM1P48",0
"GOLGA6L16P",0
"TPTE2P4",0
"RBMY1A3P",0
"TSPY7P",0
"TSPY6P",0
"TSPY15P",0
"RBMY3AP",0
"RBMY2NP",0
"TSPY13P",0
"TSPY11P",0
"RBMY2GP",0
"ACTR3BP7",0
"ZNF73P",0
"BNIP3P2",0
"ZNF72BP",0
"IGLV3-12",0
"RPS10P30",0
"ZNRF3-IT1",0
"ACO2P1",0
"LIF-AS2",0
"ENTHD1",0
"PNPLA3",0
"MRPS18CP6",0
"COX5BP7",0
"MTFR2P2",0
"GTSE1-DT",0
"MPPED1",0
"FUNDC2P4",0
"SKP1P4",0
"ZNRF3",0
"RNU6-1066P",0
"RN7SKP169",0
"MIR5739",0
"SNORD83A",0
"SNORD83B",0
"SNORD43",0
"MIR4535",0
"MIR3201",0
"RN7SKP214",0
"IGLCOR22-1",0
"CPSF1P1",0
"IGLCOR22-2",0
"IGLVIVOR22-2",0
"RN7SL305P",0
"MIR548J",0
"SSTR3",0
"RPL39P41",0
"RPS10P29",0
"SPECC1L-ADORA2A",0
"ARL5AP4",0
"CRIP1P4",0
"MYO18B",0
"MIR3200",0
"EIF4HP2",0
"PPP1R26P4",0
"E2F6P1",0
"DGCR6",0
"CELSR1P1",0
"RPL28P6",0
"DNAJA1P6",0
"MIR648",0
"RHEBP3",0
"ARL2BPP10",0
"ACR",0
"MIR4764",0
"SNORA50B",0
"LARGE-IT1",0
"FAM136EP",0
"YME1L1P1",0
"ARHGAP42P3",0
"USP10P3",0
"RN7SKP221",0
"RNU6-495P",0
"RNU6-476P",0
"RNU6ATAC22P",0
"RN7SL162P",0
"RPL8P5",0
"MIR4761",0
"MIR3618",0
"MIR1306",0
"MIR6816",0
"SNORA77B",0
"CCDC188",0
"KRT18P62",0
"RN7SL168P",0
"GP1BB",0
"MIR1286",0
"MIR33A",0
"MIR378I",0
"SNORD13P1",0
"RNU7-167P",0
"MIR3909",0
"MIR6069",0
"CACNG2",0
"RNU6-900P",0
"MIR6820",0
"MIR4534",0
"BAIAP2L2",0
"CCDC116",0
"MIR301B",0
"MIR130B",0
"RNU6-225P",0
"KLHL12P1",0
"RNY1P9",0
"RN7SL812P",0
"GSTT3P",0
"RNU6-810P",0
"RNU6-1219P",0
"EMID1",0
"SNORD125",0
"RPEP4",0
"RNU6-564P",0
"SDC4P",0
"GAL3ST1",0
"RN7SL268P",0
"RPS29P31",0
"PRDX3P1",0
"TSSK2",0
"GSC2",0
"PPP1R26P3",0
"TUBA8",0
"ATP5PFP2",0
"BCRP8",0
"RN7SL263P",0
"GALR3",0
"MIR658",0
"MIR659",0
"IGLVIVOR22-1",0
"MIR6817",0
"MIR649",0
"TUBA3GP",0
"MTCO1P20",0
"MTCO2P20",0
"MTATP6P20",0
"MTCO3P20",0
"MTCYBP34",0
"MTND1P10",0
"TERF2IPP1",0
"SYCE3",0
"MAPK8IP2",0
"RAB36",0
"RIMBP3C",0
"C22orf31",0
"IGLVI-70",0
"IGLV4-69",0
"IGLVI-68",0
"IGLV10-54",0
"IGLV10-67",0
"IGLVIV-66-1",0
"IGLVV-66",0
"IGLVIV-65",0
"IGLVIV-64",0
"IGLVI-63",0
"IGLV1-62",0
"IGLV8-61",0
"ABHD17AP5",0
"IGLV4-60",0
"SOCS2P2",0
"IGLVIV-59",0
"IGLVV-58",0
"BMP6P1",0
"IGLV6-57",0
"IGLVI-56",0
"IGLV11-55",0
"IGLVIV-53",0
"TOP3BP1",0
"IGLV5-52",0
"IGLV1-50",0
"ASH2LP3",0
"IGLV9-49",0
"IGLV5-48",0
"IGLV1-47",0
"ASH2LP2",0
"IGLV7-46",0
"IGLV5-45",0
"IGLV1-44",0
"IGLV7-43",0
"IGLVI-42",0
"IGLVVII-41-1",0
"IGLV1-41",0
"IGLV1-40",0
"ASH2LP1",0
"IGLVI-38",0
"IGLV5-37",0
"IGLV1-36",0
"SHISA8",0
"HMGN2P9",0
"SULT4A1",0
"PNPLA5",0
"MRPS16P3",0
"APOL5",0
"MIR6819",0
"STMN3P1",0
"CRYBB3",0
"CRYBB2",0
"SCARF2",0
"OR11H1",0
"GSTT4",0
"BPIFC",0
"MIOX",0
"BBLNP2",0
"MIRLET7A3",0
"MIR4763",0
"MIRLET7B",0
"RN7SKP80",0
"RNU6-513P",0
"RNU12",0
"RFPL2",0
"P2RX6",0
"RPL31P62",0
"RN7SL843P",0
"LINC02557",0
"IGLL1",0
"POM121L7P",0
"E2F6P2",0
"LRRC74B",0
"SLC9A3P2",0
"E2F6P3",0
"PPP1R26P5",0
"LINC01651",0
"SUSD2P1",0
"RN7SKP63",0
"RN7SKP210",0
"ZNF280A",0
"PRAME",0
"IGLV2-34",0
"IGLV2-33",0
"IGLV3-32",0
"IGLV3-31",0
"IGLV3-30",0
"BCRP4",0
"GGTLC2",0
"IGLV3-29",0
"IGLV2-28",0
"IGLV3-27",0
"IGLV3-26",0
"IGLVVI-25-1",0
"IGLV3-25",0
"IGLV3-24",0
"IGLV2-23",0
"IGLVVI-22-1",0
"IGLV3-22",0
"IGLV3-21",0
"IGLVI-20",0
"IGLV3-19",0
"IGLV2-18",0
"IGLV3-17",0
"IGLV3-16",0
"IGLV3-15",0
"RNU6-331P",0
"MIR6889",0
"RN7SL704P",0
"RN7SL385P",0
"TPTEP2-CSNK1E",0
"ELFN2",0
"CARD10",0
"RIMBP3B",0
"FAM246A",0
"TBX1",0
"CPMER",0
"MIR3199-1",0
"MIR3199-2",0
"RN7SL757P",0
"GSTT2",0
"MIR1281",0
"POTEH-AS1",0
"RNU6-816P",0
"IGLV3-9",0
"MIR650",0
"IGLV3-7",0
"IGLV3-6",0
"IGLV2-5",0
"IGLV3-4",0
"IGLV4-3",0
"IGLV3-2",0
"MIR5571",0
"IGLL5",0
"IGLJ1",0
"IGLC1",0
"IGLJ3",0
"IGLJ4",0
"IGLC4",0
"IGLJ5",0
"IGLC5",0
"IGLJ6",0
"IGLC6",0
"IGLJ7",0
"IGLC7",0
"POM121L9P",0
"BCRP3",0
"GGT3P",0
"LRP5L",0
"P2RX6P",0
"PRAMENP",0
"CECR7",0
"USP41P",0
"FAM247A",0
"SMPD4P1",0
"GGT2P",0
"POM121L1P",0
"RRP7BP",0
"BCRP2",0
"RPL23AP82",0
"TMEM191A",0
"CRYBB2P1",0
"ISCA2P1",0
"AP1B1P1",0
"AP1B1P2",0
"GGTLC3",0
"PI4KAP1",0
"RN7SKP131",0
"RIMBP3",0
"SUSD2P2",0
"FAM246B",0
"CA15P2",0
"PPP1R26P2",0
"SLC7A4",0
"GUSBP11",0
"MIR1249",0
"RNU6-1161P",0
"MIR4762",0
"C22orf42",0
"RFPL1",0
"RPL34P35",0
"RN7SL633P",0
"RPS15AP37",0
"PLA2G3",0
"SNRPNP2",0
"RNU6-1128P",0
"RNA5SP496",0
"RN7SL20P",0
"RPL17P52",0
"RNU6-201P",0
"RNA5SP497",0
"ETFRF1P1",0
"DRICH1",0
"TRNT1P2",0
"PHF21B",0
"POM121L15P",0
"SLC25A5P1",0
"LINC01399",0
"PI4KAP2",0
"C22orf46P",0
"SERHL",0
"TUBA3FP",0
"SMIM45",0
"RNU6-409P",0
"KRT18P23",0
"ANP32BP2",0
"PRR5-ARHGAP8",0
"ARHGAP8",0
"RPL6P28",0
"RFKP4",0
"MIR4766",0
"RNU6-338P",0
"RNU6-28P",0
"H2AZP6",0
"RPS26P59",0
"MIR7109",0
"SEZ6L-AS1",0
"RNA5SP495",0
"CPT1B",0
"VPREB1",0
"LHFPL7",0
"RPS25P10",0
"SCUBE1-AS2",0
"CES5AP1",0
"ZDHHC8BP",0
"RPL35P8",0
"MIR3667",0
"BMS1P22",0
"DUXAP8",0
"NEK2P2",0
"MED15P7",0
"MIR6818",0
"RPL36P17",0
"LINC00899",0
"MIR3619",0
"ABCD1P4",0
"SLC9B1P4",0
"ACTR3BP6",0
"CHEK2P4",0
"KCNMB3P1",0
"CCT8L2",0
"TPTEP1",0
"SLC25A15P5",0
"PARP4P3",0
"ANKRD62P1-PARP4P3",0
"ANKRD62P1",0
"VWFP1",0
"XKR3",0
"HSFY1P1",0
"GPM6BP3",0
"MTND1P17",0
"IGKV1OR22-5",0
"IGKV2OR22-3",0
"IGKV3OR22-2",0
"IGKV1OR22-1",0
"GAB4",0
"IL9RP6",0
"LINC01521",0
"LINC01640",0
"CACNG2-DT",0
"LINC01656",0
"LINC00207",0
"CECR3",0
"FAM230E",0
"TFIP11-DT",0
"EFCAB6-DT",0
"FAM230F",0
"SYN3-AS1",0
"LINC01644",0
"LARGE1-AS1",0
"LINC01310",0
"FAM230I",0
"FAM230H",0
"LINC01589",0
"LINC01639",0
"LINC01643",0
"PSLNR",0
"LINC00895",0
"HDHD5-AS1",0
"LINC00896",0
"LINC02891",0
"KIAA1671-AS1",0
"MYO18B-AS1",0
"FAM230A",0
"FAM230D",0
"FAM230J",0
"LINC00229",0
"EFCAB6-AS1",0
"LINC02554",0
"LINC01665",0
"LINC02559",0
"FAM247B",0
"FAM230G",0
"RN7SKP252",0
"MGAT3-AS1",0
"LINC01659",0
"FAM230B",0
"NBEAP3",0
"FRG1GP",0
"HMGB1P10",0
"GGTLC4P",0
"POM121L10P",0
"GAPDHP37",0
"BCRP7",0
"CA15P1",0
"CYP2D8P",0
"RFPL4AP6",0
"TSSK1A",0
"IGLL3P",0
"BCRP1",0
"IGLL4P",0
"BCRP5",0
"POM121L8P",0
"BCRP6",0
"GRAMD4P2",0
"CCDC188BP",0
"NF1P6",0
"FABP5P11",0
"VN1R9P",0
"CYCSP41",0
"OR4K11P",0
"CTBP2P10",0
"RBPMSLP",0
"SREK1IP1P1",0
"FDPSP6",0
"NEK4P1",0
"SLC6A6P1",0
"CTBP2P9",0
"CHODL-AS1",0
"TMPRSS15",0
"ZNF299P",0
"SNX19P1",0
"SLC25A15P4",0
"IGHV1OR21-1",0
"MSANTD2P1",0
"C1QBPP1",0
"RPL10P1",0
"LINC00317",0
"LINC01689",0
"KRT18P2",0
"RPSAP68",0
"RPL8P2",0
"CLDN17",0
"BTF3L4P1",0
"RPL37P3",0
"THUMPD1P1",0
"LLPHP2",0
"KRTAP24-1",0
"NCSTNP1",0
"RPS3AP1",0
"EIF4A1P1",0
"LINC00307",0
"RNGTTP1",0
"OR4K12P",0
"RPSAP64",0
"LINC01423",0
"CLDN8",0
"LINC02943",0
"HUNK-AS1",0
"HUNK",0
"LINC00308",0
"SNX18P12",0
"EPCIP",0
"FDX1P2",0
"PSMA6P3",0
"MAPK6P2",0
"ZNF355P",0
"BNIP3P43",0
"ANKRD30BP1",0
"VN1R8P",0
"GTF2IP2",0
"ADAMTS5",0
"SNRPGP13",0
"MIR6724-2",0
"MIR6724-3",0
"RNA5-8SN3",0
"MIR6724-4",0
"RNA5-8SN1",0
"MIR6724-1",0
"MIR3648-1",0
"RNA5-8SN2",0
"MIR3118-1",0
"RNU6-286P",0
"RN7SL52P",0
"RNU6-113P",0
"RN7SKP147",0
"RNU6-772P",0
"RNU2-55P",0
"RNU1-139P",0
"RNU4-45P",0
"MIR3156-3",0
"RN7SKP236",0
"RN7SL163P",0
"MIR155",0
"MIR6130",0
"RNA5SP489",0
"MIR4759",0
"MIR548X",0
"RNU6-614P",0
"RN7SL740P",0
"SNORA80A",0
"UMODL1-AS1",0
"RPL34P3",0
"MIR802",0
"RPS20P1",0
"PPP1R2P2",0
"RIMKLBP1",0
"RNU6-992P",0
"RPL3P1",0
"EXOSC3P1",0
"RNA5SP490",0
"OR7E23P",0
"HLCS-IT1",0
"RNA5SP491",0
"DPRXP5",0
"MRPL20P1",0
"RIPPLY3",0
"RNU6-696P",0
"TMEM97P1",0
"MYL6P1",0
"RNU6-859P",0
"RNU6-1150P",0
"H2AZP1",0
"PWP2",0
"MIR5692B",0
"MRPL51P2",0
"MTCO1P3",0
"COL18A1-AS2",0
"COL18A1-AS1",0
"MIR6815",0
"ADAMTS1",0
"TPTE",0
"RNU6-954P",0
"NF1P3",0
"PPP6R2P1",0
"FRG2MP",0
"RNA5SP488",0
"BRWD1-IT1",0
"METTL21AP1",0
"RNF6P1",0
"GET1-SH3BGR",0
"MIR6508",0
"MYL6P2",0
"RPS26P4",0
"JCADP1",0
"MIR4760",0
"DSCAM-IT1",0
"YRDCP3",0
"MIR3197",0
"PCSEAT",0
"LINC00111",0
"RIPK4",0
"MIR6814",0
"RNU6-1149P",0
"RSPH1-DT",0
"LINC00322",0
"RPL31P1",0
"H2BC12L",0
"MIR6070",0
"DNMT3L-AS1",0
"AIRE",0
"TSPEAR",0
"KRTAP10-1",0
"KRTAP10-2",0
"KRTAP10-3",0
"KRTAP10-5",0
"KRTAP10-6",0
"KRTAP10-7",0
"KRTAP10-8",0
"KRTAP10-11",0
"KRTAP12-4",0
"KRTAP12-3",0
"KRTAP12-2",0
"KRTAP12-5P",0
"KRTAP10-13P",0
"LINC00163",0
"LINC00165",0
"PCBP3-AS1",0
"FTCD-AS1",0
"FTCD",0
"OLIG2",0
"KRTAP8-3P",0
"KRTAP8-1",0
"KRTAP7-1",0
"KRTAP11-1",0
"KRTAP19-8",0
"UBE3AP2",0
"MTRES1P2",0
"FBXW11P1",0
"HMGN1P2",0
"SRSF9P1",0
"ERVH48-1",0
"LIPI",0
"KRTAP10-9",0
"KRTAP10-4",0
"IGSF5",0
"RPL18AP2",0
"RNU6-396P",0
"RPS5P3",0
"MIR6501",0
"KRTAP27-1",0
"KRTAP13-6P",0
"KRTAP13-2",0
"MIR4327",0
"KRTAP13-1",0
"KRTAP13-5P",0
"KRTAP15-1",0
"KRTAP19-1",0
"KRTAP19-2",0
"KRTAP19-3",0
"KRTAP19-4",0
"KRTAP19-5",0
"KRTAP19-9P",0
"KRTAP19-10P",0
"KRTAP19-11P",0
"KRTAP19-6",0
"KRTAP19-7",0
"KRTAP22-2",0
"KRTAP6-3",0
"KRTAP22-1",0
"KRTAP20-1",0
"KRTAP20-4",0
"KRTAP20-2",0
"KRTAP21-3",0
"KRTAP21-4P",0
"KRTAP21-2",0
"KRTAP21-1",0
"KRTAP23-1",0
"KRTAP13-3",0
"RNU6-426P",0
"VDAC2P1",0
"RPS26P5",0
"SNORD74B",0
"MIR99A",0
"MIRLET7C",0
"MIR125B2",0
"RNU1-98P",0
"KRTAP13-4",0
"KRTAP6-2",0
"KRTAP6-1",0
"BNAT1",0
"LINC01671",0
"MTND6P21",0
"BAGE2",0
"ANKRD30BP2",0
"ABCC13",0
"COL6A2-DT",0
"GRAMD4P1",0
"CXADRP1",0
"LONRF2P5",0
"MIR8069",0
"FEM1AP1",0
"TERF1P1",0
"FAM207CP",0
"GXYLT1P2",0
"ZNF114P1",0
"CYP4F29P",0
"SNX18P13",0
"ANKRD20A11P",0
"RHOT1P2",0
"POLR2CP1",0
"GAPDHP16",0
"RBMX2P1",0
"LINC02920",0
"BACH1-IT3",0
"GRIK1-AS1",0
"RNU6-926P",0
"KRTAP10-12",0
"RPL12P9",0
"KCNJ6",0
"DSCR4",0
"DSCR10",0
"LINC01667",0
"NCOR1P4",0
"SSR4P1",0
"CYCSP42",0
"RAD23BP3",0
"KCNE2",0
"SNX18P10",0
"MIR3648-2",0
"CDRT15P9",0
"SOWAHCP2",0
"LINC00314",0
"CRYAA",0
"CBR1-AS1",0
"RPL23AP4",0
"LINC01683",0
"LINC00113",0
"LINC00320",0
"LINC01549",0
"LINC01670",0
"LINC02573",0
"PDE9A-AS1",0
"SOD1-DT",0
"LINC02575",0
"LINC01695",0
"LINC00316",0
"LINC00315",0
"PICSAR",0
"LINC03105",0
"LINC01692",0
"DSCAM-AS1",0
"DSCR8",0
"LINC01436",0
"FRGCA",0
"LINC03104",0
"LINC01668",0
"LINC00945",0
"LINC01690",0
"LINC00479",0
"LINC00114",0
"TSPEAR-AS1",0
"LINC01548",0
"HEPFAL",0
"LINC00112",0
"LINC00161",0
"LINC00159",0
"LINC01424",0
"LINC01425",0
"LINC00160",0
"LINC00319",0
"BACE2-IT1",0
"CDRT15P8",0
"RPL39P40",0
"RPL37P4",0
"FGF7P2",0
"ANKRD20A18P",0
"ERLEC1P1",0
"MTCYBP21",0
"RPL23P2",0
"C21orf140",0
"SMIM34",0
"MT-TH",0
"MT-TL2",0
"MAFIP",0
"RNA5-8SN4",0
"RNA5-8SN5",0
"ATP6AP1-DT",-6.47540460335662e-08
"CCDC122",-6.88758811644579e-08
"BRPF3",-1.38626773996684e-07
"FOXJ3",-2.22583251611172e-07
"JMJD6",-2.28772293210906e-07
"C12orf76",-2.86818140261718e-07
"MALT1",-3.12329217336973e-07
"TMEM116",-3.72921124111762e-07
"MTHFD1",-5.04273266546166e-07
"TRIM58",-7.4031440147639e-07
"ASGR1",-1.31473087255614e-06
"MXD3",-2.48341268273769e-06
"SLC30A9",-3.17935865838505e-06
"RRAGC",-4.95607852815897e-06
"SULT1B1",-6.37002244914735e-06
"PIN1-DT",-7.9071588322918e-06
"IER5L-AS1",-1.05510265093091e-05
"PTPN9",-1.17664755307778e-05
"PDPR",-1.47768424679581e-05
"MEN1",-1.57977676882424e-05
"MLX",-1.65875865776452e-05
"PRANCR",-2.17589745341279e-05
"SLC15A3",-2.31412829259588e-05
"NSA2",-2.36179624872117e-05
"QSER1",-2.50154210201047e-05
"ULK4",-2.53615000601439e-05
"GPLD1",-2.65012104618155e-05
"B3GAT2",-2.95538915641231e-05
"NRG2",-3.16007809763421e-05
"PTMAP11",-3.3419765564597e-05
"TGFBI",-3.7270802612945e-05
"ZFYVE26",-3.76418523887338e-05
"BRF2",-3.9819444171382e-05
"GAL3ST4",-4.0525060598477e-05
"GRIA3",-4.39183260200504e-05
"UBE2V2",-4.62775002764599e-05
"SEC63",-4.7380739714337e-05
"C19orf38",-5.84628616992808e-05
"TNFAIP8",-5.8529031939278e-05
"RPS2P7",-6.77233404090181e-05
"CD164",-7.00635717804884e-05
"VAC14-AS1",-7.22247443434149e-05
"CNOT2",-7.83387810968232e-05
"RNF135",-8.0707881589669e-05
"PCYOX1",-8.30090702899086e-05
"SPTLC1",-8.50780584424988e-05
"RPL11",-8.56716892999622e-05
"UBA52P8",-8.63053235174003e-05
"RNU7-77P",-8.7499886784796e-05
"SELENOS",-8.86193612735714e-05
"TRAPPC2",-9.28908537786848e-05
"RPL19",-9.41261322264069e-05
"ADGRE2",-9.65409835690782e-05
"MORF4L2-AS1",-9.82019020516055e-05
"DDX52",-9.98566695273912e-05
"GAPVD1",-0.00010545366763265
"COPS6",-0.000105583888873451
"GMPR",-0.000105711263555917
"ZNF605",-0.000113301251447965
"AJM1",-0.000113542970959855
"KLHL7-DT",-0.00011631311207772
"GPA33",-0.000124706627361968
"PAXIP1-DT",-0.00014922809682665
"TIMM10B",-0.000151152098562634
"ACTR5",-0.000155320522062223
"CHRNA7",-0.000157492185405534
"WDR75",-0.000158075660893859
"GPATCH8",-0.000159069355899582
"SPATA6",-0.000160975605986275
"TMEM11",-0.000171178485240361
"OR1F1",-0.000182533152668623
"SLC9A1",-0.000183213945396383
"ZBED3",-0.000194790313326825
"RAB35-AS1",-0.000195691545869335
"AZGP1",-0.000201761169532074
"ZNF384",-0.000203588211886312
"AAR2",-0.000205455556125488
"LINC01418",-0.000205509909694703
"SELENOM",-0.000208358232255465
"RPS4XP6",-0.000209494196282252
"STOX2",-0.000209961286510503
"TMEM161A",-0.000220428962682248
"CACNA2D4",-0.000226748952008076
"SCAI",-0.000229358069459773
"DENND2D",-0.000233663088555231
"SLC25A29",-0.000233869498672657
"MBTD1",-0.000234011526262217
"RAB42",-0.000237063302124232
"EPHX1",-0.000243293037115855
"C9orf85",-0.000245906222701991
"SH3GL1P3",-0.000257866494094366
"RPL39L",-0.000259652806119708
"HAUS4",-0.000264796802063074
"HNRNPK",-0.000276742053298029
"RRN3P2",-0.000278289259800902
"HSPA12A",-0.000285621692497363
"ATP6V1H",-0.000299831406606361
"PTPN2P2",-0.000300859443458908
"SUCO",-0.000319769884273405
"HNF4A-AS1",-0.000321153786772383
"RASSF2",-0.000324866707264406
"LIPE-AS1",-0.000331014544860256
"DNLZ",-0.000335499276490606
"RPS7P4",-0.000357805141937081
"RAB11FIP1",-0.000376624591662141
"HSPA8",-0.000384268728097538
"CBARP",-0.000388771018671817
"TRIM66",-0.0003900242367886
"NANS",-0.000392970105747983
"EMC1-AS1",-0.000395313541342729
"BPGM",-0.000396888423871301
"ZNF668",-0.000397599837412055
"RAD51D",-0.000398663782510683
"TWIST2",-0.000398807536205661
"GIMAP4",-0.000400797603427224
"SCN8A",-0.000403026439028184
"BRD8",-0.000406486416816562
"CTDP1",-0.000408941279403645
"TMEM19",-0.000415964625047831
"PICALM",-0.000422518661473233
"ST8SIA4",-0.000426919730589171
"MINK1",-0.000430074723612745
"CHMP1B",-0.000434510896881534
"RPRD1A",-0.000441559578727297
"CALM1",-0.00045089901918907
"MYLK",-0.000451530156907816
"RCC2-AS1",-0.000453208935456229
"MSI2",-0.00047012119796198
"FAM200C",-0.000474897733835266
"CPNE1",-0.000492906386617033
"RPL31P63",-0.000497742441868556
"ZFAT",-0.000512920558029767
"SLC12A6",-0.000520884029827332
"CDK9",-0.000522076890285133
"FZD1",-0.000522418179296022
"FBN1",-0.00052380802027293
"PAXBP1",-0.000534516684750921
"CHD4",-0.000546347291371553
"DGCR6L",-0.000547181550187782
"ZNF655",-0.000552748174299064
"C14orf28",-0.00055970698782293
"TTC3P1",-0.000571935839328658
"MED13",-0.000572272187800413
"MED28P3",-0.000574929242126246
"MUC19",-0.000577535988849789
"TIMP1",-0.000577866633466708
"TBC1D22B",-0.000578061845009017
"HNRNPA3P3",-0.000582620756941515
"DAP3",-0.000607912587079906
"LOXL3",-0.000612359513828649
"MARCHF2",-0.000613281402376457
"STAU2",-0.000619640580583959
"SGPP1",-0.000640426229833655
"TNIP1",-0.000647230725674533
"ANKRD36",-0.000650249747103406
"RELT",-0.000662433452658278
"RASA4CP",-0.000664027374908475
"NANOG",-0.000664195879233286
"NNMT",-0.000675831454837222
"TMEM63A",-0.000678997196296001
"LRRC41",-0.000697796192039247
"NQO2",-0.000708538656230781
"AAMDC",-0.00071334956631232
"MUC20",-0.000719534137400629
"RPS26P42",-0.0007209827574122
"KIAA1191",-0.000729023366024355
"TMEM161B-DT",-0.000739880595642251
"SPPL2B",-0.000742446403912956
"ROCK1",-0.000744882140747723
"CYCSP46",-0.000756815436353483
"SREK1IP1",-0.00076296379058778
"RPL19P20",-0.000772511189752595
"IER3IP1",-0.000772774751871994
"UBQLN2",-0.000774250238087335
"HCG24",-0.000798474881336666
"TSACC",-0.00080016846726186
"WNK1",-0.00080785261596995
"ACSL5",-0.0008213178267951
"RPL37A-DT",-0.000825788693183879
"SPIN1",-0.000842378874589096
"TTYH1",-0.000847187849041055
"RTN4",-0.000887523309018184
"RPS27A",-0.000887606345401947
"MTRR",-0.000888154321353125
"PLB1",-0.000890284848722358
"LIMS1",-0.00089685998875945
"RPL15P3",-0.000939955732104296
"LAMB1",-0.000975598100804
"ITFG2",-0.000989265493460979
"CHROMR",-0.000989376780099115
"GPR84",-0.00099644691653204
"ZBTB20-AS1",-0.0010146219259407
"TMEM134",-0.00102311602097297
"AKT2",-0.0010249003476966
"GTPBP2",-0.00103445280463838
"DYNC2LI1",-0.00103524039665187
"VAMP2",-0.00104439978646389
"PHLDB2",-0.00104803886282281
"MAP2K5",-0.00105400257219558
"CAMLG",-0.00105761490644576
"SSH2",-0.00106072888270986
"TMEM123-DT",-0.00107767048160297
"POLR3G",-0.00110683906193531
"OPA3",-0.0011566956062919
"VPS41",-0.00116109955087368
"OFD1P17",-0.00116116782004188
"MOK",-0.00116453415418031
"CHRNB4",-0.00116456161256711
"PRELID3B",-0.00117867342177914
"RPL3",-0.00118508044487355
"DSTN",-0.0011856116411118
"RICTOR",-0.0012279647532518
"ZNF641",-0.00123393293616644
"PPIAP55",-0.00124004908564365
"KDM5C",-0.00124238102325908
"CPQ",-0.00125499569766546
"SOCS4",-0.00125905811572849
"GOLIM4",-0.00126331075236642
"MED10",-0.00130947704281307
"ADGRA2",-0.00131350769658751
"LINC01339",-0.0013178923970733
"DUSP8",-0.00133106031941444
"BICDL2",-0.00136897849396069
"PDIA4",-0.00138317435040317
"SF3B1",-0.00138499555250629
"PEX11G",-0.00141069195292943
"NOP10",-0.00141958148252907
"POLA2",-0.00143784907373592
"DNAH8",-0.00144329681156072
"CSTF2T",-0.001451408397335
"ZCCHC24",-0.00148325462654743
"SOCS2",-0.00149525237813868
"TMEM216",-0.00150429760916907
"SEMA4D",-0.0015516390193054
"PAK1IP1",-0.00158820657217621
"HLTF",-0.0016002395495191
"RPL10P8",-0.0016047905054291
"STK24",-0.00161749963756055
"LINC00938",-0.00163211751680724
"ZNF764",-0.00163541325517884
"NPM1P5",-0.00164021108575271
"SLC39A10",-0.00164234415000862
"DNAAF8",-0.00164725949798484
"GARIN5A",-0.00164816731837043
"RAB5A",-0.00166079460397936
"RUNX1",-0.00166206969600847
"COBLL1",-0.00168844119363209
"MAN2A1",-0.00170282025796912
"EPOR",-0.00173108524209848
"TMC5",-0.00173772850948773
"HNRNPH2",-0.0017408988857456
"TRIQK",-0.00175687747167226
"NKAPD1",-0.00176349925370311
"SOCS3",-0.00176972121035936
"RPL9P3",-0.00179414028949236
"ITGB8",-0.00179549639580327
"GOLGA8J",-0.0018074512102832
"WASHC5-AS1",-0.0018155155610972
"SLC27A5",-0.00181757154755252
"SF3A1",-0.00182480763915792
"ZNF580",-0.00183019127351047
"ABHD14A",-0.00185684028442996
"BCL10-AS1",-0.00186084949855005
"NHERF1",-0.00186602988729952
"RPS27AP1",-0.00187732925355694
"EIF3J-DT",-0.00187764965946726
"SMARCAL1",-0.00188745477689469
"RERE",-0.00188899669586603
"LINC02594",-0.00190214182022295
"MMP2-AS1",-0.00192126808353435
"ARL4A",-0.00193292538099907
"MPEG1",-0.0019361022919784
"UCK1",-0.00194655198888416
"SPTAN1",-0.00194747197639289
"YWHAZP2",-0.00195143193568522
"CEP43",-0.00196803915348307
"NABP1",-0.00199497105430858
"FAH",-0.0020009628159745
"SAP130",-0.00200200261541497
"ATXN7",-0.0020107462679567
"LEKR1",-0.00201160331262008
"MIR219A1",-0.00204395709259021
"PRELID1",-0.00207867157462414
"PIK3R4",-0.00207873333380127
"HTATSF1",-0.00211501663021626
"SPAG9",-0.0021219854072051
"LDLRAD4",-0.00212325367933516
"MICA",-0.00213198187950709
"MFSD4B",-0.00213506186246212
"NDUFB8",-0.00215057961451296
"TBC1D7",-0.00216100563960695
"HES2",-0.00218419645075775
"UNK",-0.00219074239136096
"ZNF277",-0.00219483734390475
"GNPTG",-0.00220920025760695
"GPBP1",-0.00221125183864488
"PDE7A",-0.00222184332223209
"NBPF15",-0.00222421580754612
"LY86",-0.00222635181688752
"UMODL1",-0.00224026755305158
"SEPTIN2",-0.00225767552873251
"HNRNPKP1",-0.00227265907053156
"ZNF197",-0.00227634393450634
"CXXC4-AS1",-0.00227750094708521
"PISD",-0.00229069841150551
"YY1",-0.00229656831899809
"PLD2",-0.0023120116611683
"TAGAP-AS1",-0.00232035230683935
"SREBF2",-0.00234004663499483
"RPS19P7",-0.00234040909763131
"OTUD4",-0.00234456589321898
"APMAP",-0.00237784516935058
"DHX8",-0.00240370346219311
"WAKMAR2",-0.00242637487289158
"LINC00881",-0.00244326931855959
"CDK18",-0.00244502861562308
"SUPT6H",-0.00250096348533798
"NTN5",-0.0025178976118452
"MRE11",-0.00257704027281641
"KDELR3",-0.00258537292315267
"NT5DC1",-0.00258667503026143
"TRMT11",-0.00258934259264914
"DAP-DT",-0.00272710982370595
"SMAD7",-0.00273101684418221
"ZNF814",-0.00273683666663399
"NFE2L1",-0.00275645874114543
"NUF2",-0.00278005025605404
"NFATC3",-0.00279741567435913
"PTGS1",-0.00280396089261868
"GNG13",-0.00285006459602514
"ERFL",-0.00285464820948621
"CCNY",-0.00285543072570407
"H6PD",-0.00287965904536604
"LINC01050",-0.00291647971698262
"RN7SL121P",-0.00295420789553294
"NOTCH2",-0.00295944858290933
"HEATR6",-0.00296170323687906
"MTNR1A",-0.00298784005475274
"LRRC37A2",-0.00299380968818358
"SLC5A3",-0.00301867599868061
"ADAMTS10",-0.00303884069071532
"ANXA5",-0.00305298241160752
"SIGLEC7",-0.00305713031869642
"PFAS",-0.00306769529906394
"ERMARD",-0.00308264466252021
"AHCYL2",-0.00309749187745685
"LSM12",-0.00311477606229128
"GPR180",-0.00315635053295437
"AMIGO2",-0.00317893641955118
"ATP9A",-0.00318769862004319
"BABAM2",-0.00318924491180217
"IDE",-0.00322538975631681
"PCNX4-DT",-0.00323605450199231
"WAC-AS1",-0.00323660608816338
"PPM1M",-0.00324736192629978
"LRRC36",-0.00328468256376183
"MCU",-0.00330552119256756
"MIR4458HG",-0.00330663013452308
"ING3",-0.00332166023718106
"LPXN",-0.00332213855113722
"TSSK3",-0.00334017985167168
"SLC22A18",-0.00335010810216832
"CWF19L1",-0.00335495027933969
"ZGPAT",-0.00336523702064809
"MSX1",-0.00337460988414163
"GOLGA8R",-0.00339104254419102
"TTBK2",-0.00340034777458161
"RBM5",-0.00341016434009549
"DOLK",-0.00342349676418393
"ZNF92",-0.00343528729665412
"TMEM43",-0.00344192652176243
"ZNF286A",-0.00344388092010057
"AP4E1",-0.00346292429447629
"PPIAP6",-0.00348086603380955
"NEDD9",-0.00349987528186081
"WRN",-0.00351289083636657
"RPL35P1",-0.00353523570109882
"DSTYK",-0.00354517376645431
"EMC7",-0.00355145393132203
"RBMXP2",-0.0035628856131334
"IK",-0.00357511674752456
"LINC02759",-0.00358506410656425
"CFAP298-TCP10L",-0.0036001471183624
"GCLC",-0.00360104684752303
"TIPARP",-0.00360590054740721
"F5",-0.00361080288067979
"KSR1",-0.00361934374131779
"SON",-0.00362423175267238
"CAVIN3",-0.00363882391919321
"PGM5P4-AS1",-0.00365068796864298
"RNU6-5P",-0.00367160066121847
"MEI1",-0.0037036328786546
"KRT5",-0.00372182505280491
"RPAP2",-0.00372205035559749
"LEMD2",-0.00373168277784883
"YIPF4",-0.00377895363357025
"LLGL1",-0.00378599311523057
"SEC16A",-0.00384498570334955
"TMBIM1",-0.00391851165539233
"FAT4",-0.00394516389931348
"SLC43A1",-0.00394819311718682
"NCAM1",-0.00395065943876615
"RPL8P1",-0.00397989135062938
"PIK3R2",-0.00399967346830676
"SPTA1",-0.00407685570994324
"ATP5MGP2",-0.00409872557441676
"BTBD7",-0.0041155881208787
"GPR107",-0.0041161077761947
"SCP2",-0.00413027758031323
"NPM1P42",-0.00415697659653593
"CTDSPL2-DT",-0.00415722266444591
"RHOQP1",-0.0041783826134138
"PTGES3P1",-0.00418545663217927
"GMFB",-0.00419525793580144
"ANKS4B",-0.00420147436557203
"LPO",-0.00422152893775553
"CFAP69",-0.00423794367795487
"SNORD72",-0.0042807706621828
"PPM1H",-0.00428745312966236
"BRMS1",-0.00429835625419797
"PSMD6",-0.00432642324200821
"OR10H5",-0.00434519955244373
"ORMDL3",-0.00446289166150492
"DPYSL2",-0.00450506528873009
"PNP",-0.00450831948791376
"HAVCR1",-0.00453939625621697
"ABHD16B",-0.00456474955312215
"RPL36AP16",-0.00462991574045771
"NKD1",-0.00463060755213263
"IGBP1-AS2",-0.00465511436943358
"UBE2E3",-0.00469057193923121
"LMAN1",-0.00469433246767518
"COX20",-0.00469753607152192
"MYADM-AS2",-0.00471478741038304
"RPL21P100",-0.00472774156974971
"PTGFRN",-0.00475258384212496
"SNAPC4",-0.0047658526836194
"ANKRD13A",-0.00477576357108421
"CNN3",-0.00479088313111549
"MTCH1",-0.0048277724507581
"BTF3P4",-0.00483959725558113
"MLH3",-0.00488525490954786
"LINC02639",-0.00490680950933312
"PMM2",-0.00495111151970426
"PPT1",-0.00498872330605129
"FKBP14",-0.00500269630169457
"LINC03094",-0.00513639179586404
"SNRPA1P1",-0.00515618599806489
"MOB1A",-0.00520709061334681
"BLOC1S3",-0.00523719495048292
"CCDC38",-0.00526370960369409
"SLC25A5P8",-0.00528197566512298
"ATF4P4",-0.00528667803892001
"CACNA1G",-0.00531084898728079
"SOX2-OT",-0.0053325570840136
"LIMK2",-0.00533503453454315
"NDUFV3",-0.00535645856054153
"TGFBR2",-0.00542509998340072
"PAQR3",-0.00545491040832703
"ZC3H4",-0.00553654701502068
"HDAC8",-0.00557061847953932
"LINC02402",-0.00557767649412054
"ARHGAP1",-0.00560484671163461
"LYPLA1P3",-0.0056511448359318
"H3P6",-0.00569356450171214
"SBDS",-0.00570512679996819
"CERS5",-0.00574854132257698
"OSBPL9",-0.00576043408547812
"C1orf159",-0.00576551450636105
"SLC66A1",-0.00581867376530227
"TMEM9",-0.00583934629603888
"RNF4",-0.00587266775704167
"PSMA3",-0.00587824246057055
"PTCHD4",-0.00590242472100001
"DBP",-0.00591420724133973
"CALCOCO1",-0.00593488390959674
"RPS15AP12",-0.00593710040336445
"CDHR2",-0.00597703157490522
"RN7SKP23",-0.0060036558917601
"TAGLN2P1",-0.00600416474041424
"CSNK2A3",-0.00601423182261584
"GADL1",-0.00603361260080246
"PIAS4",-0.00604054447549275
"CFAP92",-0.00610957168289627
"H1-1",-0.00613883050694992
"KANSL3",-0.00618034356969128
"SFXN1",-0.00619670779263646
"LUNAR1",-0.00620308230016643
"NADK2",-0.00624153948526312
"NNT",-0.00625379630031565
"SAMMSON",-0.00627019645952865
"MED18",-0.00627144625148702
"GMFG",-0.00627541699973675
"ARFGEF1-DT",-0.00629079179467433
"RAB9A",-0.0063150011958476
"LRRC56",-0.00632072267185446
"DPH3",-0.00636659555833825
"DNPH1",-0.00643293923378807
"GTF2IRD2",-0.00643387900492361
"ESYT3",-0.006465243356954
"RAB31",-0.00646772046529756
"ZBTB7A",-0.00647113527509891
"FAM222A",-0.00652028398534589
"DSE",-0.00655303911121432
"TOPORS",-0.00659164336358854
"G2E3",-0.00663183748263248
"KCTD9P4",-0.00663191851611575
"ANXA11",-0.00668007960502672
"ZNF333",-0.00669110706598718
"NCF2",-0.0067069617552794
"MEGF11",-0.00672428385526941
"PPP6C",-0.00672513523475377
"SERTAD2",-0.00672754008754895
"ZNF117",-0.00675341666381413
"DCAF16",-0.00676631617424967
"MR1",-0.00677705272044293
"RWDD2B",-0.00682409036090005
"HMGB3",-0.00682742715045664
"IMMP2L",-0.00683466638505413
"NEDD8P1",-0.00683751573566085
"TBC1D16",-0.00684905263188057
"BRPF1",-0.00686451508441667
"APH1B",-0.0069129033013489
"RBPJ",-0.00694616817553255
"CEP97",-0.00695100932280998
"GOLPH3-DT",-0.00697507940450746
"MIR7854",-0.0069851381025975
"AGPS",-0.00704727035521193
"SS18",-0.00706043099806147
"MIR1972-1",-0.00710481320089947
"ILVBL",-0.00712707912141781
"LILRA5",-0.00717173437308242
"SLC10A7",-0.00718549567973609
"MTERF2",-0.00722305021784217
"WARS2",-0.00723834355210106
"LDB2",-0.0073062746687745
"TBC1D5",-0.00733317645701439
"ZNF510",-0.00735344500674339
"WASF4P",-0.00741926518459991
"PDK1",-0.00743795448924975
"RPL6P27",-0.00746548163880245
"ST13P18",-0.00758633505562535
"MTCO2P2",-0.00759584377891963
"ABHD2",-0.0076393888327948
"SPG7",-0.00765145681631143
"MCCC1-AS1",-0.00767011905559156
"IGHMBP2",-0.00767076659786593
"TPP1",-0.0077019858870344
"NDUFA3P4",-0.00779025491634597
"MAPK9",-0.00786186667166985
"GPI",-0.00790821252299263
"ZNF252P-AS1",-0.00791839226048411
"KHNYN",-0.00792983992953875
"SYT3",-0.00804337876406555
"ANKRD13C-DT",-0.00807416937426632
"MORF4L1",-0.00807502691259859
"TTC13",-0.00810104029274885
"SGK3",-0.0081126739586117
"GIGYF1",-0.00814801593845551
"TPM3P5",-0.00817626470547878
"TRAPPC13",-0.00819044902379104
"CD44",-0.00822426237845223
"RPS18P14",-0.00822994245697548
"MEFV",-0.00832711215034242
"RNA5SP492",-0.00836351880277579
"OPTN",-0.00838673041401381
"EIF3B",-0.00838900412724541
"ANXA13",-0.00840000696008928
"USP51",-0.00840140598900524
"ZNF143",-0.0084085842900123
"PMAIP1",-0.0084554363844635
"PCCA",-0.00845843425871944
"COX11",-0.00851935899131857
"ASLP1",-0.00852402677092497
"TGFB1I1",-0.00853612714554568
"INSIG1-DT",-0.0085399046531703
"UTP25",-0.00857155091609429
"TADA2A",-0.00858072033322109
"BMAL2-AS1",-0.0086033153280474
"PIGS",-0.00864125875965415
"ERAP1",-0.00866725211980584
"CCDC183-AS1",-0.00870432589690751
"RPS27AP19",-0.00871758367291075
"ZNF322",-0.00884422679200105
"ZFAND6",-0.00885663435650735
"TRAPPC9",-0.00887295392345826
"RPIA",-0.00887509471543424
"LMF1",-0.00887581270834426
"RNU6-613P",-0.00890624041833373
"CEP170B",-0.008923883528693
"CICP7",-0.00892399415785476
"VAMP3",-0.00892489792354468
"EPHB1",-0.00894081876966906
"LINC01919",-0.00896070788046075
"RCSD1",-0.00896784776724952
"SOS2",-0.00902579240427994
"MICU1",-0.00902800994769385
"ZNF304",-0.00903014391887286
"MIR4746",-0.00908536665545063
"BRI3",-0.00909183867350424
"HERC5",-0.00913675197275033
"MRPL47",-0.009177072710528
"SECISBP2L",-0.00918440694900884
"MIOS-DT",-0.00919422515472885
"ZNF174",-0.00922998791919899
"ACAT2",-0.00926671748711229
"TSEN34",-0.00930570800646736
"SAP30",-0.00934339226278569
"TYROBP",-0.00943324885423988
"GGA2",-0.00945631130377014
"MSNP1",-0.00946142852431386
"C1D",-0.00947055202590934
"FAM78A",-0.00949565256709294
"SLFN12L",-0.00953738392850775
"LINC02940",-0.00954120188564658
"CPT1A",-0.00955960833965629
"GSK3B",-0.00959230840176072
"CAVIN2",-0.00960517894189175
"KRR1",-0.00963926781173702
"RPS27L",-0.00970300011522399
"NPR3",-0.00972592147707867
"PEX6",-0.00972861057023478
"IRF4",-0.00972991117941049
"FTLP5",-0.00975510276037901
"HMGB1P18",-0.00977997807544237
"RNU6-983P",-0.00977997807544237
"UBA5P1",-0.00977997807544237
"TCHHL1",-0.00977997807544237
"PPIAL4G",-0.00977997807544237
"LINC02786",-0.00977997807544237
"LINC01719",-0.00977997807544237
"LINC01712",-0.00977997807544237
"PPIAP66",-0.00977997807544237
"AQP12B",-0.00977997807544237
"RPSAP29",-0.00977997807544237
"RPL19P2",-0.00977997807544237
"GCSHP1",-0.00977997807544237
"PPIAP79",-0.00977997807544237
"LVRN",-0.00977997807544237
"H3P23",-0.00977997807544237
"ACCSLP1",-0.00977997807544237
"RHAG",-0.00977997807544237
"TREML5P",-0.00977997807544237
"TRBV4-2",-0.00977997807544237
"LUZP4",-0.00977997807544237
"RPS3AP30",-0.00977997807544237
"LINC01288",-0.00977997807544237
"RN7SL787P",-0.00977997807544237
"MIR3162",-0.00977997807544237
"FGF8",-0.00977997807544237
"KLRF2",-0.00977997807544237
"RNU6-353P",-0.00977997807544237
"RPS3AP55",-0.00977997807544237
"PAXBP1-AS1",-0.00980800196386981
"HSP90AB2P",-0.00983188662674879
"RPS6P2",-0.00985958239614243
"KIR3DL2",-0.00986104397263229
"UBN1",-0.0098627497316602
"TRAF5",-0.00987158998599138
"HGD",-0.00991152622443476
"ACKR4",-0.0099472549526388
"CDPF1P1",-0.00994757753622821
"FBXL19",-0.00996001313570883
"KCNB1",-0.00998098266663036
"ARIH1",-0.0100350346753795
"NFAT5",-0.0100695539949201
"FMC1",-0.0101058565623502
"KCNC4-DT",-0.0101209283695394
"ADAMTS9-AS2",-0.0101229781271952
"AQP7",-0.0101354455072652
"RPS6KA3",-0.0102129929790374
"AEN",-0.010220543018421
"PGR-AS1",-0.0102360071635318
"LINC01220",-0.0102813716296055
"LINC03074",-0.0102838565782051
"DAAM2",-0.0102894191435259
"PTPRB",-0.0103811242182622
"SNW1",-0.0104099507510105
"RPL5P28",-0.0104980871642742
"NODAL",-0.0106466558088871
"ABHD4",-0.0106570703221851
"LINC01800",-0.0107161499220014
"FHIP1A",-0.0107245725429781
"SNAI2",-0.0107260791768907
"SARM1",-0.0108314108874896
"MGLL",-0.0108322430470227
"SLC30A2",-0.0108475165689722
"PPIAP75",-0.0108848086815703
"LINC02371",-0.0109161862368367
"PLEKHA1",-0.0109171408549913
"POU2F1",-0.0109241967693587
"MYO9B",-0.0109315727498601
"PPP4R3B",-0.0110559253350936
"RPL26P19",-0.0110655557590572
"MPC1",-0.0110856699398925
"RPL10L",-0.0111421041973937
"DUSP5",-0.0111890229179654
"PACS1",-0.0112089527735157
"RYBP",-0.0113043228952005
"ILF3-DT",-0.0113114238994301
"ISY1",-0.0113683482349039
"OR11G2",-0.0113725172563709
"FAM177A1",-0.0114285527925836
"LYPLA1",-0.0114676446419844
"MAP4K3-DT",-0.0117292735667987
"POLR3GL",-0.0117726452454986
"SGCD",-0.011782304194059
"MAD2L1-DT",-0.0118121368476648
"TFIP11",-0.0118547376721829
"LINC02942",-0.0118753178829466
"PBX1-AS1",-0.0118753178829466
"LINC01205",-0.0118753178829466
"DCHS2",-0.0118753178829466
"RN7SL580P",-0.0118753178829466
"LINC02919",-0.0118753178829466
"ITPRID1",-0.0118753178829466
"OR5AW1P",-0.0118753178829466
"GABRA3",-0.0118753178829466
"RPSAP76",-0.0118753178829466
"MIR1299",-0.0118753178829466
"RAB28P2",-0.0118753178829466
"OR10AK1P",-0.0118753178829466
"OR52U1P",-0.0118753178829466
"FAM99B",-0.0118753178829466
"FRMPD2",-0.0118753178829466
"UCMA",-0.0118753178829466
"LINC02672",-0.0118753178829466
"ADAMTS20",-0.0118753178829466
"RNU6-689P",-0.0118753178829466
"DET1",-0.0118753178829466
"LINC02137",-0.0118753178829466
"FBXO36P1",-0.0118753178829466
"NKPD1",-0.0118753178829466
"TPT1P1",-0.0118753178829466
"RPL31P49",-0.011884822654817
"TTC7B",-0.0119248336123974
"SYNPR",-0.0119310548244646
"ALG12",-0.0119498976736585
"NRK",-0.011972268717086
"LINC01194",-0.0119753081531255
"LINC02931",-0.0119754265518302
"CDHR1",-0.0120298062758801
"GANC",-0.0120491156971555
"TM7SF3",-0.0120547945171647
"ZNF207",-0.0120690041892605
"RIMS2",-0.0120792729249473
"LINC00641",-0.0120843076543713
"LINC01924",-0.012085242813843
"DAG1",-0.0121281940322357
"MIR142HG",-0.0121320414374149
"RELA",-0.01213806057492
"IL23R",-0.0121540700741232
"LINC00460",-0.0121873458210855
"CRTC3-AS1",-0.0122057090550369
"LINC02936",-0.0122147651942745
"VWA5A",-0.0122709181028767
"RN7SKP229",-0.0123347058748195
"LINC01822",-0.0123347058748195
"PRSS45P",-0.0123347058748195
"TUBB7P",-0.0123347058748195
"PCLO",-0.0123347058748195
"LINC01392",-0.0123347058748195
"ALOX15P2",-0.0123347058748195
"AKTIPP3",-0.0123347058748195
"LINC02754",-0.0123347058748195
"ANKRD30A",-0.0123347058748195
"TACC1P1",-0.0123347058748195
"LINC02633",-0.0123347058748195
"MYO16-AS2",-0.0123347058748195
"UBA52P3",-0.0123347058748195
"NIFKP8",-0.0123347058748195
"DLGAP1-AS3",-0.0123347058748195
"HRC",-0.0123347058748195
"TNK1",-0.0123435601551232
"RAB24",-0.0123470429866938
"NUCB2",-0.012381178617468
"ZNF962P",-0.0124075692254854
"PEDS1",-0.012420551024206
"VANGL2",-0.0124565059670593
"KYNU",-0.0124851739154444
"LSM3P2",-0.0124898172250952
"MT-TT",-0.0125014195342517
"DYDC2",-0.0125263675725337
"TRMT61B",-0.0125320170598859
"EVI5",-0.0125411415075783
"SLC6A5",-0.0125466270956071
"SMAD1-AS2",-0.0125729058224363
"PRPS2",-0.0125734029704322
"SRD5A3-AS1",-0.0125770132849492
"CIMIP2A",-0.0126038699623837
"TCF20",-0.0126240445208729
"B4GALNT3",-0.0126614677269989
"PIGP",-0.0126877109768192
"RPL12P2",-0.012728110702378
"RPL7P47",-0.0127429635546025
"PTK6",-0.0127495127575209
"GNL3L",-0.0127612009368307
"NUCKS1",-0.0127671337747322
"INSM2",-0.012768616979337
"SPATA41",-0.0128068833691988
"PDGFB",-0.012925848056682
"PTPRT-DT",-0.0129473191730102
"RPS3AP26",-0.0129662331588727
"AP3S1",-0.0129749847710962
"PTCD1",-0.0130133528107137
"RPL9",-0.0130749683630395
"CYSTM1",-0.0131182979319071
"PEX16",-0.0131356310596284
"DCAF8",-0.0131361248249591
"RPL23AP12",-0.0131798038868498
"LEPROT",-0.0132194751716046
"HERPUD2",-0.0134000591069576
"SLC10A3",-0.0134015652381013
"MORF4L2",-0.0134026987255234
"DRG1",-0.0134066052411471
"RPL5P12",-0.0134643090514292
"RABL2A",-0.013529445978191
"SNX4",-0.0135410074894302
"MIR181A1HG",-0.0135822984788691
"TMEM138",-0.0136130585969334
"SH3GLB2",-0.0138347348883834
"LBHD1",-0.0138694852750461
"FAM229A",-0.0138727793011151
"ANKRD36B",-0.0139238289090707
"MIA3",-0.0139256079192333
"NPM1P8",-0.0139646276274503
"KIAA1143",-0.0139803260057263
"RPSAP70",-0.0139919809906838
"PPP1R3B",-0.0140100606756182
"EIF1AX",-0.0140189278224356
"MKNK1",-0.0140437199779756
"ABHD18",-0.0140626246100646
"BTNL9",-0.0140883399319727
"RPL31P12",-0.0140892544315286
"ZPLD1",-0.0140892544315286
"NREP-AS1",-0.0140892544315286
"CRISP2",-0.0140892544315286
"SNAP91",-0.0140892544315286
"RPL36AP29",-0.0140892544315286
"UQCRHP3",-0.0140892544315286
"LINC00347",-0.0140892544315286
"RPL13P2",-0.0140892544315286
"CLIC6",-0.0140892544315286
"KBTBD3",-0.0141211194026113
"UNC5D",-0.0142040312226845
"RPL31P47",-0.0142103022339956
"KCNQ3",-0.0142806922339948
"RNU7-115P",-0.0143002265177307
"COL12A1",-0.0144615160956701
"TNXB",-0.0144957388262009
"SMARCA5",-0.0145264400023934
"RPS27P19",-0.0145925530784606
"ACADS",-0.0146169242628034
"SHOC2",-0.0146322883971677
"KLHL21",-0.0146422061357513
"RWDD4",-0.0146651128929976
"ZBTB10",-0.0147514322309238
"KPNB1-DT",-0.0148050344030741
"TPCN1",-0.0148219828989197
"PI4KB",-0.0148815304487136
"KCNQ4",-0.0149286787689215
"ASXL1",-0.0149339590304859
"MAPRE1",-0.0149706789211329
"RPL12P8",-0.0150173556971811
"ZNF34",-0.0150350951423505
"GNA12",-0.0150855794856367
"HERC2",-0.0151729317145365
"NCOA2",-0.0151840839553125
"SLFNL1-AS1",-0.0151869608298022
"HERPUD1",-0.0153079219801387
"HEXIM1",-0.0153180760914659
"EGR2",-0.0153968485774817
"CTRC",-0.0154084351290412
"DZIP1L",-0.0154291070788811
"TATDN1",-0.0154715413345498
"MEMO1",-0.0155056120475404
"PRDM1",-0.0155280540560587
"CREB5",-0.0155359108256304
"ILF3",-0.0155409168575681
"GDAP1",-0.015545504062693
"RPL37",-0.015569776971353
"LINC01480",-0.0156128140258729
"RPS27P13",-0.0156837029694376
"UBE2W",-0.0157085192319435
"BACH1-AS1",-0.015710980226832
"LYSMD1",-0.0157171968832825
"THAP12",-0.0157606993695063
"ENTPD7",-0.0157731787204446
"MAT2A",-0.0157901438826178
"NDUFB6",-0.0158026678127331
"MED24",-0.015807123312422
"TTC34",-0.0159287042000705
"CFHR1",-0.0159664202518881
"PHTF2",-0.015971850685978
"MPRIPP1",-0.015990839453874
"P2RX4",-0.0160064043553634
"ARMT1",-0.0160090051118218
"CHCHD3P3",-0.0160252543385386
"MISFA",-0.0160546791886106
"MYO15B",-0.0160723128671039
"FAM149B1",-0.016090540656948
"ESYT2",-0.0161636624839018
"RIOK3",-0.0161941092845641
"IRF2",-0.0162144290679182
"ZNF160",-0.0163666314132674
"EVA1C",-0.0163807999951617
"KMT2C",-0.0165085058033267
"ANAPC7",-0.0165098599795298
"EHMT1",-0.0167648911124769
"ZC3H11B",-0.0169179567091176
"ST13",-0.0170024913200226
"PIGHP1",-0.0170418335013595
"TLE3",-0.0170450183623809
"BCAS3-AS1",-0.0171104766344379
"RBBP6",-0.0171440064095779
"RAB39B",-0.0171785020666408
"FMNL1-DT",-0.0173092513076001
"SMOX",-0.0173198586653444
"CROCC",-0.0173274415626677
"FAM120A",-0.0173683634101063
"AXL",-0.0173688253112805
"NT5C1A",-0.0174383311741508
"NUTM2A-AS1",-0.0174661748469305
"PTPRM",-0.0176927236857036
"ANKRD13C",-0.0178248885861632
"RTN4IP1",-0.017835258377024
"ZSWIM8",-0.017846320990057
"RAB37",-0.0178591061846144
"IL17D",-0.0178982354765303
"MEPCE",-0.0179526647910351
"RNU4ATAC",-0.0179597575263988
"RPL27AP5",-0.018160446729996
"BTG2-DT",-0.0182483188400255
"MKRN1",-0.0182648353036825
"RSBN1L",-0.0183449615084467
"FOXA3",-0.0183969080448026
"LINC02067",-0.0185123676777131
"NCK1",-0.0185197468805192
"EIF3F",-0.0185201885880102
"MORN2",-0.0185353833876672
"FAM168B",-0.0185612276376939
"ISCU",-0.0185961033791456
"H3-3B",-0.018691318108218
"RAD21",-0.0187857950964016
"PTMAP1",-0.0188249608897498
"PPIC-AS1",-0.0189082212865683
"MYSM1",-0.0189493572650502
"KIF1C-AS1",-0.0191144391096131
"STARD7",-0.0191188813831959
"CDK5RAP3",-0.0191978369236891
"CRYZ",-0.0192044633714942
"CLDN15",-0.0193994298612122
"EEA1",-0.019402582566046
"COA1",-0.019488441284487
"EPM2A",-0.0195567744047613
"RCBTB2",-0.0195745030557984
"PHACTR2",-0.0196378043117853
"RAB22A",-0.019642488875389
"CD68",-0.0196888971861929
"AHCYL1",-0.0197043397187375
"EXOC5",-0.0197212106061263
"PRR16",-0.0197359639657653
"LINC01215",-0.0198050157040379
"NCBP3",-0.0198060730102376
"HYAL2",-0.0198954571785016
"RPS24",-0.0199469094814018
"DNAH9",-0.0199558089717817
"LRMDA",-0.0199972500261869
"TMEM127",-0.0201537340664683
"PARAIL",-0.0201699638429102
"ATP6V0A1",-0.02018481036203
"PIGL",-0.0202305365791507
"F2RL1",-0.020318068693058
"BAG5",-0.0203607416780837
"TMEM248",-0.0203769626767888
"CDSN",-0.0203954997368451
"LINC02893",-0.0203954997368451
"AURKAP2",-0.0203954997368451
"PIANP",-0.0203954997368451
"RMST",-0.0203954997368451
"ZNF84-DT",-0.0203954997368451
"MARCHF10-DT",-0.0203954997368451
"LINC02603",-0.0204118922185206
"MIR3155A",-0.0205368363801782
"RPL29P16",-0.0205527185347649
"FSIP2LP",-0.0205618823237183
"MIR4271",-0.0205708157023417
"DAPK1-IT1",-0.0205750965416976
"HSPE1P2",-0.0205768188076235
"USP8",-0.0205906849286412
"ADGRG7",-0.0206605404269269
"UBQLN1",-0.0207201656294631
"L3HYPDH",-0.0207233717374459
"RPSAP17",-0.0207416326903633
"NMS",-0.0207468454476136
"LRCH3",-0.0208375764865744
"WDR13",-0.0209530991365322
"STAC",-0.0210758785564045
"LIM2-AS1",-0.0211407980669711
"AP4S1",-0.0211976168854878
"MRPS21P3",-0.0212600042951261
"HNRNPCL4",-0.0212600042951261
"EIF4BP8",-0.0212600042951261
"OR7E129P",-0.0212600042951261
"RN7SL447P",-0.0212600042951261
"RNU6-615P",-0.0212600042951261
"ASS1P9",-0.0212600042951261
"GZMAP1",-0.0212600042951261
"PSMA6P2",-0.0212600042951261
"SPANXN5",-0.0212600042951261
"FOXN3P1",-0.0212600042951261
"LINC02153",-0.0212600042951261
"WBP1LP10",-0.0212600042951261
"LINC02561",-0.0212600042951261
"LINC01989",-0.0212600042951261
"MTCO1P1",-0.0212600042951261
"PART1",-0.0213426217383193
"RSRC2",-0.0213748112653916
"NRBF2P4",-0.0213751173544293
"GABRD",-0.0214273028702125
"CCDC160",-0.0214334460879616
"ADAM15",-0.0214471769484227
"SBF2",-0.0214726460603365
"CTRL",-0.0215056372475838
"CCDC82",-0.0215111998118318
"TRIB3",-0.0215140782311374
"CCDC138",-0.0216160161974393
"SPDYE4",-0.0216262602366337
"BMP2K",-0.0216400121383173
"OTULIN",-0.0216479304100823
"CBLN3",-0.0216623079973738
"MAML3",-0.0216635219776408
"CCDC88A",-0.0217273575999922
"DIP2B",-0.0217561186201646
"HOATZ",-0.0218147183920869
"SDHAF1",-0.0218213597749413
"ADORA2B",-0.021841727798641
"TNS2-AS1",-0.0218572355267442
"TRIP6",-0.0220069126334877
"HNRNPLP2",-0.0221416864020443
"METTL9",-0.022217897301219
"RPS17P2",-0.0222345207841025
"RHOQ",-0.0222755738152085
"MYL12B",-0.0224002384166539
"LGMNP1",-0.022458266913405
"RETSAT",-0.0227988013451917
"NIPA1",-0.0228129835128214
"GIT1",-0.022895914840801
"KCNA3",-0.0229398787440338
"AKAP13-AS1",-0.0230173714900603
"CCNH",-0.023026122141739
"TIMM23B",-0.0230289477529821
"ESRRG",-0.0230613398836337
"LINC00971",-0.0231121908451943
"POMGNT1",-0.0231381953321221
"UBA2",-0.0232544601717148
"CASP3",-0.0233788302660677
"ELOB",-0.023403482373206
"PARPBP",-0.0234123130174725
"NPIPA3",-0.023457478878539
"TEAD2",-0.0234664885854888
"SLC33A1",-0.023489629364869
"AGBL2",-0.0235197131627392
"SRSF11",-0.0235272639471405
"EIF1B",-0.0235895142242621
"H2BC5",-0.0239736934469486
"BPNT2",-0.0240353984070141
"LUZP1",-0.0240453298864427
"G3BP1",-0.0240593247500182
"KTI12",-0.0241329224795068
"SELENOTP1",-0.0241662994547803
"APOBEC3D",-0.024175718381556
"LMBR1L",-0.0243008585076609
"ANXA2P1",-0.0243560018319181
"PRKAR1A",-0.0244167840354736
"KLC1",-0.0245043142316065
"ACVR1",-0.0245255584748884
"TPT1P6",-0.0245292572430322
"PSTK",-0.0246220450837449
"ZNF132",-0.024631555536593
"MAML1",-0.0246839017162367
"SNORA28",-0.0246978798261901
"BIVM",-0.024777751833429
"SNHG20",-0.0248034713830515
"MSL1",-0.0249257711892831
"ADM",-0.0250283877595645
"DLG1",-0.0250368461717213
"HSD17B12",-0.0250612906821478
"RPL17P18",-0.0250643948762762
"SLC25A25-AS1",-0.0251254861359586
"SLC37A2",-0.0251256226792612
"RACGAP1",-0.0251406303370975
"ARNT",-0.0251479068873059
"HPCAL1",-0.0251631465866755
"SNCA",-0.0252059945501558
"NUP160",-0.0252723601526598
"DPH6-DT",-0.0253496331919873
"SLC38A9",-0.0254691491402212
"RPL34",-0.0254977528325729
"LINC00963",-0.0255345352839481
"CLIC4P3",-0.0255935132015371
"NUP62CL",-0.0255946384402457
"RPS15A",-0.025631860902979
"SIRPAP1",-0.0257929767159894
"JARID2",-0.0258281240296345
"ING4",-0.0258594111955615
"SDR39U1",-0.025874370468224
"ZNF417",-0.0260365722554958
"RBM33-DT",-0.026068593128485
"TARBP1",-0.0261009231470663
"COX8A",-0.0262100810509618
"ORC2",-0.0262574161846142
"ZNF747",-0.0263761902875598
"PMS1",-0.0263976733480741
"CISH",-0.0265695692158903
"NQO2-AS1",-0.0266506791865257
"B3GALT9",-0.0266864301533
"UBN2",-0.0267370158160492
"SLC25A40",-0.026810626596338
"ZNF415P1",-0.0269493765086312
"HCCS-DT",-0.0269668678075054
"PI3",-0.0270530228058943
"HPS1-AS1",-0.0271807362655829
"MAP2K6",-0.0272020163347047
"LINC02609",-0.0272172499766732
"REG1B",-0.0272172499766732
"STIMATE-MUSTN1",-0.0272172499766732
"LINC03051",-0.0272172499766732
"VN1R21P",-0.0272172499766732
"TACR3",-0.0272172499766732
"TACR3-AS1",-0.0272172499766732
"RNU6-738P",-0.0272172499766732
"H3C11",-0.0272172499766732
"CLVS2",-0.0272172499766732
"PER3P1",-0.0272172499766732
"ZP3P2",-0.0272172499766732
"TENT5D",-0.0272172499766732
"MAPK6P4",-0.0272172499766732
"LUZP2",-0.0272172499766732
"OR9G1",-0.0272172499766732
"HMGB1P40",-0.0272172499766732
"MTND4P18",-0.0272172499766732
"SRRM4",-0.0272172499766732
"RN7SL508P",-0.0272172499766732
"RNU7-106P",-0.0272172499766732
"OR10U1P",-0.0272172499766732
"ENOX1-AS1",-0.0272172499766732
"LINC00645",-0.0272172499766732
"LINC02565",-0.0272172499766732
"RPL21P128",-0.0272172499766732
"WFDC10A",-0.0272172499766732
"NEFHP2",-0.0272172499766732
"PSG4",-0.0272172499766732
"ISX",-0.0272172499766732
"NIPA2P3",-0.0272172499766732
"UQCC5",-0.0273398280799057
"NSD3",-0.027390642689443
"NFYBP1",-0.0274392835639963
"TMPRSS7",-0.0274455341206257
"DDHD2",-0.027448572188931
"ARAP1-AS1",-0.0274519254306796
"ADA2",-0.0274599183866929
"WTAPP2",-0.0274927145975013
"HMGCR",-0.0275215472963765
"STAU1",-0.0275780350321847
"MYO16",-0.0275916078697936
"ATRNL1",-0.0276218242137495
"EYA2",-0.0276935057003202
"LINC02146",-0.0277005956183121
"SLC9B1P3",-0.0277005956183121
"MT-TY",-0.0277036970089353
"PRXL2B",-0.0277755671450318
"EEF1A1P35",-0.0278004807865203
"ADAMTSL3",-0.027958835750481
"SLIT1",-0.0279759616625413
"LINC01679",-0.0280601261447802
"ADD3",-0.0281456547421791
"SACM1L",-0.0281776953334369
"SLC5A12",-0.028186270556333
"FAM131B",-0.0282175196444142
"MICA-AS1",-0.0282297598156105
"GAB3",-0.0282353965040311
"KLHL26",-0.0283261681120339
"TRA2B",-0.0283263807649084
"DNAJC28",-0.0283411730360836
"MORF4L1P1",-0.0283443508919019
"PLCL1",-0.02838651594186
"WDSUB1",-0.0287636124050015
"MIR137HG",-0.0288884831704985
"WNK3",-0.0289113066568449
"SRSF8",-0.0289316287441639
"LRCH1",-0.0289326544769813
"LRRC46",-0.0290078902843986
"WNT16",-0.0290574642556144
"ERICH2",-0.0291113982306814
"ZNF619",-0.0291657221247898
"CHD1L",-0.0291680396680725
"STARD8",-0.0291811140389097
"CIAO3",-0.0292372110884227
"COL5A1",-0.0292375777230046
"AFG2A",-0.029298052448264
"PGAM4",-0.0293307821353833
"LINC02447",-0.0293363356505306
"GLB1",-0.0294066758846699
"ADPGK",-0.0294169703852001
"M6PR",-0.029423833011256
"PIK3C2A",-0.0294966828590297
"E2F6",-0.0295087691109473
"SLC35E2B",-0.0295946141981599
"RPL13AP6",-0.0296753725420682
"SIGLEC1",-0.02974710127502
"RPS27",-0.0298727205178828
"FGD6",-0.0299395897511564
"RPS16",-0.0299456032457492
"CALML4",-0.0299805953192132
"PPIC",-0.030066824460803
"TSPAN3",-0.0301043649260098
"CAB39",-0.0302139378726041
"ITGA6-AS1",-0.0303246862729556
"UQCC3",-0.0303459584915912
"SDCBP2",-0.0303737169470175
"IRGQ",-0.0304097315199867
"LZTS1",-0.0304232444105889
"MUC22",-0.0304452638047999
"NR1D2",-0.030522263103082
"AGAP2",-0.0305361614033028
"CYLD",-0.0307703379725968
"DDX24",-0.030794745796012
"KATNBL1",-0.0309153831031596
"SNX1",-0.031141600148128
"C11orf16",-0.0311828780680835
"FRMD3-AS1",-0.0312403333387032
"BEST4",-0.0313478913829197
"SERINC4",-0.0313570899831925
"ACBD5",-0.0313808321432771
"PABPC1P4",-0.0314913673980137
"INAFM2",-0.0316511962629062
"SLC30A1",-0.031662667565047
"LMF1-AS1",-0.0316702984465136
"EIF4G2",-0.0317629707093044
"ABITRAM",-0.0317771279889932
"ZNF267",-0.0318597654971191
"IL1B",-0.0319644388862049
"CD82-AS1",-0.0320431082988588
"B3GNT5",-0.0320536178869296
"PARP8",-0.0320653584871915
"CA5B",-0.0320751694135232
"SPRY2",-0.0320759719098308
"TANK",-0.0321492111878076
"BCLAF1",-0.0321581881300978
"SLC25A5P2",-0.0322109500835788
"RNASEH1-DT",-0.0322513255684131
"GALC",-0.0322596005106788
"APOBEC3F",-0.0323022578771264
"RPL12",-0.0324369815432902
"ANTXR2",-0.032511526545474
"BTG2",-0.0325630245241354
"FAM85B",-0.0325720337397533
"RPL7AP65",-0.0325908725928988
"CCZ1",-0.0326872637373491
"LINC01515",-0.0330595592101619
"TNFAIP8L2",-0.0330686263491784
"RNU6-1127P",-0.033155290897498
"PCBP2-OT1",-0.0331974207882003
"RNU4-88P",-0.0333154482258871
"LINC01555",-0.0333154482258871
"VN1R5",-0.0333154482258871
"LINC01343",-0.0333154482258871
"RN7SKP141",-0.0333154482258871
"SCN1A",-0.0333154482258871
"AGGF1P3",-0.0333154482258871
"RPS27P12",-0.0333154482258871
"PEX5L-AS2",-0.0333154482258871
"MESTP3",-0.0333154482258871
"PCDHB12",-0.0333154482258871
"LINC01340",-0.0333154482258871
"H3C12",-0.0333154482258871
"FTH1P15",-0.0333154482258871
"NR2E1",-0.0333154482258871
"TRDN",-0.0333154482258871
"OR12D1",-0.0333154482258871
"LINC01204",-0.0333154482258871
"HHLA1",-0.0333154482258871
"CASP12",-0.0333154482258871
"NELL1",-0.0333154482258871
"LGI1",-0.0333154482258871
"HKDC1",-0.0333154482258871
"RPS3AP36",-0.0333154482258871
"PNLIPRP1",-0.0333154482258871
"CYP26C1-DT",-0.0333154482258871
"RNU6-717P",-0.0333154482258871
"RN7SL390P",-0.0333154482258871
"CLEC2A",-0.0333154482258871
"ITGBL1",-0.0333154482258871
"BRD7P5",-0.0333154482258871
"RPL21P112",-0.0333154482258871
"C13orf42",-0.0333154482258871
"LINC02331",-0.0333154482258871
"DPPA3P11",-0.0333154482258871
"LINC01152",-0.0333154482258871
"DSG4",-0.0333154482258871
"DUXAP7",-0.0333154482258871
"NPIPB12",-0.0334346835716608
"SLFN13",-0.0334397132769429
"LINC01611",-0.0335634698546871
"TMSB10P1",-0.0335685993636674
"ZNF841",-0.0335708562285048
"ALDOAP2",-0.0335721166018677
"LINC01641",-0.0335948707506662
"PDE6C",-0.0335954861438186
"TOMM40L",-0.0336831029802007
"NCBP2",-0.0337615345837629
"RPL35AP36",-0.0337845081579948
"SYNJ1",-0.0338452643560521
"PAICSP4",-0.0339456401673449
"CDK5RAP2",-0.0339831625053684
"LINC01872",-0.0339841524927549
"CCDC103",-0.034039472770389
"NFRKB",-0.0340912057736455
"SORT1",-0.0343794064288226
"MPZ",-0.0343929861156444
"LINC00472",-0.0345012016191901
"SIPA1L2",-0.0345409516064309
"TMEM163",-0.0345583412763513
"AQP10",-0.0346597992702724
"RNU6-961P",-0.0346597992702724
"PKP4P1",-0.0346597992702724
"LINC01831",-0.0346597992702724
"SLITRK3",-0.0346597992702724
"RANP7",-0.0346597992702724
"SNORD73B",-0.0346597992702724
"MIR3660",-0.0346597992702724
"LINC01241",-0.0346597992702724
"OR5F1",-0.0346597992702724
"OR51B5",-0.0346597992702724
"MMP20",-0.0346597992702724
"FADS2B",-0.0346597992702724
"CCT5P2",-0.0346597992702724
"SLC28A2-AS1",-0.0346597992702724
"RNA5SP485",-0.0346597992702724
"OR10H3",-0.0346597992702724
"IMMTP1",-0.0346597992702724
"POTED",-0.0346597992702724
"SLC25A38",-0.0347126986729304
"APRG1",-0.0347256580839572
"ATXN2",-0.034748339821114
"CTSA",-0.0347622494453872
"LY6S",-0.0348662194216168
"CACNA1E",-0.0349507983997202
"LINC02937",-0.0349857846844091
"LINC01666",-0.0349916001209284
"AKIRIN1",-0.0351659477138072
"DOK5",-0.0351966098106646
"BLOC1S4",-0.0352581598967687
"HIPK2",-0.0352797133287687
"ARHGAP26",-0.0354131008092773
"SEBOX",-0.0355744349999801
"PIK3CG",-0.035680203632337
"STX1A",-0.0356825539209209
"PPFIA3",-0.035732509720234
"PIP4K2A",-0.0357430724266725
"WT1-AS",-0.035761648051576
"ZNF865",-0.0357673480834728
"GARS1",-0.0357994066286713
"SLTM",-0.0358160338597033
"TMEM59",-0.0358557808694067
"SUGCT",-0.0358664516538438
"PSPC1-AS2",-0.0359865170966009
"ZNF614",-0.0361265316701374
"SIAH1",-0.0361553818596298
"IP6K1",-0.0364210310842244
"ADPGK-AS1",-0.0364709942153195
"TSPAN31",-0.0364714643735854
"RDX",-0.0365177700898003
"TRBV10-3",-0.0365220755683905
"ZBTB2",-0.0367445134429973
"DSCR9",-0.0368192361660399
"RPS15AP16",-0.0368553038651359
"LINC02395",-0.0369007363179517
"ZNF175",-0.0370677067114046
"CSNK1G3",-0.0372305874445952
"LINC01588",-0.0372905238132282
"AKT3",-0.0372956145486792
"BUD13",-0.0373374143853209
"CD244",-0.0374516557708697
"SEC23A",-0.0375115188776061
"PDE6B",-0.0375428149897441
"THAP5P2",-0.0375645707298401
"LINC00987",-0.0379069492800322
"DTX2",-0.0379954711134796
"SSR3",-0.0380475812189815
"R3HDM4",-0.0381594772281695
"LINC01888",-0.0383233281258843
"POLB",-0.0383424403600715
"SKIL",-0.0384179592001427
"SLC25A13",-0.0385020499016617
"PIGK",-0.0386025624948674
"PPCDC",-0.0386630843104634
"ORC6",-0.0387313103022769
"RNF121",-0.0387404483561516
"DUSP16",-0.0388295079199428
"OVOL3",-0.0389633714240339
"DNAJC3",-0.0391489650455433
"EMC1",-0.0392486416029748
"ARHGEF6",-0.0394464129815678
"PANK2",-0.0395600126201788
"YBEY",-0.0395671882106926
"SLC25A44",-0.039587212100029
"PEAK1",-0.0396150147979508
"UBE2D3",-0.0396554845713443
"RGL1",-0.0397301610320526
"RPS17P16",-0.0398069272399559
"ERICH3",-0.0398164466315159
"HSPE1P25",-0.0398164466315159
"LINC01885",-0.0398164466315159
"PRSS51",-0.0398164466315159
"SNRPCP14",-0.0398164466315159
"SPTLC1P1",-0.0398164466315159
"CCDC169",-0.0398164466315159
"IGHV6-1",-0.0398164466315159
"RN7SKP95",-0.0398164466315159
"CHST4",-0.0398164466315159
"ABHD17AP7",-0.0398164466315159
"SLC14A2-AS1",-0.0398164466315159
"CYB5AP4",-0.0398164466315159
"RPL18AP13",-0.0398164466315159
"MIR7-3HG",-0.0398164466315159
"CLCP1",-0.0398164466315159
"ACTBP2",-0.0398778072198897
"ANXA2R",-0.0399265501484987
"BECN1",-0.0400059458249956
"ZFHX2",-0.0400279919459189
"C1GALT1P1",-0.0401460347484417
"ELOVL5",-0.0402058244555269
"GXYLT1",-0.0402372918383652
"SPATA22",-0.0402644248017914
"TNFSF14",-0.0403338144973694
"GK4P",-0.0403641130057125
"IFNAR2",-0.0404232998453667
"MAP1LC3A",-0.0404922269976553
"CHRNE",-0.0405445577124147
"MIR186",-0.0406450129565397
"SCARB1",-0.0408320011037357
"TPP2",-0.0410056270233609
"ZNHIT3",-0.0410336506122446
"PDCL3",-0.0410615036690434
"CDADC1",-0.0410780848621928
"GPD2",-0.0412448845741536
"BTF3L4",-0.0414859987829565
"CFDP1",-0.0414866061963057
"ZNF324",-0.0415190638193599
"SRSF10",-0.0415395753469415
"TIMM44",-0.0415841781503483
"EIF5P1",-0.041830130707964
"HNRNPL",-0.0419301224309796
"PHC2",-0.0421070659400694
"CATIP-AS2",-0.0421726623828413
"ZC3HAV1",-0.0422320854495073
"CALM3",-0.0424122806601566
"DPF2",-0.0424840626386661
"GALT",-0.0424871313332467
"ARFGAP3",-0.0425694569709566
"LINC00847",-0.0426189008931029
"POR",-0.0426190739983374
"ELP2",-0.0427011691567359
"PHC3",-0.0427509185742181
"SERGEF",-0.0427665003906855
"TAFAZZIN",-0.0428042233620204
"C1QTNF7-AS1",-0.0429603020926383
"KAT6B",-0.0429742740834158
"RPAP1",-0.0430445245615458
"EEF1A1P19",-0.0431650409485772
"NUDT11",-0.0432160734302434
"H2AJ",-0.04323654409421
"TICAM1",-0.0432516174561423
"RPL17P39",-0.0432636599368532
"TSNAX",-0.0433139925566295
"RCC2",-0.0434482165136293
"CARNMT1",-0.0435826860373457
"RN7SL172P",-0.0435827771695499
"ARAP3",-0.043592554130206
"TBC1D22A-DT",-0.0435977824984555
"EXOC6B",-0.0436317349853845
"WSB2",-0.0437007674047398
"SERPINI1",-0.04385521359517
"INPP5B-AS1",-0.043865178590052
"SLC25A16",-0.0439597559848916
"REXO4",-0.0440045578111684
"USP38-DT",-0.0440255246752564
"EEF1A1P11",-0.0440423435901306
"MAGI1-AS1",-0.0441942002575964
"HMGB3P22",-0.0441942002575964
"TMEM130",-0.0441942002575964
"RPL21P117",-0.0441942002575964
"OR1Q1BP",-0.0441942002575964
"BCAP31P2",-0.0441942002575964
"ALOXE3P1",-0.0441942002575964
"MIX23P3",-0.0441942002575964
"CYP4F11",-0.0441942002575964
"SRPK2",-0.0442022258278826
"ANKS1B",-0.0442314145628684
"TIMM29",-0.0444048444049081
"AHI1",-0.0444085606124562
"APPL2",-0.044415091544644
"DMGDH",-0.0444476299708685
"LINC02049",-0.044455165021655
"ZNF330",-0.0445870666813536
"PTGER4",-0.044615858394787
"SATB1-AS1",-0.0446544646632574
"AP3S2",-0.0448331416553877
"GAPDHP62",-0.0448645346249103
"RPL17P5",-0.0450013328877172
"WWP1",-0.0450231902601988
"OXER1",-0.0450677043960297
"TRIM39",-0.0450955922277362
"SLC47A1",-0.0451495347347362
"MIR2052HG",-0.0451672215290757
"HMGN1P4",-0.0451741090999244
"RFPL4AP5",-0.0454674980633806
"LINC02989",-0.0454674980633806
"NPM1P24",-0.045507862701721
"INVS",-0.0455421562152614
"SKAP2",-0.0455502458253927
"SFTPD",-0.0455998255010426
"SETX",-0.0456678498936749
"SMIM14-DT",-0.0456761495022897
"ZNF41",-0.045911660237554
"ENSAP2",-0.0461178755529034
"NPIPA2",-0.0461809706838243
"F12",-0.0461978062469587
"MYO19",-0.0463722398754153
"GABBR1",-0.0465101664238154
"NDUFB8P2",-0.0465506773092527
"EIF3FP3",-0.0466940285375528
"SH2D4A",-0.0467120169896674
"SPATA9",-0.0467453824723461
"ZW10",-0.0467700912131975
"RPL17P36",-0.0467823003330011
"AFMID",-0.0468105590608156
"TDRD9",-0.0468270301482148
"SLC39A7",-0.047055578625192
"PPIH",-0.0471128673940732
"ZNF71",-0.0471147477284065
"STARD4",-0.0471694762918621
"TYW1B",-0.0471708453592213
"RPL41",-0.0473315370350873
"ICAM4-AS1",-0.0473330754556009
"RPL7AP50",-0.0475056067830386
"COX19",-0.0476361297015565
"SUMO1P3",-0.0476905264222625
"CLP1",-0.0476996283665237
"RWDD4P2",-0.0477669373898213
"CHCHD2P9",-0.047781786355755
"MTMR12",-0.0479810386786394
"PAICSP1",-0.0479949564585063
"TDRD12",-0.0480070569824455
"GIPR",-0.0480902453171533
"ZDHHC5",-0.0481421499238948
"LINC02939",-0.0481560454836675
"ASTL",-0.0481613737537133
"CDK14",-0.0481715549081864
"FMO1",-0.0483096638532845
"TMEM30A",-0.0483492490035716
"ZSCAN20",-0.0483651528021506
"SOCS3-DT",-0.0483681367769009
"DPP8",-0.048443992631165
"TRAPPC10",-0.0486192434428452
"FCRL2",-0.0486434902168239
"SLC30A4",-0.0486658922027556
"ISCA1P2",-0.048701857789371
"H3P7",-0.048701857789371
"RAPGEF4-AS1",-0.048701857789371
"FANCD2P2",-0.048701857789371
"HNRNPA1P20",-0.048701857789371
"ATP5MGP4",-0.048701857789371
"CCL26",-0.048701857789371
"LINC02902",-0.048701857789371
"BANCR",-0.048701857789371
"TLL2",-0.048701857789371
"RNA5SP304",-0.048701857789371
"STRC",-0.048701857789371
"WFDC9",-0.048701857789371
"MTND3P1",-0.0487285848540707
"CDK16",-0.0487533965700524
"PLA2G4C",-0.0488452744647767
"RPS23P8",-0.0488805830712394
"RASIP1",-0.0489115477515092
"ZNF124",-0.0489719655116993
"CACTIN-AS1",-0.0490035353004823
"ADAM8",-0.0490938819451829
"UPF3A",-0.0491002161724768
"MTND6P4",-0.0491439293136294
"CFLAR",-0.0491476364992846
"MRAP",-0.0492065044805896
"MIR1244-2",-0.0492607525085276
"LYNX1-SLURP2",-0.0492710563044666
"KRT17",-0.0492926762112293
"SERPINB9P1",-0.0493200403003491
"MTX1LP",-0.0493376017469577
"RN7SL339P",-0.0493376017469577
"MIR4701",-0.0493376017469577
"LINC01413",-0.0493376017469577
"RPL21P119",-0.0493459102271564
"KBTBD8",-0.0494886258149762
"MTCO1P11",-0.0495721146900024
"ASXL3",-0.0495911297588058
"HCG25",-0.0495967015669214
"MTND1P23",-0.0496340527901814
"HSPA8P7",-0.0496549856581532
"SLC51A",-0.049697657190156
"RPL21P63",-0.0497436995813919
"RN7SL835P",-0.0497865195903563
"SH3RF2",-0.0498618753725892
"TAGLN",-0.0498772821898413
"AHR",-0.0499349675402696
"GAA",-0.049960245423748
"ZNF226",-0.0501740658337606
"GOLPH3",-0.0501906162573413
"EXOC4",-0.0503604782141438
"CASC3",-0.0505783498843413
"ZBTB33",-0.0505825388832194
"BMPR1B",-0.050601997170773
"GNAQ",-0.0507880065840071
"MTRF1",-0.050788938996997
"TSC1",-0.0507927086590717
"KDELR1",-0.050845396115128
"TAF2",-0.0508597415680176
"NUDT16-DT",-0.0511053956059557
"ARHGAP21",-0.0511533947464864
"SNHG6",-0.0511778477075409
"PLEKHG1",-0.0512293145711339
"PPIAP3",-0.0513385645686951
"SP2",-0.0514476318954585
"CNTF",-0.051531792685283
"JAKMIP2",-0.0516478656321747
"BRD9",-0.0517635373958633
"MIR1244-4",-0.0519691182630157
"EEF1B2P3",-0.0520284687497635
"DR1",-0.0521992627790144
"ARPC3P2",-0.0523179836244875
"BRD3",-0.0523299819731941
"SEC24B",-0.0523355671362384
"UBP1",-0.0523589180165722
"FAM41C",-0.0525983369700512
"MAGEA6-DT",-0.0525983369700512
"MIS18A-AS1",-0.0525983369700512
"KLF10",-0.0527262160061698
"NUP107-DT",-0.0528679524419079
"LINC00574",-0.0529074714900892
"RPL36AL",-0.0529657885840564
"STAG1-DT",-0.0529733865003405
"UQCRB",-0.0530297016548737
"FZD8",-0.0531254091402065
"TTI2",-0.0531431444474467
"MIR548O",-0.0534016349431582
"FAM107A",-0.0534144426664193
"NUMB",-0.0534294368665006
"SEPTIN4-AS1",-0.0535617709229675
"EIF3A",-0.0536760040254431
"SAMD14",-0.053748313268797
"HSPA6",-0.0537632670444053
"SCIRT",-0.0538402267226112
"ARG2",-0.0538899433522569
"CARMIL1",-0.0539444566321596
"SDCBPP1",-0.0539593530520174
"CD46P1",-0.0541131685633367
"OR10J7P",-0.0541131685633367
"RN7SKP55",-0.0541131685633367
"LHX8",-0.0541131685633367
"RPL10P4",-0.0541131685633367
"LINC02814",-0.0541131685633367
"DES",-0.0541131685633367
"IGKV2D-14",-0.0541131685633367
"USP21P1",-0.0541131685633367
"RN7SKP227",-0.0541131685633367
"TM4SF18-AS1",-0.0541131685633367
"LINC02050",-0.0541131685633367
"GRM7-AS3",-0.0541131685633367
"HNRNPA3P13",-0.0541131685633367
"SLC10A6",-0.0541131685633367
"ADGRL3",-0.0541131685633367
"LINC02516",-0.0541131685633367
"SLC25A48",-0.0541131685633367
"EDIL3-DT",-0.0541131685633367
"RN7SL183P",-0.0541131685633367
"HS3ST5",-0.0541131685633367
"LINC03003",-0.0541131685633367
"LCAL1",-0.0541131685633367
"SEPTIN14P1",-0.0541131685633367
"EIF4A1P13",-0.0541131685633367
"CAPZA1P5",-0.0541131685633367
"LINC02476",-0.0541131685633367
"CFAP47",-0.0541131685633367
"GPR101",-0.0541131685633367
"GYG2-AS1",-0.0541131685633367
"FAM47A",-0.0541131685633367
"SSU72P1",-0.0541131685633367
"SOX5P1",-0.0541131685633367
"ATP5MGP1",-0.0541131685633367
"OR4A50P",-0.0541131685633367
"OR51M1",-0.0541131685633367
"ROBO4",-0.0541131685633367
"LINC02695",-0.0541131685633367
"MKX",-0.0541131685633367
"PPP1R3C",-0.0541131685633367
"CUBNP2",-0.0541131685633367
"NRG3-AS1",-0.0541131685633367
"FGF23",-0.0541131685633367
"KRT82",-0.0541131685633367
"RNU6-1088P",-0.0541131685633367
"LINC02442",-0.0541131685633367
"ANKRD20A10P",-0.0541131685633367
"PPIAP23",-0.0541131685633367
"TPTE2-AS1",-0.0541131685633367
"SERPINA12",-0.0541131685633367
"LINC02250",-0.0541131685633367
"FAM153DP",-0.0541131685633367
"LINC00235",-0.0541131685633367
"LINC02140",-0.0541131685633367
"SLC24A3-AS1",-0.0541131685633367
"PPIAP10",-0.0541131685633367
"MIR517B",-0.0541131685633367
"AKR1B1P7",-0.0541131685633367
"MIR548XHG",-0.0541131685633367
"PCP4",-0.0541131685633367
"RPL3P10",-0.0543715932902283
"ABCB11",-0.054399785172158
"RNU6-942P",-0.0544235240265566
"PDE7B-AS1",-0.0544538597314665
"RAPGEF4",-0.0545526189305543
"OR6C69P",-0.0545526189305543
"CR1L",-0.0545537073277925
"ANKRD18A",-0.0545605367472737
"LINC02616",-0.0545703205031762
"PLBD1",-0.0546078633706409
"RNU6-509P",-0.0546421372154143
"UPRT",-0.0546825318280886
"CXXC5",-0.0547328881901623
"CHMP7",-0.0547998947567703
"UFM1",-0.0549582962566459
"CSMD3",-0.0550408766572247
"F7",-0.0550408766572247
"LINC01865",-0.0550971497198883
"USP39",-0.0551056904064817
"NDUFV2-AS1",-0.0553510857953509
"GNG7",-0.0554852385190631
"RPP40",-0.0555145091941927
"MRFAP1",-0.0555467760938032
"PSD4",-0.0556882181216382
"VAMP1",-0.0558236412526536
"DDB1",-0.0559139147207573
"GNPAT",-0.0560754123123547
"SNORD89",-0.0562002767812971
"PCED1B-AS1",-0.0562664558929423
"DDX55",-0.0563721928485419
"MAP3K1",-0.056399813156201
"RAB39A",-0.0566021976019779
"ATXN7L3B",-0.0568946803962327
"TPRA1",-0.0569440346916965
"F11R",-0.0569843834884935
"EPHX2",-0.0570413144084845
"RASGRF2-AS1",-0.0570474207605837
"IGHA2",-0.0571101536978138
"UBE3B",-0.0571504984898935
"MSRB3-AS1",-0.0571730450638509
"TRO",-0.0571976327297055
"LINC02240",-0.0572353549762516
"ATP5MKP1",-0.0572773229554383
"RPL15P2",-0.057339940608597
"RPS27P8",-0.057441682453111
"P4HTM",-0.0574709102843293
"TRIM38",-0.0575257829584403
"ANKMY1",-0.057530880955458
"CETN2",-0.0575557538927121
"DOCK4",-0.0576453561484041
"CD180",-0.0576826631706105
"FOXRED2",-0.0576947515196729
"MGAM",-0.0577270921482554
"NTRK2",-0.0577333902491395
"TRAM1",-0.0577683301791738
"CELF6",-0.0581579005245916
"ALCAM",-0.0582898853292267
"SGCZ",-0.0583334294234545
"PPIAP87",-0.0583334294234545
"CPXM2",-0.0583334294234545
"IQUB",-0.0583450870096954
"RPL12P12",-0.0584178914513209
"KRT6A",-0.0585639166754379
"MIPEPP2",-0.0586012538576668
"SMCO1",-0.0586012538576668
"NDST3",-0.0586012538576668
"RLIG1P1",-0.0586012538576668
"TMEM183AP2",-0.0586012538576668
"LRRFIP2P1",-0.0586012538576668
"CYCSP44",-0.0586012538576668
"RPL7L1P11",-0.0586012538576668
"USP17L1",-0.0586012538576668
"SMARCE1P3",-0.0586012538576668
"MPHOSPH10P9",-0.0586012538576668
"EIF3E",-0.0586249255398089
"CDH9",-0.0587072322891313
"ARHGAP19",-0.0587528877713965
"RAB15",-0.0588323013527627
"ZNF292",-0.0588494513392504
"MAN1B1",-0.0589655409626354
"CIBAR1-DT",-0.058978677344547
"LINC01890",-0.0589947953968334
"RNF41",-0.0594969668234191
"TGFBR1",-0.0596365887603836
"ACVR2B",-0.05968273041829
"BTN3A1",-0.0597956547167427
"TMEM183BP",-0.0598040837701007
"PRSS38",-0.059841923227858
"CIMAP2",-0.059841923227858
"DPP10",-0.059841923227858
"CNTN4",-0.059841923227858
"HNRNPA1P73",-0.059841923227858
"KCNU1",-0.059841923227858
"RN7SL778P",-0.059841923227858
"LINC00558",-0.059841923227858
"TRAV38-1",-0.059841923227858
"RPL3L",-0.059841923227858
"CCL14",-0.059841923227858
"FBN3",-0.059841923227858
"ZNF295-AS1",-0.0599069007298499
"HSFX4",-0.0599478877832142
"SYCP2",-0.0599873985629542
"HID1",-0.0600548977152
"ZMAT3",-0.0602811006906283
"EP300",-0.0602822298395707
"ITPR1",-0.0603344889176428
"ALG6",-0.0604517769301785
"ATP1A1",-0.0605157017810062
"TBCAP1",-0.0605503380200377
"ARHGEF18",-0.0606714798612059
"GRIN3B",-0.0608280855277998
"UIMC1",-0.060902278460764
"ALOX5AP",-0.0609830868072531
"PCBP2P2",-0.0611497507393783
"RPE65",-0.0612033666957326
"RPL18AP7",-0.0612033666957326
"FETUB",-0.0612033666957326
"LDHAL6EP",-0.0612033666957326
"ROS1",-0.0612033666957326
"LINC03005",-0.0612033666957326
"PKD1L1-AS1",-0.0612033666957326
"RPS7P14",-0.0612033666957326
"LRCH2",-0.0612033666957326
"RGN",-0.0612033666957326
"WWP1-AS1",-0.0612033666957326
"RNU6-889P",-0.0612033666957326
"MTND2P15",-0.0612033666957326
"CYCSP39",-0.0612033666957326
"PPP3CC",-0.0612240197318647
"DNAJC7",-0.0612563192723386
"FAM83H",-0.0613001304256216
"DOK4",-0.0613991430873983
"PAGE2",-0.0615246072263799
"B4GALT3",-0.0615406051193651
"LINC02473",-0.0617151910515403
"ATP2C1",-0.0617392025035438
"SIRPA",-0.0618766267989015
"ARPC1A",-0.061905875075115
"RN7SL656P",-0.0619748801128902
"SPDYE1",-0.0619947676502309
"ST3GAL1-DT",-0.0619970920637432
"CDH19",-0.0620765374138974
"SPEN",-0.0622009115743287
"SNHG3",-0.0622213553144632
"FGL1",-0.0622879847571948
"GOLGB1",-0.0622889027673191
"NSA2P7",-0.0623048741740088
"LINC00640",-0.0623048741740088
"DHRS13",-0.062325755206295
"SNORD3C",-0.0624514859011325
"TFPT",-0.0625243572759422
"PCP2",-0.0625637097025322
"CRACDL",-0.0626388255796262
"GK-IT1",-0.0626650406600365
"TOE1",-0.062711654051252
"PRKAB2",-0.062753776677162
"FAM151B-DT",-0.0627656439575513
"RPL21P51",-0.0627837626698232
"EOLA2",-0.0629360431680665
"PDS5A",-0.0630398275438605
"CARMIL3",-0.063044972359827
"HIVEP2-DT",-0.063142523225197
"COQ9",-0.0633408048413501
"IDNK",-0.0633583772545325
"PKIA",-0.0634942925635478
"IPO11",-0.0635694922707166
"ESRP2",-0.0636717928849175
"NOP14-AS1",-0.0639547025417118
"MIR3198-1",-0.0639895055676003
"NRIP1",-0.0639941593819264
"ACAP1",-0.0640520749749749
"NISCH",-0.0640952112599584
"FCF1P1",-0.064164858681832
"PDLIM2",-0.0643348754058605
"AKAP5",-0.0643562010358606
"AGO3",-0.064433843191125
"PIGX",-0.0644816109888738
"PJA1",-0.064514858793797
"CPVL-AS2",-0.0646137887336551
"DBF4",-0.064617301343024
"EML4",-0.0648497504737411
"CD2AP",-0.0650185954914016
"EEF1A1P44",-0.0651009720306254
"MYO5A",-0.0653442186364626
"LRCH4",-0.0653894275023564
"CETP",-0.0654108365860336
"MOB3A",-0.0655453154098502
"NPC2",-0.0658631420803479
"CKAP5",-0.0658632715763113
"FGD3",-0.0659833408429168
"RPS2P17",-0.0659845485529372
"RPL36AP44",-0.0659883164397265
"OSTM1",-0.0660295433030053
"RN7SL154P",-0.0660845085760144
"YBX1P2",-0.0661633066369933
"PAM16",-0.0662398577348886
"PLEKHB2",-0.0662995576041641
"HDC",-0.066639584700141
"ARHGAP44",-0.0667144518785616
"FECH",-0.0668318700930307
"SMURF2",-0.0670877646181504
"EEF1A1P14",-0.0671481968713185
"FTH1P12",-0.0672112296064869
"BEST3",-0.067323279629234
"GCNT2",-0.0673307220714676
"CYP51A1P1",-0.0673627166830773
"GFPT1",-0.0676687879998686
"POLR1D",-0.0676933353620915
"RN7SL200P",-0.0678090449255975
"RPA3P1",-0.0679144772323443
"DDN",-0.0679144772323443
"MIR6793",-0.0679144772323443
"LINC02897",-0.0679486150322465
"GABRG3-AS1",-0.0679486150322465
"LAMB3",-0.067965721727517
"TPM3P7",-0.0682714524170845
"ZNF879",-0.0684171154947582
"ELAVL1",-0.0685015247477888
"H2AC20",-0.0688246749869307
"SMG6",-0.0688702845321417
"ARMC2-AS1",-0.0690048836341586
"FAM177B",-0.0690753862349536
"FARP1",-0.0693955621275901
"LRRC37A13P",-0.0695954859583045
"GRTP1",-0.0698979466167416
"SEMG1",-0.0700873953014649
"C11orf98",-0.0701773234364447
"CLEC4A",-0.0702659768935846
"SLC5A5",-0.0703758859810166
"MMP25",-0.0707498814652244
"TFB2M",-0.0708325941529698
"EPC2",-0.0709027984291817
"GTF2H4",-0.070997522699714
"MYOM3",-0.0711978414566371
"MIR3649",-0.0711978414566371
"TRDJ2",-0.0711978414566371
"ZFYVE27",-0.0712404016640287
"OR10H1",-0.0712886852886587
"IGLV1-51",-0.0714540103851113
"NPEPL1",-0.0717151986481096
"RPL21P24",-0.0717748389514102
"ADH4",-0.0717748389514102
"POU5F1P2",-0.0717748389514102
"OR52J2P",-0.0717748389514102
"CCNYL4",-0.0717748389514102
"DIO2-AS1",-0.0717748389514102
"PKLR",-0.0718102795455102
"CNBP",-0.0719219479321478
"DNAJC9",-0.0719350580135152
"RPL36AP28",-0.0720228898198673
"UQCRB-AS1",-0.0720338235318684
"LINC01523",-0.0720741183872718
"SNORD88A",-0.0720741183872718
"ASTE1",-0.0724561812182911
"ASB15-AS1",-0.0725724467399429
"MYO3B-AS1",-0.0725948203998901
"NDEL1",-0.0725963797785038
"LINC01079",-0.0727606301552327
"IGHV1-24",-0.0727606301552327
"IGHV1-58",-0.0727606301552327
"RN7SL526P",-0.0727606301552327
"LINC01744",-0.0728149103087784
"CNGA1",-0.0728149103087784
"MTND1P19",-0.0728149103087784
"TNPO3P2",-0.0728149103087784
"H2BC16P",-0.0728149103087784
"OR2A42",-0.0728149103087784
"LINC01022",-0.0728149103087784
"VN1R31P",-0.0728149103087784
"MIR764",-0.0728149103087784
"ATP5PFP3",-0.0728149103087784
"PTPRD-DT",-0.0728149103087784
"NFIB-AS1",-0.0728149103087784
"OR4A13P",-0.0728149103087784
"OR8D4",-0.0728149103087784
"OR52A5",-0.0728149103087784
"FREM2",-0.0728149103087784
"GLI3",-0.0728319925287617
"RN7SL827P",-0.072870140085647
"HMCN1",-0.0728851216899663
"TXNDC9",-0.0729048166359688
"RPS26P45",-0.0729690646732981
"RPL21P98",-0.0729960792617301
"PRKCSH",-0.0730137560127866
"CASK-AS1",-0.073141842994352
"DCBLD2",-0.0731694096403167
"RPL5P3",-0.0732084441863197
"RGR",-0.0733496242177643
"IGHG4",-0.0734787484883389
"FER1L5",-0.0735011397864274
"ERF",-0.0736334883150637
"CAPNS1",-0.0737946270838917
"CRX",-0.0739180621713748
"LYST",-0.0739207523432804
"RN7SL404P",-0.0739293838171946
"ANGPTL6",-0.0741665014576765
"SLC35B2",-0.0743939847029283
"CDIP1",-0.0744405144696887
"PRKRA",-0.0744498312095242
"CDRT4",-0.0744815918266536
"C5orf15",-0.0745239393666499
"RBM22",-0.074532935913299
"ERLIN1",-0.0746856625090869
"ZFYVE21",-0.0749453930446386
"RPL23AP74",-0.0749676149613506
"RPS18P5",-0.0749837261474568
"COMMD5P1",-0.0750010566518045
"LINC02253",-0.0750010566518045
"LINC00544",-0.0750077384002371
"CCDC107",-0.0750842347662071
"TUBGCP4",-0.0752137049187903
"RPS27P4",-0.0753050026840366
"CAMK2A",-0.0753286948853517
"C1QA",-0.0753846318827189
"HNRNPDL",-0.0756115551972089
"LINC02944",-0.0756455300482284
"ZSCAN18",-0.0756666562660754
"PLXDC2",-0.0758141651061417
"EGLN2",-0.076107524890198
"SET",-0.0761509809907637
"PFN1P10",-0.0764840817735211
"ENPP7P6",-0.0764840817735211
"RPS29P19",-0.0764840817735211
"HNRNPA1P11",-0.0764840817735211
"CPED1",-0.0766644393766718
"RPL13A",-0.0766938577987765
"ZNF404",-0.0768103448132684
"LINC02168",-0.076848665549017
"SLC16A13",-0.0768608957127596
"BPHL",-0.0769063427062596
"ARIH2",-0.0769683619485428
"ZNF451",-0.0769705034979055
"FAR2",-0.0769928979975938
"TRAJ45",-0.077103049990021
"DAZAP2",-0.0771860975266827
"RN7SL258P",-0.0771963767762834
"NFAM1",-0.0772813679362853
"MUC21",-0.0773116174278825
"ARMCX7P",-0.0773116174278825
"SH2D6",-0.07732767691295
"ATF7",-0.0774176881606689
"EBLN1",-0.0775664573938006
"PRSS23",-0.0776497983434001
"SQSTM1",-0.0776783762786534
"FAM13B-AS1",-0.0777504651334044
"DEFB119",-0.0778045824748956
"GNAS",-0.0778874070309476
"LINC02337",-0.0779422205172497
"LINC01533",-0.0779422205172497
"CACNA1I",-0.0779422205172497
"LINC02972",-0.0780500734110387
"TRAJ41",-0.0780500734110387
"RNU6-1153P",-0.0780500734110387
"HEXIM2-AS1",-0.0782891008046296
"MIR1244-3",-0.0782959068904694
"LINC02232",-0.0783192707755717
"ZFAND2A",-0.0783930192672337
"U2AF1L4",-0.0784239558857428
"TM4SF19-DYNLT2B",-0.0784469157315209
"RPS6P20",-0.0784469157315209
"ZNF37A",-0.0785032250111556
"RPS8P10",-0.0785219310878382
"MUCL3",-0.078536809211251
"NPIPA6",-0.078536809211251
"SNRPGP18",-0.0785462221407801
"RYR2",-0.0786668182940186
"MIR3975",-0.0786699217994573
"NF1",-0.0788123754504654
"PTGES3P4",-0.0788510307099731
"CTNNA1-AS1",-0.0789098078537382
"TM6SF1",-0.0789589709789042
"SMARCA2",-0.079201023263799
"SLC26A2",-0.0792238551242251
"AADACL2-AS1",-0.0793196795820026
"ALG3P1",-0.0793196795820026
"MIR4521",-0.0793196795820026
"PPM1B-DT",-0.0793362015567435
"RNU6-241P",-0.0794624842811372
"BCAS2P3",-0.0794624842811372
"FKBP5",-0.0796443851863309
"LINC01304",-0.0796694038361325
"STUB1-DT",-0.0797991250174991
"CAMTA1-DT",-0.0798631197691842
"GRHL3",-0.0799132217209171
"CCDC158",-0.0799132217209171
"APONP",-0.0799132217209171
"TBC1D12",-0.0800864479929002
"DNAJC14",-0.0801767005660527
"TRAV8-1",-0.0803317050729221
"SEMA6B",-0.0803382481286036
"UBASH3B",-0.0803429367404753
"QARS1",-0.0803435959741447
"LINC00393",-0.0804697631344201
"RPL34P16",-0.0805300466827994
"MFAP1",-0.0806017154069986
"PLCD3",-0.0806741169400614
"RAB20",-0.0807007244352884
"CNOT4",-0.0807381188158652
"TBC1D3",-0.0809178094142973
"PCAT1",-0.0811076469846106
"CARD18",-0.0811090340162693
"MIR555",-0.0811726929142059
"RNU6-260P",-0.0812252602787903
"RDXP2",-0.0812787340876165
"ZNF236-DT",-0.0813404678618022
"LINC00370",-0.0814607109961314
"TINCR",-0.0814629493643558
"ATF4",-0.0814801507189086
"CORO1C",-0.0814821696594982
"SLC13A3",-0.0816854645089152
"LINC01962",-0.0818254533907151
"PADI2",-0.0819172553915955
"GLCCI1-DT",-0.0819307274908514
"SP7",-0.0820242089240056
"SNX19",-0.082126224979708
"CD82",-0.0824678420253372
"HPS3",-0.0825290317666672
"FAM229B",-0.0826483611082917
"LRRC3B",-0.082667113387115
"LSAMP-AS1",-0.082667113387115
"IGHV3-62",-0.082667113387115
"BNIP2",-0.0827206654793063
"YY1-DT",-0.0827313730564035
"HSPA8P1",-0.0827799333957726
"LRP2BP",-0.0827913432225645
"ADCY4",-0.0828408789266814
"PPM1K",-0.0828833160486572
"ISCA1P6",-0.0830949387414341
"ZBTB20",-0.0831123306465583
"LINC00885",-0.083288185240692
"GPR62",-0.0833468968119014
"SDK1",-0.0834674824973123
"SYPL1",-0.0835142771015439
"SELENOTP2",-0.0835191040115315
"NAV2-AS5",-0.0835191040115315
"GRM6",-0.0836222263125713
"CNTNAP4",-0.0836222263125713
"SUCLG2P2",-0.0836443844091427
"IGKV2D-29",-0.0836444682418727
"MEIOB",-0.0836444682418727
"SPAG5",-0.0836799261232371
"SAXO2",-0.0837223296589967
"FBXL3",-0.0838171514144003
"DPYSL5",-0.0838575828072948
"STK33P1",-0.0838575828072948
"HCG14",-0.0839018408709692
"LINC00466",-0.0839447308633607
"PANK2-AS1",-0.0839632014643033
"HNRNPABP1",-0.0841940336344629
"RGPD5",-0.0842399370669385
"HMGB1P39",-0.0842590642793471
"MTAP",-0.0843284558342514
"LINC00339",-0.0843381741739986
"ADAMTS9",-0.0843460223172049
"LINC01565",-0.0843864036254757
"NPM1P21",-0.0843864036254757
"OBP2B",-0.0843864036254757
"RPS15AP3",-0.0843864036254757
"LINC00313",-0.0843864036254757
"ARL8BP1",-0.084533644712766
"SGCG",-0.0845816991213357
"LINC01509",-0.0846103176889275
"RNU2-25P",-0.0846305826643464
"TMEM266",-0.0847037606043502
"BTBD19",-0.0848514020768388
"ABCA11P",-0.085054455771787
"SLC22A14",-0.0851110590625264
"SRGAP3-AS3",-0.0851444524659007
"SATB2",-0.0852186626722638
"NUS1P1",-0.0854469655982355
"VTRNA1-2",-0.0854923119949507
"IGHV3-35",-0.0854923119949507
"AKAP13",-0.0855769695920885
"SLC17A7",-0.0857536057629756
"FBXW7",-0.0860079039327369
"ATP8A1-DT",-0.0860411291879136
"PPEF1",-0.0861411953972984
"MIR4518",-0.0861411953972984
"AGAP10P",-0.0861845193098241
"CDHR4",-0.0862016935742864
"MIR1291",-0.0862016935742864
"PPWD1",-0.0862407837699986
"SERTAD1",-0.0862565871405259
"ARHGAP25",-0.0863225677268371
"RNF122",-0.0864384673224646
"MIDN",-0.0865079083439849
"RPL21P90",-0.0866101652799576
"LINC02886",-0.0867760205111147
"BLZF1",-0.0867878241586966
"LINC01992",-0.0868287171295041
"LINC02871",-0.0868287171295041
"KIAA0753",-0.0868298925864082
"NUBPL-DT",-0.0869043845240045
"TOP1P1",-0.0869104292338277
"KRT76",-0.0869637484505771
"PTENP1-AS",-0.0870236992851652
"CARD8",-0.0870560987920423
"PIGA",-0.0871000802136272
"UBL7-DT",-0.0871416771930208
"TOMM7",-0.0871562222360083
"CHRM4",-0.0871599279075438
"MIA2",-0.087253214236059
"KLHL34",-0.0873349668787382
"RPSAP59",-0.0873349668787382
"FGF21",-0.087340007797053
"CENPNP1",-0.0873466769332863
"KMT5AP3",-0.0873466769332863
"TRBV7-5",-0.0873466769332863
"CALM2P1",-0.0873466769332863
"RPS3AP3",-0.0873466769332863
"HAND2-AS1",-0.0873866305764754
"LINC01160",-0.0875712740872465
"RPL36AP50",-0.0875976178656236
"MIR553",-0.0878047569214884
"CYP21A2",-0.0878219800827204
"BBS12",-0.0878976700095825
"DTX2P1",-0.0879310734723213
"SMANTIS",-0.0879663787099796
"EZH1",-0.0879797654102577
"RPS25P7",-0.0879999703541254
"GABPB2",-0.088008584141881
"LINC02930",-0.0880124231745803
"MESTIT1",-0.0880168375002428
"FAM136DP",-0.0880981300662141
"RN7SKP37",-0.0881332887815609
"RNU7-193P",-0.0881332887815609
"OR4Q3",-0.0881332887815609
"MIR4269",-0.0881505443408332
"NPM1P12",-0.0881505443408332
"XKR4",-0.0881505443408332
"TEX26-AS1",-0.0881505443408332
"TADA2B",-0.0883332689355254
"ZNF418",-0.088396697780775
"CAPRIN1",-0.0884343465316024
"SEMA3F",-0.0885386876134347
"MIR3161",-0.0886178653371451
"PCDHB8",-0.0886339277486127
"RN7SKP46",-0.0888221918844178
"MIR150",-0.0888221918844178
"HEATR3",-0.0889453417448625
"PHC1",-0.0889462271377008
"SPRR1A",-0.088981227657891
"PSPC1P1",-0.088981227657891
"KDM3B",-0.0890605345695029
"TRBJ2-6",-0.0890955630277493
"RNA5SP289",-0.0891363874306857
"TRAJ13",-0.0891363874306857
"ADGRF4",-0.0893019287395738
"RN7SKP116",-0.0893019287395738
"ATG4AP1",-0.0893019287395738
"LALBA",-0.0893019287395738
"MAST2",-0.0894545463452556
"LINC00240",-0.0895492374595723
"RHOXF2",-0.0895492374595723
"KCNT2",-0.0895657177748006
"IDI1",-0.089644657084929
"LRRTM1",-0.0896589863371545
"GLRA3",-0.0896589863371545
"ZDHHC20P2",-0.0896589863371545
"RPL5P18",-0.0896589863371545
"THAP12P5",-0.0896589863371545
"GUCY2F",-0.0896589863371545
"BRD9P1",-0.0896589863371545
"DUXAP5",-0.0896589863371545
"XNDC1N-ZNF705EP-ALG1L9P",-0.0896589863371545
"RPS3AP40",-0.0896589863371545
"PDGFDDN",-0.0896589863371545
"NXT1P1",-0.0896589863371545
"DCLK1",-0.0896589863371545
"SALL2",-0.0896589863371545
"ABCA9",-0.0896589863371545
"C18orf63",-0.0896589863371545
"ASH2LP4",-0.0896589863371545
"RSL24D1P2",-0.0897737259478968
"RNA5SP139",-0.0897737259478968
"PACC1",-0.0898492283041688
"ZFPM1-AS1",-0.0898781304711289
"TBC1D2B",-0.0899398796768426
"CLCN7",-0.0900245719394921
"CHPF2",-0.090085533521792
"LINC02387",-0.0901028985166141
"TRBV9",-0.0901070492776177
"BZW1P1",-0.0901629526467774
"FRA10AC1",-0.0901881000784009
"LINC02156",-0.0902471757828317
"RN7SKP112",-0.090320063254707
"ADAMTS3",-0.0904380554829626
"MAP7D3",-0.0904529810120035
"RAPGEF6",-0.0905635954804037
"OR5AS1",-0.0906684771569805
"LINC01435",-0.0906684771569805
"LINC01490",-0.0906684771569805
"DERL2",-0.0906824271560562
"MYH13",-0.0908232765715261
"KBTBD12",-0.0908589142051852
"MGAT1",-0.0910341228162968
"CFAP54",-0.0911191812968546
"GUCD1",-0.0911244598886224
"SPATA1",-0.0914348929837082
"PANK3",-0.0914376691976604
"LINC02725",-0.0914885746438794
"RBM6",-0.0915828677527561
"CBFB",-0.0916228927659862
"EDNRB-AS1",-0.0917226588419725
"OR10A2",-0.09173549583865
"HNRNPKP3",-0.0917686182519871
"HACD2",-0.0918248647653228
"CD93",-0.0918748404404336
"POU5F1",-0.0919157527586894
"LINC02860",-0.0919449105287664
"HMGB1P32",-0.0919449105287664
"MIR1184-3",-0.0919449105287664
"NR5A1",-0.0919449105287664
"SPO11",-0.0919449105287664
"CCDC69",-0.0919930472462767
"PCNT",-0.0920149959311228
"ANO3",-0.0921887102314393
"RNU4-34P",-0.0921887102314393
"COL8A2",-0.092266418795352
"RNU6-1310P",-0.0923447783836279
"ZNF711",-0.092359691080737
"SELENOF",-0.0923909710129494
"UBR5",-0.0925000682375484
"LINC02325",-0.0927255592956856
"SMG1P2",-0.0927784841323372
"HOXC8",-0.0927935807534434
"ERBB4",-0.0930075173048532
"HORMAD2",-0.0930075173048532
"COPG2",-0.0930185269434253
"MIR519A1",-0.0930498745377274
"EGFEM1P",-0.0932116746406124
"HNRNPA1P13",-0.0932116746406124
"RPSAP5",-0.0932116746406124
"LINC00501",-0.093389171375431
"LINC01933",-0.093389171375431
"OR2J4P",-0.093389171375431
"SLC17A2",-0.093389171375431
"VWDE",-0.093389171375431
"PNKDP1",-0.093389171375431
"RN7SKP47",-0.093389171375431
"ACSM5P1",-0.093389171375431
"PKDREJ",-0.093389171375431
"ZNRF3-AS1",-0.093389171375431
"RN7SL825P",-0.0934066801088925
"LGI2",-0.0934488617506553
"TOMM20P1",-0.0934905304994267
"PNPO",-0.0935192113781283
"ICAM1",-0.093520815934357
"IDH1",-0.0936370899766728
"TKT",-0.0936674653192385
"RTL8A",-0.0940201535506144
"EFR3B",-0.0942673040288028
"MAGEB16",-0.0942949069023617
"SNX33",-0.0943382686708454
"HDGFL3",-0.0944990061969551
"HOXB2",-0.0946086746647466
"EPIC1",-0.0948735277822197
"CAP2P1",-0.0948808581123947
"RNU6-1326P",-0.094892904778006
"FRK",-0.0949488684303671
"LINC02484",-0.0949939334337379
"LRRC25",-0.0951100980512533
"HAUS3",-0.0951243933222877
"FTH1P8",-0.095220826678304
"CCDC180",-0.0954216555043263
"RPL18AP9",-0.0954489514341708
"TRIML2",-0.0954489514341708
"PGAM1P6",-0.0954738222871488
"DHCR7",-0.0954931363286893
"RPS20P24",-0.0955171444369063
"RPL21P17",-0.0956693505544543
"WDR87",-0.0957341471911636
"RNU6-1024P",-0.0959014077779037
"UBE2O",-0.0959229087009676
"KRT75",-0.096018396189354
"AGPAT5",-0.0961931318329614
"SUMO2P21",-0.0962003449098352
"TBXAS1",-0.0962530358666793
"LNPEP",-0.0962533862972076
"SHISA7",-0.0966497649786031
"SCPEP1",-0.0967947042037809
"IDS",-0.0968554889030494
"TMED5",-0.0968841256713045
"FOXI3",-0.0969104616729235
"ATP1B1",-0.0970310399585065
"RAB3GAP2",-0.0971191138107484
"SEMA3D",-0.0972011230996137
"SQLE-DT",-0.0972011230996137
"WDR88",-0.0972011230996137
"LINC02605",-0.0973413945233605
"TWSG1-DT",-0.0973827457920259
"DNAJC27-AS1",-0.0973926628565049
"RNU6ATAC27P",-0.0974470178795439
"TRIM25",-0.0974646998368949
"MIR590",-0.0974809664692988
"ATF4P3",-0.097645690522697
"CP",-0.0976721055939995
"DLX2",-0.0977332671882489
"ANKRD40",-0.097915220545216
"HSPD1P3",-0.0979381564916503
"TRAV21",-0.0980549837230331
"HSPA2",-0.0981961453362944
"SNRPGP4",-0.0982344536381761
"LINC01256",-0.0987001868960536
"FOXD4",-0.0987001868960536
"LINC02682",-0.0987001868960536
"RN7SL705P",-0.0987001868960536
"DLGAP1-AS5",-0.0987001868960536
"RN7SL362P",-0.0987613494286003
"ANKRD12",-0.0990290013983346
"DIP2A",-0.0991044054537275
"NTRK3",-0.099222450439618
"TRPC6P5",-0.0993019950774131
"SNORA37",-0.0993019950774131
"RPL31P2",-0.0993019950774131
"TAS1R3",-0.0994412692165617
"LRRC2",-0.0995077761840754
"MIR23AHG",-0.0997071781095311
"SMC2-DT",-0.0998647964610135
"PARD6A",-0.0999093244499912
"B4GALT1-AS1",-0.0999447178609989
"ACSS2",-0.0999500671108144
"GRAPL-AS1",-0.0999808517968372
"HTRA4",-0.100048124062582
"ADGRL4",-0.100050880582853
"ASB1",-0.100194742377579
"SERPINE3",-0.100290355285825
"ZNF807P",-0.100371638695729
"EFCAB14-AS1",-0.100497499582933
"C8orf34-AS1",-0.100580580160963
"ELK4",-0.100792599314073
"C1orf53",-0.100816124737663
"SSU72",-0.100987531368022
"ZDHHC20",-0.101223043722197
"FGFR2",-0.101256825369311
"CSPP1",-0.101335433866603
"EEF1B2P6",-0.10158933992585
"SLC29A1",-0.101641154697951
"PIGT",-0.101643228800488
"CEP192-DT",-0.101715945238822
"LINC02542",-0.101816138835824
"VCPIP1",-0.102088131877335
"NOL10",-0.102123358859075
"MFSD6",-0.102450482640426
"RPS18P9",-0.102589909932398
"YBX1",-0.102613039422702
"ERO1A",-0.102620306193184
"STX5",-0.102647953334576
"MRNIP",-0.102806075973384
"FAM200A",-0.102898695978293
"SCAF1",-0.103029344760306
"SCNN1A",-0.103169046516228
"APTX",-0.103257376556286
"HTRA1",-0.103270275203396
"PIGQ",-0.103561274780606
"KBTBD6-DT",-0.10371706231635
"ING2",-0.103852444854713
"TCEANC",-0.10392900851377
"UBAP1",-0.104063036104937
"PLEKHM2",-0.104675526587168
"STOM",-0.105099658363417
"NT5DC3",-0.105408196782301
"ERCC6L2",-0.10542666085549
"ST13P5",-0.105435996181091
"EPM2AIP1",-0.105474575455756
"ABHD10",-0.10556904656491
"CRTC2",-0.105693888982182
"LINC02611",-0.105730708137595
"IRAK4",-0.105763430153629
"MAPK1IP1L",-0.10599656996734
"PSMD12",-0.10610094424437
"RPA1",-0.106209632516255
"PATL1",-0.106467530818547
"ABCG5",-0.106558845742864
"LINC01626",-0.106558845742864
"LINC02180",-0.106558845742864
"DLG4",-0.10666498822101
"HABP4",-0.106768191164866
"MAPK12",-0.107147713473476
"TTC39C",-0.107365828237186
"SETDB1",-0.107454623230086
"ADH6",-0.107751813492166
"IFNA4",-0.107751813492166
"MYO1A",-0.107751813492166
"NAP1L4P3",-0.107751813492166
"RRAGAP1",-0.107751813492166
"PIEZO1P2",-0.107751813492166
"PNRC1",-0.107882782495341
"PHF21A",-0.107900609632479
"KAT2A",-0.107962496523267
"RBBP9",-0.107992235982149
"MON1A",-0.108147065078533
"TNFAIP2",-0.108367123068819
"MIR155HG",-0.108558951766987
"ZFYVE1",-0.109038804802309
"LCORL",-0.109334984542645
"IQCC",-0.109589486206161
"PARD6G-AS1",-0.109773159616299
"ZNF19",-0.109793698478812
"EXOSC6",-0.110113186298982
"KANK1",-0.110263893875338
"TMEM87A",-0.110457009905293
"CERS2",-0.110605625034088
"LINC01551",-0.11081613209866
"PPP1CB-DT",-0.110864342862042
"RNU6-1316P",-0.110974938190838
"LDLRAD4-AS1",-0.111117061844973
"APBB3",-0.111329743652268
"STX7",-0.111345911689768
"REV3L-IT1",-0.111390499934962
"SNRPB2P1",-0.111411598446979
"DDX21",-0.111472748863936
"P2RY10",-0.111556526044528
"GSKIP",-0.111604274294084
"NPM1P6",-0.111835543065409
"RREB1",-0.111983141378212
"LTA4H",-0.112042233653415
"MPPED2",-0.112306893038684
"YIPF5",-0.112534900496472
"BAALC-AS1",-0.112538565991689
"PELATON",-0.112740489554229
"LINC02941",-0.112783585790221
"RABGAP1L",-0.112947724817751
"PRPF38B",-0.113166546612322
"OVCH1",-0.113222582570609
"QPRT",-0.113328217846785
"ACOT13",-0.113799916805535
"TBC1D9",-0.114130441480011
"AFF1",-0.114226457702173
"RNFT2",-0.114263073124204
"PITPNB",-0.114640202747942
"MT-TQ",-0.114650834542349
"ATP2B3",-0.114949163418609
"ZNF512",-0.115112894581851
"ESAM-AS1",-0.115256494729874
"AAK1",-0.115310812347569
"MITF",-0.115480484778247
"TOMM22-DT",-0.115722903659642
"MAD1L1",-0.115742644559063
"ATG7",-0.115958445706817
"SRGN",-0.116063292489275
"WDR55",-0.116180015265226
"NFE2L2",-0.11669243656632
"UBR2",-0.116758533368187
"ZNF45-AS1",-0.116873463985228
"ATMIN",-0.117147877110971
"RBM39",-0.117374776782513
"RPAP3",-0.117480108589611
"STK40",-0.117536034374971
"PRDM8",-0.11817947236022
"MIS12",-0.118635235361888
"RPS6KA5",-0.118724257988545
"CUL4B",-0.118853707890302
"MYLIP",-0.119015581836614
"ZSCAN32",-0.119262727536
"CD14",-0.11939502367259
"TMEM106B",-0.119470283399548
"PROCA1",-0.119554901976644
"ACAD10",-0.119560637838957
"RPL13AP8",-0.119661933373288
"SYT6",-0.120032921905792
"ZNG1B",-0.120123845432114
"RPS26P3",-0.120312370594298
"POFUT1",-0.120586576268091
"ACTG1P10",-0.120648010316075
"FKTN",-0.12066648728024
"PIKFYVE",-0.120706992206452
"YPEL1",-0.120771244028802
"RN7SL199P",-0.120782782492939
"RPS20P2",-0.120843094303272
"LILRB5",-0.121190906190272
"TMEM117",-0.121517844910196
"NDRG1",-0.121648564563283
"LRRC37A5P",-0.121691215046056
"DSCAM",-0.121691215046056
"LCT",-0.121740775740245
"LRP1B",-0.121912662449572
"RNASE6",-0.12195504338515
"DCK",-0.121975873835969
"TCAIM",-0.122332345231991
"EEF2K",-0.122355462948834
"METRNL",-0.122558181843645
"ZNF506",-0.122717941500574
"TRAM2-AS1",-0.122780810356801
"PTMAP10",-0.122835212481403
"ZC3H14",-0.123015956212043
"PTAR1",-0.123150892766264
"ZMYM1",-0.123487070580231
"LINC01052",-0.123580106416469
"TNPO1",-0.123662641402363
"WBP11",-0.123826523533847
"TMEM245",-0.124013612109141
"RPS6",-0.124163907974443
"PCSK7",-0.124267504174121
"WDR86",-0.124290095754351
"LINC01239",-0.124363044239072
"MTMR10",-0.12440630222662
"FAM13B",-0.124418031585377
"RABGGTB",-0.124848342859077
"RPL5P5",-0.124859497502294
"LINC01277",-0.125298415551887
"RALBP1",-0.125552440179617
"GLIPR1",-0.125564509104307
"SATL1",-0.125628805484807
"TBC1D14",-0.125694867299421
"PLD5",-0.125762406022519
"OR2L5",-0.125762406022519
"CADM2",-0.125762406022519
"LINC01612",-0.125762406022519
"ZFP2",-0.125762406022519
"KLF14",-0.125762406022519
"LINC03095",-0.125762406022519
"RS1",-0.125762406022519
"NXPE2P1",-0.125762406022519
"LINC01153",-0.125762406022519
"KIR3DL3",-0.125762406022519
"RPL4",-0.125842043828933
"ZNF611",-0.125927196800306
"GNS",-0.126164075651438
"KREMEN1",-0.126207831597311
"GPX1P2",-0.12636785605091
"DCAF5",-0.126742889028655
"EPHB3",-0.126786593357741
"DCC",-0.126840418972009
"CYLD-AS2",-0.126861088869686
"RABIF",-0.126875064340734
"ZPR1",-0.127048293997739
"MYLK4",-0.127172730908236
"CAPS",-0.127423114886576
"TRPM3",-0.127732383509073
"DDX19A-DT",-0.12775385073911
"C2CD2L",-0.127823953780319
"JUN-DT",-0.128142689812277
"TMEM98",-0.128272936766155
"MAEA",-0.128316751893565
"NIPBL-DT",-0.128531633567578
"UNKL",-0.128695564070948
"ABHD12",-0.129101974708213
"NUP58",-0.129111590663853
"ZC3H7A",-0.129207978859769
"MAP2K1",-0.1292392380894
"EP400",-0.129319724558984
"POGZ",-0.129582473552593
"TMEM44-AS1",-0.129689622370639
"PITRM1",-0.129837322743102
"CSRP1-AS1",-0.130095688194332
"PAPOLA",-0.130279007369646
"ATP6V1B2",-0.130365358225625
"SAFB",-0.130581486073444
"CCDC120",-0.130670727868069
"SLC25A46",-0.130984193724533
"RNF207",-0.131042091508202
"APPBP2",-0.131323239781719
"TAF15",-0.131715312919423
"CLEC1B",-0.131732751906303
"MSL2",-0.131971330039761
"FYTTD1",-0.132046707334425
"BLVRB",-0.132097079491053
"C1orf87",-0.132199162707007
"MORC1",-0.132199162707007
"THAP12P9",-0.132199162707007
"NDST4",-0.132199162707007
"FKBPL",-0.132199162707007
"LINC00525",-0.132199162707007
"ELFN1-AS1",-0.132199162707007
"TBX22",-0.132199162707007
"RNU6-445P",-0.132199162707007
"OR52A4P",-0.132199162707007
"LINC02748",-0.132199162707007
"LINC02321",-0.132199162707007
"SYT4",-0.132199162707007
"OR1M1",-0.132199162707007
"CDC23",-0.132406076452412
"CSDE1",-0.132571086513148
"GPR183",-0.132847197743253
"EML5",-0.132848466499085
"ZDHHC4",-0.132894554328246
"ACTA2",-0.132902202859092
"RAP1B",-0.133309224406727
"HACD3",-0.133347788534786
"RC3H2",-0.13346531758402
"VPS26B",-0.133507724975122
"LAPTM4A",-0.133537039576874
"TXNIP",-0.133554716120362
"PTTG2",-0.133778084320419
"MYO1D",-0.133846663273427
"KMT2E-AS1",-0.133847955770736
"BTAF1",-0.133991805901941
"RBBP8P1",-0.134038984894245
"DENND6A",-0.134154401763793
"PGAM5",-0.134312046966045
"NRXN1-DT",-0.134392365415999
"GABRA6",-0.134517160003868
"BCAP31",-0.134520342487334
"PILRB",-0.13453286045684
"CCDC159",-0.134890598467621
"FBXO11",-0.134956315972681
"RNA5SP371",-0.134961085875552
"RPL29P4",-0.134998725343875
"KAZN",-0.135342778066464
"TNKS",-0.1354364882145
"NFKBIA",-0.135464712605837
"METAP2",-0.136033252816086
"BHLHE40",-0.136036441786377
"SOCAR",-0.136206575353804
"CARNS1",-0.136248600231475
"LYZL2",-0.136248600231475
"IL12RB1",-0.136439276379401
"FSIP2",-0.136503945100183
"ASAP1-IT2",-0.136529969830475
"CCL4",-0.136556369503863
"TMEM204",-0.136676936611963
"NETO2",-0.136785347634074
"NOTCH2NLC",-0.136869530172064
"SPDYE16",-0.136979226949516
"TRIO",-0.137517566523692
"XPO6",-0.137617162249239
"TMEM52B",-0.137773047124142
"BRD1",-0.137784001046107
"C15orf39",-0.138016795618036
"TRD-AS1",-0.138481474634434
"RFC5",-0.138823202501326
"NBPF12",-0.138966505042015
"ZDHHC2",-0.13900081140335
"RNF6",-0.139031319011133
"SYNC",-0.139130983723188
"STX12",-0.139246501363933
"CCDC186",-0.139476962139977
"RPS15",-0.139495465807065
"VPS39",-0.139554457184884
"PARD6G",-0.139573241043925
"RPL21P75",-0.139636015550604
"LINC02259",-0.140064278647104
"TBCCD1",-0.140293555144404
"SHANK1",-0.140306116296972
"RPS12P17",-0.140311951282648
"SLC25A32",-0.140325181317049
"ARPC1AP2",-0.140460458085877
"C22orf39",-0.140470615385318
"FCGR3A",-0.140814428392236
"OSGIN1",-0.141289462838408
"LINC01102",-0.141492641254173
"AFG2B",-0.141525430290674
"TRAV12-1",-0.141637965558147
"RETREG1",-0.141674197937469
"FBXO46",-0.141861606239588
"PRKCI",-0.142010586266222
"GLCE",-0.142168760923041
"RPS21-DT",-0.142191932813071
"WDR41",-0.142210715765207
"RPL22",-0.142391432425978
"ACP4",-0.14318964951299
"GLUD1",-0.143432091488911
"BRIP1",-0.144070344003152
"BTD",-0.144221588095812
"DPM3",-0.144364547100458
"RAB3D",-0.144682780484858
"WASF5P",-0.14484344358415
"NGLY1",-0.145075440883652
"SH3BP5-AS1",-0.14519872387817
"LAIR1",-0.145635870025332
"FRS2",-0.145650747444627
"TSPYL2",-0.14576270442792
"VPS35L",-0.145807766136673
"RFLNB",-0.145905651828243
"PNMA8C",-0.146069336844347
"MZF1-AS1",-0.146699878391562
"NACA2",-0.146750788550603
"ZMYM5",-0.14682671327466
"GALNT7",-0.146912077327028
"FOXD2",-0.147110914752645
"PTMAP2",-0.147377843686627
"LZIC",-0.147582510055349
"WWC3",-0.147667231395248
"ZNF490",-0.147773848139585
"MT-TR",-0.147935465900889
"CLEC16A",-0.148065753889397
"FBXL17",-0.148196369421543
"INPP5B",-0.148211373043988
"RPL41P2",-0.148419542472667
"SLC17A5",-0.148521548731329
"NIPBL",-0.148590673620402
"CRMA",-0.148630259276257
"MRPL42P4",-0.148874152576363
"FCRL5",-0.149218716411232
"RAB25",-0.149235047650987
"RBM12B",-0.149293956276462
"ERBIN",-0.149316781244968
"CAPZA2",-0.149376057964104
"RPL5P22",-0.149397255013203
"GPRIN3",-0.149984110088308
"NUP50",-0.150217836873931
"MEAF6",-0.150391004847859
"FAM207BP",-0.151365598827089
"RBMXL1",-0.151375152503372
"RSBN1",-0.151388978538883
"ACD",-0.1514519656416
"RNA5SP39",-0.151840345295073
"LRRC75A",-0.151922108250794
"COQ7",-0.151986375071452
"RPL39",-0.151993571033229
"PFKFB1",-0.152276661522748
"LINC02977",-0.152420452012973
"TMBIM6",-0.152871772918562
"PRXL2A",-0.153124994345945
"ATPSCKMT",-0.153295560375085
"ZNF431",-0.153633889269826
"WIPF2",-0.153734268342035
"PDCD5P1",-0.1542089825381
"NDUFA9P1",-0.154313157816414
"AHCTF1P1",-0.154479648967307
"UBE2V1",-0.154546896946057
"KIAA0513",-0.154562825137731
"TMCO6",-0.15473285463096
"ARL14EPP1",-0.154932692422221
"RAB1C",-0.155076792686023
"LRBA",-0.155157844779687
"PPIAL4H",-0.155200325394189
"HAO2",-0.155200325394189
"LINC03126",-0.155200325394189
"CASC6",-0.155200325394189
"LINC01287",-0.155200325394189
"DNAAF6",-0.155200325394189
"LINC00839",-0.155200325394189
"SERTM1",-0.155200325394189
"STARP1",-0.155200325394189
"DGKA",-0.15541159038244
"MGA",-0.155420707572786
"UCN2",-0.15543940219774
"LINC00412",-0.155555712625391
"PRF1",-0.155583745453021
"ELL2P1",-0.155676470993354
"SRGAP3",-0.156006602046156
"SIRPB2",-0.156093633366535
"LONRF1",-0.15619979360692
"TIGD2",-0.15632501927543
"RPS2P5",-0.1564116632286
"RNPC3",-0.156461038507629
"RCC2P4",-0.156545722212007
"NUP155",-0.156777656868898
"HEXA-AS1",-0.156787221052271
"FAM223A",-0.156939899739359
"ZCCHC17",-0.156963566576447
"MKLN1",-0.157235944295438
"KRT18P57",-0.157259513384266
"RASAL1",-0.157650524809767
"ATP6V0D1-DT",-0.15770223411157
"EXOC8",-0.157802447580157
"FAM98C",-0.157988213612178
"LINC01366",-0.15851358393491
"RPL36AP21",-0.158719561062086
"LINC00383",-0.159151635504823
"SAT2",-0.15919816209982
"ANO6",-0.159600927715808
"ZNF429",-0.159752134213671
"SUMO4",-0.159803188936014
"MARK3",-0.159823366751149
"MRPL23",-0.159909754833161
"GPS2P1",-0.160416627925259
"NBPF14",-0.16047749327729
"PPP4R3A",-0.160517561740097
"CATSPER4",-0.16078341431682
"KRT74",-0.16078341431682
"NSA2P4",-0.160811169659376
"MARCHF5",-0.161173106610797
"TRIM3",-0.161371982577925
"LINC02301",-0.161429126210734
"ABCD3",-0.161513355704112
"EGF",-0.161731038969435
"SLC30A8",-0.161731038969435
"OXR1",-0.161744564445068
"UNC5C",-0.16229905407182
"PAN2",-0.162407656281953
"C2orf42",-0.162838143942182
"ARSA",-0.163075771533799
"LINC02669",-0.163134254238067
"ODF2",-0.163942170285679
"AFF4-DT",-0.163981937536624
"BANF1P3",-0.164013711120384
"RIMS3",-0.164068491817892
"ADH5P2",-0.164068491817892
"MTIF2P1",-0.164068491817892
"RPL7AP21",-0.164068491817892
"NTMT2",-0.164068491817892
"OR10R1P",-0.164068491817892
"OR6Y1",-0.164068491817892
"OR6P1",-0.164068491817892
"C1orf105",-0.164068491817892
"OR10J4",-0.164068491817892
"PROX1-AS1",-0.164068491817892
"LINC01685",-0.164068491817892
"LINC02800",-0.164068491817892
"MTCYBP7",-0.164068491817892
"VWC2L",-0.164068491817892
"CDC27P1",-0.164068491817892
"MROH2A",-0.164068491817892
"CYCTP",-0.164068491817892
"RNA5SP89",-0.164068491817892
"MIR7515HG",-0.164068491817892
"LINC01913",-0.164068491817892
"LINC01808",-0.164068491817892
"DDX50P2",-0.164068491817892
"GMNC",-0.164068491817892
"PEX5L-AS1",-0.164068491817892
"LINC02051",-0.164068491817892
"FRG2C",-0.164068491817892
"RNF150",-0.164068491817892
"ENAM",-0.164068491817892
"TMPRSS11E",-0.164068491817892
"TENM3-AS1",-0.164068491817892
"LINC02358",-0.164068491817892
"RNU1-150P",-0.164068491817892
"RPSAP71",-0.164068491817892
"ADAMTS19",-0.164068491817892
"PCDHGB3",-0.164068491817892
"RPL7P20",-0.164068491817892
"FLT4",-0.164068491817892
"SPINK9",-0.164068491817892
"TAAR2",-0.164068491817892
"AKR1B15",-0.164068491817892
"UFC1P1",-0.164068491817892
"PNCK",-0.164068491817892
"PPP1R11P2",-0.164068491817892
"LINC00629",-0.164068491817892
"IDI1P2",-0.164068491817892
"PDCL3P1",-0.164068491817892
"RN7SKP85",-0.164068491817892
"DLGAP2-AS1",-0.164068491817892
"OR52L1",-0.164068491817892
"OR8B6P",-0.164068491817892
"IGSF9B",-0.164068491817892
"OR5B3",-0.164068491817892
"MFRP",-0.164068491817892
"GLYATL1",-0.164068491817892
"BSX",-0.164068491817892
"LINC02756",-0.164068491817892
"LINC02628",-0.164068491817892
"LRRTM3",-0.164068491817892
"SDR9C7",-0.164068491817892
"DBX2",-0.164068491817892
"RN7SKP7",-0.164068491817892
"LINC00557",-0.164068491817892
"LINC00415",-0.164068491817892
"LINC02157",-0.164068491817892
"LINC02490",-0.164068491817892
"LINC02346",-0.164068491817892
"LINC02915",-0.164068491817892
"MTCO1P28",-0.164068491817892
"PLA2G10EP",-0.164068491817892
"NUP93-DT",-0.164068491817892
"LINC02126",-0.164068491817892
"MYH2",-0.164068491817892
"OR1A1",-0.164068491817892
"SPECC1P1",-0.164068491817892
"LHX1-DT",-0.164068491817892
"SEL1L2",-0.164068491817892
"PLK5",-0.164068491817892
"ZNF541",-0.164068491817892
"SLC7A9",-0.164068491817892
"KRTAP8-2P",-0.164068491817892
"CHN2-AS1",-0.164425695661255
"VENTX",-0.164607743151593
"HDAC6",-0.164870600582475
"RN7SL4P",-0.16526118524869
"LINC01752",-0.165297172618096
"FDX2",-0.165349825569601
"TXLNG",-0.165350233941562
"ASB18",-0.165394791732138
"FRMPD4",-0.165394791732138
"PTF1A",-0.165394791732138
"LINC01581",-0.165394791732138
"PCAT14",-0.165394791732138
"LNPK",-0.165397212424404
"HNRNPA1P22",-0.16540022355879
"RPL36AP33",-0.165951236211614
"EEIG2",-0.165993272210698
"NIPSNAP3B",-0.166259447388281
"C11orf65",-0.166407807082821
"RAB3GAP1",-0.166421274712941
"RPL26P36",-0.166480339559528
"MYH10",-0.166585401478202
"MSANTD2-AS1",-0.16662471650547
"RANBP9",-0.166775974564792
"PPM1E",-0.166869341164129
"IQCM",-0.166875535341001
"ZFPM2-AS1",-0.166875535341001
"LINC00365",-0.166883401266295
"PRKCE",-0.167034953187467
"CHMP3-AS1",-0.167126899412291
"UNC45A",-0.167271591154577
"TMEM225B",-0.167273022439321
"NUTM2G",-0.167648244969048
"H3C9P",-0.167780342036764
"GLTP",-0.16796691046388
"FRRS1L",-0.167986449994016
"OR10K2",-0.168217506865818
"ACER2P1",-0.168217506865818
"HNRNPA3P4",-0.168217506865818
"POM121L2",-0.168217506865818
"OR51P1P",-0.168217506865818
"DYNLT3",-0.168826447963077
"PITX1",-0.169040206391452
"INO80C",-0.169306471471956
"PTX3",-0.169314839544989
"CKMT2",-0.16985889825517
"CFAP251",-0.169932849529279
"PTCHD1",-0.170055246453441
"HMGB1P14",-0.170107085569801
"ZNF141",-0.170303221585628
"ZNF229",-0.170308580471787
"PREPL",-0.170550672451061
"GLIS3",-0.17063285536401
"TRPV5",-0.17075256251771
"CNNM3",-0.170971498131936
"HMGB2",-0.171133449441158
"ZNF529",-0.171239949884057
"CTNNA2",-0.171248458431235
"DNAH12",-0.171297624866137
"IQSEC1",-0.171487905669416
"RELN",-0.171528902861898
"FAM107B",-0.171749136280553
"ADD1",-0.171841360632207
"ECT2",-0.172036981645148
"NINJ2-AS1",-0.172120248452239
"GTF2IRD2B",-0.172128293511571
"RAB27A",-0.172409377306022
"TCEA1",-0.172470088651811
"RPS3AP6",-0.172581056138134
"EMP2",-0.172707417833578
"POGLUT1",-0.172846627179103
"KCTD16",-0.17288966567145
"OR52N4",-0.172905101261852
"COX6CP14",-0.172910734704711
"ELOVL7",-0.172929530871324
"GABRB2",-0.173369528035134
"TRIM35",-0.173475621211869
"CLEC7A",-0.173620828667522
"LINC00158",-0.173665767901394
"GPSM2",-0.173672289032453
"SLC25A20",-0.173765271911203
"RBBP4",-0.173855616898534
"CLK1",-0.173889969528729
"OSBPL11",-0.173894955819047
"CHML",-0.174737369810172
"ACAN",-0.174810314878112
"KDM4C",-0.174922604864564
"HNRNPA1",-0.174953603992059
"MLLT10",-0.17517626158042
"CNTN6",-0.175249615508503
"ADM5",-0.175262674827679
"TMCC3",-0.175281917822338
"SPART",-0.175811473990154
"PRKCD",-0.176063618828095
"PLA2G4C-AS1",-0.176187871490072
"ZNF615",-0.176561857126886
"PLAGL1",-0.176716583894801
"MITA1",-0.176768462657828
"RPL23A",-0.17676923797387
"FMNL1-AS1",-0.17691512906168
"VPS54",-0.177276048589126
"PTPRE",-0.177436204735923
"MRI1",-0.177687529215014
"GIGYF2",-0.177697083006259
"RPS26P49",-0.17786843399162
"DIO2",-0.17786843399162
"ADAMTS18",-0.17786843399162
"C17orf99",-0.17786843399162
"VEZT",-0.177904702561771
"CPLANE1",-0.177914217363238
"RPL15",-0.178211992854144
"WDR47",-0.178299117148108
"C1GALT1C1",-0.178511462739278
"RN7SL600P",-0.178730915567439
"GDF11",-0.178934252041206
"KDM5B",-0.179002722716773
"F13A1",-0.179323273877374
"STAB1",-0.179684496868067
"ABCB7",-0.179818616525292
"SNTB1",-0.179880055537343
"XPO4",-0.180173391522825
"RAMP2",-0.180205993534322
"LINC01999",-0.180205993534322
"PNMA8B",-0.18058866000402
"PLAAT3",-0.180771209713204
"CPA1",-0.180896930713937
"ITPK1",-0.1809547402112
"ZNG1C",-0.181277681226867
"CYCSP11",-0.18132277179618
"ARL4AP1",-0.18132277179618
"RRAGC-DT",-0.181454934142765
"MFSD8",-0.181467521998301
"CPD",-0.181501830456366
"IL6R",-0.181533979859201
"ACTR3BP2",-0.181738635911869
"ELOVL2-AS1",-0.181738635911869
"OR51A3P",-0.181738635911869
"PSMD10P1",-0.181738635911869
"MIR6822",-0.181783872406645
"ALPK2",-0.182008152484545
"XPC",-0.18203369453666
"STK10",-0.18221203759129
"SEC62",-0.182218061915009
"ODR4",-0.182376119496726
"BMP7",-0.18269279677523
"SMARCA2-AS1",-0.182841562488249
"SESN2",-0.183039784911609
"CCDC134",-0.183149678409374
"ZFYVE19",-0.183223672507366
"SEM1",-0.183412631675828
"RPS15AP19",-0.183853755866168
"COG1",-0.184199678601393
"GJC1",-0.184257064991099
"C5orf34-AS1",-0.18429361427291
"EEF1B2P7",-0.184399901037647
"HTRA3",-0.184912037138945
"ZNF350",-0.184962864545052
"ARID1B",-0.184975430749204
"SEC11A",-0.18525338908639
"ATF7IP",-0.185398909451453
"LDLR",-0.185703336118855
"CTPS2",-0.186331223927662
"ATP11B",-0.186524490154511
"GOT2P1",-0.186916637823395
"TPT1",-0.186931073959062
"CDC27P3",-0.187134109583535
"MINCR",-0.187357999437037
"SMAD2",-0.187952214720456
"HNRNPA1P4",-0.187982570520161
"SCARB2",-0.188036056610087
"MAP2K3",-0.188050558991626
"TDRD6",-0.188456757638073
"SENP5",-0.188478860135822
"RC3H1-DT",-0.188525158952318
"PGM3",-0.188657794915304
"PTPN18",-0.189038572513893
"WDR6",-0.189338375191726
"BTF3P5",-0.189447787204147
"RN7SL473P",-0.189449202651809
"EEF2",-0.189492106482286
"MTF1",-0.189642560774074
"RPL36AP55",-0.189642611545042
"RPRD1B",-0.189716191393046
"NDRG3",-0.189719125441624
"TCF3",-0.190078383025223
"NFKB2",-0.190574231800145
"PEPD",-0.190639654736514
"ATP6V1E1P1",-0.190701384668875
"ANGPT2",-0.19072869594338
"CHMP2B",-0.190803384639177
"MIR29B2CHG",-0.190988424007072
"SEL1L",-0.191352370904373
"SH3RF3",-0.191579714663308
"AGO1",-0.19164763123481
"TMEM168",-0.191675046838067
"PPIAP60",-0.191675159653632
"ARL8B",-0.191790596635627
"RPS28",-0.191819444698455
"ODC1",-0.192322820549582
"SGF29",-0.192345209629929
"ETV3",-0.192520277769725
"PTPRK",-0.192743638664129
"GGA3",-0.192785562969373
"DDX17",-0.19307173878858
"PTCHD3",-0.193499349158678
"BMI1",-0.193630419988553
"FBXO44",-0.19384808515682
"ARL6IP1P3",-0.194088993262965
"GTSF1",-0.194261117613203
"PGR",-0.194453404435976
"ARHGEF39",-0.194707770663119
"ATG2A",-0.195117585015222
"CEP152",-0.195194104446085
"LINC02970",-0.195743743112029
"EEF1A1P6",-0.196365913643842
"RPS27P21",-0.196984900559797
"PGGT1B",-0.197338057857391
"MT2P1",-0.197398235946644
"PDZD8",-0.197622485227247
"PCNX2",-0.197648413872247
"SLC17A3",-0.197652695931993
"ETF1",-0.197730666490476
"MLKL",-0.197762542736169
"SRSF3",-0.197778020329342
"IVNS1ABP",-0.197924743474324
"CAPN12",-0.197948283269771
"IL6ST",-0.198264254880199
"WASHC4",-0.198515593115111
"SH2D3A",-0.198614170978159
"SFXN3",-0.198640940102514
"LINC01605",-0.198670542035918
"AKT1",-0.198835171013655
"RANBP3-DT",-0.198853289408853
"KIF9-AS1",-0.199260374415034
"CYFIP2",-0.199876777647242
"PHF3",-0.200130516486456
"RPL39P3",-0.20028554605545
"WDTC1",-0.200976178297866
"PLEKHM1",-0.201124067384196
"ZHX1-C8orf76",-0.201551264268145
"MCMDC2",-0.201687174969802
"ZFTRAF1",-0.201867438106596
"HEBP2",-0.202064820200314
"LINC00639",-0.202551063044661
"SLC20A2",-0.202772659320104
"MFSD2A",-0.20281762522799
"HS3ST3B1",-0.20335582532632
"MAP3K4",-0.203525078163923
"SPRING1",-0.203638793653104
"LINC01010",-0.204074116921865
"RPS29",-0.204257863492413
"PAQR9-AS1",-0.204259893393086
"ELOA",-0.204298873650236
"EEIG1",-0.204497037276539
"TTC17",-0.20453053000069
"DNMT3A",-0.204538574321064
"ANKH",-0.204725763395375
"LINC01908",-0.204739076365167
"WDR24",-0.204898494676216
"CCDC57",-0.205246066142092
"ARID2",-0.205452388748892
"CTLA4",-0.205662432254432
"STAT2",-0.205713105434362
"ATP5MFP1",-0.205713202270585
"DGKH",-0.206363864086352
"SFT2D3",-0.207093865715882
"MTCYBP23",-0.207350084981064
"DDB2",-0.207472049501956
"UTP11",-0.207513909244228
"FTLP2",-0.207537769508923
"ERP27",-0.207895236299623
"SLC20A1",-0.20817448506812
"RFNG",-0.208264643374012
"YEATS4",-0.208430443345393
"NOA1",-0.208608050934369
"MACORIS",-0.208805046125047
"BRD4",-0.209107387449701
"RNU6-1251P",-0.209345155155738
"STK32A-AS1",-0.209808981137119
"TRIM15",-0.209808981137119
"CNMD",-0.209808981137119
"ANKHD1",-0.209868152224496
"LINC02899",-0.209924447900436
"PDCL3P2",-0.209924447900436
"SLC34A2",-0.209925596617211
"KMT5A",-0.210112732466202
"LMTK2",-0.210871610520479
"FAT2",-0.210925922161111
"ZNF181",-0.210975771292077
"SPAG5-AS1",-0.211258155664117
"BTBD7P1",-0.211567895531118
"CBX3",-0.211915970556644
"RPS2P55",-0.212182777910295
"RBM33",-0.212387879111576
"PPP1R26",-0.212452901345174
"SCUBE3-AS1",-0.212491253954433
"DLGAP1-AS2",-0.212758495146174
"FGFR1OP2",-0.212866830825392
"CHUK",-0.213050319230494
"NPM1P19",-0.213054328591413
"RPL15P5",-0.213224665352206
"SEC24B-AS1",-0.213684319071247
"COL28A1",-0.213878586940033
"FTH1P16",-0.214137592667456
"NPLOC4",-0.214150749550879
"EDEM3",-0.214213539629578
"USP48",-0.214385156210243
"WDR5B",-0.214411224809263
"TRIM59",-0.21479286282829
"ACO1",-0.214822827529522
"IL2RA",-0.215009575482528
"CFAP119",-0.215378355937284
"DHCR7-DT",-0.215391712497663
"CPNE6",-0.216124340859981
"FICD",-0.21615922355096
"RPL17P50",-0.216320321022336
"SCAPER",-0.216641408395836
"TCF12",-0.216670447644695
"CLVS1",-0.216763433502133
"UBE2D3P2",-0.216877204565837
"ZBTB41",-0.216996416182759
"RPL12P6",-0.217133798701697
"MICALL2-DT",-0.217184111335543
"RPS6P23",-0.217184111335543
"NADK",-0.217634714195413
"PPP6R3",-0.217777336080476
"EIF5",-0.217828330424132
"ARHGEF26",-0.217839408545186
"CHKA",-0.217919695805994
"AP1S2",-0.21800792185792
"RPL23AP42",-0.218098545046211
"ARSJ",-0.218167249408863
"RPL7AP48",-0.218167249408863
"C6orf47",-0.218220489389371
"TMX1",-0.218662316343438
"CABP4",-0.218779923446416
"KIAA1586",-0.218831408550857
"TMC8",-0.218850381593176
"TBC1D15",-0.219041916175995
"ARHGAP11B-DT",-0.219134764868481
"LINC02373",-0.219218516058368
"SLC2A3",-0.219509161948111
"VCL",-0.219678790965222
"RNF25",-0.219889314530934
"PPARA",-0.219945306950057
"GIMAP2",-0.22036156710752
"IGKV1-17",-0.220629691376535
"TAF1D",-0.220674272744915
"CLCNKB",-0.220833176101068
"TRMT5",-0.220926322200599
"CCDC148-AS1",-0.220973590664657
"RPL7P27",-0.220973590664657
"HOXB-AS4",-0.220973590664657
"ARID3A",-0.221001541215895
"PLPPR2",-0.221141631284067
"FHL5",-0.221389276907269
"DNAJC18",-0.221803216280671
"LINC01504",-0.222067721936114
"CACYBPP2",-0.222199290790655
"SLC30A7",-0.222380418195367
"DNTTIP2",-0.222885047078148
"SMC4",-0.223082109981616
"CCNK",-0.22316982496883
"ZG16B",-0.223234634509572
"CFAP221",-0.223324608620579
"MEAK7",-0.223861528903739
"HPS6",-0.223868420727141
"IGKV2D-30",-0.223974045920268
"SAP25",-0.223974045920268
"RNU6-57P",-0.223974045920268
"C10orf55",-0.224054302058495
"SMCR8",-0.224225340669998
"KCNJ14",-0.224552427361247
"LINC01805",-0.224601320898921
"DMRTA1",-0.224601320898921
"CYCSP29",-0.224601320898921
"LINC01798",-0.224864266083693
"GDPD2",-0.224991280978126
"ZNF703",-0.225146703235939
"REXO5",-0.225517110315458
"ZNF385B",-0.225761277982747
"KRT18P13",-0.225761277982747
"HOPX",-0.225983915947225
"FNDC9",-0.22633107606663
"GPR89P",-0.22633107606663
"CUBNP3",-0.22633107606663
"ADAM18",-0.226360420829146
"RPL15P1",-0.226360420829146
"IBA57",-0.22650424056332
"ZNF225-AS1",-0.226570842262623
"LMO1",-0.226585807849378
"KDR",-0.226660897470192
"NOVA1-DT",-0.226662804819738
"ATP2B4",-0.226675115097922
"MYREM",-0.227312390446055
"SNX13",-0.228099013348375
"GFM1",-0.228208316556267
"MGST3",-0.228721712833178
"HYCC1",-0.228833213005087
"DLGAP1-AS1",-0.229130484337578
"ITGA8",-0.22931834189394
"AKR1C4",-0.229457428689907
"LINC00924",-0.229457428689907
"PAX7",-0.229638751120345
"RBM7",-0.230051129084219
"SLC36A2",-0.230430024712087
"LINC02965",-0.230979486760506
"PHLDA1-DT",-0.231305127433736
"RPL37P2",-0.231737159416487
"ACTA2-AS1",-0.232148605964868
"OLA1P1",-0.232582131633771
"DEPTOR-AS1",-0.233046892291346
"C22orf23",-0.233213976953468
"UBE2D3-AS1",-0.233334175053235
"CLASP2",-0.23349708168033
"INSYN2B",-0.234023631671171
"FMNL2",-0.234404492043378
"TLK2",-0.23490384850387
"ATP6V1A",-0.234907608440899
"NEURL1",-0.234920437109661
"SIGLEC16",-0.235034767285422
"U2AF1",-0.235044525111199
"ZNF646",-0.235395612176789
"RPL21P10",-0.235844886278006
"SHROOM3-AS1",-0.235916080574106
"ZMYM2",-0.236051493849913
"TMX4",-0.236151569714316
"ATG12",-0.236813025741361
"NCEH1",-0.236849659553058
"SNORA31",-0.237046777628772
"EREG",-0.237168089844981
"RN7SL5P",-0.237187447875762
"SYNE3",-0.237435739472349
"LYSET",-0.237454518339674
"FBXO21",-0.237533590129305
"PLAGL2",-0.237552907121569
"CGRRF1",-0.237769165217888
"SFR1",-0.23784971943001
"DPPA2P2",-0.238219860130988
"SCAND3",-0.238219860130988
"RPL5P26",-0.238219860130988
"LINC02820",-0.238225366947903
"HSPA13",-0.23830055129391
"GHDC",-0.238461526594178
"PAX5",-0.238780476075145
"GID8",-0.238928178390578
"MTA2",-0.239071736884103
"PRR14L",-0.239161353623275
"EPC1",-0.239176338119217
"EEF1A1P21",-0.239216206612338
"ADAMTS8",-0.239216206612338
"VSX2",-0.239216206612338
"SEC22C",-0.239235578494811
"DNAJC19P5",-0.239255559500322
"CTCFL",-0.23932552226249
"H2AZ2-DT",-0.239429255309597
"DNAJC10",-0.24006817067352
"SEMA4B",-0.240361644416289
"SPDYE17",-0.24039639629122
"PRKD3-DT",-0.240487402645222
"RPL24P6",-0.240487402645222
"ABCC1",-0.240758591013185
"SIT1",-0.240816818581399
"TRBJ1-2",-0.241188896268086
"DOP1B",-0.241291367107716
"RNU6-128P",-0.241375409491092
"TRIB1AL",-0.241375409491092
"RN7SKP132",-0.241375409491092
"PPP4R2",-0.241549114433776
"LEAP2",-0.24183977230037
"ATM",-0.241999617856111
"CYTH2",-0.242059671760787
"OR5T1",-0.242104122182691
"SMURF1",-0.242140225850268
"MFN1",-0.242675548351151
"DST",-0.242838460750463
"ASPH",-0.243067045675098
"DEPDC1P1",-0.243324233157014
"AOC2",-0.243345109296791
"RNF217",-0.24347095912788
"ALB",-0.243828815279211
"MIR4637",-0.243828815279211
"MIR548A3",-0.243828815279211
"ZNF606-AS1",-0.243832299464394
"RPL23AP78",-0.2440547721855
"S1PR2",-0.244064132792385
"SERBP1P4",-0.244310944842811
"MTND5P35",-0.244688920920733
"TRAJ42",-0.244688920920733
"VSIG10L-AS1",-0.244688920920733
"CCSAP",-0.244921002902079
"RNU6-1188P",-0.24497034784795
"SPATA13-AS1",-0.245086952896694
"RPL7P21",-0.24519976920294
"SCARNA9",-0.245482374453479
"NDUFA5",-0.245630747644637
"BIN2",-0.245846750971461
"ZNF396",-0.246081046738813
"KLHL1",-0.246236594933189
"CNBD2",-0.246371807644161
"PGBD5",-0.246396694771411
"RN7SL242P",-0.246396694771411
"RIMBP2",-0.246396694771411
"SERF1A",-0.246445414587764
"WASHC2C",-0.246490588291038
"NIN",-0.246507892975526
"SGPL1",-0.246617129689102
"TEX30",-0.246732738707792
"FHIP2A",-0.246847668436421
"LINC01792",-0.246932448401248
"KRTAP25-1",-0.247152512597433
"OR2J3",-0.247500917845456
"GORASP1",-0.248019724976965
"C8orf76",-0.248248385434284
"CCL1",-0.248502496472872
"WDR1",-0.24863346194962
"FAM138B",-0.248763775425973
"BANP",-0.248766084780038
"HDAC1",-0.248778561309056
"GABRA4",-0.249150382153563
"LINC02159",-0.249150382153563
"PDX1",-0.249150382153563
"NAP1L2",-0.249653613786412
"RORB-AS1",-0.249653613786412
"LINC02706",-0.249653613786412
"CGNL1",-0.249653613786412
"LCA5L",-0.249653613786412
"EEF1A1P24",-0.24988744327379
"UBE2G1",-0.250104995197921
"ST13P19",-0.250236763946901
"APOA1",-0.250248074329161
"ARRDC3-AS1",-0.250578881854999
"TWSG1",-0.250643901201388
"FBXW2",-0.251018911728442
"MIR6842",-0.251243871783057
"LHX2",-0.251243871783057
"ELOA2",-0.251243871783057
"L3MBTL4-AS1",-0.251285510512438
"CEP76",-0.25179949069127
"FRAS1",-0.251842234461718
"CDK7P1",-0.251875344252036
"NECTIN1-DT",-0.251954191254335
"LINC03031",-0.252186116091206
"CCDC28A",-0.252266670917022
"CCDC71L",-0.252524033924127
"TMEM88",-0.252538955169692
"PDLIM3",-0.252600486269279
"PRMT9",-0.25317363102464
"CDHR5",-0.253246015739812
"PCGF3",-0.253353101204705
"RPAIN",-0.253725631250545
"IMMP1LP3",-0.253739503737324
"LINC02676",-0.254036924622211
"FAM153CP",-0.254135946573295
"PPARD",-0.254480772431543
"NAIF1",-0.254543111836461
"HSPE1P13",-0.254659314139153
"PLEKHF1",-0.254681985837714
"MS4A6E",-0.254691509491017
"TMEM79",-0.254941123108748
"LINC01687",-0.255103024856914
"IGFBP4",-0.255145950630099
"HSP90AA3P",-0.255186624995836
"MARF1",-0.255293667349418
"AGXT",-0.255477024640396
"H1-8P1",-0.255477024640396
"MIR6750",-0.255477024640396
"CXCL14",-0.255609266813029
"HRG-AS1",-0.25566625528336
"RETREG2",-0.255938867142648
"LRRC20",-0.25596908293452
"SGSH",-0.256239970611225
"SLC9C2",-0.256249381401877
"CSAD",-0.256344088297915
"MON2-AS1",-0.256353987643581
"EVI2A",-0.256438705667869
"CUL2",-0.256667425373419
"OFD1",-0.257444335064156
"RPN1",-0.257466992017171
"GCC2",-0.258099820071912
"MAGOH3P",-0.258657408462228
"GGNBP2",-0.258746545020127
"EVI2B",-0.258885899801743
"APTR",-0.25904982395621
"HUS1",-0.259475290093688
"PCA3",-0.259628470197401
"SLC5A1",-0.259717146364832
"UPF3AP1",-0.259967811645977
"NCS1",-0.260019053925576
"TAPT1-AS1",-0.260092390854202
"LINC01710",-0.260204293542401
"RNU6-237P",-0.260204293542401
"RN7SL678P",-0.260204293542401
"BMS1P16",-0.260276329731279
"MOB4",-0.260308766534085
"GPT",-0.260640951743871
"SAMD3",-0.260700793055934
"GABRG3",-0.260864881069713
"ADGRG4",-0.261024347590635
"RHOA",-0.261101229659501
"IL5RA",-0.261150754055841
"RN7SL664P",-0.261150754055841
"RN7SKP225",-0.261150754055841
"LINC00562",-0.261153542323218
"ATG12P2",-0.261370196910634
"LINC01615",-0.261861710225532
"SP140",-0.261919784231974
"RPL17P6",-0.262004130573282
"POTEE",-0.262117260493667
"AKAP10",-0.262205185153771
"GOLGA3",-0.262343444897682
"LY6S-AS1",-0.262679578916705
"ZMYND19P1",-0.262770646234769
"ERMP1",-0.262888117766211
"REDIC1",-0.262890125253464
"RPL32P18",-0.263092573306497
"PCSK1",-0.26352506182961
"MRRF",-0.263644026500693
"HMGN2P28",-0.264073414126746
"RPL22P16",-0.264073414126746
"ADAMTS16",-0.264197857454599
"DISP3",-0.264443232072519
"SLC9A4",-0.264443232072519
"HMGB1P31",-0.264443232072519
"LINC01940",-0.264443232072519
"PNPT1P1",-0.264443232072519
"VWA5B2",-0.264443232072519
"LINC01600",-0.264443232072519
"RNA5SP104",-0.26452301818141
"SAGE1",-0.26452301818141
"DAZ4",-0.26452301818141
"SF3A3P1",-0.264635580865648
"IDI1P1",-0.264802383606298
"HEXD-IT1",-0.264802383606298
"DLAT",-0.264836486799539
"VPS37B",-0.264974539995656
"LINC00290",-0.265287897260974
"RP1L1",-0.265287897260974
"HTR3A",-0.265287897260974
"TERF1P2",-0.265287897260974
"RAB5B",-0.265372623025409
"TXNDC12",-0.265431571783564
"CIR1",-0.26559032310256
"CREG2",-0.265727289089014
"DYNLT4",-0.265740643380821
"TAF7",-0.266073579479595
"PSMC1P4",-0.266085125453059
"SSH1",-0.266325484954512
"ANAPC16",-0.266361837067119
"VANGL1",-0.266563361591674
"RASSF9",-0.266576350374347
"SMIM11",-0.266576350374347
"LINC01784",-0.266597210861259
"LINC02284",-0.266613759630157
"ZNF581",-0.266808620324319
"LINC01761",-0.266832795714952
"BRSK1",-0.266832795714952
"DNAJC19P9",-0.266935487160899
"NPM1P32",-0.26718897970898
"SHISA6",-0.26718897970898
"SH3PXD2B",-0.267274644544011
"BPIFB5P",-0.267368839872454
"RPL21P28",-0.267546843985274
"CEP170",-0.267683270821228
"EIF1AD",-0.267761165290249
"THADA",-0.26778460073954
"KIF21B",-0.267884181066098
"EIF1P7",-0.267893109636589
"TMEM104",-0.267965298769671
"TNFAIP3",-0.267993403708247
"RNU6-4P",-0.268068303151665
"LINC02359",-0.268311454888766
"TGFB3-AS1",-0.268743301649502
"EIF4E",-0.268811497796083
"SEMA5A",-0.268845593762846
"DLG5",-0.268936069959999
"MTATP6P27",-0.268945816966921
"NR1D1",-0.269124257841492
"YPEL5",-0.2692511166709
"ABI1",-0.269494480380219
"KLF9",-0.269688489844069
"DNAJC17",-0.269972784476918
"RTN3",-0.270116797048885
"LINC02362",-0.270127317373209
"ZNF830",-0.270254726998652
"ARHGAP29-AS1",-0.270255824488776
"NME8",-0.270328860115501
"TENT4A",-0.270637139128961
"CNKSR2",-0.270904527342026
"HAPLN1",-0.271179263881334
"SYNDIG1",-0.271179263881334
"RBM38-AS1",-0.271235639214819
"PRH1",-0.271260021917332
"CANX",-0.271525377687232
"MED22",-0.271648058000773
"HADHAP1",-0.272026486128844
"VTRNA1-3",-0.272026486128844
"KRTAP10-10",-0.272026486128844
"NUDT21",-0.272104228374742
"C12orf42",-0.272120148410277
"MAP9",-0.272222884524033
"ZMYM4-AS1",-0.272286705347436
"C3orf18",-0.272483921092783
"ACSL4",-0.272858097876422
"HK2",-0.272932119866228
"RN7SL15P",-0.273529920708953
"TRGV1",-0.273749442163552
"LAMTOR3P2",-0.273796607637913
"HIGD1AP16",-0.27386907273101
"TXNRD3",-0.273901080168725
"PANK4",-0.274452245708914
"SPAG6",-0.274504687570926
"QTRT2",-0.274612797667057
"GAS2L3",-0.274627307513222
"RPS27P6",-0.275023066573259
"AJUBA",-0.275050576106724
"CTNND2",-0.275150389993132
"RBM3",-0.275441815357988
"ERGIC2",-0.27546543724761
"PRR15-DT",-0.275946656404914
"ARPC4-TTLL3",-0.276028293658977
"SNORD114-16",-0.276028293658977
"LINC02179",-0.276028293658977
"SPAM1",-0.276032572037629
"GAPDHP26",-0.276032572037629
"SLC35F2",-0.276262279663865
"PRDM4",-0.276422954978919
"OR7E55P",-0.276519930363693
"ATP5MC1P7",-0.276519930363693
"PRR12",-0.276522097714741
"IARS1",-0.276712440604242
"ST13P4",-0.276745134163273
"TRAF3IP1",-0.27688717700404
"LINC02922",-0.276919311000674
"ALS2CL",-0.277093225979572
"H2BC9",-0.277235501782815
"KIAA1143P1",-0.277391782262285
"CYRIA",-0.277685870602703
"AZI2",-0.277859863873103
"SALL4P5",-0.277915851125541
"ACTL11P",-0.278280342598344
"MILR1",-0.279190656317749
"CCP110",-0.279279352404663
"RNU6-1254P",-0.279421601366455
"TRBJ1-5",-0.279565864050472
"DIP2A-IT1",-0.279652068660419
"ANKRD49P2",-0.279678268467571
"TAB2",-0.279955078607993
"DSEL",-0.279961054608234
"CCT5P1",-0.28003724919206
"C21orf91-OT1",-0.28003724919206
"CAPN5",-0.280118583704269
"LIPK",-0.28027978396365
"SEPSECS-AS1",-0.280292214124992
"IFITM3P8",-0.280365005669275
"STK24-AS1",-0.280365005669275
"NEK2P4",-0.280498978010365
"HECW2-AS1",-0.280662634847054
"RN7SL444P",-0.280854596838546
"KCTD9P1",-0.280854596838546
"TPT1P9",-0.28121893464408
"HIPK1",-0.281522510295737
"B3GNT7",-0.281587329499538
"ERGIC1",-0.281645574765596
"TEX29",-0.281679250106625
"RGS18",-0.281950181095272
"RASL11A",-0.281951840075622
"LINC02613",-0.281989021236701
"PSD2-AS1",-0.282053905639993
"PRELID3BP3",-0.282568284528518
"LINC01398",-0.282622014636211
"LNX1-AS1",-0.282622014636211
"NANOGP3",-0.282622014636211
"ROR2",-0.282622014636211
"LINC01519",-0.282622014636211
"LINC02291",-0.282622014636211
"DIXDC1",-0.282883052881292
"LINC02092",-0.282925346942817
"CD37",-0.283124078145373
"MRPS18AP1",-0.283318794848726
"OR2V2",-0.283318794848726
"NPAP1P3",-0.283318794848726
"CTDSP2",-0.283908314940894
"UBE2R2",-0.283981985835714
"CHRNA1",-0.284065472162991
"VILL",-0.284075734233778
"INSC",-0.284474344456272
"LINC02694",-0.284474344456272
"PRAMEF2",-0.285083899190188
"ASCL4",-0.285083899190188
"OR6C65",-0.285083899190188
"GP2",-0.285083899190188
"LINC01638",-0.285083899190188
"KRT10-AS1",-0.285086442867656
"RNF10",-0.285152549459083
"ACOT9",-0.285291930906088
"ADAMTS2",-0.285439474230748
"GNAI3",-0.285441182121765
"SNORD38C",-0.285549171109322
"RPL7P1",-0.285808189087965
"JUN",-0.2858592468893
"ASNSD1",-0.285941938080524
"SHPK",-0.285942354768903
"IL26",-0.285995477326851
"TMEM129",-0.286318581946885
"DOCK5",-0.286556749272571
"MLLT3",-0.286833997439197
"CFAP99",-0.287096737105215
"FER",-0.287408768740397
"DVL1",-0.287594187085363
"CCNI",-0.287934767095594
"RTL9",-0.288574672488926
"RNA5SP256",-0.288844044240303
"SPATA31E1",-0.288844044240303
"LINC01231",-0.288844044240303
"ZNF750",-0.288844044240303
"MS4A2",-0.288955706802513
"HAGHL",-0.289239463170359
"POLG-DT",-0.289646297144425
"GBE1",-0.290108624919764
"LINC02238",-0.2901352782516
"OR5K1",-0.2901352782516
"RBBP4P3",-0.2901352782516
"KIF25",-0.2901352782516
"TRBD1",-0.2901352782516
"MTND1P31",-0.2901352782516
"IRF5P1",-0.2901352782516
"DPPA4P3",-0.2901352782516
"ART2P",-0.2901352782516
"RNA5SP475",-0.2901352782516
"ZNF43",-0.290336921574067
"FAM161B",-0.290426744807019
"KIFC2",-0.290817382047761
"RBM39P1",-0.291370568942601
"PCF11-AS1",-0.291425412133208
"CEPT1",-0.291577449481244
"MAPKAPK2",-0.291604570410118
"MIR4257",-0.291928307549755
"VIPR1-AS1",-0.292185298892551
"PROSER2",-0.292466535840982
"LINC02408",-0.292466535840982
"XXYLT1",-0.29255185552196
"ADGRL1",-0.2926031688326
"ANKRD30BL",-0.292766989502632
"TSHZ3-AS1",-0.293183800531757
"EPC1-AS2",-0.293207365597834
"C1orf115",-0.293303941960594
"STIM2",-0.293352816811242
"HTRA2",-0.293644376810024
"LINC01099",-0.293698115811052
"MTND6P13",-0.293698115811052
"TEKT3",-0.293698115811052
"FAM246C",-0.294163522817522
"ZNF436",-0.294235940084638
"RRAGB",-0.294332648602969
"DHX33-DT",-0.294511094776388
"SLC2A3P2",-0.294827790344231
"LINC01512",-0.294827790344231
"COLCA1",-0.294827790344231
"SFTPD-AS1",-0.294827790344231
"RN7SL434P",-0.294885812235751
"MAGEB2",-0.294885812235751
"ANKRD26P3",-0.294885812235751
"VPS18",-0.295177148878893
"CHN2",-0.295252717938703
"PAG1",-0.295540689969585
"ZBTB12BP",-0.295549979680906
"SSTR1",-0.295796812424772
"IARS2",-0.295884630210081
"RELCH",-0.295967765236198
"MMAB",-0.296110494072931
"KIFAP3",-0.296166847180991
"MPDZ",-0.296605180733194
"VPS13C",-0.296624402001467
"PKD2",-0.296662303596747
"MED9",-0.297300951484317
"DCTN4",-0.297311326105106
"DOCK7-DT",-0.297767992648777
"MYG1P1",-0.297767992648777
"TRHDE",-0.297767992648777
"PPIL1P1",-0.298062171207705
"RTRAFP1",-0.298062171207705
"RPL21P66",-0.298062171207705
"DRP2",-0.298062171207705
"SNRPFP1",-0.298062171207705
"NTRK1",-0.298227282770005
"SLC45A4",-0.298512824473408
"REC114",-0.298519215486676
"HEPH",-0.298687010430725
"OR7D2",-0.29890052384687
"TECRP2",-0.299024282249226
"C4A",-0.299024282249226
"HTR2C",-0.299024282249226
"DKK4",-0.299024282249226
"C10orf67-AS1",-0.299024282249226
"DDX50P1",-0.299315761727002
"ST8SIA2",-0.299506602086712
"LINC01607",-0.299617393020654
"CBX3P10",-0.299632363577964
"KIR2DL4",-0.299721964822754
"PLCB3",-0.30011017683493
"AMFR",-0.300281340357304
"AFAP1L2",-0.300287307392274
"PPIAP8",-0.300376005391815
"LINC01500",-0.300388451634445
"RPL23P5",-0.300426505565678
"NRP2",-0.300668634909279
"KLC1-AS1",-0.300695314416459
"PES1P2",-0.301069646752312
"FAM228B",-0.301105400882733
"SLC17A6",-0.301118413505389
"CLASRP",-0.3012223422567
"FNDC3B",-0.30158332144003
"GAPDHP21",-0.301940976714135
"ANKRD65",-0.302046506642417
"RPL27",-0.302562580707896
"EEF1A1P15",-0.302589824303825
"RPL24P8",-0.302612953073848
"PRKCQ-AS1",-0.30269549649881
"OR4K2",-0.302815162205441
"BEND4",-0.302818840881672
"FAM219A",-0.302859248135504
"SGO1P1",-0.302866272331097
"FBLIM1",-0.30287779912052
"RNA5SP450",-0.303621028274518
"CS",-0.303633741168148
"TGIF1",-0.304616800469816
"RBP5",-0.304880492348303
"NBPF26",-0.30491836398969
"ABHD17C",-0.305412759660936
"CGREF1",-0.305792538425729
"LINC00398",-0.305911703271345
"SCAANT1",-0.305983260599041
"RPL10P16",-0.305995747980289
"LINC03044",-0.306383043970811
"FASLG",-0.3065276087312
"IRF2BP2",-0.306611402396983
"IQGAP1",-0.306625299553697
"TBC1D3G",-0.307411567719036
"LINC02848",-0.307697007912526
"SUSD4",-0.307709865910913
"C5orf47",-0.308097093595445
"LINC02228",-0.308097093595445
"NDP-AS1",-0.308097093595445
"AP5M1",-0.308423795337586
"CR1-AS1",-0.308515241674329
"NGEF",-0.308566677698899
"VEZTP1",-0.308747819311614
"STAM-DT",-0.309077870671934
"RPS3AP47",-0.309434114334265
"SCG2",-0.30957826705293
"PTP4A2",-0.309654463657895
"S100PBP",-0.310211658416126
"LRRC15",-0.31026893672478
"GDF6",-0.31026893672478
"OLFML1",-0.31026893672478
"ISLR",-0.31026893672478
"CFAP107",-0.310404158792407
"MST1P2",-0.310404158792407
"SCN10A",-0.310404158792407
"CNTN3",-0.310404158792407
"CD200R1L",-0.310404158792407
"RPS3AP17",-0.310404158792407
"SLC25A31",-0.310404158792407
"CRLF3P2",-0.310404158792407
"C6",-0.310404158792407
"LINC02101",-0.310404158792407
"EEF1A1P36",-0.310404158792407
"TRBV7-7",-0.310404158792407
"RNU6-1135P",-0.310404158792407
"MMRN2",-0.310404158792407
"GAPDHP31",-0.310404158792407
"RNY3P9",-0.310404158792407
"IGHV3-16",-0.310404158792407
"OR11K2P",-0.310404158792407
"CES5A",-0.310404158792407
"CDRT7",-0.310404158792407
"ASIC2",-0.310404158792407
"RN7SL735P",-0.310404158792407
"DYNAPP1",-0.310404158792407
"MIR4527HG",-0.310404158792407
"VN1R93P",-0.310404158792407
"SNORD14A",-0.310776403543071
"RNPS1P1",-0.311182798822752
"PLAUR",-0.311988105692484
"KALRN",-0.312200540992666
"ZNF676",-0.312339387905877
"PGM2L1",-0.312522237406968
"MRPL53P1",-0.313163996180775
"LIMS4",-0.313685942060186
"HCN1",-0.313685942060186
"TLCD3B",-0.313685942060186
"PUS7L",-0.313727217917318
"IGHV4-55",-0.313984354687789
"RGPD1",-0.314256415484724
"RPS21P4",-0.314481499223809
"CTSD",-0.314507092915423
"DEPDC1B",-0.314679984996931
"MIR1290",-0.314803249887878
"LINC02562",-0.314803249887878
"MCIDAS",-0.314803249887878
"LSM1P1",-0.314803249887878
"LINC02335",-0.314803249887878
"EXTL3",-0.314932953438058
"UGT2B25P",-0.314935382707025
"KRT72",-0.315334906966307
"GABRA1",-0.315556889765713
"NAA35",-0.316556843390404
"CRIM1",-0.317266311614864
"LINC00690",-0.31729257839884
"SLC44A2",-0.317529128731377
"LINC02808",-0.31758416840163
"CPO",-0.31758416840163
"RNU7-182P",-0.31758416840163
"POU3F3",-0.31758416840163
"MARK2P9",-0.31758416840163
"SEC14L4",-0.31758416840163
"MTMR9",-0.318655253309672
"CSPG4BP",-0.318791458931866
"RNA5SP210",-0.318791458931866
"RPL12P47",-0.318791458931866
"KRT39",-0.318791458931866
"ANXA1",-0.318914207385409
"TOM1",-0.318958039603122
"ZFP36L1",-0.31907292236072
"KIF24",-0.319098055340211
"VDAC1P11",-0.319294387756465
"CREBZF",-0.319394410602058
"CRPPA",-0.319497075151295
"SMIM24",-0.320037008933103
"DIAPH2",-0.320145044494067
"HNRNPA1P35",-0.320437915185731
"KLHL36",-0.320681890183536
"ZNF813",-0.320867999810838
"ZNF107",-0.321123448457399
"HSPA8P9",-0.321201394885763
"FPR2",-0.321207070937075
"DCTN6-DT",-0.321540646241607
"PJA2",-0.322340827562846
"NDUFB1P1",-0.322652564435873
"NEK2-DT",-0.322759096134249
"LINC02518",-0.322938704096071
"CCDC166",-0.322938704096071
"LINC02418",-0.322938704096071
"WDR87BP",-0.322938704096071
"HS6ST3",-0.323984363617555
"KPNA1",-0.32406653035177
"TMEM50A",-0.324109477165008
"BLNK",-0.324424357452728
"CSMD1",-0.324635963113447
"ULK3",-0.324657045961949
"CTC1",-0.32545762077993
"GALNT1",-0.325697737904422
"TAL1",-0.326103186344342
"CELF2-AS2",-0.326113861442966
"BTG1-DT",-0.32741129349295
"SLC5A4-AS1",-0.327539669675426
"ZFP1",-0.327556648090458
"MRPS6",-0.327630418608977
"GYG2",-0.327898825277517
"CHCHD6",-0.328142033034582
"SLC25A5P7",-0.328633119097882
"MPZL1",-0.329153045290455
"LNCARSR",-0.329348672976505
"MAN1A1",-0.329453035031025
"RERE-AS1",-0.329964818537933
"MAGI1-IT1",-0.330024138623406
"DDX19B",-0.330249888838634
"SPATA31H1",-0.330880837245219
"YPEL3",-0.331253404118344
"AUNIP",-0.331712842026081
"CICP27",-0.33239991088659
"LINC03072",-0.332566242251816
"TTC31",-0.33273977588349
"RPL9P29",-0.33274263544898
"COL11A1",-0.333146872991044
"NUP43",-0.33326674615281
"RANBP2",-0.333346591592478
"ZNF136",-0.333572241041868
"FCGR2C",-0.333731950908279
"SH3BP5",-0.333961927494017
"RAP2A",-0.334609371401665
"CHRAC1",-0.335051978785319
"EMB",-0.335132470255096
"CD99L2",-0.335213921031328
"LINC00900",-0.336360025120837
"RAB2B",-0.336758228607597
"LIX1L",-0.336772387907465
"FSTL5",-0.336877232321879
"PFDN5",-0.336880895126611
"CCL3",-0.337113068193775
"KLHL24",-0.337493441608737
"FLNB",-0.337633912940646
"DIS3L",-0.337754012388915
"SBF1",-0.337754566457651
"RPS27P29",-0.337944104066138
"SUMO2P1",-0.338038174498693
"CLN5",-0.338129507843684
"RNU6-94P",-0.339244018908513
"CITED2",-0.340802052471804
"ACVR1B",-0.342380639910853
"KRT6C",-0.342476153451624
"NUDCD2",-0.343402076042185
"TBCE",-0.34358147989683
"NAGLU",-0.345480502606189
"RPAP3-DT",-0.346335112775786
"LEPROTL1",-0.346373512394463
"CLK2",-0.34657948441802
"CEP192",-0.347346610823857
"EHD1",-0.347395413393068
"SLC7A14-AS1",-0.347615119168781
"KCTD21-AS1",-0.347661388110321
"ST7L",-0.347973122323819
"RDH11",-0.348183845220247
"ANAPC5",-0.348261777354896
"ITFG1",-0.348265002789462
"GPR84-AS1",-0.34827194966677
"LRRC8C-DT",-0.348355075596472
"MSH6",-0.348603429329145
"TMEM186",-0.348869078593271
"WASL",-0.349331286070143
"ACAD8",-0.350200692248049
"OR2B11",-0.350695194900066
"TMEM241",-0.3507599667272
"STARD3NL",-0.35104608564967
"TMEM236",-0.351206545386493
"ADAM21",-0.351438179856949
"EPB41L3",-0.351525046829875
"RCAN1",-0.351585634395216
"TBC1D32",-0.351631316438528
"RPL17P28",-0.351953793248041
"DNAJC3-DT",-0.352319912097466
"EEF1A1P3",-0.352638353761939
"HMGB1P21",-0.352746820517321
"RNF44",-0.353075373495951
"MRFAP1L2",-0.353466151932212
"ZBTB38",-0.354081362813961
"ST13P3",-0.354370538394117
"SLC36A4",-0.354632180800916
"OPA1",-0.354699994856479
"TGFBRAP1",-0.354825691553364
"CCL3-AS1",-0.354899319796264
"CLIP1",-0.355698401061129
"OR2A13P",-0.355730345476435
"GCLC-AS1",-0.355905592391487
"PRELID1P6",-0.356412160940433
"SLC27A3",-0.356469336254723
"RSL24D1P6",-0.356860993238058
"ZCCHC14",-0.357018408630936
"RNF146",-0.357166321348842
"GNL3",-0.357744303635412
"ZNF473",-0.358027798275229
"ENPEP",-0.358554974354574
"RMND5A",-0.358928086598014
"GPAT4",-0.360354572380012
"STMP1",-0.360557323737921
"TBC1D8B",-0.360796612919379
"SNX29",-0.361126038010094
"SNHG25",-0.361689732523747
"TMX4-AS1",-0.361802273155181
"BDNF",-0.361860745598375
"INTS8",-0.361885749831615
"PEG10",-0.362007584795657
"NSMAF",-0.362107729817648
"TMED8",-0.362175715774651
"TPT1-AS1",-0.362681735105249
"RNF185",-0.362884549081817
"HMGN1P8",-0.363468197909976
"LINC01892",-0.363626647773653
"RHOU",-0.363871683097228
"IST1",-0.364126153485928
"HAUS2",-0.364686861538841
"USP46",-0.364710681993063
"DCDC2C",-0.365707712603438
"LINC00348",-0.365707712603438
"ZNF805",-0.366976510325819
"HIKESHIP2",-0.36705074237756
"KLHL20",-0.367374949704717
"DEDD",-0.36775215360617
"HAUS6",-0.367946972424826
"HOMER3",-0.368480887061564
"PPM1B",-0.36902918885686
"PPP2R5A",-0.369126477892649
"TNPO1P1",-0.369177667434659
"LINC01709",-0.369310985878387
"PABPC1",-0.3695237066337
"TENT4B",-0.369595831931764
"SLC22A18AS",-0.37096329668968
"TRIM32",-0.371306704051121
"ZNF586",-0.371318053858408
"SOWAHC",-0.371603802140998
"C2CD5-AS1",-0.371920620068326
"MAGOH-DT",-0.371970907482052
"CLEC5A",-0.372022857764465
"TEX41",-0.372550293056996
"KHDRBS2",-0.373520479823061
"DIS3L2",-0.373987900482629
"NFKBIZ",-0.375267612672969
"TLE1",-0.375594068895847
"NDST1-AS1",-0.37572480881502
"GOLM2",-0.375841555226699
"ZNF845",-0.37584547870526
"LINC02887",-0.375980719777751
"ZNF76",-0.37609944524051
"RPL37AP1",-0.376348506745406
"TAGAP",-0.3765570816023
"DDX6",-0.376711448243776
"PPCS",-0.376970971105328
"MUSK",-0.377127992236362
"SETDB2",-0.377346514085117
"ZFHX3",-0.377641648278606
"LINC00456",-0.377685308151669
"HPS1",-0.377702531281679
"SORCS3",-0.377724834227085
"SLIT3-AS2",-0.377846009190157
"NPM1P37",-0.378383028235399
"GLMP",-0.378421226349313
"KPNA6",-0.378434756808607
"SUMF2",-0.378908103231504
"THSD7B",-0.379261379963871
"METTL5P3",-0.379261379963871
"LRIT2",-0.379261379963871
"AP1AR",-0.379784651233797
"LMLN",-0.379997072112647
"NALF2",-0.380351693430536
"IL1RAPL1",-0.380351693430536
"RN7SL430P",-0.380351693430536
"LINC01440",-0.380351693430536
"LINC01359",-0.380887096688907
"INTS6",-0.380993294505809
"PIGV",-0.38139934699314
"YTHDF2",-0.381483356143316
"SLC18B1",-0.381606570895305
"CHID1",-0.382429085185762
"ELF5",-0.382630672555338
"TMEM191C",-0.382645796590369
"LINC01362",-0.382649202166284
"ACCS",-0.382865220179893
"RBM24",-0.382964552872849
"USP28",-0.383075486794168
"WAC",-0.383823384856562
"KCTD20",-0.383945994299525
"RNF43",-0.384096683797643
"TRRAP",-0.384866387426352
"DHRS3",-0.385327751177701
"TMEM198B",-0.385476697902249
"USP3-AS1",-0.386664688532551
"NOP53",-0.386701505730104
"NAA25",-0.387096703281013
"NONO",-0.387134633025228
"SEC23IP",-0.387220806314298
"MLPH",-0.387280170770458
"EIF2S2P4",-0.387410713759452
"VPS26A",-0.38795484421144
"SNHG29",-0.388281722463553
"INSL6",-0.388390974155632
"PSPH",-0.388410269059028
"ANKRD34C-AS1",-0.388873302107838
"LINC01725",-0.389225096817167
"PRKCH-AS1",-0.38948561665763
"MROCKI",-0.389759610433712
"PLCG1-AS1",-0.389933522321347
"HSPA8P3",-0.390677809298784
"ZBTB17",-0.392024422309054
"GALNT12",-0.392251480106449
"NTS",-0.393061465525237
"AQP4-AS1",-0.393061465525237
"CRYGS",-0.394205098721044
"SLC38A7",-0.394698375741448
"FCSK",-0.394748220103437
"LRP2",-0.394812561719876
"ARB2A",-0.394927032696731
"PDZD7",-0.395192728468803
"SLC39A11",-0.395886748534405
"ANKRD11P2",-0.395923390066587
"CTNND1",-0.396428467863328
"LSM14B",-0.397153322785891
"CCDC174",-0.397811389796064
"HNRNPA1P26",-0.397931807998086
"CDR2",-0.397938543190523
"IGKV3D-20",-0.398203974380587
"FXYD2",-0.398518584795461
"CHMP3",-0.398579253625078
"ILRUN",-0.39917537724247
"KIF21A",-0.399720751248267
"PIGFP1",-0.399886167698761
"ELF2",-0.399936788431971
"VEZF1",-0.400309983418541
"ATP2B1",-0.401777704650183
"MTPAP",-0.402213324718757
"UGGT2",-0.402605015626474
"IL10RB",-0.402919783936625
"LINC00174",-0.404080606940189
"ADNP",-0.404392303376335
"ANKAR",-0.40448418604273
"ZNF451-AS1",-0.404550878848078
"SCN3A",-0.404706896560918
"ARHGEF5",-0.404891654676698
"MPRIP",-0.405182001308919
"HDDC3",-0.405547749556076
"PPP1R15A",-0.407515138715907
"ADGRF1",-0.407629424988366
"RNA5SP282",-0.407874927343144
"TTLL9",-0.40800061353842
"MEG8",-0.408246601645843
"LRRC8B",-0.408679964317831
"STK17A",-0.408716187817857
"PGBD4",-0.408718283705358
"DPP9-AS1",-0.408779059670849
"SYP",-0.409016356399292
"COG5",-0.409048880034176
"SUN1",-0.409275773154769
"ZBTB46-AS2",-0.409602620879386
"SPICE1",-0.410318861433424
"ATP11A",-0.41037281760563
"WDR11-DT",-0.410959185774519
"AKR1B1P2",-0.411868017619277
"LINC02689",-0.411868017619277
"UBALD2",-0.411945997668672
"PEX19",-0.412115875586824
"NFU1",-0.412177516507933
"LIN52",-0.413208205406746
"WDR37",-0.41365539785504
"PGM2",-0.413745084337704
"SEMA3A",-0.414418900994633
"FOXP3",-0.415317166883769
"C3AR1",-0.416042341390454
"PLXNB3-AS1",-0.416337125781063
"SLC25A18",-0.416559653886207
"IP6K2",-0.416716183163174
"RNU7-41P",-0.418311805628607
"SCOC-AS1",-0.41836003075268
"LARP4B",-0.418594473040584
"PTEN",-0.418724588591148
"KAZALD1",-0.418941091870613
"CDKN2B",-0.419322677464423
"LINC01320",-0.419473757475254
"CPLANE2",-0.419519250244862
"LINC02324",-0.419696902956458
"SKP1",-0.419899778686256
"GABRQ",-0.420222657915254
"RPL13AP12",-0.420301135742792
"ARSD",-0.42070532053039
"PDE4A",-0.420954488457889
"PGM5-AS1",-0.421171496811243
"TMEM63B",-0.421347452337362
"ENTPD4",-0.42142191833089
"RNF8",-0.42182619370631
"CEBPD",-0.421860850781678
"BCL2",-0.422180796046025
"TRBV20-1",-0.422335125765182
"EEF1DP2",-0.422537846418457
"RFX2",-0.422867204749893
"CHD1",-0.42289921878156
"TMEM184C",-0.423061802239916
"ZDHHC21",-0.423731957518414
"BCAM",-0.423938360956322
"RNMT",-0.424353544386185
"ZNF131",-0.424440160932657
"IL1RAP",-0.425250221053134
"P4HA1",-0.425302788680529
"ADHFE1",-0.425466316904277
"BDH2P1",-0.425973854133168
"MIR3945HG",-0.426125027311826
"FN1",-0.426613853154522
"BMF",-0.426756085637884
"DCAF17",-0.426785089082358
"CRHR2",-0.427024274298148
"LRRC4B",-0.427024274298148
"HSPA8P19",-0.427182593559407
"WDR93",-0.4274429400405
"ITFG1-AS1",-0.428018503921758
"PIK3R5",-0.428802860660173
"LINC02831",-0.42956845673052
"ADPRHL1",-0.429966392542027
"RABEP1",-0.430682175620079
"CCDC200",-0.43125322249989
"URI1",-0.431310762002824
"RNU6ATAC39P",-0.43137141536223
"FOXN3",-0.431501062378101
"RN7SL418P",-0.431683138588365
"HIPK3",-0.431892536070619
"IGHV3-49",-0.432022652216914
"AVL9",-0.433029540799606
"EEF1A1P9",-0.433509084140149
"DHRS7",-0.434167846763728
"IFNGR1",-0.434426307168677
"XIRP2",-0.434658746490099
"TTYH2",-0.434668920650385
"MMAA",-0.434846492401629
"RNA5SP216",-0.435023826812142
"PROSER1",-0.436616626488079
"CEBPZ",-0.436928788958726
"FCRLA",-0.437138210642853
"IER5L",-0.438147168796503
"RAB6A",-0.438320361327214
"PPIL4",-0.438360028353139
"ZFP91",-0.438852237174843
"CFAP144",-0.439278432702183
"COL4A4",-0.439955952088211
"DND1",-0.440223531260813
"RN7SKP78",-0.440881378519243
"SNHG30",-0.440918150374091
"DCLRE1C",-0.441019528590751
"LINC01387",-0.44111487876828
"LARP1B",-0.441838988696698
"PHF12",-0.44357144579438
"VSIG10",-0.443784398865249
"SNTN",-0.444164351117755
"LIPC",-0.444221482006278
"POLL",-0.445315947514086
"B4GALT5",-0.445339213060872
"GGA1",-0.445599809506274
"LINC02950",-0.446267395864346
"HINT3",-0.446960597380321
"BROX",-0.447532010799434
"FCGRT",-0.448017769726376
"LINC02006",-0.448124969837628
"MATR3",-0.448453326630519
"IMPA1",-0.448964103639196
"TSPAN4",-0.448985284905113
"RPL30",-0.449125501742404
"MRPS24",-0.449456089985745
"GLP2R",-0.450359424643128
"RNU6ATAC23P",-0.450663429158375
"ZNF699",-0.4518891011241
"USP34-DT",-0.451972060691351
"RNU6-1333P",-0.452219578314149
"DGAT1",-0.452394480122487
"RPL38",-0.453714583175868
"OR2A5",-0.454280119732544
"KCTD9",-0.455098877263826
"RNA5SP474",-0.455609324050948
"NRG4",-0.45699216264946
"TNFRSF12A",-0.457560381112532
"CHPF",-0.457833623024434
"EPB41L1-AS1",-0.457859937763558
"CREM",-0.457952766472449
"SILC1",-0.458165239244898
"DNASE1L1",-0.458584634212257
"ZNF568",-0.458798707637275
"LIPE",-0.459122992499196
"MARCHF7",-0.459196191606838
"KLHL2",-0.460575571779906
"GPRC5A",-0.460954792614746
"LINC01280",-0.460992349597804
"IL13RA1",-0.461108060447306
"ADSS1",-0.461146641009283
"ERN1",-0.461252609935947
"NUP98",-0.461318465193214
"S100A12",-0.461699229201421
"LINC01266",-0.462390112945155
"NRBF2",-0.462809292608705
"RBM47",-0.463010803491949
"ASAP3",-0.463430338147833
"GK5",-0.463802264826152
"PLEKHA3P1",-0.464066831571944
"ZNF582",-0.464210725016171
"PTPN22",-0.464616845464362
"H1-2",-0.464972105094946
"UACA",-0.465150552957322
"IFNAR1",-0.46520259771836
"WDHD1",-0.465243015080569
"TLR2",-0.465442109649542
"CRKL",-0.465788839748253
"PCDHB1",-0.466111534018317
"LINC02122",-0.466111534018317
"FRMD7",-0.466111534018317
"CNTNAP3",-0.466111534018317
"ENPP7P12",-0.466701834524729
"MT2A",-0.46739227735017
"ASMER1",-0.467406511202961
"GARRE1",-0.467785040883853
"ROBO1",-0.467890668795828
"RPS13P4",-0.46853211412102
"KCNJ5",-0.469550698480735
"WDR5B-DT",-0.469711602870305
"ARHGEF40",-0.470099192977834
"SH3BGRL",-0.470137743138823
"TBK1",-0.470584521150905
"SMU1P1",-0.470628487105181
"LINC01482",-0.470714531692575
"NCOA4",-0.470730540571944
"OR2Y1",-0.471368528304133
"DIS3L-AS1",-0.471368528304133
"SLC35F6",-0.472971610610313
"GABRB3",-0.474343307642185
"ALKBH3-AS1",-0.474789211931383
"TRIM24",-0.475100706907337
"PTPRQ",-0.475868620039628
"ZNF341-AS1",-0.475922588101507
"TMEM202-AS1",-0.476037915955012
"MIR7111",-0.476684775885743
"PRODHLP",-0.476684775885743
"LRRC3-DT",-0.477030345490677
"TEN1-CDK3",-0.477262245627058
"BORCS7",-0.477624201213142
"RNU6-254P",-0.47772662991991
"STRIP1",-0.47786109235944
"JMY",-0.478279825644789
"EXT2",-0.479210961510045
"FZR1",-0.480441402016548
"HBP1",-0.480675559525589
"RAB1A",-0.481284452734046
"DCAF6",-0.481462760004328
"LINC02790",-0.482175258107704
"LINC01698",-0.482175258107704
"MPTX1",-0.482175258107704
"LINC02819",-0.482175258107704
"OR5H1",-0.482175258107704
"ATP5PBP8",-0.482175258107704
"LINC02013",-0.482175258107704
"RNU6-191P",-0.482175258107704
"LINC02515",-0.482175258107704
"MARCHF11-DT",-0.482175258107704
"MAST4-AS1",-0.482175258107704
"VN1R12P",-0.482175258107704
"LINC01312",-0.482175258107704
"MIR8084",-0.482175258107704
"VSTM5",-0.482175258107704
"POU2F3",-0.482175258107704
"LIPF",-0.482175258107704
"LINC00547",-0.482175258107704
"ENOX1-AS2",-0.482175258107704
"MTDHP5",-0.482175258107704
"NLRP8",-0.482175258107704
"KIR3DL1",-0.482175258107704
"LINC01426",-0.482175258107704
"MOB2",-0.482609468760101
"N4BP2L2",-0.482742081007815
"LINC00303",-0.482940892211193
"ELOCP3",-0.482949152840893
"GOLGA1",-0.483285296799288
"SLCO1B1",-0.483896792407795
"RPS18P1",-0.483896792407795
"CNTD1",-0.484174009113213
"IFNK",-0.484669466668692
"NAV3",-0.484808193611342
"HCG15",-0.485273907950513
"LINC01634",-0.485292306569215
"PCDHA4",-0.485498947455131
"LINC02112",-0.485753165763941
"ATF7IP2",-0.485933356145017
"RAI1-AS1",-0.486002462908921
"RNU6-415P",-0.486333288996522
"WHRN",-0.486591768278427
"SHB",-0.486643838221254
"KIAA0319L",-0.48700097967327
"CELF1",-0.48716726130535
"AR",-0.487430576794793
"MGAT4A",-0.488071284880602
"RNU2-38P",-0.488267061390157
"MIR4300",-0.488267061390157
"RMDN3",-0.488273892430508
"LGALS3",-0.488511113536543
"MIR6075",-0.48863826439523
"ZSCAN2-AS1",-0.489201979706984
"LINC01708",-0.489366013824305
"NEMP1",-0.489784430259099
"CTTN-DT",-0.491317260288472
"AP2A1",-0.491652410365981
"FAM72A",-0.491861864615125
"OXSR1",-0.491936886983161
"PRDX6-AS1",-0.49224337989023
"RNU6-249P",-0.492843046176849
"MARK1",-0.493580934402375
"SHMT1",-0.494424863976197
"ZNF402P",-0.494668212402664
"TEX15",-0.495270631122145
"SLC25A30",-0.495398536028106
"CMPK1P2",-0.495874771224382
"PHF23",-0.49690286592288
"ZNF727",-0.49694211160259
"SMCHD1",-0.49778563890104
"CEP131",-0.497923222198224
"HSD11B1-AS1",-0.497981986629704
"MIR5194",-0.498558556289038
"ZNF230",-0.498729138866496
"RPL12P33",-0.498989033696779
"RPS6KB1",-0.499153090523943
"CDON",-0.499409751071545
"CNGB1",-0.499629569270778
"CD59",-0.499674146536892
"RPL37P12",-0.500972457597107
"KMT2E",-0.501028267110999
"SLC17A9",-0.501164799191549
"STX16",-0.501755974308028
"UBE2Q2",-0.503901013588617
"GPR182",-0.504000570797829
"KCTD21",-0.504395635016926
"RNY1P12",-0.504448923039761
"RAP2B",-0.506111866729412
"SNX14",-0.508293116101968
"ANK2-AS1",-0.508388648697187
"ITGA1",-0.508506212145768
"ACOX1",-0.508869440322872
"KRT8P33",-0.509501451036871
"EIF4EP5",-0.51084066166565
"CYP2D6",-0.511072355838299
"NTPCR",-0.511449213625125
"PSMG3-AS1",-0.511713744537661
"AGAP3",-0.511727556750641
"LINC02241",-0.512846677740941
"EXOC3",-0.513087490507587
"HOXB-AS1",-0.51321123741352
"ASF1A",-0.513783775041995
"IGKV1OR2-118",-0.514372957812742
"LINC00703",-0.514652895352047
"RN7SKP292",-0.514771462975741
"LYPD3",-0.51482678181514
"MEGF8",-0.515153391549513
"DDIT3",-0.515549664198046
"AGBL4",-0.516121031818811
"TUT7",-0.516161029013633
"ARHGAP39",-0.517920915860995
"LINS1",-0.51860510084937
"MIR548AA2",-0.519059386914415
"ATOX1-AS1",-0.520634509338139
"CARD6",-0.520731190923281
"UBL3",-0.521533029548344
"EEF1A1P22",-0.521794943009635
"CREBL2",-0.522026656045794
"ZFAND5",-0.522204290244931
"DYTN",-0.522758760259662
"ANKLE2",-0.52332365496927
"SAMSN1",-0.523651505566773
"LINC01963",-0.523758191011389
"TRBV8-2",-0.523839297758136
"POLR3C",-0.523901702697648
"SREBF2-AS1",-0.524856919119637
"LINC02615",-0.525003101694263
"RNFT1P3",-0.525378287479761
"SLC25A4",-0.525526346648349
"ADSS2",-0.525698913829148
"FANCF",-0.526687250121223
"IMPDH1P7",-0.526710043625972
"PPP1R1A",-0.527231655864621
"YTHDF2P1",-0.527260904770115
"GNGT1",-0.527281979335239
"COPS2",-0.527700194883898
"ZNF594",-0.528026922650485
"MIR124-1HG",-0.528527878070161
"RNF13P1",-0.528720047583099
"PNN",-0.529143186695123
"TOR1AIP1",-0.529307040940664
"ABR-AS1",-0.529744135978421
"MUC20P1",-0.530040089758773
"MIR1260B",-0.530040089758773
"TRAJ35",-0.530040089758773
"TRAJ32",-0.530040089758773
"ZNF878",-0.530040089758773
"TMEM123",-0.530161639477989
"KCNJ2",-0.530669244355775
"ADAT2",-0.531405589831394
"TMEM144",-0.531778229956867
"ENPP4",-0.532145503884035
"TICAM2-AS1",-0.532380567059347
"RALGAPB",-0.532398664812532
"NEIL3",-0.532592215426329
"SNORA11F",-0.533655332365721
"PET100",-0.533738290418272
"SPIN3",-0.533773009281631
"DENND10",-0.534249846908323
"SUZ12",-0.534269691224351
"RPS3AP44",-0.53490402554053
"PARP6",-0.535493251658188
"ZFHX4-AS1",-0.535798349876885
"LOXHD1",-0.535798349876885
"TREML4",-0.536387246306638
"NEU1",-0.536910195894773
"TIMP3",-0.537358224573342
"TNC",-0.537536118758985
"TRNT1",-0.537592725435601
"EMD",-0.539340527817288
"PAK4",-0.53938312810722
"RNASEL",-0.539394716540751
"DEFB107A",-0.53956238006648
"EIF1B-AS1",-0.539579202402316
"PTPRK-AS1",-0.540496807539444
"LYG1",-0.540758688094045
"PCTP",-0.541172541726096
"IPMK",-0.541184722489543
"GNPTAB",-0.541758757484673
"RNA5SP449",-0.542285425024534
"ZBTB1",-0.542441085354216
"SNRPN",-0.542742870663648
"RNA5SP387",-0.542779443649182
"RPL21P5",-0.542849992305207
"ARFGAP1",-0.543090267907303
"CHL1",-0.543194486009087
"COG4",-0.545768975257572
"SMAD4",-0.546373686675568
"USF1P1",-0.546565351393164
"CASKIN1",-0.54692711171706
"MIR3128",-0.547292426145881
"NOTCH2NLB",-0.547346477903119
"CMTM6",-0.547553503893364
"RLIG1",-0.547976210042517
"RNU6-633P",-0.548601504167522
"LINC00326",-0.549549802744177
"MAPRE2",-0.549781195013494
"RASA1",-0.550410271534659
"VDAC1P2",-0.550903914424044
"MIR5683",-0.552183211869169
"FBXL5",-0.553332337962545
"VCAN-AS1",-0.555076156387313
"RN7SKP64",-0.556117606604745
"GTSCR1",-0.556117606604745
"CDC42SE2",-0.556511688341437
"SPDYE18",-0.55655959565615
"CROCC2",-0.556991722813199
"SAMD12",-0.55743335946075
"FBXO39",-0.557735887895638
"SNORD70B",-0.558848122908574
"FREM3",-0.558848122908574
"LINC02531",-0.558848122908574
"DENR",-0.560300373391858
"BBS5",-0.560604144832706
"CDH1",-0.560728588312516
"PNKD",-0.56075777805164
"SAMD4B",-0.561409742084369
"NPIPB5",-0.56161847391313
"TP53I11",-0.561855146335664
"IGKV1-33",-0.56196024880106
"SRRD",-0.562309673783477
"GAPDHP49",-0.562594220687717
"LINC02393",-0.562869570067964
"KCNAB3",-0.563366042566877
"RTKN2",-0.563954680075574
"CAPZA1",-0.564700898612143
"DELE1",-0.565337982669597
"NCMAP-DT",-0.565524290297074
"NHSL1",-0.566085992759994
"NPS",-0.566639348284525
"PERCC1",-0.566930406039989
"MIR4646",-0.567094907477418
"MTND5P32",-0.567661974017497
"PHIP",-0.567884155876823
"MS4A1",-0.568014987793068
"RPL22P2",-0.56809320925469
"LSS",-0.568981291773425
"CHP1",-0.569792522900295
"NINL",-0.570407342394252
"LINC01700",-0.570573041168901
"B3GALNT1P1",-0.570957000236491
"LRRC74A",-0.571108523049524
"HNRNPUP1",-0.571399547648148
"CENATAC",-0.571864626948498
"ITM2C",-0.571884352580087
"ATG16L2",-0.572450141035077
"PDK2",-0.573024104588323
"EXD2",-0.573517968963734
"PAAF1",-0.574003268784988
"STAT5A",-0.574141483458727
"RPL7AP70",-0.574165377269065
"RNU6-101P",-0.574285766582746
"CABP7-DT",-0.574591784114535
"EEF1B2P1",-0.575472389485272
"ZMYND19",-0.575579486490006
"LINC01821",-0.576439416221138
"H2BC26",-0.57667881849476
"RNU6-786P",-0.577899519422591
"MCTS2",-0.578640866443277
"RHBDD2",-0.578778610163654
"ABCA12",-0.579345882348719
"BEX4",-0.579988446438555
"HCG22",-0.580077460573994
"UBE2Q2P13",-0.580077460573994
"KRTAP26-1",-0.580077460573994
"SUCLG2",-0.580918394335026
"TRIM46",-0.582350146198915
"BCL2A1",-0.582628518110203
"MED14OS",-0.583247277516158
"PSD3",-0.58382882376207
"MRAS",-0.584107385718831
"AATBC",-0.58419246945891
"H1-4",-0.584754079886728
"LIN54",-0.584996913893387
"CCDC170",-0.585436694061021
"SLEAR",-0.585455081547583
"HECW2",-0.586039062619706
"RNF24",-0.5862777669747
"SDR42E2",-0.586783341721931
"ACTG1P20",-0.588315163359633
"CPEB2-DT",-0.588321215230206
"TROAP",-0.589056579348843
"SMARCA1",-0.589111197064058
"TMEM181",-0.589179948177557
"CNTRL",-0.589495777565064
"ZC2HC1A",-0.589746055453591
"NRXN1",-0.590083004041783
"NEK4",-0.590131372497621
"PIGN",-0.590337862071314
"KBTBD2",-0.590701255863875
"RNF149",-0.590819240225409
"PSMC1P5",-0.590864125129178
"CNOT7",-0.591063864092596
"LINC02205",-0.591447062344772
"TTC8",-0.592481601381135
"IFRD1",-0.592562640410591
"ZDHHC3",-0.592640967556616
"USP11",-0.59275008392514
"ZNF766",-0.593159735686065
"ASH1L",-0.593221762578653
"CRNKL1",-0.59377677833986
"RGS8",-0.593792657441842
"LINC02404",-0.59380927277452
"MLH1",-0.594325573092898
"TPD52L2",-0.594544095318825
"G0S2",-0.59563228395356
"RGL2",-0.596538061672346
"GBA1",-0.597005961730515
"TNNT1",-0.59944857162278
"PGAP3",-0.59953919805378
"LINC00996",-0.599959950929471
"STUM",-0.600683696052509
"ATP6V1C1",-0.600818073883018
"TLK2P2",-0.600983830203258
"CRYBG3",-0.60138596228207
"MIR3681",-0.602103596208115
"PI4K2A",-0.602290599628989
"LINC01060",-0.604697001039813
"EPS15",-0.604746226167687
"PLPP5",-0.604839427554492
"RBM5-AS1",-0.605404798153803
"TRAV8-2",-0.605465111305323
"LACC1",-0.606343829224994
"TRAJ24",-0.606379126390868
"LINC00663",-0.607389161653667
"ADAR",-0.607647538864561
"SCRN2",-0.607663005121291
"ZNF350-AS1",-0.60781264028092
"DLEU2",-0.607826310929867
"GIRGL",-0.607831626185753
"ATP8B1-AS1",-0.6079331096129
"FBXW11",-0.608171801186837
"PELO-AS1",-0.608401549760109
"FXR1",-0.608743063697167
"IRF9",-0.609190095638727
"PNRC2",-0.609217260046116
"ARL17B",-0.610059976295709
"UHMK1",-0.610558527459376
"IGHV4-31",-0.611356600338544
"VPS37C",-0.611385841366116
"FER1L6-AS2",-0.611558295286266
"ADAMTS12",-0.611780198129016
"CYB561A3",-0.612717000829761
"ZFP82",-0.613098564988446
"YLPM1",-0.613261626089091
"RPL36AP37",-0.613356238864173
"LINC01192",-0.613766367894906
"NAIP",-0.614247346546754
"FHL3",-0.614752888681906
"SCGB1A1",-0.615348752644742
"FAM76A",-0.615544890505591
"IGHV3-33-2",-0.616321581141263
"NAMPTP1",-0.617461596169125
"ZFC3H1",-0.61763570485123
"C20orf96",-0.618368801990567
"EGR3",-0.619087800542051
"WIPF1",-0.619095665549476
"RPL35AP32",-0.619777679336478
"NPC1",-0.619803565321675
"VPS37A",-0.620593546371822
"MIR3918",-0.621271620269716
"NOVA2",-0.621812449378877
"EPHB6",-0.621835909473613
"TMC3",-0.621894538413931
"RPL7P13",-0.622135704950186
"PXN-AS1",-0.62231521729035
"RNU6-759P",-0.624258287142186
"PRKACB",-0.624678719993942
"SPADH",-0.625193351368613
"DCAF10",-0.626108373230436
"EBF1",-0.62621013643763
"RBM20",-0.626275065091936
"ZNF91",-0.626472326731132
"AREL1",-0.627343335377884
"PRR11",-0.628015279103468
"IGHV4-34",-0.629686583993881
"FANCD2",-0.629824391297253
"ZNF687",-0.629918670588301
"HAGH",-0.631941484052563
"ZNF208",-0.633426157873127
"TM2D3",-0.633541433463187
"FRZB",-0.63388953674472
"RASSF1-AS1",-0.633984556175014
"STT3B",-0.634119119356204
"KLF4",-0.63440062355607
"COL9A2",-0.634832038604707
"TPRKBP2",-0.635045754687191
"PCNP",-0.635161992098336
"WDR64",-0.6366606500792
"MYH9-DT",-0.639013949005043
"CIBAR2",-0.639331758882484
"AGO2",-0.639595433763564
"RTL6",-0.639755188181714
"RNF113A",-0.640503740546513
"FAM210A",-0.641002539884994
"RPS3AP21",-0.641207155775595
"RPL30-AS1",-0.641880660435591
"ZNF529-AS1",-0.642691694378458
"CDH18",-0.643374226380869
"BCL10",-0.6436902289102
"SERINC1",-0.643795665225185
"DUSP14",-0.64433629043821
"CRAMP1",-0.644351241031842
"DNAH8-AS1",-0.644409842464489
"RPSAP3",-0.644829088320704
"LINC01011",-0.645297609907699
"SCAMP1",-0.645437569879432
"STAP1",-0.645696018710544
"SNORA33",-0.645965340407551
"ZNF114-AS1",-0.646469815911568
"PIEZO2",-0.646617121507894
"LINC01912",-0.646784704591705
"COIL",-0.64750443093628
"RDXP3",-0.647881719389061
"COQ8A",-0.649750199643834
"MRRFP1",-0.650501703092709
"CYSLTR1",-0.650690320818224
"TMEM9B-AS1",-0.650900278860203
"VCAN",-0.651223083920862
"INTU",-0.652921202456784
"LINC00836",-0.653533183145174
"SYCP1",-0.653798218473594
"CTDP1-DT",-0.654055918107549
"UXS1",-0.65436067269385
"SIAE",-0.654637112200816
"UAP1",-0.655430340418428
"PLAU",-0.656097993698379
"ST7",-0.657019030487994
"S100A3",-0.657262310751103
"ATP6V0C",-0.657378566939678
"TNNT3",-0.657628627978253
"RPL21P97",-0.658010511966438
"UAP1-DT",-0.659525574696658
"IKZF5",-0.65954422779001
"GTF2H3",-0.660759585931056
"MROH7",-0.661041030529026
"TMED2-DT",-0.661065409154845
"EEF1A1P8",-0.661210104234647
"CDCP1",-0.661567697533241
"CAMKK2",-0.661634204262001
"SPTY2D1",-0.662064005358495
"ADIPOR1",-0.663616547828405
"SNHG14",-0.663798102473832
"MMRN1",-0.664464577875335
"RPL7P19",-0.665106075786799
"TMED2",-0.665244571504453
"YWHAQP4",-0.665287841936821
"ITPR1-DT",-0.665332661643135
"RAP2C",-0.66546961868761
"MLF1",-0.666250310144638
"C1orf56",-0.666769753931512
"IRS2",-0.66701587774408
"CRTC3",-0.667161864248301
"KCNK9",-0.667650603917865
"LINC02316",-0.667650603917865
"CTNNA3",-0.667708716835017
"NPM1",-0.667979698716733
"CEP20",-0.668153343446254
"YBX1P10",-0.66818624327496
"IGKV2-14",-0.67161411649329
"LYSETP1",-0.67161411649329
"LINC02220",-0.67161411649329
"H2AC4",-0.67161411649329
"DEFB108A",-0.67161411649329
"FAM90A24",-0.67161411649329
"LCN1P1",-0.67161411649329
"OLA1P3",-0.67161411649329
"UNC13C",-0.67161411649329
"TMEM254",-0.671879698167282
"LY96",-0.672134066168715
"NT5C3B",-0.672690065497663
"HERC1",-0.673182974158916
"PPIAP58",-0.673411918123556
"DNMBP-AS1",-0.673688877400958
"RPL7P22",-0.674039532305525
"EPS8",-0.674467765561847
"FAM193B",-0.675641999018741
"PEBP1P3",-0.675862247415248
"RAP1BL",-0.677158234521387
"KCNJ15",-0.677222974325783
"ECPAS",-0.677422230025421
"PLA2G12AP1",-0.677792367747867
"LINC00561",-0.677792367747867
"REL",-0.678260961150357
"CEP85",-0.678992527519178
"RASSF6",-0.679540795266876
"FAM133B",-0.67991721850215
"COA7",-0.680615974451074
"CBY1",-0.680810607299079
"SLC16A7",-0.680880877749669
"ZNF202",-0.680915455819757
"ARPP21",-0.681364383684303
"PPM1K-DT",-0.68260841869345
"SUDS3",-0.682988713074933
"SPINT1-AS1",-0.683084446450896
"CNOT6",-0.683196184721885
"AUH",-0.683519430268167
"LINC02934",-0.684386642326183
"FOXP1",-0.684591962265042
"TNFRSF8",-0.68539125466019
"LRRC37A16P",-0.685703321305878
"SNORA14A",-0.685806932375237
"SVIL",-0.6859655239496
"HSPD1P12",-0.686075679982709
"SH3BP2",-0.687664892757857
"VSIG1",-0.688698219784796
"MIR3685",-0.688698219784796
"LINC03088",-0.688698219784796
"FUT8-AS1",-0.688829843811803
"TXNDC8",-0.688947392074397
"ZBTB26",-0.689098386617033
"RCAN3",-0.689777625910956
"URB1",-0.690425470257533
"DICER1",-0.690750823683119
"PLA2G7",-0.691844393661786
"SLC16A1",-0.692031357683799
"PPP3CB-AS1",-0.693452648078077
"SEC31B",-0.693860110602303
"POLR3E",-0.69392855445415
"MOV10L1",-0.69465952366886
"PHF1",-0.694992839022791
"ZNF518B",-0.695005481076091
"RN7SL612P",-0.695196933172664
"RARS2",-0.695630183827794
"HSD3B2",-0.696046998082969
"HSP90AB5P",-0.696046998082969
"VAMP4",-0.696555668725195
"FHIT",-0.696803818380245
"YWHAZ",-0.696991760099994
"HTATSF1P2",-0.697283686876705
"LINC01824",-0.697311562794821
"RN7SL567P",-0.697311562794821
"IGHV1-46",-0.697311562794821
"MIR3928",-0.697311562794821
"PBX3",-0.697915919009525
"VPS36",-0.698114970981557
"PCDH12",-0.698983750064495
"MTERF1",-0.699006787312731
"KCNMA1",-0.699244790114747
"LRRC37A14P",-0.699698215705063
"USP8P1",-0.700478391758083
"UCN",-0.700793678964343
"AFG1L",-0.702213834010896
"CTDSPL2P1",-0.703435981147055
"ITGA6",-0.703813978487264
"FUT11",-0.703884813542103
"PLIN5",-0.705635021030509
"RNF227",-0.706855311980755
"ZFP28-DT",-0.707029612256798
"GRB14",-0.707681968398679
"SLC7A1",-0.708193749666653
"ZC2HC1C",-0.710266850300796
"RIMKLB",-0.710315988502323
"BNIP3L",-0.712326201706951
"TK2",-0.712416500083038
"IGHV1-14",-0.713067274799294
"PTBP2",-0.713132665788693
"ZNF584",-0.71421135924393
"RNF170",-0.714368226692364
"ZNF597",-0.714847412694528
"NR3C1",-0.715299202049147
"LYZ",-0.715990667325778
"BAMBI",-0.717094665436791
"DCP1B",-0.717378301856886
"SPDYE12",-0.717754492008283
"KCNC2",-0.719985245670494
"DIRAS1",-0.720083065011262
"HLCS",-0.720485366330992
"ITGA5",-0.721034822230968
"RNU6-60P",-0.721330630444231
"CRTAP",-0.721472487296659
"RPS20P14",-0.722129762359744
"DACT3-AS1",-0.722389361162034
"FBXW4",-0.723843554272737
"GRM3",-0.724235954745396
"NIPSNAP2",-0.724641624047737
"LINC01498",-0.725478946922481
"DIDO1",-0.72563057034935
"HES6",-0.72565895164661
"VEGFB",-0.72574617391556
"SLC18A2",-0.726488271873148
"DNAAF9",-0.727192948454645
"MIER1",-0.727494391431151
"PPIAP11",-0.728898347317863
"C10orf105",-0.728914642844557
"AKAP8",-0.730159548628868
"TMEM62",-0.730925373379801
"RPL27A",-0.7313616822363
"DAAM1",-0.732584584611098
"GALNT4",-0.733083310687574
"MPV17L",-0.73368759185462
"TERF2IP",-0.733697690125206
"INSIG1",-0.734747000305589
"TRBJ2-3",-0.735172144895759
"RGS16",-0.737165955311099
"THAP10",-0.73831954380563
"SIPA1L1",-0.738410984479962
"CDV3",-0.740425230749288
"HELQ",-0.741092315987051
"CYB561",-0.741579706012813
"TSC22D2",-0.743076578606785
"EIF4BP7",-0.743329235351523
"RPL41P1",-0.743447559314669
"RNU6-711P",-0.744747914028688
"TMUB2",-0.745116317146597
"GRIN3A",-0.745276032819001
"RPL23AP30",-0.746154412784912
"RNU7-63P",-0.746217585969017
"LINC00612",-0.746242381745856
"LINC00620",-0.748823400303413
"SYNPO2L-AS1",-0.749413833171399
"RPL17P51",-0.749534214552506
"RPL36P14",-0.749982111552423
"KHDC4",-0.751453516056628
"GPATCH2L",-0.752607290242588
"MUTYH",-0.752750047916632
"KRT26",-0.75288557999963
"HSF2",-0.752950391660297
"SLC44A1",-0.753327372498562
"HMGN2P17",-0.754054671987998
"THG1L",-0.755024550048515
"FAM76AP1",-0.75516417744961
"SNORA23",-0.75516417744961
"HHIPL1",-0.755456488059264
"GFAP",-0.755640619340436
"RORB",-0.757461600816239
"ZNF528",-0.759211434712744
"GLUL",-0.759233083305133
"INTS4",-0.759887544646829
"DENND2A",-0.760301675864668
"SDC4",-0.760545756304645
"AMANZI",-0.761441935104329
"ZNF554",-0.761672477851169
"RUNDC3A",-0.761812220903156
"UGGT1",-0.762029420227869
"MTCO2P4",-0.762178734219731
"ZNF84",-0.762418981601134
"DEF8",-0.762536811098366
"SKAP1-AS2",-0.764010884301973
"TTL",-0.764401348819482
"ANKRD28",-0.765236371235586
"MIR548E",-0.765448607563149
"TATDN2P3",-0.765448607563149
"TRAJ44",-0.765448607563149
"RASA4",-0.768080374913288
"MAML2",-0.769605762711398
"CCNB2P1",-0.770754327910608
"TUT1",-0.771871679242916
"IRAK1",-0.771948183186516
"SGIP1",-0.771959631333719
"C2-AS1",-0.773070276430255
"CHADL",-0.773270167467891
"LINC00630",-0.773366032058873
"CD84",-0.773770723214265
"GTF2A1",-0.773830328343939
"TXNDC11",-0.774846430069044
"PPP3R2",-0.776940322998864
"WLS",-0.777172121650661
"SYT16",-0.777311927515704
"ODF2-AS1",-0.777982434834393
"RNA5S9",-0.778429723413343
"ZNF725P",-0.778429723413343
"P4HA2-AS1",-0.778537617276816
"EEF1A1P29",-0.77915316428163
"NBL1",-0.779728078077221
"TSPOAP1",-0.779973862250053
"MTND5P1",-0.780022552901222
"TMEM140",-0.780986269257092
"PTPRS",-0.782247439526719
"FAS",-0.78226625172847
"BGLAP",-0.782510972154634
"CALB1",-0.782510972154634
"TRAPPC2P7",-0.782510972154634
"DENRP2",-0.782813777776027
"PACERR",-0.783470149981768
"MTURN",-0.783889215814285
"RPL21P15",-0.784117326219386
"RPL10P11",-0.784446328372519
"TWF1",-0.784952416607512
"PTPN11",-0.785830807302875
"EEF1DP7",-0.78616447478968
"MAFF",-0.786275776085098
"FMO4",-0.786424043614179
"SLC22A3",-0.786828483104443
"IQCK",-0.78693438483295
"COX6B1P5",-0.787678212668014
"OOSP2",-0.787785467602031
"CASP2",-0.787850834300208
"ACOD1",-0.789068120578004
"RFX3-DT",-0.790770041660413
"MAFB",-0.791224693178784
"RAD52",-0.791297908552896
"CCNT1",-0.79157646565099
"ARGFXP2",-0.792062238691018
"TRAV13-1",-0.793443466178768
"CACNA2D3-AS1",-0.793573617686681
"RPS3AP20",-0.793893515907207
"IGHJ3",-0.794021034940844
"TREM1",-0.794323196790669
"RFESD",-0.794432136855904
"ZNF675",-0.794982225376969
"LINC00598",-0.795192176999453
"USP38",-0.795430042930229
"USP10",-0.795712660618607
"LINC01393",-0.796513464167432
"LRPAP1",-0.797553822774728
"MAP6",-0.797782724427141
"IPO13",-0.798796876384539
"DDX28",-0.799430066717984
"RPL34P10",-0.800377418733579
"DENND11",-0.800463137025594
"UCHL1",-0.80061376610465
"TNFRSF1B",-0.800910302498008
"NPTN",-0.802372739664691
"RPS26P47",-0.803038075894691
"MARCO",-0.803249021154438
"OGFRL1",-0.803528628082024
"SNORA73B",-0.803857713903071
"CYP2J2",-0.804755634170129
"KHSRPP1",-0.809357355853487
"LGALSL-DT",-0.809522699470399
"KIZ",-0.809657041157774
"XPR1",-0.810066828538884
"ANKRD36C",-0.8110375516617
"TMEM120A",-0.811728959409515
"VTRNA2-1",-0.813204087612665
"SLC35F5",-0.813223543597321
"TRAF6",-0.813391122079506
"RCN3",-0.813802300342302
"MROH2B",-0.814026876759925
"FAAH",-0.814526795670924
"APLP2",-0.814669929447565
"BBC3",-0.815546014454126
"PALS1",-0.819030911430106
"DNAH1",-0.820300777220232
"AGFG1",-0.820393593616364
"H4C15",-0.821451051027833
"CEP104",-0.822141029902701
"DLK2",-0.822393218938257
"GTPBP8",-0.822683285136036
"CCDC85C",-0.823521493608978
"CTXN1",-0.823934739916673
"TBC1D23",-0.824279705266071
"LTBP1",-0.824379328971268
"NINJ2",-0.824963590613049
"GPAT3",-0.826726999169223
"ZEB2-AS1",-0.826969837573127
"PIP4K2C",-0.827072247269272
"CERK",-0.82762232176012
"RPS3AP25",-0.827938507580618
"RGS7",-0.827946589086675
"LINC00536",-0.828314777816941
"RRH",-0.828785343614599
"ZNF669",-0.829186514918735
"LINC01132",-0.82949437461655
"ITPRIP",-0.830813508473483
"KCNMB4",-0.830903424996115
"RELL1",-0.831072792124822
"MCTP1",-0.831473982885876
"RNF157-AS1",-0.831521955284994
"ADAMTS4",-0.833481177058719
"UNC5A",-0.834837454956028
"LINC02505",-0.836886093042343
"LBR",-0.837001805015005
"LINC03002",-0.838482195443885
"OR6C4",-0.839210358603727
"PIK3CD-AS1",-0.839930540608642
"ACSS3",-0.84123595659441
"CASC15",-0.84133876447742
"RPL17P34",-0.841752447087896
"RN7SL32P",-0.842061835070908
"CHCHD2P4",-0.842061835070908
"LINC02834",-0.842061835070908
"OR5BC1P",-0.842061835070908
"NPM1P46",-0.842214044439903
"CFAP418",-0.842354351621493
"RPL34P21",-0.842354351621493
"EPS15-AS1",-0.842672374089452
"LINC02286",-0.842672374089452
"SERPINB9",-0.844519472527038
"CTNNB1",-0.844696727013172
"STK32B",-0.84499441052864
"LINC01948",-0.845069893888574
"IFFO1",-0.845232790512803
"PABPC5-AS1",-0.845724329220823
"RPL5P9",-0.845987855322304
"PRXL2C",-0.8461291290127
"LINC01694",-0.847079044476186
"AOX3P-AOX2P",-0.848298868851356
"HNRNPU",-0.849463349926656
"CT69",-0.850814989553601
"TWIST1",-0.850878565394338
"TRIL",-0.850878565394338
"RNU6-73P",-0.850878565394338
"GABARAPL1",-0.850888296995483
"ZMYND11",-0.851725957084168
"DNAJC27",-0.852480730259149
"FAM219B",-0.853171123362508
"GCLM",-0.853213518643138
"IGSF3P2",-0.853335121473865
"LINC03103",-0.853335121473865
"CCDC34",-0.853591478529439
"TROAP-AS1",-0.853691915406537
"TRBV5-6",-0.854193328575383
"FAM43B",-0.854724100418603
"FAM83F",-0.855322619508553
"BTF3L4P2",-0.856982725183581
"AFTPH",-0.8577021892818
"CLDN18",-0.858028572593574
"RPL7P24",-0.858205131866006
"FAM117A",-0.858986977741459
"ZNF121",-0.859785236302625
"MAK",-0.85990578853996
"MIR26B",-0.860200594789266
"TRIB1",-0.860268891250965
"TPRG1L",-0.8613962209598
"ADGRG2",-0.861672073792674
"SPACA6",-0.862278080063358
"MIR6797",-0.864432530849296
"C2",-0.864773614646279
"USP12-AS1",-0.865265054224773
"CHST3",-0.865769438078642
"RNA5SP68",-0.866048187090886
"RPS27AP5",-0.866540603335457
"NORAD",-0.866885146005726
"PITRM1-AS1",-0.86723367872024
"PLEKHA2",-0.868025505523032
"SYN3",-0.86922914338716
"OR2A25",-0.869429207146718
"RABGEF1",-0.869594185457176
"EIF4A2",-0.869738777860146
"RBMS3-AS3",-0.869812109386682
"YEATS2-AS1",-0.869908313611033
"MIR548N",-0.872867544725214
"NDUFAF5",-0.873096104064834
"BPESC1",-0.873125649688408
"LINC02012",-0.873125649688408
"EGFLAM-AS2",-0.873125649688408
"FRMD8P1",-0.873125649688408
"TCEAL6",-0.873125649688408
"SLC7A2",-0.873125649688408
"OR51F4P",-0.873125649688408
"OR4V1P",-0.873125649688408
"GRIA4",-0.873125649688408
"TMPRSS12",-0.873125649688408
"ZNF840P",-0.873125649688408
"LINC00898",-0.873125649688408
"MTND1P5",-0.87327683024003
"C11orf96",-0.874031513802603
"CORO2A",-0.87445568761101
"EFCAB14",-0.874983803448927
"ZER1",-0.875210196272747
"SLC9A6",-0.875270592937151
"AZIN1",-0.875548197337293
"NACA3P",-0.875900926063268
"COLQ",-0.875919560606354
"ARHGEF2",-0.876130046418051
"SNORD19",-0.87627259718729
"ARMC3",-0.876439828612175
"BEX3",-0.876665184041941
"FMN2P1",-0.878651760172576
"LINC00305",-0.878785009907577
"NPM1P43",-0.879883301492498
"CXCL16",-0.881180404682973
"LINC00941",-0.881412463419144
"RAP2C-AS1",-0.88314671917886
"LINC02057",-0.883196347015054
"CD300H",-0.884012008667045
"SERP2",-0.885377590846517
"TRAV14DV4",-0.885377590846517
"DNAH5",-0.885972304967297
"AK8",-0.88602966745988
"GUSB",-0.886683891211453
"ZC3H13",-0.887259245028174
"ANKRD44-IT1",-0.888288917618368
"AKAP6",-0.889536030707512
"LINC02901",-0.890247164458615
"HYMAI",-0.890379523010228
"RN7SL649P",-0.891231290308925
"CIAPIN1P",-0.89155610785349
"MTFR1",-0.891983166604583
"PHKG1",-0.892857495908385
"MRPS9-AS2",-0.895418808172024
"ECM1",-0.896631254527288
"ISCA1",-0.896672423138922
"PLCXD2-AS1",-0.896980759892659
"NHERF4",-0.898075468491311
"ZNF496",-0.898128497951393
"C1QTNF1-AS1",-0.8996435030494
"MIR3613",-0.900393772571272
"RNU6-742P",-0.900393772571272
"PIK3CA",-0.900480625620078
"RCN2",-0.900756136386915
"TCEAL3",-0.900925135477436
"USP54",-0.901061502595303
"TRBJ2-5",-0.902615273513186
"RAB11FIP2",-0.903094124650036
"BRWD1",-0.903501901392168
"SPACA6-AS1",-0.905427139294169
"GAS2",-0.906284127235495
"PSEN1",-0.906351340707102
"SHOC1",-0.906509708350394
"FRS3",-0.90707726989032
"HEXA",-0.907597656124234
"LINC01554",-0.907775693601886
"KATNAL2",-0.908503441418823
"LINC02712",-0.90915581506689
"TMT1A",-0.909860997846025
"KLHL9",-0.909934635441611
"EFCAB13-DT",-0.910048740862858
"CCDC184",-0.910113888113331
"TMEM170B",-0.910964901530939
"SCOC",-0.910977239523276
"SYAP1",-0.911087029664602
"MTCO3P29",-0.911573224912318
"SELENOI",-0.912211985090383
"MICB-DT",-0.912285841448677
"MIR5684",-0.914622314435215
"CRIPT",-0.91551295528447
"LINC01618",-0.916300839240965
"DCHS1-AS1",-0.916300839240965
"KATNBL1P2",-0.916525408519212
"HBB",-0.916525408519212
"PDCD1",-0.918689562087002
"BLACE",-0.920081297942314
"MDM4",-0.920969258078394
"FBXL20",-0.92155052418211
"SUV39H1",-0.921884452634313
"AFAP1L1",-0.922265041767267
"RSL1D1-DT",-0.922544177827518
"PIGM",-0.922668152927725
"STX4",-0.924143796390889
"ADAM7-AS1",-0.925024788950524
"PDIK1L",-0.925592986759146
"LEF1",-0.926057963641745
"DCLK3",-0.92626908201203
"KBTBD11-AS1",-0.92626908201203
"LINC01289",-0.92626908201203
"OR4A48P",-0.92626908201203
"TBC1D25",-0.926411771390695
"MAEL",-0.927334989640818
"RBM19",-0.927428781650908
"ITM2B",-0.927891492400576
"PRADX",-0.928258435114388
"RPS24P19",-0.928914325236722
"APPAT",-0.929470328559839
"KCNJ13",-0.929508779506356
"NAP1L1",-0.929720915994009
"NDUFA11",-0.930594899248313
"HCN3",-0.930666855589605
"COCH",-0.93082108282051
"TAF9BP1",-0.932844548716607
"NDUFA4L2",-0.933319228472978
"CACTIN",-0.933356844508088
"WDR26",-0.934443187591426
"COG2",-0.934694163841235
"ZNF334",-0.936692485794354
"GBA2",-0.937880190840631
"ZNF761",-0.938518509342467
"RNU4-8P",-0.938756926605574
"ARL8BP2",-0.938802846020232
"TMEM255B",-0.939366459669191
"GSAP",-0.939469039296193
"SLC16A6",-0.939543509474112
"DCUN1D1",-0.940284726366567
"PPP1R26P1",-0.940359483848405
"SYT11",-0.94313971093195
"PAPOLG",-0.945804593058352
"SKP1P2",-0.945897081429255
"CNOT9",-0.946917153116391
"LRRN2",-0.947670111039842
"ITIH1",-0.947670111039842
"SSR1P1",-0.947670111039842
"PLA2G4F",-0.947670111039842
"LINC00927",-0.947670111039842
"ZFR2",-0.947670111039842
"AMDHD2",-0.947756860572508
"CCNT2",-0.948088695385578
"PDHA1P1",-0.94854991375901
"TIMELESS",-0.949954108912109
"TRAK2",-0.950710200310749
"CLIP2",-0.950956324432557
"RALGPS2",-0.951151118633029
"FAM83D",-0.951549882841366
"RPS15AP30",-0.951624479923476
"SREK1",-0.952969170051001
"PLA2G2C",-0.953004895582589
"NDUFAF7",-0.953218266514837
"RPS27P3",-0.954460736497424
"SLC6A6",-0.956013993294629
"RPL7P9",-0.956855424788725
"RAB6C",-0.957031049056593
"KLHDC8B",-0.957311771685634
"RN7SL280P",-0.958500960181756
"DRAM2",-0.959200262073506
"ST3GAL1",-0.959690705080347
"CCDC148",-0.959840960900939
"H3C1",-0.959911145210546
"TRBJ1-6",-0.96032246215814
"MIR100HG",-0.9603842647284
"LINC02282",-0.960739161247646
"ARC",-0.961376426135158
"PRPF4",-0.9614497448631
"CCDC93",-0.962479566752602
"PCDH18",-0.962601058140964
"KLHL6",-0.962690712037901
"SLCO2B1",-0.962788451447234
"CAT",-0.963505532600548
"RNU6-469P",-0.964195771733221
"LRRC45",-0.965488129125976
"PPP1R12A-AS1",-0.966470070419628
"DPY19L3-DT",-0.967590967663447
"MMGT1",-0.968244146651287
"MIR645",-0.971374488994343
"NLRP3",-0.971486132030291
"MTND3P4",-0.972036537377374
"LOHAN2",-0.972036537377374
"FKBP9",-0.972061880107373
"ZP3",-0.972505143886004
"C5orf58",-0.972626421340384
"HULC",-0.972722712844156
"CUL4A",-0.973106104098104
"SLC1A3-AS1",-0.974008230690927
"PPP4R3B-DT",-0.974170539962557
"MTOR",-0.975878486458743
"OR7E162P",-0.976301721151294
"OR7E148P",-0.976301721151294
"SDCBPP3",-0.97679747915118
"LINC02073",-0.976857544647721
"ZNF507",-0.977156846186102
"CORIN",-0.97819615239194
"HERC4",-0.978247317801082
"TMEM183AP3",-0.978339249799433
"MANSC4",-0.978812210378929
"SNX9-AS1",-0.979199037774193
"ING1",-0.980643735963297
"VEZF1P1",-0.981425115608205
"PKP3",-0.981425115608205
"CYCSP1",-0.981425115608205
"SNX6P1",-0.981425115608205
"BTBD1",-0.981768148901707
"SYN1",-0.981835272701345
"RIC1",-0.983440867177636
"TSEN15P2",-0.985633934926626
"RN7SKP109",-0.985633934926626
"MIR604",-0.9861736399147
"ELF1",-0.987531050515087
"CD55",-0.987685636073086
"MIR6880",-0.988300577707671
"RALGDS",-0.988411203448241
"CHIC2",-0.988892579401753
"FTX",-0.989903639066812
"TP53TG5",-0.991437415850862
"TUFT1",-0.991768949689802
"REEP3",-0.99285975870368
"MYH15",-0.994554920123747
"GTF3C6P3",-0.994623944254339
"DEPDC5",-0.994743723060949
"SMIM8",-0.995581148901714
"CTSL",-0.995734036395455
"CLN8",-0.997842031566068
"RBBP5",-0.997885073749087
"DLST",-0.997984578767108
"LIPT2-AS1",-0.998548149424332
"FGA",-0.998567997143014
"CYP46A1",-1.0004339628595
"SGSM1",-1.00316970691456
"SETD1A",-1.00344448872154
"OMD",-1.00369083073659
"RPS3AP13",-1.00478019467958
"AMMECR1L",-1.00512706782631
"MRFAP1L1",-1.00582781759183
"GCC2-AS1",-1.00582870174242
"LINC02917",-1.00596078660946
"PIK3C3",-1.00633269069632
"LRP12",-1.00807525765671
"KPTN",-1.00876663143394
"NFATC2IP",-1.00909601099114
"IGKV3-11",-1.01021165413772
"PTPN4",-1.0117096086476
"ARRDC2",-1.01208407465894
"AMT",-1.01228753490497
"CCNL1",-1.01310114874981
"GRIA1",-1.01320575799634
"TLR5",-1.01457992835089
"EFCAB13",-1.0146900738006
"KIF26A-DT",-1.0148496609635
"CKB",-1.01529451051982
"DNAAF1",-1.01580312083358
"MOCS2-DT",-1.01590160754378
"CEP57",-1.01688077904327
"TMX3",-1.01749302359389
"LINC01108",-1.01825621571592
"CPLANE1-AS1",-1.01920288602891
"TRDN-AS1",-1.020170440887
"GRAMD1A-AS1",-1.02064499916142
"NFIA",-1.02192593787216
"PGAP1",-1.02301311540868
"IGHV4-39",-1.02598945080368
"GADD45B",-1.02704136625375
"DOP1A",-1.0273303795805
"POU3F1",-1.02812022591133
"LINC00115",-1.03043320117294
"RNU1-82P",-1.03270809148786
"CDS2",-1.03287616867819
"SEMA4C",-1.03344067628503
"PWWP2B",-1.03360655029962
"SAP30-DT",-1.03440887520721
"HES4",-1.03449965740328
"NOX4",-1.03580513065509
"CRADDP1",-1.03606895679103
"MBNL1-AS1",-1.036273092965
"HMGB1P51",-1.03833036232077
"SNHG12",-1.03868054365741
"CBX3P3",-1.03954382706722
"IGHV4-4",-1.03964582932541
"GSDME",-1.03970242395284
"MYT1L",-1.0409766258552
"UBAC2",-1.04256588781822
"CDH26",-1.04292586379554
"PCNX4",-1.04375468109309
"ZNRF1",-1.04393752111161
"AMD1",-1.04495230275932
"ODAD1",-1.04543397358322
"RN7SL441P",-1.04633306176421
"NUTM2A",-1.04666010815708
"HSPA2-AS1",-1.04669847308709
"LINC02641",-1.0467360756276
"PTGS2",-1.04736061641561
"LINC00540",-1.04756582176284
"NTSR1",-1.04977839569272
"DCTN6",-1.05359180215172
"RPL34P18",-1.05402337710865
"CAPN13",-1.0565836077625
"IL36G",-1.0565836077625
"FGF13-AS1",-1.0565836077625
"DYNLL2-DT",-1.0565836077625
"GPCPD1",-1.05678772365145
"RPS3A",-1.05842505009776
"IREB2",-1.05932285339705
"IL1R2",-1.06026079462063
"KYAT3",-1.060543586065
"SNN",-1.06065625710515
"KIFAP3-AS1",-1.06129457306117
"MTCO1P46",-1.06215872103464
"TMEM72-AS1",-1.06222284232938
"ZNF365",-1.06296152412514
"ABCB10",-1.06318086562514
"NEXN-AS1",-1.0644207851265
"ZFP30",-1.06588627167161
"ULBP1",-1.06676991086087
"ALDH6A1",-1.06741551484334
"ACSM2B",-1.06804758362666
"SCGB1B2P",-1.07082705646523
"OLMALINC",-1.07130913032513
"OPN3",-1.07133308446379
"CCDC39",-1.0732040277509
"MEIOC",-1.07361216188114
"PM20D1",-1.07390903068481
"PAN3",-1.07428940558858
"MMEL1-AS1",-1.07466272971657
"GLIPR1-AS1",-1.07534738731402
"DYRK1B",-1.07584114798988
"LRRC24",-1.07656204053752
"TMEM64",-1.07751683132909
"ZNF12",-1.07782761200178
"KLF12",-1.07795762499514
"VWA8",-1.07832895619077
"DUSP8P5",-1.07839606061754
"RNU6-733P",-1.07895021300116
"RAPGEFL1",-1.07910436815033
"GRIN2D",-1.07928393909264
"CDC42BPG",-1.0801802654407
"FAM47E-STBD1",-1.08181899068387
"PSAT1P1",-1.08181899068387
"PPP1R1AP1",-1.08181899068387
"RN7SKP71",-1.08181899068387
"SRBD1",-1.08288682092107
"RNU1-63P",-1.0835608547438
"PCGF3-AS1",-1.08449893073542
"GALNT11",-1.08455315614067
"ABCC5",-1.08474010191409
"NBPF10",-1.08578658834605
"GLRX2",-1.08672049011919
"MMP21",-1.08829345767085
"RNU6-306P",-1.08895254547033
"LINC01121",-1.0890868089019
"RAPH1",-1.09065056455753
"RNA5SP78",-1.09177365114652
"IQGAP2",-1.09210144315743
"NEK11",-1.09228193729943
"CTAGE10P",-1.0929380032953
"ZNF852",-1.09359150249569
"NME7",-1.09362186549604
"ATP5IF1",-1.09385289178559
"LINC02765",-1.09473973634925
"RERG-AS1",-1.09473973634925
"CEP95",-1.09526226072371
"ARL6IP1",-1.09585907920164
"EBLN3P",-1.09603517615294
"EFNA1",-1.09892164158157
"CDC42EP4",-1.09912714750021
"TNIP2",-1.09955052221501
"ZBTB5",-1.10013727576005
"AKR1B10",-1.10126101990626
"SDF2",-1.10131940195925
"MAPK8IP3",-1.10243698245053
"RNASEH2A",-1.10296303735198
"CLEC2B",-1.10387048445453
"PAQR7",-1.10399050853563
"HOXB-AS3",-1.10505921880123
"LINC02966",-1.10543539234577
"SMNDC1",-1.10606448589494
"KCNH1",-1.10745439598276
"RRN3",-1.10824345672058
"DUS2",-1.1096358421786
"SLC25A34",-1.10965152685184
"CALU",-1.11015914903038
"LBX2",-1.11022600793439
"MIPEPP1",-1.11052861976909
"ZDHHC14",-1.11060151998934
"APOLD1",-1.1118577927473
"RENBP",-1.11397864019969
"PLEKHA3",-1.11490385152823
"SOX30",-1.1163289003376
"RPL35P5",-1.1168032225961
"ZFYVE28",-1.11738966715822
"FGF13",-1.11826605257039
"BORCS5",-1.11908619376134
"MDK",-1.11917438010195
"ZBTB3",-1.11918023699403
"RHOQ-AS1",-1.12001419848776
"BIRC2",-1.12106188976899
"C19orf47",-1.12134990662357
"LINC02960",-1.12306427613071
"CTDSP1",-1.12386813383108
"CARNMT1-AS1",-1.12407704328649
"LINC00470",-1.12523071258335
"APLF",-1.12575898805134
"LAMP1",-1.1298876608686
"ZNF652-AS1",-1.13246586361639
"SAMD9",-1.13266999861657
"PANX1",-1.13282504304295
"KAT8",-1.134787991459
"RN7SL368P",-1.13612858997154
"MMP23B",-1.13738503883958
"GALNT15",-1.141187660837
"LINC01978",-1.14258872664693
"KDM3A",-1.14443824793539
"SLC35D2",-1.14544063947552
"MPHOSPH6",-1.14670130703023
"TRPM8",-1.14850154742219
"PDK3",-1.14851178640014
"THBS4",-1.14884925533631
"CHD7",-1.15069483046003
"TSC22D3",-1.15144896487872
"SLC4A9",-1.15221520140032
"CCT6B",-1.1528647643541
"TXNL4B",-1.15367552246568
"EFEMP2",-1.15581460014517
"ADAMTSL4-AS2",-1.15684032739952
"UGT2B10",-1.15690310464124
"LINC02055",-1.15843728165367
"GLT1D1",-1.15860618045731
"COX7BP2",-1.15992434434435
"LINC01410",-1.16045560725737
"SENP7",-1.16178056460621
"TMEM184C-DT",-1.16187527946502
"METAP1",-1.1619524157809
"NHLRC3",-1.16492218530287
"SCYL3",-1.1655186542369
"ZZEF1",-1.16555854142269
"LRRFIP2",-1.16556848331873
"MCL1",-1.16674740501278
"ECD",-1.16754389049201
"CSRP2",-1.16770660842519
"EEF1A1P17",-1.16818891153294
"RPS4X",-1.16881364962832
"SHROOM3",-1.16982335643684
"PABPC4-AS1",-1.17111058031852
"PLAG1",-1.17342543697312
"TAS2R14",-1.17620603800799
"FYCO1",-1.17635578054172
"RPS3AP27",-1.17673853327525
"ANKRD36BP1",-1.17678625026649
"LINC03070",-1.17688548632438
"UBE2G2",-1.17786157484141
"DENND2B",-1.17932116285196
"GNB5",-1.17939273539812
"COQ3",-1.18065949832757
"SOX4",-1.18173840785827
"TAS2R43",-1.18186819012741
"MIR619",-1.18186819012741
"RNU1-16P",-1.18191584599756
"CTBS",-1.18264882513867
"IL21",-1.18311538190174
"ANKRD29",-1.18640121737092
"SLX1B",-1.18681574182867
"WDR90",-1.1870330476036
"SNCAIP",-1.18739340749482
"ANKRD50",-1.18817596956738
"RANP6",-1.18846405534191
"MMADHC-DT",-1.18929238940203
"ATP2C2-AS1",-1.19289272117861
"CNNM2",-1.19307289182248
"MT1X",-1.19461183903105
"ZNF532",-1.19537568221979
"CLCN4",-1.19723222353716
"ZGLP1",-1.197976373443
"SKAP1-AS1",-1.19845885767904
"YTHDF3",-1.20054186466878
"LIN9",-1.20123165892959
"PAPPA-AS1",-1.20143261214681
"BAG4",-1.20182703810034
"MTRF1L",-1.20189564907148
"RAMP1",-1.20395309559807
"MMP14",-1.20448884421649
"REV3L",-1.20664486764829
"DYNC2H1",-1.20799030597361
"PCCA-DT",-1.20910910875428
"RNA5SP296",-1.20917078789614
"CUX2",-1.21132943732987
"CCNF",-1.21135404728048
"SMPD4P2",-1.21148252839857
"PRB4",-1.21198167365827
"TRPS1",-1.21200999837762
"ATP7B",-1.21211251360571
"LINC01478",-1.21272210659173
"KRT18P15",-1.21373051828362
"RSPO4",-1.21373051828362
"FAM3B",-1.2139838187005
"XYLT1",-1.21458454711533
"RNU6-370P",-1.21536379599807
"SH3TC2",-1.21644444344746
"HSD17B14",-1.21737913719361
"RNF169",-1.21746497592791
"UPP2",-1.21812910055936
"XPOT",-1.21841255146381
"ELL3",-1.21896098830215
"LINC02604",-1.22133963697505
"MINDY2",-1.2226110874007
"FAM157D",-1.22296135981178
"DNAJB2",-1.22394877833854
"LINC02043",-1.22418603643083
"MCOLN1",-1.22476248084107
"ENPP7P14",-1.2248767071388
"CCHCR1",-1.22588666932733
"MFAP2",-1.22627979096682
"CYB5R4",-1.22646806919539
"HK3",-1.22655820299012
"MAP3K8",-1.22739382039149
"SANBR",-1.22752516915353
"DPP3-DT",-1.2283448320039
"EFCAB6",-1.22874260298459
"RNF11",-1.22901901056705
"CENPC",-1.23014071263444
"PXN",-1.23086525915284
"VAV2",-1.2314180709772
"RPL4P4",-1.23155764574889
"DGCR2",-1.23173572544265
"CLCF1",-1.23229441238867
"LINC02614",-1.23376925786863
"SOX9-AS1",-1.23429960333111
"STXBP5",-1.23550552159999
"FAM91A1",-1.23698029882488
"NTAN1",-1.23776251412065
"ZNF266",-1.23911389115009
"CTSF",-1.24034434212525
"ANKRD24",-1.24052499806016
"ZNF566",-1.24115011684063
"RPL6P24",-1.24152860133775
"PINLYP",-1.24166738384201
"ZNF213",-1.24247014171701
"PIGPP3",-1.24452685628356
"MAFG",-1.24472424887175
"NSF",-1.24509106734668
"HS6ST1",-1.24570535678272
"MFSD13A",-1.24716621027482
"UBLCP1",-1.24734734402643
"DDI2",-1.2475440298816
"SOS1",-1.24864200966718
"ORC5",-1.24871691007889
"TRAV12-3",-1.25010646047031
"SNAPC1",-1.25412774293755
"RPL24",-1.25431646564368
"ZNF224",-1.25455456231076
"FAM13A-AS1",-1.25505695848694
"ARIH2OS",-1.2551179113336
"RPL21P69",-1.25533991644448
"FNIP1",-1.25561646337158
"RNY3P14",-1.25569324887478
"CD81",-1.25605000515931
"GARS1-DT",-1.25697696646911
"LINC02111",-1.25751709167698
"RN7SL285P",-1.25936536885365
"PABPC1P12",-1.25957602316819
"SARNP",-1.25994868640134
"STAT5B",-1.26137968668466
"CSMD2",-1.26417692849425
"SPATA25",-1.26471001927301
"MIR4259",-1.26665821235045
"STX3",-1.26796354679121
"TMEM33",-1.2680315233838
"UBE2R2-AS1",-1.26861396303667
"UBXN2B",-1.26869104178046
"MED21",-1.26869628796529
"TPST2",-1.26959465352348
"MTND5P2",-1.26966207070445
"ZBTB43",-1.27038719192463
"WWC3-AS1",-1.270692794931
"RYR1",-1.27106391788477
"RPL21P20",-1.27251395864519
"HNRNPA1P76",-1.27281640298857
"ZNF674-AS1",-1.27314038971761
"PLA2G15",-1.27340512850496
"FBXO2",-1.27689119245291
"FCGR2B",-1.2775918968697
"RPS7P10",-1.2782908317321
"OPN1SW",-1.27977928829465
"RMDN2-AS1",-1.28033233826875
"C12orf57",-1.28132550160416
"LINC00581",-1.28138429089309
"BAIAP2L1",-1.28233023804391
"PILRA",-1.28407695173833
"PSME4",-1.28451113079722
"ALDH5A1",-1.28587889048927
"NXPE3",-1.2862566803003
"TMEM220-AS1",-1.28636282104565
"WIPF3",-1.28792507583031
"USP4",-1.28886430799638
"RNA5SP352",-1.2888941949145
"DLGAP1",-1.29032272273152
"SPDYE2B",-1.29046035516725
"LINC01377",-1.29102074055144
"KCNIP4",-1.29125453518828
"ZYG11B",-1.29206952847648
"MIR616",-1.29420130486356
"ZDHHC18",-1.29511109524506
"GAPDHP65",-1.29576520148239
"CAPN9",-1.29617659724209
"SCARNA6",-1.29617659724209
"OR4A9P",-1.29617659724209
"NLRP10",-1.29617659724209
"ST8SIA6-AS1",-1.29617659724209
"LRFN5",-1.29617659724209
"ST8SIA5",-1.29617659724209
"BNIP3P17",-1.29617659724209
"SETD9",-1.29754043977957
"CYP2D7",-1.29787923807166
"IMPDH1P10",-1.30003358094407
"CDYL2",-1.30018199809623
"FOXH1",-1.30138174685105
"PRMT3",-1.30328052529754
"SNHG32",-1.30387809205728
"TTC3",-1.30389817122416
"ZHX2",-1.30549786873338
"EXTL1",-1.30561298290008
"AGBL5-IT1",-1.30561298290008
"LINC02377",-1.30561298290008
"OR51C4P",-1.30561298290008
"TLR1",-1.30646031840545
"TYRO3",-1.3066873689929
"STX2",-1.30711024632222
"PHF20",-1.30912283403533
"MIR933",-1.30933886715914
"KPNA4",-1.30989027578895
"JAKMIP1",-1.31057222617517
"EOLA1",-1.31227560339684
"CAPN6",-1.3130198766138
"PDE6A",-1.31501491000907
"KYAT1",-1.31624586180093
"CTDSPL2",-1.31730635007451
"SLC26A5-AS1",-1.31732216167842
"TRAJ48",-1.31732216167842
"CD209",-1.31732582896594
"ZNF816",-1.31802524444041
"GNA13",-1.31826966718939
"PRKN",-1.3183101736375
"GFI1B",-1.3186178514673
"DBTP1",-1.3200112510242
"ZNF354B",-1.32026700324107
"LINC02249",-1.32310209671568
"RN7SL798P",-1.32412672030473
"NT5C3A",-1.32680494152629
"RYK",-1.32704048575385
"ACSM5",-1.32726940001353
"MEF2B",-1.32831553012275
"RNVU1-27",-1.32850596805628
"PITPNM3",-1.32857470788373
"CCZ1B",-1.32861712853325
"EMCN",-1.32912545385202
"FOCAD-AS1",-1.32964869586492
"PABPC1P9",-1.33001222663037
"FCGR2A",-1.33191329939008
"PAM",-1.33268889278283
"LINC03108",-1.33282288848707
"RNF168",-1.33364036368806
"ZNF133-AS1",-1.33444996739901
"COLGALT1",-1.33515187086306
"NPEPPS",-1.33599285306783
"RPL12P20",-1.3365407691113
"LINC02029",-1.33813277535564
"RBM23",-1.33822894903659
"CHODL",-1.33827657407605
"LAMP2",-1.34058265677355
"STC1",-1.34108015134019
"LINC02698",-1.34128869648139
"MIR365B",-1.34158664937037
"TPRG1",-1.34227382095548
"TP53INP2",-1.34238229302597
"NUGGC",-1.34438955645076
"DLX6-AS1",-1.34460494255397
"SP3",-1.34477405396456
"CRISP1",-1.34506490577074
"IAH1",-1.34532233275834
"DGCR5",-1.34598608784832
"PHEX",-1.34660711767154
"IL17F",-1.34723070197925
"GTF2H1",-1.34886590035012
"APLP1",-1.34952016348036
"TMEM205",-1.35048160961079
"UBOX5",-1.3505331774266
"PIK3R1",-1.35091705703957
"TRMT10C",-1.35157866788506
"BRD10",-1.35464166600024
"SCMH1-DT",-1.35505811572276
"NPIPB4",-1.3558660824133
"GM2A",-1.35606821696271
"GGTA1",-1.35708362197771
"ZC3H12D",-1.36118743991333
"RNU6-1167P",-1.36281157746671
"ITPRIPL1",-1.36537623791754
"TSKU-AS1",-1.36540916011128
"PNMA1",-1.36553561153592
"ATP5F1D",-1.36617327218219
"EIF4BP5",-1.36796073423342
"GTDC1",-1.36828454402852
"DYRK1A",-1.36950196685111
"FAM98A",-1.37006924512345
"MRS2P2",-1.37115981446044
"CNST",-1.37132422946392
"PAFAH2",-1.37321375772796
"KNG1",-1.37516568263826
"IARS2P1",-1.37753842045336
"NRCAM",-1.37808556688284
"TPBGL-AS1",-1.37891783532597
"TTC39C-AS1",-1.38263683472939
"FAM184B",-1.38669865760866
"USPL1",-1.38733214692367
"RPL10AP1",-1.38806912990026
"ZNF860",-1.38824113273802
"PPFIBP2",-1.3891831794996
"THBS2-AS1",-1.3904857710704
"FNIP2",-1.39140980450151
"RUNX3-AS1",-1.39188334902852
"DPH5-DT",-1.3923238646232
"RIOX1",-1.39232594167072
"SLC4A7",-1.39311493653289
"RAF1",-1.39483711631425
"AP3M2",-1.39749318109767
"KAT7",-1.39862076757307
"PPM1L",-1.40019147879092
"DNM1L",-1.40087585372736
"ZNF587",-1.40166214153554
"ZNF708",-1.4041402320234
"LINC02728",-1.40432922958628
"SLCO2A1",-1.40581579774663
"PSEN2",-1.40586671790439
"WDFY3",-1.40603640448621
"SPRTN",-1.40807490182769
"LINC02683",-1.40836509773854
"MAST1",-1.4089081426264
"IRAK2",-1.41133988021949
"LMBRD1",-1.41231896726957
"DPRXP3",-1.41335801111797
"MIR3175",-1.41483426256984
"TM2D2",-1.41754971562441
"FGD4",-1.41993093872288
"SH3GL2",-1.42014248143041
"MAN2A2",-1.42128617474566
"BDH2",-1.42233249442869
"CEP89",-1.42551476671116
"ATP6V0A2",-1.42714549379097
"MIR22HG",-1.42739295556726
"ADAMDEC1",-1.4281439897468
"MRPS25",-1.43035137201722
"TOB1",-1.43198329726714
"COL9A1",-1.43325601349895
"MOAP1",-1.43333789845959
"RHOBTB1",-1.43359219059465
"SNORD11",-1.43386765957254
"AHCTF1",-1.43409790872492
"MLXIP",-1.43520899390651
"NIM1K",-1.43578869713276
"HMGN2P22",-1.43604004935807
"TLE4",-1.43645032341865
"CCDC127",-1.43785944368205
"MPC2",-1.43844446591821
"RPS3AP35",-1.44294523776077
"CABLES1",-1.44369307197103
"SLC8B1",-1.44372678481011
"ZNNT1",-1.44384433864861
"YOD1",-1.44386837376883
"CFAP210",-1.44521507422937
"RN7SL16P",-1.44739241681173
"TOLLIP-DT",-1.44739241681173
"HYCC2",-1.44818437283868
"ZNF658",-1.4505101885845
"TRAJ43",-1.45073211823552
"ACOT4",-1.45201310053723
"PAIP1P2",-1.45220143080407
"PIGO",-1.45294637886688
"BTF3P10",-1.4554136692528
"ITGAV",-1.45972182039416
"CECR9",-1.46121468676958
"SNED1-AS1",-1.46134169668906
"ZNF26",-1.465460565101
"COPZ2",-1.46642402721518
"ZFP14",-1.46648759814393
"USP32P4",-1.46773386109206
"FEM1C",-1.46852754636754
"ZNF561",-1.4704061427214
"UBE2E2-DT",-1.47166525749811
"SIPA1L3",-1.47235653583676
"IRAIN",-1.47362079758522
"UBR5-DT",-1.47438669954775
"SLC16A5",-1.47516395238953
"NAXD",-1.47626703975142
"TRAJ34",-1.47656397404557
"PARTICL",-1.47704106084924
"SDS",-1.47783178189905
"ANKRD17-DT",-1.47925095374572
"LINC00092",-1.47941409889549
"COQ10B",-1.47985571698948
"HP1BP3",-1.48075552442707
"TMEM212-AS1",-1.48140750608929
"RNA5SP379",-1.48140750608929
"KIF26A",-1.48140750608929
"TTC7B-AS1",-1.48344018515947
"CSRNP2",-1.48465171357698
"EIF4B",-1.48476295051734
"TTF2",-1.4850377083845
"BMF-AS1",-1.4872968121236
"MTTP",-1.48744071664643
"MIR4496",-1.48804333680363
"RPL24P2",-1.48846438944974
"HMMR",-1.49010654264483
"R3HDM2-DT",-1.49094275886147
"ZIC1",-1.491076588782
"RNU6-504P",-1.49223176514171
"APOA2",-1.49232155746319
"NBPF3",-1.49278385980837
"CSPG5",-1.4932955776362
"CYP26B1",-1.49379842177423
"PLBD2",-1.49665602104575
"QKI",-1.49773056314159
"CXCR3",-1.49927978562447
"DEPP1",-1.50085167167275
"LNX1",-1.50114774529427
"DOT1L",-1.50133946393025
"MON2",-1.50389640858459
"ZFAND1",-1.50479023386873
"GPR141BP",-1.5048013823737
"RPL3P2",-1.50489053878897
"COL18A1",-1.50825189743563
"ANKMY2",-1.50832525227649
"CGA",-1.50859089048069
"CDKN1C",-1.50888898591827
"FAM245B",-1.51061794103756
"PVT1",-1.51086710198959
"CAMP",-1.51152200453309
"SNORA66",-1.51243127869211
"LINC02032",-1.51296783675065
"CACNA1D",-1.5145730490511
"RNF212B",-1.51561055154128
"SMASR",-1.51753128565481
"IL7R",-1.52008689806662
"CDKL3",-1.52199005823202
"LRRC40",-1.52226316100486
"APOOP4",-1.52550169237402
"USF1",-1.52576925839657
"ARGLU1",-1.52621815681458
"KIAA0586",-1.52709991032838
"PIGB",-1.52732837092357
"OR52K2",-1.5282998338174
"ARHGEF28",-1.52937951591704
"SMS",-1.5297128682779
"TMEM81",-1.53059552901035
"TCEA2",-1.5310008851296
"AMN1",-1.5316117081149
"LINC01182",-1.53385192095859
"RUBCN",-1.53565743885569
"ZNF250",-1.53709489545545
"MTND6P24",-1.54070235347195
"THBD",-1.54303337084725
"FSD1L",-1.54459819756803
"INTS9",-1.54471809272787
"STAM",-1.5453304722815
"TESC",-1.54874953228812
"RETREG3",-1.55012678550897
"RBM15-AS1",-1.5516567595311
"SMC6",-1.55189755454131
"FAM174B",-1.55254323608186
"MYNN",-1.55349699545527
"YY1AP1",-1.55441041923298
"AKTIP",-1.55755022682983
"GLULP4",-1.55812140091545
"ARL4C",-1.55901289866504
"TNRC6B",-1.56216361243094
"MTMR6",-1.56439902572626
"PSPN",-1.56509364456755
"TFDP1",-1.56530856077226
"TMEM158",-1.56662669344873
"SIGLEC14",-1.56677432653379
"SNORA14B",-1.56944787374361
"NUP133-DT",-1.57034160661559
"PPP2R3A",-1.57081852310205
"FKBP14-AS1",-1.5709539737646
"TULP4",-1.5755906751407
"GJB7",-1.57988895117808
"PVALB",-1.58034227507755
"ZNF598",-1.58037744188264
"TTI1",-1.58063501857756
"MIR4692",-1.58135365687286
"TIMM23B-AGAP6",-1.58273077206422
"RCBTB2P1",-1.58616088108521
"MIR644A",-1.58616088108521
"MIR4668",-1.58634583068592
"ZNF33B",-1.58693185506942
"GNG12-AS1",-1.58738793381521
"PCDHGB2",-1.58756802943017
"MIR3671",-1.58858998835324
"DHPS",-1.5888896793378
"SERINC2",-1.5903816396756
"CBX1",-1.5913529219625
"MAGI1",-1.59278278124187
"RNU6-482P",-1.59450788129262
"IGLV3-1",-1.59520856002516
"IGKJ4",-1.59551422094162
"HNRNPA1P38",-1.59612141851888
"PRR7",-1.59717845851336
"S1PR3",-1.59728852778218
"TNRC6A",-1.60046400076937
"ALDH9A1",-1.60155173750208
"RNU6-91P",-1.60401301297683
"TMEM108",-1.60695237746228
"RNU6-645P",-1.6107205957787
"SMAP2",-1.61097846588375
"FBXO32",-1.61190152994597
"OR7E12P",-1.611917145071
"MAP3K9",-1.6136648979371
"PTCHD1-AS",-1.61424306307161
"PHAF1",-1.61471992978895
"ADCK1",-1.6161010535569
"PCBP2",-1.61705691329948
"FASTKD2",-1.61766513609383
"SLC41A1",-1.61898992670415
"MAPK14",-1.61912452800104
"EMP1",-1.61947132451038
"SOAT1",-1.61971601712193
"VDAC1P6",-1.62042106174248
"ABCF3",-1.62362722379075
"TUBA4A",-1.62567026311711
"TRDC",-1.62621405437454
"TCL1A",-1.62786539283115
"USP40",-1.62862700032467
"HSPE1P11",-1.62978360684636
"AGAP1-IT1",-1.63276881097073
"RASGRP3",-1.63286255421117
"MGAT4C",-1.63291215422252
"TOR1AIP2",-1.63574369360194
"OR10J9P",-1.63667022879518
"NBPF2P",-1.63667022879518
"ZSCAN23",-1.63667022879518
"MIR3159",-1.63899359648977
"RN7SL288P",-1.64103736986664
"PRKX",-1.64353241292684
"BZW1P2",-1.64446072435079
"PRKAG2",-1.64487344981228
"SHE",-1.64608243802677
"CYP4V2",-1.64684205190754
"GTF2A1-AS1",-1.64989076097963
"MANEA-DT",-1.65028164986217
"DENND5B-AS1",-1.65111786160011
"RPS15P4",-1.65268771522744
"CACNA2D3",-1.65648355944697
"LINC00870",-1.65744347889849
"EFL1",-1.65801450767652
"SPIN2B",-1.66036433104674
"EXO5-DT",-1.66050839475786
"GLT8D1",-1.66078361354576
"MTCO1P42",-1.66080485936855
"DPPA3P6",-1.66185630673481
"HSBP1L1",-1.66231895839255
"GPR26",-1.66278024168272
"PRKAG3",-1.66307381512001
"FTH1P7",-1.66554939060701
"LINC02207",-1.66766034178376
"RASA2",-1.67047971802686
"DGCR11",-1.67451352815938
"MIR589",-1.67505337269933
"FAM133CP",-1.67548660218737
"GKAP1",-1.67945779040489
"PLAC8L1",-1.68023622190141
"SLC2A4",-1.68147381335302
"MYZAP",-1.68163903391092
"C1GALT1",-1.68534514219977
"TDRD10",-1.68664833989881
"C11orf91",-1.68664833989881
"LRRN3",-1.68722553437779
"LINC02108",-1.68804711603365
"RNU6-118P",-1.68840660891304
"PPP2R5E",-1.68886664482594
"NIPAL4",-1.68942842940351
"IKBKB-DT",-1.69042747866525
"PARP11-AS1",-1.69120118081286
"ARHGAP23",-1.69245863896641
"ARHGAP18",-1.69334970775634
"MYO3A",-1.69464773222627
"TTC39DP",-1.6955029571924
"NECAB3",-1.69557927906979
"KCTD10",-1.69951672459331
"SLC6A11",-1.70242388352687
"ZBED5",-1.70341128687954
"IL19",-1.70370249163029
"CALM2P2",-1.70519228759807
"RPL21P121",-1.7061498474714
"DAOA-AS1",-1.70839688175181
"NFYC-AS1",-1.70874311081869
"LINC02757",-1.70949099536188
"SEPTIN7P1",-1.70996849413393
"SLC25A37",-1.71151546776368
"LINC00957",-1.71228254124472
"SYT9-AS1",-1.71335869000784
"LINC01505",-1.71363800011852
"ZNF337-AS1",-1.71471357756061
"MYO1D-DT",-1.71555504447736
"LINC01118",-1.71576481382768
"ZBTB49",-1.71590504811019
"RAD51-AS1",-1.72039503403118
"SPINDOC",-1.72091702832313
"CNNM4",-1.72121472025086
"SCAF11",-1.72316371709154
"CNR1",-1.72325629597352
"KMO",-1.72331793251857
"GASK1B",-1.72539084510987
"IRS4",-1.72599963200915
"MAPKAPK5P1",-1.72599963200915
"SALRNA2",-1.72599963200915
"SNRK",-1.72698588054138
"RASSF10",-1.72808572922296
"PAX9",-1.72808572922296
"XNDC1N",-1.73180935728631
"CD24",-1.73351466662646
"PTPMT1",-1.73370283528171
"H2AC25",-1.73431071818384
"BCAT1",-1.73533811269239
"TTC39B",-1.73556009275627
"RNF14",-1.73704904378917
"GCHFR",-1.7380386011062
"LGALS9DP",-1.74050574531118
"BCL9",-1.74163855704882
"ITGB4",-1.74277912567955
"LGR4",-1.74413643230802
"TIRAP",-1.74488148887563
"RECQL5",-1.74506749849808
"ZRANB1",-1.74608934370209
"KDM4D",-1.746378976983
"VAMP1-AS1",-1.74672269717356
"DCAF8-DT",-1.74743039508817
"C13orf46",-1.74798730811052
"ATG16L1",-1.7513273012664
"ZNF888",-1.75298365232955
"ZMYND15",-1.75301873252568
"ZNF426",-1.75563097196143
"PRDM6",-1.75764892298594
"RNA5SP123",-1.75802850903293
"RUNX1-AS1",-1.7593748068631
"MECR",-1.75995064509862
"MAPK6",-1.76061198072266
"TMEM91",-1.76118471418306
"SLC25A27",-1.7619447331764
"CAVIN4",-1.76490992495676
"USP15",-1.76608183678566
"RNU6-731P",-1.76964996231922
"RNU6-593P",-1.76964996231922
"RNU1-109P",-1.76964996231922
"SLC35A3",-1.77018045796175
"SNHG1",-1.77339448781932
"RORA-AS1",-1.77491226108802
"RN7SL577P",-1.77565384797692
"CCNL2",-1.77733858648545
"BRD7P4",-1.77758129874869
"HSF2BP",-1.77808649132889
"CCDC43",-1.77895155360016
"COX10-DT",-1.78131387493697
"LCE6A",-1.78633476537826
"LINC02607",-1.78633476537826
"IRX5",-1.78633476537826
"LINC01874",-1.7868602675997
"LINC01224",-1.7868602675997
"ZC3H12C",-1.78692620979266
"ATAD1",-1.78838187061901
"IDSP1",-1.79070319300331
"PPP4R2P4",-1.7922325508017
"TOX4",-1.79249611031207
"LRIG3-DT",-1.79422964317394
"TNPO1-DT",-1.79545137374898
"BRD3OS",-1.79581480876155
"PICK1",-1.79856161265055
"HNRNPD-DT",-1.80089200970487
"GSTO2",-1.80218551643183
"DTX2P1-UPK3BP1-PMS2P11",-1.80292068699383
"ZNF358",-1.80303417947678
"CLCN6",-1.80411141415721
"HNRNPCP4",-1.80616522301949
"DDIAS",-1.80852037081811
"CEACAM18",-1.80941239512222
"IL10",-1.80979784403657
"FGF5",-1.81109628883585
"MACROH2A2",-1.815835074661
"ADAM7",-1.81896546817982
"MEGF9",-1.82169537156974
"MAP3K7",-1.82181401637208
"EEF1A1P5",-1.82667468026119
"WFIKKN1",-1.82781108357985
"YPEL3-DT",-1.8292518876026
"CFAP161",-1.83047097954357
"UBAC2-AS1",-1.83257503129599
"ZNF780A",-1.8332488280682
"SYT1",-1.83511280251352
"CDH23",-1.83586556377132
"CLN8-AS1",-1.83646897052242
"FRMD4A",-1.8365926487302
"SORL1-AS1",-1.83867724334245
"RNU6-625P",-1.83973919646712
"SWSAP1",-1.84134681790085
"VAPA",-1.8426669271745
"SPART-AS1",-1.84320595989501
"BAHD1",-1.84673040289145
"ZNF722",-1.84800825339457
"RHOB",-1.84943051463022
"BLTP3A",-1.8498251748956
"ECT2L",-1.85099175707845
"PTER",-1.8522418507481
"ZNF407-AS1",-1.85232453438677
"ARHGEF12",-1.85263238974026
"RB1CC1",-1.8543833753733
"HFM1",-1.8574495247998
"ABTB2",-1.85887394267008
"MIR4312",-1.86094177441869
"WNT4",-1.864804510992
"UGCG",-1.86556277775428
"FLCN",-1.86557494761774
"ZNF513",-1.86930619383951
"NAP1L3",-1.86951675272667
"ALG13",-1.87069043514152
"ADORA2A",-1.87082488488439
"MATK",-1.87110356629389
"SLC9A9-AS2",-1.87187075853372
"MPZL3",-1.87386777368474
"MGST1",-1.87429685777164
"THOC1-DT",-1.87538102645831
"IGKV4-1",-1.87770732760391
"SUGP2",-1.88194508223104
"RPS12P26",-1.88388113120187
"TDRD1",-1.88517382372719
"THRA",-1.88967785044588
"HNRNPA3P11",-1.8898173704276
"MAPK8IP1P2",-1.89133548248254
"LINC02543",-1.89207226981765
"RDXP1",-1.89207226981765
"CFAP65",-1.89226768632367
"RPS3AP12",-1.89400809170504
"ADRA2B",-1.89450540103756
"DLEU1",-1.89466810682964
"HPSE",-1.89507017208278
"CMPK1",-1.89780685497689
"KHDRBS3",-1.89812416166192
"ATP6AP2",-1.90002097326985
"RAD17P2",-1.90094443935037
"SULT2A1",-1.90225723625268
"H4C12",-1.9030426888379
"PCNX1",-1.90500837449355
"THUMPD1",-1.90649159373741
"LINC03029",-1.90921984131506
"HDAC10",-1.90943513310589
"BDKRB2",-1.90980284013982
"SIPA1L1-AS1",-1.91060324044913
"LINC00528",-1.91102005352151
"NRP1",-1.91238189359984
"TTC5",-1.91292104122716
"PPIAP2",-1.91327925666437
"MIR4734",-1.91686819974806
"EDC4",-1.91855988972257
"FPASL",-1.91892166084066
"HMGB1P3",-1.9194160859866
"RNU1-134P",-1.91961863635271
"TTN",-1.92234984890048
"SLC6A13",-1.92358470845142
"RNU6-638P",-1.92542315470479
"RNF157",-1.92602364453108
"GLUD2",-1.92954933539587
"FOXP4",-1.93041182944481
"ELL",-1.93061535747276
"NPTX2",-1.93291806664376
"LINC02363",-1.93662083669432
"PUS3",-1.9382911834074
"SH3D19",-1.94260143413114
"MIR6796",-1.94289909701688
"NPM1P18",-1.94336360527481
"SMYD3",-1.94361121118183
"PCNPP5",-1.9443906558302
"KLF11",-1.94471694436056
"RN7SL426P",-1.94526080441642
"RAG2",-1.94562433497997
"RPL15P14",-1.9511801140896
"RNU6-1245P",-1.95136794567175
"RPL21P32",-1.95272996341625
"LINC01673",-1.95272996341625
"RPS24P8",-1.95442368598446
"FBXO25",-1.95662028574326
"SMPDL3B",-1.95749572854648
"FAM118A",-1.96031806732729
"POMT1",-1.9633051123352
"STN1",-1.96409179075159
"XIRP1",-1.96447159529333
"PNPLA7",-1.96556919663311
"PKIA-AS1",-1.96562806288694
"MIR3921",-1.96626587161479
"CAMSAP1-DT",-1.96707949024546
"TBC1D8",-1.96856316393386
"AGAP12P",-1.97026048620986
"XRRA1",-1.97318417504268
"OR7C1",-1.97352398159383
"ZNF700",-1.97400197308223
"FLG2",-1.9744736197193
"CLYBL",-1.97482610804579
"LAMA4",-1.97798147974102
"ARL6IP4",-1.97812905883532
"EIF2S3",-1.97980079444322
"RNU6-881P",-1.98211289396073
"ZEB2",-1.98307039824347
"PIK3IP1-DT",-1.98318565930659
"GABARAPL1-AS1",-1.98431324160182
"GK3",-1.98456344661299
"LIG4",-1.98686213514254
"RPRD2",-1.98777921172703
"SV2A",-1.99199988018972
"CLU",-1.99816791524443
"NT5C2",-2.00206187025122
"ANO8",-2.00284599196283
"HNRNPA1P39",-2.00493982846896
"C5",-2.0062966228034
"ZNF408",-2.0065816240606
"CDKN2AIP",-2.00828597212273
"ZNF274",-2.00887836708509
"STARD9",-2.0089859377478
"SRCAP",-2.01207632378522
"HTR7",-2.0137027953942
"TET3",-2.01449575042628
"KIRREL3",-2.01462319816282
"RAB3A",-2.01669799654074
"LINC02637",-2.01705996095488
"NUDT4",-2.01730360574414
"POC1B",-2.02177077378723
"MTCL1",-2.02240248027033
"IGKV1D-39",-2.02472826940839
"LINC01214",-2.0291825607538
"LINC01476",-2.03075092164502
"SUPT3H",-2.03112277039312
"TDGP1",-2.03311058175567
"CDC14B",-2.03963487313707
"CHD2",-2.04180858795628
"NCR3LG1",-2.05272676800574
"TBC1D24",-2.05329837293852
"MBOAT1",-2.05419065319354
"GTF2IRD1",-2.0558906111359
"AGTPBP1",-2.05765095565965
"COL8A1",-2.05782893958202
"P2RX1",-2.06118911052884
"LINC02004",-2.0614900659187
"PNRC1-DT",-2.06234616370307
"RNA5SP363",-2.06239747133396
"MASTL",-2.06300631043335
"TMEM38B",-2.06336689853078
"FMR1-IT1",-2.06542603319685
"RN7SL683P",-2.06707564417551
"FNBP1P1",-2.06735554418881
"ANKRD45",-2.06902589200226
"TAB3-AS1",-2.06910441545314
"COL6A6",-2.06994833215836
"NUDCP1",-2.07000444478557
"CREBRF",-2.07343776178874
"ZNF704",-2.07345629453586
"TILAM",-2.07554697192768
"IUR1",-2.07569407188306
"SERPINA15P",-2.07696807873029
"TBX2-AS1",-2.07696807873029
"RPLP0P3",-2.07697548055477
"RPL36AP7",-2.07839669119075
"LIN28B",-2.07932556299064
"SLC25A14",-2.08183892471698
"MIR193BHG",-2.08206684072758
"RASGRP1",-2.08215731624684
"LINC02569",-2.08302692848525
"CES3",-2.0862128865068
"PPIAP90",-2.08822411279747
"SYNE1",-2.08849325682544
"DPY19L1",-2.09283913887316
"ZNF7",-2.0959054927008
"RNU4-40P",-2.09872631286623
"DDIT4L-AS1",-2.09897088360866
"DNAJB4",-2.0999355048121
"ATP6V1FP2",-2.10221508128513
"ACVRL1",-2.10513052426922
"ARSD-AS1",-2.10626201693997
"AMPD2",-2.10633277048956
"HSF4",-2.10939854647519
"RAB21",-2.10967251232018
"IFT80",-2.11286223011567
"EFHC2",-2.11414559498662
"NFE2L1-DT",-2.11511109610579
"EIF3LP3",-2.11520270330534
"LINC01394",-2.11758400475249
"CCR5",-2.11837145021103
"CDC20B",-2.12928629600397
"TRPV4",-2.13025961300542
"CERNA3",-2.13031450125328
"L3MBTL3",-2.13279776491609
"LINC01138",-2.13300044341207
"TAC4",-2.13328767482304
"CBR4",-2.13365204992628
"HMGN2P20",-2.14143516607748
"AGAP1",-2.14182657916503
"HPCAL4",-2.14271225048995
"RNU6-1152P",-2.14505079703658
"MARCKSL1P2",-2.14620136361989
"MORF4",-2.15044173670372
"RASSF3",-2.15189771434681
"NLRP1",-2.15268512602196
"ALG10B",-2.15408595550565
"CCRL2",-2.15474767031112
"ASRGL1",-2.15503985249544
"TNFSF8",-2.1555699405884
"CRIPTO",-2.15672367609456
"LNC-LBCS",-2.15672367609456
"HMGN2P32",-2.15672367609456
"TRIM5",-2.15826257954184
"IGKV3OR2-268",-2.16090011462082
"MSRB3",-2.16139777599106
"RNU6-821P",-2.1619548344648
"LINC02260",-2.16571692117331
"NUDT4B",-2.16637973223727
"KLF7",-2.16788132966166
"LPP-AS2",-2.16792000262531
"TIMP2",-2.17244892421997
"RPL7P23",-2.17349782903107
"ZNF337",-2.17462098712863
"IL7",-2.17609041685094
"NDFIP2-AS1",-2.17804794247858
"FAM216B",-2.18020468713016
"DPPA2P4",-2.18093435458373
"TMX2P1",-2.18217319949928
"GPR155",-2.18247267025015
"KCNQ5",-2.18375451459564
"LINC00887",-2.18513828480313
"DELEC1",-2.18711102545587
"PCBD2",-2.18747892049936
"WDR72",-2.187877655562
"MAP3K20-AS1",-2.18832653774964
"NAMPT-AS1",-2.19069873907248
"DDX5",-2.19179307548641
"CRYBA1",-2.19249481020082
"LINC01585",-2.19266409575853
"DMXL2",-2.1930079243354
"NPTXR",-2.19336177008467
"PPP3CA",-2.1936428426829
"ARSG",-2.19555581005746
"APOA1-AS",-2.20163703820268
"PDGFA",-2.20214865707977
"DCAF12",-2.20413408499354
"RAB11B-AS1",-2.2046499469681
"LINC01553",-2.20542220366095
"CPEB4",-2.20654869693193
"VWF",-2.20831816963935
"EGFL6",-2.2101192456942
"LMAN2L",-2.21209915480506
"TMEM260",-2.21230477970724
"MIR4497",-2.21231938629141
"NAA16",-2.21526772655948
"ZNF689",-2.21628319397344
"LTN1",-2.21767641796312
"PNMA5",-2.22077363782185
"SEC22B",-2.2210251615932
"CDC42P6",-2.22135703609003
"ANKRD34A",-2.22736961666394
"NLRP12",-2.22988327238755
"SEMA3C",-2.23243515393881
"ZNF346",-2.23452877865008
"ZNF420",-2.23486443484154
"PAPPA2",-2.23965339847791
"WDR86-AS1",-2.24056165259497
"MATN1",-2.24083493195
"HDAC11-AS1",-2.24135928709073
"FNDC3CP",-2.24529890124384
"C6orf62",-2.25033237096765
"TACC3",-2.25266342573353
"PIGG",-2.25388348985215
"TRAJ27",-2.25512396003027
"VDAC1P12",-2.25519061393109
"IGF2R",-2.25589491698045
"LINC01726",-2.25596118595056
"RASSF8-AS1",-2.25681107645724
"SNORA80B",-2.25720381203468
"CHASERR",-2.26297298137695
"CASS4",-2.26597189520923
"CREB3L4",-2.26972074578197
"GRIN2A",-2.27221693717237
"LINC01560",-2.27358012553743
"VPS13A",-2.27403717136512
"AQP5",-2.27775469742844
"LINC01697",-2.27791275736378
"SLC35G6",-2.27860007347286
"FAM3C",-2.27882086170478
"ODF2L",-2.28080903455862
"EIF5A2",-2.28348965851799
"BNIP3P11",-2.28462056911348
"RPS25",-2.28495685076655
"FRMD8",-2.28552687825619
"PRUNE1",-2.28619675168519
"ZBTB20-AS5",-2.28656682246384
"ZNF558",-2.28726671777143
"METAP1D",-2.2908510339659
"LINC01705",-2.29379624483283
"CD163L1",-2.29429181120641
"LINC02053",-2.29583690601281
"IGLJ2",-2.29611849434094
"TNFRSF10A",-2.29780463495539
"RLF",-2.29872663030443
"ZNF217",-2.30182283035755
"ZNF394",-2.30251797186962
"MIR4725",-2.30356038703334
"KLHL42",-2.30401517247295
"TAF5LP1",-2.30753021536762
"FAF1",-2.3097217185412
"EPHB2",-2.31373592745788
"MSS51",-2.3137407594047
"CSF3R",-2.31446850474087
"TSPAN15",-2.31470200239292
"IL17RD",-2.31504928686358
"OGA",-2.31901945401484
"MEIG1",-2.32427796021207
"CSF1",-2.32432415754456
"RSPH10B2",-2.32436961027176
"VAPB",-2.32626680597206
"RNF130",-2.32651126153492
"IL21-AS1",-2.33159852199051
"LONRF3",-2.33178710544585
"RN7SL382P",-2.33204159304536
"MYG1-AS1",-2.33228485815568
"FAN1",-2.3357959274008
"LINC01091",-2.33842102117028
"RAB33B",-2.33845773080031
"DDC",-2.33986990947429
"MESP1",-2.34072452853293
"ADRB2",-2.34163910985899
"LINC00343",-2.34453413380744
"NPIPA5",-2.34586794515973
"LOXL1",-2.34836438364813
"FIZ1",-2.34906486885606
"ZNF789",-2.34908663077343
"RNF125",-2.35076814080948
"ZNF430",-2.35122960651676
"MID1IP1",-2.35233984908364
"CHRNB1",-2.35440991558819
"BBIP1",-2.35540733291561
"EEF1A1",-2.35716795145378
"MAP3K2",-2.3593241216818
"SASS6",-2.35952217682624
"STPG1",-2.36412919771389
"RTTN",-2.36521149336621
"HTR1E",-2.36865211578483
"LINC02028",-2.36897679917137
"TSBP1",-2.37210686078128
"PSMA3-AS1",-2.37406859537995
"TLK1",-2.37643860987612
"ATP13A3",-2.37993041275002
"COX6CP2",-2.38076863031518
"VPS33B",-2.38141489640357
"OR52N2",-2.38738674454072
"MIR4748",-2.39095265325143
"CASR",-2.39150568792462
"RNF19A",-2.39206709219177
"THRB-AS2",-2.39341366870681
"CDC42-IT1",-2.39382720275029
"MPZL2",-2.39399444333061
"IGSF3",-2.39503569282456
"LINC01990",-2.40036428734167
"ADAM28",-2.4019850192787
"KCNE5",-2.40309428856382
"CYCSP38",-2.40508029494869
"LHFPL6",-2.40534331738446
"WFDC1",-2.41184517068395
"ACP5",-2.41336764162947
"RN7SL8P",-2.41991136486575
"CLDND1",-2.42142676528592
"SPDYE5",-2.42571089441862
"TATDN2P2",-2.43112378827773
"LRRC9",-2.43118775567005
"RPS20",-2.4319199217222
"CDKAL1",-2.4331566175376
"LINC03004",-2.43657135403158
"KRTAP12-1",-2.43861816258052
"TGFB3",-2.43926801268537
"DAB2",-2.44118410649086
"NSD2",-2.44306972531489
"ZFYVE16",-2.44615454173404
"SYCE1L",-2.44757570590524
"MUC16",-2.45042357552577
"CHM",-2.4542714089146
"RN7SL801P",-2.45474262620536
"KPNA5",-2.45505288271704
"LINC02763",-2.45539497479573
"RHEBP1",-2.4604779178804
"ARAP1-AS2",-2.46072129687351
"RNU6-450P",-2.46139850753534
"MB21D2",-2.46246154847166
"IPO4",-2.46383747576409
"LAMC1-AS1",-2.47136416672304
"LINC02268",-2.47611295758705
"POMGNT2",-2.4766965772109
"LRRTM2",-2.47683288284416
"ERCC8-AS1",-2.4794317874119
"ZNF621",-2.47959526300438
"RPL21P11",-2.48087732735222
"ANGPTL3",-2.48430723263308
"ZNF746",-2.48574120763699
"RPL5P4",-2.49235622059438
"HYLS1",-2.49303742574564
"PABPC4",-2.49387462025645
"PRKCH",-2.49524203851061
"MIR27B",-2.49562536896248
"SUGT1P2",-2.49740960829706
"OR2T2",-2.50133543845445
"CLMN",-2.50233327049289
"ACTR3B",-2.50247340958517
"AKAP7",-2.50428479701344
"MIR222HG",-2.50482917786493
"ADAM9",-2.50585541415171
"ALOX15B",-2.50590488500546
"PPP1R15B",-2.50648957147735
"SNORD14E",-2.50650483749098
"RN7SL653P",-2.50689316124408
"SLC38A6",-2.50779064015737
"FTH1P11",-2.51390445962409
"BZW1",-2.51513843003065
"RIT1",-2.5154727307527
"RNF222",-2.51613275937665
"DDHD1",-2.51773942895777
"SLC49A4",-2.51950405451513
"SLC36A1",-2.51977147707202
"TAPT1",-2.52120157168175
"HIP1R",-2.5233473846032
"ZNF217-AS1",-2.52451234601524
"LINC02384",-2.52500413664853
"DCN",-2.52537788701916
"CACNA1C",-2.52917729246338
"RPL7P8",-2.52923348239936
"RNF180",-2.53404654516302
"LINC01579",-2.53582462468448
"PCM1",-2.53765015835859
"RN7SL328P",-2.53874415493053
"PORCN-DT",-2.54487660472732
"RETREG1-AS1",-2.54561392618365
"RBM15",-2.54746666115424
"PHYH",-2.54948590761251
"WEE1",-2.5502899703574
"H2AZP2",-2.55135238512728
"SPA17",-2.55380700373493
"ZBTB14",-2.55590346865455
"EIF2AK3",-2.55601556561315
"FBLN2",-2.55796779766176
"HAO1",-2.55886480027086
"TRBV12-4",-2.56083595019632
"THORLNC",-2.56971986288165
"ICA1",-2.57195716183451
"KCTD7",-2.57792201827431
"CDC42",-2.58681589791387
"GAN",-2.5886668264335
"LINC00892",-2.58966405879674
"MBLAC1",-2.59205984991877
"INCENP",-2.59374482412653
"RHCE",-2.60204051506675
"ELAPOR1",-2.60208646664617
"TRIM37",-2.60249722372218
"SCD",-2.60574341038075
"TCEA1P2",-2.60622305116215
"LAMA4-AS1",-2.60626992280646
"MIR6781",-2.60779486281368
"ZNF284",-2.60912412496093
"EEPD1",-2.61347039674404
"PDE2A-AS2",-2.62289866615383
"USP36",-2.62370530293676
"GRAP",-2.62500042869022
"LINC01703",-2.62586898078831
"RNF139",-2.6264619845613
"HSPBAP1",-2.62746866202931
"LINC02888",-2.62932848366959
"FHL1P1",-2.63066825765157
"ID2B",-2.6308485351326
"EXPH5",-2.63154179935499
"RN7SL743P",-2.63159792011521
"RPL21",-2.63221866266758
"FMO5",-2.63251536689989
"LARGE-AS1",-2.6331862968876
"IFT88",-2.633930386294
"TRBJ2-2P",-2.64033695315762
"MCM9",-2.64047489670296
"LNCARGI",-2.64314390760579
"RASL10A",-2.64405503257778
"LINC02448",-2.64674602202238
"ADAM17",-2.64808964380988
"PIGW",-2.65031909059147
"BOD1L1",-2.65054271317528
"LINC01127",-2.65134212105371
"GLCCI1",-2.65136697798355
"CD2",-2.65180294051828
"SLC30A6",-2.65401086405282
"CDC42P5",-2.65676781087916
"ALG13-AS1",-2.66128664281366
"FBXW7-AS1",-2.6616807973834
"CD300E",-2.66397992571443
"FOXD1",-2.66442814154678
"CES1",-2.66459778250804
"RNA5SP493",-2.67046312323941
"GOLGA8O",-2.67406755627519
"SPTBN1-AS2",-2.68143194406571
"LINC01001",-2.68322474342803
"ANKRD65-AS1",-2.68359383317844
"ERCC6L2-AS1",-2.68396220534081
"STRN3",-2.68401323441301
"RN7SL481P",-2.68421614572305
"TENT5A",-2.69028522244886
"KLB",-2.69073295976426
"MAPRE3",-2.69361237597002
"SYTL3",-2.70175936149381
"LINC02150",-2.70306937556991
"ZNF563",-2.7040161360581
"ACKR3",-2.707037400957
"RNFT1",-2.70979473675202
"EEF1A1P12",-2.7122778138494
"KLHL7",-2.71322216306395
"COX7CP2",-2.71457075850681
"TM9SF3",-2.72229426978289
"INGX",-2.72291217097508
"EMSY",-2.7258894383294
"MS4A14",-2.73322501073864
"PRCD",-2.73524116514081
"VAT1",-2.73537606807486
"STK35",-2.73820183232096
"CFL1P5",-2.7409594295988
"LARGE1",-2.74131545103142
"MPP3",-2.74304112302855
"AP1AR-DT",-2.74519696014639
"PDE9A",-2.74519696014639
"FAM66A",-2.74559878081865
"LINC00189",-2.74603868054067
"ADARB1",-2.74957452223171
"TAS2R20",-2.75348005324952
"TRA2A",-2.75516764232175
"RPL21P14",-2.75742412392596
"ABCC3",-2.76357346122144
"MYCNOS",-2.76585637471133
"ANKRD26P4",-2.76585637471133
"ZNF780B",-2.76792898214011
"RNU2-27P",-2.77279033265904
"UBA6-DT",-2.7748404478947
"CRADD",-2.78545722385826
"CD27",-2.78914627430509
"TOGARAM1",-2.78969204919295
"GDE1",-2.79209433505352
"CCDC157",-2.79277756002555
"RAB41",-2.79620506755526
"LINC00559",-2.79620506755526
"SMPD3",-2.80209831358101
"OTUD1",-2.80236275544605
"PSCA",-2.80504661898524
"RNU4ATAC11P",-2.80612913016207
"SNORA70G",-2.80800126347134
"MS4A7",-2.80850881978954
"TRBV21-1",-2.80921336302029
"UBE2D1",-2.81344393736385
"ABI2",-2.81487080482368
"PDCD6IP-DT",-2.81852933261599
"LINC00623",-2.8222400825937
"SNORD3A",-2.82589633632464
"WDCP",-2.8260020442454
"GPX3",-2.82706782639461
"ZNF33A",-2.82844937413301
"JCAD",-2.82847031055766
"SMARCD3",-2.83174473580656
"FGD1",-2.83716535774841
"PDE8A",-2.84265125055387
"TCP11L2",-2.84553964389945
"GJA1",-2.84789290835747
"GCNT1P3",-2.84842906293427
"SLC9A8",-2.85068134953123
"CSNK1E",-2.85569662405875
"LINC01977",-2.8559683636377
"PRORP",-2.85735461146986
"CHN1",-2.85800623694228
"C16orf89",-2.85848564457607
"MUC6",-2.85917813325405
"MICB",-2.86162224027614
"SYNE2",-2.86307419347361
"RPS2P18",-2.8632482756712
"RNU6-1089P",-2.86626214098338
"MCC",-2.86925792990792
"KLF6",-2.87627196038897
"PRMT8",-2.88139008422542
"CDAN1",-2.88383836733168
"RNU5F-1",-2.88961408724251
"TNFRSF4",-2.89133654833581
"ENPP5",-2.89177584501206
"CAPN7",-2.89373151351712
"VSIG4",-2.8965464139813
"TLK2P1",-2.89663774856026
"ZFX-AS1",-2.89703537169587
"TRIM64FP",-2.89814927430227
"YPEL2",-2.89911366452742
"FUT10",-2.90297336270149
"ADORA2A-AS1",-2.9032113626206
"LINC-PINT",-2.9047811394527
"ELOA-AS1",-2.9078912121978
"SPMIP6",-2.90858960963745
"RPL21P16",-2.91505582334821
"MXD1",-2.91694447496027
"TCEAL9",-2.91707635631673
"FAM167A",-2.91753809703644
"TEX14",-2.91819518055185
"LPAR3",-2.91909430887678
"ACSL3",-2.92483835752631
"RPL31P52",-2.9262451355274
"CHRM3-AS2",-2.93045452238292
"H1-12P",-2.93063766906442
"OVOL1",-2.94201808235241
"ZNF592",-2.94264255597646
"AMPD3",-2.94437489593276
"RPLP0",-2.94982966367433
"MLIP",-2.95353425878157
"SLC27A1",-2.9577758864146
"PRKD2",-2.96540576473126
"MAP1LC3B",-2.96573764858154
"IGLV3-13",-2.96656367983298
"SLC13A1",-2.96666907265035
"ZNF692-DT",-2.967251210483
"IFITM2",-2.96867378256709
"MAST3-AS1",-2.97407677461524
"PEX1",-2.97732354456498
"GET1",-2.98084111562498
"PITPNC1",-2.98317875673501
"BIRC7",-2.98399534343714
"LINC02833",-2.98447541894745
"PPIAP31",-2.98449975636411
"MIPEP",-2.98595793755301
"C2orf68",-2.99175672169242
"ADH1B",-2.99192621655822
"GPRASP3P1",-2.99390804370934
"TNS2",-2.99502151672483
"ADCY9",-2.99961644187295
"VNN2",-3.00177375514108
"SCGB2B2",-3.00425318218184
"LINC01739",-3.00618719582133
"EBF2",-3.00618719582133
"CCDC168",-3.01189654588554
"P2RY12",-3.01292300621372
"GCSH",-3.01627245844388
"LINC03080",-3.01708872779527
"LINC01864",-3.01739171018051
"FLT3LG",-3.0180563329521
"FNDC3A",-3.01867600491003
"MIR4425",-3.0188661005243
"AVPR2",-3.0188661005243
"RPL26P37",-3.02416001216282
"SARAF",-3.0258401352407
"TNIK",-3.02811692893775
"OGT",-3.02884078399231
"SYT2-AS1",-3.02996650621806
"RAB33B-AS1",-3.03996412393814
"SMIM3",-3.04347117735971
"LINC02649",-3.04644419341922
"RN7SL48P",-3.04819687176435
"SLC23A1",-3.05166973885212
"LAMB2P1",-3.05516877111586
"NRIP3",-3.05919832137637
"NOXO1",-3.06566906202655
"GREB1L",-3.0657204378262
"IQGAP3",-3.06578865207352
"TMED4",-3.06630745732848
"LINC00702",-3.06633742222905
"TRBJ2-4",-3.06666687201717
"HORMAD2-AS1",-3.06710261398548
"YBX1P4",-3.07191795885003
"MMEL1",-3.07389826482617
"TNIP3",-3.0747835038471
"SLC2A13",-3.07572380930926
"ITGB5",-3.07721818959803
"TDRKH",-3.07783410410491
"LRRC34",-3.07785350086634
"CYCSP51",-3.08214397474589
"NUTF2P7",-3.08214397474589
"MIR760",-3.08470174359497
"RPS2P44",-3.09199694120679
"PCBP3",-3.09330526882643
"ALKBH5",-3.09403574366078
"SLC1A3",-3.10068463399024
"ZNF281",-3.10296224848123
"ITGAD",-3.10573272711259
"STAT4",-3.10637908602602
"TIAM1",-3.10855234363215
"ZSCAN9",-3.10962109607465
"MIR642B",-3.11320086448179
"GAPLINC",-3.11339440573297
"PSORS1C1",-3.11355129206319
"MRPL57P3",-3.11417412096339
"MPDU1-AS1",-3.11484918879619
"LINC00698",-3.11903394596398
"ITIH4",-3.11969660926338
"GTPBP10",-3.12033856646249
"SAV1",-3.12353724398223
"RESF1",-3.12488080235588
"HCG4P8",-3.13280679704817
"GET4",-3.13453926155229
"ZNF629",-3.13965867763506
"KRT8P11",-3.146434403922
"SP4",-3.14673098696285
"AP2A2",-3.14800652359031
"MAOA",-3.14838157431305
"RAMP2-AS1",-3.15197023647725
"ENKD1",-3.16041410336492
"HSD17B11",-3.16252643644182
"DIPK2B",-3.17332517210944
"ZNF521",-3.17642074839468
"LRP4",-3.17650441281559
"PRNP",-3.17880414092221
"HYAL1",-3.17898077746195
"GRIK5",-3.17961674298476
"ADIG",-3.17964709342661
"SNIP1",-3.18208765869515
"LSAMP",-3.18495922621924
"ANKUB1",-3.18519764572243
"B9D2",-3.18793772477133
"FGF9",-3.18926232384266
"RNU6-105P",-3.19270194362795
"CIPC",-3.19323232851857
"EIF4A1P9",-3.19644861494604
"ZNF583",-3.1995150621818
"PNISR-AS1",-3.20127258649113
"FTOP1",-3.20432075687033
"TRGV7",-3.20450104640333
"LPAR2",-3.20676175156686
"RPSAP53",-3.21038338788318
"ZNF485",-3.21337489618124
"ZCCHC2",-3.22057708258086
"LINC00397",-3.22694624861872
"SPATC1",-3.22958392290743
"FBXO4",-3.23234176876166
"FAM53B-AS1",-3.23445281690083
"PANTR1",-3.23494350129065
"NUSAP1",-3.23686534887232
"POLR2KP1",-3.24723647856075
"GP6-AS1",-3.24810144381981
"RPS11P5",-3.24895754554014
"ANKRD44-AS1",-3.24946212108903
"HOXD12",-3.25142788904075
"NCKAP5",-3.2553688150038
"CNGB3",-3.25586947162521
"KLHL14",-3.25586947162521
"SERINC3",-3.2580706828343
"SNX18",-3.26337840540811
"SNHG26",-3.26411228264547
"WDR91",-3.26417036050632
"SESTD1",-3.26506980172245
"LANCL1-AS1",-3.27004300088822
"ABCC6",-3.27024851092786
"FTH1P3",-3.27130470691633
"KIF4CP",-3.27153666860125
"SLC6A16",-3.27545388396735
"DNM1P35",-3.27660589960449
"ABHD17B",-3.27666515332521
"NUP214",-3.27784245149709
"FREM1",-3.28043691237787
"TNFSF9",-3.28074886221203
"MIR9-2HG",-3.28335503313504
"CXCL3",-3.28444843561038
"SRSF5",-3.287179586806
"PEX11A",-3.28761453749614
"FAM27E3",-3.28781481112455
"WNT2",-3.2884369708664
"LINC02895",-3.29194336653705
"RALGAPA1P1",-3.29415244188256
"INO80D",-3.2950567221764
"DMTN",-3.29750314057663
"TRMT12",-3.30067278256612
"FIRRM",-3.30445571469849
"RN7SKP69",-3.30893543775857
"EEF1A1P25",-3.31437936238503
"FTH1P24",-3.32414889221155
"CES4A",-3.32721238125256
"POLR2MP1",-3.32857803735207
"SBF2-AS1",-3.3287672640788
"NBPF19",-3.3290646423455
"TTC21B-AS1",-3.33094380283651
"TSPAN2",-3.33162799146524
"RN7SL655P",-3.33176492297673
"TOMM20P4",-3.33512581879344
"CFAP58-DT",-3.33518824090976
"RPS29P29",-3.33622308683784
"EYA1",-3.33622308683784
"ZNF543",-3.33883292138289
"HSD3B7",-3.34246246200923
"TTC38",-3.34544716353138
"TKTL1",-3.34911588849521
"APBA2",-3.34967053038794
"OR7E126P",-3.35886875640183
"CYP2U1-AS1",-3.35903272969611
"POLD1",-3.35960138138825
"FKTN-AS1",-3.36081226832653
"IGHV3-48",-3.36210896409607
"NEAT1",-3.36672982129702
"HCG9",-3.36859217390682
"ZNF627",-3.36893036164461
"FAM13A",-3.38068629969445
"PHYHIPL",-3.38224897139002
"TXNDC16",-3.38307818511916
"INPP1",-3.38368714250557
"GAREM1",-3.38848174411437
"BNIP3P27",-3.38855666309494
"HMBOX1-IT1",-3.38971047118434
"UBE2B",-3.39318779350664
"AGO4",-3.39325702802242
"ABHD5",-3.40717918167096
"ABCB1",-3.40822653147245
"ZNF140",-3.4112179808766
"MKRN2",-3.41668132715006
"TSC22D1",-3.41831319437809
"RNU6-37P",-3.42081997154764
"RNA5SP317",-3.42189580661563
"AMPD1",-3.42501589880381
"LINC02935",-3.43410859397643
"RPL6P19",-3.43634142435967
"AEBP2",-3.43731771326029
"TNPO2",-3.43767764092386
"ARID5B",-3.43936761982862
"FOXP1-AS1",-3.44099774958064
"AP5B1",-3.45522862502608
"SNORA47",-3.45787114659782
"PRDM10",-3.46305788483153
"KRT13",-3.46327766250707
"GTF2IP23",-3.46849157549933
"LPAR6",-3.46992458761256
"ZNF486",-3.47196317673624
"FYN",-3.47508857697128
"TRIM62",-3.48069031233761
"NOP53-AS1",-3.484155252646
"NAP1L4P1",-3.48630690387258
"ELN",-3.48888470339525
"COX7A2P1",-3.48888470339525
"VMP1",-3.49148751318475
"MRPL46",-3.49217047831532
"SARDH",-3.49590936361402
"CATSPERD",-3.49948369282434
"LINC02396",-3.5041487474043
"FAM217A",-3.50562559502241
"PASK",-3.50619228995142
"PDE2A-AS1",-3.5086809753289
"PINX1-DT",-3.50993883354493
"FCF1P5",-3.51202977120505
"ZNF461",-3.51215682558431
"BCL2L2",-3.51357131936181
"ATP2B1-AS1",-3.51501213777238
"RINT1",-3.51627198924973
"LGALS12",-3.51702462593863
"ALKAL2",-3.51858171054124
"LUCAT1",-3.51972544434976
"PROZ",-3.52265162084142
"LINC02585",-3.52446555662944
"TIMM9P2",-3.52947858010462
"LINC01229",-3.53029734612713
"ULK1",-3.53143737900132
"TRIM54",-3.53274909614472
"PCIF1",-3.53499765003754
"MAP1A",-3.5380868269765
"H1-0",-3.54439908250856
"MIR3142HG",-3.54524657438811
"LINC02693",-3.54813916344019
"SPTBN2",-3.54819827359718
"CD1B",-3.54907894337078
"TDRKH-AS1",-3.55663948279453
"GATA6",-3.56091567649718
"PRSS27",-3.56330519456691
"SAR1A",-3.56408933736198
"TRAV3",-3.5663098848001
"TCF15",-3.5663098848001
"LDHD",-3.57031480180779
"B3GALNT2",-3.5775135695136
"SLC13A5",-3.57757416384161
"RPL10P12",-3.57999083876498
"RN7SL558P",-3.58331113700839
"TMEM220",-3.58338672578857
"GAPDHP14",-3.58431559580445
"EEF1A1P4",-3.59155343096844
"RPL23P6",-3.59310722322018
"PID1",-3.59330313019492
"KCNN1",-3.5948980599391
"COQ10A",-3.59647193330648
"PCSK5",-3.59914287030038
"NRF1",-3.60215738226422
"PKMYT1AR",-3.60304752612534
"ATP2A3",-3.60412384677501
"LY6G5B",-3.60573400216926
"ABAT",-3.60613596304353
"RPL24P4",-3.60791603951483
"EIF4E3",-3.6094642664423
"RN7SL364P",-3.61037302416416
"SH3YL1",-3.61335914780758
"RPS29P14",-3.61872820409793
"HECA",-3.6196884519119
"ICAM5",-3.62130433782188
"LINC02861",-3.62255911445564
"LINC01914",-3.62779094362561
"USP20",-3.62844323768021
"ZNF891",-3.63186993376254
"TMEM53",-3.63590647587599
"ITPRIP-AS1",-3.63761424748125
"RBM34",-3.63951167767739
"FAM24B",-3.64522658038091
"CEACAM3",-3.64785880196658
"SLC14A2",-3.65133051640336
"SNORA74B",-3.66932805319701
"PRR5",-3.67374679838505
"FOXD1-AS1",-3.67593630082349
"RUBCNL",-3.6857625293762
"LINC02548",-3.69915491195384
"LINC01794",-3.70305812194267
"PDXDC1",-3.70355436445802
"ITLN1",-3.70664724971674
"RGPD8",-3.70918716394554
"DACH2",-3.7144810517421
"RRAGD",-3.71570036980093
"ARHGAP31-AS1",-3.71902283650667
"PRKAG2-AS1",-3.72565288829379
"ZNF227",-3.72725968182487
"LINC02550",-3.73606147260968
"CDK8",-3.73644022914109
"SPRING1P2",-3.73773178807617
"BMP2",-3.74180764946677
"C9orf72",-3.74615444288433
"RPL21P3",-3.76196772194881
"SCARNA3",-3.76391370168051
"MPP7-DT",-3.76534443111881
"CRY2",-3.77396302014671
"MIR4645",-3.77473937030051
"ORC1",-3.77611461504624
"ENPP7P5",-3.77763577144041
"DNAJB1P1",-3.78287057016454
"NR2F2",-3.78422571340671
"PZP",-3.78450237249231
"CCNG1",-3.78560737376275
"RNU6-539P",-3.7865883407202
"LINC02985",-3.78700558039949
"ADAMTSL4-AS1",-3.79415475834172
"ANKRD13B",-3.79548557316766
"MORN4",-3.79712199213986
"ZNF184",-3.79962705381721
"WDR35",-3.80235219826056
"PLTP",-3.8028058190607
"GRIP2",-3.80290986316494
"LINC01273",-3.80706338321925
"METTL2A",-3.80736520925883
"GVQW3",-3.80751010308415
"PPARG",-3.81160868653769
"FLICR",-3.81448190972648
"CTSB",-3.81457906336859
"NSMF",-3.81883642954031
"IGHV3-7",-3.81883721872053
"YY2",-3.82067066808859
"TAFA4",-3.83063282208846
"RBM38",-3.83343027598257
"RPS17P7",-3.8418936852935
"LINC00944",-3.84357373301307
"PENK-AS1",-3.84472946036205
"WIPI1",-3.84528886090676
"WEE2-AS1",-3.84565440957828
"MBNL2",-3.84641469683297
"GRB10",-3.84872778541448
"SLC46A3",-3.84895307955636
"AK5",-3.85679774421512
"SCARNA18",-3.85902228040761
"MIRLET7A1HG",-3.860260341662
"TTLL6",-3.86151763668093
"SCN3B",-3.86725104880909
"ATP8A1",-3.86769632585282
"CEP70",-3.86989601880664
"GOLGA8CP",-3.87278272121981
"DUSP6",-3.87335574943205
"RNU6-1112P",-3.87499527540718
"ELOCP31",-3.88138095944301
"LINC02454",-3.88953490885419
"ROPN1L-AS1",-3.89426490922011
"TDP2",-3.89461660451856
"KNOP1",-3.89499337929153
"SELENOO-AS1",-3.8955671069817
"CPS1",-3.90601725381031
"FOXO3",-3.90844555757612
"DDX3X",-3.90875734565947
"MARCHF6",-3.90912896687605
"ZBTB20-AS2",-3.90958922061829
"RNA5SP465",-3.91278127276351
"C1orf216",-3.91951908002753
"CBLB",-3.92309669936444
"ADAMTSL4",-3.92636795076913
"ZNF808",-3.93158985071986
"MIOS",-3.93451206354837
"TUB",-3.93827511750453
"CFAP126",-3.938401146368
"C4BPA",-3.93906978022455
"RNA5SP233",-3.94369691617006
"KRIT1",-3.94559209934471
"PFKFB2",-3.94770648631926
"MIR223HG",-3.94794868652662
"CD163",-3.94817666464066
"RCN1P2",-3.94910448299975
"LINC01036",-3.95312379161093
"RNU6-720P",-3.95348343974606
"LMOD2",-3.95454854941903
"USP27X",-3.95481604470641
"MEMO1P5",-3.95645082021245
"MYPN",-3.9570791343609
"TMEM252-DT",-3.95714915128106
"LIN7C",-3.96387683361522
"LINC01635",-3.96599256497465
"MXRA8",-3.96611022261994
"IL6ST-DT",-3.96947219345108
"ESPL1",-3.97081207633111
"NPIPB3",-3.98116623178604
"PECAM1",-3.98655913691083
"GP1BA",-3.99241047660256
"RNU7-3P",-4.00218787238915
"CXCL8",-4.00571712962007
"NRXN3",-4.01012441402193
"MTM1",-4.01053828178297
"CEMP1",-4.01463837514444
"PLA2G2F",-4.01674718496465
"SLFN5",-4.01679404104413
"TRBV7-2",-4.02523920278242
"INPP4B",-4.03428685195101
"RNU1-103P",-4.03715613615172
"AMY2B",-4.03970971184754
"TCAP",-4.04254152001683
"RPS12P4",-4.04314609096382
"RNF141",-4.05753844004421
"LINC00880",-4.05876937112761
"KLF5",-4.06157199592522
"LINC01572",-4.0632471974783
"RAD21-AS1",-4.06612647131923
"AKR1B1",-4.06617422675698
"SORL1",-4.076732417076
"PPM1L-DT",-4.08170851690477
"RFFL",-4.0946694825524
"SNX9",-4.10254798075403
"IKZF4",-4.10418068700153
"DZANK1",-4.1043160147706
"MECP2",-4.10940854899793
"ZNF564",-4.1107654531836
"MAILR",-4.11417845691951
"LPIN3",-4.11534415631957
"C2orf69",-4.1213864509145
"SIRPG",-4.1218079977367
"CRTAM",-4.12362952646702
"CHST15",-4.12535252567556
"FOXK2",-4.12572528053176
"AKR1C2",-4.12696442098801
"GAD1",-4.12938956326899
"MIR642A",-4.13430476231968
"PET117",-4.14228818323574
"ANOS1",-4.14340420710174
"MFSD1",-4.144138930213
"NATD1",-4.14424938324012
"FAM225A",-4.14614114169296
"ARMCX4",-4.15085475461598
"SCAMP5",-4.15213443743845
"STAT4-AS1",-4.15336244951249
"ME1",-4.15385587127462
"CBX7",-4.15752847622163
"CLIP4",-4.15778141353369
"CNTROB",-4.16838852279001
"SERPINA2",-4.16869215405564
"PRRX1",-4.17100178320999
"KCNJ5-AS1",-4.17250340250812
"TMED7",-4.17798796383504
"RN7SL608P",-4.17913809944629
"RPS27P30",-4.18358993234377
"AMZ2P2",-4.1864843481874
"PRDM11",-4.18842131131054
"ZNF493",-4.19257514036718
"ATOH8",-4.1942558791559
"TNFRSF25",-4.20237456681971
"KIAA1671",-4.2033328911477
"ATP8B4",-4.20656553428632
"LINC02880",-4.20836709684221
"RPL7",-4.20903946094815
"MIR130AHG",-4.21039400592753
"LINC00513",-4.21246228455657
"MINDY3",-4.21366957547423
"ETNPPL",-4.21998932641692
"PLEKHF2",-4.2200819364384
"KBTBD7",-4.22345499098103
"MORC2",-4.22575564376225
"RNU6-1138P",-4.22662976457103
"LINC01857",-4.228834690132
"SNX24",-4.23190575905406
"PLCH2",-4.23714847941908
"PRKCZ",-4.24071665720677
"TTLL7-IT1",-4.24073074872909
"CERNA1",-4.24080835441002
"PINK1-AS",-4.24285063462553
"ZNF784",-4.24716680132884
"MMP2",-4.24750580962822
"CD19",-4.24996587908628
"MIR4500HG",-4.25077743121815
"SLC7A11",-4.25078465718577
"CELSR2",-4.25485370193489
"HILPDA",-4.26153787699588
"RNF212",-4.26214934738721
"LHFPL5",-4.26436646350652
"ORM2",-4.26439745409797
"CEP120",-4.26570447868535
"IGKV1-5",-4.27134709647664
"LINC03009",-4.27217307631819
"PPM1A",-4.27426480088944
"IGSF22",-4.28014071557243
"SLC15A2",-4.2827700406398
"TMEM191B",-4.28694996547874
"MYB-AS1",-4.29526536584396
"DUS4L",-4.3106234697425
"TF",-4.31075771230775
"CARD17P",-4.31569541836566
"MUC17",-4.31754566101259
"SCCPDH",-4.32317821856836
"ATXN2-AS",-4.32696075195102
"FAM20C",-4.33351712185643
"ZBTB32",-4.33414429038757
"NOL12",-4.34001126813538
"KCNA2",-4.34003596313264
"RLN1",-4.34003596313264
"MPP4",-4.34246119406836
"MAP2",-4.34676856511622
"RFX8",-4.35039752943161
"FUCA1",-4.35080604523744
"PPP2R5B",-4.35502742231755
"ZNF75A",-4.35552768422176
"RSPH1",-4.35612032484918
"CACUL1",-4.35655256634236
"UAP1L1",-4.35825366612524
"ST3GAL6-AS1",-4.35995923178015
"ZC3H12B",-4.3613168887731
"NFIB",-4.36455690594314
"PIK3R5-DT",-4.36656164400865
"SERPINI2",-4.37445010553627
"CDC42P3",-4.38128838834608
"RPSAP47",-4.38785418868964
"LINC02099",-4.38828214998113
"RNF32-DT",-4.39201219246697
"EPHA4",-4.3944640265561
"TRAJ39",-4.40003131826218
"TRAJ3",-4.40003131826218
"TRAV41",-4.4020435050406
"GOLGA8A",-4.40234733490796
"PCHILR",-4.40708051039696
"ZBTB25",-4.4114197572669
"TFRC",-4.41145433025506
"TADA1",-4.4116377206053
"HIF1A-AS3",-4.41547849899356
"LIG3",-4.41746208386721
"SSTR2",-4.41886377262185
"R3HDM2",-4.42209053568007
"RNPC3-DT",-4.4225297939045
"TMIGD2",-4.4261665770002
"RPL30P4",-4.4273590450676
"LNCRNA-IUR",-4.42745466158094
"RPSAP19",-4.42812242159002
"MAP2K1P1",-4.4283350955191
"IGF1R",-4.42890784345735
"DCUN1D4",-4.43626773518306
"ZC3H11C",-4.44247672631818
"RNA5SP154",-4.44593204829082
"PDGFD",-4.45118589495568
"TENT5C",-4.46237951014471
"RNF32",-4.4650765592211
"MAP4K4",-4.46647117378523
"DSG2-AS1",-4.47159323402371
"CRIPTOP6",-4.47472133545123
"CLCA4-AS1",-4.4750432400507
"HTR2A",-4.4750432400507
"GPC6",-4.4750432400507
"SLC25A34-AS1",-4.47728408816519
"GPRC5B",-4.47931669961353
"PTP4A1",-4.49788881704522
"LINC00299",-4.50112127458273
"SULT1A2",-4.50491658801782
"IGKJ1",-4.50566660451106
"SOAT2",-4.5069516729736
"IGSF9",-4.50709998070099
"GATM",-4.51455685382253
"SPMIP1",-4.51875269127515
"NUMBL",-4.52088052086253
"RPL26L1-AS1",-4.5209145553591
"TRAF3IP2",-4.52334813493401
"LINC01284",-4.52344982796565
"ZNF345",-4.52679885677094
"RPL12P4",-4.52873102521169
"LINC02182",-4.52992794194573
"BCKDHB",-4.55190577766962
"EMILIN3",-4.55691507657135
"SOX7",-4.55885239794005
"MAFA",-4.56291227293854
"STARD5",-4.56421046152215
"IGDCC4",-4.56607913973577
"LINC01176",-4.5661481572298
"PCGF1",-4.56644863408774
"CLEC17A",-4.57149550109174
"SNORD71",-4.58572794677061
"SATB1",-4.58820310527506
"APBB2",-4.5902726222073
"B4GAT1-DT",-4.59318032399485
"RNF144B",-4.59583527500431
"ZNF724",-4.59692167881931
"HERC3",-4.59700408138418
"ULK2",-4.60345657508365
"RNU6-670P",-4.6056241676317
"LINC03100",-4.60767736192925
"NAMPT",-4.60971050344958
"MXI1",-4.6141850670973
"PLXNA3",-4.6391415891422
"LINC00511",-4.63918898970654
"RNU6-1280P",-4.64180745158357
"RNA5SP297",-4.64229711950902
"CLEC4E",-4.64718265425729
"MADD-AS1",-4.65344002741812
"PCBP2P1",-4.65481482949316
"NAPB",-4.66001402596829
"RN7SL555P",-4.66281404599814
"CD109",-4.66351322352167
"TNFSF15",-4.66605948496004
"FBXL13",-4.66952082470615
"OR52A1",-4.67069548263495
"RPL12P21",-4.67838699174498
"LINC00923",-4.67956428533287
"TRBV23-1",-4.68071547148407
"NR2F1-AS1",-4.68093930216487
"TMEM244",-4.68287012215871
"DYNLT5",-4.68849195888945
"TRAV25",-4.69328480545215
"PDZRN3",-4.69406906900662
"UHRF2",-4.69818502765325
"COLGALT2",-4.69957602637803
"ACTG1P9",-4.70007838426845
"BTG1",-4.70442927437621
"RNU6-547P",-4.71140618621712
"RPL12P44",-4.71342384200125
"TRAF3IP2-AS1",-4.71633566786091
"OBI1-AS1",-4.7184330126418
"ATXN1",-4.73262245083368
"A2M",-4.74344052351126
"NDUFA3P2",-4.74760252670852
"RPL21P118",-4.74761377185053
"SLC11A2",-4.75463592339629
"HTR5A",-4.75697056730556
"SPRED3",-4.75955447760931
"ZNF230-DT",-4.7640797333346
"TMEM86B",-4.76580807281089
"BTBD9-AS1",-4.77672251672304
"RPL21P31",-4.7801464322794
"STK17B",-4.79365968148657
"CFAP52",-4.79374751480931
"CHST7",-4.79968126961223
"DPY19L3",-4.80238871022665
"LINC03021",-4.80247780803279
"LINC02421",-4.81152253527797
"RNU4-2",-4.81478051144151
"HEXB",-4.81724990721802
"GLYAT",-4.82160782633976
"RN7SKP163",-4.82623340039438
"FFAR1",-4.82627448642869
"TRPC1",-4.82771337576472
"RPL7AP16",-4.83730677996997
"KRBOX4",-4.8459089670895
"HNRNPA1P50",-4.84793213934516
"LDAF1",-4.84947563249759
"POU5F2",-4.85609625764773
"RNF217-AS1",-4.86006051266745
"KANSL1-AS1",-4.86166121346065
"MTFR2P1",-4.8618986663777
"TMEM256P1",-4.86224867736092
"CALCRL-AS1",-4.86296598296291
"GDPD4",-4.86304401853386
"PPP1R16B",-4.86306441823737
"PDCL",-4.86373309894539
"RPL36AP8",-4.8657005331016
"ROPN1L",-4.86789722583724
"NOL11",-4.86905478655919
"LINC00293",-4.87011867188065
"FTLP3",-4.87023947005252
"MANBA",-4.87073747395092
"ATL1",-4.87395417901678
"HDAC4-AS1",-4.87478676394444
"CD3D",-4.87484383386042
"NPM1P20",-4.87824606373053
"ALG9",-4.88211390662228
"HISLA",-4.88230124732216
"PAPSS2",-4.88269280655258
"MIR23B",-4.88430353743107
"RIPOR2",-4.88856419926141
"LINC03060",-4.89449396632015
"DYRK3",-4.89482603683009
"DAP3P1",-4.91263751900251
"CRMP1",-4.92475073895525
"GAST",-4.9505481064858
"TRBJ1-1",-4.95333318820956
"PKHD1L1",-4.95439956708954
"LRIG2-DT",-4.95705168258237
"AKR1C5P",-4.96076107580619
"TAF8",-4.96480303468762
"PHACTR1",-4.96573221709757
"SCRG1",-4.96585454921818
"RNU6-90P",-4.96741680839039
"TRAV6",-4.96889630767893
"TRGC1",-4.97566512413448
"OR10AE3P",-4.9757980460376
"RIC8B",-4.97674465161839
"CD22",-4.97951269424089
"ACSM3",-4.98214093385064
"LINC00943",-4.98872394577017
"RNU6-628P",-4.99641880836436
"CHSY1",-5.00405584370711
"LBH",-5.00870518431241
"MYG1",-5.00873822793618
"ANKRD34B",-5.01199419416086
"HTD2",-5.01722251645258
"PER3",-5.02333853116773
"CDH11",-5.02608906741102
"CNRIP1",-5.02721129731446
"RNU6-430P",-5.03122502116109
"EEF1A1P10",-5.03218587820696
"TACR1",-5.0337863871849
"ACOT1",-5.03757273595662
"DENND4C",-5.03876340331438
"SLC37A3",-5.04208308052222
"RNU6-514P",-5.04683448762918
"EXTL2",-5.04949843297297
"CTBP2P8",-5.05081951530386
"ATXN1L",-5.05127486217819
"TRG-AS1",-5.05398360711238
"SAT1-DT",-5.05744189187578
"PRSS36",-5.06126019794359
"FBXO3",-5.06290054289721
"BTBD3-AS1",-5.07142020833365
"ENEMAL",-5.07368912344811
"ZEBTR",-5.07498237099163
"ATOSA",-5.08802692865884
"EPDR1",-5.08850974425525
"NCOA4P3",-5.09046658927041
"PSORS1C3",-5.09394520710152
"SCN1B",-5.09558156357891
"ING2-DT",-5.10020777319717
"HEATR4",-5.10055524697043
"MCTP1-AS1",-5.10159606622286
"RAB12",-5.10548291082073
"IFNG-AS1",-5.10644952777832
"OLFML2B",-5.1097652597813
"RNY3P16",-5.11237336047947
"IKZF2",-5.12396087686686
"MTND6P18",-5.12656933640286
"LINC00294",-5.12672854689371
"LOXL2",-5.13401786652047
"SORBS2",-5.13526723142514
"ZNF552",-5.13904031260735
"TRBV7-4",-5.14002624985335
"STEAP2",-5.1540242287647
"GPR171",-5.15808463356873
"SMPDL3A",-5.15972340292935
"NT5E",-5.16053749755013
"PLD1",-5.16136212240482
"FNTAP2",-5.16645456307901
"SETP5",-5.18588943048994
"PTGER2",-5.18902520890388
"SNHG16",-5.19174460942116
"HSD17B13",-5.19959948305459
"RPSAP54",-5.21644405249147
"ITPR3",-5.21725162125444
"EFCAB10",-5.23094561226314
"ZBTB21",-5.23569683707978
"C5orf34",-5.241019995138
"TCEAL7",-5.24478381156628
"HEY1",-5.24482702795141
"ZNF257",-5.24785551962139
"ZNF280D",-5.25775652066704
"SPON1",-5.26648289839436
"CRISPLD2",-5.28202917694558
"SLC25A53",-5.28527399644098
"GAB1",-5.28873020989656
"LINC02703",-5.28944155679323
"MRPL27",-5.29086586220697
"TMEM67",-5.2915882305402
"RPL32P2",-5.295026812983
"CNEP1R1",-5.29745642358279
"RNF13",-5.29822812970521
"MAST3",-5.29842351987805
"NBPF11",-5.3006941579121
"FTH1P20",-5.318132325529
"RASGEF1B",-5.33037882963188
"TRBV25-1",-5.33562962498072
"CBARP-DT",-5.33707883201167
"MED23",-5.34970621656067
"LINC00494",-5.35188197543572
"KIAA2013",-5.35913474580633
"LINC01819",-5.36042681217804
"MIR6761",-5.36956678357107
"TSPAN5",-5.37609238471377
"AIRN",-5.37617366315312
"RTL5",-5.37871031833734
"MTCO2P19",-5.37926247754215
"EHD2",-5.38008104186286
"EMILIN1",-5.38344634892338
"CYP1B1",-5.39063328771194
"RNU6-315P",-5.40242542822366
"RNU2-5P",-5.41615922278026
"MRC1",-5.41903034465262
"SRXN1",-5.43740722696721
"ZNF763",-5.43840139127796
"MIR34AHG",-5.44270338052483
"MYO15A",-5.44344843579668
"WBP1L",-5.44347727693862
"IRAK3",-5.44485505328512
"KLRC1",-5.4482052311551
"SNORA69",-5.45246724438295
"P4HA3",-5.4784079144883
"GUCY2C-AS1",-5.48383227981048
"DOCK9",-5.48497067599922
"ZCWPW2",-5.48651013715297
"CAMKK1",-5.48799063677301
"MYCT1",-5.49159318347539
"TREM2",-5.49559872501722
"RPL19P21",-5.49984574311141
"UBE2H-DT",-5.50016121470252
"RFWD3",-5.50973596332697
"NFIL3",-5.51077173158598
"RNU6-681P",-5.51798004950927
"PBX1",-5.52149582197363
"MYRIP",-5.52614764786671
"SMIM13",-5.52648376876436
"LINC02289",-5.5302809390341
"FOLR3",-5.53669128741983
"MOSPD2",-5.54742815083937
"ATP2C2",-5.55418856819644
"IGHV3-15",-5.55708905026192
"ZNF317",-5.55801472374548
"KRT16",-5.56032651502239
"ACTBP15",-5.56164036452126
"LINC01506",-5.56280941639125
"LINC01023",-5.56642713464804
"HNRNPA3P6",-5.56758961545628
"WDR45B",-5.56766998619201
"TESK2",-5.56812964263948
"CRIM1-DT",-5.58649401212186
"LINC02952",-5.58649401212186
"RN7SL764P",-5.5890270922888
"NPL",-5.59088055387657
"FTH1",-5.59103435182309
"TDRD3",-5.59303902784915
"LINC02391",-5.59994490396032
"HMGN5",-5.60657800535696
"UBXN7",-5.60891955621153
"ZNF589",-5.61243459025882
"CCPG1",-5.61761169735428
"GNG2",-5.62262044330947
"ACKR2",-5.6299086246328
"OSBPL1A",-5.62995621697852
"FGFR1",-5.63261416695491
"RNU6-937P",-5.63660400370184
"REEP6",-5.63827895125026
"CMTR2",-5.65853619839823
"FIBCD1",-5.66086177538054
"CUL9",-5.66206104508555
"IL11RA",-5.66245806474764
"SLC25A43",-5.66560823174569
"PRKAG2-AS2",-5.66685551337049
"LINC00652",-5.67240654248768
"ITIH4-AS1",-5.67979913531876
"SH2D5",-5.68155585187102
"PPIAP21",-5.68155585187102
"ZNF624",-5.68320145399499
"KRT18P22",-5.68513060223263
"EMSY-DT",-5.69390697221636
"MUC20-OT1",-5.69464095791572
"LAYN",-5.6992811597855
"BBS9",-5.70549892464966
"XYLT2",-5.70892825879676
"LINC02541",-5.71223794806804
"FKBP10",-5.7310769379772
"RNU6-1294P",-5.73117144063814
"RPL7P49",-5.73732695546198
"LIAT1",-5.7450145240341
"SPATA33",-5.74670181999248
"DOK6",-5.75381349949698
"RBM48",-5.75809281722079
"STAMBP",-5.76559055246056
"HNRNPA1P5",-5.76594282804131
"RSRC1",-5.78562815112101
"LETM2",-5.80305191003692
"B3GNT9",-5.80694430250008
"ZNF526",-5.81718566188135
"LDB1",-5.82004802547082
"ZNF528-AS1",-5.83183262037613
"IL1RL2",-5.83183527189568
"AKR1C3",-5.83403836553273
"EDRF1",-5.83866273096872
"RN7SL47P",-5.84097416653538
"SDCBP",-5.84329424087229
"ST18",-5.8452768564533
"MIR103B2",-5.84769995358439
"ADAM23",-5.85054032143188
"H2AZP3",-5.85361048476322
"LINC03006",-5.86825173204139
"INPP5J",-5.86835922228887
"SLC4A8",-5.86866626162439
"TRAM2",-5.87591517519019
"PAX8",-5.87656650466727
"MIEF2",-5.87870321107258
"PSAP",-5.87934424446301
"ALMS1",-5.88050667961438
"RNU1-2",-5.88073927079347
"BTRC",-5.88163217608116
"RNASEH2B",-5.89308552322885
"SPIRE1",-5.89341064877019
"SERINC5",-5.89973572310437
"ARMCX1",-5.90060431240708
"ABCD4",-5.90188064917299
"ZKSCAN7-AS1",-5.9053902825125
"ZNF211",-5.90603474706048
"CCL5",-5.90957833661573
"RN7SKP173",-5.91133596981168
"ZNF264",-5.91398640909827
"BBS2",-5.92112199949868
"RIN2",-5.92906563793414
"RPL23AP50",-5.92964312778292
"ZNF354A",-5.93886916897633
"GOLGA8B",-5.9398007280117
"ITPKB",-5.94767733029259
"PRDM6-AS1",-5.95238744644547
"MTND5P24",-5.95266894191713
"GNE",-5.95951948517386
"XACT",-5.98641427419772
"MMP9",-5.99407633467118
"XIAP-AS1",-5.99580718179506
"TCF4-AS2",-5.99586419869332
"RPS26P18",-6.00547287651527
"MAP3K12",-6.01766024055229
"MMD",-6.03569202008615
"DLEU7",-6.03601419625114
"GAPDHP61",-6.04030350505437
"ZNF697",-6.04858315847312
"ZNF674",-6.05053955709573
"RPL36AP41",-6.05279482108485
"LCN15",-6.0547203370887
"ANKRD42-DT",-6.05534049910221
"PARVB",-6.0565292090266
"LINC01485",-6.06054330556838
"ZNF561-AS1",-6.06566052320819
"CYTH1",-6.06831272258429
"PMP22",-6.0779690455067
"COLEC12",-6.07819612987081
"SEMA3B",-6.07831941964833
"NALT1",-6.07964950710772
"ABHD12B",-6.08390409080929
"CRACR2A",-6.09077294087449
"ZNF324B",-6.1063298777814
"COPB2-DT",-6.11375579734331
"ANKRD10",-6.11987751070878
"TMEM255A",-6.12624542598986
"CPM",-6.12971560974547
"ABCG1",-6.13189549377048
"YTHDF3-DT",-6.13191730078902
"CCDC136",-6.13225856120052
"CLMAT3",-6.1334422592417
"BFSP2-AS1",-6.13748296562753
"MIR378A",-6.14093272245572
"PINK1",-6.15084208302044
"LINC01801",-6.15671392845659
"TULP3",-6.15905321221245
"HINFP",-6.17165793694634
"NHP2P1",-6.17254689199119
"AMOTL1",-6.17279486295901
"GRB2",-6.17394014541013
"BMS1P4",-6.18437857751905
"EHD4-AS1",-6.18669251729185
"ZMAT1",-6.19254293322262
"SLC25A5P5",-6.19261410660706
"DCAF4",-6.20326239201383
"RPL7P34",-6.20386407598112
"FAM209B",-6.2044612011766
"OCRL",-6.22148366908358
"IFT122P2",-6.2240535829325
"BBIP1P1",-6.22630537748833
"JOSD1",-6.23101337923098
"MRPL35P3",-6.2371293199936
"EVPL",-6.24130944556156
"PELI2",-6.24614124346072
"RNU11-6P",-6.24793572935555
"MIR4512",-6.24983961867248
"PPP1R3B-DT",-6.25815785130543
"SH2D2A",-6.27056093409532
"RGPD3",-6.28826103288306
"MYCBP2-AS2",-6.3023107214138
"MYBL1",-6.30273945923231
"ZNF212",-6.3034281556773
"MEST",-6.30830910163675
"DOCK3",-6.31754907908604
"FSTL3",-6.32472944526546
"PFN1P1",-6.32764196110242
"PIH1D2",-6.34696076687915
"KCNH7",-6.35996034074029
"HMGB3P4",-6.36634372936074
"CTCF-DT",-6.37851280894539
"NES",-6.37976114411642
"GEMIN2",-6.39116017049582
"RNU6-48P",-6.42743440039482
"MDM2",-6.4510652491241
"CHRM5",-6.4531092269903
"TCP10L",-6.48835733412145
"DPYSL3",-6.50335895237605
"PPIAP40",-6.52025223703023
"NUS1",-6.52646317325401
"CDR1",-6.5283759931698
"MEX3D",-6.53565523441164
"ZNF275",-6.55936726149079
"PAPLN",-6.56652127571689
"IMPDH2",-6.56726576204577
"MCEMP1",-6.56983578743
"TRIM47",-6.57177629738873
"SLA",-6.57201943054077
"ZNF736",-6.58151978824076
"CDC42EP3",-6.5897478292398
"ZBTB4",-6.59189743103158
"AGRP",-6.59985430788354
"PDE2A",-6.61556248214224
"SEPTIN7P6",-6.61735128457857
"TRAV29DV5",-6.62562433531732
"RPL10P7",-6.62840139170721
"CROT",-6.63610161076528
"TBC1D19",-6.64026018124996
"RNA5SP129",-6.64047879796555
"LINC02376",-6.64130163376606
"BEX5",-6.64612394011357
"YBX1P6",-6.64646882491241
"UBAP1L",-6.65984007214688
"LINC01191",-6.66053313400919
"NUPR2",-6.6625720455262
"GFM2",-6.66463347519692
"RNU6-433P",-6.66644369275327
"LINC00937",-6.67540441100641
"PDXP-DT",-6.69000444175248
"TRAV8-6",-6.6908812139586
"RASAL2-AS1",-6.69797358847616
"SLC16A4",-6.7022159283477
"RAB11FIP1P1",-6.70695176155196
"SLC11A1",-6.70803004769978
"MORC2-AS1",-6.7172978692138
"HEXIM2",-6.71776457278172
"VPS26BP1",-6.73214363672966
"ZNF213-AS1",-6.73434308723008
"ARPC1AP4",-6.73548339984834
"MAF",-6.746576025239
"CATSPERB",-6.75514140888723
"DCSTAMP",-6.75557373659112
"UBXN7-AS1",-6.76984523885791
"NBPF8",-6.77202320341081
"EPPK1",-6.77540465970583
"ETS2",-6.78656345511148
"PTPRU",-6.80466151567274
"STMN1P1",-6.81189856294445
"CCT4P2",-6.82129775032395
"HMGB1P17",-6.83430443415088
"TMIGD3",-6.84776104878159
"NEK3",-6.85354912083386
"EEF1A1P16",-6.85802307819486
"MYO7A",-6.86659424376336
"CYB561D1",-6.86661377947356
"CSGALNACT2",-6.8687345901637
"RNU6-407P",-6.8730529658753
"OLR1",-6.87394432859606
"POTEKP",-6.87477515067553
"LINC03078",-6.88653140467848
"ENOPH1P1",-6.90840895580738
"SF1-DT",-6.90963148737421
"TARS3",-6.91908424721988
"ALDH1A1",-6.92077496329258
"NOTCH2NLA",-6.92292625960202
"PRR7-AS1",-6.92414237058565
"CEMIP2",-6.9254223001593
"CLTCL1",-6.93107592987912
"CAND2",-6.93463384474466
"ACTBP11",-6.94196722643486
"ZNF391",-6.94241932676973
"RNU6-1208P",-6.9612895062909
"LPCAT1",-6.96146808179951
"ZNF155",-6.9654541482486
"FAM72D",-6.97449783092154
"CKAP4",-6.9757812370309
"LINC03015",-6.98810280323315
"HGF",-7.01098695099558
"ANPEP",-7.01532833989583
"AKTIPP2",-7.01861244099322
"OSBPL2",-7.02242545646561
"ELL2",-7.03379270814592
"CCDC146",-7.03814713386142
"TMEM42",-7.05018912736832
"CRACR2B",-7.05392434806383
"PHYHIP",-7.0721048161356
"HS2ST1",-7.07818599803395
"DUOX2",-7.07956826477686
"SUMO2P20",-7.09020319938138
"MAP1LC3B2",-7.09126190590062
"ARL4AP2",-7.09674703346376
"TCF7",-7.10209631110064
"TRIM59-IFT80",-7.1030209003054
"GLIPR1L2",-7.10949685971232
"LINC00656",-7.11164975077447
"LINC00242",-7.113262815334
"EEF1A1P50",-7.113767315223
"MPP1",-7.11825200788437
"TPPP",-7.12355909771205
"GPR34",-7.12410028866286
"TTBK1",-7.12624036371025
"GRAMD1B",-7.12911094160513
"ACSL1",-7.13521463190924
"SAMD10",-7.13650417193655
"SNORA72",-7.14150764013412
"HMGN2P15",-7.14384235147062
"BCAP29",-7.14399397628477
"ZNF622",-7.14599336131057
"RNU6-1100P",-7.15052186109931
"CHMP5P1",-7.15204049736935
"SLC14A1",-7.15384502551095
"TANC2",-7.1576660609899
"CT75",-7.16598512843765
"PSMD14-DT",-7.1662877430955
"STKLD1",-7.1682989725926
"RPS25P3",-7.17494836653367
"MIATNB",-7.18416035720609
"CERCAM",-7.20320105394829
"RNU6-151P",-7.20677872420519
"GLT8D2",-7.21596903405915
"RHBDL2",-7.22695320240559
"PLIN2",-7.22916403339451
"RPL5P30",-7.23224551504831
"RPL23AP18",-7.24594426681418
"SLC7A11-AS1",-7.25464508896533
"LINC02288",-7.25609702073353
"POTEI",-7.26779268052085
"TMEM44",-7.2750316672095
"MYCN",-7.27893384461285
"DOLPP1",-7.30635419399977
"G2E3-AS1",-7.31108004489254
"ZNF827",-7.31119569945085
"PIGCP1",-7.31249177197039
"PELI1",-7.31962176456191
"SPTLC3",-7.32303799895849
"C2CD4A",-7.32329641537213
"GPR150",-7.33980186380398
"MCM8-AS1",-7.34470485324341
"EMICERI",-7.34476085183064
"NOTCH2NLR",-7.34812388841114
"RNU6-1190P",-7.34938548817647
"PPIAP78",-7.35938945310033
"RN7SKP127",-7.3629820715492
"PPIAP71",-7.37433216101612
"ARHGEF26-AS1",-7.37540477618165
"SLC22A17",-7.38872170624279
"PYGL",-7.38888293348828
"RPL9P32",-7.40611473077661
"RN7SL1",-7.42390604283175
"EOMES",-7.42666812132967
"CHI3L1",-7.43174427454186
"LINC03122",-7.44056574424072
"LINC02898",-7.45099942490864
"ZNF836",-7.45840487951931
"SNORD59A",-7.47738478264245
"HOXB6",-7.48695095023609
"ACACB",-7.48854334875177
"OXCT1-AS1",-7.4903805602544
"MAGEH1",-7.49929923873923
"RNU6-606P",-7.50156804308978
"LYSMD3",-7.50234792298725
"SLC48A1",-7.50305362101771
"MRPS17",-7.50499176595041
"FAM199X",-7.50703933545406
"LINC01740",-7.50934429233398
"UBE2V2P2",-7.51937949184297
"TRPV1",-7.53161597402907
"LINC03028",-7.54036534115227
"HSPB8",-7.55174856128619
"TAF5L",-7.55191563719977
"TMEM161B",-7.56564588876222
"FCF1P7",-7.56811237031538
"FAM21FP",-7.57688690414923
"MBD3L3",-7.59311622426478
"CREG1",-7.60225500482946
"RGL3",-7.60236579463231
"H3P33",-7.60664083021596
"ST20-AS1",-7.60697294025007
"PLD3",-7.61696778798389
"MIR554",-7.63526032377214
"MTMR3",-7.6428543127808
"SDC1",-7.65354548787264
"EDA",-7.65475276706437
"RAVER1",-7.69044260670353
"CCNP",-7.69299537494727
"SNURF",-7.6987015170508
"ANKRD23",-7.69889443747004
"RPSAP46",-7.69985674040062
"RABGAP1L-DT",-7.70066311350532
"LINC00632",-7.70571020024082
"ZC3H10",-7.70710121738586
"LINC02357",-7.72739526131231
"ABL2",-7.72993490154368
"IGHV1-2",-7.73269574832372
"A2M-AS1",-7.7359222316599
"SLITRK4",-7.7444538382259
"IL1A",-7.75254901297799
"HIC2",-7.7659776462463
"CFAP45",-7.76646045047561
"ANKRD35",-7.77934377272542
"CCDC40",-7.78770315706502
"ITGB1",-7.8052381205968
"CLEC12B",-7.80784979540936
"GIMAP5",-7.83716673121476
"LSMEM1",-7.83834028827438
"PDCD4",-7.84180369341782
"ANKRD46",-7.85436024032527
"CCN1",-7.86593511861946
"ZNF613",-7.86636698732326
"DANT2",-7.87861960511548
"CCN4",-7.89288503251604
"PODN",-7.92260955132436
"NEUROG3",-7.92371940630788
"EOGT",-7.929654193983
"CCDC144NL-AS1",-7.94957141762954
"KCNN3",-7.96320130238406
"ANKRD9",-7.96933260000233
"GPR22",-7.9739227747861
"ETS2-AS1",-7.97484083620627
"INSYN1",-7.99894584950765
"TMEM17",-8.00143665711352
"RNY1P10",-8.00325615340396
"PABPC1P1",-8.00356085733496
"MPHOSPH6P1",-8.00463305102338
"CTSS",-8.01397944848314
"ATP5MFP4",-8.01983758930637
"GUCA1B",-8.02325687967655
"CTIF",-8.03359668188748
"SLC12A5-AS1",-8.04032311239571
"ACBD7",-8.04134106065613
"POLR2M",-8.04916057077564
"CFL1P4",-8.04977719798838
"UBASH3A",-8.05593737529258
"ACTBP4",-8.06061752217109
"EGILA",-8.06820814102015
"SEMA6C",-8.0829108073103
"LIPA",-8.08323785023171
"RBMS1P1",-8.09948419888466
"PAFAH1B2",-8.10711078561423
"GATD3",-8.10929776133766
"SLC4A3",-8.11212262710564
"PPP2R5C",-8.11212858679584
"RGS5",-8.11905852010557
"STEAP1",-8.11964834514807
"KBTBD11",-8.12355977307639
"DNAL1",-8.13627180324553
"QRICH1",-8.15049179053493
"FAM66B",-8.18130261976187
"MYT1",-8.18163481720311
"LINC02315",-8.18192083130021
"ERCC6",-8.18629039891253
"FOXP1-IT1",-8.20130328711902
"ZNF549",-8.20168475061772
"ZNF562",-8.20424407032037
"PRKX-AS1",-8.20844327099086
"ELOCP19",-8.21432196571652
"TNFRSF13C",-8.21753842737825
"SNORA10B",-8.21817499734494
"ZNF235",-8.22163336964068
"TXNDC2",-8.22252833296186
"BCL9L",-8.22481426851814
"INKA2",-8.22767417001249
"CCDC13",-8.24063982433722
"DNAH7",-8.24100708212247
"VASH2",-8.24737576105663
"LRP4-AS1",-8.26347491692572
"C8orf58",-8.27407514257172
"LINC00222",-8.2824306979549
"FILIP1L",-8.28261433124042
"RNU6-946P",-8.29090093807177
"LINC01545",-8.29137815549364
"PLEKHM1P1",-8.29521743604018
"CACNB1",-8.308725147704
"KCNMA1-AS3",-8.33239893599234
"WNT1",-8.34025234788992
"SEPSECS",-8.35668425171308
"TRBV28",-8.35745916004946
"CDH13-AS2",-8.36992660372152
"COL10A1",-8.37965713916425
"LINC00482",-8.38135800088926
"LINC02482",-8.38644284130188
"COL4A2-AS2",-8.41271545810344
"LINC01400",-8.41803592616733
"GORAB",-8.41828363637945
"PLA2G10",-8.43173948725956
"CSTBP1",-8.43733158504297
"ZNF8-ERVK3-1",-8.43888165090068
"STX18-AS1",-8.44055159917353
"CIRBP-AS1",-8.45531454023445
"RPL3P9",-8.47933146282053
"MEG3",-8.4799969683389
"PEG3",-8.48842437298019
"VSTM4",-8.50923761419172
"PPP1CB",-8.51159076147942
"C16orf86",-8.51804108720414
"RPL3P6",-8.52759175211108
"DCDC2B",-8.53005829687098
"RNVU1-31",-8.54207407640105
"CEP128",-8.54985032217668
"ALKBH6",-8.57098226015663
"RPLP0P6",-8.59664927785031
"RN7SL510P",-8.59668021356987
"ZSCAN29",-8.59758403933401
"FAM106A",-8.6031016846266
"SCX",-8.60691855456264
"SYNCRIPP1",-8.61100496773463
"TRBV4-1",-8.61189960874707
"SNORA11B",-8.63795893233023
"CFAP36",-8.64157024182103
"MAMDC4",-8.64370249065938
"NXN",-8.65604583636838
"ABI3BP",-8.6616906699951
"SNORD69",-8.69696631706489
"TRGC2",-8.70082993998974
"MRPL20-DT",-8.70383803856078
"FAM110B",-8.70394240217298
"TXNDC12-AS1",-8.71266623265821
"DTNB-AS1",-8.7241102353423
"WDFY3-AS2",-8.74110284189828
"FTH1P25",-8.76993624225908
"IL12RB2",-8.77146759369478
"SPDEF",-8.77463341387593
"PIP5K1B",-8.78887812547727
"LINC01237",-8.80528101045015
"GRIN1",-8.83962480008935
"NFIX",-8.84046267245652
"STS",-8.8432242764767
"PHF10P1",-8.86974165500562
"RN7SL388P",-8.87018248746639
"RNU6-1011P",-8.87321351565646
"SNORA24B",-8.87821376150381
"RN7SKP198",-8.88148576755767
"ZFAT-AS1",-8.89097099482469
"HSPE1P18",-8.89889693503361
"RPS3P2",-8.90140447773957
"ZBTB6",-8.9061249072537
"FFAR2",-8.91534531929411
"KBTBD4",-8.92799992779621
"KANK3",-8.95657205462806
"DDX55P1",-8.95657554550246
"TRBV11-2",-8.95733902710331
"IGBP1-AS1",-8.95733902710331
"HSD17B2",-8.95809583732462
"ETS1",-8.95867078330418
"CPAMD8",-8.96063243292965
"C9",-8.9727711476429
"RNU6-1107P",-8.97800468483818
"B4GALT1",-8.98332481726774
"NLK",-8.98955830020311
"CCNJP2",-9.00843597390187
"FNDC11",-9.00938458489791
"TTC12",-9.01226810742225
"APOBEC2",-9.01438575404185
"TTC9B",-9.01623881723451
"LINC01433",-9.03871829086738
"CUL7",-9.06450969092046
"IGHD",-9.0661977036606
"ALDH1A3",-9.07475441284095
"RPL34P22",-9.08274625141511
"LINC01954",-9.08303297635853
"RAB44",-9.09447506403104
"CLUL1",-9.10156438144053
"FZD9",-9.10447806469422
"RPL34P6",-9.12606900800542
"HLA-G",-9.12890687904057
"INHBB",-9.12910429731045
"RNF5P1",-9.12950832528146
"MIR326",-9.13415446841702
"FABP5P9",-9.15362918495779
"GSTM3",-9.16078049102365
"SPARC",-9.17667020573376
"ZNF587B",-9.18006244941375
"IGHV3-23",-9.18672029875662
"LINC01270",-9.19337227907399
"KRT17P6",-9.20033941162072
"EEF1A1P7",-9.20495256622112
"DPP4-DT",-9.21235369261126
"ZBTB40",-9.21775727994296
"SENP1",-9.21918998589847
"SLC2A5",-9.23448760389465
"TSGA10",-9.24766983256365
"MIR4529",-9.25377586973732
"NKTR",-9.27493431057877
"IGHG2",-9.27735531505186
"JAM3",-9.27771481608355
"LINC02680",-9.29003485456105
"PPP4R1",-9.2993222111025
"ASB7",-9.30073305991785
"PANX2",-9.30665559272646
"LINC02018",-9.31922442760265
"RNU6-1016P",-9.32317054329571
"HTR2B",-9.32772569433794
"ANO9",-9.32773951046833
"PBXIP1",-9.33565559957805
"RNA5SP439",-9.34078387811954
"INTS5",-9.34219664435848
"UTS2",-9.34635676717176
"DDR2",-9.350547685056
"SPATA12",-9.35307659504813
"PTGDR",-9.35795807784871
"ZNF30",-9.36154020060405
"D2HGDH",-9.36581328096411
"IL2RB",-9.37819425526801
"CMYA5",-9.37901275650721
"KDM6A",-9.38738717050863
"RN7SL334P",-9.42114886648497
"BFSP2",-9.42567537303183
"LOXL1-AS1",-9.4352726579098
"RPS11",-9.45786337227159
"KLHL11",-9.4666345592509
"DCUN1D2",-9.47541328477252
"RTEL1-TNFRSF6B",-9.48637273522428
"EDDM13",-9.51728728085827
"PDE4DIP",-9.53580541069981
"RPL13AP9",-9.53740757851946
"CAPN14",-9.53910391043393
"CLDN23",-9.53974267768366
"EOLA1-DT",-9.55427194472309
"NDUFA6-DT",-9.55939458174519
"CRYBA2",-9.57140293647719
"RYR3",-9.57220616577803
"CCN5",-9.58285994924103
"RPL31P18",-9.59458679756345
"EFHC1",-9.59486978755931
"C5orf22",-9.59701574227688
"POU2AF1",-9.62678329066557
"APOC1",-9.63977772666227
"TRGV8",-9.64825952920921
"SSBL4P",-9.66430415261414
"NUP50P2",-9.66705270859621
"SIDT1-AS1",-9.6815154487148
"MINDY1",-9.68175161432358
"RNU6-188P",-9.69310710915711
"CA3",-9.69985282663282
"PARD6B",-9.7206405886797
"ZNF571",-9.72241407378742
"MAN2A1-DT",-9.74110996671461
"ZFAND3-DT",-9.76142069304804
"MIR1972-2",-9.76196618824025
"MLC1",-9.77906597459991
"THBS3",-9.78268796897064
"IFITM10",-9.79012733421247
"TRBJ2-2",-9.81469145725706
"MLF1-DT",-9.81754282586617
"MRPS33P2",-9.82104387427712
"DND1P1",-9.82192441126796
"H3P5",-9.83758244465
"CASQ2",-9.83886877024514
"LGMN",-9.84334075636483
"FAIM2",-9.84998633645779
"SNORD66",-9.8557414628756
"DICER1-AS1",-9.86077670572701
"TOX2",-9.86234214321635
"RPL22P21",-9.86281084978271
"ZFP36L2",-9.86498082848251
"RNU6-1017P",-9.90105218472466
"PGAP4",-9.9012649329744
"TMEM68",-9.90380228739403
"TTC36-AS1",-9.91671333039858
"SNORA16B",-9.9484681622554
"SLFNL1",-9.9509333329521
"NIP7P3",-9.95131956242752
"MIR4676",-9.95181789113593
"RBP4",-9.98401743439443
"KCNJ11",-9.98586705692853
"RGPD6",-9.99280994257244
"TNRC6C",-10.0005666681107
"SCN2A",-10.0049913847663
"IFT172",-10.016863048828
"LCDR",-10.0212923600673
"SPDYE10",-10.030338160459
"EAF1",-10.0353905291743
"LINC02980",-10.0377255793934
"HSP90AB4P",-10.0683095938473
"HPGD",-10.0695972076151
"LINC02539",-10.0739915362438
"EAF1-AS1",-10.0853506488003
"SERBP1P6",-10.0884373020768
"ZNF268",-10.0893691996359
"ACER2",-10.0966401036419
"ERCC6L",-10.1012610326165
"SHC4",-10.1064812472111
"RNU6-930P",-10.1193492786895
"STAB2",-10.1218048087245
"RNU6-89P",-10.1253591738179
"TSHZ3",-10.1316450526436
"DOCK4-AS1",-10.1464103362538
"OBSL1",-10.1681821669009
"UBE2CP5",-10.1716341774471
"TRAV8-4",-10.1725119390456
"WDR97",-10.1772829109857
"ACOX2",-10.1792482565563
"TAS2R31",-10.1858718740262
"TNFAIP6",-10.1892865769416
"TMEM119",-10.1958818430349
"RIC3",-10.2338106251631
"OVGP1",-10.2409014699202
"ZDHHC9",-10.2444425453375
"ZNF17",-10.2475522304236
"NRP2-AS1",-10.2516710593212
"SIMC1P1",-10.2599119294271
"LINC01730",-10.2714313010902
"RAB17",-10.305983390216
"SOD2",-10.3289145160804
"TJP2",-10.3304692540147
"TRGV6",-10.3309959290748
"ZBTB47-AS1",-10.3428935017871
"ZFP64",-10.3510205120614
"MAPK6-DT",-10.3546047824052
"ZNF607",-10.3657364505773
"LINC03090",-10.3735505104694
"TMEM154",-10.3767339590494
"BOC",-10.3854799528014
"PABPC1P8",-10.3996465211065
"MS4A4A",-10.4042389320776
"MALAT1",-10.4086178790677
"FLRT2",-10.4271372173985
"RNU4-60P",-10.4773647041462
"OBSCN",-10.5063261805876
"MAFTRR",-10.5125479847098
"LINC01409",-10.5217887355542
"CUBN",-10.5249569591885
"RPL9P30",-10.5407155214869
"TIAM2",-10.5615776847132
"DPRXP4",-10.5619732907009
"ZNF774",-10.5643958383937
"NSUN7",-10.5688154503875
"ZNF821",-10.5706043375924
"FILIP1",-10.5762697940866
"ANGPTL4",-10.5838086124202
"RNU6-1053P",-10.5958740985497
"TCF7L1",-10.6100298004034
"RHCG",-10.6145627061654
"ADGRE1",-10.6333665229429
"ZNF101P2",-10.6719671579398
"LINC02435",-10.6822844760742
"LYPD2",-10.6903889103238
"THRB-AS1",-10.6962727165542
"CD109-AS1",-10.6979516208181
"PTCRA",-10.7085017632602
"PARP15",-10.7208453112883
"POGLUT2P1",-10.7241392592422
"MARCKS",-10.7573943491615
"SYTL4",-10.8205691606241
"TRBJ2-1",-10.8242872693264
"VMO1",-10.8306954275654
"NPM2",-10.8346027463451
"SLC22A4",-10.8348350752368
"CCL22",-10.8385300066127
"KCNH4",-10.8445453583624
"SUMO1P1",-10.8566129164709
"COL4A2",-10.8823074879188
"LINC02323",-10.8835140970901
"MIR7845",-10.8871893493582
"SLC6A8",-10.8962026821889
"TRAV17",-10.9042038649517
"RDM1P3",-10.9047651405395
"BEST1",-10.9114638331886
"UPB1",-10.9174657236658
"SOD1P3",-10.9205471240437
"ABTB1",-10.9245945320102
"CC2D2A",-10.9387187078853
"MIR4470",-10.9543687494472
"DNAJB13",-10.9810486919805
"OSBPL7",-10.9905567535522
"MIR1302-9HG",-10.9996444611799
"AKR7A3",-11.0099511598778
"RN7SKP26",-11.0100766288415
"CCDC27",-11.0152674487705
"MIR181A2",-11.0161827801892
"RCBTB1",-11.0303298989624
"SLC9A9-AS1",-11.0389005704806
"MIR4308",-11.0441267200653
"RAB5CP1",-11.086409671957
"ETAA1",-11.0878951502003
"SLC25A39P1",-11.1009236179826
"TOB2P1",-11.1225601241012
"VMAC",-11.1299142934625
"MT1G",-11.1377803699944
"DUTP1",-11.1574135782219
"PEX7",-11.168471553636
"SGSM3",-11.1735113648788
"ADAM10",-11.1780323909132
"IGFBP5",-11.1987602928697
"TRBV27",-11.2320531205106
"FKBP1AP1",-11.2370146213892
"RPL32P11",-11.28324381247
"PRELID1P5",-11.3037750578172
"ZNF354C",-11.3089389795066
"RN7SL840P",-11.3140347380598
"MTCO3P23",-11.3200979029145
"LARP6",-11.3270864493882
"CXCL2",-11.3273297675046
"IGLC3",-11.3300093846318
"LINC01619",-11.3595346089855
"PLCB1",-11.3772296928319
"SLC9A5",-11.3779960940795
"FIBIN",-11.3961549006043
"PPIAP13",-11.3996431121727
"SLC39A12",-11.4074238757232
"ANKRD10-IT1",-11.4257852643801
"SPAG1",-11.426188274721
"MIR766",-11.4290685273768
"RUNDC3B",-11.4378246728553
"GFRA2",-11.4432583336613
"MIR548C",-11.4517161270715
"TAF9B",-11.4548519311359
"NLRX1",-11.4884740780601
"LINC01562",-11.4957231400732
"ANKRD49P1",-11.5012269085933
"LINC03042",-11.5113788353022
"MAGEE1",-11.5268080205696
"ITIH5",-11.5394382165044
"BTF3P6",-11.5466290282969
"DLEC1P1",-11.5597478826931
"SPATA7",-11.567268528546
"TSPYL1",-11.6019550433791
"ZNF606",-11.6218398167974
"FXYD6-AS1",-11.6300244026665
"PDE4DIPP2",-11.6316006413687
"KNDC1",-11.6333881879148
"MSR1",-11.6340712991201
"YBX1P8",-11.6349888027909
"PDE7B",-11.6454709175546
"KDM5C-IT1",-11.6590899801447
"CCDC73",-11.6674820733765
"PBX4",-11.6749363307321
"PHLDA1-AS1",-11.6806960205211
"OBI1",-11.7031635293464
"CDC14A",-11.7105630819989
"TMCO3",-11.7165111108119
"CADM1-AS1",-11.7165441339682
"RNU4ATAC16P",-11.7300847973548
"C1QTNF7",-11.7369814104339
"RNU6-379P",-11.7543815601674
"ATP1A3",-11.7887533067077
"RPL23AP15",-11.8063007239114
"DMWD",-11.8184497038591
"HLA-DQB2",-11.8484964166638
"RNU6-652P",-11.8595702667753
"RNF145",-11.8845073113676
"SNORA3B",-11.8872812047306
"RXFP4",-11.8987144532416
"SRP14P3",-11.9009726555613
"SNX2P1",-11.9268785557305
"STK4-DT",-11.9289414223287
"SFN",-11.9355595235347
"HPD",-11.9462196739546
"KLRC2",-11.9498672604234
"ZNF280C",-11.9627418475339
"LINC01303",-11.9635988078668
"LRRN1",-11.9664882061972
"ERRFI1",-11.9748165063467
"HSPE1P26",-11.9779643641559
"NIBAN3",-11.9814201975817
"TALAM1",-11.9846888461548
"THAP2",-11.9903359478116
"GATD1-DT",-12.001751702183
"GPR25",-12.0058544973741
"TRBV2",-12.0059656391188
"PSRC1",-12.0149460717706
"TAFA2",-12.0220532504992
"CYGB",-12.0495261586539
"RPS3AP28",-12.0710328466129
"DUSP5-DT",-12.0787002692772
"RNY1P6",-12.0804903332351
"ZNF678",-12.1456086894375
"H4C11",-12.1937367828575
"RANBP17",-12.197019165909
"ELOVL4",-12.2272843293984
"LINC00624",-12.2277261978668
"RPL34P24",-12.2449245472137
"FANK1",-12.2782731463603
"RNU6-179P",-12.2873963282762
"LINC02352",-12.2878412549633
"CENPV",-12.3436288806487
"SPOCK1",-12.359087904377
"RETN",-12.3634624776634
"PDCD4-AS1",-12.3723448207675
"ZNF610",-12.379328815642
"PPIEL",-12.4165444937383
"SLC4A10",-12.4194626181289
"CDR2L",-12.4451800905055
"CD9",-12.461426717576
"BTF3P12",-12.4662402568168
"PRDM2",-12.4681288401709
"KRT17P3",-12.4800136847547
"IL18RAP",-12.4819385562708
"SMIM6",-12.5174887398653
"MIR200CHG",-12.5204114967113
"COL6A3",-12.5362676066695
"PIERCE2",-12.5413687597706
"MYORG",-12.5584735706885
"THNSL1",-12.6028749504499
"MIR558",-12.6260722047322
"INMT",-12.6276410935371
"RNU1-73P",-12.636056405868
"TRPV3",-12.6458171029147
"RNU6-757P",-12.6538490419766
"RRAS2",-12.6620459978622
"RN7SL523P",-12.6628935129808
"RNF139-DT",-12.6825709283133
"ZNF254",-12.7025196412597
"GZMB",-12.7114497542329
"PRICKLE2",-12.7348598187969
"ZNF799",-12.75215543242
"TOM1L2",-12.7552369784258
"TRBV6-2",-12.7844127254272
"ZNF410",-12.8165641499583
"BTF3P16",-12.8231168870763
"RNA5SP82",-12.8306895714567
"WASL-DT",-12.835225432044
"LINC00671",-12.8693226554122
"LINC03033",-12.8829431170907
"BICRA",-12.8915372666154
"HIF1A",-12.9074712948783
"ATP6V0E1P1",-12.94753889196
"TRBV14",-12.9853723582577
"SIGLEC8",-12.989422970872
"BTN2A3P",-12.9959201576065
"B4GAT1",-13.0071456675154
"RNU7-169P",-13.0249572873515
"FXYD6",-13.0329156954865
"TNFAIP8L3",-13.0336773233391
"DPYD-IT1",-13.0389016181419
"ADAMTS6",-13.0796431033144
"SLC35F3",-13.1000050296672
"CARD8-AS1",-13.1620641866221
"RTL10",-13.1688464310637
"INO80D-AS1",-13.1733996002765
"TSNARE1",-13.1787868980514
"MSANTD3",-13.2008938948255
"NEK5",-13.213964643655
"EVC",-13.2141524983869
"LINC01126",-13.2168747218324
"THAP12P1",-13.2306278369219
"RPS27AP20",-13.2380794153054
"AKT3-IT1",-13.2384564819132
"PTGES2-AS1",-13.2459713583351
"GCNT7",-13.2629392154398
"ESPN",-13.271259192053
"TNFRSF21",-13.2732021353574
"EID3",-13.2789032835972
"IFT56",-13.2978976738189
"ZNF329",-13.3152330161903
"BUB1B",-13.3313958249104
"PCDHGA3",-13.3403800051968
"ZNF423",-13.351850289719
"DIABLO",-13.363888243682
"LINC02925",-13.3681719720316
"CRYBG2",-13.4040140967449
"TRPM6",-13.4236509052782
"PDE4D",-13.429569585391
"ACADSB",-13.4492026046508
"THBS3-AS1",-13.501885006335
"FOXN3-AS2",-13.50750900683
"OR4E2",-13.52567691281
"IGFBP3",-13.5382010653048
"LINC03125",-13.5389375336234
"FAM8A1",-13.5464978364982
"ZNF559",-13.554466423425
"TENM1",-13.5605063655031
"DLSTP1",-13.5649624649943
"STX18-IT1",-13.5664472206147
"SMIM18",-13.5751370346773
"BCAS2P2",-13.5813234266038
"RPL32P37",-13.601360226842
"KCNIP3",-13.6200807419349
"TMEM51-AS2",-13.6340657926869
"LAMC1",-13.643243280966
"CPNE5",-13.6576113913649
"RNU6-531P",-13.6624210891048
"C8orf44",-13.6750138584329
"PHB1P5",-13.6794468506124
"LZTS3",-13.6863563965377
"PPP1R2C",-13.7103738978625
"ASAH1",-13.7118625892609
"AEBP1",-13.7176500811835
"RPL22P18",-13.7343870774987
"CYBRD1",-13.7540961681778
"PRRT2",-13.7742258273269
"RPL19P6",-13.7977369351733
"SAT1",-13.8109605228937
"SULT2B1",-13.826796067973
"NCAPG",-13.8298138661031
"C12orf60",-13.8407119129601
"CLSTN3",-13.8423371445817
"MIR548AC",-13.8427987962831
"IGLV2-14",-13.8621382435668
"MMP1",-13.878117339499
"IL1R1",-13.8842375163872
"IHO1",-13.9119980964226
"CCDC187",-13.9166642460422
"DCAF4L1",-13.9675678679852
"CCDC150",-13.9870155931737
"RNU2-68P",-13.9873121858544
"KCNJ2-AS1",-14.0189840034743
"ADGRE3",-14.0286576913728
"RGPD2",-14.0336673804542
"YJEFN3",-14.0604926290509
"PTPN13",-14.0627084644289
"CTDNEP1P2",-14.074288581578
"IQCD",-14.077310509475
"WNT10A",-14.0807226091317
"RPS2P53",-14.0867636880761
"LINC02993",-14.1062324804675
"MDGA1",-14.1073347754146
"GPR162",-14.1081145579945
"RBL2",-14.1167805443341
"MTUS1-DT",-14.1278466796194
"CCNYL7",-14.1386175721303
"CEBPE",-14.147138231921
"CFD",-14.1498561259472
"LINC00390",-14.1554295195696
"MXRA7",-14.1563356941081
"RPS29P21",-14.160907835381
"MYO5C",-14.1800361677009
"HOXA9",-14.2329747140128
"LRRC63",-14.2345192677815
"PLD6",-14.2452146936458
"CARD9",-14.2559445905153
"CCDC88C",-14.2651892218798
"GPR68",-14.2676622303956
"CXCR5",-14.2689897242823
"RN7SKP16",-14.2844306626915
"MMP19",-14.2986004096091
"FAM27C",-14.3005121415702
"HSPA8P15",-14.336895095134
"ALMS1-IT1",-14.3646450875719
"NTM",-14.3819553830799
"ZNF713",-14.3870169477213
"ST13P15",-14.4380971220327
"ARMC9",-14.4401316838612
"MTND2P7",-14.4515216583
"CHCT1",-14.4714161482595
"FZD7",-14.5065230743029
"MIR548D2",-14.5194410512326
"GRK5-IT1",-14.5417147475321
"LINC01465",-14.5654467045033
"PKD2L1",-14.5654687579812
"SCARA5",-14.5750792814283
"MTMR11",-14.5862710056934
"PTH2R",-14.586764736254
"PLAC9",-14.589318656553
"DUSP15",-14.6040264825842
"GAS8",-14.6040851981064
"TBX5",-14.6108947741254
"ZNF623",-14.6395927427105
"LHFPL2",-14.6637475218404
"CPNE7",-14.6655251972649
"RPL7L1P12",-14.6987504341781
"TRGV5",-14.6994796659608
"ADAM22",-14.699919413515
"IGHV3-33",-14.7008713344774
"STXBP4",-14.7214878323746
"ARL15",-14.7224742106028
"ZDHHC11B",-14.7257717634282
"THBS2",-14.7329353517832
"MIR548Z",-14.7337770147662
"SNX25P1",-14.7399350575664
"MTUS1",-14.7595943761839
"LRRC17",-14.7605753190197
"ITIH2",-14.7623924500735
"CDC42EP3-AS1",-14.7781349202761
"EHD3",-14.7861936242662
"LOLI1",-14.8612110954319
"MTND3P12",-14.8668906562807
"RGL4",-14.8699912054172
"BANF1P1",-14.8814567810463
"TP53INP1",-14.9778894282455
"SLC12A8",-14.9981485039555
"LATS2-AS1",-14.9998095012203
"ZNF93",-15.0076939064971
"CERS4",-15.0238205339171
"CCL21",-15.0441153935158
"GNMT",-15.0496854709595
"RBM12B-AS1",-15.0637830796223
"GRM7-AS1",-15.0720049308371
"CDA",-15.0733181207149
"BASP1-AS1",-15.1016468411357
"COL14A1",-15.1549735641649
"CYP7B1",-15.1713161732184
"ANTXR1",-15.1813972431714
"CD52",-15.207714919962
"TNFRSF10A-DT",-15.2107672705119
"NBR2",-15.2222058867707
"RN7SL23P",-15.2230798334649
"IGHV3-11",-15.2523848451219
"EFCC1",-15.2632717331129
"EDRF1-AS1",-15.3349047856336
"BEGAIN",-15.3426085764938
"TMEM71",-15.3439963472717
"RNU6-667P",-15.3589071066761
"C7orf57",-15.3595656091641
"TRPS1-AS1",-15.3611438455612
"FBXW4P1",-15.379992150576
"JAG1",-15.3851753188327
"MIR31HG",-15.3947642995605
"CCDC149",-15.4012993595685
"RPS6P8",-15.4052034001662
"FCRL1",-15.4258620832863
"KNOP1P2",-15.4434403624555
"USP44",-15.4646649600849
"SRSF6",-15.5701178753789
"PPIAP16",-15.5706234809648
"RN7SL273P",-15.5846245115977
"LINC03068",-15.5981245988883
"LINC01271",-15.5982176269414
"NEIL2",-15.5983226107573
"NFX1",-15.6113285710817
"PDLIM1P4",-15.6116785483141
"PLPP3",-15.654155170429
"DDX47",-15.6711440288807
"CNOT6L",-15.6735884616953
"AZU1",-15.7119554038701
"HERC2P10",-15.7158116129047
"ACAD11",-15.7341759954788
"GFOD1",-15.7538196270481
"RPL12P11",-15.7604740377045
"SLC27A2",-15.8277566463295
"CD7",-15.852075918756
"MIR3936HG",-15.8823053166135
"EXD3",-15.8922670470307
"MFSD13B",-15.9436769209771
"SLCO4A1-AS2",-16.0038990170893
"EFCAB12",-16.0191854425144
"RPSAP11",-16.0285329288798
"ADGRV1",-16.0907696345368
"HEYL",-16.1106231339921
"ABO",-16.1179637340058
"MAPK7",-16.1833405041861
"MSANTD7",-16.3026986960887
"PGAM2",-16.3073991070345
"LOX",-16.3219277077689
"HPSE2",-16.3279855326187
"ARHGAP29",-16.3409257412859
"RNU6-761P",-16.3978035167515
"LINC03058",-16.4193815505267
"TRIM36",-16.4716830434088
"ANXA9",-16.5044883850644
"B3GNT2",-16.5233655817297
"TBX21",-16.5239054441536
"RAG1",-16.5267467474971
"CCL7",-16.529309455138
"ITPRID2-DT",-16.546875651651
"TRBJ2-7",-16.5485982254569
"KDM2B-DT",-16.5615862954954
"LDLRAP1",-16.5653423731026
"ABRA",-16.5705149965567
"IFT70A",-16.5722954476466
"MXRA5",-16.6188592126509
"PRAG1",-16.6582001967227
"AQP9",-16.7282087965781
"CCR6",-16.7430955374261
"RBM44",-16.7849860613091
"IQCH",-16.7874855571461
"LINC01412",-16.8224753086963
"QSOX2",-16.8266553488677
"SMCR5",-16.8446494414717
"KCNAB1",-16.8589372008537
"LINC01150",-16.8872273120784
"MYOM1",-16.9047196688223
"SHC3",-16.9131772879365
"RPS3AP34",-16.9164158613302
"ZFHX4",-16.9405065132493
"TCF23",-16.9453319448647
"NKX6-2",-16.9485352106421
"CDC7",-16.9509165734511
"SPIC",-16.9708603344901
"FAM209A",-16.9740980778438
"TMPRSS11D",-16.9798543008798
"FRMD6",-16.9803808532128
"ZFAND4",-17.0051482262892
"SOX12",-17.0056247851556
"FOLR2",-17.0189737493754
"RPL34P20",-17.0192610862068
"FAM204BP",-17.0378193998963
"OXR1-AS1",-17.0455476701968
"CH25H",-17.0655765007772
"DGKI",-17.0711066160213
"MAFG-AS1",-17.0928248429902
"RNU7-181P",-17.117317475005
"FAM30A",-17.1260620642262
"PDYN-AS1",-17.1296072661646
"TNFRSF13B",-17.142721225519
"KIF3C",-17.1794012137205
"KLRK1",-17.1908508187896
"RPSAP21",-17.1910437246186
"APOBEC3H",-17.2098798246784
"SLC25A30-AS1",-17.2129938955606
"RPS12P32",-17.2477068698561
"ZNF547",-17.2825782261847
"PGLYRP2",-17.3229973979209
"P3H2",-17.3538871142098
"PITX2",-17.3643924940491
"PRKCZ-AS1",-17.369257802541
"TRPA1",-17.3806494745406
"LSR",-17.4114207702216
"UPK3B",-17.4129433990152
"LINC01909",-17.4310078956692
"ABCC9",-17.4424038515477
"DCHS1",-17.4444986295119
"LINC00664",-17.4461470588159
"GLB1L3",-17.5035014362812
"ATXN7L2",-17.5194521736895
"ANG",-17.5243458359041
"SAMD13",-17.5808928242934
"SMIM2-AS1",-17.6173025419234
"TEC",-17.6399161260932
"LINC01967",-17.6408607795334
"LINC02195",-17.6518800068463
"IGHJ4",-17.6797752386399
"CAGE1",-17.7046209407793
"RNU6-418P",-17.7522505765292
"BEND3",-17.7969194604123
"RAMACL",-17.8315736506437
"RN7SL230P",-17.8376868377496
"MAPK13",-17.9054033926799
"ZNF189",-17.9076793709864
"FAM135B",-17.9088898752133
"RNU6-32P",-17.9223553771299
"ITPKB-AS1",-17.9544505379334
"MFHAS1",-17.9607287698088
"ABCA1",-17.9919025678046
"MYO1H",-18.0043316126231
"DTX1",-18.0193223920788
"OOEP",-18.0247697085309
"MBOAT4",-18.0360295227405
"ANK2",-18.0385963532053
"FOXO3B",-18.0395050901935
"LINC03086",-18.0474101241481
"PERPP2",-18.081036275725
"WNT3",-18.0951029921142
"NEFM",-18.1237916306332
"GPR174",-18.1545387517497
"ST3GAL3-AS1",-18.2567256136244
"RNU6-446P",-18.296912601665
"RPL35AP5",-18.3252963156397
"ZKSCAN2",-18.3637140107082
"RNA5SP122",-18.3735609263181
"RPL32P1",-18.4019670486947
"FAM156A",-18.4428610860993
"PHLDA1",-18.5076171526675
"GNRH1",-18.52721392663
"JPH4",-18.5543752024608
"SLC16A10",-18.5609100386612
"FXYD7",-18.5689890718628
"PDGFRL2P",-18.5752830956058
"ATP5PBP1",-18.6299667500807
"TRBV3-1",-18.6482702612214
"MIR570",-18.6640197834189
"LINC02774",-18.7194896526256
"CYP4F22",-18.7336190552766
"VASN",-18.7589182400974
"EML6",-18.77021449449
"CBX5P1",-18.7773469671634
"DTNB",-18.793530925965
"LINC02185",-18.8510005278419
"ADAMTS17",-18.8537318168482
"DHRS9",-18.8639155892446
"TRBV6-5",-18.87160358779
"ZNF571-AS1",-18.8885893928776
"COL6A2",-18.9672785217737
"SERPIND1",-18.9828630190576
"MAP3K9-DT",-18.9832938695204
"RBL1",-19.0212833909443
"VWA1",-19.0548081063868
"ABLIM1",-19.0796822854978
"SGMS1-AS1",-19.0861417769119
"F2R",-19.0930375693589
"RPL21P1",-19.1092035866393
"RPL29P27",-19.1205288030225
"WDR27",-19.1495320653926
"SNRK-AS1",-19.1659510579963
"LINC01806",-19.1742015130977
"SLC29A2",-19.1880491855382
"SRSF10P1",-19.1893901556454
"GZMM",-19.1920035183061
"TM4SF19-AS1",-19.2338453509472
"HNRNPA3P9",-19.25324301585
"CIAO2AP2",-19.2718221348667
"ZKSCAN7",-19.2959179357072
"CCL20",-19.3054638138436
"TLCD2",-19.3103247069374
"NUDT19-DT",-19.3310288834211
"SH3PXD2A",-19.3724720391999
"SPTBN4",-19.3960815619147
"PRKCE-AS1",-19.4253094354041
"CMBL",-19.4999592747073
"SYN2",-19.5486381646212
"ASH1L-IT1",-19.5578281366178
"LINC01934",-19.5597135904291
"TRAV26-1",-19.594778418659
"TSKU",-19.6256949485954
"ABCA13",-19.6744980098423
"FTL",-19.6746565917487
"TCTN2",-19.7219812677869
"E2F3-IT1",-19.7635916432429
"ZNF185",-19.7934133757836
"MARCHF9",-19.8163733331728
"HCFC1-AS1",-19.8630501827091
"RN7SL300P",-19.8677329748303
"LINC00676",-19.8813543801293
"CDK11A",-19.9045442104824
"NCAPGP1",-19.9706631889344
"SMG7-AS1",-19.9982976623419
"ZNF14",-20.0058455513566
"MIR3679",-20.0131705628571
"NDUFAF2P2",-20.0263655088874
"MORN3",-20.0389657580236
"CHIC1",-20.1992309718058
"ACVR1C",-20.2470981050908
"ZNF419",-20.2593901464794
"MSANTD2",-20.3064472527943
"RNF183",-20.357186538776
"PPIAP30",-20.3735237567778
"RNASEH2B-AS1",-20.3964511294238
"PLEKHB1",-20.4487240511109
"RNU6-319P",-20.476788285544
"LINC02870",-20.4775409685414
"DPEP3",-20.4850497032639
"PRKCQ",-20.5073125684155
"STARD13",-20.5628169737999
"PPIAP19",-20.6173450613234
"CHRDL2",-20.6288008084807
"C2CD4B",-20.6441775188007
"SNORA7B",-20.6463230268698
"ZNF395",-20.6506897982108
"PFDN1P1",-20.652610577771
"RNU6-422P",-20.6597892707186
"SPRY1",-20.7065089196775
"VPREB3",-20.7137365925848
"H2BC21",-20.7546348204923
"ZNF664",-20.7572702990781
"AFAP1-AS1",-20.7616018105078
"ZNF683",-20.8046439322072
"CYP27A1",-20.8237499471472
"NBEA",-20.8940132259494
"TIGD1",-20.8992294654886
"INE1",-20.9217870189747
"TIGD6",-20.9382795529117
"RNU6-226P",-20.941422406918
"PDXDC2P-NPIPB14P",-20.9634622493685
"RNY1P16",-20.9642326061772
"STK33",-20.9681524210715
"FEM1B",-20.991995305144
"LINC01530",-21.015402951778
"LINC02964",-21.0340817576115
"FABP3",-21.0378375147968
"IGLV3-10",-21.0655488712979
"TWF2-DT",-21.1116055841609
"IGLV2-8",-21.1530585889249
"PPARGC1A",-21.1797727663497
"MAGIX",-21.1962268671836
"LINC02975",-21.2017633098722
"SLIT3",-21.2035427387182
"CCN2",-21.2094571767197
"IGHV3-43",-21.219922443719
"ZNF550",-21.2566246019626
"RRN3P4",-21.3648553765146
"CADPS2",-21.3811188221522
"THBS1-AS1",-21.4336926023157
"PANK1",-21.5187220196248
"PPIAP47",-21.571152319434
"UNC119B",-21.5835286427871
"CRHBP",-21.5877883857972
"NXF3",-21.589186637907
"CXXC5-AS1",-21.598458739089
"LINC02739",-21.6076327942308
"ZBTB34",-21.6615029489094
"GDF10",-21.6795594183445
"APOE",-21.6984661619353
"KBTBD6",-21.7078153144995
"HNRNPA3P7",-21.7270180098929
"SLC45A3",-21.7331676787586
"PRADC1P1",-21.7472358299725
"INPP5A",-21.82694886632
"N4BP2L2-IT2",-21.8578895175957
"RPL18P10",-21.8660764490623
"LINC02768",-21.8715618727813
"CELSR1",-21.9018623050064
"TENT5B",-21.9462712828195
"CDK5R1",-21.9769183806846
"FAM124A",-21.9769295852132
"PDK4",-22.1277238852368
"GFI1",-22.1561359872869
"HSPD1P11",-22.1759603871698
"RXRG",-22.1879413623322
"UBTD2",-22.1976344672636
"IGF1",-22.2042776848978
"SMTNL1",-22.2238920181643
"RPL39P",-22.2459386943381
"HELLPAR",-22.2638199887181
"SLC40A1",-22.2753842679335
"ACE",-22.3079823155539
"NRSN2-AS1",-22.3283693044355
"CBX3P5",-22.3457132068795
"TTLL10",-22.3852807654312
"HSPE1P27",-22.3908206114177
"MTCH1P1",-22.4038001346287
"PTGES",-22.4834482792798
"MATCAP2",-22.4939935662444
"NHLH1",-22.5172343646616
"BTBD18",-22.5324374152816
"RORA",-22.5587074221548
"LINC02427",-22.58780039392
"TRBV5-1",-22.6634003387282
"ADAM20",-22.664736819751
"SNX15",-22.7324832012308
"TPBGL",-22.7497650147567
"NTNG1",-22.7827713908819
"WEE2",-22.7919074943739
"PKD1L1",-22.8511687516095
"VTN",-22.8522303274685
"EPHA3",-22.8694017403002
"CNKSR3",-22.8881925185943
"ZNF783",-22.9038768483867
"JCHAIN",-22.9242814830451
"ZBED3-AS1",-22.9369705553196
"LINC01252",-22.9695555780161
"CD40LG",-22.9855570556188
"PLK4",-23.0409093906273
"HYDIN",-23.0612324369128
"IFT74-AS1",-23.1116121981967
"PLCXD2",-23.1134270707558
"RPL21P106",-23.121834245736
"ZNF540",-23.2835610391345
"MYL6P5",-23.3320125568367
"POPDC2",-23.332970782669
"KRT8P1",-23.3630075501868
"TGM4",-23.395886409826
"SLC9A3-AS1",-23.3976934223565
"S1PR5",-23.4480496780879
"FBXO10",-23.5179834283891
"KCTD11",-23.6758035877761
"PGBD1",-23.7079069598498
"POTEF",-23.8023667217397
"LIN7A",-23.8054974400536
"TMEM143",-23.9189679325283
"GDF15",-23.9233220923551
"ELOVL3",-23.9609333077414
"TEF",-23.9752047234316
"TGIF2P1",-24.0418112581456
"CHST10",-24.0516646069258
"MET",-24.0746248822174
"ZNF684",-24.0772346193066
"XCL2",-24.2222137339303
"CSGALNACT1",-24.2403933126493
"AGA-DT",-24.2618135479646
"GASK1B-AS1",-24.2926701625258
"TNFRSF10C",-24.2987687866475
"LINC02932",-24.347563780842
"ARRDC3",-24.4118728737861
"FFAR3",-24.4756250932807
"CAPS2",-24.4857344685992
"AFAP1",-24.5413743380073
"INE2",-24.5516719514609
"AK9",-24.7446307739684
"PPP2R2B",-24.7779419957166
"USP46-DT",-24.8717187184057
"NCLP1",-24.9249552525729
"ZAP70",-24.950772650581
"ZNF670",-24.9522033624757
"RPL13AP26",-25.0518200434028
"SPOCK2",-25.0715440806968
"CFAP418-AS1",-25.0965899981196
"LINC02344",-25.1704260189303
"CCDC13-AS2",-25.2164427894262
"LY9",-25.2393140371599
"LY86-AS1",-25.3003182998261
"CD79A",-25.3481776278743
"MTCO2P11",-25.3496156243766
"ITGAX",-25.3605683911703
"ALDH1A2",-25.3723500840114
"ITM2A",-25.4691626071871
"C16orf54",-25.4812840570238
"THY1-AS1",-25.5527703463611
"ABCG2",-25.5584152203965
"IL17C",-25.5644367184247
"LINC02432",-25.5670994218344
"LINC01829",-25.5791432863657
"TGFBR3",-25.6522052590338
"GPR142",-25.6988711565246
"TRBC1",-25.7701462930081
"ZNF251",-25.8229360397457
"ADGRD1",-25.8776205093109
"PROS1",-25.9722783508174
"ZNF449",-25.9974558601176
"IGHGP",-26.036278467983
"FGF7",-26.0465938120534
"PIGO-AS1",-26.0901010183802
"NRIP3-DT",-26.1281549049467
"ZBTB8A",-26.1551244366616
"NLRP6",-26.1586370778502
"PTCSC1",-26.3960327790715
"SLC26A11",-26.4044605245252
"KCNE1",-26.41249755264
"FGFBP3",-26.4138433569397
"LINC01315",-26.4686751714667
"RNU4-90P",-26.4715574915719
"RPS3P7",-26.4825825299574
"CTSW",-26.4831542881179
"RPS12P27",-26.5259756790936
"PPIAP9",-26.5885018536468
"TSHZ1",-26.5943515491253
"ARHGEF10",-26.6249747804524
"JRK",-26.627481744113
"LINC03036",-26.6301017252562
"MAP3K5-AS1",-26.6614228129803
"PCDHGC3",-26.7082963349081
"GXYLT2",-26.7107618404217
"CKM",-26.8452323812049
"F2RL3",-26.8702856465389
"TMEM37",-26.8753308174845
"EPAS1",-26.9916323108502
"AXDND1",-27.0955138041093
"GALR2",-27.1253711577564
"RPL7P46",-27.1284672832877
"SIGLEC12",-27.2824807187908
"ATXN1-AS1",-27.2842906595449
"ZDBF2",-27.2969749512384
"CNN2P1",-27.3849840877169
"SUGT1-DT",-27.3861165550973
"SEC14L2",-27.3922796475895
"SKAP1",-27.3975924514043
"HEATR9",-27.4698697734453
"LINC02762",-27.5354511187013
"UFD1-AS1",-27.6012685510922
"ST7-OT4",-27.6159006331522
"ZKSCAN4",-27.622397634144
"SULF1",-27.6508139948294
"MIR548H1",-27.6573809214768
"EPHX3",-27.7524314135946
"CLYBL-AS2",-27.8240442408667
"SRPX2",-27.9187539342912
"ANGPTL7",-27.9702334151395
"RSF1-IT1",-27.9744180163013
"RPL9P7",-28.0252060029073
"FCRL3",-28.028655537136
"PCSK6",-28.0579674322664
"MIR103A2",-28.0584487826176
"DSC2",-28.0895661974278
"RN7SL57P",-28.1268601491139
"RN7SL531P",-28.127156176188
"LINC02345",-28.1401511510178
"SNRPGP5",-28.1925311134821
"B3GNT8",-28.2227012831627
"GPD1L",-28.224530871004
"TMEM26-AS1",-28.2430292471665
"SLC28A3",-28.2597893407275
"TVP23CP1",-28.2882183286835
"DTHD1",-28.3235108505669
"RPL23AP93",-28.3462545506296
"SDC2",-28.3804691587061
"LINC02664",-28.3908967251957
"CD248",-28.4551663309457
"JAG2",-28.5118021906881
"HNRNPA1P21",-28.5866615940008
"C5AR1",-28.594827313712
"TPH1",-28.5971501030096
"CPE",-28.6914986635476
"YWHABP2",-28.7035039777847
"NLRP2",-28.7568322319982
"SMIM10",-28.7643767432555
"SLC9A3",-28.8330299309265
"RTCA-AS1",-28.8626740960178
"TRIM16",-28.9406122635692
"CSPG4",-29.0180787707617
"IFITM3P3",-29.0685617911171
"RHOA-IT1",-29.0769308405328
"PPIAP82",-29.1154060924518
"WDR53P1",-29.1572460559711
"RPL7P7",-29.1624424793265
"ARHGAP15-AS1",-29.2074333435737
"SESN1",-29.2094788366736
"MTARC1",-29.2428573227699
"VSIG10L",-29.2623524631435
"ZNF823",-29.3384810822133
"UICLM",-29.4487358700598
"IL33",-29.4565802800107
"PA2G4P6",-29.4961557997474
"RDUR",-29.6171585040811
"RNU2-6P",-29.6829062053655
"ZBTB16",-29.7532077435963
"ITGB1-DT",-29.7873524631324
"CYP7A1",-29.7903699939484
"AP3B2",-29.8029367583666
"CHAMP1",-29.8314167313204
"SNRPA1-DT",-29.8353868590777
"LINC01262",-29.8833822235389
"MRO",-30.0018360883478
"COL6A1",-30.0242870127376
"L1TD1",-30.0666758805137
"FALEC",-30.1106408020698
"HOMER3-AS1",-30.1860565127442
"RPS19P1",-30.375743851489
"CA4",-30.388099459713
"H3P25",-30.5012761695083
"TRAC",-30.5320058416317
"EYS",-30.5501667415747
"NELL2",-30.8128253458042
"NEMP2",-30.836023021243
"EGR1",-30.8383512531035
"GLYR1P1",-30.8753898586193
"ZKSCAN8",-30.8917636105637
"RN7SL589P",-30.904218661158
"LINC02035",-30.9387454667064
"IGHJ5",-30.9850112886984
"CLDN12",-31.0228631599877
"LINC00865",-31.0964629908078
"OTOA",-31.1392421502949
"HDAC2-AS2",-31.1753847484064
"CCL24",-31.3792542840918
"GPR3",-31.4169009532266
"ZNF225",-31.4392998840425
"TMEM26",-31.4709536162706
"RNA5SP218",-31.5691136568814
"TDO2",-31.5920929193623
"WTAP",-31.7008043899908
"CATIP",-31.7762903267875
"TMEM45A",-31.8203038607737
"MCTP2",-31.8220087580837
"SPP1",-31.9774490296262
"TTC22",-32.0207832598037
"ADTRP",-32.0210195240463
"FAM184A",-32.044298087884
"RNU6-960P",-32.0588279647026
"IGHV3-30",-32.0992693864572
"ZNF83",-32.1069694737285
"PET100P1",-32.167932409763
"APOOL",-32.1766213252145
"ALK",-32.268659432054
"EFEMP1",-32.3479223822442
"CPXM1",-32.4212743775522
"C7",-32.4272782718258
"ITGB1P1",-32.5043940772544
"SUSD2",-32.5309323589724
"DDX11",-32.6157501695437
"HNRNPH1",-32.6251271385518
"LINC02235",-32.659730172146
"VSTM1",-32.6664784895432
"LINC01503",-32.8122165552743
"SRGAP1",-32.8444293098438
"NUPR1",-32.8522735641983
"GATA2",-32.856502513694
"RPL5P35",-32.9417264293949
"LRRC32",-33.0061846228612
"FARS2-AS1",-33.0234665208516
"PDGFC",-33.053642014806
"CLEC2D",-33.171267441933
"CYP1B1-AS1",-33.3201487532747
"PTGIS",-33.3554253264844
"HAL",-33.4151785216836
"RPS27AP8",-33.5133379273055
"XCL1",-33.574233150683
"LINC00861",-33.6294287082237
"CASKIN2",-33.7429761580852
"LINC00426",-33.7746533366395
"C9orf153",-33.8336607567901
"UBE2FP1",-33.8544816056682
"DNAJA2-DT",-33.893341964681
"H2BC6",-34.0418292512604
"LINC01852",-34.1759128926202
"PROB1",-34.257263321509
"BICDL1",-34.4626315025994
"IL6R-AS1",-34.548746446139
"LINC01526",-34.5534805067142
"PPFIA4",-34.6099815815453
"HLCS-AS1",-34.6153463288427
"RPS12P31",-34.6420576585125
"BLK",-34.8374124703051
"LNCTAM34A",-34.8424093414392
"NDUFAB1P1",-34.9154939486962
"TRMT2B",-35.0033680111815
"CYP3A5",-35.0581500393783
"NSA2P1",-35.0855251231629
"MFSD4B-DT",-35.0976952942898
"RARRES2",-35.2430908338814
"PDPN",-35.33216472506
"PLA2G2D",-35.375301994064
"RPL23AP58",-35.4723877182952
"PI15",-35.5737271982341
"TFCP2L1",-35.6417047982173
"NT5C3AP2",-35.6675439197279
"RBP1",-35.7539229863982
"CHRNG",-35.7655261795416
"RNU6-619P",-35.7921632085185
"NDFIP2",-35.8367566667042
"COX6B1P3",-35.8552267061144
"H4C16",-36.0219779179755
"L3MBTL1",-36.0461224444713
"GJB2",-36.2213417965699
"ADCY10",-36.3786777060008
"PHACTR2-AS1",-36.4513001682283
"GPNMB",-36.570947287765
"ZNF80",-36.5738549900244
"ZNF514",-36.5838018845581
"LINC01727",-36.6289642673665
"MTSS1",-36.7594233025004
"MZB1",-37.0174805132694
"FBLN7",-37.1082695381807
"CHI3L2",-37.1617746582103
"KRBA1",-37.171254598441
"ZNF346-IT1",-37.311870107948
"ZNF248",-37.3205667905617
"MROH6",-37.4436409529953
"RN7SL749P",-37.4467411525981
"RLIMP1",-37.5898893577836
"TC2N",-37.6499966557236
"LINC00954",-37.7046883653169
"TMTC1",-37.7167925970089
"ACTRT3",-37.7766298151581
"PLEKHH2",-37.7822765314499
"PBLD",-37.8368211233413
"IL1R1-AS1",-37.8622846372899
"PYHIN1",-37.9404325214043
"ITGB8-AS1",-38.158548831207
"PDP2",-38.2234730943452
"FMO2",-38.2866460261185
"CTSK",-38.3435474830506
"NANP",-38.4502757084793
"LINC02863",-38.4726790433437
"TOGARAM2",-38.6770526428816
"LRRC7",-38.8204775285946
"RPL7L1P16",-38.8698163153946
"MAMLD1",-38.8988109630994
"CFAP44",-38.9057425761717
"TRAV38-2DV8",-38.9471347758903
"KRT86",-39.0222497661751
"RPL35P6",-39.0354005038466
"RN7SL738P",-39.257454854293
"TFPI",-39.3895213819966
"ARHGAP6",-39.6495281368961
"SERPINE1",-39.8518472201165
"ZNF233",-39.8795123842934
"NSRP1P1",-39.8920985819043
"FUT1",-40.0769016843222
"SFXN4P1",-40.1184611834242
"KCNS3",-40.2201345305119
"GATA3",-40.245722717979
"NFE2",-40.3588707560541
"FMOD",-40.5565723897536
"FBLN5",-40.5982770937008
"LCLAT1",-40.6032501164537
"H2AC15",-40.8144268862953
"RBMS3",-40.9234985167431
"ZSCAN12",-41.0452955178631
"STAG3",-41.1172840122348
"LINC00628",-41.138632250889
"FCHO2-DT",-41.1786590756474
"NT5M",-41.2362005984725
"AK3P3",-41.2732712730844
"ZNF831",-41.3358491139476
"RPS17P9",-41.3911591889925
"C1QTNF6",-41.4339060940843
"FOXO1",-41.6437902677382
"ACSL3-AS1",-41.6858888637529
"SUGCT-AS1",-41.6878935291869
"ATP8B3",-41.9239765354238
"CR1",-42.1078282651234
"ZFP90",-42.1744262437757
"NSA2P6",-42.2093066095635
"GZMK",-42.2250331504581
"FAM133DP",-42.3321086634995
"FHDC1",-42.4761466869797
"PSMA1P1",-42.479924602351
"PROK2",-42.6655414429354
"CYTL1",-42.7264783240364
"IGHV3-64D",-42.732577165214
"PHKA2-AS1",-42.7450386195449
"TMA7B",-43.0008805275251
"CD6",-43.1181300028155
"ADAM1B",-43.1458937022599
"ITPKB-IT1",-43.1509750062767
"CEP126",-43.2111516034273
"SLIT2",-43.269168768313
"CSF2",-43.6706965475069
"FGGY-DT",-43.712162317202
"TSHR",-43.8248280347504
"CCDC154",-43.9288478517766
"CD3E",-44.1264400741454
"ANKRD66",-44.2796471572145
"EIF2AK3-DT",-44.3558449613022
"IFIT6P",-44.5562047235532
"PLXDC1",-44.6052933336086
"KIF5C",-44.6514168693768
"ADD2",-44.7139102023695
"LAX1",-44.870109349408
"RARRES1",-44.8931721515517
"RAB11FIP5",-44.9599075942221
"THEMIS",-44.9754314972984
"SERPINB2",-45.0437429371866
"LINC02446",-45.0727118387418
"SPARCL1",-45.1266511457499
"SH2D1B",-45.3379380863621
"MEGF6",-45.3537207463247
"FCHO2",-45.4283127715226
"TM4SF19",-45.4960354773618
"SCML4",-45.6017769632218
"RN7SL141P",-45.6316117482243
"GZMA",-46.1002922767907
"CXCL5",-46.1928180575292
"GAPDHP39",-46.3009796428034
"RPL31P22",-46.4042537123231
"RAPGEF3",-46.4087836810046
"ZNF680",-46.4303752578848
"RNU6-957P",-46.444607237633
"TRBV7-3",-46.5092020215996
"TTC28",-46.5170895477084
"OCIAD1-AS1",-46.5371205282884
"CSGALNACT2-DT",-46.5385504878558
"DDX10P1",-46.6263185823056
"TRBV29-1",-46.6526394042421
"GZMH",-46.7237187837617
"PKP2",-47.2714951338674
"RBP7",-47.3772487820349
"KRT18P61",-47.502242210021
"IFNG",-47.6965010788483
"TRBC2",-47.7885175426681
"CHIT1",-47.8377526101288
"IGHV3-20",-47.9031701709932
"IGHG1",-48.0082682680186
"SYNM",-48.1329788916427
"CEP78",-48.1572722013583
"FBLN1",-48.4218375575974
"NTNG2",-48.441466550544
"CIMAP1C",-48.5630618428613
"MTCO1P4",-48.697003775414
"LINC01960",-48.9388161732035
"PORCN",-48.9512312933274
"CTDSPL",-49.1581294823404
"EBLN2",-49.1603659876407
"ZBTB44-DT",-49.1696067763198
"TRBV7-9",-49.3259644869559
"LINC00862",-49.36116443942
"IGLC2",-49.3623880292149
"SLAMF6",-49.3957054669767
"NRBP2",-49.463899596021
"C1R",-49.6870903788317
"IGKC",-50.0292444523619
"RNASE1",-50.171717356955
"LINC02938",-50.2462897035688
"CCDC141",-50.4592545552197
"GPR27",-50.6733228856375
"MPO",-50.8260106531349
"ATP6V0D2",-50.9088225942507
"CXCR2",-51.1992504748096
"PIK3IP1",-51.2283733891312
"CCL23",-51.6522632602577
"CATIP-AS1",-51.7000089947423
"LYVE1",-51.7946559282668
"LEP",-51.824185728473
"ZNF180",-52.026362735233
"RTEL1",-52.0683752631833
"FXNP2",-52.1161036438476
"ZNF500",-52.2465414684285
"KLRB1",-52.3392365456767
"IRAG1-AS1",-52.4216697778725
"SLC19A2",-52.4963345511493
"ID4",-52.6447280042465
"PLCG1",-52.8535023281433
"IGKV3-20",-52.9035648635046
"LINC00926",-53.0043044689182
"RPL7L1P3",-53.0261970761091
"THY1",-53.0606854159492
"RALGPS1",-53.0796648821058
"S1PR1",-53.6484005152187
"MFAP5",-53.9817486742334
"TNFRSF18",-54.3262074179266
"DEPDC1P2",-54.3576201309296
"RND3",-54.438393925118
"LINC02453",-54.4566472092435
"ZMIZ1-AS1",-54.5267666039875
"MESP2",-54.6763797326861
"ZFPM2",-54.8850359290615
"MOBP",-54.9580189789104
"LINC01451",-55.0410252039883
"PCOLCE2",-55.156236868655
"ZNF483",-55.4061466935926
"KLRD1",-55.6187981925435
"LINC01871",-55.6757278124676
"IGKV2-30",-55.7516234941226
"TPBG",-55.8705982417286
"LINC02576",-56.2719609147542
"KLRK1-AS1",-56.3538371981022
"FCMR",-56.4301342332248
"ZNF569",-56.5161179234311
"TUBGCP5",-56.7298572497099
"CMTM2",-56.7772691855936
"PCOLCE-AS1",-56.9647287857959
"FABP4",-57.7365046026722
"IGHA1",-57.9012414883108
"STARD13-AS",-58.227604313555
"SFRP4",-58.4580035245676
"AGAP9",-58.5020498848293
"MFAP4",-58.7356226145229
"SND1-DT",-58.9315003087895
"TIMD4",-59.205637371287
"HLA-DQA2",-59.2161198452633
"FSIP1",-59.3957408502069
"FAAH2",-60.0899705379152
"PRECSIT",-60.1965144361961
"CCR4",-60.2649010115748
"PHKA2",-60.7945140294995
"CASTOR2",-60.8284257987797
"TRUB1",-60.938657225859
"HP",-61.0281333980017
"NID1",-61.6018700415264
"MIAT",-62.2030367949546
"LINC01891",-62.2403380618845
"RGS17P1",-62.2989542168268
"TRAT1",-63.0517230654118
"PTPRN2",-63.1324031386448
"CXCL13",-63.1986798595057
"NUDT5P1",-63.2699567855168
"SIK1",-63.5051034357207
"PCOLCE",-63.5861056118583
"GCNT4",-63.6104815027838
"SGPP2",-63.9232396882633
"DEPDC7",-64.036634302314
"CD8A",-64.3836465491395
"RPL35AP2",-64.6176890441442
"CD28",-64.9076599340998
"RNF228",-64.9599391906217
"PI16",-65.3415658116449
"LINC02574",-65.7100072325055
"C1S",-65.9650750888044
"RPL23",-66.0514121818851
"FCAR",-66.5798551651595
"ZNF835",-67.3212200968306
"PLA2G2A",-67.7366878774573
"MTMR7",-67.8938975295415
"NFE4",-68.2678427306356
"PTP4A3",-68.4961055988055
"DAND5",-69.3522419922291
"ADGRG3",-70.2607256514241
"CD8B",-70.2893522932035
"ICOS",-70.7458194643565
"PPP1R3E",-71.102796577277
"C4orf19",-72.4258099659021
"IKZF3",-72.4852914725177
"IGKV3-15",-73.2104212783637
"PGGHG",-73.5844885280545
"CD96",-75.2980617790138
"THBS1-IT1",-75.8842799531219
"COL1A2",-76.2137493831543
"BGN",-76.8334734367311
"ADM-DT",-76.9718067219098
"HRH1",-77.3222431178378
"CXCR6",-77.3329857087054
"SH2D1A",-78.090778976478
"SHISA2",-78.5113037853035
"FCGR3B",-78.8343032467255
"LUM",-81.1902780885016
"CAMK4",-81.9798351572178
"LPL",-83.801372955788
"PDE3B",-85.2960696610329
"ITK",-87.0648849212303
"VNN1",-90.2024649677679
"MME",-90.6255582237597
"COL1A1",-91.0079327947364
"TIGIT",-92.0083069356448
"ALPL",-93.3868300562458
"CYP4F3",-93.4903813175069
"CXCL12",-95.2160335630796
"IRAG1",-95.5614612115675
"CCR3",-97.4015625819114
"MGP",-97.4040339846178
"CD247",-97.5130627068058
"COL3A1",-97.5210194152321
"HS3ST2",-98.4556871965682
"C5AR2",-101.010819224109
"LINC01681",-103.382513243943
"CD3G",-104.077762703158
"LCK",-110.553339741893
"BCL11B",-114.858153069976
"IGHM",-115.607489929134
"CXCR1",-116.478867316185
"IGHG3",-126.197212642227
"EIF4EP1",-126.638117759755
"SFRP2",-127.19008465372
"IGKV1-39",-135.729644995132
"DPEP2",-143.49917663029
"TSIX",-148.905718171895
"SELENOP",-163.846498852659
"CCDC152",-170.048811133011
"CCL18",-209.038785895595
"THBS1",-213.33356752693
"XIST",-229.368415997429
